commit_hash,prob,prediction_label,true_label,cluster
9a5b9ec253f145fff8fe80f602705302de1802f4,0.29647398,0,1,1
c9c4dfa594ab2901ba627d68c0fc043806ec0ab1,0.5391491,1,1,1
815b269deec60ec69f4e5e5d555afe9b98c18cb9,0.40399462,0,1,1
8ff987bd1b9ad2b00d32f8bd6594bffc27cff335,0.8184531,1,1,1
f1cbfeab32df7fa41945204568e01fb2d4c4a4b8,0.42859474,0,1,1
2b0658c59d6285547a5c6de7ac71c7cb134ce975,0.38877553,0,1,1
657db79f304679aff1f0d74a6d618ae23a3bdb54,0.6156587,1,1,1
364232f781d0cc91cd4b83012e1f49e62fa81190,0.52498233,1,1,1
83af8f89e7b7c8669520b9d46ce212665d0d1b90,0.63348275,1,1,1
10ec5a35b13963b953d3c6a9d8321dcecf11fb3f,0.78806436,1,1,1
9d4f7a03f3a02c8598751c2c93f09525aa1f1789,0.603338,1,1,1
6ffdfbb8c97d7f70e5cb57be566f1c90e35e03ba,0.54400486,1,1,1
8a3b3b537a30b14c4ffb5eb32ffa41d5027bddad,0.59136355,1,1,1
530432ce029cdfc7ab479b0002281f0f719ae724,0.68342674,1,1,1
3ab6698b6ae590ae1ac5758d988837d89ea74b3e,0.09683764,0,1,1
5bf5366e2d5eca700d33d5882b65a5795cb3d656,0.69519013,1,1,1
e972869486f85c3424875a443eb04bda2eeb6bd3,0.50892997,1,1,1
ccf1b0aa6159ad15c07cbc75ce6b9f17ad18f9f0,0.51680565,1,1,1
780b2281d86cf89cf5dd717c1cf54bbd48783654,0.49755865,0,1,1
06c27b37ccbde70514e035a50ba0a6ee1ff94ea3,0.15354203,0,0,1
1d1c41945a50a740519131bfff4e1875de69dd6b,0.38059446,0,0,1
dd2aaccc0737eace57a949f2d7d7291bddb81ee9,0.590662,1,0,1
bbda5de4098e0ffb884384a2fbbccae8b181742b,0.09475362,0,0,1
927ee0fc7f47c7c6ccbd72a184aaa6215d77943c,0.42894372,0,0,1
71e40d0b30fbef976da3595fef8736a4e1245466,0.37030023,0,0,1
99323ad68c5eb3f9bae4314984931acca3699521,0.15661505,0,0,1
c49a87abdb6c07a123a2234f4ec5ca3d21306d69,0.5930539,1,0,1
f781fcaf0f19766f7c9105911613f86d22b2091a,0.2524167,0,0,1
9cb610bcbc3c541a3326d6504056d5526876c4cb,0.64217526,1,0,1
dfbf61485179f5c020a4f4a5e57db61451ad3c37,0.4378558,0,0,1
3b150986e192686a30508b2690434a8b4bace9fa,0.22549823,0,0,1
001b970685ef0cb3904d2d8b0b2dfc2462eed870,0.07165881,0,0,1
66336833dbcff38eb7c26595ccc15f7260450cba,0.3844046,0,0,1
57e30900f5c023af6415ce35645ff0a5b2503e42,0.08195594,0,0,1
a83ea28f9a9c400e32a14173f6e6d4e5578da720,0.43282402,0,0,1
cb8cf1574f99fc51c9e67b9456ea4d494fd4cf29,0.063622594,0,0,1
101ce134125f513eb9bfbe86f7a7ba7262c1c5fa,0.07071614,0,0,1
a4ecf95d9a40472b7e7afa1d4839138b7fd8767c,0.055410933,0,0,1
b7ce303e349329cbee3eb45a064f0a2ce3179d0e,0.17171323,0,0,1
e1da6a8f2e717adcecfe47abadcb036725378d40,0.38824123,0,0,1
c63413182017e069393963d07570ec69f373ee1b,0.037606504,0,0,1
8bba18089a1acf29f9d2433efc229d5c851f42b1,0.3891184,0,0,1
189b6fb17acf08680f7bcdcb27ea030f5439cfdf,0.73056316,1,0,1
3ca9d81f0503ad6100612031d57322e7ac40b9b5,0.15985444,0,0,1
f295b186fd8f6c619d34a8c69c6a1307f2276779,0.03860672,0,0,1
bf90d2225e9d94ed741a19ce2200dd80c49a17b1,0.07667307,0,0,1
818af0c8d1a99b34e5bc3bb67ef6c86bbd9b113d,0.27655122,0,0,1
02c7974c113cc2a51d6741491080058470265899,0.2926137,0,0,1
686b9844bac3f741b6ba98e400a2a334ba8bb6ef,0.2572738,0,0,1
2b0c681de2a8cb1570682a8309e70d047177a7d3,0.5073372,1,0,1
027c193cf1c012cd5bae06446496136a582c180c,0.04010473,0,0,1
3e2685014a3b02938488718fbd2218d849e3fdb7,0.029939625,0,0,1
b73744b718bff5da7b22c798ceb9d58b360fb1ce,0.23214155,0,0,1
6434081874fdda9b8bbbd9c2b76818116f33f9b9,0.45001456,0,0,1
432d6f4beed5a24df71271b9b65552b6e6f4bbf5,0.44525284,0,0,1
5ff03d2416c10fd1ad6313a993adacaed232ba1f,0.33097845,0,0,1
f06bab48060d2fb4075a339b7eb01887a241d403,0.42356098,0,0,1
bddd536a9f951db0dc14930c16233de30d950e03,0.1442594,0,0,1
c75bce14266b727c0bd022929d3ee10bc3062704,0.14321679,0,0,1
1d3c845a415f1e103cfcbe319d99fb0d29597f98,0.48034567,0,0,1
11bfce381bfd0ea9fb854514460317156c3e9be2,0.49346685,0,0,1
4a10030ee78ea8da944f6d52e3c671799d73b5d2,0.29057392,0,0,1
1788d2820668df9d4cbeb73b1e28ef88a203a7ec,0.089611314,0,0,1
4fceb8eef077039b116ae6bfd4003f023ba47f50,0.37981012,0,0,1
d141f3c34d9251071f95188da50e4c57f9870bfc,0.17837815,0,0,1
2ff81900cad4eab3eb7805194cac5546ae1fa71a,0.6547387,1,0,1
139ea515194e9fb0129e28ebdab801cf2759dbdf,0.49205807,0,0,1
db36398f07586da1150cea33282e42fd07fec6af,0.5141833,1,0,1
bc6032121f27c3c7d4ace97615162546aa202dda,0.05555458,0,0,1
5166f3dd04980177e46293408d998087040d4c19,0.4157768,0,0,1
eb19eaaf33695abbdb032f8f60e121a73a33b6d4,0.42895693,0,0,1
b14ad2e30a3f6f8e3112b375a1379f5eefb09050,0.47049516,0,0,1
570a54188a2b3e909285c40b8261a9edb91a8d56,0.4214821,0,0,1
d37041ca62ea9eab6e777bffc15ddab49941217a,0.43505037,0,0,1
09e627c07fa47a256daad84fef2663a2783aa8e5,0.3930658,0,0,1
9bab385a04bab326263ebad1582da1e7d54aaa95,0.09426812,0,0,1
9a9366c785b9975d0ea208c357a3353652e6d63a,0.51131755,1,0,1
53e5e3fa8531bbb4d70523197215fd19b89c1a76,0.21549045,0,0,1
33871c3db6d870f460636f6205bc23f8d48fdd4d,0.4721664,0,0,1
6618b269933a363af1b73714df8a07832cdcc2ec,0.34309885,0,0,1
62e6242804e4167f5c476ae34acc784009a1af0f,0.3053064,0,0,1
cc116419421b8f9b53dd95c5410277c316391dae,0.29126093,0,0,1
804797c806f8c994fd28ec972109111377f58ee5,0.7040229,1,0,1
284fe0ab9d98c14a66aa32ada0c46b294f94329d,0.19724461,0,0,1
73936c0c79d32d33a2ac4ec8f05980889bb9c65b,0.28358874,0,0,1
6f6d69f572fad13bb6f4a25086e966b19753e6fd,0.072477646,0,0,1
a21b4f5c08e34a2887eccff57047b3e0acbc0ec5,0.22735514,0,0,1
740b6e34168a3cf38ba8ea88a9450babbe76393a,0.08361409,0,0,1
a0b5cdc621d55f0017fc64e9dda68ffbe98f7f92,0.46367526,0,0,1
324e8b4d43f0260b4857dafef46e8c5f349f633c,0.08444026,0,0,1
b7d3abce569b5a4bf0ae39b24c6ac9920032db01,0.060682613,0,0,1
24c27ceafb963d96d0ca8ee2fe2090510a39b400,0.4507025,0,0,1
9fbc2a346b86872c397ff891d379115abe5846cf,0.054822482,0,0,1
c5a15b2b66b6b4f018589d8f60cc7acc71861822,0.03490124,0,0,1
8e610f183caf1829337559e63a68c6a7d4f1ba05,0.31878474,0,0,1
ebf108170e9a6215176174d84313a0564ddde0c4,0.32965338,0,0,1
5f96aa323dce95467365b41077b609852ddb08aa,0.22149822,0,0,1
c17c55110b216ed3d5e0adb06734677a9cb04abd,0.6156867,1,0,1
a9cfd7ee6e576dfb8289969950199d33177dc7ce,0.41830933,0,0,1
cb9b00a64c5173fdbbc34c16648e2f643a18d622,0.046652086,0,0,1
f1984c42b64788a0737c3bd43e4da95e015c19e8,0.051463332,0,0,1
904b790c41d6ec4629921befd1c5286e482fde57,0.042054847,0,0,1
c2abe862ecb7f980260a7b44d907fa116a6bbab9,0.04076563,0,0,1
19a56adb00295d528015045cacd443ff10f7bcb2,0.054262795,0,0,1
39543151993c21cfde1b29c9a130a762339f4deb,0.110460326,0,0,1
e2ea5359798ce8dc77d4b23b0f9b4df33b37f940,0.46821526,0,0,1
ce4385a413dc822f8849678608d0bbac2defbb81,0.03703024,0,0,1
3e408074a0aa3bf06779cfa890960fd8d642d804,0.09884551,0,0,1
c11215195bed3261d88486d0ad1644080afbb97b,0.057455137,0,0,1
7048667393bc4290f381312243d13688407b9350,0.03705534,0,0,1
b188b5ccc0f1f8702313eab62a5dcc164f817200,0.06204088,0,0,1
4efd950d4dd822f3e087db9830d09cfb3fdcb541,0.050356813,0,0,1
cff6e00097bf7dd97a5404080df3bf7e95813a1d,0.05923739,0,0,1
27214015c725619e0098e227fd29816d0891d4c5,0.05452965,0,0,1
a59765cd4eb84f58af508ba5494c42b579c1dab3,0.3245954,0,0,1
f8fbfc9fdca4b5e9ba1a5608ca17e7b6feb18c3c,0.48673996,0,0,1
f1f241370145a601b6a08709df547428b6a95bdf,0.06371879,0,0,1
0733d7c2ba214415a8d2e4efba5c6e26b61d3291,0.23704603,0,0,1
d8cdd5eeffe9b63949129d09f6b0c7ad2d517e90,0.033641726,0,0,1
e2cf4811ba485b0bb29d7d80bc853666bfbfa958,0.041905347,0,0,1
580e0d1e26ab2a9275f01506f3af56fe8fc32988,0.048413854,0,0,1
45ea3f77397ee833bf6370769fce38f339f7ca2f,0.5981419,1,0,1
f74a86f4b6a6f93d3a1e10f2a4852c5898feefb3,0.61939627,1,0,1
d447459a682cdc7e06b3980a59100ea94a6a180a,0.12859677,0,0,1
3ba27e9f4a29be1922b3a19f9c6c5127f93027ab,0.049795307,0,0,1
8fb1341ad7c460286211f4f2a6be41bb5782653f,0.036382157,0,0,1
041507d3aaf718ae536f9ab66e4eeb4065cb339d,0.041749105,0,0,1
406021733baf6cdd339d7b14a413b2ffeeaae42d,0.041353676,0,0,1
32afb6a8bff7fb5c630ecf0c610ca8f5bc2f62b3,0.07075297,0,0,1
b4eb29107afb3cad68d3acadd6dccaa63ceef9a9,0.5073367,1,0,1
065a62975b1f6f9da50b2efe0c02346d30332968,0.1335777,0,0,1
99cbf0da308d532eb96094855e74e718b6ae497a,0.66108614,1,0,1
735b1b59862dc1b5f7e60549aa7c33dbcc4095b2,0.45882788,0,0,1
62d9fd2988f64afd6790626b11cb769dddc95994,0.035484258,0,0,1
60595251eec5979e14540c6d00043e24905a7404,0.040180206,0,0,1
bbbb4313846efaba9546e86052940f0a79b8948f,0.41045883,0,0,1
980366284db98e0515dc5e827aaf4f750699bc80,0.050102558,0,0,1
6c2dbf2885fb4602b8e42bd208ebef66df23329b,0.06631291,0,0,1
6f80a89705d84dd74da902d512ca4682aed07a57,0.09173491,0,0,1
3df659b9bfb02084e782f1e8b6ec716f56e0611c,0.050045796,0,0,1
ca9a1d943d4cde23fe36d0c557ddb4110bad0260,0.50555694,1,0,1
cb6ee2cbdeadad5d277a6e7293d88bb915090c4f,0.03777325,0,0,1
d372ad1de8212901641ba4bf896188c58be1b017,0.13542709,0,0,1
108fa9a93c2cd126a138f8813390e197d0a3584e,0.37422392,0,0,1
c0880fb689ce188c7616de65a63444c8595a0549,0.04417975,0,0,1
a00624cf27791193be74a610723a9a0b0980d23f,0.040663876,0,0,1
08b2c429e8cd65205a9776a7b9d033bb60c420c6,0.18135971,0,0,1
aae0f29972d6323ad51ef18cdbc84d643a4739d8,0.32986853,0,0,1
1713b4497a8a2aee1c1272e3a95703914f96b716,0.04298212,0,0,1
911d59f46d0dce2e07a93dc0ff705154f568b7ba,0.40816766,0,0,1
560c484387eea32a00afc1de8ef96a81ce304ef3,0.23809466,0,0,1
226612f48bb40eb55ef5814ab9ee995fe9b30f71,0.28691643,0,0,1
d378c0656ff2374a867abe0383aa841275a47d8d,0.06661741,0,0,1
1aa543286acbcb3c23aebaba003fa024a54aabb2,0.20303722,0,0,1
f418eed3089d74caa11affaf947a40b774e9c8cb,0.38910922,0,0,1
a13691b5be40d31099d39f7c8f3ee9970ebc20fa,0.069532365,0,0,1
1484f1d637b4d33490d15a905d8d736de850e9b5,0.5113005,1,0,1
cc173c2e4d47d6ee49b4b6050a0fea779d691429,0.5490137,1,0,1
ac1e0fd303361803d2ceb789d568e7b43ba25e9d,0.4102182,0,0,1
15ac7bd178a0f06e7a1fa18a85d3dee631bc7fc9,0.44816974,0,0,1
3e66f1b6c4efc96421d43ff3dfa00686e72e6d8a,0.108343914,0,0,1
c2097051c11479284f73485da46d02ba15e241a3,0.6030858,1,0,1
56321aab51a470cd2004b76fb1f5330881b943c1,0.73388165,1,0,1
b5b6d5c27443e1837b80b089206aad480852cd1c,0.0978474,0,0,1
0201285c0e7f3c263de80f3b992079dc57418e13,0.3206563,0,0,1
5a0f9cafc024c691de224f676c574c00fd56e8b1,0.4005738,0,0,1
08e163ca5f07db9ad9460a686b7e5085b12d9128,0.04528781,0,0,1
93aa3aae172ac0206f60d08c6877c565b343e386,0.47485495,0,0,1
db12fcb723b504ebaf8c30ef72121917e67e987f,0.046581917,0,0,1
c5b8162aea8cec2204983d85f544782fe87f9336,0.20168693,0,0,1
05a916ef1726e4487e5aefaec1c170a3ee763895,0.16687626,0,0,1
3e8b8aa06bb7742cd1643fad72d7739cda400010,0.24832997,0,0,1
a1db4c96f62eef05fff532b59300edeff3ef21f5,0.055693835,0,0,1
5321c7ff2ed082524bc319e44f0aedf7ed8960cf,0.28723124,0,0,1
e7ce3bf49bbdc7b81ba229736c9017bbc57029bf,0.117096774,0,0,1
9be73347bd09934dd0c99d32bce9c4e12fccf6ce,0.22150151,0,0,1
4362e02ed0404d12ca75ee3476d4a32f9f671811,0.04120555,0,0,1
d3f0ee5e0928122b41ee25e2b4ab09bdca5bd00e,0.35689974,0,0,1
f82b5b57840389fcfdc4f16cb75703361d6ea059,0.08133488,0,0,1
c2c14e9af7a519aacfde5173f641c86e17ce50ed,0.46945402,0,0,1
51d564f738b20621e4e14649bc1b15c929668e1a,0.25556073,0,0,1
cdcb989749cdc56926c1c99c2c75372f105c92bc,0.12411967,0,0,1
5bd82306a8e44e2b9ff098f29ebf4c69c195b9ad,0.05050564,0,0,1
9959b3c5a777845aa19040a5a761814e483a6483,0.06288402,0,0,1
1094f19b22edd1a508b3d10d4a2feb976e18207d,0.30261472,0,0,1
a0611b06f05e3c37c622f48a783836f89247c237,0.054432634,0,0,1
f02f2e54ac7d88a6b7ee620e45e1bba878c63a56,0.049900655,0,0,1
98d6d15235e046762f3b09294e896994f616627c,0.4323878,0,0,1
d61bc3e942616a7be5740b4ba805f420bdb84bfb,0.29254517,0,0,1
1dbc6cab06e5ddc41afb629330565097a519004f,0.1923121,0,0,1
a800c6ae0dc4e6badcbc9f3812a69422f86314df,0.57379687,1,0,1
fad5b541cdd4377fc92c0941c4e586b0420a5a86,0.5434228,1,0,1
fca0e6ecf6012ee47fbc92fef4533320c1e3d849,0.45454836,0,0,1
aed96a73cf44b53c0657411dde6240aacebda2a9,0.097939834,0,0,1
1e851de8fe60a7122bd7b75b4278bf23bd0ec12d,0.47239184,0,0,1
b50e3db7b1e701a4474d862d46375f4187f16b79,0.38024315,0,0,1
a27bc326901fb19558a2cc4cdd5fd64b000102c2,0.29691008,0,0,1
db642a3c3ad93606d27d6e277b529da3a50057e6,0.22184587,0,0,1
1929834c27a931ab505f7a389d38fafd10331d8b,0.34393004,0,0,1
a5cb9a4b4a196bd2048cd21ed2fef175bc1181cf,0.05183554,0,0,1
c2f1b685abecfc11de76ffd0a28771f41b566782,0.05500078,0,0,1
30b6759387b4402987f6f4a6100fdc78e8bf755f,0.3331647,0,0,1
50b126dc0eb075a2193b670eb7ae2089896ba283,0.43240532,0,0,1
489283b8b7322fec0d2d1c0d0add3dfce3075fcf,0.09060203,0,0,1
7511b06e23d2f330a496f4e133f3b4d5bab35913,0.086405985,0,0,1
07524191a42c58356915077020fad06b9939906a,0.17937596,0,0,1
6b08874607dd51c9d8f600a96650a330cd9e6b95,0.051652353,0,0,1
e24f0e78dbeef99bc09a34ee0663e085cb00b8a1,0.0712245,0,0,1
c9685cd5e462926aa401fca7321ea23927492006,0.045905624,0,0,1
b50aefc261156f289d0cda76c357150491adbd67,0.06217696,0,0,1
ce8d0f7a47f7caba8ab937389c59b68b20f6994a,0.06991512,0,0,1
de079d82172220c0b3f2a5e1f1cedf73f4c1ba5a,0.06931343,0,0,1
376c0a5654493295b1d5595fe236509bdc3a41c5,0.6249564,1,0,1
98b8758e761caf659608f48fc5c9e9056f911050,0.05811391,0,0,1
e73fbc241cd510a0fd7caec6f7cac2e4537ba699,0.06311912,0,0,1
95b2fe97c7f191e43b7fe11e8e027d87eb47f15e,0.039209493,0,0,1
79237dcd2bf537d56ff8d73f897cd639af7bf8f7,0.47161832,0,0,1
8460b286448012ab3a7dcec8598215154ff76518,0.61473393,1,0,1
7d4041d827aed7d9f3eb14310b824a2faa96b8b4,0.532591,1,1,1
6f5f99440e7117ee3bb6407e06745fff14bb2a4d,0.34608242,0,1,1
3eb4be60cf00c20e46b75fb72366dd0649700c2f,0.5494316,1,1,1
5a509030a946646780e963b9f492a4eaff734116,0.41358474,0,1,1
edbd9842cfca892b10c2e9c8da0384fe005cd67a,0.38058713,0,1,1
01329b7cf5d494f32da31c2169d7ea66dab9c517,0.5428204,1,1,1
b6e5ed05866242eb6c7c23a82d3b892d4461bb54,0.3024097,0,1,1
96c30e248d6d27a1df8e26be14aa10c633168cdb,0.45188424,0,1,1
bc8e23808b9d8d0c9b67270ef35d04ebd9d89cc8,0.59451425,1,1,1
635e41ea181c5fee8860a7044c84ae3557b51189,0.53847754,1,1,1
e5a3039f7a1e727fca40db7357a9191b6a7cf41d,0.49260744,0,1,1
c4ddbe6456c9631c301171098a8ac016eb4e582c,0.5474556,1,1,1
63f1d6b83bc10a2880f5ec17a172fab284d2eff5,0.55160284,1,1,1
10e18ae9b47dfe04573884739823d64825105694,0.5201205,1,1,1
d3252a5ca5571e0a97e9a31966ec6b847a3a8574,0.46718127,0,1,1
86c76dd5ea04d1881a52d79113d6dbb1d57c38a6,0.6002414,1,1,1
73a8fba6fb23af45ee77f52f33bb8d791a9caa05,0.55225456,1,1,1
e8db7237a9c347d2225fce9b49ff92bb741adffa,0.36386123,0,1,1
7af67bdd16a4f103bbe6334c5a865436c900adfe,0.30662638,0,1,1
71d7c3264239c55b6e2daf89c44c5685085f26dd,0.45937166,0,1,1
89eea1e72b6c9f9faa986fbe548a4fb1914cca9d,0.81382495,1,1,1
94faa31bcf5c4fcb20818a3a0d23ae789932d2df,0.68257546,1,1,1
958029bdd45c3e341eb146031ed38b4487d7b0b7,0.36581245,0,1,1
5556026ed1dc17e70946a4a030842ade3a33baeb,0.41385877,0,1,1
3c92830ec51fb6b6e9a7ca2fb8fda324cd33e48a,0.6107375,1,1,1
5e62bf80f345ff28d494c2b407a9e8691a9fb684,0.76868534,1,1,1
0fe9685c8a78ba2d780a3ec1e1a323990dc6d218,0.5950059,1,1,1
eb2b89efbe15ab0b70fd94f0ecd0aa03866fb4d2,0.7341814,1,1,1
bd7788b384a87024ddd6bbe6a9bd9a167cf2ec12,0.34720525,0,1,1
dfecbe970917754511a081f8b86efac211e624f6,0.44919124,0,1,1
ef51b068aef14fa347710497cfb67aa9c6e65c0d,0.28760502,0,0,1
173c162a45b4be6fcbf7a30c44d1953062a25086,0.30788004,0,0,1
c4c03a33c8b8b94eaf75d368473bdd10a21cd0df,0.119296536,0,0,1
2fefdc7dc3c9afbbe534ff69db5a754be0716b11,0.38118455,0,0,1
f525bc3ccd9cfb69603bd9778998263a458415d0,0.3696038,0,0,1
9072a7615a54d5e753cf088326d9e14f1a5a6751,0.31310865,0,0,1
11491d355da8a851d6badb6348b10d8c4acc9d8e,0.2729548,0,0,1
2bc2ffde1f4752e7a8c7ea0a51c559faae194786,0.27146563,0,0,1
35f1cc00274122c0274b522d0b544a06faaba931,0.4688329,0,0,1
98817e88f04cc6757c42ae52d653b63cb85af486,0.05231815,0,0,1
83775c432382b9c0367362491d0dc515bf0e131c,0.23139073,0,0,1
a498b87dbcaa0a61c6088d7156258a3cb06638cb,0.035443235,0,0,1
34558845e3777afdc1bf90ebbcb2017ca17aea86,0.11381107,0,0,1
59985b43f0868d9a4a588d9ca1debd03108f8cd9,0.33429018,0,0,1
8ea1aa1e7cc427c28a89878fd2dfcb110c992b20,0.36237893,0,0,1
d4c7f63054e584b69024664bc2f221faf9863519,0.044449564,0,0,1
76cc69c3f08cbf31efd56f631504496307ab7a5c,0.06631699,0,0,1
c9d3c58e44738bf38c3974f054daeab1d7bf0f89,0.06403481,0,0,1
20c733229df741e57b8ac205788ece2d563b2f3d,0.39785352,0,0,1
3051264e1bc1d41a29c9dae7935c090568f64af4,0.06982248,0,0,1
db0f2304bd7c3ced65cbdfe9e17e80fe0774c13c,0.16498652,0,0,1
2f67045b9647de10ea5d01d8d1e98ac7de3e1cfb,0.21483286,0,0,1
7ef106b23772995e4307f84afd1bee4e2337ce0c,0.045852035,0,0,1
71f6746f81bb9650f6f228ea204d85ba2c5b7392,0.044241685,0,0,1
5aa87b52f1b3f958e1c13ce3b811379ad6f71d9b,0.0840402,0,0,1
2ed96f00f724c3331d6b56b6b5650b9632f43954,0.04261212,0,0,1
3720683699bb830a4aae6fb66a78ce7079ad2c56,0.055707026,0,0,1
df37e605fe4b027406bd9dd85b320526ab12a122,0.25660998,0,0,1
1b9d938d66a172b200fd90d4a61707852bdb4b8f,0.08304852,0,0,1
4ad74f449258781e9df189413423ffd6ad95c526,0.071379595,0,0,1
02a98515a337991f0ce05271ac90121fa204d9db,0.06443885,0,0,1
d81ea83a0eb1761bb4e90a91f3b70f23f88a7d2a,0.20574978,0,0,1
e2c0ea4374c02539ad9bc6c4328b74f25eb72405,0.07001931,0,0,1
cf42ae522e12e9b412e1a1f008ea73cfd86a5979,0.03471364,0,0,1
fb7335ab163588fe6ee67ef26d3b3edad5cf4bd5,0.4183518,0,0,1
e580d35e1a07431109a5835411142bd1c1c2b3b7,0.0353531,0,0,1
ea60fbe0633082a131bbb18de94fa60a04eddcc4,0.077990465,0,0,1
90e31fd93fdcaedadcd4b030fbc20f7375672def,0.036625065,0,0,1
52adf52e4669b54399fa50f2624826c06a19cb7e,0.04707643,0,0,1
71e515ab6d2007d34d96df5604f74c6fba92c0d7,0.13111767,0,0,1
6d23e85570fe1139cf5ef3bc9b4e57ea73680b6e,0.19752257,0,0,1
cb83f7cb31e50f265e098c5380b3f0051e257f46,0.042754613,0,0,1
bea1ae92aa52a985f8c171c6e17ff7fc4aa61fe4,0.10408888,0,0,1
775203dd2cfce017910d04c58a0b1b4e0a64923c,0.056904018,0,0,1
2584b4a0ef536e59bf28ba140844597a093d848d,0.03899441,0,0,1
cac520971206093d32bf17925f880bd06d93f736,0.43654364,0,0,1
6a99050166c945a226d5f8275ce4a9dca3518285,0.15794641,0,0,1
6dbb48c8e685f65f45ad5df9f7684bed910036c8,0.036332656,0,0,1
260e0e0cd21af7b03ab0dae33b4978233db67773,0.05891249,0,0,1
b5749b4f54b30c0c2050e456c12cfcf516434f13,0.054892186,0,0,1
07ec8ad2dd862c8669b2557b995ec5180663d73f,0.08457663,0,0,1
28656559d2fc67193a84d5cbc48d378b2016f74a,0.43431014,0,0,1
0add1e8975336c65513b26123d48b221e2515ddc,0.48465565,0,0,1
b37837ce638048384756850a3a6892519ddbc743,0.076621585,0,0,1
8e7ea70a33ecb8db5207849ea6371b4a5a8ffd26,0.21182309,0,0,1
abfcf0a8cfb40cd30c83d30923bea6d412cc5a22,0.08938293,0,0,1
aeb6f86bcdec061ee9c6be96066fa19c56523490,0.06691005,0,0,1
6f653f6bb82757963a87d725808c080109e7e3e8,0.09325305,0,0,1
1974c83561d09cf73a575f992fbd8416e3354d20,0.04507908,0,0,1
37c20df721522b175bc9df3f06a361297010df5e,0.23097204,0,0,1
061450a927ba1cc65f7b984f4ff41866ec2eceac,0.5626662,1,0,1
60b32953a968e5623f82a6b27d6c679bc17c48e5,0.28269684,0,0,1
f175a241c811d2d0843026b2dde5c3ae308cfb95,0.038136978,0,0,1
ea1a69d638d97d5ffc451b32d240479357e02b0a,0.03468977,0,0,1
cae70c10b4451ee3b919764f72dc4a4caf0f6f27,0.03858561,0,0,1
155cec1085f9bd5383241e4c93fb40117081aaba,0.059948582,0,0,1
c0c7112dcdeb75b521d55cd47d0c61be66b0499e,0.058958653,0,0,1
eb5f7ed8914fd53eea1ad360fd88f42ad8a7a33b,0.0765015,0,0,1
8d0214a7417addf790713440f10855dc279876fa,0.45771506,0,0,1
e2ec4f2fdb2bb8d97f64a33e9ac288d52854a530,0.31334457,0,0,1
fc73151cfca36ea2641f340700dbe339b9e1f103,0.067875236,0,0,1
54facb4fd93c2ff59b3096c6e64b9be1b3c9cd88,0.055784512,0,0,1
dfc9888860bf192cedde21e5e843bc3caad4b74b,0.40840518,0,0,1
5f9e0851da9e74c12e04f5a62cb7aeb1a8ab7589,0.046365935,0,0,1
7d5a61ed64315bd6570c5cb55c1f53853a3fffa5,0.113308094,0,0,1
82152f41ac8a727c2f0042bd555452dc2dda11b1,0.42949945,0,0,1
474a837858a8e7a98316f97e9ed387d0161015f2,0.06276633,0,0,1
39380da86acc717f419da48f070f8cf7d9f9ec94,0.33819667,0,0,1
0e266204f535aa48f74d4f2480b2268c13e26b22,0.07175264,0,0,1
5b7608d1549989d92dd159392c19d9ba8ce0e62e,0.06337535,0,0,1
e79a590e0cdabd93883aca964db2a862ff3f8490,0.060555954,0,0,1
adc6bc4104514063b3e8ebe7a301d5dd4bce36d3,0.06746695,0,0,1
636a5148405f567310b9fcd4dec131fa1936130c,0.14398411,0,0,1
405bde36c42e591bde85d6bca1ccb1910a33a962,0.15549375,0,0,1
ec4d8a9a6b783f1d5d603d5272c94deb1e7375ef,0.035600353,0,0,1
507451866c98cf9e2ddff1008fc0152935ed9e20,0.070231885,0,0,1
8ac3334a04928faab627aef4daf4ac51c28a95ef,0.40235162,0,0,1
6bb871786e563ed82e2b8d26314c22772808fe5d,0.0371574,0,0,1
633ce604968078151e03363d5c67042af74310e3,0.074236184,0,0,1
18b3437c15d78c54510964728486831822809d9c,0.4629732,0,0,1
bcb33ec1c7c4aa98758d1561c8b695737d0a15d5,0.11724608,0,0,1
d68f7f5f44924ddee14428e16b7458e2878baef2,0.033843666,0,0,1
a48071b0d489420bfdc0c2ed7254d1dba243f700,0.047066465,0,0,1
5637a5204ffd7b77f569ed28f85610eb782a159e,0.03805708,0,0,1
0611710c619e67affe9e3b6471943d0ccdb9da73,0.34398142,0,0,1
ff3492b06299c0a38c029c8d7a524d0027de357f,0.28714958,0,0,1
0343b4fda87161265acf30d5ee61e525e751358d,0.06318291,0,0,1
3acffccf15027bcf87e25a432f085c45e103b0ec,0.06201296,0,0,1
756ccc935ef2a8f9f48e96f28c7c622ffb3e6627,0.18437491,0,0,1
612236c8a77d5d8c4755e287f682cf06d773a902,0.08452512,0,0,1
f37f4b68f3343e2b8f8d82c40398f975116102f2,0.044031274,0,0,1
0822b4226f31e50ec244d311e56e3446a8e5811f,0.04099801,0,0,1
78e2f4c1223d45db3c5f7c20bf51586fbb566948,0.079068735,0,0,1
06b7cd3a31c4565ceb0a127273ef800a3d084caf,0.043815453,0,0,1
04b55bc7ca0b0ac444fdc8ad01acef8172852a8f,0.37136534,0,0,1
54ff33b2ad26e3969cc59d7f2723563dee3e37dc,0.10869794,0,0,1
54e63005446a2b0a4255ba16838122c5808ef886,0.064945124,0,0,1
1a002c67f2d3c198411a62165e53b31d6b414aa3,0.076743044,0,0,1
ec2fa6bd5695b36435cc66ca4cdd8183d077a0cf,0.055283926,0,0,1
52b46e74dd29eb3eb65a593a872fd57694bc154c,0.061664503,0,0,1
59022fb870c2c45a27e00943003c5acdeddaeec3,0.050737634,0,0,1
03fe88ab71cf2eadaa39654786c3fba713742768,0.043670673,0,0,1
a0b798c27a0312df2a110073bd7888993e56d05c,0.14445947,0,0,1
61579335bcb3da854fc8be82b5e61dc52b5018d3,0.07775718,0,0,1
fb7784fa1472b4c55d329aacae672f416e11a703,0.24166785,0,0,1
cc1aed9bdf196403c673a886bbf723101171a9bf,0.07150307,0,0,1
421db380d060e9f037a8ecbc446c414efaa6923f,0.10977759,0,0,1
17a6d163c62d7bbfc9e19c11e0d52ae06b5160b1,0.06027379,0,0,1
d79e43216faba4b3e73536915bfddc550cc0f20f,0.0592388,0,0,1
5fb158cc05a9ec78e31e49abb654e00a7b65721b,0.35355455,0,0,1
f59a674a26d349b7069158023194ad0d7a38a9e4,0.3863103,0,0,1
fad946a1d79486c5118a596e8ac67ef7d5189070,0.1786884,0,0,1
d190655a97c33c886997b9570697f432e7d3a21a,0.048736658,0,0,1
6849dfc8a660bf8c95354520a2fa1283c9b3aa43,0.58342147,1,0,1
68acbc803e416a38616bc25505cb88dde81af5ca,0.03830835,0,0,1
e8a2c29721d145c52c970049e5469cfb0dcefd87,0.043483783,0,0,1
00fafe772ceb91c9f26d79f5a2f6c3695a141115,0.069934644,0,0,1
3a68fe8b7e2aecaf75535415d2a7c8268345cd26,0.06450616,0,0,1
94ec5a11122b2e60fbffcc35373c978c839bf8ae,0.07158206,0,0,1
31466db6ecd115aa74616e14a75721b45c0f59f9,0.062962025,0,0,1
6d3796e64bdd5f3f4857bfca6982e6ecf98a2b33,0.46458808,0,0,1
131917a0d3303ca2c38fd1d6765b9bed2c23ff89,0.049013335,0,0,1
51512905c31ff19b91fc67b2cb3ddb5b1fa0fd51,0.1583862,0,0,1
56f0e1053c9aa767ffaeee37cf06a6056a221163,0.29695004,0,0,1
b1762bd557c3d7605490e026bdf31096d83b4dde,0.0640636,0,0,1
94184ce3837e4268f3d0a7459f90e6bb920dd54a,0.28522807,0,0,1
b4842f559f0d8b8b5a98a19b1f3795a42c1a2614,0.060322855,0,0,1
242b815437b9a988c2ce9e980295ca8a9e302e7a,0.065736175,0,0,1
a06f83a7621f323012ddc69836cda1294a5e2114,0.06995605,0,0,1
5eae0a646469672d1cc5385bd7bd6aedc4aed19b,0.40937892,0,0,1
04b41e2c97fe5faaf521c2e0581c30e18e2f0c27,0.49386156,0,0,1
d75fe46b8f1b0d5c27887052ee4714d6a9c7ea4b,0.055983603,0,0,1
bfcdeeaf441feffba724f03602cec2cf7b181a86,0.062310155,0,0,1
2ebf9a21d2dc99ab2f434111cac9dcd6da99d574,0.061236206,0,0,1
2fa0b168d62a07365b2787d0ed97fa1c2cfb673b,0.2631627,0,0,1
84d52919ec3b3c75f28a185ad7cd87603c3cc4cf,0.5325661,1,0,1
1002c9e243883654f9c1e6beae643fb4e72fc172,0.18447645,0,0,1
afc942c7b2bc0317cb549a3fd05080646e7274fc,0.25740573,0,0,1
18f5f54ca0e78df12586e0750e257058746a5a39,0.6382807,1,0,1
bb76a6848b37cc3f418a370c56f597486618197b,0.6266212,1,0,1
69d4bf883cd7402d13497a40422d20096b2b9aa9,0.35788125,0,0,1
8bb3526317408fba3ae351719feb68703aa5fdbb,0.3952832,0,0,1
b212aa3c6fb91c34a0faccdf783a0a085d40be94,0.4057905,0,0,1
f8b1f6e7456a92b8aeb3e0aa8ef88936873dae00,0.045456726,0,0,1
04a5d83aecc325f87696c83b1a5dba45584ddaa7,0.12152349,0,0,1
3af7d0dace7bee3f42b88abcaca853765cee3557,0.06583681,0,0,1
c202aa8cec19d80f4671e77370287540a0777b7b,0.44124028,0,0,1
e55aaa5706f031df2e8d68bdf088604c79944246,0.056231048,0,0,1
ddcf6aa50b2e4f0c432add091ed6ea44b7f12365,0.73626924,1,0,1
63374a181393d941c805b6909c2ae5c41159e745,0.38146773,0,0,1
2b15e1f43de16d204a28f72a530abcc24208f4d5,0.25978115,0,0,1
4ceba113050407f10e116df7ecade93b1abcf6fb,0.25596407,0,0,1
5e5ba1b8129fc0d235b149ee699ecb2fdebfd39f,0.30437407,0,0,1
bcc7c0c85878d19735f4eb014e6b17a3c0deb0dc,0.3810876,0,0,1
f3a7cf629c19dc80734b5b6c3933fcc76c8a50a0,0.41810858,0,0,1
a72a5ced53067d3516ffbebf00a633743bbfeb5c,0.5681142,1,0,1
69e97c8b42b9ad0880618132a613466f4e4779d3,0.7109643,1,0,1
56e52fe4cbf5d3ce8fbbad9fa1cc4739e2915ce0,0.67178077,1,0,1
7642423cfa70fc797601afd64ad28ed1609df9d2,0.07110248,0,0,1
04e52eb6155b3cbf5fffc0d52689a3f679e40b19,0.67776364,1,0,1
a1cde6ab707515ae014c2635f9d32ad0ba64e7a0,0.05063991,0,0,1
15b80753a6e8f481ea5029bc278e362994cb7bee,0.46441862,0,0,1
ff902c15612f2d771483ce6bb06e55609247c34e,0.4552269,0,0,1
833885c29d3f037b8985e7822f714fbc484d0378,0.13974257,0,0,1
3f796bf74666ff9a4a6d31f10dbde4fd5e837d6a,0.043402925,0,0,1
c158713b66856745427f793f14a5dd1fcaf941ee,0.03946455,0,0,1
e8300276291ae634eda52d812e6e8d7cfef2f8eb,0.04170212,0,0,1
fac65b868c549d28b786568636bbc8362d2a78f2,0.04645957,0,0,1
ac1c341558ae3139a5c1eb07bf148230192d6f57,0.5196594,1,0,1
c99a787752770b8952297e24e07bd404cb2f4f74,0.10685745,0,0,1
77d187eefc8596ef8203eb827486099cc8b27835,0.14133087,0,0,1
b877fb9abef4a19eec9cc7329acbd433648b8f7b,0.07532491,0,0,1
2b52dedd56503bf89b28cfbad21f59e3dd4d1d32,0.04200421,0,0,1
c6fac966ab314769d27e117bab05aee1a72df760,0.07375277,0,0,1
bbd1dc343992fde4baaa0309178509dd07eed536,0.42854837,0,0,1
dd5a0e6e1e3edb41afb4b40e4ec2c99e5932e73c,0.049856983,0,0,1
864721d54b8b372808b098e13120abe5c22fb9b1,0.06474909,0,0,1
18b1bc203bdb236bfd9084193aa2d55d4b605139,0.3970363,0,0,1
b2c1afce7eb13ea44fc7d25562cc3bb83cc91b2f,0.5041588,1,0,1
5b223744b49d3ceac9608959d2db82bbadb47897,0.48026758,0,0,1
eccf213204b776e40efcc031f4c0df560b9421e9,0.07216029,0,0,1
031f6b082ff21cf1138907a7c666d6ff391bfd72,0.50989926,1,0,1
b9f04d9be3e7ff300520da194fe29ed5c1861787,0.057349846,0,0,1
afedbae8aca69a092d65766640361801bf2b5d9b,0.5243188,1,0,1
c35a04102274b330aa833030c15f722b00062812,0.081623465,0,0,1
9bc992b133f7169288f1fa6b53a04f74c1549947,0.058473986,0,0,1
7e85d1cf54b1e467607a0019b56f91577ebe2e4f,0.113054395,0,0,1
fd59e545f4f2d697ea7e197f002c5e8eeca27004,0.050939847,0,0,1
3eddcccba7e0361d6e833407320908187b16ac8d,0.040886674,0,0,1
34a5e7fa91aa7ec9e75a16eb6f3d859d794d399e,0.043914005,0,0,1
fbb5d31a581c24e925c442a7754358d2b62a669d,0.16367817,0,0,1
17e65488113a2dbe9894f824f4321a06ee009e02,0.055558193,0,0,1
9625891a7bbc0a8b11f7cf9c2b4650775ec8ac53,0.30519173,0,0,1
13cd4e0ac3ab76a4dc091eda457f9a111727cba2,0.061071713,0,0,1
8ef8e2a7a5326eef6180951207f65d3c29bce419,0.38869607,0,0,1
e474263669a6bfb5ec56dca742b8e220f02fbe1d,0.14128074,0,0,1
844b2901fe4049fba29ce8c6961dfa25966974ef,0.3662904,0,0,1
faeaa303b903139f36c15751c8e48ef982222842,0.40390277,0,0,1
5fef9575646f6583fd2d9ee01368b3deefe6ce82,0.05018931,0,0,1
6c687c70a1d5cdbc71c113b7d7402dd89a942849,0.4167154,0,0,1
c049aeeffd41dd9fb8075e719320846c83e5ea91,0.07380611,0,0,1
9bd439b4e0aa69050ef1baa537e552fa4620e5d4,0.05190017,0,0,1
8d6bc0ca625f3a1a98b486541fa613b2fac4b41c,0.12984999,0,0,1
7fd021d82ff431fb31f42bc6c5c44a3b979cb426,0.055932216,0,0,1
d2fb3b0865a87cc909e4faab7733f993356141e2,0.05786138,0,0,1
10ebb32ce1806821518f52074f0d171fab20b3ea,0.34457904,0,0,1
caaf97ed8804ae3bf6fb17cd98a5814cab834688,0.4074096,0,0,1
ce0c082898e3551d313fb5b73763f399232b3fd5,0.20205398,0,0,1
bd9adbb637a8a4aa5eb61c6fde2c576d0ab3c4fa,0.4965586,0,0,1
e4b7ee81c1773eeb0bb71ca53bf722f046c16a16,0.39259145,0,0,1
aa31bc6c313789c344d715b7c1aeea0cd8de47e2,0.32574022,0,0,1
3899cc6570bd9176c84ad2d5d14febc6c0ddd964,0.37870204,0,0,1
0223a4d4cd127a1e209a04d8e1eff3296c0ed8c1,0.086900085,0,0,1
648eebba22d6398a01b0924975bedced8469ac80,0.36738154,0,0,1
eaa9269ac80c2a957cabed0c46173149a4137c24,0.06914844,0,0,1
8d95ae41975a2307501aa0f4a7eba296c59edce9,0.05533237,0,0,1
1f56bd103d53c8c6ba7502c6586c26be01bfdb80,0.06732234,0,0,1
c7c85ee39892df3ca007c6596c41654865be7e43,0.4462368,0,0,1
c503d742f094dc2048b72c3f78f5e2e6070a44e1,0.2958688,0,0,1
a2d41db55aa46bd4fedb215c978f03e282cf1ffb,0.35159418,0,0,1
5ceb5f57212935386737ef4af0d066e9fd38c5a4,0.34456372,0,0,1
cf6b6d8eb1b524b73cdb74168f3190ab471aa52f,0.2068072,0,0,1
ff8fd9578ee8f66e6f80cd7b9f204767845b7339,0.2809877,0,0,1
ab60f735c721103ac888d8d7b801055921336687,0.3273072,0,0,1
a2660687980b36003a612eb89b40d6fdecb4b153,0.052018505,0,0,1
b3c31a379e9ad7cd22cb7f0669b82361ced84992,0.51774025,1,0,1
204ed0048f4812201ef65c9a0c44fa54a7d1e04f,0.05343909,0,0,1
103b64a373256feae6ca85f2bf220e7694e48fa4,0.53170484,1,0,1
9c506279188a90dbbe124386cc52016682d17b5c,0.08606443,0,0,1
8eace0187ea2c0c1a6e3a5b5e24e701f6e23ae94,0.21051387,0,0,1
72bbbbc559992e5e6bf17279d8194aaa80c62e85,0.2798763,0,0,1
feb7ba55120feb5e3ad3f526fae7dee1b5189d9e,0.27061555,0,0,1
bdb074610c87a210ea4c0d91d579cb4558f4b19f,0.10168913,0,0,1
64d820bffae723b9c8669301b246ae199db61b5c,0.061644,0,0,1
09686fad46d49016057bae8f02dc79f409b7bd10,0.048023876,0,0,1
d58d64ddb1f205a54c7eb57fe0cbec9c59cad8d6,0.25021145,0,0,1
d962a2b31c9a7216c2df557eaed3e475b13939f1,0.4336159,0,0,1
9c5b6cdc7108eb071785b0c4edd205650cdf1ca4,0.6199787,1,0,1
db6f7c1d74ba64211221a69cfa9fe7171a9199e8,0.4045038,0,0,1
1eecfc948bf6f4cbb9a2481313ca7368ec653056,0.43372396,0,0,1
ac5a216f767c6defa4da720c6ecb3baa05e30254,0.03971785,0,0,1
5acf310d08b2bc5182cf936616ef70938cb2c499,0.057396784,0,0,1
38140a5d8dffec88f7c88da73ce3989770e086e6,0.062088948,0,0,1
d9a2c69a9d1db6072e1d7b7ea4fcbd5c15d20b5d,0.042613838,0,0,1
d0f6be9886afaee6080cd4b7cd5d165c767b71f0,0.2880678,0,0,1
8ac857c41ec8ae02e57eb0c1c1a012525e7e14b9,0.035217788,0,0,1
10d2363fcdd6e15568f765ba0dfd5f0cfa0b04eb,0.039040323,0,0,1
8232c096cef785a2ba88a7324b882a7badb0af44,0.035990097,0,0,1
5f4249e2ec8cccb17b27a7ffd032c4fc237a6927,0.03531077,0,0,1
86a59601b570585dcb7a1ce3d1ccc8e16008f53a,0.20022413,0,0,1
809e2bed22f02264e0ac58bba070f6d84386cfc5,0.060528647,0,0,1
c37a911d3a1541adc25c8d76f717015b2266d123,0.06752901,0,0,1
6423a7665516d738ae50d272e3b4ca72cdb89a9d,0.47937992,0,0,1
a40b2a907a69e51675d7d0502b2608833c4da343,0.055000022,0,0,1
8274993e293a79fc75829df398233915a6387a4b,0.13170388,0,0,1
e2dbe55d56bd6c1209276050f527d36717e33e1d,0.42019448,0,0,1
10325422e5a4735aa87a4d47bdb377e09fe963d2,0.08995362,0,0,1
a069c490e8119189fa2b43d3b597b79b3d42a367,0.5953447,1,0,1
a945ecbbdda782b51d5c2c670345fbf4dffacab7,0.35442722,0,0,1
e4c72a5522aabfa6a660088aa9262d849756e464,0.44014272,0,0,1
4f82195afdc4279c05826fc20f8642bfdaaafec3,0.08589236,0,0,1
607e3447c92754d871a3f2eb8c472e45afed6c1c,0.37416825,0,0,1
aadb9a31ed969fc72cc87d486ec02383faa5bd06,0.15455887,0,0,1
0095d8adf26b9469115b1be0358cb09d1fcb5fd4,0.050300647,0,0,1
151f2cd3d80c006f4ec228cdf610c3a35feb195d,0.4390325,0,0,1
33884b226454324f27700f9069f4702b44ef8ced,0.2303674,0,0,1
23108b1bd90de315aed37fa3fc1f38f8a56ab9ba,0.05037443,0,0,1
d6644e4fbe3d125eed2d85e58fc7133466042f10,0.2897612,0,0,1
96c8ea2fb3719e2f6e3d7a4d7b46718f26515a86,0.3983605,0,0,1
dc53e49b4afa5d59c533cf2b4918402c37411fbd,0.38791418,0,0,1
f9cab271b3bc8c2fb6e2c51449ad3bc07e62e174,0.42855406,0,0,1
383bc8eefae7e17d0bb0349ab2300488c655ec42,0.33410934,0,0,1
eafeca43268f16aa9d4a179e44b9e7747699c1eb,0.41404858,0,0,1
9b481a97010a19e375cf423ffe25dda1b40e0e47,0.46412107,0,0,1
cfdc3f767c0063224622af168e78c6b2d2c77388,0.5045215,1,0,1
4733cb5b798cd72aed82a9118648b4a86c91539f,0.456028,0,0,1
9f89fd4626bbb4e34a905835e397bcffbad59307,0.06445696,0,0,1
2dd459003e19e4bbc2811b10d38337f295fc5a19,0.033487413,0,0,1
8d601ab71228f7c3dff950540e7ee6e4043e9053,0.050477296,0,0,1
ff4497aff8cc9de4e0b2c6e5e23e5b6550f76f29,0.06339563,0,0,1
0f6a292a29fedd49741310cd517ac4ba907bf8d4,0.038797412,0,0,1
011775551ef75d75f81189eb4604fd0f2ed424ba,0.062570766,0,0,1
695342cb1cef42f30fd1a8496f181c92b21ae82d,0.52567434,1,0,1
c14890f08b9bb47ab8ad27f4dd4c714e32961d0d,0.50157785,1,0,1
f3d2d55ab9b783af65f2050272cd0318a9ad23a2,0.4399371,0,0,1
c0771cbc3c445a9d1d2a43ac4ce3c0edbc806957,0.13135871,0,0,1
3aface95813003ff75505e2ed7d75b072228d3f8,0.11026068,0,0,1
2c437a12bbc578442daaef85ab486d1e55763853,0.048910968,0,0,1
ab0570e63aae3027239dcd5d22caab95111a5de8,0.26086673,0,0,1
f015fb2b31a5621689a57ce9d2d300e5f32357e1,0.072576724,0,0,1
0f87dceb80b432b434dbd81ed4f1ab97c740efc1,0.08677886,0,0,1
c9a5e54a7c0b4c0be46940d136677a2c9f052ed7,0.48272473,0,0,1
23c706ff915c4be7d371d3098fc8de2cc3aa2b67,0.25991532,0,0,1
cf950e7365848130c5c2d57c871652e6f83e96a8,0.3211725,0,0,1
e6b830bf95f712672cb9e77cd852606cd134c5fc,0.38332915,0,0,1
09c52410e62b0e1e221d413d7ab18feefcca6bf7,0.15537672,0,0,1
9dcd87f9c46786f3da54af7ac1ba4696840dffa8,0.49213764,0,0,1
f55530a2ffd3c481f6554d98e9d73f2e8c62ec8d,0.446148,0,0,1
dfd69e038cc7035031d1807c4ade870d2a7e2ece,0.27205992,0,0,1
a49ea7a65b7990b3e6e625bc8bfff7396ee49300,0.047055695,0,0,1
aa75c23b2e51c8d42730c8b410e6a7148a7bb094,0.24236368,0,0,1
41bc4cd029fc486b5570ec344cdeae049bbca860,0.037013307,0,0,1
51b2cabf2c3737de06fc889b39d40240d1b134c2,0.055615574,0,0,1
8a05e0b0f640289c32f2f261f35450532cc2a1aa,0.080936424,0,0,1
def3c4672b1f99b35ec1fb1aaa316e6043463d73,0.09108179,0,0,1
2cd3f0f10a797b744509903b8eca4fd2fd4ed6f6,0.32751352,0,0,1
8c1a0d2ee1433681958809b4a0fede65f62936e6,0.12911414,0,0,1
a08ec31dbf212a033953dc6916a743dccbb93e37,0.05200087,0,0,1
6b9c3315885f8f9e4be19db9ef05257035b97bca,0.059114896,0,0,1
795fe5d869594bde53f8490d75eedef6185b6c37,0.08450841,0,0,1
5556118ad13fbb80a56d7b8de6f960e9ff8255b8,0.12216421,0,0,1
f643b4fa939e89348618ddffae20a804f4461363,0.09665825,0,0,1
bd5cc81ed7f91865aee7a5a7febeb237220d0c5a,0.06347991,0,0,1
657704627b297a19a693645cf03c5c70ccd9a8bd,0.19944003,0,0,1
600eb9eb99dc5c03b047e3c81b49ee4769787c6a,0.06547199,0,0,1
363cbf7908cfcc6a538126bcccf5c955afda6aa1,0.042655036,0,0,1
c636539836ecb541d9ef71f2d347772cf9f6bc52,0.03942407,0,0,1
7cf5e01c2a152a0b612cb19e02213879a57c14d2,0.39582402,0,0,1
ef3015cc99f7bd51862c1d95014e8332d24c2341,0.057234738,0,0,1
9b3257e4d1a63e0a4d971a331eaf7b9a08d98040,0.062036403,0,0,1
e8d861359ade336badcac3211e5aa447097479a6,0.04761227,0,0,1
d0e2bfc46659025e6262b2e5de984a8359c9dada,0.066852205,0,0,1
044367419dd317eb9f9935d8360280b8b8695462,0.20762914,0,0,1
86a082e8be8c51f07079ded82d6d125c9efc1791,0.33997625,0,0,1
00bf35cdd92813881274a355a33e7e659f5eddaa,0.048734568,0,0,1
ab25f67348d4885620df86497889c1826f013a73,0.07735627,0,0,1
07811434b773b6e1737fe7dd3775aeab8afb18b8,0.22417119,0,0,1
ce1bd5785d05d3df324e1169aab4abd45f4281f7,0.09926365,0,0,1
5bdf0a938adb384bfdb6cc494a2781e2ac33b0ea,0.11220047,0,0,1
30c85ad05363767deeefee577063c2c432b971d4,0.36745322,0,0,1
1661e5519c4836a5a940b13b7797263443156fc9,0.044985667,0,0,1
a64153a3710c5035988690f0acf57dd61b711cf4,0.3143354,0,0,1
954ade4c1ae2adc0aaac3a1dbe800495c519520c,0.3277278,0,0,1
4bd982d1a1df87724682c17c39bf27b5cbe389be,0.04692192,0,0,1
a6443e146f825291308319c6a0f2eb82aa34f8c3,0.33503705,0,0,1
914844e1b226a1ac7ba45626ecfdfb56e7b2e263,0.31067562,0,0,1
44516f77ecd06aa818263ec31e150bab3edd956b,0.6058294,1,0,1
98fa164cd88d126d0f137f5bcb4a1d180e0c2fc4,0.05132268,0,0,1
c79e6fb8f95bb07d2394221b29b75fcc016f4900,0.10688699,0,0,1
6597c196521af500feef7a02610727eafa7ec1dc,0.05048849,0,0,1
4670a941be92a55fbaaa3b4055d444e07ffcadb0,0.046663698,0,0,1
cde4c529034e182a982fd842252ec410d213c34c,0.5037767,1,0,1
b5f5449cf338376d12404d0190054525987f4276,0.068036474,0,0,1
721a6e59f7e4f5c0f3196d3eb0e81cab5e41d065,0.049822368,0,0,1
c7c424fb9c3a39b6ea036242e44cdca324f7d104,0.035138186,0,0,1
a8f41ec97d139f5d0d7cf161e8484f2bb809facc,0.47318032,0,0,1
0181c8059c081d144cad36d003379bd50fcd9da7,0.044611394,0,0,1
90f0a680adf3eaa95e46e96d28ecd6848c74bfdd,0.0759306,0,0,1
12e597a78cbf9d82414b944a5b285d81a2e27e51,0.15963751,0,0,1
b45435c950e6f6864671bdffde29e26cdc8ce15b,0.10406341,0,0,1
4259a706ab8641f408afc3ce224b1c0ba5a43d17,0.3052443,0,0,1
f0f896ee600ea7ff66c083747f370453b914be48,0.13706239,0,0,1
5482ce61b003726a9476c76a4337e043af4318c0,0.05936571,0,0,1
31a9fa0cce769c976d74cdcb6e6ce8831793db7b,0.043969337,0,0,1
844cd4298e46027ba1201df4eceb2dcaa5c1bb26,0.080037534,0,0,1
3ce7f9eecfacbf3de716a8338ad4929371a66ca2,0.04932538,0,0,1
1a20867d01ef8ee5b32b0620125b7c38a10b80c5,0.040114865,0,0,1
6bc8650ed456810d600feea4b80a665fb5895832,0.08086009,0,0,1
1731949116a7278f2b729cbb9e505580c8f56980,0.16453049,0,0,1
b521820b23c45fd068618d10955eceed48801eff,0.04509714,0,0,1
661d16d190708a1a396d8b75ba10738e4574c11d,0.04558493,0,0,1
3c2673e82d33b6c9bef3005a896e5b0d52b108dd,0.034093782,0,0,1
99900ae089cf996bc969f0673349c06c2e6fbf1d,0.03667288,0,0,1
811dbe7226ba0ede04c2062c2dba8f72a1c03e58,0.32847324,0,0,1
46007c151e4cd79891eed4d289ff372ba39d5b8c,0.05781687,0,0,1
b06f13ff0ef8655de1a4f9976f7a9ccf2ca76724,0.20296153,0,0,1
9f7d03f09172afcf0a7be40e3262d151ef053b3c,0.2732321,0,0,1
3c89994355f3574078c832b2dcacba0e65e87ed1,0.4295801,0,0,1
d547412bbd2a1ca56769a2bfa13b7ed9547310ca,0.34940735,0,0,1
d3146a545612422d3f8078f10afa00342b327199,0.44152352,0,0,1
8f54030347e31e0b1492fe874a1f1b67b89b836a,0.4522372,0,0,1
f059e5f7fa1ac4a906b5d2e18d72d410bf28fa2d,0.37675244,0,0,1
fb4803623b8f089a8dfd265a68461f4283e7ffad,0.10938851,0,0,1
c82b1f062af2a1a376e514020707597f6ed1f82d,0.34875476,0,0,1
a5e76ebc404d419651c2a25b1a62199de64cccf5,0.2412328,0,0,1
a91f76da21faf4e8b70f0f69c6db2521409e7d29,0.056001328,0,0,1
5a52446090a67b9b04b67a0b7aec94e73bd21930,0.042981554,0,0,1
82cc24437f43d07880d8883229477735431e5d02,0.06416351,0,0,1
52d6e24d19465e6f468839650c969d5931f66d65,0.12005673,0,0,1
ff6b0ada72106d67aef1ee21d51bacac2f3af7ac,0.11145775,0,0,1
859224ffadb79147088840732236c1fad341d842,0.051711965,0,0,1
314b6b56bec4af56dba667d66a25c1613f4bc800,0.5292868,1,0,1
8cafd87c83f4197f7e8d14de8cba453c844266c0,0.3996452,0,0,1
d5be24a12668a94712247d31f06ef7d416b8118c,0.053039487,0,0,1
a060733e63a9cc476342ca190d04ad027a241d33,0.058301996,0,0,1
e685d847b4c70e354e47ea3990cefda3265aa5c6,0.038835377,0,0,1
c8e648b92cc133a604b5e1f4da1ced943788e64b,0.29573005,0,0,1
ece2f255eed8ad9eff6e236152de65e804c6adb5,0.04158176,0,0,1
9766e22b42b7b3f3923cb9c2502dfc2dd5d0a5b0,0.039254747,0,0,1
776b86e99a1ce18a5093db457109807b766d49c1,0.04967275,0,0,1
e1bc286245ce5f798b5312d65bba64c71921a3f4,0.20219874,0,0,1
585b1cb97b4b9e81b55d68e04b6c1e1195058a8f,0.047115788,0,0,1
7587431987258e94748d5f2fda1e6ca049a21600,0.052488547,0,0,1
53def501409cd1f9e20ac43edba6f2949bb366c8,0.09637294,0,0,1
7c19a1ff4c217f03c0be62baf1169d689f566825,0.39388207,0,0,1
ebe7bb58a541bf397333f466d412e617266ee5aa,0.33522815,0,0,1
6a688cf36e23aded8c9796b786e92144cb4a5830,0.56080943,1,0,1
8cfc1b1207577943d412789765a3a2085f1b3036,0.13708085,0,0,1
577f7b3b5462fdf84c0956a3bec5296bf7821677,0.22933103,0,0,1
65b08c4f91a4e5d78eb645b46d06d7a46f8c62dd,0.23382097,0,0,1
fa91c1b28647bd4217b0c325249aff9638fbeb6a,0.26102304,0,0,1
8a8b8ec8d244b18eeaf651d0ea6e84db579e7d92,0.116475366,0,0,1
3a818ed6a833f083a2db9bb6804c1bdb43b9b0ec,0.08361308,0,0,1
309b34f0573d0ec593c17008e8ef4151dfc35a12,0.12453608,0,0,1
0344ca3f2d43e3732bf16370262303be8761a523,0.3759177,0,0,1
c68285bb3392665827595ac408a5fad828b0351f,0.35445073,0,0,1
ad648cf8a8a90bdee129266ca7b686a5b9a87561,0.060545254,0,0,1
18e692478dcf91fdceb9b9fdca7c61a1111d63aa,0.30973756,0,0,1
5ffb662019501692112fbebf15d92d01c17f1322,0.036280986,0,0,1
f2d8493ac44995170ff84bb895e3a73e0127cc68,0.27883863,0,0,1
f5ebb9a649e9dd0773f9bd3457d6ce1895266d59,0.052362315,0,0,1
3e08af573f8b50da5202f55df62c925f88a47f3d,0.42380267,0,0,1
cc94767e7eabdfcf9d1cab1d8d1d8556864394c6,0.06609225,0,0,1
d6ad3f01574b839670d4ea5cf82a601eee7e0c16,0.35152403,0,0,1
a2dce32cdab108e7e281dfc27dd0a394e1419ce1,0.04804517,0,0,1
fdf05fa29babe21e64f9a5b268dc8406d449d4f1,0.038522076,0,0,1
0b70b01a9f1d9664bb5eac737175f58f06979b60,0.042931784,0,0,1
7076b7408f06bc8a277f58e7bb6c2ec3372d5d6f,0.36716595,0,0,1
cc6beb2d05347fba64d933906ae2b712b1a43302,0.07720695,0,0,1
c7554151d3f695718a5bd431e22c7f4c39a0b261,0.045947276,0,0,1
ae862ae116f2056421ab8d6e997e7b64a95828a5,0.23186079,0,0,1
d65b9d2bed09847ef28b9ceb30c9f8a96e0c12fe,0.07415226,0,0,1
36217ee164239391c672fdfc8f5bd080beab5c4b,0.25864896,0,0,1
44854912194177d67cdfa1dc765ba684eb013a4c,0.5018603,1,0,1
fd60085a2a3891ab6db46dd3b75e9dd67a7c734a,0.54408306,1,0,1
f4bfd9c71f51fb541d0fd203f0df2e609632dc62,0.3504825,0,0,1
3b6867fc25b5dbf27925fdced660553ea8289dda,0.29113105,0,0,1
ed94e5a5cce33af89dc1b1475204734b17f64bb0,0.27785856,0,0,1
87eff4c78fac85c1b5f2309887f6be5fa2972537,0.11138075,0,0,1
732ea5e94fdf8fef42b5c21d001983fb24d2842a,0.046267103,0,0,1
09d70ce73dd37544c92621eecb7faf062fccbd5b,0.2009805,0,0,1
1dbfaeecbd104a6edae43fcd3350c06a7cb51146,0.06582019,0,0,1
060e66bf995177adfc4d73a2a4c9bea70dc5e441,0.34793878,0,0,1
9a7de3974d64a5410e577933e141797928adca71,0.48500764,0,0,1
1e9e36640f762d29c07d8322c361ece163b179fb,0.15861216,0,0,1
c56b87d6efe530590b6d9a07e41ca00af208ce37,0.45587584,0,0,1
07f3694a5c85ff5ee8c556817c0d2ea3504f26f7,0.5034806,1,0,1
5cb988334179b4f04a27c59c1e6a888db0dbfc9c,0.49941048,0,0,1
713c77ceda21d0c3cc9c213341259d64fb46fdc7,0.49074146,0,0,1
ae924788d9b222beefa1723b3d704975fc4e877a,0.090355,0,0,1
729bcc46b503c1574c7c93a65e902f436b4ec6ec,0.045955315,0,0,1
1f0dfc31b51a445eb2cfbee5321800cf51e10b67,0.07290536,0,0,1
88654b79c92386b7c411f064cc373e7698a49449,0.13696586,0,0,1
6ea2fc8d38e035bafaa92c7d3b007be38c2e9000,0.043089904,0,0,1
95fce758b0e12837869cae450d8029d7237b0dbb,0.03411538,0,0,1
6ce88517b3af6d48c979b6e984889b69c044561c,0.039176803,0,0,1
b52c69b1b0ba1c542b917247f1f76deb4ce2a42d,0.07039477,0,0,1
125cfb4cab35daebe874a599877d6280b464212b,0.037871268,0,0,1
8e8e78d849825696237b9f540f3e082a44b1e838,0.054256607,0,0,1
6f03c0ce11db4a270124b9bf93338d3db9fccf5c,0.04737179,0,0,1
96a1a31d734e663af5c9bcda58c7bb5870e8a363,0.038314864,0,0,1
7aad59482002d0b4bc3546259d33eab20ce76b9e,0.32536212,0,0,1
c1ffdbab58712cca8463b3edc88f9d5a09b0ca9c,0.16164228,0,0,1
758228f691b34c97f421ed92336772531495e0cc,0.05881119,0,0,1
a26c66a8edcf029ca5f94354cee0db267e9ccc20,0.09246824,0,0,1
a618b844c5a261ced37385ab3947de6e215d46f7,0.047918264,0,0,1
fc409b5791ef8145a791cf7bd9b35d68a4ad3305,0.04294352,0,0,1
8dae1f2904b93127f101bd36c1c79e801385a8f7,0.075981766,0,0,1
4f928504ea91c3c1dd43ce696acadf76624240a1,0.28642973,0,0,1
22c30471564c730b02f5f7cedec28fcfe5749fc6,0.039268557,0,0,1
10122741eac52e218771f30c6dc2c0aca54ff006,0.045948185,0,0,1
e863dcb2e7a654af6b8eb5865d8d1d8eee0a6d28,0.37686452,0,0,1
d8ec011d770e1e04ef4f87fba673f3748f363278,0.06699169,0,0,1
f7cbda67518ed7335566ebf942cd170a66746096,0.47046515,0,0,1
7d061e33e59e23dc4b03378f35f50a7d70f033b3,0.0577161,0,0,1
49a876cb1c2a49583b9184ab58a579ac75525986,0.36834008,0,0,1
6dfc3e64037f10b84fe203415e79e2435acff558,0.33892018,0,0,1
5fb74a6618da0ca8b12a3346038164913a5d27d5,0.3330638,0,0,1
f5a9effebd7209f3fa5385f18a5e59e8a09122f2,0.28952846,0,0,1
c614fbcc79615f93d2c60a153db6e82d7474c425,0.043917388,0,0,1
d575057852ab2be41abb39b8de69a35cace5c67d,0.50005984,1,0,1
c8e61afdb89c58ea8ffaf04593da41ff0888d30e,0.35981175,0,0,1
c3b1fefbad0c67c8556ba6b4573f135197f87598,0.48886895,0,0,1
60412131f3679b720bcaaaf3dea4be666cefea7a,0.05072752,0,0,1
2ce40494073aa4e9bdcba4c39d24727b7141d227,0.03995457,0,0,1
2e9f3a80146262511ca7bcdd3411f095dff4951d,0.041770436,0,0,1
2c0429aabd2632c8c6a242e4a23d5eb6f46035c0,0.3712245,0,0,1
bb3fe2a37975920d1c7b9cf16309d86fe86e1a35,0.3845362,0,0,1
cb686673a70a6f14c35575550c48c37d19a1598b,0.13418187,0,0,1
50ce8c44e1601acffa39f5568f0fc140aade0564,0.048324894,0,0,1
357fe1378889e5934e8f60c8d35397bf63871991,0.0953904,0,0,1
9c886bd4a188c91301029040b3a839e4b8e2812d,0.4173499,0,0,1
8b62c114cfc5fd347bd8cb5a391fdfa8cb539435,0.15016061,0,0,1
56b7ae44f957aeb884efc797ec74c790a7a3abae,0.03818098,0,0,1
17f9d22f334c91e701808808170bf60aae7342f9,0.0419844,0,0,1
9901bf98e4921df1c85e323c4b096b7feb80221e,0.38537815,0,0,1
aff0fae2ec3a7d74356776c183c6986eb9eed520,0.04046558,0,0,1
1415c9a2a6317dbdca6f1fbb530db1f558d9bef5,0.03611447,0,0,1
e51bd89201477092c32c180e4f8d00569db17ac1,0.073480204,0,0,1
152e5d48eac990bb3e08b2409816738020ba9a01,0.052023932,0,0,1
efba54d35fa094de5e580b200a8607bfc7bd5a7a,0.05227385,0,0,1
58a8f12b443d7cbc16ec00b8841138ee55ee6630,0.22418585,0,0,1
e7d16c27629722a93a9d36a0b5e0a3a793850544,0.04896355,0,0,1
3fadfdd69f4682f05563ce53e55743f55813f488,0.06059295,0,0,1
7129c43b08da58e1c907dd2b90bb58e7a09bf85c,0.076828144,0,0,1
bcc4f82a7aca3fe72142bd8d9ab3ac6c9d4d2767,0.4570779,0,0,1
54acb6e10f33d5f71770323e9769d2dcc1130a86,0.03348711,0,0,1
bd4066eba88a772c06394d818d87aedca8bea53c,0.05899815,0,0,1
09ef69c5b51115300da6df43690cd455d83c8027,0.14605896,0,0,1
87937b2e7192524306aa58d74c90537eec997cfa,0.062296964,0,0,1
a5391bb34cbe168f2c5f5f6e8fc3a1eeb9399e13,0.37924376,0,0,1
96cb498f9bb88b534e49f9b8301c9fe7113b2dfe,0.42069855,0,0,1
f4a262df5204221184f1f5008b06957868684a25,0.503247,1,0,1
81ee0d062c888d8f8bcbc154cd7f0143710f458c,0.4025046,0,0,1
e767af7e7eb8ff7724d5f72709ee4bb7a72d2284,0.19184516,0,0,1
96260205dceea0e4734fa275c8f72a617bd8ebc4,0.24134912,0,0,1
214cc7fd596b575ed07a7d7c1006b46d5c75613d,0.56226575,1,0,1
b610707cd072f07efb816074a4844bb1b31e482c,0.6032173,1,0,1
77febcfa8d3a5e078330c4911a94e399589734e5,0.6974482,1,0,1
4aa4291ffc143486757617b743c9670001f8a7cd,0.40811437,0,0,1
ae6a24dd439a7b778e35b484a3a6eae1a8eb64d7,0.4359183,0,0,1
f56931c176fef5e164b681c740746aebdccccec3,0.048646495,0,0,1
9379d0d36acdf78455e81518b3b1476c7691f056,0.053906817,0,0,1
2521d9619fe1f052ced8ea1107851ac98a1b7488,0.056838416,0,0,1
7721302ae5d70d2986d74ae7e7df648bf849997d,0.06199717,0,0,1
1cec9a6fe588c047daa6c711814453840405561b,0.05860489,0,0,1
a36c903d4f1065bc59f5e6d2bb0f9d92a5e71d83,0.25447446,0,0,1
08aa21f9217df0a28d48be5be5db03ddf4867140,0.050829787,0,0,1
b31877a46009d5ee52af9b5f737dabe241689931,0.059253734,0,0,1
4f4e2b064e98ce1abce98428965f8eed86f4543e,0.24154876,0,0,1
2a11642511a3c69bac5aa1abd83d3219871395e3,0.050887283,0,0,1
ce178d8e87ff6f9a12aea4b217c1e09254936236,0.16690458,0,0,1
b4609c81e41d678cf03898a7cc4a4660beef0f88,0.033793274,0,0,1
f013141f60df0bbbd57388c7bdd01a764ddfc1fd,0.0706952,0,0,1
9fb4f47f352dc1c1f5f20de80840d39e1eebb985,0.17955637,0,0,1
bff752134ba7626ca4cdb11a5a8d743d03af4cd8,0.48725662,0,0,1
3ee9cc840088762c875a9c02531077279f7c237f,0.17097294,0,0,1
54f8d3c02abe04765ffe957e7d412bde2adf58c1,0.065674245,0,0,1
2bcf86d8af125b45d39bd1d43b8375911c551d78,0.040547453,0,0,1
bce28f99f383051b419510ef72531e0f6fa67352,0.037496153,0,0,1
aad2db8b12b8c61556df9df7de4fadc927633504,0.032231584,0,0,1
7e440785d9ccdafc84ae7a50022097dc3dd422e8,0.03856973,0,0,1
d3f2a89ba229c57073e4f2a63a9a7f1053a5720d,0.033923045,0,0,1
d784612d0d3d18b2c3e892b85eaf4e7cff38c9dc,0.043601036,0,0,1
c0779f42c7ca46c4cd3ade6261544b0da733e5d1,0.03423684,0,0,1
ad97f2020253c787e2978093976c3b6716955e32,0.036857422,0,0,1
74c24ad1942abb68c8084e0ab1cf0d6e234a0650,0.031546053,0,0,1
f6f8e5dbedfed0d10bf483b636abac87d90925b3,0.04020089,0,0,1
8912be8a88781518e8e47d37a73d42a03a7e0e8e,0.0311192,0,0,1
4077b57f6dd784b0232db0c66999ff351176c323,0.034415524,0,0,1
6e9f406aacc8444d22c35d50ab2e90afab5cddd6,0.03526407,0,0,1
eabf1aaa2523d3f4dc9c99631cc42cb03fa61372,0.037189838,0,0,1
5445f22747d0aba7d9c42d37fb596e29ca51bcbc,0.038745206,0,0,1
3e58ab33b9c294817699ce18277aa6e772d3ee4f,0.03502908,0,0,1
0b14928ee447a59f69bcaa87051af62300c72c84,0.034292724,0,0,1
89f3d989e0bd78f4db8db1d3fc39a50ae5c66c37,0.03153118,0,0,1
729adb624d3e720afb8686093814ab2bcc2d2f13,0.061711762,0,0,1
dd761382d3cfdc11b5de0cb1246de4567cdf2fc2,0.07175719,0,0,1
762641dcdbae9456aa2b72ec8fa1baa0acab942f,0.04203138,0,0,1
884d273f4207095f881167b3398fc2a55617ee9a,0.05528563,0,0,1
cbc8e0b2952164f97779c9a5fadca6acd2600ae2,0.05990066,0,0,1
182e335432fe4634d770c5861be40dacf1816f0c,0.06380121,0,0,1
f110da945a8af0914f348cfe576b5a8257159fd9,0.065683745,0,0,1
47a9ea7c828772625b9e26c0c7a6db494ea626a3,0.051188644,0,0,1
94beded83960af2a15992f6cec8f1f59d1f3c051,0.063591495,0,0,1
46c9b97454b17150b3ee7b2de973eae4aed8522a,0.54744184,1,1,1
ed3c3be6015564a3d542dcccb68123ff1a846ec4,0.2755486,0,1,1
1fa1b9ec8b48e6a3e69a2629b051927bd70305c8,0.43396488,0,1,1
addf9529dd35a7a01b3baee7472736dcff28d294,0.46530873,0,1,1
31ca60623ff48b6b4563ee81901486277610c34b,0.37743482,0,1,1
d0af24cdff2aecc9c63affbb395759d8ab44aee4,0.6273275,1,1,1
c266a88173dd8d12da5519f0b4f114e9441e92d6,0.4037055,0,1,1
760661dfd35d3c51f4aaddf914b32223787ad0c7,0.29498667,0,1,1
60de42750746ab7aa387e2946accd62bcc88a626,0.28260103,0,1,1
1f8cfe7d2b2306384243cae9a45de523f4e0a8f8,0.6902166,1,1,1
ac306ed984bc863a37731a1cb73c415b7658a7e9,0.47163078,0,1,1
d8bbd2f6cb457e84429ef13425851beb272a09af,0.5359757,1,1,1
4a8be9a26366fd482a0b7075bda48f6562dacb2a,0.45635808,0,1,1
ac65ef8457de014462967ee6d9354ed43cace618,0.4854712,0,1,1
9ff7ca5e6079b51ffc3c1bd93380db8f5dbc6e86,0.49022186,0,1,1
bcba9364c60b6b24dc916b1f30af6912c73949e6,0.3360629,0,1,1
5e305c6a2c7d0e3d2dfc9c07a702167f55944373,0.5372614,1,1,1
9d090d40ef488c6c8e0784da877b93a05034e339,0.548479,1,1,1
1ab1a17fd37c377d96c8b41f41178ef1498c7fb5,0.553726,1,1,1
50a124bf76c36d47d797306ccadcb3d97c43caca,0.5441893,1,1,1
65302de24316b21a3955265203c60cf663067743,0.4755615,0,1,1
34074f97a0a0572518c8736a30f017563cd7e9b3,0.39016986,0,1,1
8ade49c09a726757d9a479f0a310d77d79d6819f,0.36874714,0,1,1
a4ae7b2374bfab3729937f8e293f3621d3b07654,0.3630349,0,1,1
1e7d8d6f659709d694587261774b03fd93340d0e,0.4582946,0,0,1
e96cf344ddaaf7efe4a7e1f3fc79bd2656bdb63a,0.48985252,0,0,1
55ebc7bc2c7ef36f27f3433f581fb300c4093178,0.23559572,0,0,1
4db794070fa2f8a20fa761e1849ae4a2ebcdd838,0.09249605,0,0,1
616cad1f99efc4d4bbb2220225e7169355197b3f,0.35340127,0,0,1
cb10f50d16626e5fe0c3f6b177efe234a04cbff5,0.15725306,0,0,1
727f55cccfe0310487271a148f185e41f3775c8e,0.2449585,0,0,1
061d70dd783a9150601fc884cc93831d39efd751,0.2724988,0,0,1
b26a3b41b047cdcc37aa65625075fa621d13f66e,0.040524546,0,0,1
56db2c59b0c6ff261f22b8e45d4f26b6e5c51f5f,0.30600825,0,0,1
de559667c7f469bdc9b44661d8d7ff552efee45d,0.2583625,0,0,1
2fec372148a0d8a77e5aaede4af677a644b1f2e1,0.39662,0,0,1
4115f80821f408d6bf57651dc9ac6f8a296f8790,0.22232927,0,0,1
8fe92b712ea7e5041bbbcbfccb32d6b68d6422f6,0.16119827,0,0,1
131a120d7e3fc8cedf6552f9e5fdb4ff933a7386,0.27452055,0,0,1
e7e48da660e17bbe5c0f8959c2cb9f6d60555cab,0.103630655,0,0,1
b77ce8229b93b02e7acb48b88f904312348005f9,0.2523964,0,0,1
6e790e42d80700474fd942c466dd9013c1056263,0.10835499,0,0,1
9eeb9c1507dd319eddb3ba9e21667d3101f1371b,0.12600435,0,0,1
72ea0f2be8d01e1559aff14889967c8ccbf1822f,0.37501043,0,0,1
d75f0c4266157c351d9df54d877c79eaa0fc3516,0.38631856,0,0,1
c5192345305636887229eb7ae0829d621effc2b4,0.32501554,0,0,1
aee94d0b51becdc83ea4a74e86b242d0ca3d6f0a,0.036684215,0,0,1
506d027199a615962ad5df482f077792841a01c1,0.42996466,0,0,1
5555226cf8d009ee9fdb9164a919e96d768c529e,0.034442294,0,0,1
ebf09d320172073e83a57fa7cfbd2c53f660e1c1,0.26155066,0,0,1
c3d192479bc0727ea892f75b3d98f08eaf58ec70,0.413224,0,0,1
a9d7cc5a03cddeae813b36e1949d373602749e59,0.27780733,0,0,1
41bdc4e2626a9009b0a0be4d25e182d7929770a8,0.34033093,0,0,1
dfadc09fb25e22ef01021bb5a062b721f80e26fc,0.4368891,0,0,1
2e6efa8f0eff04d95fc55fe0c3bd0f78a72bbc1b,0.2916207,0,0,1
e68628bb255ff74b33ae19a37e17058806d9592a,0.052209083,0,0,1
752a551c95abe091bd69a4c68c8f9d900e5e3b67,0.3057581,0,0,1
b8f3226deacb7b4f969875c88670af85884dc531,0.3526079,0,0,1
1eeecab0f038a35b93faf57e0a9b85b733285a16,0.4784965,0,0,1
487861257d138ed7b0eedeed48bca28c7d0c4134,0.1946151,0,0,1
9a06c433d25aa93fc8e192e1f3310b77cf61acb0,0.17241691,0,0,1
d7eb24cbc1fbdfd09ac61daf4b78022c8641aec3,0.44771248,0,0,1
efa533b3a01e42af04770f8c4ccd49fbc369f374,0.46893135,0,0,1
fdf3d2c2a275f384fa6361f705f73bfdd0a29b88,0.04600762,0,0,1
17ecff749acf32ddeb8c8e9883491503b8d953a0,0.111622006,0,0,1
3ac7c4c9da9c15f3b2762ec6786fdf7f46a76f75,0.3660792,0,0,1
fd10c3d7db77ae3274c89c8fa926c0b5ecda520d,0.21073386,0,0,1
d219afb072c0786e1195479d9bf1731ad8c6da1f,0.48958167,0,0,1
61d2ab41b1d40984be06fbff282c89997f2952e5,0.40207154,0,0,1
809652a391eca056eebc494d106a4bb0ceefdd59,0.58543515,1,0,1
e2c979909b4486962e5fab150e615f66bd46164c,0.47608548,0,0,1
a4a8f826376808e955a226fc7415a30dfa04ff34,0.44315928,0,0,1
c422412d32e14e8afa259124b75f864b4c8833be,0.49514085,0,0,1
76fa83ce78b09a69418a028402eb3011fee5298c,0.142651,0,0,1
fb85a39f461baa097aad5fbe026673b190574a10,0.057204302,0,0,1
a9a7910409756eeb5aeeb729ee612bad014a7edd,0.0801259,0,0,1
be045051b6193d80af768f0dbc3caf35f78838bd,0.09261045,0,0,1
19783e58f789c44a5595b8f50e14842121e0dbfa,0.04983548,0,0,1
b262d06a27c3d1e7f0b970ef86b16a6270f9119d,0.5008724,1,0,1
59f559ad79c588b648e14950af68e4436e37705d,0.45746446,0,0,1
cb5b5c3d7c87b141078fafe1e19571be8318add8,0.05460442,0,0,1
4b325fe9ccc7dc239fc338dbb97baeb5cbfee3c8,0.19301829,0,0,1
0c0d1df4c310e989855557ec1f22a59f0bc51266,0.08645874,0,0,1
50fe5b9dc521e0833e62df1f2a1b917c9c26105b,0.041121393,0,0,1
306f43c22f3c087e7f541f0083b60068cb8663cf,0.035109024,0,0,1
bc21e8bde6b30b563f4e6c7d321adf128855de9f,0.07100177,0,0,1
32f3b815c9340c9d72e4c65de37488b6a8cdebbf,0.028817851,0,0,1
c2be3466f161ce090ba100107ae4513d45fc60fe,0.10018075,0,0,1
330a6717c673a69996160846513d74f6bb096e3c,0.40410113,0,0,1
b01fe9bf2a54859d6e2d908d04aa760cf37b4674,0.362948,0,0,1
231850ff0bfbf6883b74b9a2cedb02d30fd6b931,0.355091,0,0,1
90124986fa98f10b88d0676bfaa612db9d152a2b,0.413675,0,0,1
d225362cb1753ac98af81477ad4d318e783500e8,0.39690733,0,0,1
20a4cc7811893962b8e21fdf2f52edcff611e803,0.3656673,0,0,1
5337e4e7a559293c8c18adaae3d89f0bd150f821,0.40837133,0,0,1
0e2f4d6f33eb3b74142e1bc2f53dc0d292191b83,0.15401636,0,0,1
e0aba3e6ccb8166991907ec82e38a58378af9b12,0.41658637,0,0,1
7caaa91a86e1cf827a6fde2e5a04aed2859ac980,0.33730316,0,0,1
1bde5cd5bfd78ce4f0b39e66439966688380a0b9,0.23978572,0,0,1
5e34e05fd8e4ce1204e19eaf34e55aa95df4c5c0,0.053188182,0,0,1
9fb2ca62d1cd49e037d14fb35a00d75a6266a8ea,0.51819587,1,0,1
0a3c3449fe484d17b04516d562226337c1b10255,0.07434563,0,0,1
d822758c2d452f6cc75014bb773f9badc3d8fb07,0.3456806,0,0,1
33df0280d9cbe0f2ad2ec3bceea0bebdf1eaa43c,0.2826365,0,0,1
85b6e11636bc561ac4a866ece232ddea65b2f39a,0.09411708,0,0,1
3426c6e089b41243648033f9cd9ed6dcbb0968bb,0.03546736,0,0,1
1762d632b7c343fc524e1e6495babeaf2b9b8550,0.04536534,0,0,1
966226bd2af09ecfdd470d049a9ea1075dc4289a,0.33135685,0,0,1
00104e73df37ae873fd6a6b2b9e0b69bd940ec25,0.3584683,0,0,1
cd2d049fac6301077e0e5f441edb55bd71930448,0.7032612,1,0,1
c0277c63ac45e691270e5c7b41844ccaec02bc47,0.3712798,0,0,1
92e5980b81abbc34a81fe4b07596253653002c48,0.27536252,0,0,1
6eda86daf5dc2668edf4e352b6eed7cbe0dff5e5,0.33198678,0,0,1
a31fe81abad3509c3421f3084326a5d3f3606012,0.33451802,0,0,1
45113dcfed17aa8cfb9777bbce366a1fe9af65df,0.20417945,0,0,1
f6d1a4d9d0fa98e275bef1a65cd40374bfe751be,0.33646366,0,0,1
fa0e3dd534bc53e5923327dfc8dc1d39fe369586,0.35921755,0,0,1
ff519f3d36dc3b4751a06e47def7f7551cc121fe,0.26673076,0,0,1
12f145e46190bea7d100aae6ab45ea0e486be12c,0.03309147,0,0,1
53468c6803842a1c699f16b3cd7e4c935e60de2d,0.22746186,0,0,1
55758ab02604154cab4d44f637358625f2fd897d,0.40138516,0,0,1
4450add7927f8fc8b6ef630af09ab5bc2aa44b0e,0.49133006,0,0,1
31044ba56dc378d68c04334b66344a718116821a,0.41167292,0,0,1
452081a36e6e649ec8958f74a780ddab52e74644,0.1277841,0,0,1
6512d665aab8b9c5760043b64cced13134c5ef10,0.24789077,0,0,1
9524915162881d999befa134a42969bb7a02cda0,0.19824,0,0,1
f1bb5ed022dfd002221d6e41b1864381d5bf68d4,0.066364326,0,0,1
06adc0bd7e8774da1f02d621b58d01acef940fd2,0.23331226,0,0,1
d4267c5a70f24b96bb96a2e1d3695cfaeaca91ac,0.32554856,0,0,1
414018941927a4b55b1d730fd9091e14eb1feb42,0.09708264,0,0,1
5e3fd2b36e87e86dabb0649f867d464b68dbe61b,0.4074371,0,0,1
83b950724307dc1551a7325961be1da89acbabf0,0.36385453,0,0,1
a19fae7262f9212ada7acde170ded85a12720705,0.029917533,0,0,1
77a30c218d8b1505a9ed450e62625321bdf000fb,0.054964688,0,0,1
e8d76ef9c72325b773b9141a8566ce1147c1ebc6,0.04132961,0,0,1
ab2fd4f98af4d34de1a5ed28c6424c0686f05ed4,0.122515835,0,0,1
2586f75769dc9c82de31c47412f3b41076a9c55b,0.1865053,0,0,1
f3eae24d5955de2a2b98b677718f29edbadd7b97,0.28639823,0,0,1
36259f7c1c9491b70687a7961dc865498b269d23,0.31144178,0,0,1
c34b95d8ca27574c979acf99ee8fb81ab4227cc9,0.06404311,0,0,1
45c80e3aae8710e386a4f7560d45ca1f14e5b5f8,0.42242172,0,0,1
5d369c4fc53a2ef5c47f16eced9fe917a87146a9,0.2698035,0,0,1
8834ab9d6553eff2c2389cc8f6dd3060d2107242,0.22824867,0,0,1
349bec6e65e6abb1d69ba18336e60e3296bb8673,0.5364555,1,0,1
02ae1898a1bc9eb7fe541072b6bd1ac0dbf6a915,0.36533242,0,0,1
558f84322cefd02246c49666d7e7a3b2e2cddc13,0.20344949,0,0,1
5379e899b05a2fe89c1c52f2b90ebdc7127e2c5b,0.4343838,0,0,1
7e3ba40585f473071bb3b05d155d3474f39d7575,0.3589707,0,0,1
92dd4eb80de367ec8df62ee8aa4fcaf40f3eb16e,0.21686433,0,0,1
f42e49c710e732f9be1efe22568f72d6db699192,0.25310606,0,0,1
208e8af1160c871a98547aa02a2be048a8d18530,0.32527998,0,0,1
96e16497119db404a4e59709e022d4f9564d23e6,0.3551434,0,0,1
acf58cffc617b2328c70acaf22026cfaadfcb592,0.34583232,0,0,1
19af5379fa93633e2c7bc0326fc5f3b28aaf192f,0.4553158,0,0,1
0af2fc75f2a7a9e6f5021c68c7d503feb596bd52,0.14653072,0,0,1
9313bac710b3c71d0c7d5d196550bbe88314647e,0.31516752,0,0,1
599448703d8922923874db240f29f2669cffc71e,0.2873749,0,0,1
8138f8c25af368ba6b31e6c0885265cf0783d6d8,0.38798112,0,0,1
bec3eaa55584966aeab7ad00cb16b07656b82553,0.046196286,0,0,1
fa4642768201907dad2d4e37009bf73cc2890ba2,0.24553503,0,0,1
370657f48e607266ea493d5949875322e7d32849,0.45530456,0,0,1
9b4a86e68cea12630e5ade386ec78d29d9b8a466,0.3647703,0,0,1
c9fd4d57412828c0df0cd68cc40677e822ecbfe7,0.3378383,0,0,1
ab4a888d3863dd22c6828b01e3e840b4013c70a9,0.4224944,0,0,1
cd299336abb873f53664063e0a977650f22fe8f3,0.054369766,0,0,1
6f254e5e71609487a6dc99b2858252569039abd4,0.2729494,0,0,1
c038c0c1c317861366eae15f3b3dc70d9e927992,0.46529406,0,0,1
d5c724671fd72d49ec416e7fd086220ef7c8f4e2,0.4609027,0,0,1
ddaa71735ac8c1e7875d4b7bfe30c92921389982,0.058718603,0,0,1
6697e685dd8d3bb7a41c65a013276e79910203f5,0.44891408,0,0,1
796a288e0c2e17ddf7dc44a4cd790a7eab4e158d,0.30831856,0,0,1
057b36f3f0235f39b65ede6292dbdd4546201666,0.42715585,0,0,1
e68020c44a66557c13422e416b8c388f6f2d3835,0.3527048,0,0,1
108c5edc91122f913d6962d557e497da18a66067,0.360664,0,0,1
9cf95344c06ae96954cacee357694253d12559a7,0.2753659,0,0,1
f6b86b380606073a2847b8926d893be047903995,0.533984,1,0,1
4564a17fb24a851771f83a614d0bde5bae05bcfa,0.38072646,0,0,1
58c67ff22e0a1531d28369ce52f7b30b4ec3d434,0.32376003,0,0,1
4a62504cbd24ad342769ef538e31e91f311f72dd,0.46307778,0,0,1
b785836d28f31bee038d45e33374c4ec5e15b435,0.36358303,0,0,1
72ff538d79184b2542502edbbbb4b6e38d2a71c2,0.31842968,0,0,1
e477b4c1b4f8b32ad5b90287146ffa9ad1b811c1,0.3186314,0,0,1
c9aaf4d4fc9b9dd31f61d95fdbafc820ca470910,0.4851843,0,0,1
c296d280f5c66277a7f0b6fcd0843eb7ad061858,0.23734903,0,0,1
01a27abd5809c9fe5a552bd081991af301ab7459,0.03702318,0,0,1
d969913836215396e8f586ffe6e0151c47d057c5,0.45704642,0,0,1
9a8268b53dc2d9bec4c227c454b815d68fae0f11,0.3040786,0,0,1
76036954547d0ead559f4e7b258019b3355d05a4,0.2186054,0,0,1
ac37d8d64c3f5aeb0032f420ea976712947f2cc6,0.35842472,0,0,1
3a7c1a0ec0ef23e318e465fc5cafeebf544f10be,0.3246441,0,0,1
d651fb37e5a3ebc1f0a4241fe569d13f6e460bae,0.4428993,0,0,1
43a4141d3eab58255bd74a0e433fe54fbeee5ec4,0.5194529,1,0,1
bd93ccda0479075258d18c1596d1c6408ab854f2,0.40103075,0,0,1
e759649cdd49383c850d9d38eba21d0aab4df930,0.29485112,0,0,1
e4c5b3536ee6df12f621583a2bcf5da9f576015f,0.45926368,0,0,1
1c95a2a5d9e40d1b7d8b4626890ff1babc4f8862,0.34581614,0,0,1
1acb3d3f5f8230e4329be95644c9f433b75bf0cb,0.03639805,0,0,1
d8f9af13ba04b2b483f6d441d1c4071174726988,0.04307374,0,0,1
afa886998bb8ea7efaa2ba1c4547dbf398cc86d8,0.073802926,0,0,1
3817c05c41caa37a46f114ae995a439b68f46c18,0.39629126,0,0,1
5cf11219eed630818a4ec33da3aa78486e02ee5b,0.3399011,0,0,1
1f53268e6c72cb65abecb04826c5e4243418789a,0.39782572,0,0,1
c93eb599030a1b151300fab3aff28a1bdff5905e,0.20345391,0,0,1
5c76214e780ded02c42788f7031c36864352dd62,0.20012838,0,0,1
e6ba4903c70f15a22637d21a49fe49baa8370dc1,0.35542074,0,0,1
cf9cc619ffdc632b9fca6add307da0243d34bc20,0.31199604,0,0,1
91170b25ed8503338b905ab1e962f9fd9ca2b70b,0.18411475,0,0,1
056f2e0e0ff61dd3bcc63791214bfd87e60726b1,0.16875914,0,0,1
d13cf6f856458e50e8e4528b5be87505fece74ee,0.2807218,0,0,1
72e2cda2f031bccb6cba1547981fba70f5d34327,0.39677468,0,0,1
f57b0881bcc8733ea6b3e47e7345913b0662f03c,0.25139144,0,0,1
7ac4da1c3a1583ab4e288bfe47bfd9ba45655d45,0.20297839,0,0,1
dfd5f19d42454efe3f9ab3f290ab219c96659eee,0.28418788,0,0,1
de2bea7643c2a1324a90c9e6931ee37a1d9e0f4c,0.42681018,0,0,1
a4c2318b1c86fd267e490818311859de7130c6d8,0.5841148,1,0,1
7fabd00432b9974240f1df75e1e7fa63ba276589,0.38353735,0,0,1
1863723f01e10e3930def14b89e12322bc6f9217,0.35015512,0,0,1
e08fbb9e9adffc54c5ad87ddfd57b590e65ef862,0.32664472,0,0,1
f5e5d18165434e8ee03d980373e883850a3f8cdc,0.039909743,0,0,1
2d935482d9b026ccd2cb2b55fcb05380a4466500,0.040280834,0,0,1
d08c40e1af3570b58733be06dc5bd227b44e30fd,0.14856142,0,0,1
98d829eb6af5449ac27b66382952de37602ebe4e,0.3490992,0,0,1
42874dde9a3ae6dd3d6b49b8c78b4bf4c7f893c1,0.17670785,0,0,1
51bf45a89751196f24c72878d568c50c307e6cc8,0.34593758,0,0,1
fb7aae4c64f7d2bf6dced00c49c3ffc428b2d572,0.29610884,0,0,1
d378d22b164cc87b517b99af7f14e0c7cbc83faa,0.6653489,1,1,1
d02934150a04489fa20f108d6695055c85dcc206,0.6003735,1,1,1
416444191683859a50a112b865f84fc2503d057f,0.6396909,1,1,1
30117b78f52a32cd9ce0029025e38a0ff7962c47,0.7024997,1,1,1
989135e762d3f00767240e7b42ee9e1cccbe43dd,0.6106304,1,1,1
12cd61925c37177a82d2adc76f6475e662030e12,0.4283904,0,1,1
17f4a06be88ed9c950e562aa72755c7a493b8ae9,0.44931248,0,1,1
c3768b0fba8f2f565118c611f4ced4bd6143d022,0.4522122,0,1,1
16d64a96a0a07468bb8b2d3293d374bd4373cd70,0.25769415,0,0,1
1f0919e28420fbd1568ea1c1fd4cf7b46eca9b04,0.25317067,0,0,1
4e347adfdb1a84535440d6c9f392d134a84969fd,0.18400078,0,0,1
9818f5ce6f76224f0d5d5c8ad583d854b8cc6872,0.24121937,0,0,1
dca231dd1b2629f45e65cf46b6f91803fb448aa2,0.27195582,0,0,1
9930786b2d05890fd071332dd1b9d7d7ad0e1b3d,0.13736698,0,0,1
b367c37c2e92ae652e49b361425bdc7ab3390f25,0.14433281,0,0,1
bbd32a63be1334620c1f52bcf4494de4b1e6931c,0.21276322,0,0,1
6868968abdfb03229bb0dd60e57a502db45394bc,0.2301959,0,0,1
3fcfac543d8e54b93695ea5f32b1820c5e5849dd,0.3556109,0,0,1
af50960c662e2d006dccd4156ca85ba3b2d3d5b9,0.1501661,0,0,1
99d1ccf360643d89b88bdd218fa917d365d95cde,0.113611974,0,0,1
3c32e5384eec3142bb017fde824dd1cc0db48876,0.036421422,0,0,1
b4621118821f29afd3d5ea47eb8a684f4e5ed3ee,0.093188606,0,0,1
eb3f760c1c38fe3910d979e75093da67f685e2f5,0.05698177,0,0,1
efb03bdc301d917b746e6716f2a074f54ded723b,0.06307191,0,0,1
3ff71911718c07ca1016ca855aece547061db85e,0.11291991,0,0,1
01f84f2b0d9c13ac82ad471469b6a5692d0f8cbb,0.3196987,0,0,1
a95c1598ef693cbd7d874c33eae82433693b75d4,0.13856268,0,0,1
6fb796db3d138b4e97dc1fceadf6bfdad74a3533,0.119623356,0,0,1
cae430631d5472394441cc82e142103c3a70dc83,0.2708786,0,0,1
47b76cc60f7b73188cbb47a0879aabfa0228be31,0.16253096,0,0,1
c64d12958fc711d667f26d0173bbaf96157d629a,0.21913074,0,0,1
643590426ee7255ee5e1e661b9e2ac8a9052dbed,0.22745131,0,0,1
31ad1256c66f47e58b7ef40955953e4a1c6bdbf0,0.20030603,0,0,1
3c984c22552eda0fb5b200efb3f239213a4a04ca,0.045056976,0,0,1
95db7d0aab9bea25d3a14db42a7787ef77861f45,0.31444818,0,0,1
40f0cea10371f88cf29e634bedb1ee7736ec14e5,0.12476527,0,0,1
1d6f5e40ff44f08fa67c6a2b57f7ae4a5e4b0be6,0.06624363,0,0,1
e0270b0562d42658a57c4fcbf0cddfb5673baf5c,0.22860466,0,0,1
6eebee491388abd2ad61a15d3f28b167c9f0f7dd,0.1746637,0,0,1
3866c74f9a5cf7afa7fe5366fd056e92e0551191,0.42535844,0,0,1
ae3f537711b1375c4892130d65cb60928549cf58,0.05668946,0,0,1
49c3caccf463ee26dffacdf11356ff4fadbd854f,0.07650691,0,0,1
25ac3249dc2a40bd52ceccc9251c8446b036d197,0.08013993,0,0,1
6ce9662add46e3cf144be07f7ebf18e2d25a7abc,0.059792414,0,0,1
111c4a5e54dbb1bec6537eca02618e2287bd23be,0.09530034,0,0,1
e30788367dc7ce4e4e2d8152bc7370af8ac2fd0c,0.44436252,0,0,1
b1875ac1abf9ae86f5a589c5144c8c9902a1dfa2,0.508255,1,0,1
307ed458578e68e68918d3ccdcf4798c57e084f2,0.50650436,1,0,1
0caff290df54a8a3b653840fe257fea94807d697,0.053618636,0,0,1
b44b3d95b321cef0281cdf130e8c286bfdcd60af,0.04092221,0,0,1
8f77bd63d8b5b2ab593b134fef2bf5e59bed0441,0.34189412,0,0,1
4e410e068b8d367c53766a7da712b1b6f3fd8101,0.04708427,0,0,1
2412c90ba5584fed123fa6a33e752e6c8eaf74e9,0.08224197,0,0,1
47ed0c7cdcb4d516e41769e38a9cd5ef4d01713d,0.054772727,0,0,1
f5ea49326cd5c09f0782b0d1bcbdcde9053ee316,0.33867547,0,0,1
7b0388878e522468f90ea163b15ccfba05616c95,0.04299352,0,0,1
3a44d5871521f1abcfb65caf81ac28811260bb69,0.5505071,1,0,1
a653374b2871d67f51cbb4ad2083444e9c3afe1c,0.35713437,0,0,1
430f96525f80fe4909208ee4d2aaff81c312aff5,0.2987289,0,0,1
295d46aeedf3660d89d6c578b84c410089f9b1b9,0.36092266,0,0,1
7c05411f80b6748b6b2197d2014bb98c8b0857c0,0.29609743,0,0,1
140846cf81678649b6bc29497c3534aebaa1f6c3,0.35319087,0,0,1
0d0e7bce86d9f17e95dd39a20b9781121a0e5b56,0.09422728,0,0,1
0512bc21bf4d0f1e391e4158adf0ae145d408ee6,0.40090376,0,0,1
283e14cbbdfa5bd246a3ea9dee5739959f64b4c5,0.093224205,0,0,1
354b72afb59ff145afffebbeac8a7478d4140e75,0.24674675,0,0,1
15c72674ebb4bd99790de97b5645f1531a3a7c00,0.30393186,0,0,1
1a3d74470eab60d668859571938b470723726139,0.079409696,0,0,1
330d5cf99c1eefe3fe86dae260a8873068650866,0.34792325,0,0,1
586b6ee15f526d585628a7162d10f08deea6a93e,0.039027464,0,0,1
71491e23d68df50555c52db62ae9bfc0a2543b6a,0.03966524,0,0,1
e56b2b598a2742ae8ac97ada82a97655b538ee94,0.039924424,0,0,1
3d129b7e2f6373f7885336225d3edc93b3f624d2,0.04189921,0,0,1
4d3dc80e4b3f7fd0e034d544345a568d6d5c5d26,0.03736538,0,0,1
269e6693ca1f05bb7e2623c538b9b934fa688f41,0.039119277,0,0,1
c2452a5af3b2f1db542175221dbc19eb492f02f3,0.052938916,0,0,1
9ac217fc697b3afd0963b897edbfac265ba2f571,0.3377135,0,0,1
a5f357667b195f9cbebc1d1de8f70c6e0c28dc3f,0.05087624,0,0,1
c3d13908a2e8ca7b9832fa693ca72bc228a4e92d,0.10926673,0,0,1
283351276ff704df65779624e195701a21f0e25c,0.058377665,0,0,1
38e3e41049464fa3b8ffc1e810f87c18d91a7bc4,0.047589794,0,0,1
49eaf68b54f4114a0176ee56790d8415fd64876a,0.05993051,0,0,1
42308f780fe3d0c2223c121493f97c747226bc17,0.19631365,0,0,1
a097839338082366071d8a1e0b68e9762459b634,0.423185,0,0,1
10ffa59e1b117b507544f2977ceecfcc2d7800f9,0.51128095,1,0,1
a33d634e68061f507e9ac62ad185158b58e502ee,0.5336067,1,0,1
ce5ead2f93b92c815f1304fd51dc3fd3338cf19b,0.48050642,0,0,1
3e26470374ecdfd77ac29a0f1b99c4030abdc6f5,0.33186823,0,0,1
2f86fe76da3a8c488a0bdaba147c826f19e65944,0.43821752,0,0,1
0e7457b00b0a7f0c18eb80d3311e1ec0c5971a8e,0.45530462,0,0,1
d4b340c85f5141a73daf678dc22dd6af90c4796c,0.62125736,1,0,1
e8ebc1e1dfe2b0bb7b9f549ff35bd2d1a1fcd2f4,0.2362439,0,0,1
fb85082c40dfaf4af4a671c57272927657d1e983,0.500009,1,0,1
01f60b1a57a63348ee59101e70faefa58b5aee74,0.39146534,0,0,1
cbe2d5b469cefc3f03fc95725d57149a31755c40,0.70685035,1,0,1
a76f39d4b284633c6792d8c7977abf8fb52a017b,0.1389151,0,0,1
97a64af2d6adc157f6ec9e4d4855b2924caa69ac,0.35365078,0,0,1
5e2559e3ac936ed985d5fa9d7160a284b9a83644,0.30738077,0,0,1
dbd77cf4fb93996fb7f312bba2aaddb87e5d6a39,0.3931872,0,0,1
4fec4e856d81145bdc59307aaf4d8b1ee4374601,0.48723873,0,0,1
1e8be6ff174f1d7027e848d5788d63ef9827c659,0.40758795,0,0,1
0847a34f6d1f15d3d35ddd9f3283d54c1355b299,0.040486086,0,0,1
d1cc91686abf34d073ffc496506da9ef712984b5,0.04964754,0,0,1
0030e4bbbd3cd3cea505bb1e4f1edbfec5986fd1,0.41497466,0,0,1
3b6dec3c581f883cf9dff6f04512011cf277f586,0.4280353,0,0,1
c44f209fe457fc6593b09bbec020680665da5443,0.7935997,1,0,1
c1ea2007d4f6527bd174869603f53841380b5c31,0.10816283,0,0,1
87361f16b0eb35ab5fe25fe2ce3cb57a96dcedbb,0.05493454,0,0,1
f10f849935076a7c773283789c75a4c35b9e6c03,0.075119965,0,0,1
034be5fcdabeed034bfb562ae7014e021caadd7f,0.3514377,0,0,1
8c52cbf8dcba19310a569a23ad3e940836b5e7ce,0.04507047,0,0,1
9d4e26a501903d404a809acc8ce93df1751a5429,0.48994482,0,0,1
7dbcbaa0d72723a1682dfe340fe05b2f0d3cd3a7,0.4691248,0,0,1
b3240c0b4dec02d8a511b831e07eb0d03094f677,0.06881154,0,0,1
8fd7e711bfe61b7ac7ee82646bb40fed95cedc8c,0.10982323,0,0,1
d37a2097286c6385bf8cc757944bb3568672d873,0.06101625,0,0,1
39ed7bdf558cd8286e62492f6c91d2af73f807aa,0.33564427,0,0,1
100bab5d8bdcbf802af6437fcd778e7f2b9bffbb,0.046305556,0,0,1
6523431f5c00d94a814abc2ad8ba06edc65e1ee7,0.19055122,0,0,1
21892745c86fa03b465cdfabb99554e9659b1941,0.075272895,0,0,1
511499162fc2ea958f3c78b1081225d335b52227,0.23197111,0,0,1
fe718980550f0221041cfdb56f83638c328cfb9d,0.06992367,0,0,1
8f577fbc1c44a4e5e39551cad677978452ea0797,0.5006312,1,0,1
76c125c3b74a390a39cdcd6666cf7e9cea0e5c1d,0.411724,0,1,1
ab1ee1b68b15234b62a840c4b1f6d2485d771450,0.69142437,1,1,1
37ba197e62d6b60037d18afc33801e6221f1b8c6,0.534845,1,1,1
5b2806103d5e6d4a7a6df1ebc8d88005ad7731be,0.6324149,1,1,1
28b7b958d39730fc278fd1919bf335c52133a1a2,0.5049058,1,1,1
9c881675d214b95fcf861b69b4204bcd7932f66b,0.49722987,0,1,1
05f878016d583b58806e59de862fca60e2e69d67,0.62953913,1,1,1
203918573c29676b179b673aa7e41366dc4215d9,0.43640488,0,1,1
c5154bc584847d19e75c421b71e2f3499164d2a9,0.05434653,0,0,1
4063338a3c8c87657a75c3c45a8b69560fee0e57,0.039349705,0,0,1
803e5eef54ae9033a4e180e9d7828dacd2db3dd0,0.048196204,0,0,1
b88b3870a996b61ae6a1f865586c97794a1f3038,0.30522624,0,0,1
9bc3701fc327a1730381bea688f62da60891fd40,0.046266034,0,0,1
fb09a1d1244fe0331a05418f5ccd32b62f2200e7,0.2871129,0,0,1
8fc193527df27beeeb638e6e812e8c4df6c72f46,0.047142092,0,0,1
c82fe35c48bd0082c16644d16d82d1be79d6b9d1,0.065554194,0,0,1
2ae03e1633ec0a79761b215e8eae2574106bec99,0.05634011,0,0,1
158d178c58e892ba87d782ecf436d30c038d464e,0.3531997,0,0,1
91901434bd199b104bac6eb89769f78d97f18f3e,0.5299733,1,0,1
f983a961455efed4dbfbfb7623e43941ba8d31e3,0.032233242,0,0,1
afc89ebca46a71a9a3a91c9ddea6e17b49282479,0.07876241,0,0,1
1b7b452c7e49efd2bf6fbca0b4239c7aedc993db,0.050554223,0,0,1
7388ec14401571d45af94906310e136463f7dd58,0.2666543,0,0,1
ce54f3476745a68d02b1db11444b71c758b1d1bb,0.4081058,0,0,1
7f35bd3eed6182c040155d1b672b9e34f89667bb,0.17791042,0,0,1
1f0d32796cd7f4419069b1c6d738895c753c6916,0.044724822,0,0,1
07cd4567d96f916c20af10e2779e44d21c9ac703,0.2247042,0,0,1
895315e100486f5778f13106c4ea4f3440eb1298,0.051301297,0,0,1
4970841052d709afe55d975ac82eaa1c0d385477,0.31738088,0,0,1
a82070e546d2c2f871895d32cd2f6629480c02bc,0.055279654,0,0,1
82d967a3f9e3d4c1927ff682d0df7a09399df7b6,0.30280745,0,0,1
b120a8574071197ee494c6f272bf0f4d2e93c2c5,0.26368016,0,0,1
e8c09f05be1310ea2ded05bdd808c46a1e4485e2,0.25631717,0,0,1
b184666c1975fa4050121c694e09a88060854eec,0.14614996,0,0,1
b83e111c619232be9ba0a7bba682ebc141b618b8,0.23199718,0,0,1
2a6c6ca711f0f0d6aeef30853d5eb05bc68c2e85,0.34263423,0,0,1
190b24bcb395e1772624c7f7c3c0bc76876d47e2,0.17467272,0,0,1
8ed787c3799bb9d194e948b54d68ebdabcf1a2ee,0.06759135,0,0,1
e7b0dde346e610fa273bd4ff2c82f6cf8e6de6c2,0.2085804,0,0,1
01911a40eaebf2aefbac34cb2760f7f77ccd07a6,0.3190291,0,0,1
ec733cbbf25c103c2c661625717527448a42663d,0.39051917,0,0,1
300578058c7d6db0671648cbc5bfca84fce6285d,0.2692099,0,0,1
63950ad11917411d82d9adbd0ad1ccc4884ebb4d,0.21814048,0,0,1
1e48e151ea23f8891902834a4553a806c1312d60,0.067577735,0,0,1
e941b7e3c45e7df96dad9c49235553b1bf585b61,0.38188183,0,0,1
c48289b1457f825240043b942ab621b59c5d2490,0.20686975,0,0,1
7b67f1bbc2ed78561db2527e3035bcf1b49e2817,0.3705006,0,0,1
f9d6655b42d8e1b1071f78cd7f1e38cbaa20350e,0.24206837,0,0,1
858aa75ed257a24acb983df372f634c3fc6c49c7,0.2926517,0,0,1
83c4b1c364c075bbb2bc44ad64d8a282340de4ba,0.06163743,0,0,1
76a941217f9272693b5484ef360e8cf6491ef3a4,0.40923902,0,0,1
a6130f9c8c04fc91ebcbe1af7bf8839ff1c7376f,0.15641539,0,0,1
affe77a64dbf8c90b795ea0b2bb7a44bfbeef781,0.1575076,0,0,1
8bb467aa5ea9d916e82e6022cb492d1c829211f2,0.25392333,0,0,1
8e1667fa9326aae9e63c4d44eb376b048ba8fa42,0.27059278,0,0,1
cbea3176308e86c6c5c82dbcb8fde367945ca1a0,0.19604035,0,0,1
7ff71807ce589931a56ae6f1306af43c6b8632e7,0.2028191,0,0,1
bb1135e50c27938eeeeb6e6c1ffb3882dceb9f1e,0.53212714,1,0,1
f0299220ba7dc33b1865068db0c184147283a9e4,0.07936051,0,0,1
4a6c36401518a45a709ade671d442e061138d3ec,0.04060274,0,0,1
ae5df796be80dfafb523072e4efb30e34dbee46e,0.18145081,0,0,1
7e19596505676c5b300bddc39792289441634f02,0.3236585,0,0,1
55e9d25f779a3ba726a9904641e656de93a1fac3,0.3986538,0,0,1
3b6468ac4f765262f68d3d289d25bea3da521c16,0.357406,0,0,1
89b1661fde38bd12c4d83b9fbe696db0c8657a78,0.033872515,0,0,1
f054152346cbd7c8afcdcdaf55c39f9967edacf1,0.03961564,0,0,1
346009fc677b252d052e9ee22c6a4cd2be10a032,0.05700636,0,0,1
4c84e204cbce349f3c5722750561b91607d3fcae,0.46753004,0,0,1
c353239c4fd22b8991e1488ce81218b1c9769bf9,0.1633681,0,0,1
516f6889c9153a59110d3ee9bdd907e95e10cc08,0.16487956,0,0,1
7b6bf45d83c3ec028e686318b8d4f1a061723908,0.21231581,0,0,1
b72dee3f2590f842283f1a383a384fb1e680d463,0.10806655,0,0,1
817666037d3c09b9138b161964b0fafc76d65998,0.44304785,0,0,1
c3b831fa7e4ad148d8e3abe2a0e3c089029044ed,0.35058874,0,0,1
5a5bbc662104afe8f020d89d6e560f2897678984,0.1942595,0,0,1
f8c39cfd773d797adc1b4ee19aa8fc17268946ec,0.34120184,0,0,1
7817bfdadb9cda107955de03d3d15d64ab89b5dc,0.10272792,0,0,1
ae70bfc75587321da4d6877420ac91f7a83b9c02,0.61092937,1,0,1
8ab0ecd0af3932f40b931e1d84b2951f7777a305,0.25254795,0,0,1
599e57b27c19953487dfa3828432b8ecc7cb8b38,0.14918193,0,0,1
27388c817bf558af48568ce724b9de080e80e8f1,0.60815287,1,0,1
68ae60d779e3bf4a46064fc1b537057478a627e4,0.20042276,0,0,1
c600de52e107d1fd3d5a9c1aa1bdbbd6754622a7,0.31725827,0,0,1
8939061a3c0218dd3fd27f96f3e60e48f74622c6,0.35249847,0,0,1
cff360a340b48070d88a48f06e8748a916ce52e9,0.29639968,0,0,1
52cfbfd91e60db255c3285c90b94cb6e3a75fdb7,0.30426395,0,0,1
ae31e56476646b33b0c2a1f03bb095145a22097f,0.35547093,0,0,1
0b683acf0a5910fdc4235d3103eccbfdebbb18ff,0.30332214,0,0,1
861646b25a39dcdf79bcf5a7643bfeb28e137a8c,0.20372547,0,0,1
3ea4d5d580a78213504a4611fc7bbab58b93db0c,0.3700251,0,0,1
b5955f5948a973a248731b774773bd225af39c82,0.24491343,0,0,1
09db9daa292e74b6bcff84edf406aec41ecf536c,0.3343084,0,0,1
410ab04290294dec74180043dc2aa635ca1e4e80,0.03330065,0,0,1
b7e7b40a3328122549b31c007fa10bbddcb415eb,0.06927751,0,0,1
1f799f62932c5551c99699f46f7de75c9a85dbeb,0.048861083,0,0,1
db6f9bf17c1cbf9e6ce518318fe4d14119b87d60,0.14588577,0,0,1
cc279433f33ad0c00e80ff5af734062d92c8a3f7,0.046975642,0,0,1
f0028e1b90f8d10266f3fe26bafa0882a81ffe82,0.0397925,0,0,1
efe3699122699151984e8499da9d42673a42851a,0.5215654,1,0,1
d2f27093d7d95a07da901902f894d88b4ecc3e95,0.046363235,0,0,1
ca30fae3acb59a5caef3c3c21eecae7c928827e0,0.40748537,0,0,1
5ef5bd199a4e3df74479b4b363fa29b0b3092547,0.039247487,0,0,1
9e8eec78a71b7d1274043f55c9a5fc7811d53132,0.47965458,0,0,1
6a0a1876772e74a1d4a7c82669784f8bcca8397e,0.3040389,0,0,1
8c5c6b936ee6d1afb75cc2cbc151887937dbcca5,0.19498985,0,0,1
484698c5415bb578cb480845e2dfa930d3d49d9c,0.3434911,0,0,1
29a7e67999568a5c86b32ef513a90d5d090ad2b2,0.58162206,1,0,1
87f142f5c85c9a7e86d02b4599e3973e773f3d41,0.04113529,0,0,1
d664776d4cf41d7e1e46b92bd8a4e907cd3bd438,0.27029508,0,0,1
8e601f5773c71a005cbe6f3db7592387bad690b9,0.035628792,0,0,1
847a6d07793a198d28819731e5166f9ed3845164,0.07374296,0,0,1
7f5616887127fbe0776d2e7ec6d351658d18c7c8,0.17414954,0,0,1
c8c94f9a36adaffe058baa07fabb71e2223e6d1c,0.64389294,1,0,1
ce44cfaa0a46b79c6c1e00c23f763a2a4b8a15cb,0.12228836,0,0,1
b17739cb60bed7286f10d62969972303c490bbdb,0.32587695,0,0,1
65782e92806986680757585bc0e995a7603625a9,0.23668842,0,0,1
c8235763b9c043e8b6b2a0630948c585a1fc514a,0.16969198,0,0,1
dbbb4035cdb8669f42b42ab2a76460f4da8450c7,0.3183453,0,0,1
28910eec203524b002f0dfeb8a391b88f835a7c0,0.34291235,0,0,1
208d3dba9a64dd95f86fb105bcba4ed50ecceb30,0.075276986,0,0,1
52f45c2e9f12193a265623541cc3950f0b39a2f6,0.05105028,0,0,1
2d678c28b3a09b89308f7d8231712f8733357acf,0.24052154,0,0,1
fea1da48fef9e28026704e9cadaeba3e0ecbf6dd,0.07449202,0,0,1
c7a5a6afd5d2f7d8c3d518ca625b7d8a1445934a,0.3932891,0,0,1
76920b7fb6d6ea5a794512161bb29d3e8ea2625e,0.27077132,0,0,1
0fdd249cadaecd32a39d25301f5242f9a92ed351,0.26176026,0,0,1
924540abc919d32a8aaa92c6f18906f01e64e167,0.047973584,0,0,1
c87b885cdfdfdf9cd5dc87267301b95842c7d7fb,0.30486295,0,0,1
0842a997e840cd2a7c18121b67f21f334a343a0a,0.29550794,0,0,1
b64e6546559e371c729b4b45a26d4c63897ec2f1,0.23806103,0,0,1
aabe13f3861bc7727611043a05ae7d09b4cbdfb6,0.2663053,0,0,1
f779eecbfceb73b3179c14ca067e4285281e0a6b,0.32730415,0,0,1
043178c583cec0271bd00aab4eeb93145dec327d,0.03538496,0,0,1
8edd3ec573649443c2dc0747cf3cddc1608d43d6,0.029498,0,0,1
46649dc97546418e1d6d2362d74dca92a8eb401f,0.046579577,0,0,1
a011e57eb7b9fd47b33a582e0b59015b5eee7d72,0.3598118,0,0,1
832cd7177f5daf0deeb5025e2b9441cb88933d1a,0.22774863,0,0,1
e08c12f7216dd5abd1933cb8c033873bd9f10f33,0.27618632,0,0,1
ff57a627511793d7c95c5354b3cf4247859c0b52,0.4019802,0,0,1
8707fddee27d10bded0b3f814845b4a7dddf2776,0.33051363,0,0,1
3d9bb608a1fa4f77c243b41386d977561c7ca53f,0.2410341,0,0,1
2c66bceaa7c11e0c44522dd28624b79914953407,0.21105164,0,0,1
3eef2f7fa643a9a11bd917d687ce1eebf92f27ca,0.06181694,0,0,1
67e76550408b235e5cd635bc1c87b42205626b17,0.030799674,0,0,1
02011f8ab0c62deb8566b574a310a978bb70aa10,0.03203709,0,0,1
a9690db48eadd3643adc34cafd6ccc5d4a5bf589,0.1653119,0,0,1
e9a2edc877ebf928ad0c056273f64cdc861ba609,0.030711245,0,0,1
74989844d7692245f9e19b0e803d748c73e91e41,0.4880264,0,0,1
4d1c77bae99174b67a462bd5a44950ae08f46796,0.35956845,0,0,1
90211fccfc48dc36b7cd81a1ce18e1506a6f15a7,0.22227614,0,0,1
e246d2ac01f1ac741aa4673aed3d028e08a63c73,0.10894127,0,0,1
36fccb4325f924bf46babd4d8d60226f8dd3f154,0.2298867,0,0,1
5ce931b904d1f2961078b99049c293c11e779fec,0.18077137,0,0,1
cbbeae7719943308494825574a0002ea649b3de3,0.62889946,1,1,1
eec10fcf0c795bdfacef4c9933585f65f953fd58,0.5563804,1,1,1
516c38fd95fff30841f9af370f50cf1f7733c209,0.6127405,1,1,1
09aecce588d736955b803c9df908013960699836,0.6797502,1,1,1
33c95771c804abc02223f24a0234343b93ffde56,0.3409133,0,1,1
d50feb67569fb5881b8a2ff5996f656c5f207c2e,0.66981065,1,1,1
6e8bb88263dd64b703679bf853c15f40ac07e347,0.59951836,1,1,1
b72b5c716ac18150396d05988d9eab745bea02b9,0.5028963,1,1,1
a433f625f89c1d464b05186411ff20802e292fb4,0.7426291,1,1,1
5d027c32c97eaf43c5f296afce98f1e4afc7baca,0.39637157,0,1,1
36335e3face4b866c7bb88b39fa8a99959d0a907,0.37378433,0,1,1
b88dd3ed853738b8e7fe9652b953db569bf7f79d,0.51778364,1,1,1
a2ba6d54852aceda5e3bf9285730da743ef04e77,0.4450289,0,1,1
952a50372dea32e78800b5127ce3e969ce8ba5f0,0.22564006,0,1,1
f87a7ce9321b4901a77786387cfe8026f1249721,0.3714994,0,1,1
abc2d23900ff5adeef648879af6bc4d2f79c261e,0.38497308,0,1,1
7e35f57ae9ba9e716da122dfa0bec418b1e2b6e8,0.556251,1,1,1
f965bc23bc9f12748b6693424f829b6b08c8a71b,0.66276777,1,1,1
350f01c78374b4df99c1a84cc32122eeeb48b036,0.51660866,1,1,1
7117039b146155d81857ec29cc48b64324e5f19c,0.41978943,0,1,1
03239b0ea42312c7b5daf4520c1ce1caaf6189fd,0.33619282,0,1,1
a428e428df2766f1d1b2b793b3f812344fa61fdc,0.4668088,0,1,1
f1a582111a26c4044c289d96ced42fc1621212d1,0.45547715,0,1,1
5c9661c300bad40cbacdb391637dacc991f16da6,0.3032943,0,1,1
8705e97fbd1aa9de951456f05dff9ec56c4344b2,0.59036446,1,1,1
c61c68d802266e0265a60e81f2eb5ae56e14b315,0.49903116,0,1,1
3b81f3a94da9e26ec0458f4b5bd3a0469d8a93f7,0.53793865,1,1,1
70594bcaff1d553cbd35312bb63a33bcba0680d3,0.58912295,1,1,1
7d73baf10e435fcaa4927495afc185fb473c416b,0.6048151,1,1,1
daa69a5981c7c12e0af5922f0a07653446261b07,0.587409,1,1,1
b10528a62e51b2c5fdc0c4b7884cc93f03f8ce96,0.58351207,1,1,1
0e8ff9c44058afbca9c9126a8feebe41cd682626,0.593078,1,1,1
8a6bb5623e92f3d636969488a04a516cd0ae7f36,0.53964096,1,1,1
f43590aaf5416ce79cb1aad770c83096ddf2a5c2,0.55834675,1,1,1
1fbb16b037e62c6af90ab89ab3ac8d3633c59a90,0.56019425,1,1,1
c8ee9f781900f874b075433141de779723b3e110,0.5237504,1,1,1
b1e524891f908cd667b8c54b4a04b3af2e65969a,0.28474465,0,0,1
72fec65e1c09e14b92a21aae5d0f0dd20e8fe4ef,0.33686835,0,0,1
982ce0eca9935e65915278ae07febd3a1d52273d,0.48589724,0,0,1
e79465bbecc6033780f91fd41ab7d66c5e9e7bae,0.35967633,0,0,1
2f56fb5c10e6b8c8e01033ee1c50669028f28340,0.43110198,0,0,1
1cdc1622ccc608487014a7f10d43d5784ce60037,0.36093503,0,0,1
03cb05cebcc65b923e03fa9f41d664885bdb38ed,0.28061113,0,0,1
f4b675664a7c633bdd62d5f85fcf3f95d11ade9b,0.2500851,0,0,1
acab253ab45dfa7b6b80dbec9f3623969c4a57a5,0.3680456,0,0,1
4344ff7331a4f8908478e72c5c232c7a9d5dc403,0.21083139,0,0,1
5375fd9dc55f1dd01e155af8646d1ec67bd6be29,0.22048715,0,0,1
5170392a5b1e7cd7dccd7e3ef4d6c7279022696d,0.101040795,0,0,1
043f42b65d9c67fd064d2ba638b246389ad3a26d,0.1329259,0,0,1
ad661a8d347c1c0ff1b9264cf0f8c89de7057a69,0.27507427,0,0,1
0bc43314c1216a88d0e281e7ed66244c47c57c56,0.35387543,0,0,1
b893471b95285cc2364e3b2b8f6220ac6dc362a4,0.36004254,0,0,1
86e2bd0781261b5b0192bdd2c5285e0982daf8c2,0.076648995,0,0,1
f7e0a4a0212424edd1765d1abe66772af069dafb,0.54976815,1,0,1
3381e41abe04ae99f984f3d2d63f201e5ee6f808,0.17505334,0,0,1
47213feb954bef78d646da4f4ffe6a8156c7d3f5,0.43942264,0,0,1
62202d2acd00b43415ce9ed45e1c37f42d6ef616,0.23328315,0,0,1
5ce60be9d55c62b72262680249ad933850aaa064,0.06637099,0,0,1
08113862c5dda6dfb0562d84db8db8f5f41bfa4a,0.54087883,1,0,1
30fce9d42c5675e9cae0db0401181f84a73a293b,0.050856292,0,0,1
2cf575115748e9865daaa369507019141573b86c,0.11158251,0,0,1
abf07558021a0ecc50c265dcbdc5f2f99fdbeb35,0.4549012,0,0,1
3112bc302f32a74c827d672ca84a80091b0700d4,0.48997733,0,0,1
f05101e28403494b81704029cc50e66703c34151,0.09296539,0,0,1
f668f7bb87d3b0a0ad0642acdbf56d6e2fb18476,0.20791674,0,0,1
674886f560b2b1ca051b4cb6346a09a04a3cb628,0.43610704,0,0,1
13a039029ca7d7fca9862cfb792f7148c555f05f,0.36280146,0,0,1
7e89c9cc80bc3fd2aab64f25dd816c6d14790988,0.09925493,0,0,1
26eab98e3a0d403587cc915eaa8f7d4b7b894cef,0.5663419,1,0,1
4e442bb44280243f6e0e72d845fa8275d665ca84,0.59519064,1,0,1
2247ff9601374845012558ecf5963ebb7e1066c5,0.47808862,0,0,1
0ee8f1e8ab53746ea9f735aa07e857a0c4e55656,0.39435366,0,0,1
508be17bbc9079769ea99b780db9abcb4655399c,0.3525776,0,0,1
3bf400edc1add6078a9bd935e3ae684b8bf8493f,0.11789708,0,0,1
76390c0b54bf145f65532ffe1e7b24639f108247,0.29693216,0,0,1
9a92b8526cd13e092b5185a59c7ff0f68a1ad56e,0.48030227,0,0,1
6ae55beb2d28bd6cf36780b4c58da41854dc8248,0.44423723,0,0,1
d681042e60a3a1e92f4c891ce9dcffd672868e7f,0.23225087,0,0,1
932d4f89922e96fb1b89ba220d124db187ab7741,0.6200836,1,0,1
a793612b9e09795feb253aab9a738bd1f7280700,0.514569,1,0,1
22fe7f3c8b3fa204c2406c3d15811b2581e1b7b5,0.08757192,0,0,1
3856d3f0a0826be3ccc6b160e740d5c7176df743,0.2612481,0,0,1
4cc3f6e7dbee9e3684884780af82822485c4c7c2,0.29757985,0,0,1
886e924019e35dc28eabe7515f614ba4f6c63a2f,0.35412207,0,0,1
4e619852cad8b9b056d4239aff597124e901fe8a,0.053912994,0,0,1
037209cb3e585e59ead364b36d1f1b82a2fc8d54,0.051620968,0,0,1
c4ad0b75c1f814d5ec5dd600183fb303f7241c33,0.23131931,0,0,1
bd64dc7abee36984e830c740588990739b71cc93,0.080648415,0,0,1
abfdf35fa5df95853d0f1f9fe0c60f4a1ae8fdee,0.26801208,0,0,1
4ac67bf326c1494126161b18612bb62975246ab2,0.45096892,0,0,1
e3e137df87f35b4249133478b77c4222f8e530a8,0.47556442,0,0,1
702f27a8779fa77a2ea0a1b6cc6e1e4d678d4fbb,0.058374766,0,0,1
a4b0ee96fc87effd27a4c0af23835cce3647cc0c,0.4432502,0,0,1
ca7ea939eaa9dad5f00c8a5e269f09681602bc98,0.3484191,0,0,1
f2af9f0c583ce5d5e294b60ada9e14516f5e92ac,0.071250536,0,0,1
fef18a23d3b09025e0ddc3733334a4587c3af712,0.615209,1,0,1
591b9f9795c6eaf782580327e82a70164a640d34,0.62492776,1,0,1
0daa8708dfcc5c0c3803ab2e41542dba134d71d0,0.33205032,0,0,1
e97823fb5a340dcdaca397f1c68fee7c907c831c,0.03287416,0,0,1
b1dcd19c2f87a57e4c4b96aebeb4a226f10af636,0.440921,0,0,1
12edac73ec454bfbdd634af474e140cca7522774,0.14672656,0,0,1
d75b89856ef29bbec6784cd6aa714eafe0eeb312,0.05330888,0,0,1
4d00e14ec8d1e83533a8aeb788437568b417ca88,0.07929947,0,0,1
b6ae1d09c384b57115bb34ed94c90e256e4b66b9,0.09649829,0,0,1
b861b4f0e45135e737e1ec2a514d3051157c3c7b,0.060525462,0,0,1
11fcc89fec70aae7eeda710e2bd26d93cb3c05c6,0.33492437,0,0,1
7254daa3f84a2b7780050da936304ea42db324ef,0.13433364,0,0,1
496691bfd82374f1c1bfee8719309343c2fa878d,0.22180307,0,0,1
6f379134ae1807cd404ed6c9579707e5dc6a6df0,0.06692589,0,0,1
3c2419db66d156dae631715d5d42ef90e36ad7da,0.07742705,0,0,1
cec72ce690353c90f3867191d7e657ba59ed2612,0.060178246,0,0,1
db586baee29fc90f79898e9a274cc1bd585b5f53,0.42721367,0,0,1
b53ead4b43c6c248b1a39f4a1cce7a0c4062285d,0.031723816,0,0,1
6b2bd2df127be522a18d044980e84a8b638f25b7,0.2714493,0,0,1
2c8892a206c9374b0cde6fce72299b0fe630f3a0,0.3495043,0,0,1
137aa57f9291b5f390de740266042587cfede7ce,0.28456283,0,0,1
02735ad7e6313515a846bc15bcc89cf254f8161f,0.31027377,0,0,1
4be9979b45ceadc50dc24607884d34613fead1f5,0.07614367,0,0,1
a67bdc013c9fd965abaca375b9b47554a115f40e,0.17795157,0,0,1
b745af3975a0bb3acddbc59ef85860d08221a010,0.038924754,0,0,1
90a73a4dee53129e33a552e49cb7835ecebb3a5f,0.11977404,0,0,1
e57007c00d577c8f66a5d93681058a528613645c,0.38515407,0,0,1
c93d3e1d7db2971a4e1e7e79d7bf933268cb970e,0.10740034,0,0,1
9caad351f30249cc72fb2840f87ad12fe660978f,0.45982108,0,0,1
14fbf3aa807d987e706939c41b7386b82889f3e6,0.2703132,0,0,1
19e1b02f754a9b7bc969eb17bd52cc36a85c4d74,0.6277359,1,0,1
ffa1c55e7f9d8808e4e440effe78e31aa89a4ec1,0.08269291,0,0,1
31ac0e5f3594a4517ba2be1735b1219cf85c715a,0.062057108,0,0,1
5499fa02b08b8546827a1a055c5af3f0245257d9,0.37895566,0,0,1
1261172afdae9a4b15dc9f691583261a1b020ccc,0.42106938,0,0,1
64573bb2e0bd2c7a7b1282b8a574a4796ae61609,0.041199088,0,0,1
9bcdc3e9f77f101a0d3031c341c9b4ea554d34de,0.09282684,0,0,1
dddfb600beb0511a4a2aa17f266b4cda264d6ba1,0.40339154,0,0,1
b09b95124bc27f39e27ecfed90ce40947bcbf663,0.049224216,0,0,1
5481dd326025de2da7d89089cb969759972e7a8c,0.072627395,0,0,1
992911d0fcd230497ee3fc50dcf49042b7372a47,0.051283844,0,0,1
d0595b7121f57f1f49fe7fdc384479dd73ad64f5,0.059123535,0,0,1
cd1d329dba95dae161317c123269c24282001a66,0.05830824,0,0,1
8251cd68f4db4bd56d88646e10d34ef4a1fdf90f,0.059472732,0,0,1
8526b85e269b87187008b502692406a5ab1bb907,0.03919217,0,0,1
283f1bceb87883ba6c965750e9880ce3d67af089,0.24604301,0,0,1
fde66702c33d3888b682adc7e6c35dd21cb1e8da,0.04929286,0,0,1
0065a044e998559df5127a7494953fe863016dca,0.28310746,0,0,1
d5c4ab74ac0c40787bd7194c353746c558b32ec0,0.033571515,0,0,1
10dbea13f4da599af0032dbd77ac7ef9bf047b45,0.4206389,0,0,1
1ce02e03a870247293051654aeee75807c2276de,0.27417228,0,0,1
cd90f9ea24823be24133075130cc7cf899527620,0.31986472,0,0,1
b4445543def1cc905f66334d42f250d5a637a01d,0.4389313,0,0,1
3e3a1388368e8e4421fed0b5222904d40a8805ce,0.3857027,0,0,1
002d7bf508ee59f23a04a9f21d02e9673dd38a71,0.38936567,0,0,1
d64f164b59721f05fa36df04b5d2af89b7af36a9,0.41935492,0,0,1
8e8de29c2b6a8f387a1a72eaaab433d9041ee26e,0.04157492,0,0,1
9f5af267e8c143e16f8b20fddb02ada096ee9df8,0.043758314,0,0,1
083dd8ca0d298e3f9f9407f3b81a6fbfb11bc5f6,0.14008947,0,0,1
f8a7156259dcc1b3321086939234d80b6ab828c6,0.5242742,1,0,1
661008f8238acb71301b172a6aa9aaa8114d0c9c,0.25583664,0,0,1
469cf4d886f9a184168ba2d179899a600725d4c4,0.42296112,0,0,1
12d9a805a6df7afdccfac94a7061d369cc986efa,0.06525513,0,0,1
bbe4d51f7bbd50e9f878e5c884501856c5e6388c,0.3087403,0,0,1
77beca12bc1e957b864c6f128238c40f758e2f54,0.3453848,0,0,1
c82dc1fc6238b6f22797c678f10b64c9cd36ddcb,0.36715704,0,0,1
7984387af004fcfe1d1ee12e2c8e6b68f23be001,0.07115933,0,0,1
1c382914c0ca52e786937e222d8e7aad17348cfa,0.38580787,0,0,1
099cdc213efa00355f3b6d968423b8ef09fede47,0.30089214,0,0,1
a0aec901f411b4bc26734745297b7651d7e6b9a2,0.044707082,0,0,1
e83b4d8484cdb3dcef44ce3aede866663b526158,0.43269312,0,0,1
ff0e842058091b3310340f51a130a65a1cf6f725,0.45491555,0,0,1
f488eba11289fae758646a21f86b2ad6c4156538,0.4549797,0,0,1
2a2f1dc48e22a34ddb72321a4db211da91aa933b,0.2669606,0,0,1
9db5028656f9be41ae5809f88ddd4c8ac0b48364,0.04950031,0,0,1
810ba6f292cb4eca0d843555c1e8985d9df977c4,0.26975948,0,0,1
34b75c6f0ac96df0221bfbd11cafdc62dc0baa79,0.055056285,0,0,1
ccf4ce767a6cc07f1a88a0c33393e394af3c328b,0.23779817,0,0,1
0c75ccec267ce902ff36278ba928b4573f4fb937,0.1482109,0,0,1
de9665f3cbaee56c5089392fbee0a6b81689ed8d,0.30172688,0,0,1
d07f04b73c06c45b75f53f38b03b25c987b7bca5,0.12992066,0,0,1
3e9b0e88ff11a38d05b303f1bd1f13a0afa9380e,0.3061155,0,0,1
2042aa001474179a031a368f9d6ec73c2c686965,0.20905322,0,0,1
ff5fb8a7a657a9068e8cade4566c69c62a1825d9,0.1864431,0,0,1
a62c3d0d8301c450d5bd0ab1bd9bb3862aac5853,0.055723105,0,0,1
79e76d5f48fc44ae3d716ac28ebe1a76ebb90b61,0.12678994,0,0,1
07cc1a278b217d45cb090ff6cb3a7934105cb2d0,0.048452027,0,0,1
7e8e9bf968665d59ac11dbd11dceea7c01c0a1f9,0.16186331,0,0,1
c36fef5f567576ae143ad83fb0b0fa68998cab4c,0.30715433,0,0,1
ccc3067f5216630d6c96f21f1ed2ef174aba9bd5,0.055412844,0,0,1
53ec5829855e8a80b2857b7cfef8bce3e63058a7,0.044022523,0,0,1
0e74bef9b2bcc7f41123fb2eb6d10433ebb80a23,0.3206366,0,0,1
b97a02ca1c1c220f18971bce3dc41d781da8f5f0,0.39929804,0,0,1
f4b750165bc27f6a36bc3abed650e18d474e296b,0.036301825,0,0,1
334f1de9a3efa31303c2788c209d249d7b33d3aa,0.030166127,0,0,1
aed74ea03276362cd301a36787774843ebd4f70c,0.43999547,0,0,1
27b16a26212d5e4b61ebe07c4bd9c36465f56702,0.054946497,0,0,1
9d721a0af60c54509b01c2daf5f3bac0dbba0a93,0.20221949,0,0,1
d549178f36aaf95fd1aa2fe6a3c1403c095929b2,0.4348611,0,0,1
0517c7f2e4ea6806098453b295f230dd42a8f510,0.036012698,0,0,1
a123142d947dbf38fc053c29291b555872c91ff2,0.07697035,0,0,1
c2906092f9fab7bb718ba177d521ae152d4d9f1c,0.3895706,0,0,1
ced2075cabcda4e5fb2db60e88cdf87bf815d24b,0.42671356,0,0,1
07ed545022f30604d0a4fc4ad5e4866e24e6a172,0.4476125,0,0,1
073fe2452f0514f100fa10781f081647d3384cd7,0.1725728,0,0,1
77a0a69e3135253b3762672ef6bdf96ebaa8a882,0.18945424,0,0,1
2d25368dd82e50dd68cf0d256084881e6a3153d9,0.48102584,0,0,1
3600a5f510cee298397d5ffc21c978ab6e52a160,0.35281962,0,0,1
32d507b028b15fd21775f25c83f41059cdc58e75,0.5494576,1,0,1
45b5e0cb3a4a499ff8b0594c082d490d7b7b7c1d,0.2466198,0,0,1
29ce3e0e9ecc31a5c3cecb19246ff978fc7e7c20,0.2610158,0,0,1
3bf9dad70ea4b93de850312cec2681f3242280c7,0.042357568,0,0,1
135dd48fda61f81d9b8e0aec0661c1d48226ae3c,0.37197766,0,0,1
90d775ce2270c35a7c514f5638b8a3b23d5a4f3c,0.51420164,1,0,1
e8720d6a93e80aa77ad5a66f217a362a512ba93c,0.23004085,0,0,1
738c708be3dbfd99a6ef5c0b486bf0b55e315406,0.064716175,0,0,1
c66db899cb061c79934986f0efa19a50ca33703f,0.06302246,0,0,1
43e8d3d5f13209ee0c0bcf4b5a7d785fcae796da,0.5299571,1,0,1
b2fac804f5e867099cd84fe525d52bd77fa4ff19,0.40626246,0,0,1
c30de4b2259b04ced7917589dbcaa827d0f11ca3,0.30305856,0,0,1
eb816f66486a7eec9cb544bbb1637be81636ad71,0.18787782,0,0,1
0194bb8ca57e5a4a3fd5fe3c39b0ccdeb4711043,0.3839286,0,0,1
f21a7054086522e3d34b569d8d05d5caa6297f69,0.67244035,1,0,1
f8e33e702ca0570076c58eaa7a83baeefece9553,0.5036817,1,0,1
6c203ab46b24751c285f021caad9d8969cf2f45f,0.18459651,0,0,1
5b56985334a63d63cdd9bbea30f225013302a7d3,0.44933048,0,0,1
bf0dd95b52e0627c10c072f8b05fbad3f86fda71,0.32374868,0,0,1
bfbe9966ab45dc4787fdbc55735241023d826d95,0.36862078,0,0,1
271e0a76d4e41171ace14bb802c990d4998dd621,0.029949905,0,0,1
d5f61b4398e6572d974ee13d01f47f82744fb495,0.4714622,0,0,1
0367fb31efae4535e15f01f6c27ea814a0739b81,0.56138915,1,0,1
0e1e80c2ab0db3e66445b469cc7deeba8dc40864,0.37678802,0,0,1
c1470f52ed67a82abcadb0333ea2620f11e475c5,0.41347495,0,0,1
3c452f77969b3578c0f678a08f6fb0549cc27b2e,0.332906,0,0,1
34a1f829c3b465d031a875b9c1e409bd05de7ff6,0.31250367,0,0,1
237b7e3d8b0bcccc4962a7ef6d163b8bed2a5e1b,0.36717927,0,0,1
66607ddc07ecc319ef7cba0d9994066ad6928b9f,0.063280754,0,0,1
1bad4f4193a86fe3a8ba1cabfd87a9e6e1e436e3,0.48839194,0,0,1
7dcce66f1354cd54a6e64228bd56f0476a1ceb4d,0.27576277,0,0,1
4f2f4727f570a3f86249302dcbbdc053c07ae50a,0.17756005,0,0,1
2e74d637f9c25cfc02d6e2b3b568174057a7cf86,0.18487963,0,0,1
f35ff5f49f9255f1d0dddbf8aa9d810ce51c7f0a,0.3751673,0,0,1
8faba69945721e10b2bea0acda2db53298ffa124,0.21764977,0,0,1
f13364b0251ec9739f9d8e0f3f996532c1ab02ad,0.21794085,0,0,1
69f38e81872d70705fd7919df3d771f28c22dadc,0.050971907,0,0,1
765b8f88bdb9d3f9f0c7032208ab020d217953b3,0.33153284,0,0,1
7778533696b9644be3680228f25fce21e680e364,0.5979531,1,0,1
bd3e6cf204f249c2d60eca2268c8b9f402149f1b,0.0414293,0,0,1
166b186e826799d30de2b2cab4bfc54410d02b0a,0.391412,0,0,1
02c963a47ecb50a7f84b9711841e60447f9bfcc1,0.078263104,0,0,1
22c79b2f6abf6fbe7292e097dfb1edfaf8584613,0.44432616,0,0,1
0646aa7d4d0ece484e26e8ab262265cc9263c350,0.51045823,1,0,1
d6b07a11ab9e2c4eacecfb8dd1b66741817674be,0.029131193,0,0,1
b8f7d772c96b0d1fa3b7a82c741d336d052940b2,0.40211856,0,0,1
74abd5b73c28bb625d0c74323e64a941c4dc02e7,0.44644326,0,0,1
36a5631ebe2cdb53d41428d1f17ce72ed618045c,0.027518427,0,0,1
be86c6236d4cbea207f3a4924687a0bbd99af360,0.4308446,0,0,1
c5e3fbe07b3dff5ac66ba155889ab1af8193da41,0.26949382,0,0,1
906d27704c5952cff37e76372f9a44a85746aa20,0.5010123,1,0,1
f45ba62db9f503483c68d836c094b018bb5b479d,0.43229124,0,0,1
69d5b2f0b54c1478e4122466b3ae298eff53ec31,0.34094793,0,0,1
9c3c448cf2561131d7b573e94eadfb4afa581231,0.32486698,0,0,1
0bb584bb8cae3ca8fc221ee0411a89100e24ae39,0.37209296,0,0,1
a29131675a69d4fea14326fe48ff8efabf91ba1c,0.32088757,0,0,1
97867f6fa3634c77dfafd76c89ecb1087f5cd1ae,0.48829022,0,0,1
0de76f159c6cd6b65947ddc3fb6481b737ca39a2,0.048145458,0,0,1
9146faa1d7f1375c50c2732f4a18fe955772a1b6,0.18762162,0,0,1
eee4d197d25ad99614cb63445ea71557d6a75c43,0.5521247,1,0,1
f62c523154dfedcf49a87a865db545bb8c55e795,0.49760303,0,0,1
82f9bfcb9102d84e96ed68172a1ddedeea3125af,0.22481857,0,0,1
30a595d0d7b97a60e9703cb73214248b643c60ba,0.2849195,0,0,1
251936e2ed5ee2d784569d3fc28aefa9fc816a8b,0.11387186,0,0,1
5694aaa8f624b9eb48bd12ae56575682bc85c57e,0.14404473,0,0,1
d1f9ac3a0b322b11b5cfc656237fb3627c23a9ee,0.31157658,0,0,1
9a84b4eec3ce4e22cd3e637a2eb9528fe71de5e9,0.13818388,0,0,1
b15221d6f8478c936542c2c1a4cc1b6475c8a903,0.45772344,0,0,1
fe2ba8d320a10a988086378be2ae8621c55a6dab,0.2356761,0,0,1
15e9c80f56ff63ba71ff7df894266e3174636953,0.2775429,0,0,1
44980ffc7a0f0a7052e61b6ddb3a873d3d27f287,0.36803576,0,0,1
335582530a7f0dbb137e42655716962abae3addf,0.58309895,1,0,1
75a7edc742215c3354befe8fc0ec6d4ffe3bd663,0.3038276,0,0,1
ffb618d50a74e316aef01ffa2e381d4617900f3f,0.49589422,0,0,1
e15c80ae3fafe8903f220a6232c37a77b919c60e,0.04260426,0,0,1
0aeda4fcc3c6de7109acd8cf78f8779654b9f771,0.21888733,0,0,1
4da56433ba20213f51e887d9ad6dfffe9669ba13,0.32531828,0,0,1
436a2ce3111d019a98a8615bb83dd93091b3a0a5,0.23886037,0,0,1
44785c780487c41944fb2ee3d206ddbd6b963522,0.05564508,0,0,1
b87e8e87160efed310bc088173ae33cd92143a3e,0.031561933,0,0,1
446555b160d4221d414710ea97a3140f50f889c6,0.3132815,0,0,1
81398f69f131da572f24995d4e43b343ffc737f1,0.23054126,0,0,1
dc52c6b8da6cdf4f23c87c2e55c46cbdaf96d6fa,0.24565807,0,0,1
848be9d922bd9d803e6a1ebf58fedc1d357ef930,0.32486424,0,0,1
7a10230e1ecbb0f642eb2352a7f85f00961a6d54,0.317297,0,0,1
58cef1268241036356e72b5452760a51ec8ab2b5,0.37921977,0,0,1
7a34528b18b5ebdd33089a9b330206ccae56a9a0,0.08819936,0,0,1
789c39551ea74f8b2f8ac754d20a1c7ff3ab55b5,0.043507814,0,0,1
c67040b8d18e6cb3ad8035045039ac066c3eb923,0.056574926,0,0,1
2544a0cf5252027dcd42d9c9fdd73fdfceab396d,0.27412036,0,0,1
63eeef3e0ea511229fd3417b7863e8c709cca2fb,0.2846348,0,0,1
8cc2702c9bc6f39bb7eaba8a35a171869bb3f394,0.032883525,0,0,1
4224709bc3aa602135da6aa73c783e0d9d6f6ee8,0.30484888,0,0,1
e8c44e6090536bb4603d2c478724a7675e0a99fc,0.4393871,0,0,1
c2ace88644826c227191ca52c8d4372a13605e50,0.34494022,0,0,1
a080293da69f3fe3d11d5214432e1469ee195870,0.15707888,0,0,1
e9f2dadb916063c1e97ab2bbf41bee059e277c19,0.39678967,0,0,1
16e358e242b41ac350fbd7ad9a93a0cae3e92564,0.6679378,1,0,1
53f6d42f748d771d5269aec5c377d5058e8cdf4c,0.6264285,1,0,1
af6fe141036d30bfd1613758b7a9fb413bf2bafc,0.54641616,1,0,1
22b0d0629267b88749f78412caea672d6539a5b6,0.27104858,0,0,1
9e80104befc54daaa097870b857e1bc334521490,0.096295655,0,0,1
17575b8836ba18201ac7b839aeb432421b0c89bf,0.37275591,0,0,1
72bfc1247553bdd2711d6bb27a7179be86ded4f1,0.04139312,0,0,1
6f8c4960c2af25b7e4b36473d81fe652490dbbeb,0.49626297,0,0,1
c5c231e643365485c5805cbca81070a51429de9c,0.3281612,0,0,1
792da6735e532a6e7f2f2a017d999a8f7c30f2fe,0.18023854,0,0,1
0fe6ae319d50edd1389b6ecb5a6fd12f8091aea0,0.0697454,0,0,1
64ed6dde03afbef6715fdfdeab5fc04be6192899,0.09065947,0,0,1
a41ce6892cb0590b2e658704434ac0dbcb6834c8,0.052550633,0,0,1
ba53647bf0fa16501445c7ec50d0ffa4a8288eff,0.3194163,0,0,1
0326bd90ac20652f1efd747a3c293a8110d109be,0.1617537,0,0,1
087e4a9d51437243eb0a4698b3bd2b71b4567c3e,0.5420298,1,0,1
f7726c4f727dd78f616374f87ae1e9424b41af67,0.44954887,0,0,1
ac3d73153725fa1bce721055c4ac61423570d34c,0.30844775,0,0,1
6e1702e95e6a487b42b6642b9cd8f3d865151b8f,0.35766378,0,0,1
1152309971ae0e31ced5365e81e5c80af8bf251c,0.53807205,1,0,1
a8fc27c1d9a40474085464ad1f592c65ac81a906,0.31012332,0,0,1
cfec567237c7300d0335f8ec5358e5dbfbbcdf00,0.3550651,0,0,1
14242fe6bbfe3dcb455ccfeaf210d3fef1c0a72f,0.04442393,0,0,1
7a3889d47b76b248deb4ae6d3c71cf7cf48dc734,0.427229,0,0,1
fd69d8ca2212d373a5a8f220530e8c0fa17ddf3b,0.2698318,0,0,1
e8457776fe1b49d6208f21a51c988980b1e4e23b,0.21397965,0,0,1
979260717c1a4730e49a094e02c9c873946e1237,0.21918905,0,0,1
06c38617a3b7e708688fdcf2f001c82f5d1a2f2a,0.4253216,0,1,1
8262a735578ad84638e36c8597ea55a91dca4bfa,0.48100886,0,1,1
67bc6ba3f34a4b98d518394df45f6e68e513d59b,0.37112242,0,1,1
88c2ecccc5d0c5272c9e5b6af88888b71bad633e,0.8051474,1,1,1
5b2f4431b4180d84b580b7dbf21ad67b698565dd,0.39327914,0,0,1
9d2ae5ff4f33f5a55a3674be1230e4b16fedf6ea,0.18958743,0,0,1
5700d639e41457da51e9b6abbf21ee106f23aa2c,0.18473898,0,0,1
237c79aa984408bb97fe6f1d243d21dd7296ff4a,0.1270186,0,0,1
a4222c7aa3a2bc5bd693bfc8d39026243f80135f,0.240911,0,0,1
cc20cd302cb2a1b29bc766e6ac68c16cff22cd17,0.301029,0,0,1
dc442a0dbbcd573adb8b8a5cb0db77250c8048e7,0.2897133,0,0,1
ed20ebc6ee70dc2f0da14ddf43d5ff08c24a48b2,0.32225606,0,0,1
f39ed1e056442992e953658f4e5687420e9c5f3f,0.18992111,0,0,1
c737c5f7408ad6f5e8c3c2f53c62abbe5c3722a7,0.37684733,0,0,1
aeb06ed6224c5b5d334c031f5f2091ca59c0b311,0.20645742,0,0,1
8eafa31b724e03854b546bf28944dab65f452ee5,0.18226221,0,0,1
32c2a858385ce6e4926270e02aceb8ab0760f363,0.14981452,0,0,1
d8b1e555f7830bacfd5ef9ddd3650efaad057c4c,0.17550208,0,0,1
e3a9db20570a749bf3c6e14437a0c7bdd8399b01,0.3884549,0,0,1
17039522e978bba2ba22666b4dde67eae99aa149,0.3202666,0,0,1
59099c3bb3e95eb46d2307795aa27c3a02f29aca,0.3099624,0,0,1
1207a117e8fcfce2e85088638b47f11d4496fda1,0.26611552,0,0,1
3313c825ebbd630126287e52b99c5f883b3cc8db,0.32698146,0,0,1
fe01a77ba87909e202738f1bc2061e93d30df4fd,0.22694097,0,0,1
5e8c49b40801f9e6abf7ac2f4ba770fd18e4ff17,0.40000784,0,0,1
9605353c9b9a5c7862c85d9a94581fd289449d63,0.3590233,0,0,1
46ea87e3c2467265a9bdac0719bbf179618d73cd,0.2005924,0,0,1
ad3284eee10d21bb7f980077472d316bd0e63ac8,0.19117418,0,0,1
7d99887c7a94827aa193a1fe87a2900048277592,0.18907046,0,0,1
167bb9c19d3988e4b0d66e33c6ab7eb4fec69e67,0.23126554,0,0,1
c38444bfa790ac5a19c53d478d21c6285bab4080,0.3347408,0,0,1
d3108035ad56f34a6e46196b13b11bcd06a05cf8,0.34217173,0,0,1
167cc57d7eb14c95ba84597d6edfafa26ddb7012,0.31358477,0,0,1
7a34dae3e818010b6998572a3600a769ed5d6fd7,0.25996763,0,0,1
98862be0277f02e56ba0c3bfd7ad4136c7a72d30,0.32270068,0,0,1
54839bf41f6756064f68c11bfb05826ce3b7df49,0.19594365,0,0,1
3a08f8bc299f0a4af5de2b78398077a034f585b3,0.24168997,0,0,1
bf1941aaf7595835abded012c7e2bdd1aa9dd9bb,0.42324442,0,0,1
98398234beb832dd2d4121cbe20b6373ba4c8e69,0.2722301,0,0,1
b74bbe45ad4ec45ab6cba89eb1207e25d0d74ed1,0.36887455,0,0,1
552c3d1f4b7d055919d7a0d22fe75756830560db,0.28775328,0,0,1
e6d3ae0ba939c8a1e6ab4809925b1c3272964cbb,0.32661524,0,0,1
c0535cf4590667532f933d299f9cd7301f6099f9,0.3201712,0,0,1
8e15ea1a3ae8effd6aadad442cfa3543b537eb1c,0.17868716,0,0,1
8c0af4007a7d0f616e56181ac538f36383a4349f,0.2748325,0,0,1
c271c38d52735b00a5f456e949d404043410cb1d,0.41272727,0,0,1
53ff1658012cb1605894f739ebe48e598fe81f38,0.25281453,0,0,1
47ade52aa3ab0b642acd782021eeb2dd2d611c56,0.2912843,0,0,1
eacfe9111042a24b92828dffd78c025e4fe73b24,0.24140829,0,0,1
e67e5d75b411591c00cbe9da53c0b60b156af312,0.26105052,0,0,1
c0e1a2f243a73a5d55dd58d385eb926482244024,0.30515674,0,0,1
459af4924bf419c7f8b854dd42ab132171bffc78,0.2849071,0,0,1
2b0fdf8fe719f234635f652bce0a5b2abf03bc4b,0.05748854,0,0,1
a5a0a319d897ff312dc418401a37b55653086444,0.38486767,0,0,1
81ce781c3e996b359a94660bb55efb6761c06dd5,0.44797108,0,0,1
d3312d91b2407ee05eb2451d4ec01371b636dc82,0.2564512,0,0,1
5c66a672f4d268990de569f226eb0c4aec57268d,0.4903904,0,0,1
a7c5c7655b63b6c1229132e5f13d736a9b10f61e,0.5622609,1,0,1
8ab36ab5aef477d719b3881c6ecab8d962863411,0.39612022,0,0,1
5dd5c37408d848fdfc41da77fc0f21698c0057a0,0.056666404,0,0,1
223ac6f560b0b61baf7cca99a22c9ec57a6d63b5,0.31573182,0,0,1
ad52331fce912f0dabb893ef529be21798c8466c,0.3839915,0,0,1
da24eb7d921b7c2c65bf1c075c01d293dbe87a48,0.06116845,0,0,1
0b4e7766302d7302450140b5d79841fcef1c0a90,0.06063756,0,0,1
ffe5f635c89468c0517e3aaafa41e15137e7eb57,0.37059692,0,0,1
9ede79daf83881ed3631a21e000505c519878750,0.27864358,0,0,1
1bdba701ff9068cc53acbd015a27636359fc54bc,0.26028535,0,0,1
5ca7e28fcda1639145c28a136286e26ff66d6856,0.27254164,0,0,1
3526158533320abd4ff2ebd5993192332628e5da,0.17419605,0,0,1
702ebc10bb924843e44ac05c0b4e7ec22cb4e7fc,0.43265164,0,0,1
95c73afbaf62bc986127dd068aa0cae8ade360b7,0.051687293,0,0,1
0db94306270fd99b6c1fae904a2c1f88d4e68f29,0.04940287,0,0,1
a5e782e1caa27bea1720b545adf4221fe2b55e8a,0.38270098,0,0,1
6d36feaf65aff0be037e14f37e365a7059626b71,0.592981,1,0,1
0a5cf03d5301aabdcc9698242a9ef8dea3225774,0.17007631,0,0,1
4521c75a978f2504e85959a01c1bf1cf13c835db,0.1340495,0,0,1
1b7dcd32a50bcf5ee4e1a4219512b8a9534180f2,0.36364475,0,0,1
5799116806a415777225a19cee2b48fcdab1b538,0.42206356,0,0,1
fed2743a2e68493965a6bec977d460dff619aa67,0.23574191,0,0,1
894abb412282eccbf43cbafaa2e1dfba2f5e08e1,0.42200854,0,0,1
b95e4bee89f398f744d62d13ec11242e0d954895,0.2540167,0,0,1
48a877cf7201e2903fe932add19998fb8563d986,0.30332652,0,0,1
8e6f40c4d643bf40f533ce0a7cbc95687115e3f7,0.41747543,0,0,1
2f35921900d56288b2ac2825e57e7403efee2d2c,0.2380793,0,0,1
06e772d3cbcb18d4a7ed2f1dcaa8c83b6001fa80,0.397088,0,0,1
aede7314a5283c7ffddf9a481d95bf7cfd87ee0a,0.38483483,0,0,1
9599af73728c2641e32505eff2bd4221674cd49a,0.17896494,0,0,1
c544f26583172d98492e8e9999167a9d9de61b44,0.28732893,0,0,1
9297d9d3e908fb294521b6c163a524042292d97a,0.30067143,0,0,1
685c05dbe5377e2b7bf2f5c585ea5e2d52298b86,0.33236033,0,0,1
df776077d7537e0ba318c83c2257a4f52e356201,0.4023602,0,0,1
8725ba6db84fce34907e5d5ca9e1ed6f6dc68cf3,0.3573414,0,0,1
25331d1b07599fa48df9d442666db96a69834c40,0.24036142,0,0,1
1bef44f26f9dc176365dd9f911fc3b103543ea8f,0.21678911,0,0,1
f2bb50871914ff7ea63594e8f56461085a659513,0.2335795,0,0,1
1d7098a6dbc247a1483facc2638c2b7873df80c3,0.35736254,0,0,1
ad7c84c9b91829d9e4a379d508b5a69a99e73d12,0.06873546,0,0,1
f9d8dc4d24e534a4d50782ba1928961265c32c8d,0.21663204,0,0,1
d8f0cb041e4c49bee724bfb4c51c56b9e88aeac1,0.4177128,0,0,1
b8d1e586e865966b0aae29b57dadd139c6542d16,0.40209842,0,0,1
09ab989d9d1f545250a32b3a16fcce16a028b3f6,0.34187648,0,0,1
0ce005b856eaec0c086802898ed2bfee884517a4,0.4533698,0,0,1
05edaae8dede448ec6aaac31adbd39571299027c,0.22462538,0,0,1
c83f5919085272101ef8ba7d53088b53f2dd701f,0.3573749,0,0,1
613074455600ca29c046f4243b8864c69e52fca6,0.40071216,0,0,1
16697df6cd0170deb51497a8a8969a2c050b1dcf,0.21445288,0,0,1
77d03d6a7547d3693f8fbbe2197fa9ad9aaca399,0.048938923,0,0,1
124fd4291b03b174f98446c88b76fef3990d0ce5,0.073921956,0,0,1
63ba3995fe16a2af9e9b1b206d3bdc517310f53e,0.341601,0,0,1
51c28e617000c69aedf42581d88d0e5b11541a50,0.050342806,0,0,1
c9960cf37c0a661b3b9b1751867619a61668f12b,0.1451562,0,0,1
592a745893adaca307a7149a856606c9ac093ef3,0.38904858,0,0,1
11143a48f3942794365840c46ea0c07814442da3,0.2245624,0,0,1
b49f070b7458bf7a3e4b6f3775061a2264fdce12,0.07840043,0,0,1
75d8364771414b52179e7084cad838b6c0a0660a,0.057785124,0,0,1
fa8689232f77a6a59d6f872edfd1817c06d71239,0.21377975,0,0,1
47e9ce67f70955b69242246fd4c595193f115bd5,0.24493058,0,0,1
5893df78bc679834004ea94f074ed7b33d2c92e5,0.04484475,0,0,1
72a6bde63237bb1ad3836df48b34fc25f0157174,0.11843726,0,0,1
1e725084aa52844723cfb65662d54ef2dda2f135,0.4328852,0,0,1
4f65001ed266b95cb46801d6c4b789110a0ecb2a,0.08690273,0,0,1
5acfcd51b6282e3d8378a49032da149519bd0350,0.13633381,0,0,1
dcd4b69905294286428e17fbc1f344308abe0d9e,0.04220124,0,0,1
760e2d59d84b218746d93ee3212a980ed04e5da5,0.4258644,0,0,1
a23b9b9942380dec975758091348657052114425,0.22580795,0,0,1
38fc00aa8db401eefa934c9ebe40c0f0b7ae1eb3,0.44815877,0,0,1
f30165f1bee7e1979bec54b0b0003b9403707ea9,0.3599835,0,0,1
f88cd3b647cae3983ba0ccf6c63b83d9696f702b,0.25095016,0,0,1
971e5f1d2388f380bbce0f1ccae5f914227413a9,0.25953564,0,0,1
64f15329caf0ad73379f1a45aaf2f3cd721e5ae2,0.21125542,0,0,1
fbe6c2efe450d306ddf00c45c2679ba9806ec30a,0.28424972,0,0,1
215ac3d7536b9a50e0de482f3b9feb5634910188,0.17592196,0,0,1
909f2c048ab6f46dd9115ae8aad4298f6271844a,0.099958465,0,0,1
c0aeaba9bf2b86fc636c32fefc50e9d973539ad0,0.16751245,0,0,1
fbdda17ba982c5e4d7a5384629c5c370c975af4c,0.22520435,0,0,1
01a37288498253b6795c139f91c7633437ef3f6f,0.03780726,0,0,1
1fdb3a719283209e417d57b2d77ce93540de4cda,0.36000386,0,0,1
174f3ef3f43b680468d7535d5fa8ce3fb3a4d113,0.20648292,0,0,1
8ff705130a6c360e7d2009cb9f1a4d0a307985f5,0.17936254,0,0,1
a61f3728d4e2c6454dd0069148397745b6b3a5bf,0.03472609,0,0,1
f568436033fac9fe4dc9b38342a029f20c79dc96,0.17150557,0,0,1
e5d9b495607bbe9b85e94e449f169ac8bc76bf0f,0.33504653,0,0,1
6f7e19084444846c61347540aeb2f1876a95bb2d,0.18720737,0,0,1
71dd92c686e224881a315ab28eb3e6b467f14aaa,0.18880412,0,0,1
3d51f8e3df413ff487bc4ace382cad5e22a9a1f5,0.061216433,0,0,1
4ced0921710d931f6157c9d6112ff02d25860406,0.061173547,0,0,1
46641137d0d0925c07541a5af66ce9a29c42ab6b,0.19604595,0,0,1
754f43703ab3e4c9b0541222b5df47fabe148e13,0.04700727,0,0,1
007901c19daead0f9b76fda63f4fa67518206d1f,0.39032412,0,0,1
55c2ef2fe79d24677becaf2430c6015ffa0ba52c,0.44975927,0,0,1
b9a2cd846922536904c71eed878deb327e318f21,0.52386093,1,0,1
d98161380e273e6360c4a73ba9d4d41111c76422,0.5366601,1,0,1
637d107d1b3d4952883333f27b101226c95e21ef,0.5137897,1,0,1
3c5212670a01b1f6640a7f1786656632d707fbde,0.40374374,0,0,1
856f110f028e0ed00f20cd711c67dd0369c6eceb,0.33056027,0,0,1
00e2128980e09636965a56bb76fb81be389b30b7,0.43569207,0,0,1
513a8483f47099ee72bd256e4055b623b6f93af2,0.2749886,0,0,1
34c4e30709a057ec34b58415a1ca2cd75909edcb,0.150416,0,0,1
d61995f60e8deef0a8baf9712c3d3033e2a8f6ce,0.25911465,0,0,1
3f69e986780d65fbc791b530d5e80a0b29fd3a07,0.27813643,0,0,1
a587059e6c72704964a0630adc1249be0db3faed,0.15264416,0,0,1
9f4380b6c2a7479097d30985cd5a079625da0d90,0.14235796,0,0,1
0119cc87f7518cef2c9af49c87a7d17623f36535,0.252734,0,0,1
a16c159f7b7d329cf5533d2292ef08a1d398c587,0.34750402,0,0,1
a38302c6c21a7d9739933b0637ae51ff2e29d42d,0.29162103,0,0,1
7c3d011b00bf62a8e8b0663324ec8f0b65370cd1,0.3011739,0,0,1
47072b3835089fe58e2abc3d17146557e2adea12,0.61115426,1,0,1
c002c76720bcff54ebdb429bfce3d75d6a7ea6b2,0.37931228,0,0,1
ceb088f333ac5acecae1b8e80a7ec9a81be530a1,0.0738627,0,0,1
8f8e1d75f88de42a4a92b67081ddb397abd24ff1,0.064599395,0,0,1
0c5de32c657ad3b1e2f2ab6a0949ecc2c354092b,0.053422086,0,0,1
5b8a1da763d387a7e8e2c7c9c0c2c1744e579601,0.32577682,0,0,1
7177608175b331c73c78a1111b0ff9f82ad94887,0.06267739,0,0,1
0345aaace8773fc0eb7bb0c4cb8ea76155a66f7b,0.0638959,0,0,1
cf0e5a5364d13c840a8a21fd23ce87410266ea8b,0.16268684,0,0,1
f848a328a50d436542bda186c42caab6ab037341,0.33820063,0,0,1
a47961a30d9bf9ebbb3f45b5de4316e4a6351150,0.06422235,0,0,1
6f7f07847d71fb3125eba80ee9eb6cb0f5710687,0.06096408,0,0,1
ebb6a96a2b7be2cd2e7bd55f4af329b41e0b5b0d,0.2301212,0,0,1
c0b874406621ebda3c44029ffdf0f6017d6d8c22,0.2851797,0,0,1
f9b202d5fc01551828216a11b6ff2e0b0e24f976,0.50365835,1,0,1
0b2a0c2cbe511debb4e7d884f0262e8d40abaa97,0.4615327,0,0,1
23cc0ea22911ad746259b61589f7a75a4e34d4ab,0.31402725,0,0,1
e638690b0ddcd63f55aae62e927cb2292f81ed84,0.4341489,0,0,1
2aa17a48b2b1e3704f7c3230e5a418509020ced2,0.5305017,1,0,1
52ea3c337615e386507dbafa686d1f02c03a4c82,0.307198,0,0,1
8688adaee68dce1c54c05b44946635973b37fa06,0.04400581,0,0,1
27f467b4eab7864a4ff799fb2289cddd2c45d30d,0.44399834,0,0,1
1ffdfd2ad15f4f62b9474a2ae72f2ad0a42c6a98,0.036195602,0,0,1
24c8eb250b9c7dace0efe91fd1f36c799b174606,0.29522413,0,0,1
060cfeb90df4fda2d572fa63225c63e304c8615d,0.34501132,0,0,1
3ec04d06cd96131c7d2a508e1526a07f33efb490,0.62192726,1,0,1
ec3d2af993826b57cf47446d809db2c8b49c7a77,0.45397574,0,0,1
f79ba553c602c9cd1a673c30db79edb6b38f0db6,0.58645356,1,0,1
3e6117dacd54430e555a42a5fb8177f4553fdab6,0.51969934,1,0,1
7ee877a4db8c6d6871444abab28e95e9dad7c932,0.3947806,0,0,1
00c3c8dbf20322d372ebdc28c2b9fc25926a766d,0.3248943,0,0,1
07c01318ea4ef19ede234484ed102f94391cdcbe,0.03885991,0,0,1
f56aab06534e643ab1e413c36e367fa25e24621f,0.5047021,1,0,1
6d1c4002aad95031c84bf3bfa777852492d23fa1,0.4071567,0,0,1
7e3c917567dc3163c2228dd01e4ad90dd0b76320,0.46310613,0,0,1
bf173920db761927c139f86745df368f45c4e37e,0.4895902,0,0,1
167676d596bbbfe82a52f0dae6847cad025dc095,0.36465874,0,0,1
8152cc7a1a7e56e4e4a4e70a1f552301f576857d,0.31023487,0,0,1
9c24b00d32acfba096d8b3fc12168bbe0ac4ef55,0.31292292,0,0,1
5184d3d390f3c77fba1f05f83a8965b4c398dd40,0.10016252,0,0,1
0e6578069293282865a3dd4843d4f80f52476e7a,0.1635297,0,0,1
81e60b1eb541557f5be44e7f663d5a816fa90227,0.035488993,0,0,1
e25b6fedefdb1967fee9f64e0d0242d6472ad828,0.4046193,0,0,1
7f8236cfa274504e0f59b95285e7fbf2efecda90,0.45507774,0,0,1
ddcfef13549be8395d2c9339632b3ebe80363d49,0.4458053,0,0,1
dad7386767de599295c2845cda7072e048d2e021,0.08251982,0,0,1
4a5aeb1abe8ef10eeb5488e04e688e2daaf4eedf,0.39606473,0,0,1
13ce8fe63c8972c54ca717055c231bdc487d479a,0.39849392,0,0,1
8c12ad11eea80440bbe691cb50531c70f53cce95,0.043100756,0,0,1
692be5e1d4326c6e505c10e8dfc3adeb7958bd74,0.10061746,0,0,1
26acd219f08cf99be718f2bc3127a41dc33df6a3,0.4959552,0,1,1
02dc8c7e77db316553699f0e371f3e7803d3efbd,0.5116061,1,1,1
f7c09b93c2386c6928a082e96d1ddd0925a19092,0.49671245,0,1,1
aad6359c39d59176c51e0d4e5ee31def1bc10077,0.399658,0,1,1
50a7fdcaf8fb9a684a96568ceeb8643b4941c475,0.59665215,1,1,1
1170279dc85c2bbdea594b053c56b379a72a2104,0.69970536,1,1,1
32eeb20ee9096257520cded0d1af33d4664f8619,0.31845462,0,1,1
27830ee8c22d74464fd3cae4e662bf0ba97e887b,0.617363,1,1,1
59ffcad15d220c2bc1f70f01d58bc31dec04b423,0.49783966,0,1,1
41dfac731ef973b03f70d8f9c01afc67bc5f311d,0.53198326,1,1,1
199dd8dfd1cef867ad8712c7565f090f81be0e7f,0.43447605,0,1,1
61bfd7be89e97e204caea839e37c67c6f837a710,0.38609266,0,1,1
8d52f694da0484cb2783a8b35dad845322af0c07,0.50559956,1,1,1
750d338864a92521f4daec993af7ef0aba9d609b,0.23149599,0,1,1
4dc97b64005f0083b2facaa70f661138a4fa3fc0,0.6639829,1,1,1
513f20ad26f2e940e9224be387eafd5d9c58556f,0.27376106,0,0,1
bdd455596c53a97ce5edbf616a30f33d278ae41f,0.3808183,0,0,1
0986e7970561a77ade9bdaaf701e14017d105464,0.69159156,1,0,1
39acf07bc85fb77c2eb287d05302948597ccc0d9,0.42223912,0,0,1
9b24a71e9930d7e929f9413c769ecd412fe830e9,0.18961127,0,0,1
def9299707ed1063d249559f0182f0fe559d33be,0.15017773,0,0,1
baba8cc875f5b197c08123b2d9add4cec3772300,0.36547828,0,0,1
55d3cf0ae5dc7b6f5f9f60bae65c1c5abf196b18,0.062080543,0,0,1
19b55afedf54bfc9e3b08c1636251339b2be4c42,0.07679583,0,0,1
c6edda83ce73bd42f5dbdb92eba7f9e4a9264d58,0.07820898,0,0,1
a4fc3e9b714e9c91768c04f6268179ed582dd922,0.2986696,0,0,1
84ca5c79e31dd177169f4c074da5cb98fa1cdedd,0.1016205,0,0,1
9a9b83857fd20c38a520642553c9106de548854f,0.12201245,0,0,1
cbff61409d719d08c711baba4e89e03e2397df79,0.20221058,0,0,1
6b47a571b665934d81ea8b3d000a3b56ed1310e5,0.2834729,0,0,1
016222a00fbcaf6870f4552d5f27b7a375412340,0.52326167,1,0,1
33a52972db9afbe9baf2be23d8faeeb9bab01ea7,0.39861426,0,0,1
00f2cbe0dfe83947126fbfcbb6fa186899b555aa,0.24796699,0,0,1
5a62c007b8b791c025cf2d4d60bb6da1aad86589,0.24603048,0,0,1
13f756d83675e7bbdf62d3375cddae8bf4bcc599,0.28689715,0,0,1
27c4c88da63eeedf546d6a4df5f8cddd43069537,0.18380179,0,0,1
5509eb7e31b74667950d30d166c77428061d6b4a,0.21355039,0,0,1
c0eb48f7e83987c5ed112b82f0d651aff5149ae4,0.35997206,0,0,1
071dbe7c211380bd4bed252c9b7a767279d112bc,0.45871794,0,0,1
586296992e5fb4d68bf87c7914573813e1fcacd9,0.33106458,0,0,1
82ccf0ccee1b0981198fa67c1899b38656c0efc0,0.03866069,0,0,1
6262740b678153a5f8a4dc2774f51f0691167e87,0.05814438,0,0,1
0c429b4b93406ed5e5877b613c96ff8d81410330,0.044067148,0,0,1
0663e3e8c502118313a6c577758912c326bc19d3,0.052220013,0,0,1
c8bdb9433a203f585ca750f326678423cca328f9,0.037584204,0,0,1
6feec370c38a8776be3f0cb17efa720750377b30,0.053443674,0,0,1
e8db278a29e0b363c8fe22d2cbcdd7db36b614b5,0.21655793,0,0,1
9264ccd2857cc25cabf6a309f323dd95ed319495,0.14457572,0,0,1
d4e1ad171208fc1a63de63b4a7e4c08e43edc41a,0.57804465,1,0,1
ed1723428847e2e7c24e9a8c3e379fda0c0f7496,0.22422425,0,0,1
49f8c2a817f811bdc9fc3e7f550a8e0b13503e7f,0.12729031,0,0,1
67325cf97946f053da51dd358a9ffca0a9676c03,0.046028476,0,0,1
0bfb0f2b5ec98b5fd85dd5ab58c6a4dd3c0a821a,0.14665014,0,0,1
2bbdd4e503e69fc06c5d371c15eec14258eac6d8,0.07408587,0,0,1
6af248a09f5ca72a7cdbc6a0c0518026d8963149,0.05350291,0,0,1
c7be7b41fb1a8da249ebba27df1b2f0f4ffcdb17,0.16403174,0,0,1
1ef212e0629d8b19a3b974cbb428a1f000f1c540,0.33538347,0,0,1
56708e632e69a889eec8bf926bb3551ad53ded86,0.06378842,0,0,1
539869352a5f4183028a3e6b33b4e002c5053ba4,0.04971391,0,0,1
6e6cb12471757b4d2edf8ce110855fa6fa7c7329,0.2644737,0,0,1
a5f85b0a383d9983ddf0dcaeb744f7ea6b5c27b7,0.037298225,0,0,1
3c8b03103f9a120be50b9e81f738ec1b903336e9,0.3481694,0,0,1
ce81551eca5b514ad588c020f9e89ef0b9da90a0,0.21393506,0,0,1
a053fefc0e9349ad5e97ff2353e3a8cf6873bfa7,0.047063623,0,0,1
7c58d8a9919c5c9dbc1485a21d56bb3f37444060,0.7130574,1,0,1
8700816250e849d9f8d0fc402b090aec6ba7ab60,0.52063155,1,0,1
e896a18f4c92b81837982ae7d678a8618d09293f,0.053078093,0,0,1
dea25cad0dc2fe6163dfe78dd0d54a385e2ac676,0.04988857,0,0,1
6c870782ecd20e5d460f8454fff316834710d4f2,0.14235498,0,0,1
2df53eb9e85e7151b0115e3d293398f4b8b6a2b8,0.36264747,0,0,1
2541eb43d2716599ab687bce2a61751a3ebdbe9d,0.04681812,0,0,1
e191b9ca9486f2b4273ed5effba490c27a096ddc,0.3231095,0,0,1
35ea189f533c703906d9f770dff684c4557b18a7,0.22171248,0,0,1
afe78a030b57e3f74825e134d6615ef4878778cc,0.05396133,0,0,1
76e45d6a50da6228c44b04a565dca96432c4b197,0.07587826,0,0,1
6a3aad23990b7965e726f76653ba3513e5adc836,0.07346804,0,0,1
5d072ef89fbc2532f621a5a0b4d6791cb926a997,0.04905265,0,0,1
b9c2c119c18dea618854e43639284a6eb799c925,0.2769901,0,0,1
e76397c0c7f7889f82a0a59203ad16a673f1e704,0.46983865,0,0,1
b34408aa82918b6fa8cd4033921d0331d8ef2b5a,0.10044927,0,0,1
7f292bf8cc6770c47d5148d92f2ddae051afd332,0.09250635,0,0,1
57f493adef716d49ed1fd2f4e857febfe0a48aa8,0.05011562,0,0,1
84dcf5f3e54ee40b806108a713fd4c334900834a,0.37578383,0,0,1
344403579a552b26c0a1ab79915b7c91aac4a13c,0.062036842,0,0,1
a9159aba0efda305e6985f904072bfe82ee2a1d1,0.08221851,0,0,1
ee4ce5f4ece734cb6d3d9f0e215e42b565290fdb,0.038493015,0,0,1
c65777acf65ee83967ca394adb6619330be9790f,0.038967,0,0,1
699d6f0eca65837501d7ab7a92ae2c614f8e6cbf,0.055055734,0,0,1
109a55735e2b93889e6fcc5d8b867451f291e9ef,0.48425815,0,0,1
4d49a1953e287fffbd10ba2707ed1b3806eef21b,0.1614334,0,0,1
e4e9fc66487aa7386917030810fd468856483ab4,0.10115535,0,0,1
9adf0d7f6ebd27aee0124c73037085abdb048748,0.07823495,0,0,1
fdfbd85433facd2259fa8bbb45bfe2e99bf9f432,0.038234763,0,0,1
c3a83486048dba356a8f6638c5cbd1eb12a93bd3,0.19312438,0,0,1
e23402c1dc133842c1acef0a2d7cd1f386647de7,0.05794146,0,0,1
718b2bfcb7b5d94b6def4d7e89f6ebc49ff11563,0.22026344,0,0,1
22a39cbc721d5c0391dea1ed10e5350f917c79db,0.19255349,0,0,1
b38438075dd34fcc19c8df877446e4014ed8579c,0.17595409,0,0,1
87c5e5377589c4fbbd499010a27b1e345ec38224,0.053531196,0,0,1
fe265088974f937c8a9626052dd5d29b1a207dbd,0.27844295,0,0,1
7b1b3624d78e659e0bf80b061756d8c6e08640c6,0.24302965,0,0,1
b2da444800d4c5d472da58a6b776891621d11718,0.36079362,0,0,1
76c4ec233c1a61b1f46df6d6847b889c0a7a978a,0.35866264,0,0,1
1d031d6eb6e6861f38e228bd587ff74e7f6fcce8,0.3628549,0,0,1
426cd8c52ef1732ad3a57171429bf7704d80bcc0,0.13613136,0,0,1
24df623ed69f86a13a2ec453f480a4e3f93b04ff,0.34601432,0,0,1
14a08584c7cf63dfadddaeec102820f9de901c60,0.2539345,0,0,1
d9406824aeba0e977c0692971a6dbb2e62823886,0.37148592,0,0,1
6c3a1bb78c3e92fded50c1c1e9f4c3e2e6e9dd4c,0.2371759,0,0,1
6aa7ba1d927cc57769d4ed589326053849b235ea,0.2720492,0,0,1
3206b41cc6b60ef2854273ab0eee5e406f9f6efa,0.2129283,0,0,1
c1d92d87157b7d5a27aa989eff14e302e15f96d7,0.37779307,0,0,1
842bf6f447aac7d05c75c6143a5affe9e383b3b3,0.470315,0,0,1
eaeffded81ec88f4d0e7494bd544821412435ce8,0.03697473,0,0,1
59bc597a256f0146b5bb05d951ae2d84963cf3df,0.2767198,0,0,1
51f13c846dae950e1d27693c9e23c1063945210f,0.10375231,0,0,1
81210eb267181b766acaf201a424a80d96bb5bed,0.15542448,0,0,1
209976ee53c9b584c013a9b0b21ec98ef733c6f1,0.28886342,0,0,1
5e3359388b0732fd1b3d055036187525eea76521,0.4363484,0,0,1
ab2aa8d6fdcdf5b3d326e7e86ac9d045f4859e98,0.32197353,0,0,1
e180578289a5c65e19e430bd3300a72c9ba97a9b,0.09339003,0,0,1
d6beaa363bca8324c7a699ce797a89698d49ba54,0.33931798,0,0,1
65e1c9c38becbee2f84d822cd65fd7dbce42b903,0.36526152,0,0,1
822bd135f3a54b8fbeb23c313535b13c18198c3a,0.46984696,0,0,1
9e2b2c09732ca596331f7ca34ba4e0f03d70093d,0.120374806,0,0,1
a7bd568249f9ec20b69b2a700da6a0648e93a842,0.088267334,0,0,1
c5f2e40e7a8234fe48e08d451d3152ba58a03ac6,0.054036677,0,0,1
9d432121e1c60557da3e159252a88885944e5f00,0.09151251,0,0,1
0c838a799ace7673e721bd29f0570097eb8f2925,0.09198277,0,0,1
6b57d2a14089735cf1c653a2717d05023a3be441,0.06888366,0,0,1
79b4df582d0035e196d4dc10894778fae58311ce,0.29459766,0,0,1
933796e9330ed5043ad8e76d9fa2cb8b1d3a8e3a,0.34157306,0,0,1
2a915f5872beca562a72a1ded95652f87b5daaa3,0.40187386,0,0,1
31c0d3a8e94b1016843596acea17a63bed9d4558,0.071442224,0,0,1
e95134229b9066aa2f1d312a53f5a670d271dbfa,0.31122968,0,0,1
45fbfb82fd1f5168a7183e78ece89da7a60e21fe,0.35127622,0,0,1
d675cd1362d502de0a94e0ff4d10e9c4ada579e4,0.19960096,0,0,1
f5c46b9fc80754c601205e6ef13c5b7e9a5003e2,0.038894113,0,0,1
722a5af4f1786599f22e91a34af459883c7a6a8b,0.31190783,0,0,1
5411db017b093f0995a9b7807a6a4dabb0f1e0ea,0.0374471,0,0,1
31e141019010d27dfb3c1a1fb712433268b520f0,0.047478635,0,0,1
419ad3e4aaeb2471c86eec1b6799675a70bc12cb,0.085583694,0,0,1
d357d9d563c4a34fa2ab3cdc68221c851a9de4f5,0.29889134,0,0,1
bfd83b00eb5743ad4ad0d24957f84b61ef9f5f79,0.060127184,0,0,1
3378280035f388157e007a06f7fcb74698b91e3e,0.0869632,0,0,1
41a3e9c52d52f60d121ae99d281881a55e006bca,0.4248669,0,0,1
a64b4cc5329f2275a5513b12622863e99a803a24,0.082186066,0,0,1
c295a589777a35730c90b26f28f7cc938d4053e3,0.1671403,0,0,1
c29e08e98a4d1f12842375cb8fb259b8e5054b0f,0.047113206,0,0,1
70b9170cac5a47f6d55cdced51e94ac9a8fec28a,0.06872554,0,0,1
d4f28d7ff397386b208823c577180938e15769d3,0.4139783,0,0,1
936b820a4e9b9f96661c961bab87e4ec05ca0574,0.4993458,0,0,1
92a07f9aa109f0f55af963f86e466c80718f9466,0.044085097,0,0,1
8d5c46f420fe3f7365579aabc8b40912a3610957,0.12551858,0,0,1
5899f1eb7239ea26291b9e38490f5922b86158d8,0.44982594,0,0,1
46a2c6bebe30989d51d59e14def38a82e8edfd78,0.34889263,0,0,1
4d5e45cdb44f61202ce439caa3d417813375f9b7,0.04057329,0,0,1
51eb5df8b27103169878575cb421e3181dcfd525,0.114591956,0,0,1
9198e9498fbbb81851048d0eb71251046f16987f,0.037367467,0,0,1
56c60017199b255f38843e33beef95e8d767a10a,0.03713044,0,0,1
73202a1e336eccbf9928bcfb5a780a0b97a49680,0.040201947,0,0,1
27de9894f9e9102eac91fa928eb1443001a89feb,0.06375221,0,0,1
ca286ab3fba24ff27294bba50497b81978b27bad,0.07811562,0,0,1
bc8773df85d2db0d2d5bd99aa69d7e7c795e7aed,0.042477164,0,0,1
7c6520ec7b665c28ac4ea97c02b54151c1f6fadc,0.08793432,0,0,1
25f3713d9280abd57a49a9979a23d4ebce27732f,0.04450721,0,0,1
d654978ff5a8980c0efe10632f55218f4de4e6b3,0.06448144,0,0,1
2a31bc5fc0282cbeffe8e41c1c8c576314b4eec1,0.040943652,0,0,1
4ed92759f28026d813b59a5ee66384043e3fd513,0.107448794,0,0,1
fcca356d6a1bf190d335ed1db4cba5233f7b24d2,0.08749885,0,0,1
14b52eb4f630f32c66122977331bd894b9474978,0.19527179,0,0,1
a43d2fa2f74211881eaeb4188dfe330f905c8342,0.08550568,0,0,1
e460f4f93817bea10b2fba8aaddeb892421d2668,0.06313553,0,0,1
36940b6418283806ed10292776c9c4269923e1ca,0.36499402,0,0,1
56f2a758983611adea7308e90ae9934c973efa72,0.5272027,1,0,1
72499caf6f7905122c97987953a313bf1c95901a,0.1698657,0,0,1
bfe3c22bc3e866fc499433faf57a9239d4f6e1f2,0.2246096,0,0,1
928da12b15c987e16b2481c43614c8e868be1c04,0.1700268,0,0,1
5e223a403e65992d2d18b1b8cab5da2c6c1aa37d,0.09877726,0,0,1
7379cbb2fe7b69aa871127e64a51763c445a570e,0.04133133,0,0,1
0cbb22ddd4cd4bd356dad0e8dca8dfe1080aae0f,0.034762196,0,0,1
d8e8908db227ec91608b386a65b5f8559d92d8c9,0.35660484,0,0,1
06033035f09c662020ffe0300983697c78d3039a,0.050791215,0,0,1
6e2ac190ce379fb19acb8b5cf06c0a1b25d19059,0.080398284,0,0,1
dcf6e82f8610b89075e00711e186792053928c7e,0.04543509,0,0,1
84a0d90783b095775b5d14b2a807497862d80db5,0.04964681,0,0,1
10c8db1b1ae0fd9be8b661dbf24643c0a9012d68,0.055968367,0,0,1
4f50c37506de036bb34094095aaa6d4d831bfbb7,0.047189433,0,0,1
30280a9ba706b330cbf6b18e6f2f6660743c0f16,0.50492215,1,0,1
9cd31226588fa303886b9daac162d5aa753e8e15,0.35909444,0,0,1
d19259a7774e23ebdaac4af5ee4def8602fe2969,0.08177966,0,0,1
2736b6fe0b3fa22ec8e2b4184897ecadb021fc78,0.08355276,0,0,1
d3fc1a2877c165a57949414f5737ef00ffcd867d,0.2951099,0,0,1
ed15b09985a073d0b17769bb9a28d3e41419a43b,0.082216464,0,0,1
459cebc515b11fef06464b711b3b33cbc1dd8c26,0.1074335,0,0,1
947c01f6d8000122a174da3d668208eec877a799,0.06945272,0,0,1
72d00532aa8f0fb96371f01688ace8b9d53b17b8,0.07023098,0,0,1
27fb1044f1f244a9f8841f059392bd7e595797a3,0.5164492,1,0,1
467386105ad855e793a09632142c00cd01c5dd10,0.45049685,0,0,1
9e405ca54138b63a4daff58d14d0527fef1e8e66,0.29022068,0,0,1
0f98e790a43b17ae1bb60d264931fb4f13300762,0.57021266,1,0,1
8f957f527b9048f51aad91b544bed35c48bcf3a9,0.39678234,0,0,1
f03149e07dee90b23369d1cdb7f15c142df5e31d,0.29980445,0,0,1
8993c0060e4eb2d5bca20e3529a829a9dd90efdf,0.6952738,1,0,1
48f7e179e4c5f4e59afdf0bfb4ec5228692e00ec,0.1487853,0,0,1
91a94d9f47b2bc928eaaf83d7c9dd06c235a2824,0.26163778,0,0,1
b498cda5bc8d834ab311a6a3415e990100d8a81a,0.30903137,0,0,1
276b2825778c0f6286ead1dac0dfe5fca307e77a,0.3622553,0,0,1
e4e03ef4c091f5a35da0d97a6a35224197b8be02,0.6036311,1,0,1
d24dd1a3abc4624be55c0772ae4432686ee18792,0.46548307,0,0,1
71fc2c4c817a8c9bb41650d5b27a89e207a68c39,0.4876145,0,0,1
f0751b65cf680456557aa1bf5c56b12f5c1a0fe0,0.54969656,1,0,1
d08dbbfdbc41cfafa122abf06d39ed543b473464,0.5001065,1,0,1
a4705cc3c310ffb422336b319891f63eef021f1c,0.05791554,0,0,1
e996235aeb7908c74e85fdcdf1369a5e46672169,0.038241368,0,0,1
0aeeb46737c5e4a5d8c21c26e6793956b0296cda,0.24121259,0,0,1
fe38f8892a2e99cfb6b941c48a57e1415d7ab223,0.47216362,0,0,1
7791a851c4a303f47743b156007fb19c6ed8ed81,0.07481493,0,0,1
9e801d916c3d163a4cfcc822e50dd75ac7cefcc5,0.035780005,0,0,1
ef0fb794d49e9184913581f561c87ba8c62d5e4e,0.2633829,0,0,1
0298305934801cf65136ce20c59dd133d8ee4d17,0.047374457,0,0,1
9ba69d7b9af1ab71e0ca2d0044f464261ae6a199,0.2041274,0,0,1
c6b8a383de96cd0a8e94037a04510f162e4bbc68,0.05275604,0,0,1
44c5c5618d924a06fb9adae7856f31e75228d987,0.6039379,1,0,1
c97e637951ba8bedf74725a62644d7578ce1aaa6,0.31822795,0,0,1
7b813b674adc6c94a6c9a19524913c07b7d8bc9c,0.283424,0,0,1
559de2c461e94ab636c959149c775bb27111fb48,0.6846569,1,0,1
16c983693a235bdc45c6286a1e7b01d8ef58907e,0.29884434,0,0,1
3ad22fe3d689781a76a92908d0bbc119b2c68892,0.36519086,0,0,1
e7a431fe539df61d38a602c4c44820f1ee0cc4a5,0.66754586,1,1,1
762c634e296d2c32a5658170ab2b613d5b087f13,0.583153,1,1,1
b17feea4827863c85207c0aaa5c8c5b035d27df1,0.8320586,1,1,1
eba2b2899787ef0476c1dd8852aba5b0adb4f5f3,0.8416833,1,1,1
8691eb95522d9421a8b2883bf65e535d581f1a06,0.50873244,1,1,1
6af929eb622b07742d4eeac3b754c60ad6a60a3d,0.80480385,1,1,1
2a9e8302789d593dfbcc4ea0f15ec73284657275,0.7251594,1,1,1
1b91a77c1a41a57799da93ce0ba3a4b58760148e,0.6838915,1,1,1
4e13be179dccbf311fced2a2eeb71a04db170bb7,0.6612721,1,1,1
8cfccaf4c36d98e397ba24083bb99be2509462ed,0.6912787,1,1,1
eae26f2ed787c88c07ccb83f0e5550689ad47bca,0.080273636,0,0,1
4b6d66fbc021744136d02733ecd375cf1fde2bcf,0.3678264,0,0,1
1cb454d0221a6ea535f1c0ec5c5abcaa3212cf1d,0.25203896,0,0,1
8d4b217045ac12013e9c1986dab89451fceb478e,0.38851494,0,0,1
5c7c7a419f7dbbe738dc40e4e00dff3637b38b13,0.50700134,1,0,1
de4356072f1dcbd81f721c17be39625d1f8cdbe5,0.40650946,0,0,1
87d7236ce1ba34d8087b8485d5e190788239e01c,0.5649482,1,0,1
5c83e0659cdb4cb0651c31c59f37a5f053eae155,0.07883648,0,0,1
f9357b4147f0feb2e613d6a9fabc6d073eea7b4c,0.80637324,1,0,1
cbc4aff11a1a1cc5c18efa68877379b9b2bca30d,0.63855475,1,0,1
81b311fd0d2a084a0c29740714076218fb6c2302,0.6448869,1,0,1
f8b79d0c21165faf4dbd620cbc6eae9dcd3ebf42,0.46952957,0,0,1
70f580a56ae8edea6178be6b2188472f87623542,0.5442725,1,0,1
a0ea8ae2761be32410e435c8e4b616711fa3e4f9,0.08887323,0,0,1
a8b7f6e98ae201787b6a77c00531f83026c6eb4b,0.38174295,0,0,1
aff9ec4e0774f915b9816a177a55a81ba225583a,0.15446848,0,0,1
f7c21753a9f0e43a08543d43af7e8564b6f33a2c,0.56245315,1,0,1
64b682cb6a0ab5976596065291fd07eb662c5a73,0.39254293,0,0,1
316af191841ab980570d0c3c4f5f91bcef1d45de,0.48473042,0,0,1
1b43f08e9e06f604432e20d5d8feba05afdebd1f,0.3996473,0,0,1
60de0da4acbaf41818ecee2e0930c8e9e9257395,0.5945992,1,0,1
21b8fd06473bc5e6c35b80e4d1633da283236487,0.39792675,0,0,1
19bed73bb2fd71a1be7a7f26b132c47d5c81fa72,0.40812787,0,0,1
77dc36f5644910cbffbedb9dbc7e0b118b14fa66,0.3983928,0,0,1
c06cba3eda67d5e2ba02f6efa7296c8927af13fd,0.08028265,0,0,1
e2f293ce22aaeff7c467aecbf6a3299e71d37a07,0.39572182,0,0,1
753114980a2c19c86244e26198a712c77ed3b247,0.6645336,1,0,1
d916c50745b109551d81471f408250a2ec18ec84,0.511369,1,0,1
3661f45140430ba0ca99445ecec70d16610783e5,0.6838345,1,0,1
67ace732f08e5ac19bdf011412379a8d43387541,0.7499227,1,0,1
e5138486b700aa657c06760d60a7bcd6f1b05a62,0.55895984,1,0,1
dcf5c40f880c86d800a4563dd203e5fb89f3cd8e,0.5129238,1,0,1
07ad5e56818b6937986a1327fdf13102f9baad61,0.63084424,1,0,1
6ba9e778ef1f99a80f8463fbf68b39e02add6797,0.24761179,0,0,1
757057addf72d587387055dd964ecb2a562a2cc3,0.399032,0,0,1
cafd9c77865ecb86ed9fd71637f2bcc87ce7e2d9,0.52836925,1,0,1
0c0fabddf6dcbf8411689df9c5cc29115da18be1,0.360105,0,0,1
a2c0152ba2c45680f399a7e4d74f898ae3184f39,0.4416116,0,0,1
106c77756d7e2efff5355d0587d17cc261ae2850,0.46300244,0,0,1
592c9464379f97d67a76747faaab1af2316febae,0.076028876,0,0,1
f7a651b096d56484d44a704fa714c2ad712f8f2f,0.692975,1,0,1
9b71bf1406e0eb9892915542232211ef47602227,0.3402496,0,0,1
4a2f04c88d459a2fa5a1619d91ea953662d2afdf,0.7158572,1,0,1
7496e853214fac4e15d70acf9f19ed0144e34e13,0.5984524,1,0,1
711846e5d03d6743205f8c747ab78c2ea43714f2,0.44156253,0,0,1
d759684b89fdf0d3cbaa033f8596f0a78a466b52,0.4639492,0,0,1
c204f7940bc73acd6893bff489fa970edbaeb5aa,0.09635516,0,0,1
5f9a44d3c5cfbbba360f29308e776f04cf2665f9,0.14936548,0,0,1
96099eec30e81f16efd94f385b45707bed515ed2,0.4974239,0,0,1
08f9a8924a1028620866565fc43b7058ded0401c,0.7419636,1,0,1
0d52823fd924b806857d4a5bec6fa9f5b6ed30d3,0.5814429,1,0,1
5db13dbb9e7e6b28b443017397c8db3f82bacc95,0.43020833,0,0,1
0ac04dea137e817031abe6ecb577f4d76db2e011,0.45529705,0,0,1
80a819dbb4cd398a8eca38008656ad45550d553d,0.55964977,1,0,1
be38c1853ffb59825df763d61239992b9aff9127,0.047831923,0,0,1
06104090a6edc145cbdc2858ca224c12cbf66aec,0.10037241,0,0,1
509cb24e2c759eb17556fd3d2a158e3fdf60ab69,0.06991193,0,0,1
6eb761413871082d2ea128d8e132dd5ac06bbf4f,0.067017764,0,0,1
046f547b562ba2df5bc03f9a5c0125840a39cb2f,0.53117746,1,0,1
e3c841e10f951fc54b51e7949d7a65f996c73b8d,0.41663864,0,0,1
b24e7f33aa4c19352a5aca076dc3880b3924ed61,0.3523057,0,0,1
4f0841e04d88db62129618493ff85b87efec7712,0.35469022,0,0,1
437ab1b6235071e572cb3fd39aea1abb6a9a78cf,0.34936997,0,0,1
251bf6b18f83b8391ef3dfe83157ef5c51148fea,0.059493877,0,0,1
a5d7dd51ec0942096afc8dae17abaaec09e93366,0.55508465,1,0,1
031f8ff3212c426ca7510dc6fd160dff22165be3,0.3206609,0,0,1
29402ee9790273d3957f70bfe9b281d3630d2f38,0.07251917,0,0,1
5faba67982689543f69fd316c38f16b7ce39225b,0.5643599,1,0,1
6f6f0f698dd81a0220cc74d6c10f545f23374bf4,0.05103795,0,0,1
de1d783fb598786fb054f05c027f54c79d054eb6,0.045779303,0,0,1
8847e59f64c43651db01a5c066c844940ddbc475,0.033706963,0,0,1
ad21dbcc8d97dbf7b553a3e1cf6c908854ff1ab0,0.43237066,0,0,1
321fd426406b6e60b6ea1bf9bf60857d6484f0f4,0.068687245,0,0,1
49768f8bed23fe42100474423a6699580b972a16,0.64283514,1,0,1
35e75829ef4a2cb124718e9a01301621d82ede8b,0.053308606,0,0,1
08233bfb9c8f554fa7b236d3dc7bd622d0ce154e,0.38905522,0,0,1
a61c3c544a5d116f1a6503af08f010f33ead500b,0.73151726,1,0,1
b4a10313c5c7017aa0afadca7ce6bce93278a1e2,0.7989104,1,0,1
5155f49df062171fec0a73480485926c1b428e2c,0.48529306,0,0,1
8233b90eb074a0d04c503bc0e23376d4cddf02a4,0.31894585,0,0,1
f8b4e224b0c719e4d9aca6b26c03214963cd6af8,0.38716,0,0,1
8da7f06a6b0c5c391c7062f3b2d348c87d147ed7,0.37411705,0,0,1
b5dd05b28613314e66cbd20906daf40424433331,0.42051473,0,0,1
5de358aad3eac65822bdc4c62f50af24c36f2b8c,0.63472223,1,0,1
b39a4adf6f31875e375435ca720a8d2e06ebcc53,0.295138,0,0,1
144d205df2fcceacd3898e9d9afe7cbcd5ed8340,0.6416586,1,0,1
81ec66a027bd860d6da043c3ec4c15500cd77b92,0.5292984,1,0,1
686d4aa79adb4d2b1e62a97e73ac150fb9f8b291,0.19327559,0,0,1
1cc51f55d6513baeb9948a53e23911ba68dc62ba,0.813387,1,0,1
a55b13b7a0aa77d3e194563126f22db057873142,0.44968262,0,0,1
99d942b5551cf24d539bde05df5f8add1f151956,0.24686736,0,0,1
a721a26fad811ba618ff4fbf6371a43f851fb21e,0.29268837,0,0,1
9fb7a6368684ce4f07db72c4310fc380388f120a,0.41486818,0,0,1
05e94b8229535800e57c82a04dea764714cd4ef0,0.67485684,1,0,1
3c8c62b342d0e5b666930e2cb2a42606d76e44df,0.6741478,1,0,1
d1900d3717dd2a94583249a0561467f9024872d5,0.105600365,0,0,1
a59d8f1b4504e30b36c7a22ef2e087cbd98a7553,0.23445721,0,0,1
6c5932ac952a1b3d335fa7217f3b54799321dd95,0.08683616,0,0,1
b2b670f8b8e0ff1a673d692be2ea38cb5fc54e66,0.09931988,0,0,1
c2656e9926477da08cd26d60e55691ba26ee6b9f,0.08733254,0,0,1
279f3461b310661bac99cf13791feab3f9b22c61,0.570754,1,1,1
8dd45d4129046ac0b4f819e916beba6a699bad23,0.5013905,1,1,1
0798c75fe3b08ce4128bf161622988c5b107c181,0.41487467,0,1,1
043a39baa8befc916faa0d4cca714b9fef2c19b3,0.52640796,1,1,1
452c628c21466ec4f68d90921c8ebeab362fa17d,0.5339965,1,1,1
01fd9c792b8a2f3a7206d43c21d34de8135eaf6e,0.53413755,1,1,1
5120797447ee6b029f483049db56cc4aac673e50,0.6854072,1,1,1
322b49f7267ffd5f1f4b7dc46b24912ec66f7d20,0.5514267,1,1,1
a352bd937f6f5473b175457baffbf0d6aad8ce44,0.30803224,0,0,1
d543ec4344dc0dabb0f39d4df1c0edfc5a4a1b67,0.39047453,0,0,1
c2eac3e4cc3ed56580d610eddc358d2c19e9b6ef,0.30083185,0,0,1
e3a8c9df14e8ae123c96ffae433a327693dc04b6,0.1814068,0,0,1
8598bbd763abdd16b9ecf7e09ae099f7acb0a4c9,0.2534372,0,0,1
8b1c2db40ee034c9f3a4d60ac3870791cb01ed72,0.30096447,0,0,1
21c6eb036c5fa43f5f2cfd1ffcc2be7263fd80f0,0.3502998,0,0,1
305f9facaba21515c001c64e78504e480bda07d1,0.075187266,0,0,1
c2319cbf65acfc6c42a1594cd98ff5628205afcb,0.06832762,0,0,1
edad71ad47d5f78d7cc93f2f281bfb3b60c56200,0.107489735,0,0,1
b696e321d599319a4bc94e055af27298c979874f,0.055858716,0,0,1
cfc78759480f2fffad23e33671f6434bee1d25c8,0.20414537,0,0,1
df673f2e8cd47a4ee3af18b78aac1b7c6cf80cac,0.24349488,0,0,1
d2d384e9b3fd15fbe608537fb82a806e09115923,0.35985386,0,0,1
ce75ee2ac03aa084ff859667d6f7876807c1a1f0,0.17822967,0,0,1
36b27da17c1088fcb7978b0b6d6601833b68d371,0.41468328,0,0,1
23d4b3363b867a3dc9c40d6b90831d0135691756,0.21254908,0,0,1
f91d7d6a911ed3ce6d6fb6751ae150342a7a0cc5,0.2667781,0,0,1
f4b76f86d28584f768e8eef740e2b3a9858a1920,0.3867137,0,0,1
2ab24146742814814a56c4277c8e25b2238113da,0.16519386,0,0,1
d70a041b08520a1588113f1fc21cc27ccb03d370,0.43156105,0,0,1
37fc91035983235d24e88368a7bae3de38789640,0.37637347,0,0,1
ccb7ab62cd014b620e0755788e7c7a9fe9d3c10f,0.19325815,0,0,1
24fa94e0dbe879517e383605c485c997b26c8da8,0.034782242,0,0,1
50c667a121b91828f50593850b94faaf846fd643,0.22410247,0,0,1
0b8ba2992a76c889864d697a7122c5e5d124d87b,0.38142318,0,0,1
4d24f9b5ab7fddad2c62a6ce47ce9542835a3981,0.056442045,0,0,1
2fc302e1ea9a5c0eedba4d27488670467c823190,0.043624755,0,0,1
18d5f4ba6e975408c9c171c316fcd38eac2d981f,0.04327903,0,0,1
1b0bba01654cc6912c7901bceaaa18de900030e1,0.042710364,0,0,1
59209e74d8ab3499afa52669c70081e0bfc5b52a,0.033709347,0,0,1
6557ab539177a1a130ab33c0ffb7c3ed3a9c6c4b,0.031363484,0,0,1
91300eb4de2b72c7dd6a2f300ccb38cf9e4fd99c,0.18927835,0,0,1
50ebc0f5446a38762932f9f7d202856501b2c9c7,0.042537533,0,0,1
71ae282ead03e312808b80b2cc3214b641496bfd,0.0380086,0,0,1
0822508475c82d83ea93edaaf6b6d3a7ace3778f,0.13799192,0,0,1
9cad8211cc6ecf280e031d9c8b1c0e985d70019c,0.054439716,0,0,1
3a88001d966aa3f9abc03e8116a3d9981e4a6cd2,0.04097988,0,0,1
891a13d5a9a328b20aeda6330079ce4f86e6a991,0.15761092,0,0,1
e97dc18159bfd8ae0aa14aaeb6b18d541cf03e3b,0.043539368,0,0,1
155333ae881e52a4ad49b3de6cfa848bca838677,0.33073026,0,0,1
f398b292b3463ffdf104db050849de74962392d8,0.09576006,0,0,1
f7c43cd216051aeff62194bfe1b98a7fe7f75c9f,0.3330098,0,0,1
03bf0d33143ebd13e4f389cd4ecac8aec17c2057,0.042879853,0,0,1
ead6ffdd5f924cb7b100b3ff7fc2cb9edc17a66b,0.04367365,0,0,1
698b384a95456673fdfaaac2b9b3088dfad6f2a3,0.04727344,0,0,1
c45994e38779957dbc09d74831aaa664e7031a46,0.048607316,0,0,1
173baf88e4d0fd247addffa7f20019aaf3ac9a2d,0.19549392,0,0,1
2503f516334f884a39ff9c82bfbd64c720bf26bc,0.31627223,0,0,1
4f3bab6fd20a46cab2d709c8d1e51de6956fc38d,0.5196793,1,0,1
b455d026a1c743e4f5362007479d8cfcf7d4e01a,0.25888723,0,0,1
69d178919b0d9d1b015c8d80ed2c6e338fb1c5e0,0.24061967,0,0,1
01c19ebfa73e98ea8d5a56d8c599d1e864938734,0.20690927,0,0,1
a022b47e7808d165401115a1b40fa655acae63f4,0.057020508,0,0,1
8e4ffb044bc78cb8c317e14e9c25b0affc28df73,0.1990907,0,0,1
05de0f3b3b7ef1785c4e80c14c3009d73230c5d5,0.048001513,0,0,1
cb9e256f9e69ebdbccb802fcd890d5d181cdd1d4,0.056487493,0,0,1
eae9dfe50078f332847a65db0f3d8ed9b330cf3a,0.04443529,0,0,1
700dd81e5bc3e30586b168dca6b8f54f0e81005c,0.38933033,0,0,1
6320e4fe55ca5390894042b4aee769b640f30aa2,0.19665469,0,0,1
69824a90e8be025b922d67e84def48e40fc71412,0.41301495,0,0,1
a5138f48e8a08b57124dd88d7b41e9ae99f4e59d,0.18963349,0,0,1
9e95e23f8b114a141246ed8ed4aab2a68c94d1be,0.20942132,0,0,1
4f92ca6011dae1649126a56ab0077d1a71083013,0.33244526,0,0,1
0110a996fdf2e25217ff5c3c54cbcc625e3f0f20,0.3546704,0,0,1
ecfd9ad84c9c4b7e1f09f7a8368f954f356e4e3b,0.20088749,0,0,1
7431e024984957b5fc1e2092ca304cf786eca8ce,0.03485595,0,0,1
3ce16ccad16c15f607227606a65148cc6c84e58a,0.2410821,0,0,1
63ba82ab1b6035bd26dbc615cf722c40f969691f,0.3038718,0,0,1
3721b60f4efb87035e18df7c789f40592a600623,0.26228958,0,0,1
eb0d74bc8ad21b9ab7f588a9fcf129001ca3d09f,0.054120455,0,0,1
a6a20929e0f6b25370a57d13f57815a6d06131f4,0.5505196,1,0,1
a44ec12c0f7dc53c50486177710801c0e8526825,0.21022403,0,0,1
c247c6e361bc1ea677526418cbbc2eb5ab2d54b9,0.10527973,0,0,1
684bd348e0496cda429e3f3b32dcd70cab85d5ae,0.045246262,0,0,1
27f1c3badc173b2e739121dce36b3a6634dd3a65,0.1358224,0,0,1
b01e9e0720f663f3e4fd0dd0a03e013957998f84,0.2467138,0,0,1
2d611069d28aa79786b7503346ba5a7c4fd3df54,0.20864244,0,0,1
8bbbe31ee3f78967ccfd67d2eafe5d5ff58ca8e8,0.15786561,0,0,1
4f60e5229d741623257a0053e613f44721418da0,0.145345,0,0,1
b03c73b9607fe2c49678d26ba19d9bf1b342e7d5,0.047661524,0,0,1
fe4cf39c6c7053f880dbedc6b0ba2ea1e66b2816,0.12537445,0,0,1
97bb5737b3df25c876719851eb59d4b2c68e5616,0.13709113,0,0,1
e7f0ac87fe0fda375e1ab1f61ad6cbafb321366f,0.1535708,0,0,1
0bf39837426e0385205ed287bfc4da5e865a886c,0.17360951,0,0,1
57e69040a10e6db1e71336aee941fdd03249596c,0.25040352,0,0,1
fe29c2dd861bfc0fe4c397f9f9b220b735ea4ce7,0.22025563,0,0,1
c22ca8c6de19ec24e3c2c5ef929c81a22f3d61a1,0.03250857,0,0,1
63a111bcb0d676bea8b2568330aa7c01a1d35c3f,0.3098879,0,0,1
8fac62dd211b3940291190a78ebfdb80bbf98aa1,0.32210296,0,0,1
de7a2666a98ff6c65e1993aa23829ba30a1e61a1,0.37111947,0,0,1
0b28374cea07a63f32ae996c9b43f2dd519cb478,0.08479853,0,0,1
ab1f195d44a61b2a01bb4c3f626afcacda978867,0.07164286,0,0,1
6b8a399cd55e3a33b986732eded9b312dc3355b6,0.034839075,0,0,1
1690b61aaec2155a96804bdc4c6e455558b94a21,0.050769407,0,0,1
4d24d49dd99b5d264337f5224d4863f2a875b9bc,0.16711375,0,0,1
c0d692324c460ecec36008c65c73a8c0fb4f5521,0.036159217,0,0,1
f299a7ec73d86bd1b2984bb9fb95ddc9630425b3,0.03423962,0,0,1
ac09c383d90fc2dd702e111699ab733c6e28dbba,0.20390251,0,0,1
e4a3737c6c07420ee7c27a968c443b04d71c3eaf,0.081311196,0,0,1
e2feaed85df37bc91fdeb59220c90fac2d3ade4b,0.050740276,0,0,1
ba559195253cbe42f2f04642e93bcb7e72599005,0.044582605,0,0,1
4761025603e130c659cf40e5767c766bee6cf537,0.16387662,0,0,1
1e9f687d4c2121920803faee55ad61333e7a1fca,0.10164029,0,0,1
946da9d66480c27a221e6ef1282c88d7f81ee8af,0.039712086,0,0,1
e88831c2367622ed95f0452433ccf84ad33d7106,0.2007353,0,0,1
b702664be09458c06c7270520c4500b5764fc036,0.5247192,1,0,1
388dfbd3f2f7ef66e0b8c62797c99305aa964247,0.09242078,0,0,1
b9d80c7c713bedba5bd8a40c0e46b25d32c0fa1e,0.20689763,0,0,1
f8bb11cf1e85936db56754b950183d7120918dd7,0.029546404,0,0,1
342b4b2ebeae12c774a3f325411fe19eb6df3d07,0.16907515,0,0,1
e4a6a3ca3a5dcbcbbd65edde61bed03977a75af3,0.17517753,0,0,1
c53e5639b7e149e2ea9efe78a9217afdcf3bbcbd,0.21720935,0,0,1
b87ba478a390a8dadd681bda54d0e2e21811cb1f,0.5407419,1,1,1
6007fb22e41468b446b257bac13660cb2664e45a,0.5643144,1,1,1
f9ce41a0d6be994f6aceeafaed71f23487770aa5,0.51684386,1,1,1
88acd6de3508aa297affb97625acce98877fa98a,0.37658957,0,1,1
eff38bf063fbd052cfe47bca56e4b2d8073b6ce6,0.51381356,1,1,1
aa4861217bd3f6876331309a92dd5eaff303b1d4,0.3957181,0,1,1
9e360ca017b1f639957c799a8b7b64047c286d93,0.61426795,1,1,1
00513a091d6cebf1ed4c5e2b6619dc36a4b5bbc6,0.52081335,1,1,1
58d258c7768cfc3ab47e455549f8e10b8a3bdc0d,0.37867993,0,1,1
6322cd019c486b6b98cd3f94ad9097245be3447d,0.23025021,0,1,1
0f4bfb3d662f4f6eb4c71ca408a42eac8e329bca,0.48925513,0,1,1
5c81e7355dfead2da26406b1c787e8a449bb6beb,0.47703615,0,1,1
caa82d3e1b0019b373c55c23168bb8c007fd6100,0.5107642,1,1,1
3b73cc3a9bba6c25520d20f83d7f68f69e2ba911,0.8402327,1,1,1
9e2996fef15bac17b20c641900f4e641c40c6aa0,0.480396,0,1,1
6e1845426045c86a0d2ba96783c4f2ca8c5d0689,0.8237482,1,1,1
ae1e4c3704cb315c241e4512f101fd101e64069f,0.56765574,1,1,1
d2cabb3883e5847f39f41ad8cc7ce5adf8c6959d,0.34888434,0,1,1
21c42878ac1e8c3a8c5cee99cd72ce7a92092379,0.47051856,0,1,1
03cadc209ee3d5145eadaeb8abb0842ab09a4a17,0.67655367,1,1,1
9e1aa0406b26f67fd021465903a2627b960e8c8b,0.3937278,0,1,1
bd2d4a000c4d5b4377e9a28bb225d3f61d45de31,0.5459433,1,1,1
16e434606776d7961f8b67b7d1062e15f23facf0,0.35283515,0,1,1
d070f158d01e2719990d1d7e273f10788aa9cb17,0.40865338,0,0,1
535bee81aae6a7f3bbe61d93ea6be611260442b6,0.48642144,0,0,1
088ad36f5b8c0133d23b464610a6e6dc4aa5ef0e,0.28827217,0,0,1
5e25ecc7c2080aed188563e11f716efdf0fae98a,0.2637662,0,0,1
202de8a0296d0cd45a9ed8c25bc8633baa89b3d2,0.04320044,0,0,1
ac79155c97e1b10cd17d221960312cbf2ce8d511,0.351725,0,0,1
05cf5add4877cab893d308461ba6bab3ef033d38,0.06385838,0,0,1
4cb82f5ef77d1bc568a21057582878b3c777df79,0.3939794,0,0,1
510f90aa19b1bd6e0d92c9bf823671c5d62dc659,0.2376541,0,0,1
9c15dbc1d0b479bea20ddc1e8fdada60693c2be2,0.062361,0,0,1
5903fb5aad8fcb57baa15ae74af54ce38857719c,0.5075051,1,0,1
ef1619cea3303ef48f81ce9b1ca3cab044971e4f,0.2239264,0,0,1
8ff7252b4003f3590cf3f67b33ee6dd73c47ee44,0.22324672,0,0,1
3447393a6a6d380d7ba3cdf6566819df3ede2734,0.35968402,0,0,1
904616201f705118eaa565658034d0d8432717e0,0.4898935,0,0,1
d6dff710eee0d56a1df3a761112002e4a1ed5758,0.24190691,0,0,1
6851e81f7f52a97b7d5e16d06f663b1e82d59745,0.22648154,0,0,1
316fa5fedd04ec2621202651c6d4d27749717294,0.33955398,0,0,1
e14529625e16ca3ca11d616d144ac078474bb711,0.32821006,0,0,1
dd747a7f70cd0688ec6eeb2e3c4cc5552efbc9d6,0.3527964,0,0,1
7a5feaa8d38b5639e258d9df82844e4b29c58994,0.29152998,0,0,1
ce8c02f092c147aac9072545aad39c254f08f2d8,0.29227993,0,0,1
90b5274f2f3d670c1f7c145b7eb06c556c503749,0.22614715,0,0,1
049d85bd814ce0d552ed83217e9dc3a23e2ace9d,0.27434626,0,0,1
c7c37ebd69906cc9681841e625ca26df0298504e,0.07698016,0,0,1
b75712b5032dc492930ebb2715adb9aa524a7f76,0.47664452,0,0,1
f3cce42f2d006ab346cba58f22709e3212dce6c0,0.39939618,0,0,1
ca9ec527f40c67d38a90a44ca2b2f0ec7daedb35,0.034434192,0,0,1
83f194c1842b431030b6296fe59ba4eb20ef72c4,0.18548821,0,0,1
2b0270addb3d1f3bade8bdf1cbeb7a5c263de9c1,0.45191485,0,0,1
57ae8b20a35b9ba9de7658a100ee2e2c9c5d7068,0.059234694,0,0,1
5fc7a74cfc1504b2742d61a81c7b3923697e44ea,0.050128296,0,0,1
dd9ed3fa5cd6dec0ab5573e464b2cc5258066695,0.3736515,0,0,1
294f0d5783e4abb5f85b69ccc861f8d1f48414a0,0.63354224,1,0,1
746133b210300aa581efe5b6a9bcd8969f2447d6,0.5643743,1,0,1
5629107ed8ba0fc170a9cec00980d17dda25354f,0.03930651,0,0,1
cb8369931bc000ae271af0f9eb4b2683ffdfc638,0.6818218,1,0,1
93b8e303efe494eb2e62a8d504ca92b7b60bc874,0.08136816,0,0,1
32ab76c1cf4ff1f762364fe10f08a54e43f0cb42,0.051934812,0,0,1
2b9dd184be2aa29b7876b15436e9967a1683d8e1,0.044116516,0,0,1
9db8cfac09046b16a349a96233e173bc070d02dd,0.5144204,1,0,1
0b2102cfc42afb2629973a3c0f2b9d614f33be7e,0.45563912,0,0,1
79ab66952eb3f27e99e71a902b482ea3d9553321,0.2879389,0,0,1
b4bf3478b454c4c6ce6d9f859904c0d901beab4e,0.072324395,0,0,1
c81fb5307f5d431f24822a8f3ce86ecacd95e79b,0.06833731,0,0,1
50f831cdcfa0c30a5c4403d77c363dc56de11e0f,0.042536076,0,0,1
ebfa9238effab582f48400c371a4b8c07e8d3bf3,0.39408392,0,0,1
47bc6d9f42c91c7a32c3e4451f381e47a65ec93d,0.36033687,0,0,1
6e2d05638b243da413658003647f1a33adb49933,0.050362002,0,0,1
8862e06dc4d4f47e3d7e9e06e8f0581fc4767c61,0.49405038,0,0,1
4779067fb3cea6527ea4fb9aef97b8497c516912,0.046748128,0,0,1
d8f85358851e6f59a50112958c91da7ba5c31c30,0.5575115,1,0,1
24c75b9c650a7254d00ee4f820fc6327a5edcf08,0.672169,1,0,1
cd639652a35026e9e890b3a74dcdd138c3e1f395,0.064054705,0,0,1
dc59b87231431d9b95a2cdce857c7d6d09f34684,0.45130655,0,0,1
bd85cec8ed32e384b8d2e13246b12cf818310f25,0.36991185,0,0,1
df416d3a5a0f688830c1787666b1017981b27233,0.41319716,0,0,1
72f1d8a48a261bb0a15bd879a51559ca059a24dc,0.2868555,0,0,1
75f54c482430c99e107aeb3ef8b6742007fd0544,0.27302986,0,0,1
f070d7c0174e3588c5f1f1347a7baa839c97262c,0.37887245,0,0,1
6ef334bf37cc066387da7cc06d6c1837e3427808,0.332038,0,0,1
31b4fa6189e23d1bfbeadc4357bc680bb0dbfff7,0.40977448,0,0,1
57d4b655bac96f3716570eaaf89278f2a87189da,0.4685588,0,0,1
46d1a118370309516351336a252c09329d51928c,0.40778184,0,0,1
3b0c26329e0d6ecce1d72536268e42db57fe1302,0.5184539,1,0,1
4d054f1d9d1524694886f2e2f1ecb9abe2210328,0.6842278,1,0,1
fa2875b53071a837c52a6e6a72bc229176210227,0.074731685,0,0,1
6bc8cb6861de786a8b7b95c4225a6c97ac13a76d,0.33558252,0,0,1
7440d7886c633fd99a994c34f261c2890b3897c0,0.41633832,0,0,1
1f564c2cb6346539416cc094d9bfb9dd50393de6,0.5075799,1,0,1
c4d6e6678a1380ada4e8774e5c66a4592ecdc5fa,0.45574918,0,0,1
eb09aeba4946d6027af23c2d2470dd452d8ed772,0.7757521,1,0,1
2847adbb14c0d6bbbf2d905efd3d507a58424555,0.038801897,0,0,1
f6a5f157cd72d25a2d3da7a384dcf4786f511d42,0.38974762,0,0,1
9f473e3dd85f448f5c3e76aaa7671cadc70546cb,0.3490974,0,0,1
9aea59329362a8100237a0076e1f071237eb76bd,0.4332754,0,0,1
607627168519405b3727ae869e5f491f65a33163,0.33391345,0,0,1
3a7cac6ea395f6ad28240b4eccb4d3379e622998,0.41374403,0,0,1
5894c4a557f8e760b78e49fd54c0c4a804c0b5ed,0.0770106,0,0,1
0729366497d231d045502806847116324e0b5434,0.15110482,0,0,1
627ca74cf81eb95bfd01d7f036fedd85539ead25,0.080006115,0,0,1
0535fc054080c5d9b8667da41b2dbb3dc88fdd77,0.048431683,0,0,1
563c0c459497a5f07a970068d4e84c835b20a4e0,0.0794633,0,0,1
d6cf5ed96ae5c3d6264057c129353858ea7aadb4,0.15951702,0,0,1
0ac6c73dbdb75e156a3e5c06ea443f371749e144,0.06050883,0,0,1
9cb1dfc36fa3c76c11930a4f6cb7ebc175a77c53,0.38346377,0,0,1
e81d716573a9c986081254aae1526883c37ef498,0.40181568,0,0,1
5e1d3501917aa22b0d40e48235d0a97bb74f1681,0.41185182,0,0,1
f09035290b1cdcf54f40c331e8c84d925eb454b7,0.50294363,1,0,1
ef9974af8ecfc809b18fcf3e238221a61e65b6fc,0.56387943,1,0,1
e9b790d50a18dadd8450836dde7737009281a6f6,0.27514145,0,0,1
87e18b1cdd76581940c6c5e1d1eaef6e64eb02fc,0.36524627,0,0,1
b3028cfc9922fb266b2d0da59989b7782532f24d,0.06273161,0,0,1
751461e58213b0e8296dea6dbe04ac650c9ab728,0.3708861,0,0,1
422c4f5d6822a77679a2c70166d72adb7d426c98,0.3318358,0,0,1
f69ebbb0e8323cb635ded0d56bd5ff4b60f631c6,0.053094,0,0,1
15aca89b0c1308137f66f4e1fa479a4673287335,0.5263057,1,0,1
7af83ae82144e9f7223a24ff96e544ddd1700bd3,0.08119209,0,0,1
4edd8c4a18ee1ac19791c63901a0917dc5224435,0.5746647,1,0,1
d645125364e998b3f0648c6909d1afe62791f836,0.09439465,0,0,1
ca6cabdc42c3394d55a2a20d5c6f8b6fd9f7446c,0.44707286,0,0,1
805f5ff26a689d3d89c64b13b9034d1292b7d3b0,0.08132257,0,0,1
b37c8aacf143318b992154b642f3d04b7b11f327,0.23957907,0,0,1
61d79b7e77f488ea2ebfe6862a29b4149ddf20f7,0.2443403,0,0,1
77986d18d70d7d99777d973f6910b52d84a802e4,0.2160549,0,0,1
2b5e291952f780e50df8c47707bcca2fc8d5b306,0.37785766,0,0,1
71128d3d504167b16895e90f732aa2eb3e3cb8dd,0.45228228,0,0,1
ad664ec95daeede3805e086a603971d2600c50b6,0.16163957,0,0,1
d20ae38fb8d7effe60a020efec1b5068a0e2ac8a,0.3850638,0,0,1
20d026bda72139b0b17e892e1ecea53f97e4569b,0.056990966,0,0,1
0cd0a172d9f4e41a4e77c5695088861632e18697,0.2625794,0,0,1
680d1b95a699e73ee8765ac846887adde681eea4,0.04346267,0,0,1
6860a7efc3c6975bb258fb892b7b0087bf1a14f4,0.07626066,0,0,1
307e4733f46c1e41d2a7ba6b96b3f45af85c94b1,0.12606932,0,0,1
a95559e5276e56649fd6390154750a1106e2f005,0.07034888,0,0,1
86cc1db6887178f4c07cb0ebb190b694900d8cef,0.10546459,0,0,1
459b179d687021a7991475787ba82424001bf863,0.04513377,0,0,1
2579c0909256b6feacc87fb9944c50198fed02ae,0.037863377,0,0,1
296def5ae78622b8c8e6e4fda2d223d76bd251eb,0.27597746,0,0,1
310709eb808205afaafd2eb23f557d9b2b0bedc0,0.27362245,0,0,1
cf501497e4889166bf7875cb753373d38c7f03a2,0.26609582,0,0,1
0446117276dddd0974bc23fe9fdc66f8011e8e63,0.7193956,1,0,1
f052896ac6ece2b36c36706604780dbda90b7f41,0.11936644,0,0,1
9912cc90ab10fe23ad633dd87847f170fa443874,0.18806928,0,0,1
165549671cdd9ee81fcc8e4e5ddfd4e62a116548,0.04535633,0,0,1
e48478c8bcaf6720b300b8fcd14475fddb7f5066,0.36162376,0,0,1
f843029843558642c5c29f4788b539a819ac3a59,0.20037635,0,0,1
937365e1a9b2e185ed4d6af9411cbffae837916c,0.25790748,0,0,1
de681e1b13c5af66b1a1f2301d8b094525cf6edf,0.41622716,0,0,1
9b14935315ff59eb62aa2cd19298e19c4de76004,0.24698609,0,0,1
1457605d24601e45a6b21f72078b4063678283cb,0.378104,0,0,1
2d89208a6d21e28961f0d8057a704fcbb61984ff,0.3575596,0,0,1
31d4e7fae9743ddfe08aa32c8e638af887333425,0.29698923,0,0,1
c77f5bda4f0dacdd5f69d01c2b7b1a4499b381b4,0.038556546,0,0,1
2b238460f659b0bb00f26f45fb9fc60968eb7874,0.06096511,0,0,1
f2afdf33061fb7cf8f3d0d2a0fd75b9751fdbcb5,0.05310891,0,0,1
aa40ebfb5968ec48600d3555fc8bf3b273bb7139,0.0774821,0,0,1
2e511a4809edabd77779939e43c448bfe1a30fdc,0.06986497,0,0,1
4c284fa75377ac279ebf4b06991896e587caefea,0.06466804,0,0,1
dff58f05b8ab7322a6dda1d1e58b54e51f3c916c,0.08091293,0,0,1
ede779611ce2e816b4fba650591f2f4b07ebcff1,0.06618426,0,0,1
24450e97f811ed25a25384f24d7f8a2158abf61a,0.0698338,0,0,1
ac14c89ec0a57fc14f37d709c7eb8f4355402d7c,0.06982628,0,0,1
2c92ffafab28e0d77f1e26bfb453e462c0d37a43,0.13196555,0,0,1
d09393c89acd8653c9dfa058cfd4460777ae868b,0.2561538,0,0,1
70e28a6e5b835281b74b3c9d8b39fd4b30c86c31,0.3466128,0,0,1
63f2d6e9e8f520ee0fa8b1ad15979ab6257670bb,0.629376,1,0,1
3101596daf7b37b7db692747a79b20f45c6c61e9,0.116259284,0,0,1
2d7ee256f10ed2b235a533aff73b67166cf41e6f,0.24287537,0,0,1
6cd3352472b99d11549c66326dcd1243c551a4c8,0.30322972,0,0,1
c9bac8cfc4563b5f377ada6db19b0252eb57b4e4,0.3097857,0,0,1
a48323e4877e3466d9847b28d26103457de05719,0.23677178,0,0,1
9758c4f3c61fb0c814e4c54e378812d388e1269e,0.03989794,0,0,1
b93829390d6eb3dd337faf79235bd8eb2efdf17e,0.037959367,0,0,1
a3c33f6ee887789e695f289172bb7a7e7beaea5e,0.33759585,0,0,1
00f44612507728a678f64d8bc3144cb7ec49d0ad,0.08302356,0,0,1
a9bf61161b4343011d51724a505e82339fd9992d,0.1000154,0,0,1
c486706099b3dc4ce34d16e4e0a3173b9de7dd2f,0.39796716,0,0,1
6a46b00a397374989dd5038de9310d292fa88452,0.33303925,0,0,1
04bffa014d7473d62b972a4376748f4381c782fa,0.41953334,0,0,1
37606c7ea11c8356778b5b10582abc04e6f587da,0.7099051,1,0,1
c172c147b3c33af78c3d7320939f416188bdaa93,0.2639857,0,0,1
af46d68230bed03777625577374204b2cbe22e9d,0.27042168,0,0,1
0177a34c51bebc5e028af7682a6c6d1ee9c271aa,0.1841623,0,0,1
e8626b9972b23f1902e7e4c0b2ec03c4cfea91b3,0.49811533,0,0,1
fb39a0a1e1bef9e40e9b358278e783fa7d402314,0.033728626,0,0,1
1cf57633c98f5559c203bb48f1d8e2b22dc459ba,0.3887241,0,0,1
621d0f57e3fdd279ef1e8e0e9beda859e9d7be74,0.46937647,0,0,1
4c3b552c6d3e8f08e0cd41577292103a5c549142,0.47014388,0,0,1
fbb560af0395d2ad4674bc6e0f406aa05e3bbf95,0.48224315,0,0,1
c7ec8c54bf2b458a2002f24a3655c17a2bc316a2,0.13945802,0,0,1
7c0f14aa7c14e9397e6cd68683bdab77218a5d92,0.36427253,0,0,1
57370d049dd7b05d35096ceb475b4f80494db5ed,0.096385606,0,0,1
222061e1a92d6abfaabfc9406cd655a5ca8ea2e5,0.05301291,0,0,1
064cecd073953686418d089495eea9d534af9e73,0.066318944,0,0,1
add2c3098953d0766950e8dc78e3484a46bcde7c,0.052088916,0,0,1
430aff38a3c4428ce43d0f30f259ee0b8b80122e,0.051986147,0,0,1
eb4e834b6ae3a17756bd2732ced075ad4a0e5ba6,0.5397426,1,0,1
ff2ef9f1a32a9ec436b8cb193947061b0a017a24,0.09250563,0,0,1
d3d180e84143f0e801bf73494b1a71f77d2c25f7,0.04531208,0,0,1
2ff50c9e620032456165037fe00f3edb99711d53,0.37276134,0,0,1
71a07dcf9ad6211b83810ec187b617d005b818e7,0.2526644,0,0,1
252254380c6b9ea99fc978b6abc1b3b4fccf9cf9,0.3484815,0,0,1
d34cd289ee1291b6a7d1b4675394248be2b8ea6b,0.3209885,0,0,1
4cdbee9efeade254ad0a8b03dbca33086525c6f8,0.29519725,0,0,1
3fffb43ecffcd08fea1f28f6106d5c3c8cd97091,0.04382402,0,0,1
ad548a350635141c415930c70ce31d8173592a0f,0.4325235,0,0,1
3286bf48497f3f831f5034569c8d37da1ed6e76f,0.419985,0,0,1
38d899e0f288a24173a6c4c5898bb176102ca9b9,0.39416867,0,0,1
682baef7109c87a6ddb4f41d79965704887c4ec4,0.45204744,0,0,1
e9999fd04a6338058d27421f427304699dc53c29,0.417595,0,0,1
cef7edb3028a11c60be8f9dd676587e97fab7e3d,0.1128508,0,0,1
3e1cc8f9b982bce46c6471475bae47c281be41dc,0.29460222,0,0,1
653ffe15ad341350015201a1ec3188faffb4b9ef,0.2434801,0,0,1
b913ebd36a136efc99195fef9f8a857b55d02545,0.37720364,0,0,1
176910a51361cbea23194d5483256594d7f09ece,0.6018919,1,0,1
e07f9edd339973fb532ecfa88928884c75794957,0.43528596,0,0,1
72bb347aa55688e4dcdb112401512faa8768aa8f,0.28174603,0,0,1
4fd9e0be85d9dbe6b969cfd434dec6eea988228f,0.5493243,1,0,1
fa518eb7d8d3f00e1b6b4e831f0a0d2fd472476b,0.28277054,0,0,1
4f72517b0e7881107a0db3046f0247ea2218039d,0.50299114,1,1,1
8a127b81963d28a06bc438c47dd551f860ee8055,0.3409283,0,1,1
80ed7676093c6ee19c271fd9414d360b6a8d1712,0.53253603,1,1,1
3c08cbd2ebb2ac5bf335bdb38d3fce0b0482673a,0.50021297,1,1,1
a35b256ce3c2aebcc96d054b2a526bb37b4f0bd4,0.47482792,0,1,1
eb15183f8f1272ee3cfde61eeaf048c2280f0e23,0.34656376,0,1,1
145272c6a729e6ac3aaef5c973c2c86bdf0f329a,0.4763101,0,1,1
8e00ac7a927f8ab42cae75fb6c5a54cb2bde8c83,0.4688526,0,1,1
c96a3e5a40040ef43e0a51935a368458763d3424,0.66425186,1,1,1
e4472979707c9e59ef5edc9f6541902310d3d036,0.4359322,0,1,1
b73ff92c29ff18c5cbe81ef75e44ba752392b0d1,0.3424323,0,1,1
bf30b1f2af61a37d8e1215e1af6022ede913dc2d,0.5219062,1,1,1
03264295028ec1baa23189bdc5b3ddf09c16c94d,0.26604164,0,0,1
5627e45ac3b893b7b8f69566738f8f09167fc87a,0.03699391,0,0,1
d0474edbfad324e68daa95e58d73b670d01ffca1,0.15114656,0,0,1
b227b3b6aa81ad319bdfe91a7611b957f0beffdf,0.44731465,0,0,1
7e303218009724e91ed7d3a008f89e8659567072,0.041320536,0,0,1
06d969a8fe228de6a637e832743cf6df518fceb0,0.31905258,0,0,1
c06fa14c5e96ee1114e701cb522bc84e0e1a1a91,0.22688784,0,0,1
4374b673a2b2ebbc7042c062b4f87ab49dd14930,0.38286376,0,0,1
2ac8f67206fdaf6563b97baa9ef4cb2bbdfb8c70,0.31945583,0,0,1
3d2e4a013b9f1bf0612afcf53eaa996d654860ff,0.33431888,0,0,1
de39dc6e141e79bc5eb87616764247867ca11449,0.28687134,0,0,1
84b282ed15ba3999b328c92720d48f668d8493e5,0.3328963,0,0,1
7befe93c8533645ff3b23cddfc7c7eed56b8ed80,0.26890695,0,0,1
e83e010913d19a91ad9ce75adc69815a974f7c0a,0.3995503,0,0,1
479212c2a8bb941d4621a42e640847c58a7a71eb,0.48524264,0,0,1
97abbb745f31c635c5e2b9a9a4edd8ec7c15430c,0.47455224,0,0,1
d8bf84a141b46cde9f0a31294e21053bd8d7cfec,0.27135417,0,0,1
885b0a0a353275739c9b1658a8384fdbf6a9af2b,0.6166351,1,0,1
bad2013536c318ef13b48443c1ed08c60fa8ccad,0.28423256,0,0,1
04c041211cdc102ec44ca098a7e7ddfee27a0ce8,0.20471777,0,0,1
40448470d6384fd4128840151a62be646f1eb88d,0.32099283,0,0,1
3251bce2d463c4ba51fc24c04904a8e3ac886c3b,0.36192608,0,0,1
6e08c112527e45080ff99c6bb1ae4bd2165d292a,0.6164083,1,0,1
f53ac2222d10c1f749a616919f6bcc383f599cec,0.30307886,0,0,1
9bebecefb2ffeffe0c2834b2be10aadb33b559e0,0.47194648,0,0,1
f3fbdfc725b5f1644b7a436c38ce953d0b464a17,0.3320098,0,0,1
feba9d2cb9dcb009f64fb8107febf1af8a9b8b40,0.44679174,0,0,1
042888cd680eb37a4461f7d35220954c0cc59055,0.3486049,0,0,1
38cf22a1846fef0a718386791f029b3ec7f125bf,0.3138352,0,0,1
9bbff9dd617324ebe6487a7481a85cb291985293,0.034036018,0,0,1
fbd7d3c194dd6486cfb0ded10e9a449686d79709,0.21917962,0,0,1
af8f4784a11bb885bfb79b7ba1dc9620238103c4,0.11413718,0,0,1
0b85abad6a951191875d8cb2af84a7da804c30c9,0.4120964,0,0,1
72aebb5d85dce53f02bdca3685fdaeb9a99f55ed,0.2721265,0,0,1
a0f3392d441cf422b31348a90cdcdcb971fc6a69,0.17774613,0,0,1
a40c772427c8dd563184c1922ac73262982a16b2,0.34777752,0,0,1
b5d2df194283d928c2664034bae4e2f872f6d58c,0.14951456,0,0,1
07e0698ed6961ac535a8971e52d61e53f877f58e,0.37482783,0,0,1
9b841a30265fe0652e5e94c338ef82970363f4ca,0.30737177,0,0,1
387455c408f9de0a9870a215e1e6b9497bef1eff,0.64683574,1,0,1
81d88e666fd9bdd3424b526be46626704e0b9c7c,0.49242115,0,0,1
4904788fde58204d5570dbf2268d8580a5d8d4cf,0.21949847,0,0,1
cc50f64aa8598728365f282056035cfc094e7bbd,0.3587322,0,0,1
b433eef1c1ae41112791584346558600d134f7a3,0.25601932,0,0,1
1fe62a02c75c1a1af4df78ec1b269837dee69314,0.239572,0,0,1
100cf21e5b877d160eefebdbe109b331427aff3f,0.3735815,0,0,1
227008cff233f9424ab37044b2c0d7b2d178c330,0.06879134,0,0,1
4b46a1595c4c8688644549b3cd762819f4ccfac0,0.51767796,1,0,1
d3bef0558d47861d85ebee02bfbbe09d67a60c3c,0.15592378,0,0,1
475e02f6b0f0e7b650b44929b19cf6d5812ad2de,0.29884148,0,0,1
b5981e07909d4d1626d6f0ca359d3124c932cd60,0.23556717,0,0,1
20a1b9578effdc68ea07870f49e4e93289d86e1c,0.31793734,0,0,1
06827d11a7bddc7a02f2804618219b862f63ecdd,0.39330238,0,0,1
687fd988a316c937698c6c550b3c87507a60e361,0.43557277,0,0,1
53065084d622423dd086efdc6e76729f97d463e2,0.42675394,0,0,1
ee4ed5171c34694edac71add10dfab9abb6b003a,0.14018212,0,0,1
bbdd3e827d23c085d6c669914efa2798313b1b52,0.40947124,0,0,1
aedbfd5bef8442e5559c0439ce157e3b8cc37269,0.37228596,0,0,1
769df5afa88c6ce4eda5c675626077a24827181e,0.37087166,0,0,1
27641679e9fc948bc33ac13dbaabdd831954ca29,0.38171616,0,0,1
70add68322e8145ddcff59c2347a40c0f2e9addd,0.37153724,0,0,1
4a4074b7f330d77f296c16abd82cfe026de31f99,0.37447885,0,0,1
f5b48cb2b84d0cdcfaa99efda564a827f18bb49a,0.3840755,0,0,1
3e7ca122fd7cdd5435b5c8bf83b234b3f68bfb89,0.43154055,0,0,1
241f2ba7aa3225724a80421b56075aef7bfb21a0,0.4237412,0,0,1
92a3a06876fc47d55d189f6483b1efc37b1c59bd,0.23845391,0,0,1
b0017f772daa5e7f05094e38e4bec9bc99e5792f,0.24740772,0,0,1
f1532f0cdd5cfc6c40fdc85bc50d22ef2dba699d,0.060483955,0,0,1
5865fdde89b92235cb080637810e178f21bbfc11,0.055320013,0,0,1
2f2698fa5739eba1cdc3bdf8299a754fb98ae871,0.04596418,0,0,1
57e1baefea09dd41ad932047507bfc6401d46405,0.530032,1,0,1
b82b8b2cc51220537d247d45133838eb868fe213,0.1753315,0,0,1
e0d62420f7020b7e6a88d6f41b27547eb8ac397b,0.1869171,0,0,1
1a0330f912c0aecdac5a394997932e94a618a4aa,0.25023925,0,0,1
bf18ab3679d025b4da88797bb9759f45b1eb00e5,0.28464428,0,0,1
7f384e85ea9ad0fc7f4cdcbf9451dece694ac63f,0.3417751,0,0,1
3ad097a555013fb78f35643d2c8c201435aef8f2,0.20014858,0,0,1
0da91a3b68d0ab6c28c89bd03057704c35ddec35,0.28159463,0,0,1
4aec5c55ff8bd122cd5d8cf093a595de81bbdce8,0.35344428,0,0,1
dc51387cfcd868ea837da2b7d2be87c70bcb8f9a,0.28835228,0,0,1
b24dc73be37f00dc35bb1e41cad90c703c96a13b,0.05327382,0,0,1
25232230d98d47fbb2be4648ce776702089ed13d,0.28247455,0,0,1
6b15ab9b40bd83a70b52d70eb24b426fd54418be,0.16650134,0,0,1
c8c91b47da7a68bfd7b335d664934c302332b06d,0.3817058,0,0,1
f2e9feb8cba3cf504de07c07c5c4791ad0af7ce4,0.26770604,0,0,1
e0522db412e3fce6e5f1e8b965a67c873b2251fe,0.39291647,0,0,1
98b0e857a4e8a54739a10e5016b6ef3b9753af77,0.26109385,0,0,1
8025b2aacf291bf9197171d9ff1f7a693431726a,0.19991192,0,0,1
2106a8ae107fc2df9099b12b23fb89f95d449f27,0.036387056,0,0,1
a94943098d61f48a5508c2ba32996a0e98eb1704,0.27694663,0,0,1
35b06e09dbebf887afb6ba5191451074496571e5,0.32437196,0,0,1
8ec1c52351aba784e90c2cabe8dd3639f233debb,0.30212757,0,0,1
0aa96a17f8cf9c96874c9519c93e9f7723d41adf,0.37921366,0,0,1
62950beb8d9ae79097a7651cc3e1fcbd8d5e31f6,0.2608075,0,0,1
bb04d083026dfd018eeebf5139850c34e6b49b1f,0.29864073,0,0,1
6b0c5a3b409511646984f34989ca7826eb4379cd,0.45676824,0,0,1
960febe9458e4213133bb7751c8ab9c3c0b88bc8,0.37315285,0,0,1
a3fc218ad914c8e1de13ec3d5f5fb4a54597bc8d,0.38854182,0,0,1
fdc460dce69c6ef2caaafaf9628ee94d07d17625,0.07635195,0,0,1
7ceb5a6b8236517d708d7965f4873344c5630969,0.08113764,0,0,1
bb9dea37dc558378dfc6559133171f45c6a3b5b7,0.39909735,0,0,1
28d51dace3fbbf8f0bd71f749e5290685b0c5df2,0.3406418,0,0,1
5f5fa24f351870d57a196a2280ae7a0b668f26c7,0.5767805,1,0,1
e74df2c0e90e5e4ee92a0d45fcc6f5db5958861a,0.060135778,0,0,1
05b614d6042e1852b8bc14fa0fd66adcbc1406ef,0.37635353,0,0,1
05164d24d77b4f05a309cef5375792b08316f1b6,0.35639277,0,0,1
efc4809b7b73febc18cdd8976ff8e9d6d4537ade,0.35870397,0,0,1
93c12bbb6d22a165a407b6184cdb40545f86c683,0.46208867,0,0,1
54a95d899854ad5a0a7b896f99cd8ba68b89d471,0.6071806,1,0,1
df7a37858bdf7c465d6ba96637558695e42e2fe9,0.04752779,0,0,1
cb9d0a8369704bfc94a84371561d30a6b4317767,0.271769,0,0,1
db1483ae639de19872a023e2af418ac695361500,0.23281972,0,0,1
7a8ff741e0d60d6430be6f8a25bc1bbeb65832a2,0.21969971,0,0,1
90e94269f7d64684ac7dc3fcbee055eea866d370,0.43753302,0,0,1
0d33e877b1642b1bb630415304b8d01de2ce427e,0.08306362,0,0,1
d700649c1748cdec25ce871925d80a1356e3147b,0.32646814,0,0,1
4f30fa5358a7712bbaba7e25d97166d9b4a0f0a0,0.37676167,0,0,1
774228b4c6d5e6f8ec239bc9a3d8f09ca7bfa51b,0.36432922,0,0,1
ae57c74449db1d55abea013eb0274fb9a1f636bf,0.4414711,0,0,1
54567ccc2ec5ca96bf70b0926b56e97659574f4f,0.32586187,0,0,1
2a354150a2193ad32311e675d7452c8059be3bef,0.34259725,0,0,1
db6cf117a225ff973a44972c5fba128b1228a99d,0.38708356,0,0,1
6faa7858155e8311890f14e486f43d5f8cd69835,0.35487032,0,0,1
4790afd48bb04258b01965f601f979f7c71cd472,0.3048184,0,0,1
6535c04c044a9a1ff76410251e43932ebafa6872,0.06045026,0,0,1
69b4784b44ccebceef03b445f420240d07a85062,0.3900217,0,0,1
5cc4b1638d331d9f6bfa9366e26acade4b412202,0.39586452,0,0,1
11b6cb54670ec16f8597851cb010c62c6d3a6578,0.23314238,0,0,1
881af80e8016adc72f7c577bbb88e0aa37c0505f,0.2519756,0,0,1
c1f539ad85e47c5052bf0e123ef7264fbe5d73bd,0.25781214,0,0,1
a962daba86ca951dbfcfc9204b9d4a0e260b34c4,0.54702836,1,0,1
9fc8dbcd054fd82e8fde73c50b63832b6359f476,0.37922633,0,0,1
a2da1049443db9db3e2c06cff58463fe6cddb978,0.57319874,1,0,1
355dadec5d8729f25fe57408f29c75e64ee65623,0.49316266,0,0,1
41ba47a04626704ef2fc49ba03b0be0939879271,0.061652355,0,0,1
cb497ff3ac18bb0832106b624f43708dcb28e034,0.11539306,0,0,1
70f1e65a1fbd882442829cc377be937db4ee1acc,0.32371673,0,0,1
a1e4f67e9d5480de3d725295f562e98f6c45d79e,0.16733715,0,0,1
60e3bdcbbd3f84654d6df895af97740408ba2bc3,0.44559512,0,0,1
52eab6561b244a4c84572a04bf6bf05144b2033b,0.34837258,0,0,1
dc4746b69a3580443310765eba606be998e2da4d,0.3980751,0,0,1
84e2cf153d888b5f3a73bdeab13c323c6405c1b1,0.39574552,0,0,1
8ea2c18f2b69ca3d9f3a8a1033aa6078df745176,0.43619075,0,0,1
5e2febea94ae56db7fd0729e808625f7be1f6a32,0.095963046,0,0,1
2a7594a7ded5123b99791b0f16265833ad35c81a,0.474976,0,0,1
d8bef16525907af19a253e911c964d630b1737d9,0.27350286,0,0,1
f3bd0b79313c65d41260a7dfec6e041cc5e24674,0.37243512,0,0,1
56d6858f3430e33398976b02f23cc82c25641a4a,0.14201072,0,0,1
7af57e58daa9872f2066d7d521f5c153d7e372db,0.14021473,0,0,1
3ad7450857297ed609c5b568fb55f77dd469d8b9,0.27222794,0,0,1
190dee5fa3b5374f95ae8b3673705802789ed0a7,0.06619563,0,0,1
ed403b6580ed403a814e1c821200f302ffa5805d,0.24178205,0,0,1
45da20f49abafa125ff4f616e8312b89fbd1f139,0.51788205,1,0,1
03f8b53af1526c038be1e0aa6f519a6c73762758,0.43561906,0,1,1
6114f5479d0bc640390c8f073b40eab94103451f,0.1674025,0,1,1
b925070f3842ac0ae2cd816d7dc99233e7a6ddce,0.16704652,0,1,1
67870c17b1b2e718a807229c89ddbb9eccf2cbbc,0.2824369,0,1,1
12d7f3d204a242de56a5a94ea8371bd3f9717504,0.6061029,1,1,1
6bc2d25ea6dd424148786f5e0cddeb42ee072e79,0.34584066,0,1,1
2280cbd563332a1b9f3ada9de77af40efc6c97b0,0.38268018,0,1,1
d254cf2bd17588e5111841b0ca0d349a0f4a6fd2,0.36289343,0,1,1
a3cefc2063d220efdc8a42a66164a5ff0bfd690a,0.5805616,1,1,1
d53e67a4a8ab87434b5704eacea37f98d126db15,0.7373195,1,1,1
c4193c6e4ad3e5f526df5d1e0748abffcfd08bb2,0.74628836,1,1,1
2759abae42100a486dda09e787d5aee13a9ba1f9,0.8159308,1,1,1
d8e760bd13b8a5c9ddd2029f2ddec3fbadc280a2,0.06162734,0,0,1
fa2fafcf1e1eae47296fc8ed1d609225ea381971,0.33323082,0,0,1
b0bb65029d1e3dcf57d8a0a56e4ca7cccbd18db4,0.045425132,0,0,1
624cdb14f819ec4ce5a5c02df0293f317cf9737a,0.045343548,0,0,1
a6feb941e5ff8fde22865f981d912c6d5f48546e,0.5458651,1,0,1
cf032314f935892a8cc5ca7a43bcf1c9011f3242,0.5270868,1,0,1
f675cbc93ee4bf7395befd90303cfdc79265cee2,0.44446367,0,0,1
5226462744f1e3c11fe5477b543a60b18a80e548,0.46066165,0,0,1
71841bce6f67b8e58b26caaa49b5c0b1f7269534,0.091513485,0,0,1
33172a83a4eadeb7084486256c57947567ddbf17,0.3654756,0,0,1
ff38c184f7b5e1e2b9ab88b22464041eade680d2,0.33302882,0,0,1
131e4926b7a31fff3c6bead10bbe6dcd15e32bf9,0.37908363,0,0,1
377dd0a46189c53b9af1f89c7e4e9e1bc7698646,0.093240276,0,0,1
79a242ec3ec8208a9187777cb40d8c269f3cdffb,0.123938136,0,0,1
db69349c601fca02ed236064bd7c20c359cd9707,0.16893604,0,0,1
45ce66540a365d766987c7e2d7a680acadfd82df,0.112204604,0,0,1
3e65ff983dcaba073337d3a15b21dfbee2eee4c7,0.46376863,0,0,1
86b6c0cef9e1d09db327197ba2cd64f404c22988,0.13692065,0,0,1
83420394a2e397ed46136c40081e437d5af9c2b5,0.09437976,0,0,1
f61244c48d22b86a9c6de16fc4805f10d8d4777b,0.35268748,0,0,1
89d2eb8fab09847c42ca1eb32c62e0d4ef7699e6,0.044749204,0,0,1
661fb0c9c01c87410cdf1abda41d78906656c7e5,0.38546968,0,0,1
71a4e3f5bad9e17e7213368de6af803bc3cfc160,0.35475436,0,0,1
735d9a839110590ff1c82ff619cbd7facb34d078,0.14039041,0,0,1
3832b54d4d6f8a45c7283fa42569e59d66ce3d90,0.19372098,0,0,1
53b6258b2465362ccfa3f85a482a9d54425b6d93,0.57103443,1,0,1
a310596a75ce3e0cccf268102f070ce85cf9384b,0.41601187,0,0,1
80d570d77a6f0ff71bea6fddb6519d6bc77f408b,0.51886487,1,0,1
9994ba2cdb0922cc16261cf2a165d9b7a66092dc,0.23066488,0,0,1
10f7c22ac3955b9ec0879367fa76f6c14821f512,0.17844953,0,0,1
19c15bd468dc770e255738fa474956d37b8bad07,0.07499667,0,0,1
2bcd63e545252c308f9d8b51d8f357155639e861,0.22272559,0,0,1
31dac7eb1e2c3683987adf686b0f151925d51b94,0.19251329,0,0,1
b6c1226082e9272a3a5eb37422afc24740e7b75d,0.4365677,0,0,1
1f06856824ecb1896e15059704510455938372ea,0.39175478,0,0,1
41157e7a305acd42d820b0dee0dc6cee228142b9,0.38076127,0,0,1
845fca72fb3736ba07f9f35b138295d77530e500,0.6868381,1,0,1
62e139bfbcbb1c70bd622081932b133d09aa4a62,0.5599408,1,0,1
4f65842c59170271f82f98b5eb3a985f198420a1,0.3052318,0,0,1
2f92ec1b0fa868d2c59270abd6630a3cdf2d02d0,0.2888343,0,0,1
10636cf7f281864685b64efb6b013f57331c4615,0.23729403,0,0,1
3187c92b9b39a2f0663f42d2ec2e1ffa8c45db10,0.38594565,0,0,1
0b10d14e48d1937621edcfebec24a2caa6676184,0.35561338,0,0,1
beb266a7c1a91bea734bebcfcf0768790055e8ce,0.2656015,0,0,1
e45d91d0386a32edde0ed08b57f53ec2cc1de3ea,0.42102855,0,0,1
80287ea5dcec5dc0fe8903fd94a51fcd7252dade,0.6514204,1,0,1
bc71c883eec9865f626a77e668f610f1624be43a,0.086482584,0,0,1
93b0d6b3acb2d3be277ca8c2799badb005686429,0.34414846,0,0,1
6b436a0dc1c32095698fa777ea1365f5bbfc672f,0.43335322,0,0,1
1d049600404981120633155a69a2effa10b26cfb,0.05624824,0,0,1
29cf07169ebaf45dc8eab6c7e55c0039b31dfa5a,0.4764995,0,0,1
b4d173d3519854993014731e8b8c1e73a137379b,0.37989607,0,0,1
7c272bc96e2053ae9960e61769c38696f4f3b854,0.1565856,0,0,1
6658eba6826100e9059186809927f398446e33a4,0.45694733,0,0,1
87266fdb96e7b98dbf4fd2198ed3b8f245726203,0.77285206,1,0,1
efedfb04fc0756603de3763b10110beebed8b9ba,0.493355,0,0,1
982141d68997d48524ac4f0b9616f06ff5cfbebb,0.21845625,0,0,1
8fb9b82b186fcf137854e60f48f84bef664f10c1,0.16669683,0,0,1
fe71bba6f74ce54fd2581af15db777772d7d7be2,0.387325,0,0,1
63379962669775afdacb14cda8a40cf9c4c9a043,0.25588188,0,0,1
9540122871676a511867c3d2ba54bf76401c8a91,0.300717,0,0,1
064c814833c50fe1f3f87771e6e85dd6b1dfa42a,0.16796605,0,0,1
3f28c60b2ccbd4d3965eddfc2e652eb0027b10c9,0.45991594,0,0,1
57132135b269f9cf76870ac08b558fd80c861d49,0.5740551,1,0,1
9773e41c076aec1cb86f4438d37b01a97b852a3a,0.2768339,0,0,1
5d98623c312b7639c84f1d73e5bb3d4b8487fd8a,0.47391638,0,0,1
75965fd2aaa2ee1c5f34a0ea92b0a444be2cfc85,0.514134,1,0,1
16f001b4ed6a2507861a50f73f5deed8e86bc6ce,0.39956743,0,0,1
c13bf71d3a1e8eebb624e8a113363998d1664263,0.40074572,0,0,1
cc70e908fcd9b309187789fdbc20249ee3eede3b,0.2839236,0,0,1
25d9407086393ee46fd5c981d8deaa9da2c17be6,0.2350023,0,0,1
0d4bfa919943d2053868ac7a48c2757502c5cdec,0.4522066,0,0,1
88bc781f326d51424680a3fa6955632a7883b7e8,0.3289799,0,0,1
8bcd036741fad3864b785cd424405cc7da6150ce,0.27950525,0,0,1
e9c984fdc9fa6d35744038685698ebc5114df676,0.4833259,0,0,1
56a4b2ae7539c2feb5f1a049634f07f2da082494,0.28231,0,0,1
53d100817e07683df4932f3dffb94873d3c72602,0.23302786,0,0,1
4627678be12a3b25fae317b2f30a4b31a2e80634,0.5666945,1,0,1
ad403802e0a705e215b46cfaf4634bd674f6a3ce,0.22775778,0,0,1
773a012cf8b1f125f6a128481bbe2b531beaa023,0.4527025,0,0,1
55965e964deb71b11758bf7e8abdf698ed7dd26d,0.40234414,0,0,1
1ad8fa191c5df90d9f0388d7c483d57724860040,0.25400487,0,0,1
31d3f3456ca68f29b98ce5650dee94e1127dc805,0.3122069,0,0,1
0431fef427b0ccbc8220cc7d90e03b543fb1e98d,0.33888552,0,0,1
23977d0e561b71060b00060ca4d18cf0791ee77e,0.2301633,0,0,1
2c555d3f34cc96ac8d6f6cca07b69ac79cea57f1,0.3368631,0,0,1
de80253102670072f7a4f7e1fbb64b69cd53dd64,0.33104444,0,0,1
4858db950be1536b0645ac6b183a20196cf01770,0.32907507,0,0,1
10784b87b548683a5fd37819ec490f8272b7c806,0.3561505,0,0,1
0e85b8d81e5d8788c3b29e4979d9dd4c50e57c55,0.4092184,0,0,1
8bcb17d2e99f7dd4bdd81a103dbf839589635c3c,0.18653123,0,0,1
6c2fac139550b0168d254ee4b925ab206ccf359d,0.17963532,0,0,1
040cc81c32c269fdb4a972db04251c4691f5389d,0.38149777,0,0,1
9f6fd35b16cdd19bf5fa3e8abaed17852bc1dbd8,0.25549665,0,0,1
75c6369189b4ae60c08b21178d0798355b8fa281,0.2735732,0,0,1
cd326abd88b3ef686f566e0b1735b53383c627dc,0.17006621,0,0,1
b3f1cc30d4e1d9627ffe73e0394048dad5af651b,0.14452477,0,0,1
c432a075e7c1bca79a63eb2a8f9d9ef5495c0e48,0.46799812,0,0,1
8672c3560a180a36f854458724ab7b40ee8b9d54,0.22053614,0,0,1
e7ee9481ed978b1571fab43fde8da46439e9d503,0.51548654,1,0,1
8e1b54f21160ccfdac07039b05f6a4050114b965,0.27790785,0,0,1
6a612f3c67cc92929c236c69e70b0131726c6808,0.3711462,0,0,1
cb48137d5ab27db5da09ee3940c2cf93fa47fcc6,0.30189797,0,0,1
0a928ca2b7a16fd49b49223bba4cd778207d0fcb,0.63016087,1,0,1
f433a99608baf7ce378478ad212754e9a386d5b5,0.3997498,0,0,1
b572ad1e3f956edc958b0142c0e6d296a9d24c6b,0.27882737,0,0,1
628e21fcc75ddf52ff2ad5c67ee7b4840b6357df,0.28691825,0,0,1
00354024c64400dfaba80873e55fa365d45b1f9f,0.27985924,0,0,1
75199a4d3244bf3f97979024ac15a55728cb0860,0.24285693,0,0,1
0eca91ae405f281e734337024bf499bc2e90c8dc,0.27410495,0,0,1
5ccf73a33230857f217a8e456301c2a0e59d148b,0.3440119,0,0,1
6aa057ff95f0c14a7fcb562020d71bde571c2e87,0.3893075,0,0,1
9eb1e02873e9b56c55ac6b0bd253d5193de15b9c,0.232975,0,0,1
3df225721c22a5eb7b7b74e774ffe5a0705965d6,0.36884436,0,0,1
16626a9b8fdecf3fa80876a244ff74dd171b06cd,0.40600467,0,0,1
8856608a047f389a40f6d1f409983de139b35850,0.32675588,0,0,1
18e6a973234edce2e46a5c4fd99ab890e8594b31,0.4179208,0,0,1
d5a24430061654ac5319ba1392415e7f3958a475,0.7710919,1,0,1
7908328f012778568c6da95f7081b8c4b9754009,0.38866016,0,0,1
f283f4c4b6183504135a98a3e0d77eb89f391bcf,0.5181426,1,0,1
e45c8fbc3e119e5044bd0143ba253380ec45ecbf,0.3643804,0,0,1
f4bc7cb026b668257dcd5b083282fc6c2f70f2e9,0.41422632,0,0,1
11dca5f8746e7b7d43cd62635497946d309fcb60,0.15765977,0,0,1
f05518d99227ade0b7928592c28a67ff1f0b3bf3,0.4904929,0,0,1
b383b9c38090f9eae7ccc7bd82052141a3eeca60,0.45814383,0,0,1
f2e00c0453b286f77872b716acfc3ed75467b159,0.18675941,0,0,1
37daf894acfcb89582e701a36e1695f772fee3a4,0.17176726,0,0,1
812121b8e36f8588973c7ed4deb44838a5616d61,0.07743146,0,0,1
e176d65e03aee3135bf91691c0a43f0ef7f24b02,0.34155476,0,0,1
c510b94ad8905d4346980c68af1dec143c0f4813,0.29944,0,0,1
21d75a867ed4659b6796406ea26510f683f3ee42,0.31964058,0,0,1
63bee061f37d09d409aa02d4de122fdd94b538bd,0.20122936,0,0,1
c5dc98d98d8b1d06585b9e23e04418532a6cb3d8,0.33973932,0,0,1
b7df9811bf66d7f8ae855a82572fc8472b206c5b,0.44053188,0,0,1
99facd0219053f660c43b318b0966de40354d76d,0.24831532,0,0,1
155eac83dbf06ca184a49e35577aca1c0f295299,0.24166125,0,0,1
35a456bb612cdf33cf84a92098ce58ee9a298137,0.16533856,0,0,1
a0c48c1e155462c2851b41eb7aa707f310516411,0.265942,0,0,1
b53521ba1a104bb725b63f5d11c551447b78ea59,0.47233462,0,0,1
d7f3d4f5c6a163f18af993fff9d8e52a2f384aea,0.22099622,0,0,1
7a2d76735fce33b815c9fd674b1c3e3eeb3aebf0,0.42226973,0,0,1
6fac1ecfdbc6d088498b1e7a5556c7041c86bbed,0.16837929,0,0,1
c50607e7c834422c7fd926a345b1badebd1a2675,0.36513808,0,0,1
ea82ea44b4d9e1578d479a5ba5bbd539e15f8d54,0.44635555,0,0,1
a78ebb040a841a14fa0ab8260977f9d2b92623a9,0.2000912,0,0,1
8e4a56526f342b5ebaf36ea2003a614ddb7e4059,0.4060931,0,0,1
bc4cd88aa7d8343dbb031c65d141f4b021a95d0a,0.33241564,0,0,1
bba1b111e213523054d467c3fe477d0722437a2d,0.3788629,0,0,1
e5707c51408626d40bc07c70e337494386343feb,0.4092091,0,0,1
8c2c5f6b0bf96c162bd98eae595f06b5ba990bc9,0.09213275,0,0,1
76c80ad2819c85f71977e584bd1bfb3704ae6fa1,0.27945828,0,0,1
64a13ee391894a1aa8b9c0d40d91783d5804377d,0.19254248,0,0,1
3118343d4ed0c932838acb0f733cf67435653b79,0.21648942,0,0,1
ff6400238181b6d4ceda00c1eec79da6877bb171,0.463788,0,0,1
d815c27f7652dce234403fd95b55278a0423b5b6,0.1918909,0,0,1
adece42b0228e45f0fd0b131db25080b9a926611,0.32739532,0,0,1
5dd2debd744ac8d57570e05070ad742bd9c82af2,0.3479941,0,0,1
82dc4a18c2118323e4b43cc36a77114d0427f5e6,0.60701555,1,0,1
0c3e4e0d3f697fa4113555f440a342e1aecb88ef,0.3075365,0,0,1
eda95607e97ee903c627460456986be9024fb384,0.045697812,0,0,1
6fdbd4f12282791d95d636d427e65b383f46febd,0.058499288,0,0,1
d6819f7cc25aa649682215eeab9d7040b5438560,0.33439273,0,0,1
70822f11d1a290a74f91fa688d73cf76650e3b4b,0.28918335,0,0,1
d7969ac934e752e7a7b258fa5a5af9a563c40a13,0.08425245,0,0,1
bc7a3969c039f179d5a73c8aff19cfe19d511503,0.060241535,0,0,1
c2efa4a80ff5bdc422999e3cba6843935aded1a0,0.27734205,0,0,1
af598460ac9990c2a02823b3cfbdaf9f5429ad5e,0.05850458,0,0,1
171528a88cca65f5b192be643c2425458d1edfbb,0.41116977,0,0,1
81aea944160608838cb2d7cdfb0d9b6893a655d9,0.6001077,1,0,1
3449a42bbaeed0ff5b0d07998169ff2896bf45c7,0.6190444,1,0,1
5bac43f7b775c9c876af614e745f80ccb495f01f,0.2365437,0,0,1
16c46bdb4330287fa64cbb2b71014c76852e5c8b,0.4644245,0,0,1
749e5b3918721a1143905e1482916d8674128a5e,0.17384058,0,0,1
04e3fe1d2cfd176784f164413010d87a01f1e5c2,0.23682941,0,0,1
3fe15786c11fdcf1808aacc05b8b15d61f7ce23e,0.5057355,1,0,1
258371be0c31e424ad2392313f15fd126830996c,0.45262173,0,0,1
91fa2dae7647558bc68ded9c3e7eb5a1c1846404,0.2841166,0,0,1
d49d45eba50fae24715a78df93bf5d951c82c6ac,0.047547195,0,0,1
f36ff599a7670c025010ed7d86ea0fbda7e26bee,0.06776618,0,0,1
34cd3da6f240bdd9a0e0844923715ad1fb7a6cc4,0.71403223,1,0,1
ebd133cf778dbee92a1fd175443253ba2bebadf3,0.2509801,0,0,1
8d719d4ea9dd0996de476e2c4a9728b1f367fe2b,0.22005044,0,0,1
db4130171a9fdd567b86b73b8538d3d9d802e60a,0.5990581,1,0,1
6c97f898c82df5dd9815aaf1bbbc0fc4f4ed6d00,0.7028022,1,0,1
6880e8030b8d26438500842959756b441271ed48,0.18316445,0,0,1
578127901a96327d398a42ee524d9dedcea64dff,0.3810305,0,0,1
4060b8ee3347833490dbb2c065f14c1bd592b527,0.15431462,0,0,1
fbf2ef51728b2cb8459b1edab75b023ac67f8d8c,0.6063347,1,0,1
de62c65578ee43d0f038db757b18954b54c49dbc,0.229711,0,0,1
11a7aff1b5c38a9cdf056714a20c8c7478925c08,0.36792058,0,0,1
88a02cecca5cde95090603e19624c285e484c23f,0.06252648,0,0,1
3bddc5c5321e492835413bf4e8c9b3caafe4fb68,0.26255095,0,0,1
3d64f608ecf0153c2080374810711428d689cded,0.0431382,0,0,1
fa10cfda08c3e12c5c187c1880f52f89284eb0e6,0.36373684,0,0,1
15e3ba0f7bbf0adec8ca93d6acaf5f488582c949,0.4410609,0,0,1
168a1dfebdd4a10ba593311856d3addcb32696ff,0.45967796,0,0,1
7fc7998398373a14b4cdc0ce18abdeb221b1ccf9,0.72764885,1,1,2
60edcf9df1bbe271b1414b04e914641937395d8a,0.48789108,0,1,2
a458e1a2f3cd1ccd692f1530b64d3143c9beda51,0.7804189,1,1,2
181affd5c937755f54ff31ef056a6ec091e95f51,0.39987165,0,1,2
ded56ffd598e41e32817f6c1b091595fe7122e8b,0.71238744,1,1,2
dd92a9db6b288def8159f30336f6793239882c9d,0.5142941,1,1,2
d6f082b9be5d507ff60c6bc83a179cc44015ab97,0.5687259,1,1,2
ad443210312d2420efef6d03a0296d71e71feb22,0.46176898,0,1,2
cb04562742688f8a444a52c90b2183c4be528be6,0.4570796,0,1,2
e3b95020f777eb5e0651977f654c1662e3ea1f29,0.43392533,0,1,2
c334a1bca8338c92e76f0f1cf2ef4884e3eb5dbd,0.47869745,0,1,2
043fcde300267e183972056a007bcf406e5c484a,0.5036192,1,1,2
454fc3655509f1f4f47ce44acaff7c1566ede108,0.47675547,0,1,2
0637e2fbcd401f47bb062d5c2d1cceddabf372b7,0.4023449,0,1,2
dcd1c33f0dba247b43418b922c1c3a2fc432dc11,0.5376661,1,1,2
c3936baa95fdf419754a544dd1810b107ea1616a,0.52388453,1,1,2
1a5e5c6802a920cd8e379de0552dd289f680fa56,0.53805345,1,1,2
56326400fcb5df7bd9336f143f7a3b7d601e5f58,0.53841394,1,1,2
efa48b214d30537bb184884ea30ce817bb350153,0.5412048,1,1,2
b45c4bdb496381b5f90df6872edca12e0a2e68ca,0.5415253,1,1,2
37f72dc079c4cd69b2de16f3532b55f8108d3ac8,0.62713546,1,1,2
a87c98163505fab39bcf8461b11fbb909a4c1bed,0.70325106,1,1,2
4b1ff8f4b9dfa0ccb064ef286cf2953bfb2c492d,0.7112526,1,1,2
42662f8750a2c33ee169f17f4b4e4586db98d869,0.55074394,1,1,2
2282c22c5b252859b459cc2474350fbaf2a588e9,0.54249406,1,1,2
f8489499aa6d460a7548b14d516638b0bd7b862b,0.4174539,0,1,2
76a2ac814caa194c46be1cf7a3f5dc129546b1c1,0.4130741,0,1,2
ddbeb4dd17d9c219b99b1e66d8be28efe37e3aa6,0.8315033,1,1,2
8bfd9b4d8f4fb0a2b522c9328f67eb642066306b,0.64646953,1,1,2
c6764c4a0848abf1d581e22df8b33e28ee9f2ced,0.7179017,1,1,2
b82d96218bfd37f6df95a2e8d7675d091ab61970,0.567587,1,1,2
94a8bf6d304d08e8a1fc181e7a06a545103e8ddb,0.63462317,1,1,2
31fb4dfef212791f86f052ce8a3adeabaf830cf2,0.48230287,0,0,2
ccfca8f714055cd9fbd00cf7e847b880132cae69,0.33837602,0,0,2
a29815abf4f0e51b332a8af1b83ad344104c14d9,0.092010744,0,0,2
f1da5e927ed18aeec1610bec67f88facd6a470e1,0.047696196,0,0,2
92e6d716069686583b852a6dcf12af986d6dc694,0.38001138,0,0,2
251a495d2a72de7e892ade7f64980f51f2fcc0dd,0.32496503,0,0,2
d105819a0e72765ff5ba4efa5622d727360ee2b8,0.30694273,0,0,2
3aa6f11785a2f1b3b09df328a02a2c28dfa0bb57,0.39210618,0,0,2
ad06e61143d6ad3d883907e75100014b9554c357,0.38505027,0,0,2
b7a82a918f0a595a96047f7eef2672fd95d5626c,0.35711795,0,0,2
52f3240d90f2397cd1850ab11674ba08a0ecb2a0,0.48007074,0,0,2
d70fdbc40195077057a1edb14ccd16a26435d007,0.28182808,0,0,2
0751f97bf6677c3d55aa71542d572dc8fcb9e79a,0.17864236,0,0,2
e505e1fea57e0ab9f1d5edab92546d778a5f41e0,0.04162144,0,0,2
b4380f20059dc9e4ccfe2b709587e8069ac0fa34,0.38643205,0,0,2
32a9c6d42a3a48314d3f9fe2956bfc8bf49ac5d5,0.41910195,0,0,2
80417356f04c5ee1cd6f636e9b043db3f2de24f2,0.078740194,0,0,2
807915b4cacede6a8de49630469b673b7c248a6f,0.2593439,0,0,2
f48bca0510703b0673709b10a806a9d54894a999,0.33575454,0,0,2
f1b54876ab8893a5d9c0e3d7c1a9c884e683dc8a,0.08593571,0,0,2
c82f703768eb8a122546de23e412a037aa1770b2,0.23934928,0,0,2
36a02dc549f32433d7329444455dbb1be2e67f20,0.15186574,0,0,2
fa8957d7939b59e8d391fa17000b34e865de015d,0.35941073,0,0,2
d084ad29e0a2f456407f655c99999e070bf529f9,0.4880526,0,0,2
ea81e9aac328b2a89226417e58d4d8366891a9f4,0.05166007,0,0,2
998d6507ecabf025188d9f3e8c8367f810895a17,0.05182508,0,0,2
258349426eecfbe5c135f91809bae80e60c6db6a,0.053884994,0,0,2
12ee6b442bbf6557c06ecd7c1f7ae2fceeae55d6,0.11772597,0,0,2
5acc6a5502bffaa66be7e859849856de0ea27acb,0.29054546,0,0,2
031a762d105bceda2049204ba54b8f8737f359b4,0.046436667,0,0,2
b58789c5badc4f9680ec5724568af05a84670e22,0.418841,0,0,2
77826fda8751bd5c0acbca5d0c3887e9a6b10f65,0.061421927,0,0,2
9ee3a16179cb65f5fe4170257ab7cde558f1dbeb,0.36570543,0,0,2
2e3c05359a0e21be44d307104eea3134afcef5f0,0.11032744,0,0,2
4ed0bdf1c73fd82d3080d15085675de96d5be0aa,0.059221335,0,0,2
bfb314505469afcd5ea7b5bd15121acd50425318,0.4887405,0,0,2
ff7a4863152a4d3873ea038af73024e9999426ac,0.4899017,0,0,2
4950ad86a16e63fa26d51cd709e39666008c5fbc,0.045421638,0,0,2
920192a542ab9e9dd2fbf090e1efd3c4ec99977d,0.47141322,0,0,2
b61362933f7a564d2ae0b7d6b9723f79f4948769,0.33934742,0,0,2
f28aa71041181867a720134e26b64b03cbccb6ec,0.29306382,0,0,2
720b988fd8d7a50fbe922e6c73a3681b1c566331,0.05607688,0,0,2
9d744f7136f23da9a5f9324432b300b5a68e3b39,0.33864173,0,0,2
9993450ad1f023e0e2b59291361d0b3b9f0e1c8d,0.097574376,0,0,2
98f54c158acb12a26fa6f335b1665accd2aed347,0.04132779,0,0,2
22c6d087012fd55bc65e578a27f2edb66f4d3808,0.33495784,0,0,2
890b387d713d04c22406db6d5a5fc9b51bec2df5,0.37647837,0,0,2
c7d56cffbb4668d0955ef00196e08f42f2efe363,0.39257035,0,0,2
7680fae14c9f544d0585a7b150004a1e48fff53a,0.31450373,0,0,2
136c5ffe80e558a87cde01baebf823b06e3cbe75,0.31165463,0,0,2
8769d0f2cc4b7555dc025b7c0e49a81346a1e2dd,0.41595468,0,0,2
4b5cda5a2c6ca613db5129d50ffffce2604ad9eb,0.38328356,0,0,2
918609f2cc4e4de95445ce4fdd7dc952b9625017,0.08054651,0,0,2
2e62764c0c386632e87ee8d12d0505848df1015e,0.08185048,0,0,2
4590f14e97beb6d10ffb7b5dd312c632af155ed3,0.044861153,0,0,2
079bcd0339f30343c01c5fd3d5521be4b822d30f,0.03232069,0,0,2
29283b775291bf03cd9a7e1aaa496faaa5757578,0.4513244,0,0,2
89321a2dee438328e75a11954e972175c78f0a2a,0.24297942,0,0,2
412ab9669810921d04f9feabfbeafa906d4de506,0.07611391,0,0,2
46448e934250705b6ebd6f21caa09698d611dbfd,0.0716317,0,0,2
5c2ba72f9b4897d4441eff34ff0591e74a1d94bb,0.065425575,0,0,2
1f3e72fa069536ae20f37b29575288ff65e66803,0.3048423,0,0,2
9fde65345e677256975bcecdc027649f31450a57,0.0924727,0,0,2
c7720ca4c232d317cfc800a04eda4a1d5a44a944,0.40898916,0,0,2
a747456bfe077da467ff036172968a37f3b1e893,0.45033538,0,0,2
2f2c8b1cc6e6e731f7bc52b0988ea8316f475004,0.3221913,0,0,2
013b445ede8d9e7aad4915859d0c869b9b712f8d,0.36931154,0,0,2
f4e754e66e3661274df624bc328991cd88dd03d6,0.34171838,0,0,2
741944332d5bd90112b610a8b5f2eeefe51e08bc,0.3713907,0,0,2
4c7d7523088373be3c7ff203ea895d5a6d84083e,0.39911094,0,0,2
fcd568282b2a150f9f42953f12268dc88d09da89,0.080551945,0,0,2
f79c9365d0ee89cb407b90cc084eece8fcf9a8a2,0.20507096,0,0,2
8714dd031647be34d0d27f461894e7b194f25cd7,0.05576893,0,0,2
83406b73e70a251eec5daae34f1bd8d554cdddec,0.38942164,0,0,2
b86f68e39dc7b6a7c2bff1e4fea3bb7c28d103f0,0.14051044,0,0,2
2f956f46580e5b4752173e885d37a20fe31a78d8,0.5357966,1,0,2
3f36b7b50bdda3eeca632ad5440bb82b8e34cb40,0.04138278,0,0,2
01fbf81e34a36cedf505f20b1c52306afceedc3e,0.6008064,1,0,2
04f524d5ad91b1cdda66dfde4089f2f83f4528aa,0.059238903,0,0,2
9962a0fd02fe2ef06765271605b06729af8b2e59,0.11597445,0,0,2
f203d809d7b94501a2e5409c667ba86206480f90,0.05919488,0,0,2
c3819688c48480ec75a9563c71f18ea755e34620,0.48824263,0,0,2
b1ea059a66c7d6d6bb4cb53d2005a9b7bb599ada,0.13147335,0,0,2
5294c64b342818e021800b38413f36f426e35b3c,0.039309375,0,0,2
5a45ae3b1deb5117cb9e9a13141eeab1e9ad3d71,0.33048925,0,0,2
440882c659967572311402c7fe534cf13d501cf4,0.063748494,0,0,2
efafa61992658eab64c893e9eef49f545d75673c,0.1649372,0,0,2
630830476a6270e317e84229996a6bf92bd903ca,0.21361244,0,0,2
14097c64d243794610788d3ebb2e81ba8fd867c0,0.13628586,0,0,2
f2615d9a611db401cdedc022112c87ad938b5680,0.04432699,0,0,2
a24d624aaabc14a455d18450d9127f88d1b4f8be,0.38306046,0,0,2
49169033546d893dae3db903a2fa6af712f125c0,0.426865,0,0,2
fa7588c4c0f8d403e4815fa72e3b8a3bc98d73ec,0.41718933,0,0,2
367fe13b46a0b4dda56b7f12273d6c9afb1da23f,0.04445659,0,0,2
368588b5c5c4140f39ea8b9a8ceb3d1af0708804,0.33868366,0,0,2
84b2b74179da8e279e2fafdafd031748c285e1b7,0.4823853,0,0,2
30ee10d2740fe1f28595989c6b21f22b75a147fc,0.36963034,0,0,2
c38386d6b5622915a2d42d989c56d37f17c673d6,0.4093096,0,0,2
af9fd052d1c208f191fbdf85873f965552465598,0.03794629,0,0,2
57694790f8ca0e1a4f3ac76fbd25a6dd13041e03,0.46749678,0,0,2
0a711ebcec7d32b66ab3c90b2a1f48681201e557,0.05634197,0,0,2
a4acf53336a482f50335d33b4f650a70c9243b7b,0.34031624,0,0,2
c26fa78817f30cc3eb91165b783e07fb80d80f59,0.05157541,0,0,2
6c9ca4d4c0de4dff29b79f28ac5c51b4f6fed0da,0.4655543,0,0,2
944291b748bcfec4e2f3c17623884db7a17b9f21,0.43364206,0,0,2
c44f982e89b63a97190638cd12bd8bee2bafb883,0.40919185,0,0,2
fb46b941f7763314d667c437c06b1675e61c3d38,0.066894814,0,0,2
1f91c79de5e2d852c6e7d0cf7a4255087ef618ef,0.43281576,0,0,2
e9928c94ce1385ec72028336417f19f30ac38ac0,0.39727235,0,0,2
d4021487539b0f7758ec644f2e0d83df95c66bba,0.39301765,0,0,2
ac62c1c29f319a97a2552c39f32c8e6acd70c9e1,0.4254956,0,0,2
dc08bb8ea6cdf01188f6699559e779e6cc296287,0.40058786,0,0,2
82b8ecc3275d7c3578a6531ac3f1da3ffada9dcc,0.3619267,0,0,2
6b24a1d1b5e2792a7821ad172a45e38d2b04f9b8,0.6134323,1,0,2
36ce032b612fc0a1156d28bca7327e06337c8815,0.05368199,0,0,2
3dd2210e79a8eb84378c370b32652f9a53f87a93,0.088071644,0,0,2
2f22533ef41533e2b839a6b41b262dca59e6dbf9,0.27942124,0,0,2
39a3cd0f4210dbec1ae8ef39a87d34b76eac91a3,0.3884639,0,0,2
c3f3830f771f26a537d2930b00b270451bbc5627,0.07465498,0,0,2
da69d4b764f4d13d38a4f7fe7462ef0c7d17c619,0.26074824,0,0,2
1f470253c46471033048383c027192e757480492,0.45478156,0,0,2
9c40a7bb3c9aca51d17490960c988dfb7b5acebb,0.24140212,0,0,2
7f8e952abc4d2fc4b96c97a51aa25fcf6ed8af02,0.45185745,0,0,2
bd0b5af025fab9cad8f94260138741c252f45fc8,0.28673023,0,0,2
e036d60d8a210d5ac28b2e5c51a45ceb82b58f09,0.421867,0,0,2
626014eaf093fc2e3b53f5ad00c425bc209e1428,0.04419198,0,0,2
6a62646bfcecec9c0806a216b17e1a4ccb4609aa,0.50044847,1,0,2
5c85b8dda5f3047732a17b818256b9289274d071,0.46141192,0,0,2
ea402becca436dc1a8e47ac9385a3db475b49355,0.37496656,0,0,2
30aa91012cf6019bb9720609c1d03b5386a87ffb,0.15992686,0,0,2
898f3d0f652f313473c67fef32e22d94d8294d4f,0.1540094,0,0,2
255f10834a67cf13518316de0e2c8a345677ebbf,0.38950107,0,0,2
044de16c14076019f87763b7b58c45664ee57c11,0.13237473,0,0,2
e54ca615f213f5db6d34d9163c97eec98920d7a7,0.15551049,0,0,2
b59be86597cfcd805c24fa406af46071400e24c8,0.4984258,0,0,2
07a42d3ffd034e467e49b5c449d4f5f81c471cc5,0.12693962,0,0,2
e6da0f682436e1387ad68e86edf7418c0f7cb368,0.4655555,0,0,2
de99127d77dabfc6c8134b3c58e0b9a0b74e5f37,0.07677001,0,0,2
59ec4f018963eb55e32fafc2b924826c39c09682,0.46247232,0,0,2
ece4b70cce24b89483236b4cff079c10597d680a,0.39291444,0,0,2
e5cd652aeb3305ef2b82a7925cce3a132bf6f5ae,0.04696197,0,0,2
cf991604d75d446d02baddc536c7c05b43cd8dea,0.44054002,0,0,2
09d28fe7995db1a4da2c651d362007d2082c663c,0.3426689,0,0,2
4fd34e6517f2c400a06e3c1d43ec56df2ff5c392,0.5241157,1,0,2
98c27699cbcf65c3d9d655ecbcd67adcd8b45b05,0.392978,0,0,2
71cff7c5940b7101ff098601850d46b7a4698180,0.047821317,0,0,2
89e0607cf6470dda1a6a47b46abf37468df4e50f,0.051273983,0,0,2
f68dbc3ea20230cb14ed3364539ad16e114bcdd9,0.46694776,0,0,2
6fb60857be1fed21bdacc4ce830bbf99103b6fdd,0.34885395,0,0,2
3634821fa515365618209f0452443728e7290fca,0.34592673,0,0,2
2fd62ee4d524c270764e9b91dca72e5cf1a005b7,0.06297635,0,0,2
70f28810a5547219e18ffc3465f519c454fee6e5,0.048288055,0,0,2
a703ee75c40e0207f6831c4d48e1c7e62f160305,0.03774713,0,0,2
fd7cfed070c2aab60521afb7dcc633a0b7abea80,0.45897132,0,0,2
1de41ef4baeee1c95e245837299f8be265294445,0.11019791,0,0,2
9491d7a61681f7acc7103a6d1d45efe96f7981d2,0.36310467,0,0,2
9d58b6a83aa79dcad01c3bcc2ec0a7db74ba83b1,0.09348604,0,0,2
2d3203b10cc8edf71a6e3e0822f0d742c9516aa3,0.38347661,0,0,2
352b906996f392030bfd53b93e3cf4adb78d1a55,0.07413614,0,0,2
d55a572e5867832f6d5755fcd46101da51a38aa4,0.12703067,0,0,2
328c5deb015ee5bc0a24623bc29225f6ec1ae23d,0.41815853,0,0,2
170cfa758547b4d9be50058ad93cf60ce0da5564,0.46172735,0,0,2
132b2a8c553bdcfd445e88680beac6f225c50ac4,0.44700631,0,0,2
da3e8eb7e5a8cdc28ab0e36651bd7eceed35c2fe,0.04767331,0,0,2
9191fbd202cd76d03fc23057c5a16cac547d90df,0.54228795,1,0,2
3783ca4476fec8186c867e4e57084e649c318c6b,0.04869594,0,0,2
4d996d1bac1bb1886cd9c473ba00e53e3c19cf3e,0.3741475,0,0,2
878ebcd0bc2592fa9d5dda01117c07bc3c40bb33,0.048262037,0,0,2
89aeec028b6f56be96b9c56c2fdbb931f80853ad,0.09778459,0,0,2
445cb9dc2f07553f8e1e5f7c1150f00fbb05c63f,0.43134296,0,0,2
ad80bfe559e7380fedd7998daea5f27393ab643b,0.3546225,0,0,2
8bbc6cb95fd9b4b9e86c924ca1e40fd555ecac1d,0.2613154,0,0,2
3d2d4fd1588c8eb3f67f34d75b66967d0c7b06b6,0.42436388,0,0,2
0a86429939075984edce5e3b8195dfb7f9e3ab6b,0.055477824,0,0,2
d54fad867da7f762ac4c0d947adffdc1f8f356f1,0.4089504,0,0,2
12bbaf3550d56bc945b50f538b5f18af93bd316a,0.42691758,0,0,2
d61d221c9e752ce2cc0da65ede8b55653b3ae21f,0.43781942,0,0,2
150c578edb161bdb2e8c039f0914984f570ef8f0,0.23183678,0,0,2
af977adc43a071a09652fea4ce3deba2d5b8d171,0.3044664,0,0,2
f84938441be49c665595c936ac631c3e5f171bf9,0.07591099,0,0,2
e021734b62ea5ac273e516b4ac83727cbb99ec08,0.07741321,0,0,2
b635beb6efc07a97c143775c78a32d42b3b73c8e,0.038322702,0,0,2
345e2d541128471641e76aaa44dd5046f199197d,0.08946134,0,0,2
3fd2492fcce073f0c36e4d7e23e34881557e6e5e,0.40624505,0,0,2
a918c493296c88da94b36600213c7c188f2589b4,0.049654964,0,0,2
9181e1d536bafedcb3587ca30e5b6e2d66f06bf0,0.36220962,0,0,2
f2d58718a5c7759d0f46d68ac954bd1d8064d7be,0.44220895,0,0,2
cc8bdf1d13639d12d02170d40cc4890180bbabc5,0.06246137,0,0,2
33ee5497490cbc97f3eabe9ef7a6391e4dbee8bc,0.09357076,0,0,2
dc61e510126aaa1a95a46fe39bf1529f394147e9,0.24930912,0,0,2
d320a457a9de67be25a03f79e1695d549a0145f3,0.104550324,0,0,2
94ae6c84d22ed33e158b3cc822ca4a0484c829c9,0.037982896,0,0,2
e9e36cdc44a68662885e35773187cca00d20239e,0.03922443,0,0,2
8507fe5934b7b05c7e887c0d2f479242f6372fc2,0.68736196,1,1,2
a733b7a87ce7abc0da33a3d56da82b72407683d8,0.3424647,0,1,2
f1fc61922c3d8b4aefa26f6f51f0fafd94baf28a,0.5708372,1,1,2
69fb4550e96fd677a922af10fb11d9482a3fc433,0.76985425,1,1,2
4627d99022750437431889d9a222964592f4ef8d,0.8001055,1,1,2
13218943435188789ab706c2d97da8e2aba1770d,0.31899795,0,1,2
581baeaa99864979aad55bdd45f054c8a53c341d,0.35245264,0,1,2
18af885b3cf4605812a35fb656daef176fe233a6,0.8059082,1,1,2
ddcb014f074dde2f0e442d6493ec7d834df5bbf4,0.73854053,1,1,2
0a4ce90b8c886e85e4e7cdb5158ac7494761548d,0.5991547,1,1,2
80fced6db6c15d7833e2c06fac4098640ff4c742,0.51407546,1,1,2
0ff845a477db67a485e7a8c1cd8265e520bc8c05,0.53972363,1,1,2
e650290f85e431f59ba3e11953fbd1afdd16687a,0.62121445,1,1,2
eee7e7c4b278274240ad7458da9d9073b7374415,0.5421683,1,1,2
66b24cabe95485abbe4398ff468a57e5ea0e3cf8,0.09181217,0,1,2
5ec70549ae7e7d2eb97d3d56e696dbf0cef7ca35,0.53733903,1,1,2
82c95c5f951ec316a717d72a46e9f1f7792dc818,0.28241506,0,1,2
0a4b1c3b316335a1ee22ea86c28c1cd58b1bb583,0.33978793,0,1,2
3b700639ef337839c69f45ebeea59dcd061d09ca,0.40997875,0,0,2
096155dd316ed242fa3bcf0ccffb207a124e1e4d,0.41810638,0,0,2
cf5e503db4274fd2c060571c982a0fba8b00c09c,0.30292836,0,0,2
60431261912586b5fe0cc5c8b4206e711cb0639a,0.37687856,0,0,2
ee8a2c9ded95d5c77e4e43a2307ac15322d96d3c,0.33136243,0,0,2
89fee834756bbe6d9e060376f95188d66789b1f7,0.09165173,0,0,2
4f804f78e5c0458ddc6dcd9350edc222a6e1a4af,0.1840357,0,0,2
2468492a1aef370c66a6636f976543212371405a,0.30621693,0,0,2
44b5e31cde3e53b3cbeb4ea5b61728d9284d0e31,0.27116972,0,0,2
6c7b45bfb6af71c0cd821938d9b4e4fb1c1436b1,0.26593664,0,0,2
a6c881f8c42433b49eb378881b9bdd63a1a52202,0.048117418,0,0,2
a780f35fe5d27eac0c0c8aa95eeb22d1587a1687,0.036978394,0,0,2
3ddfcd62e2a1367391595d2dbc182f2dee8d3651,0.3551539,0,0,2
8db6323266dabbddac15052cdafdb02cf5788908,0.34379867,0,0,2
02d88008e65c7b66c91b46ffa80a0692ab156da0,0.27592427,0,0,2
a8f8bb545769ebc2dd0adc2071203236870b3f18,0.3780094,0,0,2
adb5bacba3fb370e84c6a8317ac01b7efdb011da,0.20060623,0,0,2
6c0db77156cd67b5efb0e00dced7e2daf055ddec,0.36102736,0,0,2
b3fc37802a1f53e92a1600680888dcec4a6ce428,0.5258101,1,0,2
4c2bca77a04633496d7670c00dcdafb787606243,0.43067852,0,0,2
873d9776d7f3e506b8e67721b47315aebe16de67,0.4578673,0,0,2
bcd3845dcc9f26c5bac4094fe6323f03ccf6d87f,0.4557747,0,0,2
d61ec0994e594f0c514c1739e0689f2595d8bfd5,0.38145763,0,0,2
c5e9745b8301bde2bab0e46bab2313423bda7910,0.49314052,0,0,2
8f5c5e892b907ba7d05c2cf5f4dc7adb2dd2702b,0.42794627,0,0,2
5b1e314826a40490ce38b532c4ad36fb01afd37e,0.43825668,0,0,2
6912f621d22ce66e8b94710f0decdcae3354ca76,0.3882358,0,0,2
d2d23c8aa02960549451c58ed3f0e84fd5ab3821,0.36340427,0,0,2
2e6a9131a07ee0e8844e8e79e84460b7f56ae646,0.038149033,0,0,2
875e98d3fb54def645b0339fb43ddc26a72e14cc,0.35330698,0,0,2
40b6fd273de1cccf752fb7e5d1a8470eb5257a9d,0.053854823,0,0,2
7517f7c33543c0232e002ff541db6e4e3a68f52c,0.2778827,0,0,2
93f189e8a8166004e8bce70bac3041a84e389883,0.050997026,0,0,2
38ac95d9bb36722fb9b3e596911aaa7b81caa9e3,0.06467664,0,0,2
b8d387e57c79b252a1ec739c3f466892f80ee49f,0.22231972,0,0,2
90323aa9f6c1cb89337b60e966e743bce82a6fa2,0.14208417,0,0,2
79d6630fefae5e21648dd874566d72ccf8cca4f6,0.4410488,0,0,2
36156fcd0e07726a8883a0825799734ac0058559,0.28979293,0,0,2
0970e8f84e95d8662a826f8417141e3feffb18ae,0.39999864,0,0,2
7f1ab60f7c1a30eb09cb06f23d6f010e3a187274,0.054203834,0,0,2
1020c3985dea224ad0ef885ba6d8dabb48816c5f,0.32967117,0,0,2
332a7ffebdb4c69222c75ba1b0a5b462a0e8f467,0.2901352,0,0,2
e91c5e4045a37afe8ef5bac994f9e6f2cd10a9ba,0.27815375,0,0,2
7a401a73688b72f43e4c70ab1c074a3e710b3b53,0.3841128,0,0,2
9d450d0b1dddb586ccabe8f1acbe2d2ff7523ee4,0.19541454,0,0,2
cb5c4dd73597780fce451e1b643c9b25d4ce7b4c,0.38843495,0,0,2
32fb3adb49f4e729ea541f9dabe960d7aee04de0,0.13767833,0,0,2
b6c2d3fd1f70e51aa88f8d12aff006f6b390deb4,0.40119183,0,0,2
9138cc232a21a24e07dd89cbf43b684dced80c00,0.3896023,0,0,2
0916ce72d8cdc6b4dbd213117ecab6f7cf8d5bf1,0.2345933,0,0,2
b45826e3888ec7adbacb4887f4ae1da5520b9d90,0.27017865,0,0,2
3a2e35c85c92588b1219e2b9df8dcd516f5f2dec,0.4986307,0,0,2
c0bfa13cc0d139245c58ad39728ef0a10bd99ab7,0.07739303,0,0,2
965aa7f4fafe59c4f0d09f96f98bb83adc2187fc,0.2921879,0,0,2
cfa533f9cccde6c1fd9cc41d72ab96367c77cba9,0.64724165,1,0,2
bb8acac034b1fcdf91a6b1b066d33f3e38a4c117,0.3631362,0,0,2
ad76167a8ceade7e58ce0ed8658bdf22ea248904,0.39696646,0,0,2
345e06a95754c7babd443ab8332dad39dc738bc6,0.4014965,0,0,2
d1c0b0c922855436f3ff54feb822349e97229d78,0.21073058,0,0,2
537607d90533283a42cd1c5bb8b75b62cac684fd,0.46089354,0,0,2
50ebba3d096b49c3d6856f9cda1664be55c222fa,0.32837376,0,0,2
7cec158bc9faa1d2aa267ddd6a02790ac1f2c3ec,0.47542027,0,0,2
2b6f5d7ed93f9975b11ba631eb2f974078c7155e,0.47021335,0,0,2
b829f1e92cf347184d6d184d3c17babda68abc79,0.3445016,0,0,2
41fe91b0d099ec15c7d4e7e24e598e853ed65f67,0.16592816,0,0,2
f11bea50aa42035f426343e1d0e5058e75e0d928,0.04275065,0,0,2
70a9d5f1e7ea844758ce3ed9b4f5e46a7015431c,0.059290152,0,0,2
d6269627862b9ec693ec0d268907953a09ff25a3,0.1577724,0,0,2
44b28a38c3bae21d0530c85b7ac8ed52fe3d8fa9,0.049521722,0,0,2
e9fb730f64a372e05022034429d5450537341a22,0.32450685,0,0,2
5250af878ef0ccd0612cda08e88d341b13dd9f56,0.43986624,0,0,2
33f3cfdbd24c4714f8d6a7841430127b33c89118,0.07008014,0,0,2
27f8aa113360ba931dc8c8f5b9a72c472ab3762f,0.5594304,1,0,2
67f0a2dca2686b5b740273fb9f20d32ecdd1e5c3,0.57239,1,0,2
20b42321488c9af31da430f83eb2267e287dfdf4,0.60734695,1,0,2
943e461b72fe527a725eab26dd3232ad766c7219,0.5170974,1,0,2
7b7341a69bd379484d8e073d979b3f9acb465902,0.42773706,0,0,2
2d14965b4eb591ce9e0d6f0557197bc20926171e,0.38245702,0,0,2
1a867ff80af1fdad617d9b5066966b65f481742e,0.31699404,0,0,2
aaa1a0f7156df819896da55e51e17f495717f33b,0.05562673,0,0,2
caa2a94074b6e45fd4ab631408d3d6dd39a1c1fc,0.28562954,0,0,2
b6ea863a2667310b470ae59413204ff6b2719ba9,0.07226309,0,0,2
72a8407bb1272e0b6efe62a284cfb8d9ccad1cf8,0.137083,0,0,2
3a8a2dd2a4e02616c54804b58250a6b51f9ff746,0.42331558,0,0,2
cbdf25e0c7cc5b53eb8b65e334ef18f1afaa7518,0.28508615,0,0,2
91b3989b803ac85f06a39751ae282cc5b88d6415,0.04925694,0,0,2
267fc4ed3f2d9f63921f07cb5c12527eadacf73f,0.09045572,0,0,2
f49c113d05845093aca46c22031617a5f2c4997d,0.32724544,0,0,2
81d41105c8c5f5e04da4b2370e18604aa2e6d7f3,0.12852669,0,0,2
4eec965458c88e4cd08783da5a30d775011fbf82,0.22805974,0,0,2
e581de2f71fdfa4b51d024b56bb38f1c70e7a60f,0.044563692,0,0,2
ec767ef3ea627c18a6cb788551f8709d2ccb1cfb,0.2176044,0,0,2
486582e34e95eee6cd9a59c2dd8298f2f39fad09,0.4695626,0,0,2
0e55dab80c10fdee37d2a07f664322fb774bd3ff,0.30318114,0,0,2
2a0af129ef96830e46a75eb31464646a8bf3544c,0.48085314,0,0,2
732ff44a4bb3b41e30139901869fa1b72b7c216f,0.3681695,0,0,2
9f9ef9aa0b0063215cf0e6526768fd4bab879ec8,0.42368054,0,0,2
1ae31c786079e0b7eb6585feac71c80baf224a9b,0.34364042,0,0,2
be37c2e2b103aa83de4ccc9aa08c3aa4a1da6c24,0.30483258,0,0,2
90375f06cf8c0154fcfb792aef471964b3cee042,0.39822903,0,0,2
53c5eae8c2b188ccf0c9d29a120b80ce937c6750,0.49587333,0,0,2
2bc7921b2f2b479a7a391a51054526b716f703d7,0.04549654,0,0,2
00c1cc0cc0b16daaf8b284ac0e7e9328caba5022,0.3168626,0,0,2
1d3cd1285a9f875a4b00c7fa609155288d977c3f,0.44220757,0,0,2
095cc25a6b7bf9b9f99d6afb41f44d41cb41b8e6,0.38745055,0,0,2
d68ceb121842d109b3da0f932bdc8f5b94253f40,0.16556522,0,0,2
d6ae360653de7813c0d15e315d733aaee372df3d,0.3493222,0,0,2
fc195c451f817641319a2668a534e01cca088144,0.32520106,0,0,2
75489a661dac6b1823be5804b78d31023e81e509,0.4088495,0,0,2
1ad2965a54a325d7d11d7daa07d38e0ec575e505,0.037616402,0,0,2
83b8f7860d22f0517373904e9fa7e41e9e23add2,0.07914689,0,0,2
883b6c3b3969eb7f293ee0fcddde528a161fcc89,0.04815478,0,0,2
688f9d20a0ff88c3349f73d8cd912959fc236e4e,0.39149904,0,0,2
cd31d7a1e4ced0ec0700275441563b235c236f95,0.0854581,0,0,2
9790fd24cb14e8861576404587eb2907dedd6bfa,0.3899419,0,0,2
4b2982f13fd4aa0707d5fd4243425a6cace6e238,0.6058889,1,0,2
80888f9c55abb7ecb18fc342cddc973ec4f46f70,0.29567352,0,0,2
5c49de8d09661f5250084af0b9c94a7eb5b96a6d,0.46012667,0,0,2
a6d1cd29574818dc220a3751a9c160633f2998a6,0.34567803,0,0,2
2badad205dd69a9f82edbe150ca5437b0ac0d16b,0.3626485,0,0,2
5e621cb6739ab6718831e6650495096f718b8014,0.3471317,0,0,2
13fc1eca0a4e7e8215541159b93a956615b1c6e8,0.046479337,0,0,2
e0c6cd514c071ec81a447d43c93bd22832104469,0.5939388,1,0,2
feecf333cacd2edfa06028db62e5d209f57f0dad,0.29975036,0,0,2
3ac59a1df27a7c34cfda89f6a84b8ceb6f430fd4,0.27562663,0,0,2
55cd95f277b1a6f5f50d0dbf064beeb092fc6019,0.37399855,0,0,2
98befb689ec8a5b034a25bb9936d63d44223acfe,0.40958607,0,0,2
d80f242fcc1f9213c179b4651ffd9b9b7f634917,0.3957037,0,0,2
0cca1bb8bad342b3f6fe085ec6807187faf4016b,0.25284758,0,0,2
2c08cd5f0c1203186e9cf67a4c9440b77d54117d,0.35227206,0,0,2
49acf7f8a5caad67560c82043cc1f755c0eee826,0.49102107,0,0,2
be59feb75047d2969795ca52458adb9d4a9deffd,0.059593607,0,0,2
13a3bd86de875de77c547b4f5b222e166e67b3b6,0.5557449,1,0,2
02852f48243245666c0ccf4d0b8dd455d2747fd3,0.3911177,0,0,2
a015b34be8d12bbe5919ac2b8c5b6f74a57e4d37,0.5772418,1,0,2
c73f626405dc91058ce5cbf4f87acb23384188b1,0.4904584,0,0,2
c321cc96e9b3666035524af0c17767ed8e865bbe,0.44096038,0,0,2
806ab4a928235bd36fab40e23bf450e1db5a8e9a,0.031412877,0,0,2
871c1c1aec516d4d70854e4ee929866bab981a64,0.050497066,0,0,2
d6310d06318e8d17e698c766eba5d733d80696c8,0.092063986,0,0,2
6b70a706e2d339ff3b689dfef7441c28d290f725,0.0560091,0,0,2
847320656335f3ee30378d43c102d3a809b3bad5,0.5639101,1,0,2
bb2aeef4bc11b17be9233572b7afcfc3da04b887,0.051346287,0,0,2
90949470217f96b3b868e4ac5e02252d03194728,0.36338544,0,0,2
e9b70c1841c5b1c1d771bb278b34a17ce31eaffa,0.47079444,0,0,2
3fc9fc01b08334fdec57f18b6f845906246936fc,0.48230925,0,0,2
cc14ebffdc65f98f68f8e61643e6fced026e5062,0.5633442,1,0,2
b65542de8a2422ed56d1d821eb85bb808e466de9,0.59778774,1,0,2
6d030727fbc3a61ed47a6916074bbeb4ffd30b21,0.35344934,0,0,2
294b73583fc0dcd548ae95a841829f9ad2ab3ed0,0.64852643,1,1,2
8af453cdab42b5276cec2e89d83ce5c87d70a137,0.34644464,0,1,2
7d0e006992574973bbd732373af32462393f00b5,0.65960085,1,1,2
ae01f0399cae6baab045b2ece0d71096aebe8ca3,0.6786647,1,1,2
96968fdcadb1f87017c6e7853c4a63ba065c6611,0.7416325,1,1,2
e5a21c4bb27055cad85f1d9dd494867c0fae8c22,0.59369284,1,1,2
26d31606bda1000638b7fec59e1914aa83e1c71a,0.51786727,1,1,2
7cc54575d867e37a43020df309a78cd65c3fbdc0,0.7083487,1,1,2
13d84663bc4eedb2e9e4035af75622b0a3cb480e,0.34927067,0,1,2
62f9fd3fd3c13c8387e7448c4f3ea6b8f65b8a8c,0.7318209,1,1,2
9cedc7d76f2bbe52b3d1cc4caf8024e730266f83,0.72550166,1,1,2
535a333b7776f7a229b76c7656e928d8a21d21bc,0.77413934,1,1,2
4a133f5766c09362917e0416af503c0a00b24e87,0.8485064,1,1,2
372c35ebccedf64266a38a35e365d3810642fef2,0.5599255,1,1,2
61cb37ecd50b0d9400873624e46692c3282e4cfc,0.6325801,1,1,2
02d9e6c2533a3cd108f5e6feaf40f26e95deb64c,0.73726565,1,1,2
969a488183a42dedbde8dcec7ac00595a836974c,0.68675214,1,1,2
de0efb07518082439b9a5cccd503270b09f40e84,0.63100696,1,1,2
f43f450093876ba8ae164681789cad0e6ea4b68e,0.7989068,1,1,2
54a1a8dedbd4af64ca8079da69878f89a69d9e5b,0.6124071,1,1,2
dc4d9a2a7f5d2e40fc1e28c3b8da011306d7dccc,0.5983096,1,1,2
81d5badf7b76e9f1efde1cebe2150bee70e4cf58,0.49109402,0,1,2
5a04dc554ef53ddc39895a9211286b9fb2e65586,0.37017727,0,1,2
24bed1a9bdbe3a1edd46bc3b2af83ee385e041a9,0.4634743,0,1,2
fafecee712bc9b2ce8ef081d8170cdf99c48288b,0.8236524,1,1,2
9b6d6f9f6f91c5d6a8a153635f7e5f3c52a1f4f2,0.49491394,0,1,2
6256a761d61a5b27a05878da2449ce8537d60c99,0.8202386,1,1,2
916763e747b0f2d3bf2dcda76100dbc0d5714a9c,0.613097,1,1,2
51f09376456ed8dadc2e801afaa495863fd7ee3b,0.39748418,0,1,2
72562004cfa5106472f61efc5d456788bbc256f9,0.5152489,1,1,2
160a0d35f64a52b9e31a725adc2672498d1f3f29,0.35220554,0,1,2
2ddabf3b84d42184d9781e02a936fa1160177866,0.6521038,1,1,2
824b34cac1d05917eb2bc3dc8c62c9772d0c6e4d,0.53431576,1,1,2
ffed230ba8958ba3bc27310b71b0c6df589c3e63,0.4331032,0,0,2
acd532373072b69d0d802c4456943aa35388bdca,0.2639497,0,0,2
add1d4f07c925b8a9044cb3aa5bb4abdeaf49fc7,0.044776306,0,0,2
d7e4bde11fdbfdef13e9316702c914e749a7757f,0.71570784,1,0,2
f9dc6b59eeb9b80f1cea47f504b6c969e5c560a3,0.17515686,0,0,2
3b7c68e54a76d02ae721161b1b81c15c2e22e44a,0.25274122,0,0,2
1a4756b66bbd219943dce80a95dd46f44f46cbeb,0.6753112,1,0,2
6cb6acb44a1cff4136125faf763e67525ea696b1,0.36843956,0,0,2
1ca3222078064fe4bc1f92fc94a58cafa39f2643,0.32426444,0,0,2
03ade425dd5a65d3a713d5e7d85aa7605956fbd2,0.78126603,1,0,2
6f5a457fa93ac8b53cc77afd0eb8729f1e5665af,0.67649555,1,0,2
f183402ea3aa777fd7fe822eb794837a8e0b3478,0.0892736,0,0,2
4a188d8d13e44b397bb40ce1280279d0c9b1feb1,0.4633952,0,0,2
47da751824e9a58cd51fe6b77acdfba566a8df79,0.31500706,0,0,2
5b0cd0e0a2ddbf722b6140d28474295c8376e561,0.7721256,1,0,2
843d1863d3624eeda4f094beefdd1eaf6eb23daf,0.49980327,0,0,2
b735f02bde1ed684eb0d0db2ec125d26d103aced,0.6350829,1,0,2
c32f465d442c52edb8aba4e7fb78c153639d8cd7,0.6333918,1,0,2
3d51e770c28b404ac119acd7c108ba174251a929,0.21371858,0,0,2
ca36f1d499a70b1aee85ac637de53f153a9f4c92,0.1043113,0,0,2
1e802da3a611eb2953c4ec3c650436278d76b9dc,0.03820905,0,0,2
24150590597c89aa7e322ed56f4c916b666b3b09,0.07550956,0,0,2
3c07b123c22a2fecd875e76371afdaa5a1d5b9fe,0.29476517,0,0,2
c6af3ed8a52ddfc3c54c69dab18e36345ba5b92e,0.32303894,0,0,2
e4aa99d3f603e70c7db3a55ae5d59470c1a37f58,0.40016115,0,0,2
a927450aa63fe8e21f7da22cc79de182cfcfd780,0.5119099,1,0,2
77ae12e00e6e0b4955949bc71e9b275bd6d70538,0.78423476,1,0,2
4170eeb054ba1414eceb08ec6c0fbdbdb17eb5c2,0.35869128,0,0,2
cc2fa8a4b8f4508dcc05044f97acac50dd49259b,0.08428098,0,0,2
16dba64c31c3eb18ac916d49f1529fe4810fe754,0.39765626,0,0,2
97e26e65f0ca669926c9c8ddc05f19da76180ab5,0.5994463,1,0,2
093e81995e94ee6dbfe6278f04d59a29cd54ac8b,0.5162113,1,0,2
b5b76c28408e7401dc61fc2047182d971bbc2537,0.4926847,0,0,2
c9ab310db6c63e9151e0cbd01b83f3b2378b4676,0.44211078,0,0,2
b5284cd9b0d66523f6aa0a57576beace90c86e55,0.48580012,0,0,2
b90b59d2b5064782c501dfca5a1497f1ef513a6a,0.6867625,1,0,2
fd61fdad30c073f5b2576d1dc65452c5e4dac657,0.368693,0,0,2
1c7552b1a3c2bbde15f98671c7b7c1424494c128,0.47717637,0,0,2
0b1962253c8cd3e2194b1b0015c4352277c1ce0a,0.53388417,1,0,2
7cacb1830c3385098d308979ae45e3ea42b9b16c,0.04238267,0,0,2
1c554424859377458fe3d808692122403001304f,0.068720125,0,0,2
cf6abc09a3b4077646c0ec03ec3d1046acecc57a,0.3445907,0,0,2
608d50697c5e19a8249dd9290cd15b652f5f01a1,0.36018723,0,0,2
c94dd9c74895d419f72974fcbe5456fbae84b7a9,0.6440512,1,0,2
fe87b23fbd86d8f978142dc326231ea6bd4a61f0,0.4441866,0,0,2
5068b6f0082a020a6124cd7e652558efe3ec5f37,0.23469457,0,0,2
b5a63d8162d8756e4ae73b80ff125439a1b47613,0.06563144,0,0,2
24664b9397a6dc153251ffd7a4d3c01515988748,0.23077062,0,0,2
d827c97fc244dd89ccee46e686eaf008889550ed,0.6018994,1,0,2
2185f5946edfddcca8a5bcb76160212bfe2ef797,0.3861531,0,0,2
8eb1f763d0cb0f98de1f12e3d48d9c516f5ac7a8,0.38312513,0,0,2
77a24a9fcd3b01961f881143e485b4be0826c139,0.04711891,0,0,2
3793c9ef69993bf4b180b6f6b15bb2a5edde5530,0.5944251,1,0,2
faf339206c5611651d4dfb38af0bf638caba6c74,0.38737902,0,0,2
23184e15023157312d7a8afe0adfe30b5d7864a8,0.46085525,0,0,2
28cbe037cf9299ed6a089cc78039d0a16d0116ce,0.6669143,1,0,2
819f293f4c780fc6833785da27e10f965570f44e,0.48420727,0,0,2
b51ecd27cccc520764c9ae53cabcb61d67d46d15,0.5209478,1,0,2
b0262f8c81c352c0cf3ac11e1e98646aa9587944,0.51985794,1,0,2
8a2ec5ebd9afa8a299cfdd5d3cd359898346588a,0.1087174,0,0,2
07dfe0f23c3aabdb4dd47d2a7a26bbd75934da5f,0.19091217,0,0,2
b7c533baf4ce8f0fd3d3e7d521cc355e71bca797,0.31107566,0,0,2
daf6bd54af7149e06961607f36e3034aec1e70ef,0.10070293,0,0,2
d3c8c564ceef470411821b5a6c82db17782ea3b2,0.42800182,0,0,2
a15675cae4c91d0fe0496a879de4242ffbc5f9ce,0.603596,1,0,2
0a8225712e4b4a4471c5efb1ca11e97e2ddbd71e,0.058157537,0,0,2
9d7bb4b52a78301ea6256ae20279a8db63523e99,0.31622255,0,0,2
693a71c85a9e899b8f4054778e886fdcdd4470de,0.55021775,1,0,2
2ae95bd6e65f698120eb3a7b774b4a7b252ce168,0.524228,1,0,2
8205f0d26abda68a740de8c962a32172d2bc7e8b,0.4480645,0,0,2
2117d1dbba8f18b08da70e890c30111edb3aebe3,0.1648128,0,0,2
984f45efed6f79e41d7e5e684ea8705172c90436,0.5136207,1,0,2
c4cb42f7d77138beb79d66c70c8b42448078d992,0.51326334,1,0,2
833ccb78e61f01d1525f6c6af6757ad573d8a78c,0.35650223,0,0,2
8bf08f545d15b39e43874a2b1ac5b0586a917a4f,0.06298646,0,0,2
b2c982294b90f03d507e3078b0b3bf0a359a29c6,0.043733757,0,0,2
f892342140c4dd4e852eebf3279723fe6ef6519c,0.36146948,0,0,2
f5b685efa09b539b1f95925405723f7ac7b1dcea,0.6443681,1,0,2
ad84a99e2ba630fa81aa6823515bfdeac1f3fe8a,0.082983896,0,0,2
24b8c0e031669c34f6912415fbd501599a857364,0.35729057,0,0,2
e61cbfddbb54afce67a086811c9788eac8a66a6e,0.26825833,0,0,2
8cb309da868afdc03f0dbddbdd18bbc0a6a1eb90,0.06790518,0,0,2
f37f373a04af7de05b089a55bfb4d2d86d055fce,0.3372959,0,0,2
18c67ca3c221cf2961d59ac19a245762f4dd8f7d,0.45916075,0,0,2
9c2d135bb030213819e40f73c47e7e33d35ab3c6,0.28426537,0,0,2
3dbd158c7b0b1df5785d3a395a3ae058b7867381,0.34005523,0,0,2
a1d546f7a39df6ffb7d3ed9d3bcc47126ab2e579,0.5444432,1,0,2
2173d87cf4aa84937abe438d0f836c8fdd3ba1c1,0.4998727,0,0,2
ebb424989c23060feb869e0cf817a4d5285c853e,0.27201077,0,0,2
ba8c6e130e524fc1454b279ab329b03a9877b13e,0.43359655,0,0,2
e354e067ea6b5d099db609aff76a199a81e92d12,0.35955626,0,0,2
c9621e30ba79b20322f449e24a2f438918ce33fa,0.4572565,0,0,2
4f9c6c24a8b4b03e2836c77fe2e53e38b6519420,0.3441379,0,0,2
d4596a029984865ace68fab981047bed1f1d1494,0.0821507,0,0,2
67540b32bea000574561485e11f7f033be1dc2cd,0.37493238,0,0,2
02e73b917972ef69c7b901c3b5c493a4a504731c,0.5446455,1,0,2
e2f82b25d19faa263bbdbdf074948c6537d85e3a,0.46068704,0,0,2
ea7753f06b2fe66df61b63a49558ff80ac3a09bb,0.05458703,0,0,2
0f39df025ff43caff8a6fc0b841ad429379db242,0.29197636,0,0,2
6903248d4ed5a383bf0fa080992c038185221a59,0.43596384,0,0,2
5ed0d65dd3b79a990f8f8c4974c3b20c82964e50,0.35802135,0,0,2
cc489350eba8db8bc62a4fca77b7ad9aa14bcf3d,0.5595178,1,0,2
fc996e7530dadf0cb498ba1970a6de5ea6edd817,0.33718044,0,0,2
448ae1c06150d4fd62939b5a31f38c03d9a33c7c,0.3635585,0,0,2
d4db3a650fa40ee89513ff581653dbe2d44cb671,0.46489885,0,0,2
b8f966acb480b84e8076a539b346a1ba6b29af69,0.39355755,0,0,2
22e8511f2f68b536a0b1c31b2ec271fab255d5bb,0.31063092,0,0,2
3bbac90fc37d225ff4eefaab018fe6147a5a0937,0.30430442,0,0,2
83d06d95dd70db6e3340afead3bd32fa58d9a396,0.4343318,0,0,2
2e7ce47dfc59e772a9fcc8577bbc6b14f9311bf3,0.49200937,0,0,2
dc500a7adffbb3cf94604097efe1eb93bc43822d,0.35375923,0,0,2
8e2df4f8cff43e2fd7f7eda1b9f73cd093008c3e,0.38919038,0,0,2
f944f5cc3dd7874dac049e0c8c4d7212df781452,0.055911534,0,0,2
1f959d076ed7f29c3f8a5c6e99cbfcc62c1058d9,0.3742664,0,0,2
14845725ea57e4ff110bc5fd838aabe6e6d20c25,0.27218887,0,0,2
94a3ac5fbd184bde121f94895a5bdf22cf034d70,0.3157295,0,0,2
39eb2533b8f7c6c8cb17ee30d5c2005e74873ff4,0.5873663,1,0,2
8e6ec266190d59558f369f808c53cf9186887ce5,0.5114655,1,0,2
d86d0d56e363a20ffa1ef48deea045851fc49d91,0.27982837,0,0,2
251b167e9a17d29b3da6074933acaf92cf5dec81,0.32636383,0,0,2
d16b6b8ce843e6e931cb8dbc92823f82ab10ce0d,0.42550445,0,0,2
5c418ff33ad704d0596c631dad9e082c4b2076ca,0.50755125,1,0,2
3273f2572f79bfcfc9abe1d821a9743108c65ebb,0.41324353,0,0,2
60752aab7f8c3ce2b1fd57e232c7305adfb6200a,0.07390533,0,0,2
345f3db49a7f4e662d117fb778bc66b49de14dae,0.27707252,0,0,2
b2d77411ae4a43ddd2386c4a1db5e0191790acf6,0.6905809,1,0,2
81d3805cae760e12ca120b2725a6c31b83da035f,0.33821297,0,0,2
0c1e2ebce6e4f6e1a47d4dec5c0b8475433ef8df,0.09237781,0,0,2
239ea8fb3cab9e2c052d933e8f0ae25648782e95,0.34031564,0,0,2
6128d66eba5b1dfc0a5e047a057c33d00abac6e7,0.34833112,0,0,2
7f6a33d94efdfa9f1db4bd71da6ddff10aace45e,0.36137652,0,0,2
843cd6eea60431ae527164f8fe9b0e054c7f9157,0.28723145,0,0,2
5e44c4e4be97e93f5d13cdc7bd52b7374635398c,0.43607518,0,0,2
36ea4c00124e0a44cc32c9c2d11ff3f77a2da541,0.24675384,0,0,2
583c8311df06e92afcea0f3c89d085a980e2dd9f,0.2928451,0,0,2
1ba982d80ba74544730f36f3cd46cdbe894a9e6a,0.4284043,0,0,2
d41221966cece5ed8c029a7e941b5d621486ddb1,0.45892492,0,0,2
0a2a72eaf5832da87b80fa41008e0b28182d928b,0.4454837,0,1,2
64443cc75f7e10ba91788c53befb0411a8c122a4,0.46799034,0,1,2
68302e213747700ca38cef546f05d0f15a3e99b4,0.5538174,1,1,2
c6c087c9f8672bc386d93994e49e68dc97087896,0.5968441,1,1,2
f681764a1b3fb9daeac57266418a874794d22809,0.62957716,1,1,2
8267561e52a02bf9faf70a24484aac105cdcc9d0,0.74921864,1,1,2
b7fb9eea768a6daac93d1835726c737153f45ef4,0.64813757,1,1,2
348e020e1df6c0b3a5b8c38b220746617320fb43,0.7144777,1,1,2
05b791a62c03a35bdfbf156f795ff00edc61e4a1,0.30874088,0,0,2
6617b0bb81b7c7da327acf3be2bef9b8cb77337a,0.5961711,1,0,2
516f366cc27fa2654cf4017fa151cc07ad902a6d,0.28062546,0,0,2
7c3390d0a7cf72afe3ffb3e3748f993e85cce48b,0.045572728,0,0,2
2695794ad01132486447e489b7e179edb357b974,0.42105576,0,0,2
89109b855537050f5b9d125a88d26ca2c1d12f78,0.5162148,1,0,2
27b015e5dfdb67f8530e7c110d36aa55d0e42cb1,0.48156288,0,0,2
c72f418ec98b259673c695ed60fa7290708a1d55,0.034501053,0,0,2
b61eeaf0529f070ba19db904821b517a9e5528dc,0.44905424,0,0,2
5e383ef974541804382a639b79e3efbf6b03d2b2,0.72387725,1,0,2
3b44781f9514988a31e2748416b1cb7015e2767a,0.531023,1,0,2
ecd3c598b98212cbd47cd415819b62614496839e,0.27377495,0,0,2
4ce6a6e423700c72b99d28c7419aacc1dfe9e1ab,0.12789392,0,0,2
2fe2c2bbbffcbeb968e523dd332ad087827b3f92,0.14994419,0,0,2
163624a9596298bf80bb41360fcd246a886a0688,0.4133928,0,0,2
4ebfabb194c88fa10db51d6f2db6282a357ae15d,0.33685613,0,0,2
cc452f8dc0d864c50279dfa61d56e57e5e40a740,0.19523357,0,0,2
71a95b98f37d268eeafd2fb653ee1b2158416eaf,0.7775255,1,0,2
434398203b50c8bc4a71b116ebfa99ef6d0de8a2,0.07140745,0,0,2
055d5b48cc618b41b2a2d41d95e83fcfa232d838,0.65584165,1,0,2
2d667edb08ac241e857c9922d05f13a00c91fdc3,0.5972256,1,0,2
c485f5bed92b784a4dd915c6fe5d7b95a9990618,0.50950843,1,0,2
390a4358394c91b08ac7903d69689a62cc8c0fc8,0.11582155,0,0,2
dbe962a24475a2d288e1e1ff681c21ccd05b5cbc,0.05087594,0,0,2
a51b719cb265ec63f9699f74b498efc0d27c1920,0.81177604,1,0,2
6ee55e92440c2eb8a25bffce9fe0b18e1d49b67c,0.36446062,0,0,2
08fb5dd3465bf636093b056b059c8ce2deda42df,0.2959329,0,0,2
9c384099633c80249316af35922c99a70cbbc5be,0.55991703,1,0,2
c0aa76eb16031973f3e897ea535a0b38bfb7f11f,0.3923431,0,0,2
7a5d7677e6ae10318907876c58727d68bdd72bac,0.32089022,0,0,2
c5352b0e077ad1bebe6f3536e7fd1efe2fef5cfa,0.40719453,0,0,2
7a56d2484badfbceff130dab0c128f1a581827c0,0.30760634,0,0,2
d555d56324cfa620bba111242931fbb7337bfe4e,0.30065632,0,0,2
1500916bf165064d370c3583a19350010a88e2a1,0.44290012,0,0,2
99894b82ae77290ff43d84eeffe638c3ed55d2d9,0.07383403,0,0,2
962d7a6ad830b8a6feca752ddf39f4d705bd563e,0.53107756,1,0,2
a9a3ad4922a45a76c8c6b1b76c011d72736e0c30,0.7284735,1,0,2
170b62aeae48d2cff474edf0b275b0f2bb3a5f88,0.5228538,1,0,2
b26691806891840645059fa5e3a6c86f167f32cb,0.45756152,0,0,2
a2d63caeac9b1b640ea2d2004e4312393ec6efcc,0.601532,1,0,2
2695207be60528c10f0d03ac097c0af73a2ab292,0.11172369,0,0,2
0de528effcfa595ff9f9c5cb3d0c7eaf18392554,0.7083366,1,0,2
460f9f5b0f30b4ddd5d568ea4c381779e9dcf6f3,0.05967248,0,0,2
266ebf464983940a1e36f2bf15737d258d471f24,0.5759814,1,0,2
1fba41622f64af497b9da81fe6aa7de069da32c4,0.60285914,1,0,2
bebc7a8a524e19739f6128437bab06212a35e75b,0.45097598,0,0,2
18c6426d1fbb60f0a52a5a7a021690f62d821955,0.3778066,0,0,2
683d902dc66c21b2353292880a00e0e149e548d4,0.51785445,1,0,2
31af406eb992beebcb8c0f6908df8031ef179aeb,0.44840354,0,0,2
837b12606b3c857c1d8df4b05424c607f3580230,0.10819403,0,0,2
7a0174fa338294b3ff20859ad3b776b7f0e2970b,0.58645856,1,0,2
2303e85c5ba9e2aaa72b0e3ea88d589e312df104,0.36083066,0,0,2
1d5ce0051975f0aca46258ba1efe714768589b2d,0.36969054,0,0,2
43ddc91f9e0b77cbefdda850b7aadf3261505e04,0.11042014,0,0,2
e3496145d2ee1d147bcf2af176b99c0ad12d43b9,0.2945897,0,0,2
0ae4ec44259ea0e3feec3e76671420438547fdae,0.09480043,0,0,2
bf1165fac897d7d51fd6645a0eb8dfdd4eb4165c,0.271959,0,0,2
6dc22695d51eb464df4bb27765b1af18ca757b9e,0.32107633,0,0,2
f028a548b933c73c85c1f15a4900fe93fc1c4908,0.42654148,0,0,2
546a1c7d5d40f45e7ce2331255c1763a5b04579e,0.34021538,0,0,2
e66d8cd80c0fd29925050aec9ff96095617dd076,0.05995068,0,0,2
b06da5f32ec572c88f7ec5245a4b573c73ae8c22,0.63600045,1,0,2
73db5970c0248433d25be914308f76b03fdef175,0.36429113,0,0,2
b782a0a58ad5886604e1e80a051727dc7fe101f3,0.4706533,0,0,2
76cc89cddd2cbda42518de8e304e92e3f341a744,0.5599719,1,0,2
0ee48ab3d96445a280852a1fd04206efb883baa9,0.6161852,1,0,2
eb4937418e700af5f8518f66e3d29bfc4d110798,0.6390329,1,0,2
6d40006563f96442c039b9541355e3c18390ddab,0.44121838,0,0,2
0afed6a711c208fee64328cb852712e57036af5d,0.78423274,1,0,2
8e3e3f35b903be1f73ae866f03b9c0da8c097db5,0.6036882,1,0,2
0b60c1fa734001f087c9865c49fdeaebae574557,0.5601222,1,0,2
8d99c0554f4dcd620489eefd7963bce4d0a89dab,0.11612465,0,0,2
4ca9bd3382d1e6b5e768f984b4ab804d6f0259bd,0.52632797,1,0,2
3dada3ae68d58491197deb8a3c1cc3f5504a48f8,0.46174225,0,0,2
791e14cb9c8ac13fe4506470f2b8921c3cc542da,0.2757347,0,0,2
77be0d83d64f51553a915915ee6d56dafb6e75ed,0.53328985,1,0,2
5578e731d97d974902d923da646650228a2a1446,0.44525245,0,0,2
fb4b3552a497ea082cec27c69512e7f91dbca619,0.62311065,1,0,2
4346216ffbed9a9adef2b90589436de543167c4c,0.79155684,1,0,2
a8398651d0b75fe9f161496b266b43d6382399b8,0.53173065,1,0,2
7545170df8047ea6127660c1750e1d0b59044e49,0.44764727,0,0,2
b1e2ae4c902691bbce02a90b76c4bee1c6e58455,0.4516092,0,0,2
db7540e045fc07ef39d37163a263615c6e580efe,0.5611879,1,0,2
87eddc2495cdeec9b28246ea08708540c365f34e,0.2847638,0,0,2
740ab8145ac6c004d2b10ea46ea0f5c2a0a9f71f,0.277606,0,0,2
446f42ea3685691ee10cf5054a055e8f1685077f,0.4664655,0,0,2
ad8a8978a5bcc1cc177bc2fabcc92cf70e861906,0.43087512,0,0,2
6a90102ca121229db1e172fd4f84481117a71dbc,0.49467024,0,0,2
0361086ee17ecf823c5e5c59dbc8b27a77097c94,0.4469502,0,0,2
40ca0af450471fa0b0051200f93f1a30730ee380,0.5293781,1,0,2
3d921068b225994b20a31eef703d889cdabb05b4,0.55360895,1,0,2
0a0ebbf02c08e303eacddc45854f8cd6e0e0f9d9,0.43419072,0,0,2
6a8f225173324e4bf593b3ec2bd60015e80d3f08,0.21854621,0,0,2
c6396de2d9100032e58a39e6138787a2c133257e,0.05469177,0,0,2
ccdddfe067274bfa3612d9e866c2f86c2a6c87a7,0.44127148,0,0,2
6e552cf090053ecbb1ab4251528754373d0dd511,0.33940294,0,0,2
c57a14611951a6587f8eaba95b5b6b378997385a,0.4051654,0,0,2
405bbf6bc240b726f6088a9782a2dda9a6c1c8f6,0.07191749,0,0,2
9b4f29d41a71f58e2a0a31d03f1bb8117a9e8d60,0.3567335,0,0,2
2325c61a9280d310818f99dea19853718c613557,0.20529725,0,0,2
e6e6c2d91e0e8b6549b5eda8973e5f3c150a7774,0.09983917,0,0,2
ab40eadf2da890903f4c5d74d0cb6f5459a5f995,0.25836736,0,0,2
7b80edbfe28a488e1bbbe69741ff9f8432a676b8,0.39507177,0,0,2
f83bbc1d68bd457dfccd370afb248126ce031eb6,0.6864104,1,1,3
1e6ad5c3ab06188c6690b4af4fd7dfe7e3cbb47f,0.5186735,1,1,3
5b5f84db290450f81cc6b93cad7e7900ef9a6cf2,0.68038565,1,1,3
4b8647bf6ce2b478e6bc90d0158ce81939a14378,0.54919565,1,1,3
2d1614a2077eab0b981d4a0c4c6e10a7ecda71cf,0.5090244,1,1,3
8543a0056a90f06bcc69d0052fcafea7131e689b,0.45516703,0,1,3
76ace5792c06da864999374c8a1f0d734d8d5a92,0.5709841,1,1,3
47949e9b95761db19ef2c37321b1f6249c57ec19,0.20852433,0,1,3
1fc99654bdd1ddbfd75c90cbfc3f1f08acf929b8,0.36350325,0,1,3
25ad33cb9e0c73a0898be36f3dbbf96a5e14efe0,0.4828075,0,1,3
acd569595ee919d1afed3884cf7584cc609ad9ef,0.8758479,1,1,3
a4ffd393334bb3d825738581add321c94f47983f,0.62139374,1,1,3
3631295c437c5b8915afc7b2b259496eb2d5d782,0.641524,1,1,3
6527a801c181090326f44bffef6709f898cae70b,0.8145802,1,1,3
b12610d35e7798c66fc1d9b0811d10aadb87569d,0.49462193,0,1,3
f3a785108f853e327001dcd435e92525d7fba96c,0.6329968,1,1,3
881a4ee8db1e1826b749579d2284ace982c953ca,0.48642018,0,1,3
13188390f33649b1881dbd4d9f2440894a36463a,0.75225383,1,1,3
ed73c356c7a7987c78b8f6ee6dd7ec1e5f9b3e67,0.4648852,0,1,3
d83cdb913332b02fd310f5cdf3df045162c4cc54,0.70742977,1,1,3
2b24ae34b760239677bb3cef4e7f17f6d586178c,0.722828,1,1,3
bb014c3ebfe20bf7a7fce5e7a8124121de695350,0.67137665,1,1,3
2a671338058e46b26a951ba01246b33a67d0eff4,0.76323944,1,1,3
0a75cbc380f537c06e26fa5bd9654cf878a9587a,0.69167453,1,1,3
aad194a34655f5c1ed5e4b221ea9d01aad166b38,0.90759456,1,1,3
0f13370f354da824b97a8004f4b8dd9d23500241,0.6227748,1,1,3
e91d0f0510ee8d69c76ee89b4e57341418866c6b,0.38375282,0,1,3
842351710e2897c032b788a8e61fdbf36e18bb2f,0.69850796,1,1,3
7cfbc0da48c8cc8939e97427d8ee5b22c5e55f28,0.6607362,1,1,3
672b58548c867ca6e5e341057d4af8797d7478e8,0.75584364,1,1,3
7ce5950963068f4a797da805f895842adad38a3e,0.6209675,1,1,3
8f7c59ce888a687a6c9089caf0c5469984a073b4,0.48247913,0,1,3
e5dc3ad337f2e6650b7422dd7584a072974b1270,0.69356954,1,1,3
3c644cf87ec8c0e6313b3a10b6cfd66279b8093f,0.48224515,0,1,3
e8d0d4c1ddb40c7752fd4ac6a70ee619323deb4d,0.7291705,1,1,3
06d490a4bd763fb634596f2755b436f7f8fbbad8,0.69579446,1,1,3
a7a380f93478356b287791b917d6e68e89d20a8f,0.5547352,1,1,3
0079828734d62dbc2b44ccf4f21e3dc1daa7b90b,0.6498004,1,1,3
dcdfd7ed9e8c34637a54e52ffe1eae6692d05e01,0.30291048,0,1,3
99189ff527554aa345f63fc038fc8eacf28cbb39,0.54132354,1,1,3
f0ae42aa934c10686c613277bd7a0837f6a1602d,0.34886178,0,1,3
c5ae09d77e8756ab73e1c39f77f1b303aa4ba384,0.6361417,1,1,3
71fd124ddb1f311a8cb64b608f385c87b67cef14,0.7184589,1,1,3
d385c90c2e74fdfc0070f7d92d6d0c260251fc16,0.52104765,1,1,3
792839b464bc3df40f773147b7694b761cf23b5a,0.4797889,0,1,3
e875e6d59875be86fb8de8df7642c370b652eb76,0.6335186,1,1,3
58d613bd8d20a77f4da8c1ee49cf4028c011a2a7,0.7309267,1,1,3
d8bfc8c8f8864f9c22e0409780d5dd3fb30497ff,0.67550004,1,1,3
26ee48193928f525fe0885cba6b28fdc8eff6af9,0.7136951,1,1,3
d41364faa4f73fc885dcc9e99a838e8fa4c95998,0.49636656,0,1,3
b148046add84f6c5bd19aeceb10c1a0fcf2e1283,0.46348396,0,1,3
fbf5a51ea5f700be8d92a4485e468ebfb67cf310,0.5155015,1,1,3
9e1b0acab5721a6805743e291f56d6d0ee8ba851,0.7015633,1,1,3
c5b90dc474fbc86b57631123e1f4519d758cd4b3,0.46714622,0,1,3
0c0455fd66eed4113bf53829cfdb501901cc70f9,0.70998335,1,1,3
ce98d00852e21ce34d8d247db7f6be138967b559,0.6461961,1,1,3
fb7e1e265dd9e560b3a3127a6593b6602f60026c,0.5380516,1,1,3
1c9c43c1d4bb76d7e47cdfc9c6681a38305a95e4,0.54680926,1,1,3
4025b62c7d8e0cdc7ebca856ccafc6365183fb87,0.4665665,0,1,3
2aa4681cb82f5b3eee09b2b491a16ceadf52bd27,0.46944982,0,1,3
bf7e9d505a75728fd69a51b1bee30e645c813c27,0.7053323,1,1,3
f7ab3a70ec426669398b4f16d0f2dd5458d87a2e,0.5345686,1,1,3
9867d9f2817fd6dd20d458022de3dda8c3b43b2f,0.3317684,0,1,3
18f181ada7826542725fa4a9460307d606695b5d,0.3398982,0,1,3
bb7e8951cb6ef08ca9df5fc036217c3a45c4d33c,0.15952301,0,1,3
e280c8636792c5426e54868d464c9d28287a98fb,0.17426912,0,1,3
e21d4d436b51d88f9554751982cd7b8552854c49,0.8686288,1,1,3
5d61fcddd479319473e0a9b891cff59c5884a173,0.24773124,0,0,3
fdd505d9850350592d758a28048d3f0f78e5b6e5,0.03717957,0,0,3
78504bde01522101a21e175f724d83f1d36e687d,0.40056008,0,0,3
08014552131b5e55f28513f24dbaed7172b7e228,0.030491702,0,0,3
1e1365c7b48da04db1e29f225ab1fabe40d13c5e,0.046890553,0,0,3
3a45bc5b6d9b884be25f98982c9cabcaecdba96c,0.105480514,0,0,3
54a7796ff234a9cbd2c66f8b1e5621f0898402f1,0.039598644,0,0,3
c1ba07bb65f41afed35c12c12b40b4e8d03a408a,0.07483452,0,0,3
aff82362cf13646b0dfae6375c895df7d5ca6b6b,0.07142693,0,0,3
ba3c2201c6689818c457b5a03d14eb75af55063c,0.149928,0,0,3
8e5867eda8328e4cb2e103d098d0c9f3c2fab50e,0.056333985,0,0,3
e42da5d9d21438c220768464b6a1f5b36bad92a5,0.4096261,0,0,3
c823ac5673e9da094a3b24b99987a533c548dac4,0.28139746,0,0,3
7573e9eec065ac1ccc2134aa751a191da3ca3dff,0.31559214,0,0,3
1cdc902f3d7cf877b4db7a31f19eb1dfd2fade3e,0.24749811,0,0,3
e9ea52189a92f7e2ab051e4d75c4e0c872034b18,0.32361218,0,0,3
ab0a2f761f4529daa0a1e7128ffb8ae417a0104d,0.34874752,0,0,3
7ebbaea90e8002f5542e22bbe92075ffb5383d2a,0.46302637,0,0,3
721730b00b1dc2ea616a3e7958e4ad15134de975,0.43769306,0,0,3
05aae985d9d0e26cf278cdd6f69672ebe3f8ed92,0.35803542,0,0,3
f7222ca6c3b6c1018a52fd649029394e6608f1db,0.23059234,0,0,3
b285f17023da248bdcb3093283e4b9e930bdd09c,0.071982674,0,0,3
af858a6ca224946195b1923a780678b20cb99603,0.5884594,1,0,3
fa027a4685bacd9e32b3bc7d875717b4457f6829,0.037263833,0,0,3
edf56632b8a5413f5e0adfe2d1b65e595b88a1d0,0.40145555,0,0,3
6c4f5135420abf982605f2fef8e8e31e9b3b41ff,0.4956976,0,0,3
a3e4cbe0bb26acab07f53a7d4ced1f24045e08e0,0.79703695,1,0,3
83444ebe71a3a6b76bc813ea8be48c12e07fbda6,0.070320725,0,0,3
57eff0d0c37ec003ebed48d3334c93cd9c038f64,0.4998546,0,0,3
169a31600365ab05e1790ec2478aa382b87f152f,0.084629424,0,0,3
0faf0131f604e5eed73ea1559b702f319fc7d8a1,0.11326066,0,0,3
18a6d9c773f88576dfb083162982613e12fdbaf9,0.20789737,0,0,3
c8c94b8a1f451888a2b9cac0f8a7454a1a02d688,0.31135207,0,0,3
4345758ddcc52224322e15b3a8cf353c365b3d6a,0.036203608,0,0,3
3491906594b069a042f38e7526ca67f46efac2f4,0.37264213,0,0,3
aaa0eafa092993a067583283b26b76e79f1f65be,0.07952355,0,0,3
dfc232415a89295afd1a944a65ddbcd3e6a4adb9,0.39428687,0,0,3
f2db15c31f0910316316698d1b7cd3922513d677,0.052391578,0,0,3
638def643f318731ae058597f5e89231896fcc4b,0.03999275,0,0,3
bb2dc86de1fd207c0a4a8b649536364179fb2ab5,0.051072996,0,0,3
cfee7161823a1d24aa55e5807a6f31f1c3b6af7f,0.04385994,0,0,3
ac7733fd6994a61ed8917894c476164fd8724565,0.045199804,0,0,3
692142457acaf2b99911babddff1e337ca1d59e7,0.20109703,0,0,3
9b3a46e20540dd07cef3e996cc498e5fd6bd4996,0.4386537,0,0,3
2c9438da238f61f9e952d301cf22fbe70c5a9405,0.49355808,0,0,3
63d88c74b7a11d7633584b007e94314ba9a555d1,0.039265964,0,0,3
145cc675d35b677157eb6d3ef57c1104dd5142e2,0.43342242,0,0,3
01e1ca4bfd51741bf7d905266d24ffc86345b711,0.6324854,1,0,3
43ef84b729332ccdfe95ffae4067a415c2b37a85,0.13754527,0,0,3
e02b8f8a5aa4c89234114b53050bcae9722798b8,0.05846831,0,0,3
58693fbcb3236a9adb0f47088d88ee3ef7178cb4,0.05139132,0,0,3
d42fcbdb2fcebae67c757ccd8e5fc664550de1b2,0.4877735,0,0,3
6a6c06acdf555e13b22bce6c5d017e5d8bae0654,0.7274643,1,0,3
91291520cfd5f6c2c91fc242018860c5d1d277e4,0.16846706,0,0,3
2a3b56daa03253a8abccf5d895a310831ef0275a,0.04623444,0,0,3
1e6915db879b63e6bd5caf8b6022696af3044184,0.36042172,0,0,3
8025900b3ac50d2923aa8e52515dd5e55c4c3ad3,0.24572064,0,0,3
faf997271b36b80d9a342bb1a5a666e8a7a1fb56,0.07726045,0,0,3
796c8329d6db90687d7340cf947fce29a5191f40,0.035045855,0,0,3
7bbba6995a12412cd7cbe1ca693057c5299ab4cb,0.04982079,0,0,3
ea030e732e3556a2a4fa51bcaabc080927ddfa48,0.61927825,1,0,3
310008f48c0a830138d35b3024106560d55b6bd2,0.23156503,0,0,3
423371e79077e43cf5e87fb053e0d885b6d5192a,0.5604418,1,0,3
ca22dac3f852c7290f60c3c3a5d66fbecfba91f4,0.06884988,0,0,3
bcba29320f5f6f860335266d6be8249418ceaedb,0.034622144,0,0,3
9dc30fddc109504fc80fb62e33554d54cca47faf,0.2413704,0,0,3
764f56955d499fae11db1aed6e7f0d2d0886e6f9,0.20598955,0,0,3
2933e5773b1d64a9348024b2a6e8dc6dc90e6590,0.34778032,0,0,3
0fa8bcc008b6a011d6fe41e64ea4379d0b57f20b,0.03299907,0,0,3
7897aa6a83a5e63da487e72c2735fb042259f6e4,0.5730959,1,0,3
19c1c3bb9bc175f9c19b026e7cda1d0fe47ade90,0.07113997,0,0,3
3b501993588d27d91ad526a436e3a10ecc8d6e8b,0.21034886,0,0,3
739708f1af316d9b31a83b9e5d0cc7303155853d,0.07152484,0,0,3
b353d07bcca9fb62ac387d69d3e99004e27f14c0,0.29985562,0,0,3
6b43922648fe2dfcb4cb1aaaf5d795f00a6aa174,0.074090764,0,0,3
de219058597dbdefe93f6e4e935d797a05dc74e4,0.07908466,0,0,3
b268dfbb824ef307862e489aef7e71bba4cdcac5,0.13347505,0,0,3
d434c5d0cca6d501a95748e1dbbddc5726419d77,0.041287962,0,0,3
b957ee1646d893fd946a8b9a53c779957ae7a240,0.26820508,0,0,3
996c0c164a083c3dc2fbf2768750e3b3a81d77e0,0.035270154,0,0,3
5ae01f1f990b554ba075df63013159a23ba693a2,0.24931607,0,0,3
12ddf37f23cd77903729b3e611ffae10e96ded47,0.32426834,0,0,3
7e6304ce63da6c6341cb072abfd08caf0456328e,0.35534096,0,0,3
b9b73fbef5c0f18aaef22ef60442518d7f23ec83,0.370777,0,0,3
39430886ba9364a7c99c9f0e58b009de3f659601,0.08068039,0,0,3
675d4c8fc848ec5438e48deb2e8218b6f0078814,0.040878598,0,0,3
7460c082a39251193108da52ce05e63f3e3796d1,0.09184647,0,0,3
567127c109added3dbe04c191a510a3dec1b1672,0.4087191,0,0,3
4158f9746365df20b45f8c2b5c0d1436dc1756dc,0.37866575,0,0,3
fc9cb0ce163e54e4bba232d2bbf2f79dc495585d,0.36168316,0,0,3
4cdfc143ea07ff13a26b06ea9f1595289835e3c2,0.19560057,0,0,3
8b697afded6133210249f943c220756951b64cbc,0.4970412,0,0,3
49685c8bb46468bb2e3d65d8f8d8d506e636f653,0.53822577,1,0,3
3e18e999c7a0648cc9eee72202e07669df3c4ffb,0.18456785,0,0,3
4dcae270e688a3567b767b85354029dd1cbc7c0d,0.340632,0,0,3
8916830e8a2d551b87ed64559246621d439a8694,0.3941525,0,0,3
46b2ce2ee046ec3c35919ce72ce67262dfc37c5b,0.38953477,0,0,3
c12ae52424b3b93bb8f2ca39a3daa8392caa1348,0.4823996,0,0,3
57096ad696cc088ff94f6b7e81dac1e068df2c3c,0.04914889,0,0,3
9a012f530ea7d938e3d64ad6786b0f1c67f19df8,0.1446328,0,0,3
b01933b17f1978c9da0a252ff6791671e01bdcae,0.038765762,0,0,3
613a83c56a439a0c0f4a2363881653838e4b6bc2,0.3288637,0,0,3
b0521ef7e0d2946fe237abe67e309d88108d9e4a,0.18224256,0,0,3
499101c88c8158844e7bbdcba35b8fe91bed8314,0.044512127,0,0,3
1a6879a0023a2892323221622e0d1e759613c68f,0.6202035,1,0,3
3c1bf79202f0b95e9b01baa988b797c0f9a88571,0.04575012,0,0,3
d19b226c543bf404ae41025cbd0bd00008f10499,0.39691523,0,0,3
fe0f518f50b1c224c75338ea689f8cf5cf1c9335,0.06385122,0,0,3
4332119866de75449fe5ad24be0dde4517c6f7ef,0.03858935,0,0,3
1cd5a3229c2fb9b35fa0ced635765bf59497d074,0.045661457,0,0,3
a9d0cc42fe5ef7fe35256bff4844b9f1b6d347e1,0.115385324,0,0,3
5ea537df99415bf8035684d4cf93898329b7d4b9,0.35502225,0,0,3
ed7ac7cf743ca4a303dacd2bfc0c3fd834500103,0.08252602,0,0,3
927361d78782a836d5c3d09687c8930012d2c0ab,0.047002196,0,0,3
f299ecf3309c48dd02f16621da4e5019fe0b9c30,0.07882783,0,0,3
a573059d0504418f5437db4a600672a52cb4d8cc,0.19725837,0,0,3
9ac2b15e4a56be293b6f2b9f2b8d8b1e945ee998,0.054701798,0,0,3
b122db9edab9a5b2f93c79a5fd880e9d33671c9a,0.24201816,0,0,3
856e3cf0075136c15f3cb38cfc1a51cefbeccb09,0.36390522,0,0,3
1358d274dbb7b94bf81e37c88883a68b54a88c84,0.05955298,0,0,3
eb66fe4a1f5357be07c356fbd28b6d013d88e87d,0.11023407,0,0,3
a6f963066692aabd04aad9114e6ea1ccb32cbb5c,0.044163633,0,0,3
e2dc384d7bbe3414047049a67ca48b4885eba493,0.046014924,0,0,3
b95cfc9b579e91a456847b2369295dfae7da8bc6,0.549582,1,0,3
007a701755f318562b0cbf2005d84299733d9b45,0.041504346,0,0,3
3f0a000feff036509963ff93d59fe3e084611c08,0.5889358,1,0,3
5929846a208518582a7783d8715c401ea1e2acf2,0.0323799,0,0,3
6ab8b148472782919ca5a1c7a51e5f477e40d4fc,0.20943677,0,0,3
4670a7fb9ae1a56afbdc1892cd254a80938983c9,0.54957414,1,0,3
5c70086611bca0da6879b569f97d116b666b890e,0.16183127,0,0,3
6d3f22348ccfc7c138e0b70e0821dd03de635801,0.47805342,0,0,3
c678ddefaefa05b1f15914e9ee08824bbd8ad8e0,0.18363123,0,0,3
70101ee3ca37b56a471b3731667c75c447da90cb,0.039832383,0,0,3
7f31bc04bdf8821cf24754bfdc9bd4c0e8660228,0.040361516,0,0,3
7f162008a2eea123a43f241e5e214dadf6b9e88e,0.058866598,0,0,3
931a67ff52aeebb5950d28b7ba9c2ad1c0bc80be,0.27066472,0,0,3
cbc32459f8f36e5c57a9db74709e813e5f77bb5e,0.05259135,0,0,3
f4c926ea82771de22a32150a8b0b1a502faf34b2,0.04240644,0,0,3
2a6c6409a919c1091ef3af778cc9738c57d67575,0.041640062,0,0,3
dc666f419e691e6a04342bdd9cf2e899455a8738,0.38532966,0,0,3
9bab875f03ffea0aacd1d92fbbecc96d491c1201,0.034151163,0,0,3
6abd9f7508c121fada3fdf2c188a68097bb50b12,0.25146133,0,0,3
26581ccd6688742b5458c474d05939c371390df0,0.11678605,0,0,3
99abe75d485722a7fa48204a18f4eb5d9f9a1d19,0.20770392,0,0,3
8f9bb4b451fabcb0f2ddbb90b3701e84a45d3693,0.25061387,0,0,3
950f90879c76b36d13b6a377db4b03e45588167e,0.03400078,0,0,3
5a6ccd587231ed1268dbdf142bf1f98065ad8348,0.19254942,0,0,3
a197ba858ecf364f9ddf2fe56f3611cf97b4c3b1,0.34443244,0,0,3
8d3d915dbd0ccf716f0d15b6b2396cff214d9cd3,0.3785012,0,0,3
326beb22c6aa872cbc0ad3706cfbe706bf9eab41,0.026291061,0,0,3
ba62c59dae2385b279a0810b2f133f0d9664583b,0.059593797,0,0,3
d4f978ddd58fc47f472d0dbac79b4b96ca1453df,0.047013123,0,0,3
0714c7cbe61a8db315e2aac578614f5a706f8014,0.30085126,0,0,3
44b5c55e07b51833c69f1ab03c9000db0734ee85,0.041281156,0,0,3
7b3e0d4297a5a8257a8e33b28ad7f2d3a23edb05,0.08147355,0,0,3
afff37e03b91c9a4e02c284646a7629b4f9d45a9,0.07800092,0,0,3
e31a222cef8ef08f4dafb01f41b6a2d6c26d64fc,0.035352282,0,0,3
f08b05b15ac09709c948fbcb8f843f421c1d4db1,0.35482645,0,0,3
02cf7cbffaf42ba6cc76452bfa70db8b2da611c6,0.31477326,0,0,3
b69e6ca5c1a74f5a5646df240bea701922caef83,0.043672662,0,0,3
a4118e288f01ab16e861cd7ac107fff62a32b86b,0.24027021,0,0,3
61b2d1f34c1f3c2b14fe4a131ec5d552c3dbbb61,0.22705291,0,0,3
75d4db00e1b1d4ef53ca4d0c5ac247ec92cdb2d9,0.041066844,0,0,3
08e918330eb2555fc90b67957f53ce08141d3b13,0.47564584,0,0,3
fca88f8e3d44d743e82ef2fb3ce880f8b98149a3,0.087744825,0,0,3
ad882055edb50369bd174ae56a372838aa89cdae,0.4103141,0,0,3
a7363a2ae67b585790896de45f57154474480fc9,0.0766466,0,0,3
cc4ab51ee9e001a0a999a2a43ad5bd323494b800,0.031225365,0,0,3
1744e2803f1600761afb2ea8a91a7fd12f7fbc94,0.7308289,1,0,3
2af899b74b5969bb56a2ef813315a1d85f0c9fcc,0.048700724,0,0,3
f25a61670e378dd7f24ac45f55df00632979192e,0.4644499,0,0,3
2f2a2ddaf6ac85da7cfcc5957614eeb880b795d3,0.0625082,0,0,3
2bc9e7ea86a8cc1c3b2436c46115c87080228004,0.478784,0,0,3
76f154179b8dc6940355d7fe7db468314ca39e84,0.0497845,0,0,3
30b9f935e7ea56026e5c5347e897df52a3ad18a7,0.038973052,0,0,3
e9464c0a6db34576fa390d041e702b1f03c74b37,0.058413398,0,0,3
2a59e0ef4b8e70742a21bca76a629853aedbbd09,0.4989275,0,0,3
4080feff61e8dc1cd4af2361990c33c9f1014147,0.3019808,0,0,3
97accb47de63ee5063eda23641c6017e29ab81d7,0.5136754,1,0,3
e3dda4407a3f59bd73350ac780f43eb885967b5f,0.039257005,0,0,3
cde43197f980538e411d851735ac7a63ddd613e1,0.3996116,0,0,3
a67f0a33e68abf1c985db28b19ce70f427fd48bd,0.07449183,0,0,3
9d14fe21a4044dafc984e1626ac5f465e35179ee,0.03305319,0,0,3
69273dca6188a3d7d629d0d32dcf9cdb5b6c1036,0.0692435,0,0,3
0dec6e76fb544fa3e8bf5fd17f16314735971dd7,0.021670189,0,0,3
a3fdeb4da91d8aef50f40a3f9906494593ce2eca,0.4096203,0,0,3
f820d06fc0d1204b0cb386214ffeb42ccec669ec,0.10084693,0,0,3
321fd029ec5c9c3c9717f1ede0add49d8a709a01,0.030770827,0,0,3
566c4d59a177be4b65d17540576eeb34d28d24ce,0.33817172,0,0,3
a516976947341e0e18bcc0858d85d34cd0c02cdb,0.15923546,0,0,3
f44d4852ab758cdf0011efa028c85c68b8b36bee,0.06050216,0,0,3
31fae6431438e26d6b47b988164847048ceab314,0.79094714,1,0,3
7200c43dea3dbfbd9d38b937c44b6e71744b05c5,0.17629634,0,0,3
25aa4bd3665d8b265f03fa2b3e7ab6ee68256367,0.057531625,0,0,3
45ae5c7e42b07ff24e2385de57f70e9484a46ae3,0.48788142,0,0,3
cd28a018fb327d38a30c502bedca66cffb26f271,0.21313274,0,0,3
596ccd59a11ad5e9fda19ccd0f4fc714d8d3394d,0.03141637,0,0,3
e3700ef350bf28b3ae3afa2fca5eba01e7801741,0.077007376,0,0,3
301ad592142079d36f4d33f5309c103c7f4f5dfb,0.3041167,0,0,3
f8a8ea748a0b3015490ccecec7b97f0ab2daf9c4,0.020949814,0,0,3
8aec465b44dedb7deacf80111ea5286914093094,0.25436944,0,0,3
046e3a2f58decdc3eb9f69e14fc0f5c3a9e6b4c3,0.105837435,0,0,3
0802df0f7376ca7aaffa7a23b2cc1f2c4c0c8aa9,0.47278398,0,0,3
136bf34297a9ac8049e451800df819ebf092cdf2,0.6870208,1,0,3
c29e3d681f2a46cc3288dc4f38925efbcf30c233,0.03562487,0,0,3
5f667c031cdf02adbee9ef83cb71990333c58ba3,0.5101228,1,0,3
6525cc4035fe8df3308c03f0ca9f450728e122ac,0.7142358,1,0,3
34f3f4196084768b2ef6b3db4608d8eccec50364,0.14505614,0,0,3
c53f2106109153eda10c47a6960a5a579d1530b8,0.18815893,0,0,3
84cf29ecf31c67c7640f8821d4fdda625a173aa6,0.53723234,1,0,3
e6aae3a8bffb981b8dce19642cc1ab831a428cae,0.6138393,1,0,3
d21d3a94abdbcf5a890fb1b5de28f1060e9e584d,0.40956625,0,0,3
b4fb13bca9c41e3e59a5ea8e3f8ec4bc0110ba17,0.6088809,1,0,3
17f52a2e559e68d5c6ccc98fcebb5523161fd0ed,0.25275707,0,0,3
10b1c517cd5c0083cd0ad7a5f23167d66d1e59fd,0.03807855,0,0,3
fd7a4362caf2cd69368a38f2f71ffe19706e341c,0.48177287,0,0,3
753f278d10fc0c92e912965379401ac182644101,0.047951397,0,0,3
491786ce4182daa57ea61deaf701f756f57f6f1e,0.031485315,0,0,3
de73ad3115c19d5f0771754d233d74055a2a10bc,0.032581598,0,0,3
2fb2221d487d925fd5d716173a80c798986aadf0,0.046068966,0,0,3
d5f586bd4e1a20fc09a33aaa5c2b9320f4a2aa72,0.42738226,0,0,3
809f0f89cb53548a7d0a9f9f52c4b36f60c7b6c0,0.3298922,0,0,3
f80f577748c0dbde45d24654247a82a7121d456c,0.40283653,0,0,3
b723f82bd55e1b78a370925393d3ee638020da0b,0.3893396,0,0,3
540aa2e7ed7c0c0add1daad7fb548e156435e0a2,0.045241714,0,0,3
8d4fd1dabbae4d7ebc2b273af9275ef8bd0e1ce1,0.104431376,0,0,3
6e5eedb3fcebc5894c41733bd26c8b4d9197873b,0.1985214,0,0,3
3b7d0b95466139a147fc504b7c18897dcc826c65,0.24167818,0,0,3
6a82f92584b36e28798479c82c0d3263c6347b90,0.25544274,0,0,3
3a7519fcb190a096f4f00b9da357f79acd517bc7,0.032804124,0,0,3
61f3eba79d382c68c27ecb9eb3ad259fc5b75c20,0.031235887,0,0,3
5e6f4f18ff315825284d697adc1d721983da8693,0.029465297,0,0,3
b8e9475505fee98aae2819c03a33c7aa3db843d3,0.21689777,0,0,3
a14acdf6395f588dda7597bb4c7810dacaa503d2,0.17773868,0,0,3
c4768568c9981ea4efc942d045d9349ef2596af8,0.040543493,0,0,3
85a20aad64be04127106f492e26f6ad6d6c228c8,0.39848378,0,0,3
1325e114108136eea3fe77a4a270a2da7eff98e2,0.029182883,0,0,3
bae46709ecb13f80aaad0d279b3618ab83d09275,0.028038071,0,0,3
dc5f850d1d9b0b952b7f0dabd6778cf0f7675cba,0.15240948,0,0,3
b4abfb93676fb0abbab1d9bac40ba2714a3872f5,0.026596243,0,0,3
9a9e7268162f9fed146c74a8acbd234d9bc2ed84,0.035823267,0,0,3
b262c2359c9ed53dae3ce2ce7a0092273f4eec65,0.10242177,0,0,3
c30b59103b6f1390b0040ee74b985248e8b1b849,0.17508864,0,0,3
0f36265123605cac6af05b7b8c8f4036b58f4da4,0.23089811,0,0,3
cb177b56b7664ab323558545737646896f4d7e70,0.17553626,0,0,3
15bdcc3be2b84f68ddcd822da52ef045ed89e57b,0.24357697,0,0,3
6a8ba1fecb47e5ffd5387654d0cdb7c372ccdc9d,0.050874375,0,0,3
75efbfd6b21ab36fdbc440bc001c133f824bdc3e,0.22325651,0,0,3
f7e42d2ccf949a5893a439227c8c6bafd2598f26,0.49395707,0,0,3
e7bf6afe5052d30a2c448ae958058dd83410d076,0.32754043,0,0,3
f3e1598dfded2857a8734ecabf7b46bfb676655d,0.43341818,0,0,3
c7fcb448c99ae5fe9db9b217bea1233df3ee6e57,0.1369115,0,0,3
d0721feadc1e0cae6efa3e0d82f523debc5b8d97,0.26210392,0,0,3
5f47ad718e0ffcbbe6cd2f8d32b2e345c4af3a48,0.19363573,0,0,3
745d383af12137ccbcbe1f3cb4c9db73f87a66ca,0.045157965,0,0,3
2c94388179fd38bc95e3b47af96666493027f57d,0.054860927,0,0,3
d746a54c2ee50711283bb49e557f58ca491e1bac,0.03687733,0,0,3
a56d4998cf16ff08f5593fb7d4dda66ca05dc269,0.03786502,0,0,3
76d5be34f0327c8d39015d2962005babc2652cf7,0.42117846,0,0,3
dc9fcd4140b3e200e4dad8d1a52a6f76b7de4d9c,0.54414386,1,0,3
e6fe53fdae66b16ed0f0d32d68b75e62925c4c71,0.06161225,0,0,3
e92a76bc1a13cf05986a649609ef23af5d67eddd,0.4387209,0,0,3
03e65c98da2a0b2e27b14713543c2a61d56b1237,0.033484608,0,0,3
0d3545e5f68d024cd4a05724a15746d8dad986d2,0.2701812,0,0,3
96ba5ec21669469c9345910630f7783069c5ee7f,0.47304067,0,0,3
6b1b592887d9ce95fb5af1e216bff56b18c7902c,0.23256618,0,0,3
ccd0fd51a5712ef1d85110eb61130c906fe4db13,0.21414137,0,0,3
d98897b11e6f4adf1d0a91591b1bb6be501cd29e,0.30289158,0,0,3
3fd9cf1753a24587ee9d64d2133784adaa099219,0.05741483,0,0,3
35b688b7ec3b32dc671af4c7cb9556ff26e761eb,0.07473139,0,0,3
4e08e17ec536038c9c0dd888f77b912cae82816c,0.036326263,0,0,3
51a9539c693b805714674d1641dd52c5a997bd0e,0.44250163,0,0,3
4aa4c6d31f98d8cd80ccbcf99ded77bfc6de25c5,0.03922383,0,0,3
86eb3a2fa74988e4ccf3aae7f4b77edb84555320,0.026231296,0,0,3
ce2badf02e266a84e2485f1793f13bf722c29306,0.033981692,0,0,3
cc467caf26e1ba94be02f27a349647c62dca6a7b,0.5160458,1,0,3
45df5da2640f8f097915b8a2a0249ef0f6cf514e,0.17162172,0,0,3
ab9c3e935ebfc4864c413fc6880363d4d7282f16,0.20441832,0,0,3
7c172a091a2c623d264f98a36f141f5726e65296,0.43075523,0,0,3
76b7413d2b1eb2dc22f05de5b76f9519be5142e0,0.4638748,0,0,3
bfb3cf8bba6aab198c4644e236bbc9f3807111d0,0.22709526,0,0,3
9e26d9933a22709b3ff19c1eefd9ed8133860015,0.39573357,0,0,3
b7d8801c368778e370ef98832a1c6201e8197207,0.36662248,0,0,3
093e3bb2e3cd9992f3f0d14373d406bb9b2ed36e,0.32470015,0,0,3
c440f668aca99266b5379235f6d99d378630c938,0.3811597,0,0,3
a1c5a582760c7f65572d0883fbcedc843332d7eb,0.35094345,0,0,3
54b2a69a63be2da849bf4ddc56d7ee48ae850223,0.19297898,0,0,3
c768ed307d08484cd61ad8ac3faac330d22c8775,0.46188655,0,0,3
0a499402d707bc8cf775d7f9b3840780a7401f7d,0.047132444,0,0,3
b8e4612d484cbc5d1bb36b397b96a791a1a04928,0.33429086,0,0,3
a06a15846544681467c040d471d9a2daa281a866,0.05776375,0,0,3
8937821b5fd47226ea10ee0297e8b0604a8fa11f,0.3009035,0,0,3
8d210b4f84b85e3d67933be3079e1ce51b60eeaa,0.5702368,1,0,3
5d549fc352d26290386cda47cb35aea1239a4919,0.41385186,0,0,3
8e4e5221515f820108f48396a18ceaed73de8dc1,0.15343834,0,0,3
306fa74602973d8e6a5d542d43b13c9630408288,0.07159419,0,0,3
0737cf82db33f55cdfcb68e8f02f0b8fed40fa15,0.69901896,1,0,3
b6488f0869b79d3ba5a1ea1d3221e9ea191182d5,0.1743068,0,0,3
4aa1d98adf4520f62ac895a0aa76607300779348,0.29908586,0,0,3
fa6fcf2080a7d2a2202713035d887d80e8a9400d,0.054630805,0,0,3
a6ed07c55cf8c42e196dd6e6e1bf0a38f0f7b754,0.032573458,0,0,3
845e1d54231d3ff3fb04bdbf5dc5f6b631d9b01e,0.10033069,0,0,3
3a4e18ddf151a624eb5c3596ce8400ca4679ef97,0.29795995,0,0,3
8ed40d530295d819e0ca964b2d4542f6ca6a9929,0.098018065,0,0,3
a6abb8b00355db97486ab5023305c3f4e9e19ad3,0.04206785,0,0,3
b494caa01985c623601735f1bc10871cfb8aa048,0.12707134,0,0,3
afcfbf57b993aa96a3697e3869679894e8f460bd,0.11985049,0,0,3
35f4fbeeb6feff2fd364f79d845449417d84cc74,0.43868926,0,0,3
5597ed7ea300ae3d08cd893b0133bce26038a7df,0.06911259,0,0,3
002276ea313fd880122502e9840b43f996acd537,0.23953807,0,0,3
bd5afc0b5a977c168cf046e3244477b48fa72c5d,0.4155827,0,0,3
613afdb0c33b9754f049a295ba9f7351de04a748,0.058821484,0,0,3
b313ae68888445f4c08521bbc8d19f39310c6890,0.15980351,0,0,3
c8cb7524317761af98958753fcf38da1586126a4,0.21738173,0,0,3
c771c0080b08abd80418c4e88f1be3efec828f0a,0.23064683,0,0,3
6571233ed2e9c926b07d752992a96532714ae9af,0.15685487,0,0,3
e4b3ac8597a186ec8aafeda561031b95fe969d57,0.052885722,0,0,3
51cb31ef21f879220b8fa20e37bae15bfb2c4d21,0.047891278,0,0,3
a675ca7802065f459a96bdbd593d8dc491180cbf,0.4372863,0,0,3
903f280595099eb6ef4d9d9aabd19dec8511c861,0.5246618,1,0,3
15a24dc0fc9067fabe00857f8546aee4a5234a78,0.059070878,0,0,3
c44bfe000cd84d0b48401f8c7107bc37c09ec622,0.035342492,0,0,3
441687e5a4ac22d7a370cb3e99c6af91138c2746,0.18380736,0,0,3
8be87e032a8c05622148357f30bdca3c614a669f,0.3010478,0,0,3
5f5937fcc2dcf3bf49c1776d341189c557b2f01f,0.2500036,0,0,3
96eb80efe1da48f37846aa899260aa0c84b15944,0.038309168,0,0,3
8f35fcb8f7b17c7201a31f157e7d77bf3e6fe2b5,0.0345637,0,0,3
75c2b24c681e314c4e4e07243b31430ba4e42723,0.32882634,0,0,3
276e22858cdd56f5725e0c2f7a3522df99967973,0.057329923,0,0,3
471e6b078a7891aea99b77f200e828a7b1c9bc00,0.032966796,0,0,3
6d7ee38ceed6b496d70502e276f80be6de618014,0.03527383,0,0,3
5cfd99f0dcd0d10689e480f0854e859079f125d0,0.03041143,0,0,3
ed6c47dd9ebbb2e38fb3e17a2b961f0fcf0e6df3,0.028856983,0,0,3
088d0f9222337a1b3be44b99523094ff0af06cde,0.042580094,0,0,3
3ac3ff62b862ee89effcf1a4889b04f32fd8dbb2,0.059702355,0,0,3
5f9dda6b900ced96f21c4c0cee9bf14ea58451b2,0.055417776,0,0,3
70538e67fba268e0734a77494849629acaa05423,0.038313743,0,0,3
9036edd6d6256a45d2fb7efb2fbbdc7fb844b019,0.052907452,0,0,3
0f6812858ad6e3b28e4a2843c526ec8cf501b176,0.49683726,0,0,3
32d33210a92b1197a6c5a07f19aa25426af72723,0.03556819,0,0,3
1fe7a43505aa9d00bd9dde45aee77935a5147561,0.49453306,0,0,3
387880a630c65b955a3329a2f7b987214c41f6da,0.17413133,0,0,3
cf4416a84203ff9d360d4398da3b166e6d0c72b9,0.031254508,0,0,3
a7fe613853516f0abde34821996a0424882bb919,0.04177772,0,0,3
7a8a7783315917b56b6a71c4f28cec4ed1d91a7f,0.36623493,0,0,3
9c545d44a4a703c88d417a6fa43298a80ee67735,0.3046447,0,0,3
09fe956a62e19c160d0093f8fecf254c2bb6f0cb,0.045809083,0,0,3
4f73871cf40b6dd05c8872d39246c67f798ed915,0.2808294,0,0,3
41f297809965523fcd021bef20b304b3584d9b4f,0.045108594,0,0,3
03178c8b15f1b522b98ded0f83cfb0e79f5ec4d3,0.032812137,0,0,3
f70741c9b216d3836d047c542847920d4778cf9d,0.028753908,0,0,3
5ca0a1c3564d35293a5ecf03e5f32e6f0f6f445c,0.19027168,0,0,3
4c4b3e2e32ddae35e4c1a6ffce1cd2b2eafa958b,0.030871263,0,0,3
72a46babeb0da02071e47425ebd55da915b98178,0.33206028,0,0,3
9c51e5316babbd370bc32aed0fee134216726ec9,0.038580064,0,0,3
392323e2d44bacdac605c1a4f037f06e21dcc239,0.3679514,0,0,3
10dc13c80752b0489d291b54440212ca54c59fee,0.47011468,0,0,3
7b9df59a96adfce979c8c564dc5eaa6a29b7f25f,0.29004717,0,0,3
818533e92bfb1c142ae4ce5be18ab92d1ae17025,0.04184258,0,0,3
47fa07eade06908ded4206651571e71a2fe684a6,0.35194826,0,0,3
46e97d9e04591e8198ff38bd2949fd5514da0d3e,0.033186655,0,0,3
08cc26e70bf145aca293d55fce12aef835263f53,0.20490149,0,0,3
6c21bdb4a107b49e57c9e5d6598d13ce6f85fc5d,0.030146748,0,0,3
18a027b1f04e420c18ae57aebe8fd031b5ff251c,0.026479483,0,0,3
82b84c0fe9054198099752a66575cec0c47524c8,0.16147247,0,0,3
b10b90b0a3947bea98e3646e7d29f853f3b5c6f7,0.15839447,0,0,3
870d11b6662dad5980ae2684aa05b1be2c5cce03,0.20188656,0,0,3
2091cfbabc4e4940f70c2628cadc08da0baaedc8,0.08463854,0,0,3
941b13f8ede6dbaa4fa64ebb9b9156c2709cd281,0.042799924,0,0,3
26e878ab3a5b0844e09ce305fa07eb2d0ad93d41,0.055461943,0,0,3
8c141a1705808491f16a27b53e1ff0db0a2807fd,0.043054085,0,0,3
40f969bc9e162deead55967da3c128e2da933dfc,0.054669812,0,0,3
f348d34fb1ef3c968e2981283618aa85db203901,0.028735945,0,0,3
999761ba1bc5da820a1d2527c4aae29d95a7013a,0.2471246,0,0,3
ce131449a4ca0b06c6bb27ee5d8d6d89b1467bbd,0.60635895,1,0,3
924e1e9064f90d958b4f57e9c9c0c543bd19dcfb,0.43463233,0,0,3
f36090e3141cd3cd6fd58f1f46a30af2582559be,0.4762714,0,0,3
6fe2094e30107512e470571bceac91cbedbd21d0,0.21327716,0,0,3
fb0078159d2463da149de54018fca79a9447153e,0.052822176,0,0,3
73351b6adbf403600521505bef288057beb2bdde,0.4140458,0,0,3
079a07fe18f654632b80b274f247775582261e5a,0.379777,0,0,3
4158323ee456bd412e7357a4a6bc8bf50deb5d9e,0.044866443,0,0,3
2fd6c8fa1e392f985ee860d8ee154a612ddde569,0.42651415,0,0,3
6c4e1d719fec98f04f0d80d2ff79dbfc2861bfaf,0.044893008,0,0,3
66d0a9a0a00dbb259425f17745f7dddd7e676f71,0.0645058,0,0,3
1b5925b5632494c77bdffc9e89d149f5f88fe17f,0.4555744,0,0,3
e14d9ce8e3c57b7352a647c0a8e62eeb88ebfba4,0.05002518,0,0,3
9e0c5ad4b3148f42f3940faf7d67b305e34bef0d,0.048130184,0,0,3
fa1aa44c7623fb2142e588c59eaf56db7bc237eb,0.03214523,0,0,3
ad12d97cbb4c35017d55c4105174671f1c38b36a,0.13492362,0,0,3
026fce5c5f01d7b712dc06db738e9e2699c9b118,0.50949603,1,0,3
8e0b98bf6bd30713d94b72c7c410addb26c3c472,0.15123646,0,0,3
1130658baf7ec92ba5ea309244c8bde74f385ba9,0.3713794,0,0,3
63a179da8b48c16b535872f5538f071654adc41f,0.5860388,1,0,3
3150dd3c7da3c95c9cdb262bec312f1e2a4797d6,0.25910446,0,0,3
175e1b3637b0be2cdc0c4c76b1a924924d2f4c62,0.2823971,0,0,3
ab908d64bf11667157ead570311725ae6a2fe4f6,0.50762427,1,0,3
2272f5cce78b86eddafe916eb4b94af5b400d339,0.488259,0,0,3
3e0ffb9f52675ebe309812287449a011317a0df4,0.34006777,0,0,3
85a20b502327f2279e243dee98c86144026e560b,0.14686891,0,0,3
5005d1173c18917d52f015a01e816fd3bbf4aac4,0.5055842,1,0,3
8fdda846c4653b6ccd49c47a9586c374bb20a255,0.212355,0,0,3
a94ff90ab6cd2d92ccb2eb1fd7913b4e5256f02b,0.040590897,0,0,3
5a1b473d5c57092e7f77ca008b1085c512577ce7,0.04024865,0,0,3
268bcd622685b28c2d50bcbce64ac38f7e90390b,0.34501514,0,0,3
09e31a01b51d7418fa0034ecd4cc11848436fc18,0.29197642,0,0,3
2e87f2934e757a6229e20ac3c7d7413a42619ddd,0.50715065,1,0,3
d510921649d762e7aec2176685cc76f06b267b79,0.1337378,0,0,3
7851a3e2bf24c58eea66da70fa42a32f03532620,0.03768747,0,0,3
487ac1980148522d628e1d2aab50b107c372798b,0.39327833,0,0,3
5f9cfa6ebf748be6065680fcb3656ab8379441e8,0.34258088,0,0,3
2bfd539dba6e69a35d75a301d8b4a1feffcfcd3b,0.3661802,0,0,3
34646ec9b52192a71e52ffc09cf7fefdd506c48c,0.14152566,0,0,3
7afc1c34fc16ec04f82105f9106b7d1e5232c4d0,0.17424843,0,0,3
5566a21d2b34090d1ce8129f41b551a1187e7d5b,0.25403157,0,0,3
00439211981af7b5baed495f526ef8ad76ee7c5b,0.03575328,0,0,3
1d635088f697178660b6e1c9a89d2b7d3bbe2d29,0.06956004,0,0,3
a4a62ed7c1e3c7aae09324f0ad1c6078f0fba471,0.04913542,0,0,3
b3a68ca842841c4b9713462d5f01742cf71a6b4a,0.029541995,0,0,3
2d868410eead061d59de524bada4de9e3d2bb442,0.024072364,0,0,3
813aa11d505b9507b6795d36070806cb2d96e5c2,0.45392597,0,0,3
88b29fa46bcf6f56df4213e1ba7810735a28d755,0.5158999,1,0,3
eca374db08ffbb3dd8de746632fbd74acb8f2c92,0.1942583,0,0,3
2ab17f529d07c1f618ea08d968b2fdf3a382a792,0.058873612,0,0,3
9a87c766bb3137a50656871e5dee5a309543bc7d,0.32412788,0,0,3
bf803b119be94bfd71902ea5db06075aada82672,0.07116065,0,0,3
b72d8677bfa9aa177b9b973fc76322080f5de470,0.54515666,1,0,3
dd9cb37df54a3016e8efb283732012ae14bea1cf,0.2093513,0,0,3
4ebd5b61720a680e8507f0a4f1eebf0d654e8e09,0.20979051,0,0,3
a7294ccd794d2d3f55b67b75b9798de151451fb8,0.41606843,0,0,3
9ce4e1a371418e5eacc69227885815f9a4221c65,0.39994574,0,0,3
c9b1c8f9662f865a613632e1d390922050130b60,0.092589036,0,0,3
564345179f3f33d249daca36f0054773996d5782,0.0427279,0,0,3
c7f7da754a911302dcaa6935be6fded84e1ac348,0.2803052,0,0,3
4cbb388ba9099be121f81d75000acc3af93bf993,0.08202868,0,0,3
87497c72460c9c58f829a372d741b386fc2ac8f8,0.045649458,0,0,3
921d0d60d40d8fbda29f14a64e848c70026ea32e,0.04144935,0,0,3
ffae3bdbb6740e336a223a82a3dd545c24cde7b5,0.070876405,0,0,3
f9e72000a17eb9d524b38a9f2c982c037dd94891,0.32020894,0,0,3
e34f50dd1083fa8ed9fe25fe701b64bd2ea7efc0,0.18488555,0,0,3
581b474f4b194731eb9cb22cdde7330a1ec81c3b,0.35351273,0,0,3
e0d17fed51f5018fc34578699d824c20efc44368,0.2923073,0,0,3
4fc5b3402c58d6a4b317bf23b896ea91d22af6fe,0.33324197,0,0,3
d8e2f892e48423fda73204be3ec239d282e71c65,0.3182469,0,0,3
8d6d088622f8e4ea89e66ccbe097510fb4c932fd,0.12819515,0,0,3
f0943a7242041a16c8f7fca845592e48bb19ac74,0.3797824,0,0,3
d1123894d33922e7c8ca838f9dac9bdceefa3f7a,0.28070182,0,0,3
fb83ba3fdb46537a36832a900f124d4c400f7ed9,0.42135346,0,0,3
e779883b29a67d411493f985de984ffb8088ca05,0.21090208,0,0,3
a71c820baeb91025eaa7f07b172a39500c6f5692,0.29098672,0,0,3
a4eff51bedd73a0ea56afc23b1021187dd03561b,0.30653027,0,0,3
8f6bedeb724fa78583c26423aaece05cfddc04c9,0.2679039,0,0,3
e38bbb9f4191d0d21dea0ba31fdc131b97a5597b,0.04736998,0,0,3
fdc116f0bcda6d1fffbbe505d0687b0406e92fa6,0.06220726,0,0,3
8a8ca83f25bffb9927f67469f2230ed0067d1256,0.041902523,0,0,3
66608db56c41e91ee34fdc1e6157d69b69893fad,0.036203872,0,0,3
43800e34600d5045e7770af325fc18b84e8a9f37,0.56441796,1,0,3
d7f0ca1011603d0ed70ee167e3ad9861bcbf756f,0.6512182,1,0,3
7398af480396894c5f246f233b98fa3a3efa0b74,0.42704287,0,0,3
67566fe60b2f98dd586a6512889f9973d4ef380f,0.622904,1,0,3
7bf9d3dbc5998608e85f165b6c93bb7fc98e66fc,0.3542538,0,0,3
6da8a0eba0d0bc19764a9cd8f0b0c3bb4170b8d1,0.6431397,1,0,3
fe8646e83e66a4bac75e4503824c2078779c9a18,0.59940535,1,0,3
22991a71c698537a3a67389487ce9b13a03043b3,0.46784946,0,0,3
152073fa08a8218dda7f2f90a0109cf1855d201e,0.29827732,0,0,3
7644b5a2bd9a3c96a97f7e4a603d86e33c4ad1a4,0.5575971,1,0,3
02641ff72989f451a79125f08df649e2bfe60e8c,0.54159695,1,0,3
12aea8407550ddff1ff25a838571b40f5ff15b67,0.39988345,0,0,3
f8fa8259db335fc3221f011dea926bc716918efb,0.68230206,1,0,3
738e361a363243bdfcdec56c07937e922f722760,0.6075573,1,0,3
df355deb13e42d161555505be9b1913af2afa602,0.54668117,1,0,3
defa2be2ea4a2ec95899e2c91ba0689af73a9348,0.5797176,1,0,3
d67f7e2af93a1f715ce14ee373b07bfae9389370,0.42287496,0,0,3
58e713233db41a67dc20c6fa60fc6bafc3d3d36c,0.52264595,1,0,3
c9aa8f334a5c7fc51cf93f300600e2124170a43e,0.5018666,1,0,3
dbb04c1ccb17222ad83294ffdd2f500078568873,0.55019855,1,0,3
c4e2ddf2661ddfc252c7a27316a3b8a5907234b5,0.50646555,1,0,3
b21b4c8dedc90d95aee684c1266f451ee071e2f8,0.39901862,0,0,3
1a26866d771d8c3795e89712e530bd4976b506b1,0.6675739,1,0,3
c83289781a19ae52c329de125c7c87c614ab53d2,0.27101585,0,0,3
213cb76f59b6366378d13fb174b84e1c31170f7e,0.66260976,1,0,3
b3c16860932f7eda0cc58c41d61f0b2545e6d4dc,0.4887205,0,0,3
301b0a811092b9c5a3b22b0028a126a63576d1da,0.51383287,1,0,3
e7a46ac6ca11c6a51a924e96114a9e02312376e4,0.6188699,1,0,3
79c47193962b00cf82c79788b81f1107e18ad752,0.38003632,0,0,3
87d71e9d46c046cb5aaa333b37bc8dcfcc3b065d,0.046526317,0,0,3
121c6b6892d1827f0ec543245d88b7f030af6eaa,0.45516118,0,0,3
35c99d4dead2545f941e109ed37aaafc8ced38a3,0.35332778,0,0,3
40faa3ef128e3e04d7fdcffa65fd0ac840b9d788,0.37742507,0,0,3
d4b56e80b43def8568fdcdb5884729667ed8cf59,0.50955564,1,0,3
3d93574d2c2c32c3b7582aef7948f9d99cf7d482,0.45949104,0,0,3
93d4d37c5f441a4e5f081ebcf7c09f381c1cccd2,0.35570082,0,0,3
e10c80fa720fe9ec59d84500f189d7049e50a3be,0.40960857,0,0,3
335e9df40844f1c388bf1383c33d9af85f96ab0c,0.49428642,0,0,3
c4dd533843b14bee28db9a12b4a6472195913220,0.4693043,0,0,3
c053a327f9f64d0a02fc70ae198d8d9f96cfef02,0.55091065,1,0,3
aab178594f3a908061ab2ffd1e6cd5d27304cf80,0.6729764,1,0,3
6d1fb4dc3e9241d14efb0a04dbe0254441390abb,0.6061069,1,0,3
41bbbd468a214ff51d18e1571965de68d983e26c,0.03562782,0,0,3
1077ae03c0bbba820a6fc9bad8cefcb00c888129,0.48524782,0,0,3
c4a093c1f2d4048cce2c24466108a078b4a9c6d6,0.038673144,0,0,3
91b931f79fbf85b8240b8103e870a59ab0ad075d,0.065658584,0,0,3
1f14ff6ce8909f28fa7d5f0af3299e9a2cdb0d79,0.044786718,0,0,3
85b941ea1f3922fa5ee6adbe049407e8a8b15596,0.048733395,0,0,3
ba1ce9b9aaef27b78415acdc4e84aae0ad31075a,0.36229855,0,0,3
a961a2ec9c2b0b0370a560cc522b9af114cbab90,0.063244686,0,0,3
de903324903d441b3224b2170476629b979d2ad8,0.044341426,0,0,3
34f1f6a485cf3dbe9270cbf0232cab986ba13cd2,0.043645564,0,0,3
eef2ed3144d873a56cf5f62cd81dddea87d37544,0.041321486,0,0,3
548dfd8bead389790d1c438d54afaa1f060f0eba,0.042165924,0,0,3
5246aa0529add36a2fba243dc23a8edb0ff61094,0.03843377,0,0,3
272a25500464aeb1a8b45657413cd2f93b7c53c5,0.34295866,0,0,3
7139af330bcc4cab7c19de4ff75b4d29f1618a56,0.090371124,0,0,3
756ba33a2059b2ecaa00b921648391b3daf8742c,0.089172654,0,0,3
ba6f4a44799a1ed0f7aea6762b658f7d5ef05f1b,0.076818556,0,0,3
2f8b15ad07b438413f9b8513ed50fd5cf14ceadb,0.06840053,0,0,3
b5c1893a7069b3771855a58c6feb8a32cc2d3cd8,0.086678185,0,0,3
c23335bae449d804f21e949b220aa03c2f24f460,0.14290804,0,0,3
235a0914e97fb3da2750a745c77fc01166bbb59f,0.053650226,0,0,3
9e2307974840d5d20e4a590bbad9fc0514ac425d,0.45716962,0,0,3
084ab518eecbac7b9b9a711d21021bd7df13dda8,0.6539888,1,0,3
7a5431ecb6efd9ae83c3469f040817d01cdef1c3,0.46581706,0,0,3
87edfd2751ba8bf84f15aa1df288722c36ffcbf0,0.042304438,0,0,3
a2718fc3a9bc54d5932214b07514446a2fe4c5bf,0.38938773,0,0,3
d6a8ed57b8e1fdeaa3b6bb4360b6de0d66dc6450,0.09826372,0,0,3
7fc003df8e22a4dcd2f16f5634fb9d8263ff5d04,0.045286983,0,0,3
2e4b80f86606e8ee3e363ad4860afdd50503374c,0.043245032,0,0,3
f3cdf561fd06b177a0b602b3ae6d6e845788c6bd,0.046157468,0,0,3
53af14730cd52af888a37c35c326d735f54c76c3,0.054336473,0,0,3
60afd02a508bf721734eba66d1ddf412fb6d0970,0.28220585,0,0,3
73b76598e776bbe7962e18cea087bdca1d560769,0.051821597,0,0,3
7a1c10a162fd6e0043f523af98d57549573c1982,0.11400168,0,0,3
277321564dd18c68fce97594652d5aea50ff221c,0.5367038,1,0,3
0ddec2917a8543e1f58e85e317ab4d07bd94f786,0.4116802,0,0,3
771eb6a606491375a61fee1aa537025edafacc34,0.08051099,0,0,3
49747dc1d34a48e966ceb424f40f0b7994d1cea7,0.053228516,0,0,3
1d4d89e9fb191af54a8f2eac924a2fcb285f760b,0.17275167,0,0,3
a2efc6b6b998a511666079b6d4c63ac38f215648,0.056996964,0,0,3
6e4265d61c22aa0a5b627e8bb4814fff382a7170,0.13247582,0,0,3
0aa826e84b14f6f39b23a057986c1329657b9c46,0.37959144,0,0,3
346a81d770fcd5e7e401a8d1daa42acf6493c2f8,0.39050317,0,0,3
355b55e4c6fa22a98983b745579c43077cc387b6,0.6948947,1,0,3
2a4984980af61442ce8b9009c8c86bb94b2bab4c,0.06896105,0,0,3
dd9dc9457722787992347ae54d9a8fe8d4b91d2e,0.094067216,0,0,3
305934dfbd2b37deb50cf93732e442c51bb1603b,0.32564586,0,0,3
82cf2774a215ae46477e4b35decf77321e20ab34,0.176899,0,0,3
9d47e0f911981bee44146aa40ade3571f64e2d3f,0.057673313,0,0,3
e76bf903a268c242011618730cba7a7bae8d380c,0.31818664,0,0,3
5366158572bd88f18df7883ab823ea62b7701d77,0.095158085,0,0,3
2df0a3be66f6fa1067d976d7a05500beff7eda53,0.028319756,0,0,3
4742149a8d979f3d97d846f90774460f41184104,0.026643274,0,0,3
068e4f1792bd2b157e6ed6703e792d628f1bff00,0.09571309,0,0,3
81a6c88778a6b84c14d07e087f20484f018ef320,0.4886045,0,0,3
2edc62af90db14bd9166eb5e0d8c62eced9351bc,0.17386901,0,0,3
81288e460f85d71a5f0815615051fe0cdde82039,0.44673154,0,0,3
4abfe08ae38927921ce2d754f0fde4221fccbed7,0.48272324,0,0,3
e0a8ac4fb5891e6760f7238027dcbb3e23e23054,0.22840926,0,0,3
16f46dcc3df28afa0231fa68a6f43ec9ca44b0d1,0.43300405,0,0,3
5b940aaf301c4fc3b1b8e1b9c9b4e419d987ddf0,0.4159282,0,0,3
32280b862c77e64fcd104da16bd1b588026c0be6,0.5128998,1,0,3
7c31eb6634d55db044b6c4297d38550a9b248046,0.5287847,1,0,3
a4456b8fd51adf73e007cb7d598bf2feb3e4f6df,0.508345,1,0,3
df46ed5edde4aea856cb16b8bc4ab791fef206ef,0.1262044,0,0,3
aaf4027bfb90785279ce2ee68bdf056380b8ff1c,0.15586399,0,0,3
17bc99fdff3e8863be845211e2af050e8c9f98f7,0.13671237,0,0,3
56888aa666b4997a4eeab7d1044f5358c213a178,0.3658498,0,0,3
794dda1fbb2d54dd54934e88d9867ada0c7ac54d,0.45197895,0,0,3
e0b2c86c8754312d1e89307fbf84e6efbfa9fe0b,0.3172695,0,0,3
050dfa6f0850174fdf958ce6751d2f06900201f8,0.22848424,0,0,3
6c94c16e46127c05fbf70b1fdeb0cd8c2ac98537,0.07021795,0,0,3
7530b4bdceef0ef37af252f0b97978554fb9b99f,0.3106898,0,0,3
a6eda3d8eff423ecb4901aa07339364732c02ddf,0.42893773,0,0,3
a5035d0e1cde068320984d789473e1140adefdc0,0.34830558,0,0,3
dff43a0530a6fbd524e3af24795cf6b92142735c,0.2836911,0,0,3
1d5f8faa87a410fdd1141ad82f270ac238293770,0.33472463,0,0,3
82f4ce516c18ef5fb3096f6a90455fce90a5b290,0.034321863,0,0,3
228b49fe2afea3376c4f30f80bdeb70d083a9206,0.3566647,0,0,3
adfa016f3ef7ff262643e0f0a5a54d3ddb7d7e1d,0.5448263,1,0,3
f72b5e65c0c5210cc0be585959ae84fdbc87aced,0.5632793,1,0,3
26d668f6d5a2f202ef7ff6a73ff3cbd7bbdf4b06,0.35750106,0,0,3
808149305ba26224917e29aa0c0089701bd91936,0.029295491,0,0,3
55fd738c86ea1796d5152d818ab4b5060bb11803,0.33094358,0,0,3
7a8dc00b8be18a9271e2d9c2444ba91077ffafa5,0.024350034,0,0,3
77c24aa92600598ee7994a1504b7bafc560b3809,0.629607,1,0,3
ae2c81ad18f82278c5840d12ac22e572c3d31bf3,0.81287074,1,0,3
34515698878ff0a4641e72486f0ae8a7e30df0d5,0.22372709,0,0,3
96f2b16b3efb93580e6aeaf1da97d9dffd5e260b,0.29225945,0,0,3
b577805347d56f1927615fad311868a3537a9cb6,0.41677997,0,0,3
e366894658914c0f2fb41cac003392b0dfa6e4b7,0.336172,0,0,3
3ab3653e48f65bc273c1fb2522cd814ceed8e396,0.18348685,0,0,3
3411f29e2377788cdaa5a4eeaddc53355f085a78,0.03333256,0,0,3
880b04814c564ea7a1bb8fe97c15b4735c67e8e9,0.226638,0,0,3
3066a8085f86b743da14a161427c403a7038e8b0,0.09046956,0,0,3
37c4939a8a027eefb3673b49301814d086f2eef1,0.05624714,0,0,3
8ef033be5c92a895139b4f910af5a7048f340cc7,0.021988668,0,0,3
350c477161a0d1df94efa02109ae07e6acbc527e,0.4047496,0,0,3
0880a21c56cec1a2442b5123c3845bfc99e83a7f,0.039682027,0,0,3
84143c462986417ccfc5e8c05481e983cf668e2c,0.028987553,0,0,3
f16d5b1722eb55c2d55eb623999f16799b088b98,0.43910292,0,0,3
ac37165ed7a22cbdeccfe348b10245dc83b414b1,0.55746454,1,0,3
d9ae4e2601d4c0744bbc275b6b4f503477b789ea,0.027787603,0,0,3
7c1a59fa7ab58f5f7cdc124ff2667cc501570a4f,0.23739584,0,0,3
93d35c8f291b8953f8460c0eb02a51cc6d6cac22,0.051493373,0,0,3
b77184a2189c8f91100d148354d1fdf38e83d13f,0.051249668,0,0,3
f81e0465460ff9abd450eda836bbb4f9b13837c7,0.47262532,0,0,3
6fc152e4177e0482450b13eb7fe496de677ce5b6,0.31899393,0,0,3
0c9af5f450ce73da9b791051f861cb9a6420e0f1,0.4660168,0,0,3
11409e628b0461be3c268f81642ce36bc4b0bf84,0.3308724,0,0,3
63a9488f2910434851e98a8fc0ec8c053b24083b,0.03156455,0,0,3
829a4e9ce35d43670a7061b957ac951901c31ad3,0.40388674,0,0,3
d70736425701b66bd64ad3aab3941bb930a18b66,0.029625885,0,0,3
7331773448c1f2e0b24deae4144db0deec85fc07,0.17446822,0,0,3
11a7e62a898e54d66936d1b8b67cb5e62578ba98,0.20637344,0,0,3
0484bdb3f61d309ff62da4df4be92cf139d19f6b,0.3290835,0,0,3
f9f632e7056cd9d2b3c88bad50fe0597610e2eca,0.37664387,0,0,3
a3fae474e5cf5084c89835fce1950991aa678a41,0.17154409,0,0,3
f3108e2771083bfcf02c9c67ebd70a3ac0ddfca8,0.25013998,0,0,3
b720481312289d9fb311caeb4593c10561af317d,0.28339747,0,0,3
a9fdcd64bf0a982901d298596151d13e56442a11,0.047192108,0,0,3
521b9b3385d73239b96ab209cb34ceb5c1c1400a,0.23529813,0,0,3
d7a1666f9a89d9a517f5fbaf283e711046fd054e,0.18204482,0,0,3
022a020bde5afba4f2e9b6753c199386e79d7825,0.22522907,0,0,3
1b5aef881bb3acdcde5d9fcbb6e43ceed6db145d,0.17939442,0,0,3
0caba0845d4363025e619eb3db6f3138b2c3d394,0.42670643,0,0,3
8e71711c1caaa404d84ec6682f1b7b266064c2e9,0.28211844,0,0,3
363be2fea66f861d7ec4f893a05901fa0c7ecf92,0.5362956,1,0,3
412a8a0ba61c84d71c0cc740ba7e50c10f3bf9ae,0.037158597,0,0,3
03380256795725c7d17db97d882a4c4da3b76b8d,0.23055254,0,0,3
653b46857a4a48252bfb094e39ee9937b2079fa2,0.13006163,0,0,3
748cb609306ee5a046a952a0ca13974ef0b6e770,0.34768775,0,0,3
0f9ce497b0c6841e3aca845336ad095012c41da7,0.35873857,0,0,3
36ee52223387eed452c266490a25b4c62f49abc0,0.3735067,0,0,3
a8c6d43b5a61d8da784f0ac188d40b88a15dad50,0.061642,0,0,3
8fe2360920a8228c10cd59ba0978df701174c961,0.3479112,0,0,3
a3677db89ef3863e8ac7cf578df499f85d970b76,0.028457964,0,0,3
64c51505a82baf8260a34c7e83652ae3014009e4,0.3085168,0,0,3
ccba0cfc3f1b81dbaffa5153aeb84d48cd7630ff,0.06475008,0,0,3
e7c42ed0fb83faa2b57184cb72f6d9e8b621ccd5,0.21263957,0,0,3
633de29fedf11544f2c3d5052890cb014e612bd5,0.24917445,0,0,3
362ab2bc41697980391c4a61c23cb3ef6bce740c,0.2785502,0,0,3
fc9d93db68a3c33e5ead8c7ecb187fdf0f06cc4f,0.43417898,0,0,3
66a775c9feb7dcf00c28a16b7a365af4372886f8,0.43357667,0,0,3
a6a48cfd370b226955a531e678016db414ebeed9,0.2736667,0,0,3
dccc1255413adc1a212dbe3bf40accb70ccd44ef,0.40439904,0,0,3
5c341d9ded098fafcbed3ce88643e96286928011,0.036971375,0,0,3
c64856ff7f49c1c2e3098a36e5951f6e3a6cc366,0.050334163,0,0,3
540564e190662e6617d8c8974854ded6ff2b365a,0.17704691,0,0,3
83b70a377f79ba90f846b3a720e6c402c63bccc5,0.064628966,0,0,3
819318486d9cfb430749ee33d3c5c4ec4417babc,0.03386532,0,0,3
827d9644c864336fa84f15744375ba7412da047c,0.04662196,0,0,3
af6bbeefbf197f50d194c7f20419c2a4590ad630,0.3085988,0,0,3
a215c3f91a5b4baf56e767a4e91b6511cf1544ac,0.46326238,0,0,3
ae8f5f04574be75727f5e948e04bc649cbdbbb3b,0.036572702,0,0,3
6348d47ca3f9a64421d092673b35bc834a071e11,0.74379927,1,0,3
b9cd3558133ae9f26aec73e0bda3a8f635d137f7,0.050149497,0,0,3
f672e826f51824582273fa1f5b6ec37aa5fdb2fd,0.04826313,0,0,3
72df12fb2ba453afb57cf185d25c502d4daec6d1,0.4392993,0,0,3
7b42d43fa0827557f51cb4111c89fb2a78512c68,0.33569112,0,0,3
af1b5872ab8355acea3197522ddf94972b3c8386,0.03647179,0,0,3
b1d38d9bf25d715d2eca86876baa360a2df356d3,0.5834429,1,0,3
5c753a87c328678f16bf89e0178448f04194f0b4,0.026356626,0,0,3
0956e2d2338531a96f2ff7d4ab405acc1b18421e,0.037428,0,0,3
c9709dd49d438e17ebb5bdc003b5353b0201c432,0.35532182,0,0,3
657b1b49da5ea1593dd7f950eae99a88a8ada87a,0.037480336,0,0,3
6563275706015b000cc5bf14be7fa9322964bf49,0.090730056,0,0,3
e9e76131f35c112046b9f184816683beab605e9c,0.045764048,0,0,3
843267df5a0b44145d5b9ee9153d17aa5e15cce1,0.033855706,0,0,3
cd64fa339a97300c64dfc434483e478a58f507a8,0.077883326,0,0,3
b0b23c179ac55334f760aa29fce262c73a909268,0.03386743,0,0,3
31e3a88efe59b1e31a438354d51c2620bc859985,0.03952411,0,0,3
b815d2af5a15901dcfd90cd76f0b6f431b0f0048,0.16050908,0,0,3
dff1a0953d97d46290750a46d01be1e1519ae698,0.34437057,0,0,3
cc26f76ad1e02bc157066d1903aae9214ad34702,0.05494064,0,0,3
e082e0c48ed611ce3aca949cb47d0e96c35788ef,0.124052376,0,0,3
50d2939125522b7fecb16546fe7a5c253566df15,0.06645425,0,0,3
35e0ba449325e759e04203fcaa71920cf473baef,0.034736216,0,0,3
c7d20472de0dad34bce9483557f43c524e4f3e16,0.59486157,1,0,3
e508ad09d79302d3cc6b86077d4a6ddb0679a0f5,0.3898697,0,0,3
a27ca511a591caf813c26862a888e90e54af19a9,0.09999729,0,0,3
9be91f380c209f895da36d13c40b99687bb4c8c1,0.3167451,0,0,3
09c55eb8120da36aef1807628f87bde83749428b,0.2359593,0,0,3
05edf06360cc8a1a61fbd1ce5f9abf5d83f9d3f9,0.22836114,0,0,3
9df5e9419d83c11b4a2c3421c5ff7ea1f544366b,0.033254836,0,0,3
ed1ce82d822ffe185875b7b7d38352f20171c096,0.03338974,0,0,3
1b80dc49658ce86375c6c3fd089d7dcd176f4ad8,0.45904237,0,0,3
10e38114032cb4c585b29e946e1d70e05d52a878,0.037759356,0,0,3
d71ead41fb685431dad02d4bb7cb5675e196b8f2,0.30485466,0,0,3
e7b4025ee0b6152f9bbf7a72a317f977402a27f7,0.11268642,0,0,3
0f3648f749b7b67c2c61282297569657ea6220dd,0.026742034,0,0,3
bf915848967a6e35839e5565e98c716079980e18,0.1627205,0,0,3
e3eff1e3a426f8931ad23a3d7a7e790adabe9f48,0.101277284,0,0,3
2ec4deacfda46ad85e3effb3171a5e330ea8e714,0.44086546,0,0,3
7f74708201c2ab9f5d1f83c7052487116b8f7114,0.46309847,0,0,3
d442a770f2ea6b8c0b50a001b1ef1d92511e9832,0.7217221,1,0,3
494745fdd0fb1c1a6cb7b955c42a8b6d956bd945,0.048088204,0,0,3
97dc91d1545a667b4021b6507d927799e53964da,0.20637648,0,0,3
3200db1671d4b360abc43165cfb31e534966da92,0.656062,1,0,3
4a37273818d2d7fe684136e84511e4e46e6cb1b0,0.07049489,0,0,3
d9979fa97865b7a57b9da975efb6e6c4d80b0cc8,0.16634494,0,0,3
af7f247b648bb255307c87764c787c0f0fff8df9,0.069025636,0,0,3
6f27b4ae8f8ecb62698e760ab7df3973874b1f51,0.03530434,0,0,3
67ef6efb61f3c07e1359e083bbac5d90953cfe43,0.34686768,0,0,3
1b53f09c3a9dcd64dd281c1955b062fc28999366,0.12963541,0,0,3
34adc606601cb578486d4a019b4655c5aff607b5,0.12693682,0,0,3
b05bd69cdd841c02a3b645568ee5478fdbfc07d1,0.43861458,0,0,3
e1f30a1c32eb292e51db274adbe2fd6ed09b555b,0.4305618,0,0,3
bd82fe9fc034e7921eb589420bb4b86dc767a11e,0.029958557,0,0,3
2c6e3404bc72e76b2e9d308121368f09b723c8df,0.07892957,0,0,3
13e0ba5aff3fe14eb0e1d748cad4b9f99e681ca0,0.2964831,0,0,3
3b7deb943877b0c2d8627531959948c5d1e4d3ef,0.027273234,0,0,3
b657c914c0005b37e24c1cd74c5f4ce886147606,0.030173669,0,0,3
a61fde99657c1b9d11e8eaa682181ea59e65814b,0.3364477,0,0,3
29c067466ed78c3e7948fcb8f0d25b3d984a1a93,0.04614452,0,0,3
fd86d06ec5d3b009f3882dda7903e9913858ee14,0.03304215,0,0,3
a43b8d68b8b7e6d7f23977a7432880290e6c6933,0.24323435,0,0,3
31e4a6df19cf4a13f8f0e9048198ce7488ad2614,0.034063168,0,0,3
3c0c9d83e27e436f9d3646f177bcb0ac2fecbeab,0.37710792,0,0,3
db7a08583a5ebfab310efde6d0636f2e2fc108ad,0.17544797,0,0,3
015e3cd37d128e4ade9b2d49f74f3b4fc07d82f1,0.1753441,0,0,3
8dba68a38c8bdae91c15e4eab35cd83c427d8e71,0.15511414,0,0,3
4ce6378eb6024e33a86fb76e25086621971da586,0.19638559,0,0,3
bd15dc78c74bd9eede3419b70469511f196a3716,0.19418558,0,0,3
c4218b83851c8dba1f275e3095913d9636aa5000,0.07517371,0,0,3
c3ff46e30397bc0355584c593d500d2564c1c515,0.5009598,1,0,3
b2d4b2ac3a738d97e23e53cd459d9c57ee8827c5,0.6051187,1,0,3
06bc5ac61a204128b1f69104acba83f266883b1c,0.6278326,1,0,3
3e24c28e68e617735b25791b0bc3f67f31624ebf,0.18814528,0,0,3
b1a8299ad223c3b2552f6d03e51c2ecba5df46ed,0.32852736,0,0,3
4e931386569c0a28b7e47c52d199aa32b6ca32fe,0.03230436,0,0,3
24d3dd8ba7032bc4590b82a99ff37713fb3cc5bb,0.14949554,0,0,3
ed98d264cff306f7326db096cddf65cb26ff5498,0.025259819,0,0,3
1f07a0bf70049cb0a2f6b52ea7c261da5adb1abb,0.46425217,0,0,3
60bcdd450d6950da981d70b8b08379bdd744c82d,0.45193687,0,0,3
74133837585f81d1c6434ce32f73fc8694d5f132,0.025265392,0,0,3
0e9f604e87a5b42b27abc13a9328846cadd640f4,0.02407971,0,0,3
53a0a9ff85666348a38054e335f5b4c5355a6419,0.020653337,0,0,3
73f3e2b3d6b3f4a7000187bb3e6a4d82b118d3b9,0.32312167,0,0,3
b295635a87da0c20e5e2495103d4877ef0187d4d,0.041365728,0,0,3
8f88dcfc902b5bc86a239756afffc9f3813d245e,0.035935074,0,0,3
b0e7365e0cd233ee93d05f620dc141992efdfcdc,0.86400986,1,1,3
fc4bd9b4d0f05c0706f19e20c0fa6cfab852b719,0.79934615,1,1,3
0721f49bf0d8b954c8a4b8d75e5375de43af981e,0.76223737,1,1,3
b0580d508bdee2903f05d95d59e6e9a1dc9d710f,0.60994786,1,1,3
32155107dd982360e813d10d0c76f6f7cc2cc7bd,0.25856254,0,1,3
6b323f0f53f2018f83b070d7b3a21f16d2f6acfb,0.41709775,0,1,3
1954a51bb5aa0ab3cf762c07b961ea8fd873f17a,0.690206,1,1,3
1642b00d67b96de87cad44223efb9ab5b4fb7be5,0.5695943,1,1,3
5ec476b0b756852db865b2e442180f091f8209ee,0.4908275,0,1,3
596afd4f5a73c7fc756d9bdc12c6613856ca27aa,0.41672987,0,1,3
7f0046cf4e2161f0145e0e59a1b9684b04061916,0.2274338,0,0,3
1f5e68b5612053cf35b31a13c8b5e8341d892f93,0.03874037,0,0,3
b236d5259f95b755aa5e1d955c8f835312047d77,0.25471127,0,0,3
8fe95aaec201acc964ffca80954e60f7c57d7413,0.1883907,0,0,3
d5b16405c77037e37bd180843c1eba79117da7a6,0.1056248,0,0,3
d3aa5b77428d77f5954e30b14e7385c15f6f398b,0.14265813,0,0,3
83119a80aa1551bea003ea6b9e65b616b7795246,0.18710078,0,0,3
c4de3dd2bb8afb3323fc3aaf394a463aa4222768,0.17963737,0,0,3
30f5f14baab2392c40874b5d9aa4a852ea9f7136,0.3272545,0,0,3
5df60bb0e65f30d0c79615f53e988076ef1bfb96,0.07743961,0,0,3
f7f4b909d0961528c9b02ca5492b2a57a8df8bbe,0.27067375,0,0,3
bb3d861fcde210e45f3d3ac59d8ee6e1e4086cb9,0.29106048,0,0,3
1e6dceb8ccfd2c97379f78066ef4ad2b9a17b1d5,0.23897158,0,0,3
361b73775230d91b4ad9ed588d6d57f3a049e907,0.22248693,0,0,3
9a2f53d2d56fc58617f2bc7e8ce7f488dd05d47f,0.28518638,0,0,3
53cf9ed7f642bb2055c54d41c77cc2a252fc2da5,0.3751041,0,0,3
7d9196da0ef3889ca60a5dd90e9b9eea77bdb01b,0.30331272,0,0,3
315b0c786f8f64623c13789a842153016047a031,0.45404103,0,0,3
d6b40fdbe9ead76ca40d81b0e7bfe568fbbbdf6e,0.30671874,0,0,3
274aa78fcdd50e045eec8394eb4f2f5d84bd6ac2,0.3328737,0,0,3
6ee118d2a12a4c0bde2c5b828e05ea9b18d4be2d,0.19169408,0,0,3
eef240cfdf77df4d3ec55c2f03dc52112dea7553,0.3542017,0,0,3
b979fd11e1753823021b9d718398167497415b47,0.33996883,0,0,3
0ba5e75432717181296459b9bdc98f9cc3cb2c7d,0.23740058,0,0,3
b7430de759bc66fcce9c5becb7dc0b022606d8ae,0.35001478,0,0,3
5d83e4deb81aa7e06e4587809642e70ef9a03662,0.024933182,0,0,3
c635393fb9996ec9d33b32ca27a720d6d5593255,0.24408437,0,0,3
cf4d2789901be233792839384ba76b94dbd25888,0.17674896,0,0,3
46a1c86ab3f4e2068023a1faf1c704443f3f36e9,0.041532572,0,0,3
d40336887992ddd75697d957b8bfcf09b5881ab4,0.37887487,0,0,3
d31ea317a5fa6cac0e281bf0aec5367ebe45a217,0.21384083,0,0,3
9af55b64790072e5e82efc067a01bd8f2e38bf93,0.6272983,1,0,3
88564caa20e4bee55287b258543cab35e9d3adf6,0.41413528,0,0,3
810250d7223969842dfb20812f0a715b5edbcd4b,0.6269779,1,0,3
7d54ee797c49148126d8fd99729a9dcf74fec278,0.38640228,0,0,3
9f0af0bfee5a92e67ee54c185f49fb7c771c15ff,0.16237068,0,0,3
05f3b74fd581ea5f8946c64edcb293747b4d9a71,0.12796141,0,0,3
43e4df85bda71ca1500112912a83d3ed19868c4c,0.4461177,0,0,3
8283d966f47280f682a1407d499346a383d1b1a5,0.43583465,0,0,3
5878adfaf37ce37e6988956e4cd5c833c6ec61be,0.49587113,0,0,3
ace5ba00f7067d517a35713f439344f24144fb79,0.18335055,0,0,3
67e443370e06288fb2702d62c0206221413ab852,0.11048795,0,0,3
9687cf07f34bbf5f67c17e75cadd287b9f6662cb,0.1544516,0,0,3
94cfd56bd9092e0fd8579120630dba0c857b7777,0.39420336,0,0,3
077913c7e9eb8e4cf8863b7545bf53c2923066cc,0.20489794,0,0,3
c68c274bfa036bb0c2c44bb5ea774ae3dd0451ac,0.2633765,0,0,3
fbb81a37f80fab1d1e21435782e034eade76114d,0.28428462,0,0,3
278eed3e1f7cfef2d39a25aba53f4478c3ad8c58,0.29404616,0,0,3
73dcea01b19ed9fc9c0d5a8c38e752bfe071c801,0.04594324,0,0,3
54bbca89040ed195b89478713fa4a181cb2bca3d,0.041987598,0,0,3
1fe64733a2a28b795bddb152e9adf7489b6ea7c2,0.3509179,0,0,3
1194c69fb122709872fd634ae9890cecd1d83e90,0.2194586,0,0,3
709aa7bf9c998cc75f6e0be7d258aa5a07ebce8b,0.45420045,0,0,3
cdacd4a987755572bd4d6d328b371644ac07ecd2,0.46904892,0,0,3
ee7ed6e655c08774387f9ee60ce11b84d7901cd1,0.03506547,0,0,3
edd64cfd822ae2ca2faa8dc1c73edc38a6e19f0f,0.39093098,0,0,3
467d516b9cd00c1aefd2569b41ef43bc187d1312,0.70177376,1,0,3
81e47470cc76677668dd8f44c99d2e7b1071834e,0.5903632,1,0,3
ed085d064c0f80b0bcf382550d10fe6b6fc9f283,0.09489403,0,0,3
4a025d3f8e31bc3e944399990b3a4baedb90e630,0.3434439,0,0,3
157aa8daebcc6a464cfb350de346cc550ac13d15,0.03716265,0,0,3
0dee0324f694b1e035b9c3dcc6923278defe1d3e,0.38375697,0,0,3
136b96c803ce4353f2cca2b24171ddbe74345fe6,0.33997768,0,0,3
99c63edb10e945d466dafcbacbb6fe930f2a31ec,0.28414565,0,0,3
20619b096cbb250518fd99eed15a4ae81345ce9f,0.3161395,0,0,3
68c0a80d17688d6d56644deaaaec5d3575042587,0.047216877,0,0,3
1c8fbeaec2ee80d45b78742d63aeec0c9d0c4e9a,0.14834665,0,0,3
7725a72c7322d3e3628ced092082d1b76baeeff4,0.061170176,0,0,3
a02dafa47d0b28996ee52d1cd442673aacced572,0.3798455,0,0,3
b1162d812eebc9298b7fd62eac1dac119ae5f271,0.17741345,0,0,3
125c820e8d43df150ac09c9da5b38dcc1ea6e03e,0.29112053,0,0,3
0cba84e103773cf86b8691593e9d8a0d8afec1fb,0.7094063,1,0,3
4f00c553897cc3342089c4b40f7bed5f36e924de,0.4524799,0,0,3
680752e1414c07fe4357d5b6fe3052f3d9dfa374,0.15247172,0,0,3
f36d6870f2e1feef7f1d6fffeda056fa72c051f5,0.12980029,0,0,3
62e69cf4f2fcb3ad8bdc44f75f8a9e3e20ca7337,0.023907367,0,0,3
7df57879c92a467cd71860e6cfe14a04a49fd031,0.43037897,0,0,3
fe63f95fbff43495e57ebc37350798dee024cf9a,0.36648825,0,0,3
719d0c56036111d07c46ab5b0f379f62f14ecdc6,0.063323095,0,0,3
4951344fb2ce246e0cc5a2dff90d24cea6eb3a75,0.038124423,0,0,3
c151913ae25d55814c40b7f922886d52c7086787,0.15624629,0,0,3
a4d444d9de192ddcb1e37922c5f213760ff3a24e,0.52443045,1,0,3
ba1e716261e055f84baa9a47f9ae2ba959d54390,0.24877544,0,0,3
4fca8268a9c360795abf143452c8dfa06c442d78,0.7213421,1,0,3
894fd838fb695d794fbd28cc66c82b80a9688c91,0.032810383,0,0,3
ed7710f41c594c030188917cc773adbb6107383d,0.035656426,0,0,3
648a21eb5ddd2b74d5267919c6c84c5b7ee97934,0.18475562,0,0,3
11ddae0a3570fdeaa421e4e378ae14bc173598ba,0.0240569,0,0,3
9e8b370391f5b3e71cc349a2ff556d8a3cdf1232,0.026323723,0,0,3
15ee56bd0f91ef807a3e729ab3410a834ef3fcef,0.028469175,0,0,3
72784c46f6a7d7644398db5c7ac8bd3822c523d4,0.042796426,0,0,3
539be680cd2b1a8f6833b28ee0cca22a88161466,0.032537542,0,0,3
a06a726acf59ec624fd65f73dab3051962a71adb,0.082292415,0,0,3
5a87d98aa1b85f6ed33275135ab4622bcf1974ff,0.0795894,0,0,3
90559c49bae582697906598c735385c19daa6da6,0.40629858,0,0,3
0f5b35aa8d60b03f1974f1ebb784fc85054c67f3,0.08965941,0,0,3
b34856498ed290a4883b077db0d4df2991ba190f,0.0765501,0,0,3
d73ff41fa177ac154aa01c67ee80411c68696790,0.29359257,0,0,3
8cc80dd1a449f98924ca9e74970b35f940d43800,0.037878938,0,0,3
04af9bc8eec8397c0a5c3502145db66eb0c87ecb,0.0946282,0,0,3
4f296da76cb2faeafebac39435a14b5a64aa258b,0.041628446,0,0,3
15ad7824efda1e1632d24f4c273796863841c537,0.041361958,0,0,3
69aa3946d2a6da812c44a4e7e7fe45087afe1cdc,0.15964046,0,0,3
6607ad4329efd056fb38cc87f2c84ae775fd4a1b,0.20555732,0,0,3
84a844af5d30ea41750071dc8140a56e9e146bc8,0.20328788,0,0,3
6f95e26fc92e929fde30d592e7572493d360ea3d,0.29972354,0,0,3
fc3d530961ce4f23fd2c8310f82d6d1fdaae6c16,0.2098626,0,0,3
53c08a37ef81ed2aa3ab57f5933ebbc5db68328b,0.25833,0,0,3
bd861c0d8009bbd51137bb97d15d5aeb8902eb2f,0.21004343,0,0,3
584a10fda56263ec0ed555f9866a1a82851a83b0,0.28303993,0,0,3
aa0c114ac9636012a941ebee49d69cbd6f6291e6,0.22363372,0,0,3
bae09b4838de43ab6a8be25ee25d0d11f0fe7477,0.32397795,0,0,3
4d8331ef9c3993ae1d3c091a758b24cb9a037fe4,0.16759428,0,0,3
1d1cb74151d6fa0272d607d06ffb85ff4a50e972,0.12554927,0,0,3
6602d00afa7a5f32218784dc54975cae5540a255,0.10346643,0,0,3
cd78c96d225752e3656a2f1a302298370b55a4c9,0.14096235,0,0,3
f27cca133f9a28899e00488ef56b2f8a2700a68e,0.10496665,0,0,3
3fe52d0cd85c01eadc44933df5596d177c3ecebb,0.10768475,0,0,3
81d1982c3cbf56f77e2edf3f063ff84e6e748549,0.1144668,0,0,3
e32f477085a9b6f658463bbbf355405980c515bb,0.16857782,0,0,3
7419cdb1fbff1096edca78bc5db34f7fdb3b7342,0.10076975,0,0,3
ce1f9e29288cdef4fc295ec2d5b4f846f0b732d3,0.1550567,0,0,3
60a8028d22b88ee2f2d7cf7657ed35f4046efe79,0.1252102,0,0,3
c779a5ddb807f1a84e1e6a5e43a0f1296dd565cf,0.13748872,0,0,3
c2bfafd4bb8ed95e30dce29e65a9afce26a7d860,0.13677208,0,0,3
e48157a0de54d6b82137d62dde9cdbb4bf5c6f40,0.07619582,0,0,3
6d908d014c25ef3da000789dd56de0b6e7c9ea8e,0.11565093,0,0,3
5bef000847001240749e50239a25ea69485c849b,0.18988386,0,0,3
82c1bee3f786f96fda51243f4cc6d50995bd90b6,0.15035874,0,0,3
5f84693e1db2c35b9b797614e17136655c433335,0.23444843,0,0,3
dc8138a8a9b022d156c4d04b2491b269661db396,0.22956112,0,0,3
233746d8fdb7e71a63b5cddb55421eec87bbcc4f,0.22843863,0,0,3
84daf6aee0175303801e710dd2d326ce252d2f88,0.17305978,0,0,3
6df343df2635e7e0518a09c374532ebf22a30529,0.19895475,0,0,3
6cf4249650d72cf21ae3addacb5202089923ad91,0.025111306,0,0,3
d990feb36764cda778e6b4ce9469654229ac716f,0.18671677,0,0,3
35d4fd2ae778b4c3415b7ea63d2fa7c806ce0033,0.2922454,0,0,3
c00465cc99e5704a0da2d210512b220f4ba105f1,0.09033098,0,0,3
db058c359ece2c7b7e158840d88cdc458062b06e,0.26893184,0,0,3
393fa5df9262c339e004e061809c73d7637a909b,0.22990699,0,0,3
59899e1c820cd3fb8789b9cf8648b269b97763be,0.2319842,0,0,3
ba8758326c28cad8411edb42a30bb833779d0f05,0.05358843,0,0,3
3a1d8e7db0e13a69fd1bd272396fdb48a31fbbfc,0.04548516,0,0,3
2ddd54a7ddfead528f2b1de92dc8dd16be7f5f89,0.32871562,0,0,3
76d073f5a805ff16b6ff9345696c13201c5603eb,0.4265646,0,0,3
c7599fd2a84b3d58473fd16c5df4034a8658e925,0.22760391,0,0,3
82b547ad25147df44f27a3534a5b618755217378,0.28308856,0,0,3
a431ff8881eb8ac70af70af6483b03e3579574ca,0.04685912,0,0,3
bc85bab7a53a1569b4740c5b142b4dae062062de,0.06317364,0,0,3
c48007f44b05a445122e7c425e869b7ac479aa85,0.22085355,0,0,3
d61e967badf734499ccde4750729662b20d6545c,0.16463335,0,0,3
62e56cd3884d224e42cc8b449ef631a0909a19a3,0.37885723,0,0,3
a85fe84ce63f873b760e311f27ec42e05f1b3f42,0.124479786,0,0,3
320c0acf89acb5950a10816ca7dd083842ff739c,0.03665702,0,0,3
527213decc04c4b45393cd0f67e96cb7a67a8f66,0.03323605,0,0,3
0a114bbdb01548a69c7a8c155bbdef7785ecb389,0.34523517,0,0,3
bb0a4b6b038bf912873d10fc0f124ac3238d3e32,0.2844378,0,0,3
0a7871a1411b64a7c90f4ae62f9eb44dcee31181,0.041514248,0,0,3
5310e25a6cb79eafb21408fabd744f9a76c2a020,0.034430698,0,0,3
8834c8e380b7278fc37a4e6b80a9198a895d8280,0.030115236,0,0,3
ef70e7408fb01c164fb0f1d4f45e4d9ae2d284cb,0.25171024,0,0,3
b9284992ea3c8c484893517ee9df3b2274296959,0.36977345,0,0,3
939527bcc5b80a1788d876d7e47fb45d71d21424,0.22218004,0,0,3
26e77ea86294f5a9aa929f9acf7dd76a046453bd,0.062725976,0,0,3
3adcd2103d1be4feca870536e8f7a7549f6d492c,0.10689008,0,0,3
2edb7a20f3856723fc715f7c72e10e72ea7df385,0.26709262,0,0,3
9843210e5755d2584efd3496d59e50e721187842,0.22594786,0,0,3
e6cde856d76935ce2ca5323579d2557f5412c774,0.28595105,0,0,3
c460996e75df489d6bbcb732763c10d01e62516f,0.52627546,1,0,3
115198b9c94bc66c7a659a04d0e2f65959ce9297,0.117334425,0,0,3
276552d5e73525cdd29d9e809659d35f34c5250e,0.12194312,0,0,3
c0e4ebfbb0f8c38ef672394015f47fd72ba06cda,0.0957131,0,0,3
c61154272699761265a1f2e5282ff1bdaf714b6a,0.34089285,0,0,3
f0b18d27f01492af6874baa8415ad17511eb5d4b,0.51672596,1,0,3
45a0337e1d9d23126dcaeff9c0ad96c5b4011957,0.03325104,0,0,3
e6c2735e952c4972095afcd9f286d5c5c6f933a7,0.52214396,1,0,3
90f4139bf75c94aa1ed62c5f64c3ffd78a1441d2,0.040308025,0,0,3
67c51ed7ef1d7acc4010e45eaf8088bd91cb702d,0.34134573,0,0,3
9acc3e824e2efa2e496df8458d207b5fb5722e6d,0.35626155,0,0,3
9dbf8388c5bfa0c7beb15e835b3a5e6fc74ecbf8,0.03604107,0,0,3
f30855735a40daaffda15794d7abbc6ab8c699d8,0.29792744,0,0,3
30e5023265aa76e6c32d3ba43952aac964112ebc,0.0774355,0,0,3
dd5e51e5b31f36b66431ea6e4b5a2a6bc4dcab34,0.040185954,0,0,3
a3b3b74ec6325cd19169fdbaea26f27a96a72fea,0.09315589,0,0,3
2db7aa771a4ee5cd0cae28fe54d7d89fa62da81f,0.06943559,0,0,3
39513f9142cb82b84181a11905b3866a49d5a3c0,0.036948666,0,0,3
583d96b0895beafad326793c0cd0d273013ff137,0.14928299,0,0,3
640670bd862d008990c442d2d7cc26d7fb3b6e86,0.3832703,0,0,3
0f4a98cfe1940e3f7b341ef6d6dc87fd951e6e58,0.045286033,0,0,3
289e7a769ec9ab110f85848b281c4c143ba84e57,0.24681976,0,0,3
0e11402b986da1eaf4a96a11c8c6318c51fa47f8,0.40269813,0,0,3
1918bb005e33c134564c4eea8531cc5fc78880e5,0.040602893,0,0,3
27a92653a00658f76f91752f1fd88b93d8dfc7f8,0.123748735,0,0,3
eb5e737f8fc9640b948878ce64f1ab84455d982c,0.33724496,0,0,3
e57282bd9cdde1c4f707dbe111459b4f8e370bde,0.57658935,1,0,3
9cb3de671396635382b6a5052a67a12d752a2b01,0.54308015,1,0,3
c193f6556f7cba0fd7efc000653050457f09b9d3,0.03331465,0,0,3
b1e21c8a6e008439d69785e2244591b664ceb6ee,0.04627578,0,0,3
ba72be98b6cfad5268ef8208f21c17027e726973,0.16687997,0,0,3
fe95eebf7d6d34e843679b5b9368d9cf953f5002,0.21312824,0,0,3
1a3337262c7bff09eae06e3b4247f6c7133f8fee,0.2075527,0,0,3
6ed868d4d0a48a7f8d086c16e3f6c45c5a973a3c,0.12504137,0,0,3
159b36e66e6bc64039294c7c04bd147a9888fdd6,0.14456636,0,0,3
4c818fb356563d9bb0cc01cfde94825aeef33ffa,0.22343822,0,0,3
b3fd2560172abe0a7cf78c89b461a50d97413fab,0.32542434,0,0,3
8b04e571945fdeefb75a6278c4a53c493054c928,0.33205116,0,0,3
2eb1586bf77efcacf701df14ad98d1d6a704a35e,0.066865444,0,0,3
d684f950c4a29d10097590cbe4346ad6e82e5e25,0.05549135,0,0,3
d4fbeefc52919ce6a50a95e80eca04492d1734a8,0.063544534,0,0,3
0ec653ec42dd2e81de51614753c5cbfad0d814b8,0.024568459,0,0,3
e3edcb934930f79aa7992bf5d4d4073b92a6ad89,0.28999355,0,0,3
7727c1cc080b9f9f1c082b7e8c050dedb992a33e,0.26315886,0,0,3
ad618b7af93994f0f597b98ed41a299902250c3c,0.20815495,0,0,3
ee1a5f5639d46b6ba3821d90845b80cb117770f2,0.17671284,0,0,3
2d00ed4676f637af5d81333d750c74e3ad185313,0.060669992,0,0,3
7c99c6234c7b403449420b2688fff3d516662591,0.14319569,0,0,3
73d69dfe8677210e44049bc1a2a7d1ff85bc1ca7,0.03389404,0,0,3
bafb7096f0518bb2dfc845564e821c94c9f7cdc7,0.03411575,0,0,3
c33d3969a3abb36b8bce7a8f1bc0596612868f6d,0.027001208,0,0,3
ed39f93348bec6fc6df694b54bdf9b70503404b0,0.0347629,0,0,3
5214f666185e28be8bb6a19bee96f174d62025ff,0.06013528,0,0,3
6c8caea3311ce08b6fa1bd2eb38054494faa2949,0.05347501,0,0,3
ed1d755babdeba49bf3912d2e3788d777293bea2,0.48838988,0,0,3
80b08f8c3ad0c9386447ba54e277ef31041ebf86,0.046659563,0,0,3
fd7506f4d78a5710f4a34145e6a9d55b7b01eaa4,0.2042746,0,0,3
a049083c8fd6cbb8129ebe9f1c0c65725e8b5d57,0.05407862,0,0,3
f4693f0adf5c9994127890877d018c4ba7bbca06,0.19155334,0,0,3
be1e92fa7936b62c044e274f2f44cb7fd43d71d5,0.03800378,0,0,3
b653182a8a6340296aba0b62bc0309489d5052f7,0.029878097,0,0,3
eced8829bfbc81c2e6c5b2272ecff0470af9c53b,0.7118075,1,0,3
fb08d55cbe50160fcd7184845ef723f813b7ec84,0.05422828,0,0,3
4f5a854b287fc4cd24cbd316c704d15d6f3d4ac5,0.057565924,0,0,3
68b92abce7b614fbc2c6852fbe8124c67ddbd4e3,0.24140455,0,0,3
9f363c0dae340911f0e76644f1536bf94e2fa212,0.45485595,0,0,3
0acb702f3e6a6a3900d75f2b1df2aca76e853f11,0.16386695,0,0,3
90509ce84e7d1c9f78ea0aa919ac373159fb28ae,0.04632448,0,0,3
9314193c8c6e08b1b6ec1f8d8ae1380c4b7d0585,0.043294642,0,0,3
0db8c22eb19a52d4f22cfa9413e677ed3d53428c,0.41794902,0,0,3
f8bd75d37ca12c5d49c1b628c33c0b45e2d082eb,0.04842958,0,0,3
3b691712fd2dc7251907912124de0954f0652f6c,0.030715812,0,0,3
e585cd0433ae4cfbc56e58572b9869bd0c86b611,0.15530622,0,0,3
da1a5fe00d79e1840b7e52317933e9eb56e88246,0.028590493,0,0,3
0d1c6168f4864891c2997b09ce014e986a649361,0.04744163,0,0,3
3eee44cf63b1ebb0da6925e98b3dcc6ef1e4d610,0.03838248,0,0,3
e58963b51e0f4f04750ebfe3662df4611d89292a,0.56631833,1,0,3
59c6e94d52eae65060b30fe9210da71bcd14665e,0.05406623,0,0,3
8ed80d9d68fb4c0219563a99f8026d8f8dd67462,0.31382433,0,0,3
ccda2db1619658077a07d577b7892d88f70c2d43,0.4463211,0,0,3
b2b8f4adc557e4ef1ee2fe5e0ab46866c06ec55b,0.07855687,0,0,3
52372e8f2b33596c1c5644808d4f7124830e3713,0.20146278,0,0,3
ffe13cfcca913a3eff9cec27f0a3ad2b6dcedcc8,0.6156462,1,0,3
d471da930cbed656eba9167316f809fec2597bb3,0.4901806,0,0,3
dd3ac288b6143ce6c3ca9cbf1f3bb93bd1e6e782,0.26089147,0,0,3
d323621656afd9c1a31ba8f607e7dbd3039efa51,0.49656656,0,0,3
42dfee86e39492a46e5dc47d5685cfaeeb6332bb,0.1824618,0,0,3
dc77a0915d9ceaf940067780ca09aa2fa09ef81d,0.2195404,0,0,3
64aa0558791501126ecd1bce65924874c5297f8a,0.1424748,0,0,3
64e8b87291e229df32a43922fe74c3c96502927a,0.051237278,0,0,3
a0eff4bffd88d6c0428c3a8132b3709d893142cb,0.03858307,0,0,3
42d42b2397bd4cd96dcba38165f59973cd04cf69,0.09187098,0,0,3
930015a137f6bc34127d7646b36d0550842fedfb,0.028257882,0,0,3
a270ff62852e62b5ac0f943a7e57292a72b77271,0.027990941,0,0,3
9f0d58985f4588981eefaca0408e767eff1bef73,0.46170235,0,0,3
8f346f9f1263b2fd5923abc0956134df15fd9325,0.4442631,0,0,3
ee851e403b5ab4b6b33713b08f9568e966ace052,0.027933726,0,0,3
55e8eac25d81f07bebb16d812c97edaf1393083f,0.44624642,0,0,3
9ae946c7daa09b20f4089f01202c5e73c5afb471,0.7012626,1,0,3
c8bdf60d1d0be609094e14054be0b9af0fb05521,0.032272298,0,0,3
9d4f2ba886b003980f2c37a4de7a3e6c3c701820,0.058558047,0,0,3
8713af90d540e7bb01f8ba1fd99f6c04e41a7433,0.02812537,0,0,3
cefe846e3e4a239dd568623346160ad41d7256ab,0.11612748,0,0,3
712ddb1e193967c27f5624485938e7de5d732c6b,0.7739119,1,0,3
992ab3c9f2855034f24ee3f7638f57126bc1cb93,0.31411147,0,0,3
b5eb4fcc8d325810297f10c595961d4eee528ae0,0.118942834,0,0,3
eed8a7adb3de7441751e846f4a75d110dd205f23,0.07492632,0,0,3
b9e2a97758ba6c007fcda160c4d8b0528bdbfebd,0.06363215,0,0,3
1bcfa1cc87889cd97e62a9402079f5bc70a0f563,0.39045927,0,0,3
07de4dd578727555bb94ed421498f455838b317d,0.16908263,0,0,3
641aa1c663ebead0189bf001a06ee56463070ddb,0.03301826,0,0,3
b9522976f462687b0693b7229ba5c7faee0cb74b,0.03280754,0,0,3
be6789ced66778415184f6d36bf662704cbbd911,0.07453621,0,0,3
8b66a577f44a16e259ad5ba11695d20e7c3a9cde,0.43300834,0,0,3
2fd2a76110af7ae07712af01708cc00310af64ef,0.2968662,0,0,3
5723ce72d04c8ff7af8f245518cc48291701db0d,0.22249821,0,0,3
611c73889b772dab7315c952902d5c649635126b,0.035866693,0,0,3
c6dc370abbbf0b487a13bd7f564287a41755bf71,0.042535104,0,0,3
9e62a0e998eed0b5f7c0d7ba32c61b5efd287f54,0.43166962,0,0,3
059c468f73aaf76ee7118e0167142d556dd9453b,0.5753776,1,0,3
b5b45d3260bc83d2432566dfbf22f0897240bece,0.028444191,0,0,3
22daa5f1dd4396e94224841b3bf0e9f226e86695,0.036910124,0,0,3
4a9bcd0f5211c91c4c2f47313c8f8013d0dfe03e,0.0363176,0,0,3
864fda4370a8d1bbd942400dd899653fd5d85244,0.032671545,0,0,3
96eddd6ae1427222986eca344b898b3332792a01,0.21454214,0,0,3
8da9a65b6398931af18febe082299c5c4b932924,0.22031923,0,0,3
8354ffffce024a97ef5e05b7cef4a82c263fc07f,0.122972526,0,0,3
0ca8f9b9feb2d74c6373d1762b1eb4a6b1f7f4b8,0.2612457,0,0,3
13467cbc7f319f7f7e9e9185a673714736e77b83,0.019420305,0,0,3
e63c5361937cc2598a3cd030f79733cc8c22b6fd,0.034446776,0,0,3
bbf65339023bf627a1843073cab699ca1831aa96,0.033659756,0,0,3
56706c8203ed023a3d21784b6e7fab40375eb9d0,0.041301742,0,0,3
274c9c1d37a47ae9bc1cdec1b0b0e4189dd44845,0.3724351,0,0,3
b88b065aa955d7a7d8f74c427b05d2243eda0779,0.050831813,0,0,3
949d74737327f114ae97a18f9bb4a4f5626b59a5,0.24897295,0,0,3
51186c1def4ac732f7d8ac6efa553e676fb7b8cd,0.05183881,0,0,3
9f1dabed562e5953af25369121fa7fe221a20276,0.29247877,0,0,3
d86509b09672b874de2f933a511a1f74af6814f7,0.09346424,0,0,3
525d1fd7ca383b3426341c58ba9e2d2e886a59ac,0.42789996,0,0,3
a528bcb1ebafb1eeae14fd3e305f3636d6c04717,0.2516566,0,0,3
c4190304baa18d3a376c3c2232f45f63c479a5b8,0.34789273,0,0,3
bce159a0c905f673b8e0e4c9899543a812fb904d,0.3193862,0,0,3
333971caf33dcc05b6f714fada447e9417f6fdc0,0.09732821,0,0,3
9a6e25230eccfa131d40eefbc4f48a13ac31d640,0.18099527,0,0,3
b1c45ac691d46a8c609f2534d2adfa59c0599527,0.40598506,0,0,3
23747116069c150e26e0dd42d61331b1108e1e01,0.48370275,0,0,3
74ad2114700446837ed451f36107a056301a65fc,0.033662688,0,0,3
dc9032be284c70f53d8f9031cc90e01678a0e55f,0.2213223,0,0,3
6b9e6419fc944d3b5eac58187a6cd56e97328c2d,0.20197818,0,0,3
a424d2ff172aa3be9eb5155e732e6f61915d7b5e,0.020949727,0,0,3
13a119de0b5709d50214458482f249f5de2fd4b6,0.12596004,0,0,3
004d5e672e9b2734a4c27f0e20504fc615da3476,0.030952588,0,0,3
b6b59b189c1274ae43e844863c7a2468c0e16b4d,0.019499233,0,0,3
73733206b943f8a03d18574eb7585285eeef05b9,0.3758306,0,0,3
30681261f39988bb5fa28ded714bf52c21a60731,0.09797972,0,0,3
a784206a3ada24c0151d6c5f5c25b095fc260dfa,0.053318076,0,0,3
fff00791ed30f338ffc085f099be5517dc359261,0.5378374,1,0,3
6f129ef861152c94e953c8151b2d09ce9482dc68,0.050752126,0,0,3
b8ed8bbd5eaaa6d3e463bde3accffdf3dcbb77b7,0.54496944,1,0,3
256420016e2321dfd266f9a2ebf672516cc936ac,0.042976845,0,0,3
c4161ee29051c6e44773fd1837d2080489727dbf,0.24721514,0,0,3
06e7d46a49c5d31abca644fadc2e3ecf6f9001a9,0.020688247,0,0,3
1e8a31f417256b9f555b537a09c13f1135addbf6,0.36692435,0,0,3
2d79319a8d4a3ea256ba1bb6364c1330518134a9,0.025638288,0,0,3
2a491590568140349f776b2a63bcb4ce74d147ce,0.3750017,0,0,3
32080b32a4eed0719b79f4be332ff5a55468ab7f,0.020017814,0,0,3
3f66e516a7f5833be9c87911952465220acef149,0.31675035,0,0,3
2a069edb7e7c46ef3c1f56e8fb6cadb779ed2e42,0.18010014,0,0,3
963757362ab2ff0f1636008815549322fef1148c,0.026027665,0,0,3
485615107d09a9e83dc88dd4f89e6358f2351ea8,0.6658484,1,0,3
9f673d4da60a889ad5fefb6fadba1c40bb3e735d,0.031767625,0,0,3
1688a5a2444b3b636741d5675646b0b74820b4fb,0.031216642,0,0,3
284b6f5477838fce398036497e1acc206b1eaaeb,0.026744869,0,0,3
ffe28c43e0486d443234701ab9d791e703c88071,0.2950955,0,0,3
3761b5514470d3f06c9076b0821430d0c2cb2da7,0.31510654,0,0,3
a36442f0d08bb1a5b964b4c77d4c64eaf251c3e9,0.3150955,0,0,3
2ecede5902f9a132a632b8431a35daf5174e1a80,0.30809218,0,0,3
4a2e49fd8daa81cf2ce331c3a3795844e79814b0,0.026758477,0,0,3
90e83728aca598a545159168581f433e1ec1b234,0.056908913,0,0,3
8c44a71208f640835d7a205a7b6e58dc065d8dcc,0.025599863,0,0,3
74abd625bcaaffccddc3ca9faa1402b179c251e7,0.029503291,0,0,3
ea64efd6dc61cd9c9b1207d2da37fdbea14d6b50,0.24937257,0,0,3
530049b41c9f42e11144fbad4d1fec65ff0956e9,0.05544621,0,0,3
66c451d618577c1a1e1bf964ff990574782c3bb5,0.02394738,0,0,3
d08fa6d71e51dda58f265635ce344d272f228552,0.07457742,0,0,3
a10c6b01425a9c21cf687294bac43a63de0a0d3c,0.2470869,0,0,3
f9f92677a92ef76f92c90521904c20b8512b05ff,0.48371115,0,0,3
6e710a1f78a4a733020a4b2d1f07b6fe4c6684f0,0.46915922,0,1,4
1f73722ffb375010e74eaa5b99004ad88df93bf6,0.6932795,1,1,4
cfa7c5e3bba0efbc88dfb2fcafb983723a1606bc,0.6130096,1,1,4
951b253fc38c09114d0fe273a3758a15c151a8b4,0.62610483,1,1,4
48055baa938695fa302fc8aa51a5a2df24c73fe7,0.6063925,1,1,4
a23a1a64ec883102dc8a3a2860c3b0d2fffc4134,0.7025462,1,1,4
f3539c7eb312b127122084279002d3fd238c9a17,0.38941774,0,1,4
7aa5ba380ef6aea0f2f594873b4c7378adab0f18,0.56745213,1,1,4
def1380280b9be6d166d3938ea4b0254e9b55dc9,0.5486301,1,1,4
9f70cf9eae15b96483b9f2daffd7d2b0521d56e9,0.56729966,1,1,4
5483ce4a46fa89b5a71ae1716de83220c5a6c7aa,0.81023115,1,1,4
cc06ae9bf7a1fb6cee46c40d2a6388ac05d3f5d1,0.44895,0,1,4
7972f1ac1b85a5174c9f293ad98abc87edfe42e6,0.41195086,0,1,4
bd1c4ff86fa21358949e925274f5b8146f5d02cd,0.4581773,0,1,4
40aee3954ff7fbb9db6b367ae63e6b05dfa6199c,0.71068335,1,1,4
be2aa80bc371d600ab2230c545051ea6454577f5,0.59531933,1,1,4
08cf1d1fb517d9778fed6e1857a2b71df5c368be,0.6063696,1,1,4
afc1dbf04e163963fe32d080c889eabe3bffdfd8,0.6567242,1,1,4
68b033741b02c3ae54d649e858790732bc5c2d27,0.40450177,0,1,4
4f5d25205a9cec988de300a452d641a155406b79,0.4108456,0,1,4
2d5b2326b24fc18ac3fbde0bc01ca1def85e1b29,0.7032907,1,1,4
d1e97bc85338c563f4f732bcf917a08b3cbf4792,0.55893224,1,1,4
d40c01673e866c3c3b5b51bce66e9518924cc31c,0.46036938,0,1,4
5f7d5690a97b2ad95bbe381695638f0c7ca2c4ff,0.31643367,0,1,4
8d340a008767c5d954b7539e825b4c90eb15ab9b,0.5614952,1,1,4
46722e306a029ea5264004f5d2b2784757a2ddc7,0.6790435,1,1,4
84e490b66f61e11366b62efc42e64b60ae7db35b,0.4751933,0,1,4
fc939bf6838f4bf986e0b42fddee3df6712371a5,0.43334207,0,1,4
c66246c26429180e6a1d1a92499b8d2b637790a5,0.6004132,1,1,4
0be1e18d9e61a33d2c865d0555f1a65ae14833da,0.84172773,1,1,4
37f373401c3fefa832be0d52f617f0711b0bb831,0.56764305,1,1,4
c7d6d6fd0d30f0f98b87c0a2c50f653839e4e1fe,0.5146256,1,1,4
e02facfe1a2116423c826e66ae093de0f5e241f4,0.32064864,0,1,4
48c7a0cbe042a2e3d94fd30b49ecf86d68cf86da,0.6754518,1,1,4
6fb39861af2187d4160ded7e0a8a31941194e13c,0.43547702,0,1,4
5c798eb50aec6040f415b6def1912d4345f8310d,0.48051485,0,1,4
2e96cd40c91e1b40196d0d50a9e9c36e04b8465a,0.739928,1,1,4
6ab9d41e3e9fac941966d877e57f54b49003a8a4,0.54973125,1,1,4
fcae8332d2a1b3a3fe0a971aee0493484e33a70a,0.5560095,1,1,4
523d0f70d18b5496008c9063b9f6e9321877d574,0.5963157,1,1,4
020f71e5fb37fc3ea1f547dd466190910bc78749,0.6493667,1,1,4
72b9a7f37393ae20805b1c99bb95169d4354e4b9,0.71185964,1,1,4
2b720c7df037fc7d9b1b83d3fb6cb12edc6e8ed2,0.69245,1,1,4
f00c70d865c12d1c6679d0982c31a7916b56bdc2,0.7628604,1,1,4
d1758567765117cd395ea47319d3acde7fc663b1,0.528296,1,1,4
275870d751f909ed771ef6c1dbfc547d7cf106a8,0.6843877,1,1,4
a2d367db9446287c22821f6595217ec5180ec959,0.41809362,0,1,4
fe96b3bb16be25bf936daac1d004e579f1ca770a,0.37504673,0,1,4
ce8cb2ab13dfe6b68fc1ecbf7ae0f165e51014bd,0.39998955,0,1,4
423b7ab26233e24cbaf6aa21f2fe97b7671d1341,0.40331507,0,1,4
e80b85d504ae9fb64b8cff4f05bc3a3a4ec8f716,0.6715509,1,1,4
52811ea2077918a08c10634f3665972378781463,0.40028563,0,1,4
59aedc8a224a12f88f2f4ecd48056ad46fafb9d2,0.77189016,1,1,4
53d3e8ce790cbf01580dad2391e9b7691f5d6c3a,0.64257157,1,1,4
fd9a406ee4cfa64b8ff4e898564d20ad142a8765,0.7409349,1,1,4
517b8beb06f63301629f0ec3f58f6b667061d3fd,0.69165266,1,1,4
5c715cd84d600c0df0215846efaece2ab4673546,0.36088875,0,1,4
17222ad8ac4456d13440e6867d66e8f08643f462,0.40217885,0,1,4
dff4cea14174548f52d6fcc66c9bfd7a339b7336,0.52211064,1,1,4
08dc6300117b9137b6df1ad6b54fec47e2c310ff,0.81146777,1,1,4
02ae34d1d3f3c9f9c25160cb14c119958f25af13,0.23408847,0,1,4
e484646c60eaca1f89921db7058d8927302d7226,0.576027,1,1,4
8e0e1c32ff1ed1da4f09fc9917812e6457e6fef7,0.5789895,1,1,4
7217b9d270e31fe1e68803c8e25b0a03869f1556,0.516217,1,1,4
9ea5c69bda2ed1ec0c69c081e91b72dcf6a6e81c,0.65749556,1,1,4
14313cffebe7d676ee4716a017df7e3febae6f6f,0.7481855,1,1,4
f36294048060163b60cb5e4cf8a7bc09667353e0,0.4759684,0,1,4
83246a74940203e6c4a45ecf077df3c7c82d02c9,0.57367,1,0,4
18c5b2536c114c86b810bb3ee94474fec596a462,0.44023493,0,0,4
a6ef8926ae451bf9f604f408f9ac8e2e8dac31b6,0.37302122,0,0,4
318df20fe7e123c4ed2cbf606287453c075fc7ed,0.22084713,0,0,4
2a0efba8fa54feff44b3ae87a68578d3a59c11b1,0.36821088,0,0,4
c02386113b1867f37c1328c308425bc830b5fe6a,0.12142095,0,0,4
c6e4d8c9f534d3e70e79bf718e40724d56186109,0.555739,1,0,4
a57988b0e5e2a55f573cba66cf19b05031920d19,0.06276258,0,0,4
eeda726246f5d06f6520e388550c2041f0435399,0.1870491,0,0,4
02227560d99240c9c5314413a0f12235caec6c40,0.09557362,0,0,4
5b5ecff53b50a67179f6245bf60047c59f027e26,0.40918234,0,0,4
46dcd98ceb70720f96d4cfa23b001ff108bdaebe,0.37190568,0,0,4
dcbfc80c4a14b91194fc8b74760b079cc0a4ce42,0.34043148,0,0,4
23492711d234f2fa647bac46997e361bcf985423,0.5483968,1,0,4
f10279a29d47d389a31da907695673a992555adc,0.58747506,1,0,4
a39a81a17e11007503076d1fc7a78b5b0cf8d40b,0.09265783,0,0,4
371dfcceb69200fd4105b5d60f2e0cfa57f7ca7c,0.088159315,0,0,4
8d5925b52b48b4c69934ea5c48aa298a2ec74e84,0.35633132,0,0,4
a30aafa016409048747fe9730d6f7892eb12d7c5,0.4181435,0,0,4
a3611513fc4de7234ef49ae46d646b0795ac7110,0.3252046,0,0,4
d0eb1d1dd1d9aed27c433d78a76962340fcbfc1d,0.45346346,0,0,4
2e7597726743c34058cf9ad6c6ba5839ff9ec4dd,0.1512673,0,0,4
1ae9dfaf45e0a51ee7d604551f7e1932d1787975,0.40080568,0,0,4
e83ed048d46b0a55c651bfa3207ac1747a07ba00,0.21464199,0,0,4
1c2d56e8a91b0f64317a9e02cfd4b45b03d3019d,0.29847395,0,0,4
2cd92aa6e3f44df6b0552a28b83022a7f92f8946,0.36873323,0,0,4
79ad715f02e02af76da0c6e47c164a80768a01ab,0.35250002,0,0,4
e5b948a1687270192753993c998d61c7a91faf49,0.31692162,0,0,4
c9bb30e8910cae0682e9cf50619df778abddbc59,0.464295,0,0,4
b81a48d78dd9be1c3eae57cece4c88df92c30247,0.30437025,0,0,4
0b873b95a840f8cfdb51f4ceea3b524d46d20715,0.29615924,0,0,4
f11bd7cbff7ee68afa55dcc6baec97b2adaf43e1,0.51597655,1,0,4
d964c73d749538ee7ec7b3cbd96a2ff1dba201b3,0.35822567,0,0,4
d82bedb44d79b652ecb94dee6003257c5b09d9c3,0.34102634,0,0,4
fc390074467c8c1f1dccdde93e35aae38a57bf4e,0.30946067,0,0,4
4be08392978de39ffedf1688041bbf546d7b3a28,0.6203616,1,0,4
9b2d76e5c7c950e17c3a7227a1019d10b9ec44a2,0.5381308,1,0,4
99e257660ba7c6cbd5f85850ff040f63c577f04e,0.08253078,0,0,4
e350a38760c93e373562d6a3e906df5904250146,0.59517103,1,0,4
660431cf4f7e2bda887a0e35ad3a76bdccc14110,0.3462383,0,0,4
f65e9aa63f8f266023a986507834585a9580c555,0.06377249,0,0,4
535cbcd9f20b29b3c5a5d69f654cde57969b3788,0.06912406,0,0,4
faffec9020f9a9f82667bad8e519662d1e850927,0.068818174,0,0,4
2d650f890ff1409f2944bc56cdc4b518b35e06f5,0.06550911,0,0,4
0367064bb686100fd518b88e0bfcb1c41fce8818,0.78377825,1,0,4
1c4f7bde1c8f7d8c0e09484daa626fa4f40e38e6,0.06699927,0,0,4
ac11ad359369119624b1733fc3d242f03d941a8c,0.47461537,0,0,4
b9a22fb6f6f460287993d3cf087ae5ff036a6c21,0.2368948,0,0,4
14d6a09601b68f60e6b18142b597a6890e5d581b,0.3538889,0,0,4
54fdc54dd24c9ece2bfc32ca12e88545ec923a96,0.3716252,0,0,4
0ff7c091143e8326eb88dabce078ca76778a587b,0.40608686,0,0,4
a759e78d4d486c05044204391b3037b7db052fa7,0.4963219,0,0,4
32ed6601f216dd1300876719cce837bfa9824e26,0.32368878,0,0,4
7df11e15457e8d8bf4e5730d20ec2412c429e091,0.5274164,1,0,4
d6c57d547c4c0ed26f82bb20966780a136a55ad7,0.14443566,0,0,4
7a6d566a42b441d0c34c8a11c8b953ff9ae3b2f7,0.57028836,1,0,4
50e133fb2078edc9abe79fda3b721eaf28409ce4,0.108872004,0,0,4
15f7f84678a24533e42f2fde230c5f68d1b33035,0.37515464,0,0,4
2499f70cabfc8d17f2c6de124a81fc0940a70fa9,0.4506771,0,0,4
ee6ae79be8d0303db4bf48a948bcaee46b329fec,0.09174306,0,0,4
6526a5e83c1fb9644da34e44fdc5a3bb8a357c84,0.46723843,0,0,4
e58b5d453fa5bd658522a2b0355b2bb3597b6320,0.592915,1,0,4
5904d90ade8663f5552b51036740352a9b796892,0.044216204,0,0,4
7011ede6cf0710b10f97f56b6e223baf8519a0ab,0.4191072,0,0,4
42f704c86bbc636c314bc6dd6d20947055f3a56c,0.53841907,1,0,4
fdb75911387f77912c37dcee0af4a2f2e0977f3c,0.0753089,0,0,4
538a97b115ba4ea44c57898ac7c4fbb77fe0e9b7,0.4670768,0,0,4
01ecd7c66d6965ad54e0180c822e6a5ba4731c10,0.06323275,0,0,4
fa0478f4f6fb724233dc3e00a9f8dc557ce7cdbf,0.50406736,1,0,4
33753d4afd864c8db0044420c642b8f0c3511756,0.41282913,0,0,4
dff5581168e78c4e7707637f07700087278e2a03,0.37425306,0,0,4
a0e27ea42a1ba71400bbf9407d099018fd9e31c7,0.32809156,0,0,4
64a64f5ef90dfb4b3b862d0943437f11e35db938,0.44396296,0,0,4
b8cb20968f5a3f1a0c9c38fae680e8df14ce82cb,0.24433498,0,0,4
88b9c3081d701bf6203ebbfa25c97277722a9c37,0.3442566,0,0,4
8c5a4a7bafc3685d433ee277fad060e8b046e920,0.41914308,0,0,4
58f50814635aca8626c8628ab49891ba7e2226ec,0.42256021,0,0,4
c7a78e629ce207c7efdecfec27f9d076e9d946c4,0.35337773,0,0,4
ec81d7ca5100fd97fe8428db02a2cdde967ac87d,0.44578853,0,0,4
1f978b638712eb9b3f43824bfc1e95a3bb70cd14,0.12417974,0,0,4
81c40b9820625d3f529b116baf6b4a3d45dd2f75,0.28989705,0,0,4
2b085ae34295d5ae1d7eaea5a55a2df220bf1bed,0.07843851,0,0,4
e06a9f676caf67933f778313ceac8ef23d0e47c2,0.7820284,1,0,4
d6a354e203e4901d3eb6a36b3aba620fdb222da7,0.11093063,0,0,4
bca350df1f52134e8543774dd5df4c5dfae357cb,0.66518825,1,0,4
39ee22556bb13ec9ac64bbbafb94b1a042058432,0.08066171,0,0,4
37787b96ab21fc226ff267aa26ae58a58b2d20f8,0.053613607,0,0,4
f2f704eabee027175b0c1eaf934c08e7721a9b24,0.45765004,0,0,4
9b2d0e390912a83994dec719b3603daca98790a1,0.08188092,0,0,4
e1fc87d2d57c2d7ee941e651f33b582fb000dd73,0.14193627,0,0,4
18b6de93c21793547c2317b28854c96f68fabf16,0.16343382,0,0,4
fa8f024d082998c7ae48b21f3eb6f8f2ca56a719,0.22802655,0,0,4
a295e82baa22958b57ef4d9e2d8bdd186a3cc686,0.0762722,0,0,4
6bce493e47fdac9e64a9ae1cb3c358f31975a43a,0.47780475,0,0,4
9daac904cbc627e4a43e72f72159c552b25caf74,0.29836679,0,0,4
fc743aa9d6e88ca0741c4a1715eae08e86b29285,0.10710739,0,0,4
658d5a97c708a926b0425585f9437a0c1fc2b81c,0.4603517,0,0,4
db695fe90b181948f271e4970ec83d4de9348577,0.5538883,1,0,4
9c06ff87decab7357d44d8766f6a277ff887d921,0.42590094,0,0,4
198d448ceab2bc061d18a1a689056bd2b96b76c5,0.038680285,0,0,4
8c27540ec037a8eadfb3403f3605b34d4e4ed0c9,0.12575993,0,0,4
5b39e092699f30553a12547b943380c6271f736b,0.6038045,1,0,4
46b15af8c5fbfb026be350ae16eca89fcdc87aac,0.15262513,0,0,4
70f4b5549622b0ccc70bd2087700c510f10fc6f0,0.13657764,0,0,4
61e203c962890075b3ac52d8a8309144c80a23cc,0.81163716,1,0,4
51cd2f37a67d1d6a2c3e97a2a667d3881b9f71bc,0.182832,0,0,4
b7e86cdd772cc47a031d187b79d075af8155c2e0,0.33700222,0,0,4
198e589e62f687a91d4c27057ebad918e9f9bf3f,0.40241843,0,0,4
fa510146c09a498e25e590ef5cc558074337fc4f,0.45415363,0,0,4
e5841c2092b5587c73990f6bf62b7ab17e208156,0.6236857,1,0,4
5d5f09ea371d19fdd9e487a5ce45a26f97fe9b3c,0.071830235,0,0,4
191939dee130a65161cf4822c303f98d4ac0d300,0.051152214,0,0,4
31b26e74569478f57f7eef05d6c12236d8498f25,0.6720656,1,0,4
5db07bdcccf727ec50d8d7c85740b52b3c5ae362,0.13925356,0,0,4
badca06dd1c70207215c7186a31955901b637661,0.36488965,0,0,4
1e30aa94791f6fefcca779f047667f3e42260be8,0.41908056,0,0,4
883157b93e4ee9f827446930303798d22d35f888,0.37661618,0,0,4
6f8302fed2a4ae538f2733baeadd08e7eb835e08,0.3001404,0,0,4
9029cca391c6cb2e6f77ea3d6b99bf60644fa446,0.62811786,1,0,4
91ac1574aae31a29baf883d2cf45e4e1f5aa9bbf,0.48799223,0,0,4
82ca28e2ec8fe9771f01b5aab3386311ecab80df,0.31911406,0,0,4
9f8120beb6b351608652002e057f97f8f6c0dfc3,0.5031874,1,0,4
18061ad1fc81e68636ba24bb79e83c67247965b4,0.297902,0,0,4
9e85ac3f0020165b008c111682e47c1cc135bf7d,0.36766273,0,0,4
069d003efc343a9a2d627d5805431be5d88e5344,0.24806207,0,0,4
c66b23747627a2b432e0068561d457cab9f97ead,0.58694404,1,0,4
a6a5e3033d424468cbd3a6af051aabf3b5bd4d00,0.57097465,1,0,4
ff2f32b914a5486e4f4870c6bc6fae14a85fb086,0.66497684,1,0,4
8d851390736dcb916646b043a5ed7ff8f212e37c,0.42763683,0,0,4
2902a9a3c07e881dd7aeae0a55189facfab1966c,0.32596722,0,0,4
86d1c40475d6962e6ad256f248636467bf0a58cf,0.6292909,1,0,4
fe487b3336f8279d8b74eff05c5ebfe6e01281f0,0.33544424,0,0,4
3e5c9e3cfe8588f85ec8dcab879c1371901b94ba,0.4498741,0,0,4
3076802a78f14eb1b4f23831d5a1ccec79b26554,0.36427426,0,0,4
5063d256221e7fe8a8c433401bea988d7ccb0a35,0.4928458,0,0,4
750dbb845b51219655bfb105331c4ad1907dfc6a,0.54771745,1,0,4
a6b9ca3f71d44dbe2562e13d63e4b30fcaccdf50,0.3858575,0,0,4
81fec3193ad12a0f78eb021c4a1548484595860b,0.49675545,0,0,4
902a680951f318488a4bbe0184a3a223c5709b01,0.45279828,0,0,4
b84f786db6d85cbf9973adfccdf135cb71824b87,0.39550817,0,0,4
a2b5c7a9aa0b5f617502bf6003d43913d507a11f,0.5425738,1,0,4
571725cb7bcf091b5457f1e2a857aa51e8a70f7e,0.07535579,0,0,4
c95e6a35b21bc5bcad2ac3a2d2d58843959b52f9,0.61484045,1,0,4
f6322b7fb747b6a6830f6f331e836690adb95067,0.79183894,1,0,4
10118c9c1b00d31868d6ab43e8171e3c16efdcfc,0.3613034,0,0,4
ee94e6d82370b6b6086cae2693dc2fe31388fb64,0.5346318,1,0,4
6d2e199e31f8109d21b3865cbc45b34d8b725a03,0.62552035,1,0,4
dc58a824466ed492fc6d5ab11960eb86584eff26,0.46950045,0,0,4
56c04300e8f05bdaccc2ec60fc751c09d86b7b68,0.38268498,0,0,4
03542311e2a461f0324ec700e98e78b5540bcff8,0.048329808,0,0,4
4746531428aaf9e3ae7d505b5a203350d138ea41,0.54876703,1,0,4
05b14fd01e43ab8a385bcfb53102a270ef2d9375,0.45730177,0,0,4
89a0de6a8968ffaad64422377a1fc67da93b843c,0.6086412,1,0,4
77868bf772a03d61701bc0d32dfafea63a0382c2,0.40110144,0,0,4
83fcd3e1e220b9f3aacc63aeb4da0a898684dd0b,0.066116035,0,0,4
dcde20001063fc25f622e4b1c7775f735a7255f0,0.09032297,0,0,4
82bd5be8735c01a767fc3ebc3eb92369ac68302d,0.5156199,1,0,4
e1188f368087ba4bcfada44d645e4f8661d7f9b2,0.4506167,0,0,4
2c03505da053d07cd3f729692738912bdfc2a5b7,0.43862343,0,0,4
05a457b9a0e8b1e7917670de9ace5572b9ab117e,0.44407168,0,0,4
12d3f281814ad5be2d1012b9ea41781414724529,0.6090586,1,0,4
da7d5df6de444468ebdb4b79ae0d0dc3ac90b59d,0.1636266,0,0,4
5240c8825896997f0845e354a51b1ac725dfe06b,0.29001716,0,0,4
3fd058c02a1f8881110409be33ad56d3af6386f6,0.49878377,0,0,4
12e1aaf5f6df97584e795b5e2cfedf5c5f180455,0.3109628,0,0,4
bb3ddfe426cf4ff5390f742d35bdba02a4ce7624,0.45257133,0,0,4
09b1a632c17b34650d2bcf748be14690c9882e52,0.36997658,0,0,4
537e13241a7ffd99e5a3676e574e3cd9ea9aae03,0.13252778,0,0,4
7b7b37726fb328a6d796b64f2947689c6a8eb3e9,0.39321786,0,0,4
f463013f34a5c5c61b7dba22c9ed4096fbd3b218,0.22813997,0,0,4
ac266c0e40b5d09f9f9f1e300f358ee1532f7aa5,0.26294982,0,0,4
9967600bdf3b856f00c9078282847d76410140b4,0.2459813,0,0,4
d19212c03ec7eb82e37e11746bac7a064738b686,0.14601387,0,0,4
c4bb60046de9ffdd1cf07cfcdba201df06b194dd,0.43409464,0,0,4
539e1ee1d68c27defd0aaad09a1a0b68e059de96,0.24246578,0,0,4
8ff6e5a90f725ce7acd56f2c919221d8c179270f,0.10501639,0,0,4
f6377533645ca415addf9e1c428600e10053d72d,0.62405473,1,0,4
850a888c546bab897542a2d89ff76ca9debce0ee,0.25570893,0,0,4
b308d598b603056e3ff7e8d53e099b677d4e8d38,0.165679,0,0,4
d8c3ef1363fd2c9d88df1093db4fe04340bedec6,0.065081574,0,0,4
3d30c8ca715492e11c5c7d196668d5dcec1bcbed,0.19033144,0,0,4
da69323b29fe8e373364b9399bc67523dcf2af62,0.062185287,0,0,4
c1ad21bf966d01dc5cceca82f102c0f7843d5617,0.056303144,0,0,4
efa756288e712849c78c4230df05c2d1abeba91e,0.13448048,0,0,4
2f757454dc41f4d130234aea68b348da4f12a0fa,0.15210511,0,0,4
36e99429c22af17bcc3ecf6031ed531055aaada2,0.12249262,0,0,4
fbbf092e4986635703bf9a3bfd57d4f639c86095,0.096154995,0,0,4
1f0c99d0e012d84863e6a818facb143c9f03fac3,0.14705604,0,0,4
baf03a919c75822d1dcdaa7ffd460ec635b6a50f,0.62350875,1,0,4
096c5bd0c1674733aee8822dbceecd069935472b,0.7093225,1,0,4
007939d9fe34faa83d4b242dcc37d2e1894c4f09,0.49053398,0,0,4
24b5e00be753889e4907473ce57271acb290cb67,0.43735182,0,0,4
7f293a06a0b7ec9b554d51f150991efa9b7dd54e,0.44631317,0,0,4
95a524ea06e546330ec3d95b9c139b7edc599b86,0.1651404,0,0,4
a9880a18fe1c30ede7b409093dbc4b5c24042d33,0.07912297,0,0,4
8b9f2d5177c849b37809ab38035e1d757d963314,0.23705879,0,0,4
8f35a1d28e795833e6a095ff55ecc37f3db882aa,0.49075583,0,0,4
314dfa80d4e815ba3c689cd3ad0d508209665bf6,0.2846605,0,0,4
c07d659cf8f7b16452472da6052a1de326bcb6a4,0.112286136,0,0,4
545536e34f180edd32fbb21b0a5613e6407f0980,0.066410206,0,0,4
fb3ccf60e9a2d55a1abe8aafe38e45861e7a8eac,0.18668425,0,0,4
d7651dce4016976d41d71d07d9f5e7f4bebda902,0.5125719,1,0,4
3cf36b8cacd27557e0af0695c2c827f82d29d6e4,0.5563001,1,0,4
973704dc1c284a148c989e3da92a546bd0d2af0d,0.4721801,0,0,4
3b28fffbbac2a707906e35c7c014aa3eecef3510,0.080565654,0,0,4
225afb8bad88c9bbb70b24d9ac3c28fb21f39465,0.35022157,0,0,4
1c23268d775b1d10c5f6fa55cfd07965949cf036,0.69568914,1,0,4
9235380f05e88de1a881950cb21a3d254585d5df,0.68221724,1,0,4
aed63ae84f10aa758a905d5827994068edb71e0d,0.057327468,0,0,4
041e9565ab8b187ad0b88780a5fc0a5ea24f29a1,0.36643425,0,0,4
0c0ee3551826c822646c8076ac138c97d8db3071,0.6866931,1,0,4
d9665bfc1819077c7a41d0c132a27ba4b08d94ea,0.72636086,1,0,4
c4828bfd09ea8c579fa8840cd77733c64b8ebb39,0.055346217,0,0,4
4b6e0bd179c5f728761c953249b6dda4d33fe18a,0.09074634,0,0,4
c871265452e473224b3cf4f0f66497691b75d7b7,0.12367338,0,0,4
d0f7f364ff959a69ab961eda69956bd42bc17815,0.70621496,1,0,4
6607bdcb3ba69d2ab4f41be6292cc5a6df6365ba,0.305328,0,0,4
dcaacf4cae54fe199055830f097d4ed504b3238c,0.049664095,0,0,4
585a702138f1cc87df3b41509cc42ad34b6acd62,0.10215452,0,0,4
6f22f4b49c2a3a59840d28e6cbe0c37a56ab1f90,0.4016827,0,0,4
d4c3cbccaf05beeb11712294ef4dd0af25d9d0f4,0.10025264,0,0,4
1a283ab1be5b495f5be8cf6c2ab2b96453dd32f9,0.78680634,1,0,4
c0ccd54005c0fd2e493c9faa280061b9487c5f96,0.08311504,0,0,4
41fefde64401d2173ff019a896c4dd72b4fa5636,0.4526058,0,0,4
080e96a6cdea2f5fe8727b8249044b89bc54395d,0.40625867,0,0,4
497147e3e6ba0a50c32817e14985ca5bf1041f9d,0.05293545,0,0,4
40708bdf04dae6aa49bf8f3617f2efc16c83c5f8,0.13045876,0,0,4
84ad767a87c69a265e9105c51efdd87ee57b8635,0.2197658,0,0,4
366fb741f0772c8309f9dfe963f6032b091d7b89,0.27752638,0,0,4
f0e8d41fc8cc746ba9b66b72646db6bd8b25c6fc,0.3473871,0,0,4
df5930892d9c6eda392b96bdae2e7afd342f7866,0.066610515,0,0,4
f4237388ea9b93278db12a43c9db9f18e51b6f7f,0.29428437,0,0,4
a9dd1573eb0edbfa977da90dd3bcb1863451ec2a,0.22599228,0,0,4
08fc7320de07cc41318fc7505a2f3ccc2a6b04d4,0.60024655,1,0,4
cc7509b7578f0edcab46177cf05b1bb7de8fcf6d,0.6240207,1,0,4
0cdcb1fd8df9e9185cd3abb128d927d25d7de8b5,0.45013878,0,0,4
186fd10776a0fd576d5deb733af654c7e20b3f30,0.7837852,1,0,4
463a2c89c3840c35ceadd786a6b1781e0e8fd5a3,0.5727405,1,0,4
3c047a1e700c4e47c80745d0e9145578b95f36be,0.096369445,0,0,4
9c14146a98888377702bfb217dee1dfb6892ec30,0.09680952,0,0,4
cf15c51722dd4b406876dce1ccd52eea787d84b7,0.52325356,1,0,4
90c42ec03e34dc63fb0b62bae4e8e7671c47cb31,0.16623974,0,0,4
b691f81b482175665b45cabc056e58ab0df03ff8,0.03300625,0,0,4
ab8b608744500c6af9933df5977a2aa054ac3c04,0.2520916,0,0,4
fc8ef4d22c95b13b907ed14b19cea8ff5fd1e653,0.3402205,0,0,4
d2e4494b4719f956babeae65c0f6ffd340a5e234,0.41490108,0,0,4
ade1bb48431ace910cb718083b39ee333f52401f,0.1350137,0,0,4
8054f746bbd6191f5a297cf6f7f26f9fefaba307,0.09140834,0,0,4
6b610aa411df723b59d4b683baeebd5d65e356b7,0.07939152,0,0,4
e292769f29748054e1e364ee3e7d442c709447b6,0.5022838,1,0,4
fa21d6f7e70f057c42d4af9c40ed47d3d841e5b6,0.35387397,0,0,4
bac647543497f0aa2a9f92fe726e1eb18631b4cc,0.456088,0,0,4
cc6ace18900eb92606b6a312cb1ac5c4ab5f435e,0.45488033,0,0,4
c947676916c99f2feb5e183aef9629a1b21d863f,0.6182486,1,0,4
1f3dd9ff8a4f8302eb4c0bf4072d2bb7d8aeddd9,0.36308342,0,0,4
ca7f64f016d8354aecd38ef73405e1b3267ca791,0.25277874,0,0,4
06005610265c342b52051b997a43ad6e963c5a0f,0.3561306,0,0,4
0c0845e95cfc5d4bf0909e4ad86be9da5b00b277,0.53699535,1,0,4
3ac2567bcab0d108d52160f9dda91464bbb594cd,0.6275795,1,0,4
4272bf28b26cb1e4bb33750e938fb02e97caf2ac,0.7361587,1,0,4
1029078559eec0cc515e2a9ad3ed18c83bd00dcd,0.7856044,1,0,4
5c4da82785513c3a904726e3207299e75e290d75,0.21197335,0,0,4
46c7cba7d0aabf179654a0a1c423343552e40210,0.14841437,0,0,4
9a686e7388c5ded097e6c5ffb1554ec2461113c1,0.61645913,1,0,4
709c7f71e5be2eab1164ff580c4682d797916c20,0.5591842,1,0,4
579410e7f8d8b864005253e9350b1e7dbf362421,0.58979183,1,0,4
d86ae886e0f261171ab9cd73f867d86bfcd84d3e,0.085217744,0,0,4
4e2846d5f453b1190b1a6fe73e804ec726d072cb,0.16861896,0,0,4
5d7896111816441de05158671897406f6476baf5,0.09554659,0,0,4
4a8068579ea5bf1e637f8bed09a203508abde315,0.039298262,0,0,4
30c217ec400b9175e9490807748ec3e48fe2ba22,0.06029455,0,0,4
d80acb29c04a8e92a3ddbc539b0be8a521098870,0.03171965,0,0,4
2f4bf4db63516297d2c695932fb65fdbc360558f,0.072475895,0,0,4
a1236508420e902ca672cac736788a19d49aba40,0.62427664,1,0,4
14bdf34a9bb5f2b93205c2972d54889d4fd2aae9,0.7311705,1,0,4
da461de2db180f85c628552eea1a3a92ff94c8d7,0.329514,0,0,4
47061a88cefcaaedacd1d570699f30a4266c23af,0.40331614,0,0,4
e43138b0b5f0912cb358c0e73eb6247b273eba75,0.21879241,0,0,4
1b84f2ee7a41e8ab12faa73130187763ee5858ea,0.05075909,0,0,4
12aeeec70feae05a87a5adfe7b9c2c63744be37f,0.55876625,1,0,4
4b5ef21ed6104befc80e1dd501f964e7ca6f1ce6,0.53833455,1,0,4
c6c1971ca1fb5054a0847b0884488165606bd703,0.40314814,0,0,4
68e0a9c71443738b1842e99925d37bf545f5a151,0.4379231,0,0,4
1d3567f3051682dd0ea8406a3f605cb5c42de27f,0.55260223,1,0,4
7ebc8107a22038c06c0b0ff095f9f73d854e1422,0.4817349,0,0,4
9003b5b5aa4465e84c934819f45c1ab4365dc51c,0.3439821,0,0,4
ae27582d1ba0cb6c2b18d30a81cb1b82033069c3,0.75716746,1,0,4
783276d948afe1c69b6309be9d1e8828df0ae9fa,0.6362326,1,0,4
88d3eccc6805ccdb122b0acd50891229646b5ec7,0.4171366,0,1,4
2612035deb0c873174123b5f841ef6edc00261b9,0.8291189,1,1,4
3b98bf44eba7958f12faa33cc0e5635b33fdf0b5,0.73760134,1,1,4
f10cb0ae4f7e395bff64990f94cf32ffa21b668a,0.57228124,1,1,4
5bdd4dc1c46eb4949be1a41161ed12aac21b2add,0.50086033,1,1,4
d0db7f2df94c68120e72de479c773dc77d359f14,0.5429043,1,1,4
210ecb5015a870f2501ed23eb7a896dfcfa981dc,0.5010013,1,1,4
0efde604a26e730631ae8bece0d1e137dfcfb5ca,0.48599973,0,1,4
5d23a96a09f7401ee5fdb9d5b1fa2588e8d6d2b9,0.55536485,1,1,4
514cdf8f1ae0ebff29e600e4888928bb28b18345,0.47701293,0,1,4
21fb80f02c177a99cccd69899703424eab803c34,0.46049303,0,1,4
5755533ee0d4c2a0ae42825978bb97a141823b5d,0.23715241,0,1,4
8c1ab0dbbe2ff8aa733fcfeca774ae0dacaa6ca8,0.48864457,0,1,4
dfc6dfa3ed711d08678fabf98fb70bdf1170820c,0.5205864,1,1,4
998fc42b9a73b7cef079fcfe99b1f36da210bf6c,0.49549907,0,1,4
ee5885049faf1933fac107065874d54a2c6ceea3,0.44120362,0,1,4
fd19235ddf3b1e0290fa06e67ab30eaef2312cf1,0.51499474,1,1,4
5dce7b8948fb6fbc9951d2815ab07620ab77b1c1,0.5507317,1,1,4
96531689d341eb26103356410280447e94529b5a,0.563058,1,1,4
fab114fa0c0dfff6c3541fb08de6c261dc5710cb,0.4917574,0,1,4
acf6e75f21c004eb498a7317e12c0bc3e491deb3,0.49462947,0,1,4
5035d291aafe4ddf3de657ac41ed4f68521c45b8,0.5139727,1,1,4
5b7d3f5f4a40ad6e0ccf8ddde120219ba53cb3e6,0.5849341,1,1,4
c3f8825c6b07812567c37c2901fd13851154ae85,0.5457862,1,1,4
007ccb24ec4b6f9b8480ec0cfd9bc1894bfdee0e,0.55421996,1,1,4
10a33f30954af3ca26ffd8eeaab1081cb0e8a360,0.4190473,0,1,4
3a771aaec8b8c7f991bec11db5d6c7c572206550,0.46046063,0,1,4
b985d79f12b7110e9b1e13dd437b25ebd40be551,0.5217853,1,1,4
dcf38a0d2a49b6b96c557aa4475f734a6ab2dc02,0.3587448,0,1,4
9720cbf8b2b6595f79e08f2964c53e47c96324f4,0.43192852,0,1,4
663521121083c36fbff550f23fa14bc74b73174b,0.46671945,0,1,4
c967c45dda15afa1ef018ed262d4749d3cf7a1dc,0.042120796,0,0,4
c0b20c88436ceefa62fa46d96581d00068ed82e0,0.3115308,0,0,4
32245cc39c025ce9a55b094dc90c2e07121b8453,0.34587854,0,0,4
4832020a4536cf042f0c57e391ac988be8c34786,0.4016467,0,0,4
be14171c38d4056a0ee6c0f3d9f89e980b0ab1d6,0.047507312,0,0,4
e2b5ec79fcafdaff9f017853620ca2a6ee224fdf,0.06433799,0,0,4
e36edf93c3759561110185fe4c70828b2bc45570,0.4729095,0,0,4
a3dc5a0af3c951e78bbcc65a24280368d8f9df96,0.05773355,0,0,4
d38e655b40297b019841baead8dab939cfab666f,0.0662873,0,0,4
98d467455efde1154658fce4f167c8b0d8208924,0.3336862,0,0,4
5e6c50f762e5962382c3facbe638c0bae5e94382,0.057323758,0,0,4
b66ff17a80c4909609fdc6ae26ea756edfb2f788,0.057238612,0,0,4
870ecd661de26988c206c95ae805cb67f4850946,0.057788786,0,0,4
06b9c1c9fc4a87b97edf865827fccb725e9bc598,0.042049784,0,0,4
41edd3fe866ed84011e1f5e5c2edef9513729dbf,0.20310907,0,0,4
f4af86529dd72bf046a14d1ae3e871fe2e78492f,0.34868246,0,0,4
3794d76fc988731e53e36954794c8dcdebc6b91a,0.06237953,0,0,4
004ce99853502341d572ccc952ad6627e7aef7e0,0.33504325,0,0,4
1946c07f8aeaa2307ff828943dd1d341c426d2f8,0.4711673,0,0,4
91d4a41281e7b4134ef8946bb693229301719115,0.10164257,0,0,4
8090863a37bdb89c24fe2a38c4ddcf4cd5dcb3f1,0.33985373,0,0,4
c6eeedbeb8240cc9ccde667c61c3c5f8266805be,0.42775434,0,0,4
036ecdffae37f5dcbbbe9e7f7626de5eaa9bd932,0.040220626,0,0,4
7e8559b8e3f84bdf1acad71e4ffce4a448a436c1,0.06428376,0,0,4
25123334009c01f8b7e1130e9f966e5c8232ecd5,0.056956407,0,0,4
015f1362ec11ec4c30c49514b42b25d862eac90c,0.045981035,0,0,4
f23d57eae35b5f0ff44109065e303a743fcff109,0.43312612,0,0,4
911bb2896267c57be1d584bf5057cd5bd1dad471,0.037201785,0,0,4
3a073ec934c6aab347c2838e30d575277f4020b6,0.14704442,0,0,4
37b133e015182287496a85cec1912f07c768db9f,0.05701209,0,0,4
e8f28efc5da4334832e5f76c5cb3894f3180c09b,0.21043043,0,0,4
1170e40d193ebc027f4c21c6548c23326c70b465,0.17820244,0,0,4
1370689d55a2b86e1c78a869fe3b38a11ddfbb36,0.029170433,0,0,4
586071e2d4bd1ace41e78cd89c4da0aece46f17e,0.041257963,0,0,4
958b8eae6d3a9ecb21db8f16d579c4b1fd3132be,0.039843526,0,0,4
b05f76a77b155ac2b0ba6de83af8873b56c024d3,0.04436535,0,0,4
c1566ae386d4198066220465c32a131c76c5105f,0.05081244,0,0,4
e471ce1b2b5684ad376d5f4fb54d19c0a88d8c97,0.039601564,0,0,4
a63c727aaf66c154bb1590c5449470b38b8263bd,0.054491617,0,0,4
4d9e906a21d2f0428b57f95d473ad526edf43a18,0.034732923,0,0,4
12653b4dad46f5612270c89f048ff74ef348c666,0.0444557,0,0,4
2e4676f3a07f459462a3ce058b660b82750536dc,0.40905228,0,0,4
f571fe507adaee60b91a8f18a9a29e819bd93272,0.035821974,0,0,4
f4f34a8bc81dff4922a027d67c54de3309ba6d83,0.05197652,0,0,4
3b1fd6e9ed559254660adb634859466b3f823625,0.043425284,0,0,4
d03932d4cdd43ff06783028d8da2c463e38e72e4,0.45163932,0,0,4
0ff0bba8387bd5e2237691be296ab93cd955aae9,0.45352104,0,0,4
1bdb4f08c7587a002527f4b3e3db969edde84f60,0.22497672,0,0,4
80e349bc1f2337e31c83f39092fcbdb3f517529c,0.041910373,0,0,4
f422e89f9243cb8d96bdd09865fc0e590bd809ff,0.35486722,0,0,4
7756e29894533e1a143496297b9414ad1d53e92c,0.05250318,0,0,4
c5142c38927a7321c4d3ae14b0e34975d51a784f,0.060964104,0,0,4
87e198768339b82a74387db0d3546f509ac117e4,0.5110981,1,0,4
08f67d612fef14178aa5a3617c215eb23e0d98a8,0.48323166,0,0,4
790b1d02406384de43461c179149e2c12cf079bc,0.040590413,0,0,4
deb54fdc9f0453d42005c1b2d1702d1eedcb829b,0.03518662,0,0,4
8a49d020da51b457b161de75c2c4fa786ff63c75,0.04035806,0,0,4
a887d014e70f4dbbfb5349658522f8a4de7c9e58,0.044961743,0,0,4
b90cd29f3c12ccc160c9ccd78d38e0e40842c6d4,0.04023345,0,0,4
5a399d9dd4b0db1c67f286d1e62afd1ffacef6e8,0.04749608,0,0,4
cfce62427386671fb8d29c4810bbf627fe79785f,0.030386165,0,0,4
e0faff9555dbd7720426a75336d018b9f214616c,0.4521968,0,0,4
80059048841a8e5058e1e4b249c94b6a4b5c83e1,0.11519226,0,0,4
5e826b61cae5778e077d7474b323e13de6e1fece,0.4103684,0,0,4
c96270c1ab7e5f2e7da77efa89fa34b400294b4a,0.04661294,0,0,4
facc73f8abec77294a660c54d2a495e7169cc790,0.15422536,0,0,4
a1ccb74de390d944bb83e14c6f7662db7a246c6a,0.03820029,0,0,4
761d859888d28aff2b88aff24b1d421c0591cda2,0.46802554,0,0,4
c86d19ed1f6c979ce953f8650085143c9854958c,0.53943765,1,0,4
cbf42b56b7940e443156e50d3aa02eebd9395702,0.042542767,0,0,4
e4b1623c37283d97319bb308c89914525e7d5587,0.15180084,0,0,4
b49bb6713e6f6ccf8a96d3ee2e08480e982caa4a,0.35451287,0,0,4
2f29c4d3b869c10fd73062a72e5ea7d13aaf0170,0.038789205,0,0,4
39f8ec0a00690367a887b17d3985cbad8a2e40da,0.044986237,0,0,4
485946e15ed24c69b0dfc2f384a30571e0509d83,0.044490628,0,0,4
e63ef41e8cd356d46bd04f75bd1e51bdc4522b18,0.34636453,0,0,4
881237af27ce4f7525470a7bd8b06e990f29e19a,0.113583244,0,0,4
6368cc0b6e9baf91d1a5bb603f4ef637b23219f7,0.043288555,0,0,4
1610213557426151394bc46a75235e76fa855a80,0.34401792,0,0,4
02cd7b198af0774f58949d322f9ff4c1ac2a899c,0.35148275,0,0,4
fcc08bc79a3e0aae892852181fbd4ee264c1bda6,0.3493996,0,0,4
d6d786a181cee72df79c36dc4305cbb16f734088,0.46153995,0,0,4
06d226a91b3d6696c816f1612703804a4c3ee7f4,0.048978683,0,0,4
7ac015c17a073ad3c16038d2b65afc6c1d6bd455,0.03734024,0,0,4
1ce0ae86f4284d340e71def34d2814e59f8d5a08,0.0524845,0,0,4
e9011223d20acb1a441202d0af11fdc9c22467f0,0.34164476,0,0,4
16f6dcfac6e126f617f36ea3de1ad2912af2fd06,0.04188216,0,0,4
821f876ab37c743e25462c4de32d08ca11a7db11,0.07087432,0,0,4
4377cf2cac81344dd9b3eaf93646faa2f38efa12,0.23868458,0,0,4
84061841f359d13264c90b208f024e658aca1a1f,0.22775418,0,0,4
7f573be1bcbccd4e3220597c1eed2a83084cdc62,0.33105522,0,0,4
9b63cfe4269c151de0d3c4c2c8d3cb9c229a1bd3,0.33344412,0,0,4
4a8632e1362b7d64c31b3239dfed64e4c5270d7f,0.39097747,0,0,4
54ee0b3ba45361c040ecba5974df27e96f60229c,0.3585146,0,0,4
cfb17c0fbd5db32b93915a8dfe16c5952c47e323,0.356754,0,0,4
a0f1d58cbf23bbe1936de6a6cfaf8705e9f212b9,0.36891255,0,0,4
280e0f23518ea87c53f62a6af0379a4232cf24a4,0.45143175,0,0,4
c7c5ed326ef3608c476d82057620f8197be27384,0.39115286,0,0,4
e4c1ba5d08674c750b07362283dd383396007c5a,0.36223507,0,0,4
e59c03ea61222307a653aef3c0f078cf54f85c63,0.4419113,0,0,4
4d68f9fc446c494e24a1cc823c531a0b509e9da8,0.045122318,0,0,4
0f5078fa738ff0366f67415db9dd6c79963bb241,0.065925606,0,0,4
bf90499fcb1535818f30757feb8f134ecdc10f5a,0.410624,0,0,4
388866ac8030f13bc878f42b18b9f2f028c67fb0,0.3732381,0,0,4
8d738b2e00dbdbebeacc2bbdb6a426818db54c98,0.3401571,0,0,4
c7433b2b803ff4092b1654cc40f04cdf30de2392,0.4377704,0,0,4
8664d0ea0da38e000161ccdf6194f95bd8a5e48a,0.47576064,0,0,4
514525c6a44acc2c58cb0e3e62fceb9149ffe489,0.28323087,0,0,4
da7e55cc7aac7cb806699d234dbb90a455c21502,0.21366423,0,0,4
6913193d33ed83bcb98cbdb94ce410069ce2513e,0.12055196,0,0,4
7f65af524d6b7fa43743a3c5593c3c57fee3e9d6,0.33238202,0,0,4
a76743a390e6750a59f9494ab338cb1920bc35b4,0.52426434,1,0,4
4493ec15a72045bcea25a4c6c9b4858ad5448b7f,0.314918,0,0,4
2f7b1a605feaa7f846e9a7cec7ac9cad9aa4b990,0.055412356,0,0,4
a243755cd2cdd3451d095f89e919c512c44eea9a,0.4198856,0,0,4
3ab9eac33a1dec0e98009d3f20b0b7ed41e3efc1,0.19990112,0,0,4
55595e71e145a7b63488751ffd6a485e1fd41ebc,0.07184392,0,0,4
a216362a393976500b515efbe08e7d96c688600a,0.059792135,0,0,4
846fab062c1d8750325b1cab596e23c9bd86938a,0.16154256,0,0,4
71ec042187560a8f958dedb932c85715c781f998,0.45265236,0,0,4
14e2700a20c792a6bb7f8dd3a72c115e55e1bde1,0.18801892,0,0,4
cc3c0a92368f8976ec3f611bd36184c37f14c15a,0.058014404,0,0,4
effd9c047ee58fbde47590f83549031d4f5c06fb,0.3239588,0,0,4
ab39c78cdbbde1a27176acc50353820540d8bf5f,0.47391135,0,0,4
b38a7411945c7a3d9c907f23671d515bc2a510ab,0.042779297,0,0,4
94ef347a55986d30dad3e2e9994392108af1bd27,0.2408513,0,0,4
48a42c69db4be8df22bfb14b431ee34b3c809573,0.037882846,0,0,4
c7ebfba785ae7a0055b57373046b6004e5df6856,0.059316624,0,0,4
768964ad6f8a34151d0d9aa1a24235d2efeca901,0.24094057,0,0,4
f329571a6754551b0a173598b707f73140fe58b0,0.47047824,0,0,4
3b610d3ab52bafca476d23ca4e58a3104ff20d85,0.037990917,0,0,4
77d022ebf809753274bc365d657a505815441a3e,0.02992918,0,0,4
a6b025dc4873d164edadbbd0a2edfeace2b03258,0.3198989,0,0,4
17eef65fbfd22c6a851c08f23c6e6b10cf41b559,0.42668456,0,0,4
301e60c29366209467458c4394519aaba6f430d8,0.04890726,0,0,4
2754e2cf8a402b104c11e229234b3539bea10395,0.05875737,0,0,4
8847d1c226cf80bd2163f4592e8068f5118e459f,0.05760398,0,0,4
9cd808291f752c603d3f87610cfde2f6eed86aeb,0.089071296,0,0,4
0245d66f72e0645a448e2d03a7b957bcc18d919f,0.050959457,0,0,4
0c883a3f6e449ba18b255b9560b7a2be1cb9a6a2,0.4244605,0,0,4
6bd2ec752406b9ff8160f2f2904ed9a379054536,0.0566572,0,0,4
d68bef420a6d4043f9c63983541e93cd6de2d644,0.07372281,0,0,4
d2274baf423727ab95cfd07e6d8c8a20a73b49ad,0.04462917,0,0,4
9e28136f6f68b7e8f0dac8a8b03999af929afd01,0.34522334,0,0,4
40ce05bcd36af111697b4421e00cab34d45c81ac,0.061326403,0,0,4
9d84f5ad707cc7a258d5b11ba3a0ea2615f92a13,0.0670583,0,0,4
b7a88c79524a840d8733c6cbcd91e22a7f2f7d1b,0.061917823,0,0,4
023620083e3bb96ec11254adf47ccb635c4466ae,0.25856018,0,0,4
01d5fbf81c4faca84dad8f8df3ab59a286ab0944,0.21819186,0,0,4
43b165b3c5e1cfb53d5f64037a3dda636f613765,0.29850224,0,0,4
50227a7359afba0f475453a215424403b4ed54a8,0.29691374,0,0,4
0f2e465e41e249e105dfb4a30242f1925988d6e3,0.36533836,0,0,4
321b6255fb626fb72e99c60f40424f20644d7586,0.37320817,0,0,4
1f44ef2bec5a7ea3198e0ec0ee9616a3d84400bc,0.40527025,0,0,4
997f50595fd7b2df1730c7d4f9a0332ae9aad9f6,0.35204062,0,0,4
3af8e6e23b211cd7d564b4d32cd214987131183d,0.45206356,0,0,4
55f62e3f0a761ba60300f70285d10b038092c36f,0.3260287,0,0,4
4975496a3ec2c152fb48a7b681000447c784d336,0.14793761,0,0,4
eec9248006dd30d2a52e3ee47b5328399b2debc7,0.30608994,0,0,4
9c3b1ac386c73ec6a99c84958b9ddef9e7d335b3,0.3261364,0,0,4
0c6837581dd42a8b972be6a9b2a5c6364ec1d5d5,0.36146963,0,0,4
13d0cd190180c7af98d81c9ed6457d745e2c7ae4,0.41391268,0,0,4
102a2dd7cf9b947100359af15f99d152998d299d,0.36078116,0,0,4
3824b5c6c63d86d3d2323cef9ddbfeb7709a268e,0.20303462,0,0,4
ad08eb7ef257615742e8059b514acb2f218e1b84,0.47799817,0,0,4
457104106870b1c1cf99c6b87fd9041eceb8489b,0.2828056,0,0,4
46f6defad6eee69a7f1442fc6ae0e75e4fc60b60,0.2175765,0,0,4
1e879df46d5e93a4aa3b54968ba3252b78d4b36e,0.2871098,0,0,4
8ae65923e3032165b0aefea5d18442901011b0a4,0.24761191,0,0,4
18d765cce74d0bc5abfa1d1512bece48fb906dc1,0.26777524,0,0,4
23e75147fb87cc95bc9e2ba7ae7177b4347a6711,0.2870525,0,0,4
103d2f753fdf5ebea497d1e20fe7594e54f722a0,0.0803754,0,0,4
49dd2fde4339254afb866ffaa48b3f0cdb6bad2a,0.20986609,0,0,4
694392ece7e84b75b05c042bbf2306b24e7f1867,0.21060884,0,0,4
f776baf25bf0bf8aa1132b810f30fff0317682c5,0.26682898,0,0,4
b9b966d59f5942c7e6a4b6beca34f58a8aa1da48,0.26714724,0,0,4
4ef026525bbf5784555254cc8d181d9c9ec0a1c3,0.2391443,0,0,4
36dad1bc2bc92930a2b8082f7c4bd9d7ef9cb108,0.15205576,0,0,4
b91505361004b229f30cd0f33d1fe7618ae7bb81,0.24556729,0,0,4
6dbc989762cd1d0a01c2c56c8e843d21ecd48d37,0.28976893,0,0,4
76137770309d1ff3c0059d88378ef4ed55975b9c,0.38150498,0,0,4
6f119f1cf67f01c8a4895ec2a0cc07125085d689,0.21687801,0,0,4
a09b2760079b2752500d8077ceb832d6780cc3e0,0.28174457,0,0,4
c2d79d798c34620095ed02892f4d9162b45f95dd,0.24804418,0,0,4
b1b14eaa68572560f65781c2371ac579bcc45688,0.25008667,0,0,4
9e399d4e16581a3ef32cc0ae2373128cba197a34,0.2250069,0,0,4
1b7dc86bc021caa391e578a81e99b089b30c341b,0.32143107,0,0,4
d3cb4b9fcb0ed137e3d96d3e93bed54071aa4091,0.27285796,0,0,4
d07ff5721890702b62fc0f327314b359f9ab2393,0.380759,0,0,4
1da3452ab2710543161bbcee08f5c7dbcfa1e4e8,0.26199433,0,0,4
8c2acdda4b9b5d1e0cb2929f5369b511c3bb5e6c,0.2557546,0,0,4
0a0b9694379b74e49e66371104676757d159859b,0.20821877,0,0,4
ea76a05b00b46d47a28099154eb36509ecb19549,0.20612946,0,0,4
0e56d20ea9718d9f74598f1f3dfeaa301f71d5e5,0.26025614,0,0,4
605f8233b6f2674032d929deee2afa1f6b1d8300,0.27655315,0,0,4
44de79b1ab7a21a88d6928d7a482ec43f69de8c0,0.31251302,0,0,4
dd157a51aee6f1ca5bcab03e08c1ac9854615c8d,0.22482632,0,0,4
29ac8c6331c9819b98e2f76a27017dd939fc4407,0.26796964,0,0,4
6f54b5df2f260da8dfa9629a170bffea045b9f94,0.261973,0,0,4
0516bc683eff01ab32a09f7b6dab57bc5725579c,0.32396948,0,0,4
bb888c9fe658940fd0f4d0c02d06a279bdf74304,0.042461228,0,0,4
620a30da02016e54a36e73c3178ce8ed4df494dd,0.2740314,0,0,4
e148346fb50e40cf4e0ba7c2b95603aeda740c29,0.036391884,0,0,4
6b873e468b5cae08c073f7d7816912a78db40550,0.03919939,0,0,4
4bbdb3b88c5f833dea35d6e611e66e43772f21e4,0.038397796,0,0,4
be9e92bc4439a6e0cc85365709370dbadbdb6180,0.3328971,0,0,4
52f6e7f2eec773f8fd94808d3e9bbae105cd439f,0.39111215,0,0,4
4d9a5876938afc1b6e882bd4c340f433d25703c7,0.043713897,0,0,4
07a18aea27165309f0e7c2c3cbfe3c328af52098,0.048283786,0,0,4
76b15a177b49fd32aeda89bea24090f79d03375a,0.36907902,0,0,4
11ffbb9a156266551aa7e2d7ed1569c4a0700811,0.05329692,0,0,4
d277ba88ab4bd34e19609b21c2494b1fdcd680bc,0.38280308,0,0,4
003e712952fb081b7eaf1ea8579a20f7a6785069,0.05081405,0,0,4
c53b31eedc0623cfcfb2e326d4bdb961e7d1ea5c,0.43867558,0,0,4
9712293bdafda3927b73e832d04ba8641946745e,0.33187723,0,0,4
20aa1be7d78ef0d3bd0b42b1b596b2815b1560ac,0.4455691,0,0,4
2d247017bcfba1d2565fe286b049cae5f2e6c950,0.057396885,0,0,4
8f98b4fcf487b264e02f9bfd09ce90feb22f82d7,0.043349065,0,0,4
ef143df014ca39660005335d94e99120b343c06e,0.03812663,0,0,4
cff3fa5afcd61b7fee6f99cc8b1698ee39b3a2a3,0.031132827,0,0,4
36d421a57dafb2e8594792d0d3dd3ed37081ebff,0.03581859,0,0,4
fefac9e889da2e7a01e88f9403035c647920c7c7,0.37184852,0,0,4
cceda0d8eea21145c4ecaec7d69538e3bb08c177,0.034601863,0,0,4
7f85fc5b987d69391d8530a2ecbfade130e9f55b,0.037791796,0,0,4
fe7d944731edd714f7d37daefd6eea2f0a3dca20,0.034438096,0,0,4
b5caa8e8c8821dd30bd3c95c62ed0a5ea14acb88,0.031463236,0,0,4
df285b05e8c988ac20f685c7600c6e9469c6dcf1,0.041209325,0,0,4
60e0cbe87ad7038de3e47a954b301a00154b4ada,0.053891525,0,0,4
75b2d209c5ab7d1cf3aec51254fe93056aee2135,0.052114528,0,0,4
1f207424031bd81af858ffc98e64152b3ce2f22c,0.047746114,0,0,4
cf9cbbdae44b88a7cc982765bed085b434f4816e,0.4085935,0,0,4
00d9578b74a107e3811c407ecc3da2bcdb166f81,0.04804412,0,0,4
3410aed6696622cb6b7b8bec088f9a92ea55227f,0.08707242,0,0,4
8d34352d3ca40ccee76e1473d3e132f7bd8d4a62,0.28161693,0,0,4
f3a8208d7c69dca84bb2e9e7126831f83af3b1e9,0.070282586,0,0,4
1761c73c6c3162affccc9879eec0d8af6ce27149,0.34456876,0,0,4
d042d3592e7be9e7c0f9ebb0f1ac8f12db6419ee,0.2799133,0,0,4
67407f284b52a672fc49db793f10e55cae20b90d,0.038427252,0,0,4
bea5ca1141531a4c2c14c4059ebfcf0b00862d42,0.060632065,0,0,4
5544b5af78ba07308f17e37915c2c919bb143870,0.22948733,0,0,4
19abbba0d95840158ed7804c29a0acbe36dc6249,0.23661289,0,0,4
05077ebc87ff764cfbec2be39fefdab7a149eeb8,0.3234287,0,0,4
db9e5beada39ed968d166ded6d9b0cb89c4bf5c4,0.2171135,0,0,4
57753e16dabfb23c415610dd37907b809b267c5e,0.06140305,0,0,4
0e1332c0fbc630c9f34ec7ee6f94e8c29d73eaeb,0.035779018,0,0,4
2e9734b128f1bee856bc73a5dea7e106c04442d3,0.1207883,0,0,4
1c543973e93f01249a7e879cdc3f30c604895462,0.29701456,0,0,4
a3fec41476ade3604519145f929e68a6cbef21ff,0.18223117,0,0,4
a3e6680f935a0b6533563c0b58d41a217996aa93,0.075491235,0,0,4
a23dfda185b8414033aa2350c75fcd56a0911728,0.040131077,0,0,4
33469fe1be59affd9b4a7a9562dd1ff4862323e1,0.051459283,0,0,4
f21a3793d06495214fcc46c081ae0c663c272ae3,0.42927003,0,0,4
d7437c79bbeba415523c52488019cca0f5cbb7cd,0.045711864,0,0,4
8c3a9eacc52d8908130a29ea7675514decdecb2c,0.073003426,0,0,4
3791b9e31a48899a3aa8a317982bf1dc27a11662,0.43416914,0,0,4
76f63549524946005a34ff3eab3c30ae2a505e50,0.060359508,0,0,4
a04afd1f20290d0097b1ed9ef2a4f476e0b79ac0,0.054426685,0,0,4
825419f9128cb7bd01ca31b0179bff96bf1a5ce5,0.059074678,0,0,4
6215969d2a1f8d95667c208af868758c8636c234,0.36807886,0,0,4
79f997c1d6976f5327cbe5e80676a65245d961ac,0.45454028,0,0,4
4ec3674e06fd98a10de28be7ba6c6036e64116fe,0.29008955,0,0,4
6eed45b023ff3c609ef423f28fc87b42d0614f79,0.27607825,0,0,4
002e4de0d68ffab9af339283f02659472a1febe7,0.05265058,0,0,4
ef8eb3d269274d2e6e4915875d027ada1efa0470,0.33666644,0,0,4
78b8d323635b47f68a93da04f04d221f3412d9e0,0.33342764,0,0,4
055cbd0d42dfec901c7b2532f7a71f937b1d4756,0.046205472,0,0,4
771841e493ddd9839a4c029db6b217fe19968148,0.34423712,0,0,4
39f6f7fd6333da2b983f7d9001a7a51f31fa9434,0.37081617,0,0,4
6bb1b9a7bcf9d4d1aa0f4c12bb0cbb4cf4e2cc71,0.47881562,0,0,4
4824774675ec1a2c9e7b1469dd93a6bd09854210,0.31332448,0,0,4
09e2fe28c098908ab80bdfc68f5e971d70c7ddaa,0.052234847,0,0,4
e532c2a634be7155b8850332a4b637107ed4e2f1,0.043755148,0,0,4
2522714052507ad525f01d6f95184476a7adb756,0.2378493,0,0,4
f9d80e5b2960b3cb4f9fcb25b106eeda3a0c1f9e,0.044142812,0,0,4
bb17cd79c44c4462e2f3a2ed91dc44fc8bd3ef77,0.055171303,0,0,4
717800fc588389b143b5c8ac20a0289a9217715d,0.27218613,0,0,4
3644942d2fa6445b6a24b2123fb812d50611915d,0.5701467,1,0,4
4930140ec6fdceb7e15d31afa45243dee7d1e217,0.10472915,0,0,4
0635f7f27ec605303b7f25182e091777d38c7955,0.09318997,0,0,4
ee61bde4e14fe5d1f63e0f1b8e52011b5fb57ed1,0.20818359,0,0,4
3bc576a7e41c5482dbfddefeaa99e696f34de50f,0.05045216,0,0,4
21a0e874cf3d14cfcef60d20b97e4c81da581788,0.048162732,0,0,4
742cf80acfc8eb4cf9c0f08275725b9bafde8d2a,0.04294145,0,0,4
02b1f0040f67e7817a2f1151360b3a7838aac870,0.07021809,0,0,4
be68400d3001b6ab81f1e6d2e957a45d8ee7de44,0.038124975,0,0,4
0471658da03f5b01537153a72c0ffa7132709900,0.18609115,0,0,4
bc69f94466efb770e78d1bd89a8a1bd460fc437a,0.3387561,0,0,4
861f6fc042985dcf07968f41b7a97155ef00fbb3,0.031190798,0,0,4
5303d7cdae954938e6aadc32d3e0c89a38c30463,0.41826612,0,0,4
5eda1d70605f3407bcae58a77f2c92266e91815c,0.46096206,0,0,4
11b374b0779e6ff3e67f0e03c940b4bac4eaab5f,0.052055314,0,0,4
fe8f43befbdc5241d8c0c687d50114f4eb77fcef,0.14016283,0,0,4
55c4afa6abc98c0c9a728a7772c9feef0de3c512,0.419458,0,0,4
ac114d2fc57319200607f7d88033fcb936ef5544,0.36348027,0,0,4
6a85ac15cc0e4ef99834e68bf479c0dec545db45,0.08069402,0,0,4
893a67efdf4fd2b02f5a7b1d6e3a22e10bf969cc,0.041542027,0,0,4
7a4fc498fbe96e83af20c5d0576c42a761fe3d95,0.33215073,0,0,4
3e438a80fc5ae21862125b13e9ada9b5c30d27cd,0.2887282,0,0,4
15b4031ba94a60f20b854e6ce2c7964d77086387,0.25171372,0,0,4
543970edafd3f8e08d945612d09663060718ae94,0.5212634,1,0,4
4b7c4908277f5777b5495a83d2782ecf39306432,0.57755226,1,0,4
a606523ee9b6715ad4d976c8a507fbff964638ed,0.74332964,1,0,4
80e4a06124a712fde81bbee093ba2ddd71851c93,0.477698,0,0,4
454a82cb2ad2853544e641c8c80f5ed34bbeb1c5,0.036535874,0,0,4
a2bde0190da2e32a5925df5aae1f2c37a4498bf0,0.13049988,0,0,4
82cde14a4d72b13b5ff5e719f4c61b1673d643f6,0.45490104,0,0,4
3d4233823d8b4de30ac2047c713e3b76dfdf40c0,0.5524784,1,0,4
f9dfa3fa6b9a28439f1226c202c41df9fe2e4380,0.32538134,0,0,4
c50da916c252ab282d978da3f114b81d91ec2912,0.34474826,0,0,4
e0bc1afd7878a91fbc30e79941af8a797637ef22,0.12268882,0,0,4
aa75d3aebeb30d1bb3ab0ecabd60201bfb3aaff4,0.3314695,0,0,4
774d1801e057326b61461bbc9cb479319145f811,0.06113655,0,0,4
76f12abd9d81587eda4c50e7816c75607b4b23ee,0.29802015,0,0,4
9900d951d41ceb438be79b2bf1822aa6cfd1f37b,0.40334472,0,0,4
f6dbdcf3acc3009f3ae17d607a2ac898e804395f,0.4294461,0,0,4
110084e432a04d061d71768c23f500f283081e31,0.37740368,0,0,4
656abed01d37434d69881ca1292dee710209bf51,0.37743363,0,0,4
d6d2307a9ca0ecf8c540b3bf7183de5d550ab099,0.3716696,0,0,4
801f4f4b10c788212d555729d5eed92ee1a02036,0.37115952,0,0,4
5fa1935c52f3866f0675e9fd64bd04d153b9f225,0.41267666,0,0,4
d728087751d2e6f19504876d7a3f40ee7b1f4d28,0.33086127,0,0,4
e0fc7b4dc80a31bffc8c8f87a2fe4153e6cd0cfb,0.3894486,0,0,4
5b743d5e7270fa41de8b4fd6ced0d82a6e38c38a,0.5225785,1,0,4
dc565c4fc02421b58db9c0f0cb9bfe767d904216,0.35878626,0,0,4
ad56c3889328fed27f021bba3f071f676fc4ffe0,0.06436786,0,0,4
47e13b0fa2ca7fb11e52abd429d538c3c9ab07ed,0.38840276,0,0,4
97c6c963e2045def1f19c650f638b304f6464c19,0.41148978,0,0,4
9200911bf40a2bad68477e54b0e9554e4e8556b0,0.05952661,0,0,4
0b7369cbb67e46586e9e031c693564ce7ca583c7,0.37046462,0,0,4
2fdea0d5f462d48a97aaca3b987a716ca2934f24,0.26321182,0,0,4
2645862ccff2183b731e7d6f1a66df6f2b04a99b,0.4576723,0,0,4
27df5e894a2133e122ca7e78c5de45d26f7210a3,0.30299413,0,0,4
619aa9bff4055f51df04f5f837605785a998e9b8,0.36388698,0,0,4
4c55341a48427f7bc0ce30f0699c673f7e69f63d,0.46839124,0,0,4
27ae87a59cb2f0d06ea21d4a886f3afb9a14247d,0.44777724,0,0,4
962128ce971b2edd3fc9e4a85b417fba01a0246e,0.46721187,0,0,4
287254724ea66841b932fb5f6d8cbe37b04eea81,0.31853065,0,0,4
