commit_hash,prob,prediction_label,true_label,cluster
6e710a1f78a4a733020a4b2d1f07b6fe4c6684f0,0.45636502,0,1,0
951b253fc38c09114d0fe273a3758a15c151a8b4,0.59586465,1,1,0
f3539c7eb312b127122084279002d3fd238c9a17,0.3558324,0,1,0
7aa5ba380ef6aea0f2f594873b4c7378adab0f18,0.5423893,1,1,0
def1380280b9be6d166d3938ea4b0254e9b55dc9,0.5317769,1,1,0
cc06ae9bf7a1fb6cee46c40d2a6388ac05d3f5d1,0.43840757,0,1,0
7972f1ac1b85a5174c9f293ad98abc87edfe42e6,0.37317187,0,1,0
bd1c4ff86fa21358949e925274f5b8146f5d02cd,0.44322184,0,1,0
be2aa80bc371d600ab2230c545051ea6454577f5,0.5505479,1,1,0
68b033741b02c3ae54d649e858790732bc5c2d27,0.38753948,0,1,0
4f5d25205a9cec988de300a452d641a155406b79,0.37822315,0,1,0
d1e97bc85338c563f4f732bcf917a08b3cbf4792,0.51830006,1,1,0
d40c01673e866c3c3b5b51bce66e9518924cc31c,0.43917987,0,1,0
5f7d5690a97b2ad95bbe381695638f0c7ca2c4ff,0.29075864,0,1,0
8d340a008767c5d954b7539e825b4c90eb15ab9b,0.53136325,1,1,0
84e490b66f61e11366b62efc42e64b60ae7db35b,0.4699811,0,1,0
fc939bf6838f4bf986e0b42fddee3df6712371a5,0.3752757,0,1,0
5c798eb50aec6040f415b6def1912d4345f8310d,0.45101556,0,1,0
d1758567765117cd395ea47319d3acde7fc663b1,0.47679135,0,1,0
517b8beb06f63301629f0ec3f58f6b667061d3fd,0.6371432,1,1,0
5c715cd84d600c0df0215846efaece2ab4673546,0.2959532,0,1,0
dff4cea14174548f52d6fcc66c9bfd7a339b7336,0.441763,0,1,0
02ae34d1d3f3c9f9c25160cb14c119958f25af13,0.21054123,0,1,0
8e0e1c32ff1ed1da4f09fc9917812e6457e6fef7,0.5217472,1,1,0
18c5b2536c114c86b810bb3ee94474fec596a462,0.11030579,0,0,0
c6e4d8c9f534d3e70e79bf718e40724d56186109,0.5374421,1,0,0
5b5ecff53b50a67179f6245bf60047c59f027e26,0.35371584,0,0,0
46dcd98ceb70720f96d4cfa23b001ff108bdaebe,0.3345012,0,0,0
dcbfc80c4a14b91194fc8b74760b079cc0a4ce42,0.30645537,0,0,0
23492711d234f2fa647bac46997e361bcf985423,0.52556866,1,0,0
f10279a29d47d389a31da907695673a992555adc,0.55754197,1,0,0
8d5925b52b48b4c69934ea5c48aa298a2ec74e84,0.32411495,0,0,0
a30aafa016409048747fe9730d6f7892eb12d7c5,0.39304152,0,0,0
a3611513fc4de7234ef49ae46d646b0795ac7110,0.27034643,0,0,0
d0eb1d1dd1d9aed27c433d78a76962340fcbfc1d,0.40988088,0,0,0
1ae9dfaf45e0a51ee7d604551f7e1932d1787975,0.39186767,0,0,0
1c2d56e8a91b0f64317a9e02cfd4b45b03d3019d,0.26961923,0,0,0
2cd92aa6e3f44df6b0552a28b83022a7f92f8946,0.36096957,0,0,0
79ad715f02e02af76da0c6e47c164a80768a01ab,0.32101157,0,0,0
e5b948a1687270192753993c998d61c7a91faf49,0.28968483,0,0,0
b81a48d78dd9be1c3eae57cece4c88df92c30247,0.2417232,0,0,0
0b873b95a840f8cfdb51f4ceea3b524d46d20715,0.21327138,0,0,0
e350a38760c93e373562d6a3e906df5904250146,0.5665237,1,0,0
660431cf4f7e2bda887a0e35ad3a76bdccc14110,0.3141009,0,0,0
f65e9aa63f8f266023a986507834585a9580c555,0.05439859,0,0,0
535cbcd9f20b29b3c5a5d69f654cde57969b3788,0.05542799,0,0,0
2d650f890ff1409f2944bc56cdc4b518b35e06f5,0.060791407,0,0,0
1c4f7bde1c8f7d8c0e09484daa626fa4f40e38e6,0.054727532,0,0,0
b9a22fb6f6f460287993d3cf087ae5ff036a6c21,0.21974537,0,0,0
14d6a09601b68f60e6b18142b597a6890e5d581b,0.3336613,0,0,0
54fdc54dd24c9ece2bfc32ca12e88545ec923a96,0.3401445,0,0,0
0ff7c091143e8326eb88dabce078ca76778a587b,0.36986312,0,0,0
32ed6601f216dd1300876719cce837bfa9824e26,0.29800284,0,0,0
7df11e15457e8d8bf4e5730d20ec2412c429e091,0.45880756,0,0,0
15f7f84678a24533e42f2fde230c5f68d1b33035,0.3434905,0,0,0
2499f70cabfc8d17f2c6de124a81fc0940a70fa9,0.41569644,0,0,0
6526a5e83c1fb9644da34e44fdc5a3bb8a357c84,0.42363137,0,0,0
5904d90ade8663f5552b51036740352a9b796892,0.038324848,0,0,0
fdb75911387f77912c37dcee0af4a2f2e0977f3c,0.061734267,0,0,0
538a97b115ba4ea44c57898ac7c4fbb77fe0e9b7,0.43089274,0,0,0
fa0478f4f6fb724233dc3e00a9f8dc557ce7cdbf,0.44966117,0,0,0
ec81d7ca5100fd97fe8428db02a2cdde967ac87d,0.41918534,0,0,0
81c40b9820625d3f529b116baf6b4a3d45dd2f75,0.25596303,0,0,0
2b085ae34295d5ae1d7eaea5a55a2df220bf1bed,0.06708166,0,0,0
d6a354e203e4901d3eb6a36b3aba620fdb222da7,0.07766668,0,0,0
37787b96ab21fc226ff267aa26ae58a58b2d20f8,0.053754646,0,0,0
f2f704eabee027175b0c1eaf934c08e7721a9b24,0.4384034,0,0,0
e1fc87d2d57c2d7ee941e651f33b582fb000dd73,0.07990177,0,0,0
fa8f024d082998c7ae48b21f3eb6f8f2ca56a719,0.4923846,0,0,0
6bce493e47fdac9e64a9ae1cb3c358f31975a43a,0.4097179,0,0,0
9daac904cbc627e4a43e72f72159c552b25caf74,0.2946417,0,0,0
658d5a97c708a926b0425585f9437a0c1fc2b81c,0.42029095,0,0,0
db695fe90b181948f271e4970ec83d4de9348577,0.49445367,0,0,0
9c06ff87decab7357d44d8766f6a277ff887d921,0.38429213,0,0,0
198d448ceab2bc061d18a1a689056bd2b96b76c5,0.037768614,0,0,0
46b15af8c5fbfb026be350ae16eca89fcdc87aac,0.12070131,0,0,0
b7e86cdd772cc47a031d187b79d075af8155c2e0,0.25542507,0,0,0
198e589e62f687a91d4c27057ebad918e9f9bf3f,0.3769961,0,0,0
fa510146c09a498e25e590ef5cc558074337fc4f,0.42233753,0,0,0
badca06dd1c70207215c7186a31955901b637661,0.35839072,0,0,0
91ac1574aae31a29baf883d2cf45e4e1f5aa9bbf,0.4418815,0,0,0
82ca28e2ec8fe9771f01b5aab3386311ecab80df,0.29663238,0,0,0
9f8120beb6b351608652002e057f97f8f6c0dfc3,0.49102286,0,0,0
c66b23747627a2b432e0068561d457cab9f97ead,0.45605627,0,0,0
a6a5e3033d424468cbd3a6af051aabf3b5bd4d00,0.51237357,1,0,0
2902a9a3c07e881dd7aeae0a55189facfab1966c,0.31103542,0,0,0
fe487b3336f8279d8b74eff05c5ebfe6e01281f0,0.29504126,0,0,0
3076802a78f14eb1b4f23831d5a1ccec79b26554,0.32794192,0,0,0
5063d256221e7fe8a8c433401bea988d7ccb0a35,0.45278636,0,0,0
a6b9ca3f71d44dbe2562e13d63e4b30fcaccdf50,0.3410585,0,0,0
81fec3193ad12a0f78eb021c4a1548484595860b,0.43695632,0,0,0
902a680951f318488a4bbe0184a3a223c5709b01,0.40571183,0,0,0
b84f786db6d85cbf9973adfccdf135cb71824b87,0.36678046,0,0,0
a2b5c7a9aa0b5f617502bf6003d43913d507a11f,0.5059455,1,0,0
571725cb7bcf091b5457f1e2a857aa51e8a70f7e,0.060857546,0,0,0
10118c9c1b00d31868d6ab43e8171e3c16efdcfc,0.3146784,0,0,0
ee94e6d82370b6b6086cae2693dc2fe31388fb64,0.48516175,0,0,0
dc58a824466ed492fc6d5ab11960eb86584eff26,0.4248799,0,0,0
56c04300e8f05bdaccc2ec60fc751c09d86b7b68,0.3572842,0,0,0
03542311e2a461f0324ec700e98e78b5540bcff8,0.041527465,0,0,0
4746531428aaf9e3ae7d505b5a203350d138ea41,0.50357336,1,0,0
05b14fd01e43ab8a385bcfb53102a270ef2d9375,0.4228406,0,0,0
77868bf772a03d61701bc0d32dfafea63a0382c2,0.36900726,0,0,0
83fcd3e1e220b9f3aacc63aeb4da0a898684dd0b,0.0524152,0,0,0
dcde20001063fc25f622e4b1c7775f735a7255f0,0.070934854,0,0,0
82bd5be8735c01a767fc3ebc3eb92369ac68302d,0.4216586,0,0,0
e1188f368087ba4bcfada44d645e4f8661d7f9b2,0.40365168,0,0,0
2c03505da053d07cd3f729692738912bdfc2a5b7,0.39616895,0,0,0
3fd058c02a1f8881110409be33ad56d3af6386f6,0.43552342,0,0,0
bb3ddfe426cf4ff5390f742d35bdba02a4ce7624,0.40230525,0,0,0
09b1a632c17b34650d2bcf748be14690c9882e52,0.32611895,0,0,0
539e1ee1d68c27defd0aaad09a1a0b68e059de96,0.20067222,0,0,0
da69323b29fe8e373364b9399bc67523dcf2af62,0.039318793,0,0,0
c1ad21bf966d01dc5cceca82f102c0f7843d5617,0.045320775,0,0,0
efa756288e712849c78c4230df05c2d1abeba91e,0.08887792,0,0,0
2f757454dc41f4d130234aea68b348da4f12a0fa,0.07936706,0,0,0
24b5e00be753889e4907473ce57271acb290cb67,0.39554167,0,0,0
7f293a06a0b7ec9b554d51f150991efa9b7dd54e,0.11502432,0,0,0
95a524ea06e546330ec3d95b9c139b7edc599b86,0.14806657,0,0,0
314dfa80d4e815ba3c689cd3ad0d508209665bf6,0.25887787,0,0,0
c07d659cf8f7b16452472da6052a1de326bcb6a4,0.08495222,0,0,0
545536e34f180edd32fbb21b0a5613e6407f0980,0.048551857,0,0,0
225afb8bad88c9bbb70b24d9ac3c28fb21f39465,0.27169764,0,0,0
041e9565ab8b187ad0b88780a5fc0a5ea24f29a1,0.33044514,0,0,0
c4828bfd09ea8c579fa8840cd77733c64b8ebb39,0.110295884,0,0,0
dcaacf4cae54fe199055830f097d4ed504b3238c,0.046042856,0,0,0
6f22f4b49c2a3a59840d28e6cbe0c37a56ab1f90,0.3830681,0,0,0
41fefde64401d2173ff019a896c4dd72b4fa5636,0.3859065,0,0,0
080e96a6cdea2f5fe8727b8249044b89bc54395d,0.37877864,0,0,0
497147e3e6ba0a50c32817e14985ca5bf1041f9d,0.046238605,0,0,0
40708bdf04dae6aa49bf8f3617f2efc16c83c5f8,0.07034955,0,0,0
84ad767a87c69a265e9105c51efdd87ee57b8635,0.24100214,0,0,0
f0e8d41fc8cc746ba9b66b72646db6bd8b25c6fc,0.31040767,0,0,0
df5930892d9c6eda392b96bdae2e7afd342f7866,0.049884893,0,0,0
0cdcb1fd8df9e9185cd3abb128d927d25d7de8b5,0.40456092,0,0,0
cf15c51722dd4b406876dce1ccd52eea787d84b7,0.50640005,1,0,0
b691f81b482175665b45cabc056e58ab0df03ff8,0.031663533,0,0,0
fc8ef4d22c95b13b907ed14b19cea8ff5fd1e653,0.30992526,0,0,0
8054f746bbd6191f5a297cf6f7f26f9fefaba307,0.08093398,0,0,0
fa21d6f7e70f057c42d4af9c40ed47d3d841e5b6,0.33004278,0,0,0
bac647543497f0aa2a9f92fe726e1eb18631b4cc,0.41485405,0,0,0
cc6ace18900eb92606b6a312cb1ac5c4ab5f435e,0.42117515,0,0,0
c947676916c99f2feb5e183aef9629a1b21d863f,0.5649485,1,0,0
1f3dd9ff8a4f8302eb4c0bf4072d2bb7d8aeddd9,0.33089712,0,0,0
ca7f64f016d8354aecd38ef73405e1b3267ca791,0.22059023,0,0,0
06005610265c342b52051b997a43ad6e963c5a0f,0.32195312,0,0,0
4a8068579ea5bf1e637f8bed09a203508abde315,0.04105482,0,0,0
30c217ec400b9175e9490807748ec3e48fe2ba22,0.06060278,0,0,0
d80acb29c04a8e92a3ddbc539b0be8a521098870,0.029260922,0,0,0
e43138b0b5f0912cb358c0e73eb6247b273eba75,0.19182596,0,0,0
1b84f2ee7a41e8ab12faa73130187763ee5858ea,0.05256508,0,0,0
4b5ef21ed6104befc80e1dd501f964e7ca6f1ce6,0.50501853,1,0,0
c6c1971ca1fb5054a0847b0884488165606bd703,0.34770375,0,0,0
68e0a9c71443738b1842e99925d37bf545f5a151,0.40351552,0,0,0
7ebc8107a22038c06c0b0ff095f9f73d854e1422,0.45131075,0,0,0
9003b5b5aa4465e84c934819f45c1ab4365dc51c,0.31672093,0,0,0
4b8647bf6ce2b478e6bc90d0158ce81939a14378,0.5244506,1,1,0
2d1614a2077eab0b981d4a0c4c6e10a7ecda71cf,0.5045894,1,1,0
3631295c437c5b8915afc7b2b259496eb2d5d782,0.6531549,1,1,0
b12610d35e7798c66fc1d9b0811d10aadb87569d,0.4752134,0,1,0
f3a785108f853e327001dcd435e92525d7fba96c,0.5654408,1,1,0
881a4ee8db1e1826b749579d2284ace982c953ca,0.50486976,1,1,0
e91d0f0510ee8d69c76ee89b4e57341418866c6b,0.40001237,0,1,0
8f7c59ce888a687a6c9089caf0c5469984a073b4,0.5339768,1,1,0
3c644cf87ec8c0e6313b3a10b6cfd66279b8093f,0.483725,0,1,0
fb7e1e265dd9e560b3a3127a6593b6602f60026c,0.49617532,0,1,0
1c9c43c1d4bb76d7e47cdfc9c6681a38305a95e4,0.4813171,0,1,0
18f181ada7826542725fa4a9460307d606695b5d,0.42825696,0,1,0
bb7e8951cb6ef08ca9df5fc036217c3a45c4d33c,0.20318265,0,1,0
e280c8636792c5426e54868d464c9d28287a98fb,0.25343543,0,1,0
54a7796ff234a9cbd2c66f8b1e5621f0898402f1,0.04860192,0,0,0
8e5867eda8328e4cb2e103d098d0c9f3c2fab50e,0.060667966,0,0,0
e42da5d9d21438c220768464b6a1f5b36bad92a5,0.4333388,0,0,0
c823ac5673e9da094a3b24b99987a533c548dac4,0.45563626,0,0,0
7573e9eec065ac1ccc2134aa751a191da3ca3dff,0.34611395,0,0,0
1cdc902f3d7cf877b4db7a31f19eb1dfd2fade3e,0.50008667,1,0,0
e9ea52189a92f7e2ab051e4d75c4e0c872034b18,0.43722346,0,0,0
ab0a2f761f4529daa0a1e7128ffb8ae417a0104d,0.45277384,0,0,0
7ebbaea90e8002f5542e22bbe92075ffb5383d2a,0.4603412,0,0,0
721730b00b1dc2ea616a3e7958e4ad15134de975,0.39836884,0,0,0
05aae985d9d0e26cf278cdd6f69672ebe3f8ed92,0.33526614,0,0,0
f7222ca6c3b6c1018a52fd649029394e6608f1db,0.41911858,0,0,0
b285f17023da248bdcb3093283e4b9e930bdd09c,0.1696686,0,0,0
af858a6ca224946195b1923a780678b20cb99603,0.52507675,1,0,0
fa027a4685bacd9e32b3bc7d875717b4457f6829,0.13388123,0,0,0
edf56632b8a5413f5e0adfe2d1b65e595b88a1d0,0.3823744,0,0,0
58693fbcb3236a9adb0f47088d88ee3ef7178cb4,0.09546677,0,0,0
91291520cfd5f6c2c91fc242018860c5d1d277e4,0.2350172,0,0,0
7bbba6995a12412cd7cbe1ca693057c5299ab4cb,0.07248465,0,0,0
ea030e732e3556a2a4fa51bcaabc080927ddfa48,0.54067487,1,0,0
310008f48c0a830138d35b3024106560d55b6bd2,0.40222636,0,0,0
ca22dac3f852c7290f60c3c3a5d66fbecfba91f4,0.12795176,0,0,0
bcba29320f5f6f860335266d6be8249418ceaedb,0.13172251,0,0,0
9dc30fddc109504fc80fb62e33554d54cca47faf,0.27750072,0,0,0
764f56955d499fae11db1aed6e7f0d2d0886e6f9,0.29103577,0,0,0
2933e5773b1d64a9348024b2a6e8dc6dc90e6590,0.3915222,0,0,0
0fa8bcc008b6a011d6fe41e64ea4379d0b57f20b,0.06370414,0,0,0
7897aa6a83a5e63da487e72c2735fb042259f6e4,0.5436339,1,0,0
3b501993588d27d91ad526a436e3a10ecc8d6e8b,0.2751052,0,0,0
b353d07bcca9fb62ac387d69d3e99004e27f14c0,0.58259904,1,0,0
6b43922648fe2dfcb4cb1aaaf5d795f00a6aa174,0.31692883,0,0,0
b268dfbb824ef307862e489aef7e71bba4cdcac5,0.26942185,0,0,0
b957ee1646d893fd946a8b9a53c779957ae7a240,0.3292316,0,0,0
996c0c164a083c3dc2fbf2768750e3b3a81d77e0,0.042946115,0,0,0
12ddf37f23cd77903729b3e611ffae10e96ded47,0.46758357,0,0,0
7e6304ce63da6c6341cb072abfd08caf0456328e,0.40686345,0,0,0
b9b73fbef5c0f18aaef22ef60442518d7f23ec83,0.40989637,0,0,0
675d4c8fc848ec5438e48deb2e8218b6f0078814,0.06582891,0,0,0
dc666f419e691e6a04342bdd9cf2e899455a8738,0.34898046,0,0,0
9bab875f03ffea0aacd1d92fbbecc96d491c1201,0.13387719,0,0,0
8d3d915dbd0ccf716f0d15b6b2396cff214d9cd3,0.38237324,0,0,0
326beb22c6aa872cbc0ad3706cfbe706bf9eab41,0.043400057,0,0,0
ad882055edb50369bd174ae56a372838aa89cdae,0.42482468,0,0,0
a7363a2ae67b585790896de45f57154474480fc9,0.16499886,0,0,0
2bc9e7ea86a8cc1c3b2436c46115c87080228004,0.43435356,0,0,0
76f154179b8dc6940355d7fe7db468314ca39e84,0.08487756,0,0,0
4080feff61e8dc1cd4af2361990c33c9f1014147,0.2758949,0,0,0
97accb47de63ee5063eda23641c6017e29ab81d7,0.4571559,0,0,0
cde43197f980538e411d851735ac7a63ddd613e1,0.43992427,0,0,0
0dec6e76fb544fa3e8bf5fd17f16314735971dd7,0.030233646,0,0,0
f820d06fc0d1204b0cb386214ffeb42ccec669ec,0.18507178,0,0,0
566c4d59a177be4b65d17540576eeb34d28d24ce,0.39478686,0,0,0
a516976947341e0e18bcc0858d85d34cd0c02cdb,0.265343,0,0,0
7200c43dea3dbfbd9d38b937c44b6e71744b05c5,0.23673221,0,0,0
596ccd59a11ad5e9fda19ccd0f4fc714d8d3394d,0.04133736,0,0,0
301ad592142079d36f4d33f5309c103c7f4f5dfb,0.33420563,0,0,0
f8a8ea748a0b3015490ccecec7b97f0ab2daf9c4,0.035015173,0,0,0
8aec465b44dedb7deacf80111ea5286914093094,0.29737303,0,0,0
34f3f4196084768b2ef6b3db4608d8eccec50364,0.22187689,0,0,0
c53f2106109153eda10c47a6960a5a579d1530b8,0.24381445,0,0,0
17f52a2e559e68d5c6ccc98fcebb5523161fd0ed,0.28311646,0,0,0
fd7a4362caf2cd69368a38f2f71ffe19706e341c,0.4423676,0,0,0
753f278d10fc0c92e912965379401ac182644101,0.100589566,0,0,0
491786ce4182daa57ea61deaf701f756f57f6f1e,0.39763296,0,0,0
de73ad3115c19d5f0771754d233d74055a2a10bc,0.062357113,0,0,0
d5f586bd4e1a20fc09a33aaa5c2b9320f4a2aa72,0.38648012,0,0,0
8d4fd1dabbae4d7ebc2b273af9275ef8bd0e1ce1,0.20674469,0,0,0
6e5eedb3fcebc5894c41733bd26c8b4d9197873b,0.2572885,0,0,0
3b7d0b95466139a147fc504b7c18897dcc826c65,0.28866458,0,0,0
6a82f92584b36e28798479c82c0d3263c6347b90,0.34735185,0,0,0
b8e9475505fee98aae2819c03a33c7aa3db843d3,0.278286,0,0,0
a14acdf6395f588dda7597bb4c7810dacaa503d2,0.262481,0,0,0
85a20aad64be04127106f492e26f6ad6d6c228c8,0.40847048,0,0,0
1325e114108136eea3fe77a4a270a2da7eff98e2,0.07918522,0,0,0
bae46709ecb13f80aaad0d279b3618ab83d09275,0.05005586,0,0,0
dc5f850d1d9b0b952b7f0dabd6778cf0f7675cba,0.22599132,0,0,0
b4abfb93676fb0abbab1d9bac40ba2714a3872f5,0.08253997,0,0,0
9a9e7268162f9fed146c74a8acbd234d9bc2ed84,0.119244635,0,0,0
b262c2359c9ed53dae3ce2ce7a0092273f4eec65,0.1700041,0,0,0
c30b59103b6f1390b0040ee74b985248e8b1b849,0.24835531,0,0,0
0f36265123605cac6af05b7b8c8f4036b58f4da4,0.2799477,0,0,0
cb177b56b7664ab323558545737646896f4d7e70,0.24312173,0,0,0
15bdcc3be2b84f68ddcd822da52ef045ed89e57b,0.30359784,0,0,0
6a8ba1fecb47e5ffd5387654d0cdb7c372ccdc9d,0.07687288,0,0,0
75efbfd6b21ab36fdbc440bc001c133f824bdc3e,0.31712446,0,0,0
f7e42d2ccf949a5893a439227c8c6bafd2598f26,0.45299488,0,0,0
c7fcb448c99ae5fe9db9b217bea1233df3ee6e57,0.22132568,0,0,0
d0721feadc1e0cae6efa3e0d82f523debc5b8d97,0.29094288,0,0,0
5f47ad718e0ffcbbe6cd2f8d32b2e345c4af3a48,0.29362956,0,0,0
745d383af12137ccbcbe1f3cb4c9db73f87a66ca,0.08212296,0,0,0
d746a54c2ee50711283bb49e557f58ca491e1bac,0.07533392,0,0,0
a56d4998cf16ff08f5593fb7d4dda66ca05dc269,0.12905459,0,0,0
03e65c98da2a0b2e27b14713543c2a61d56b1237,0.066620745,0,0,0
0d3545e5f68d024cd4a05724a15746d8dad986d2,0.28021237,0,0,0
6b1b592887d9ce95fb5af1e216bff56b18c7902c,0.28421596,0,0,0
ccd0fd51a5712ef1d85110eb61130c906fe4db13,0.3689526,0,0,0
d98897b11e6f4adf1d0a91591b1bb6be501cd29e,0.38381025,0,0,0
4e08e17ec536038c9c0dd888f77b912cae82816c,0.07038427,0,0,0
86eb3a2fa74988e4ccf3aae7f4b77edb84555320,0.052549444,0,0,0
45df5da2640f8f097915b8a2a0249ef0f6cf514e,0.3380431,0,0,0
76b7413d2b1eb2dc22f05de5b76f9519be5142e0,0.34509492,0,0,0
bfb3cf8bba6aab198c4644e236bbc9f3807111d0,0.2652906,0,0,0
093e3bb2e3cd9992f3f0d14373d406bb9b2ed36e,0.37291798,0,0,0
c440f668aca99266b5379235f6d99d378630c938,0.43798265,0,0,0
a1c5a582760c7f65572d0883fbcedc843332d7eb,0.35011184,0,0,0
0a499402d707bc8cf775d7f9b3840780a7401f7d,0.06650352,0,0,0
8e4e5221515f820108f48396a18ceaed73de8dc1,0.21223277,0,0,0
3a4e18ddf151a624eb5c3596ce8400ca4679ef97,0.36117983,0,0,0
8ed40d530295d819e0ca964b2d4542f6ca6a9929,0.24786232,0,0,0
a6abb8b00355db97486ab5023305c3f4e9e19ad3,0.04873953,0,0,0
b494caa01985c623601735f1bc10871cfb8aa048,0.1791535,0,0,0
5597ed7ea300ae3d08cd893b0133bce26038a7df,0.057760593,0,0,0
002276ea313fd880122502e9840b43f996acd537,0.06412839,0,0,0
bd5afc0b5a977c168cf046e3244477b48fa72c5d,0.39308056,0,0,0
b313ae68888445f4c08521bbc8d19f39310c6890,0.22980016,0,0,0
a675ca7802065f459a96bdbd593d8dc491180cbf,0.43849164,0,0,0
8be87e032a8c05622148357f30bdca3c614a669f,0.3495589,0,0,0
96eb80efe1da48f37846aa899260aa0c84b15944,0.041998617,0,0,0
75c2b24c681e314c4e4e07243b31430ba4e42723,0.4436402,0,0,0
276e22858cdd56f5725e0c2f7a3522df99967973,0.20493312,0,0,0
471e6b078a7891aea99b77f200e828a7b1c9bc00,0.07127253,0,0,0
6d7ee38ceed6b496d70502e276f80be6de618014,0.09615456,0,0,0
5cfd99f0dcd0d10689e480f0854e859079f125d0,0.055270854,0,0,0
ed6c47dd9ebbb2e38fb3e17a2b961f0fcf0e6df3,0.042611703,0,0,0
1fe7a43505aa9d00bd9dde45aee77935a5147561,0.4820462,0,0,0
387880a630c65b955a3329a2f7b987214c41f6da,0.2552047,0,0,0
cf4416a84203ff9d360d4398da3b166e6d0c72b9,0.25706655,0,0,0
a7fe613853516f0abde34821996a0424882bb919,0.1359425,0,0,0
7a8a7783315917b56b6a71c4f28cec4ed1d91a7f,0.42801955,0,0,0
9c545d44a4a703c88d417a6fa43298a80ee67735,0.3673398,0,0,0
4f73871cf40b6dd05c8872d39246c67f798ed915,0.33503324,0,0,0
41f297809965523fcd021bef20b304b3584d9b4f,0.15764308,0,0,0
03178c8b15f1b522b98ded0f83cfb0e79f5ec4d3,0.060562912,0,0,0
f70741c9b216d3836d047c542847920d4778cf9d,0.046434253,0,0,0
5ca0a1c3564d35293a5ecf03e5f32e6f0f6f445c,0.40338522,0,0,0
4c4b3e2e32ddae35e4c1a6ffce1cd2b2eafa958b,0.067950666,0,0,0
72a46babeb0da02071e47425ebd55da915b98178,0.42627457,0,0,0
9c51e5316babbd370bc32aed0fee134216726ec9,0.48185235,0,0,0
392323e2d44bacdac605c1a4f037f06e21dcc239,0.4032298,0,0,0
10dc13c80752b0489d291b54440212ca54c59fee,0.48006567,0,0,0
7b9df59a96adfce979c8c564dc5eaa6a29b7f25f,0.3789651,0,0,0
818533e92bfb1c142ae4ce5be18ab92d1ae17025,0.060082693,0,0,0
47fa07eade06908ded4206651571e71a2fe684a6,0.4335395,0,0,0
46e97d9e04591e8198ff38bd2949fd5514da0d3e,0.047234744,0,0,0
08cc26e70bf145aca293d55fce12aef835263f53,0.29120913,0,0,0
6c21bdb4a107b49e57c9e5d6598d13ce6f85fc5d,0.06001666,0,0,0
18a027b1f04e420c18ae57aebe8fd031b5ff251c,0.04345099,0,0,0
82b84c0fe9054198099752a66575cec0c47524c8,0.24071518,0,0,0
b10b90b0a3947bea98e3646e7d29f853f3b5c6f7,0.24167898,0,0,0
8c141a1705808491f16a27b53e1ff0db0a2807fd,0.116728194,0,0,0
40f969bc9e162deead55967da3c128e2da933dfc,0.14386947,0,0,0
f348d34fb1ef3c968e2981283618aa85db203901,0.04582115,0,0,0
999761ba1bc5da820a1d2527c4aae29d95a7013a,0.34140742,0,0,0
ce131449a4ca0b06c6bb27ee5d8d6d89b1467bbd,0.58914167,1,0,0
924e1e9064f90d958b4f57e9c9c0c543bd19dcfb,0.4734017,0,0,0
f36090e3141cd3cd6fd58f1f46a30af2582559be,0.47131428,0,0,0
6fe2094e30107512e470571bceac91cbedbd21d0,0.26699978,0,0,0
fb0078159d2463da149de54018fca79a9447153e,0.12951437,0,0,0
73351b6adbf403600521505bef288057beb2bdde,0.4162647,0,0,0
079a07fe18f654632b80b274f247775582261e5a,0.39108694,0,0,0
4158323ee456bd412e7357a4a6bc8bf50deb5d9e,0.12313216,0,0,0
2fd6c8fa1e392f985ee860d8ee154a612ddde569,0.4289347,0,0,0
66d0a9a0a00dbb259425f17745f7dddd7e676f71,0.26591545,0,0,0
e14d9ce8e3c57b7352a647c0a8e62eeb88ebfba4,0.21859542,0,0,0
9e0c5ad4b3148f42f3940faf7d67b305e34bef0d,0.07166335,0,0,0
fa1aa44c7623fb2142e588c59eaf56db7bc237eb,0.05679756,0,0,0
8fdda846c4653b6ccd49c47a9586c374bb20a255,0.36931852,0,0,0
a94ff90ab6cd2d92ccb2eb1fd7913b4e5256f02b,0.1125204,0,0,0
268bcd622685b28c2d50bcbce64ac38f7e90390b,0.37171242,0,0,0
09e31a01b51d7418fa0034ecd4cc11848436fc18,0.32291174,0,0,0
487ac1980148522d628e1d2aab50b107c372798b,0.3645991,0,0,0
34646ec9b52192a71e52ffc09cf7fefdd506c48c,0.21469226,0,0,0
7afc1c34fc16ec04f82105f9106b7d1e5232c4d0,0.24981165,0,0,0
00439211981af7b5baed495f526ef8ad76ee7c5b,0.075288795,0,0,0
1d635088f697178660b6e1c9a89d2b7d3bbe2d29,0.15153646,0,0,0
a4a62ed7c1e3c7aae09324f0ad1c6078f0fba471,0.07358725,0,0,0
b3a68ca842841c4b9713462d5f01742cf71a6b4a,0.038478594,0,0,0
2d868410eead061d59de524bada4de9e3d2bb442,0.054327335,0,0,0
813aa11d505b9507b6795d36070806cb2d96e5c2,0.43395194,0,0,0
88b29fa46bcf6f56df4213e1ba7810735a28d755,0.5070781,1,0,0
eca374db08ffbb3dd8de746632fbd74acb8f2c92,0.2800356,0,0,0
2ab17f529d07c1f618ea08d968b2fdf3a382a792,0.19822787,0,0,0
9a87c766bb3137a50656871e5dee5a309543bc7d,0.35869747,0,0,0
9ce4e1a371418e5eacc69227885815f9a4221c65,0.4067001,0,0,0
c7f7da754a911302dcaa6935be6fded84e1ac348,0.42868212,0,0,0
4cbb388ba9099be121f81d75000acc3af93bf993,0.14149065,0,0,0
87497c72460c9c58f829a372d741b386fc2ac8f8,0.13223553,0,0,0
921d0d60d40d8fbda29f14a64e848c70026ea32e,0.18492521,0,0,0
f9e72000a17eb9d524b38a9f2c982c037dd94891,0.41289428,0,0,0
e34f50dd1083fa8ed9fe25fe701b64bd2ea7efc0,0.25414202,0,0,0
581b474f4b194731eb9cb22cdde7330a1ec81c3b,0.41000393,0,0,0
e0d17fed51f5018fc34578699d824c20efc44368,0.3887015,0,0,0
4fc5b3402c58d6a4b317bf23b896ea91d22af6fe,0.41136733,0,0,0
d8e2f892e48423fda73204be3ec239d282e71c65,0.41456538,0,0,0
8d6d088622f8e4ea89e66ccbe097510fb4c932fd,0.23585284,0,0,0
f0943a7242041a16c8f7fca845592e48bb19ac74,0.36666068,0,0,0
d1123894d33922e7c8ca838f9dac9bdceefa3f7a,0.37425748,0,0,0
fb83ba3fdb46537a36832a900f124d4c400f7ed9,0.42293766,0,0,0
e779883b29a67d411493f985de984ffb8088ca05,0.3013435,0,0,0
a71c820baeb91025eaa7f07b172a39500c6f5692,0.32596147,0,0,0
a4eff51bedd73a0ea56afc23b1021187dd03561b,0.35911557,0,0,0
8f6bedeb724fa78583c26423aaece05cfddc04c9,0.36424413,0,0,0
fdc116f0bcda6d1fffbbe505d0687b0406e92fa6,0.35043475,0,0,0
66608db56c41e91ee34fdc1e6157d69b69893fad,0.059192035,0,0,0
5366158572bd88f18df7883ab823ea62b7701d77,0.2487942,0,0,0
2df0a3be66f6fa1067d976d7a05500beff7eda53,0.05508735,0,0,0
e0b2c86c8754312d1e89307fbf84e6efbfa9fe0b,0.46192104,0,0,0
050dfa6f0850174fdf958ce6751d2f06900201f8,0.29008463,0,0,0
7530b4bdceef0ef37af252f0b97978554fb9b99f,0.35222343,0,0,0
a6eda3d8eff423ecb4901aa07339364732c02ddf,0.42791498,0,0,0
a5035d0e1cde068320984d789473e1140adefdc0,0.48255134,0,0,0
dff43a0530a6fbd524e3af24795cf6b92142735c,0.42421213,0,0,0
1d5f8faa87a410fdd1141ad82f270ac238293770,0.35630023,0,0,0
82f4ce516c18ef5fb3096f6a90455fce90a5b290,0.0696072,0,0,0
228b49fe2afea3376c4f30f80bdeb70d083a9206,0.3692104,0,0,0
adfa016f3ef7ff262643e0f0a5a54d3ddb7d7e1d,0.4788108,0,0,0
f72b5e65c0c5210cc0be585959ae84fdbc87aced,0.512044,1,0,0
26d668f6d5a2f202ef7ff6a73ff3cbd7bbdf4b06,0.3885423,0,0,0
808149305ba26224917e29aa0c0089701bd91936,0.072259456,0,0,0
55fd738c86ea1796d5152d818ab4b5060bb11803,0.368616,0,0,0
7a8dc00b8be18a9271e2d9c2444ba91077ffafa5,0.03692626,0,0,0
34515698878ff0a4641e72486f0ae8a7e30df0d5,0.46482867,0,0,0
96f2b16b3efb93580e6aeaf1da97d9dffd5e260b,0.32010263,0,0,0
b577805347d56f1927615fad311868a3537a9cb6,0.39650226,0,0,0
e366894658914c0f2fb41cac003392b0dfa6e4b7,0.44426852,0,0,0
3411f29e2377788cdaa5a4eeaddc53355f085a78,0.04727391,0,0,0
880b04814c564ea7a1bb8fe97c15b4735c67e8e9,0.31440073,0,0,0
8ef033be5c92a895139b4f910af5a7048f340cc7,0.031391967,0,0,0
350c477161a0d1df94efa02109ae07e6acbc527e,0.39938676,0,0,0
0880a21c56cec1a2442b5123c3845bfc99e83a7f,0.10741521,0,0,0
84143c462986417ccfc5e8c05481e983cf668e2c,0.0495102,0,0,0
f16d5b1722eb55c2d55eb623999f16799b088b98,0.43514207,0,0,0
ac37165ed7a22cbdeccfe348b10245dc83b414b1,0.5334068,1,0,0
d9ae4e2601d4c0744bbc275b6b4f503477b789ea,0.044022717,0,0,0
7c1a59fa7ab58f5f7cdc124ff2667cc501570a4f,0.32366148,0,0,0
93d35c8f291b8953f8460c0eb02a51cc6d6cac22,0.16337211,0,0,0
b77184a2189c8f91100d148354d1fdf38e83d13f,0.16376168,0,0,0
f81e0465460ff9abd450eda836bbb4f9b13837c7,0.43734848,0,0,0
6fc152e4177e0482450b13eb7fe496de677ce5b6,0.38679942,0,0,0
0c9af5f450ce73da9b791051f861cb9a6420e0f1,0.44479147,0,0,0
11409e628b0461be3c268f81642ce36bc4b0bf84,0.433456,0,0,0
63a9488f2910434851e98a8fc0ec8c053b24083b,0.05739135,0,0,0
d70736425701b66bd64ad3aab3941bb930a18b66,0.04261654,0,0,0
7331773448c1f2e0b24deae4144db0deec85fc07,0.32518658,0,0,0
11a7e62a898e54d66936d1b8b67cb5e62578ba98,0.38903248,0,0,0
0484bdb3f61d309ff62da4df4be92cf139d19f6b,0.4621131,0,0,0
f9f632e7056cd9d2b3c88bad50fe0597610e2eca,0.38764706,0,0,0
a3fae474e5cf5084c89835fce1950991aa678a41,0.2997565,0,0,0
f3108e2771083bfcf02c9c67ebd70a3ac0ddfca8,0.3315188,0,0,0
521b9b3385d73239b96ab209cb34ceb5c1c1400a,0.31969544,0,0,0
d7a1666f9a89d9a517f5fbaf283e711046fd054e,0.28897804,0,0,0
022a020bde5afba4f2e9b6753c199386e79d7825,0.31784034,0,0,0
1b5aef881bb3acdcde5d9fcbb6e43ceed6db145d,0.28727812,0,0,0
0caba0845d4363025e619eb3db6f3138b2c3d394,0.44070843,0,0,0
8e71711c1caaa404d84ec6682f1b7b266064c2e9,0.3866151,0,0,0
363be2fea66f861d7ec4f893a05901fa0c7ecf92,0.5624869,1,0,0
412a8a0ba61c84d71c0cc740ba7e50c10f3bf9ae,0.06485069,0,0,0
03380256795725c7d17db97d882a4c4da3b76b8d,0.34464833,0,0,0
653b46857a4a48252bfb094e39ee9937b2079fa2,0.2577341,0,0,0
748cb609306ee5a046a952a0ca13974ef0b6e770,0.44884112,0,0,0
0f9ce497b0c6841e3aca845336ad095012c41da7,0.3770815,0,0,0
36ee52223387eed452c266490a25b4c62f49abc0,0.42576554,0,0,0
a8c6d43b5a61d8da784f0ac188d40b88a15dad50,0.18644188,0,0,0
8fe2360920a8228c10cd59ba0978df701174c961,0.38376206,0,0,0
a3677db89ef3863e8ac7cf578df499f85d970b76,0.057604603,0,0,0
64c51505a82baf8260a34c7e83652ae3014009e4,0.32595506,0,0,0
ccba0cfc3f1b81dbaffa5153aeb84d48cd7630ff,0.21255416,0,0,0
e7c42ed0fb83faa2b57184cb72f6d9e8b621ccd5,0.25705504,0,0,0
633de29fedf11544f2c3d5052890cb014e612bd5,0.28675818,0,0,0
362ab2bc41697980391c4a61c23cb3ef6bce740c,0.3407774,0,0,0
fc9d93db68a3c33e5ead8c7ecb187fdf0f06cc4f,0.41395628,0,0,0
66a775c9feb7dcf00c28a16b7a365af4372886f8,0.40017363,0,0,0
a6a48cfd370b226955a531e678016db414ebeed9,0.29820418,0,0,0
dccc1255413adc1a212dbe3bf40accb70ccd44ef,0.4019185,0,0,0
83b70a377f79ba90f846b3a720e6c402c63bccc5,0.0702065,0,0,0
819318486d9cfb430749ee33d3c5c4ec4417babc,0.07219988,0,0,0
827d9644c864336fa84f15744375ba7412da047c,0.09749977,0,0,0
af6bbeefbf197f50d194c7f20419c2a4590ad630,0.39595583,0,0,0
ae8f5f04574be75727f5e948e04bc649cbdbbb3b,0.13633665,0,0,0
b9cd3558133ae9f26aec73e0bda3a8f635d137f7,0.13611048,0,0,0
f672e826f51824582273fa1f5b6ec37aa5fdb2fd,0.1460539,0,0,0
72df12fb2ba453afb57cf185d25c502d4daec6d1,0.39950287,0,0,0
7b42d43fa0827557f51cb4111c89fb2a78512c68,0.43032175,0,0,0
af1b5872ab8355acea3197522ddf94972b3c8386,0.06828074,0,0,0
5c753a87c328678f16bf89e0178448f04194f0b4,0.118708156,0,0,0
0956e2d2338531a96f2ff7d4ab405acc1b18421e,0.113285445,0,0,0
6563275706015b000cc5bf14be7fa9322964bf49,0.12984203,0,0,0
e9e76131f35c112046b9f184816683beab605e9c,0.06362282,0,0,0
843267df5a0b44145d5b9ee9153d17aa5e15cce1,0.04670594,0,0,0
cd64fa339a97300c64dfc434483e478a58f507a8,0.22962508,0,0,0
b0b23c179ac55334f760aa29fce262c73a909268,0.069772005,0,0,0
dff1a0953d97d46290750a46d01be1e1519ae698,0.32710078,0,0,0
35e0ba449325e759e04203fcaa71920cf473baef,0.048534732,0,0,0
e508ad09d79302d3cc6b86077d4a6ddb0679a0f5,0.4269759,0,0,0
a27ca511a591caf813c26862a888e90e54af19a9,0.20223123,0,0,0
9be91f380c209f895da36d13c40b99687bb4c8c1,0.43615946,0,0,0
09c55eb8120da36aef1807628f87bde83749428b,0.4094958,0,0,0
05edf06360cc8a1a61fbd1ce5f9abf5d83f9d3f9,0.40030196,0,0,0
9df5e9419d83c11b4a2c3421c5ff7ea1f544366b,0.040713254,0,0,0
ed1ce82d822ffe185875b7b7d38352f20171c096,0.068312146,0,0,0
10e38114032cb4c585b29e946e1d70e05d52a878,0.04286849,0,0,0
d71ead41fb685431dad02d4bb7cb5675e196b8f2,0.42291394,0,0,0
e7b4025ee0b6152f9bbf7a72a317f977402a27f7,0.2059684,0,0,0
0f3648f749b7b67c2c61282297569657ea6220dd,0.035758276,0,0,0
bf915848967a6e35839e5565e98c716079980e18,0.2313578,0,0,0
7f74708201c2ab9f5d1f83c7052487116b8f7114,0.49075547,0,0,0
97dc91d1545a667b4021b6507d927799e53964da,0.25314978,0,0,0
d9979fa97865b7a57b9da975efb6e6c4d80b0cc8,0.2348395,0,0,0
6f27b4ae8f8ecb62698e760ab7df3973874b1f51,0.07577891,0,0,0
67ef6efb61f3c07e1359e083bbac5d90953cfe43,0.3847587,0,0,0
1b53f09c3a9dcd64dd281c1955b062fc28999366,0.2694856,0,0,0
34adc606601cb578486d4a019b4655c5aff607b5,0.17295532,0,0,0
b05bd69cdd841c02a3b645568ee5478fdbfc07d1,0.42115054,0,0,0
e1f30a1c32eb292e51db274adbe2fd6ed09b555b,0.39795277,0,0,0
bd82fe9fc034e7921eb589420bb4b86dc767a11e,0.04274946,0,0,0
13e0ba5aff3fe14eb0e1d748cad4b9f99e681ca0,0.33853182,0,0,0
3b7deb943877b0c2d8627531959948c5d1e4d3ef,0.05337735,0,0,0
b657c914c0005b37e24c1cd74c5f4ce886147606,0.08143817,0,0,0
a61fde99657c1b9d11e8eaa682181ea59e65814b,0.34670025,0,0,0
29c067466ed78c3e7948fcb8f0d25b3d984a1a93,0.06578114,0,0,0
fd86d06ec5d3b009f3882dda7903e9913858ee14,0.04578019,0,0,0
a43b8d68b8b7e6d7f23977a7432880290e6c6933,0.31566963,0,0,0
31e4a6df19cf4a13f8f0e9048198ce7488ad2614,0.08063752,0,0,0
3c0c9d83e27e436f9d3646f177bcb0ac2fecbeab,0.36290938,0,0,0
db7a08583a5ebfab310efde6d0636f2e2fc108ad,0.22195481,0,0,0
015e3cd37d128e4ade9b2d49f74f3b4fc07d82f1,0.22145876,0,0,0
8dba68a38c8bdae91c15e4eab35cd83c427d8e71,0.23286694,0,0,0
bd15dc78c74bd9eede3419b70469511f196a3716,0.25359288,0,0,0
c3ff46e30397bc0355584c593d500d2564c1c515,0.44947144,0,0,0
b2d4b2ac3a738d97e23e53cd459d9c57ee8827c5,0.5222405,1,0,0
3e24c28e68e617735b25791b0bc3f67f31624ebf,0.2287204,0,0,0
b1a8299ad223c3b2552f6d03e51c2ecba5df46ed,0.31470156,0,0,0
4e931386569c0a28b7e47c52d199aa32b6ca32fe,0.037154224,0,0,0
ed98d264cff306f7326db096cddf65cb26ff5498,0.044565618,0,0,0
1f07a0bf70049cb0a2f6b52ea7c261da5adb1abb,0.42658386,0,0,0
60bcdd450d6950da981d70b8b08379bdd744c82d,0.41172627,0,0,0
74133837585f81d1c6434ce32f73fc8694d5f132,0.037573986,0,0,0
0e9f604e87a5b42b27abc13a9328846cadd640f4,0.037350096,0,0,0
53a0a9ff85666348a38054e335f5b4c5355a6419,0.03914538,0,0,0
73f3e2b3d6b3f4a7000187bb3e6a4d82b118d3b9,0.40656656,0,0,0
b295635a87da0c20e5e2495103d4877ef0187d4d,0.05745399,0,0,0
8f88dcfc902b5bc86a239756afffc9f3813d245e,0.06120069,0,0,0
815b269deec60ec69f4e5e5d555afe9b98c18cb9,0.32900345,0,1,0
2b0658c59d6285547a5c6de7ac71c7cb134ce975,0.3543715,0,1,0
364232f781d0cc91cd4b83012e1f49e62fa81190,0.5043975,1,1,0
e972869486f85c3424875a443eb04bda2eeb6bd3,0.5178415,1,1,0
780b2281d86cf89cf5dd717c1cf54bbd48783654,0.4443191,0,1,0
06c27b37ccbde70514e035a50ba0a6ee1ff94ea3,0.28848463,0,0,0
1d1c41945a50a740519131bfff4e1875de69dd6b,0.37554637,0,0,0
71e40d0b30fbef976da3595fef8736a4e1245466,0.3265733,0,0,0
f781fcaf0f19766f7c9105911613f86d22b2091a,0.32256958,0,0,0
cb8cf1574f99fc51c9e67b9456ea4d494fd4cf29,0.084379606,0,0,0
c63413182017e069393963d07570ec69f373ee1b,0.030682169,0,0,0
8bba18089a1acf29f9d2433efc229d5c851f42b1,0.3392914,0,0,0
f295b186fd8f6c619d34a8c69c6a1307f2276779,0.03565909,0,0,0
02c7974c113cc2a51d6741491080058470265899,0.28707474,0,0,0
027c193cf1c012cd5bae06446496136a582c180c,0.03447471,0,0,0
4a10030ee78ea8da944f6d52e3c671799d73b5d2,0.2643322,0,0,0
5166f3dd04980177e46293408d998087040d4c19,0.37617028,0,0,0
d37041ca62ea9eab6e777bffc15ddab49941217a,0.46260592,0,0,0
53e5e3fa8531bbb4d70523197215fd19b89c1a76,0.32135248,0,0,0
62e6242804e4167f5c476ae34acc784009a1af0f,0.30592653,0,0,0
324e8b4d43f0260b4857dafef46e8c5f349f633c,0.17939524,0,0,0
9fbc2a346b86872c397ff891d379115abe5846cf,0.04160533,0,0,0
c5a15b2b66b6b4f018589d8f60cc7acc71861822,0.043049585,0,0,0
ebf108170e9a6215176174d84313a0564ddde0c4,0.43500948,0,0,0
f1984c42b64788a0737c3bd43e4da95e015c19e8,0.045254547,0,0,0
904b790c41d6ec4629921befd1c5286e482fde57,0.03571892,0,0,0
c2abe862ecb7f980260a7b44d907fa116a6bbab9,0.03491527,0,0,0
19a56adb00295d528015045cacd443ff10f7bcb2,0.04784705,0,0,0
e2ea5359798ce8dc77d4b23b0f9b4df33b37f940,0.46168002,0,0,0
ce4385a413dc822f8849678608d0bbac2defbb81,0.031837568,0,0,0
c11215195bed3261d88486d0ad1644080afbb97b,0.05471468,0,0,0
7048667393bc4290f381312243d13688407b9350,0.030155765,0,0,0
b188b5ccc0f1f8702313eab62a5dcc164f817200,0.09483391,0,0,0
4efd950d4dd822f3e087db9830d09cfb3fdcb541,0.06851295,0,0,0
cff6e00097bf7dd97a5404080df3bf7e95813a1d,0.04998538,0,0,0
27214015c725619e0098e227fd29816d0891d4c5,0.03935941,0,0,0
f8fbfc9fdca4b5e9ba1a5608ca17e7b6feb18c3c,0.44734532,0,0,0
0733d7c2ba214415a8d2e4efba5c6e26b61d3291,0.27447698,0,0,0
d8cdd5eeffe9b63949129d09f6b0c7ad2d517e90,0.02692133,0,0,0
e2cf4811ba485b0bb29d7d80bc853666bfbfa958,0.032103572,0,0,0
580e0d1e26ab2a9275f01506f3af56fe8fc32988,0.045148466,0,0,0
3ba27e9f4a29be1922b3a19f9c6c5127f93027ab,0.040802445,0,0,0
8fb1341ad7c460286211f4f2a6be41bb5782653f,0.030026976,0,0,0
041507d3aaf718ae536f9ab66e4eeb4065cb339d,0.040716395,0,0,0
735b1b59862dc1b5f7e60549aa7c33dbcc4095b2,0.39071605,0,0,0
60595251eec5979e14540c6d00043e24905a7404,0.03312478,0,0,0
980366284db98e0515dc5e827aaf4f750699bc80,0.09489262,0,0,0
6c2dbf2885fb4602b8e42bd208ebef66df23329b,0.38555598,0,0,0
cb6ee2cbdeadad5d277a6e7293d88bb915090c4f,0.045888525,0,0,0
a00624cf27791193be74a610723a9a0b0980d23f,0.04800772,0,0,0
911d59f46d0dce2e07a93dc0ff705154f568b7ba,0.33656204,0,0,0
1aa543286acbcb3c23aebaba003fa024a54aabb2,0.23731863,0,0,0
f418eed3089d74caa11affaf947a40b774e9c8cb,0.31710958,0,0,0
a13691b5be40d31099d39f7c8f3ee9970ebc20fa,0.0883235,0,0,0
3e8b8aa06bb7742cd1643fad72d7739cda400010,0.22130851,0,0,0
a1db4c96f62eef05fff532b59300edeff3ef21f5,0.063670024,0,0,0
5321c7ff2ed082524bc319e44f0aedf7ed8960cf,0.28231817,0,0,0
9be73347bd09934dd0c99d32bce9c4e12fccf6ce,0.21928735,0,0,0
4362e02ed0404d12ca75ee3476d4a32f9f671811,0.04064171,0,0,0
d3f0ee5e0928122b41ee25e2b4ab09bdca5bd00e,0.41045937,0,0,0
f82b5b57840389fcfdc4f16cb75703361d6ea059,0.11900628,0,0,0
51d564f738b20621e4e14649bc1b15c929668e1a,0.24357438,0,0,0
5bd82306a8e44e2b9ff098f29ebf4c69c195b9ad,0.04477924,0,0,0
9959b3c5a777845aa19040a5a761814e483a6483,0.16982678,0,0,0
a0611b06f05e3c37c622f48a783836f89247c237,0.119106665,0,0,0
f02f2e54ac7d88a6b7ee620e45e1bba878c63a56,0.0532476,0,0,0
98d6d15235e046762f3b09294e896994f616627c,0.39507225,0,0,0
fca0e6ecf6012ee47fbc92fef4533320c1e3d849,0.41209778,0,0,0
db642a3c3ad93606d27d6e277b529da3a50057e6,0.23137581,0,0,0
1929834c27a931ab505f7a389d38fafd10331d8b,0.3362207,0,0,0
a5cb9a4b4a196bd2048cd21ed2fef175bc1181cf,0.39024055,0,0,0
c2f1b685abecfc11de76ffd0a28771f41b566782,0.03514232,0,0,0
30b6759387b4402987f6f4a6100fdc78e8bf755f,0.46836948,0,0,0
50b126dc0eb075a2193b670eb7ae2089896ba283,0.4904934,0,0,0
6b08874607dd51c9d8f600a96650a330cd9e6b95,0.041310247,0,0,0
c9685cd5e462926aa401fca7321ea23927492006,0.04951949,0,0,0
ce8d0f7a47f7caba8ab937389c59b68b20f6994a,0.17840669,0,0,0
98b8758e761caf659608f48fc5c9e9056f911050,0.043954726,0,0,0
95b2fe97c7f191e43b7fe11e8e027d87eb47f15e,0.02991074,0,0,0
79237dcd2bf537d56ff8d73f897cd639af7bf8f7,0.441978,0,0,0
181affd5c937755f54ff31ef056a6ec091e95f51,0.3911161,0,1,0
c334a1bca8338c92e76f0f1cf2ef4884e3eb5dbd,0.49017763,0,1,0
efa48b214d30537bb184884ea30ce817bb350153,0.48349717,0,1,0
b45c4bdb496381b5f90df6872edca12e0a2e68ca,0.5355495,1,1,0
f8489499aa6d460a7548b14d516638b0bd7b862b,0.4142934,0,1,0
76a2ac814caa194c46be1cf7a3f5dc129546b1c1,0.4090103,0,1,0
31fb4dfef212791f86f052ce8a3adeabaf830cf2,0.46654812,0,0,0
ccfca8f714055cd9fbd00cf7e847b880132cae69,0.3276434,0,0,0
a29815abf4f0e51b332a8af1b83ad344104c14d9,0.09532431,0,0,0
92e6d716069686583b852a6dcf12af986d6dc694,0.37150183,0,0,0
d105819a0e72765ff5ba4efa5622d727360ee2b8,0.28662124,0,0,0
3aa6f11785a2f1b3b09df328a02a2c28dfa0bb57,0.38316485,0,0,0
b7a82a918f0a595a96047f7eef2672fd95d5626c,0.32868078,0,0,0
52f3240d90f2397cd1850ab11674ba08a0ecb2a0,0.142107,0,0,0
d70fdbc40195077057a1edb14ccd16a26435d007,0.28351074,0,0,0
0751f97bf6677c3d55aa71542d572dc8fcb9e79a,0.17002766,0,0,0
e505e1fea57e0ab9f1d5edab92546d778a5f41e0,0.04297307,0,0,0
b4380f20059dc9e4ccfe2b709587e8069ac0fa34,0.36694527,0,0,0
32a9c6d42a3a48314d3f9fe2956bfc8bf49ac5d5,0.4037031,0,0,0
80417356f04c5ee1cd6f636e9b043db3f2de24f2,0.078382954,0,0,0
f48bca0510703b0673709b10a806a9d54894a999,0.32688767,0,0,0
f1b54876ab8893a5d9c0e3d7c1a9c884e683dc8a,0.1463748,0,0,0
c82f703768eb8a122546de23e412a037aa1770b2,0.056492895,0,0,0
36a02dc549f32433d7329444455dbb1be2e67f20,0.29026517,0,0,0
fa8957d7939b59e8d391fa17000b34e865de015d,0.33864442,0,0,0
5acc6a5502bffaa66be7e859849856de0ea27acb,0.26954925,0,0,0
b58789c5badc4f9680ec5724568af05a84670e22,0.3944051,0,0,0
9ee3a16179cb65f5fe4170257ab7cde558f1dbeb,0.38289467,0,0,0
4ed0bdf1c73fd82d3080d15085675de96d5be0aa,0.067232616,0,0,0
4950ad86a16e63fa26d51cd709e39666008c5fbc,0.0481985,0,0,0
b61362933f7a564d2ae0b7d6b9723f79f4948769,0.32080618,0,0,0
f28aa71041181867a720134e26b64b03cbccb6ec,0.14685781,0,0,0
720b988fd8d7a50fbe922e6c73a3681b1c566331,0.043584865,0,0,0
9d744f7136f23da9a5f9324432b300b5a68e3b39,0.31627315,0,0,0
98f54c158acb12a26fa6f335b1665accd2aed347,0.036678325,0,0,0
22c6d087012fd55bc65e578a27f2edb66f4d3808,0.31328008,0,0,0
890b387d713d04c22406db6d5a5fc9b51bec2df5,0.16804893,0,0,0
c7d56cffbb4668d0955ef00196e08f42f2efe363,0.38335767,0,0,0
7680fae14c9f544d0585a7b150004a1e48fff53a,0.30020806,0,0,0
136c5ffe80e558a87cde01baebf823b06e3cbe75,0.2866716,0,0,0
8769d0f2cc4b7555dc025b7c0e49a81346a1e2dd,0.39762503,0,0,0
4b5cda5a2c6ca613db5129d50ffffce2604ad9eb,0.35916653,0,0,0
2e62764c0c386632e87ee8d12d0505848df1015e,0.31097046,0,0,0
4590f14e97beb6d10ffb7b5dd312c632af155ed3,0.041573513,0,0,0
079bcd0339f30343c01c5fd3d5521be4b822d30f,0.032239214,0,0,0
29283b775291bf03cd9a7e1aaa496faaa5757578,0.45323795,0,0,0
89321a2dee438328e75a11954e972175c78f0a2a,0.27708876,0,0,0
1f3e72fa069536ae20f37b29575288ff65e66803,0.29897386,0,0,0
c7720ca4c232d317cfc800a04eda4a1d5a44a944,0.3847223,0,0,0
a747456bfe077da467ff036172968a37f3b1e893,0.44230226,0,0,0
2f2c8b1cc6e6e731f7bc52b0988ea8316f475004,0.34026802,0,0,0
013b445ede8d9e7aad4915859d0c869b9b712f8d,0.3699284,0,0,0
f4e754e66e3661274df624bc328991cd88dd03d6,0.32293576,0,0,0
741944332d5bd90112b610a8b5f2eeefe51e08bc,0.3545365,0,0,0
4c7d7523088373be3c7ff203ea895d5a6d84083e,0.3421542,0,0,0
f79c9365d0ee89cb407b90cc084eece8fcf9a8a2,0.18892354,0,0,0
8714dd031647be34d0d27f461894e7b194f25cd7,0.055640936,0,0,0
83406b73e70a251eec5daae34f1bd8d554cdddec,0.37449068,0,0,0
2f956f46580e5b4752173e885d37a20fe31a78d8,0.5257538,1,0,0
3f36b7b50bdda3eeca632ad5440bb82b8e34cb40,0.03870524,0,0,0
9962a0fd02fe2ef06765271605b06729af8b2e59,0.09781489,0,0,0
5294c64b342818e021800b38413f36f426e35b3c,0.049532983,0,0,0
5a45ae3b1deb5117cb9e9a13141eeab1e9ad3d71,0.433663,0,0,0
efafa61992658eab64c893e9eef49f545d75673c,0.19476452,0,0,0
630830476a6270e317e84229996a6bf92bd903ca,0.1889544,0,0,0
14097c64d243794610788d3ebb2e81ba8fd867c0,0.17147176,0,0,0
f2615d9a611db401cdedc022112c87ad938b5680,0.043307744,0,0,0
a24d624aaabc14a455d18450d9127f88d1b4f8be,0.34418523,0,0,0
49169033546d893dae3db903a2fa6af712f125c0,0.4317833,0,0,0
fa7588c4c0f8d403e4815fa72e3b8a3bc98d73ec,0.4085525,0,0,0
367fe13b46a0b4dda56b7f12273d6c9afb1da23f,0.048269194,0,0,0
368588b5c5c4140f39ea8b9a8ceb3d1af0708804,0.31949994,0,0,0
30ee10d2740fe1f28595989c6b21f22b75a147fc,0.36757484,0,0,0
af9fd052d1c208f191fbdf85873f965552465598,0.034853756,0,0,0
0a711ebcec7d32b66ab3c90b2a1f48681201e557,0.069536194,0,0,0
a4acf53336a482f50335d33b4f650a70c9243b7b,0.33296913,0,0,0
c26fa78817f30cc3eb91165b783e07fb80d80f59,0.058246836,0,0,0
944291b748bcfec4e2f3c17623884db7a17b9f21,0.41386423,0,0,0
c44f982e89b63a97190638cd12bd8bee2bafb883,0.39440534,0,0,0
fb46b941f7763314d667c437c06b1675e61c3d38,0.45473212,0,0,0
e9928c94ce1385ec72028336417f19f30ac38ac0,0.37793237,0,0,0
d4021487539b0f7758ec644f2e0d83df95c66bba,0.37987196,0,0,0
ac62c1c29f319a97a2552c39f32c8e6acd70c9e1,0.39694023,0,0,0
dc08bb8ea6cdf01188f6699559e779e6cc296287,0.36433956,0,0,0
82b8ecc3275d7c3578a6531ac3f1da3ffada9dcc,0.35558298,0,0,0
36ce032b612fc0a1156d28bca7327e06337c8815,0.070479065,0,0,0
2f22533ef41533e2b839a6b41b262dca59e6dbf9,0.38393497,0,0,0
39a3cd0f4210dbec1ae8ef39a87d34b76eac91a3,0.36097267,0,0,0
1f470253c46471033048383c027192e757480492,0.4392392,0,0,0
9c40a7bb3c9aca51d17490960c988dfb7b5acebb,0.23389634,0,0,0
7f8e952abc4d2fc4b96c97a51aa25fcf6ed8af02,0.42513555,0,0,0
bd0b5af025fab9cad8f94260138741c252f45fc8,0.37089825,0,0,0
e036d60d8a210d5ac28b2e5c51a45ceb82b58f09,0.42968452,0,0,0
626014eaf093fc2e3b53f5ad00c425bc209e1428,0.043600045,0,0,0
5c85b8dda5f3047732a17b818256b9289274d071,0.4351885,0,0,0
ea402becca436dc1a8e47ac9385a3db475b49355,0.36939782,0,0,0
255f10834a67cf13518316de0e2c8a345677ebbf,0.44417936,0,0,0
044de16c14076019f87763b7b58c45664ee57c11,0.10810827,0,0,0
e54ca615f213f5db6d34d9163c97eec98920d7a7,0.10765487,0,0,0
07a42d3ffd034e467e49b5c449d4f5f81c471cc5,0.11883768,0,0,0
e6da0f682436e1387ad68e86edf7418c0f7cb368,0.41952732,0,0,0
59ec4f018963eb55e32fafc2b924826c39c09682,0.4481934,0,0,0
ece4b70cce24b89483236b4cff079c10597d680a,0.2525706,0,0,0
09d28fe7995db1a4da2c651d362007d2082c663c,0.33526367,0,0,0
98c27699cbcf65c3d9d655ecbcd67adcd8b45b05,0.3891279,0,0,0
71cff7c5940b7101ff098601850d46b7a4698180,0.041162994,0,0,0
89e0607cf6470dda1a6a47b46abf37468df4e50f,0.0818723,0,0,0
6fb60857be1fed21bdacc4ce830bbf99103b6fdd,0.32346442,0,0,0
3634821fa515365618209f0452443728e7290fca,0.32468814,0,0,0
2fd62ee4d524c270764e9b91dca72e5cf1a005b7,0.05836966,0,0,0
a703ee75c40e0207f6831c4d48e1c7e62f160305,0.035830878,0,0,0
fd7cfed070c2aab60521afb7dcc633a0b7abea80,0.38330945,0,0,0
1de41ef4baeee1c95e245837299f8be265294445,0.11737401,0,0,0
9491d7a61681f7acc7103a6d1d45efe96f7981d2,0.3466663,0,0,0
2d3203b10cc8edf71a6e3e0822f0d742c9516aa3,0.377299,0,0,0
d55a572e5867832f6d5755fcd46101da51a38aa4,0.15280925,0,0,0
170cfa758547b4d9be50058ad93cf60ce0da5564,0.43192372,0,0,0
3783ca4476fec8186c867e4e57084e649c318c6b,0.045337778,0,0,0
4d996d1bac1bb1886cd9c473ba00e53e3c19cf3e,0.3533639,0,0,0
445cb9dc2f07553f8e1e5f7c1150f00fbb05c63f,0.4323125,0,0,0
ad80bfe559e7380fedd7998daea5f27393ab643b,0.3470185,0,0,0
3d2d4fd1588c8eb3f67f34d75b66967d0c7b06b6,0.41269642,0,0,0
d54fad867da7f762ac4c0d947adffdc1f8f356f1,0.35286966,0,0,0
12bbaf3550d56bc945b50f538b5f18af93bd316a,0.40755442,0,0,0
150c578edb161bdb2e8c039f0914984f570ef8f0,0.20137416,0,0,0
af977adc43a071a09652fea4ce3deba2d5b8d171,0.25392115,0,0,0
e021734b62ea5ac273e516b4ac83727cbb99ec08,0.040579263,0,0,0
b635beb6efc07a97c143775c78a32d42b3b73c8e,0.03721359,0,0,0
3fd2492fcce073f0c36e4d7e23e34881557e6e5e,0.3986117,0,0,0
a918c493296c88da94b36600213c7c188f2589b4,0.051660124,0,0,0
9181e1d536bafedcb3587ca30e5b6e2d66f06bf0,0.34827468,0,0,0
cc8bdf1d13639d12d02170d40cc4890180bbabc5,0.040917084,0,0,0
33ee5497490cbc97f3eabe9ef7a6391e4dbee8bc,0.096888475,0,0,0
dc61e510126aaa1a95a46fe39bf1529f394147e9,0.2256406,0,0,0
d320a457a9de67be25a03f79e1695d549a0145f3,0.14374752,0,0,0
94ae6c84d22ed33e158b3cc822ca4a0484c829c9,0.03470831,0,0,0
e9e36cdc44a68662885e35773187cca00d20239e,0.036548767,0,0,0
7d4041d827aed7d9f3eb14310b824a2faa96b8b4,0.504715,1,1,0
6f5f99440e7117ee3bb6407e06745fff14bb2a4d,0.33592266,0,1,0
3eb4be60cf00c20e46b75fb72366dd0649700c2f,0.4874491,0,1,0
edbd9842cfca892b10c2e9c8da0384fe005cd67a,0.32015464,0,1,0
bc8e23808b9d8d0c9b67270ef35d04ebd9d89cc8,0.51552224,1,1,0
635e41ea181c5fee8860a7044c84ae3557b51189,0.57727474,1,1,0
c4ddbe6456c9631c301171098a8ac016eb4e582c,0.5795182,1,1,0
63f1d6b83bc10a2880f5ec17a172fab284d2eff5,0.51158226,1,1,0
10e18ae9b47dfe04573884739823d64825105694,0.483941,0,1,0
d3252a5ca5571e0a97e9a31966ec6b847a3a8574,0.39825985,0,1,0
86c76dd5ea04d1881a52d79113d6dbb1d57c38a6,0.4698702,0,1,0
73a8fba6fb23af45ee77f52f33bb8d791a9caa05,0.46478856,0,1,0
e8db7237a9c347d2225fce9b49ff92bb741adffa,0.375503,0,1,0
7af67bdd16a4f103bbe6334c5a865436c900adfe,0.31031728,0,1,0
71d7c3264239c55b6e2daf89c44c5685085f26dd,0.39391944,0,1,0
958029bdd45c3e341eb146031ed38b4487d7b0b7,0.28195742,0,1,0
5556026ed1dc17e70946a4a030842ade3a33baeb,0.34078002,0,1,0
3c92830ec51fb6b6e9a7ca2fb8fda324cd33e48a,0.51679635,1,1,0
0fe9685c8a78ba2d780a3ec1e1a323990dc6d218,0.5175563,1,1,0
bd7788b384a87024ddd6bbe6a9bd9a167cf2ec12,0.28845888,0,1,0
dfecbe970917754511a081f8b86efac211e624f6,0.4534317,0,1,0
ef51b068aef14fa347710497cfb67aa9c6e65c0d,0.29594803,0,0,0
173c162a45b4be6fcbf7a30c44d1953062a25086,0.29604012,0,0,0
c4c03a33c8b8b94eaf75d368473bdd10a21cd0df,0.26911908,0,0,0
2fefdc7dc3c9afbbe534ff69db5a754be0716b11,0.39086467,0,0,0
f525bc3ccd9cfb69603bd9778998263a458415d0,0.34181774,0,0,0
9072a7615a54d5e753cf088326d9e14f1a5a6751,0.3164485,0,0,0
11491d355da8a851d6badb6348b10d8c4acc9d8e,0.30901086,0,0,0
2bc2ffde1f4752e7a8c7ea0a51c559faae194786,0.30345827,0,0,0
35f1cc00274122c0274b522d0b544a06faaba931,0.43565652,0,0,0
98817e88f04cc6757c42ae52d653b63cb85af486,0.052430168,0,0,0
83775c432382b9c0367362491d0dc515bf0e131c,0.2724476,0,0,0
a498b87dbcaa0a61c6088d7156258a3cb06638cb,0.039802782,0,0,0
34558845e3777afdc1bf90ebbcb2017ca17aea86,0.112046555,0,0,0
59985b43f0868d9a4a588d9ca1debd03108f8cd9,0.3428092,0,0,0
8ea1aa1e7cc427c28a89878fd2dfcb110c992b20,0.32919353,0,0,0
d4c7f63054e584b69024664bc2f221faf9863519,0.03958415,0,0,0
20c733229df741e57b8ac205788ece2d563b2f3d,0.4190609,0,0,0
3051264e1bc1d41a29c9dae7935c090568f64af4,0.053257957,0,0,0
db0f2304bd7c3ced65cbdfe9e17e80fe0774c13c,0.23769607,0,0,0
2f67045b9647de10ea5d01d8d1e98ac7de3e1cfb,0.23968284,0,0,0
7ef106b23772995e4307f84afd1bee4e2337ce0c,0.04082895,0,0,0
71f6746f81bb9650f6f228ea204d85ba2c5b7392,0.03928409,0,0,0
2ed96f00f724c3331d6b56b6b5650b9632f43954,0.044197157,0,0,0
3720683699bb830a4aae6fb66a78ce7079ad2c56,0.043361608,0,0,0
df37e605fe4b027406bd9dd85b320526ab12a122,0.27360687,0,0,0
4ad74f449258781e9df189413423ffd6ad95c526,0.10207813,0,0,0
d81ea83a0eb1761bb4e90a91f3b70f23f88a7d2a,0.20945932,0,0,0
e2c0ea4374c02539ad9bc6c4328b74f25eb72405,0.073563784,0,0,0
cf42ae522e12e9b412e1a1f008ea73cfd86a5979,0.030843671,0,0,0
fb7335ab163588fe6ee67ef26d3b3edad5cf4bd5,0.39008632,0,0,0
e580d35e1a07431109a5835411142bd1c1c2b3b7,0.03652186,0,0,0
ea60fbe0633082a131bbb18de94fa60a04eddcc4,0.21512468,0,0,0
90e31fd93fdcaedadcd4b030fbc20f7375672def,0.02881162,0,0,0
52adf52e4669b54399fa50f2624826c06a19cb7e,0.07199313,0,0,0
71e515ab6d2007d34d96df5604f74c6fba92c0d7,0.27649128,0,0,0
6d23e85570fe1139cf5ef3bc9b4e57ea73680b6e,0.20913123,0,0,0
cb83f7cb31e50f265e098c5380b3f0051e257f46,0.033685293,0,0,0
2584b4a0ef536e59bf28ba140844597a093d848d,0.03210997,0,0,0
cac520971206093d32bf17925f880bd06d93f736,0.42268082,0,0,0
6a99050166c945a226d5f8275ce4a9dca3518285,0.25318974,0,0,0
6dbb48c8e685f65f45ad5df9f7684bed910036c8,0.041388635,0,0,0
260e0e0cd21af7b03ab0dae33b4978233db67773,0.06270829,0,0,0
b5749b4f54b30c0c2050e456c12cfcf516434f13,0.055478867,0,0,0
07ec8ad2dd862c8669b2557b995ec5180663d73f,0.109818466,0,0,0
28656559d2fc67193a84d5cbc48d378b2016f74a,0.48655787,0,0,0
0add1e8975336c65513b26123d48b221e2515ddc,0.4173651,0,0,0
8e7ea70a33ecb8db5207849ea6371b4a5a8ffd26,0.25093132,0,0,0
6f653f6bb82757963a87d725808c080109e7e3e8,0.073863305,0,0,0
1974c83561d09cf73a575f992fbd8416e3354d20,0.10915976,0,0,0
37c20df721522b175bc9df3f06a361297010df5e,0.2974809,0,0,0
061450a927ba1cc65f7b984f4ff41866ec2eceac,0.53216285,1,0,0
60b32953a968e5623f82a6b27d6c679bc17c48e5,0.3210648,0,0,0
f175a241c811d2d0843026b2dde5c3ae308cfb95,0.052384835,0,0,0
ea1a69d638d97d5ffc451b32d240479357e02b0a,0.03127227,0,0,0
cae70c10b4451ee3b919764f72dc4a4caf0f6f27,0.035025466,0,0,0
c0c7112dcdeb75b521d55cd47d0c61be66b0499e,0.053078864,0,0,0
8d0214a7417addf790713440f10855dc279876fa,0.42558926,0,0,0
e2ec4f2fdb2bb8d97f64a33e9ac288d52854a530,0.33254758,0,0,0
fc73151cfca36ea2641f340700dbe339b9e1f103,0.06662598,0,0,0
dfc9888860bf192cedde21e5e843bc3caad4b74b,0.35018384,0,0,0
5f9e0851da9e74c12e04f5a62cb7aeb1a8ab7589,0.035717815,0,0,0
7d5a61ed64315bd6570c5cb55c1f53853a3fffa5,0.12773262,0,0,0
82152f41ac8a727c2f0042bd555452dc2dda11b1,0.37538135,0,0,0
474a837858a8e7a98316f97e9ed387d0161015f2,0.07610649,0,0,0
39380da86acc717f419da48f070f8cf7d9f9ec94,0.32239506,0,0,0
0e266204f535aa48f74d4f2480b2268c13e26b22,0.071883045,0,0,0
5b7608d1549989d92dd159392c19d9ba8ce0e62e,0.051915783,0,0,0
e79a590e0cdabd93883aca964db2a862ff3f8490,0.049021438,0,0,0
ec4d8a9a6b783f1d5d603d5272c94deb1e7375ef,0.035005063,0,0,0
507451866c98cf9e2ddff1008fc0152935ed9e20,0.13300303,0,0,0
8ac3334a04928faab627aef4daf4ac51c28a95ef,0.40514833,0,0,0
6bb871786e563ed82e2b8d26314c22772808fe5d,0.04929933,0,0,0
633ce604968078151e03363d5c67042af74310e3,0.18125805,0,0,0
18b3437c15d78c54510964728486831822809d9c,0.46181047,0,0,0
d68f7f5f44924ddee14428e16b7458e2878baef2,0.032232232,0,0,0
a48071b0d489420bfdc0c2ed7254d1dba243f700,0.080029964,0,0,0
5637a5204ffd7b77f569ed28f85610eb782a159e,0.03669752,0,0,0
0611710c619e67affe9e3b6471943d0ccdb9da73,0.33520776,0,0,0
ff3492b06299c0a38c029c8d7a524d0027de357f,0.26845476,0,0,0
0343b4fda87161265acf30d5ee61e525e751358d,0.05584393,0,0,0
756ccc935ef2a8f9f48e96f28c7c622ffb3e6627,0.20881198,0,0,0
612236c8a77d5d8c4755e287f682cf06d773a902,0.103623435,0,0,0
f37f4b68f3343e2b8f8d82c40398f975116102f2,0.035878845,0,0,0
0822b4226f31e50ec244d311e56e3446a8e5811f,0.032742083,0,0,0
06b7cd3a31c4565ceb0a127273ef800a3d084caf,0.040543854,0,0,0
04b55bc7ca0b0ac444fdc8ad01acef8172852a8f,0.31327257,0,0,0
54ff33b2ad26e3969cc59d7f2723563dee3e37dc,0.151079,0,0,0
54e63005446a2b0a4255ba16838122c5808ef886,0.08633044,0,0,0
1a002c67f2d3c198411a62165e53b31d6b414aa3,0.11646565,0,0,0
ec2fa6bd5695b36435cc66ca4cdd8183d077a0cf,0.08763121,0,0,0
52b46e74dd29eb3eb65a593a872fd57694bc154c,0.09991726,0,0,0
59022fb870c2c45a27e00943003c5acdeddaeec3,0.038291927,0,0,0
03fe88ab71cf2eadaa39654786c3fba713742768,0.040464066,0,0,0
a0b798c27a0312df2a110073bd7888993e56d05c,0.16105625,0,0,0
fb7784fa1472b4c55d329aacae672f416e11a703,0.22491278,0,0,0
5fb158cc05a9ec78e31e49abb654e00a7b65721b,0.37017936,0,0,0
f59a674a26d349b7069158023194ad0d7a38a9e4,0.36738658,0,0,0
fad946a1d79486c5118a596e8ac67ef7d5189070,0.23012483,0,0,0
d190655a97c33c886997b9570697f432e7d3a21a,0.041553885,0,0,0
68acbc803e416a38616bc25505cb88dde81af5ca,0.035404835,0,0,0
e8a2c29721d145c52c970049e5469cfb0dcefd87,0.042502075,0,0,0
00fafe772ceb91c9f26d79f5a2f6c3695a141115,0.050701812,0,0,0
31466db6ecd115aa74616e14a75721b45c0f59f9,0.045816936,0,0,0
6d3796e64bdd5f3f4857bfca6982e6ecf98a2b33,0.3779453,0,0,0
131917a0d3303ca2c38fd1d6765b9bed2c23ff89,0.102457054,0,0,0
51512905c31ff19b91fc67b2cb3ddb5b1fa0fd51,0.2518348,0,0,0
56f0e1053c9aa767ffaeee37cf06a6056a221163,0.2810774,0,0,0
04b41e2c97fe5faaf521c2e0581c30e18e2f0c27,0.41880646,0,0,0
84d52919ec3b3c75f28a185ad7cd87603c3cc4cf,0.42394567,0,0,0
18f5f54ca0e78df12586e0750e257058746a5a39,0.541176,1,0,0
bb76a6848b37cc3f418a370c56f597486618197b,0.5425533,1,0,0
69d4bf883cd7402d13497a40422d20096b2b9aa9,0.33305186,0,0,0
8bb3526317408fba3ae351719feb68703aa5fdbb,0.3503407,0,0,0
b212aa3c6fb91c34a0faccdf783a0a085d40be94,0.33113918,0,0,0
f8b1f6e7456a92b8aeb3e0aa8ef88936873dae00,0.041013025,0,0,0
04a5d83aecc325f87696c83b1a5dba45584ddaa7,0.102442056,0,0,0
c202aa8cec19d80f4671e77370287540a0777b7b,0.3005464,0,0,0
e55aaa5706f031df2e8d68bdf088604c79944246,0.09160742,0,0,0
63374a181393d941c805b6909c2ae5c41159e745,0.3586817,0,0,0
2b15e1f43de16d204a28f72a530abcc24208f4d5,0.24922706,0,0,0
4ceba113050407f10e116df7ecade93b1abcf6fb,0.28218043,0,0,0
5e5ba1b8129fc0d235b149ee699ecb2fdebfd39f,0.21989438,0,0,0
bcc7c0c85878d19735f4eb014e6b17a3c0deb0dc,0.40397084,0,0,0
f3a7cf629c19dc80734b5b6c3933fcc76c8a50a0,0.42531005,0,0,0
a72a5ced53067d3516ffbebf00a633743bbfeb5c,0.47937137,0,0,0
7642423cfa70fc797601afd64ad28ed1609df9d2,0.068037316,0,0,0
04e52eb6155b3cbf5fffc0d52689a3f679e40b19,0.63498706,1,0,0
a1cde6ab707515ae014c2635f9d32ad0ba64e7a0,0.045418743,0,0,0
ff902c15612f2d771483ce6bb06e55609247c34e,0.4481252,0,0,0
3f796bf74666ff9a4a6d31f10dbde4fd5e837d6a,0.038467303,0,0,0
c158713b66856745427f793f14a5dd1fcaf941ee,0.033779055,0,0,0
e8300276291ae634eda52d812e6e8d7cfef2f8eb,0.03347489,0,0,0
fac65b868c549d28b786568636bbc8362d2a78f2,0.046085723,0,0,0
c99a787752770b8952297e24e07bd404cb2f4f74,0.12416222,0,0,0
b877fb9abef4a19eec9cc7329acbd433648b8f7b,0.093940936,0,0,0
2b52dedd56503bf89b28cfbad21f59e3dd4d1d32,0.035468977,0,0,0
bbd1dc343992fde4baaa0309178509dd07eed536,0.3687251,0,0,0
dd5a0e6e1e3edb41afb4b40e4ec2c99e5932e73c,0.046695378,0,0,0
864721d54b8b372808b098e13120abe5c22fb9b1,0.06984708,0,0,0
18b1bc203bdb236bfd9084193aa2d55d4b605139,0.43872118,0,0,0
b2c1afce7eb13ea44fc7d25562cc3bb83cc91b2f,0.52154964,1,0,0
5b223744b49d3ceac9608959d2db82bbadb47897,0.45478454,0,0,0
031f6b082ff21cf1138907a7c666d6ff391bfd72,0.33044863,0,0,0
afedbae8aca69a092d65766640361801bf2b5d9b,0.44161063,0,0,0
fd59e545f4f2d697ea7e197f002c5e8eeca27004,0.04271402,0,0,0
3eddcccba7e0361d6e833407320908187b16ac8d,0.033864435,0,0,0
34a5e7fa91aa7ec9e75a16eb6f3d859d794d399e,0.04963212,0,0,0
fbb5d31a581c24e925c442a7754358d2b62a669d,0.11688317,0,0,0
17e65488113a2dbe9894f824f4321a06ee009e02,0.048733618,0,0,0
9625891a7bbc0a8b11f7cf9c2b4650775ec8ac53,0.2624365,0,0,0
13cd4e0ac3ab76a4dc091eda457f9a111727cba2,0.07892961,0,0,0
8ef8e2a7a5326eef6180951207f65d3c29bce419,0.30898678,0,0,0
844b2901fe4049fba29ce8c6961dfa25966974ef,0.36630362,0,0,0
faeaa303b903139f36c15751c8e48ef982222842,0.350749,0,0,0
5fef9575646f6583fd2d9ee01368b3deefe6ce82,0.073414855,0,0,0
6c687c70a1d5cdbc71c113b7d7402dd89a942849,0.38912708,0,0,0
c049aeeffd41dd9fb8075e719320846c83e5ea91,0.116301,0,0,0
9bd439b4e0aa69050ef1baa537e552fa4620e5d4,0.05510548,0,0,0
8d6bc0ca625f3a1a98b486541fa613b2fac4b41c,0.14225677,0,0,0
d2fb3b0865a87cc909e4faab7733f993356141e2,0.05849224,0,0,0
10ebb32ce1806821518f52074f0d171fab20b3ea,0.3228348,0,0,0
caaf97ed8804ae3bf6fb17cd98a5814cab834688,0.32919392,0,0,0
ce0c082898e3551d313fb5b73763f399232b3fd5,0.23433363,0,0,0
bd9adbb637a8a4aa5eb61c6fde2c576d0ab3c4fa,0.4677741,0,0,0
e4b7ee81c1773eeb0bb71ca53bf722f046c16a16,0.32475612,0,0,0
aa31bc6c313789c344d715b7c1aeea0cd8de47e2,0.36774063,0,0,0
3899cc6570bd9176c84ad2d5d14febc6c0ddd964,0.3095213,0,0,0
648eebba22d6398a01b0924975bedced8469ac80,0.33698374,0,0,0
8d95ae41975a2307501aa0f4a7eba296c59edce9,0.05542038,0,0,0
1f56bd103d53c8c6ba7502c6586c26be01bfdb80,0.04873649,0,0,0
c7c85ee39892df3ca007c6596c41654865be7e43,0.44416958,0,0,0
c503d742f094dc2048b72c3f78f5e2e6070a44e1,0.21629447,0,0,0
a2d41db55aa46bd4fedb215c978f03e282cf1ffb,0.2895848,0,0,0
5ceb5f57212935386737ef4af0d066e9fd38c5a4,0.34426236,0,0,0
cf6b6d8eb1b524b73cdb74168f3190ab471aa52f,0.30086538,0,0,0
ff8fd9578ee8f66e6f80cd7b9f204767845b7339,0.327344,0,0,0
ab60f735c721103ac888d8d7b801055921336687,0.28573668,0,0,0
a2660687980b36003a612eb89b40d6fdecb4b153,0.11177702,0,0,0
b3c31a379e9ad7cd22cb7f0669b82361ced84992,0.42477053,0,0,0
204ed0048f4812201ef65c9a0c44fa54a7d1e04f,0.09804785,0,0,0
103b64a373256feae6ca85f2bf220e7694e48fa4,0.44274762,0,0,0
9c506279188a90dbbe124386cc52016682d17b5c,0.1391574,0,0,0
8eace0187ea2c0c1a6e3a5b5e24e701f6e23ae94,0.24630907,0,0,0
72bbbbc559992e5e6bf17279d8194aaa80c62e85,0.29942814,0,0,0
feb7ba55120feb5e3ad3f526fae7dee1b5189d9e,0.29632986,0,0,0
bdb074610c87a210ea4c0d91d579cb4558f4b19f,0.095908225,0,0,0
64d820bffae723b9c8669301b246ae199db61b5c,0.06406809,0,0,0
d58d64ddb1f205a54c7eb57fe0cbec9c59cad8d6,0.27530307,0,0,0
d962a2b31c9a7216c2df557eaed3e475b13939f1,0.44585156,0,0,0
db6f7c1d74ba64211221a69cfa9fe7171a9199e8,0.39824528,0,0,0
1eecfc948bf6f4cbb9a2481313ca7368ec653056,0.32970628,0,0,0
ac5a216f767c6defa4da720c6ecb3baa05e30254,0.047025077,0,0,0
d9a2c69a9d1db6072e1d7b7ea4fcbd5c15d20b5d,0.04521182,0,0,0
d0f6be9886afaee6080cd4b7cd5d165c767b71f0,0.26859587,0,0,0
8ac857c41ec8ae02e57eb0c1c1a012525e7e14b9,0.03211921,0,0,0
10d2363fcdd6e15568f765ba0dfd5f0cfa0b04eb,0.029088011,0,0,0
8232c096cef785a2ba88a7324b882a7badb0af44,0.030492114,0,0,0
5f4249e2ec8cccb17b27a7ffd032c4fc237a6927,0.032287348,0,0,0
86a59601b570585dcb7a1ce3d1ccc8e16008f53a,0.23052962,0,0,0
809e2bed22f02264e0ac58bba070f6d84386cfc5,0.0812991,0,0,0
6423a7665516d738ae50d272e3b4ca72cdb89a9d,0.39002284,0,0,0
8274993e293a79fc75829df398233915a6387a4b,0.14515294,0,0,0
e2dbe55d56bd6c1209276050f527d36717e33e1d,0.46604347,0,0,0
10325422e5a4735aa87a4d47bdb377e09fe963d2,0.12302114,0,0,0
a069c490e8119189fa2b43d3b597b79b3d42a367,0.5117055,1,0,0
a945ecbbdda782b51d5c2c670345fbf4dffacab7,0.3600849,0,0,0
e4c72a5522aabfa6a660088aa9262d849756e464,0.38637078,0,0,0
0095d8adf26b9469115b1be0358cb09d1fcb5fd4,0.04124111,0,0,0
151f2cd3d80c006f4ec228cdf610c3a35feb195d,0.40451497,0,0,0
33884b226454324f27700f9069f4702b44ef8ced,0.24952988,0,0,0
23108b1bd90de315aed37fa3fc1f38f8a56ab9ba,0.047085866,0,0,0
d6644e4fbe3d125eed2d85e58fc7133466042f10,0.26327068,0,0,0
dc53e49b4afa5d59c533cf2b4918402c37411fbd,0.37678972,0,0,0
f9cab271b3bc8c2fb6e2c51449ad3bc07e62e174,0.413767,0,0,0
383bc8eefae7e17d0bb0349ab2300488c655ec42,0.37446895,0,0,0
eafeca43268f16aa9d4a179e44b9e7747699c1eb,0.3663784,0,0,0
4733cb5b798cd72aed82a9118648b4a86c91539f,0.41989717,0,0,0
9f89fd4626bbb4e34a905835e397bcffbad59307,0.05174887,0,0,0
2dd459003e19e4bbc2811b10d38337f295fc5a19,0.030547334,0,0,0
8d601ab71228f7c3dff950540e7ee6e4043e9053,0.041159786,0,0,0
0f6a292a29fedd49741310cd517ac4ba907bf8d4,0.037764125,0,0,0
011775551ef75d75f81189eb4604fd0f2ed424ba,0.049951404,0,0,0
695342cb1cef42f30fd1a8496f181c92b21ae82d,0.46588334,0,0,0
c14890f08b9bb47ab8ad27f4dd4c714e32961d0d,0.42495778,0,0,0
f3d2d55ab9b783af65f2050272cd0318a9ad23a2,0.40223184,0,0,0
c0771cbc3c445a9d1d2a43ac4ce3c0edbc806957,0.21442047,0,0,0
3aface95813003ff75505e2ed7d75b072228d3f8,0.20588964,0,0,0
2c437a12bbc578442daaef85ab486d1e55763853,0.065035634,0,0,0
ab0570e63aae3027239dcd5d22caab95111a5de8,0.25745875,0,0,0
f015fb2b31a5621689a57ce9d2d300e5f32357e1,0.08407881,0,0,0
cf950e7365848130c5c2d57c871652e6f83e96a8,0.29033536,0,0,0
e6b830bf95f712672cb9e77cd852606cd134c5fc,0.34833658,0,0,0
09c52410e62b0e1e221d413d7ab18feefcca6bf7,0.18550217,0,0,0
9dcd87f9c46786f3da54af7ac1ba4696840dffa8,0.43139523,0,0,0
f55530a2ffd3c481f6554d98e9d73f2e8c62ec8d,0.4058218,0,0,0
dfd69e038cc7035031d1807c4ade870d2a7e2ece,0.31187558,0,0,0
a49ea7a65b7990b3e6e625bc8bfff7396ee49300,0.035832725,0,0,0
41bc4cd029fc486b5570ec344cdeae049bbca860,0.046477467,0,0,0
51b2cabf2c3737de06fc889b39d40240d1b134c2,0.044866543,0,0,0
8a05e0b0f640289c32f2f261f35450532cc2a1aa,0.12854642,0,0,0
2cd3f0f10a797b744509903b8eca4fd2fd4ed6f6,0.35311493,0,0,0
8c1a0d2ee1433681958809b4a0fede65f62936e6,0.17997716,0,0,0
a08ec31dbf212a033953dc6916a743dccbb93e37,0.0356421,0,0,0
795fe5d869594bde53f8490d75eedef6185b6c37,0.06617955,0,0,0
5556118ad13fbb80a56d7b8de6f960e9ff8255b8,0.09509176,0,0,0
f643b4fa939e89348618ddffae20a804f4461363,0.21247749,0,0,0
bd5cc81ed7f91865aee7a5a7febeb237220d0c5a,0.08320034,0,0,0
657704627b297a19a693645cf03c5c70ccd9a8bd,0.24365248,0,0,0
363cbf7908cfcc6a538126bcccf5c955afda6aa1,0.032353424,0,0,0
c636539836ecb541d9ef71f2d347772cf9f6bc52,0.039578807,0,0,0
7cf5e01c2a152a0b612cb19e02213879a57c14d2,0.31432566,0,0,0
e8d861359ade336badcac3211e5aa447097479a6,0.040895227,0,0,0
044367419dd317eb9f9935d8360280b8b8695462,0.19590501,0,0,0
86a082e8be8c51f07079ded82d6d125c9efc1791,0.34030935,0,0,0
ab25f67348d4885620df86497889c1826f013a73,0.07144035,0,0,0
07811434b773b6e1737fe7dd3775aeab8afb18b8,0.25752613,0,0,0
5bdf0a938adb384bfdb6cc494a2781e2ac33b0ea,0.1845165,0,0,0
30c85ad05363767deeefee577063c2c432b971d4,0.3463899,0,0,0
1661e5519c4836a5a940b13b7797263443156fc9,0.05852871,0,0,0
a64153a3710c5035988690f0acf57dd61b711cf4,0.32296416,0,0,0
954ade4c1ae2adc0aaac3a1dbe800495c519520c,0.25014114,0,0,0
4bd982d1a1df87724682c17c39bf27b5cbe389be,0.071501195,0,0,0
a6443e146f825291308319c6a0f2eb82aa34f8c3,0.3496781,0,0,0
914844e1b226a1ac7ba45626ecfdfb56e7b2e263,0.3178505,0,0,0
98fa164cd88d126d0f137f5bcb4a1d180e0c2fc4,0.089187354,0,0,0
c79e6fb8f95bb07d2394221b29b75fcc016f4900,0.14559609,0,0,0
6597c196521af500feef7a02610727eafa7ec1dc,0.049138565,0,0,0
4670a941be92a55fbaaa3b4055d444e07ffcadb0,0.04082921,0,0,0
cde4c529034e182a982fd842252ec410d213c34c,0.4328077,0,0,0
b5f5449cf338376d12404d0190054525987f4276,0.09042133,0,0,0
721a6e59f7e4f5c0f3196d3eb0e81cab5e41d065,0.044529643,0,0,0
c7c424fb9c3a39b6ea036242e44cdca324f7d104,0.033075724,0,0,0
a8f41ec97d139f5d0d7cf161e8484f2bb809facc,0.44584,0,0,0
0181c8059c081d144cad36d003379bd50fcd9da7,0.045506783,0,0,0
90f0a680adf3eaa95e46e96d28ecd6848c74bfdd,0.057199102,0,0,0
12e597a78cbf9d82414b944a5b285d81a2e27e51,0.27063146,0,0,0
b45435c950e6f6864671bdffde29e26cdc8ce15b,0.19573711,0,0,0
4259a706ab8641f408afc3ce224b1c0ba5a43d17,0.30729908,0,0,0
f0f896ee600ea7ff66c083747f370453b914be48,0.18531074,0,0,0
5482ce61b003726a9476c76a4337e043af4318c0,0.063469,0,0,0
31a9fa0cce769c976d74cdcb6e6ce8831793db7b,0.03791309,0,0,0
1a20867d01ef8ee5b32b0620125b7c38a10b80c5,0.04539952,0,0,0
1731949116a7278f2b729cbb9e505580c8f56980,0.22274034,0,0,0
b521820b23c45fd068618d10955eceed48801eff,0.05668142,0,0,0
661d16d190708a1a396d8b75ba10738e4574c11d,0.039681993,0,0,0
3c2673e82d33b6c9bef3005a896e5b0d52b108dd,0.030850118,0,0,0
99900ae089cf996bc969f0673349c06c2e6fbf1d,0.03382444,0,0,0
811dbe7226ba0ede04c2062c2dba8f72a1c03e58,0.2932431,0,0,0
9f7d03f09172afcf0a7be40e3262d151ef053b3c,0.25713724,0,0,0
3c89994355f3574078c832b2dcacba0e65e87ed1,0.44602057,0,0,0
d547412bbd2a1ca56769a2bfa13b7ed9547310ca,0.33244425,0,0,0
d3146a545612422d3f8078f10afa00342b327199,0.44682392,0,0,0
8f54030347e31e0b1492fe874a1f1b67b89b836a,0.46528208,0,0,0
f059e5f7fa1ac4a906b5d2e18d72d410bf28fa2d,0.38651302,0,0,0
a5e76ebc404d419651c2a25b1a62199de64cccf5,0.26028273,0,0,0
a91f76da21faf4e8b70f0f69c6db2521409e7d29,0.048590284,0,0,0
5a52446090a67b9b04b67a0b7aec94e73bd21930,0.037456587,0,0,0
82cc24437f43d07880d8883229477735431e5d02,0.063893385,0,0,0
859224ffadb79147088840732236c1fad341d842,0.097626396,0,0,0
314b6b56bec4af56dba667d66a25c1613f4bc800,0.48173636,0,0,0
8cafd87c83f4197f7e8d14de8cba453c844266c0,0.35026386,0,0,0
a060733e63a9cc476342ca190d04ad027a241d33,0.054231655,0,0,0
e685d847b4c70e354e47ea3990cefda3265aa5c6,0.14847973,0,0,0
c8e648b92cc133a604b5e1f4da1ced943788e64b,0.28404996,0,0,0
ece2f255eed8ad9eff6e236152de65e804c6adb5,0.033694595,0,0,0
9766e22b42b7b3f3923cb9c2502dfc2dd5d0a5b0,0.03395201,0,0,0
776b86e99a1ce18a5093db457109807b766d49c1,0.03702489,0,0,0
e1bc286245ce5f798b5312d65bba64c71921a3f4,0.217492,0,0,0
585b1cb97b4b9e81b55d68e04b6c1e1195058a8f,0.03744836,0,0,0
7587431987258e94748d5f2fda1e6ca049a21600,0.05624231,0,0,0
53def501409cd1f9e20ac43edba6f2949bb366c8,0.11715021,0,0,0
7c19a1ff4c217f03c0be62baf1169d689f566825,0.3675726,0,0,0
8cfc1b1207577943d412789765a3a2085f1b3036,0.19310403,0,0,0
577f7b3b5462fdf84c0956a3bec5296bf7821677,0.20218849,0,0,0
65b08c4f91a4e5d78eb645b46d06d7a46f8c62dd,0.26820195,0,0,0
0344ca3f2d43e3732bf16370262303be8761a523,0.36359653,0,0,0
c68285bb3392665827595ac408a5fad828b0351f,0.3248267,0,0,0
18e692478dcf91fdceb9b9fdca7c61a1111d63aa,0.30959362,0,0,0
f2d8493ac44995170ff84bb895e3a73e0127cc68,0.27255958,0,0,0
f5ebb9a649e9dd0773f9bd3457d6ce1895266d59,0.04404582,0,0,0
3e08af573f8b50da5202f55df62c925f88a47f3d,0.35360804,0,0,0
cc94767e7eabdfcf9d1cab1d8d1d8556864394c6,0.14407437,0,0,0
d6ad3f01574b839670d4ea5cf82a601eee7e0c16,0.35293707,0,0,0
a2dce32cdab108e7e281dfc27dd0a394e1419ce1,0.05005103,0,0,0
fdf05fa29babe21e64f9a5b268dc8406d449d4f1,0.066954635,0,0,0
0b70b01a9f1d9664bb5eac737175f58f06979b60,0.038172875,0,0,0
7076b7408f06bc8a277f58e7bb6c2ec3372d5d6f,0.35779414,0,0,0
cc6beb2d05347fba64d933906ae2b712b1a43302,0.25589168,0,0,0
c7554151d3f695718a5bd431e22c7f4c39a0b261,0.059342526,0,0,0
ae862ae116f2056421ab8d6e997e7b64a95828a5,0.26076,0,0,0
d65b9d2bed09847ef28b9ceb30c9f8a96e0c12fe,0.09423005,0,0,0
36217ee164239391c672fdfc8f5bd080beab5c4b,0.25405943,0,0,0
44854912194177d67cdfa1dc765ba684eb013a4c,0.44942802,0,0,0
fd60085a2a3891ab6db46dd3b75e9dd67a7c734a,0.45409703,0,0,0
f4bfd9c71f51fb541d0fd203f0df2e609632dc62,0.28258234,0,0,0
3b6867fc25b5dbf27925fdced660553ea8289dda,0.29550004,0,0,0
ed94e5a5cce33af89dc1b1475204734b17f64bb0,0.292124,0,0,0
87eff4c78fac85c1b5f2309887f6be5fa2972537,0.21180221,0,0,0
732ea5e94fdf8fef42b5c21d001983fb24d2842a,0.043544464,0,0,0
09d70ce73dd37544c92621eecb7faf062fccbd5b,0.26517868,0,0,0
060e66bf995177adfc4d73a2a4c9bea70dc5e441,0.3413381,0,0,0
9a7de3974d64a5410e577933e141797928adca71,0.46728206,0,0,0
1e9e36640f762d29c07d8322c361ece163b179fb,0.20738721,0,0,0
c56b87d6efe530590b6d9a07e41ca00af208ce37,0.3920136,0,0,0
07f3694a5c85ff5ee8c556817c0d2ea3504f26f7,0.40793163,0,0,0
5cb988334179b4f04a27c59c1e6a888db0dbfc9c,0.40397707,0,0,0
713c77ceda21d0c3cc9c213341259d64fb46fdc7,0.43620697,0,0,0
729bcc46b503c1574c7c93a65e902f436b4ec6ec,0.038079266,0,0,0
6ea2fc8d38e035bafaa92c7d3b007be38c2e9000,0.043735832,0,0,0
95fce758b0e12837869cae450d8029d7237b0dbb,0.04311216,0,0,0
6ce88517b3af6d48c979b6e984889b69c044561c,0.035153255,0,0,0
b52c69b1b0ba1c542b917247f1f76deb4ce2a42d,0.053129263,0,0,0
125cfb4cab35daebe874a599877d6280b464212b,0.03185917,0,0,0
6f03c0ce11db4a270124b9bf93338d3db9fccf5c,0.039411623,0,0,0
96a1a31d734e663af5c9bcda58c7bb5870e8a363,0.030960876,0,0,0
7aad59482002d0b4bc3546259d33eab20ce76b9e,0.33677277,0,0,0
c1ffdbab58712cca8463b3edc88f9d5a09b0ca9c,0.18177933,0,0,0
758228f691b34c97f421ed92336772531495e0cc,0.07059466,0,0,0
a26c66a8edcf029ca5f94354cee0db267e9ccc20,0.14536059,0,0,0
8dae1f2904b93127f101bd36c1c79e801385a8f7,0.11101514,0,0,0
4f928504ea91c3c1dd43ce696acadf76624240a1,0.2532881,0,0,0
22c30471564c730b02f5f7cedec28fcfe5749fc6,0.0319896,0,0,0
10122741eac52e218771f30c6dc2c0aca54ff006,0.037264936,0,0,0
e863dcb2e7a654af6b8eb5865d8d1d8eee0a6d28,0.42781016,0,0,0
d8ec011d770e1e04ef4f87fba673f3748f363278,0.112110354,0,0,0
f7cbda67518ed7335566ebf942cd170a66746096,0.3426878,0,0,0
7d061e33e59e23dc4b03378f35f50a7d70f033b3,0.079110466,0,0,0
49a876cb1c2a49583b9184ab58a579ac75525986,0.3243191,0,0,0
6dfc3e64037f10b84fe203415e79e2435acff558,0.31430203,0,0,0
5fb74a6618da0ca8b12a3346038164913a5d27d5,0.36147502,0,0,0
f5a9effebd7209f3fa5385f18a5e59e8a09122f2,0.39520094,0,0,0
c614fbcc79615f93d2c60a153db6e82d7474c425,0.03463997,0,0,0
d575057852ab2be41abb39b8de69a35cace5c67d,0.40438986,0,0,0
c8e61afdb89c58ea8ffaf04593da41ff0888d30e,0.31742662,0,0,0
c3b1fefbad0c67c8556ba6b4573f135197f87598,0.35939538,0,0,0
60412131f3679b720bcaaaf3dea4be666cefea7a,0.1006874,0,0,0
2ce40494073aa4e9bdcba4c39d24727b7141d227,0.034876764,0,0,0
2e9f3a80146262511ca7bcdd3411f095dff4951d,0.038208775,0,0,0
2c0429aabd2632c8c6a242e4a23d5eb6f46035c0,0.33752525,0,0,0
bb3fe2a37975920d1c7b9cf16309d86fe86e1a35,0.3555491,0,0,0
cb686673a70a6f14c35575550c48c37d19a1598b,0.1756006,0,0,0
357fe1378889e5934e8f60c8d35397bf63871991,0.16269478,0,0,0
9c886bd4a188c91301029040b3a839e4b8e2812d,0.32379937,0,0,0
8b62c114cfc5fd347bd8cb5a391fdfa8cb539435,0.16932712,0,0,0
56b7ae44f957aeb884efc797ec74c790a7a3abae,0.030218199,0,0,0
17f9d22f334c91e701808808170bf60aae7342f9,0.049119506,0,0,0
9901bf98e4921df1c85e323c4b096b7feb80221e,0.3386245,0,0,0
aff0fae2ec3a7d74356776c183c6986eb9eed520,0.03930343,0,0,0
1415c9a2a6317dbdca6f1fbb530db1f558d9bef5,0.04538485,0,0,0
e51bd89201477092c32c180e4f8d00569db17ac1,0.10197868,0,0,0
efba54d35fa094de5e580b200a8607bfc7bd5a7a,0.07117058,0,0,0
58a8f12b443d7cbc16ec00b8841138ee55ee6630,0.25976163,0,0,0
e7d16c27629722a93a9d36a0b5e0a3a793850544,0.05599925,0,0,0
3fadfdd69f4682f05563ce53e55743f55813f488,0.060256116,0,0,0
bcc4f82a7aca3fe72142bd8d9ab3ac6c9d4d2767,0.44634587,0,0,0
54acb6e10f33d5f71770323e9769d2dcc1130a86,0.037530247,0,0,0
bd4066eba88a772c06394d818d87aedca8bea53c,0.105156854,0,0,0
09ef69c5b51115300da6df43690cd455d83c8027,0.26369822,0,0,0
a5391bb34cbe168f2c5f5f6e8fc3a1eeb9399e13,0.33227825,0,0,0
96cb498f9bb88b534e49f9b8301c9fe7113b2dfe,0.35945332,0,0,0
f4a262df5204221184f1f5008b06957868684a25,0.37131688,0,0,0
81ee0d062c888d8f8bcbc154cd7f0143710f458c,0.3475785,0,0,0
4aa4291ffc143486757617b743c9670001f8a7cd,0.3658441,0,0,0
ae6a24dd439a7b778e35b484a3a6eae1a8eb64d7,0.41888615,0,0,0
9379d0d36acdf78455e81518b3b1476c7691f056,0.043532953,0,0,0
2521d9619fe1f052ced8ea1107851ac98a1b7488,0.043535635,0,0,0
7721302ae5d70d2986d74ae7e7df648bf849997d,0.06848656,0,0,0
1cec9a6fe588c047daa6c711814453840405561b,0.045025054,0,0,0
a36c903d4f1065bc59f5e6d2bb0f9d92a5e71d83,0.2803399,0,0,0
08aa21f9217df0a28d48be5be5db03ddf4867140,0.039562915,0,0,0
4f4e2b064e98ce1abce98428965f8eed86f4543e,0.33039203,0,0,0
2a11642511a3c69bac5aa1abd83d3219871395e3,0.039962314,0,0,0
ce178d8e87ff6f9a12aea4b217c1e09254936236,0.18459968,0,0,0
9fb4f47f352dc1c1f5f20de80840d39e1eebb985,0.22112718,0,0,0
762641dcdbae9456aa2b72ec8fa1baa0acab942f,0.03636951,0,0,0
47a9ea7c828772625b9e26c0c7a6db494ea626a3,0.04429754,0,0,0
9d090d40ef488c6c8e0784da877b93a05034e339,0.45797443,0,1,0
e7e48da660e17bbe5c0f8959c2cb9f6d60555cab,0.11048931,0,0,0
5d369c4fc53a2ef5c47f16eced9fe917a87146a9,0.30279264,0,0,0
558f84322cefd02246c49666d7e7a3b2e2cddc13,0.24795778,0,0,0
b0580d508bdee2903f05d95d59e6e9a1dc9d710f,0.6358747,1,1,0
32155107dd982360e813d10d0c76f6f7cc2cc7bd,0.27337182,0,1,0
596afd4f5a73c7fc756d9bdc12c6613856ca27aa,0.7112857,1,1,0
7f0046cf4e2161f0145e0e59a1b9684b04061916,0.2765842,0,0,0
1f5e68b5612053cf35b31a13c8b5e8341d892f93,0.08250015,0,0,0
b236d5259f95b755aa5e1d955c8f835312047d77,0.30260476,0,0,0
8fe95aaec201acc964ffca80954e60f7c57d7413,0.2595161,0,0,0
d5b16405c77037e37bd180843c1eba79117da7a6,0.17082305,0,0,0
d3aa5b77428d77f5954e30b14e7385c15f6f398b,0.21848768,0,0,0
83119a80aa1551bea003ea6b9e65b616b7795246,0.2921314,0,0,0
c4de3dd2bb8afb3323fc3aaf394a463aa4222768,0.24789177,0,0,0
f7f4b909d0961528c9b02ca5492b2a57a8df8bbe,0.34552336,0,0,0
bb3d861fcde210e45f3d3ac59d8ee6e1e4086cb9,0.33159357,0,0,0
1e6dceb8ccfd2c97379f78066ef4ad2b9a17b1d5,0.29174978,0,0,0
361b73775230d91b4ad9ed588d6d57f3a049e907,0.30821505,0,0,0
9a2f53d2d56fc58617f2bc7e8ce7f488dd05d47f,0.33931154,0,0,0
6ee118d2a12a4c0bde2c5b828e05ea9b18d4be2d,0.23628071,0,0,0
eef240cfdf77df4d3ec55c2f03dc52112dea7553,0.3708009,0,0,0
0ba5e75432717181296459b9bdc98f9cc3cb2c7d,0.31135878,0,0,0
5d83e4deb81aa7e06e4587809642e70ef9a03662,0.03212622,0,0,0
c635393fb9996ec9d33b32ca27a720d6d5593255,0.30133393,0,0,0
cf4d2789901be233792839384ba76b94dbd25888,0.29579797,0,0,0
46a1c86ab3f4e2068023a1faf1c704443f3f36e9,0.07421028,0,0,0
d31ea317a5fa6cac0e281bf0aec5367ebe45a217,0.29190373,0,0,0
88564caa20e4bee55287b258543cab35e9d3adf6,0.35958734,0,0,0
9f0af0bfee5a92e67ee54c185f49fb7c771c15ff,0.21576738,0,0,0
05f3b74fd581ea5f8946c64edcb293747b4d9a71,0.2988136,0,0,0
43e4df85bda71ca1500112912a83d3ed19868c4c,0.43813014,0,0,0
8283d966f47280f682a1407d499346a383d1b1a5,0.4650518,0,0,0
5878adfaf37ce37e6988956e4cd5c833c6ec61be,0.45722687,0,0,0
ace5ba00f7067d517a35713f439344f24144fb79,0.26861972,0,0,0
67e443370e06288fb2702d62c0206221413ab852,0.20178565,0,0,0
9687cf07f34bbf5f67c17e75cadd287b9f6662cb,0.20633738,0,0,0
94cfd56bd9092e0fd8579120630dba0c857b7777,0.3282891,0,0,0
077913c7e9eb8e4cf8863b7545bf53c2923066cc,0.2655216,0,0,0
fbb81a37f80fab1d1e21435782e034eade76114d,0.34354192,0,0,0
278eed3e1f7cfef2d39a25aba53f4478c3ad8c58,0.33151522,0,0,0
73dcea01b19ed9fc9c0d5a8c38e752bfe071c801,0.05224115,0,0,0
54bbca89040ed195b89478713fa4a181cb2bca3d,0.051512167,0,0,0
1fe64733a2a28b795bddb152e9adf7489b6ea7c2,0.3440535,0,0,0
1194c69fb122709872fd634ae9890cecd1d83e90,0.28462005,0,0,0
709aa7bf9c998cc75f6e0be7d258aa5a07ebce8b,0.40560785,0,0,0
cdacd4a987755572bd4d6d328b371644ac07ecd2,0.4685934,0,0,0
ee7ed6e655c08774387f9ee60ce11b84d7901cd1,0.08242244,0,0,0
edd64cfd822ae2ca2faa8dc1c73edc38a6e19f0f,0.39694664,0,0,0
ed085d064c0f80b0bcf382550d10fe6b6fc9f283,0.09531928,0,0,0
4a025d3f8e31bc3e944399990b3a4baedb90e630,0.37346753,0,0,0
157aa8daebcc6a464cfb350de346cc550ac13d15,0.040927384,0,0,0
0dee0324f694b1e035b9c3dcc6923278defe1d3e,0.3733729,0,0,0
136b96c803ce4353f2cca2b24171ddbe74345fe6,0.34142473,0,0,0
99c63edb10e945d466dafcbacbb6fe930f2a31ec,0.32446742,0,0,0
1c8fbeaec2ee80d45b78742d63aeec0c9d0c4e9a,0.2410345,0,0,0
b1162d812eebc9298b7fd62eac1dac119ae5f271,0.26985654,0,0,0
125c820e8d43df150ac09c9da5b38dcc1ea6e03e,0.29830113,0,0,0
680752e1414c07fe4357d5b6fe3052f3d9dfa374,0.23264863,0,0,0
f36d6870f2e1feef7f1d6fffeda056fa72c051f5,0.23100418,0,0,0
62e69cf4f2fcb3ad8bdc44f75f8a9e3e20ca7337,0.042441398,0,0,0
7df57879c92a467cd71860e6cfe14a04a49fd031,0.4046489,0,0,0
fe63f95fbff43495e57ebc37350798dee024cf9a,0.34546542,0,0,0
719d0c56036111d07c46ab5b0f379f62f14ecdc6,0.24008395,0,0,0
4951344fb2ce246e0cc5a2dff90d24cea6eb3a75,0.056724004,0,0,0
c151913ae25d55814c40b7f922886d52c7086787,0.36181125,0,0,0
ba1e716261e055f84baa9a47f9ae2ba959d54390,0.28161687,0,0,0
894fd838fb695d794fbd28cc66c82b80a9688c91,0.04700293,0,0,0
ed7710f41c594c030188917cc773adbb6107383d,0.045561597,0,0,0
11ddae0a3570fdeaa421e4e378ae14bc173598ba,0.03475819,0,0,0
9e8b370391f5b3e71cc349a2ff556d8a3cdf1232,0.038663294,0,0,0
15ee56bd0f91ef807a3e729ab3410a834ef3fcef,0.050175805,0,0,0
72784c46f6a7d7644398db5c7ac8bd3822c523d4,0.049105454,0,0,0
90559c49bae582697906598c735385c19daa6da6,0.46100447,0,0,0
b34856498ed290a4883b077db0d4df2991ba190f,0.13151331,0,0,0
8cc80dd1a449f98924ca9e74970b35f940d43800,0.043319292,0,0,0
84a844af5d30ea41750071dc8140a56e9e146bc8,0.2585735,0,0,0
6f95e26fc92e929fde30d592e7572493d360ea3d,0.32913908,0,0,0
fc3d530961ce4f23fd2c8310f82d6d1fdaae6c16,0.31130284,0,0,0
53c08a37ef81ed2aa3ab57f5933ebbc5db68328b,0.31341705,0,0,0
bd861c0d8009bbd51137bb97d15d5aeb8902eb2f,0.3117065,0,0,0
584a10fda56263ec0ed555f9866a1a82851a83b0,0.3287567,0,0,0
aa0c114ac9636012a941ebee49d69cbd6f6291e6,0.28909862,0,0,0
bae09b4838de43ab6a8be25ee25d0d11f0fe7477,0.3453961,0,0,0
4d8331ef9c3993ae1d3c091a758b24cb9a037fe4,0.2826088,0,0,0
1d1cb74151d6fa0272d607d06ffb85ff4a50e972,0.19838311,0,0,0
6602d00afa7a5f32218784dc54975cae5540a255,0.18627287,0,0,0
cd78c96d225752e3656a2f1a302298370b55a4c9,0.2122263,0,0,0
f27cca133f9a28899e00488ef56b2f8a2700a68e,0.19783533,0,0,0
3fe52d0cd85c01eadc44933df5596d177c3ecebb,0.16810809,0,0,0
81d1982c3cbf56f77e2edf3f063ff84e6e748549,0.21884045,0,0,0
e32f477085a9b6f658463bbbf355405980c515bb,0.23954462,0,0,0
7419cdb1fbff1096edca78bc5db34f7fdb3b7342,0.2244115,0,0,0
ce1f9e29288cdef4fc295ec2d5b4f846f0b732d3,0.208342,0,0,0
60a8028d22b88ee2f2d7cf7657ed35f4046efe79,0.17507787,0,0,0
c779a5ddb807f1a84e1e6a5e43a0f1296dd565cf,0.19341786,0,0,0
c2bfafd4bb8ed95e30dce29e65a9afce26a7d860,0.18885763,0,0,0
e48157a0de54d6b82137d62dde9cdbb4bf5c6f40,0.15922727,0,0,0
6d908d014c25ef3da000789dd56de0b6e7c9ea8e,0.2805183,0,0,0
5bef000847001240749e50239a25ea69485c849b,0.27141574,0,0,0
82c1bee3f786f96fda51243f4cc6d50995bd90b6,0.21015568,0,0,0
5f84693e1db2c35b9b797614e17136655c433335,0.3051905,0,0,0
dc8138a8a9b022d156c4d04b2491b269661db396,0.29028118,0,0,0
233746d8fdb7e71a63b5cddb55421eec87bbcc4f,0.2685542,0,0,0
84daf6aee0175303801e710dd2d326ce252d2f88,0.23518156,0,0,0
6df343df2635e7e0518a09c374532ebf22a30529,0.25631043,0,0,0
6cf4249650d72cf21ae3addacb5202089923ad91,0.036662072,0,0,0
d990feb36764cda778e6b4ce9469654229ac716f,0.27878767,0,0,0
393fa5df9262c339e004e061809c73d7637a909b,0.2808262,0,0,0
59899e1c820cd3fb8789b9cf8648b269b97763be,0.26597598,0,0,0
2ddd54a7ddfead528f2b1de92dc8dd16be7f5f89,0.30043498,0,0,0
c7599fd2a84b3d58473fd16c5df4034a8658e925,0.31472766,0,0,0
82b547ad25147df44f27a3534a5b618755217378,0.27335858,0,0,0
62e56cd3884d224e42cc8b449ef631a0909a19a3,0.39859486,0,0,0
a85fe84ce63f873b760e311f27ec42e05f1b3f42,0.24674615,0,0,0
0a114bbdb01548a69c7a8c155bbdef7785ecb389,0.34669834,0,0,0
5310e25a6cb79eafb21408fabd744f9a76c2a020,0.058854762,0,0,0
8834c8e380b7278fc37a4e6b80a9198a895d8280,0.094472155,0,0,0
b9284992ea3c8c484893517ee9df3b2274296959,0.3550072,0,0,0
939527bcc5b80a1788d876d7e47fb45d71d21424,0.24755473,0,0,0
26e77ea86294f5a9aa929f9acf7dd76a046453bd,0.25219902,0,0,0
3adcd2103d1be4feca870536e8f7a7549f6d492c,0.30279326,0,0,0
2edb7a20f3856723fc715f7c72e10e72ea7df385,0.31085667,0,0,0
9843210e5755d2584efd3496d59e50e721187842,0.27561933,0,0,0
e6cde856d76935ce2ca5323579d2557f5412c774,0.313127,0,0,0
c460996e75df489d6bbcb732763c10d01e62516f,0.49336773,0,0,0
115198b9c94bc66c7a659a04d0e2f65959ce9297,0.17018369,0,0,0
276552d5e73525cdd29d9e809659d35f34c5250e,0.18873979,0,0,0
c0e4ebfbb0f8c38ef672394015f47fd72ba06cda,0.18309882,0,0,0
c61154272699761265a1f2e5282ff1bdaf714b6a,0.41953236,0,0,0
f0b18d27f01492af6874baa8415ad17511eb5d4b,0.49482605,0,0,0
45a0337e1d9d23126dcaeff9c0ad96c5b4011957,0.04171578,0,0,0
90f4139bf75c94aa1ed62c5f64c3ffd78a1441d2,0.048415557,0,0,0
67c51ed7ef1d7acc4010e45eaf8088bd91cb702d,0.3256924,0,0,0
9acc3e824e2efa2e496df8458d207b5fb5722e6d,0.3630055,0,0,0
9dbf8388c5bfa0c7beb15e835b3a5e6fc74ecbf8,0.043065444,0,0,0
f30855735a40daaffda15794d7abbc6ab8c699d8,0.323545,0,0,0
39513f9142cb82b84181a11905b3866a49d5a3c0,0.047446962,0,0,0
289e7a769ec9ab110f85848b281c4c143ba84e57,0.26479822,0,0,0
930015a137f6bc34127d7646b36d0550842fedfb,0.039244346,0,0,0
a270ff62852e62b5ac0f943a7e57292a72b77271,0.03828736,0,0,0
9f0d58985f4588981eefaca0408e767eff1bef73,0.42821652,0,0,0
8f346f9f1263b2fd5923abc0956134df15fd9325,0.40884396,0,0,0
ee851e403b5ab4b6b33713b08f9568e966ace052,0.063086264,0,0,0
55e8eac25d81f07bebb16d812c97edaf1393083f,0.4650422,0,0,0
c8bdf60d1d0be609094e14054be0b9af0fb05521,0.058007054,0,0,0
9d4f2ba886b003980f2c37a4de7a3e6c3c701820,0.112508975,0,0,0
8713af90d540e7bb01f8ba1fd99f6c04e41a7433,0.051110398,0,0,0
eed8a7adb3de7441751e846f4a75d110dd205f23,0.16981047,0,0,0
b9e2a97758ba6c007fcda160c4d8b0528bdbfebd,0.3048334,0,0,0
07de4dd578727555bb94ed421498f455838b317d,0.28636935,0,0,0
641aa1c663ebead0189bf001a06ee56463070ddb,0.10335952,0,0,0
b9522976f462687b0693b7229ba5c7faee0cb74b,0.036639325,0,0,0
2fd2a76110af7ae07712af01708cc00310af64ef,0.32913652,0,0,0
5723ce72d04c8ff7af8f245518cc48291701db0d,0.275654,0,0,0
611c73889b772dab7315c952902d5c649635126b,0.049472954,0,0,0
b5b45d3260bc83d2432566dfbf22f0897240bece,0.044399243,0,0,0
22daa5f1dd4396e94224841b3bf0e9f226e86695,0.06388989,0,0,0
4a9bcd0f5211c91c4c2f47313c8f8013d0dfe03e,0.12732172,0,0,0
864fda4370a8d1bbd942400dd899653fd5d85244,0.044824086,0,0,0
96eddd6ae1427222986eca344b898b3332792a01,0.248574,0,0,0
8da9a65b6398931af18febe082299c5c4b932924,0.2575065,0,0,0
8354ffffce024a97ef5e05b7cef4a82c263fc07f,0.20284975,0,0,0
0ca8f9b9feb2d74c6373d1762b1eb4a6b1f7f4b8,0.2900687,0,0,0
13467cbc7f319f7f7e9e9185a673714736e77b83,0.031962346,0,0,0
e63c5361937cc2598a3cd030f79733cc8c22b6fd,0.08026721,0,0,0
bbf65339023bf627a1843073cab699ca1831aa96,0.038125746,0,0,0
56706c8203ed023a3d21784b6e7fab40375eb9d0,0.06722375,0,0,0
274c9c1d37a47ae9bc1cdec1b0b0e4189dd44845,0.48501736,0,0,0
b88b065aa955d7a7d8f74c427b05d2243eda0779,0.14025459,0,0,0
949d74737327f114ae97a18f9bb4a4f5626b59a5,0.3132667,0,0,0
9f1dabed562e5953af25369121fa7fe221a20276,0.44535154,0,0,0
d86509b09672b874de2f933a511a1f74af6814f7,0.17513527,0,0,0
525d1fd7ca383b3426341c58ba9e2d2e886a59ac,0.4074366,0,0,0
a528bcb1ebafb1eeae14fd3e305f3636d6c04717,0.2770273,0,0,0
c4190304baa18d3a376c3c2232f45f63c479a5b8,0.38786379,0,0,0
bce159a0c905f673b8e0e4c9899543a812fb904d,0.34196147,0,0,0
333971caf33dcc05b6f714fada447e9417f6fdc0,0.2283813,0,0,0
9a6e25230eccfa131d40eefbc4f48a13ac31d640,0.2585925,0,0,0
b1c45ac691d46a8c609f2534d2adfa59c0599527,0.45498434,0,0,0
23747116069c150e26e0dd42d61331b1108e1e01,0.15915574,0,0,0
74ad2114700446837ed451f36107a056301a65fc,0.0780308,0,0,0
dc9032be284c70f53d8f9031cc90e01678a0e55f,0.2852345,0,0,0
6b9e6419fc944d3b5eac58187a6cd56e97328c2d,0.27245098,0,0,0
a424d2ff172aa3be9eb5155e732e6f61915d7b5e,0.033101473,0,0,0
004d5e672e9b2734a4c27f0e20504fc615da3476,0.06102483,0,0,0
b6b59b189c1274ae43e844863c7a2468c0e16b4d,0.030756328,0,0,0
73733206b943f8a03d18574eb7585285eeef05b9,0.40182137,0,0,0
fff00791ed30f338ffc085f099be5517dc359261,0.5944307,1,0,0
b8ed8bbd5eaaa6d3e463bde3accffdf3dcbb77b7,0.56374836,1,0,0
256420016e2321dfd266f9a2ebf672516cc936ac,0.06851955,0,0,0
c4161ee29051c6e44773fd1837d2080489727dbf,0.37074468,0,0,0
06e7d46a49c5d31abca644fadc2e3ecf6f9001a9,0.035419554,0,0,0
1e8a31f417256b9f555b537a09c13f1135addbf6,0.3737496,0,0,0
2d79319a8d4a3ea256ba1bb6364c1330518134a9,0.041095737,0,0,0
2a491590568140349f776b2a63bcb4ce74d147ce,0.4356791,0,0,0
32080b32a4eed0719b79f4be332ff5a55468ab7f,0.03353879,0,0,0
3f66e516a7f5833be9c87911952465220acef149,0.42481586,0,0,0
2a069edb7e7c46ef3c1f56e8fb6cadb779ed2e42,0.2547471,0,0,0
963757362ab2ff0f1636008815549322fef1148c,0.04304953,0,0,0
9f673d4da60a889ad5fefb6fadba1c40bb3e735d,0.09541371,0,0,0
1688a5a2444b3b636741d5675646b0b74820b4fb,0.08898896,0,0,0
284b6f5477838fce398036497e1acc206b1eaaeb,0.041823678,0,0,0
ffe28c43e0486d443234701ab9d791e703c88071,0.36509886,0,0,0
3761b5514470d3f06c9076b0821430d0c2cb2da7,0.38467735,0,0,0
a36442f0d08bb1a5b964b4c77d4c64eaf251c3e9,0.40653455,0,0,0
2ecede5902f9a132a632b8431a35daf5174e1a80,0.34180126,0,0,0
4a2e49fd8daa81cf2ce331c3a3795844e79814b0,0.041539606,0,0,0
8c44a71208f640835d7a205a7b6e58dc065d8dcc,0.044953667,0,0,0
74abd625bcaaffccddc3ca9faa1402b179c251e7,0.066129945,0,0,0
ea64efd6dc61cd9c9b1207d2da37fdbea14d6b50,0.3609155,0,0,0
530049b41c9f42e11144fbad4d1fec65ff0956e9,0.37928638,0,0,0
66c451d618577c1a1e1bf964ff990574782c3bb5,0.039193004,0,0,0
a10c6b01425a9c21cf687294bac43a63de0a0d3c,0.41134396,0,0,0
f9f92677a92ef76f92c90521904c20b8512b05ff,0.49081537,0,0,0
989135e762d3f00767240e7b42ee9e1cccbe43dd,0.5216669,1,1,0
12cd61925c37177a82d2adc76f6475e662030e12,0.3946292,0,1,0
17f4a06be88ed9c950e562aa72755c7a493b8ae9,0.39898193,0,1,0
c3768b0fba8f2f565118c611f4ced4bd6143d022,0.54555196,1,1,0
16d64a96a0a07468bb8b2d3293d374bd4373cd70,0.2796443,0,0,0
1f0919e28420fbd1568ea1c1fd4cf7b46eca9b04,0.29577062,0,0,0
4e347adfdb1a84535440d6c9f392d134a84969fd,0.23885204,0,0,0
9818f5ce6f76224f0d5d5c8ad583d854b8cc6872,0.3088662,0,0,0
dca231dd1b2629f45e65cf46b6f91803fb448aa2,0.30911693,0,0,0
9930786b2d05890fd071332dd1b9d7d7ad0e1b3d,0.23087132,0,0,0
b367c37c2e92ae652e49b361425bdc7ab3390f25,0.21350874,0,0,0
bbd32a63be1334620c1f52bcf4494de4b1e6931c,0.22202535,0,0,0
6868968abdfb03229bb0dd60e57a502db45394bc,0.2716837,0,0,0
3fcfac543d8e54b93695ea5f32b1820c5e5849dd,0.36734164,0,0,0
af50960c662e2d006dccd4156ca85ba3b2d3d5b9,0.34868723,0,0,0
99d1ccf360643d89b88bdd218fa917d365d95cde,0.2880452,0,0,0
3c32e5384eec3142bb017fde824dd1cc0db48876,0.049994826,0,0,0
b4621118821f29afd3d5ea47eb8a684f4e5ed3ee,0.24745344,0,0,0
eb3f760c1c38fe3910d979e75093da67f685e2f5,0.21726052,0,0,0
efb03bdc301d917b746e6716f2a074f54ded723b,0.25071084,0,0,0
3ff71911718c07ca1016ca855aece547061db85e,0.13808158,0,0,0
01f84f2b0d9c13ac82ad471469b6a5692d0f8cbb,0.34142298,0,0,0
a95c1598ef693cbd7d874c33eae82433693b75d4,0.19949803,0,0,0
6fb796db3d138b4e97dc1fceadf6bfdad74a3533,0.28890038,0,0,0
cae430631d5472394441cc82e142103c3a70dc83,0.31884688,0,0,0
47b76cc60f7b73188cbb47a0879aabfa0228be31,0.3833038,0,0,0
c64d12958fc711d667f26d0173bbaf96157d629a,0.27629116,0,0,0
643590426ee7255ee5e1e661b9e2ac8a9052dbed,0.34450758,0,0,0
31ad1256c66f47e58b7ef40955953e4a1c6bdbf0,0.2693965,0,0,0
3c984c22552eda0fb5b200efb3f239213a4a04ca,0.06774425,0,0,0
95db7d0aab9bea25d3a14db42a7787ef77861f45,0.30382746,0,0,0
1d6f5e40ff44f08fa67c6a2b57f7ae4a5e4b0be6,0.10009267,0,0,0
e0270b0562d42658a57c4fcbf0cddfb5673baf5c,0.27931958,0,0,0
6eebee491388abd2ad61a15d3f28b167c9f0f7dd,0.22052234,0,0,0
ae3f537711b1375c4892130d65cb60928549cf58,0.080504015,0,0,0
25ac3249dc2a40bd52ceccc9251c8446b036d197,0.16958973,0,0,0
6ce9662add46e3cf144be07f7ebf18e2d25a7abc,0.12812166,0,0,0
111c4a5e54dbb1bec6537eca02618e2287bd23be,0.5006505,1,0,0
e30788367dc7ce4e4e2d8152bc7370af8ac2fd0c,0.41297954,0,0,0
b1875ac1abf9ae86f5a589c5144c8c9902a1dfa2,0.46114716,0,0,0
307ed458578e68e68918d3ccdcf4798c57e084f2,0.4978107,0,0,0
0caff290df54a8a3b653840fe257fea94807d697,0.07600261,0,0,0
b44b3d95b321cef0281cdf130e8c286bfdcd60af,0.0475447,0,0,0
8f77bd63d8b5b2ab593b134fef2bf5e59bed0441,0.3460688,0,0,0
4e410e068b8d367c53766a7da712b1b6f3fd8101,0.05606628,0,0,0
2412c90ba5584fed123fa6a33e752e6c8eaf74e9,0.20646937,0,0,0
47ed0c7cdcb4d516e41769e38a9cd5ef4d01713d,0.08942035,0,0,0
f5ea49326cd5c09f0782b0d1bcbdcde9053ee316,0.39705077,0,0,0
7b0388878e522468f90ea163b15ccfba05616c95,0.03526794,0,0,0
a653374b2871d67f51cbb4ad2083444e9c3afe1c,0.3383994,0,0,0
430f96525f80fe4909208ee4d2aaff81c312aff5,0.32774016,0,0,0
295d46aeedf3660d89d6c578b84c410089f9b1b9,0.3551478,0,0,0
7c05411f80b6748b6b2197d2014bb98c8b0857c0,0.37887132,0,0,0
140846cf81678649b6bc29497c3534aebaa1f6c3,0.38477975,0,0,0
0512bc21bf4d0f1e391e4158adf0ae145d408ee6,0.39409477,0,0,0
283e14cbbdfa5bd246a3ea9dee5739959f64b4c5,0.128003,0,0,0
354b72afb59ff145afffebbeac8a7478d4140e75,0.2704301,0,0,0
15c72674ebb4bd99790de97b5645f1531a3a7c00,0.32305095,0,0,0
1a3d74470eab60d668859571938b470723726139,0.12388592,0,0,0
330d5cf99c1eefe3fe86dae260a8873068650866,0.35349727,0,0,0
586b6ee15f526d585628a7162d10f08deea6a93e,0.039643805,0,0,0
71491e23d68df50555c52db62ae9bfc0a2543b6a,0.03362843,0,0,0
e56b2b598a2742ae8ac97ada82a97655b538ee94,0.03508905,0,0,0
3d129b7e2f6373f7885336225d3edc93b3f624d2,0.03405683,0,0,0
4d3dc80e4b3f7fd0e034d544345a568d6d5c5d26,0.030821463,0,0,0
269e6693ca1f05bb7e2623c538b9b934fa688f41,0.03780542,0,0,0
c2452a5af3b2f1db542175221dbc19eb492f02f3,0.049239434,0,0,0
9ac217fc697b3afd0963b897edbfac265ba2f571,0.34556508,0,0,0
a5f357667b195f9cbebc1d1de8f70c6e0c28dc3f,0.0675904,0,0,0
c3d13908a2e8ca7b9832fa693ca72bc228a4e92d,0.16045323,0,0,0
283351276ff704df65779624e195701a21f0e25c,0.13205086,0,0,0
38e3e41049464fa3b8ffc1e810f87c18d91a7bc4,0.05798909,0,0,0
49eaf68b54f4114a0176ee56790d8415fd64876a,0.055604022,0,0,0
42308f780fe3d0c2223c121493f97c747226bc17,0.22068587,0,0,0
ce5ead2f93b92c815f1304fd51dc3fd3338cf19b,0.5216302,1,0,0
e8ebc1e1dfe2b0bb7b9f549ff35bd2d1a1fcd2f4,0.3032904,0,0,0
a76f39d4b284633c6792d8c7977abf8fb52a017b,0.19993462,0,0,0
97a64af2d6adc157f6ec9e4d4855b2924caa69ac,0.3158,0,0,0
5e2559e3ac936ed985d5fa9d7160a284b9a83644,0.31286663,0,0,0
dbd77cf4fb93996fb7f312bba2aaddb87e5d6a39,0.43104953,0,0,0
1e8be6ff174f1d7027e848d5788d63ef9827c659,0.45475036,0,0,0
0847a34f6d1f15d3d35ddd9f3283d54c1355b299,0.15423311,0,0,0
d1cc91686abf34d073ffc496506da9ef712984b5,0.102382906,0,0,0
0030e4bbbd3cd3cea505bb1e4f1edbfec5986fd1,0.42836803,0,0,0
3b6dec3c581f883cf9dff6f04512011cf277f586,0.3917139,0,0,0
c1ea2007d4f6527bd174869603f53841380b5c31,0.08181711,0,0,0
87361f16b0eb35ab5fe25fe2ce3cb57a96dcedbb,0.0482325,0,0,0
f10f849935076a7c773283789c75a4c35b9e6c03,0.13014418,0,0,0
034be5fcdabeed034bfb562ae7014e021caadd7f,0.35854536,0,0,0
8c52cbf8dcba19310a569a23ad3e940836b5e7ce,0.040056083,0,0,0
9d4e26a501903d404a809acc8ce93df1751a5429,0.47456497,0,0,0
7dbcbaa0d72723a1682dfe340fe05b2f0d3cd3a7,0.4288051,0,0,0
b3240c0b4dec02d8a511b831e07eb0d03094f677,0.06216086,0,0,0
d37a2097286c6385bf8cc757944bb3568672d873,0.12220351,0,0,0
39ed7bdf558cd8286e62492f6c91d2af73f807aa,0.31192172,0,0,0
100bab5d8bdcbf802af6437fcd778e7f2b9bffbb,0.042744417,0,0,0
21892745c86fa03b465cdfabb99554e9659b1941,0.05972652,0,0,0
511499162fc2ea958f3c78b1081225d335b52227,0.32842535,0,0,0
fe718980550f0221041cfdb56f83638c328cfb9d,0.097959325,0,0,0
8f577fbc1c44a4e5e39551cad677978452ea0797,0.46942195,0,0,0
76c125c3b74a390a39cdcd6666cf7e9cea0e5c1d,0.43626285,0,1,0
203918573c29676b179b673aa7e41366dc4215d9,0.4464349,0,1,0
c82fe35c48bd0082c16644d16d82d1be79d6b9d1,0.07440874,0,0,0
158d178c58e892ba87d782ecf436d30c038d464e,0.32110897,0,0,0
e8c09f05be1310ea2ded05bdd808c46a1e4485e2,0.299317,0,0,0
b184666c1975fa4050121c694e09a88060854eec,0.3018571,0,0,0
b83e111c619232be9ba0a7bba682ebc141b618b8,0.27741656,0,0,0
2a6c6ca711f0f0d6aeef30853d5eb05bc68c2e85,0.32916573,0,0,0
01911a40eaebf2aefbac34cb2760f7f77ccd07a6,0.33670247,0,0,0
ec733cbbf25c103c2c661625717527448a42663d,0.362474,0,0,0
300578058c7d6db0671648cbc5bfca84fce6285d,0.30012658,0,0,0
63950ad11917411d82d9adbd0ad1ccc4884ebb4d,0.27490613,0,0,0
f9d6655b42d8e1b1071f78cd7f1e38cbaa20350e,0.21798716,0,0,0
858aa75ed257a24acb983df372f634c3fc6c49c7,0.30583578,0,0,0
76a941217f9272693b5484ef360e8cf6491ef3a4,0.3586233,0,0,0
7ff71807ce589931a56ae6f1306af43c6b8632e7,0.21810977,0,0,0
bb1135e50c27938eeeeb6e6c1ffb3882dceb9f1e,0.5086592,1,0,0
f0299220ba7dc33b1865068db0c184147283a9e4,0.10734878,0,0,0
4a6c36401518a45a709ade671d442e061138d3ec,0.12291087,0,0,0
ae5df796be80dfafb523072e4efb30e34dbee46e,0.21736954,0,0,0
7e19596505676c5b300bddc39792289441634f02,0.32505825,0,0,0
55e9d25f779a3ba726a9904641e656de93a1fac3,0.40667033,0,0,0
3b6468ac4f765262f68d3d289d25bea3da521c16,0.3884247,0,0,0
89b1661fde38bd12c4d83b9fbe696db0c8657a78,0.030087134,0,0,0
f054152346cbd7c8afcdcdaf55c39f9967edacf1,0.0468466,0,0,0
346009fc677b252d052e9ee22c6a4cd2be10a032,0.084816776,0,0,0
4c84e204cbce349f3c5722750561b91607d3fcae,0.47481468,0,0,0
c353239c4fd22b8991e1488ce81218b1c9769bf9,0.25621203,0,0,0
516f6889c9153a59110d3ee9bdd907e95e10cc08,0.23487759,0,0,0
7b6bf45d83c3ec028e686318b8d4f1a061723908,0.2172682,0,0,0
817666037d3c09b9138b161964b0fafc76d65998,0.451208,0,0,0
c3b831fa7e4ad148d8e3abe2a0e3c089029044ed,0.38745865,0,0,0
5a5bbc662104afe8f020d89d6e560f2897678984,0.26116255,0,0,0
f8c39cfd773d797adc1b4ee19aa8fc17268946ec,0.4351032,0,0,0
8ab0ecd0af3932f40b931e1d84b2951f7777a305,0.44720563,0,0,0
599e57b27c19953487dfa3828432b8ecc7cb8b38,0.2224352,0,0,0
68ae60d779e3bf4a46064fc1b537057478a627e4,0.22711778,0,0,0
c600de52e107d1fd3d5a9c1aa1bdbbd6754622a7,0.32148743,0,0,0
8939061a3c0218dd3fd27f96f3e60e48f74622c6,0.4170102,0,0,0
cff360a340b48070d88a48f06e8748a916ce52e9,0.3293385,0,0,0
52cfbfd91e60db255c3285c90b94cb6e3a75fdb7,0.4308886,0,0,0
ae31e56476646b33b0c2a1f03bb095145a22097f,0.34534496,0,0,0
0b683acf0a5910fdc4235d3103eccbfdebbb18ff,0.4602319,0,0,0
861646b25a39dcdf79bcf5a7643bfeb28e137a8c,0.22282417,0,0,0
3ea4d5d580a78213504a4611fc7bbab58b93db0c,0.351589,0,0,0
b5955f5948a973a248731b774773bd225af39c82,0.36432406,0,0,0
09db9daa292e74b6bcff84edf406aec41ecf536c,0.32710582,0,0,0
410ab04290294dec74180043dc2aa635ca1e4e80,0.035726562,0,0,0
efe3699122699151984e8499da9d42673a42851a,0.47904557,0,0,0
d2f27093d7d95a07da901902f894d88b4ecc3e95,0.03888665,0,0,0
ca30fae3acb59a5caef3c3c21eecae7c928827e0,0.38702253,0,0,0
5ef5bd199a4e3df74479b4b363fa29b0b3092547,0.039468896,0,0,0
9e8eec78a71b7d1274043f55c9a5fc7811d53132,0.45250538,0,0,0
6a0a1876772e74a1d4a7c82669784f8bcca8397e,0.300772,0,0,0
8c5c6b936ee6d1afb75cc2cbc151887937dbcca5,0.22972669,0,0,0
484698c5415bb578cb480845e2dfa930d3d49d9c,0.32631138,0,0,0
29a7e67999568a5c86b32ef513a90d5d090ad2b2,0.49747875,0,0,0
87f142f5c85c9a7e86d02b4599e3973e773f3d41,0.047039405,0,0,0
d664776d4cf41d7e1e46b92bd8a4e907cd3bd438,0.2967474,0,0,0
847a6d07793a198d28819731e5166f9ed3845164,0.19725674,0,0,0
fea1da48fef9e28026704e9cadaeba3e0ecbf6dd,0.08654875,0,0,0
c7a5a6afd5d2f7d8c3d518ca625b7d8a1445934a,0.34171158,0,0,0
0fdd249cadaecd32a39d25301f5242f9a92ed351,0.30567142,0,0,0
a9690db48eadd3643adc34cafd6ccc5d4a5bf589,0.17366734,0,0,0
e9a2edc877ebf928ad0c056273f64cdc861ba609,0.028434927,0,0,0
74989844d7692245f9e19b0e803d748c73e91e41,0.46152487,0,0,0
4d1c77bae99174b67a462bd5a44950ae08f46796,0.37053943,0,0,0
90211fccfc48dc36b7cd81a1ce18e1506a6f15a7,0.30818063,0,0,0
e246d2ac01f1ac741aa4673aed3d028e08a63c73,0.14202262,0,0,0
36fccb4325f924bf46babd4d8d60226f8dd3f154,0.31547615,0,0,0
5ce931b904d1f2961078b99049c293c11e779fec,0.2241386,0,0,0
cbbeae7719943308494825574a0002ea649b3de3,0.56818277,1,1,0
eec10fcf0c795bdfacef4c9933585f65f953fd58,0.48540646,0,1,0
516c38fd95fff30841f9af370f50cf1f7733c209,0.5375315,1,1,0
33c95771c804abc02223f24a0234343b93ffde56,0.3581182,0,1,0
b88dd3ed853738b8e7fe9652b953db569bf7f79d,0.45078105,0,1,0
a2ba6d54852aceda5e3bf9285730da743ef04e77,0.4517725,0,1,0
350f01c78374b4df99c1a84cc32122eeeb48b036,0.5369696,1,1,0
03239b0ea42312c7b5daf4520c1ce1caaf6189fd,0.30595082,0,1,0
a428e428df2766f1d1b2b793b3f812344fa61fdc,0.38636485,0,1,0
f1a582111a26c4044c289d96ced42fc1621212d1,0.39609602,0,1,0
5c9661c300bad40cbacdb391637dacc991f16da6,0.41419515,0,1,0
daa69a5981c7c12e0af5922f0a07653446261b07,0.5129271,1,1,0
1fbb16b037e62c6af90ab89ab3ac8d3633c59a90,0.47676036,0,1,0
03cb05cebcc65b923e03fa9f41d664885bdb38ed,0.24282177,0,0,0
f4b675664a7c633bdd62d5f85fcf3f95d11ade9b,0.25432882,0,0,0
4344ff7331a4f8908478e72c5c232c7a9d5dc403,0.24643303,0,0,0
5375fd9dc55f1dd01e155af8646d1ec67bd6be29,0.23400757,0,0,0
0bc43314c1216a88d0e281e7ed66244c47c57c56,0.3023036,0,0,0
30fce9d42c5675e9cae0db0401181f84a73a293b,0.044280946,0,0,0
abf07558021a0ecc50c265dcbdc5f2f99fdbeb35,0.4582486,0,0,0
3112bc302f32a74c827d672ca84a80091b0700d4,0.5120362,1,0,0
7e89c9cc80bc3fd2aab64f25dd816c6d14790988,0.07099763,0,0,0
2247ff9601374845012558ecf5963ebb7e1066c5,0.49040517,0,0,0
76390c0b54bf145f65532ffe1e7b24639f108247,0.2720053,0,0,0
9a92b8526cd13e092b5185a59c7ff0f68a1ad56e,0.44481185,0,0,0
6ae55beb2d28bd6cf36780b4c58da41854dc8248,0.40643257,0,0,0
d681042e60a3a1e92f4c891ce9dcffd672868e7f,0.2870145,0,0,0
a793612b9e09795feb253aab9a738bd1f7280700,0.39517623,0,0,0
22fe7f3c8b3fa204c2406c3d15811b2581e1b7b5,0.066330254,0,0,0
3856d3f0a0826be3ccc6b160e740d5c7176df743,0.2678258,0,0,0
4cc3f6e7dbee9e3684884780af82822485c4c7c2,0.40736482,0,0,0
4d00e14ec8d1e83533a8aeb788437568b417ca88,0.11197538,0,0,0
b6ae1d09c384b57115bb34ed94c90e256e4b66b9,0.055182215,0,0,0
11fcc89fec70aae7eeda710e2bd26d93cb3c05c6,0.28725287,0,0,0
496691bfd82374f1c1bfee8719309343c2fa878d,0.2550508,0,0,0
6f379134ae1807cd404ed6c9579707e5dc6a6df0,0.11012928,0,0,0
db586baee29fc90f79898e9a274cc1bd585b5f53,0.3999897,0,0,0
a67bdc013c9fd965abaca375b9b47554a115f40e,0.2910869,0,0,0
b745af3975a0bb3acddbc59ef85860d08221a010,0.05109565,0,0,0
90a73a4dee53129e33a552e49cb7835ecebb3a5f,0.27617756,0,0,0
31ac0e5f3594a4517ba2be1735b1219cf85c715a,0.07285673,0,0,0
5499fa02b08b8546827a1a055c5af3f0245257d9,0.30348295,0,0,0
1261172afdae9a4b15dc9f691583261a1b020ccc,0.37845513,0,0,0
64573bb2e0bd2c7a7b1282b8a574a4796ae61609,0.05718636,0,0,0
b09b95124bc27f39e27ecfed90ce40947bcbf663,0.040403746,0,0,0
5481dd326025de2da7d89089cb969759972e7a8c,0.101150036,0,0,0
992911d0fcd230497ee3fc50dcf49042b7372a47,0.048907124,0,0,0
d0595b7121f57f1f49fe7fdc384479dd73ad64f5,0.07740764,0,0,0
cd1d329dba95dae161317c123269c24282001a66,0.07675608,0,0,0
3e3a1388368e8e4421fed0b5222904d40a8805ce,0.40612933,0,0,0
9f5af267e8c143e16f8b20fddb02ada096ee9df8,0.0814548,0,0,0
f8a7156259dcc1b3321086939234d80b6ab828c6,0.47464693,0,0,0
661008f8238acb71301b172a6aa9aaa8114d0c9c,0.26401138,0,0,0
469cf4d886f9a184168ba2d179899a600725d4c4,0.39497003,0,0,0
12d9a805a6df7afdccfac94a7061d369cc986efa,0.07225334,0,0,0
e83b4d8484cdb3dcef44ce3aede866663b526158,0.41499683,0,0,0
ff0e842058091b3310340f51a130a65a1cf6f725,0.39047045,0,0,0
a123142d947dbf38fc053c29291b555872c91ff2,0.20285498,0,0,0
45b5e0cb3a4a499ff8b0594c082d490d7b7b7c1d,0.2834987,0,0,0
29ce3e0e9ecc31a5c3cecb19246ff978fc7e7c20,0.30910856,0,0,0
3bf9dad70ea4b93de850312cec2681f3242280c7,0.062431775,0,0,0
90d775ce2270c35a7c514f5638b8a3b23d5a4f3c,0.4317233,0,0,0
0194bb8ca57e5a4a3fd5fe3c39b0ccdeb4711043,0.39731753,0,0,0
f8e33e702ca0570076c58eaa7a83baeefece9553,0.43264458,0,0,0
6c203ab46b24751c285f021caad9d8969cf2f45f,0.22056854,0,0,0
5b56985334a63d63cdd9bbea30f225013302a7d3,0.41969195,0,0,0
bf0dd95b52e0627c10c072f8b05fbad3f86fda71,0.36533034,0,0,0
bfbe9966ab45dc4787fdbc55735241023d826d95,0.373201,0,0,0
69f38e81872d70705fd7919df3d771f28c22dadc,0.04126044,0,0,0
c5c231e643365485c5805cbca81070a51429de9c,0.31300184,0,0,0
96531689d341eb26103356410280447e94529b5a,0.53590906,1,1,0
da7e55cc7aac7cb806699d234dbb90a455c21502,0.18510175,0,0,0
6913193d33ed83bcb98cbdb94ce410069ce2513e,0.10062896,0,0,0
7f65af524d6b7fa43743a3c5593c3c57fee3e9d6,0.30650276,0,0,0
4493ec15a72045bcea25a4c6c9b4858ad5448b7f,0.28073406,0,0,0
1f207424031bd81af858ffc98e64152b3ce2f22c,0.06523418,0,0,0
cf9cbbdae44b88a7cc982765bed085b434f4816e,0.34212756,0,0,0
00d9578b74a107e3811c407ecc3da2bcdb166f81,0.050578326,0,0,0
3410aed6696622cb6b7b8bec088f9a92ea55227f,0.07595541,0,0,0
8d34352d3ca40ccee76e1473d3e132f7bd8d4a62,0.24906805,0,0,0
a04afd1f20290d0097b1ed9ef2a4f476e0b79ac0,0.04944855,0,0,0
825419f9128cb7bd01ca31b0179bff96bf1a5ce5,0.05965561,0,0,0
6215969d2a1f8d95667c208af868758c8636c234,0.28921223,0,0,0
79f997c1d6976f5327cbe5e80676a65245d961ac,0.4123531,0,0,0
4ec3674e06fd98a10de28be7ba6c6036e64116fe,0.27081212,0,0,0
6eed45b023ff3c609ef423f28fc87b42d0614f79,0.22161542,0,0,0
002e4de0d68ffab9af339283f02659472a1febe7,0.046651788,0,0,0
ef8eb3d269274d2e6e4915875d027ada1efa0470,0.30047953,0,0,0
78b8d323635b47f68a93da04f04d221f3412d9e0,0.28148663,0,0,0
055cbd0d42dfec901c7b2532f7a71f937b1d4756,0.048510794,0,0,0
771841e493ddd9839a4c029db6b217fe19968148,0.30892107,0,0,0
39f6f7fd6333da2b983f7d9001a7a51f31fa9434,0.31270754,0,0,0
6bb1b9a7bcf9d4d1aa0f4c12bb0cbb4cf4e2cc71,0.4205397,0,0,0
4824774675ec1a2c9e7b1469dd93a6bd09854210,0.2828413,0,0,0
717800fc588389b143b5c8ac20a0289a9217715d,0.23600301,0,0,0
0471658da03f5b01537153a72c0ffa7132709900,0.14650032,0,0,0
bc69f94466efb770e78d1bd89a8a1bd460fc437a,0.29292032,0,0,0
7a4fc498fbe96e83af20c5d0576c42a761fe3d95,0.28157085,0,0,0
3e438a80fc5ae21862125b13e9ada9b5c30d27cd,0.23127696,0,0,0
15b4031ba94a60f20b854e6ce2c7964d77086387,0.1976735,0,0,0
543970edafd3f8e08d945612d09663060718ae94,0.46680868,0,0,0
80e4a06124a712fde81bbee093ba2ddd71851c93,0.44261175,0,0,0
454a82cb2ad2853544e641c8c80f5ed34bbeb1c5,0.033304602,0,0,0
a2bde0190da2e32a5925df5aae1f2c37a4498bf0,0.10311874,0,0,0
f9dfa3fa6b9a28439f1226c202c41df9fe2e4380,0.2670074,0,0,0
c50da916c252ab282d978da3f114b81d91ec2912,0.31198558,0,0,0
e0bc1afd7878a91fbc30e79941af8a797637ef22,0.09682144,0,0,0
aa75d3aebeb30d1bb3ab0ecabd60201bfb3aaff4,0.27122107,0,0,0
76f12abd9d81587eda4c50e7816c75607b4b23ee,0.261324,0,0,0
9900d951d41ceb438be79b2bf1822aa6cfd1f37b,0.35375237,0,0,0
f6dbdcf3acc3009f3ae17d607a2ac898e804395f,0.3682721,0,0,0
110084e432a04d061d71768c23f500f283081e31,0.31610307,0,0,0
656abed01d37434d69881ca1292dee710209bf51,0.33532923,0,0,0
d6d2307a9ca0ecf8c540b3bf7183de5d550ab099,0.334537,0,0,0
801f4f4b10c788212d555729d5eed92ee1a02036,0.32929146,0,0,0
5fa1935c52f3866f0675e9fd64bd04d153b9f225,0.38330337,0,0,0
d728087751d2e6f19504876d7a3f40ee7b1f4d28,0.26714543,0,0,0
e0fc7b4dc80a31bffc8c8f87a2fe4153e6cd0cfb,0.34584713,0,0,0
5b743d5e7270fa41de8b4fd6ced0d82a6e38c38a,0.4927981,0,0,0
dc565c4fc02421b58db9c0f0cb9bfe767d904216,0.34537485,0,0,0
ad56c3889328fed27f021bba3f071f676fc4ffe0,0.058721114,0,0,0
47e13b0fa2ca7fb11e52abd429d538c3c9ab07ed,0.3455278,0,0,0
97c6c963e2045def1f19c650f638b304f6464c19,0.35565275,0,0,0
0b7369cbb67e46586e9e031c693564ce7ca583c7,0.3613674,0,0,0
2fdea0d5f462d48a97aaca3b987a716ca2934f24,0.23691809,0,0,0
2645862ccff2183b731e7d6f1a66df6f2b04a99b,0.44151312,0,0,0
27df5e894a2133e122ca7e78c5de45d26f7210a3,0.2729488,0,0,0
619aa9bff4055f51df04f5f837605785a998e9b8,0.31711328,0,0,0
4c55341a48427f7bc0ce30f0699c673f7e69f63d,0.4258992,0,0,0
27ae87a59cb2f0d06ea21d4a886f3afb9a14247d,0.40467122,0,0,0
962128ce971b2edd3fc9e4a85b417fba01a0246e,0.405677,0,0,0
287254724ea66841b932fb5f6d8cbe37b04eea81,0.3163129,0,0,0
2b0fdf8fe719f234635f652bce0a5b2abf03bc4b,0.0573552,0,0,0
75d8364771414b52179e7084cad838b6c0a0660a,0.46996278,0,0,0
1fdb3a719283209e417d57b2d77ce93540de4cda,0.42834547,0,0,0
174f3ef3f43b680468d7535d5fa8ce3fb3a4d113,0.24851698,0,0,0
8ff705130a6c360e7d2009cb9f1a4d0a307985f5,0.19394572,0,0,0
a61f3728d4e2c6454dd0069148397745b6b3a5bf,0.034591038,0,0,0
f568436033fac9fe4dc9b38342a029f20c79dc96,0.23032641,0,0,0
c0b874406621ebda3c44029ffdf0f6017d6d8c22,0.30122998,0,0,0
52ea3c337615e386507dbafa686d1f02c03a4c82,0.31114763,0,0,0
8688adaee68dce1c54c05b44946635973b37fa06,0.038501527,0,0,0
27f467b4eab7864a4ff799fb2289cddd2c45d30d,0.41459358,0,0,0
1ffdfd2ad15f4f62b9474a2ae72f2ad0a42c6a98,0.030413786,0,0,0
24c8eb250b9c7dace0efe91fd1f36c799b174606,0.30867916,0,0,0
060cfeb90df4fda2d572fa63225c63e304c8615d,0.34467694,0,0,0
3ec04d06cd96131c7d2a508e1526a07f33efb490,0.5561415,1,0,0
ec3d2af993826b57cf47446d809db2c8b49c7a77,0.38272208,0,0,0
f79ba553c602c9cd1a673c30db79edb6b38f0db6,0.5482283,1,0,0
3e6117dacd54430e555a42a5fb8177f4553fdab6,0.5652505,1,0,0
7ee877a4db8c6d6871444abab28e95e9dad7c932,0.56836104,1,0,0
00c3c8dbf20322d372ebdc28c2b9fc25926a766d,0.3153528,0,0,0
07c01318ea4ef19ede234484ed102f94391cdcbe,0.036426324,0,0,0
f56aab06534e643ab1e413c36e367fa25e24621f,0.44862676,0,0,0
6d1c4002aad95031c84bf3bfa777852492d23fa1,0.4667108,0,0,0
7e3c917567dc3163c2228dd01e4ad90dd0b76320,0.42030004,0,0,0
167676d596bbbfe82a52f0dae6847cad025dc095,0.36748922,0,0,0
9c24b00d32acfba096d8b3fc12168bbe0ac4ef55,0.47212276,0,0,0
0e6578069293282865a3dd4843d4f80f52476e7a,0.33913773,0,0,0
81e60b1eb541557f5be44e7f663d5a816fa90227,0.03088318,0,0,0
e25b6fedefdb1967fee9f64e0d0242d6472ad828,0.38539144,0,0,0
7f8236cfa274504e0f59b95285e7fbf2efecda90,0.4296726,0,0,0
ddcfef13549be8395d2c9339632b3ebe80363d49,0.5559335,1,0,0
4a5aeb1abe8ef10eeb5488e04e688e2daaf4eedf,0.36786997,0,0,0
13ce8fe63c8972c54ca717055c231bdc487d479a,0.36076027,0,0,0
8c12ad11eea80440bbe691cb50531c70f53cce95,0.03694956,0,0,0
692be5e1d4326c6e505c10e8dfc3adeb7958bd74,0.15207635,0,0,0
a733b7a87ce7abc0da33a3d56da82b72407683d8,0.32884598,0,1,0
13218943435188789ab706c2d97da8e2aba1770d,0.33010086,0,1,0
581baeaa99864979aad55bdd45f054c8a53c341d,0.33310685,0,1,0
80fced6db6c15d7833e2c06fac4098640ff4c742,0.49694285,0,1,0
0ff845a477db67a485e7a8c1cd8265e520bc8c05,0.49278644,0,1,0
66b24cabe95485abbe4398ff468a57e5ea0e3cf8,0.47488672,0,1,0
5ec70549ae7e7d2eb97d3d56e696dbf0cef7ca35,0.52915186,1,1,0
82c95c5f951ec316a717d72a46e9f1f7792dc818,0.24826238,0,1,0
0a4b1c3b316335a1ee22ea86c28c1cd58b1bb583,0.30787742,0,1,0
3b700639ef337839c69f45ebeea59dcd061d09ca,0.41279668,0,0,0
096155dd316ed242fa3bcf0ccffb207a124e1e4d,0.42029047,0,0,0
cf5e503db4274fd2c060571c982a0fba8b00c09c,0.27781472,0,0,0
60431261912586b5fe0cc5c8b4206e711cb0639a,0.36507383,0,0,0
ee8a2c9ded95d5c77e4e43a2307ac15322d96d3c,0.31766078,0,0,0
89fee834756bbe6d9e060376f95188d66789b1f7,0.11321089,0,0,0
4f804f78e5c0458ddc6dcd9350edc222a6e1a4af,0.23990987,0,0,0
2468492a1aef370c66a6636f976543212371405a,0.27524436,0,0,0
44b5e31cde3e53b3cbeb4ea5b61728d9284d0e31,0.25821418,0,0,0
a6c881f8c42433b49eb378881b9bdd63a1a52202,0.039037593,0,0,0
a780f35fe5d27eac0c0c8aa95eeb22d1587a1687,0.034492075,0,0,0
3ddfcd62e2a1367391595d2dbc182f2dee8d3651,0.3395508,0,0,0
8db6323266dabbddac15052cdafdb02cf5788908,0.34307685,0,0,0
02d88008e65c7b66c91b46ffa80a0692ab156da0,0.31186634,0,0,0
a8f8bb545769ebc2dd0adc2071203236870b3f18,0.32625657,0,0,0
adb5bacba3fb370e84c6a8317ac01b7efdb011da,0.18184812,0,0,0
6c0db77156cd67b5efb0e00dced7e2daf055ddec,0.34943292,0,0,0
4c2bca77a04633496d7670c00dcdafb787606243,0.46512163,0,0,0
873d9776d7f3e506b8e67721b47315aebe16de67,0.45311096,0,0,0
bcd3845dcc9f26c5bac4094fe6323f03ccf6d87f,0.45509008,0,0,0
d61ec0994e594f0c514c1739e0689f2595d8bfd5,0.38696426,0,0,0
c5e9745b8301bde2bab0e46bab2313423bda7910,0.5032144,1,0,0
8f5c5e892b907ba7d05c2cf5f4dc7adb2dd2702b,0.4330493,0,0,0
5b1e314826a40490ce38b532c4ad36fb01afd37e,0.42596695,0,0,0
6912f621d22ce66e8b94710f0decdcae3354ca76,0.37496623,0,0,0
d2d23c8aa02960549451c58ed3f0e84fd5ab3821,0.34384337,0,0,0
2e6a9131a07ee0e8844e8e79e84460b7f56ae646,0.04113163,0,0,0
875e98d3fb54def645b0339fb43ddc26a72e14cc,0.32944494,0,0,0
40b6fd273de1cccf752fb7e5d1a8470eb5257a9d,0.06270551,0,0,0
7517f7c33543c0232e002ff541db6e4e3a68f52c,0.2546586,0,0,0
93f189e8a8166004e8bce70bac3041a84e389883,0.046263445,0,0,0
38ac95d9bb36722fb9b3e596911aaa7b81caa9e3,0.08104041,0,0,0
b8d387e57c79b252a1ec739c3f466892f80ee49f,0.25805423,0,0,0
90323aa9f6c1cb89337b60e966e743bce82a6fa2,0.12908229,0,0,0
36156fcd0e07726a8883a0825799734ac0058559,0.27296188,0,0,0
0970e8f84e95d8662a826f8417141e3feffb18ae,0.3938147,0,0,0
7f1ab60f7c1a30eb09cb06f23d6f010e3a187274,0.045294065,0,0,0
1020c3985dea224ad0ef885ba6d8dabb48816c5f,0.29266545,0,0,0
332a7ffebdb4c69222c75ba1b0a5b462a0e8f467,0.27400962,0,0,0
e91c5e4045a37afe8ef5bac994f9e6f2cd10a9ba,0.2821237,0,0,0
7a401a73688b72f43e4c70ab1c074a3e710b3b53,0.3700977,0,0,0
cb5c4dd73597780fce451e1b643c9b25d4ce7b4c,0.39321166,0,0,0
b6c2d3fd1f70e51aa88f8d12aff006f6b390deb4,0.4089363,0,0,0
9138cc232a21a24e07dd89cbf43b684dced80c00,0.41773772,0,0,0
0916ce72d8cdc6b4dbd213117ecab6f7cf8d5bf1,0.21250072,0,0,0
b45826e3888ec7adbacb4887f4ae1da5520b9d90,0.23102622,0,0,0
965aa7f4fafe59c4f0d09f96f98bb83adc2187fc,0.27069706,0,0,0
bb8acac034b1fcdf91a6b1b066d33f3e38a4c117,0.34018338,0,0,0
ad76167a8ceade7e58ce0ed8658bdf22ea248904,0.43478987,0,0,0
d1c0b0c922855436f3ff54feb822349e97229d78,0.19955154,0,0,0
537607d90533283a42cd1c5bb8b75b62cac684fd,0.44121522,0,0,0
50ebba3d096b49c3d6856f9cda1664be55c222fa,0.30283603,0,0,0
7cec158bc9faa1d2aa267ddd6a02790ac1f2c3ec,0.47906968,0,0,0
2b6f5d7ed93f9975b11ba631eb2f974078c7155e,0.46382493,0,0,0
b829f1e92cf347184d6d184d3c17babda68abc79,0.33334982,0,0,0
f11bea50aa42035f426343e1d0e5058e75e0d928,0.04585225,0,0,0
70a9d5f1e7ea844758ce3ed9b4f5e46a7015431c,0.06523934,0,0,0
44b28a38c3bae21d0530c85b7ac8ed52fe3d8fa9,0.048217125,0,0,0
e9fb730f64a372e05022034429d5450537341a22,0.33644453,0,0,0
5250af878ef0ccd0612cda08e88d341b13dd9f56,0.46192235,0,0,0
33f3cfdbd24c4714f8d6a7841430127b33c89118,0.08461429,0,0,0
7b7341a69bd379484d8e073d979b3f9acb465902,0.4214554,0,0,0
2d14965b4eb591ce9e0d6f0557197bc20926171e,0.3643721,0,0,0
1a867ff80af1fdad617d9b5066966b65f481742e,0.28539512,0,0,0
aaa1a0f7156df819896da55e51e17f495717f33b,0.054091576,0,0,0
caa2a94074b6e45fd4ab631408d3d6dd39a1c1fc,0.26692152,0,0,0
b6ea863a2667310b470ae59413204ff6b2719ba9,0.17105772,0,0,0
72a8407bb1272e0b6efe62a284cfb8d9ccad1cf8,0.12306149,0,0,0
3a8a2dd2a4e02616c54804b58250a6b51f9ff746,0.4498967,0,0,0
91b3989b803ac85f06a39751ae282cc5b88d6415,0.050160833,0,0,0
267fc4ed3f2d9f63921f07cb5c12527eadacf73f,0.06568747,0,0,0
f49c113d05845093aca46c22031617a5f2c4997d,0.30055004,0,0,0
4eec965458c88e4cd08783da5a30d775011fbf82,0.12636349,0,0,0
e581de2f71fdfa4b51d024b56bb38f1c70e7a60f,0.040347416,0,0,0
ec767ef3ea627c18a6cb788551f8709d2ccb1cfb,0.24598347,0,0,0
486582e34e95eee6cd9a59c2dd8298f2f39fad09,0.46317977,0,0,0
0e55dab80c10fdee37d2a07f664322fb774bd3ff,0.270141,0,0,0
2a0af129ef96830e46a75eb31464646a8bf3544c,0.47983742,0,0,0
732ff44a4bb3b41e30139901869fa1b72b7c216f,0.36960474,0,0,0
9f9ef9aa0b0063215cf0e6526768fd4bab879ec8,0.42905462,0,0,0
1ae31c786079e0b7eb6585feac71c80baf224a9b,0.31706202,0,0,0
be37c2e2b103aa83de4ccc9aa08c3aa4a1da6c24,0.31670865,0,0,0
90375f06cf8c0154fcfb792aef471964b3cee042,0.3724129,0,0,0
2bc7921b2f2b479a7a391a51054526b716f703d7,0.04071144,0,0,0
00c1cc0cc0b16daaf8b284ac0e7e9328caba5022,0.3096133,0,0,0
1d3cd1285a9f875a4b00c7fa609155288d977c3f,0.4425504,0,0,0
095cc25a6b7bf9b9f99d6afb41f44d41cb41b8e6,0.38372993,0,0,0
d68ceb121842d109b3da0f932bdc8f5b94253f40,0.16303809,0,0,0
d6ae360653de7813c0d15e315d733aaee372df3d,0.33085802,0,0,0
fc195c451f817641319a2668a534e01cca088144,0.33061337,0,0,0
75489a661dac6b1823be5804b78d31023e81e509,0.41211712,0,0,0
1ad2965a54a325d7d11d7daa07d38e0ec575e505,0.03572301,0,0,0
83b8f7860d22f0517373904e9fa7e41e9e23add2,0.058028672,0,0,0
883b6c3b3969eb7f293ee0fcddde528a161fcc89,0.051280934,0,0,0
688f9d20a0ff88c3349f73d8cd912959fc236e4e,0.43360612,0,0,0
cd31d7a1e4ced0ec0700275441563b235c236f95,0.07268345,0,0,0
9790fd24cb14e8861576404587eb2907dedd6bfa,0.33046398,0,0,0
80888f9c55abb7ecb18fc342cddc973ec4f46f70,0.27779996,0,0,0
a6d1cd29574818dc220a3751a9c160633f2998a6,0.3246976,0,0,0
2badad205dd69a9f82edbe150ca5437b0ac0d16b,0.35871342,0,0,0
5e621cb6739ab6718831e6650495096f718b8014,0.29100135,0,0,0
13fc1eca0a4e7e8215541159b93a956615b1c6e8,0.048725262,0,0,0
feecf333cacd2edfa06028db62e5d209f57f0dad,0.27989754,0,0,0
3ac59a1df27a7c34cfda89f6a84b8ceb6f430fd4,0.27140749,0,0,0
55cd95f277b1a6f5f50d0dbf064beeb092fc6019,0.34933624,0,0,0
98befb689ec8a5b034a25bb9936d63d44223acfe,0.3970359,0,0,0
d80f242fcc1f9213c179b4651ffd9b9b7f634917,0.39834073,0,0,0
0cca1bb8bad342b3f6fe085ec6807187faf4016b,0.22655898,0,0,0
2c08cd5f0c1203186e9cf67a4c9440b77d54117d,0.33385146,0,0,0
49acf7f8a5caad67560c82043cc1f755c0eee826,0.47734123,0,0,0
02852f48243245666c0ccf4d0b8dd455d2747fd3,0.3739813,0,0,0
c73f626405dc91058ce5cbf4f87acb23384188b1,0.48344064,0,0,0
c321cc96e9b3666035524af0c17767ed8e865bbe,0.42497745,0,0,0
806ab4a928235bd36fab40e23bf450e1db5a8e9a,0.031677675,0,0,0
871c1c1aec516d4d70854e4ee929866bab981a64,0.06309457,0,0,0
6b70a706e2d339ff3b689dfef7441c28d290f725,0.047284834,0,0,0
bb2aeef4bc11b17be9233572b7afcfc3da04b887,0.04357155,0,0,0
e9b70c1841c5b1c1d771bb278b34a17ce31eaffa,0.45496908,0,0,0
3fc9fc01b08334fdec57f18b6f845906246936fc,0.4951657,0,0,0
6d030727fbc3a61ed47a6916074bbeb4ffd30b21,0.35905913,0,0,0
26acd219f08cf99be718f2bc3127a41dc33df6a3,0.45074046,0,1,0
02dc8c7e77db316553699f0e371f3e7803d3efbd,0.4803047,0,1,0
f7c09b93c2386c6928a082e96d1ddd0925a19092,0.42149615,0,1,0
aad6359c39d59176c51e0d4e5ee31def1bc10077,0.45072302,0,1,0
50a7fdcaf8fb9a684a96568ceeb8643b4941c475,0.5751981,1,1,0
32eeb20ee9096257520cded0d1af33d4664f8619,0.25772908,0,1,0
27830ee8c22d74464fd3cae4e662bf0ba97e887b,0.5908605,1,1,0
59ffcad15d220c2bc1f70f01d58bc31dec04b423,0.45093033,0,1,0
41dfac731ef973b03f70d8f9c01afc67bc5f311d,0.45586118,0,1,0
199dd8dfd1cef867ad8712c7565f090f81be0e7f,0.3856023,0,1,0
61bfd7be89e97e204caea839e37c67c6f837a710,0.3786759,0,1,0
8d52f694da0484cb2783a8b35dad845322af0c07,0.48071083,0,1,0
750d338864a92521f4daec993af7ef0aba9d609b,0.25291723,0,1,0
513f20ad26f2e940e9224be387eafd5d9c58556f,0.2765129,0,0,0
bdd455596c53a97ce5edbf616a30f33d278ae41f,0.3396152,0,0,0
9b24a71e9930d7e929f9413c769ecd412fe830e9,0.2528267,0,0,0
def9299707ed1063d249559f0182f0fe559d33be,0.22721887,0,0,0
baba8cc875f5b197c08123b2d9add4cec3772300,0.3305636,0,0,0
55d3cf0ae5dc7b6f5f9f60bae65c1c5abf196b18,0.049611803,0,0,0
19b55afedf54bfc9e3b08c1636251339b2be4c42,0.058653954,0,0,0
a4fc3e9b714e9c91768c04f6268179ed582dd922,0.33887023,0,0,0
84ca5c79e31dd177169f4c074da5cb98fa1cdedd,0.14994498,0,0,0
9a9b83857fd20c38a520642553c9106de548854f,0.1566281,0,0,0
cbff61409d719d08c711baba4e89e03e2397df79,0.25819445,0,0,0
6b47a571b665934d81ea8b3d000a3b56ed1310e5,0.25851804,0,0,0
00f2cbe0dfe83947126fbfcbb6fa186899b555aa,0.26568502,0,0,0
5a62c007b8b791c025cf2d4d60bb6da1aad86589,0.27199915,0,0,0
13f756d83675e7bbdf62d3375cddae8bf4bcc599,0.31127724,0,0,0
27c4c88da63eeedf546d6a4df5f8cddd43069537,0.28922522,0,0,0
5509eb7e31b74667950d30d166c77428061d6b4a,0.2701775,0,0,0
c0eb48f7e83987c5ed112b82f0d651aff5149ae4,0.3704652,0,0,0
071dbe7c211380bd4bed252c9b7a767279d112bc,0.4487958,0,0,0
82ccf0ccee1b0981198fa67c1899b38656c0efc0,0.033801503,0,0,0
6262740b678153a5f8a4dc2774f51f0691167e87,0.081452176,0,0,0
0c429b4b93406ed5e5877b613c96ff8d81410330,0.037844148,0,0,0
0663e3e8c502118313a6c577758912c326bc19d3,0.12795243,0,0,0
c8bdb9433a203f585ca750f326678423cca328f9,0.03333588,0,0,0
6feec370c38a8776be3f0cb17efa720750377b30,0.04960814,0,0,0
e8db278a29e0b363c8fe22d2cbcdd7db36b614b5,0.2094456,0,0,0
d4e1ad171208fc1a63de63b4a7e4c08e43edc41a,0.57838666,1,0,0
49f8c2a817f811bdc9fc3e7f550a8e0b13503e7f,0.41551888,0,0,0
67325cf97946f053da51dd358a9ffca0a9676c03,0.066557646,0,0,0
0bfb0f2b5ec98b5fd85dd5ab58c6a4dd3c0a821a,0.26119253,0,0,0
2bbdd4e503e69fc06c5d371c15eec14258eac6d8,0.1686961,0,0,0
6af248a09f5ca72a7cdbc6a0c0518026d8963149,0.041316245,0,0,0
c7be7b41fb1a8da249ebba27df1b2f0f4ffcdb17,0.2040171,0,0,0
1ef212e0629d8b19a3b974cbb428a1f000f1c540,0.41168392,0,0,0
56708e632e69a889eec8bf926bb3551ad53ded86,0.060259677,0,0,0
539869352a5f4183028a3e6b33b4e002c5053ba4,0.043757312,0,0,0
6e6cb12471757b4d2edf8ce110855fa6fa7c7329,0.32599467,0,0,0
a5f85b0a383d9983ddf0dcaeb744f7ea6b5c27b7,0.03032172,0,0,0
3c8b03103f9a120be50b9e81f738ec1b903336e9,0.36547884,0,0,0
ce81551eca5b514ad588c020f9e89ef0b9da90a0,0.28987664,0,0,0
a053fefc0e9349ad5e97ff2353e3a8cf6873bfa7,0.046891928,0,0,0
8700816250e849d9f8d0fc402b090aec6ba7ab60,0.45360756,0,0,0
e896a18f4c92b81837982ae7d678a8618d09293f,0.0459968,0,0,0
dea25cad0dc2fe6163dfe78dd0d54a385e2ac676,0.04446491,0,0,0
6c870782ecd20e5d460f8454fff316834710d4f2,0.18690737,0,0,0
2df53eb9e85e7151b0115e3d293398f4b8b6a2b8,0.32226053,0,0,0
2541eb43d2716599ab687bce2a61751a3ebdbe9d,0.03972117,0,0,0
e191b9ca9486f2b4273ed5effba490c27a096ddc,0.3534101,0,0,0
35ea189f533c703906d9f770dff684c4557b18a7,0.25016084,0,0,0
afe78a030b57e3f74825e134d6615ef4878778cc,0.07755701,0,0,0
76e45d6a50da6228c44b04a565dca96432c4b197,0.09687676,0,0,0
5d072ef89fbc2532f621a5a0b4d6791cb926a997,0.04722995,0,0,0
b9c2c119c18dea618854e43639284a6eb799c925,0.30978593,0,0,0
e76397c0c7f7889f82a0a59203ad16a673f1e704,0.45786226,0,0,0
b34408aa82918b6fa8cd4033921d0331d8ef2b5a,0.14188965,0,0,0
57f493adef716d49ed1fd2f4e857febfe0a48aa8,0.04375363,0,0,0
84dcf5f3e54ee40b806108a713fd4c334900834a,0.4806401,0,0,0
344403579a552b26c0a1ab79915b7c91aac4a13c,0.07039996,0,0,0
a9159aba0efda305e6985f904072bfe82ee2a1d1,0.25022402,0,0,0
ee4ce5f4ece734cb6d3d9f0e215e42b565290fdb,0.03157254,0,0,0
c65777acf65ee83967ca394adb6619330be9790f,0.030864963,0,0,0
699d6f0eca65837501d7ab7a92ae2c614f8e6cbf,0.053941015,0,0,0
109a55735e2b93889e6fcc5d8b867451f291e9ef,0.4590062,0,0,0
9adf0d7f6ebd27aee0124c73037085abdb048748,0.100185305,0,0,0
fdfbd85433facd2259fa8bbb45bfe2e99bf9f432,0.04875032,0,0,0
c3a83486048dba356a8f6638c5cbd1eb12a93bd3,0.26737335,0,0,0
e23402c1dc133842c1acef0a2d7cd1f386647de7,0.08245157,0,0,0
718b2bfcb7b5d94b6def4d7e89f6ebc49ff11563,0.19554323,0,0,0
22a39cbc721d5c0391dea1ed10e5350f917c79db,0.22947165,0,0,0
b38438075dd34fcc19c8df877446e4014ed8579c,0.23580165,0,0,0
87c5e5377589c4fbbd499010a27b1e345ec38224,0.06509981,0,0,0
fe265088974f937c8a9626052dd5d29b1a207dbd,0.27517977,0,0,0
7b1b3624d78e659e0bf80b061756d8c6e08640c6,0.2258351,0,0,0
b2da444800d4c5d472da58a6b776891621d11718,0.34429273,0,0,0
76c4ec233c1a61b1f46df6d6847b889c0a7a978a,0.3706221,0,0,0
1d031d6eb6e6861f38e228bd587ff74e7f6fcce8,0.38567078,0,0,0
426cd8c52ef1732ad3a57171429bf7704d80bcc0,0.19063942,0,0,0
24df623ed69f86a13a2ec453f480a4e3f93b04ff,0.36834309,0,0,0
14a08584c7cf63dfadddaeec102820f9de901c60,0.27971974,0,0,0
d9406824aeba0e977c0692971a6dbb2e62823886,0.3831878,0,0,0
6c3a1bb78c3e92fded50c1c1e9f4c3e2e6e9dd4c,0.2952057,0,0,0
6aa7ba1d927cc57769d4ed589326053849b235ea,0.2617834,0,0,0
3206b41cc6b60ef2854273ab0eee5e406f9f6efa,0.22260766,0,0,0
c1d92d87157b7d5a27aa989eff14e302e15f96d7,0.4272871,0,0,0
842bf6f447aac7d05c75c6143a5affe9e383b3b3,0.43941563,0,0,0
eaeffded81ec88f4d0e7494bd544821412435ce8,0.031522978,0,0,0
59bc597a256f0146b5bb05d951ae2d84963cf3df,0.33070418,0,0,0
81210eb267181b766acaf201a424a80d96bb5bed,0.20474294,0,0,0
209976ee53c9b584c013a9b0b21ec98ef733c6f1,0.307968,0,0,0
5e3359388b0732fd1b3d055036187525eea76521,0.4599212,0,0,0
ab2aa8d6fdcdf5b3d326e7e86ac9d045f4859e98,0.3371214,0,0,0
d6beaa363bca8324c7a699ce797a89698d49ba54,0.4223718,0,0,0
65e1c9c38becbee2f84d822cd65fd7dbce42b903,0.30743912,0,0,0
822bd135f3a54b8fbeb23c313535b13c18198c3a,0.49820587,0,0,0
a7bd568249f9ec20b69b2a700da6a0648e93a842,0.11669721,0,0,0
c5f2e40e7a8234fe48e08d451d3152ba58a03ac6,0.05356481,0,0,0
933796e9330ed5043ad8e76d9fa2cb8b1d3a8e3a,0.34205988,0,0,0
31c0d3a8e94b1016843596acea17a63bed9d4558,0.04958121,0,0,0
e95134229b9066aa2f1d312a53f5a670d271dbfa,0.2545583,0,0,0
45fbfb82fd1f5168a7183e78ece89da7a60e21fe,0.30335873,0,0,0
d675cd1362d502de0a94e0ff4d10e9c4ada579e4,0.34561056,0,0,0
f5c46b9fc80754c601205e6ef13c5b7e9a5003e2,0.036189865,0,0,0
722a5af4f1786599f22e91a34af459883c7a6a8b,0.3518123,0,0,0
5411db017b093f0995a9b7807a6a4dabb0f1e0ea,0.041087978,0,0,0
31e141019010d27dfb3c1a1fb712433268b520f0,0.04325657,0,0,0
419ad3e4aaeb2471c86eec1b6799675a70bc12cb,0.086566776,0,0,0
d357d9d563c4a34fa2ab3cdc68221c851a9de4f5,0.29810438,0,0,0
bfd83b00eb5743ad4ad0d24957f84b61ef9f5f79,0.048894063,0,0,0
3378280035f388157e007a06f7fcb74698b91e3e,0.079451606,0,0,0
41a3e9c52d52f60d121ae99d281881a55e006bca,0.36530918,0,0,0
a64b4cc5329f2275a5513b12622863e99a803a24,0.10571695,0,0,0
c295a589777a35730c90b26f28f7cc938d4053e3,0.21664746,0,0,0
c29e08e98a4d1f12842375cb8fb259b8e5054b0f,0.04332555,0,0,0
d4f28d7ff397386b208823c577180938e15769d3,0.3400623,0,0,0
936b820a4e9b9f96661c961bab87e4ec05ca0574,0.4010508,0,0,0
92a07f9aa109f0f55af963f86e466c80718f9466,0.03546993,0,0,0
8d5c46f420fe3f7365579aabc8b40912a3610957,0.24795872,0,0,0
5899f1eb7239ea26291b9e38490f5922b86158d8,0.40103114,0,0,0
46a2c6bebe30989d51d59e14def38a82e8edfd78,0.3126559,0,0,0
4d5e45cdb44f61202ce439caa3d417813375f9b7,0.040161133,0,0,0
51eb5df8b27103169878575cb421e3181dcfd525,0.11653895,0,0,0
9198e9498fbbb81851048d0eb71251046f16987f,0.027442439,0,0,0
56c60017199b255f38843e33beef95e8d767a10a,0.02720072,0,0,0
73202a1e336eccbf9928bcfb5a780a0b97a49680,0.035363372,0,0,0
bc8773df85d2db0d2d5bd99aa69d7e7c795e7aed,0.031719614,0,0,0
25f3713d9280abd57a49a9979a23d4ebce27732f,0.031069515,0,0,0
d654978ff5a8980c0efe10632f55218f4de4e6b3,0.045578,0,0,0
2a31bc5fc0282cbeffe8e41c1c8c576314b4eec1,0.030732999,0,0,0
e460f4f93817bea10b2fba8aaddeb892421d2668,0.08709347,0,0,0
36940b6418283806ed10292776c9c4269923e1ca,0.34798992,0,0,0
72499caf6f7905122c97987953a313bf1c95901a,0.18500245,0,0,0
bfe3c22bc3e866fc499433faf57a9239d4f6e1f2,0.23154417,0,0,0
928da12b15c987e16b2481c43614c8e868be1c04,0.25651044,0,0,0
5e223a403e65992d2d18b1b8cab5da2c6c1aa37d,0.21284129,0,0,0
7379cbb2fe7b69aa871127e64a51763c445a570e,0.046924382,0,0,0
0cbb22ddd4cd4bd356dad0e8dca8dfe1080aae0f,0.029240118,0,0,0
d8e8908db227ec91608b386a65b5f8559d92d8c9,0.2756699,0,0,0
06033035f09c662020ffe0300983697c78d3039a,0.07311412,0,0,0
dcf6e82f8610b89075e00711e186792053928c7e,0.064924955,0,0,0
84a0d90783b095775b5d14b2a807497862d80db5,0.08315998,0,0,0
10c8db1b1ae0fd9be8b661dbf24643c0a9012d68,0.065883614,0,0,0
4f50c37506de036bb34094095aaa6d4d831bfbb7,0.07946883,0,0,0
30280a9ba706b330cbf6b18e6f2f6660743c0f16,0.44830272,0,0,0
9cd31226588fa303886b9daac162d5aa753e8e15,0.31037378,0,0,0
2736b6fe0b3fa22ec8e2b4184897ecadb021fc78,0.16921063,0,0,0
d3fc1a2877c165a57949414f5737ef00ffcd867d,0.35243303,0,0,0
459cebc515b11fef06464b711b3b33cbc1dd8c26,0.14028524,0,0,0
947c01f6d8000122a174da3d668208eec877a799,0.06989115,0,0,0
72d00532aa8f0fb96371f01688ace8b9d53b17b8,0.069852605,0,0,0
27fb1044f1f244a9f8841f059392bd7e595797a3,0.46862084,0,0,0
467386105ad855e793a09632142c00cd01c5dd10,0.43578616,0,0,0
9e405ca54138b63a4daff58d14d0527fef1e8e66,0.33516878,0,0,0
0f98e790a43b17ae1bb60d264931fb4f13300762,0.4901151,0,0,0
8f957f527b9048f51aad91b544bed35c48bcf3a9,0.36797678,0,0,0
f03149e07dee90b23369d1cdb7f15c142df5e31d,0.27062514,0,0,0
48f7e179e4c5f4e59afdf0bfb4ec5228692e00ec,0.16989064,0,0,0
91a94d9f47b2bc928eaaf83d7c9dd06c235a2824,0.26324114,0,0,0
b498cda5bc8d834ab311a6a3415e990100d8a81a,0.29112774,0,0,0
276b2825778c0f6286ead1dac0dfe5fca307e77a,0.3350948,0,0,0
e4e03ef4c091f5a35da0d97a6a35224197b8be02,0.5427485,1,0,0
d24dd1a3abc4624be55c0772ae4432686ee18792,0.40535197,0,0,0
71fc2c4c817a8c9bb41650d5b27a89e207a68c39,0.40601784,0,0,0
f0751b65cf680456557aa1bf5c56b12f5c1a0fe0,0.5050297,1,0,0
d08dbbfdbc41cfafa122abf06d39ed543b473464,0.3641928,0,0,0
a4705cc3c310ffb422336b319891f63eef021f1c,0.06501954,0,0,0
e996235aeb7908c74e85fdcdf1369a5e46672169,0.0325767,0,0,0
0aeeb46737c5e4a5d8c21c26e6793956b0296cda,0.26867038,0,0,0
fe38f8892a2e99cfb6b941c48a57e1415d7ab223,0.42393318,0,0,0
9e801d916c3d163a4cfcc822e50dd75ac7cefcc5,0.036170594,0,0,0
ef0fb794d49e9184913581f561c87ba8c62d5e4e,0.29708222,0,0,0
0298305934801cf65136ce20c59dd133d8ee4d17,0.042386405,0,0,0
9ba69d7b9af1ab71e0ca2d0044f464261ae6a199,0.2979817,0,0,0
c6b8a383de96cd0a8e94037a04510f162e4bbc68,0.04026594,0,0,0
7b813b674adc6c94a6c9a19524913c07b7d8bc9c,0.35028043,0,0,0
559de2c461e94ab636c959149c775bb27111fb48,0.46250638,0,0,0
16c983693a235bdc45c6286a1e7b01d8ef58907e,0.33172444,0,0,0
3ad22fe3d689781a76a92908d0bbc119b2c68892,0.31545916,0,0,0
8691eb95522d9421a8b2883bf65e535d581f1a06,0.5204267,1,1,0
eae26f2ed787c88c07ccb83f0e5550689ad47bca,0.12603636,0,0,0
4b6d66fbc021744136d02733ecd375cf1fde2bcf,0.3325101,0,0,0
1cb454d0221a6ea535f1c0ec5c5abcaa3212cf1d,0.27986062,0,0,0
8d4b217045ac12013e9c1986dab89451fceb478e,0.33040932,0,0,0
5c7c7a419f7dbbe738dc40e4e00dff3637b38b13,0.5130899,1,0,0
de4356072f1dcbd81f721c17be39625d1f8cdbe5,0.38205233,0,0,0
cbc4aff11a1a1cc5c18efa68877379b9b2bca30d,0.56536376,1,0,0
81b311fd0d2a084a0c29740714076218fb6c2302,0.5776566,1,0,0
f8b79d0c21165faf4dbd620cbc6eae9dcd3ebf42,0.5035795,1,0,0
70f580a56ae8edea6178be6b2188472f87623542,0.5204451,1,0,0
a8b7f6e98ae201787b6a77c00531f83026c6eb4b,0.36451504,0,0,0
f7c21753a9f0e43a08543d43af7e8564b6f33a2c,0.5975911,1,0,0
64b682cb6a0ab5976596065291fd07eb662c5a73,0.41799325,0,0,0
316af191841ab980570d0c3c4f5f91bcef1d45de,0.5230387,1,0,0
1b43f08e9e06f604432e20d5d8feba05afdebd1f,0.35015455,0,0,0
60de0da4acbaf41818ecee2e0930c8e9e9257395,0.5927027,1,0,0
21b8fd06473bc5e6c35b80e4d1633da283236487,0.45201522,0,0,0
19bed73bb2fd71a1be7a7f26b132c47d5c81fa72,0.36590725,0,0,0
77dc36f5644910cbffbedb9dbc7e0b118b14fa66,0.38496602,0,0,0
e2f293ce22aaeff7c467aecbf6a3299e71d37a07,0.37898204,0,0,0
d916c50745b109551d81471f408250a2ec18ec84,0.48648545,0,0,0
dcf5c40f880c86d800a4563dd203e5fb89f3cd8e,0.48953733,0,0,0
07ad5e56818b6937986a1327fdf13102f9baad61,0.14331575,0,0,0
6ba9e778ef1f99a80f8463fbf68b39e02add6797,0.29724443,0,0,0
757057addf72d587387055dd964ecb2a562a2cc3,0.41923454,0,0,0
cafd9c77865ecb86ed9fd71637f2bcc87ce7e2d9,0.5535188,1,0,0
0c0fabddf6dcbf8411689df9c5cc29115da18be1,0.311292,0,0,0
a2c0152ba2c45680f399a7e4d74f898ae3184f39,0.3857456,0,0,0
106c77756d7e2efff5355d0587d17cc261ae2850,0.4105208,0,0,0
592c9464379f97d67a76747faaab1af2316febae,0.20094873,0,0,0
9b71bf1406e0eb9892915542232211ef47602227,0.33586642,0,0,0
711846e5d03d6743205f8c747ab78c2ea43714f2,0.39970666,0,0,0
d759684b89fdf0d3cbaa033f8596f0a78a466b52,0.53185403,1,0,0
c204f7940bc73acd6893bff489fa970edbaeb5aa,0.30631542,0,0,0
96099eec30e81f16efd94f385b45707bed515ed2,0.54468936,1,0,0
0d52823fd924b806857d4a5bec6fa9f5b6ed30d3,0.5389925,1,0,0
5db13dbb9e7e6b28b443017397c8db3f82bacc95,0.34039846,0,0,0
80a819dbb4cd398a8eca38008656ad45550d553d,0.46658963,0,0,0
be38c1853ffb59825df763d61239992b9aff9127,0.06018173,0,0,0
06104090a6edc145cbdc2858ca224c12cbf66aec,0.15398164,0,0,0
509cb24e2c759eb17556fd3d2a158e3fdf60ab69,0.08130359,0,0,0
6eb761413871082d2ea128d8e132dd5ac06bbf4f,0.07175007,0,0,0
046f547b562ba2df5bc03f9a5c0125840a39cb2f,0.506914,1,0,0
b24e7f33aa4c19352a5aca076dc3880b3924ed61,0.404606,0,0,0
4f0841e04d88db62129618493ff85b87efec7712,0.36040935,0,0,0
437ab1b6235071e572cb3fd39aea1abb6a9a78cf,0.3773892,0,0,0
251bf6b18f83b8391ef3dfe83157ef5c51148fea,0.18654753,0,0,0
031f8ff3212c426ca7510dc6fd160dff22165be3,0.29278496,0,0,0
29402ee9790273d3957f70bfe9b281d3630d2f38,0.16603275,0,0,0
5faba67982689543f69fd316c38f16b7ce39225b,0.5591952,1,0,0
6f6f0f698dd81a0220cc74d6c10f545f23374bf4,0.06525629,0,0,0
de1d783fb598786fb054f05c027f54c79d054eb6,0.053218435,0,0,0
8847e59f64c43651db01a5c066c844940ddbc475,0.041190997,0,0,0
ad21dbcc8d97dbf7b553a3e1cf6c908854ff1ab0,0.43759862,0,0,0
321fd426406b6e60b6ea1bf9bf60857d6484f0f4,0.087448,0,0,0
35e75829ef4a2cb124718e9a01301621d82ede8b,0.047228266,0,0,0
08233bfb9c8f554fa7b236d3dc7bd622d0ce154e,0.3615533,0,0,0
5155f49df062171fec0a73480485926c1b428e2c,0.512175,1,0,0
8233b90eb074a0d04c503bc0e23376d4cddf02a4,0.33064348,0,0,0
f8b4e224b0c719e4d9aca6b26c03214963cd6af8,0.39624366,0,0,0
b5dd05b28613314e66cbd20906daf40424433331,0.432142,0,0,0
b39a4adf6f31875e375435ca720a8d2e06ebcc53,0.33908826,0,0,0
81ec66a027bd860d6da043c3ec4c15500cd77b92,0.5105792,1,0,0
686d4aa79adb4d2b1e62a97e73ac150fb9f8b291,0.28456444,0,0,0
a55b13b7a0aa77d3e194563126f22db057873142,0.46134618,0,0,0
a721a26fad811ba618ff4fbf6371a43f851fb21e,0.27570754,0,0,0
9fb7a6368684ce4f07db72c4310fc380388f120a,0.36525306,0,0,0
a59d8f1b4504e30b36c7a22ef2e087cbd98a7553,0.31085658,0,0,0
c2656e9926477da08cd26d60e55691ba26ee6b9f,0.19972536,0,0,0
8dd45d4129046ac0b4f819e916beba6a699bad23,0.43853587,0,1,0
043a39baa8befc916faa0d4cca714b9fef2c19b3,0.49901363,0,1,0
edad71ad47d5f78d7cc93f2f281bfb3b60c56200,0.16239025,0,0,0
b696e321d599319a4bc94e055af27298c979874f,0.06613575,0,0,0
eb0d74bc8ad21b9ab7f588a9fcf129001ca3d09f,0.05331172,0,0,0
b01e9e0720f663f3e4fd0dd0a03e013957998f84,0.24646576,0,0,0
b03c73b9607fe2c49678d26ba19d9bf1b342e7d5,0.04812338,0,0,0
e4a3737c6c07420ee7c27a968c443b04d71c3eaf,0.14426339,0,0,0
b702664be09458c06c7270520c4500b5764fc036,0.4609727,0,0,0
388dfbd3f2f7ef66e0b8c62797c99305aa964247,0.1161586,0,0,0
e4a6a3ca3a5dcbcbbd65edde61bed03977a75af3,0.17423633,0,0,0
88acd6de3508aa297affb97625acce98877fa98a,0.40157646,0,1,0
eff38bf063fbd052cfe47bca56e4b2d8073b6ce6,0.463039,0,1,0
aa4861217bd3f6876331309a92dd5eaff303b1d4,0.35883793,0,1,0
9e360ca017b1f639957c799a8b7b64047c286d93,0.6042253,1,1,0
00513a091d6cebf1ed4c5e2b6619dc36a4b5bbc6,0.48056114,0,1,0
58d258c7768cfc3ab47e455549f8e10b8a3bdc0d,0.42168617,0,1,0
6322cd019c486b6b98cd3f94ad9097245be3447d,0.30279058,0,1,0
5c81e7355dfead2da26406b1c787e8a449bb6beb,0.4492294,0,1,0
caa82d3e1b0019b373c55c23168bb8c007fd6100,0.47726917,0,1,0
9e2996fef15bac17b20c641900f4e641c40c6aa0,0.45593393,0,1,0
9e1aa0406b26f67fd021465903a2627b960e8c8b,0.46773186,0,1,0
bd2d4a000c4d5b4377e9a28bb225d3f61d45de31,0.54750156,1,1,0
16e434606776d7961f8b67b7d1062e15f23facf0,0.3580678,0,1,0
d6dff710eee0d56a1df3a761112002e4a1ed5758,0.27719635,0,0,0
83f194c1842b431030b6296fe59ba4eb20ef72c4,0.24306218,0,0,0
2b0270addb3d1f3bade8bdf1cbeb7a5c263de9c1,0.4739394,0,0,0
dd9ed3fa5cd6dec0ab5573e464b2cc5258066695,0.40356636,0,0,0
746133b210300aa581efe5b6a9bcd8969f2447d6,0.47605374,0,0,0
5629107ed8ba0fc170a9cec00980d17dda25354f,0.051574174,0,0,0
93b8e303efe494eb2e62a8d504ca92b7b60bc874,0.084648296,0,0,0
32ab76c1cf4ff1f762364fe10f08a54e43f0cb42,0.04257067,0,0,0
2b9dd184be2aa29b7876b15436e9967a1683d8e1,0.037555978,0,0,0
0b2102cfc42afb2629973a3c0f2b9d614f33be7e,0.40866143,0,0,0
79ab66952eb3f27e99e71a902b482ea3d9553321,0.2460873,0,0,0
50f831cdcfa0c30a5c4403d77c363dc56de11e0f,0.044042766,0,0,0
ebfa9238effab582f48400c371a4b8c07e8d3bf3,0.34174535,0,0,0
6e2d05638b243da413658003647f1a33adb49933,0.0666942,0,0,0
8862e06dc4d4f47e3d7e9e06e8f0581fc4767c61,0.43541256,0,0,0
4779067fb3cea6527ea4fb9aef97b8497c516912,0.038634777,0,0,0
d8f85358851e6f59a50112958c91da7ba5c31c30,0.4938308,0,0,0
cd639652a35026e9e890b3a74dcdd138c3e1f395,0.11064117,0,0,0
dc59b87231431d9b95a2cdce857c7d6d09f34684,0.44801113,0,0,0
df416d3a5a0f688830c1787666b1017981b27233,0.43839127,0,0,0
72f1d8a48a261bb0a15bd879a51559ca059a24dc,0.38164878,0,0,0
75f54c482430c99e107aeb3ef8b6742007fd0544,0.32073352,0,0,0
f070d7c0174e3588c5f1f1347a7baa839c97262c,0.34260157,0,0,0
6ef334bf37cc066387da7cc06d6c1837e3427808,0.3295865,0,0,0
31b4fa6189e23d1bfbeadc4357bc680bb0dbfff7,0.35111213,0,0,0
46d1a118370309516351336a252c09329d51928c,0.32981157,0,0,0
3b0c26329e0d6ecce1d72536268e42db57fe1302,0.50289017,1,0,0
fa2875b53071a837c52a6e6a72bc229176210227,0.14078213,0,0,0
6bc8cb6861de786a8b7b95c4225a6c97ac13a76d,0.36524868,0,0,0
7440d7886c633fd99a994c34f261c2890b3897c0,0.44649962,0,0,0
1f564c2cb6346539416cc094d9bfb9dd50393de6,0.454095,0,0,0
c4d6e6678a1380ada4e8774e5c66a4592ecdc5fa,0.48653665,0,0,0
2847adbb14c0d6bbbf2d905efd3d507a58424555,0.04550181,0,0,0
f6a5f157cd72d25a2d3da7a384dcf4786f511d42,0.39930555,0,0,0
9aea59329362a8100237a0076e1f071237eb76bd,0.42774838,0,0,0
607627168519405b3727ae869e5f491f65a33163,0.29848212,0,0,0
3a7cac6ea395f6ad28240b4eccb4d3379e622998,0.36173,0,0,0
5894c4a557f8e760b78e49fd54c0c4a804c0b5ed,0.10343193,0,0,0
0729366497d231d045502806847116324e0b5434,0.17661679,0,0,0
627ca74cf81eb95bfd01d7f036fedd85539ead25,0.13831712,0,0,0
0535fc054080c5d9b8667da41b2dbb3dc88fdd77,0.044460114,0,0,0
563c0c459497a5f07a970068d4e84c835b20a4e0,0.12495434,0,0,0
d6cf5ed96ae5c3d6264057c129353858ea7aadb4,0.19550653,0,0,0
0ac6c73dbdb75e156a3e5c06ea443f371749e144,0.04619733,0,0,0
9cb1dfc36fa3c76c11930a4f6cb7ebc175a77c53,0.3504514,0,0,0
e81d716573a9c986081254aae1526883c37ef498,0.36135083,0,0,0
5e1d3501917aa22b0d40e48235d0a97bb74f1681,0.3287443,0,0,0
f09035290b1cdcf54f40c331e8c84d925eb454b7,0.46617797,0,0,0
ef9974af8ecfc809b18fcf3e238221a61e65b6fc,0.5402948,1,0,0
87e18b1cdd76581940c6c5e1d1eaef6e64eb02fc,0.3566702,0,0,0
b3028cfc9922fb266b2d0da59989b7782532f24d,0.09277149,0,0,0
751461e58213b0e8296dea6dbe04ac650c9ab728,0.33350003,0,0,0
422c4f5d6822a77679a2c70166d72adb7d426c98,0.31017402,0,0,0
f69ebbb0e8323cb635ded0d56bd5ff4b60f631c6,0.058982726,0,0,0
15aca89b0c1308137f66f4e1fa479a4673287335,0.470312,0,0,0
7af83ae82144e9f7223a24ff96e544ddd1700bd3,0.1890843,0,0,0
4edd8c4a18ee1ac19791c63901a0917dc5224435,0.541074,1,0,0
d645125364e998b3f0648c6909d1afe62791f836,0.15860131,0,0,0
ca6cabdc42c3394d55a2a20d5c6f8b6fd9f7446c,0.4710146,0,0,0
805f5ff26a689d3d89c64b13b9034d1292b7d3b0,0.17078283,0,0,0
b37c8aacf143318b992154b642f3d04b7b11f327,0.24462095,0,0,0
61d79b7e77f488ea2ebfe6862a29b4149ddf20f7,0.19858886,0,0,0
77986d18d70d7d99777d973f6910b52d84a802e4,0.2745904,0,0,0
2b5e291952f780e50df8c47707bcca2fc8d5b306,0.4179195,0,0,0
ad664ec95daeede3805e086a603971d2600c50b6,0.25073114,0,0,0
d20ae38fb8d7effe60a020efec1b5068a0e2ac8a,0.37351203,0,0,0
20d026bda72139b0b17e892e1ecea53f97e4569b,0.04250513,0,0,0
680d1b95a699e73ee8765ac846887adde681eea4,0.037150368,0,0,0
6860a7efc3c6975bb258fb892b7b0087bf1a14f4,0.11384077,0,0,0
86cc1db6887178f4c07cb0ebb190b694900d8cef,0.14421964,0,0,0
459b179d687021a7991475787ba82424001bf863,0.08314066,0,0,0
2579c0909256b6feacc87fb9944c50198fed02ae,0.034681443,0,0,0
296def5ae78622b8c8e6e4fda2d223d76bd251eb,0.3190984,0,0,0
310709eb808205afaafd2eb23f557d9b2b0bedc0,0.29062316,0,0,0
f052896ac6ece2b36c36706604780dbda90b7f41,0.21815659,0,0,0
9912cc90ab10fe23ad633dd87847f170fa443874,0.25332242,0,0,0
165549671cdd9ee81fcc8e4e5ddfd4e62a116548,0.04570786,0,0,0
e48478c8bcaf6720b300b8fcd14475fddb7f5066,0.32073873,0,0,0
f843029843558642c5c29f4788b539a819ac3a59,0.3000454,0,0,0
937365e1a9b2e185ed4d6af9411cbffae837916c,0.29933986,0,0,0
de681e1b13c5af66b1a1f2301d8b094525cf6edf,0.44688314,0,0,0
9b14935315ff59eb62aa2cd19298e19c4de76004,0.2958949,0,0,0
1457605d24601e45a6b21f72078b4063678283cb,0.42878318,0,0,0
2d89208a6d21e28961f0d8057a704fcbb61984ff,0.36054114,0,0,0
31d4e7fae9743ddfe08aa32c8e638af887333425,0.36962458,0,0,0
c77f5bda4f0dacdd5f69d01c2b7b1a4499b381b4,0.036241908,0,0,0
2b238460f659b0bb00f26f45fb9fc60968eb7874,0.05156925,0,0,0
f2afdf33061fb7cf8f3d0d2a0fd75b9751fdbcb5,0.054665178,0,0,0
aa40ebfb5968ec48600d3555fc8bf3b273bb7139,0.11869253,0,0,0
2e511a4809edabd77779939e43c448bfe1a30fdc,0.12806952,0,0,0
4c284fa75377ac279ebf4b06991896e587caefea,0.096308276,0,0,0
dff58f05b8ab7322a6dda1d1e58b54e51f3c916c,0.13370356,0,0,0
ede779611ce2e816b4fba650591f2f4b07ebcff1,0.08382802,0,0,0
24450e97f811ed25a25384f24d7f8a2158abf61a,0.12821658,0,0,0
ac14c89ec0a57fc14f37d709c7eb8f4355402d7c,0.12825379,0,0,0
70e28a6e5b835281b74b3c9d8b39fd4b30c86c31,0.34192252,0,0,0
3101596daf7b37b7db692747a79b20f45c6c61e9,0.21713954,0,0,0
2d7ee256f10ed2b235a533aff73b67166cf41e6f,0.31018397,0,0,0
6cd3352472b99d11549c66326dcd1243c551a4c8,0.29910266,0,0,0
c9bac8cfc4563b5f377ada6db19b0252eb57b4e4,0.33503115,0,0,0
a48323e4877e3466d9847b28d26103457de05719,0.26009423,0,0,0
9758c4f3c61fb0c814e4c54e378812d388e1269e,0.047936857,0,0,0
b93829390d6eb3dd337faf79235bd8eb2efdf17e,0.036076255,0,0,0
a3c33f6ee887789e695f289172bb7a7e7beaea5e,0.43386975,0,0,0
00f44612507728a678f64d8bc3144cb7ec49d0ad,0.058028795,0,0,0
a9bf61161b4343011d51724a505e82339fd9992d,0.4008184,0,0,0
c486706099b3dc4ce34d16e4e0a3173b9de7dd2f,0.40792257,0,0,0
6a46b00a397374989dd5038de9310d292fa88452,0.4403028,0,0,0
04bffa014d7473d62b972a4376748f4381c782fa,0.39678,0,0,0
c172c147b3c33af78c3d7320939f416188bdaa93,0.27240393,0,0,0
af46d68230bed03777625577374204b2cbe22e9d,0.3038917,0,0,0
0177a34c51bebc5e028af7682a6c6d1ee9c271aa,0.23895642,0,0,0
e8626b9972b23f1902e7e4c0b2ec03c4cfea91b3,0.49296194,0,0,0
fb39a0a1e1bef9e40e9b358278e783fa7d402314,0.039914038,0,0,0
1cf57633c98f5559c203bb48f1d8e2b22dc459ba,0.35154164,0,0,0
621d0f57e3fdd279ef1e8e0e9beda859e9d7be74,0.44109014,0,0,0
4c3b552c6d3e8f08e0cd41577292103a5c549142,0.40973997,0,0,0
fbb560af0395d2ad4674bc6e0f406aa05e3bbf95,0.40142718,0,0,0
c7ec8c54bf2b458a2002f24a3655c17a2bc316a2,0.17192264,0,0,0
7c0f14aa7c14e9397e6cd68683bdab77218a5d92,0.38394758,0,0,0
57370d049dd7b05d35096ceb475b4f80494db5ed,0.19215521,0,0,0
222061e1a92d6abfaabfc9406cd655a5ca8ea2e5,0.07930239,0,0,0
064cecd073953686418d089495eea9d534af9e73,0.089106254,0,0,0
add2c3098953d0766950e8dc78e3484a46bcde7c,0.06373798,0,0,0
430aff38a3c4428ce43d0f30f259ee0b8b80122e,0.06393444,0,0,0
eb4e834b6ae3a17756bd2732ced075ad4a0e5ba6,0.49860522,0,0,0
d3d180e84143f0e801bf73494b1a71f77d2c25f7,0.04398153,0,0,0
2ff50c9e620032456165037fe00f3edb99711d53,0.38797936,0,0,0
71a07dcf9ad6211b83810ec187b617d005b818e7,0.31077164,0,0,0
252254380c6b9ea99fc978b6abc1b3b4fccf9cf9,0.41164866,0,0,0
d34cd289ee1291b6a7d1b4675394248be2b8ea6b,0.34184644,0,0,0
3fffb43ecffcd08fea1f28f6106d5c3c8cd97091,0.04539577,0,0,0
ad548a350635141c415930c70ce31d8173592a0f,0.4031286,0,0,0
3286bf48497f3f831f5034569c8d37da1ed6e76f,0.42703485,0,0,0
38d899e0f288a24173a6c4c5898bb176102ca9b9,0.44034818,0,0,0
e9999fd04a6338058d27421f427304699dc53c29,0.4684729,0,0,0
3e1cc8f9b982bce46c6471475bae47c281be41dc,0.30344576,0,0,0
653ffe15ad341350015201a1ec3188faffb4b9ef,0.3113154,0,0,0
176910a51361cbea23194d5483256594d7f09ece,0.57569045,1,0,0
4fd9e0be85d9dbe6b969cfd434dec6eea988228f,0.6151103,1,0,0
294b73583fc0dcd548ae95a841829f9ad2ab3ed0,0.61331666,1,1,0
8af453cdab42b5276cec2e89d83ce5c87d70a137,0.3216078,0,1,0
13d84663bc4eedb2e9e4035af75622b0a3cb480e,0.343832,0,1,0
5a04dc554ef53ddc39895a9211286b9fb2e65586,0.35882545,0,1,0
24bed1a9bdbe3a1edd46bc3b2af83ee385e041a9,0.5043779,1,1,0
51f09376456ed8dadc2e801afaa495863fd7ee3b,0.41617516,0,1,0
72562004cfa5106472f61efc5d456788bbc256f9,0.52725786,1,1,0
160a0d35f64a52b9e31a725adc2672498d1f3f29,0.35916054,0,1,0
2ddabf3b84d42184d9781e02a936fa1160177866,0.6555041,1,1,0
ffed230ba8958ba3bc27310b71b0c6df589c3e63,0.43444312,0,0,0
add1d4f07c925b8a9044cb3aa5bb4abdeaf49fc7,0.049159434,0,0,0
6cb6acb44a1cff4136125faf763e67525ea696b1,0.35473177,0,0,0
1ca3222078064fe4bc1f92fc94a58cafa39f2643,0.30301023,0,0,0
f183402ea3aa777fd7fe822eb794837a8e0b3478,0.04699047,0,0,0
4a188d8d13e44b397bb40ce1280279d0c9b1feb1,0.43814588,0,0,0
3d51e770c28b404ac119acd7c108ba174251a929,0.19401969,0,0,0
1e802da3a611eb2953c4ec3c650436278d76b9dc,0.034032468,0,0,0
3c07b123c22a2fecd875e76371afdaa5a1d5b9fe,0.29901078,0,0,0
c6af3ed8a52ddfc3c54c69dab18e36345ba5b92e,0.39087328,0,0,0
e4aa99d3f603e70c7db3a55ae5d59470c1a37f58,0.39285868,0,0,0
4170eeb054ba1414eceb08ec6c0fbdbdb17eb5c2,0.35204503,0,0,0
cc2fa8a4b8f4508dcc05044f97acac50dd49259b,0.09242988,0,0,0
16dba64c31c3eb18ac916d49f1529fe4810fe754,0.30837524,0,0,0
b5284cd9b0d66523f6aa0a57576beace90c86e55,0.48515302,0,0,0
fd61fdad30c073f5b2576d1dc65452c5e4dac657,0.5819619,1,0,0
1c7552b1a3c2bbde15f98671c7b7c1424494c128,0.47516444,0,0,0
7cacb1830c3385098d308979ae45e3ea42b9b16c,0.045457873,0,0,0
608d50697c5e19a8249dd9290cd15b652f5f01a1,0.33149695,0,0,0
fe87b23fbd86d8f978142dc326231ea6bd4a61f0,0.3904012,0,0,0
5068b6f0082a020a6124cd7e652558efe3ec5f37,0.21804744,0,0,0
b5a63d8162d8756e4ae73b80ff125439a1b47613,0.07775747,0,0,0
24664b9397a6dc153251ffd7a4d3c01515988748,0.20974775,0,0,0
2185f5946edfddcca8a5bcb76160212bfe2ef797,0.36781847,0,0,0
8eb1f763d0cb0f98de1f12e3d48d9c516f5ac7a8,0.3633103,0,0,0
77a24a9fcd3b01961f881143e485b4be0826c139,0.043181676,0,0,0
23184e15023157312d7a8afe0adfe30b5d7864a8,0.4643067,0,0,0
b51ecd27cccc520764c9ae53cabcb61d67d46d15,0.481334,0,0,0
8a2ec5ebd9afa8a299cfdd5d3cd359898346588a,0.08790134,0,0,0
07dfe0f23c3aabdb4dd47d2a7a26bbd75934da5f,0.16246556,0,0,0
b7c533baf4ce8f0fd3d3e7d521cc355e71bca797,0.36648202,0,0,0
daf6bd54af7149e06961607f36e3034aec1e70ef,0.09444109,0,0,0
d3c8c564ceef470411821b5a6c82db17782ea3b2,0.45367178,0,0,0
0a8225712e4b4a4471c5efb1ca11e97e2ddbd71e,0.07651437,0,0,0
9d7bb4b52a78301ea6256ae20279a8db63523e99,0.30278015,0,0,0
2ae95bd6e65f698120eb3a7b774b4a7b252ce168,0.48812592,0,0,0
8205f0d26abda68a740de8c962a32172d2bc7e8b,0.4489681,0,0,0
833ccb78e61f01d1525f6c6af6757ad573d8a78c,0.357348,0,0,0
b2c982294b90f03d507e3078b0b3bf0a359a29c6,0.042293757,0,0,0
f37f373a04af7de05b089a55bfb4d2d86d055fce,0.30508164,0,0,0
9c2d135bb030213819e40f73c47e7e33d35ab3c6,0.25258473,0,0,0
3dbd158c7b0b1df5785d3a395a3ae058b7867381,0.3576214,0,0,0
2173d87cf4aa84937abe438d0f836c8fdd3ba1c1,0.49068958,0,0,0
ebb424989c23060feb869e0cf817a4d5285c853e,0.2509249,0,0,0
ba8c6e130e524fc1454b279ab329b03a9877b13e,0.43322417,0,0,0
e354e067ea6b5d099db609aff76a199a81e92d12,0.3366163,0,0,0
c9621e30ba79b20322f449e24a2f438918ce33fa,0.45425904,0,0,0
4f9c6c24a8b4b03e2836c77fe2e53e38b6519420,0.38748688,0,0,0
67540b32bea000574561485e11f7f033be1dc2cd,0.34511364,0,0,0
e2f82b25d19faa263bbdbdf074948c6537d85e3a,0.45671576,0,0,0
ea7753f06b2fe66df61b63a49558ff80ac3a09bb,0.051282454,0,0,0
0f39df025ff43caff8a6fc0b841ad429379db242,0.27537224,0,0,0
6903248d4ed5a383bf0fa080992c038185221a59,0.40720457,0,0,0
5ed0d65dd3b79a990f8f8c4974c3b20c82964e50,0.32126638,0,0,0
fc996e7530dadf0cb498ba1970a6de5ea6edd817,0.33649167,0,0,0
448ae1c06150d4fd62939b5a31f38c03d9a33c7c,0.3581875,0,0,0
d4db3a650fa40ee89513ff581653dbe2d44cb671,0.46000552,0,0,0
b8f966acb480b84e8076a539b346a1ba6b29af69,0.38607457,0,0,0
22e8511f2f68b536a0b1c31b2ec271fab255d5bb,0.2907575,0,0,0
3bbac90fc37d225ff4eefaab018fe6147a5a0937,0.2788303,0,0,0
83d06d95dd70db6e3340afead3bd32fa58d9a396,0.4183619,0,0,0
dc500a7adffbb3cf94604097efe1eb93bc43822d,0.34201676,0,0,0
f944f5cc3dd7874dac049e0c8c4d7212df781452,0.056601375,0,0,0
14845725ea57e4ff110bc5fd838aabe6e6d20c25,0.2390526,0,0,0
94a3ac5fbd184bde121f94895a5bdf22cf034d70,0.32818958,0,0,0
d86d0d56e363a20ffa1ef48deea045851fc49d91,0.26463747,0,0,0
251b167e9a17d29b3da6074933acaf92cf5dec81,0.3150843,0,0,0
d16b6b8ce843e6e931cb8dbc92823f82ab10ce0d,0.43127865,0,0,0
3273f2572f79bfcfc9abe1d821a9743108c65ebb,0.41282496,0,0,0
345f3db49a7f4e662d117fb778bc66b49de14dae,0.23817897,0,0,0
81d3805cae760e12ca120b2725a6c31b83da035f,0.37538216,0,0,0
239ea8fb3cab9e2c052d933e8f0ae25648782e95,0.30918717,0,0,0
6128d66eba5b1dfc0a5e047a057c33d00abac6e7,0.32966137,0,0,0
7f6a33d94efdfa9f1db4bd71da6ddff10aace45e,0.33594638,0,0,0
843cd6eea60431ae527164f8fe9b0e054c7f9157,0.22794637,0,0,0
5e44c4e4be97e93f5d13cdc7bd52b7374635398c,0.42915913,0,0,0
36ea4c00124e0a44cc32c9c2d11ff3f77a2da541,0.22576995,0,0,0
583c8311df06e92afcea0f3c89d085a980e2dd9f,0.2724571,0,0,0
1ba982d80ba74544730f36f3cd46cdbe894a9e6a,0.39908245,0,0,0
d41221966cece5ed8c029a7e941b5d621486ddb1,0.44319797,0,0,0
4f72517b0e7881107a0db3046f0247ea2218039d,0.5045685,1,1,0
8a127b81963d28a06bc438c47dd551f860ee8055,0.3908001,0,1,0
80ed7676093c6ee19c271fd9414d360b6a8d1712,0.52642953,1,1,0
eb15183f8f1272ee3cfde61eeaf048c2280f0e23,0.37229317,0,1,0
c96a3e5a40040ef43e0a51935a368458763d3424,0.6281167,1,1,0
e4472979707c9e59ef5edc9f6541902310d3d036,0.42448005,0,1,0
bf30b1f2af61a37d8e1215e1af6022ede913dc2d,0.5271546,1,1,0
03264295028ec1baa23189bdc5b3ddf09c16c94d,0.3244187,0,0,0
5627e45ac3b893b7b8f69566738f8f09167fc87a,0.03683617,0,0,0
d0474edbfad324e68daa95e58d73b670d01ffca1,0.19392763,0,0,0
b227b3b6aa81ad319bdfe91a7611b957f0beffdf,0.45114732,0,0,0
7e303218009724e91ed7d3a008f89e8659567072,0.07080691,0,0,0
06d969a8fe228de6a637e832743cf6df518fceb0,0.36719263,0,0,0
c06fa14c5e96ee1114e701cb522bc84e0e1a1a91,0.26397595,0,0,0
4374b673a2b2ebbc7042c062b4f87ab49dd14930,0.36788583,0,0,0
2ac8f67206fdaf6563b97baa9ef4cb2bbdfb8c70,0.2942069,0,0,0
3d2e4a013b9f1bf0612afcf53eaa996d654860ff,0.32076254,0,0,0
de39dc6e141e79bc5eb87616764247867ca11449,0.2989527,0,0,0
7befe93c8533645ff3b23cddfc7c7eed56b8ed80,0.3287006,0,0,0
e83e010913d19a91ad9ce75adc69815a974f7c0a,0.37038985,0,0,0
97abbb745f31c635c5e2b9a9a4edd8ec7c15430c,0.42481926,0,0,0
04c041211cdc102ec44ca098a7e7ddfee27a0ce8,0.25693503,0,0,0
40448470d6384fd4128840151a62be646f1eb88d,0.29388508,0,0,0
3251bce2d463c4ba51fc24c04904a8e3ac886c3b,0.2526725,0,0,0
07e0698ed6961ac535a8971e52d61e53f877f58e,0.3552144,0,0,0
9b841a30265fe0652e5e94c338ef82970363f4ca,0.29301804,0,0,0
387455c408f9de0a9870a215e1e6b9497bef1eff,0.57263196,1,0,0
81d88e666fd9bdd3424b526be46626704e0b9c7c,0.53778774,1,0,0
4904788fde58204d5570dbf2268d8580a5d8d4cf,0.2737286,0,0,0
cc50f64aa8598728365f282056035cfc094e7bbd,0.31904265,0,0,0
b433eef1c1ae41112791584346558600d134f7a3,0.2454206,0,0,0
1fe62a02c75c1a1af4df78ec1b269837dee69314,0.31691784,0,0,0
100cf21e5b877d160eefebdbe109b331427aff3f,0.38471085,0,0,0
227008cff233f9424ab37044b2c0d7b2d178c330,0.106761605,0,0,0
4b46a1595c4c8688644549b3cd762819f4ccfac0,0.50861424,1,0,0
d3bef0558d47861d85ebee02bfbbe09d67a60c3c,0.2224202,0,0,0
475e02f6b0f0e7b650b44929b19cf6d5812ad2de,0.28736854,0,0,0
b5981e07909d4d1626d6f0ca359d3124c932cd60,0.31250516,0,0,0
20a1b9578effdc68ea07870f49e4e93289d86e1c,0.36429578,0,0,0
06827d11a7bddc7a02f2804618219b862f63ecdd,0.492989,0,0,0
687fd988a316c937698c6c550b3c87507a60e361,0.44703004,0,0,0
53065084d622423dd086efdc6e76729f97d463e2,0.4359786,0,0,0
ee4ed5171c34694edac71add10dfab9abb6b003a,0.22907686,0,0,0
bbdd3e827d23c085d6c669914efa2798313b1b52,0.43181303,0,0,0
aedbfd5bef8442e5559c0439ce157e3b8cc37269,0.35971653,0,0,0
769df5afa88c6ce4eda5c675626077a24827181e,0.35885158,0,0,0
27641679e9fc948bc33ac13dbaabdd831954ca29,0.37496904,0,0,0
70add68322e8145ddcff59c2347a40c0f2e9addd,0.3601978,0,0,0
4a4074b7f330d77f296c16abd82cfe026de31f99,0.36393046,0,0,0
f5b48cb2b84d0cdcfaa99efda564a827f18bb49a,0.37890184,0,0,0
3e7ca122fd7cdd5435b5c8bf83b234b3f68bfb89,0.43139762,0,0,0
241f2ba7aa3225724a80421b56075aef7bfb21a0,0.39297363,0,0,0
92a3a06876fc47d55d189f6483b1efc37b1c59bd,0.23532662,0,0,0
b0017f772daa5e7f05094e38e4bec9bc99e5792f,0.23991773,0,0,0
f1532f0cdd5cfc6c40fdc85bc50d22ef2dba699d,0.0812671,0,0,0
5865fdde89b92235cb080637810e178f21bbfc11,0.081964806,0,0,0
2f2698fa5739eba1cdc3bdf8299a754fb98ae871,0.08379995,0,0,0
b82b8b2cc51220537d247d45133838eb868fe213,0.24695154,0,0,0
e0d62420f7020b7e6a88d6f41b27547eb8ac397b,0.30737376,0,0,0
1a0330f912c0aecdac5a394997932e94a618a4aa,0.4010064,0,0,0
bf18ab3679d025b4da88797bb9759f45b1eb00e5,0.3775145,0,0,0
7f384e85ea9ad0fc7f4cdcbf9451dece694ac63f,0.4171199,0,0,0
3ad097a555013fb78f35643d2c8c201435aef8f2,0.25607896,0,0,0
0da91a3b68d0ab6c28c89bd03057704c35ddec35,0.3013899,0,0,0
4aec5c55ff8bd122cd5d8cf093a595de81bbdce8,0.37841895,0,0,0
dc51387cfcd868ea837da2b7d2be87c70bcb8f9a,0.4259934,0,0,0
b24dc73be37f00dc35bb1e41cad90c703c96a13b,0.08573841,0,0,0
c8c91b47da7a68bfd7b335d664934c302332b06d,0.39833304,0,0,0
98b0e857a4e8a54739a10e5016b6ef3b9753af77,0.3274638,0,0,0
8025b2aacf291bf9197171d9ff1f7a693431726a,0.31738177,0,0,0
2106a8ae107fc2df9099b12b23fb89f95d449f27,0.04032555,0,0,0
a94943098d61f48a5508c2ba32996a0e98eb1704,0.28173113,0,0,0
35b06e09dbebf887afb6ba5191451074496571e5,0.41015482,0,0,0
8ec1c52351aba784e90c2cabe8dd3639f233debb,0.28690758,0,0,0
0aa96a17f8cf9c96874c9519c93e9f7723d41adf,0.3912818,0,0,0
62950beb8d9ae79097a7651cc3e1fcbd8d5e31f6,0.27248406,0,0,0
bb04d083026dfd018eeebf5139850c34e6b49b1f,0.32950822,0,0,0
6b0c5a3b409511646984f34989ca7826eb4379cd,0.40447658,0,0,0
960febe9458e4213133bb7751c8ab9c3c0b88bc8,0.35505822,0,0,0
a3fc218ad914c8e1de13ec3d5f5fb4a54597bc8d,0.40411112,0,0,0
fdc460dce69c6ef2caaafaf9628ee94d07d17625,0.117962025,0,0,0
7ceb5a6b8236517d708d7965f4873344c5630969,0.1708756,0,0,0
bb9dea37dc558378dfc6559133171f45c6a3b5b7,0.42552996,0,0,0
28d51dace3fbbf8f0bd71f749e5290685b0c5df2,0.3058867,0,0,0
e74df2c0e90e5e4ee92a0d45fcc6f5db5958861a,0.08240268,0,0,0
05b614d6042e1852b8bc14fa0fd66adcbc1406ef,0.3724482,0,0,0
05164d24d77b4f05a309cef5375792b08316f1b6,0.49973598,0,0,0
efc4809b7b73febc18cdd8976ff8e9d6d4537ade,0.34396008,0,0,0
93c12bbb6d22a165a407b6184cdb40545f86c683,0.3942259,0,0,0
54a95d899854ad5a0a7b896f99cd8ba68b89d471,0.5928318,1,0,0
df7a37858bdf7c465d6ba96637558695e42e2fe9,0.08783784,0,0,0
cb9d0a8369704bfc94a84371561d30a6b4317767,0.37604794,0,0,0
db1483ae639de19872a023e2af418ac695361500,0.24310902,0,0,0
7a8ff741e0d60d6430be6f8a25bc1bbeb65832a2,0.228527,0,0,0
0d33e877b1642b1bb630415304b8d01de2ce427e,0.14569858,0,0,0
d700649c1748cdec25ce871925d80a1356e3147b,0.27162853,0,0,0
4f30fa5358a7712bbaba7e25d97166d9b4a0f0a0,0.36663643,0,0,0
774228b4c6d5e6f8ec239bc9a3d8f09ca7bfa51b,0.411952,0,0,0
ae57c74449db1d55abea013eb0274fb9a1f636bf,0.45110878,0,0,0
54567ccc2ec5ca96bf70b0926b56e97659574f4f,0.2873505,0,0,0
2a354150a2193ad32311e675d7452c8059be3bef,0.29360852,0,0,0
db6cf117a225ff973a44972c5fba128b1228a99d,0.37489477,0,0,0
6faa7858155e8311890f14e486f43d5f8cd69835,0.35745987,0,0,0
4790afd48bb04258b01965f601f979f7c71cd472,0.35573524,0,0,0
6535c04c044a9a1ff76410251e43932ebafa6872,0.25709388,0,0,0
69b4784b44ccebceef03b445f420240d07a85062,0.38145578,0,0,0
5cc4b1638d331d9f6bfa9366e26acade4b412202,0.40848607,0,0,0
11b6cb54670ec16f8597851cb010c62c6d3a6578,0.22157916,0,0,0
881af80e8016adc72f7c577bbb88e0aa37c0505f,0.23024161,0,0,0
c1f539ad85e47c5052bf0e123ef7264fbe5d73bd,0.23344243,0,0,0
9fc8dbcd054fd82e8fde73c50b63832b6359f476,0.35108814,0,0,0
a2da1049443db9db3e2c06cff58463fe6cddb978,0.50270087,1,0,0
355dadec5d8729f25fe57408f29c75e64ee65623,0.45657602,0,0,0
41ba47a04626704ef2fc49ba03b0be0939879271,0.046585772,0,0,0
cb497ff3ac18bb0832106b624f43708dcb28e034,0.18626192,0,0,0
70f1e65a1fbd882442829cc377be937db4ee1acc,0.3663532,0,0,0
a1e4f67e9d5480de3d725295f562e98f6c45d79e,0.1776337,0,0,0
60e3bdcbbd3f84654d6df895af97740408ba2bc3,0.44123155,0,0,0
52eab6561b244a4c84572a04bf6bf05144b2033b,0.3961203,0,0,0
dc4746b69a3580443310765eba606be998e2da4d,0.41403952,0,0,0
84e2cf153d888b5f3a73bdeab13c323c6405c1b1,0.36846673,0,0,0
8ea2c18f2b69ca3d9f3a8a1033aa6078df745176,0.42320734,0,0,0
2a7594a7ded5123b99791b0f16265833ad35c81a,0.41885772,0,0,0
d8bef16525907af19a253e911c964d630b1737d9,0.24304684,0,0,0
f3bd0b79313c65d41260a7dfec6e041cc5e24674,0.31430572,0,0,0
56d6858f3430e33398976b02f23cc82c25641a4a,0.17453949,0,0,0
7af57e58daa9872f2066d7d521f5c153d7e372db,0.15736489,0,0,0
3ad7450857297ed609c5b568fb55f77dd469d8b9,0.26377687,0,0,0
190dee5fa3b5374f95ae8b3673705802789ed0a7,0.08009443,0,0,0
ed403b6580ed403a814e1c821200f302ffa5805d,0.26367182,0,0,0
03f8b53af1526c038be1e0aa6f519a6c73762758,0.46172333,0,1,0
6114f5479d0bc640390c8f073b40eab94103451f,0.23134741,0,1,0
b925070f3842ac0ae2cd816d7dc99233e7a6ddce,0.23133713,0,1,0
6bc2d25ea6dd424148786f5e0cddeb42ee072e79,0.4267853,0,1,0
2280cbd563332a1b9f3ada9de77af40efc6c97b0,0.26190943,0,1,0
d254cf2bd17588e5111841b0ca0d349a0f4a6fd2,0.39316598,0,1,0
a3cefc2063d220efdc8a42a66164a5ff0bfd690a,0.5781492,1,1,0
d8e760bd13b8a5c9ddd2029f2ddec3fbadc280a2,0.06986204,0,0,0
fa2fafcf1e1eae47296fc8ed1d609225ea381971,0.26261306,0,0,0
b0bb65029d1e3dcf57d8a0a56e4ca7cccbd18db4,0.034838416,0,0,0
624cdb14f819ec4ce5a5c02df0293f317cf9737a,0.054195754,0,0,0
a6feb941e5ff8fde22865f981d912c6d5f48546e,0.52905,1,0,0
cf032314f935892a8cc5ca7a43bcf1c9011f3242,0.5151439,1,0,0
f675cbc93ee4bf7395befd90303cfdc79265cee2,0.42323315,0,0,0
5226462744f1e3c11fe5477b543a60b18a80e548,0.40283895,0,0,0
71841bce6f67b8e58b26caaa49b5c0b1f7269534,0.37656063,0,0,0
33172a83a4eadeb7084486256c57947567ddbf17,0.33420298,0,0,0
ff38c184f7b5e1e2b9ab88b22464041eade680d2,0.33366773,0,0,0
131e4926b7a31fff3c6bead10bbe6dcd15e32bf9,0.3331017,0,0,0
377dd0a46189c53b9af1f89c7e4e9e1bc7698646,0.21784279,0,0,0
79a242ec3ec8208a9187777cb40d8c269f3cdffb,0.47926566,0,0,0
db69349c601fca02ed236064bd7c20c359cd9707,0.23012875,0,0,0
3e65ff983dcaba073337d3a15b21dfbee2eee4c7,0.47874686,0,0,0
86b6c0cef9e1d09db327197ba2cd64f404c22988,0.24668203,0,0,0
83420394a2e397ed46136c40081e437d5af9c2b5,0.1299124,0,0,0
f61244c48d22b86a9c6de16fc4805f10d8d4777b,0.35410607,0,0,0
89d2eb8fab09847c42ca1eb32c62e0d4ef7699e6,0.04046338,0,0,0
661fb0c9c01c87410cdf1abda41d78906656c7e5,0.422636,0,0,0
71a4e3f5bad9e17e7213368de6af803bc3cfc160,0.39517942,0,0,0
3832b54d4d6f8a45c7283fa42569e59d66ce3d90,0.21583492,0,0,0
53b6258b2465362ccfa3f85a482a9d54425b6d93,0.54159653,1,0,0
a310596a75ce3e0cccf268102f070ce85cf9384b,0.4193643,0,0,0
80d570d77a6f0ff71bea6fddb6519d6bc77f408b,0.47873914,0,0,0
9994ba2cdb0922cc16261cf2a165d9b7a66092dc,0.30734843,0,0,0
10f7c22ac3955b9ec0879367fa76f6c14821f512,0.22743809,0,0,0
19c15bd468dc770e255738fa474956d37b8bad07,0.19103815,0,0,0
2bcd63e545252c308f9d8b51d8f357155639e861,0.28536022,0,0,0
31dac7eb1e2c3683987adf686b0f151925d51b94,0.23544139,0,0,0
b6c1226082e9272a3a5eb37422afc24740e7b75d,0.39872706,0,0,0
1f06856824ecb1896e15059704510455938372ea,0.436946,0,0,0
41157e7a305acd42d820b0dee0dc6cee228142b9,0.48274752,0,0,0
845fca72fb3736ba07f9f35b138295d77530e500,0.5712104,1,0,0
62e139bfbcbb1c70bd622081932b133d09aa4a62,0.5550136,1,0,0
4f65842c59170271f82f98b5eb3a985f198420a1,0.36164048,0,0,0
2f92ec1b0fa868d2c59270abd6630a3cdf2d02d0,0.4028536,0,0,0
10636cf7f281864685b64efb6b013f57331c4615,0.37314206,0,0,0
3187c92b9b39a2f0663f42d2ec2e1ffa8c45db10,0.4344531,0,0,0
0b10d14e48d1937621edcfebec24a2caa6676184,0.36260438,0,0,0
beb266a7c1a91bea734bebcfcf0768790055e8ce,0.3534064,0,0,0
e45d91d0386a32edde0ed08b57f53ec2cc1de3ea,0.41639826,0,0,0
93b0d6b3acb2d3be277ca8c2799badb005686429,0.5136533,1,0,0
6b436a0dc1c32095698fa777ea1365f5bbfc672f,0.4505361,0,0,0
1d049600404981120633155a69a2effa10b26cfb,0.27963585,0,0,0
29cf07169ebaf45dc8eab6c7e55c0039b31dfa5a,0.48923624,0,0,0
b4d173d3519854993014731e8b8c1e73a137379b,0.42833564,0,0,0
7c272bc96e2053ae9960e61769c38696f4f3b854,0.22644421,0,0,0
6658eba6826100e9059186809927f398446e33a4,0.47629607,0,0,0
8fb9b82b186fcf137854e60f48f84bef664f10c1,0.34317404,0,0,0
fe71bba6f74ce54fd2581af15db777772d7d7be2,0.40648428,0,0,0
63379962669775afdacb14cda8a40cf9c4c9a043,0.28679585,0,0,0
9540122871676a511867c3d2ba54bf76401c8a91,0.3449978,0,0,0
064c814833c50fe1f3f87771e6e85dd6b1dfa42a,0.38263687,0,0,0
3f28c60b2ccbd4d3965eddfc2e652eb0027b10c9,0.5179142,1,0,0
9773e41c076aec1cb86f4438d37b01a97b852a3a,0.33383483,0,0,0
75965fd2aaa2ee1c5f34a0ea92b0a444be2cfc85,0.53710026,1,0,0
16f001b4ed6a2507861a50f73f5deed8e86bc6ce,0.36953303,0,0,0
c13bf71d3a1e8eebb624e8a113363998d1664263,0.40131244,0,0,0
cc70e908fcd9b309187789fdbc20249ee3eede3b,0.39849466,0,0,0
25d9407086393ee46fd5c981d8deaa9da2c17be6,0.30456245,0,0,0
0d4bfa919943d2053868ac7a48c2757502c5cdec,0.45501524,0,0,0
88bc781f326d51424680a3fa6955632a7883b7e8,0.37121484,0,0,0
8bcd036741fad3864b785cd424405cc7da6150ce,0.40878147,0,0,0
e9c984fdc9fa6d35744038685698ebc5114df676,0.49057415,0,0,0
56a4b2ae7539c2feb5f1a049634f07f2da082494,0.31353208,0,0,0
53d100817e07683df4932f3dffb94873d3c72602,0.27027178,0,0,0
ad403802e0a705e215b46cfaf4634bd674f6a3ce,0.2378035,0,0,0
773a012cf8b1f125f6a128481bbe2b531beaa023,0.45389622,0,0,0
55965e964deb71b11758bf7e8abdf698ed7dd26d,0.44515947,0,0,0
1ad8fa191c5df90d9f0388d7c483d57724860040,0.3891929,0,0,0
31d3f3456ca68f29b98ce5650dee94e1127dc805,0.42019102,0,0,0
0431fef427b0ccbc8220cc7d90e03b543fb1e98d,0.40061247,0,0,0
23977d0e561b71060b00060ca4d18cf0791ee77e,0.2574032,0,0,0
2c555d3f34cc96ac8d6f6cca07b69ac79cea57f1,0.36509532,0,0,0
de80253102670072f7a4f7e1fbb64b69cd53dd64,0.32105428,0,0,0
4858db950be1536b0645ac6b183a20196cf01770,0.40255246,0,0,0
10784b87b548683a5fd37819ec490f8272b7c806,0.4252427,0,0,0
0e85b8d81e5d8788c3b29e4979d9dd4c50e57c55,0.3920363,0,0,0
8bcb17d2e99f7dd4bdd81a103dbf839589635c3c,0.23628207,0,0,0
6c2fac139550b0168d254ee4b925ab206ccf359d,0.23804882,0,0,0
040cc81c32c269fdb4a972db04251c4691f5389d,0.45490852,0,0,0
9f6fd35b16cdd19bf5fa3e8abaed17852bc1dbd8,0.3428083,0,0,0
75c6369189b4ae60c08b21178d0798355b8fa281,0.38560426,0,0,0
cd326abd88b3ef686f566e0b1735b53383c627dc,0.3617376,0,0,0
b3f1cc30d4e1d9627ffe73e0394048dad5af651b,0.1977778,0,0,0
c432a075e7c1bca79a63eb2a8f9d9ef5495c0e48,0.54333675,1,0,0
8672c3560a180a36f854458724ab7b40ee8b9d54,0.41846764,0,0,0
8e1b54f21160ccfdac07039b05f6a4050114b965,0.31430107,0,0,0
6a612f3c67cc92929c236c69e70b0131726c6808,0.39782447,0,0,0
cb48137d5ab27db5da09ee3940c2cf93fa47fcc6,0.3933091,0,0,0
f433a99608baf7ce378478ad212754e9a386d5b5,0.3660656,0,0,0
b572ad1e3f956edc958b0142c0e6d296a9d24c6b,0.32785845,0,0,0
628e21fcc75ddf52ff2ad5c67ee7b4840b6357df,0.30380026,0,0,0
00354024c64400dfaba80873e55fa365d45b1f9f,0.34973878,0,0,0
75199a4d3244bf3f97979024ac15a55728cb0860,0.35149488,0,0,0
0eca91ae405f281e734337024bf499bc2e90c8dc,0.23545013,0,0,0
5ccf73a33230857f217a8e456301c2a0e59d148b,0.4456239,0,0,0
6aa057ff95f0c14a7fcb562020d71bde571c2e87,0.44346,0,0,0
9eb1e02873e9b56c55ac6b0bd253d5193de15b9c,0.26767224,0,0,0
3df225721c22a5eb7b7b74e774ffe5a0705965d6,0.34463984,0,0,0
16626a9b8fdecf3fa80876a244ff74dd171b06cd,0.4889264,0,0,0
8856608a047f389a40f6d1f409983de139b35850,0.36671177,0,0,0
18e6a973234edce2e46a5c4fd99ab890e8594b31,0.40443608,0,0,0
7908328f012778568c6da95f7081b8c4b9754009,0.4284025,0,0,0
f283f4c4b6183504135a98a3e0d77eb89f391bcf,0.5623474,1,0,0
e45c8fbc3e119e5044bd0143ba253380ec45ecbf,0.28435645,0,0,0
f4bc7cb026b668257dcd5b083282fc6c2f70f2e9,0.37498775,0,0,0
11dca5f8746e7b7d43cd62635497946d309fcb60,0.23706742,0,0,0
f05518d99227ade0b7928592c28a67ff1f0b3bf3,0.23678672,0,0,0
b383b9c38090f9eae7ccc7bd82052141a3eeca60,0.44837147,0,0,0
f2e00c0453b286f77872b716acfc3ed75467b159,0.34136552,0,0,0
37daf894acfcb89582e701a36e1695f772fee3a4,0.31678888,0,0,0
e176d65e03aee3135bf91691c0a43f0ef7f24b02,0.3845809,0,0,0
c510b94ad8905d4346980c68af1dec143c0f4813,0.41120684,0,0,0
21d75a867ed4659b6796406ea26510f683f3ee42,0.45818162,0,0,0
63bee061f37d09d409aa02d4de122fdd94b538bd,0.30972752,0,0,0
c5dc98d98d8b1d06585b9e23e04418532a6cb3d8,0.45838976,0,0,0
b7df9811bf66d7f8ae855a82572fc8472b206c5b,0.41531512,0,0,0
99facd0219053f660c43b318b0966de40354d76d,0.3493963,0,0,0
155eac83dbf06ca184a49e35577aca1c0f295299,0.44200623,0,0,0
35a456bb612cdf33cf84a92098ce58ee9a298137,0.21742988,0,0,0
b53521ba1a104bb725b63f5d11c551447b78ea59,0.42083684,0,0,0
d7f3d4f5c6a163f18af993fff9d8e52a2f384aea,0.26603934,0,0,0
6fac1ecfdbc6d088498b1e7a5556c7041c86bbed,0.2647993,0,0,0
c50607e7c834422c7fd926a345b1badebd1a2675,0.38777816,0,0,0
a78ebb040a841a14fa0ab8260977f9d2b92623a9,0.3782123,0,0,0
8e4a56526f342b5ebaf36ea2003a614ddb7e4059,0.44777793,0,0,0
bc4cd88aa7d8343dbb031c65d141f4b021a95d0a,0.43740484,0,0,0
bba1b111e213523054d467c3fe477d0722437a2d,0.3803935,0,0,0
e5707c51408626d40bc07c70e337494386343feb,0.39230728,0,0,0
76c80ad2819c85f71977e584bd1bfb3704ae6fa1,0.31788456,0,0,0
3118343d4ed0c932838acb0f733cf67435653b79,0.23509155,0,0,0
ff6400238181b6d4ceda00c1eec79da6877bb171,0.40323967,0,0,0
d815c27f7652dce234403fd95b55278a0423b5b6,0.3149144,0,0,0
5dd2debd744ac8d57570e05070ad742bd9c82af2,0.3805985,0,0,0
0c3e4e0d3f697fa4113555f440a342e1aecb88ef,0.35216397,0,0,0
eda95607e97ee903c627460456986be9024fb384,0.044423994,0,0,0
6fdbd4f12282791d95d636d427e65b383f46febd,0.06735846,0,0,0
d6819f7cc25aa649682215eeab9d7040b5438560,0.38874584,0,0,0
bc7a3969c039f179d5a73c8aff19cfe19d511503,0.08073805,0,0,0
c2efa4a80ff5bdc422999e3cba6843935aded1a0,0.38325778,0,0,0
af598460ac9990c2a02823b3cfbdaf9f5429ad5e,0.10228779,0,0,0
16c46bdb4330287fa64cbb2b71014c76852e5c8b,0.42044857,0,0,0
749e5b3918721a1143905e1482916d8674128a5e,0.19659518,0,0,0
04e3fe1d2cfd176784f164413010d87a01f1e5c2,0.27701595,0,0,0
91fa2dae7647558bc68ded9c3e7eb5a1c1846404,0.33312312,0,0,0
d49d45eba50fae24715a78df93bf5d951c82c6ac,0.04864999,0,0,0
f36ff599a7670c025010ed7d86ea0fbda7e26bee,0.045447074,0,0,0
ebd133cf778dbee92a1fd175443253ba2bebadf3,0.4365968,0,0,0
8d719d4ea9dd0996de476e2c4a9728b1f367fe2b,0.2936126,0,0,0
6880e8030b8d26438500842959756b441271ed48,0.22596298,0,0,0
578127901a96327d398a42ee524d9dedcea64dff,0.46499503,0,0,0
4060b8ee3347833490dbb2c065f14c1bd592b527,0.20862865,0,0,0
de62c65578ee43d0f038db757b18954b54c49dbc,0.28429607,0,0,0
11a7aff1b5c38a9cdf056714a20c8c7478925c08,0.4136294,0,0,0
88a02cecca5cde95090603e19624c285e484c23f,0.068545766,0,0,0
3bddc5c5321e492835413bf4e8c9b3caafe4fb68,0.4243962,0,0,0
3d64f608ecf0153c2080374810711428d689cded,0.045082774,0,0,0
fa10cfda08c3e12c5c187c1880f52f89284eb0e6,0.33070898,0,0,0
15e3ba0f7bbf0adec8ca93d6acaf5f488582c949,0.37224987,0,0,0
168a1dfebdd4a10ba593311856d3addcb32696ff,0.41327533,0,0,0
0a2a72eaf5832da87b80fa41008e0b28182d928b,0.44213912,0,1,0
7c3390d0a7cf72afe3ffb3e3748f993e85cce48b,0.047744032,0,0,0
89109b855537050f5b9d125a88d26ca2c1d12f78,0.11205668,0,0,0
27b015e5dfdb67f8530e7c110d36aa55d0e42cb1,0.47915703,0,0,0
c72f418ec98b259673c695ed60fa7290708a1d55,0.034815334,0,0,0
b61eeaf0529f070ba19db904821b517a9e5528dc,0.4748564,0,0,0
3b44781f9514988a31e2748416b1cb7015e2767a,0.5626595,1,0,0
ecd3c598b98212cbd47cd415819b62614496839e,0.30343825,0,0,0
163624a9596298bf80bb41360fcd246a886a0688,0.4668692,0,0,0
4ebfabb194c88fa10db51d6f2db6282a357ae15d,0.3476038,0,0,0
c485f5bed92b784a4dd915c6fe5d7b95a9990618,0.53486985,1,0,0
390a4358394c91b08ac7903d69689a62cc8c0fc8,0.2183145,0,0,0
dbe962a24475a2d288e1e1ff681c21ccd05b5cbc,0.054160256,0,0,0
6ee55e92440c2eb8a25bffce9fe0b18e1d49b67c,0.36754,0,0,0
08fb5dd3465bf636093b056b059c8ce2deda42df,0.30986723,0,0,0
c0aa76eb16031973f3e897ea535a0b38bfb7f11f,0.38692445,0,0,0
7a5d7677e6ae10318907876c58727d68bdd72bac,0.37591472,0,0,0
7a56d2484badfbceff130dab0c128f1a581827c0,0.30019033,0,0,0
d555d56324cfa620bba111242931fbb7337bfe4e,0.29492113,0,0,0
1500916bf165064d370c3583a19350010a88e2a1,0.43944925,0,0,0
99894b82ae77290ff43d84eeffe638c3ed55d2d9,0.08503578,0,0,0
170b62aeae48d2cff474edf0b275b0f2bb3a5f88,0.5367065,1,0,0
b26691806891840645059fa5e3a6c86f167f32cb,0.462131,0,0,0
460f9f5b0f30b4ddd5d568ea4c381779e9dcf6f3,0.06276118,0,0,0
bebc7a8a524e19739f6128437bab06212a35e75b,0.4569093,0,0,0
18c6426d1fbb60f0a52a5a7a021690f62d821955,0.37544465,0,0,0
683d902dc66c21b2353292880a00e0e149e548d4,0.5475204,1,0,0
31af406eb992beebcb8c0f6908df8031ef179aeb,0.44764382,0,0,0
2303e85c5ba9e2aaa72b0e3ea88d589e312df104,0.3965354,0,0,0
1d5ce0051975f0aca46258ba1efe714768589b2d,0.35058907,0,0,0
e3496145d2ee1d147bcf2af176b99c0ad12d43b9,0.26051182,0,0,0
0ae4ec44259ea0e3feec3e76671420438547fdae,0.068577714,0,0,0
bf1165fac897d7d51fd6645a0eb8dfdd4eb4165c,0.2378616,0,0,0
6dc22695d51eb464df4bb27765b1af18ca757b9e,0.30316305,0,0,0
f028a548b933c73c85c1f15a4900fe93fc1c4908,0.4001111,0,0,0
546a1c7d5d40f45e7ce2331255c1763a5b04579e,0.3197935,0,0,0
e66d8cd80c0fd29925050aec9ff96095617dd076,0.058404535,0,0,0
73db5970c0248433d25be914308f76b03fdef175,0.34995517,0,0,0
3dada3ae68d58491197deb8a3c1cc3f5504a48f8,0.44944096,0,0,0
791e14cb9c8ac13fe4506470f2b8921c3cc542da,0.23743068,0,0,0
5578e731d97d974902d923da646650228a2a1446,0.44312295,0,0,0
b1e2ae4c902691bbce02a90b76c4bee1c6e58455,0.47448918,0,0,0
db7540e045fc07ef39d37163a263615c6e580efe,0.5907997,1,0,0
0a0ebbf02c08e303eacddc45854f8cd6e0e0f9d9,0.40871805,0,0,0
6a8f225173324e4bf593b3ec2bd60015e80d3f08,0.3821039,0,0,0
ccdddfe067274bfa3612d9e866c2f86c2a6c87a7,0.40771568,0,0,0
6e552cf090053ecbb1ab4251528754373d0dd511,0.31491038,0,0,0
c57a14611951a6587f8eaba95b5b6b378997385a,0.4025803,0,0,0
9b4f29d41a71f58e2a0a31d03f1bb8117a9e8d60,0.37778956,0,0,0
e6e6c2d91e0e8b6549b5eda8973e5f3c150a7774,0.12683876,0,0,0
ab40eadf2da890903f4c5d74d0cb6f5459a5f995,0.22231112,0,0,0
7b80edbfe28a488e1bbbe69741ff9f8432a676b8,0.39213866,0,0,0
6e710a1f78a4a733020a4b2d1f07b6fe4c6684f0,0.719535,1,1,2
951b253fc38c09114d0fe273a3758a15c151a8b4,0.65441936,1,1,2
f3539c7eb312b127122084279002d3fd238c9a17,0.6020411,1,1,2
7aa5ba380ef6aea0f2f594873b4c7378adab0f18,0.5426831,1,1,2
def1380280b9be6d166d3938ea4b0254e9b55dc9,0.6024662,1,1,2
cc06ae9bf7a1fb6cee46c40d2a6388ac05d3f5d1,0.5958659,1,1,2
7972f1ac1b85a5174c9f293ad98abc87edfe42e6,0.560439,1,1,2
bd1c4ff86fa21358949e925274f5b8146f5d02cd,0.525382,1,1,2
be2aa80bc371d600ab2230c545051ea6454577f5,0.29853114,0,1,2
68b033741b02c3ae54d649e858790732bc5c2d27,0.44449946,0,1,2
4f5d25205a9cec988de300a452d641a155406b79,0.5641475,1,1,2
d1e97bc85338c563f4f732bcf917a08b3cbf4792,0.57190806,1,1,2
d40c01673e866c3c3b5b51bce66e9518924cc31c,0.61777943,1,1,2
5f7d5690a97b2ad95bbe381695638f0c7ca2c4ff,0.69337213,1,1,2
8d340a008767c5d954b7539e825b4c90eb15ab9b,0.6831211,1,1,2
84e490b66f61e11366b62efc42e64b60ae7db35b,0.3852619,0,1,2
fc939bf6838f4bf986e0b42fddee3df6712371a5,0.35889992,0,1,2
5c798eb50aec6040f415b6def1912d4345f8310d,0.39754793,0,1,2
d1758567765117cd395ea47319d3acde7fc663b1,0.3997093,0,1,2
517b8beb06f63301629f0ec3f58f6b667061d3fd,0.38848317,0,1,2
5c715cd84d600c0df0215846efaece2ab4673546,0.3878078,0,1,2
dff4cea14174548f52d6fcc66c9bfd7a339b7336,0.5972165,1,1,2
02ae34d1d3f3c9f9c25160cb14c119958f25af13,0.5028522,1,1,2
8e0e1c32ff1ed1da4f09fc9917812e6457e6fef7,0.6009154,1,0,2
18c5b2536c114c86b810bb3ee94474fec596a462,0.3372857,0,0,2
c6e4d8c9f534d3e70e79bf718e40724d56186109,0.19129008,0,0,2
5b5ecff53b50a67179f6245bf60047c59f027e26,0.33500525,0,0,2
46dcd98ceb70720f96d4cfa23b001ff108bdaebe,0.4593157,0,0,2
dcbfc80c4a14b91194fc8b74760b079cc0a4ce42,0.51119435,1,0,2
23492711d234f2fa647bac46997e361bcf985423,0.35151058,0,0,2
f10279a29d47d389a31da907695673a992555adc,0.32451275,0,0,2
8d5925b52b48b4c69934ea5c48aa298a2ec74e84,0.18734764,0,0,2
a30aafa016409048747fe9730d6f7892eb12d7c5,0.58470404,1,0,2
a3611513fc4de7234ef49ae46d646b0795ac7110,0.5760967,1,0,2
d0eb1d1dd1d9aed27c433d78a76962340fcbfc1d,0.427616,0,0,2
1ae9dfaf45e0a51ee7d604551f7e1932d1787975,0.543121,1,0,2
1c2d56e8a91b0f64317a9e02cfd4b45b03d3019d,0.06052249,0,0,2
2cd92aa6e3f44df6b0552a28b83022a7f92f8946,0.39903015,0,0,2
79ad715f02e02af76da0c6e47c164a80768a01ab,0.35988742,0,0,2
e5b948a1687270192753993c998d61c7a91faf49,0.29252177,0,0,2
b81a48d78dd9be1c3eae57cece4c88df92c30247,0.44649976,0,0,2
0b873b95a840f8cfdb51f4ceea3b524d46d20715,0.22911316,0,0,2
e350a38760c93e373562d6a3e906df5904250146,0.32158455,0,0,2
660431cf4f7e2bda887a0e35ad3a76bdccc14110,0.4031404,0,0,2
f65e9aa63f8f266023a986507834585a9580c555,0.40012664,0,0,2
535cbcd9f20b29b3c5a5d69f654cde57969b3788,0.33748797,0,0,2
2d650f890ff1409f2944bc56cdc4b518b35e06f5,0.25681734,0,0,2
1c4f7bde1c8f7d8c0e09484daa626fa4f40e38e6,0.36235845,0,0,2
b9a22fb6f6f460287993d3cf087ae5ff036a6c21,0.456982,0,0,2
14d6a09601b68f60e6b18142b597a6890e5d581b,0.43501103,0,0,2
54fdc54dd24c9ece2bfc32ca12e88545ec923a96,0.2890149,0,0,2
0ff7c091143e8326eb88dabce078ca76778a587b,0.1898704,0,0,2
32ed6601f216dd1300876719cce837bfa9824e26,0.14959347,0,0,2
7df11e15457e8d8bf4e5730d20ec2412c429e091,0.14474149,0,0,2
15f7f84678a24533e42f2fde230c5f68d1b33035,0.40019342,0,0,2
2499f70cabfc8d17f2c6de124a81fc0940a70fa9,0.07887481,0,0,2
6526a5e83c1fb9644da34e44fdc5a3bb8a357c84,0.22574218,0,0,2
5904d90ade8663f5552b51036740352a9b796892,0.1848431,0,0,2
fdb75911387f77912c37dcee0af4a2f2e0977f3c,0.6219003,1,1,2
538a97b115ba4ea44c57898ac7c4fbb77fe0e9b7,0.42337316,0,1,2
fa0478f4f6fb724233dc3e00a9f8dc557ce7cdbf,0.5733618,1,1,2
ec81d7ca5100fd97fe8428db02a2cdde967ac87d,0.3761636,0,1,2
81c40b9820625d3f529b116baf6b4a3d45dd2f75,0.49374434,0,1,2
2b085ae34295d5ae1d7eaea5a55a2df220bf1bed,0.30503285,0,1,2
d6a354e203e4901d3eb6a36b3aba620fdb222da7,0.34959307,0,1,2
37787b96ab21fc226ff267aa26ae58a58b2d20f8,0.441394,0,1,2
f2f704eabee027175b0c1eaf934c08e7721a9b24,0.5454897,1,1,2
e1fc87d2d57c2d7ee941e651f33b582fb000dd73,0.71310645,1,1,2
fa8f024d082998c7ae48b21f3eb6f8f2ca56a719,0.44847497,0,1,2
6bce493e47fdac9e64a9ae1cb3c358f31975a43a,0.619149,1,1,2
9daac904cbc627e4a43e72f72159c552b25caf74,0.6420949,1,1,2
658d5a97c708a926b0425585f9437a0c1fc2b81c,0.553499,1,1,2
db695fe90b181948f271e4970ec83d4de9348577,0.7050434,1,1,2
9c06ff87decab7357d44d8766f6a277ff887d921,0.60281205,1,1,2
198d448ceab2bc061d18a1a689056bd2b96b76c5,0.5550816,1,1,2
46b15af8c5fbfb026be350ae16eca89fcdc87aac,0.5504515,1,1,2
b7e86cdd772cc47a031d187b79d075af8155c2e0,0.6671238,1,1,2
198e589e62f687a91d4c27057ebad918e9f9bf3f,0.55413795,1,1,2
fa510146c09a498e25e590ef5cc558074337fc4f,0.5810992,1,1,2
badca06dd1c70207215c7186a31955901b637661,0.49892488,0,1,2
91ac1574aae31a29baf883d2cf45e4e1f5aa9bbf,0.5645999,1,1,2
82ca28e2ec8fe9771f01b5aab3386311ecab80df,0.34957042,0,1,2
9f8120beb6b351608652002e057f97f8f6c0dfc3,0.6550077,1,1,2
c66b23747627a2b432e0068561d457cab9f97ead,0.48544222,0,1,2
a6a5e3033d424468cbd3a6af051aabf3b5bd4d00,0.50796205,1,1,2
2902a9a3c07e881dd7aeae0a55189facfab1966c,0.611001,1,1,2
fe487b3336f8279d8b74eff05c5ebfe6e01281f0,0.44725287,0,1,2
3076802a78f14eb1b4f23831d5a1ccec79b26554,0.47267583,0,1,2
5063d256221e7fe8a8c433401bea988d7ccb0a35,0.6103659,1,1,2
a6b9ca3f71d44dbe2562e13d63e4b30fcaccdf50,0.42810205,0,1,2
81fec3193ad12a0f78eb021c4a1548484595860b,0.4090342,0,1,2
902a680951f318488a4bbe0184a3a223c5709b01,0.56989557,1,1,2
b84f786db6d85cbf9973adfccdf135cb71824b87,0.477089,0,1,2
a2b5c7a9aa0b5f617502bf6003d43913d507a11f,0.6032691,1,1,2
571725cb7bcf091b5457f1e2a857aa51e8a70f7e,0.58886373,1,1,2
10118c9c1b00d31868d6ab43e8171e3c16efdcfc,0.38820353,0,1,2
ee94e6d82370b6b6086cae2693dc2fe31388fb64,0.39812058,0,1,2
dc58a824466ed492fc6d5ab11960eb86584eff26,0.6262142,1,1,2
56c04300e8f05bdaccc2ec60fc751c09d86b7b68,0.27931002,0,0,2
03542311e2a461f0324ec700e98e78b5540bcff8,0.034518853,0,0,2
4746531428aaf9e3ae7d505b5a203350d138ea41,0.33590043,0,0,2
05b14fd01e43ab8a385bcfb53102a270ef2d9375,0.026499026,0,0,2
77868bf772a03d61701bc0d32dfafea63a0382c2,0.05245033,0,0,2
83fcd3e1e220b9f3aacc63aeb4da0a898684dd0b,0.06529352,0,0,2
dcde20001063fc25f622e4b1c7775f735a7255f0,0.13651618,0,0,2
82bd5be8735c01a767fc3ebc3eb92369ac68302d,0.53686875,1,0,2
e1188f368087ba4bcfada44d645e4f8661d7f9b2,0.7179664,1,0,2
2c03505da053d07cd3f729692738912bdfc2a5b7,0.06564982,0,0,2
3fd058c02a1f8881110409be33ad56d3af6386f6,0.42146987,0,0,2
bb3ddfe426cf4ff5390f742d35bdba02a4ce7624,0.08751566,0,0,2
09b1a632c17b34650d2bcf748be14690c9882e52,0.20679894,0,0,2
539e1ee1d68c27defd0aaad09a1a0b68e059de96,0.19841623,0,0,2
da69323b29fe8e373364b9399bc67523dcf2af62,0.31725377,0,0,2
c1ad21bf966d01dc5cceca82f102c0f7843d5617,0.0317661,0,0,2
efa756288e712849c78c4230df05c2d1abeba91e,0.32892418,0,0,2
2f757454dc41f4d130234aea68b348da4f12a0fa,0.05854407,0,0,2
24b5e00be753889e4907473ce57271acb290cb67,0.36299714,0,0,2
7f293a06a0b7ec9b554d51f150991efa9b7dd54e,0.07506383,0,0,2
95a524ea06e546330ec3d95b9c139b7edc599b86,0.045910437,0,0,2
314dfa80d4e815ba3c689cd3ad0d508209665bf6,0.05603589,0,0,2
c07d659cf8f7b16452472da6052a1de326bcb6a4,0.045266785,0,0,2
545536e34f180edd32fbb21b0a5613e6407f0980,0.03687425,0,0,2
225afb8bad88c9bbb70b24d9ac3c28fb21f39465,0.23672831,0,0,2
041e9565ab8b187ad0b88780a5fc0a5ea24f29a1,0.1510598,0,0,2
c4828bfd09ea8c579fa8840cd77733c64b8ebb39,0.38859788,0,0,2
dcaacf4cae54fe199055830f097d4ed504b3238c,0.04330694,0,0,2
6f22f4b49c2a3a59840d28e6cbe0c37a56ab1f90,0.38066494,0,0,2
41fefde64401d2173ff019a896c4dd72b4fa5636,0.54022646,1,0,2
080e96a6cdea2f5fe8727b8249044b89bc54395d,0.11837974,0,0,2
497147e3e6ba0a50c32817e14985ca5bf1041f9d,0.056295466,0,0,2
40708bdf04dae6aa49bf8f3617f2efc16c83c5f8,0.49661112,0,0,2
84ad767a87c69a265e9105c51efdd87ee57b8635,0.6242321,1,0,2
f0e8d41fc8cc746ba9b66b72646db6bd8b25c6fc,0.041309092,0,0,2
df5930892d9c6eda392b96bdae2e7afd342f7866,0.18973914,0,0,2
0cdcb1fd8df9e9185cd3abb128d927d25d7de8b5,0.16192475,0,0,2
cf15c51722dd4b406876dce1ccd52eea787d84b7,0.030726416,0,0,2
b691f81b482175665b45cabc056e58ab0df03ff8,0.5079974,1,0,2
fc8ef4d22c95b13b907ed14b19cea8ff5fd1e653,0.0770378,0,0,2
8054f746bbd6191f5a297cf6f7f26f9fefaba307,0.052746184,0,0,2
fa21d6f7e70f057c42d4af9c40ed47d3d841e5b6,0.29549792,0,0,2
bac647543497f0aa2a9f92fe726e1eb18631b4cc,0.12324668,0,0,2
cc6ace18900eb92606b6a312cb1ac5c4ab5f435e,0.095082015,0,0,2
c947676916c99f2feb5e183aef9629a1b21d863f,0.39216614,0,0,2
1f3dd9ff8a4f8302eb4c0bf4072d2bb7d8aeddd9,0.36716682,0,0,2
ca7f64f016d8354aecd38ef73405e1b3267ca791,0.3175583,0,0,2
06005610265c342b52051b997a43ad6e963c5a0f,0.16186553,0,0,2
4a8068579ea5bf1e637f8bed09a203508abde315,0.3938923,0,0,2
30c217ec400b9175e9490807748ec3e48fe2ba22,0.45575866,0,0,2
d80acb29c04a8e92a3ddbc539b0be8a521098870,0.2628903,0,0,2
e43138b0b5f0912cb358c0e73eb6247b273eba75,0.3636829,0,0,2
1b84f2ee7a41e8ab12faa73130187763ee5858ea,0.44101778,0,0,2
4b5ef21ed6104befc80e1dd501f964e7ca6f1ce6,0.37749165,0,0,2
c6c1971ca1fb5054a0847b0884488165606bd703,0.40917367,0,0,2
68e0a9c71443738b1842e99925d37bf545f5a151,0.04373987,0,0,2
7ebc8107a22038c06c0b0ff095f9f73d854e1422,0.18592384,0,0,2
9003b5b5aa4465e84c934819f45c1ab4365dc51c,0.040648464,0,0,2
4b8647bf6ce2b478e6bc90d0158ce81939a14378,0.40068358,0,0,2
2d1614a2077eab0b981d4a0c4c6e10a7ecda71cf,0.21890152,0,0,2
3631295c437c5b8915afc7b2b259496eb2d5d782,0.0397662,0,0,2
b12610d35e7798c66fc1d9b0811d10aadb87569d,0.5061223,1,0,2
f3a785108f853e327001dcd435e92525d7fba96c,0.047888797,0,0,2
881a4ee8db1e1826b749579d2284ace982c953ca,0.30775574,0,0,2
e91d0f0510ee8d69c76ee89b4e57341418866c6b,0.07312614,0,0,2
8f7c59ce888a687a6c9089caf0c5469984a073b4,0.036991064,0,0,2
3c644cf87ec8c0e6313b3a10b6cfd66279b8093f,0.03754552,0,0,2
fb7e1e265dd9e560b3a3127a6593b6602f60026c,0.19942984,0,0,2
1c9c43c1d4bb76d7e47cdfc9c6681a38305a95e4,0.28723752,0,0,2
18f181ada7826542725fa4a9460307d606695b5d,0.083509654,0,0,2
bb7e8951cb6ef08ca9df5fc036217c3a45c4d33c,0.04397076,0,0,2
e280c8636792c5426e54868d464c9d28287a98fb,0.10306808,0,0,2
54a7796ff234a9cbd2c66f8b1e5621f0898402f1,0.24608141,0,0,2
8e5867eda8328e4cb2e103d098d0c9f3c2fab50e,0.0604039,0,0,2
e42da5d9d21438c220768464b6a1f5b36bad92a5,0.21441595,0,0,2
c823ac5673e9da094a3b24b99987a533c548dac4,0.36140442,0,0,2
7573e9eec065ac1ccc2134aa751a191da3ca3dff,0.092567325,0,0,2
1cdc902f3d7cf877b4db7a31f19eb1dfd2fade3e,0.08943583,0,0,2
e9ea52189a92f7e2ab051e4d75c4e0c872034b18,0.038975824,0,0,2
ab0a2f761f4529daa0a1e7128ffb8ae417a0104d,0.050005663,0,0,2
7ebbaea90e8002f5542e22bbe92075ffb5383d2a,0.5415807,1,0,2
721730b00b1dc2ea616a3e7958e4ad15134de975,0.03961597,0,0,2
05aae985d9d0e26cf278cdd6f69672ebe3f8ed92,0.5047009,1,0,2
f7222ca6c3b6c1018a52fd649029394e6608f1db,0.0310315,0,0,2
b285f17023da248bdcb3093283e4b9e930bdd09c,0.21100953,0,0,2
af858a6ca224946195b1923a780678b20cb99603,0.46127445,0,0,2
fa027a4685bacd9e32b3bc7d875717b4457f6829,0.25011608,0,0,2
edf56632b8a5413f5e0adfe2d1b65e595b88a1d0,0.40804774,0,0,2
58693fbcb3236a9adb0f47088d88ee3ef7178cb4,0.28733045,0,0,2
91291520cfd5f6c2c91fc242018860c5d1d277e4,0.035832915,0,0,2
7bbba6995a12412cd7cbe1ca693057c5299ab4cb,0.040111862,0,0,2
ea030e732e3556a2a4fa51bcaabc080927ddfa48,0.054203115,0,0,2
310008f48c0a830138d35b3024106560d55b6bd2,0.28268108,0,0,2
ca22dac3f852c7290f60c3c3a5d66fbecfba91f4,0.063521065,0,0,2
bcba29320f5f6f860335266d6be8249418ceaedb,0.03664727,0,0,2
9dc30fddc109504fc80fb62e33554d54cca47faf,0.039790317,0,0,2
764f56955d499fae11db1aed6e7f0d2d0886e6f9,0.1950332,0,0,2
2933e5773b1d64a9348024b2a6e8dc6dc90e6590,0.20207414,0,0,2
0fa8bcc008b6a011d6fe41e64ea4379d0b57f20b,0.031190285,0,0,2
7897aa6a83a5e63da487e72c2735fb042259f6e4,0.25261196,0,0,2
3b501993588d27d91ad526a436e3a10ecc8d6e8b,0.047832858,0,0,2
b353d07bcca9fb62ac387d69d3e99004e27f14c0,0.042636655,0,0,2
6b43922648fe2dfcb4cb1aaaf5d795f00a6aa174,0.05447011,0,0,2
b268dfbb824ef307862e489aef7e71bba4cdcac5,0.047803514,0,0,2
b957ee1646d893fd946a8b9a53c779957ae7a240,0.046893366,0,0,2
996c0c164a083c3dc2fbf2768750e3b3a81d77e0,0.08989927,0,0,2
12ddf37f23cd77903729b3e611ffae10e96ded47,0.07371053,0,0,2
7e6304ce63da6c6341cb072abfd08caf0456328e,0.02974172,0,0,2
b9b73fbef5c0f18aaef22ef60442518d7f23ec83,0.35978004,0,0,2
675d4c8fc848ec5438e48deb2e8218b6f0078814,0.29178417,0,0,2
dc666f419e691e6a04342bdd9cf2e899455a8738,0.041443326,0,0,2
9bab875f03ffea0aacd1d92fbbecc96d491c1201,0.2659715,0,0,2
8d3d915dbd0ccf716f0d15b6b2396cff214d9cd3,0.19246905,0,0,2
326beb22c6aa872cbc0ad3706cfbe706bf9eab41,0.041168276,0,0,2
ad882055edb50369bd174ae56a372838aa89cdae,0.39975086,0,0,2
a7363a2ae67b585790896de45f57154474480fc9,0.16097975,0,0,2
2bc9e7ea86a8cc1c3b2436c46115c87080228004,0.03625186,0,0,2
76f154179b8dc6940355d7fe7db468314ca39e84,0.5876589,1,0,2
4080feff61e8dc1cd4af2361990c33c9f1014147,0.079783425,0,0,2
97accb47de63ee5063eda23641c6017e29ab81d7,0.07601177,0,0,2
cde43197f980538e411d851735ac7a63ddd613e1,0.14849082,0,0,2
0dec6e76fb544fa3e8bf5fd17f16314735971dd7,0.040499393,0,0,2
f820d06fc0d1204b0cb386214ffeb42ccec669ec,0.05612985,0,0,2
566c4d59a177be4b65d17540576eeb34d28d24ce,0.4216693,0,0,2
a516976947341e0e18bcc0858d85d34cd0c02cdb,0.097915925,0,0,2
7200c43dea3dbfbd9d38b937c44b6e71744b05c5,0.059620783,0,0,2
596ccd59a11ad5e9fda19ccd0f4fc714d8d3394d,0.040552907,0,0,2
301ad592142079d36f4d33f5309c103c7f4f5dfb,0.07709868,0,0,2
f8a8ea748a0b3015490ccecec7b97f0ab2daf9c4,0.43441552,0,0,2
8aec465b44dedb7deacf80111ea5286914093094,0.06242624,0,0,2
34f3f4196084768b2ef6b3db4608d8eccec50364,0.057194293,0,0,2
c53f2106109153eda10c47a6960a5a579d1530b8,0.38764426,0,0,2
17f52a2e559e68d5c6ccc98fcebb5523161fd0ed,0.20960689,0,0,2
fd7a4362caf2cd69368a38f2f71ffe19706e341c,0.0591695,0,0,2
753f278d10fc0c92e912965379401ac182644101,0.36686516,0,0,2
491786ce4182daa57ea61deaf701f756f57f6f1e,0.02961947,0,0,2
de73ad3115c19d5f0771754d233d74055a2a10bc,0.4184235,0,0,2
d5f586bd4e1a20fc09a33aaa5c2b9320f4a2aa72,0.63002604,1,0,2
8d4fd1dabbae4d7ebc2b273af9275ef8bd0e1ce1,0.46634167,0,0,2
6e5eedb3fcebc5894c41733bd26c8b4d9197873b,0.5340917,1,0,2
3b7d0b95466139a147fc504b7c18897dcc826c65,0.32334626,0,0,2
6a82f92584b36e28798479c82c0d3263c6347b90,0.48727077,0,0,2
b8e9475505fee98aae2819c03a33c7aa3db843d3,0.03634214,0,0,2
a14acdf6395f588dda7597bb4c7810dacaa503d2,0.06713747,0,0,2
85a20aad64be04127106f492e26f6ad6d6c228c8,0.29834062,0,0,2
1325e114108136eea3fe77a4a270a2da7eff98e2,0.35415617,0,0,2
bae46709ecb13f80aaad0d279b3618ab83d09275,0.046217043,0,0,2
dc5f850d1d9b0b952b7f0dabd6778cf0f7675cba,0.028554915,0,0,2
b4abfb93676fb0abbab1d9bac40ba2714a3872f5,0.029055113,0,0,2
9a9e7268162f9fed146c74a8acbd234d9bc2ed84,0.026879052,0,0,2
b262c2359c9ed53dae3ce2ce7a0092273f4eec65,0.3011014,0,0,2
c30b59103b6f1390b0040ee74b985248e8b1b849,0.35005468,0,0,2
0f36265123605cac6af05b7b8c8f4036b58f4da4,0.06996517,0,0,2
cb177b56b7664ab323558545737646896f4d7e70,0.03807829,0,0,2
15bdcc3be2b84f68ddcd822da52ef045ed89e57b,0.20195273,0,0,2
6a8ba1fecb47e5ffd5387654d0cdb7c372ccdc9d,0.36630312,0,0,2
75efbfd6b21ab36fdbc440bc001c133f824bdc3e,0.39216846,0,0,2
f7e42d2ccf949a5893a439227c8c6bafd2598f26,0.07162785,0,0,2
c7fcb448c99ae5fe9db9b217bea1233df3ee6e57,0.246018,0,0,2
d0721feadc1e0cae6efa3e0d82f523debc5b8d97,0.45205182,0,0,2
5f47ad718e0ffcbbe6cd2f8d32b2e345c4af3a48,0.19164088,0,0,2
745d383af12137ccbcbe1f3cb4c9db73f87a66ca,0.28560275,0,0,2
d746a54c2ee50711283bb49e557f58ca491e1bac,0.09211739,0,0,2
a56d4998cf16ff08f5593fb7d4dda66ca05dc269,0.024713304,0,0,2
03e65c98da2a0b2e27b14713543c2a61d56b1237,0.37325656,0,0,2
0d3545e5f68d024cd4a05724a15746d8dad986d2,0.06128343,0,0,2
6b1b592887d9ce95fb5af1e216bff56b18c7902c,0.24008036,0,0,2
ccd0fd51a5712ef1d85110eb61130c906fe4db13,0.20436785,0,0,2
d98897b11e6f4adf1d0a91591b1bb6be501cd29e,0.20466873,0,0,2
4e08e17ec536038c9c0dd888f77b912cae82816c,0.05227536,0,0,2
86eb3a2fa74988e4ccf3aae7f4b77edb84555320,0.041853078,0,0,2
45df5da2640f8f097915b8a2a0249ef0f6cf514e,0.42404434,0,0,2
76b7413d2b1eb2dc22f05de5b76f9519be5142e0,0.07795836,0,0,2
bfb3cf8bba6aab198c4644e236bbc9f3807111d0,0.030974165,0,0,2
093e3bb2e3cd9992f3f0d14373d406bb9b2ed36e,0.13340667,0,0,2
c440f668aca99266b5379235f6d99d378630c938,0.30605516,0,0,2
a1c5a582760c7f65572d0883fbcedc843332d7eb,0.02925096,0,0,2
0a499402d707bc8cf775d7f9b3840780a7401f7d,0.035605755,0,0,2
8e4e5221515f820108f48396a18ceaed73de8dc1,0.047486637,0,0,2
3a4e18ddf151a624eb5c3596ce8400ca4679ef97,0.031467386,0,0,2
8ed40d530295d819e0ca964b2d4542f6ca6a9929,0.045807056,0,0,2
a6abb8b00355db97486ab5023305c3f4e9e19ad3,0.4180266,0,0,2
b494caa01985c623601735f1bc10871cfb8aa048,0.033475406,0,0,2
5597ed7ea300ae3d08cd893b0133bce26038a7df,0.06493852,0,0,2
002276ea313fd880122502e9840b43f996acd537,0.26395884,0,0,2
bd5afc0b5a977c168cf046e3244477b48fa72c5d,0.085812785,0,0,2
b313ae68888445f4c08521bbc8d19f39310c6890,0.048712768,0,0,2
a675ca7802065f459a96bdbd593d8dc491180cbf,0.06606019,0,0,2
8be87e032a8c05622148357f30bdca3c614a669f,0.33612758,0,0,2
96eb80efe1da48f37846aa899260aa0c84b15944,0.1614373,0,0,2
75c2b24c681e314c4e4e07243b31430ba4e42723,0.42353162,0,0,2
276e22858cdd56f5725e0c2f7a3522df99967973,0.1914055,0,0,2
471e6b078a7891aea99b77f200e828a7b1c9bc00,0.3879611,0,0,2
6d7ee38ceed6b496d70502e276f80be6de618014,0.49973932,0,0,2
5cfd99f0dcd0d10689e480f0854e859079f125d0,0.22216567,0,0,2
ed6c47dd9ebbb2e38fb3e17a2b961f0fcf0e6df3,0.25128374,0,0,2
1fe7a43505aa9d00bd9dde45aee77935a5147561,0.39426154,0,0,2
387880a630c65b955a3329a2f7b987214c41f6da,0.31122693,0,0,2
cf4416a84203ff9d360d4398da3b166e6d0c72b9,0.240918,0,0,2
a7fe613853516f0abde34821996a0424882bb919,0.40437198,0,0,2
7a8a7783315917b56b6a71c4f28cec4ed1d91a7f,0.06456771,0,0,2
9c545d44a4a703c88d417a6fa43298a80ee67735,0.42984238,0,0,2
4f73871cf40b6dd05c8872d39246c67f798ed915,0.0899092,0,0,2
41f297809965523fcd021bef20b304b3584d9b4f,0.033956077,0,0,2
03178c8b15f1b522b98ded0f83cfb0e79f5ec4d3,0.29802698,0,0,2
f70741c9b216d3836d047c542847920d4778cf9d,0.3277957,0,0,2
5ca0a1c3564d35293a5ecf03e5f32e6f0f6f445c,0.19592634,0,0,2
4c4b3e2e32ddae35e4c1a6ffce1cd2b2eafa958b,0.11547624,0,0,2
72a46babeb0da02071e47425ebd55da915b98178,0.48012123,0,0,2
9c51e5316babbd370bc32aed0fee134216726ec9,0.19261637,0,0,2
392323e2d44bacdac605c1a4f037f06e21dcc239,0.18647239,0,0,2
10dc13c80752b0489d291b54440212ca54c59fee,0.60975695,1,0,2
7b9df59a96adfce979c8c564dc5eaa6a29b7f25f,0.11608246,0,0,2
818533e92bfb1c142ae4ce5be18ab92d1ae17025,0.037271954,0,0,2
47fa07eade06908ded4206651571e71a2fe684a6,0.035531826,0,0,2
46e97d9e04591e8198ff38bd2949fd5514da0d3e,0.036467828,0,0,2
08cc26e70bf145aca293d55fce12aef835263f53,0.49672672,0,0,2
6c21bdb4a107b49e57c9e5d6598d13ce6f85fc5d,0.53713626,1,0,2
18a027b1f04e420c18ae57aebe8fd031b5ff251c,0.38307226,0,0,2
82b84c0fe9054198099752a66575cec0c47524c8,0.48932403,0,0,2
b10b90b0a3947bea98e3646e7d29f853f3b5c6f7,0.3063323,0,0,2
8c141a1705808491f16a27b53e1ff0db0a2807fd,0.6038653,1,0,2
40f969bc9e162deead55967da3c128e2da933dfc,0.5160929,1,0,2
f348d34fb1ef3c968e2981283618aa85db203901,0.38442332,0,0,2
999761ba1bc5da820a1d2527c4aae29d95a7013a,0.28698447,0,0,2
ce131449a4ca0b06c6bb27ee5d8d6d89b1467bbd,0.423192,0,0,2
924e1e9064f90d958b4f57e9c9c0c543bd19dcfb,0.39710054,0,0,2
f36090e3141cd3cd6fd58f1f46a30af2582559be,0.39076144,0,0,2
6fe2094e30107512e470571bceac91cbedbd21d0,0.54835457,1,0,2
fb0078159d2463da149de54018fca79a9447153e,0.51028734,1,0,2
73351b6adbf403600521505bef288057beb2bdde,0.47978732,0,0,2
079a07fe18f654632b80b274f247775582261e5a,0.49023825,0,0,2
4158323ee456bd412e7357a4a6bc8bf50deb5d9e,0.4633069,0,0,2
2fd6c8fa1e392f985ee860d8ee154a612ddde569,0.45412883,0,0,2
66d0a9a0a00dbb259425f17745f7dddd7e676f71,0.44456413,0,0,2
e14d9ce8e3c57b7352a647c0a8e62eeb88ebfba4,0.44514564,0,0,2
9e0c5ad4b3148f42f3940faf7d67b305e34bef0d,0.38785654,0,0,2
fa1aa44c7623fb2142e588c59eaf56db7bc237eb,0.33963332,0,0,2
8fdda846c4653b6ccd49c47a9586c374bb20a255,0.59953356,1,0,2
a94ff90ab6cd2d92ccb2eb1fd7913b4e5256f02b,0.21813866,0,0,2
268bcd622685b28c2d50bcbce64ac38f7e90390b,0.56652987,1,0,2
09e31a01b51d7418fa0034ecd4cc11848436fc18,0.4884885,0,0,2
487ac1980148522d628e1d2aab50b107c372798b,0.4344027,0,0,2
34646ec9b52192a71e52ffc09cf7fefdd506c48c,0.48255533,0,0,2
7afc1c34fc16ec04f82105f9106b7d1e5232c4d0,0.34387326,0,0,2
00439211981af7b5baed495f526ef8ad76ee7c5b,0.04639037,0,0,2
1d635088f697178660b6e1c9a89d2b7d3bbe2d29,0.45994875,0,0,2
a4a62ed7c1e3c7aae09324f0ad1c6078f0fba471,0.100295156,0,0,2
b3a68ca842841c4b9713462d5f01742cf71a6b4a,0.33753237,0,0,2
2d868410eead061d59de524bada4de9e3d2bb442,0.43843287,0,0,2
813aa11d505b9507b6795d36070806cb2d96e5c2,0.44790912,0,0,2
88b29fa46bcf6f56df4213e1ba7810735a28d755,0.40961975,0,0,2
eca374db08ffbb3dd8de746632fbd74acb8f2c92,0.46189177,0,0,2
2ab17f529d07c1f618ea08d968b2fdf3a382a792,0.40905568,0,0,2
9a87c766bb3137a50656871e5dee5a309543bc7d,0.37332878,0,0,2
9ce4e1a371418e5eacc69227885815f9a4221c65,0.43413913,0,0,2
c7f7da754a911302dcaa6935be6fded84e1ac348,0.56713545,1,0,2
4cbb388ba9099be121f81d75000acc3af93bf993,0.41142333,0,0,2
87497c72460c9c58f829a372d741b386fc2ac8f8,0.031141574,0,0,2
921d0d60d40d8fbda29f14a64e848c70026ea32e,0.5140058,1,0,2
f9e72000a17eb9d524b38a9f2c982c037dd94891,0.03796061,0,0,2
e34f50dd1083fa8ed9fe25fe701b64bd2ea7efc0,0.070712276,0,0,2
581b474f4b194731eb9cb22cdde7330a1ec81c3b,0.040492244,0,0,2
e0d17fed51f5018fc34578699d824c20efc44368,0.040119756,0,0,2
4fc5b3402c58d6a4b317bf23b896ea91d22af6fe,0.38366294,0,0,2
d8e2f892e48423fda73204be3ec239d282e71c65,0.05509887,0,0,2
8d6d088622f8e4ea89e66ccbe097510fb4c932fd,0.035290062,0,0,2
f0943a7242041a16c8f7fca845592e48bb19ac74,0.03304456,0,0,2
d1123894d33922e7c8ca838f9dac9bdceefa3f7a,0.036274742,0,0,2
fb83ba3fdb46537a36832a900f124d4c400f7ed9,0.033830844,0,0,2
e779883b29a67d411493f985de984ffb8088ca05,0.04566083,0,0,2
a71c820baeb91025eaa7f07b172a39500c6f5692,0.3067849,0,0,2
a4eff51bedd73a0ea56afc23b1021187dd03561b,0.08356724,0,0,2
8f6bedeb724fa78583c26423aaece05cfddc04c9,0.055369332,0,0,2
fdc116f0bcda6d1fffbbe505d0687b0406e92fa6,0.08230351,0,0,2
66608db56c41e91ee34fdc1e6157d69b69893fad,0.07255747,0,0,2
5366158572bd88f18df7883ab823ea62b7701d77,0.08322899,0,0,2
2df0a3be66f6fa1067d976d7a05500beff7eda53,0.130945,0,0,2
e0b2c86c8754312d1e89307fbf84e6efbfa9fe0b,0.18260533,0,0,2
050dfa6f0850174fdf958ce6751d2f06900201f8,0.36861777,0,0,2
7530b4bdceef0ef37af252f0b97978554fb9b99f,0.53983134,1,0,2
a6eda3d8eff423ecb4901aa07339364732c02ddf,0.38518086,0,0,2
a5035d0e1cde068320984d789473e1140adefdc0,0.04820048,0,0,2
dff43a0530a6fbd524e3af24795cf6b92142735c,0.35900652,0,0,2
1d5f8faa87a410fdd1141ad82f270ac238293770,0.07315914,0,0,2
82f4ce516c18ef5fb3096f6a90455fce90a5b290,0.037725195,0,0,2
228b49fe2afea3376c4f30f80bdeb70d083a9206,0.04443394,0,0,2
adfa016f3ef7ff262643e0f0a5a54d3ddb7d7e1d,0.038030263,0,0,2
f72b5e65c0c5210cc0be585959ae84fdbc87aced,0.054929137,0,0,2
26d668f6d5a2f202ef7ff6a73ff3cbd7bbdf4b06,0.31928575,0,0,2
808149305ba26224917e29aa0c0089701bd91936,0.06706672,0,0,2
55fd738c86ea1796d5152d818ab4b5060bb11803,0.4689191,0,0,2
7a8dc00b8be18a9271e2d9c2444ba91077ffafa5,0.40418994,0,0,2
34515698878ff0a4641e72486f0ae8a7e30df0d5,0.32953227,0,0,2
96f2b16b3efb93580e6aeaf1da97d9dffd5e260b,0.13399263,0,0,2
b577805347d56f1927615fad311868a3537a9cb6,0.04059411,0,0,2
e366894658914c0f2fb41cac003392b0dfa6e4b7,0.28665635,0,0,2
3411f29e2377788cdaa5a4eeaddc53355f085a78,0.12081227,0,0,2
880b04814c564ea7a1bb8fe97c15b4735c67e8e9,0.21298674,0,0,2
8ef033be5c92a895139b4f910af5a7048f340cc7,0.340234,0,0,2
350c477161a0d1df94efa02109ae07e6acbc527e,0.14821514,0,0,2
0880a21c56cec1a2442b5123c3845bfc99e83a7f,0.5958126,1,0,2
84143c462986417ccfc5e8c05481e983cf668e2c,0.065329015,0,0,2
f16d5b1722eb55c2d55eb623999f16799b088b98,0.11492367,0,0,2
ac37165ed7a22cbdeccfe348b10245dc83b414b1,0.21269579,0,0,2
d9ae4e2601d4c0744bbc275b6b4f503477b789ea,0.4146929,0,0,2
7c1a59fa7ab58f5f7cdc124ff2667cc501570a4f,0.052624684,0,0,2
93d35c8f291b8953f8460c0eb02a51cc6d6cac22,0.27845037,0,0,2
b77184a2189c8f91100d148354d1fdf38e83d13f,0.02435962,0,0,2
f81e0465460ff9abd450eda836bbb4f9b13837c7,0.10795091,0,0,2
6fc152e4177e0482450b13eb7fe496de677ce5b6,0.39788863,0,0,2
0c9af5f450ce73da9b791051f861cb9a6420e0f1,0.34250262,0,0,2
11409e628b0461be3c268f81642ce36bc4b0bf84,0.37829733,0,0,2
63a9488f2910434851e98a8fc0ec8c053b24083b,0.40946645,0,0,2
d70736425701b66bd64ad3aab3941bb930a18b66,0.1214356,0,0,2
7331773448c1f2e0b24deae4144db0deec85fc07,0.34983423,0,0,2
11a7e62a898e54d66936d1b8b67cb5e62578ba98,0.32697907,0,0,2
0484bdb3f61d309ff62da4df4be92cf139d19f6b,0.42365244,0,0,2
f9f632e7056cd9d2b3c88bad50fe0597610e2eca,0.44259465,0,0,2
a3fae474e5cf5084c89835fce1950991aa678a41,0.43566802,0,0,2
f3108e2771083bfcf02c9c67ebd70a3ac0ddfca8,0.12259005,0,0,2
521b9b3385d73239b96ab209cb34ceb5c1c1400a,0.20354992,0,0,2
d7a1666f9a89d9a517f5fbaf283e711046fd054e,0.18401761,0,0,2
022a020bde5afba4f2e9b6753c199386e79d7825,0.24259481,0,0,2
1b5aef881bb3acdcde5d9fcbb6e43ceed6db145d,0.42810056,0,0,2
0caba0845d4363025e619eb3db6f3138b2c3d394,0.031300344,0,0,2
8e71711c1caaa404d84ec6682f1b7b266064c2e9,0.0769003,0,0,2
363be2fea66f861d7ec4f893a05901fa0c7ecf92,0.27165988,0,0,2
412a8a0ba61c84d71c0cc740ba7e50c10f3bf9ae,0.33374903,0,1,2
03380256795725c7d17db97d882a4c4da3b76b8d,0.5454936,1,1,2
653b46857a4a48252bfb094e39ee9937b2079fa2,0.41108173,0,1,2
748cb609306ee5a046a952a0ca13974ef0b6e770,0.691644,1,1,2
0f9ce497b0c6841e3aca845336ad095012c41da7,0.5155207,1,1,2
36ee52223387eed452c266490a25b4c62f49abc0,0.36504325,0,0,2
a8c6d43b5a61d8da784f0ac188d40b88a15dad50,0.053846437,0,0,2
8fe2360920a8228c10cd59ba0978df701174c961,0.4438382,0,0,2
a3677db89ef3863e8ac7cf578df499f85d970b76,0.09430072,0,0,2
64c51505a82baf8260a34c7e83652ae3014009e4,0.029221626,0,0,2
ccba0cfc3f1b81dbaffa5153aeb84d48cd7630ff,0.26969314,0,0,2
e7c42ed0fb83faa2b57184cb72f6d9e8b621ccd5,0.3654715,0,0,2
633de29fedf11544f2c3d5052890cb014e612bd5,0.36836627,0,0,2
362ab2bc41697980391c4a61c23cb3ef6bce740c,0.37019956,0,0,2
fc9d93db68a3c33e5ead8c7ecb187fdf0f06cc4f,0.1800912,0,0,2
66a775c9feb7dcf00c28a16b7a365af4372886f8,0.59930485,1,0,2
a6a48cfd370b226955a531e678016db414ebeed9,0.5628503,1,0,2
dccc1255413adc1a212dbe3bf40accb70ccd44ef,0.1974496,0,0,2
83b70a377f79ba90f846b3a720e6c402c63bccc5,0.0709141,0,0,2
819318486d9cfb430749ee33d3c5c4ec4417babc,0.44937438,0,0,2
827d9644c864336fa84f15744375ba7412da047c,0.5091016,1,0,2
af6bbeefbf197f50d194c7f20419c2a4590ad630,0.5573006,1,0,2
ae8f5f04574be75727f5e948e04bc649cbdbbb3b,0.36101893,0,0,2
b9cd3558133ae9f26aec73e0bda3a8f635d137f7,0.32069662,0,0,2
f672e826f51824582273fa1f5b6ec37aa5fdb2fd,0.3682601,0,0,2
72df12fb2ba453afb57cf185d25c502d4daec6d1,0.3488512,0,0,2
7b42d43fa0827557f51cb4111c89fb2a78512c68,0.0801847,0,0,2
af1b5872ab8355acea3197522ddf94972b3c8386,0.5528254,1,0,2
5c753a87c328678f16bf89e0178448f04194f0b4,0.3411902,0,0,2
0956e2d2338531a96f2ff7d4ab405acc1b18421e,0.46874535,0,0,2
6563275706015b000cc5bf14be7fa9322964bf49,0.041772477,0,0,2
e9e76131f35c112046b9f184816683beab605e9c,0.20595597,0,0,2
843267df5a0b44145d5b9ee9153d17aa5e15cce1,0.6148337,1,0,2
cd64fa339a97300c64dfc434483e478a58f507a8,0.036109716,0,0,2
b0b23c179ac55334f760aa29fce262c73a909268,0.06164649,0,0,2
dff1a0953d97d46290750a46d01be1e1519ae698,0.50404954,1,0,2
35e0ba449325e759e04203fcaa71920cf473baef,0.23014842,0,0,2
e508ad09d79302d3cc6b86077d4a6ddb0679a0f5,0.034384876,0,0,2
a27ca511a591caf813c26862a888e90e54af19a9,0.37461182,0,0,2
9be91f380c209f895da36d13c40b99687bb4c8c1,0.102305934,0,0,2
09c55eb8120da36aef1807628f87bde83749428b,0.3127587,0,0,2
05edf06360cc8a1a61fbd1ce5f9abf5d83f9d3f9,0.04401952,0,0,2
9df5e9419d83c11b4a2c3421c5ff7ea1f544366b,0.17517328,0,0,2
ed1ce82d822ffe185875b7b7d38352f20171c096,0.04981074,0,0,2
10e38114032cb4c585b29e946e1d70e05d52a878,0.35681316,0,0,2
d71ead41fb685431dad02d4bb7cb5675e196b8f2,0.10432213,0,0,2
e7b4025ee0b6152f9bbf7a72a317f977402a27f7,0.5617341,1,0,2
0f3648f749b7b67c2c61282297569657ea6220dd,0.3694671,0,0,2
bf915848967a6e35839e5565e98c716079980e18,0.56286263,1,0,2
7f74708201c2ab9f5d1f83c7052487116b8f7114,0.6442394,1,0,2
97dc91d1545a667b4021b6507d927799e53964da,0.36087167,0,0,2
d9979fa97865b7a57b9da975efb6e6c4d80b0cc8,0.42975113,0,0,2
6f27b4ae8f8ecb62698e760ab7df3973874b1f51,0.037812844,0,0,2
67ef6efb61f3c07e1359e083bbac5d90953cfe43,0.05750434,0,0,2
1b53f09c3a9dcd64dd281c1955b062fc28999366,0.17984073,0,0,2
34adc606601cb578486d4a019b4655c5aff607b5,0.5112822,1,0,2
b05bd69cdd841c02a3b645568ee5478fdbfc07d1,0.4703728,0,0,2
e1f30a1c32eb292e51db274adbe2fd6ed09b555b,0.4154047,0,0,2
bd82fe9fc034e7921eb589420bb4b86dc767a11e,0.20991819,0,0,2
13e0ba5aff3fe14eb0e1d748cad4b9f99e681ca0,0.62173724,1,0,2
3b7deb943877b0c2d8627531959948c5d1e4d3ef,0.4068181,0,0,2
b657c914c0005b37e24c1cd74c5f4ce886147606,0.43511286,0,1,2
a61fde99657c1b9d11e8eaa682181ea59e65814b,0.3205501,0,1,2
29c067466ed78c3e7948fcb8f0d25b3d984a1a93,0.10350894,0,0,2
fd86d06ec5d3b009f3882dda7903e9913858ee14,0.04363592,0,0,2
a43b8d68b8b7e6d7f23977a7432880290e6c6933,0.47375152,0,0,2
31e4a6df19cf4a13f8f0e9048198ce7488ad2614,0.085634775,0,0,2
3c0c9d83e27e436f9d3646f177bcb0ac2fecbeab,0.47139293,0,0,2
db7a08583a5ebfab310efde6d0636f2e2fc108ad,0.2731842,0,0,2
015e3cd37d128e4ade9b2d49f74f3b4fc07d82f1,0.030187445,0,0,2
8dba68a38c8bdae91c15e4eab35cd83c427d8e71,0.03168329,0,0,2
bd15dc78c74bd9eede3419b70469511f196a3716,0.025275175,0,0,2
c3ff46e30397bc0355584c593d500d2564c1c515,0.45703557,0,0,2
b2d4b2ac3a738d97e23e53cd459d9c57ee8827c5,0.2225302,0,0,2
3e24c28e68e617735b25791b0bc3f67f31624ebf,0.086528346,0,0,2
b1a8299ad223c3b2552f6d03e51c2ecba5df46ed,0.029076586,0,0,2
4e931386569c0a28b7e47c52d199aa32b6ca32fe,0.0341839,0,0,2
ed98d264cff306f7326db096cddf65cb26ff5498,0.02781751,0,0,2
1f07a0bf70049cb0a2f6b52ea7c261da5adb1abb,0.027756164,0,0,2
60bcdd450d6950da981d70b8b08379bdd744c82d,0.02624873,0,0,2
74133837585f81d1c6434ce32f73fc8694d5f132,0.03261945,0,0,2
0e9f604e87a5b42b27abc13a9328846cadd640f4,0.026205031,0,0,2
53a0a9ff85666348a38054e335f5b4c5355a6419,0.03069027,0,0,2
73f3e2b3d6b3f4a7000187bb3e6a4d82b118d3b9,0.025642365,0,0,2
b295635a87da0c20e5e2495103d4877ef0187d4d,0.032556824,0,0,2
8f88dcfc902b5bc86a239756afffc9f3813d245e,0.025975455,0,0,2
815b269deec60ec69f4e5e5d555afe9b98c18cb9,0.026532453,0,0,2
2b0658c59d6285547a5c6de7ac71c7cb134ce975,0.028216599,0,0,2
364232f781d0cc91cd4b83012e1f49e62fa81190,0.031170392,0,0,2
e972869486f85c3424875a443eb04bda2eeb6bd3,0.030160198,0,0,2
780b2281d86cf89cf5dd717c1cf54bbd48783654,0.027892267,0,0,2
06c27b37ccbde70514e035a50ba0a6ee1ff94ea3,0.02750074,0,0,2
1d1c41945a50a740519131bfff4e1875de69dd6b,0.025169918,0,0,2
71e40d0b30fbef976da3595fef8736a4e1245466,0.6044804,1,1,2
f781fcaf0f19766f7c9105911613f86d22b2091a,0.34194335,0,1,2
cb8cf1574f99fc51c9e67b9456ea4d494fd4cf29,0.3931701,0,1,2
c63413182017e069393963d07570ec69f373ee1b,0.5063966,1,1,2
8bba18089a1acf29f9d2433efc229d5c851f42b1,0.3859781,0,1,2
f295b186fd8f6c619d34a8c69c6a1307f2276779,0.6335659,1,1,2
02c7974c113cc2a51d6741491080058470265899,0.38175306,0,1,2
027c193cf1c012cd5bae06446496136a582c180c,0.31048304,0,1,2
4a10030ee78ea8da944f6d52e3c671799d73b5d2,0.3702318,0,1,2
5166f3dd04980177e46293408d998087040d4c19,0.47154143,0,1,2
d37041ca62ea9eab6e777bffc15ddab49941217a,0.508974,1,1,2
53e5e3fa8531bbb4d70523197215fd19b89c1a76,0.4746377,0,1,2
62e6242804e4167f5c476ae34acc784009a1af0f,0.47393796,0,1,2
324e8b4d43f0260b4857dafef46e8c5f349f633c,0.5120502,1,1,2
9fbc2a346b86872c397ff891d379115abe5846cf,0.38280228,0,1,2
c5a15b2b66b6b4f018589d8f60cc7acc71861822,0.5435686,1,1,2
ebf108170e9a6215176174d84313a0564ddde0c4,0.535338,1,1,2
f1984c42b64788a0737c3bd43e4da95e015c19e8,0.49963203,0,1,2
904b790c41d6ec4629921befd1c5286e482fde57,0.5200195,1,1,2
c2abe862ecb7f980260a7b44d907fa116a6bbab9,0.36955118,0,1,2
19a56adb00295d528015045cacd443ff10f7bcb2,0.4509592,0,1,2
e2ea5359798ce8dc77d4b23b0f9b4df33b37f940,0.36713976,0,1,2
ce4385a413dc822f8849678608d0bbac2defbb81,0.5511094,1,0,2
c11215195bed3261d88486d0ad1644080afbb97b,0.47310954,0,0,2
7048667393bc4290f381312243d13688407b9350,0.3077997,0,0,2
b188b5ccc0f1f8702313eab62a5dcc164f817200,0.10710752,0,0,2
4efd950d4dd822f3e087db9830d09cfb3fdcb541,0.42821297,0,0,2
cff6e00097bf7dd97a5404080df3bf7e95813a1d,0.19291165,0,0,2
27214015c725619e0098e227fd29816d0891d4c5,0.28012222,0,0,2
f8fbfc9fdca4b5e9ba1a5608ca17e7b6feb18c3c,0.4024337,0,0,2
0733d7c2ba214415a8d2e4efba5c6e26b61d3291,0.035444662,0,0,2
d8cdd5eeffe9b63949129d09f6b0c7ad2d517e90,0.37883073,0,0,2
e2cf4811ba485b0bb29d7d80bc853666bfbfa958,0.3073639,0,0,2
580e0d1e26ab2a9275f01506f3af56fe8fc32988,0.44921193,0,0,2
3ba27e9f4a29be1922b3a19f9c6c5127f93027ab,0.23802195,0,0,2
8fb1341ad7c460286211f4f2a6be41bb5782653f,0.22961542,0,0,2
041507d3aaf718ae536f9ab66e4eeb4065cb339d,0.31642488,0,0,2
735b1b59862dc1b5f7e60549aa7c33dbcc4095b2,0.34356332,0,0,2
60595251eec5979e14540c6d00043e24905a7404,0.09973727,0,0,2
980366284db98e0515dc5e827aaf4f750699bc80,0.19011235,0,0,2
6c2dbf2885fb4602b8e42bd208ebef66df23329b,0.36169264,0,0,2
cb6ee2cbdeadad5d277a6e7293d88bb915090c4f,0.37693495,0,0,2
a00624cf27791193be74a610723a9a0b0980d23f,0.36467516,0,0,2
911d59f46d0dce2e07a93dc0ff705154f568b7ba,0.029119518,0,0,2
1aa543286acbcb3c23aebaba003fa024a54aabb2,0.47426963,0,0,2
f418eed3089d74caa11affaf947a40b774e9c8cb,0.037067592,0,0,2
a13691b5be40d31099d39f7c8f3ee9970ebc20fa,0.31232235,0,0,2
3e8b8aa06bb7742cd1643fad72d7739cda400010,0.43376794,0,0,2
a1db4c96f62eef05fff532b59300edeff3ef21f5,0.2800502,0,0,2
5321c7ff2ed082524bc319e44f0aedf7ed8960cf,0.41369894,0,0,2
9be73347bd09934dd0c99d32bce9c4e12fccf6ce,0.44407582,0,0,2
4362e02ed0404d12ca75ee3476d4a32f9f671811,0.33262274,0,0,2
d3f0ee5e0928122b41ee25e2b4ab09bdca5bd00e,0.041921597,0,0,2
f82b5b57840389fcfdc4f16cb75703361d6ea059,0.30465898,0,0,2
51d564f738b20621e4e14649bc1b15c929668e1a,0.3803953,0,0,2
5bd82306a8e44e2b9ff098f29ebf4c69c195b9ad,0.50649416,1,0,2
9959b3c5a777845aa19040a5a761814e483a6483,0.2809238,0,0,2
a0611b06f05e3c37c622f48a783836f89247c237,0.25347844,0,0,2
f02f2e54ac7d88a6b7ee620e45e1bba878c63a56,0.4277036,0,0,2
98d6d15235e046762f3b09294e896994f616627c,0.463064,0,0,2
fca0e6ecf6012ee47fbc92fef4533320c1e3d849,0.055837244,0,0,2
db642a3c3ad93606d27d6e277b529da3a50057e6,0.055320296,0,0,2
1929834c27a931ab505f7a389d38fafd10331d8b,0.3856502,0,0,2
a5cb9a4b4a196bd2048cd21ed2fef175bc1181cf,0.23742804,0,0,2
c2f1b685abecfc11de76ffd0a28771f41b566782,0.43833068,0,0,2
30b6759387b4402987f6f4a6100fdc78e8bf755f,0.4592534,0,0,2
50b126dc0eb075a2193b670eb7ae2089896ba283,0.5708994,1,0,2
6b08874607dd51c9d8f600a96650a330cd9e6b95,0.4462429,0,0,2
c9685cd5e462926aa401fca7321ea23927492006,0.39005804,0,0,2
ce8d0f7a47f7caba8ab937389c59b68b20f6994a,0.5286952,1,0,2
98b8758e761caf659608f48fc5c9e9056f911050,0.14329517,0,0,2
95b2fe97c7f191e43b7fe11e8e027d87eb47f15e,0.056768835,0,0,2
79237dcd2bf537d56ff8d73f897cd639af7bf8f7,0.08967164,0,0,2
181affd5c937755f54ff31ef056a6ec091e95f51,0.103867784,0,0,2
c334a1bca8338c92e76f0f1cf2ef4884e3eb5dbd,0.05038146,0,0,2
efa48b214d30537bb184884ea30ce817bb350153,0.4990577,0,0,2
b45c4bdb496381b5f90df6872edca12e0a2e68ca,0.4551693,0,0,2
f8489499aa6d460a7548b14d516638b0bd7b862b,0.048522834,0,0,2
76a2ac814caa194c46be1cf7a3f5dc129546b1c1,0.2568443,0,0,2
31fb4dfef212791f86f052ce8a3adeabaf830cf2,0.13522458,0,0,2
ccfca8f714055cd9fbd00cf7e847b880132cae69,0.040581506,0,0,2
a29815abf4f0e51b332a8af1b83ad344104c14d9,0.033711135,0,0,2
92e6d716069686583b852a6dcf12af986d6dc694,0.07243706,0,0,2
d105819a0e72765ff5ba4efa5622d727360ee2b8,0.025904736,0,0,2
3aa6f11785a2f1b3b09df328a02a2c28dfa0bb57,0.07723035,0,0,2
b7a82a918f0a595a96047f7eef2672fd95d5626c,0.47907647,0,0,2
52f3240d90f2397cd1850ab11674ba08a0ecb2a0,0.42698783,0,0,2
d70fdbc40195077057a1edb14ccd16a26435d007,0.41537476,0,0,2
0751f97bf6677c3d55aa71542d572dc8fcb9e79a,0.43792668,0,0,2
e505e1fea57e0ab9f1d5edab92546d778a5f41e0,0.4500193,0,0,2
b4380f20059dc9e4ccfe2b709587e8069ac0fa34,0.42682818,0,0,2
32a9c6d42a3a48314d3f9fe2956bfc8bf49ac5d5,0.464836,0,0,2
80417356f04c5ee1cd6f636e9b043db3f2de24f2,0.2506949,0,0,2
f48bca0510703b0673709b10a806a9d54894a999,0.50555915,1,0,2
f1b54876ab8893a5d9c0e3d7c1a9c884e683dc8a,0.46603295,0,0,2
c82f703768eb8a122546de23e412a037aa1770b2,0.2816891,0,0,2
36a02dc549f32433d7329444455dbb1be2e67f20,0.041816436,0,0,2
fa8957d7939b59e8d391fa17000b34e865de015d,0.56683016,1,0,2
5acc6a5502bffaa66be7e859849856de0ea27acb,0.1505811,0,0,2
b58789c5badc4f9680ec5724568af05a84670e22,0.35332808,0,0,2
9ee3a16179cb65f5fe4170257ab7cde558f1dbeb,0.39478716,0,0,2
4ed0bdf1c73fd82d3080d15085675de96d5be0aa,0.12565817,0,0,2
4950ad86a16e63fa26d51cd709e39666008c5fbc,0.038147647,0,0,2
b61362933f7a564d2ae0b7d6b9723f79f4948769,0.03524916,0,0,2
f28aa71041181867a720134e26b64b03cbccb6ec,0.35527968,0,0,2
720b988fd8d7a50fbe922e6c73a3681b1c566331,0.39827108,0,0,2
9d744f7136f23da9a5f9324432b300b5a68e3b39,0.33490834,0,0,2
98f54c158acb12a26fa6f335b1665accd2aed347,0.36214232,0,0,2
22c6d087012fd55bc65e578a27f2edb66f4d3808,0.4076503,0,0,2
890b387d713d04c22406db6d5a5fc9b51bec2df5,0.2793322,0,0,2
c7d56cffbb4668d0955ef00196e08f42f2efe363,0.32093924,0,0,2
7680fae14c9f544d0585a7b150004a1e48fff53a,0.26408485,0,0,2
136c5ffe80e558a87cde01baebf823b06e3cbe75,0.2831048,0,0,2
8769d0f2cc4b7555dc025b7c0e49a81346a1e2dd,0.028827615,0,0,2
4b5cda5a2c6ca613db5129d50ffffce2604ad9eb,0.25151893,0,0,2
2e62764c0c386632e87ee8d12d0505848df1015e,0.4354028,0,0,2
4590f14e97beb6d10ffb7b5dd312c632af155ed3,0.5108885,1,0,2
079bcd0339f30343c01c5fd3d5521be4b822d30f,0.39190802,0,0,2
29283b775291bf03cd9a7e1aaa496faaa5757578,0.15683113,0,0,2
89321a2dee438328e75a11954e972175c78f0a2a,0.16983585,0,0,2
1f3e72fa069536ae20f37b29575288ff65e66803,0.20409171,0,0,2
c7720ca4c232d317cfc800a04eda4a1d5a44a944,0.050731502,0,0,2
a747456bfe077da467ff036172968a37f3b1e893,0.37147602,0,0,2
2f2c8b1cc6e6e731f7bc52b0988ea8316f475004,0.39083633,0,0,2
013b445ede8d9e7aad4915859d0c869b9b712f8d,0.41385904,0,0,2
f4e754e66e3661274df624bc328991cd88dd03d6,0.025548002,0,0,2
741944332d5bd90112b610a8b5f2eeefe51e08bc,0.043734793,0,0,2
4c7d7523088373be3c7ff203ea895d5a6d84083e,0.039299734,0,0,2
f79c9365d0ee89cb407b90cc084eece8fcf9a8a2,0.19154532,0,0,2
8714dd031647be34d0d27f461894e7b194f25cd7,0.30620182,0,0,2
83406b73e70a251eec5daae34f1bd8d554cdddec,0.39059803,0,0,2
2f956f46580e5b4752173e885d37a20fe31a78d8,0.0491473,0,0,2
3f36b7b50bdda3eeca632ad5440bb82b8e34cb40,0.41495565,0,0,2
9962a0fd02fe2ef06765271605b06729af8b2e59,0.21120287,0,0,2
5294c64b342818e021800b38413f36f426e35b3c,0.6360589,1,0,2
5a45ae3b1deb5117cb9e9a13141eeab1e9ad3d71,0.34162048,0,0,2
efafa61992658eab64c893e9eef49f545d75673c,0.3555386,0,0,2
630830476a6270e317e84229996a6bf92bd903ca,0.3055084,0,0,2
14097c64d243794610788d3ebb2e81ba8fd867c0,0.2969882,0,0,2
f2615d9a611db401cdedc022112c87ad938b5680,0.35440016,0,0,2
a24d624aaabc14a455d18450d9127f88d1b4f8be,0.3462456,0,0,2
49169033546d893dae3db903a2fa6af712f125c0,0.40847605,0,0,2
fa7588c4c0f8d403e4815fa72e3b8a3bc98d73ec,0.47046167,0,0,2
367fe13b46a0b4dda56b7f12273d6c9afb1da23f,0.2375644,0,0,2
368588b5c5c4140f39ea8b9a8ceb3d1af0708804,0.30962637,0,0,2
30ee10d2740fe1f28595989c6b21f22b75a147fc,0.28870922,0,0,2
af9fd052d1c208f191fbdf85873f965552465598,0.43859175,0,0,2
0a711ebcec7d32b66ab3c90b2a1f48681201e557,0.038409956,0,0,2
a4acf53336a482f50335d33b4f650a70c9243b7b,0.2879121,0,0,2
c26fa78817f30cc3eb91165b783e07fb80d80f59,0.4753429,0,0,2
944291b748bcfec4e2f3c17623884db7a17b9f21,0.4224352,0,0,2
c44f982e89b63a97190638cd12bd8bee2bafb883,0.34425038,0,0,2
fb46b941f7763314d667c437c06b1675e61c3d38,0.39701104,0,0,2
e9928c94ce1385ec72028336417f19f30ac38ac0,0.041560538,0,0,2
d4021487539b0f7758ec644f2e0d83df95c66bba,0.35339558,0,0,2
ac62c1c29f319a97a2552c39f32c8e6acd70c9e1,0.47242305,0,0,2
dc08bb8ea6cdf01188f6699559e779e6cc296287,0.4094431,0,0,2
82b8ecc3275d7c3578a6531ac3f1da3ffada9dcc,0.05034912,0,0,2
36ce032b612fc0a1156d28bca7327e06337c8815,0.46528757,0,0,2
2f22533ef41533e2b839a6b41b262dca59e6dbf9,0.32115775,0,0,2
39a3cd0f4210dbec1ae8ef39a87d34b76eac91a3,0.43794948,0,0,2
1f470253c46471033048383c027192e757480492,0.38987768,0,0,2
9c40a7bb3c9aca51d17490960c988dfb7b5acebb,0.404743,0,0,2
7f8e952abc4d2fc4b96c97a51aa25fcf6ed8af02,0.32233676,0,0,2
bd0b5af025fab9cad8f94260138741c252f45fc8,0.50837296,1,0,2
e036d60d8a210d5ac28b2e5c51a45ceb82b58f09,0.38458478,0,0,2
626014eaf093fc2e3b53f5ad00c425bc209e1428,0.3707332,0,0,2
5c85b8dda5f3047732a17b818256b9289274d071,0.45925352,0,0,2
ea402becca436dc1a8e47ac9385a3db475b49355,0.35122332,0,0,2
255f10834a67cf13518316de0e2c8a345677ebbf,0.3610562,0,0,2
044de16c14076019f87763b7b58c45664ee57c11,0.4400103,0,0,2
e54ca615f213f5db6d34d9163c97eec98920d7a7,0.5835213,1,0,2
07a42d3ffd034e467e49b5c449d4f5f81c471cc5,0.24110588,0,0,2
e6da0f682436e1387ad68e86edf7418c0f7cb368,0.029387482,0,0,2
59ec4f018963eb55e32fafc2b924826c39c09682,0.4126976,0,0,2
ece4b70cce24b89483236b4cff079c10597d680a,0.2534558,0,0,2
09d28fe7995db1a4da2c651d362007d2082c663c,0.36196116,0,0,2
98c27699cbcf65c3d9d655ecbcd67adcd8b45b05,0.40291908,0,0,2
71cff7c5940b7101ff098601850d46b7a4698180,0.31581184,0,0,2
89e0607cf6470dda1a6a47b46abf37468df4e50f,0.41625166,0,0,2
6fb60857be1fed21bdacc4ce830bbf99103b6fdd,0.55450326,1,0,2
3634821fa515365618209f0452443728e7290fca,0.37913832,0,0,2
2fd62ee4d524c270764e9b91dca72e5cf1a005b7,0.27800044,0,0,2
a703ee75c40e0207f6831c4d48e1c7e62f160305,0.43100718,0,0,2
fd7cfed070c2aab60521afb7dcc633a0b7abea80,0.3940425,0,0,2
1de41ef4baeee1c95e245837299f8be265294445,0.032622557,0,0,2
9491d7a61681f7acc7103a6d1d45efe96f7981d2,0.038117368,0,0,2
2d3203b10cc8edf71a6e3e0822f0d742c9516aa3,0.13109492,0,0,2
d55a572e5867832f6d5755fcd46101da51a38aa4,0.40228385,0,0,2
170cfa758547b4d9be50058ad93cf60ce0da5564,0.3932304,0,0,2
3783ca4476fec8186c867e4e57084e649c318c6b,0.4226052,0,0,2
4d996d1bac1bb1886cd9c473ba00e53e3c19cf3e,0.31242847,0,0,2
445cb9dc2f07553f8e1e5f7c1150f00fbb05c63f,0.2738745,0,0,2
ad80bfe559e7380fedd7998daea5f27393ab643b,0.33788496,0,0,2
3d2d4fd1588c8eb3f67f34d75b66967d0c7b06b6,0.31575033,0,0,2
d54fad867da7f762ac4c0d947adffdc1f8f356f1,0.23887108,0,0,2
12bbaf3550d56bc945b50f538b5f18af93bd316a,0.19813187,0,0,2
150c578edb161bdb2e8c039f0914984f570ef8f0,0.33022475,0,0,2
af977adc43a071a09652fea4ce3deba2d5b8d171,0.4488482,0,0,2
e021734b62ea5ac273e516b4ac83727cbb99ec08,0.29766783,0,0,2
b635beb6efc07a97c143775c78a32d42b3b73c8e,0.29658103,0,0,2
3fd2492fcce073f0c36e4d7e23e34881557e6e5e,0.27276278,0,0,2
a918c493296c88da94b36600213c7c188f2589b4,0.4511698,0,0,2
9181e1d536bafedcb3587ca30e5b6e2d66f06bf0,0.60871124,1,0,2
cc8bdf1d13639d12d02170d40cc4890180bbabc5,0.4269539,0,0,2
33ee5497490cbc97f3eabe9ef7a6391e4dbee8bc,0.29047573,0,0,2
dc61e510126aaa1a95a46fe39bf1529f394147e9,0.033404108,0,0,2
d320a457a9de67be25a03f79e1695d549a0145f3,0.04069233,0,0,2
94ae6c84d22ed33e158b3cc822ca4a0484c829c9,0.21096712,0,0,2
e9e36cdc44a68662885e35773187cca00d20239e,0.30895764,0,0,2
7d4041d827aed7d9f3eb14310b824a2faa96b8b4,0.17172419,0,0,2
6f5f99440e7117ee3bb6407e06745fff14bb2a4d,0.4031718,0,0,2
3eb4be60cf00c20e46b75fb72366dd0649700c2f,0.37769353,0,0,2
edbd9842cfca892b10c2e9c8da0384fe005cd67a,0.3880936,0,1,2
bc8e23808b9d8d0c9b67270ef35d04ebd9d89cc8,0.5175115,1,1,2
635e41ea181c5fee8860a7044c84ae3557b51189,0.45262936,0,1,2
c4ddbe6456c9631c301171098a8ac016eb4e582c,0.35811174,0,0,2
63f1d6b83bc10a2880f5ec17a172fab284d2eff5,0.07071698,0,0,2
10e18ae9b47dfe04573884739823d64825105694,0.041325387,0,0,2
d3252a5ca5571e0a97e9a31966ec6b847a3a8574,0.36126673,0,0,2
86c76dd5ea04d1881a52d79113d6dbb1d57c38a6,0.044269104,0,0,2
73a8fba6fb23af45ee77f52f33bb8d791a9caa05,0.051789694,0,0,2
e8db7237a9c347d2225fce9b49ff92bb741adffa,0.3417509,0,0,2
7af67bdd16a4f103bbe6334c5a865436c900adfe,0.31599787,0,0,2
71d7c3264239c55b6e2daf89c44c5685085f26dd,0.06209702,0,0,2
958029bdd45c3e341eb146031ed38b4487d7b0b7,0.055248834,0,0,2
5556026ed1dc17e70946a4a030842ade3a33baeb,0.4565324,0,0,2
3c92830ec51fb6b6e9a7ca2fb8fda324cd33e48a,0.050695736,0,0,2
0fe9685c8a78ba2d780a3ec1e1a323990dc6d218,0.10939933,0,0,2
bd7788b384a87024ddd6bbe6a9bd9a167cf2ec12,0.04901539,0,0,2
dfecbe970917754511a081f8b86efac211e624f6,0.05041489,0,0,2
ef51b068aef14fa347710497cfb67aa9c6e65c0d,0.2921181,0,0,2
173c162a45b4be6fcbf7a30c44d1953062a25086,0.048814025,0,0,2
c4c03a33c8b8b94eaf75d368473bdd10a21cd0df,0.35614678,0,0,2
2fefdc7dc3c9afbbe534ff69db5a754be0716b11,0.0837181,0,0,2
f525bc3ccd9cfb69603bd9778998263a458415d0,0.23802085,0,0,2
9072a7615a54d5e753cf088326d9e14f1a5a6751,0.1611043,0,0,2
11491d355da8a851d6badb6348b10d8c4acc9d8e,0.35624543,0,0,2
2bc2ffde1f4752e7a8c7ea0a51c559faae194786,0.351762,0,0,2
35f1cc00274122c0274b522d0b544a06faaba931,0.0845557,0,0,2
98817e88f04cc6757c42ae52d653b63cb85af486,0.3890781,0,0,2
83775c432382b9c0367362491d0dc515bf0e131c,0.040414784,0,0,2
a498b87dbcaa0a61c6088d7156258a3cb06638cb,0.37162828,0,0,2
34558845e3777afdc1bf90ebbcb2017ca17aea86,0.6135005,1,0,2
59985b43f0868d9a4a588d9ca1debd03108f8cd9,0.5352423,1,0,2
8ea1aa1e7cc427c28a89878fd2dfcb110c992b20,0.038277075,0,0,2
d4c7f63054e584b69024664bc2f221faf9863519,0.054845907,0,0,2
20c733229df741e57b8ac205788ece2d563b2f3d,0.2497724,0,0,2
3051264e1bc1d41a29c9dae7935c090568f64af4,0.31551793,0,0,2
db0f2304bd7c3ced65cbdfe9e17e80fe0774c13c,0.25390583,0,0,2
2f67045b9647de10ea5d01d8d1e98ac7de3e1cfb,0.15443,0,0,2
7ef106b23772995e4307f84afd1bee4e2337ce0c,0.23168823,0,0,2
71f6746f81bb9650f6f228ea204d85ba2c5b7392,0.32315528,0,0,2
2ed96f00f724c3331d6b56b6b5650b9632f43954,0.2876504,0,0,2
3720683699bb830a4aae6fb66a78ce7079ad2c56,0.19757603,0,0,2
df37e605fe4b027406bd9dd85b320526ab12a122,0.029530399,0,0,2
4ad74f449258781e9df189413423ffd6ad95c526,0.31757355,0,0,2
d81ea83a0eb1761bb4e90a91f3b70f23f88a7d2a,0.2797242,0,0,2
e2c0ea4374c02539ad9bc6c4328b74f25eb72405,0.22854072,0,0,2
cf42ae522e12e9b412e1a1f008ea73cfd86a5979,0.2648337,0,0,2
fb7335ab163588fe6ee67ef26d3b3edad5cf4bd5,0.20206821,0,0,2
e580d35e1a07431109a5835411142bd1c1c2b3b7,0.043616787,0,0,2
ea60fbe0633082a131bbb18de94fa60a04eddcc4,0.040443834,0,0,2
90e31fd93fdcaedadcd4b030fbc20f7375672def,0.033312663,0,0,2
52adf52e4669b54399fa50f2624826c06a19cb7e,0.040398892,0,0,2
71e515ab6d2007d34d96df5604f74c6fba92c0d7,0.06696649,0,0,2
6d23e85570fe1139cf5ef3bc9b4e57ea73680b6e,0.48261797,0,0,2
cb83f7cb31e50f265e098c5380b3f0051e257f46,0.053008083,0,0,2
2584b4a0ef536e59bf28ba140844597a093d848d,0.06025301,0,0,2
cac520971206093d32bf17925f880bd06d93f736,0.056212083,0,0,2
6a99050166c945a226d5f8275ce4a9dca3518285,0.04376032,0,0,2
6dbb48c8e685f65f45ad5df9f7684bed910036c8,0.036508616,0,0,2
260e0e0cd21af7b03ab0dae33b4978233db67773,0.7787009,1,0,2
b5749b4f54b30c0c2050e456c12cfcf516434f13,0.06591998,0,0,2
07ec8ad2dd862c8669b2557b995ec5180663d73f,0.28216764,0,0,2
28656559d2fc67193a84d5cbc48d378b2016f74a,0.5351758,1,0,2
0add1e8975336c65513b26123d48b221e2515ddc,0.2254704,0,0,2
8e7ea70a33ecb8db5207849ea6371b4a5a8ffd26,0.05280816,0,0,2
6f653f6bb82757963a87d725808c080109e7e3e8,0.04945625,0,0,2
1974c83561d09cf73a575f992fbd8416e3354d20,0.49946627,0,0,2
37c20df721522b175bc9df3f06a361297010df5e,0.059174772,0,0,2
061450a927ba1cc65f7b984f4ff41866ec2eceac,0.04803122,0,0,2
60b32953a968e5623f82a6b27d6c679bc17c48e5,0.20412377,0,0,2
f175a241c811d2d0843026b2dde5c3ae308cfb95,0.033554595,0,0,2
ea1a69d638d97d5ffc451b32d240479357e02b0a,0.06652433,0,0,2
cae70c10b4451ee3b919764f72dc4a4caf0f6f27,0.07097743,0,0,2
c0c7112dcdeb75b521d55cd47d0c61be66b0499e,0.58142096,1,0,2
8d0214a7417addf790713440f10855dc279876fa,0.06349704,0,0,2
e2ec4f2fdb2bb8d97f64a33e9ac288d52854a530,0.3525869,0,0,2
fc73151cfca36ea2641f340700dbe339b9e1f103,0.44326708,0,0,2
dfc9888860bf192cedde21e5e843bc3caad4b74b,0.27378252,0,0,2
5f9e0851da9e74c12e04f5a62cb7aeb1a8ab7589,0.67388356,1,0,2
7d5a61ed64315bd6570c5cb55c1f53853a3fffa5,0.4474833,0,0,2
82152f41ac8a727c2f0042bd555452dc2dda11b1,0.2795547,0,0,2
474a837858a8e7a98316f97e9ed387d0161015f2,0.3120494,0,0,2
39380da86acc717f419da48f070f8cf7d9f9ec94,0.2922213,0,0,2
0e266204f535aa48f74d4f2480b2268c13e26b22,0.24137853,0,0,2
5b7608d1549989d92dd159392c19d9ba8ce0e62e,0.19517611,0,0,2
e79a590e0cdabd93883aca964db2a862ff3f8490,0.06957693,0,0,2
ec4d8a9a6b783f1d5d603d5272c94deb1e7375ef,0.0411541,0,0,2
507451866c98cf9e2ddff1008fc0152935ed9e20,0.5425902,1,1,2
8ac3334a04928faab627aef4daf4ac51c28a95ef,0.6662919,1,1,2
6bb871786e563ed82e2b8d26314c22772808fe5d,0.54445076,1,1,2
633ce604968078151e03363d5c67042af74310e3,0.4922073,0,1,2
18b3437c15d78c54510964728486831822809d9c,0.053301923,0,0,2
d68f7f5f44924ddee14428e16b7458e2878baef2,0.036793336,0,0,2
a48071b0d489420bfdc0c2ed7254d1dba243f700,0.03914925,0,0,2
5637a5204ffd7b77f569ed28f85610eb782a159e,0.34442478,0,0,2
0611710c619e67affe9e3b6471943d0ccdb9da73,0.03706154,0,0,2
ff3492b06299c0a38c029c8d7a524d0027de357f,0.31423077,0,0,2
0343b4fda87161265acf30d5ee61e525e751358d,0.051291637,0,0,2
756ccc935ef2a8f9f48e96f28c7c622ffb3e6627,0.026998626,0,0,2
612236c8a77d5d8c4755e287f682cf06d773a902,0.073490836,0,0,2
f37f4b68f3343e2b8f8d82c40398f975116102f2,0.044622067,0,0,2
0822b4226f31e50ec244d311e56e3446a8e5811f,0.26666668,0,0,2
06b7cd3a31c4565ceb0a127273ef800a3d084caf,0.4653566,0,0,2
04b55bc7ca0b0ac444fdc8ad01acef8172852a8f,0.17733394,0,0,2
54ff33b2ad26e3969cc59d7f2723563dee3e37dc,0.05311728,0,0,2
54e63005446a2b0a4255ba16838122c5808ef886,0.22971182,0,0,2
1a002c67f2d3c198411a62165e53b31d6b414aa3,0.04178367,0,0,2
ec2fa6bd5695b36435cc66ca4cdd8183d077a0cf,0.37039506,0,0,2
52b46e74dd29eb3eb65a593a872fd57694bc154c,0.04790337,0,0,2
59022fb870c2c45a27e00943003c5acdeddaeec3,0.4469994,0,0,2
03fe88ab71cf2eadaa39654786c3fba713742768,0.28130203,0,0,2
a0b798c27a0312df2a110073bd7888993e56d05c,0.19913477,0,0,2
fb7784fa1472b4c55d329aacae672f416e11a703,0.12682961,0,0,2
5fb158cc05a9ec78e31e49abb654e00a7b65721b,0.20093368,0,0,2
f59a674a26d349b7069158023194ad0d7a38a9e4,0.2673485,0,0,2
fad946a1d79486c5118a596e8ac67ef7d5189070,0.34790465,0,0,2
d190655a97c33c886997b9570697f432e7d3a21a,0.22184342,0,0,2
68acbc803e416a38616bc25505cb88dde81af5ca,0.12587455,0,0,2
e8a2c29721d145c52c970049e5469cfb0dcefd87,0.1859115,0,0,2
00fafe772ceb91c9f26d79f5a2f6c3695a141115,0.312486,0,0,2
31466db6ecd115aa74616e14a75721b45c0f59f9,0.21994151,0,0,2
6d3796e64bdd5f3f4857bfca6982e6ecf98a2b33,0.20014744,0,0,2
131917a0d3303ca2c38fd1d6765b9bed2c23ff89,0.14344767,0,0,2
51512905c31ff19b91fc67b2cb3ddb5b1fa0fd51,0.16797897,0,0,2
56f0e1053c9aa767ffaeee37cf06a6056a221163,0.03508591,0,0,2
04b41e2c97fe5faaf521c2e0581c30e18e2f0c27,0.14950411,0,0,2
84d52919ec3b3c75f28a185ad7cd87603c3cc4cf,0.037014544,0,0,2
18f5f54ca0e78df12586e0750e257058746a5a39,0.035957776,0,0,2
bb76a6848b37cc3f418a370c56f597486618197b,0.031419925,0,0,2
69d4bf883cd7402d13497a40422d20096b2b9aa9,0.1950296,0,0,2
8bb3526317408fba3ae351719feb68703aa5fdbb,0.40400097,0,0,2
b212aa3c6fb91c34a0faccdf783a0a085d40be94,0.2822454,0,0,2
f8b1f6e7456a92b8aeb3e0aa8ef88936873dae00,0.26146135,0,0,2
04a5d83aecc325f87696c83b1a5dba45584ddaa7,0.3208712,0,0,2
c202aa8cec19d80f4671e77370287540a0777b7b,0.45387375,0,0,2
e55aaa5706f031df2e8d68bdf088604c79944246,0.05012321,0,0,2
63374a181393d941c805b6909c2ae5c41159e745,0.29801577,0,0,2
2b15e1f43de16d204a28f72a530abcc24208f4d5,0.30497003,0,0,2
4ceba113050407f10e116df7ecade93b1abcf6fb,0.046096355,0,0,2
5e5ba1b8129fc0d235b149ee699ecb2fdebfd39f,0.3051004,0,0,2
bcc7c0c85878d19735f4eb014e6b17a3c0deb0dc,0.34390414,0,0,2
f3a7cf629c19dc80734b5b6c3933fcc76c8a50a0,0.3232354,0,0,2
a72a5ced53067d3516ffbebf00a633743bbfeb5c,0.38958138,0,0,2
7642423cfa70fc797601afd64ad28ed1609df9d2,0.38038155,0,0,2
04e52eb6155b3cbf5fffc0d52689a3f679e40b19,0.028655177,0,0,2
a1cde6ab707515ae014c2635f9d32ad0ba64e7a0,0.028122528,0,0,2
ff902c15612f2d771483ce6bb06e55609247c34e,0.054198287,0,0,2
3f796bf74666ff9a4a6d31f10dbde4fd5e837d6a,0.4416492,0,0,2
c158713b66856745427f793f14a5dd1fcaf941ee,0.27748516,0,0,2
e8300276291ae634eda52d812e6e8d7cfef2f8eb,0.38393992,0,0,2
fac65b868c549d28b786568636bbc8362d2a78f2,0.39891565,0,0,2
c99a787752770b8952297e24e07bd404cb2f4f74,0.33376026,0,0,2
b877fb9abef4a19eec9cc7329acbd433648b8f7b,0.25176972,0,0,2
2b52dedd56503bf89b28cfbad21f59e3dd4d1d32,0.22194931,0,0,2
bbd1dc343992fde4baaa0309178509dd07eed536,0.061376013,0,0,2
dd5a0e6e1e3edb41afb4b40e4ec2c99e5932e73c,0.02801083,0,0,2
864721d54b8b372808b098e13120abe5c22fb9b1,0.028440995,0,0,2
18b1bc203bdb236bfd9084193aa2d55d4b605139,0.5421934,1,1,2
b2c1afce7eb13ea44fc7d25562cc3bb83cc91b2f,0.4332653,0,1,2
5b223744b49d3ceac9608959d2db82bbadb47897,0.4062369,0,1,2
031f6b082ff21cf1138907a7c666d6ff391bfd72,0.34621415,0,1,2
afedbae8aca69a092d65766640361801bf2b5d9b,0.26658946,0,1,2
fd59e545f4f2d697ea7e197f002c5e8eeca27004,0.40916812,0,1,2
3eddcccba7e0361d6e833407320908187b16ac8d,0.46936744,0,1,2
34a5e7fa91aa7ec9e75a16eb6f3d859d794d399e,0.5435004,1,1,2
fbb5d31a581c24e925c442a7754358d2b62a669d,0.4621434,0,1,2
17e65488113a2dbe9894f824f4321a06ee009e02,0.53850746,1,1,2
9625891a7bbc0a8b11f7cf9c2b4650775ec8ac53,0.4974484,0,1,2
13cd4e0ac3ab76a4dc091eda457f9a111727cba2,0.49446464,0,1,2
8ef8e2a7a5326eef6180951207f65d3c29bce419,0.52244323,1,1,2
844b2901fe4049fba29ce8c6961dfa25966974ef,0.3169744,0,0,2
faeaa303b903139f36c15751c8e48ef982222842,0.36443537,0,0,2
5fef9575646f6583fd2d9ee01368b3deefe6ce82,0.43796504,0,0,2
6c687c70a1d5cdbc71c113b7d7402dd89a942849,0.4261438,0,0,2
c049aeeffd41dd9fb8075e719320846c83e5ea91,0.4469447,0,0,2
9bd439b4e0aa69050ef1baa537e552fa4620e5d4,0.420373,0,0,2
8d6bc0ca625f3a1a98b486541fa613b2fac4b41c,0.103054866,0,0,2
d2fb3b0865a87cc909e4faab7733f993356141e2,0.10743773,0,0,2
10ebb32ce1806821518f52074f0d171fab20b3ea,0.37308657,0,0,2
caaf97ed8804ae3bf6fb17cd98a5814cab834688,0.3562956,0,0,2
ce0c082898e3551d313fb5b73763f399232b3fd5,0.08637033,0,0,2
bd9adbb637a8a4aa5eb61c6fde2c576d0ab3c4fa,0.5596512,1,0,2
e4b7ee81c1773eeb0bb71ca53bf722f046c16a16,0.1978096,0,0,2
aa31bc6c313789c344d715b7c1aeea0cd8de47e2,0.46548337,0,0,2
3899cc6570bd9176c84ad2d5d14febc6c0ddd964,0.36975724,0,0,2
648eebba22d6398a01b0924975bedced8469ac80,0.106346935,0,0,2
8d95ae41975a2307501aa0f4a7eba296c59edce9,0.57360923,1,0,2
1f56bd103d53c8c6ba7502c6586c26be01bfdb80,0.10272688,0,0,2
c7c85ee39892df3ca007c6596c41654865be7e43,0.21424589,0,0,2
c503d742f094dc2048b72c3f78f5e2e6070a44e1,0.42282313,0,0,2
a2d41db55aa46bd4fedb215c978f03e282cf1ffb,0.39971358,0,0,2
5ceb5f57212935386737ef4af0d066e9fd38c5a4,0.3782603,0,0,2
cf6b6d8eb1b524b73cdb74168f3190ab471aa52f,0.34204715,0,0,2
ff8fd9578ee8f66e6f80cd7b9f204767845b7339,0.34151313,0,0,2
ab60f735c721103ac888d8d7b801055921336687,0.057978094,0,0,2
a2660687980b36003a612eb89b40d6fdecb4b153,0.076501146,0,0,2
b3c31a379e9ad7cd22cb7f0669b82361ced84992,0.1858604,0,0,2
204ed0048f4812201ef65c9a0c44fa54a7d1e04f,0.28088146,0,0,2
103b64a373256feae6ca85f2bf220e7694e48fa4,0.4551296,0,0,2
9c506279188a90dbbe124386cc52016682d17b5c,0.44407552,0,0,2
8eace0187ea2c0c1a6e3a5b5e24e701f6e23ae94,0.053953495,0,0,2
72bbbbc559992e5e6bf17279d8194aaa80c62e85,0.48824003,0,0,2
feb7ba55120feb5e3ad3f526fae7dee1b5189d9e,0.43102077,0,0,2
bdb074610c87a210ea4c0d91d579cb4558f4b19f,0.59833205,1,0,2
64d820bffae723b9c8669301b246ae199db61b5c,0.6327098,1,0,2
d58d64ddb1f205a54c7eb57fe0cbec9c59cad8d6,0.38244355,0,0,2
d962a2b31c9a7216c2df557eaed3e475b13939f1,0.032061942,0,0,2
db6f7c1d74ba64211221a69cfa9fe7171a9199e8,0.43611702,0,0,2
1eecfc948bf6f4cbb9a2481313ca7368ec653056,0.14744255,0,0,2
ac5a216f767c6defa4da720c6ecb3baa05e30254,0.046210088,0,0,2
d9a2c69a9d1db6072e1d7b7ea4fcbd5c15d20b5d,0.13636091,0,0,2
d0f6be9886afaee6080cd4b7cd5d165c767b71f0,0.029430574,0,0,2
8ac857c41ec8ae02e57eb0c1c1a012525e7e14b9,0.272136,0,0,2
10d2363fcdd6e15568f765ba0dfd5f0cfa0b04eb,0.40061563,0,0,2
8232c096cef785a2ba88a7324b882a7badb0af44,0.3165987,0,0,2
5f4249e2ec8cccb17b27a7ffd032c4fc237a6927,0.3359384,0,0,2
86a59601b570585dcb7a1ce3d1ccc8e16008f53a,0.07181256,0,0,2
809e2bed22f02264e0ac58bba070f6d84386cfc5,0.40036148,0,0,2
6423a7665516d738ae50d272e3b4ca72cdb89a9d,0.14168712,0,0,2
8274993e293a79fc75829df398233915a6387a4b,0.50951934,1,0,2
e2dbe55d56bd6c1209276050f527d36717e33e1d,0.28345352,0,0,2
10325422e5a4735aa87a4d47bdb377e09fe963d2,0.68224585,1,0,2
a069c490e8119189fa2b43d3b597b79b3d42a367,0.43198153,0,0,2
a945ecbbdda782b51d5c2c670345fbf4dffacab7,0.09356443,0,0,2
e4c72a5522aabfa6a660088aa9262d849756e464,0.036288932,0,0,2
0095d8adf26b9469115b1be0358cb09d1fcb5fd4,0.21128811,0,0,2
151f2cd3d80c006f4ec228cdf610c3a35feb195d,0.053172626,0,0,2
33884b226454324f27700f9069f4702b44ef8ced,0.37306106,0,0,2
23108b1bd90de315aed37fa3fc1f38f8a56ab9ba,0.031668812,0,0,2
d6644e4fbe3d125eed2d85e58fc7133466042f10,0.4225278,0,0,2
dc53e49b4afa5d59c533cf2b4918402c37411fbd,0.32144552,0,0,2
f9cab271b3bc8c2fb6e2c51449ad3bc07e62e174,0.34651583,0,0,2
383bc8eefae7e17d0bb0349ab2300488c655ec42,0.47338998,0,0,2
eafeca43268f16aa9d4a179e44b9e7747699c1eb,0.3705834,0,0,2
4733cb5b798cd72aed82a9118648b4a86c91539f,0.36237887,0,0,2
9f89fd4626bbb4e34a905835e397bcffbad59307,0.031268332,0,0,2
2dd459003e19e4bbc2811b10d38337f295fc5a19,0.170812,0,0,2
8d601ab71228f7c3dff950540e7ee6e4043e9053,0.38193813,0,0,2
0f6a292a29fedd49741310cd517ac4ba907bf8d4,0.37745982,0,0,2
011775551ef75d75f81189eb4604fd0f2ed424ba,0.49966624,0,0,2
695342cb1cef42f30fd1a8496f181c92b21ae82d,0.42083776,0,0,2
c14890f08b9bb47ab8ad27f4dd4c714e32961d0d,0.32082096,0,0,2
f3d2d55ab9b783af65f2050272cd0318a9ad23a2,0.04450644,0,0,2
c0771cbc3c445a9d1d2a43ac4ce3c0edbc806957,0.3061869,0,0,2
3aface95813003ff75505e2ed7d75b072228d3f8,0.046534453,0,0,2
2c437a12bbc578442daaef85ab486d1e55763853,0.22532621,0,0,2
ab0570e63aae3027239dcd5d22caab95111a5de8,0.045610864,0,0,2
f015fb2b31a5621689a57ce9d2d300e5f32357e1,0.2719933,0,0,2
cf950e7365848130c5c2d57c871652e6f83e96a8,0.1514883,0,0,2
e6b830bf95f712672cb9e77cd852606cd134c5fc,0.3237192,0,0,2
09c52410e62b0e1e221d413d7ab18feefcca6bf7,0.1603709,0,0,2
9dcd87f9c46786f3da54af7ac1ba4696840dffa8,0.32665074,0,0,2
f55530a2ffd3c481f6554d98e9d73f2e8c62ec8d,0.21929464,0,0,2
dfd69e038cc7035031d1807c4ade870d2a7e2ece,0.16027813,0,0,2
a49ea7a65b7990b3e6e625bc8bfff7396ee49300,0.07460843,0,0,2
41bc4cd029fc486b5570ec344cdeae049bbca860,0.098533176,0,0,2
51b2cabf2c3737de06fc889b39d40240d1b134c2,0.0456491,0,0,2
8a05e0b0f640289c32f2f261f35450532cc2a1aa,0.17271101,0,0,2
2cd3f0f10a797b744509903b8eca4fd2fd4ed6f6,0.30880925,0,0,2
8c1a0d2ee1433681958809b4a0fede65f62936e6,0.079379864,0,0,2
a08ec31dbf212a033953dc6916a743dccbb93e37,0.040804718,0,0,2
795fe5d869594bde53f8490d75eedef6185b6c37,0.35017508,0,0,2
5556118ad13fbb80a56d7b8de6f960e9ff8255b8,0.42534465,0,0,2
f643b4fa939e89348618ddffae20a804f4461363,0.032399356,0,0,2
bd5cc81ed7f91865aee7a5a7febeb237220d0c5a,0.029564247,0,0,2
657704627b297a19a693645cf03c5c70ccd9a8bd,0.42237768,0,0,2
363cbf7908cfcc6a538126bcccf5c955afda6aa1,0.0511974,0,0,2
c636539836ecb541d9ef71f2d347772cf9f6bc52,0.1674814,0,0,2
7cf5e01c2a152a0b612cb19e02213879a57c14d2,0.37160993,0,0,2
e8d861359ade336badcac3211e5aa447097479a6,0.031902988,0,0,2
044367419dd317eb9f9935d8360280b8b8695462,0.40483916,0,0,2
86a082e8be8c51f07079ded82d6d125c9efc1791,0.38781223,0,0,2
ab25f67348d4885620df86497889c1826f013a73,0.45685545,0,0,2
07811434b773b6e1737fe7dd3775aeab8afb18b8,0.25826603,0,0,2
5bdf0a938adb384bfdb6cc494a2781e2ac33b0ea,0.19835101,0,0,2
30c85ad05363767deeefee577063c2c432b971d4,0.43311724,0,0,2
1661e5519c4836a5a940b13b7797263443156fc9,0.34083268,0,0,2
a64153a3710c5035988690f0acf57dd61b711cf4,0.53715706,1,0,2
954ade4c1ae2adc0aaac3a1dbe800495c519520c,0.39700216,0,0,2
4bd982d1a1df87724682c17c39bf27b5cbe389be,0.2564201,0,0,2
a6443e146f825291308319c6a0f2eb82aa34f8c3,0.060734738,0,0,2
914844e1b226a1ac7ba45626ecfdfb56e7b2e263,0.051054116,0,0,2
98fa164cd88d126d0f137f5bcb4a1d180e0c2fc4,0.5398933,1,0,2
c79e6fb8f95bb07d2394221b29b75fcc016f4900,0.45997924,0,0,2
6597c196521af500feef7a02610727eafa7ec1dc,0.025661174,0,0,2
4670a941be92a55fbaaa3b4055d444e07ffcadb0,0.49281418,0,0,2
cde4c529034e182a982fd842252ec410d213c34c,0.58528364,1,0,2
b5f5449cf338376d12404d0190054525987f4276,0.41881374,0,0,2
721a6e59f7e4f5c0f3196d3eb0e81cab5e41d065,0.39726454,0,0,2
c7c424fb9c3a39b6ea036242e44cdca324f7d104,0.3338294,0,0,2
a8f41ec97d139f5d0d7cf161e8484f2bb809facc,0.31120214,0,0,2
0181c8059c081d144cad36d003379bd50fcd9da7,0.4340782,0,0,2
90f0a680adf3eaa95e46e96d28ecd6848c74bfdd,0.06858891,0,0,2
12e597a78cbf9d82414b944a5b285d81a2e27e51,0.5189568,1,0,2
b45435c950e6f6864671bdffde29e26cdc8ce15b,0.3001712,0,0,2
4259a706ab8641f408afc3ce224b1c0ba5a43d17,0.21488944,0,0,2
f0f896ee600ea7ff66c083747f370453b914be48,0.17444934,0,0,2
5482ce61b003726a9476c76a4337e043af4318c0,0.24499214,0,0,2
31a9fa0cce769c976d74cdcb6e6ce8831793db7b,0.3486883,0,0,2
1a20867d01ef8ee5b32b0620125b7c38a10b80c5,0.337338,0,0,2
1731949116a7278f2b729cbb9e505580c8f56980,0.6393564,1,0,2
b521820b23c45fd068618d10955eceed48801eff,0.049864143,0,0,2
661d16d190708a1a396d8b75ba10738e4574c11d,0.41943535,0,0,2
3c2673e82d33b6c9bef3005a896e5b0d52b108dd,0.14095324,0,0,2
99900ae089cf996bc969f0673349c06c2e6fbf1d,0.45194113,0,0,2
811dbe7226ba0ede04c2062c2dba8f72a1c03e58,0.5043274,1,0,2
9f7d03f09172afcf0a7be40e3262d151ef053b3c,0.027626248,0,0,2
3c89994355f3574078c832b2dcacba0e65e87ed1,0.37366557,0,0,2
d547412bbd2a1ca56769a2bfa13b7ed9547310ca,0.38018256,0,0,2
d3146a545612422d3f8078f10afa00342b327199,0.028200163,0,0,2
8f54030347e31e0b1492fe874a1f1b67b89b836a,0.4053361,0,0,2
f059e5f7fa1ac4a906b5d2e18d72d410bf28fa2d,0.312034,0,0,2
a5e76ebc404d419651c2a25b1a62199de64cccf5,0.5064166,1,0,2
a91f76da21faf4e8b70f0f69c6db2521409e7d29,0.4792918,0,0,2
5a52446090a67b9b04b67a0b7aec94e73bd21930,0.3540054,0,0,2
82cc24437f43d07880d8883229477735431e5d02,0.36338177,0,0,2
859224ffadb79147088840732236c1fad341d842,0.44191918,0,0,2
314b6b56bec4af56dba667d66a25c1613f4bc800,0.32027856,0,0,2
8cafd87c83f4197f7e8d14de8cba453c844266c0,0.5422756,1,0,2
a060733e63a9cc476342ca190d04ad027a241d33,0.07353572,0,0,2
e685d847b4c70e354e47ea3990cefda3265aa5c6,0.23281078,0,0,2
c8e648b92cc133a604b5e1f4da1ced943788e64b,0.6089142,1,0,2
ece2f255eed8ad9eff6e236152de65e804c6adb5,0.6261934,1,0,2
9766e22b42b7b3f3923cb9c2502dfc2dd5d0a5b0,0.21546596,0,0,2
776b86e99a1ce18a5093db457109807b766d49c1,0.34248924,0,0,2
e1bc286245ce5f798b5312d65bba64c71921a3f4,0.1503194,0,0,2
585b1cb97b4b9e81b55d68e04b6c1e1195058a8f,0.19565532,0,0,2
7587431987258e94748d5f2fda1e6ca049a21600,0.3703169,0,0,2
53def501409cd1f9e20ac43edba6f2949bb366c8,0.16613968,0,0,2
7c19a1ff4c217f03c0be62baf1169d689f566825,0.5029674,1,0,2
8cfc1b1207577943d412789765a3a2085f1b3036,0.3462633,0,0,2
577f7b3b5462fdf84c0956a3bec5296bf7821677,0.33499175,0,0,2
65b08c4f91a4e5d78eb645b46d06d7a46f8c62dd,0.33235943,0,0,2
0344ca3f2d43e3732bf16370262303be8761a523,0.58494854,1,0,2
c68285bb3392665827595ac408a5fad828b0351f,0.43580607,0,0,2
18e692478dcf91fdceb9b9fdca7c61a1111d63aa,0.51006144,1,0,2
f2d8493ac44995170ff84bb895e3a73e0127cc68,0.034876175,0,0,2
f5ebb9a649e9dd0773f9bd3457d6ce1895266d59,0.29213727,0,0,2
3e08af573f8b50da5202f55df62c925f88a47f3d,0.42008206,0,0,2
cc94767e7eabdfcf9d1cab1d8d1d8556864394c6,0.2929181,0,0,2
d6ad3f01574b839670d4ea5cf82a601eee7e0c16,0.0606844,0,0,2
a2dce32cdab108e7e281dfc27dd0a394e1419ce1,0.032845825,0,0,2
fdf05fa29babe21e64f9a5b268dc8406d449d4f1,0.3366368,0,0,2
0b70b01a9f1d9664bb5eac737175f58f06979b60,0.33992165,0,0,2
7076b7408f06bc8a277f58e7bb6c2ec3372d5d6f,0.28982395,0,0,2
cc6beb2d05347fba64d933906ae2b712b1a43302,0.41215783,0,0,2
c7554151d3f695718a5bd431e22c7f4c39a0b261,0.5793744,1,0,2
ae862ae116f2056421ab8d6e997e7b64a95828a5,0.40064338,0,0,2
d65b9d2bed09847ef28b9ceb30c9f8a96e0c12fe,0.13486782,0,0,2
36217ee164239391c672fdfc8f5bd080beab5c4b,0.03700209,0,0,2
44854912194177d67cdfa1dc765ba684eb013a4c,0.03705307,0,0,2
fd60085a2a3891ab6db46dd3b75e9dd67a7c734a,0.3006456,0,0,2
f4bfd9c71f51fb541d0fd203f0df2e609632dc62,0.37280136,0,0,2
3b6867fc25b5dbf27925fdced660553ea8289dda,0.028060023,0,0,2
ed94e5a5cce33af89dc1b1475204734b17f64bb0,0.34505442,0,0,2
87eff4c78fac85c1b5f2309887f6be5fa2972537,0.4221113,0,0,2
732ea5e94fdf8fef42b5c21d001983fb24d2842a,0.36198753,0,0,2
09d70ce73dd37544c92621eecb7faf062fccbd5b,0.33189484,0,0,2
060e66bf995177adfc4d73a2a4c9bea70dc5e441,0.3663984,0,0,2
9a7de3974d64a5410e577933e141797928adca71,0.5017197,1,0,2
1e9e36640f762d29c07d8322c361ece163b179fb,0.33216316,0,0,2
c56b87d6efe530590b6d9a07e41ca00af208ce37,0.44912854,0,0,2
07f3694a5c85ff5ee8c556817c0d2ea3504f26f7,0.034847528,0,0,2
5cb988334179b4f04a27c59c1e6a888db0dbfc9c,0.50675154,1,0,2
713c77ceda21d0c3cc9c213341259d64fb46fdc7,0.30046982,0,0,2
729bcc46b503c1574c7c93a65e902f436b4ec6ec,0.06146508,0,0,2
6ea2fc8d38e035bafaa92c7d3b007be38c2e9000,0.066384986,0,0,2
95fce758b0e12837869cae450d8029d7237b0dbb,0.073598176,0,0,2
6ce88517b3af6d48c979b6e984889b69c044561c,0.5146295,1,0,2
b52c69b1b0ba1c542b917247f1f76deb4ce2a42d,0.19143593,0,0,2
125cfb4cab35daebe874a599877d6280b464212b,0.5667343,1,0,2
6f03c0ce11db4a270124b9bf93338d3db9fccf5c,0.39004236,0,0,2
96a1a31d734e663af5c9bcda58c7bb5870e8a363,0.3814483,0,0,2
7aad59482002d0b4bc3546259d33eab20ce76b9e,0.34944844,0,0,2
c1ffdbab58712cca8463b3edc88f9d5a09b0ca9c,0.51674604,1,0,2
758228f691b34c97f421ed92336772531495e0cc,0.31258243,0,0,2
a26c66a8edcf029ca5f94354cee0db267e9ccc20,0.3222206,0,0,2
8dae1f2904b93127f101bd36c1c79e801385a8f7,0.040122222,0,0,2
4f928504ea91c3c1dd43ce696acadf76624240a1,0.15476233,0,0,2
22c30471564c730b02f5f7cedec28fcfe5749fc6,0.2288423,0,0,2
10122741eac52e218771f30c6dc2c0aca54ff006,0.28884277,0,0,2
e863dcb2e7a654af6b8eb5865d8d1d8eee0a6d28,0.299816,0,1,2
d8ec011d770e1e04ef4f87fba673f3748f363278,0.811321,1,1,2
f7cbda67518ed7335566ebf942cd170a66746096,0.5882786,1,1,2
7d061e33e59e23dc4b03378f35f50a7d70f033b3,0.5458931,1,1,2
49a876cb1c2a49583b9184ab58a579ac75525986,0.5376142,1,1,2
6dfc3e64037f10b84fe203415e79e2435acff558,0.4766709,0,1,2
5fb74a6618da0ca8b12a3346038164913a5d27d5,0.47440255,0,1,2
f5a9effebd7209f3fa5385f18a5e59e8a09122f2,0.5634923,1,1,2
c614fbcc79615f93d2c60a153db6e82d7474c425,0.48029447,0,1,2
d575057852ab2be41abb39b8de69a35cace5c67d,0.45438063,0,1,2
c8e61afdb89c58ea8ffaf04593da41ff0888d30e,0.23356074,0,1,2
c3b1fefbad0c67c8556ba6b4573f135197f87598,0.4194456,0,1,2
60412131f3679b720bcaaaf3dea4be666cefea7a,0.50214255,1,1,2
2ce40494073aa4e9bdcba4c39d24727b7141d227,0.5112566,1,1,2
2e9f3a80146262511ca7bcdd3411f095dff4951d,0.40399125,0,1,2
2c0429aabd2632c8c6a242e4a23d5eb6f46035c0,0.51027966,1,1,2
bb3fe2a37975920d1c7b9cf16309d86fe86e1a35,0.5460343,1,1,2
cb686673a70a6f14c35575550c48c37d19a1598b,0.4773586,0,1,2
357fe1378889e5934e8f60c8d35397bf63871991,0.46395987,0,1,2
9c886bd4a188c91301029040b3a839e4b8e2812d,0.5189897,1,1,2
8b62c114cfc5fd347bd8cb5a391fdfa8cb539435,0.54260534,1,1,2
56b7ae44f957aeb884efc797ec74c790a7a3abae,0.53737557,1,1,2
17f9d22f334c91e701808808170bf60aae7342f9,0.5163665,1,1,2
9901bf98e4921df1c85e323c4b096b7feb80221e,0.357085,0,1,2
aff0fae2ec3a7d74356776c183c6986eb9eed520,0.4227523,0,1,2
1415c9a2a6317dbdca6f1fbb530db1f558d9bef5,0.5165662,1,1,2
e51bd89201477092c32c180e4f8d00569db17ac1,0.34297186,0,1,2
efba54d35fa094de5e580b200a8607bfc7bd5a7a,0.41038272,0,1,2
58a8f12b443d7cbc16ec00b8841138ee55ee6630,0.41707045,0,1,2
e7d16c27629722a93a9d36a0b5e0a3a793850544,0.037215408,0,0,2
3fadfdd69f4682f05563ce53e55743f55813f488,0.23969819,0,0,2
bcc4f82a7aca3fe72142bd8d9ab3ac6c9d4d2767,0.30778334,0,0,2
54acb6e10f33d5f71770323e9769d2dcc1130a86,0.37200668,0,0,2
bd4066eba88a772c06394d818d87aedca8bea53c,0.033464145,0,0,2
09ef69c5b51115300da6df43690cd455d83c8027,0.03734784,0,0,2
a5391bb34cbe168f2c5f5f6e8fc3a1eeb9399e13,0.45244005,0,0,2
96cb498f9bb88b534e49f9b8301c9fe7113b2dfe,0.043233663,0,0,2
f4a262df5204221184f1f5008b06957868684a25,0.04776822,0,0,2
81ee0d062c888d8f8bcbc154cd7f0143710f458c,0.28164944,0,0,2
4aa4291ffc143486757617b743c9670001f8a7cd,0.04260975,0,0,2
ae6a24dd439a7b778e35b484a3a6eae1a8eb64d7,0.040545728,0,0,2
9379d0d36acdf78455e81518b3b1476c7691f056,0.039082684,0,0,2
2521d9619fe1f052ced8ea1107851ac98a1b7488,0.034116622,0,0,2
7721302ae5d70d2986d74ae7e7df648bf849997d,0.09654884,0,0,2
1cec9a6fe588c047daa6c711814453840405561b,0.31887868,0,0,2
a36c903d4f1065bc59f5e6d2bb0f9d92a5e71d83,0.04405999,0,0,2
08aa21f9217df0a28d48be5be5db03ddf4867140,0.26205766,0,0,2
4f4e2b064e98ce1abce98428965f8eed86f4543e,0.4334748,0,0,2
2a11642511a3c69bac5aa1abd83d3219871395e3,0.051166646,0,0,2
ce178d8e87ff6f9a12aea4b217c1e09254936236,0.2898075,0,0,2
9fb4f47f352dc1c1f5f20de80840d39e1eebb985,0.37179682,0,0,2
762641dcdbae9456aa2b72ec8fa1baa0acab942f,0.034776486,0,0,2
47a9ea7c828772625b9e26c0c7a6db494ea626a3,0.04398407,0,0,2
9d090d40ef488c6c8e0784da877b93a05034e339,0.04600673,0,0,2
e7e48da660e17bbe5c0f8959c2cb9f6d60555cab,0.040144786,0,0,2
5d369c4fc53a2ef5c47f16eced9fe917a87146a9,0.39043757,0,0,2
558f84322cefd02246c49666d7e7a3b2e2cddc13,0.033483572,0,0,2
b0580d508bdee2903f05d95d59e6e9a1dc9d710f,0.10435094,0,0,2
32155107dd982360e813d10d0c76f6f7cc2cc7bd,0.04160707,0,0,2
596afd4f5a73c7fc756d9bdc12c6613856ca27aa,0.17587474,0,0,2
7f0046cf4e2161f0145e0e59a1b9684b04061916,0.1157904,0,0,2
1f5e68b5612053cf35b31a13c8b5e8341d892f93,0.02725319,0,0,2
b236d5259f95b755aa5e1d955c8f835312047d77,0.03842971,0,0,2
8fe95aaec201acc964ffca80954e60f7c57d7413,0.031288404,0,0,2
d5b16405c77037e37bd180843c1eba79117da7a6,0.03624216,0,0,2
d3aa5b77428d77f5954e30b14e7385c15f6f398b,0.041977286,0,0,2
83119a80aa1551bea003ea6b9e65b616b7795246,0.034962203,0,0,2
c4de3dd2bb8afb3323fc3aaf394a463aa4222768,0.03923598,0,0,2
f7f4b909d0961528c9b02ca5492b2a57a8df8bbe,0.030072425,0,0,2
bb3d861fcde210e45f3d3ac59d8ee6e1e4086cb9,0.032234464,0,0,2
1e6dceb8ccfd2c97379f78066ef4ad2b9a17b1d5,0.3660179,0,0,2
361b73775230d91b4ad9ed588d6d57f3a049e907,0.030004002,0,0,2
9a2f53d2d56fc58617f2bc7e8ce7f488dd05d47f,0.037138678,0,0,2
6ee118d2a12a4c0bde2c5b828e05ea9b18d4be2d,0.035321128,0,0,2
eef240cfdf77df4d3ec55c2f03dc52112dea7553,0.4265765,0,0,2
0ba5e75432717181296459b9bdc98f9cc3cb2c7d,0.41094208,0,0,2
5d83e4deb81aa7e06e4587809642e70ef9a03662,0.17875753,0,0,2
c635393fb9996ec9d33b32ca27a720d6d5593255,0.03227098,0,0,2
cf4d2789901be233792839384ba76b94dbd25888,0.27349937,0,0,2
46a1c86ab3f4e2068023a1faf1c704443f3f36e9,0.040180314,0,0,2
d31ea317a5fa6cac0e281bf0aec5367ebe45a217,0.049270764,0,0,2
88564caa20e4bee55287b258543cab35e9d3adf6,0.5022437,1,0,2
9f0af0bfee5a92e67ee54c185f49fb7c771c15ff,0.45048228,0,0,2
05f3b74fd581ea5f8946c64edcb293747b4d9a71,0.03583588,0,0,2
43e4df85bda71ca1500112912a83d3ed19868c4c,0.030922715,0,0,2
8283d966f47280f682a1407d499346a383d1b1a5,0.03288034,0,0,2
5878adfaf37ce37e6988956e4cd5c833c6ec61be,0.037641965,0,0,2
ace5ba00f7067d517a35713f439344f24144fb79,0.03447402,0,0,2
67e443370e06288fb2702d62c0206221413ab852,0.04080409,0,0,2
9687cf07f34bbf5f67c17e75cadd287b9f6662cb,0.02919283,0,0,2
94cfd56bd9092e0fd8579120630dba0c857b7777,0.45000568,0,0,2
077913c7e9eb8e4cf8863b7545bf53c2923066cc,0.06425424,0,0,2
fbb81a37f80fab1d1e21435782e034eade76114d,0.38063645,0,0,2
278eed3e1f7cfef2d39a25aba53f4478c3ad8c58,0.085718624,0,0,2
73dcea01b19ed9fc9c0d5a8c38e752bfe071c801,0.06584678,0,0,2
54bbca89040ed195b89478713fa4a181cb2bca3d,0.030553997,0,0,2
1fe64733a2a28b795bddb152e9adf7489b6ea7c2,0.45263088,0,0,2
1194c69fb122709872fd634ae9890cecd1d83e90,0.46852863,0,0,2
709aa7bf9c998cc75f6e0be7d258aa5a07ebce8b,0.039415367,0,0,2
cdacd4a987755572bd4d6d328b371644ac07ecd2,0.06882025,0,0,2
ee7ed6e655c08774387f9ee60ce11b84d7901cd1,0.33239716,0,0,2
edd64cfd822ae2ca2faa8dc1c73edc38a6e19f0f,0.035224233,0,0,2
ed085d064c0f80b0bcf382550d10fe6b6fc9f283,0.03650021,0,0,2
4a025d3f8e31bc3e944399990b3a4baedb90e630,0.035452954,0,0,2
157aa8daebcc6a464cfb350de346cc550ac13d15,0.26524013,0,0,2
0dee0324f694b1e035b9c3dcc6923278defe1d3e,0.049761962,0,0,2
136b96c803ce4353f2cca2b24171ddbe74345fe6,0.029672246,0,0,2
99c63edb10e945d466dafcbacbb6fe930f2a31ec,0.28040567,0,0,2
1c8fbeaec2ee80d45b78742d63aeec0c9d0c4e9a,0.30848396,0,0,2
b1162d812eebc9298b7fd62eac1dac119ae5f271,0.27209657,0,0,2
125c820e8d43df150ac09c9da5b38dcc1ea6e03e,0.28051364,0,0,2
680752e1414c07fe4357d5b6fe3052f3d9dfa374,0.038114406,0,0,2
f36d6870f2e1feef7f1d6fffeda056fa72c051f5,0.033298604,0,0,2
62e69cf4f2fcb3ad8bdc44f75f8a9e3e20ca7337,0.043286674,0,0,2
7df57879c92a467cd71860e6cfe14a04a49fd031,0.27216905,0,0,2
fe63f95fbff43495e57ebc37350798dee024cf9a,0.035695463,0,0,2
719d0c56036111d07c46ab5b0f379f62f14ecdc6,0.046970416,0,0,2
4951344fb2ce246e0cc5a2dff90d24cea6eb3a75,0.19997925,0,0,2
c151913ae25d55814c40b7f922886d52c7086787,0.14682071,0,0,2
ba1e716261e055f84baa9a47f9ae2ba959d54390,0.2978105,0,0,2
894fd838fb695d794fbd28cc66c82b80a9688c91,0.30514446,0,0,2
ed7710f41c594c030188917cc773adbb6107383d,0.36990863,0,0,2
11ddae0a3570fdeaa421e4e378ae14bc173598ba,0.33765015,0,0,2
9e8b370391f5b3e71cc349a2ff556d8a3cdf1232,0.3412461,0,0,2
15ee56bd0f91ef807a3e729ab3410a834ef3fcef,0.35135895,0,0,2
72784c46f6a7d7644398db5c7ac8bd3822c523d4,0.44382694,0,0,2
90559c49bae582697906598c735385c19daa6da6,0.3688338,0,0,2
b34856498ed290a4883b077db0d4df2991ba190f,0.33374363,0,0,2
8cc80dd1a449f98924ca9e74970b35f940d43800,0.44104615,0,0,2
84a844af5d30ea41750071dc8140a56e9e146bc8,0.039967306,0,0,2
6f95e26fc92e929fde30d592e7572493d360ea3d,0.057569187,0,0,2
fc3d530961ce4f23fd2c8310f82d6d1fdaae6c16,0.37020814,0,0,2
53c08a37ef81ed2aa3ab57f5933ebbc5db68328b,0.37350625,0,0,2
bd861c0d8009bbd51137bb97d15d5aeb8902eb2f,0.31281558,0,0,2
584a10fda56263ec0ed555f9866a1a82851a83b0,0.45422003,0,0,2
aa0c114ac9636012a941ebee49d69cbd6f6291e6,0.4418446,0,0,2
bae09b4838de43ab6a8be25ee25d0d11f0fe7477,0.24890655,0,0,2
4d8331ef9c3993ae1d3c091a758b24cb9a037fe4,0.05155112,0,0,2
1d1cb74151d6fa0272d607d06ffb85ff4a50e972,0.32160825,0,0,2
6602d00afa7a5f32218784dc54975cae5540a255,0.08399336,0,0,2
cd78c96d225752e3656a2f1a302298370b55a4c9,0.049238384,0,0,2
f27cca133f9a28899e00488ef56b2f8a2700a68e,0.06463452,0,0,2
3fe52d0cd85c01eadc44933df5596d177c3ecebb,0.114485875,0,0,2
81d1982c3cbf56f77e2edf3f063ff84e6e748549,0.42422447,0,0,2
e32f477085a9b6f658463bbbf355405980c515bb,0.16690046,0,0,2
7419cdb1fbff1096edca78bc5db34f7fdb3b7342,0.037919257,0,0,2
ce1f9e29288cdef4fc295ec2d5b4f846f0b732d3,0.24471532,0,0,2
60a8028d22b88ee2f2d7cf7657ed35f4046efe79,0.4247238,0,0,2
c779a5ddb807f1a84e1e6a5e43a0f1296dd565cf,0.035519592,0,0,2
c2bfafd4bb8ed95e30dce29e65a9afce26a7d860,0.20637763,0,0,2
e48157a0de54d6b82137d62dde9cdbb4bf5c6f40,0.034208767,0,0,2
6d908d014c25ef3da000789dd56de0b6e7c9ea8e,0.042340375,0,0,2
5bef000847001240749e50239a25ea69485c849b,0.2065025,0,0,2
82c1bee3f786f96fda51243f4cc6d50995bd90b6,0.46035635,0,0,2
5f84693e1db2c35b9b797614e17136655c433335,0.037266295,0,0,2
dc8138a8a9b022d156c4d04b2491b269661db396,0.027143138,0,0,2
233746d8fdb7e71a63b5cddb55421eec87bbcc4f,0.25411627,0,0,2
84daf6aee0175303801e710dd2d326ce252d2f88,0.40061978,0,0,2
6df343df2635e7e0518a09c374532ebf22a30529,0.037983317,0,0,2
6cf4249650d72cf21ae3addacb5202089923ad91,0.0407616,0,0,2
d990feb36764cda778e6b4ce9469654229ac716f,0.039147012,0,0,2
393fa5df9262c339e004e061809c73d7637a909b,0.053343043,0,0,2
59899e1c820cd3fb8789b9cf8648b269b97763be,0.03421917,0,0,2
2ddd54a7ddfead528f2b1de92dc8dd16be7f5f89,0.36698222,0,0,2
c7599fd2a84b3d58473fd16c5df4034a8658e925,0.03361467,0,0,2
82b547ad25147df44f27a3534a5b618755217378,0.051052094,0,0,2
62e56cd3884d224e42cc8b449ef631a0909a19a3,0.035903014,0,0,2
a85fe84ce63f873b760e311f27ec42e05f1b3f42,0.33144757,0,0,2
0a114bbdb01548a69c7a8c155bbdef7785ecb389,0.046062548,0,0,2
5310e25a6cb79eafb21408fabd744f9a76c2a020,0.067030914,0,0,2
8834c8e380b7278fc37a4e6b80a9198a895d8280,0.04841512,0,0,2
b9284992ea3c8c484893517ee9df3b2274296959,0.24282739,0,0,2
939527bcc5b80a1788d876d7e47fb45d71d21424,0.1692644,0,0,2
26e77ea86294f5a9aa929f9acf7dd76a046453bd,0.20877737,0,0,2
3adcd2103d1be4feca870536e8f7a7549f6d492c,0.28189608,0,0,2
2edb7a20f3856723fc715f7c72e10e72ea7df385,0.33950078,0,0,2
9843210e5755d2584efd3496d59e50e721187842,0.31088144,0,0,2
e6cde856d76935ce2ca5323579d2557f5412c774,0.35499907,0,0,2
c460996e75df489d6bbcb732763c10d01e62516f,0.22990611,0,0,2
115198b9c94bc66c7a659a04d0e2f65959ce9297,0.41543996,0,0,2
276552d5e73525cdd29d9e809659d35f34c5250e,0.2913314,0,0,2
c0e4ebfbb0f8c38ef672394015f47fd72ba06cda,0.12163658,0,0,2
c61154272699761265a1f2e5282ff1bdaf714b6a,0.24575755,0,0,2
f0b18d27f01492af6874baa8415ad17511eb5d4b,0.23673107,0,0,2
45a0337e1d9d23126dcaeff9c0ad96c5b4011957,0.34311348,0,0,2
90f4139bf75c94aa1ed62c5f64c3ffd78a1441d2,0.38642266,0,0,2
67c51ed7ef1d7acc4010e45eaf8088bd91cb702d,0.3365652,0,0,2
9acc3e824e2efa2e496df8458d207b5fb5722e6d,0.15179852,0,0,2
9dbf8388c5bfa0c7beb15e835b3a5e6fc74ecbf8,0.4827008,0,0,2
f30855735a40daaffda15794d7abbc6ab8c699d8,0.25804508,0,0,2
39513f9142cb82b84181a11905b3866a49d5a3c0,0.17344883,0,0,2
289e7a769ec9ab110f85848b281c4c143ba84e57,0.20746107,0,0,2
930015a137f6bc34127d7646b36d0550842fedfb,0.19946666,0,0,2
a270ff62852e62b5ac0f943a7e57292a72b77271,0.22730246,0,0,2
9f0d58985f4588981eefaca0408e767eff1bef73,0.24331436,0,0,2
8f346f9f1263b2fd5923abc0956134df15fd9325,0.061338026,0,0,2
ee851e403b5ab4b6b33713b08f9568e966ace052,0.15511544,0,0,2
55e8eac25d81f07bebb16d812c97edaf1393083f,0.15597978,0,0,2
c8bdf60d1d0be609094e14054be0b9af0fb05521,0.18569867,0,0,2
9d4f2ba886b003980f2c37a4de7a3e6c3c701820,0.17436528,0,0,2
8713af90d540e7bb01f8ba1fd99f6c04e41a7433,0.19516107,0,0,2
eed8a7adb3de7441751e846f4a75d110dd205f23,0.098971374,0,0,2
b9e2a97758ba6c007fcda160c4d8b0528bdbfebd,0.19097747,0,0,2
07de4dd578727555bb94ed421498f455838b317d,0.26009414,0,0,2
641aa1c663ebead0189bf001a06ee56463070ddb,0.35070428,0,0,2
b9522976f462687b0693b7229ba5c7faee0cb74b,0.16746856,0,0,2
2fd2a76110af7ae07712af01708cc00310af64ef,0.22118625,0,0,2
5723ce72d04c8ff7af8f245518cc48291701db0d,0.18778455,0,0,2
611c73889b772dab7315c952902d5c649635126b,0.19088575,0,0,2
b5b45d3260bc83d2432566dfbf22f0897240bece,0.17872165,0,0,2
22daa5f1dd4396e94224841b3bf0e9f226e86695,0.27509874,0,0,2
4a9bcd0f5211c91c4c2f47313c8f8013d0dfe03e,0.23684569,0,0,2
864fda4370a8d1bbd942400dd899653fd5d85244,0.37613514,0,0,2
96eddd6ae1427222986eca344b898b3332792a01,0.2157127,0,0,2
8da9a65b6398931af18febe082299c5c4b932924,0.1776022,0,0,2
8354ffffce024a97ef5e05b7cef4a82c263fc07f,0.15457694,0,0,2
0ca8f9b9feb2d74c6373d1762b1eb4a6b1f7f4b8,0.16175102,0,0,2
13467cbc7f319f7f7e9e9185a673714736e77b83,0.2157353,0,0,2
e63c5361937cc2598a3cd030f79733cc8c22b6fd,0.19747043,0,0,2
bbf65339023bf627a1843073cab699ca1831aa96,0.26644164,0,0,2
56706c8203ed023a3d21784b6e7fab40375eb9d0,0.1846999,0,0,2
274c9c1d37a47ae9bc1cdec1b0b0e4189dd44845,0.19869667,0,0,2
b88b065aa955d7a7d8f74c427b05d2243eda0779,0.23445745,0,0,2
949d74737327f114ae97a18f9bb4a4f5626b59a5,0.23196016,0,0,2
9f1dabed562e5953af25369121fa7fe221a20276,0.03277488,0,0,2
d86509b09672b874de2f933a511a1f74af6814f7,0.23504643,0,0,2
525d1fd7ca383b3426341c58ba9e2d2e886a59ac,0.03412539,0,0,2
a528bcb1ebafb1eeae14fd3e305f3636d6c04717,0.032695398,0,0,2
c4190304baa18d3a376c3c2232f45f63c479a5b8,0.030027352,0,0,2
bce159a0c905f673b8e0e4c9899543a812fb904d,0.27304432,0,0,2
333971caf33dcc05b6f714fada447e9417f6fdc0,0.29256198,0,0,2
9a6e25230eccfa131d40eefbc4f48a13ac31d640,0.037784692,0,0,2
b1c45ac691d46a8c609f2534d2adfa59c0599527,0.042226374,0,0,2
23747116069c150e26e0dd42d61331b1108e1e01,0.25341207,0,0,2
74ad2114700446837ed451f36107a056301a65fc,0.034065396,0,0,2
dc9032be284c70f53d8f9031cc90e01678a0e55f,0.2920947,0,0,2
6b9e6419fc944d3b5eac58187a6cd56e97328c2d,0.0360331,0,0,2
a424d2ff172aa3be9eb5155e732e6f61915d7b5e,0.283324,0,0,2
004d5e672e9b2734a4c27f0e20504fc615da3476,0.40370047,0,0,2
b6b59b189c1274ae43e844863c7a2468c0e16b4d,0.033193182,0,0,2
73733206b943f8a03d18574eb7585285eeef05b9,0.0320424,0,0,2
fff00791ed30f338ffc085f099be5517dc359261,0.030972904,0,0,2
b8ed8bbd5eaaa6d3e463bde3accffdf3dcbb77b7,0.028687162,0,0,2
256420016e2321dfd266f9a2ebf672516cc936ac,0.030489111,0,0,2
c4161ee29051c6e44773fd1837d2080489727dbf,0.30295807,0,0,2
06e7d46a49c5d31abca644fadc2e3ecf6f9001a9,0.027821172,0,0,2
1e8a31f417256b9f555b537a09c13f1135addbf6,0.029275466,0,0,2
2d79319a8d4a3ea256ba1bb6364c1330518134a9,0.027926106,0,0,2
2a491590568140349f776b2a63bcb4ce74d147ce,0.026058588,0,0,2
32080b32a4eed0719b79f4be332ff5a55468ab7f,0.026740734,0,0,2
3f66e516a7f5833be9c87911952465220acef149,0.04820318,0,0,2
2a069edb7e7c46ef3c1f56e8fb6cadb779ed2e42,0.03884086,0,0,2
963757362ab2ff0f1636008815549322fef1148c,0.057604007,0,0,2
9f673d4da60a889ad5fefb6fadba1c40bb3e735d,0.27884638,0,0,2
1688a5a2444b3b636741d5675646b0b74820b4fb,0.22922654,0,0,2
284b6f5477838fce398036497e1acc206b1eaaeb,0.03142321,0,0,2
ffe28c43e0486d443234701ab9d791e703c88071,0.03624425,0,0,2
3761b5514470d3f06c9076b0821430d0c2cb2da7,0.088397056,0,0,2
a36442f0d08bb1a5b964b4c77d4c64eaf251c3e9,0.19850533,0,0,2
2ecede5902f9a132a632b8431a35daf5174e1a80,0.29206225,0,0,2
4a2e49fd8daa81cf2ce331c3a3795844e79814b0,0.17137931,0,0,2
8c44a71208f640835d7a205a7b6e58dc065d8dcc,0.03466612,0,0,2
74abd625bcaaffccddc3ca9faa1402b179c251e7,0.030763881,0,0,2
ea64efd6dc61cd9c9b1207d2da37fdbea14d6b50,0.057347223,0,0,2
530049b41c9f42e11144fbad4d1fec65ff0956e9,0.2534531,0,0,2
66c451d618577c1a1e1bf964ff990574782c3bb5,0.09533559,0,0,2
a10c6b01425a9c21cf687294bac43a63de0a0d3c,0.06188019,0,0,2
f9f92677a92ef76f92c90521904c20b8512b05ff,0.029552003,0,0,2
989135e762d3f00767240e7b42ee9e1cccbe43dd,0.03159749,0,0,2
12cd61925c37177a82d2adc76f6475e662030e12,0.2996359,0,0,2
17f4a06be88ed9c950e562aa72755c7a493b8ae9,0.031864095,0,0,2
c3768b0fba8f2f565118c611f4ced4bd6143d022,0.3047083,0,0,2
16d64a96a0a07468bb8b2d3293d374bd4373cd70,0.060932893,0,0,2
1f0919e28420fbd1568ea1c1fd4cf7b46eca9b04,0.039402254,0,0,2
4e347adfdb1a84535440d6c9f392d134a84969fd,0.04080656,0,0,2
9818f5ce6f76224f0d5d5c8ad583d854b8cc6872,0.03284765,0,0,2
dca231dd1b2629f45e65cf46b6f91803fb448aa2,0.17436445,0,0,2
9930786b2d05890fd071332dd1b9d7d7ad0e1b3d,0.03053926,0,0,2
b367c37c2e92ae652e49b361425bdc7ab3390f25,0.03946952,0,0,2
bbd32a63be1334620c1f52bcf4494de4b1e6931c,0.53060603,1,0,2
6868968abdfb03229bb0dd60e57a502db45394bc,0.058369003,0,0,2
3fcfac543d8e54b93695ea5f32b1820c5e5849dd,0.0492755,0,0,2
af50960c662e2d006dccd4156ca85ba3b2d3d5b9,0.0696676,0,0,2
99d1ccf360643d89b88bdd218fa917d365d95cde,0.033955593,0,0,2
3c32e5384eec3142bb017fde824dd1cc0db48876,0.030651737,0,0,2
b4621118821f29afd3d5ea47eb8a684f4e5ed3ee,0.031096509,0,0,2
eb3f760c1c38fe3910d979e75093da67f685e2f5,0.06083546,0,0,2
efb03bdc301d917b746e6716f2a074f54ded723b,0.02919101,0,0,2
3ff71911718c07ca1016ca855aece547061db85e,0.024999049,0,0,2
01f84f2b0d9c13ac82ad471469b6a5692d0f8cbb,0.37040168,0,0,2
a95c1598ef693cbd7d874c33eae82433693b75d4,0.43517882,0,0,2
6fb796db3d138b4e97dc1fceadf6bfdad74a3533,0.03668143,0,0,2
cae430631d5472394441cc82e142103c3a70dc83,0.10565386,0,0,2
47b76cc60f7b73188cbb47a0879aabfa0228be31,0.36924392,0,0,2
c64d12958fc711d667f26d0173bbaf96157d629a,0.3042099,0,0,2
643590426ee7255ee5e1e661b9e2ac8a9052dbed,0.0454705,0,0,2
31ad1256c66f47e58b7ef40955953e4a1c6bdbf0,0.030328885,0,0,2
3c984c22552eda0fb5b200efb3f239213a4a04ca,0.052157216,0,0,2
95db7d0aab9bea25d3a14db42a7787ef77861f45,0.61597866,1,1,2
1d6f5e40ff44f08fa67c6a2b57f7ae4a5e4b0be6,0.5391745,1,1,2
e0270b0562d42658a57c4fcbf0cddfb5673baf5c,0.4944219,0,1,2
6eebee491388abd2ad61a15d3f28b167c9f0f7dd,0.4531603,0,0,2
ae3f537711b1375c4892130d65cb60928549cf58,0.24970542,0,0,2
25ac3249dc2a40bd52ceccc9251c8446b036d197,0.19513819,0,0,2
6ce9662add46e3cf144be07f7ebf18e2d25a7abc,0.15450028,0,0,2
111c4a5e54dbb1bec6537eca02618e2287bd23be,0.42353916,0,0,2
e30788367dc7ce4e4e2d8152bc7370af8ac2fd0c,0.44155604,0,0,2
b1875ac1abf9ae86f5a589c5144c8c9902a1dfa2,0.39621243,0,0,2
307ed458578e68e68918d3ccdcf4798c57e084f2,0.387796,0,0,2
0caff290df54a8a3b653840fe257fea94807d697,0.25024804,0,0,2
b44b3d95b321cef0281cdf130e8c286bfdcd60af,0.42671633,0,0,2
8f77bd63d8b5b2ab593b134fef2bf5e59bed0441,0.48479223,0,0,2
4e410e068b8d367c53766a7da712b1b6f3fd8101,0.24602756,0,0,2
2412c90ba5584fed123fa6a33e752e6c8eaf74e9,0.24234821,0,0,2
47ed0c7cdcb4d516e41769e38a9cd5ef4d01713d,0.2891747,0,0,2
f5ea49326cd5c09f0782b0d1bcbdcde9053ee316,0.4427474,0,0,2
7b0388878e522468f90ea163b15ccfba05616c95,0.38916188,0,0,2
a653374b2871d67f51cbb4ad2083444e9c3afe1c,0.5022881,1,0,2
430f96525f80fe4909208ee4d2aaff81c312aff5,0.33537507,0,0,2
295d46aeedf3660d89d6c578b84c410089f9b1b9,0.44041947,0,0,2
7c05411f80b6748b6b2197d2014bb98c8b0857c0,0.3090753,0,0,2
140846cf81678649b6bc29497c3534aebaa1f6c3,0.42757538,0,0,2
0512bc21bf4d0f1e391e4158adf0ae145d408ee6,0.42444918,0,0,2
283e14cbbdfa5bd246a3ea9dee5739959f64b4c5,0.28427723,0,0,2
354b72afb59ff145afffebbeac8a7478d4140e75,0.29962075,0,0,2
15c72674ebb4bd99790de97b5645f1531a3a7c00,0.2894845,0,0,2
1a3d74470eab60d668859571938b470723726139,0.3392629,0,0,2
330d5cf99c1eefe3fe86dae260a8873068650866,0.34429538,0,0,2
586b6ee15f526d585628a7162d10f08deea6a93e,0.45171082,0,0,2
71491e23d68df50555c52db62ae9bfc0a2543b6a,0.37786546,0,0,2
e56b2b598a2742ae8ac97ada82a97655b538ee94,0.40917832,0,0,2
3d129b7e2f6373f7885336225d3edc93b3f624d2,0.38482586,0,0,2
4d3dc80e4b3f7fd0e034d544345a568d6d5c5d26,0.26179054,0,0,2
269e6693ca1f05bb7e2623c538b9b934fa688f41,0.2945912,0,0,2
c2452a5af3b2f1db542175221dbc19eb492f02f3,0.56273973,1,0,2
9ac217fc697b3afd0963b897edbfac265ba2f571,0.50211364,1,0,2
a5f357667b195f9cbebc1d1de8f70c6e0c28dc3f,0.4734981,0,0,2
c3d13908a2e8ca7b9832fa693ca72bc228a4e92d,0.3798056,0,0,2
283351276ff704df65779624e195701a21f0e25c,0.3903015,0,0,2
38e3e41049464fa3b8ffc1e810f87c18d91a7bc4,0.43811613,0,0,2
49eaf68b54f4114a0176ee56790d8415fd64876a,0.36452797,0,0,2
42308f780fe3d0c2223c121493f97c747226bc17,0.45149583,0,0,2
ce5ead2f93b92c815f1304fd51dc3fd3338cf19b,0.41244718,0,0,2
e8ebc1e1dfe2b0bb7b9f549ff35bd2d1a1fcd2f4,0.33968344,0,0,2
a76f39d4b284633c6792d8c7977abf8fb52a017b,0.3657347,0,0,2
97a64af2d6adc157f6ec9e4d4855b2924caa69ac,0.25335315,0,0,2
5e2559e3ac936ed985d5fa9d7160a284b9a83644,0.42932504,0,0,2
dbd77cf4fb93996fb7f312bba2aaddb87e5d6a39,0.33856136,0,0,2
1e8be6ff174f1d7027e848d5788d63ef9827c659,0.35608506,0,0,2
0847a34f6d1f15d3d35ddd9f3283d54c1355b299,0.45944202,0,0,2
d1cc91686abf34d073ffc496506da9ef712984b5,0.43742466,0,0,2
0030e4bbbd3cd3cea505bb1e4f1edbfec5986fd1,0.40650165,0,0,2
3b6dec3c581f883cf9dff6f04512011cf277f586,0.56668013,1,0,2
c1ea2007d4f6527bd174869603f53841380b5c31,0.54262036,1,0,2
87361f16b0eb35ab5fe25fe2ce3cb57a96dcedbb,0.545151,1,0,2
f10f849935076a7c773283789c75a4c35b9e6c03,0.04595242,0,0,2
034be5fcdabeed034bfb562ae7014e021caadd7f,0.48115632,0,0,2
8c52cbf8dcba19310a569a23ad3e940836b5e7ce,0.5651833,1,0,2
9d4e26a501903d404a809acc8ce93df1751a5429,0.0744023,0,0,2
7dbcbaa0d72723a1682dfe340fe05b2f0d3cd3a7,0.052952785,0,0,2
b3240c0b4dec02d8a511b831e07eb0d03094f677,0.49968436,0,0,2
d37a2097286c6385bf8cc757944bb3568672d873,0.39648533,0,0,2
39ed7bdf558cd8286e62492f6c91d2af73f807aa,0.38076323,0,0,2
100bab5d8bdcbf802af6437fcd778e7f2b9bffbb,0.37475586,0,0,2
21892745c86fa03b465cdfabb99554e9659b1941,0.22301188,0,0,2
511499162fc2ea958f3c78b1081225d335b52227,0.516474,1,0,2
fe718980550f0221041cfdb56f83638c328cfb9d,0.065693736,0,0,2
8f577fbc1c44a4e5e39551cad677978452ea0797,0.052087102,0,0,2
76c125c3b74a390a39cdcd6666cf7e9cea0e5c1d,0.52033174,1,0,2
203918573c29676b179b673aa7e41366dc4215d9,0.645428,1,0,2
c82fe35c48bd0082c16644d16d82d1be79d6b9d1,0.19459331,0,0,2
158d178c58e892ba87d782ecf436d30c038d464e,0.19944206,0,0,2
e8c09f05be1310ea2ded05bdd808c46a1e4485e2,0.41983536,0,0,2
b184666c1975fa4050121c694e09a88060854eec,0.46226785,0,0,2
b83e111c619232be9ba0a7bba682ebc141b618b8,0.29460302,0,0,2
2a6c6ca711f0f0d6aeef30853d5eb05bc68c2e85,0.50207293,1,0,2
01911a40eaebf2aefbac34cb2760f7f77ccd07a6,0.2968647,0,0,2
ec733cbbf25c103c2c661625717527448a42663d,0.42579013,0,0,2
300578058c7d6db0671648cbc5bfca84fce6285d,0.4927365,0,0,2
63950ad11917411d82d9adbd0ad1ccc4884ebb4d,0.3634989,0,0,2
f9d6655b42d8e1b1071f78cd7f1e38cbaa20350e,0.47932306,0,0,2
858aa75ed257a24acb983df372f634c3fc6c49c7,0.5112922,1,0,2
76a941217f9272693b5484ef360e8cf6491ef3a4,0.19936153,0,0,2
7ff71807ce589931a56ae6f1306af43c6b8632e7,0.38223824,0,0,2
bb1135e50c27938eeeeb6e6c1ffb3882dceb9f1e,0.21292911,0,0,2
f0299220ba7dc33b1865068db0c184147283a9e4,0.36071992,0,0,2
4a6c36401518a45a709ade671d442e061138d3ec,0.47521004,0,0,2
ae5df796be80dfafb523072e4efb30e34dbee46e,0.42667013,0,0,2
7e19596505676c5b300bddc39792289441634f02,0.29955533,0,0,2
55e9d25f779a3ba726a9904641e656de93a1fac3,0.3261305,0,0,2
3b6468ac4f765262f68d3d289d25bea3da521c16,0.3600813,0,0,2
89b1661fde38bd12c4d83b9fbe696db0c8657a78,0.45020556,0,0,2
f054152346cbd7c8afcdcdaf55c39f9967edacf1,0.059417147,0,0,2
346009fc677b252d052e9ee22c6a4cd2be10a032,0.29382363,0,0,2
4c84e204cbce349f3c5722750561b91607d3fcae,0.46733588,0,0,2
c353239c4fd22b8991e1488ce81218b1c9769bf9,0.41121826,0,0,2
516f6889c9153a59110d3ee9bdd907e95e10cc08,0.47591212,0,0,2
7b6bf45d83c3ec028e686318b8d4f1a061723908,0.52561545,1,0,2
817666037d3c09b9138b161964b0fafc76d65998,0.3296127,0,0,2
c3b831fa7e4ad148d8e3abe2a0e3c089029044ed,0.44785237,0,0,2
5a5bbc662104afe8f020d89d6e560f2897678984,0.46976423,0,0,2
f8c39cfd773d797adc1b4ee19aa8fc17268946ec,0.2643315,0,0,2
8ab0ecd0af3932f40b931e1d84b2951f7777a305,0.04216634,0,0,2
599e57b27c19953487dfa3828432b8ecc7cb8b38,0.09152339,0,0,2
68ae60d779e3bf4a46064fc1b537057478a627e4,0.423336,0,0,2
c600de52e107d1fd3d5a9c1aa1bdbbd6754622a7,0.060096376,0,0,2
8939061a3c0218dd3fd27f96f3e60e48f74622c6,0.49025202,0,0,2
cff360a340b48070d88a48f06e8748a916ce52e9,0.44647092,0,0,2
52cfbfd91e60db255c3285c90b94cb6e3a75fdb7,0.49354357,0,0,2
ae31e56476646b33b0c2a1f03bb095145a22097f,0.34145266,0,0,2
0b683acf0a5910fdc4235d3103eccbfdebbb18ff,0.48185578,0,0,2
861646b25a39dcdf79bcf5a7643bfeb28e137a8c,0.045895718,0,0,2
3ea4d5d580a78213504a4611fc7bbab58b93db0c,0.49228302,0,0,2
b5955f5948a973a248731b774773bd225af39c82,0.5156327,1,0,2
09db9daa292e74b6bcff84edf406aec41ecf536c,0.16708122,0,0,2
410ab04290294dec74180043dc2aa635ca1e4e80,0.16346636,0,0,2
efe3699122699151984e8499da9d42673a42851a,0.044228047,0,0,2
d2f27093d7d95a07da901902f894d88b4ecc3e95,0.48389408,0,0,2
ca30fae3acb59a5caef3c3c21eecae7c928827e0,0.321791,0,0,2
5ef5bd199a4e3df74479b4b363fa29b0b3092547,0.5378596,1,0,2
9e8eec78a71b7d1274043f55c9a5fc7811d53132,0.50619704,1,0,2
6a0a1876772e74a1d4a7c82669784f8bcca8397e,0.48107186,0,0,2
8c5c6b936ee6d1afb75cc2cbc151887937dbcca5,0.3070793,0,0,2
484698c5415bb578cb480845e2dfa930d3d49d9c,0.23024753,0,0,2
29a7e67999568a5c86b32ef513a90d5d090ad2b2,0.39501342,0,0,2
87f142f5c85c9a7e86d02b4599e3973e773f3d41,0.3857194,0,0,2
d664776d4cf41d7e1e46b92bd8a4e907cd3bd438,0.20136997,0,0,2
847a6d07793a198d28819731e5166f9ed3845164,0.23102885,0,0,2
fea1da48fef9e28026704e9cadaeba3e0ecbf6dd,0.30461577,0,0,2
c7a5a6afd5d2f7d8c3d518ca625b7d8a1445934a,0.03431437,0,0,2
0fdd249cadaecd32a39d25301f5242f9a92ed351,0.34811112,0,0,2
a9690db48eadd3643adc34cafd6ccc5d4a5bf589,0.23440105,0,0,2
e9a2edc877ebf928ad0c056273f64cdc861ba609,0.21886496,0,0,2
74989844d7692245f9e19b0e803d748c73e91e41,0.07553167,0,0,2
4d1c77bae99174b67a462bd5a44950ae08f46796,0.054082096,0,0,2
90211fccfc48dc36b7cd81a1ce18e1506a6f15a7,0.36875188,0,0,2
e246d2ac01f1ac741aa4673aed3d028e08a63c73,0.046532374,0,0,2
36fccb4325f924bf46babd4d8d60226f8dd3f154,0.5679819,1,0,2
5ce931b904d1f2961078b99049c293c11e779fec,0.5652646,1,0,2
cbbeae7719943308494825574a0002ea649b3de3,0.5652038,1,0,2
eec10fcf0c795bdfacef4c9933585f65f953fd58,0.6370056,1,0,2
516c38fd95fff30841f9af370f50cf1f7733c209,0.56308544,1,0,2
33c95771c804abc02223f24a0234343b93ffde56,0.4067883,0,0,2
b88dd3ed853738b8e7fe9652b953db569bf7f79d,0.49308467,0,0,2
a2ba6d54852aceda5e3bf9285730da743ef04e77,0.4869169,0,0,2
350f01c78374b4df99c1a84cc32122eeeb48b036,0.29617023,0,0,2
03239b0ea42312c7b5daf4520c1ce1caaf6189fd,0.22175665,0,0,2
a428e428df2766f1d1b2b793b3f812344fa61fdc,0.33636782,0,0,2
f1a582111a26c4044c289d96ced42fc1621212d1,0.3490646,0,0,2
5c9661c300bad40cbacdb391637dacc991f16da6,0.30641034,0,0,2
daa69a5981c7c12e0af5922f0a07653446261b07,0.23408669,0,0,2
1fbb16b037e62c6af90ab89ab3ac8d3633c59a90,0.32141107,0,0,2
03cb05cebcc65b923e03fa9f41d664885bdb38ed,0.42506927,0,0,2
f4b675664a7c633bdd62d5f85fcf3f95d11ade9b,0.4399171,0,0,2
4344ff7331a4f8908478e72c5c232c7a9d5dc403,0.39659512,0,0,2
5375fd9dc55f1dd01e155af8646d1ec67bd6be29,0.67675436,1,0,2
0bc43314c1216a88d0e281e7ed66244c47c57c56,0.38219574,0,0,2
30fce9d42c5675e9cae0db0401181f84a73a293b,0.06558258,0,0,2
abf07558021a0ecc50c265dcbdc5f2f99fdbeb35,0.051487967,0,0,2
3112bc302f32a74c827d672ca84a80091b0700d4,0.051787715,0,0,2
7e89c9cc80bc3fd2aab64f25dd816c6d14790988,0.37975454,0,0,2
2247ff9601374845012558ecf5963ebb7e1066c5,0.06688478,0,0,2
76390c0b54bf145f65532ffe1e7b24639f108247,0.060088724,0,0,2
9a92b8526cd13e092b5185a59c7ff0f68a1ad56e,0.33311033,0,0,2
6ae55beb2d28bd6cf36780b4c58da41854dc8248,0.48696375,0,0,2
d681042e60a3a1e92f4c891ce9dcffd672868e7f,0.08163742,0,0,2
a793612b9e09795feb253aab9a738bd1f7280700,0.05988735,0,0,2
22fe7f3c8b3fa204c2406c3d15811b2581e1b7b5,0.55971277,1,1,2
3856d3f0a0826be3ccc6b160e740d5c7176df743,0.56083053,1,1,2
4cc3f6e7dbee9e3684884780af82822485c4c7c2,0.53553027,1,1,2
4d00e14ec8d1e83533a8aeb788437568b417ca88,0.53104496,1,1,2
b6ae1d09c384b57115bb34ed94c90e256e4b66b9,0.6906229,1,1,2
11fcc89fec70aae7eeda710e2bd26d93cb3c05c6,0.48738196,0,1,2
496691bfd82374f1c1bfee8719309343c2fa878d,0.47099766,0,0,2
6f379134ae1807cd404ed6c9579707e5dc6a6df0,0.49091738,0,0,2
db586baee29fc90f79898e9a274cc1bd585b5f53,0.3377659,0,0,2
a67bdc013c9fd965abaca375b9b47554a115f40e,0.45088175,0,0,2
b745af3975a0bb3acddbc59ef85860d08221a010,0.41029567,0,0,2
90a73a4dee53129e33a552e49cb7835ecebb3a5f,0.35006362,0,0,2
31ac0e5f3594a4517ba2be1735b1219cf85c715a,0.37288958,0,0,2
5499fa02b08b8546827a1a055c5af3f0245257d9,0.18929361,0,0,2
1261172afdae9a4b15dc9f691583261a1b020ccc,0.23780183,0,0,2
64573bb2e0bd2c7a7b1282b8a574a4796ae61609,0.41500568,0,0,2
b09b95124bc27f39e27ecfed90ce40947bcbf663,0.1803818,0,0,2
5481dd326025de2da7d89089cb969759972e7a8c,0.45305544,0,0,2
992911d0fcd230497ee3fc50dcf49042b7372a47,0.22132954,0,0,2
d0595b7121f57f1f49fe7fdc384479dd73ad64f5,0.21907976,0,0,2
cd1d329dba95dae161317c123269c24282001a66,0.39851132,0,0,2
3e3a1388368e8e4421fed0b5222904d40a8805ce,0.17142992,0,0,2
9f5af267e8c143e16f8b20fddb02ada096ee9df8,0.46508458,0,0,2
f8a7156259dcc1b3321086939234d80b6ab828c6,0.3795644,0,0,2
661008f8238acb71301b172a6aa9aaa8114d0c9c,0.19488862,0,0,2
469cf4d886f9a184168ba2d179899a600725d4c4,0.042817194,0,0,2
12d9a805a6df7afdccfac94a7061d369cc986efa,0.23068441,0,0,2
e83b4d8484cdb3dcef44ce3aede866663b526158,0.36804098,0,0,2
ff0e842058091b3310340f51a130a65a1cf6f725,0.0507096,0,0,2
a123142d947dbf38fc053c29291b555872c91ff2,0.03427504,0,0,2
45b5e0cb3a4a499ff8b0594c082d490d7b7b7c1d,0.052293245,0,0,2
29ce3e0e9ecc31a5c3cecb19246ff978fc7e7c20,0.04120166,0,0,2
3bf9dad70ea4b93de850312cec2681f3242280c7,0.031427816,0,0,2
90d775ce2270c35a7c514f5638b8a3b23d5a4f3c,0.03438896,0,0,2
0194bb8ca57e5a4a3fd5fe3c39b0ccdeb4711043,0.197235,0,0,2
f8e33e702ca0570076c58eaa7a83baeefece9553,0.07136217,0,0,2
6c203ab46b24751c285f021caad9d8969cf2f45f,0.03344216,0,0,2
5b56985334a63d63cdd9bbea30f225013302a7d3,0.1883403,0,0,2
bf0dd95b52e0627c10c072f8b05fbad3f86fda71,0.048238963,0,0,2
bfbe9966ab45dc4787fdbc55735241023d826d95,0.038788125,0,0,2
69f38e81872d70705fd7919df3d771f28c22dadc,0.18384057,0,0,2
c5c231e643365485c5805cbca81070a51429de9c,0.03745083,0,0,2
96531689d341eb26103356410280447e94529b5a,0.29818055,0,0,2
da7e55cc7aac7cb806699d234dbb90a455c21502,0.09629659,0,0,2
6913193d33ed83bcb98cbdb94ce410069ce2513e,0.272479,0,0,2
7f65af524d6b7fa43743a3c5593c3c57fee3e9d6,0.039201364,0,0,2
4493ec15a72045bcea25a4c6c9b4858ad5448b7f,0.037672725,0,0,2
1f207424031bd81af858ffc98e64152b3ce2f22c,0.053105157,0,0,2
cf9cbbdae44b88a7cc982765bed085b434f4816e,0.043293566,0,0,2
00d9578b74a107e3811c407ecc3da2bcdb166f81,0.10613032,0,0,2
3410aed6696622cb6b7b8bec088f9a92ea55227f,0.353575,0,0,2
8d34352d3ca40ccee76e1473d3e132f7bd8d4a62,0.5566106,1,0,2
a04afd1f20290d0097b1ed9ef2a4f476e0b79ac0,0.2279038,0,0,2
825419f9128cb7bd01ca31b0179bff96bf1a5ce5,0.4110102,0,0,2
6215969d2a1f8d95667c208af868758c8636c234,0.25681362,0,0,2
79f997c1d6976f5327cbe5e80676a65245d961ac,0.056888983,0,0,2
4ec3674e06fd98a10de28be7ba6c6036e64116fe,0.17590958,0,0,2
6eed45b023ff3c609ef423f28fc87b42d0614f79,0.040289726,0,0,2
002e4de0d68ffab9af339283f02659472a1febe7,0.056267142,0,0,2
ef8eb3d269274d2e6e4915875d027ada1efa0470,0.03955545,0,0,2
78b8d323635b47f68a93da04f04d221f3412d9e0,0.4508515,0,0,2
055cbd0d42dfec901c7b2532f7a71f937b1d4756,0.21107846,0,0,2
771841e493ddd9839a4c029db6b217fe19968148,0.444904,0,0,2
39f6f7fd6333da2b983f7d9001a7a51f31fa9434,0.21095146,0,0,2
6bb1b9a7bcf9d4d1aa0f4c12bb0cbb4cf4e2cc71,0.18982089,0,0,2
4824774675ec1a2c9e7b1469dd93a6bd09854210,0.3541702,0,0,2
717800fc588389b143b5c8ac20a0289a9217715d,0.40849426,0,0,2
0471658da03f5b01537153a72c0ffa7132709900,0.1820415,0,0,2
bc69f94466efb770e78d1bd89a8a1bd460fc437a,0.030995522,0,0,2
7a4fc498fbe96e83af20c5d0576c42a761fe3d95,0.19522691,0,0,2
3e438a80fc5ae21862125b13e9ada9b5c30d27cd,0.17833886,0,0,2
15b4031ba94a60f20b854e6ce2c7964d77086387,0.04602854,0,0,2
543970edafd3f8e08d945612d09663060718ae94,0.17731495,0,0,2
80e4a06124a712fde81bbee093ba2ddd71851c93,0.12831561,0,0,2
454a82cb2ad2853544e641c8c80f5ed34bbeb1c5,0.115541235,0,0,2
a2bde0190da2e32a5925df5aae1f2c37a4498bf0,0.12412621,0,0,2
f9dfa3fa6b9a28439f1226c202c41df9fe2e4380,0.12301345,0,0,2
c50da916c252ab282d978da3f114b81d91ec2912,0.1420508,0,0,2
e0bc1afd7878a91fbc30e79941af8a797637ef22,0.15701441,0,0,2
aa75d3aebeb30d1bb3ab0ecabd60201bfb3aaff4,0.27002817,0,0,2
76f12abd9d81587eda4c50e7816c75607b4b23ee,0.20366335,0,0,2
9900d951d41ceb438be79b2bf1822aa6cfd1f37b,0.028042538,0,0,2
f6dbdcf3acc3009f3ae17d607a2ac898e804395f,0.32774043,0,0,2
110084e432a04d061d71768c23f500f283081e31,0.31037295,0,0,2
656abed01d37434d69881ca1292dee710209bf51,0.36586347,0,0,2
d6d2307a9ca0ecf8c540b3bf7183de5d550ab099,0.0923521,0,0,2
801f4f4b10c788212d555729d5eed92ee1a02036,0.087229595,0,0,2
5fa1935c52f3866f0675e9fd64bd04d153b9f225,0.028225264,0,0,2
d728087751d2e6f19504876d7a3f40ee7b1f4d28,0.043294184,0,0,2
e0fc7b4dc80a31bffc8c8f87a2fe4153e6cd0cfb,0.19228745,0,0,2
5b743d5e7270fa41de8b4fd6ced0d82a6e38c38a,0.033611827,0,0,2
dc565c4fc02421b58db9c0f0cb9bfe767d904216,0.033617526,0,0,2
ad56c3889328fed27f021bba3f071f676fc4ffe0,0.2664006,0,0,2
47e13b0fa2ca7fb11e52abd429d538c3c9ab07ed,0.048836455,0,0,2
97c6c963e2045def1f19c650f638b304f6464c19,0.041948475,0,0,2
0b7369cbb67e46586e9e031c693564ce7ca583c7,0.14496212,0,0,2
2fdea0d5f462d48a97aaca3b987a716ca2934f24,0.09429321,0,0,2
2645862ccff2183b731e7d6f1a66df6f2b04a99b,0.03691149,0,0,2
27df5e894a2133e122ca7e78c5de45d26f7210a3,0.18776946,0,0,2
619aa9bff4055f51df04f5f837605785a998e9b8,0.20213069,0,0,2
4c55341a48427f7bc0ce30f0699c673f7e69f63d,0.0298892,0,0,2
27ae87a59cb2f0d06ea21d4a886f3afb9a14247d,0.115091436,0,0,2
962128ce971b2edd3fc9e4a85b417fba01a0246e,0.18629996,0,0,2
287254724ea66841b932fb5f6d8cbe37b04eea81,0.5841449,1,1,2
2b0fdf8fe719f234635f652bce0a5b2abf03bc4b,0.40388694,0,1,2
75d8364771414b52179e7084cad838b6c0a0660a,0.51642853,1,1,2
1fdb3a719283209e417d57b2d77ce93540de4cda,0.39548513,0,0,2
174f3ef3f43b680468d7535d5fa8ce3fb3a4d113,0.5046173,1,0,2
8ff705130a6c360e7d2009cb9f1a4d0a307985f5,0.31238273,0,0,2
a61f3728d4e2c6454dd0069148397745b6b3a5bf,0.34215307,0,0,2
f568436033fac9fe4dc9b38342a029f20c79dc96,0.047588553,0,0,2
c0b874406621ebda3c44029ffdf0f6017d6d8c22,0.36867106,0,0,2
52ea3c337615e386507dbafa686d1f02c03a4c82,0.094238676,0,0,2
8688adaee68dce1c54c05b44946635973b37fa06,0.36179677,0,0,2
27f467b4eab7864a4ff799fb2289cddd2c45d30d,0.051005997,0,0,2
1ffdfd2ad15f4f62b9474a2ae72f2ad0a42c6a98,0.51759416,1,0,2
24c8eb250b9c7dace0efe91fd1f36c799b174606,0.37876388,0,0,2
060cfeb90df4fda2d572fa63225c63e304c8615d,0.29129055,0,0,2
3ec04d06cd96131c7d2a508e1526a07f33efb490,0.40505642,0,0,2
ec3d2af993826b57cf47446d809db2c8b49c7a77,0.26977217,0,0,2
f79ba553c602c9cd1a673c30db79edb6b38f0db6,0.32668024,0,0,2
3e6117dacd54430e555a42a5fb8177f4553fdab6,0.38942838,0,0,2
7ee877a4db8c6d6871444abab28e95e9dad7c932,0.34322762,0,0,2
00c3c8dbf20322d372ebdc28c2b9fc25926a766d,0.31022322,0,0,2
07c01318ea4ef19ede234484ed102f94391cdcbe,0.31319565,0,0,2
f56aab06534e643ab1e413c36e367fa25e24621f,0.29977822,0,0,2
6d1c4002aad95031c84bf3bfa777852492d23fa1,0.48828298,0,0,2
7e3c917567dc3163c2228dd01e4ad90dd0b76320,0.3580994,0,0,2
167676d596bbbfe82a52f0dae6847cad025dc095,0.030603431,0,0,2
9c24b00d32acfba096d8b3fc12168bbe0ac4ef55,0.06618662,0,0,2
0e6578069293282865a3dd4843d4f80f52476e7a,0.06078202,0,0,2
81e60b1eb541557f5be44e7f663d5a816fa90227,0.4562407,0,0,2
e25b6fedefdb1967fee9f64e0d0242d6472ad828,0.10263074,0,0,2
7f8236cfa274504e0f59b95285e7fbf2efecda90,0.3322947,0,0,2
ddcfef13549be8395d2c9339632b3ebe80363d49,0.6780586,1,0,2
4a5aeb1abe8ef10eeb5488e04e688e2daaf4eedf,0.3276961,0,0,2
13ce8fe63c8972c54ca717055c231bdc487d479a,0.4642378,0,0,2
8c12ad11eea80440bbe691cb50531c70f53cce95,0.3519185,0,0,2
692be5e1d4326c6e505c10e8dfc3adeb7958bd74,0.43982065,0,0,2
a733b7a87ce7abc0da33a3d56da82b72407683d8,0.3878554,0,0,2
13218943435188789ab706c2d97da8e2aba1770d,0.3925257,0,0,2
581baeaa99864979aad55bdd45f054c8a53c341d,0.033106554,0,0,2
80fced6db6c15d7833e2c06fac4098640ff4c742,0.21722025,0,0,2
0ff845a477db67a485e7a8c1cd8265e520bc8c05,0.170868,0,0,2
66b24cabe95485abbe4398ff468a57e5ea0e3cf8,0.2832377,0,0,2
5ec70549ae7e7d2eb97d3d56e696dbf0cef7ca35,0.2733704,0,0,2
82c95c5f951ec316a717d72a46e9f1f7792dc818,0.53704536,1,0,2
0a4b1c3b316335a1ee22ea86c28c1cd58b1bb583,0.117208675,0,0,2
6e710a1f78a4a733020a4b2d1f07b6fe4c6684f0,0.71355057,1,1,3
951b253fc38c09114d0fe273a3758a15c151a8b4,0.72400755,1,1,3
f3539c7eb312b127122084279002d3fd238c9a17,0.73726094,1,1,3
7aa5ba380ef6aea0f2f594873b4c7378adab0f18,0.6641271,1,1,3
def1380280b9be6d166d3938ea4b0254e9b55dc9,0.7317384,1,1,3
cc06ae9bf7a1fb6cee46c40d2a6388ac05d3f5d1,0.69420356,1,1,3
7972f1ac1b85a5174c9f293ad98abc87edfe42e6,0.7686238,1,1,3
bd1c4ff86fa21358949e925274f5b8146f5d02cd,0.66321987,1,1,3
be2aa80bc371d600ab2230c545051ea6454577f5,0.71161354,1,1,3
68b033741b02c3ae54d649e858790732bc5c2d27,0.7912973,1,1,3
4f5d25205a9cec988de300a452d641a155406b79,0.7273271,1,1,3
d1e97bc85338c563f4f732bcf917a08b3cbf4792,0.746208,1,1,3
d40c01673e866c3c3b5b51bce66e9518924cc31c,0.64413536,1,1,3
5f7d5690a97b2ad95bbe381695638f0c7ca2c4ff,0.100708716,0,0,3
8d340a008767c5d954b7539e825b4c90eb15ab9b,0.056798186,0,0,3
84e490b66f61e11366b62efc42e64b60ae7db35b,0.11588665,0,0,3
fc939bf6838f4bf986e0b42fddee3df6712371a5,0.0698349,0,0,3
5c798eb50aec6040f415b6def1912d4345f8310d,0.057295717,0,0,3
d1758567765117cd395ea47319d3acde7fc663b1,0.085713446,0,0,3
517b8beb06f63301629f0ec3f58f6b667061d3fd,0.09096003,0,0,3
5c715cd84d600c0df0215846efaece2ab4673546,0.130721,0,0,3
dff4cea14174548f52d6fcc66c9bfd7a339b7336,0.51152503,1,0,3
02ae34d1d3f3c9f9c25160cb14c119958f25af13,0.7031151,1,0,3
8e0e1c32ff1ed1da4f09fc9917812e6457e6fef7,0.094959065,0,0,3
18c5b2536c114c86b810bb3ee94474fec596a462,0.079160534,0,0,3
c6e4d8c9f534d3e70e79bf718e40724d56186109,0.34856522,0,0,3
5b5ecff53b50a67179f6245bf60047c59f027e26,0.10749039,0,0,3
46dcd98ceb70720f96d4cfa23b001ff108bdaebe,0.10126394,0,0,3
dcbfc80c4a14b91194fc8b74760b079cc0a4ce42,0.07253916,0,0,3
23492711d234f2fa647bac46997e361bcf985423,0.15352428,0,0,3
f10279a29d47d389a31da907695673a992555adc,0.18570769,0,0,3
8d5925b52b48b4c69934ea5c48aa298a2ec74e84,0.5407298,1,0,3
a30aafa016409048747fe9730d6f7892eb12d7c5,0.06799175,0,0,3
a3611513fc4de7234ef49ae46d646b0795ac7110,0.08190429,0,0,3
d0eb1d1dd1d9aed27c433d78a76962340fcbfc1d,0.099346876,0,0,3
1ae9dfaf45e0a51ee7d604551f7e1932d1787975,0.0636001,0,0,3
1c2d56e8a91b0f64317a9e02cfd4b45b03d3019d,0.05834647,0,0,3
2cd92aa6e3f44df6b0552a28b83022a7f92f8946,0.13664186,0,0,3
79ad715f02e02af76da0c6e47c164a80768a01ab,0.13583761,0,0,3
e5b948a1687270192753993c998d61c7a91faf49,0.08086264,0,0,3
b81a48d78dd9be1c3eae57cece4c88df92c30247,0.10976619,0,0,3
0b873b95a840f8cfdb51f4ceea3b524d46d20715,0.5157566,1,0,3
e350a38760c93e373562d6a3e906df5904250146,0.069536686,0,0,3
660431cf4f7e2bda887a0e35ad3a76bdccc14110,0.046720643,0,0,3
f65e9aa63f8f266023a986507834585a9580c555,0.14042786,0,0,3
535cbcd9f20b29b3c5a5d69f654cde57969b3788,0.10126582,0,0,3
2d650f890ff1409f2944bc56cdc4b518b35e06f5,0.24430709,0,0,3
1c4f7bde1c8f7d8c0e09484daa626fa4f40e38e6,0.56046045,1,0,3
b9a22fb6f6f460287993d3cf087ae5ff036a6c21,0.15070939,0,0,3
14d6a09601b68f60e6b18142b597a6890e5d581b,0.5801544,1,0,3
54fdc54dd24c9ece2bfc32ca12e88545ec923a96,0.21930222,0,0,3
0ff7c091143e8326eb88dabce078ca76778a587b,0.59287214,1,0,3
32ed6601f216dd1300876719cce837bfa9824e26,0.33091962,0,0,3
7df11e15457e8d8bf4e5730d20ec2412c429e091,0.5151569,1,0,3
15f7f84678a24533e42f2fde230c5f68d1b33035,0.69270086,1,0,3
2499f70cabfc8d17f2c6de124a81fc0940a70fa9,0.53306544,1,0,3
6526a5e83c1fb9644da34e44fdc5a3bb8a357c84,0.49198443,0,0,3
5904d90ade8663f5552b51036740352a9b796892,0.62118876,1,0,3
fdb75911387f77912c37dcee0af4a2f2e0977f3c,0.07437195,0,0,3
538a97b115ba4ea44c57898ac7c4fbb77fe0e9b7,0.57141155,1,0,3
fa0478f4f6fb724233dc3e00a9f8dc557ce7cdbf,0.16848093,0,0,3
ec81d7ca5100fd97fe8428db02a2cdde967ac87d,0.06506981,0,0,3
81c40b9820625d3f529b116baf6b4a3d45dd2f75,0.11544968,0,0,3
2b085ae34295d5ae1d7eaea5a55a2df220bf1bed,0.16509007,0,0,3
d6a354e203e4901d3eb6a36b3aba620fdb222da7,0.6436016,1,0,3
37787b96ab21fc226ff267aa26ae58a58b2d20f8,0.19383153,0,0,3
f2f704eabee027175b0c1eaf934c08e7721a9b24,0.08218094,0,0,3
e1fc87d2d57c2d7ee941e651f33b582fb000dd73,0.05456665,0,0,3
fa8f024d082998c7ae48b21f3eb6f8f2ca56a719,0.0592605,0,0,3
6bce493e47fdac9e64a9ae1cb3c358f31975a43a,0.07770843,0,0,3
9daac904cbc627e4a43e72f72159c552b25caf74,0.6601015,1,0,3
658d5a97c708a926b0425585f9437a0c1fc2b81c,0.54365313,1,0,3
db695fe90b181948f271e4970ec83d4de9348577,0.06401179,0,0,3
9c06ff87decab7357d44d8766f6a277ff887d921,0.36465558,0,0,3
198d448ceab2bc061d18a1a689056bd2b96b76c5,0.32677376,0,0,3
46b15af8c5fbfb026be350ae16eca89fcdc87aac,0.075043425,0,0,3
b7e86cdd772cc47a031d187b79d075af8155c2e0,0.19718628,0,0,3
198e589e62f687a91d4c27057ebad918e9f9bf3f,0.05374599,0,0,3
fa510146c09a498e25e590ef5cc558074337fc4f,0.055491913,0,0,3
badca06dd1c70207215c7186a31955901b637661,0.06527741,0,0,3
91ac1574aae31a29baf883d2cf45e4e1f5aa9bbf,0.09750861,0,0,3
82ca28e2ec8fe9771f01b5aab3386311ecab80df,0.7378093,1,0,3
9f8120beb6b351608652002e057f97f8f6c0dfc3,0.0924657,0,0,3
c66b23747627a2b432e0068561d457cab9f97ead,0.063772865,0,0,3
a6a5e3033d424468cbd3a6af051aabf3b5bd4d00,0.38908076,0,0,3
2902a9a3c07e881dd7aeae0a55189facfab1966c,0.5716459,1,0,3
fe487b3336f8279d8b74eff05c5ebfe6e01281f0,0.58497125,1,0,3
3076802a78f14eb1b4f23831d5a1ccec79b26554,0.07054709,0,0,3
5063d256221e7fe8a8c433401bea988d7ccb0a35,0.057970606,0,0,3
a6b9ca3f71d44dbe2562e13d63e4b30fcaccdf50,0.11571651,0,0,3
81fec3193ad12a0f78eb021c4a1548484595860b,0.31475404,0,0,3
902a680951f318488a4bbe0184a3a223c5709b01,0.090019785,0,0,3
b84f786db6d85cbf9973adfccdf135cb71824b87,0.0773407,0,0,3
a2b5c7a9aa0b5f617502bf6003d43913d507a11f,0.3813921,0,0,3
571725cb7bcf091b5457f1e2a857aa51e8a70f7e,0.119105935,0,0,3
10118c9c1b00d31868d6ab43e8171e3c16efdcfc,0.07508406,0,0,3
ee94e6d82370b6b6086cae2693dc2fe31388fb64,0.32297665,0,0,3
dc58a824466ed492fc6d5ab11960eb86584eff26,0.39755568,0,0,3
56c04300e8f05bdaccc2ec60fc751c09d86b7b68,0.06953591,0,0,3
03542311e2a461f0324ec700e98e78b5540bcff8,0.19226076,0,0,3
4746531428aaf9e3ae7d505b5a203350d138ea41,0.05528375,0,0,3
05b14fd01e43ab8a385bcfb53102a270ef2d9375,0.54363424,1,0,3
77868bf772a03d61701bc0d32dfafea63a0382c2,0.67314833,1,0,3
83fcd3e1e220b9f3aacc63aeb4da0a898684dd0b,0.58113176,1,0,3
dcde20001063fc25f622e4b1c7775f735a7255f0,0.56803054,1,0,3
82bd5be8735c01a767fc3ebc3eb92369ac68302d,0.6237117,1,1,3
e1188f368087ba4bcfada44d645e4f8661d7f9b2,0.6387136,1,1,3
2c03505da053d07cd3f729692738912bdfc2a5b7,0.67956704,1,1,3
3fd058c02a1f8881110409be33ad56d3af6386f6,0.76501876,1,1,3
bb3ddfe426cf4ff5390f742d35bdba02a4ce7624,0.58799446,1,1,3
09b1a632c17b34650d2bcf748be14690c9882e52,0.50637525,1,1,3
539e1ee1d68c27defd0aaad09a1a0b68e059de96,0.05325645,0,0,3
da69323b29fe8e373364b9399bc67523dcf2af62,0.12074899,0,0,3
c1ad21bf966d01dc5cceca82f102c0f7843d5617,0.11322277,0,0,3
efa756288e712849c78c4230df05c2d1abeba91e,0.041428354,0,0,3
2f757454dc41f4d130234aea68b348da4f12a0fa,0.050267495,0,0,3
24b5e00be753889e4907473ce57271acb290cb67,0.23499718,0,0,3
7f293a06a0b7ec9b554d51f150991efa9b7dd54e,0.15747091,0,0,3
95a524ea06e546330ec3d95b9c139b7edc599b86,0.12607282,0,0,3
314dfa80d4e815ba3c689cd3ad0d508209665bf6,0.36799833,0,0,3
c07d659cf8f7b16452472da6052a1de326bcb6a4,0.043076664,0,0,3
545536e34f180edd32fbb21b0a5613e6407f0980,0.06290056,0,0,3
225afb8bad88c9bbb70b24d9ac3c28fb21f39465,0.39450732,0,0,3
041e9565ab8b187ad0b88780a5fc0a5ea24f29a1,0.32709923,0,0,3
c4828bfd09ea8c579fa8840cd77733c64b8ebb39,0.06105512,0,0,3
dcaacf4cae54fe199055830f097d4ed504b3238c,0.1710744,0,0,3
6f22f4b49c2a3a59840d28e6cbe0c37a56ab1f90,0.37025538,0,0,3
41fefde64401d2173ff019a896c4dd72b4fa5636,0.056611337,0,0,3
080e96a6cdea2f5fe8727b8249044b89bc54395d,0.07265632,0,0,3
497147e3e6ba0a50c32817e14985ca5bf1041f9d,0.34296367,0,0,3
40708bdf04dae6aa49bf8f3617f2efc16c83c5f8,0.5373222,1,0,3
84ad767a87c69a265e9105c51efdd87ee57b8635,0.27788618,0,0,3
f0e8d41fc8cc746ba9b66b72646db6bd8b25c6fc,0.34056926,0,0,3
df5930892d9c6eda392b96bdae2e7afd342f7866,0.5207373,1,0,3
0cdcb1fd8df9e9185cd3abb128d927d25d7de8b5,0.4242866,0,0,3
cf15c51722dd4b406876dce1ccd52eea787d84b7,0.3547951,0,0,3
b691f81b482175665b45cabc056e58ab0df03ff8,0.13688685,0,0,3
fc8ef4d22c95b13b907ed14b19cea8ff5fd1e653,0.06669362,0,0,3
8054f746bbd6191f5a297cf6f7f26f9fefaba307,0.07289032,0,0,3
fa21d6f7e70f057c42d4af9c40ed47d3d841e5b6,0.098891124,0,0,3
bac647543497f0aa2a9f92fe726e1eb18631b4cc,0.5011419,1,0,3
cc6ace18900eb92606b6a312cb1ac5c4ab5f435e,0.21243358,0,0,3
c947676916c99f2feb5e183aef9629a1b21d863f,0.07373119,0,0,3
1f3dd9ff8a4f8302eb4c0bf4072d2bb7d8aeddd9,0.07988692,0,0,3
ca7f64f016d8354aecd38ef73405e1b3267ca791,0.2012391,0,0,3
06005610265c342b52051b997a43ad6e963c5a0f,0.26185453,0,0,3
4a8068579ea5bf1e637f8bed09a203508abde315,0.051266305,0,0,3
30c217ec400b9175e9490807748ec3e48fe2ba22,0.3327811,0,0,3
d80acb29c04a8e92a3ddbc539b0be8a521098870,0.651517,1,0,3
e43138b0b5f0912cb358c0e73eb6247b273eba75,0.4767826,0,0,3
1b84f2ee7a41e8ab12faa73130187763ee5858ea,0.13831098,0,0,3
4b5ef21ed6104befc80e1dd501f964e7ca6f1ce6,0.054313038,0,0,3
c6c1971ca1fb5054a0847b0884488165606bd703,0.048747856,0,0,3
68e0a9c71443738b1842e99925d37bf545f5a151,0.119015485,0,0,3
7ebc8107a22038c06c0b0ff095f9f73d854e1422,0.45587724,0,0,3
9003b5b5aa4465e84c934819f45c1ab4365dc51c,0.53299564,1,0,3
4b8647bf6ce2b478e6bc90d0158ce81939a14378,0.07976575,0,0,3
2d1614a2077eab0b981d4a0c4c6e10a7ecda71cf,0.43819633,0,0,3
3631295c437c5b8915afc7b2b259496eb2d5d782,0.5374727,1,0,3
b12610d35e7798c66fc1d9b0811d10aadb87569d,0.054777466,0,0,3
f3a785108f853e327001dcd435e92525d7fba96c,0.40057003,0,0,3
881a4ee8db1e1826b749579d2284ace982c953ca,0.061362203,0,0,3
e91d0f0510ee8d69c76ee89b4e57341418866c6b,0.05630756,0,0,3
8f7c59ce888a687a6c9089caf0c5469984a073b4,0.059254866,0,0,3
3c644cf87ec8c0e6313b3a10b6cfd66279b8093f,0.24926382,0,0,3
fb7e1e265dd9e560b3a3127a6593b6602f60026c,0.06558157,0,0,3
1c9c43c1d4bb76d7e47cdfc9c6681a38305a95e4,0.18535264,0,0,3
18f181ada7826542725fa4a9460307d606695b5d,0.7540595,1,1,3
bb7e8951cb6ef08ca9df5fc036217c3a45c4d33c,0.59445894,1,1,3
e280c8636792c5426e54868d464c9d28287a98fb,0.58074254,1,1,3
54a7796ff234a9cbd2c66f8b1e5621f0898402f1,0.6299978,1,1,3
8e5867eda8328e4cb2e103d098d0c9f3c2fab50e,0.39871728,0,1,3
e42da5d9d21438c220768464b6a1f5b36bad92a5,0.5697479,1,1,3
c823ac5673e9da094a3b24b99987a533c548dac4,0.6887586,1,1,3
7573e9eec065ac1ccc2134aa751a191da3ca3dff,0.07202683,0,1,3
1cdc902f3d7cf877b4db7a31f19eb1dfd2fade3e,0.62418115,1,0,3
e9ea52189a92f7e2ab051e4d75c4e0c872034b18,0.31329185,0,0,3
ab0a2f761f4529daa0a1e7128ffb8ae417a0104d,0.102419585,0,0,3
7ebbaea90e8002f5542e22bbe92075ffb5383d2a,0.5502065,1,0,3
721730b00b1dc2ea616a3e7958e4ad15134de975,0.07001988,0,0,3
05aae985d9d0e26cf278cdd6f69672ebe3f8ed92,0.29890874,0,0,3
f7222ca6c3b6c1018a52fd649029394e6608f1db,0.05850927,0,0,3
b285f17023da248bdcb3093283e4b9e930bdd09c,0.2875411,0,0,3
af858a6ca224946195b1923a780678b20cb99603,0.17056997,0,0,3
fa027a4685bacd9e32b3bc7d875717b4457f6829,0.55263644,1,0,3
edf56632b8a5413f5e0adfe2d1b65e595b88a1d0,0.16480231,0,0,3
58693fbcb3236a9adb0f47088d88ee3ef7178cb4,0.42680994,0,0,3
91291520cfd5f6c2c91fc242018860c5d1d277e4,0.47182146,0,0,3
7bbba6995a12412cd7cbe1ca693057c5299ab4cb,0.50569105,1,0,3
ea030e732e3556a2a4fa51bcaabc080927ddfa48,0.41191116,0,0,3
310008f48c0a830138d35b3024106560d55b6bd2,0.3529738,0,0,3
ca22dac3f852c7290f60c3c3a5d66fbecfba91f4,0.11761011,0,0,3
bcba29320f5f6f860335266d6be8249418ceaedb,0.074415706,0,0,3
9dc30fddc109504fc80fb62e33554d54cca47faf,0.046600506,0,0,3
764f56955d499fae11db1aed6e7f0d2d0886e6f9,0.07095996,0,0,3
2933e5773b1d64a9348024b2a6e8dc6dc90e6590,0.38844183,0,0,3
0fa8bcc008b6a011d6fe41e64ea4379d0b57f20b,0.06619691,0,0,3
7897aa6a83a5e63da487e72c2735fb042259f6e4,0.19709726,0,0,3
3b501993588d27d91ad526a436e3a10ecc8d6e8b,0.044197448,0,0,3
b353d07bcca9fb62ac387d69d3e99004e27f14c0,0.5938242,1,0,3
6b43922648fe2dfcb4cb1aaaf5d795f00a6aa174,0.13735868,0,0,3
b268dfbb824ef307862e489aef7e71bba4cdcac5,0.073761545,0,0,3
b957ee1646d893fd946a8b9a53c779957ae7a240,0.039407704,0,0,3
996c0c164a083c3dc2fbf2768750e3b3a81d77e0,0.57260865,1,0,3
12ddf37f23cd77903729b3e611ffae10e96ded47,0.06517345,0,0,3
7e6304ce63da6c6341cb072abfd08caf0456328e,0.16113904,0,0,3
b9b73fbef5c0f18aaef22ef60442518d7f23ec83,0.0640806,0,0,3
675d4c8fc848ec5438e48deb2e8218b6f0078814,0.07139639,0,0,3
dc666f419e691e6a04342bdd9cf2e899455a8738,0.67937165,1,0,3
9bab875f03ffea0aacd1d92fbbecc96d491c1201,0.06442347,0,0,3
8d3d915dbd0ccf716f0d15b6b2396cff214d9cd3,0.5220231,1,0,3
326beb22c6aa872cbc0ad3706cfbe706bf9eab41,0.48938116,0,0,3
ad882055edb50369bd174ae56a372838aa89cdae,0.11150935,0,0,3
a7363a2ae67b585790896de45f57154474480fc9,0.08766575,0,0,3
2bc9e7ea86a8cc1c3b2436c46115c87080228004,0.1026148,0,0,3
76f154179b8dc6940355d7fe7db468314ca39e84,0.13287698,0,0,3
4080feff61e8dc1cd4af2361990c33c9f1014147,0.047351446,0,0,3
97accb47de63ee5063eda23641c6017e29ab81d7,0.041125942,0,0,3
cde43197f980538e411d851735ac7a63ddd613e1,0.045844857,0,0,3
0dec6e76fb544fa3e8bf5fd17f16314735971dd7,0.65098435,1,0,3
f820d06fc0d1204b0cb386214ffeb42ccec669ec,0.040974855,0,0,3
566c4d59a177be4b65d17540576eeb34d28d24ce,0.6225604,1,0,3
a516976947341e0e18bcc0858d85d34cd0c02cdb,0.5660671,1,1,3
7200c43dea3dbfbd9d38b937c44b6e71744b05c5,0.7802217,1,1,3
596ccd59a11ad5e9fda19ccd0f4fc714d8d3394d,0.73302776,1,1,3
301ad592142079d36f4d33f5309c103c7f4f5dfb,0.44616234,0,1,3
f8a8ea748a0b3015490ccecec7b97f0ab2daf9c4,0.61011344,1,1,3
8aec465b44dedb7deacf80111ea5286914093094,0.4009945,0,1,3
34f3f4196084768b2ef6b3db4608d8eccec50364,0.33646813,0,1,3
c53f2106109153eda10c47a6960a5a579d1530b8,0.55317193,1,1,3
17f52a2e559e68d5c6ccc98fcebb5523161fd0ed,0.45424855,0,1,3
fd7a4362caf2cd69368a38f2f71ffe19706e341c,0.6851045,1,1,3
753f278d10fc0c92e912965379401ac182644101,0.7168653,1,1,3
491786ce4182daa57ea61deaf701f756f57f6f1e,0.71170986,1,1,3
de73ad3115c19d5f0771754d233d74055a2a10bc,0.5579261,1,1,3
d5f586bd4e1a20fc09a33aaa5c2b9320f4a2aa72,0.5471255,1,1,3
8d4fd1dabbae4d7ebc2b273af9275ef8bd0e1ce1,0.6053699,1,1,3
6e5eedb3fcebc5894c41733bd26c8b4d9197873b,0.045088094,0,0,3
3b7d0b95466139a147fc504b7c18897dcc826c65,0.3983809,0,0,3
6a82f92584b36e28798479c82c0d3263c6347b90,0.14627874,0,0,3
b8e9475505fee98aae2819c03a33c7aa3db843d3,0.3036197,0,0,3
a14acdf6395f588dda7597bb4c7810dacaa503d2,0.045463882,0,0,3
85a20aad64be04127106f492e26f6ad6d6c228c8,0.04701196,0,0,3
1325e114108136eea3fe77a4a270a2da7eff98e2,0.04307012,0,0,3
bae46709ecb13f80aaad0d279b3618ab83d09275,0.12678388,0,0,3
dc5f850d1d9b0b952b7f0dabd6778cf0f7675cba,0.040063757,0,0,3
b4abfb93676fb0abbab1d9bac40ba2714a3872f5,0.06266755,0,0,3
9a9e7268162f9fed146c74a8acbd234d9bc2ed84,0.11119771,0,0,3
b262c2359c9ed53dae3ce2ce7a0092273f4eec65,0.4973131,0,0,3
c30b59103b6f1390b0040ee74b985248e8b1b849,0.49211997,0,0,3
0f36265123605cac6af05b7b8c8f4036b58f4da4,0.061534442,0,0,3
cb177b56b7664ab323558545737646896f4d7e70,0.05373808,0,0,3
15bdcc3be2b84f68ddcd822da52ef045ed89e57b,0.095926665,0,0,3
6a8ba1fecb47e5ffd5387654d0cdb7c372ccdc9d,0.04695639,0,0,3
75efbfd6b21ab36fdbc440bc001c133f824bdc3e,0.049336474,0,0,3
f7e42d2ccf949a5893a439227c8c6bafd2598f26,0.10348747,0,0,3
c7fcb448c99ae5fe9db9b217bea1233df3ee6e57,0.04991372,0,0,3
d0721feadc1e0cae6efa3e0d82f523debc5b8d97,0.048261244,0,0,3
5f47ad718e0ffcbbe6cd2f8d32b2e345c4af3a48,0.6127205,1,0,3
745d383af12137ccbcbe1f3cb4c9db73f87a66ca,0.042419244,0,0,3
d746a54c2ee50711283bb49e557f58ca491e1bac,0.058418833,0,0,3
a56d4998cf16ff08f5593fb7d4dda66ca05dc269,0.08921624,0,0,3
03e65c98da2a0b2e27b14713543c2a61d56b1237,0.09941577,0,0,3
0d3545e5f68d024cd4a05724a15746d8dad986d2,0.043936994,0,0,3
6b1b592887d9ce95fb5af1e216bff56b18c7902c,0.5049085,1,0,3
ccd0fd51a5712ef1d85110eb61130c906fe4db13,0.4804846,0,0,3
d98897b11e6f4adf1d0a91591b1bb6be501cd29e,0.29537177,0,0,3
4e08e17ec536038c9c0dd888f77b912cae82816c,0.5000268,1,0,3
86eb3a2fa74988e4ccf3aae7f4b77edb84555320,0.51008284,1,0,3
45df5da2640f8f097915b8a2a0249ef0f6cf514e,0.24572374,0,0,3
76b7413d2b1eb2dc22f05de5b76f9519be5142e0,0.0752097,0,0,3
bfb3cf8bba6aab198c4644e236bbc9f3807111d0,0.05088032,0,0,3
093e3bb2e3cd9992f3f0d14373d406bb9b2ed36e,0.1645279,0,0,3
c440f668aca99266b5379235f6d99d378630c938,0.2557595,0,0,3
a1c5a582760c7f65572d0883fbcedc843332d7eb,0.47542208,0,0,3
0a499402d707bc8cf775d7f9b3840780a7401f7d,0.103269815,0,0,3
8e4e5221515f820108f48396a18ceaed73de8dc1,0.47266203,0,0,3
3a4e18ddf151a624eb5c3596ce8400ca4679ef97,0.099298194,0,0,3
8ed40d530295d819e0ca964b2d4542f6ca6a9929,0.047141887,0,0,3
a6abb8b00355db97486ab5023305c3f4e9e19ad3,0.10083951,0,0,3
b494caa01985c623601735f1bc10871cfb8aa048,0.5977806,1,0,3
5597ed7ea300ae3d08cd893b0133bce26038a7df,0.30272776,0,0,3
002276ea313fd880122502e9840b43f996acd537,0.039018657,0,0,3
bd5afc0b5a977c168cf046e3244477b48fa72c5d,0.06235339,0,0,3
b313ae68888445f4c08521bbc8d19f39310c6890,0.044690613,0,0,3
a675ca7802065f459a96bdbd593d8dc491180cbf,0.39510384,0,0,3
8be87e032a8c05622148357f30bdca3c614a669f,0.42587757,0,0,3
96eb80efe1da48f37846aa899260aa0c84b15944,0.04182934,0,0,3
75c2b24c681e314c4e4e07243b31430ba4e42723,0.5529298,1,0,3
276e22858cdd56f5725e0c2f7a3522df99967973,0.044021793,0,0,3
471e6b078a7891aea99b77f200e828a7b1c9bc00,0.066082306,0,0,3
6d7ee38ceed6b496d70502e276f80be6de618014,0.042021245,0,0,3
5cfd99f0dcd0d10689e480f0854e859079f125d0,0.06488705,0,0,3
ed6c47dd9ebbb2e38fb3e17a2b961f0fcf0e6df3,0.05258181,0,0,3
1fe7a43505aa9d00bd9dde45aee77935a5147561,0.41253442,0,0,3
387880a630c65b955a3329a2f7b987214c41f6da,0.6493445,1,1,3
cf4416a84203ff9d360d4398da3b166e6d0c72b9,0.47369096,0,1,3
a7fe613853516f0abde34821996a0424882bb919,0.7011592,1,1,3
7a8a7783315917b56b6a71c4f28cec4ed1d91a7f,0.6674809,1,1,3
9c545d44a4a703c88d417a6fa43298a80ee67735,0.74049205,1,1,3
4f73871cf40b6dd05c8872d39246c67f798ed915,0.046409998,0,0,3
41f297809965523fcd021bef20b304b3584d9b4f,0.04666631,0,0,3
03178c8b15f1b522b98ded0f83cfb0e79f5ec4d3,0.076574594,0,0,3
f70741c9b216d3836d047c542847920d4778cf9d,0.08048463,0,0,3
5ca0a1c3564d35293a5ecf03e5f32e6f0f6f445c,0.056299865,0,0,3
4c4b3e2e32ddae35e4c1a6ffce1cd2b2eafa958b,0.0723798,0,0,3
72a46babeb0da02071e47425ebd55da915b98178,0.041406665,0,0,3
9c51e5316babbd370bc32aed0fee134216726ec9,0.056671273,0,0,3
392323e2d44bacdac605c1a4f037f06e21dcc239,0.069188334,0,0,3
10dc13c80752b0489d291b54440212ca54c59fee,0.048562847,0,0,3
7b9df59a96adfce979c8c564dc5eaa6a29b7f25f,0.04714011,0,0,3
818533e92bfb1c142ae4ce5be18ab92d1ae17025,0.10541997,0,0,3
47fa07eade06908ded4206651571e71a2fe684a6,0.04429776,0,0,3
46e97d9e04591e8198ff38bd2949fd5514da0d3e,0.07834385,0,0,3
08cc26e70bf145aca293d55fce12aef835263f53,0.19827853,0,0,3
6c21bdb4a107b49e57c9e5d6598d13ce6f85fc5d,0.22675407,0,0,3
18a027b1f04e420c18ae57aebe8fd031b5ff251c,0.10829886,0,0,3
82b84c0fe9054198099752a66575cec0c47524c8,0.047875468,0,0,3
b10b90b0a3947bea98e3646e7d29f853f3b5c6f7,0.10001552,0,0,3
8c141a1705808491f16a27b53e1ff0db0a2807fd,0.060000777,0,0,3
40f969bc9e162deead55967da3c128e2da933dfc,0.066159755,0,0,3
f348d34fb1ef3c968e2981283618aa85db203901,0.05509557,0,0,3
999761ba1bc5da820a1d2527c4aae29d95a7013a,0.51947415,1,0,3
ce131449a4ca0b06c6bb27ee5d8d6d89b1467bbd,0.051437177,0,0,3
924e1e9064f90d958b4f57e9c9c0c543bd19dcfb,0.055674307,0,0,3
f36090e3141cd3cd6fd58f1f46a30af2582559be,0.05276909,0,0,3
6fe2094e30107512e470571bceac91cbedbd21d0,0.32083973,0,0,3
fb0078159d2463da149de54018fca79a9447153e,0.04933539,0,0,3
73351b6adbf403600521505bef288057beb2bdde,0.049813606,0,0,3
079a07fe18f654632b80b274f247775582261e5a,0.049522236,0,0,3
4158323ee456bd412e7357a4a6bc8bf50deb5d9e,0.04640782,0,0,3
2fd6c8fa1e392f985ee860d8ee154a612ddde569,0.05084748,0,0,3
66d0a9a0a00dbb259425f17745f7dddd7e676f71,0.046631135,0,0,3
e14d9ce8e3c57b7352a647c0a8e62eeb88ebfba4,0.07867621,0,0,3
9e0c5ad4b3148f42f3940faf7d67b305e34bef0d,0.07062135,0,0,3
fa1aa44c7623fb2142e588c59eaf56db7bc237eb,0.07782696,0,0,3
8fdda846c4653b6ccd49c47a9586c374bb20a255,0.055416856,0,0,3
a94ff90ab6cd2d92ccb2eb1fd7913b4e5256f02b,0.72924185,1,0,3
268bcd622685b28c2d50bcbce64ac38f7e90390b,0.77159524,1,0,3
09e31a01b51d7418fa0034ecd4cc11848436fc18,0.76908267,1,0,3
487ac1980148522d628e1d2aab50b107c372798b,0.19671023,0,0,3
34646ec9b52192a71e52ffc09cf7fefdd506c48c,0.11447429,0,0,3
7afc1c34fc16ec04f82105f9106b7d1e5232c4d0,0.05820776,0,0,3
00439211981af7b5baed495f526ef8ad76ee7c5b,0.057521567,0,0,3
1d635088f697178660b6e1c9a89d2b7d3bbe2d29,0.04654189,0,0,3
a4a62ed7c1e3c7aae09324f0ad1c6078f0fba471,0.077227324,0,0,3
b3a68ca842841c4b9713462d5f01742cf71a6b4a,0.046160918,0,0,3
2d868410eead061d59de524bada4de9e3d2bb442,0.13476102,0,0,3
813aa11d505b9507b6795d36070806cb2d96e5c2,0.09864988,0,0,3
88b29fa46bcf6f56df4213e1ba7810735a28d755,0.04308066,0,0,3
eca374db08ffbb3dd8de746632fbd74acb8f2c92,0.067688674,0,0,3
2ab17f529d07c1f618ea08d968b2fdf3a382a792,0.05808299,0,0,3
9a87c766bb3137a50656871e5dee5a309543bc7d,0.05065126,0,0,3
9ce4e1a371418e5eacc69227885815f9a4221c65,0.55264556,1,0,3
c7f7da754a911302dcaa6935be6fded84e1ac348,0.045011148,0,0,3
4cbb388ba9099be121f81d75000acc3af93bf993,0.04799846,0,0,3
87497c72460c9c58f829a372d741b386fc2ac8f8,0.05250654,0,0,3
921d0d60d40d8fbda29f14a64e848c70026ea32e,0.045320407,0,0,3
f9e72000a17eb9d524b38a9f2c982c037dd94891,0.19132991,0,0,3
e34f50dd1083fa8ed9fe25fe701b64bd2ea7efc0,0.43021625,0,0,3
581b474f4b194731eb9cb22cdde7330a1ec81c3b,0.4916376,0,0,3
e0d17fed51f5018fc34578699d824c20efc44368,0.5543031,1,0,3
4fc5b3402c58d6a4b317bf23b896ea91d22af6fe,0.052417375,0,0,3
d8e2f892e48423fda73204be3ec239d282e71c65,0.06489713,0,0,3
8d6d088622f8e4ea89e66ccbe097510fb4c932fd,0.38521123,0,0,3
f0943a7242041a16c8f7fca845592e48bb19ac74,0.27644864,0,0,3
d1123894d33922e7c8ca838f9dac9bdceefa3f7a,0.07401447,0,0,3
fb83ba3fdb46537a36832a900f124d4c400f7ed9,0.044047654,0,0,3
e779883b29a67d411493f985de984ffb8088ca05,0.052605413,0,0,3
a71c820baeb91025eaa7f07b172a39500c6f5692,0.048378147,0,0,3
a4eff51bedd73a0ea56afc23b1021187dd03561b,0.052759096,0,0,3
8f6bedeb724fa78583c26423aaece05cfddc04c9,0.048498534,0,0,3
fdc116f0bcda6d1fffbbe505d0687b0406e92fa6,0.03564076,0,0,3
66608db56c41e91ee34fdc1e6157d69b69893fad,0.57287556,1,0,3
5366158572bd88f18df7883ab823ea62b7701d77,0.042299964,0,0,3
2df0a3be66f6fa1067d976d7a05500beff7eda53,0.050433736,0,0,3
e0b2c86c8754312d1e89307fbf84e6efbfa9fe0b,0.19774815,0,0,3
050dfa6f0850174fdf958ce6751d2f06900201f8,0.2595943,0,0,3
7530b4bdceef0ef37af252f0b97978554fb9b99f,0.11346261,0,0,3
a6eda3d8eff423ecb4901aa07339364732c02ddf,0.039177127,0,0,3
a5035d0e1cde068320984d789473e1140adefdc0,0.35396796,0,0,3
dff43a0530a6fbd524e3af24795cf6b92142735c,0.6157445,1,0,3
1d5f8faa87a410fdd1141ad82f270ac238293770,0.0650576,0,0,3
82f4ce516c18ef5fb3096f6a90455fce90a5b290,0.053230293,0,0,3
228b49fe2afea3376c4f30f80bdeb70d083a9206,0.05151213,0,0,3
adfa016f3ef7ff262643e0f0a5a54d3ddb7d7e1d,0.066642836,0,0,3
f72b5e65c0c5210cc0be585959ae84fdbc87aced,0.042605117,0,0,3
26d668f6d5a2f202ef7ff6a73ff3cbd7bbdf4b06,0.03774686,0,0,3
808149305ba26224917e29aa0c0089701bd91936,0.035433978,0,0,3
55fd738c86ea1796d5152d818ab4b5060bb11803,0.04228921,0,0,3
7a8dc00b8be18a9271e2d9c2444ba91077ffafa5,0.063448,0,0,3
34515698878ff0a4641e72486f0ae8a7e30df0d5,0.05070956,0,0,3
96f2b16b3efb93580e6aeaf1da97d9dffd5e260b,0.13084124,0,0,3
b577805347d56f1927615fad311868a3537a9cb6,0.071432896,0,0,3
e366894658914c0f2fb41cac003392b0dfa6e4b7,0.51368797,1,0,3
3411f29e2377788cdaa5a4eeaddc53355f085a78,0.037991874,0,0,3
880b04814c564ea7a1bb8fe97c15b4735c67e8e9,0.0428876,0,0,3
8ef033be5c92a895139b4f910af5a7048f340cc7,0.050102696,0,0,3
350c477161a0d1df94efa02109ae07e6acbc527e,0.045156438,0,0,3
0880a21c56cec1a2442b5123c3845bfc99e83a7f,0.0547949,0,0,3
84143c462986417ccfc5e8c05481e983cf668e2c,0.04292267,0,0,3
f16d5b1722eb55c2d55eb623999f16799b088b98,0.04111408,0,0,3
ac37165ed7a22cbdeccfe348b10245dc83b414b1,0.04676529,0,0,3
d9ae4e2601d4c0744bbc275b6b4f503477b789ea,0.047013473,0,0,3
7c1a59fa7ab58f5f7cdc124ff2667cc501570a4f,0.043358155,0,0,3
93d35c8f291b8953f8460c0eb02a51cc6d6cac22,0.82118946,1,1,3
b77184a2189c8f91100d148354d1fdf38e83d13f,0.781862,1,1,3
f81e0465460ff9abd450eda836bbb4f9b13837c7,0.5947463,1,1,3
6fc152e4177e0482450b13eb7fe496de677ce5b6,0.6534997,1,1,3
0c9af5f450ce73da9b791051f861cb9a6420e0f1,0.28520316,0,0,3
11409e628b0461be3c268f81642ce36bc4b0bf84,0.4872479,0,0,3
63a9488f2910434851e98a8fc0ec8c053b24083b,0.41820443,0,0,3
d70736425701b66bd64ad3aab3941bb930a18b66,0.5839378,1,0,3
7331773448c1f2e0b24deae4144db0deec85fc07,0.40209782,0,0,3
11a7e62a898e54d66936d1b8b67cb5e62578ba98,0.40387508,0,0,3
0484bdb3f61d309ff62da4df4be92cf139d19f6b,0.5636033,1,0,3
f9f632e7056cd9d2b3c88bad50fe0597610e2eca,0.497538,0,0,3
a3fae474e5cf5084c89835fce1950991aa678a41,0.39260915,0,0,3
f3108e2771083bfcf02c9c67ebd70a3ac0ddfca8,0.5979094,1,0,3
521b9b3385d73239b96ab209cb34ceb5c1c1400a,0.5942956,1,0,3
d7a1666f9a89d9a517f5fbaf283e711046fd054e,0.4285008,0,0,3
022a020bde5afba4f2e9b6753c199386e79d7825,0.3364428,0,0,3
1b5aef881bb3acdcde5d9fcbb6e43ceed6db145d,0.6343601,1,0,3
0caba0845d4363025e619eb3db6f3138b2c3d394,0.43207094,0,0,3
8e71711c1caaa404d84ec6682f1b7b266064c2e9,0.11016937,0,0,3
363be2fea66f861d7ec4f893a05901fa0c7ecf92,0.4375746,0,0,3
412a8a0ba61c84d71c0cc740ba7e50c10f3bf9ae,0.56589943,1,0,3
03380256795725c7d17db97d882a4c4da3b76b8d,0.2180752,0,0,3
653b46857a4a48252bfb094e39ee9937b2079fa2,0.59455836,1,0,3
748cb609306ee5a046a952a0ca13974ef0b6e770,0.2590106,0,0,3
0f9ce497b0c6841e3aca845336ad095012c41da7,0.06909208,0,0,3
36ee52223387eed452c266490a25b4c62f49abc0,0.10069766,0,0,3
a8c6d43b5a61d8da784f0ac188d40b88a15dad50,0.084544025,0,0,3
8fe2360920a8228c10cd59ba0978df701174c961,0.24347246,0,0,3
a3677db89ef3863e8ac7cf578df499f85d970b76,0.07159154,0,0,3
64c51505a82baf8260a34c7e83652ae3014009e4,0.24306013,0,0,3
ccba0cfc3f1b81dbaffa5153aeb84d48cd7630ff,0.19443682,0,0,3
e7c42ed0fb83faa2b57184cb72f6d9e8b621ccd5,0.2448241,0,0,3
633de29fedf11544f2c3d5052890cb014e612bd5,0.12121197,0,0,3
362ab2bc41697980391c4a61c23cb3ef6bce740c,0.7378556,1,0,3
fc9d93db68a3c33e5ead8c7ecb187fdf0f06cc4f,0.14030874,0,0,3
66a775c9feb7dcf00c28a16b7a365af4372886f8,0.06816651,0,0,3
a6a48cfd370b226955a531e678016db414ebeed9,0.064334154,0,0,3
dccc1255413adc1a212dbe3bf40accb70ccd44ef,0.06531114,0,0,3
83b70a377f79ba90f846b3a720e6c402c63bccc5,0.07225052,0,0,3
819318486d9cfb430749ee33d3c5c4ec4417babc,0.22358523,0,0,3
827d9644c864336fa84f15744375ba7412da047c,0.066310175,0,0,3
af6bbeefbf197f50d194c7f20419c2a4590ad630,0.100428216,0,0,3
ae8f5f04574be75727f5e948e04bc649cbdbbb3b,0.08998296,0,0,3
b9cd3558133ae9f26aec73e0bda3a8f635d137f7,0.6640016,1,0,3
f672e826f51824582273fa1f5b6ec37aa5fdb2fd,0.4239839,0,0,3
72df12fb2ba453afb57cf185d25c502d4daec6d1,0.05464942,0,0,3
7b42d43fa0827557f51cb4111c89fb2a78512c68,0.4821713,0,0,3
af1b5872ab8355acea3197522ddf94972b3c8386,0.052445713,0,0,3
5c753a87c328678f16bf89e0178448f04194f0b4,0.18238093,0,0,3
0956e2d2338531a96f2ff7d4ab405acc1b18421e,0.20454493,0,0,3
6563275706015b000cc5bf14be7fa9322964bf49,0.076791175,0,0,3
e9e76131f35c112046b9f184816683beab605e9c,0.07605377,0,0,3
843267df5a0b44145d5b9ee9153d17aa5e15cce1,0.7948715,1,0,3
cd64fa339a97300c64dfc434483e478a58f507a8,0.069100566,0,0,3
b0b23c179ac55334f760aa29fce262c73a909268,0.119477145,0,0,3
dff1a0953d97d46290750a46d01be1e1519ae698,0.7210497,1,1,3
35e0ba449325e759e04203fcaa71920cf473baef,0.65003896,1,1,3
e508ad09d79302d3cc6b86077d4a6ddb0679a0f5,0.6978348,1,1,3
a27ca511a591caf813c26862a888e90e54af19a9,0.6947914,1,1,3
9be91f380c209f895da36d13c40b99687bb4c8c1,0.18907702,0,0,3
09c55eb8120da36aef1807628f87bde83749428b,0.41659617,0,0,3
05edf06360cc8a1a61fbd1ce5f9abf5d83f9d3f9,0.06207117,0,0,3
9df5e9419d83c11b4a2c3421c5ff7ea1f544366b,0.5475156,1,0,3
ed1ce82d822ffe185875b7b7d38352f20171c096,0.07854948,0,0,3
10e38114032cb4c585b29e946e1d70e05d52a878,0.44538656,0,0,3
d71ead41fb685431dad02d4bb7cb5675e196b8f2,0.40016982,0,0,3
e7b4025ee0b6152f9bbf7a72a317f977402a27f7,0.29709265,0,0,3
0f3648f749b7b67c2c61282297569657ea6220dd,0.2501561,0,0,3
bf915848967a6e35839e5565e98c716079980e18,0.36027652,0,0,3
7f74708201c2ab9f5d1f83c7052487116b8f7114,0.5488713,1,0,3
97dc91d1545a667b4021b6507d927799e53964da,0.7406779,1,0,3
d9979fa97865b7a57b9da975efb6e6c4d80b0cc8,0.09209561,0,0,3
6f27b4ae8f8ecb62698e760ab7df3973874b1f51,0.2950361,0,0,3
67ef6efb61f3c07e1359e083bbac5d90953cfe43,0.51396185,1,1,3
1b53f09c3a9dcd64dd281c1955b062fc28999366,0.051962897,0,0,3
34adc606601cb578486d4a019b4655c5aff607b5,0.50349,1,0,3
b05bd69cdd841c02a3b645568ee5478fdbfc07d1,0.46811375,0,0,3
e1f30a1c32eb292e51db274adbe2fd6ed09b555b,0.09291937,0,0,3
bd82fe9fc034e7921eb589420bb4b86dc767a11e,0.10392767,0,0,3
13e0ba5aff3fe14eb0e1d748cad4b9f99e681ca0,0.58319056,1,0,3
3b7deb943877b0c2d8627531959948c5d1e4d3ef,0.70595396,1,0,3
b657c914c0005b37e24c1cd74c5f4ce886147606,0.5321392,1,0,3
a61fde99657c1b9d11e8eaa682181ea59e65814b,0.10308193,0,0,3
29c067466ed78c3e7948fcb8f0d25b3d984a1a93,0.06964981,0,0,3
fd86d06ec5d3b009f3882dda7903e9913858ee14,0.64921147,1,1,3
a43b8d68b8b7e6d7f23977a7432880290e6c6933,0.66247535,1,1,3
31e4a6df19cf4a13f8f0e9048198ce7488ad2614,0.68349403,1,1,3
3c0c9d83e27e436f9d3646f177bcb0ac2fecbeab,0.55911905,1,1,3
db7a08583a5ebfab310efde6d0636f2e2fc108ad,0.55149996,1,1,3
015e3cd37d128e4ade9b2d49f74f3b4fc07d82f1,0.48786968,0,1,3
8dba68a38c8bdae91c15e4eab35cd83c427d8e71,0.5578984,1,1,3
bd15dc78c74bd9eede3419b70469511f196a3716,0.28966296,0,0,3
c3ff46e30397bc0355584c593d500d2564c1c515,0.08949712,0,0,3
b2d4b2ac3a738d97e23e53cd459d9c57ee8827c5,0.5961328,1,0,3
3e24c28e68e617735b25791b0bc3f67f31624ebf,0.56074053,1,0,3
b1a8299ad223c3b2552f6d03e51c2ecba5df46ed,0.09560573,0,0,3
4e931386569c0a28b7e47c52d199aa32b6ca32fe,0.6447024,1,0,3
ed98d264cff306f7326db096cddf65cb26ff5498,0.15417445,0,0,3
1f07a0bf70049cb0a2f6b52ea7c261da5adb1abb,0.06928929,0,0,3
60bcdd450d6950da981d70b8b08379bdd744c82d,0.04457442,0,0,3
74133837585f81d1c6434ce32f73fc8694d5f132,0.053346112,0,0,3
0e9f604e87a5b42b27abc13a9328846cadd640f4,0.05159055,0,0,3
53a0a9ff85666348a38054e335f5b4c5355a6419,0.05821682,0,0,3
73f3e2b3d6b3f4a7000187bb3e6a4d82b118d3b9,0.10883246,0,0,3
b295635a87da0c20e5e2495103d4877ef0187d4d,0.08873863,0,0,3
8f88dcfc902b5bc86a239756afffc9f3813d245e,0.42363226,0,0,3
815b269deec60ec69f4e5e5d555afe9b98c18cb9,0.16300352,0,0,3
2b0658c59d6285547a5c6de7ac71c7cb134ce975,0.17996992,0,0,3
364232f781d0cc91cd4b83012e1f49e62fa81190,0.5923513,1,0,3
e972869486f85c3424875a443eb04bda2eeb6bd3,0.09561908,0,0,3
780b2281d86cf89cf5dd717c1cf54bbd48783654,0.43822876,0,0,3
06c27b37ccbde70514e035a50ba0a6ee1ff94ea3,0.3466545,0,0,3
1d1c41945a50a740519131bfff4e1875de69dd6b,0.48785725,0,0,3
71e40d0b30fbef976da3595fef8736a4e1245466,0.35706973,0,0,3
f781fcaf0f19766f7c9105911613f86d22b2091a,0.33389184,0,0,3
cb8cf1574f99fc51c9e67b9456ea4d494fd4cf29,0.066743605,0,0,3
c63413182017e069393963d07570ec69f373ee1b,0.84830886,1,1,3
8bba18089a1acf29f9d2433efc229d5c851f42b1,0.06771792,0,0,3
f295b186fd8f6c619d34a8c69c6a1307f2276779,0.30733722,0,0,3
02c7974c113cc2a51d6741491080058470265899,0.5193109,1,0,3
027c193cf1c012cd5bae06446496136a582c180c,0.5510914,1,0,3
4a10030ee78ea8da944f6d52e3c671799d73b5d2,0.4904205,0,0,3
5166f3dd04980177e46293408d998087040d4c19,0.46146244,0,0,3
d37041ca62ea9eab6e777bffc15ddab49941217a,0.5718218,1,0,3
53e5e3fa8531bbb4d70523197215fd19b89c1a76,0.31213856,0,0,3
62e6242804e4167f5c476ae34acc784009a1af0f,0.08008887,0,0,3
324e8b4d43f0260b4857dafef46e8c5f349f633c,0.08843671,0,0,3
9fbc2a346b86872c397ff891d379115abe5846cf,0.6242877,1,1,3
c5a15b2b66b6b4f018589d8f60cc7acc71861822,0.5748281,1,1,3
ebf108170e9a6215176174d84313a0564ddde0c4,0.67813945,1,1,3
f1984c42b64788a0737c3bd43e4da95e015c19e8,0.13299233,0,0,3
904b790c41d6ec4629921befd1c5286e482fde57,0.462333,0,0,3
c2abe862ecb7f980260a7b44d907fa116a6bbab9,0.41203544,0,0,3
19a56adb00295d528015045cacd443ff10f7bcb2,0.6740446,1,0,3
e2ea5359798ce8dc77d4b23b0f9b4df33b37f940,0.26042375,0,0,3
ce4385a413dc822f8849678608d0bbac2defbb81,0.07485751,0,0,3
c11215195bed3261d88486d0ad1644080afbb97b,0.6595247,1,0,3
7048667393bc4290f381312243d13688407b9350,0.37132856,0,0,3
b188b5ccc0f1f8702313eab62a5dcc164f817200,0.09589111,0,0,3
4efd950d4dd822f3e087db9830d09cfb3fdcb541,0.37039003,0,0,3
cff6e00097bf7dd97a5404080df3bf7e95813a1d,0.6367786,1,0,3
27214015c725619e0098e227fd29816d0891d4c5,0.6210531,1,0,3
f8fbfc9fdca4b5e9ba1a5608ca17e7b6feb18c3c,0.11757307,0,0,3
0733d7c2ba214415a8d2e4efba5c6e26b61d3291,0.08186034,0,0,3
d8cdd5eeffe9b63949129d09f6b0c7ad2d517e90,0.31399938,0,0,3
e2cf4811ba485b0bb29d7d80bc853666bfbfa958,0.5914883,1,0,3
580e0d1e26ab2a9275f01506f3af56fe8fc32988,0.44065213,0,0,3
3ba27e9f4a29be1922b3a19f9c6c5127f93027ab,0.6149736,1,0,3
8fb1341ad7c460286211f4f2a6be41bb5782653f,0.0436197,0,0,3
041507d3aaf718ae536f9ab66e4eeb4065cb339d,0.5629964,1,0,3
735b1b59862dc1b5f7e60549aa7c33dbcc4095b2,0.42449996,0,0,3
60595251eec5979e14540c6d00043e24905a7404,0.08544667,0,0,3
980366284db98e0515dc5e827aaf4f750699bc80,0.6062271,1,0,3
6c2dbf2885fb4602b8e42bd208ebef66df23329b,0.08659634,0,0,3
cb6ee2cbdeadad5d277a6e7293d88bb915090c4f,0.56526786,1,0,3
a00624cf27791193be74a610723a9a0b0980d23f,0.614732,1,0,3
911d59f46d0dce2e07a93dc0ff705154f568b7ba,0.6153169,1,1,3
1aa543286acbcb3c23aebaba003fa024a54aabb2,0.7041478,1,0,3
f418eed3089d74caa11affaf947a40b774e9c8cb,0.5424941,1,0,3
a13691b5be40d31099d39f7c8f3ee9970ebc20fa,0.07018683,0,0,3
3e8b8aa06bb7742cd1643fad72d7739cda400010,0.46783182,0,0,3
a1db4c96f62eef05fff532b59300edeff3ef21f5,0.18420573,0,0,3
5321c7ff2ed082524bc319e44f0aedf7ed8960cf,0.053171247,0,0,3
9be73347bd09934dd0c99d32bce9c4e12fccf6ce,0.076468036,0,0,3
4362e02ed0404d12ca75ee3476d4a32f9f671811,0.08128618,0,0,3
d3f0ee5e0928122b41ee25e2b4ab09bdca5bd00e,0.069390446,0,0,3
f82b5b57840389fcfdc4f16cb75703361d6ea059,0.091434896,0,0,3
51d564f738b20621e4e14649bc1b15c929668e1a,0.12034974,0,0,3
5bd82306a8e44e2b9ff098f29ebf4c69c195b9ad,0.05923387,0,0,3
9959b3c5a777845aa19040a5a761814e483a6483,0.05761009,0,0,3
a0611b06f05e3c37c622f48a783836f89247c237,0.23123729,0,0,3
f02f2e54ac7d88a6b7ee620e45e1bba878c63a56,0.05820091,0,0,3
98d6d15235e046762f3b09294e896994f616627c,0.04270705,0,0,3
fca0e6ecf6012ee47fbc92fef4533320c1e3d849,0.052171167,0,0,3
db642a3c3ad93606d27d6e277b529da3a50057e6,0.06244199,0,0,3
1929834c27a931ab505f7a389d38fafd10331d8b,0.07688648,0,0,3
a5cb9a4b4a196bd2048cd21ed2fef175bc1181cf,0.069344535,0,0,3
c2f1b685abecfc11de76ffd0a28771f41b566782,0.12985848,0,0,3
30b6759387b4402987f6f4a6100fdc78e8bf755f,0.0610013,0,0,3
50b126dc0eb075a2193b670eb7ae2089896ba283,0.058571313,0,0,3
6b08874607dd51c9d8f600a96650a330cd9e6b95,0.6456489,1,0,3
c9685cd5e462926aa401fca7321ea23927492006,0.06406597,0,0,3
ce8d0f7a47f7caba8ab937389c59b68b20f6994a,0.51285285,1,0,3
98b8758e761caf659608f48fc5c9e9056f911050,0.43507898,0,0,3
95b2fe97c7f191e43b7fe11e8e027d87eb47f15e,0.68771315,1,1,3
79237dcd2bf537d56ff8d73f897cd639af7bf8f7,0.5747543,1,1,3
181affd5c937755f54ff31ef056a6ec091e95f51,0.7551541,1,1,3
c334a1bca8338c92e76f0f1cf2ef4884e3eb5dbd,0.64337957,1,1,3
efa48b214d30537bb184884ea30ce817bb350153,0.7221239,1,1,3
b45c4bdb496381b5f90df6872edca12e0a2e68ca,0.51092935,1,0,3
f8489499aa6d460a7548b14d516638b0bd7b862b,0.8323751,1,0,3
76a2ac814caa194c46be1cf7a3f5dc129546b1c1,0.09128614,0,0,3
31fb4dfef212791f86f052ce8a3adeabaf830cf2,0.14874448,0,0,3
ccfca8f714055cd9fbd00cf7e847b880132cae69,0.09209478,0,0,3
a29815abf4f0e51b332a8af1b83ad344104c14d9,0.72444254,1,0,3
92e6d716069686583b852a6dcf12af986d6dc694,0.7052002,1,0,3
d105819a0e72765ff5ba4efa5622d727360ee2b8,0.72044563,1,0,3
3aa6f11785a2f1b3b09df328a02a2c28dfa0bb57,0.48898134,0,0,3
b7a82a918f0a595a96047f7eef2672fd95d5626c,0.74807864,1,0,3
52f3240d90f2397cd1850ab11674ba08a0ecb2a0,0.6529394,1,0,3
d70fdbc40195077057a1edb14ccd16a26435d007,0.59438264,1,0,3
0751f97bf6677c3d55aa71542d572dc8fcb9e79a,0.70900774,1,0,3
e505e1fea57e0ab9f1d5edab92546d778a5f41e0,0.3896967,0,0,3
b4380f20059dc9e4ccfe2b709587e8069ac0fa34,0.45671785,0,0,3
32a9c6d42a3a48314d3f9fe2956bfc8bf49ac5d5,0.57134604,1,0,3
80417356f04c5ee1cd6f636e9b043db3f2de24f2,0.67334586,1,0,3
f48bca0510703b0673709b10a806a9d54894a999,0.71547437,1,0,3
f1b54876ab8893a5d9c0e3d7c1a9c884e683dc8a,0.26040444,0,0,3
c82f703768eb8a122546de23e412a037aa1770b2,0.5938273,1,0,3
36a02dc549f32433d7329444455dbb1be2e67f20,0.6960573,1,0,3
fa8957d7939b59e8d391fa17000b34e865de015d,0.75907964,1,0,3
5acc6a5502bffaa66be7e859849856de0ea27acb,0.5879115,1,0,3
b58789c5badc4f9680ec5724568af05a84670e22,0.07898901,0,0,3
9ee3a16179cb65f5fe4170257ab7cde558f1dbeb,0.07196882,0,0,3
4ed0bdf1c73fd82d3080d15085675de96d5be0aa,0.069440514,0,0,3
4950ad86a16e63fa26d51cd709e39666008c5fbc,0.06777175,0,0,3
b61362933f7a564d2ae0b7d6b9723f79f4948769,0.3597874,0,0,3
f28aa71041181867a720134e26b64b03cbccb6ec,0.26462203,0,0,3
720b988fd8d7a50fbe922e6c73a3681b1c566331,0.4319853,0,0,3
9d744f7136f23da9a5f9324432b300b5a68e3b39,0.061076358,0,0,3
98f54c158acb12a26fa6f335b1665accd2aed347,0.5770414,1,1,3
22c6d087012fd55bc65e578a27f2edb66f4d3808,0.498748,0,1,3
890b387d713d04c22406db6d5a5fc9b51bec2df5,0.5964546,1,1,3
c7d56cffbb4668d0955ef00196e08f42f2efe363,0.59424925,1,1,3
7680fae14c9f544d0585a7b150004a1e48fff53a,0.81204104,1,1,3
136c5ffe80e558a87cde01baebf823b06e3cbe75,0.8086183,1,1,3
8769d0f2cc4b7555dc025b7c0e49a81346a1e2dd,0.66953033,1,1,3
4b5cda5a2c6ca613db5129d50ffffce2604ad9eb,0.14120792,0,0,3
2e62764c0c386632e87ee8d12d0505848df1015e,0.55247104,1,0,3
4590f14e97beb6d10ffb7b5dd312c632af155ed3,0.09064302,0,0,3
079bcd0339f30343c01c5fd3d5521be4b822d30f,0.06956499,0,0,3
29283b775291bf03cd9a7e1aaa496faaa5757578,0.72053015,1,0,3
89321a2dee438328e75a11954e972175c78f0a2a,0.0601031,0,0,3
1f3e72fa069536ae20f37b29575288ff65e66803,0.057955828,0,0,3
c7720ca4c232d317cfc800a04eda4a1d5a44a944,0.344933,0,0,3
a747456bfe077da467ff036172968a37f3b1e893,0.14029104,0,0,3
2f2c8b1cc6e6e731f7bc52b0988ea8316f475004,0.36436006,0,0,3
013b445ede8d9e7aad4915859d0c869b9b712f8d,0.27152628,0,0,3
f4e754e66e3661274df624bc328991cd88dd03d6,0.295222,0,0,3
741944332d5bd90112b610a8b5f2eeefe51e08bc,0.1323491,0,0,3
4c7d7523088373be3c7ff203ea895d5a6d84083e,0.1128732,0,0,3
f79c9365d0ee89cb407b90cc084eece8fcf9a8a2,0.2196,0,0,3
8714dd031647be34d0d27f461894e7b194f25cd7,0.65082854,1,0,3
83406b73e70a251eec5daae34f1bd8d554cdddec,0.121345855,0,0,3
2f956f46580e5b4752173e885d37a20fe31a78d8,0.45901704,0,0,3
3f36b7b50bdda3eeca632ad5440bb82b8e34cb40,0.49083778,0,0,3
9962a0fd02fe2ef06765271605b06729af8b2e59,0.1141396,0,0,3
5294c64b342818e021800b38413f36f426e35b3c,0.46166223,0,0,3
5a45ae3b1deb5117cb9e9a13141eeab1e9ad3d71,0.34175178,0,0,3
efafa61992658eab64c893e9eef49f545d75673c,0.4359019,0,0,3
630830476a6270e317e84229996a6bf92bd903ca,0.52992284,1,1,3
14097c64d243794610788d3ebb2e81ba8fd867c0,0.77043283,1,1,3
f2615d9a611db401cdedc022112c87ad938b5680,0.6998755,1,1,3
a24d624aaabc14a455d18450d9127f88d1b4f8be,0.6008053,1,1,3
49169033546d893dae3db903a2fa6af712f125c0,0.801313,1,1,3
fa7588c4c0f8d403e4815fa72e3b8a3bc98d73ec,0.7221896,1,1,3
367fe13b46a0b4dda56b7f12273d6c9afb1da23f,0.60630774,1,1,3
368588b5c5c4140f39ea8b9a8ceb3d1af0708804,0.4506466,0,1,3
30ee10d2740fe1f28595989c6b21f22b75a147fc,0.65089303,1,1,3
af9fd052d1c208f191fbdf85873f965552465598,0.67927724,1,1,3
0a711ebcec7d32b66ab3c90b2a1f48681201e557,0.7146854,1,1,3
a4acf53336a482f50335d33b4f650a70c9243b7b,0.6744262,1,1,3
c26fa78817f30cc3eb91165b783e07fb80d80f59,0.6122971,1,1,3
944291b748bcfec4e2f3c17623884db7a17b9f21,0.605273,1,1,3
c44f982e89b63a97190638cd12bd8bee2bafb883,0.60322905,1,1,3
fb46b941f7763314d667c437c06b1675e61c3d38,0.5091299,1,1,3
e9928c94ce1385ec72028336417f19f30ac38ac0,0.60540843,1,1,3
d4021487539b0f7758ec644f2e0d83df95c66bba,0.13622089,0,0,3
ac62c1c29f319a97a2552c39f32c8e6acd70c9e1,0.07883168,0,0,3
dc08bb8ea6cdf01188f6699559e779e6cc296287,0.71796954,1,0,3
82b8ecc3275d7c3578a6531ac3f1da3ffada9dcc,0.08265092,0,0,3
36ce032b612fc0a1156d28bca7327e06337c8815,0.5061214,1,0,3
2f22533ef41533e2b839a6b41b262dca59e6dbf9,0.6195712,1,0,3
39a3cd0f4210dbec1ae8ef39a87d34b76eac91a3,0.070098706,0,0,3
1f470253c46471033048383c027192e757480492,0.3635719,0,0,3
9c40a7bb3c9aca51d17490960c988dfb7b5acebb,0.7033301,1,0,3
7f8e952abc4d2fc4b96c97a51aa25fcf6ed8af02,0.44191778,0,0,3
bd0b5af025fab9cad8f94260138741c252f45fc8,0.33342808,0,0,3
e036d60d8a210d5ac28b2e5c51a45ceb82b58f09,0.52264094,1,0,3
626014eaf093fc2e3b53f5ad00c425bc209e1428,0.40441674,0,0,3
5c85b8dda5f3047732a17b818256b9289274d071,0.08214899,0,0,3
ea402becca436dc1a8e47ac9385a3db475b49355,0.16546468,0,0,3
255f10834a67cf13518316de0e2c8a345677ebbf,0.6389888,1,0,3
044de16c14076019f87763b7b58c45664ee57c11,0.32768625,0,0,3
e54ca615f213f5db6d34d9163c97eec98920d7a7,0.5460964,1,0,3
07a42d3ffd034e467e49b5c449d4f5f81c471cc5,0.19103512,0,0,3
e6da0f682436e1387ad68e86edf7418c0f7cb368,0.3749946,0,0,3
59ec4f018963eb55e32fafc2b924826c39c09682,0.65915656,1,0,3
ece4b70cce24b89483236b4cff079c10597d680a,0.48050454,0,0,3
09d28fe7995db1a4da2c651d362007d2082c663c,0.54105365,1,0,3
98c27699cbcf65c3d9d655ecbcd67adcd8b45b05,0.3487584,0,0,3
71cff7c5940b7101ff098601850d46b7a4698180,0.06440617,0,0,3
89e0607cf6470dda1a6a47b46abf37468df4e50f,0.169215,0,0,3
6fb60857be1fed21bdacc4ce830bbf99103b6fdd,0.092480905,0,0,3
3634821fa515365618209f0452443728e7290fca,0.17291176,0,0,3
2fd62ee4d524c270764e9b91dca72e5cf1a005b7,0.111980915,0,0,3
a703ee75c40e0207f6831c4d48e1c7e62f160305,0.050058514,0,0,3
fd7cfed070c2aab60521afb7dcc633a0b7abea80,0.44367266,0,0,3
1de41ef4baeee1c95e245837299f8be265294445,0.53617483,1,0,3
9491d7a61681f7acc7103a6d1d45efe96f7981d2,0.56080735,1,0,3
2d3203b10cc8edf71a6e3e0822f0d742c9516aa3,0.5460494,1,0,3
d55a572e5867832f6d5755fcd46101da51a38aa4,0.47833216,0,0,3
170cfa758547b4d9be50058ad93cf60ce0da5564,0.33800954,0,0,3
3783ca4476fec8186c867e4e57084e649c318c6b,0.14382291,0,0,3
4d996d1bac1bb1886cd9c473ba00e53e3c19cf3e,0.5229796,1,0,3
445cb9dc2f07553f8e1e5f7c1150f00fbb05c63f,0.45595554,0,0,3
ad80bfe559e7380fedd7998daea5f27393ab643b,0.46936566,0,0,3
3d2d4fd1588c8eb3f67f34d75b66967d0c7b06b6,0.08932057,0,0,3
d54fad867da7f762ac4c0d947adffdc1f8f356f1,0.22955148,0,0,3
12bbaf3550d56bc945b50f538b5f18af93bd316a,0.056460332,0,0,3
150c578edb161bdb2e8c039f0914984f570ef8f0,0.63028604,1,1,3
af977adc43a071a09652fea4ce3deba2d5b8d171,0.6237212,1,1,3
e021734b62ea5ac273e516b4ac83727cbb99ec08,0.58933413,1,1,3
b635beb6efc07a97c143775c78a32d42b3b73c8e,0.49808913,0,1,3
3fd2492fcce073f0c36e4d7e23e34881557e6e5e,0.51495177,1,1,3
a918c493296c88da94b36600213c7c188f2589b4,0.31058013,0,0,3
9181e1d536bafedcb3587ca30e5b6e2d66f06bf0,0.46170112,0,0,3
cc8bdf1d13639d12d02170d40cc4890180bbabc5,0.60109466,1,0,3
33ee5497490cbc97f3eabe9ef7a6391e4dbee8bc,0.45788,0,0,3
dc61e510126aaa1a95a46fe39bf1529f394147e9,0.17923768,0,0,3
d320a457a9de67be25a03f79e1695d549a0145f3,0.61078525,1,0,3
94ae6c84d22ed33e158b3cc822ca4a0484c829c9,0.4551936,0,0,3
e9e36cdc44a68662885e35773187cca00d20239e,0.22035643,0,0,3
7d4041d827aed7d9f3eb14310b824a2faa96b8b4,0.10763252,0,0,3
6f5f99440e7117ee3bb6407e06745fff14bb2a4d,0.4605283,0,0,3
3eb4be60cf00c20e46b75fb72366dd0649700c2f,0.54809046,1,0,3
edbd9842cfca892b10c2e9c8da0384fe005cd67a,0.49410748,0,0,3
bc8e23808b9d8d0c9b67270ef35d04ebd9d89cc8,0.06701795,0,0,3
635e41ea181c5fee8860a7044c84ae3557b51189,0.55519044,1,0,3
c4ddbe6456c9631c301171098a8ac016eb4e582c,0.30472547,0,1,3
63f1d6b83bc10a2880f5ec17a172fab284d2eff5,0.67964137,1,1,3
10e18ae9b47dfe04573884739823d64825105694,0.7107696,1,1,3
d3252a5ca5571e0a97e9a31966ec6b847a3a8574,0.115124896,0,0,3
86c76dd5ea04d1881a52d79113d6dbb1d57c38a6,0.08267966,0,0,3
73a8fba6fb23af45ee77f52f33bb8d791a9caa05,0.29321623,0,0,3
e8db7237a9c347d2225fce9b49ff92bb741adffa,0.06348121,0,0,3
7af67bdd16a4f103bbe6334c5a865436c900adfe,0.7571558,1,0,3
71d7c3264239c55b6e2daf89c44c5685085f26dd,0.37562332,0,0,3
958029bdd45c3e341eb146031ed38b4487d7b0b7,0.28555194,0,0,3
5556026ed1dc17e70946a4a030842ade3a33baeb,0.41465333,0,0,3
3c92830ec51fb6b6e9a7ca2fb8fda324cd33e48a,0.5450969,1,0,3
0fe9685c8a78ba2d780a3ec1e1a323990dc6d218,0.3763404,0,0,3
bd7788b384a87024ddd6bbe6a9bd9a167cf2ec12,0.5973851,1,0,3
dfecbe970917754511a081f8b86efac211e624f6,0.077218324,0,0,3
ef51b068aef14fa347710497cfb67aa9c6e65c0d,0.12801415,0,0,3
173c162a45b4be6fcbf7a30c44d1953062a25086,0.5176835,1,0,3
c4c03a33c8b8b94eaf75d368473bdd10a21cd0df,0.5355023,1,0,3
2fefdc7dc3c9afbbe534ff69db5a754be0716b11,0.122417696,0,0,3
f525bc3ccd9cfb69603bd9778998263a458415d0,0.45683804,0,0,3
9072a7615a54d5e753cf088326d9e14f1a5a6751,0.08054439,0,0,3
11491d355da8a851d6badb6348b10d8c4acc9d8e,0.09356915,0,0,3
2bc2ffde1f4752e7a8c7ea0a51c559faae194786,0.5448542,1,0,3
35f1cc00274122c0274b522d0b544a06faaba931,0.71217394,1,0,3
98817e88f04cc6757c42ae52d653b63cb85af486,0.67742085,1,0,3
83775c432382b9c0367362491d0dc515bf0e131c,0.17989674,0,0,3
a498b87dbcaa0a61c6088d7156258a3cb06638cb,0.5764646,1,0,3
34558845e3777afdc1bf90ebbcb2017ca17aea86,0.43946066,0,0,3
59985b43f0868d9a4a588d9ca1debd03108f8cd9,0.75192654,1,0,3
8ea1aa1e7cc427c28a89878fd2dfcb110c992b20,0.6569819,1,0,3
d4c7f63054e584b69024664bc2f221faf9863519,0.6008378,1,0,3
20c733229df741e57b8ac205788ece2d563b2f3d,0.6354051,1,0,3
3051264e1bc1d41a29c9dae7935c090568f64af4,0.5976928,1,1,3
db0f2304bd7c3ced65cbdfe9e17e80fe0774c13c,0.565408,1,1,3
2f67045b9647de10ea5d01d8d1e98ac7de3e1cfb,0.7478179,1,1,3
7ef106b23772995e4307f84afd1bee4e2337ce0c,0.70713985,1,1,3
71f6746f81bb9650f6f228ea204d85ba2c5b7392,0.76890385,1,1,3
2ed96f00f724c3331d6b56b6b5650b9632f43954,0.2344235,0,0,3
3720683699bb830a4aae6fb66a78ce7079ad2c56,0.6114973,1,0,3
df37e605fe4b027406bd9dd85b320526ab12a122,0.30381423,0,0,3
4ad74f449258781e9df189413423ffd6ad95c526,0.105438225,0,0,3
d81ea83a0eb1761bb4e90a91f3b70f23f88a7d2a,0.8236053,1,0,3
e2c0ea4374c02539ad9bc6c4328b74f25eb72405,0.10338342,0,0,3
cf42ae522e12e9b412e1a1f008ea73cfd86a5979,0.103838176,0,0,3
fb7335ab163588fe6ee67ef26d3b3edad5cf4bd5,0.11904627,0,0,3
e580d35e1a07431109a5835411142bd1c1c2b3b7,0.3855863,0,0,3
ea60fbe0633082a131bbb18de94fa60a04eddcc4,0.5377059,1,0,3
90e31fd93fdcaedadcd4b030fbc20f7375672def,0.5799577,1,0,3
52adf52e4669b54399fa50f2624826c06a19cb7e,0.71872705,1,0,3
71e515ab6d2007d34d96df5604f74c6fba92c0d7,0.6200631,1,0,3
6d23e85570fe1139cf5ef3bc9b4e57ea73680b6e,0.2661065,0,0,3
cb83f7cb31e50f265e098c5380b3f0051e257f46,0.16068828,0,0,3
2584b4a0ef536e59bf28ba140844597a093d848d,0.5646129,1,0,3
cac520971206093d32bf17925f880bd06d93f736,0.065190084,0,0,3
6a99050166c945a226d5f8275ce4a9dca3518285,0.75003946,1,0,3
6dbb48c8e685f65f45ad5df9f7684bed910036c8,0.6719701,1,0,3
260e0e0cd21af7b03ab0dae33b4978233db67773,0.6592276,1,0,3
b5749b4f54b30c0c2050e456c12cfcf516434f13,0.06512338,0,0,3
07ec8ad2dd862c8669b2557b995ec5180663d73f,0.46913612,0,0,3
28656559d2fc67193a84d5cbc48d378b2016f74a,0.14200966,0,0,3
0add1e8975336c65513b26123d48b221e2515ddc,0.6936276,1,0,3
8e7ea70a33ecb8db5207849ea6371b4a5a8ffd26,0.77729034,1,0,3
6f653f6bb82757963a87d725808c080109e7e3e8,0.6617818,1,0,3
1974c83561d09cf73a575f992fbd8416e3354d20,0.5725211,1,0,3
37c20df721522b175bc9df3f06a361297010df5e,0.5533963,1,0,3
061450a927ba1cc65f7b984f4ff41866ec2eceac,0.41627342,0,0,3
60b32953a968e5623f82a6b27d6c679bc17c48e5,0.20586361,0,0,3
f175a241c811d2d0843026b2dde5c3ae308cfb95,0.11673677,0,0,3
ea1a69d638d97d5ffc451b32d240479357e02b0a,0.18241018,0,0,3
cae70c10b4451ee3b919764f72dc4a4caf0f6f27,0.34656963,0,0,3
c0c7112dcdeb75b521d55cd47d0c61be66b0499e,0.3474871,0,0,3
8d0214a7417addf790713440f10855dc279876fa,0.5711893,1,0,3
e2ec4f2fdb2bb8d97f64a33e9ac288d52854a530,0.44745314,0,0,3
fc73151cfca36ea2641f340700dbe339b9e1f103,0.5763546,1,0,3
dfc9888860bf192cedde21e5e843bc3caad4b74b,0.28107157,0,0,3
5f9e0851da9e74c12e04f5a62cb7aeb1a8ab7589,0.05086017,0,0,3
7d5a61ed64315bd6570c5cb55c1f53853a3fffa5,0.1086398,0,0,3
82152f41ac8a727c2f0042bd555452dc2dda11b1,0.1097344,0,0,3
6e710a1f78a4a733020a4b2d1f07b6fe4c6684f0,0.79059744,1,1,1
951b253fc38c09114d0fe273a3758a15c151a8b4,0.8174124,1,1,1
f3539c7eb312b127122084279002d3fd238c9a17,0.7078076,1,1,1
7aa5ba380ef6aea0f2f594873b4c7378adab0f18,0.57203746,1,1,1
def1380280b9be6d166d3938ea4b0254e9b55dc9,0.78205115,1,1,1
cc06ae9bf7a1fb6cee46c40d2a6388ac05d3f5d1,0.71710557,1,1,1
7972f1ac1b85a5174c9f293ad98abc87edfe42e6,0.17017631,0,1,1
bd1c4ff86fa21358949e925274f5b8146f5d02cd,0.73498136,1,0,1
be2aa80bc371d600ab2230c545051ea6454577f5,0.10428408,0,0,1
68b033741b02c3ae54d649e858790732bc5c2d27,0.7320163,1,0,1
4f5d25205a9cec988de300a452d641a155406b79,0.3266144,0,0,1
d1e97bc85338c563f4f732bcf917a08b3cbf4792,0.70235604,1,0,1
d40c01673e866c3c3b5b51bce66e9518924cc31c,0.1162472,0,0,1
5f7d5690a97b2ad95bbe381695638f0c7ca2c4ff,0.0931192,0,0,1
8d340a008767c5d954b7539e825b4c90eb15ab9b,0.5954042,1,0,1
84e490b66f61e11366b62efc42e64b60ae7db35b,0.11531245,0,0,1
fc939bf6838f4bf986e0b42fddee3df6712371a5,0.09777423,0,0,1
5c798eb50aec6040f415b6def1912d4345f8310d,0.121440984,0,0,1
d1758567765117cd395ea47319d3acde7fc663b1,0.64559317,1,0,1
517b8beb06f63301629f0ec3f58f6b667061d3fd,0.6638303,1,0,1
5c715cd84d600c0df0215846efaece2ab4673546,0.69046694,1,0,1
dff4cea14174548f52d6fcc66c9bfd7a339b7336,0.16340318,0,0,1
02ae34d1d3f3c9f9c25160cb14c119958f25af13,0.7587912,1,0,1
8e0e1c32ff1ed1da4f09fc9917812e6457e6fef7,0.73771054,1,0,1
18c5b2536c114c86b810bb3ee94474fec596a462,0.5500122,1,0,1
c6e4d8c9f534d3e70e79bf718e40724d56186109,0.09708715,0,0,1
5b5ecff53b50a67179f6245bf60047c59f027e26,0.31818634,0,0,1
46dcd98ceb70720f96d4cfa23b001ff108bdaebe,0.4353784,0,0,1
dcbfc80c4a14b91194fc8b74760b079cc0a4ce42,0.67237365,1,0,1
23492711d234f2fa647bac46997e361bcf985423,0.7521899,1,0,1
f10279a29d47d389a31da907695673a992555adc,0.120277695,0,0,1
8d5925b52b48b4c69934ea5c48aa298a2ec74e84,0.16074939,0,0,1
a30aafa016409048747fe9730d6f7892eb12d7c5,0.13225469,0,0,1
a3611513fc4de7234ef49ae46d646b0795ac7110,0.21172622,0,0,1
d0eb1d1dd1d9aed27c433d78a76962340fcbfc1d,0.7811791,1,0,1
1ae9dfaf45e0a51ee7d604551f7e1932d1787975,0.73161006,1,0,1
1c2d56e8a91b0f64317a9e02cfd4b45b03d3019d,0.8581661,1,1,1
2cd92aa6e3f44df6b0552a28b83022a7f92f8946,0.70046175,1,1,1
79ad715f02e02af76da0c6e47c164a80768a01ab,0.8424945,1,1,1
e5b948a1687270192753993c998d61c7a91faf49,0.58921957,1,1,1
b81a48d78dd9be1c3eae57cece4c88df92c30247,0.64493513,1,1,1
0b873b95a840f8cfdb51f4ceea3b524d46d20715,0.30235812,0,1,1
e350a38760c93e373562d6a3e906df5904250146,0.81940407,1,1,1
660431cf4f7e2bda887a0e35ad3a76bdccc14110,0.16638523,0,0,1
f65e9aa63f8f266023a986507834585a9580c555,0.30491737,0,0,1
535cbcd9f20b29b3c5a5d69f654cde57969b3788,0.28845987,0,0,1
2d650f890ff1409f2944bc56cdc4b518b35e06f5,0.08445051,0,0,1
1c4f7bde1c8f7d8c0e09484daa626fa4f40e38e6,0.5969388,1,0,1
b9a22fb6f6f460287993d3cf087ae5ff036a6c21,0.09266556,0,0,1
14d6a09601b68f60e6b18142b597a6890e5d581b,0.117850184,0,0,1
54fdc54dd24c9ece2bfc32ca12e88545ec923a96,0.48549938,0,0,1
0ff7c091143e8326eb88dabce078ca76778a587b,0.7087175,1,0,1
32ed6601f216dd1300876719cce837bfa9824e26,0.5322609,1,0,1
7df11e15457e8d8bf4e5730d20ec2412c429e091,0.16103525,0,0,1
15f7f84678a24533e42f2fde230c5f68d1b33035,0.11109291,0,0,1
2499f70cabfc8d17f2c6de124a81fc0940a70fa9,0.5040563,1,0,1
6526a5e83c1fb9644da34e44fdc5a3bb8a357c84,0.75034684,1,1,1
5904d90ade8663f5552b51036740352a9b796892,0.5232006,1,0,1
fdb75911387f77912c37dcee0af4a2f2e0977f3c,0.14114411,0,0,1
538a97b115ba4ea44c57898ac7c4fbb77fe0e9b7,0.09005096,0,0,1
fa0478f4f6fb724233dc3e00a9f8dc557ce7cdbf,0.07755703,0,0,1
ec81d7ca5100fd97fe8428db02a2cdde967ac87d,0.26798567,0,0,1
81c40b9820625d3f529b116baf6b4a3d45dd2f75,0.737648,1,0,1
2b085ae34295d5ae1d7eaea5a55a2df220bf1bed,0.15028675,0,0,1
d6a354e203e4901d3eb6a36b3aba620fdb222da7,0.086003885,0,0,1
37787b96ab21fc226ff267aa26ae58a58b2d20f8,0.45539692,0,0,1
f2f704eabee027175b0c1eaf934c08e7721a9b24,0.09079981,0,0,1
e1fc87d2d57c2d7ee941e651f33b582fb000dd73,0.45570293,0,0,1
fa8f024d082998c7ae48b21f3eb6f8f2ca56a719,0.6174573,1,0,1
6bce493e47fdac9e64a9ae1cb3c358f31975a43a,0.63334006,1,0,1
9daac904cbc627e4a43e72f72159c552b25caf74,0.13747665,0,0,1
658d5a97c708a926b0425585f9437a0c1fc2b81c,0.5519348,1,0,1
db695fe90b181948f271e4970ec83d4de9348577,0.74418783,1,0,1
9c06ff87decab7357d44d8766f6a277ff887d921,0.40699488,0,0,1
198d448ceab2bc061d18a1a689056bd2b96b76c5,0.17677511,0,0,1
46b15af8c5fbfb026be350ae16eca89fcdc87aac,0.12835026,0,0,1
b7e86cdd772cc47a031d187b79d075af8155c2e0,0.060669195,0,0,1
198e589e62f687a91d4c27057ebad918e9f9bf3f,0.09405871,0,0,1
fa510146c09a498e25e590ef5cc558074337fc4f,0.5954295,1,1,1
badca06dd1c70207215c7186a31955901b637661,0.35149816,0,1,1
91ac1574aae31a29baf883d2cf45e4e1f5aa9bbf,0.45448157,0,1,1
82ca28e2ec8fe9771f01b5aab3386311ecab80df,0.5846827,1,1,1
9f8120beb6b351608652002e057f97f8f6c0dfc3,0.5704327,1,1,1
c66b23747627a2b432e0068561d457cab9f97ead,0.5387759,1,1,1
a6a5e3033d424468cbd3a6af051aabf3b5bd4d00,0.52534527,1,1,1
2902a9a3c07e881dd7aeae0a55189facfab1966c,0.690729,1,1,1
fe487b3336f8279d8b74eff05c5ebfe6e01281f0,0.5935706,1,1,1
3076802a78f14eb1b4f23831d5a1ccec79b26554,0.73812515,1,1,1
5063d256221e7fe8a8c433401bea988d7ccb0a35,0.6685084,1,1,1
a6b9ca3f71d44dbe2562e13d63e4b30fcaccdf50,0.5024884,1,0,1
81fec3193ad12a0f78eb021c4a1548484595860b,0.4969067,0,0,1
902a680951f318488a4bbe0184a3a223c5709b01,0.125971,0,0,1
b84f786db6d85cbf9973adfccdf135cb71824b87,0.4556707,0,0,1
a2b5c7a9aa0b5f617502bf6003d43913d507a11f,0.4314932,0,1,1
571725cb7bcf091b5457f1e2a857aa51e8a70f7e,0.67189026,1,1,1
10118c9c1b00d31868d6ab43e8171e3c16efdcfc,0.3977491,0,0,1
ee94e6d82370b6b6086cae2693dc2fe31388fb64,0.50715214,1,0,1
dc58a824466ed492fc6d5ab11960eb86584eff26,0.08288983,0,0,1
56c04300e8f05bdaccc2ec60fc751c09d86b7b68,0.13344799,0,0,1
03542311e2a461f0324ec700e98e78b5540bcff8,0.08632539,0,0,1
4746531428aaf9e3ae7d505b5a203350d138ea41,0.1053509,0,0,1
05b14fd01e43ab8a385bcfb53102a270ef2d9375,0.07077266,0,0,1
77868bf772a03d61701bc0d32dfafea63a0382c2,0.07194341,0,0,1
83fcd3e1e220b9f3aacc63aeb4da0a898684dd0b,0.09451287,0,0,1
dcde20001063fc25f622e4b1c7775f735a7255f0,0.12511507,0,0,1
82bd5be8735c01a767fc3ebc3eb92369ac68302d,0.08483256,0,0,1
e1188f368087ba4bcfada44d645e4f8661d7f9b2,0.11032765,0,0,1
2c03505da053d07cd3f729692738912bdfc2a5b7,0.4899486,0,0,1
3fd058c02a1f8881110409be33ad56d3af6386f6,0.6378399,1,0,1
bb3ddfe426cf4ff5390f742d35bdba02a4ce7624,0.77133775,1,1,1
09b1a632c17b34650d2bcf748be14690c9882e52,0.42892244,0,0,1
539e1ee1d68c27defd0aaad09a1a0b68e059de96,0.74101406,1,0,1
da69323b29fe8e373364b9399bc67523dcf2af62,0.11096603,0,0,1
c1ad21bf966d01dc5cceca82f102c0f7843d5617,0.541777,1,0,1
efa756288e712849c78c4230df05c2d1abeba91e,0.3102188,0,0,1
2f757454dc41f4d130234aea68b348da4f12a0fa,0.53081644,1,0,1
24b5e00be753889e4907473ce57271acb290cb67,0.42946908,0,0,1
7f293a06a0b7ec9b554d51f150991efa9b7dd54e,0.09150474,0,0,1
95a524ea06e546330ec3d95b9c139b7edc599b86,0.62727565,1,0,1
314dfa80d4e815ba3c689cd3ad0d508209665bf6,0.100731954,0,0,1
c07d659cf8f7b16452472da6052a1de326bcb6a4,0.20065269,0,0,1
545536e34f180edd32fbb21b0a5613e6407f0980,0.19206265,0,0,1
225afb8bad88c9bbb70b24d9ac3c28fb21f39465,0.6802368,1,0,1
041e9565ab8b187ad0b88780a5fc0a5ea24f29a1,0.50136805,1,0,1
c4828bfd09ea8c579fa8840cd77733c64b8ebb39,0.3256517,0,0,1
dcaacf4cae54fe199055830f097d4ed504b3238c,0.08203733,0,0,1
6f22f4b49c2a3a59840d28e6cbe0c37a56ab1f90,0.7186317,1,0,1
41fefde64401d2173ff019a896c4dd72b4fa5636,0.64904207,1,0,1
080e96a6cdea2f5fe8727b8249044b89bc54395d,0.47926554,0,0,1
497147e3e6ba0a50c32817e14985ca5bf1041f9d,0.69507647,1,0,1
40708bdf04dae6aa49bf8f3617f2efc16c83c5f8,0.5305169,1,0,1
84ad767a87c69a265e9105c51efdd87ee57b8635,0.5399161,1,0,1
f0e8d41fc8cc746ba9b66b72646db6bd8b25c6fc,0.7324138,1,0,1
df5930892d9c6eda392b96bdae2e7afd342f7866,0.70269877,1,1,1
0cdcb1fd8df9e9185cd3abb128d927d25d7de8b5,0.6536264,1,1,1
cf15c51722dd4b406876dce1ccd52eea787d84b7,0.5989445,1,1,1
b691f81b482175665b45cabc056e58ab0df03ff8,0.544132,1,1,1
fc8ef4d22c95b13b907ed14b19cea8ff5fd1e653,0.4191406,0,0,1
8054f746bbd6191f5a297cf6f7f26f9fefaba307,0.6589653,1,0,1
fa21d6f7e70f057c42d4af9c40ed47d3d841e5b6,0.67279977,1,0,1
bac647543497f0aa2a9f92fe726e1eb18631b4cc,0.5156196,1,0,1
cc6ace18900eb92606b6a312cb1ac5c4ab5f435e,0.6943674,1,1,1
c947676916c99f2feb5e183aef9629a1b21d863f,0.68438554,1,0,1
1f3dd9ff8a4f8302eb4c0bf4072d2bb7d8aeddd9,0.2686754,0,0,1
ca7f64f016d8354aecd38ef73405e1b3267ca791,0.7409957,1,1,1
06005610265c342b52051b997a43ad6e963c5a0f,0.7765166,1,1,1
4a8068579ea5bf1e637f8bed09a203508abde315,0.80306435,1,1,1
30c217ec400b9175e9490807748ec3e48fe2ba22,0.8244054,1,1,1
d80acb29c04a8e92a3ddbc539b0be8a521098870,0.75342333,1,1,1
e43138b0b5f0912cb358c0e73eb6247b273eba75,0.6278491,1,1,1
1b84f2ee7a41e8ab12faa73130187763ee5858ea,0.121494524,0,0,1
4b5ef21ed6104befc80e1dd501f964e7ca6f1ce6,0.13403253,0,0,1
c6c1971ca1fb5054a0847b0884488165606bd703,0.28544506,0,0,1
68e0a9c71443738b1842e99925d37bf545f5a151,0.71785295,1,1,1
7ebc8107a22038c06c0b0ff095f9f73d854e1422,0.5087263,1,0,1
9003b5b5aa4465e84c934819f45c1ab4365dc51c,0.3174685,0,0,1
4b8647bf6ce2b478e6bc90d0158ce81939a14378,0.12085133,0,0,1
2d1614a2077eab0b981d4a0c4c6e10a7ecda71cf,0.6655027,1,0,1
3631295c437c5b8915afc7b2b259496eb2d5d782,0.13600327,0,0,1
b12610d35e7798c66fc1d9b0811d10aadb87569d,0.09507153,0,0,1
f3a785108f853e327001dcd435e92525d7fba96c,0.4971251,0,0,1
881a4ee8db1e1826b749579d2284ace982c953ca,0.09041849,0,0,1
e91d0f0510ee8d69c76ee89b4e57341418866c6b,0.31726834,0,0,1
8f7c59ce888a687a6c9089caf0c5469984a073b4,0.5859574,1,0,1
3c644cf87ec8c0e6313b3a10b6cfd66279b8093f,0.8093207,1,1,1
fb7e1e265dd9e560b3a3127a6593b6602f60026c,0.8425538,1,1,1
1c9c43c1d4bb76d7e47cdfc9c6681a38305a95e4,0.7932073,1,1,1
18f181ada7826542725fa4a9460307d606695b5d,0.71262276,1,1,1
bb7e8951cb6ef08ca9df5fc036217c3a45c4d33c,0.07685055,0,0,1
e280c8636792c5426e54868d464c9d28287a98fb,0.18471722,0,0,1
54a7796ff234a9cbd2c66f8b1e5621f0898402f1,0.7357757,1,0,1
8e5867eda8328e4cb2e103d098d0c9f3c2fab50e,0.7364459,1,0,1
e42da5d9d21438c220768464b6a1f5b36bad92a5,0.17474131,0,0,1
c823ac5673e9da094a3b24b99987a533c548dac4,0.0932155,0,0,1
7573e9eec065ac1ccc2134aa751a191da3ca3dff,0.3662371,0,0,1
1cdc902f3d7cf877b4db7a31f19eb1dfd2fade3e,0.6601279,1,0,1
e9ea52189a92f7e2ab051e4d75c4e0c872034b18,0.47451058,0,0,1
ab0a2f761f4529daa0a1e7128ffb8ae417a0104d,0.6768974,1,0,1
7ebbaea90e8002f5542e22bbe92075ffb5383d2a,0.7565784,1,0,1
721730b00b1dc2ea616a3e7958e4ad15134de975,0.43444744,0,0,1
05aae985d9d0e26cf278cdd6f69672ebe3f8ed92,0.52695197,1,0,1
f7222ca6c3b6c1018a52fd649029394e6608f1db,0.6706929,1,0,1
b285f17023da248bdcb3093283e4b9e930bdd09c,0.7210674,1,0,1
af858a6ca224946195b1923a780678b20cb99603,0.29188022,0,0,1
fa027a4685bacd9e32b3bc7d875717b4457f6829,0.68346524,1,1,1
edf56632b8a5413f5e0adfe2d1b65e595b88a1d0,0.7897262,1,1,1
58693fbcb3236a9adb0f47088d88ee3ef7178cb4,0.85227174,1,1,1
91291520cfd5f6c2c91fc242018860c5d1d277e4,0.7291115,1,1,1
7bbba6995a12412cd7cbe1ca693057c5299ab4cb,0.82110023,1,1,1
ea030e732e3556a2a4fa51bcaabc080927ddfa48,0.7836005,1,1,1
310008f48c0a830138d35b3024106560d55b6bd2,0.80478585,1,1,1
ca22dac3f852c7290f60c3c3a5d66fbecfba91f4,0.17505383,0,0,1
bcba29320f5f6f860335266d6be8249418ceaedb,0.23341073,0,0,1
9dc30fddc109504fc80fb62e33554d54cca47faf,0.8533136,1,0,1
764f56955d499fae11db1aed6e7f0d2d0886e6f9,0.5248674,1,0,1
2933e5773b1d64a9348024b2a6e8dc6dc90e6590,0.77737194,1,0,1
0fa8bcc008b6a011d6fe41e64ea4379d0b57f20b,0.39083004,0,0,1
7897aa6a83a5e63da487e72c2735fb042259f6e4,0.2259173,0,0,1
3b501993588d27d91ad526a436e3a10ecc8d6e8b,0.27502322,0,0,1
b353d07bcca9fb62ac387d69d3e99004e27f14c0,0.7487449,1,0,1
6b43922648fe2dfcb4cb1aaaf5d795f00a6aa174,0.6061392,1,0,1
b268dfbb824ef307862e489aef7e71bba4cdcac5,0.7452741,1,0,1
b957ee1646d893fd946a8b9a53c779957ae7a240,0.14707045,0,0,1
996c0c164a083c3dc2fbf2768750e3b3a81d77e0,0.6455587,1,0,1
12ddf37f23cd77903729b3e611ffae10e96ded47,0.08376426,0,0,1
7e6304ce63da6c6341cb072abfd08caf0456328e,0.6513027,1,0,1
b9b73fbef5c0f18aaef22ef60442518d7f23ec83,0.3429448,0,0,1
675d4c8fc848ec5438e48deb2e8218b6f0078814,0.74170005,1,1,1
dc666f419e691e6a04342bdd9cf2e899455a8738,0.82414746,1,1,1
9bab875f03ffea0aacd1d92fbbecc96d491c1201,0.6125812,1,0,1
8d3d915dbd0ccf716f0d15b6b2396cff214d9cd3,0.73397017,1,0,1
326beb22c6aa872cbc0ad3706cfbe706bf9eab41,0.19928034,0,0,1
ad882055edb50369bd174ae56a372838aa89cdae,0.57708645,1,0,1
a7363a2ae67b585790896de45f57154474480fc9,0.65878755,1,1,1
2bc9e7ea86a8cc1c3b2436c46115c87080228004,0.6597549,1,1,1
76f154179b8dc6940355d7fe7db468314ca39e84,0.5406511,1,0,1
4080feff61e8dc1cd4af2361990c33c9f1014147,0.24181592,0,0,1
97accb47de63ee5063eda23641c6017e29ab81d7,0.113049656,0,0,1
cde43197f980538e411d851735ac7a63ddd613e1,0.5232179,1,0,1
0dec6e76fb544fa3e8bf5fd17f16314735971dd7,0.6009815,1,0,1
f820d06fc0d1204b0cb386214ffeb42ccec669ec,0.67303365,1,0,1
566c4d59a177be4b65d17540576eeb34d28d24ce,0.5657412,1,0,1
a516976947341e0e18bcc0858d85d34cd0c02cdb,0.06702571,0,0,1
7200c43dea3dbfbd9d38b937c44b6e71744b05c5,0.67085487,1,0,1
596ccd59a11ad5e9fda19ccd0f4fc714d8d3394d,0.59940696,1,0,1
301ad592142079d36f4d33f5309c103c7f4f5dfb,0.57502234,1,0,1
