commit_hash,prob,prediction_label,true_label,cluster
9a5b9ec253f145fff8fe80f602705302de1802f4,0.12227612,0,1,1
c9c4dfa594ab2901ba627d68c0fc043806ec0ab1,0.58101994,1,1,1
815b269deec60ec69f4e5e5d555afe9b98c18cb9,0.3754988,0,1,1
8ff987bd1b9ad2b00d32f8bd6594bffc27cff335,0.7161112,1,1,1
f1cbfeab32df7fa41945204568e01fb2d4c4a4b8,0.3077305,0,1,1
2b0658c59d6285547a5c6de7ac71c7cb134ce975,0.3770275,0,1,1
657db79f304679aff1f0d74a6d618ae23a3bdb54,0.6783806,1,1,1
364232f781d0cc91cd4b83012e1f49e62fa81190,0.39962614,0,1,1
83af8f89e7b7c8669520b9d46ce212665d0d1b90,0.7099586,1,1,1
10ec5a35b13963b953d3c6a9d8321dcecf11fb3f,0.7105276,1,1,1
9d4f7a03f3a02c8598751c2c93f09525aa1f1789,0.67244333,1,1,1
6ffdfbb8c97d7f70e5cb57be566f1c90e35e03ba,0.55473316,1,1,1
8a3b3b537a30b14c4ffb5eb32ffa41d5027bddad,0.79816544,1,1,1
530432ce029cdfc7ab479b0002281f0f719ae724,0.83182025,1,1,1
3ab6698b6ae590ae1ac5758d988837d89ea74b3e,0.076782614,0,1,1
5bf5366e2d5eca700d33d5882b65a5795cb3d656,0.8138914,1,1,1
e972869486f85c3424875a443eb04bda2eeb6bd3,0.62931144,1,1,1
ccf1b0aa6159ad15c07cbc75ce6b9f17ad18f9f0,0.7235463,1,1,1
780b2281d86cf89cf5dd717c1cf54bbd48783654,0.6434218,1,1,1
06c27b37ccbde70514e035a50ba0a6ee1ff94ea3,0.022128338,0,0,1
1d1c41945a50a740519131bfff4e1875de69dd6b,0.23531777,0,0,1
dd2aaccc0737eace57a949f2d7d7291bddb81ee9,0.4469654,0,0,1
bbda5de4098e0ffb884384a2fbbccae8b181742b,0.052543417,0,0,1
927ee0fc7f47c7c6ccbd72a184aaa6215d77943c,0.4607767,0,0,1
71e40d0b30fbef976da3595fef8736a4e1245466,0.3661736,0,0,1
99323ad68c5eb3f9bae4314984931acca3699521,0.058198996,0,0,1
c49a87abdb6c07a123a2234f4ec5ca3d21306d69,0.22403598,0,0,1
f781fcaf0f19766f7c9105911613f86d22b2091a,0.096556656,0,0,1
9cb610bcbc3c541a3326d6504056d5526876c4cb,0.47069368,0,0,1
dfbf61485179f5c020a4f4a5e57db61451ad3c37,0.058945026,0,0,1
3b150986e192686a30508b2690434a8b4bace9fa,0.17043212,0,0,1
001b970685ef0cb3904d2d8b0b2dfc2462eed870,0.043195326,0,0,1
66336833dbcff38eb7c26595ccc15f7260450cba,0.26182696,0,0,1
57e30900f5c023af6415ce35645ff0a5b2503e42,0.046928573,0,0,1
a83ea28f9a9c400e32a14173f6e6d4e5578da720,0.43744832,0,0,1
cb8cf1574f99fc51c9e67b9456ea4d494fd4cf29,0.033539392,0,0,1
101ce134125f513eb9bfbe86f7a7ba7262c1c5fa,0.048241135,0,0,1
a4ecf95d9a40472b7e7afa1d4839138b7fd8767c,0.031966045,0,0,1
b7ce303e349329cbee3eb45a064f0a2ce3179d0e,0.07552361,0,0,1
e1da6a8f2e717adcecfe47abadcb036725378d40,0.31565708,0,0,1
c63413182017e069393963d07570ec69f373ee1b,0.025214449,0,0,1
8bba18089a1acf29f9d2433efc229d5c851f42b1,0.26968157,0,0,1
189b6fb17acf08680f7bcdcb27ea030f5439cfdf,0.58646214,1,0,1
3ca9d81f0503ad6100612031d57322e7ac40b9b5,0.08643017,0,0,1
f295b186fd8f6c619d34a8c69c6a1307f2276779,0.032693878,0,0,1
bf90d2225e9d94ed741a19ce2200dd80c49a17b1,0.03753101,0,0,1
818af0c8d1a99b34e5bc3bb67ef6c86bbd9b113d,0.16590609,0,0,1
02c7974c113cc2a51d6741491080058470265899,0.12627982,0,0,1
686b9844bac3f741b6ba98e400a2a334ba8bb6ef,0.040627275,0,0,1
2b0c681de2a8cb1570682a8309e70d047177a7d3,0.14262289,0,0,1
027c193cf1c012cd5bae06446496136a582c180c,0.026782727,0,0,1
3e2685014a3b02938488718fbd2218d849e3fdb7,0.0193855,0,0,1
b73744b718bff5da7b22c798ceb9d58b360fb1ce,0.16043437,0,0,1
6434081874fdda9b8bbbd9c2b76818116f33f9b9,0.42275372,0,0,1
432d6f4beed5a24df71271b9b65552b6e6f4bbf5,0.43356404,0,0,1
5ff03d2416c10fd1ad6313a993adacaed232ba1f,0.17625119,0,0,1
f06bab48060d2fb4075a339b7eb01887a241d403,0.12005774,0,0,1
bddd536a9f951db0dc14930c16233de30d950e03,0.14527678,0,0,1
c75bce14266b727c0bd022929d3ee10bc3062704,0.17819954,0,0,1
1d3c845a415f1e103cfcbe319d99fb0d29597f98,0.4012285,0,0,1
11bfce381bfd0ea9fb854514460317156c3e9be2,0.5375581,1,0,1
4a10030ee78ea8da944f6d52e3c671799d73b5d2,0.06368066,0,0,1
1788d2820668df9d4cbeb73b1e28ef88a203a7ec,0.060191493,0,0,1
4fceb8eef077039b116ae6bfd4003f023ba47f50,0.11914872,0,0,1
d141f3c34d9251071f95188da50e4c57f9870bfc,0.073358394,0,0,1
2ff81900cad4eab3eb7805194cac5546ae1fa71a,0.73770297,1,0,1
139ea515194e9fb0129e28ebdab801cf2759dbdf,0.7238894,1,0,1
db36398f07586da1150cea33282e42fd07fec6af,0.4550393,0,0,1
bc6032121f27c3c7d4ace97615162546aa202dda,0.01967193,0,0,1
5166f3dd04980177e46293408d998087040d4c19,0.41467357,0,0,1
eb19eaaf33695abbdb032f8f60e121a73a33b6d4,0.44985378,0,0,1
b14ad2e30a3f6f8e3112b375a1379f5eefb09050,0.63336605,1,0,1
570a54188a2b3e909285c40b8261a9edb91a8d56,0.6213596,1,0,1
d37041ca62ea9eab6e777bffc15ddab49941217a,0.57902986,1,0,1
09e627c07fa47a256daad84fef2663a2783aa8e5,0.38280997,0,0,1
9bab385a04bab326263ebad1582da1e7d54aaa95,0.05495269,0,0,1
9a9366c785b9975d0ea208c357a3353652e6d63a,0.8134952,1,0,1
53e5e3fa8531bbb4d70523197215fd19b89c1a76,0.31033996,0,0,1
33871c3db6d870f460636f6205bc23f8d48fdd4d,0.48953927,0,0,1
6618b269933a363af1b73714df8a07832cdcc2ec,0.3458252,0,0,1
62e6242804e4167f5c476ae34acc784009a1af0f,0.12871101,0,0,1
cc116419421b8f9b53dd95c5410277c316391dae,0.17332755,0,0,1
804797c806f8c994fd28ec972109111377f58ee5,0.7679329,1,0,1
284fe0ab9d98c14a66aa32ada0c46b294f94329d,0.12404393,0,0,1
73936c0c79d32d33a2ac4ec8f05980889bb9c65b,0.14203581,0,0,1
6f6d69f572fad13bb6f4a25086e966b19753e6fd,0.026872983,0,0,1
a21b4f5c08e34a2887eccff57047b3e0acbc0ec5,0.05078056,0,0,1
740b6e34168a3cf38ba8ea88a9450babbe76393a,0.048600283,0,0,1
a0b5cdc621d55f0017fc64e9dda68ffbe98f7f92,0.55552185,1,0,1
324e8b4d43f0260b4857dafef46e8c5f349f633c,0.029620757,0,0,1
b7d3abce569b5a4bf0ae39b24c6ac9920032db01,0.044350676,0,0,1
24c27ceafb963d96d0ca8ee2fe2090510a39b400,0.084829755,0,0,1
9fbc2a346b86872c397ff891d379115abe5846cf,0.042020537,0,0,1
c5a15b2b66b6b4f018589d8f60cc7acc71861822,0.023182295,0,0,1
8e610f183caf1829337559e63a68c6a7d4f1ba05,0.103883535,0,0,1
ebf108170e9a6215176174d84313a0564ddde0c4,0.2229698,0,0,1
5f96aa323dce95467365b41077b609852ddb08aa,0.060851607,0,0,1
c17c55110b216ed3d5e0adb06734677a9cb04abd,0.062452074,0,0,1
a9cfd7ee6e576dfb8289969950199d33177dc7ce,0.26168305,0,0,1
cb9b00a64c5173fdbbc34c16648e2f643a18d622,0.025367208,0,0,1
f1984c42b64788a0737c3bd43e4da95e015c19e8,0.028077703,0,0,1
904b790c41d6ec4629921befd1c5286e482fde57,0.02530009,0,0,1
c2abe862ecb7f980260a7b44d907fa116a6bbab9,0.024077116,0,0,1
19a56adb00295d528015045cacd443ff10f7bcb2,0.027101483,0,0,1
39543151993c21cfde1b29c9a130a762339f4deb,0.03878476,0,0,1
e2ea5359798ce8dc77d4b23b0f9b4df33b37f940,0.6389797,1,0,1
ce4385a413dc822f8849678608d0bbac2defbb81,0.023751296,0,0,1
3e408074a0aa3bf06779cfa890960fd8d642d804,0.06507754,0,0,1
c11215195bed3261d88486d0ad1644080afbb97b,0.038755428,0,0,1
7048667393bc4290f381312243d13688407b9350,0.021583794,0,0,1
b188b5ccc0f1f8702313eab62a5dcc164f817200,0.039423503,0,0,1
4efd950d4dd822f3e087db9830d09cfb3fdcb541,0.02254096,0,0,1
cff6e00097bf7dd97a5404080df3bf7e95813a1d,0.032829024,0,0,1
27214015c725619e0098e227fd29816d0891d4c5,0.03422064,0,0,1
a59765cd4eb84f58af508ba5494c42b579c1dab3,0.045959182,0,0,1
f8fbfc9fdca4b5e9ba1a5608ca17e7b6feb18c3c,0.5535625,1,0,1
f1f241370145a601b6a08709df547428b6a95bdf,0.04390254,0,0,1
0733d7c2ba214415a8d2e4efba5c6e26b61d3291,0.21713486,0,0,1
d8cdd5eeffe9b63949129d09f6b0c7ad2d517e90,0.02148977,0,0,1
e2cf4811ba485b0bb29d7d80bc853666bfbfa958,0.03219535,0,0,1
580e0d1e26ab2a9275f01506f3af56fe8fc32988,0.035631176,0,0,1
45ea3f77397ee833bf6370769fce38f339f7ca2f,0.53444815,1,0,1
f74a86f4b6a6f93d3a1e10f2a4852c5898feefb3,0.67575276,1,0,1
d447459a682cdc7e06b3980a59100ea94a6a180a,0.049752787,0,0,1
3ba27e9f4a29be1922b3a19f9c6c5127f93027ab,0.034928884,0,0,1
8fb1341ad7c460286211f4f2a6be41bb5782653f,0.024592035,0,0,1
041507d3aaf718ae536f9ab66e4eeb4065cb339d,0.022347778,0,0,1
406021733baf6cdd339d7b14a413b2ffeeaae42d,0.027285328,0,0,1
32afb6a8bff7fb5c630ecf0c610ca8f5bc2f62b3,0.015087629,0,0,1
b4eb29107afb3cad68d3acadd6dccaa63ceef9a9,0.53385234,1,0,1
065a62975b1f6f9da50b2efe0c02346d30332968,0.17549792,0,0,1
99cbf0da308d532eb96094855e74e718b6ae497a,0.36356193,0,0,1
735b1b59862dc1b5f7e60549aa7c33dbcc4095b2,0.47368255,0,0,1
62d9fd2988f64afd6790626b11cb769dddc95994,0.024700368,0,0,1
60595251eec5979e14540c6d00043e24905a7404,0.029320942,0,0,1
bbbb4313846efaba9546e86052940f0a79b8948f,0.442871,0,0,1
980366284db98e0515dc5e827aaf4f750699bc80,0.025538381,0,0,1
6c2dbf2885fb4602b8e42bd208ebef66df23329b,0.033700433,0,0,1
6f80a89705d84dd74da902d512ca4682aed07a57,0.07441329,0,0,1
3df659b9bfb02084e782f1e8b6ec716f56e0611c,0.03401817,0,0,1
ca9a1d943d4cde23fe36d0c557ddb4110bad0260,0.6748633,1,0,1
cb6ee2cbdeadad5d277a6e7293d88bb915090c4f,0.027632777,0,0,1
d372ad1de8212901641ba4bf896188c58be1b017,0.17605539,0,0,1
108fa9a93c2cd126a138f8813390e197d0a3584e,0.24790365,0,0,1
c0880fb689ce188c7616de65a63444c8595a0549,0.016265204,0,0,1
a00624cf27791193be74a610723a9a0b0980d23f,0.032858044,0,0,1
08b2c429e8cd65205a9776a7b9d033bb60c420c6,0.033763282,0,0,1
aae0f29972d6323ad51ef18cdbc84d643a4739d8,0.15785636,0,0,1
1713b4497a8a2aee1c1272e3a95703914f96b716,0.01887117,0,0,1
911d59f46d0dce2e07a93dc0ff705154f568b7ba,0.3394748,0,0,1
560c484387eea32a00afc1de8ef96a81ce304ef3,0.10947196,0,0,1
226612f48bb40eb55ef5814ab9ee995fe9b30f71,0.1601629,0,0,1
d378c0656ff2374a867abe0383aa841275a47d8d,0.03697508,0,0,1
1aa543286acbcb3c23aebaba003fa024a54aabb2,0.20234914,0,0,1
f418eed3089d74caa11affaf947a40b774e9c8cb,0.65850323,1,0,1
a13691b5be40d31099d39f7c8f3ee9970ebc20fa,0.039267845,0,0,1
1484f1d637b4d33490d15a905d8d736de850e9b5,0.4385789,0,0,1
cc173c2e4d47d6ee49b4b6050a0fea779d691429,0.06548956,0,0,1
ac1e0fd303361803d2ceb789d568e7b43ba25e9d,0.2696009,0,0,1
15ac7bd178a0f06e7a1fa18a85d3dee631bc7fc9,0.40471655,0,0,1
3e66f1b6c4efc96421d43ff3dfa00686e72e6d8a,0.056417696,0,0,1
c2097051c11479284f73485da46d02ba15e241a3,0.5881148,1,0,1
56321aab51a470cd2004b76fb1f5330881b943c1,0.11155571,0,0,1
b5b6d5c27443e1837b80b089206aad480852cd1c,0.056321487,0,0,1
0201285c0e7f3c263de80f3b992079dc57418e13,0.544213,1,0,1
5a0f9cafc024c691de224f676c574c00fd56e8b1,0.4792838,0,0,1
08e163ca5f07db9ad9460a686b7e5085b12d9128,0.024788339,0,0,1
93aa3aae172ac0206f60d08c6877c565b343e386,0.05499255,0,0,1
db12fcb723b504ebaf8c30ef72121917e67e987f,0.01583844,0,0,1
c5b8162aea8cec2204983d85f544782fe87f9336,0.14406076,0,0,1
05a916ef1726e4487e5aefaec1c170a3ee763895,0.030674368,0,0,1
3e8b8aa06bb7742cd1643fad72d7739cda400010,0.068188734,0,0,1
a1db4c96f62eef05fff532b59300edeff3ef21f5,0.032228187,0,0,1
5321c7ff2ed082524bc319e44f0aedf7ed8960cf,0.16532162,0,0,1
e7ce3bf49bbdc7b81ba229736c9017bbc57029bf,0.10757358,0,0,1
9be73347bd09934dd0c99d32bce9c4e12fccf6ce,0.42890736,0,0,1
4362e02ed0404d12ca75ee3476d4a32f9f671811,0.026671821,0,0,1
d3f0ee5e0928122b41ee25e2b4ab09bdca5bd00e,0.58930916,1,0,1
f82b5b57840389fcfdc4f16cb75703361d6ea059,0.036186174,0,0,1
c2c14e9af7a519aacfde5173f641c86e17ce50ed,0.58221036,1,0,1
51d564f738b20621e4e14649bc1b15c929668e1a,0.0476757,0,0,1
cdcb989749cdc56926c1c99c2c75372f105c92bc,0.05990489,0,0,1
5bd82306a8e44e2b9ff098f29ebf4c69c195b9ad,0.03210613,0,0,1
9959b3c5a777845aa19040a5a761814e483a6483,0.033152953,0,0,1
1094f19b22edd1a508b3d10d4a2feb976e18207d,0.17532818,0,0,1
a0611b06f05e3c37c622f48a783836f89247c237,0.028726662,0,0,1
f02f2e54ac7d88a6b7ee620e45e1bba878c63a56,0.022973826,0,0,1
98d6d15235e046762f3b09294e896994f616627c,0.43026465,0,0,1
d61bc3e942616a7be5740b4ba805f420bdb84bfb,0.16468783,0,0,1
1dbc6cab06e5ddc41afb629330565097a519004f,0.041102964,0,0,1
a800c6ae0dc4e6badcbc9f3812a69422f86314df,0.7549606,1,0,1
fad5b541cdd4377fc92c0941c4e586b0420a5a86,0.18138249,0,0,1
fca0e6ecf6012ee47fbc92fef4533320c1e3d849,0.29229298,0,0,1
aed96a73cf44b53c0657411dde6240aacebda2a9,0.04816741,0,0,1
1e851de8fe60a7122bd7b75b4278bf23bd0ec12d,0.5074704,1,0,1
b50e3db7b1e701a4474d862d46375f4187f16b79,0.5252278,1,0,1
a27bc326901fb19558a2cc4cdd5fd64b000102c2,0.28150842,0,0,1
db642a3c3ad93606d27d6e277b529da3a50057e6,0.24229537,0,0,1
1929834c27a931ab505f7a389d38fafd10331d8b,0.3393098,0,0,1
a5cb9a4b4a196bd2048cd21ed2fef175bc1181cf,0.033873253,0,0,1
c2f1b685abecfc11de76ffd0a28771f41b566782,0.030144721,0,0,1
30b6759387b4402987f6f4a6100fdc78e8bf755f,0.47094324,0,0,1
50b126dc0eb075a2193b670eb7ae2089896ba283,0.60776675,1,0,1
489283b8b7322fec0d2d1c0d0add3dfce3075fcf,0.041526467,0,0,1
7511b06e23d2f330a496f4e133f3b4d5bab35913,0.059272442,0,0,1
07524191a42c58356915077020fad06b9939906a,0.14607611,0,0,1
6b08874607dd51c9d8f600a96650a330cd9e6b95,0.04011675,0,0,1
e24f0e78dbeef99bc09a34ee0663e085cb00b8a1,0.04105168,0,0,1
c9685cd5e462926aa401fca7321ea23927492006,0.03538009,0,0,1
b50aefc261156f289d0cda76c357150491adbd67,0.050424732,0,0,1
ce8d0f7a47f7caba8ab937389c59b68b20f6994a,0.04939226,0,0,1
de079d82172220c0b3f2a5e1f1cedf73f4c1ba5a,0.03340116,0,0,1
376c0a5654493295b1d5595fe236509bdc3a41c5,0.3870038,0,0,1
98b8758e761caf659608f48fc5c9e9056f911050,0.027375195,0,0,1
e73fbc241cd510a0fd7caec6f7cac2e4537ba699,0.037296332,0,0,1
95b2fe97c7f191e43b7fe11e8e027d87eb47f15e,0.018471211,0,0,1
79237dcd2bf537d56ff8d73f897cd639af7bf8f7,0.5354025,1,0,1
8460b286448012ab3a7dcec8598215154ff76518,0.6519573,1,0,1
7d4041d827aed7d9f3eb14310b824a2faa96b8b4,0.4669205,0,1,1
6f5f99440e7117ee3bb6407e06745fff14bb2a4d,0.20243183,0,1,1
3eb4be60cf00c20e46b75fb72366dd0649700c2f,0.37298247,0,1,1
5a509030a946646780e963b9f492a4eaff734116,0.63639504,1,1,1
edbd9842cfca892b10c2e9c8da0384fe005cd67a,0.4692427,0,1,1
01329b7cf5d494f32da31c2169d7ea66dab9c517,0.121548206,0,1,1
b6e5ed05866242eb6c7c23a82d3b892d4461bb54,0.041554537,0,1,1
96c30e248d6d27a1df8e26be14aa10c633168cdb,0.509435,1,1,1
bc8e23808b9d8d0c9b67270ef35d04ebd9d89cc8,0.74330765,1,1,1
635e41ea181c5fee8860a7044c84ae3557b51189,0.427316,0,1,1
e5a3039f7a1e727fca40db7357a9191b6a7cf41d,0.7515419,1,1,1
c4ddbe6456c9631c301171098a8ac016eb4e582c,0.66194284,1,1,1
63f1d6b83bc10a2880f5ec17a172fab284d2eff5,0.5551083,1,1,1
10e18ae9b47dfe04573884739823d64825105694,0.7221703,1,1,1
d3252a5ca5571e0a97e9a31966ec6b847a3a8574,0.24619068,0,1,1
86c76dd5ea04d1881a52d79113d6dbb1d57c38a6,0.7442911,1,1,1
73a8fba6fb23af45ee77f52f33bb8d791a9caa05,0.758601,1,1,1
e8db7237a9c347d2225fce9b49ff92bb741adffa,0.5886351,1,1,1
7af67bdd16a4f103bbe6334c5a865436c900adfe,0.15647392,0,1,1
71d7c3264239c55b6e2daf89c44c5685085f26dd,0.5275946,1,1,1
89eea1e72b6c9f9faa986fbe548a4fb1914cca9d,0.87302786,1,1,1
94faa31bcf5c4fcb20818a3a0d23ae789932d2df,0.8435785,1,1,1
958029bdd45c3e341eb146031ed38b4487d7b0b7,0.5092359,1,1,1
5556026ed1dc17e70946a4a030842ade3a33baeb,0.45150554,0,1,1
3c92830ec51fb6b6e9a7ca2fb8fda324cd33e48a,0.809357,1,1,1
5e62bf80f345ff28d494c2b407a9e8691a9fb684,0.6228117,1,1,1
0fe9685c8a78ba2d780a3ec1e1a323990dc6d218,0.75440764,1,1,1
eb2b89efbe15ab0b70fd94f0ecd0aa03866fb4d2,0.6761838,1,1,1
bd7788b384a87024ddd6bbe6a9bd9a167cf2ec12,0.275781,0,1,1
dfecbe970917754511a081f8b86efac211e624f6,0.34569916,0,1,1
ef51b068aef14fa347710497cfb67aa9c6e65c0d,0.10948489,0,0,1
173c162a45b4be6fcbf7a30c44d1953062a25086,0.073671915,0,0,1
c4c03a33c8b8b94eaf75d368473bdd10a21cd0df,0.014168688,0,0,1
2fefdc7dc3c9afbbe534ff69db5a754be0716b11,0.5318901,1,0,1
f525bc3ccd9cfb69603bd9778998263a458415d0,0.27061626,0,0,1
9072a7615a54d5e753cf088326d9e14f1a5a6751,0.14676808,0,0,1
11491d355da8a851d6badb6348b10d8c4acc9d8e,0.13242038,0,0,1
2bc2ffde1f4752e7a8c7ea0a51c559faae194786,0.15082927,0,0,1
35f1cc00274122c0274b522d0b544a06faaba931,0.22335035,0,0,1
98817e88f04cc6757c42ae52d653b63cb85af486,0.057383377,0,0,1
83775c432382b9c0367362491d0dc515bf0e131c,0.069790125,0,0,1
a498b87dbcaa0a61c6088d7156258a3cb06638cb,0.017178383,0,0,1
34558845e3777afdc1bf90ebbcb2017ca17aea86,0.024648027,0,0,1
59985b43f0868d9a4a588d9ca1debd03108f8cd9,0.10833667,0,0,1
8ea1aa1e7cc427c28a89878fd2dfcb110c992b20,0.14602712,0,0,1
d4c7f63054e584b69024664bc2f221faf9863519,0.015392635,0,0,1
76cc69c3f08cbf31efd56f631504496307ab7a5c,0.039690677,0,0,1
c9d3c58e44738bf38c3974f054daeab1d7bf0f89,0.03592071,0,0,1
20c733229df741e57b8ac205788ece2d563b2f3d,0.5721817,1,0,1
3051264e1bc1d41a29c9dae7935c090568f64af4,0.02653304,0,0,1
db0f2304bd7c3ced65cbdfe9e17e80fe0774c13c,0.08773398,0,0,1
2f67045b9647de10ea5d01d8d1e98ac7de3e1cfb,0.07207064,0,0,1
7ef106b23772995e4307f84afd1bee4e2337ce0c,0.024215171,0,0,1
71f6746f81bb9650f6f228ea204d85ba2c5b7392,0.016120417,0,0,1
5aa87b52f1b3f958e1c13ce3b811379ad6f71d9b,0.02969805,0,0,1
2ed96f00f724c3331d6b56b6b5650b9632f43954,0.020832397,0,0,1
3720683699bb830a4aae6fb66a78ce7079ad2c56,0.022007816,0,0,1
df37e605fe4b027406bd9dd85b320526ab12a122,0.09839271,0,0,1
1b9d938d66a172b200fd90d4a61707852bdb4b8f,0.03518866,0,0,1
4ad74f449258781e9df189413423ffd6ad95c526,0.022078834,0,0,1
02a98515a337991f0ce05271ac90121fa204d9db,0.03370975,0,0,1
d81ea83a0eb1761bb4e90a91f3b70f23f88a7d2a,0.08705134,0,0,1
e2c0ea4374c02539ad9bc6c4328b74f25eb72405,0.030513044,0,0,1
cf42ae522e12e9b412e1a1f008ea73cfd86a5979,0.02275795,0,0,1
fb7335ab163588fe6ee67ef26d3b3edad5cf4bd5,0.54605305,1,0,1
e580d35e1a07431109a5835411142bd1c1c2b3b7,0.020835519,0,0,1
ea60fbe0633082a131bbb18de94fa60a04eddcc4,0.03376117,0,0,1
90e31fd93fdcaedadcd4b030fbc20f7375672def,0.019504962,0,0,1
52adf52e4669b54399fa50f2624826c06a19cb7e,0.046236962,0,0,1
71e515ab6d2007d34d96df5604f74c6fba92c0d7,0.043540113,0,0,1
6d23e85570fe1139cf5ef3bc9b4e57ea73680b6e,0.057420637,0,0,1
cb83f7cb31e50f265e098c5380b3f0051e257f46,0.024850318,0,0,1
bea1ae92aa52a985f8c171c6e17ff7fc4aa61fe4,0.036889073,0,0,1
775203dd2cfce017910d04c58a0b1b4e0a64923c,0.03327822,0,0,1
2584b4a0ef536e59bf28ba140844597a093d848d,0.023224384,0,0,1
cac520971206093d32bf17925f880bd06d93f736,0.57819104,1,0,1
6a99050166c945a226d5f8275ce4a9dca3518285,0.06812761,0,0,1
6dbb48c8e685f65f45ad5df9f7684bed910036c8,0.018080305,0,0,1
260e0e0cd21af7b03ab0dae33b4978233db67773,0.023732532,0,0,1
b5749b4f54b30c0c2050e456c12cfcf516434f13,0.025781881,0,0,1
07ec8ad2dd862c8669b2557b995ec5180663d73f,0.02462589,0,0,1
28656559d2fc67193a84d5cbc48d378b2016f74a,0.4126861,0,0,1
0add1e8975336c65513b26123d48b221e2515ddc,0.67678887,1,0,1
b37837ce638048384756850a3a6892519ddbc743,0.057188705,0,0,1
8e7ea70a33ecb8db5207849ea6371b4a5a8ffd26,0.2326962,0,0,1
abfcf0a8cfb40cd30c83d30923bea6d412cc5a22,0.049981296,0,0,1
aeb6f86bcdec061ee9c6be96066fa19c56523490,0.05231758,0,0,1
6f653f6bb82757963a87d725808c080109e7e3e8,0.03637593,0,0,1
1974c83561d09cf73a575f992fbd8416e3354d20,0.026912635,0,0,1
37c20df721522b175bc9df3f06a361297010df5e,0.17984396,0,0,1
061450a927ba1cc65f7b984f4ff41866ec2eceac,0.6522261,1,0,1
60b32953a968e5623f82a6b27d6c679bc17c48e5,0.14195135,0,0,1
f175a241c811d2d0843026b2dde5c3ae308cfb95,0.013308821,0,0,1
ea1a69d638d97d5ffc451b32d240479357e02b0a,0.015442086,0,0,1
cae70c10b4451ee3b919764f72dc4a4caf0f6f27,0.018650955,0,0,1
155cec1085f9bd5383241e4c93fb40117081aaba,0.033938024,0,0,1
c0c7112dcdeb75b521d55cd47d0c61be66b0499e,0.033699226,0,0,1
eb5f7ed8914fd53eea1ad360fd88f42ad8a7a33b,0.048251297,0,0,1
8d0214a7417addf790713440f10855dc279876fa,0.50823593,1,0,1
e2ec4f2fdb2bb8d97f64a33e9ac288d52854a530,0.11077135,0,0,1
fc73151cfca36ea2641f340700dbe339b9e1f103,0.024033917,0,0,1
54facb4fd93c2ff59b3096c6e64b9be1b3c9cd88,0.036332116,0,0,1
dfc9888860bf192cedde21e5e843bc3caad4b74b,0.18229727,0,0,1
5f9e0851da9e74c12e04f5a62cb7aeb1a8ab7589,0.02011011,0,0,1
7d5a61ed64315bd6570c5cb55c1f53853a3fffa5,0.050291743,0,0,1
82152f41ac8a727c2f0042bd555452dc2dda11b1,0.10120082,0,0,1
474a837858a8e7a98316f97e9ed387d0161015f2,0.033035785,0,0,1
39380da86acc717f419da48f070f8cf7d9f9ec94,0.5191544,1,0,1
0e266204f535aa48f74d4f2480b2268c13e26b22,0.02255683,0,0,1
5b7608d1549989d92dd159392c19d9ba8ce0e62e,0.027031967,0,0,1
e79a590e0cdabd93883aca964db2a862ff3f8490,0.023332594,0,0,1
adc6bc4104514063b3e8ebe7a301d5dd4bce36d3,0.025949037,0,0,1
636a5148405f567310b9fcd4dec131fa1936130c,0.028603712,0,0,1
405bde36c42e591bde85d6bca1ccb1910a33a962,0.028932836,0,0,1
ec4d8a9a6b783f1d5d603d5272c94deb1e7375ef,0.018666662,0,0,1
507451866c98cf9e2ddff1008fc0152935ed9e20,0.015705772,0,0,1
8ac3334a04928faab627aef4daf4ac51c28a95ef,0.2852538,0,0,1
6bb871786e563ed82e2b8d26314c22772808fe5d,0.016991401,0,0,1
633ce604968078151e03363d5c67042af74310e3,0.018973961,0,0,1
18b3437c15d78c54510964728486831822809d9c,0.3609581,0,0,1
bcb33ec1c7c4aa98758d1561c8b695737d0a15d5,0.05428371,0,0,1
d68f7f5f44924ddee14428e16b7458e2878baef2,0.014883324,0,0,1
a48071b0d489420bfdc0c2ed7254d1dba243f700,0.030524438,0,0,1
5637a5204ffd7b77f569ed28f85610eb782a159e,0.016028935,0,0,1
0611710c619e67affe9e3b6471943d0ccdb9da73,0.22765784,0,0,1
ff3492b06299c0a38c029c8d7a524d0027de357f,0.2042664,0,0,1
0343b4fda87161265acf30d5ee61e525e751358d,0.025411822,0,0,1
3acffccf15027bcf87e25a432f085c45e103b0ec,0.032621346,0,0,1
756ccc935ef2a8f9f48e96f28c7c622ffb3e6627,0.04781792,0,0,1
612236c8a77d5d8c4755e287f682cf06d773a902,0.029955322,0,0,1
f37f4b68f3343e2b8f8d82c40398f975116102f2,0.020447789,0,0,1
0822b4226f31e50ec244d311e56e3446a8e5811f,0.021143556,0,0,1
78e2f4c1223d45db3c5f7c20bf51586fbb566948,0.03094187,0,0,1
06b7cd3a31c4565ceb0a127273ef800a3d084caf,0.02995548,0,0,1
04b55bc7ca0b0ac444fdc8ad01acef8172852a8f,0.10504918,0,0,1
54ff33b2ad26e3969cc59d7f2723563dee3e37dc,0.033403415,0,0,1
54e63005446a2b0a4255ba16838122c5808ef886,0.031966265,0,0,1
1a002c67f2d3c198411a62165e53b31d6b414aa3,0.03726349,0,0,1
ec2fa6bd5695b36435cc66ca4cdd8183d077a0cf,0.03978806,0,0,1
52b46e74dd29eb3eb65a593a872fd57694bc154c,0.03306107,0,0,1
59022fb870c2c45a27e00943003c5acdeddaeec3,0.023406044,0,0,1
03fe88ab71cf2eadaa39654786c3fba713742768,0.025963,0,0,1
a0b798c27a0312df2a110073bd7888993e56d05c,0.030940885,0,0,1
61579335bcb3da854fc8be82b5e61dc52b5018d3,0.049418326,0,0,1
fb7784fa1472b4c55d329aacae672f416e11a703,0.105543196,0,0,1
cc1aed9bdf196403c673a886bbf723101171a9bf,0.037090607,0,0,1
421db380d060e9f037a8ecbc446c414efaa6923f,0.024105972,0,0,1
17a6d163c62d7bbfc9e19c11e0d52ae06b5160b1,0.021984827,0,0,1
d79e43216faba4b3e73536915bfddc550cc0f20f,0.035411462,0,0,1
5fb158cc05a9ec78e31e49abb654e00a7b65721b,0.16231267,0,0,1
f59a674a26d349b7069158023194ad0d7a38a9e4,0.2670496,0,0,1
fad946a1d79486c5118a596e8ac67ef7d5189070,0.060740717,0,0,1
d190655a97c33c886997b9570697f432e7d3a21a,0.028878754,0,0,1
6849dfc8a660bf8c95354520a2fa1283c9b3aa43,0.7064694,1,0,1
68acbc803e416a38616bc25505cb88dde81af5ca,0.01800691,0,0,1
e8a2c29721d145c52c970049e5469cfb0dcefd87,0.024090823,0,0,1
00fafe772ceb91c9f26d79f5a2f6c3695a141115,0.022293948,0,0,1
3a68fe8b7e2aecaf75535415d2a7c8268345cd26,0.029956048,0,0,1
94ec5a11122b2e60fbffcc35373c978c839bf8ae,0.032274272,0,0,1
31466db6ecd115aa74616e14a75721b45c0f59f9,0.02404032,0,0,1
6d3796e64bdd5f3f4857bfca6982e6ecf98a2b33,0.59136546,1,0,1
131917a0d3303ca2c38fd1d6765b9bed2c23ff89,0.02162355,0,0,1
51512905c31ff19b91fc67b2cb3ddb5b1fa0fd51,0.03391324,0,0,1
56f0e1053c9aa767ffaeee37cf06a6056a221163,0.13212821,0,0,1
b1762bd557c3d7605490e026bdf31096d83b4dde,0.0320595,0,0,1
94184ce3837e4268f3d0a7459f90e6bb920dd54a,0.09974815,0,0,1
b4842f559f0d8b8b5a98a19b1f3795a42c1a2614,0.03218563,0,0,1
242b815437b9a988c2ce9e980295ca8a9e302e7a,0.024749925,0,0,1
a06f83a7621f323012ddc69836cda1294a5e2114,0.025119072,0,0,1
5eae0a646469672d1cc5385bd7bd6aedc4aed19b,0.3461414,0,0,1
04b41e2c97fe5faaf521c2e0581c30e18e2f0c27,0.55356795,1,0,1
d75fe46b8f1b0d5c27887052ee4714d6a9c7ea4b,0.032053325,0,0,1
bfcdeeaf441feffba724f03602cec2cf7b181a86,0.027724825,0,0,1
2ebf9a21d2dc99ab2f434111cac9dcd6da99d574,0.03675818,0,0,1
2fa0b168d62a07365b2787d0ed97fa1c2cfb673b,0.7837711,1,0,1
84d52919ec3b3c75f28a185ad7cd87603c3cc4cf,0.35598958,0,0,1
1002c9e243883654f9c1e6beae643fb4e72fc172,0.831435,1,0,1
afc942c7b2bc0317cb549a3fd05080646e7274fc,0.80125487,1,0,1
18f5f54ca0e78df12586e0750e257058746a5a39,0.3290779,0,0,1
bb76a6848b37cc3f418a370c56f597486618197b,0.40190485,0,0,1
69d4bf883cd7402d13497a40422d20096b2b9aa9,0.2197631,0,0,1
8bb3526317408fba3ae351719feb68703aa5fdbb,0.32643354,0,0,1
b212aa3c6fb91c34a0faccdf783a0a085d40be94,0.29560304,0,0,1
f8b1f6e7456a92b8aeb3e0aa8ef88936873dae00,0.025302073,0,0,1
04a5d83aecc325f87696c83b1a5dba45584ddaa7,0.019096175,0,0,1
3af7d0dace7bee3f42b88abcaca853765cee3557,0.03083193,0,0,1
c202aa8cec19d80f4671e77370287540a0777b7b,0.41087255,0,0,1
e55aaa5706f031df2e8d68bdf088604c79944246,0.032040715,0,0,1
ddcf6aa50b2e4f0c432add091ed6ea44b7f12365,0.6800574,1,0,1
63374a181393d941c805b6909c2ae5c41159e745,0.25516614,0,0,1
2b15e1f43de16d204a28f72a530abcc24208f4d5,0.103150964,0,0,1
4ceba113050407f10e116df7ecade93b1abcf6fb,0.17424065,0,0,1
5e5ba1b8129fc0d235b149ee699ecb2fdebfd39f,0.0814786,0,0,1
bcc7c0c85878d19735f4eb014e6b17a3c0deb0dc,0.3115372,0,0,1
f3a7cf629c19dc80734b5b6c3933fcc76c8a50a0,0.23677047,0,0,1
a72a5ced53067d3516ffbebf00a633743bbfeb5c,0.4142837,0,0,1
69e97c8b42b9ad0880618132a613466f4e4779d3,0.72703636,1,0,1
56e52fe4cbf5d3ce8fbbad9fa1cc4739e2915ce0,0.78394866,1,0,1
7642423cfa70fc797601afd64ad28ed1609df9d2,0.0329508,0,0,1
04e52eb6155b3cbf5fffc0d52689a3f679e40b19,0.56726426,1,0,1
a1cde6ab707515ae014c2635f9d32ad0ba64e7a0,0.02791588,0,0,1
15b80753a6e8f481ea5029bc278e362994cb7bee,0.24967186,0,0,1
ff902c15612f2d771483ce6bb06e55609247c34e,0.5414421,1,0,1
833885c29d3f037b8985e7822f714fbc484d0378,0.026598193,0,0,1
3f796bf74666ff9a4a6d31f10dbde4fd5e837d6a,0.019797588,0,0,1
c158713b66856745427f793f14a5dd1fcaf941ee,0.024649197,0,0,1
e8300276291ae634eda52d812e6e8d7cfef2f8eb,0.022087771,0,0,1
fac65b868c549d28b786568636bbc8362d2a78f2,0.021058612,0,0,1
ac1c341558ae3139a5c1eb07bf148230192d6f57,0.1305796,0,0,1
c99a787752770b8952297e24e07bd404cb2f4f74,0.031783033,0,0,1
77d187eefc8596ef8203eb827486099cc8b27835,0.034524765,0,0,1
b877fb9abef4a19eec9cc7329acbd433648b8f7b,0.024493981,0,0,1
2b52dedd56503bf89b28cfbad21f59e3dd4d1d32,0.021344718,0,0,1
c6fac966ab314769d27e117bab05aee1a72df760,0.035932146,0,0,1
bbd1dc343992fde4baaa0309178509dd07eed536,0.4672373,0,0,1
dd5a0e6e1e3edb41afb4b40e4ec2c99e5932e73c,0.024814937,0,0,1
864721d54b8b372808b098e13120abe5c22fb9b1,0.031675372,0,0,1
18b1bc203bdb236bfd9084193aa2d55d4b605139,0.5398085,1,0,1
b2c1afce7eb13ea44fc7d25562cc3bb83cc91b2f,0.38763168,0,0,1
5b223744b49d3ceac9608959d2db82bbadb47897,0.4873203,0,0,1
eccf213204b776e40efcc031f4c0df560b9421e9,0.031093303,0,0,1
031f6b082ff21cf1138907a7c666d6ff391bfd72,0.5053633,1,0,1
b9f04d9be3e7ff300520da194fe29ed5c1861787,0.028636737,0,0,1
afedbae8aca69a092d65766640361801bf2b5d9b,0.7534412,1,0,1
c35a04102274b330aa833030c15f722b00062812,0.0333955,0,0,1
9bc992b133f7169288f1fa6b53a04f74c1549947,0.024842745,0,0,1
7e85d1cf54b1e467607a0019b56f91577ebe2e4f,0.02987243,0,0,1
fd59e545f4f2d697ea7e197f002c5e8eeca27004,0.028608056,0,0,1
3eddcccba7e0361d6e833407320908187b16ac8d,0.025946857,0,0,1
34a5e7fa91aa7ec9e75a16eb6f3d859d794d399e,0.02321489,0,0,1
fbb5d31a581c24e925c442a7754358d2b62a669d,0.02186319,0,0,1
17e65488113a2dbe9894f824f4321a06ee009e02,0.020765493,0,0,1
9625891a7bbc0a8b11f7cf9c2b4650775ec8ac53,0.1757965,0,0,1
13cd4e0ac3ab76a4dc091eda457f9a111727cba2,0.022392422,0,0,1
8ef8e2a7a5326eef6180951207f65d3c29bce419,0.15505165,0,0,1
e474263669a6bfb5ec56dca742b8e220f02fbe1d,0.05161787,0,0,1
844b2901fe4049fba29ce8c6961dfa25966974ef,0.33889276,0,0,1
faeaa303b903139f36c15751c8e48ef982222842,0.45536086,0,0,1
5fef9575646f6583fd2d9ee01368b3deefe6ce82,0.03234471,0,0,1
6c687c70a1d5cdbc71c113b7d7402dd89a942849,0.046476126,0,0,1
c049aeeffd41dd9fb8075e719320846c83e5ea91,0.023269463,0,0,1
9bd439b4e0aa69050ef1baa537e552fa4620e5d4,0.033081084,0,0,1
8d6bc0ca625f3a1a98b486541fa613b2fac4b41c,0.027263172,0,0,1
7fd021d82ff431fb31f42bc6c5c44a3b979cb426,0.028890435,0,0,1
d2fb3b0865a87cc909e4faab7733f993356141e2,0.027327554,0,0,1
10ebb32ce1806821518f52074f0d171fab20b3ea,0.3276183,0,0,1
caaf97ed8804ae3bf6fb17cd98a5814cab834688,0.7739577,1,0,1
ce0c082898e3551d313fb5b73763f399232b3fd5,0.38000056,0,0,1
bd9adbb637a8a4aa5eb61c6fde2c576d0ab3c4fa,0.7288868,1,0,1
e4b7ee81c1773eeb0bb71ca53bf722f046c16a16,0.4184084,0,0,1
aa31bc6c313789c344d715b7c1aeea0cd8de47e2,0.1472521,0,0,1
3899cc6570bd9176c84ad2d5d14febc6c0ddd964,0.31916004,0,0,1
0223a4d4cd127a1e209a04d8e1eff3296c0ed8c1,0.03873506,0,0,1
648eebba22d6398a01b0924975bedced8469ac80,0.032256264,0,0,1
eaa9269ac80c2a957cabed0c46173149a4137c24,0.03293293,0,0,1
8d95ae41975a2307501aa0f4a7eba296c59edce9,0.027830023,0,0,1
1f56bd103d53c8c6ba7502c6586c26be01bfdb80,0.02619736,0,0,1
c7c85ee39892df3ca007c6596c41654865be7e43,0.5031171,1,0,1
c503d742f094dc2048b72c3f78f5e2e6070a44e1,0.028372722,0,0,1
a2d41db55aa46bd4fedb215c978f03e282cf1ffb,0.08469669,0,0,1
5ceb5f57212935386737ef4af0d066e9fd38c5a4,0.16092855,0,0,1
cf6b6d8eb1b524b73cdb74168f3190ab471aa52f,0.0559883,0,0,1
ff8fd9578ee8f66e6f80cd7b9f204767845b7339,0.03814099,0,0,1
ab60f735c721103ac888d8d7b801055921336687,0.463537,0,0,1
a2660687980b36003a612eb89b40d6fdecb4b153,0.020820513,0,0,1
b3c31a379e9ad7cd22cb7f0669b82361ced84992,0.15613715,0,0,1
204ed0048f4812201ef65c9a0c44fa54a7d1e04f,0.021092983,0,0,1
103b64a373256feae6ca85f2bf220e7694e48fa4,0.59680414,1,0,1
9c506279188a90dbbe124386cc52016682d17b5c,0.080723085,0,0,1
8eace0187ea2c0c1a6e3a5b5e24e701f6e23ae94,0.12532437,0,0,1
72bbbbc559992e5e6bf17279d8194aaa80c62e85,0.10338159,0,0,1
feb7ba55120feb5e3ad3f526fae7dee1b5189d9e,0.08218148,0,0,1
bdb074610c87a210ea4c0d91d579cb4558f4b19f,0.018816274,0,0,1
64d820bffae723b9c8669301b246ae199db61b5c,0.01816668,0,0,1
09686fad46d49016057bae8f02dc79f409b7bd10,0.025264692,0,0,1
d58d64ddb1f205a54c7eb57fe0cbec9c59cad8d6,0.06267178,0,0,1
d962a2b31c9a7216c2df557eaed3e475b13939f1,0.51677275,1,0,1
9c5b6cdc7108eb071785b0c4edd205650cdf1ca4,0.5974441,1,0,1
db6f7c1d74ba64211221a69cfa9fe7171a9199e8,0.18547866,0,0,1
1eecfc948bf6f4cbb9a2481313ca7368ec653056,0.690925,1,0,1
ac5a216f767c6defa4da720c6ecb3baa05e30254,0.021284236,0,0,1
5acf310d08b2bc5182cf936616ef70938cb2c499,0.029410237,0,0,1
38140a5d8dffec88f7c88da73ce3989770e086e6,0.026283575,0,0,1
d9a2c69a9d1db6072e1d7b7ea4fcbd5c15d20b5d,0.024008103,0,0,1
d0f6be9886afaee6080cd4b7cd5d165c767b71f0,0.08369512,0,0,1
8ac857c41ec8ae02e57eb0c1c1a012525e7e14b9,0.02544693,0,0,1
10d2363fcdd6e15568f765ba0dfd5f0cfa0b04eb,0.01720997,0,0,1
8232c096cef785a2ba88a7324b882a7badb0af44,0.022714244,0,0,1
5f4249e2ec8cccb17b27a7ffd032c4fc237a6927,0.017719494,0,0,1
86a59601b570585dcb7a1ce3d1ccc8e16008f53a,0.3265974,0,0,1
809e2bed22f02264e0ac58bba070f6d84386cfc5,0.023651343,0,0,1
c37a911d3a1541adc25c8d76f717015b2266d123,0.033712722,0,0,1
6423a7665516d738ae50d272e3b4ca72cdb89a9d,0.4960356,0,0,1
a40b2a907a69e51675d7d0502b2608833c4da343,0.032039907,0,0,1
8274993e293a79fc75829df398233915a6387a4b,0.0535573,0,0,1
e2dbe55d56bd6c1209276050f527d36717e33e1d,0.034386165,0,0,1
10325422e5a4735aa87a4d47bdb377e09fe963d2,0.024360523,0,0,1
a069c490e8119189fa2b43d3b597b79b3d42a367,0.73675936,1,0,1
a945ecbbdda782b51d5c2c670345fbf4dffacab7,0.30366457,0,0,1
e4c72a5522aabfa6a660088aa9262d849756e464,0.28653267,0,0,1
4f82195afdc4279c05826fc20f8642bfdaaafec3,0.03375856,0,0,1
607e3447c92754d871a3f2eb8c472e45afed6c1c,0.3910601,0,0,1
aadb9a31ed969fc72cc87d486ec02383faa5bd06,0.09549529,0,0,1
0095d8adf26b9469115b1be0358cb09d1fcb5fd4,0.030162752,0,0,1
151f2cd3d80c006f4ec228cdf610c3a35feb195d,0.3328312,0,0,1
33884b226454324f27700f9069f4702b44ef8ced,0.10321792,0,0,1
23108b1bd90de315aed37fa3fc1f38f8a56ab9ba,0.024770398,0,0,1
d6644e4fbe3d125eed2d85e58fc7133466042f10,0.12974374,0,0,1
96c8ea2fb3719e2f6e3d7a4d7b46718f26515a86,0.17069791,0,0,1
dc53e49b4afa5d59c533cf2b4918402c37411fbd,0.40673858,0,0,1
f9cab271b3bc8c2fb6e2c51449ad3bc07e62e174,0.43953443,0,0,1
383bc8eefae7e17d0bb0349ab2300488c655ec42,0.0911986,0,0,1
eafeca43268f16aa9d4a179e44b9e7747699c1eb,0.4906312,0,0,1
9b481a97010a19e375cf423ffe25dda1b40e0e47,0.20552589,0,0,1
cfdc3f767c0063224622af168e78c6b2d2c77388,0.346796,0,0,1
4733cb5b798cd72aed82a9118648b4a86c91539f,0.31204888,0,0,1
9f89fd4626bbb4e34a905835e397bcffbad59307,0.024202034,0,0,1
2dd459003e19e4bbc2811b10d38337f295fc5a19,0.01982787,0,0,1
8d601ab71228f7c3dff950540e7ee6e4043e9053,0.02495202,0,0,1
ff4497aff8cc9de4e0b2c6e5e23e5b6550f76f29,0.024056554,0,0,1
0f6a292a29fedd49741310cd517ac4ba907bf8d4,0.023678694,0,0,1
011775551ef75d75f81189eb4604fd0f2ed424ba,0.026681395,0,0,1
695342cb1cef42f30fd1a8496f181c92b21ae82d,0.44514582,0,0,1
c14890f08b9bb47ab8ad27f4dd4c714e32961d0d,0.6418689,1,0,1
f3d2d55ab9b783af65f2050272cd0318a9ad23a2,0.50101775,1,0,1
c0771cbc3c445a9d1d2a43ac4ce3c0edbc806957,0.019916065,0,0,1
3aface95813003ff75505e2ed7d75b072228d3f8,0.09028452,0,0,1
2c437a12bbc578442daaef85ab486d1e55763853,0.022962958,0,0,1
ab0570e63aae3027239dcd5d22caab95111a5de8,0.14657037,0,0,1
f015fb2b31a5621689a57ce9d2d300e5f32357e1,0.02630385,0,0,1
0f87dceb80b432b434dbd81ed4f1ab97c740efc1,0.027498398,0,0,1
c9a5e54a7c0b4c0be46940d136677a2c9f052ed7,0.27298367,0,0,1
23c706ff915c4be7d371d3098fc8de2cc3aa2b67,0.09798589,0,0,1
cf950e7365848130c5c2d57c871652e6f83e96a8,0.2989919,0,0,1
e6b830bf95f712672cb9e77cd852606cd134c5fc,0.39219162,0,0,1
09c52410e62b0e1e221d413d7ab18feefcca6bf7,0.059017107,0,0,1
9dcd87f9c46786f3da54af7ac1ba4696840dffa8,0.56031764,1,0,1
f55530a2ffd3c481f6554d98e9d73f2e8c62ec8d,0.31138068,0,0,1
dfd69e038cc7035031d1807c4ade870d2a7e2ece,0.20040831,0,0,1
a49ea7a65b7990b3e6e625bc8bfff7396ee49300,0.018230194,0,0,1
aa75c23b2e51c8d42730c8b410e6a7148a7bb094,0.045481827,0,0,1
41bc4cd029fc486b5570ec344cdeae049bbca860,0.025386749,0,0,1
51b2cabf2c3737de06fc889b39d40240d1b134c2,0.02410857,0,0,1
8a05e0b0f640289c32f2f261f35450532cc2a1aa,0.11468452,0,0,1
def3c4672b1f99b35ec1fb1aaa316e6043463d73,0.05462695,0,0,1
2cd3f0f10a797b744509903b8eca4fd2fd4ed6f6,0.089900084,0,0,1
8c1a0d2ee1433681958809b4a0fede65f62936e6,0.029067226,0,0,1
a08ec31dbf212a033953dc6916a743dccbb93e37,0.029737689,0,0,1
6b9c3315885f8f9e4be19db9ef05257035b97bca,0.027786091,0,0,1
795fe5d869594bde53f8490d75eedef6185b6c37,0.038295813,0,0,1
5556118ad13fbb80a56d7b8de6f960e9ff8255b8,0.021060735,0,0,1
f643b4fa939e89348618ddffae20a804f4461363,0.030801559,0,0,1
bd5cc81ed7f91865aee7a5a7febeb237220d0c5a,0.032799374,0,0,1
657704627b297a19a693645cf03c5c70ccd9a8bd,0.04112943,0,0,1
600eb9eb99dc5c03b047e3c81b49ee4769787c6a,0.030526925,0,0,1
363cbf7908cfcc6a538126bcccf5c955afda6aa1,0.020711478,0,0,1
c636539836ecb541d9ef71f2d347772cf9f6bc52,0.023838226,0,0,1
7cf5e01c2a152a0b612cb19e02213879a57c14d2,0.10492827,0,0,1
ef3015cc99f7bd51862c1d95014e8332d24c2341,0.034072682,0,0,1
9b3257e4d1a63e0a4d971a331eaf7b9a08d98040,0.034369133,0,0,1
e8d861359ade336badcac3211e5aa447097479a6,0.036728367,0,0,1
d0e2bfc46659025e6262b2e5de984a8359c9dada,0.041301955,0,0,1
044367419dd317eb9f9935d8360280b8b8695462,0.21790214,0,0,1
86a082e8be8c51f07079ded82d6d125c9efc1791,0.41708586,0,0,1
00bf35cdd92813881274a355a33e7e659f5eddaa,0.0318563,0,0,1
ab25f67348d4885620df86497889c1826f013a73,0.015989007,0,0,1
07811434b773b6e1737fe7dd3775aeab8afb18b8,0.058270488,0,0,1
ce1bd5785d05d3df324e1169aab4abd45f4281f7,0.041237645,0,0,1
5bdf0a938adb384bfdb6cc494a2781e2ac33b0ea,0.037362024,0,0,1
30c85ad05363767deeefee577063c2c432b971d4,0.40050733,0,0,1
1661e5519c4836a5a940b13b7797263443156fc9,0.029048765,0,0,1
a64153a3710c5035988690f0acf57dd61b711cf4,0.24967474,0,0,1
954ade4c1ae2adc0aaac3a1dbe800495c519520c,0.049638446,0,0,1
4bd982d1a1df87724682c17c39bf27b5cbe389be,0.025696153,0,0,1
a6443e146f825291308319c6a0f2eb82aa34f8c3,0.087509915,0,0,1
914844e1b226a1ac7ba45626ecfdfb56e7b2e263,0.03721286,0,0,1
44516f77ecd06aa818263ec31e150bab3edd956b,0.6957881,1,0,1
98fa164cd88d126d0f137f5bcb4a1d180e0c2fc4,0.028064346,0,0,1
c79e6fb8f95bb07d2394221b29b75fcc016f4900,0.031305887,0,0,1
6597c196521af500feef7a02610727eafa7ec1dc,0.034792453,0,0,1
4670a941be92a55fbaaa3b4055d444e07ffcadb0,0.031126484,0,0,1
cde4c529034e182a982fd842252ec410d213c34c,0.69010466,1,0,1
b5f5449cf338376d12404d0190054525987f4276,0.031717807,0,0,1
721a6e59f7e4f5c0f3196d3eb0e81cab5e41d065,0.025121398,0,0,1
c7c424fb9c3a39b6ea036242e44cdca324f7d104,0.02233656,0,0,1
a8f41ec97d139f5d0d7cf161e8484f2bb809facc,0.69977343,1,0,1
0181c8059c081d144cad36d003379bd50fcd9da7,0.02198526,0,0,1
90f0a680adf3eaa95e46e96d28ecd6848c74bfdd,0.035682242,0,0,1
12e597a78cbf9d82414b944a5b285d81a2e27e51,0.030656861,0,0,1
b45435c950e6f6864671bdffde29e26cdc8ce15b,0.036630467,0,0,1
4259a706ab8641f408afc3ce224b1c0ba5a43d17,0.51272535,1,0,1
f0f896ee600ea7ff66c083747f370453b914be48,0.070230864,0,0,1
5482ce61b003726a9476c76a4337e043af4318c0,0.019441139,0,0,1
31a9fa0cce769c976d74cdcb6e6ce8831793db7b,0.022884667,0,0,1
844cd4298e46027ba1201df4eceb2dcaa5c1bb26,0.039740924,0,0,1
3ce7f9eecfacbf3de716a8338ad4929371a66ca2,0.026549337,0,0,1
1a20867d01ef8ee5b32b0620125b7c38a10b80c5,0.03132531,0,0,1
6bc8650ed456810d600feea4b80a665fb5895832,0.04578213,0,0,1
1731949116a7278f2b729cbb9e505580c8f56980,0.06110617,0,0,1
b521820b23c45fd068618d10955eceed48801eff,0.02904619,0,0,1
661d16d190708a1a396d8b75ba10738e4574c11d,0.028291432,0,0,1
3c2673e82d33b6c9bef3005a896e5b0d52b108dd,0.02294064,0,0,1
99900ae089cf996bc969f0673349c06c2e6fbf1d,0.025632346,0,0,1
811dbe7226ba0ede04c2062c2dba8f72a1c03e58,0.13934499,0,0,1
46007c151e4cd79891eed4d289ff372ba39d5b8c,0.029274985,0,0,1
b06f13ff0ef8655de1a4f9976f7a9ccf2ca76724,0.07127919,0,0,1
9f7d03f09172afcf0a7be40e3262d151ef053b3c,0.18328004,0,0,1
3c89994355f3574078c832b2dcacba0e65e87ed1,0.3717401,0,0,1
d547412bbd2a1ca56769a2bfa13b7ed9547310ca,0.44420978,0,0,1
d3146a545612422d3f8078f10afa00342b327199,0.5236241,1,0,1
8f54030347e31e0b1492fe874a1f1b67b89b836a,0.38440055,0,0,1
f059e5f7fa1ac4a906b5d2e18d72d410bf28fa2d,0.21583319,0,0,1
fb4803623b8f089a8dfd265a68461f4283e7ffad,0.025922086,0,0,1
c82b1f062af2a1a376e514020707597f6ed1f82d,0.18333098,0,0,1
a5e76ebc404d419651c2a25b1a62199de64cccf5,0.18867916,0,0,1
a91f76da21faf4e8b70f0f69c6db2521409e7d29,0.04881627,0,0,1
5a52446090a67b9b04b67a0b7aec94e73bd21930,0.02140582,0,0,1
82cc24437f43d07880d8883229477735431e5d02,0.02570773,0,0,1
52d6e24d19465e6f468839650c969d5931f66d65,0.13090709,0,0,1
ff6b0ada72106d67aef1ee21d51bacac2f3af7ac,0.10486208,0,0,1
859224ffadb79147088840732236c1fad341d842,0.023973925,0,0,1
314b6b56bec4af56dba667d66a25c1613f4bc800,0.6166221,1,0,1
8cafd87c83f4197f7e8d14de8cba453c844266c0,0.28971484,0,0,1
d5be24a12668a94712247d31f06ef7d416b8118c,0.024954027,0,0,1
a060733e63a9cc476342ca190d04ad027a241d33,0.022614252,0,0,1
e685d847b4c70e354e47ea3990cefda3265aa5c6,0.021164237,0,0,1
c8e648b92cc133a604b5e1f4da1ced943788e64b,0.03557526,0,0,1
ece2f255eed8ad9eff6e236152de65e804c6adb5,0.027872292,0,0,1
9766e22b42b7b3f3923cb9c2502dfc2dd5d0a5b0,0.021232316,0,0,1
776b86e99a1ce18a5093db457109807b766d49c1,0.02610191,0,0,1
e1bc286245ce5f798b5312d65bba64c71921a3f4,0.11639693,0,0,1
585b1cb97b4b9e81b55d68e04b6c1e1195058a8f,0.02693449,0,0,1
7587431987258e94748d5f2fda1e6ca049a21600,0.029141117,0,0,1
53def501409cd1f9e20ac43edba6f2949bb366c8,0.029820906,0,0,1
7c19a1ff4c217f03c0be62baf1169d689f566825,0.18829083,0,0,1
ebe7bb58a541bf397333f466d412e617266ee5aa,0.13362545,0,0,1
6a688cf36e23aded8c9796b786e92144cb4a5830,0.566572,1,0,1
8cfc1b1207577943d412789765a3a2085f1b3036,0.046327136,0,0,1
577f7b3b5462fdf84c0956a3bec5296bf7821677,0.039768357,0,0,1
65b08c4f91a4e5d78eb645b46d06d7a46f8c62dd,0.041048925,0,0,1
fa91c1b28647bd4217b0c325249aff9638fbeb6a,0.079718076,0,0,1
8a8b8ec8d244b18eeaf651d0ea6e84db579e7d92,0.07244339,0,0,1
3a818ed6a833f083a2db9bb6804c1bdb43b9b0ec,0.0379978,0,0,1
309b34f0573d0ec593c17008e8ef4151dfc35a12,0.045935586,0,0,1
0344ca3f2d43e3732bf16370262303be8761a523,0.120000176,0,0,1
c68285bb3392665827595ac408a5fad828b0351f,0.22818846,0,0,1
ad648cf8a8a90bdee129266ca7b686a5b9a87561,0.03176896,0,0,1
18e692478dcf91fdceb9b9fdca7c61a1111d63aa,0.53056604,1,0,1
5ffb662019501692112fbebf15d92d01c17f1322,0.019936085,0,0,1
f2d8493ac44995170ff84bb895e3a73e0127cc68,0.15972735,0,0,1
f5ebb9a649e9dd0773f9bd3457d6ce1895266d59,0.03771376,0,0,1
3e08af573f8b50da5202f55df62c925f88a47f3d,0.4144565,0,0,1
cc94767e7eabdfcf9d1cab1d8d1d8556864394c6,0.049452934,0,0,1
d6ad3f01574b839670d4ea5cf82a601eee7e0c16,0.36832002,0,0,1
a2dce32cdab108e7e281dfc27dd0a394e1419ce1,0.026581606,0,0,1
fdf05fa29babe21e64f9a5b268dc8406d449d4f1,0.022591524,0,0,1
0b70b01a9f1d9664bb5eac737175f58f06979b60,0.027889203,0,0,1
7076b7408f06bc8a277f58e7bb6c2ec3372d5d6f,0.2803411,0,0,1
cc6beb2d05347fba64d933906ae2b712b1a43302,0.026221273,0,0,1
c7554151d3f695718a5bd431e22c7f4c39a0b261,0.017819196,0,0,1
ae862ae116f2056421ab8d6e997e7b64a95828a5,0.03885569,0,0,1
d65b9d2bed09847ef28b9ceb30c9f8a96e0c12fe,0.030472986,0,0,1
36217ee164239391c672fdfc8f5bd080beab5c4b,0.08429265,0,0,1
44854912194177d67cdfa1dc765ba684eb013a4c,0.7261813,1,0,1
fd60085a2a3891ab6db46dd3b75e9dd67a7c734a,0.60928893,1,0,1
f4bfd9c71f51fb541d0fd203f0df2e609632dc62,0.1905826,0,0,1
3b6867fc25b5dbf27925fdced660553ea8289dda,0.41529652,0,0,1
ed94e5a5cce33af89dc1b1475204734b17f64bb0,0.50931823,1,0,1
87eff4c78fac85c1b5f2309887f6be5fa2972537,0.04828306,0,0,1
732ea5e94fdf8fef42b5c21d001983fb24d2842a,0.0185525,0,0,1
09d70ce73dd37544c92621eecb7faf062fccbd5b,0.3491461,0,0,1
1dbfaeecbd104a6edae43fcd3350c06a7cb51146,0.04389695,0,0,1
060e66bf995177adfc4d73a2a4c9bea70dc5e441,0.05195711,0,0,1
9a7de3974d64a5410e577933e141797928adca71,0.48118526,0,0,1
1e9e36640f762d29c07d8322c361ece163b179fb,0.030747164,0,0,1
c56b87d6efe530590b6d9a07e41ca00af208ce37,0.44753835,0,0,1
07f3694a5c85ff5ee8c556817c0d2ea3504f26f7,0.61348355,1,0,1
5cb988334179b4f04a27c59c1e6a888db0dbfc9c,0.6615934,1,0,1
713c77ceda21d0c3cc9c213341259d64fb46fdc7,0.6764186,1,0,1
ae924788d9b222beefa1723b3d704975fc4e877a,0.03347665,0,0,1
729bcc46b503c1574c7c93a65e902f436b4ec6ec,0.021040685,0,0,1
1f0dfc31b51a445eb2cfbee5321800cf51e10b67,0.03512928,0,0,1
88654b79c92386b7c411f064cc373e7698a49449,0.20671165,0,0,1
6ea2fc8d38e035bafaa92c7d3b007be38c2e9000,0.025957018,0,0,1
95fce758b0e12837869cae450d8029d7237b0dbb,0.023888178,0,0,1
6ce88517b3af6d48c979b6e984889b69c044561c,0.023746207,0,0,1
b52c69b1b0ba1c542b917247f1f76deb4ce2a42d,0.030968653,0,0,1
125cfb4cab35daebe874a599877d6280b464212b,0.021217689,0,0,1
8e8e78d849825696237b9f540f3e082a44b1e838,0.035483703,0,0,1
6f03c0ce11db4a270124b9bf93338d3db9fccf5c,0.02802874,0,0,1
96a1a31d734e663af5c9bcda58c7bb5870e8a363,0.023665117,0,0,1
7aad59482002d0b4bc3546259d33eab20ce76b9e,0.2623679,0,0,1
c1ffdbab58712cca8463b3edc88f9d5a09b0ca9c,0.0591589,0,0,1
758228f691b34c97f421ed92336772531495e0cc,0.025763012,0,0,1
a26c66a8edcf029ca5f94354cee0db267e9ccc20,0.02343059,0,0,1
a618b844c5a261ced37385ab3947de6e215d46f7,0.031213777,0,0,1
fc409b5791ef8145a791cf7bd9b35d68a4ad3305,0.020294514,0,0,1
8dae1f2904b93127f101bd36c1c79e801385a8f7,0.038880505,0,0,1
4f928504ea91c3c1dd43ce696acadf76624240a1,0.26004183,0,0,1
22c30471564c730b02f5f7cedec28fcfe5749fc6,0.016766991,0,0,1
10122741eac52e218771f30c6dc2c0aca54ff006,0.017872294,0,0,1
e863dcb2e7a654af6b8eb5865d8d1d8eee0a6d28,0.5317282,1,0,1
d8ec011d770e1e04ef4f87fba673f3748f363278,0.027941523,0,0,1
f7cbda67518ed7335566ebf942cd170a66746096,0.39083228,0,0,1
7d061e33e59e23dc4b03378f35f50a7d70f033b3,0.034175154,0,0,1
49a876cb1c2a49583b9184ab58a579ac75525986,0.10755794,0,0,1
6dfc3e64037f10b84fe203415e79e2435acff558,0.13278185,0,0,1
5fb74a6618da0ca8b12a3346038164913a5d27d5,0.22307003,0,0,1
f5a9effebd7209f3fa5385f18a5e59e8a09122f2,0.08083598,0,0,1
c614fbcc79615f93d2c60a153db6e82d7474c425,0.024997452,0,0,1
d575057852ab2be41abb39b8de69a35cace5c67d,0.49122015,0,0,1
c8e61afdb89c58ea8ffaf04593da41ff0888d30e,0.32517546,0,0,1
c3b1fefbad0c67c8556ba6b4573f135197f87598,0.20444345,0,0,1
60412131f3679b720bcaaaf3dea4be666cefea7a,0.029390791,0,0,1
2ce40494073aa4e9bdcba4c39d24727b7141d227,0.029062394,0,0,1
2e9f3a80146262511ca7bcdd3411f095dff4951d,0.028462643,0,0,1
2c0429aabd2632c8c6a242e4a23d5eb6f46035c0,0.12480825,0,0,1
bb3fe2a37975920d1c7b9cf16309d86fe86e1a35,0.15291859,0,0,1
cb686673a70a6f14c35575550c48c37d19a1598b,0.028382977,0,0,1
50ce8c44e1601acffa39f5568f0fc140aade0564,0.03041552,0,0,1
357fe1378889e5934e8f60c8d35397bf63871991,0.24655443,0,0,1
9c886bd4a188c91301029040b3a839e4b8e2812d,0.3177235,0,0,1
8b62c114cfc5fd347bd8cb5a391fdfa8cb539435,0.03129569,0,0,1
56b7ae44f957aeb884efc797ec74c790a7a3abae,0.019676104,0,0,1
17f9d22f334c91e701808808170bf60aae7342f9,0.018227581,0,0,1
9901bf98e4921df1c85e323c4b096b7feb80221e,0.42262885,0,0,1
aff0fae2ec3a7d74356776c183c6986eb9eed520,0.033255477,0,0,1
1415c9a2a6317dbdca6f1fbb530db1f558d9bef5,0.027401766,0,0,1
e51bd89201477092c32c180e4f8d00569db17ac1,0.035078205,0,0,1
152e5d48eac990bb3e08b2409816738020ba9a01,0.025544351,0,0,1
efba54d35fa094de5e580b200a8607bfc7bd5a7a,0.02993924,0,0,1
58a8f12b443d7cbc16ec00b8841138ee55ee6630,0.14883532,0,0,1
e7d16c27629722a93a9d36a0b5e0a3a793850544,0.027754841,0,0,1
3fadfdd69f4682f05563ce53e55743f55813f488,0.02674606,0,0,1
7129c43b08da58e1c907dd2b90bb58e7a09bf85c,0.038457684,0,0,1
bcc4f82a7aca3fe72142bd8d9ab3ac6c9d4d2767,0.63947505,1,0,1
54acb6e10f33d5f71770323e9769d2dcc1130a86,0.026456404,0,0,1
bd4066eba88a772c06394d818d87aedca8bea53c,0.022861762,0,0,1
09ef69c5b51115300da6df43690cd455d83c8027,0.03866997,0,0,1
87937b2e7192524306aa58d74c90537eec997cfa,0.03399152,0,0,1
a5391bb34cbe168f2c5f5f6e8fc3a1eeb9399e13,0.0762423,0,0,1
96cb498f9bb88b534e49f9b8301c9fe7113b2dfe,0.4523835,0,0,1
f4a262df5204221184f1f5008b06957868684a25,0.5763843,1,0,1
81ee0d062c888d8f8bcbc154cd7f0143710f458c,0.15897065,0,0,1
e767af7e7eb8ff7724d5f72709ee4bb7a72d2284,0.16312747,0,0,1
96260205dceea0e4734fa275c8f72a617bd8ebc4,0.21843024,0,0,1
214cc7fd596b575ed07a7d7c1006b46d5c75613d,0.62448823,1,0,1
b610707cd072f07efb816074a4844bb1b31e482c,0.6043362,1,0,1
77febcfa8d3a5e078330c4911a94e399589734e5,0.6581586,1,0,1
4aa4291ffc143486757617b743c9670001f8a7cd,0.38383842,0,0,1
ae6a24dd439a7b778e35b484a3a6eae1a8eb64d7,0.4778854,0,0,1
f56931c176fef5e164b681c740746aebdccccec3,0.027537078,0,0,1
9379d0d36acdf78455e81518b3b1476c7691f056,0.026258789,0,0,1
2521d9619fe1f052ced8ea1107851ac98a1b7488,0.024156064,0,0,1
7721302ae5d70d2986d74ae7e7df648bf849997d,0.027116222,0,0,1
1cec9a6fe588c047daa6c711814453840405561b,0.027474908,0,0,1
a36c903d4f1065bc59f5e6d2bb0f9d92a5e71d83,0.39063397,0,0,1
08aa21f9217df0a28d48be5be5db03ddf4867140,0.030399278,0,0,1
b31877a46009d5ee52af9b5f737dabe241689931,0.034630507,0,0,1
4f4e2b064e98ce1abce98428965f8eed86f4543e,0.56197596,1,0,1
2a11642511a3c69bac5aa1abd83d3219871395e3,0.025460085,0,0,1
ce178d8e87ff6f9a12aea4b217c1e09254936236,0.024984704,0,0,1
b4609c81e41d678cf03898a7cc4a4660beef0f88,0.017002895,0,0,1
f013141f60df0bbbd57388c7bdd01a764ddfc1fd,0.026844643,0,0,1
9fb4f47f352dc1c1f5f20de80840d39e1eebb985,0.075540446,0,0,1
bff752134ba7626ca4cdb11a5a8d743d03af4cd8,0.21376021,0,0,1
3ee9cc840088762c875a9c02531077279f7c237f,0.04036048,0,0,1
54f8d3c02abe04765ffe957e7d412bde2adf58c1,0.03407522,0,0,1
2bcf86d8af125b45d39bd1d43b8375911c551d78,0.019313397,0,0,1
bce28f99f383051b419510ef72531e0f6fa67352,0.021387583,0,0,1
aad2db8b12b8c61556df9df7de4fadc927633504,0.017663227,0,0,1
7e440785d9ccdafc84ae7a50022097dc3dd422e8,0.016911637,0,0,1
d3f2a89ba229c57073e4f2a63a9a7f1053a5720d,0.017848637,0,0,1
d784612d0d3d18b2c3e892b85eaf4e7cff38c9dc,0.021251038,0,0,1
c0779f42c7ca46c4cd3ade6261544b0da733e5d1,0.018747335,0,0,1
ad97f2020253c787e2978093976c3b6716955e32,0.0190775,0,0,1
74c24ad1942abb68c8084e0ab1cf0d6e234a0650,0.016371643,0,0,1
f6f8e5dbedfed0d10bf483b636abac87d90925b3,0.020597462,0,0,1
8912be8a88781518e8e47d37a73d42a03a7e0e8e,0.017003296,0,0,1
4077b57f6dd784b0232db0c66999ff351176c323,0.017055066,0,0,1
6e9f406aacc8444d22c35d50ab2e90afab5cddd6,0.018039372,0,0,1
eabf1aaa2523d3f4dc9c99631cc42cb03fa61372,0.019604463,0,0,1
5445f22747d0aba7d9c42d37fb596e29ca51bcbc,0.018951021,0,0,1
3e58ab33b9c294817699ce18277aa6e772d3ee4f,0.017375812,0,0,1
0b14928ee447a59f69bcaa87051af62300c72c84,0.016472796,0,0,1
89f3d989e0bd78f4db8db1d3fc39a50ae5c66c37,0.016367475,0,0,1
729adb624d3e720afb8686093814ab2bcc2d2f13,0.042942874,0,0,1
dd761382d3cfdc11b5de0cb1246de4567cdf2fc2,0.028446615,0,0,1
762641dcdbae9456aa2b72ec8fa1baa0acab942f,0.022563389,0,0,1
884d273f4207095f881167b3398fc2a55617ee9a,0.026486078,0,0,1
cbc8e0b2952164f97779c9a5fadca6acd2600ae2,0.022266608,0,0,1
182e335432fe4634d770c5861be40dacf1816f0c,0.040140085,0,0,1
f110da945a8af0914f348cfe576b5a8257159fd9,0.035217196,0,0,1
47a9ea7c828772625b9e26c0c7a6db494ea626a3,0.024396155,0,0,1
94beded83960af2a15992f6cec8f1f59d1f3c051,0.028819297,0,0,1
46c9b97454b17150b3ee7b2de973eae4aed8522a,0.5832929,1,1,1
ed3c3be6015564a3d542dcccb68123ff1a846ec4,0.17806016,0,1,1
1fa1b9ec8b48e6a3e69a2629b051927bd70305c8,0.39054534,0,1,1
addf9529dd35a7a01b3baee7472736dcff28d294,0.41432583,0,1,1
31ca60623ff48b6b4563ee81901486277610c34b,0.29623687,0,1,1
d0af24cdff2aecc9c63affbb395759d8ab44aee4,0.6077549,1,1,1
c266a88173dd8d12da5519f0b4f114e9441e92d6,0.19818592,0,1,1
760661dfd35d3c51f4aaddf914b32223787ad0c7,0.2544442,0,1,1
60de42750746ab7aa387e2946accd62bcc88a626,0.1073152,0,1,1
1f8cfe7d2b2306384243cae9a45de523f4e0a8f8,0.5813339,1,1,1
ac306ed984bc863a37731a1cb73c415b7658a7e9,0.4324284,0,1,1
d8bbd2f6cb457e84429ef13425851beb272a09af,0.56395173,1,1,1
4a8be9a26366fd482a0b7075bda48f6562dacb2a,0.4074036,0,1,1
ac65ef8457de014462967ee6d9354ed43cace618,0.39639446,0,1,1
9ff7ca5e6079b51ffc3c1bd93380db8f5dbc6e86,0.5213896,1,1,1
bcba9364c60b6b24dc916b1f30af6912c73949e6,0.42378712,0,1,1
5e305c6a2c7d0e3d2dfc9c07a702167f55944373,0.5016604,1,1,1
9d090d40ef488c6c8e0784da877b93a05034e339,0.48371413,0,1,1
1ab1a17fd37c377d96c8b41f41178ef1498c7fb5,0.46490976,0,1,1
50a124bf76c36d47d797306ccadcb3d97c43caca,0.45518348,0,1,1
65302de24316b21a3955265203c60cf663067743,0.4730705,0,1,1
34074f97a0a0572518c8736a30f017563cd7e9b3,0.2852578,0,1,1
8ade49c09a726757d9a479f0a310d77d79d6819f,0.53900164,1,1,1
a4ae7b2374bfab3729937f8e293f3621d3b07654,0.22310823,0,1,1
1e7d8d6f659709d694587261774b03fd93340d0e,0.40130237,0,0,1
e96cf344ddaaf7efe4a7e1f3fc79bd2656bdb63a,0.36146533,0,0,1
55ebc7bc2c7ef36f27f3433f581fb300c4093178,0.020280927,0,0,1
4db794070fa2f8a20fa761e1849ae4a2ebcdd838,0.0179812,0,0,1
616cad1f99efc4d4bbb2220225e7169355197b3f,0.081902504,0,0,1
cb10f50d16626e5fe0c3f6b177efe234a04cbff5,0.05796645,0,0,1
727f55cccfe0310487271a148f185e41f3775c8e,0.06971692,0,0,1
061d70dd783a9150601fc884cc93831d39efd751,0.058114316,0,0,1
b26a3b41b047cdcc37aa65625075fa621d13f66e,0.015627129,0,0,1
56db2c59b0c6ff261f22b8e45d4f26b6e5c51f5f,0.18680577,0,0,1
de559667c7f469bdc9b44661d8d7ff552efee45d,0.10781911,0,0,1
2fec372148a0d8a77e5aaede4af677a644b1f2e1,0.28581852,0,0,1
4115f80821f408d6bf57651dc9ac6f8a296f8790,0.08651555,0,0,1
8fe92b712ea7e5041bbbcbfccb32d6b68d6422f6,0.018166749,0,0,1
131a120d7e3fc8cedf6552f9e5fdb4ff933a7386,0.14016671,0,0,1
e7e48da660e17bbe5c0f8959c2cb9f6d60555cab,0.018378418,0,0,1
b77ce8229b93b02e7acb48b88f904312348005f9,0.22536398,0,0,1
6e790e42d80700474fd942c466dd9013c1056263,0.02467679,0,0,1
9eeb9c1507dd319eddb3ba9e21667d3101f1371b,0.025261497,0,0,1
72ea0f2be8d01e1559aff14889967c8ccbf1822f,0.20637874,0,0,1
d75f0c4266157c351d9df54d877c79eaa0fc3516,0.5014116,1,0,1
c5192345305636887229eb7ae0829d621effc2b4,0.36375955,0,0,1
aee94d0b51becdc83ea4a74e86b242d0ca3d6f0a,0.01565435,0,0,1
506d027199a615962ad5df482f077792841a01c1,0.2151199,0,0,1
5555226cf8d009ee9fdb9164a919e96d768c529e,0.023715395,0,0,1
ebf09d320172073e83a57fa7cfbd2c53f660e1c1,0.062565595,0,0,1
c3d192479bc0727ea892f75b3d98f08eaf58ec70,0.24825066,0,0,1
a9d7cc5a03cddeae813b36e1949d373602749e59,0.11923593,0,0,1
41bdc4e2626a9009b0a0be4d25e182d7929770a8,0.09732777,0,0,1
dfadc09fb25e22ef01021bb5a062b721f80e26fc,0.09885326,0,0,1
2e6efa8f0eff04d95fc55fe0c3bd0f78a72bbc1b,0.320984,0,0,1
e68628bb255ff74b33ae19a37e17058806d9592a,0.016531378,0,0,1
752a551c95abe091bd69a4c68c8f9d900e5e3b67,0.111826085,0,0,1
b8f3226deacb7b4f969875c88670af85884dc531,0.08468039,0,0,1
1eeecab0f038a35b93faf57e0a9b85b733285a16,0.55588007,1,0,1
487861257d138ed7b0eedeed48bca28c7d0c4134,0.04337565,0,0,1
9a06c433d25aa93fc8e192e1f3310b77cf61acb0,0.045986958,0,0,1
d7eb24cbc1fbdfd09ac61daf4b78022c8641aec3,0.4609717,0,0,1
efa533b3a01e42af04770f8c4ccd49fbc369f374,0.34715754,0,0,1
fdf3d2c2a275f384fa6361f705f73bfdd0a29b88,0.01167681,0,0,1
17ecff749acf32ddeb8c8e9883491503b8d953a0,0.015977314,0,0,1
3ac7c4c9da9c15f3b2762ec6786fdf7f46a76f75,0.5156859,1,0,1
fd10c3d7db77ae3274c89c8fa926c0b5ecda520d,0.031869683,0,0,1
d219afb072c0786e1195479d9bf1731ad8c6da1f,0.56458557,1,0,1
61d2ab41b1d40984be06fbff282c89997f2952e5,0.41878217,0,0,1
809652a391eca056eebc494d106a4bb0ceefdd59,0.7069762,1,0,1
e2c979909b4486962e5fab150e615f66bd46164c,0.31561756,0,0,1
a4a8f826376808e955a226fc7415a30dfa04ff34,0.44341245,0,0,1
c422412d32e14e8afa259124b75f864b4c8833be,0.52817935,1,0,1
76fa83ce78b09a69418a028402eb3011fee5298c,0.01753761,0,0,1
fb85a39f461baa097aad5fbe026673b190574a10,0.018822476,0,0,1
a9a7910409756eeb5aeeb729ee612bad014a7edd,0.016503818,0,0,1
be045051b6193d80af768f0dbc3caf35f78838bd,0.019509358,0,0,1
19783e58f789c44a5595b8f50e14842121e0dbfa,0.022684975,0,0,1
b262d06a27c3d1e7f0b970ef86b16a6270f9119d,0.62504417,1,0,1
59f559ad79c588b648e14950af68e4436e37705d,0.43163913,0,0,1
cb5b5c3d7c87b141078fafe1e19571be8318add8,0.015278782,0,0,1
4b325fe9ccc7dc239fc338dbb97baeb5cbfee3c8,0.012024299,0,0,1
0c0d1df4c310e989855557ec1f22a59f0bc51266,0.011634611,0,0,1
50fe5b9dc521e0833e62df1f2a1b917c9c26105b,0.018920941,0,0,1
306f43c22f3c087e7f541f0083b60068cb8663cf,0.015949972,0,0,1
bc21e8bde6b30b563f4e6c7d321adf128855de9f,0.036283724,0,0,1
32f3b815c9340c9d72e4c65de37488b6a8cdebbf,0.015900511,0,0,1
c2be3466f161ce090ba100107ae4513d45fc60fe,0.036255363,0,0,1
330a6717c673a69996160846513d74f6bb096e3c,0.07413171,0,0,1
b01fe9bf2a54859d6e2d908d04aa760cf37b4674,0.1502716,0,0,1
231850ff0bfbf6883b74b9a2cedb02d30fd6b931,0.19750151,0,0,1
90124986fa98f10b88d0676bfaa612db9d152a2b,0.48079047,0,0,1
d225362cb1753ac98af81477ad4d318e783500e8,0.13375033,0,0,1
20a4cc7811893962b8e21fdf2f52edcff611e803,0.53617024,1,0,1
5337e4e7a559293c8c18adaae3d89f0bd150f821,0.16002342,0,0,1
0e2f4d6f33eb3b74142e1bc2f53dc0d292191b83,0.02795447,0,0,1
e0aba3e6ccb8166991907ec82e38a58378af9b12,0.2773247,0,0,1
7caaa91a86e1cf827a6fde2e5a04aed2859ac980,0.28889248,0,0,1
1bde5cd5bfd78ce4f0b39e66439966688380a0b9,0.054193668,0,0,1
5e34e05fd8e4ce1204e19eaf34e55aa95df4c5c0,0.014750905,0,0,1
9fb2ca62d1cd49e037d14fb35a00d75a6266a8ea,0.5927164,1,0,1
0a3c3449fe484d17b04516d562226337c1b10255,0.12157956,0,0,1
d822758c2d452f6cc75014bb773f9badc3d8fb07,0.07343331,0,0,1
33df0280d9cbe0f2ad2ec3bceea0bebdf1eaa43c,0.24469365,0,0,1
85b6e11636bc561ac4a866ece232ddea65b2f39a,0.07411811,0,0,1
3426c6e089b41243648033f9cd9ed6dcbb0968bb,0.0127394125,0,0,1
1762d632b7c343fc524e1e6495babeaf2b9b8550,0.016123815,0,0,1
966226bd2af09ecfdd470d049a9ea1075dc4289a,0.10832562,0,0,1
00104e73df37ae873fd6a6b2b9e0b69bd940ec25,0.14254038,0,0,1
cd2d049fac6301077e0e5f441edb55bd71930448,0.44468898,0,0,1
c0277c63ac45e691270e5c7b41844ccaec02bc47,0.051336404,0,0,1
92e5980b81abbc34a81fe4b07596253653002c48,0.11083116,0,0,1
6eda86daf5dc2668edf4e352b6eed7cbe0dff5e5,0.24533935,0,0,1
a31fe81abad3509c3421f3084326a5d3f3606012,0.18243898,0,0,1
45113dcfed17aa8cfb9777bbce366a1fe9af65df,0.06810961,0,0,1
f6d1a4d9d0fa98e275bef1a65cd40374bfe751be,0.29261276,0,0,1
fa0e3dd534bc53e5923327dfc8dc1d39fe369586,0.047220677,0,0,1
ff519f3d36dc3b4751a06e47def7f7551cc121fe,0.033165943,0,0,1
12f145e46190bea7d100aae6ab45ea0e486be12c,0.01305006,0,0,1
53468c6803842a1c699f16b3cd7e4c935e60de2d,0.036961343,0,0,1
55758ab02604154cab4d44f637358625f2fd897d,0.11612967,0,0,1
4450add7927f8fc8b6ef630af09ab5bc2aa44b0e,0.42114952,0,0,1
31044ba56dc378d68c04334b66344a718116821a,0.31578565,0,0,1
452081a36e6e649ec8958f74a780ddab52e74644,0.03749897,0,0,1
6512d665aab8b9c5760043b64cced13134c5ef10,0.14436154,0,0,1
9524915162881d999befa134a42969bb7a02cda0,0.07043889,0,0,1
f1bb5ed022dfd002221d6e41b1864381d5bf68d4,0.014825548,0,0,1
06adc0bd7e8774da1f02d621b58d01acef940fd2,0.057814997,0,0,1
d4267c5a70f24b96bb96a2e1d3695cfaeaca91ac,0.08352126,0,0,1
414018941927a4b55b1d730fd9091e14eb1feb42,0.029381668,0,0,1
5e3fd2b36e87e86dabb0649f867d464b68dbe61b,0.18048504,0,0,1
83b950724307dc1551a7325961be1da89acbabf0,0.28177854,0,0,1
a19fae7262f9212ada7acde170ded85a12720705,0.014249701,0,0,1
77a30c218d8b1505a9ed450e62625321bdf000fb,0.012549908,0,0,1
e8d76ef9c72325b773b9141a8566ce1147c1ebc6,0.019690739,0,0,1
ab2fd4f98af4d34de1a5ed28c6424c0686f05ed4,0.037776418,0,0,1
2586f75769dc9c82de31c47412f3b41076a9c55b,0.045272958,0,0,1
f3eae24d5955de2a2b98b677718f29edbadd7b97,0.1698917,0,0,1
36259f7c1c9491b70687a7961dc865498b269d23,0.060647123,0,0,1
c34b95d8ca27574c979acf99ee8fb81ab4227cc9,0.014969077,0,0,1
45c80e3aae8710e386a4f7560d45ca1f14e5b5f8,0.4623962,0,0,1
5d369c4fc53a2ef5c47f16eced9fe917a87146a9,0.09168202,0,0,1
8834ab9d6553eff2c2389cc8f6dd3060d2107242,0.06206719,0,0,1
349bec6e65e6abb1d69ba18336e60e3296bb8673,0.19794159,0,0,1
02ae1898a1bc9eb7fe541072b6bd1ac0dbf6a915,0.17489035,0,0,1
558f84322cefd02246c49666d7e7a3b2e2cddc13,0.14446875,0,0,1
5379e899b05a2fe89c1c52f2b90ebdc7127e2c5b,0.13904592,0,0,1
7e3ba40585f473071bb3b05d155d3474f39d7575,0.17778292,0,0,1
92dd4eb80de367ec8df62ee8aa4fcaf40f3eb16e,0.077451125,0,0,1
f42e49c710e732f9be1efe22568f72d6db699192,0.06224512,0,0,1
208e8af1160c871a98547aa02a2be048a8d18530,0.07563895,0,0,1
96e16497119db404a4e59709e022d4f9564d23e6,0.20516513,0,0,1
acf58cffc617b2328c70acaf22026cfaadfcb592,0.12431293,0,0,1
19af5379fa93633e2c7bc0326fc5f3b28aaf192f,0.49509612,0,0,1
0af2fc75f2a7a9e6f5021c68c7d503feb596bd52,0.12022145,0,0,1
9313bac710b3c71d0c7d5d196550bbe88314647e,0.4693694,0,0,1
599448703d8922923874db240f29f2669cffc71e,0.17410779,0,0,1
8138f8c25af368ba6b31e6c0885265cf0783d6d8,0.15581243,0,0,1
bec3eaa55584966aeab7ad00cb16b07656b82553,0.020275291,0,0,1
fa4642768201907dad2d4e37009bf73cc2890ba2,0.047974285,0,0,1
370657f48e607266ea493d5949875322e7d32849,0.2450485,0,0,1
9b4a86e68cea12630e5ade386ec78d29d9b8a466,0.199153,0,0,1
c9fd4d57412828c0df0cd68cc40677e822ecbfe7,0.17745899,0,0,1
ab4a888d3863dd22c6828b01e3e840b4013c70a9,0.20945188,0,0,1
cd299336abb873f53664063e0a977650f22fe8f3,0.016132206,0,0,1
6f254e5e71609487a6dc99b2858252569039abd4,0.16243508,0,0,1
c038c0c1c317861366eae15f3b3dc70d9e927992,0.48813155,0,0,1
d5c724671fd72d49ec416e7fd086220ef7c8f4e2,0.3597422,0,0,1
ddaa71735ac8c1e7875d4b7bfe30c92921389982,0.018963207,0,0,1
6697e685dd8d3bb7a41c65a013276e79910203f5,0.5000183,1,0,1
796a288e0c2e17ddf7dc44a4cd790a7eab4e158d,0.21691994,0,0,1
057b36f3f0235f39b65ede6292dbdd4546201666,0.147763,0,0,1
e68020c44a66557c13422e416b8c388f6f2d3835,0.26606622,0,0,1
108c5edc91122f913d6962d557e497da18a66067,0.15795441,0,0,1
9cf95344c06ae96954cacee357694253d12559a7,0.43114626,0,0,1
f6b86b380606073a2847b8926d893be047903995,0.6673805,1,0,1
4564a17fb24a851771f83a614d0bde5bae05bcfa,0.394189,0,0,1
58c67ff22e0a1531d28369ce52f7b30b4ec3d434,0.2734129,0,0,1
4a62504cbd24ad342769ef538e31e91f311f72dd,0.55272377,1,0,1
b785836d28f31bee038d45e33374c4ec5e15b435,0.32671034,0,0,1
72ff538d79184b2542502edbbbb4b6e38d2a71c2,0.38351282,0,0,1
e477b4c1b4f8b32ad5b90287146ffa9ad1b811c1,0.36228096,0,0,1
c9aaf4d4fc9b9dd31f61d95fdbafc820ca470910,0.13330396,0,0,1
c296d280f5c66277a7f0b6fcd0843eb7ad061858,0.1681201,0,0,1
01a27abd5809c9fe5a552bd081991af301ab7459,0.01177158,0,0,1
d969913836215396e8f586ffe6e0151c47d057c5,0.4449165,0,0,1
9a8268b53dc2d9bec4c227c454b815d68fae0f11,0.18641078,0,0,1
76036954547d0ead559f4e7b258019b3355d05a4,0.0239928,0,0,1
ac37d8d64c3f5aeb0032f420ea976712947f2cc6,0.18842866,0,0,1
3a7c1a0ec0ef23e318e465fc5cafeebf544f10be,0.22785792,0,0,1
d651fb37e5a3ebc1f0a4241fe569d13f6e460bae,0.57702166,1,0,1
43a4141d3eab58255bd74a0e433fe54fbeee5ec4,0.54667896,1,0,1
bd93ccda0479075258d18c1596d1c6408ab854f2,0.13502161,0,0,1
e759649cdd49383c850d9d38eba21d0aab4df930,0.36671653,0,0,1
e4c5b3536ee6df12f621583a2bcf5da9f576015f,0.36251628,0,0,1
1c95a2a5d9e40d1b7d8b4626890ff1babc4f8862,0.16951272,0,0,1
1acb3d3f5f8230e4329be95644c9f433b75bf0cb,0.011675918,0,0,1
d8f9af13ba04b2b483f6d441d1c4071174726988,0.015828848,0,0,1
afa886998bb8ea7efaa2ba1c4547dbf398cc86d8,0.015688932,0,0,1
3817c05c41caa37a46f114ae995a439b68f46c18,0.22770062,0,0,1
5cf11219eed630818a4ec33da3aa78486e02ee5b,0.33452508,0,0,1
1f53268e6c72cb65abecb04826c5e4243418789a,0.21393335,0,0,1
c93eb599030a1b151300fab3aff28a1bdff5905e,0.08009627,0,0,1
5c76214e780ded02c42788f7031c36864352dd62,0.12430054,0,0,1
e6ba4903c70f15a22637d21a49fe49baa8370dc1,0.14772485,0,0,1
cf9cc619ffdc632b9fca6add307da0243d34bc20,0.38471898,0,0,1
91170b25ed8503338b905ab1e962f9fd9ca2b70b,0.024346845,0,0,1
056f2e0e0ff61dd3bcc63791214bfd87e60726b1,0.035289783,0,0,1
d13cf6f856458e50e8e4528b5be87505fece74ee,0.03812837,0,0,1
72e2cda2f031bccb6cba1547981fba70f5d34327,0.13171941,0,0,1
f57b0881bcc8733ea6b3e47e7345913b0662f03c,0.024419654,0,0,1
7ac4da1c3a1583ab4e288bfe47bfd9ba45655d45,0.07982927,0,0,1
dfd5f19d42454efe3f9ab3f290ab219c96659eee,0.30783495,0,0,1
de2bea7643c2a1324a90c9e6931ee37a1d9e0f4c,0.47977427,0,0,1
a4c2318b1c86fd267e490818311859de7130c6d8,0.35836905,0,0,1
7fabd00432b9974240f1df75e1e7fa63ba276589,0.20178746,0,0,1
1863723f01e10e3930def14b89e12322bc6f9217,0.18181035,0,0,1
e08fbb9e9adffc54c5ad87ddfd57b590e65ef862,0.20093691,0,0,1
f5e5d18165434e8ee03d980373e883850a3f8cdc,0.018313585,0,0,1
2d935482d9b026ccd2cb2b55fcb05380a4466500,0.017242115,0,0,1
d08c40e1af3570b58733be06dc5bd227b44e30fd,0.02747559,0,0,1
98d829eb6af5449ac27b66382952de37602ebe4e,0.14748347,0,0,1
42874dde9a3ae6dd3d6b49b8c78b4bf4c7f893c1,0.14993325,0,0,1
51bf45a89751196f24c72878d568c50c307e6cc8,0.20708913,0,0,1
fb7aae4c64f7d2bf6dced00c49c3ffc428b2d572,0.27406597,0,0,1
d378d22b164cc87b517b99af7f14e0c7cbc83faa,0.82452416,1,1,1
d02934150a04489fa20f108d6695055c85dcc206,0.45364535,0,1,1
416444191683859a50a112b865f84fc2503d057f,0.5260835,1,1,1
30117b78f52a32cd9ce0029025e38a0ff7962c47,0.76818144,1,1,1
989135e762d3f00767240e7b42ee9e1cccbe43dd,0.78182065,1,1,1
12cd61925c37177a82d2adc76f6475e662030e12,0.2882304,0,1,1
17f4a06be88ed9c950e562aa72755c7a493b8ae9,0.41925025,0,1,1
c3768b0fba8f2f565118c611f4ced4bd6143d022,0.45346192,0,1,1
16d64a96a0a07468bb8b2d3293d374bd4373cd70,0.02390151,0,0,1
1f0919e28420fbd1568ea1c1fd4cf7b46eca9b04,0.037095517,0,0,1
4e347adfdb1a84535440d6c9f392d134a84969fd,0.031322215,0,0,1
9818f5ce6f76224f0d5d5c8ad583d854b8cc6872,0.075432315,0,0,1
dca231dd1b2629f45e65cf46b6f91803fb448aa2,0.16795993,0,0,1
9930786b2d05890fd071332dd1b9d7d7ad0e1b3d,0.021551892,0,0,1
b367c37c2e92ae652e49b361425bdc7ab3390f25,0.014747282,0,0,1
bbd32a63be1334620c1f52bcf4494de4b1e6931c,0.08871413,0,0,1
6868968abdfb03229bb0dd60e57a502db45394bc,0.03240019,0,0,1
3fcfac543d8e54b93695ea5f32b1820c5e5849dd,0.13881907,0,0,1
af50960c662e2d006dccd4156ca85ba3b2d3d5b9,0.01900554,0,0,1
99d1ccf360643d89b88bdd218fa917d365d95cde,0.015442114,0,0,1
3c32e5384eec3142bb017fde824dd1cc0db48876,0.017482279,0,0,1
b4621118821f29afd3d5ea47eb8a684f4e5ed3ee,0.033943694,0,0,1
eb3f760c1c38fe3910d979e75093da67f685e2f5,0.01584261,0,0,1
efb03bdc301d917b746e6716f2a074f54ded723b,0.016682427,0,0,1
3ff71911718c07ca1016ca855aece547061db85e,0.014578906,0,0,1
01f84f2b0d9c13ac82ad471469b6a5692d0f8cbb,0.3497143,0,0,1
a95c1598ef693cbd7d874c33eae82433693b75d4,0.019492285,0,0,1
6fb796db3d138b4e97dc1fceadf6bfdad74a3533,0.09098458,0,0,1
cae430631d5472394441cc82e142103c3a70dc83,0.071133174,0,0,1
47b76cc60f7b73188cbb47a0879aabfa0228be31,0.015504602,0,0,1
c64d12958fc711d667f26d0173bbaf96157d629a,0.06935605,0,0,1
643590426ee7255ee5e1e661b9e2ac8a9052dbed,0.061137885,0,0,1
31ad1256c66f47e58b7ef40955953e4a1c6bdbf0,0.03107696,0,0,1
3c984c22552eda0fb5b200efb3f239213a4a04ca,0.013011731,0,0,1
95db7d0aab9bea25d3a14db42a7787ef77861f45,0.07373684,0,0,1
40f0cea10371f88cf29e634bedb1ee7736ec14e5,0.057040896,0,0,1
1d6f5e40ff44f08fa67c6a2b57f7ae4a5e4b0be6,0.036599584,0,0,1
e0270b0562d42658a57c4fcbf0cddfb5673baf5c,0.08024567,0,0,1
6eebee491388abd2ad61a15d3f28b167c9f0f7dd,0.061366916,0,0,1
3866c74f9a5cf7afa7fe5366fd056e92e0551191,0.38282722,0,0,1
ae3f537711b1375c4892130d65cb60928549cf58,0.025589077,0,0,1
49c3caccf463ee26dffacdf11356ff4fadbd854f,0.050498415,0,0,1
25ac3249dc2a40bd52ceccc9251c8446b036d197,0.032744963,0,0,1
6ce9662add46e3cf144be07f7ebf18e2d25a7abc,0.023067366,0,0,1
111c4a5e54dbb1bec6537eca02618e2287bd23be,0.035327174,0,0,1
e30788367dc7ce4e4e2d8152bc7370af8ac2fd0c,0.4486766,0,0,1
b1875ac1abf9ae86f5a589c5144c8c9902a1dfa2,0.4983907,0,0,1
307ed458578e68e68918d3ccdcf4798c57e084f2,0.40422642,0,0,1
0caff290df54a8a3b653840fe257fea94807d697,0.03022399,0,0,1
b44b3d95b321cef0281cdf130e8c286bfdcd60af,0.026485516,0,0,1
8f77bd63d8b5b2ab593b134fef2bf5e59bed0441,0.32738507,0,0,1
4e410e068b8d367c53766a7da712b1b6f3fd8101,0.02720052,0,0,1
2412c90ba5584fed123fa6a33e752e6c8eaf74e9,0.028093068,0,0,1
47ed0c7cdcb4d516e41769e38a9cd5ef4d01713d,0.02549847,0,0,1
f5ea49326cd5c09f0782b0d1bcbdcde9053ee316,0.6531256,1,0,1
7b0388878e522468f90ea163b15ccfba05616c95,0.020203656,0,0,1
3a44d5871521f1abcfb65caf81ac28811260bb69,0.45518115,0,0,1
a653374b2871d67f51cbb4ad2083444e9c3afe1c,0.07913594,0,0,1
430f96525f80fe4909208ee4d2aaff81c312aff5,0.052697394,0,0,1
295d46aeedf3660d89d6c578b84c410089f9b1b9,0.078068316,0,0,1
7c05411f80b6748b6b2197d2014bb98c8b0857c0,0.09320003,0,0,1
140846cf81678649b6bc29497c3534aebaa1f6c3,0.06392806,0,0,1
0d0e7bce86d9f17e95dd39a20b9781121a0e5b56,0.041000966,0,0,1
0512bc21bf4d0f1e391e4158adf0ae145d408ee6,0.1445065,0,0,1
283e14cbbdfa5bd246a3ea9dee5739959f64b4c5,0.021309864,0,0,1
354b72afb59ff145afffebbeac8a7478d4140e75,0.22531421,0,0,1
15c72674ebb4bd99790de97b5645f1531a3a7c00,0.14013542,0,0,1
1a3d74470eab60d668859571938b470723726139,0.019767264,0,0,1
330d5cf99c1eefe3fe86dae260a8873068650866,0.28705662,0,0,1
586b6ee15f526d585628a7162d10f08deea6a93e,0.01605969,0,0,1
71491e23d68df50555c52db62ae9bfc0a2543b6a,0.019970477,0,0,1
e56b2b598a2742ae8ac97ada82a97655b538ee94,0.01900964,0,0,1
3d129b7e2f6373f7885336225d3edc93b3f624d2,0.015746692,0,0,1
4d3dc80e4b3f7fd0e034d544345a568d6d5c5d26,0.02421573,0,0,1
269e6693ca1f05bb7e2623c538b9b934fa688f41,0.023905538,0,0,1
c2452a5af3b2f1db542175221dbc19eb492f02f3,0.034542166,0,0,1
9ac217fc697b3afd0963b897edbfac265ba2f571,0.23232839,0,0,1
a5f357667b195f9cbebc1d1de8f70c6e0c28dc3f,0.017066853,0,0,1
c3d13908a2e8ca7b9832fa693ca72bc228a4e92d,0.042901948,0,0,1
283351276ff704df65779624e195701a21f0e25c,0.030300872,0,0,1
38e3e41049464fa3b8ffc1e810f87c18d91a7bc4,0.026000112,0,0,1
49eaf68b54f4114a0176ee56790d8415fd64876a,0.02296837,0,0,1
42308f780fe3d0c2223c121493f97c747226bc17,0.17697936,0,0,1
a097839338082366071d8a1e0b68e9762459b634,0.34708086,0,0,1
10ffa59e1b117b507544f2977ceecfcc2d7800f9,0.1926104,0,0,1
a33d634e68061f507e9ac62ad185158b58e502ee,0.3477022,0,0,1
ce5ead2f93b92c815f1304fd51dc3fd3338cf19b,0.32339394,0,0,1
3e26470374ecdfd77ac29a0f1b99c4030abdc6f5,0.18889698,0,0,1
2f86fe76da3a8c488a0bdaba147c826f19e65944,0.18007562,0,0,1
0e7457b00b0a7f0c18eb80d3311e1ec0c5971a8e,0.37242776,0,0,1
d4b340c85f5141a73daf678dc22dd6af90c4796c,0.3756541,0,0,1
e8ebc1e1dfe2b0bb7b9f549ff35bd2d1a1fcd2f4,0.13870917,0,0,1
fb85082c40dfaf4af4a671c57272927657d1e983,0.22851215,0,0,1
01f60b1a57a63348ee59101e70faefa58b5aee74,0.24925797,0,0,1
cbe2d5b469cefc3f03fc95725d57149a31755c40,0.38032728,0,0,1
a76f39d4b284633c6792d8c7977abf8fb52a017b,0.04628009,0,0,1
97a64af2d6adc157f6ec9e4d4855b2924caa69ac,0.19153714,0,0,1
5e2559e3ac936ed985d5fa9d7160a284b9a83644,0.32666013,0,0,1
dbd77cf4fb93996fb7f312bba2aaddb87e5d6a39,0.33661148,0,0,1
4fec4e856d81145bdc59307aaf4d8b1ee4374601,0.5223743,1,0,1
1e8be6ff174f1d7027e848d5788d63ef9827c659,0.45424128,0,0,1
0847a34f6d1f15d3d35ddd9f3283d54c1355b299,0.020864466,0,0,1
d1cc91686abf34d073ffc496506da9ef712984b5,0.02218748,0,0,1
0030e4bbbd3cd3cea505bb1e4f1edbfec5986fd1,0.19346939,0,0,1
3b6dec3c581f883cf9dff6f04512011cf277f586,0.120195486,0,0,1
c44f209fe457fc6593b09bbec020680665da5443,0.7457453,1,0,1
c1ea2007d4f6527bd174869603f53841380b5c31,0.031063061,0,0,1
87361f16b0eb35ab5fe25fe2ce3cb57a96dcedbb,0.020450445,0,0,1
f10f849935076a7c773283789c75a4c35b9e6c03,0.0201049,0,0,1
034be5fcdabeed034bfb562ae7014e021caadd7f,0.1783608,0,0,1
8c52cbf8dcba19310a569a23ad3e940836b5e7ce,0.021405503,0,0,1
9d4e26a501903d404a809acc8ce93df1751a5429,0.3653111,0,0,1
7dbcbaa0d72723a1682dfe340fe05b2f0d3cd3a7,0.3160144,0,0,1
b3240c0b4dec02d8a511b831e07eb0d03094f677,0.036653936,0,0,1
8fd7e711bfe61b7ac7ee82646bb40fed95cedc8c,0.058361795,0,0,1
d37a2097286c6385bf8cc757944bb3568672d873,0.023691481,0,0,1
39ed7bdf558cd8286e62492f6c91d2af73f807aa,0.08584961,0,0,1
100bab5d8bdcbf802af6437fcd778e7f2b9bffbb,0.020509826,0,0,1
6523431f5c00d94a814abc2ad8ba06edc65e1ee7,0.06172732,0,0,1
21892745c86fa03b465cdfabb99554e9659b1941,0.027071277,0,0,1
511499162fc2ea958f3c78b1081225d335b52227,0.16094986,0,0,1
fe718980550f0221041cfdb56f83638c328cfb9d,0.028420089,0,0,1
8f577fbc1c44a4e5e39551cad677978452ea0797,0.5585961,1,0,1
76c125c3b74a390a39cdcd6666cf7e9cea0e5c1d,0.4306502,0,1,1
ab1ee1b68b15234b62a840c4b1f6d2485d771450,0.44341302,0,1,1
37ba197e62d6b60037d18afc33801e6221f1b8c6,0.77289355,1,1,1
5b2806103d5e6d4a7a6df1ebc8d88005ad7731be,0.7327745,1,1,1
28b7b958d39730fc278fd1919bf335c52133a1a2,0.6608213,1,1,1
9c881675d214b95fcf861b69b4204bcd7932f66b,0.6194749,1,1,1
05f878016d583b58806e59de862fca60e2e69d67,0.5067945,1,1,1
203918573c29676b179b673aa7e41366dc4215d9,0.5122606,1,1,1
c5154bc584847d19e75c421b71e2f3499164d2a9,0.024108654,0,0,1
4063338a3c8c87657a75c3c45a8b69560fee0e57,0.013567688,0,0,1
803e5eef54ae9033a4e180e9d7828dacd2db3dd0,0.017850911,0,0,1
b88b3870a996b61ae6a1f865586c97794a1f3038,0.15671521,0,0,1
9bc3701fc327a1730381bea688f62da60891fd40,0.019947568,0,0,1
fb09a1d1244fe0331a05418f5ccd32b62f2200e7,0.17293745,0,0,1
8fc193527df27beeeb638e6e812e8c4df6c72f46,0.012116368,0,0,1
c82fe35c48bd0082c16644d16d82d1be79d6b9d1,0.022391437,0,0,1
2ae03e1633ec0a79761b215e8eae2574106bec99,0.023859926,0,0,1
158d178c58e892ba87d782ecf436d30c038d464e,0.09218713,0,0,1
91901434bd199b104bac6eb89769f78d97f18f3e,0.10394525,0,0,1
f983a961455efed4dbfbfb7623e43941ba8d31e3,0.012730221,0,0,1
afc89ebca46a71a9a3a91c9ddea6e17b49282479,0.03299414,0,0,1
1b7b452c7e49efd2bf6fbca0b4239c7aedc993db,0.018587897,0,0,1
7388ec14401571d45af94906310e136463f7dd58,0.06461837,0,0,1
ce54f3476745a68d02b1db11444b71c758b1d1bb,0.10576953,0,0,1
7f35bd3eed6182c040155d1b672b9e34f89667bb,0.011991059,0,0,1
1f0d32796cd7f4419069b1c6d738895c753c6916,0.01407932,0,0,1
07cd4567d96f916c20af10e2779e44d21c9ac703,0.027136682,0,0,1
895315e100486f5778f13106c4ea4f3440eb1298,0.017010568,0,0,1
4970841052d709afe55d975ac82eaa1c0d385477,0.5525235,1,0,1
a82070e546d2c2f871895d32cd2f6629480c02bc,0.026533088,0,0,1
82d967a3f9e3d4c1927ff682d0df7a09399df7b6,0.33170363,0,0,1
b120a8574071197ee494c6f272bf0f4d2e93c2c5,0.19849227,0,0,1
e8c09f05be1310ea2ded05bdd808c46a1e4485e2,0.178773,0,0,1
b184666c1975fa4050121c694e09a88060854eec,0.028747631,0,0,1
b83e111c619232be9ba0a7bba682ebc141b618b8,0.06477451,0,0,1
2a6c6ca711f0f0d6aeef30853d5eb05bc68c2e85,0.11894738,0,0,1
190b24bcb395e1772624c7f7c3c0bc76876d47e2,0.034184728,0,0,1
8ed787c3799bb9d194e948b54d68ebdabcf1a2ee,0.025660709,0,0,1
e7b0dde346e610fa273bd4ff2c82f6cf8e6de6c2,0.048637558,0,0,1
01911a40eaebf2aefbac34cb2760f7f77ccd07a6,0.21532024,0,0,1
ec733cbbf25c103c2c661625717527448a42663d,0.3739985,0,0,1
300578058c7d6db0671648cbc5bfca84fce6285d,0.059984382,0,0,1
63950ad11917411d82d9adbd0ad1ccc4884ebb4d,0.061113976,0,0,1
1e48e151ea23f8891902834a4553a806c1312d60,0.02346,0,0,1
e941b7e3c45e7df96dad9c49235553b1bf585b61,0.07884027,0,0,1
c48289b1457f825240043b942ab621b59c5d2490,0.039215624,0,0,1
7b67f1bbc2ed78561db2527e3035bcf1b49e2817,0.076975584,0,0,1
f9d6655b42d8e1b1071f78cd7f1e38cbaa20350e,0.043419734,0,0,1
858aa75ed257a24acb983df372f634c3fc6c49c7,0.17328602,0,0,1
83c4b1c364c075bbb2bc44ad64d8a282340de4ba,0.0288147,0,0,1
76a941217f9272693b5484ef360e8cf6491ef3a4,0.1440882,0,0,1
a6130f9c8c04fc91ebcbe1af7bf8839ff1c7376f,0.041682757,0,0,1
affe77a64dbf8c90b795ea0b2bb7a44bfbeef781,0.04024119,0,0,1
8bb467aa5ea9d916e82e6022cb492d1c829211f2,0.07043767,0,0,1
8e1667fa9326aae9e63c4d44eb376b048ba8fa42,0.1795357,0,0,1
cbea3176308e86c6c5c82dbcb8fde367945ca1a0,0.030143451,0,0,1
7ff71807ce589931a56ae6f1306af43c6b8632e7,0.049608815,0,0,1
bb1135e50c27938eeeeb6e6c1ffb3882dceb9f1e,0.6605329,1,0,1
f0299220ba7dc33b1865068db0c184147283a9e4,0.01979353,0,0,1
4a6c36401518a45a709ade671d442e061138d3ec,0.029342052,0,0,1
ae5df796be80dfafb523072e4efb30e34dbee46e,0.052507702,0,0,1
7e19596505676c5b300bddc39792289441634f02,0.47951987,0,0,1
55e9d25f779a3ba726a9904641e656de93a1fac3,0.5645512,1,0,1
3b6468ac4f765262f68d3d289d25bea3da521c16,0.25045082,0,0,1
89b1661fde38bd12c4d83b9fbe696db0c8657a78,0.017051166,0,0,1
f054152346cbd7c8afcdcdaf55c39f9967edacf1,0.016876403,0,0,1
346009fc677b252d052e9ee22c6a4cd2be10a032,0.02231755,0,0,1
4c84e204cbce349f3c5722750561b91607d3fcae,0.32820156,0,0,1
c353239c4fd22b8991e1488ce81218b1c9769bf9,0.059857454,0,0,1
516f6889c9153a59110d3ee9bdd907e95e10cc08,0.15080039,0,0,1
7b6bf45d83c3ec028e686318b8d4f1a061723908,0.07730433,0,0,1
b72dee3f2590f842283f1a383a384fb1e680d463,0.033913568,0,0,1
817666037d3c09b9138b161964b0fafc76d65998,0.0253024,0,0,1
c3b831fa7e4ad148d8e3abe2a0e3c089029044ed,0.35077098,0,0,1
5a5bbc662104afe8f020d89d6e560f2897678984,0.07887909,0,0,1
f8c39cfd773d797adc1b4ee19aa8fc17268946ec,0.10104662,0,0,1
7817bfdadb9cda107955de03d3d15d64ab89b5dc,0.051202204,0,0,1
ae70bfc75587321da4d6877420ac91f7a83b9c02,0.18965763,0,0,1
8ab0ecd0af3932f40b931e1d84b2951f7777a305,0.18617673,0,0,1
599e57b27c19953487dfa3828432b8ecc7cb8b38,0.048823312,0,0,1
27388c817bf558af48568ce724b9de080e80e8f1,0.45105925,0,0,1
68ae60d779e3bf4a46064fc1b537057478a627e4,0.032814294,0,0,1
c600de52e107d1fd3d5a9c1aa1bdbbd6754622a7,0.18192603,0,0,1
8939061a3c0218dd3fd27f96f3e60e48f74622c6,0.24677363,0,0,1
cff360a340b48070d88a48f06e8748a916ce52e9,0.07800505,0,0,1
52cfbfd91e60db255c3285c90b94cb6e3a75fdb7,0.11719357,0,0,1
ae31e56476646b33b0c2a1f03bb095145a22097f,0.06242531,0,0,1
0b683acf0a5910fdc4235d3103eccbfdebbb18ff,0.3267527,0,0,1
861646b25a39dcdf79bcf5a7643bfeb28e137a8c,0.064399794,0,0,1
3ea4d5d580a78213504a4611fc7bbab58b93db0c,0.17252305,0,0,1
b5955f5948a973a248731b774773bd225af39c82,0.14181927,0,0,1
09db9daa292e74b6bcff84edf406aec41ecf536c,0.66702276,1,0,1
410ab04290294dec74180043dc2aa635ca1e4e80,0.019125199,0,0,1
b7e7b40a3328122549b31c007fa10bbddcb415eb,0.010814016,0,0,1
1f799f62932c5551c99699f46f7de75c9a85dbeb,0.010629273,0,0,1
db6f9bf17c1cbf9e6ce518318fe4d14119b87d60,0.027265795,0,0,1
cc279433f33ad0c00e80ff5af734062d92c8a3f7,0.010629941,0,0,1
f0028e1b90f8d10266f3fe26bafa0882a81ffe82,0.017295483,0,0,1
efe3699122699151984e8499da9d42673a42851a,0.19792345,0,0,1
d2f27093d7d95a07da901902f894d88b4ecc3e95,0.012746117,0,0,1
ca30fae3acb59a5caef3c3c21eecae7c928827e0,0.3517965,0,0,1
5ef5bd199a4e3df74479b4b363fa29b0b3092547,0.017407004,0,0,1
9e8eec78a71b7d1274043f55c9a5fc7811d53132,0.49456835,0,0,1
6a0a1876772e74a1d4a7c82669784f8bcca8397e,0.147175,0,0,1
8c5c6b936ee6d1afb75cc2cbc151887937dbcca5,0.17098661,0,0,1
484698c5415bb578cb480845e2dfa930d3d49d9c,0.23845245,0,0,1
29a7e67999568a5c86b32ef513a90d5d090ad2b2,0.5793838,1,0,1
87f142f5c85c9a7e86d02b4599e3973e773f3d41,0.020824559,0,0,1
d664776d4cf41d7e1e46b92bd8a4e907cd3bd438,0.049512006,0,0,1
8e601f5773c71a005cbe6f3db7592387bad690b9,0.012495036,0,0,1
847a6d07793a198d28819731e5166f9ed3845164,0.1332131,0,0,1
7f5616887127fbe0776d2e7ec6d351658d18c7c8,0.043718442,0,0,1
c8c94f9a36adaffe058baa07fabb71e2223e6d1c,0.09876031,0,0,1
ce44cfaa0a46b79c6c1e00c23f763a2a4b8a15cb,0.17183372,0,0,1
b17739cb60bed7286f10d62969972303c490bbdb,0.1068377,0,0,1
65782e92806986680757585bc0e995a7603625a9,0.072593644,0,0,1
c8235763b9c043e8b6b2a0630948c585a1fc514a,0.066221766,0,0,1
dbbb4035cdb8669f42b42ab2a76460f4da8450c7,0.22820556,0,0,1
28910eec203524b002f0dfeb8a391b88f835a7c0,0.076178364,0,0,1
208d3dba9a64dd95f86fb105bcba4ed50ecceb30,0.031987824,0,0,1
52f45c2e9f12193a265623541cc3950f0b39a2f6,0.017913442,0,0,1
2d678c28b3a09b89308f7d8231712f8733357acf,0.22560729,0,0,1
fea1da48fef9e28026704e9cadaeba3e0ecbf6dd,0.016357344,0,0,1
c7a5a6afd5d2f7d8c3d518ca625b7d8a1445934a,0.08502118,0,0,1
76920b7fb6d6ea5a794512161bb29d3e8ea2625e,0.12970138,0,0,1
0fdd249cadaecd32a39d25301f5242f9a92ed351,0.118864976,0,0,1
924540abc919d32a8aaa92c6f18906f01e64e167,0.021822795,0,0,1
c87b885cdfdfdf9cd5dc87267301b95842c7d7fb,0.14130712,0,0,1
0842a997e840cd2a7c18121b67f21f334a343a0a,0.36191925,0,0,1
b64e6546559e371c729b4b45a26d4c63897ec2f1,0.08356879,0,0,1
aabe13f3861bc7727611043a05ae7d09b4cbdfb6,0.12992755,0,0,1
f779eecbfceb73b3179c14ca067e4285281e0a6b,0.03465227,0,0,1
043178c583cec0271bd00aab4eeb93145dec327d,0.01541075,0,0,1
8edd3ec573649443c2dc0747cf3cddc1608d43d6,0.015712246,0,0,1
46649dc97546418e1d6d2362d74dca92a8eb401f,0.01427005,0,0,1
a011e57eb7b9fd47b33a582e0b59015b5eee7d72,0.107305996,0,0,1
832cd7177f5daf0deeb5025e2b9441cb88933d1a,0.10832335,0,0,1
e08c12f7216dd5abd1933cb8c033873bd9f10f33,0.29875442,0,0,1
ff57a627511793d7c95c5354b3cf4247859c0b52,0.16333023,0,0,1
8707fddee27d10bded0b3f814845b4a7dddf2776,0.07973697,0,0,1
3d9bb608a1fa4f77c243b41386d977561c7ca53f,0.038135454,0,0,1
2c66bceaa7c11e0c44522dd28624b79914953407,0.031826317,0,0,1
3eef2f7fa643a9a11bd917d687ce1eebf92f27ca,0.013986947,0,0,1
67e76550408b235e5cd635bc1c87b42205626b17,0.014607158,0,0,1
02011f8ab0c62deb8566b574a310a978bb70aa10,0.0129268,0,0,1
a9690db48eadd3643adc34cafd6ccc5d4a5bf589,0.029966887,0,0,1
e9a2edc877ebf928ad0c056273f64cdc861ba609,0.016879015,0,0,1
74989844d7692245f9e19b0e803d748c73e91e41,0.41776815,0,0,1
4d1c77bae99174b67a462bd5a44950ae08f46796,0.24663128,0,0,1
90211fccfc48dc36b7cd81a1ce18e1506a6f15a7,0.101213306,0,0,1
e246d2ac01f1ac741aa4673aed3d028e08a63c73,0.03143175,0,0,1
36fccb4325f924bf46babd4d8d60226f8dd3f154,0.026926804,0,0,1
5ce931b904d1f2961078b99049c293c11e779fec,0.056436107,0,0,1
cbbeae7719943308494825574a0002ea649b3de3,0.7232989,1,1,1
eec10fcf0c795bdfacef4c9933585f65f953fd58,0.6833097,1,1,1
516c38fd95fff30841f9af370f50cf1f7733c209,0.7518114,1,1,1
09aecce588d736955b803c9df908013960699836,0.68401146,1,1,1
33c95771c804abc02223f24a0234343b93ffde56,0.48226935,0,1,1
d50feb67569fb5881b8a2ff5996f656c5f207c2e,0.72372276,1,1,1
6e8bb88263dd64b703679bf853c15f40ac07e347,0.7213671,1,1,1
b72b5c716ac18150396d05988d9eab745bea02b9,0.74769163,1,1,1
a433f625f89c1d464b05186411ff20802e292fb4,0.6297914,1,1,1
5d027c32c97eaf43c5f296afce98f1e4afc7baca,0.46893087,0,1,1
36335e3face4b866c7bb88b39fa8a99959d0a907,0.35398704,0,1,1
b88dd3ed853738b8e7fe9652b953db569bf7f79d,0.6436043,1,1,1
a2ba6d54852aceda5e3bf9285730da743ef04e77,0.6647293,1,1,1
952a50372dea32e78800b5127ce3e969ce8ba5f0,0.114264145,0,1,1
f87a7ce9321b4901a77786387cfe8026f1249721,0.24452157,0,1,1
abc2d23900ff5adeef648879af6bc4d2f79c261e,0.2680528,0,1,1
7e35f57ae9ba9e716da122dfa0bec418b1e2b6e8,0.5122343,1,1,1
f965bc23bc9f12748b6693424f829b6b08c8a71b,0.8740439,1,1,1
350f01c78374b4df99c1a84cc32122eeeb48b036,0.8037889,1,1,1
7117039b146155d81857ec29cc48b64324e5f19c,0.6686795,1,1,1
03239b0ea42312c7b5daf4520c1ce1caaf6189fd,0.15440102,0,1,1
a428e428df2766f1d1b2b793b3f812344fa61fdc,0.38855517,0,1,1
f1a582111a26c4044c289d96ced42fc1621212d1,0.22199367,0,1,1
5c9661c300bad40cbacdb391637dacc991f16da6,0.18119064,0,1,1
8705e97fbd1aa9de951456f05dff9ec56c4344b2,0.55812234,1,1,1
c61c68d802266e0265a60e81f2eb5ae56e14b315,0.37256968,0,1,1
3b81f3a94da9e26ec0458f4b5bd3a0469d8a93f7,0.5865772,1,1,1
70594bcaff1d553cbd35312bb63a33bcba0680d3,0.7789601,1,1,1
7d73baf10e435fcaa4927495afc185fb473c416b,0.5025945,1,1,1
daa69a5981c7c12e0af5922f0a07653446261b07,0.6989376,1,1,1
b10528a62e51b2c5fdc0c4b7884cc93f03f8ce96,0.78431535,1,1,1
0e8ff9c44058afbca9c9126a8feebe41cd682626,0.42602864,0,1,1
8a6bb5623e92f3d636969488a04a516cd0ae7f36,0.4033465,0,1,1
f43590aaf5416ce79cb1aad770c83096ddf2a5c2,0.5762757,1,1,1
1fbb16b037e62c6af90ab89ab3ac8d3633c59a90,0.7352609,1,1,1
c8ee9f781900f874b075433141de779723b3e110,0.564961,1,1,1
b1e524891f908cd667b8c54b4a04b3af2e65969a,0.14057136,0,0,1
72fec65e1c09e14b92a21aae5d0f0dd20e8fe4ef,0.38169563,0,0,1
982ce0eca9935e65915278ae07febd3a1d52273d,0.18849672,0,0,1
e79465bbecc6033780f91fd41ab7d66c5e9e7bae,0.18818517,0,0,1
2f56fb5c10e6b8c8e01033ee1c50669028f28340,0.51421124,1,0,1
1cdc1622ccc608487014a7f10d43d5784ce60037,0.45919654,0,0,1
03cb05cebcc65b923e03fa9f41d664885bdb38ed,0.123801164,0,0,1
f4b675664a7c633bdd62d5f85fcf3f95d11ade9b,0.13624692,0,0,1
acab253ab45dfa7b6b80dbec9f3623969c4a57a5,0.35772756,0,0,1
4344ff7331a4f8908478e72c5c232c7a9d5dc403,0.04097581,0,0,1
5375fd9dc55f1dd01e155af8646d1ec67bd6be29,0.15778102,0,0,1
5170392a5b1e7cd7dccd7e3ef4d6c7279022696d,0.10739858,0,0,1
043f42b65d9c67fd064d2ba638b246389ad3a26d,0.17794031,0,0,1
ad661a8d347c1c0ff1b9264cf0f8c89de7057a69,0.31382844,0,0,1
0bc43314c1216a88d0e281e7ed66244c47c57c56,0.62516826,1,0,1
b893471b95285cc2364e3b2b8f6220ac6dc362a4,0.5341945,1,0,1
86e2bd0781261b5b0192bdd2c5285e0982daf8c2,0.037269942,0,0,1
f7e0a4a0212424edd1765d1abe66772af069dafb,0.6660897,1,0,1
3381e41abe04ae99f984f3d2d63f201e5ee6f808,0.06673169,0,0,1
47213feb954bef78d646da4f4ffe6a8156c7d3f5,0.4799861,0,0,1
62202d2acd00b43415ce9ed45e1c37f42d6ef616,0.09540936,0,0,1
5ce60be9d55c62b72262680249ad933850aaa064,0.022501262,0,0,1
08113862c5dda6dfb0562d84db8db8f5f41bfa4a,0.6608827,1,0,1
30fce9d42c5675e9cae0db0401181f84a73a293b,0.032283235,0,0,1
2cf575115748e9865daaa369507019141573b86c,0.04300293,0,0,1
abf07558021a0ecc50c265dcbdc5f2f99fdbeb35,0.4910963,0,0,1
3112bc302f32a74c827d672ca84a80091b0700d4,0.5934898,1,0,1
f05101e28403494b81704029cc50e66703c34151,0.021727733,0,0,1
f668f7bb87d3b0a0ad0642acdbf56d6e2fb18476,0.24098861,0,0,1
674886f560b2b1ca051b4cb6346a09a04a3cb628,0.25776163,0,0,1
13a039029ca7d7fca9862cfb792f7148c555f05f,0.3760282,0,0,1
7e89c9cc80bc3fd2aab64f25dd816c6d14790988,0.031496663,0,0,1
26eab98e3a0d403587cc915eaa8f7d4b7b894cef,0.55052173,1,0,1
4e442bb44280243f6e0e72d845fa8275d665ca84,0.747984,1,0,1
2247ff9601374845012558ecf5963ebb7e1066c5,0.16321461,0,0,1
0ee8f1e8ab53746ea9f735aa07e857a0c4e55656,0.25969476,0,0,1
508be17bbc9079769ea99b780db9abcb4655399c,0.3091055,0,0,1
3bf400edc1add6078a9bd935e3ae684b8bf8493f,0.048492923,0,0,1
76390c0b54bf145f65532ffe1e7b24639f108247,0.08558537,0,0,1
9a92b8526cd13e092b5185a59c7ff0f68a1ad56e,0.230475,0,0,1
6ae55beb2d28bd6cf36780b4c58da41854dc8248,0.23598346,0,0,1
d681042e60a3a1e92f4c891ce9dcffd672868e7f,0.07941419,0,0,1
932d4f89922e96fb1b89ba220d124db187ab7741,0.19408078,0,0,1
a793612b9e09795feb253aab9a738bd1f7280700,0.6782973,1,0,1
22fe7f3c8b3fa204c2406c3d15811b2581e1b7b5,0.039986745,0,0,1
3856d3f0a0826be3ccc6b160e740d5c7176df743,0.22536616,0,0,1
4cc3f6e7dbee9e3684884780af82822485c4c7c2,0.58613205,1,0,1
886e924019e35dc28eabe7515f614ba4f6c63a2f,0.17383735,0,0,1
4e619852cad8b9b056d4239aff597124e901fe8a,0.017436503,0,0,1
037209cb3e585e59ead364b36d1f1b82a2fc8d54,0.015380903,0,0,1
c4ad0b75c1f814d5ec5dd600183fb303f7241c33,0.08767652,0,0,1
bd64dc7abee36984e830c740588990739b71cc93,0.041892175,0,0,1
abfdf35fa5df95853d0f1f9fe0c60f4a1ae8fdee,0.09609346,0,0,1
4ac67bf326c1494126161b18612bb62975246ab2,0.3475052,0,0,1
e3e137df87f35b4249133478b77c4222f8e530a8,0.038113505,0,0,1
702f27a8779fa77a2ea0a1b6cc6e1e4d678d4fbb,0.020201055,0,0,1
a4b0ee96fc87effd27a4c0af23835cce3647cc0c,0.30003095,0,0,1
ca7ea939eaa9dad5f00c8a5e269f09681602bc98,0.4709082,0,0,1
f2af9f0c583ce5d5e294b60ada9e14516f5e92ac,0.055350706,0,0,1
fef18a23d3b09025e0ddc3733334a4587c3af712,0.5594564,1,0,1
591b9f9795c6eaf782580327e82a70164a640d34,0.5076177,1,0,1
0daa8708dfcc5c0c3803ab2e41542dba134d71d0,0.05771774,0,0,1
e97823fb5a340dcdaca397f1c68fee7c907c831c,0.015347418,0,0,1
b1dcd19c2f87a57e4c4b96aebeb4a226f10af636,0.36716273,0,0,1
12edac73ec454bfbdd634af474e140cca7522774,0.029688692,0,0,1
d75b89856ef29bbec6784cd6aa714eafe0eeb312,0.022971092,0,0,1
4d00e14ec8d1e83533a8aeb788437568b417ca88,0.039315067,0,0,1
b6ae1d09c384b57115bb34ed94c90e256e4b66b9,0.10546331,0,0,1
b861b4f0e45135e737e1ec2a514d3051157c3c7b,0.03687572,0,0,1
11fcc89fec70aae7eeda710e2bd26d93cb3c05c6,0.30011863,0,0,1
7254daa3f84a2b7780050da936304ea42db324ef,0.048427027,0,0,1
496691bfd82374f1c1bfee8719309343c2fa878d,0.04774715,0,0,1
6f379134ae1807cd404ed6c9579707e5dc6a6df0,0.033073775,0,0,1
3c2419db66d156dae631715d5d42ef90e36ad7da,0.024428954,0,0,1
cec72ce690353c90f3867191d7e657ba59ed2612,0.03552345,0,0,1
db586baee29fc90f79898e9a274cc1bd585b5f53,0.6778117,1,0,1
b53ead4b43c6c248b1a39f4a1cce7a0c4062285d,0.013722339,0,0,1
6b2bd2df127be522a18d044980e84a8b638f25b7,0.13632369,0,0,1
2c8892a206c9374b0cde6fce72299b0fe630f3a0,0.43998528,0,0,1
137aa57f9291b5f390de740266042587cfede7ce,0.12551107,0,0,1
02735ad7e6313515a846bc15bcc89cf254f8161f,0.20017448,0,0,1
4be9979b45ceadc50dc24607884d34613fead1f5,0.035704646,0,0,1
a67bdc013c9fd965abaca375b9b47554a115f40e,0.5862981,1,0,1
b745af3975a0bb3acddbc59ef85860d08221a010,0.02297249,0,0,1
90a73a4dee53129e33a552e49cb7835ecebb3a5f,0.024765123,0,0,1
e57007c00d577c8f66a5d93681058a528613645c,0.24487658,0,0,1
c93d3e1d7db2971a4e1e7e79d7bf933268cb970e,0.018511487,0,0,1
9caad351f30249cc72fb2840f87ad12fe660978f,0.544842,1,0,1
14fbf3aa807d987e706939c41b7386b82889f3e6,0.22082157,0,0,1
19e1b02f754a9b7bc969eb17bd52cc36a85c4d74,0.49211633,0,0,1
ffa1c55e7f9d8808e4e440effe78e31aa89a4ec1,0.05096711,0,0,1
31ac0e5f3594a4517ba2be1735b1219cf85c715a,0.025692578,0,0,1
5499fa02b08b8546827a1a055c5af3f0245257d9,0.15295608,0,0,1
1261172afdae9a4b15dc9f691583261a1b020ccc,0.32494462,0,0,1
64573bb2e0bd2c7a7b1282b8a574a4796ae61609,0.022727553,0,0,1
9bcdc3e9f77f101a0d3031c341c9b4ea554d34de,0.05683824,0,0,1
dddfb600beb0511a4a2aa17f266b4cda264d6ba1,0.38946328,0,0,1
b09b95124bc27f39e27ecfed90ce40947bcbf663,0.026189264,0,0,1
5481dd326025de2da7d89089cb969759972e7a8c,0.032859966,0,0,1
992911d0fcd230497ee3fc50dcf49042b7372a47,0.029689124,0,0,1
d0595b7121f57f1f49fe7fdc384479dd73ad64f5,0.026011571,0,0,1
cd1d329dba95dae161317c123269c24282001a66,0.02926726,0,0,1
8251cd68f4db4bd56d88646e10d34ef4a1fdf90f,0.017682489,0,0,1
8526b85e269b87187008b502692406a5ab1bb907,0.016229367,0,0,1
283f1bceb87883ba6c965750e9880ce3d67af089,0.057694815,0,0,1
fde66702c33d3888b682adc7e6c35dd21cb1e8da,0.018493026,0,0,1
0065a044e998559df5127a7494953fe863016dca,0.1871461,0,0,1
d5c4ab74ac0c40787bd7194c353746c558b32ec0,0.013737745,0,0,1
10dbea13f4da599af0032dbd77ac7ef9bf047b45,0.39371836,0,0,1
1ce02e03a870247293051654aeee75807c2276de,0.14713652,0,0,1
cd90f9ea24823be24133075130cc7cf899527620,0.1842291,0,0,1
b4445543def1cc905f66334d42f250d5a637a01d,0.4922317,0,0,1
3e3a1388368e8e4421fed0b5222904d40a8805ce,0.15094456,0,0,1
002d7bf508ee59f23a04a9f21d02e9673dd38a71,0.5553775,1,0,1
d64f164b59721f05fa36df04b5d2af89b7af36a9,0.15057208,0,0,1
8e8de29c2b6a8f387a1a72eaaab433d9041ee26e,0.023556223,0,0,1
9f5af267e8c143e16f8b20fddb02ada096ee9df8,0.021505158,0,0,1
083dd8ca0d298e3f9f9407f3b81a6fbfb11bc5f6,0.065103374,0,0,1
f8a7156259dcc1b3321086939234d80b6ab828c6,0.41698372,0,0,1
661008f8238acb71301b172a6aa9aaa8114d0c9c,0.08487347,0,0,1
469cf4d886f9a184168ba2d179899a600725d4c4,0.6890292,1,0,1
12d9a805a6df7afdccfac94a7061d369cc986efa,0.021707876,0,0,1
bbe4d51f7bbd50e9f878e5c884501856c5e6388c,0.62336856,1,0,1
77beca12bc1e957b864c6f128238c40f758e2f54,0.17796448,0,0,1
c82dc1fc6238b6f22797c678f10b64c9cd36ddcb,0.10314496,0,0,1
7984387af004fcfe1d1ee12e2c8e6b68f23be001,0.047311403,0,0,1
1c382914c0ca52e786937e222d8e7aad17348cfa,0.2534818,0,0,1
099cdc213efa00355f3b6d968423b8ef09fede47,0.259425,0,0,1
a0aec901f411b4bc26734745297b7651d7e6b9a2,0.021283045,0,0,1
e83b4d8484cdb3dcef44ce3aede866663b526158,0.48221502,0,0,1
ff0e842058091b3310340f51a130a65a1cf6f725,0.28507623,0,0,1
f488eba11289fae758646a21f86b2ad6c4156538,0.10787485,0,0,1
2a2f1dc48e22a34ddb72321a4db211da91aa933b,0.13245694,0,0,1
9db5028656f9be41ae5809f88ddd4c8ac0b48364,0.017167142,0,0,1
810ba6f292cb4eca0d843555c1e8985d9df977c4,0.31214896,0,0,1
34b75c6f0ac96df0221bfbd11cafdc62dc0baa79,0.021161819,0,0,1
ccf4ce767a6cc07f1a88a0c33393e394af3c328b,0.110469036,0,0,1
0c75ccec267ce902ff36278ba928b4573f4fb937,0.06815634,0,0,1
de9665f3cbaee56c5089392fbee0a6b81689ed8d,0.27677384,0,0,1
d07f04b73c06c45b75f53f38b03b25c987b7bca5,0.03418709,0,0,1
3e9b0e88ff11a38d05b303f1bd1f13a0afa9380e,0.1455703,0,0,1
2042aa001474179a031a368f9d6ec73c2c686965,0.117471926,0,0,1
ff5fb8a7a657a9068e8cade4566c69c62a1825d9,0.31751233,0,0,1
a62c3d0d8301c450d5bd0ab1bd9bb3862aac5853,0.019278707,0,0,1
79e76d5f48fc44ae3d716ac28ebe1a76ebb90b61,0.031024978,0,0,1
07cc1a278b217d45cb090ff6cb3a7934105cb2d0,0.024790423,0,0,1
7e8e9bf968665d59ac11dbd11dceea7c01c0a1f9,0.21263975,0,0,1
c36fef5f567576ae143ad83fb0b0fa68998cab4c,0.18825631,0,0,1
ccc3067f5216630d6c96f21f1ed2ef174aba9bd5,0.021488747,0,0,1
53ec5829855e8a80b2857b7cfef8bce3e63058a7,0.017027272,0,0,1
0e74bef9b2bcc7f41123fb2eb6d10433ebb80a23,0.26087925,0,0,1
b97a02ca1c1c220f18971bce3dc41d781da8f5f0,0.5705297,1,0,1
f4b750165bc27f6a36bc3abed650e18d474e296b,0.017820982,0,0,1
334f1de9a3efa31303c2788c209d249d7b33d3aa,0.017603854,0,0,1
aed74ea03276362cd301a36787774843ebd4f70c,0.4754239,0,0,1
27b16a26212d5e4b61ebe07c4bd9c36465f56702,0.022099858,0,0,1
9d721a0af60c54509b01c2daf5f3bac0dbba0a93,0.053814113,0,0,1
d549178f36aaf95fd1aa2fe6a3c1403c095929b2,0.25911197,0,0,1
0517c7f2e4ea6806098453b295f230dd42a8f510,0.016211288,0,0,1
a123142d947dbf38fc053c29291b555872c91ff2,0.029523183,0,0,1
c2906092f9fab7bb718ba177d521ae152d4d9f1c,0.26771206,0,0,1
ced2075cabcda4e5fb2db60e88cdf87bf815d24b,0.19976981,0,0,1
07ed545022f30604d0a4fc4ad5e4866e24e6a172,0.5715337,1,0,1
073fe2452f0514f100fa10781f081647d3384cd7,0.027214022,0,0,1
77a0a69e3135253b3762672ef6bdf96ebaa8a882,0.033106472,0,0,1
2d25368dd82e50dd68cf0d256084881e6a3153d9,0.4185375,0,0,1
3600a5f510cee298397d5ffc21c978ab6e52a160,0.5376997,1,0,1
32d507b028b15fd21775f25c83f41059cdc58e75,0.47269621,0,0,1
45b5e0cb3a4a499ff8b0594c082d490d7b7b7c1d,0.0947067,0,0,1
29ce3e0e9ecc31a5c3cecb19246ff978fc7e7c20,0.08610548,0,0,1
3bf9dad70ea4b93de850312cec2681f3242280c7,0.024715602,0,0,1
135dd48fda61f81d9b8e0aec0661c1d48226ae3c,0.60088205,1,0,1
90d775ce2270c35a7c514f5638b8a3b23d5a4f3c,0.7076982,1,0,1
e8720d6a93e80aa77ad5a66f217a362a512ba93c,0.057518244,0,0,1
738c708be3dbfd99a6ef5c0b486bf0b55e315406,0.018405361,0,0,1
c66db899cb061c79934986f0efa19a50ca33703f,0.019224992,0,0,1
43e8d3d5f13209ee0c0bcf4b5a7d785fcae796da,0.5412316,1,0,1
b2fac804f5e867099cd84fe525d52bd77fa4ff19,0.5863938,1,0,1
c30de4b2259b04ced7917589dbcaa827d0f11ca3,0.13699289,0,0,1
eb816f66486a7eec9cb544bbb1637be81636ad71,0.08330179,0,0,1
0194bb8ca57e5a4a3fd5fe3c39b0ccdeb4711043,0.2783394,0,0,1
f21a7054086522e3d34b569d8d05d5caa6297f69,0.70569,1,0,1
f8e33e702ca0570076c58eaa7a83baeefece9553,0.1510239,0,0,1
6c203ab46b24751c285f021caad9d8969cf2f45f,0.051648133,0,0,1
5b56985334a63d63cdd9bbea30f225013302a7d3,0.38235646,0,0,1
bf0dd95b52e0627c10c072f8b05fbad3f86fda71,0.051587835,0,0,1
bfbe9966ab45dc4787fdbc55735241023d826d95,0.24913341,0,0,1
271e0a76d4e41171ace14bb802c990d4998dd621,0.011084082,0,0,1
d5f61b4398e6572d974ee13d01f47f82744fb495,0.50705695,1,0,1
0367fb31efae4535e15f01f6c27ea814a0739b81,0.67828906,1,0,1
0e1e80c2ab0db3e66445b469cc7deeba8dc40864,0.1304213,0,0,1
c1470f52ed67a82abcadb0333ea2620f11e475c5,0.3354758,0,0,1
3c452f77969b3578c0f678a08f6fb0549cc27b2e,0.5421867,1,0,1
34a1f829c3b465d031a875b9c1e409bd05de7ff6,0.2411519,0,0,1
237b7e3d8b0bcccc4962a7ef6d163b8bed2a5e1b,0.4603999,0,0,1
66607ddc07ecc319ef7cba0d9994066ad6928b9f,0.018869415,0,0,1
1bad4f4193a86fe3a8ba1cabfd87a9e6e1e436e3,0.29357812,0,0,1
7dcce66f1354cd54a6e64228bd56f0476a1ceb4d,0.57375246,1,0,1
4f2f4727f570a3f86249302dcbbdc053c07ae50a,0.02941944,0,0,1
2e74d637f9c25cfc02d6e2b3b568174057a7cf86,0.0432484,0,0,1
f35ff5f49f9255f1d0dddbf8aa9d810ce51c7f0a,0.04587433,0,0,1
8faba69945721e10b2bea0acda2db53298ffa124,0.1687297,0,0,1
f13364b0251ec9739f9d8e0f3f996532c1ab02ad,0.124764346,0,0,1
69f38e81872d70705fd7919df3d771f28c22dadc,0.023549315,0,0,1
765b8f88bdb9d3f9f0c7032208ab020d217953b3,0.21165054,0,0,1
7778533696b9644be3680228f25fce21e680e364,0.5198072,1,0,1
bd3e6cf204f249c2d60eca2268c8b9f402149f1b,0.015146725,0,0,1
166b186e826799d30de2b2cab4bfc54410d02b0a,0.1378833,0,0,1
02c963a47ecb50a7f84b9711841e60447f9bfcc1,0.03233869,0,0,1
22c79b2f6abf6fbe7292e097dfb1edfaf8584613,0.39337242,0,0,1
0646aa7d4d0ece484e26e8ab262265cc9263c350,0.2945541,0,0,1
d6b07a11ab9e2c4eacecfb8dd1b66741817674be,0.014185643,0,0,1
b8f7d772c96b0d1fa3b7a82c741d336d052940b2,0.25600356,0,0,1
74abd5b73c28bb625d0c74323e64a941c4dc02e7,0.5748939,1,0,1
36a5631ebe2cdb53d41428d1f17ce72ed618045c,0.014059276,0,0,1
be86c6236d4cbea207f3a4924687a0bbd99af360,0.14861819,0,0,1
c5e3fbe07b3dff5ac66ba155889ab1af8193da41,0.14267498,0,0,1
906d27704c5952cff37e76372f9a44a85746aa20,0.60091114,1,0,1
f45ba62db9f503483c68d836c094b018bb5b479d,0.6178988,1,0,1
69d5b2f0b54c1478e4122466b3ae298eff53ec31,0.31703347,0,0,1
9c3c448cf2561131d7b573e94eadfb4afa581231,0.35470077,0,0,1
0bb584bb8cae3ca8fc221ee0411a89100e24ae39,0.35990247,0,0,1
a29131675a69d4fea14326fe48ff8efabf91ba1c,0.3841689,0,0,1
97867f6fa3634c77dfafd76c89ecb1087f5cd1ae,0.71970993,1,0,1
0de76f159c6cd6b65947ddc3fb6481b737ca39a2,0.02561157,0,0,1
9146faa1d7f1375c50c2732f4a18fe955772a1b6,0.12132099,0,0,1
eee4d197d25ad99614cb63445ea71557d6a75c43,0.33840212,0,0,1
f62c523154dfedcf49a87a865db545bb8c55e795,0.17050892,0,0,1
82f9bfcb9102d84e96ed68172a1ddedeea3125af,0.054177966,0,0,1
30a595d0d7b97a60e9703cb73214248b643c60ba,0.45386326,0,0,1
251936e2ed5ee2d784569d3fc28aefa9fc816a8b,0.14925548,0,0,1
5694aaa8f624b9eb48bd12ae56575682bc85c57e,0.09520113,0,0,1
d1f9ac3a0b322b11b5cfc656237fb3627c23a9ee,0.12923992,0,0,1
9a84b4eec3ce4e22cd3e637a2eb9528fe71de5e9,0.031704172,0,0,1
b15221d6f8478c936542c2c1a4cc1b6475c8a903,0.5873904,1,0,1
fe2ba8d320a10a988086378be2ae8621c55a6dab,0.05914587,0,0,1
15e9c80f56ff63ba71ff7df894266e3174636953,0.21698903,0,0,1
44980ffc7a0f0a7052e61b6ddb3a873d3d27f287,0.16951782,0,0,1
335582530a7f0dbb137e42655716962abae3addf,0.731055,1,0,1
75a7edc742215c3354befe8fc0ec6d4ffe3bd663,0.2654568,0,0,1
ffb618d50a74e316aef01ffa2e381d4617900f3f,0.30522704,0,0,1
e15c80ae3fafe8903f220a6232c37a77b919c60e,0.017742623,0,0,1
0aeda4fcc3c6de7109acd8cf78f8779654b9f771,0.022821715,0,0,1
4da56433ba20213f51e887d9ad6dfffe9669ba13,0.46606544,0,0,1
436a2ce3111d019a98a8615bb83dd93091b3a0a5,0.0636023,0,0,1
44785c780487c41944fb2ee3d206ddbd6b963522,0.018104602,0,0,1
b87e8e87160efed310bc088173ae33cd92143a3e,0.01527597,0,0,1
446555b160d4221d414710ea97a3140f50f889c6,0.20014346,0,0,1
81398f69f131da572f24995d4e43b343ffc737f1,0.1332797,0,0,1
dc52c6b8da6cdf4f23c87c2e55c46cbdaf96d6fa,0.14158556,0,0,1
848be9d922bd9d803e6a1ebf58fedc1d357ef930,0.5067311,1,0,1
7a10230e1ecbb0f642eb2352a7f85f00961a6d54,0.18473472,0,0,1
58cef1268241036356e72b5452760a51ec8ab2b5,0.4707769,0,0,1
7a34528b18b5ebdd33089a9b330206ccae56a9a0,0.04617506,0,0,1
789c39551ea74f8b2f8ac754d20a1c7ff3ab55b5,0.018945033,0,0,1
c67040b8d18e6cb3ad8035045039ac066c3eb923,0.01985547,0,0,1
2544a0cf5252027dcd42d9c9fdd73fdfceab396d,0.059316285,0,0,1
63eeef3e0ea511229fd3417b7863e8c709cca2fb,0.19122459,0,0,1
8cc2702c9bc6f39bb7eaba8a35a171869bb3f394,0.014586047,0,0,1
4224709bc3aa602135da6aa73c783e0d9d6f6ee8,0.30407187,0,0,1
e8c44e6090536bb4603d2c478724a7675e0a99fc,0.3648156,0,0,1
c2ace88644826c227191ca52c8d4372a13605e50,0.5105229,1,0,1
a080293da69f3fe3d11d5214432e1469ee195870,0.034469258,0,0,1
e9f2dadb916063c1e97ab2bbf41bee059e277c19,0.37755883,0,0,1
16e358e242b41ac350fbd7ad9a93a0cae3e92564,0.7667952,1,0,1
53f6d42f748d771d5269aec5c377d5058e8cdf4c,0.37333587,0,0,1
af6fe141036d30bfd1613758b7a9fb413bf2bafc,0.53205717,1,0,1
22b0d0629267b88749f78412caea672d6539a5b6,0.13714837,0,0,1
9e80104befc54daaa097870b857e1bc334521490,0.03147667,0,0,1
17575b8836ba18201ac7b839aeb432421b0c89bf,0.103953846,0,0,1
72bfc1247553bdd2711d6bb27a7179be86ded4f1,0.019634536,0,0,1
6f8c4960c2af25b7e4b36473d81fe652490dbbeb,0.5150487,1,0,1
c5c231e643365485c5805cbca81070a51429de9c,0.40764526,0,0,1
792da6735e532a6e7f2f2a017d999a8f7c30f2fe,0.01715207,0,0,1
0fe6ae319d50edd1389b6ecb5a6fd12f8091aea0,0.023283767,0,0,1
64ed6dde03afbef6715fdfdeab5fc04be6192899,0.031170027,0,0,1
a41ce6892cb0590b2e658704434ac0dbcb6834c8,0.018857919,0,0,1
ba53647bf0fa16501445c7ec50d0ffa4a8288eff,0.021510657,0,0,1
0326bd90ac20652f1efd747a3c293a8110d109be,0.042442102,0,0,1
087e4a9d51437243eb0a4698b3bd2b71b4567c3e,0.6024487,1,0,1
f7726c4f727dd78f616374f87ae1e9424b41af67,0.37437326,0,0,1
ac3d73153725fa1bce721055c4ac61423570d34c,0.3737883,0,0,1
6e1702e95e6a487b42b6642b9cd8f3d865151b8f,0.12705515,0,0,1
1152309971ae0e31ced5365e81e5c80af8bf251c,0.56656355,1,0,1
a8fc27c1d9a40474085464ad1f592c65ac81a906,0.29307953,0,0,1
cfec567237c7300d0335f8ec5358e5dbfbbcdf00,0.2806044,0,0,1
14242fe6bbfe3dcb455ccfeaf210d3fef1c0a72f,0.019755837,0,0,1
7a3889d47b76b248deb4ae6d3c71cf7cf48dc734,0.48328045,0,0,1
fd69d8ca2212d373a5a8f220530e8c0fa17ddf3b,0.030270401,0,0,1
e8457776fe1b49d6208f21a51c988980b1e4e23b,0.06482976,0,0,1
979260717c1a4730e49a094e02c9c873946e1237,0.23357457,0,0,1
06c38617a3b7e708688fdcf2f001c82f5d1a2f2a,0.39412838,0,1,1
8262a735578ad84638e36c8597ea55a91dca4bfa,0.44346634,0,1,1
67bc6ba3f34a4b98d518394df45f6e68e513d59b,0.37221548,0,1,1
88c2ecccc5d0c5272c9e5b6af88888b71bad633e,0.71824515,1,1,1
5b2f4431b4180d84b580b7dbf21ad67b698565dd,0.24071638,0,0,1
9d2ae5ff4f33f5a55a3674be1230e4b16fedf6ea,0.07748953,0,0,1
5700d639e41457da51e9b6abbf21ee106f23aa2c,0.06149072,0,0,1
237c79aa984408bb97fe6f1d243d21dd7296ff4a,0.04463527,0,0,1
a4222c7aa3a2bc5bd693bfc8d39026243f80135f,0.1302277,0,0,1
cc20cd302cb2a1b29bc766e6ac68c16cff22cd17,0.16582996,0,0,1
dc442a0dbbcd573adb8b8a5cb0db77250c8048e7,0.12206964,0,0,1
ed20ebc6ee70dc2f0da14ddf43d5ff08c24a48b2,0.17439799,0,0,1
f39ed1e056442992e953658f4e5687420e9c5f3f,0.077290595,0,0,1
c737c5f7408ad6f5e8c3c2f53c62abbe5c3722a7,0.09735573,0,0,1
aeb06ed6224c5b5d334c031f5f2091ca59c0b311,0.15708415,0,0,1
8eafa31b724e03854b546bf28944dab65f452ee5,0.09466714,0,0,1
32c2a858385ce6e4926270e02aceb8ab0760f363,0.0446723,0,0,1
d8b1e555f7830bacfd5ef9ddd3650efaad057c4c,0.07497931,0,0,1
e3a9db20570a749bf3c6e14437a0c7bdd8399b01,0.41859308,0,0,1
17039522e978bba2ba22666b4dde67eae99aa149,0.15481089,0,0,1
59099c3bb3e95eb46d2307795aa27c3a02f29aca,0.19728829,0,0,1
1207a117e8fcfce2e85088638b47f11d4496fda1,0.094807856,0,0,1
3313c825ebbd630126287e52b99c5f883b3cc8db,0.37135002,0,0,1
fe01a77ba87909e202738f1bc2061e93d30df4fd,0.06471733,0,0,1
5e8c49b40801f9e6abf7ac2f4ba770fd18e4ff17,0.17762998,0,0,1
9605353c9b9a5c7862c85d9a94581fd289449d63,0.07748687,0,0,1
46ea87e3c2467265a9bdac0719bbf179618d73cd,0.08988381,0,0,1
ad3284eee10d21bb7f980077472d316bd0e63ac8,0.16179493,0,0,1
7d99887c7a94827aa193a1fe87a2900048277592,0.06328853,0,0,1
167bb9c19d3988e4b0d66e33c6ab7eb4fec69e67,0.06318919,0,0,1
c38444bfa790ac5a19c53d478d21c6285bab4080,0.21400504,0,0,1
d3108035ad56f34a6e46196b13b11bcd06a05cf8,0.052811798,0,0,1
167cc57d7eb14c95ba84597d6edfafa26ddb7012,0.20182912,0,0,1
7a34dae3e818010b6998572a3600a769ed5d6fd7,0.158726,0,0,1
98862be0277f02e56ba0c3bfd7ad4136c7a72d30,0.13634256,0,0,1
54839bf41f6756064f68c11bfb05826ce3b7df49,0.104678296,0,0,1
3a08f8bc299f0a4af5de2b78398077a034f585b3,0.07851364,0,0,1
bf1941aaf7595835abded012c7e2bdd1aa9dd9bb,0.23692738,0,0,1
98398234beb832dd2d4121cbe20b6373ba4c8e69,0.13401322,0,0,1
b74bbe45ad4ec45ab6cba89eb1207e25d0d74ed1,0.20937958,0,0,1
552c3d1f4b7d055919d7a0d22fe75756830560db,0.06700634,0,0,1
e6d3ae0ba939c8a1e6ab4809925b1c3272964cbb,0.21995759,0,0,1
c0535cf4590667532f933d299f9cd7301f6099f9,0.41851878,0,0,1
8e15ea1a3ae8effd6aadad442cfa3543b537eb1c,0.03920197,0,0,1
8c0af4007a7d0f616e56181ac538f36383a4349f,0.14406566,0,0,1
c271c38d52735b00a5f456e949d404043410cb1d,0.20943731,0,0,1
53ff1658012cb1605894f739ebe48e598fe81f38,0.11456181,0,0,1
47ade52aa3ab0b642acd782021eeb2dd2d611c56,0.18993714,0,0,1
eacfe9111042a24b92828dffd78c025e4fe73b24,0.08695373,0,0,1
e67e5d75b411591c00cbe9da53c0b60b156af312,0.14502145,0,0,1
c0e1a2f243a73a5d55dd58d385eb926482244024,0.08998894,0,0,1
459af4924bf419c7f8b854dd42ab132171bffc78,0.045955285,0,0,1
2b0fdf8fe719f234635f652bce0a5b2abf03bc4b,0.015976302,0,0,1
a5a0a319d897ff312dc418401a37b55653086444,0.5271745,1,0,1
81ce781c3e996b359a94660bb55efb6761c06dd5,0.25165704,0,0,1
d3312d91b2407ee05eb2451d4ec01371b636dc82,0.05140619,0,0,1
5c66a672f4d268990de569f226eb0c4aec57268d,0.23062253,0,0,1
a7c5c7655b63b6c1229132e5f13d736a9b10f61e,0.53689647,1,0,1
8ab36ab5aef477d719b3881c6ecab8d962863411,0.24807094,0,0,1
5dd5c37408d848fdfc41da77fc0f21698c0057a0,0.017061384,0,0,1
223ac6f560b0b61baf7cca99a22c9ec57a6d63b5,0.07935352,0,0,1
ad52331fce912f0dabb893ef529be21798c8466c,0.2289284,0,0,1
da24eb7d921b7c2c65bf1c075c01d293dbe87a48,0.49680218,0,0,1
0b4e7766302d7302450140b5d79841fcef1c0a90,0.010193507,0,0,1
ffe5f635c89468c0517e3aaafa41e15137e7eb57,0.2867223,0,0,1
9ede79daf83881ed3631a21e000505c519878750,0.13924435,0,0,1
1bdba701ff9068cc53acbd015a27636359fc54bc,0.04593336,0,0,1
5ca7e28fcda1639145c28a136286e26ff66d6856,0.27824447,0,0,1
3526158533320abd4ff2ebd5993192332628e5da,0.042928394,0,0,1
702ebc10bb924843e44ac05c0b4e7ec22cb4e7fc,0.5297604,1,0,1
95c73afbaf62bc986127dd068aa0cae8ade360b7,0.024753114,0,0,1
0db94306270fd99b6c1fae904a2c1f88d4e68f29,0.014679262,0,0,1
a5e782e1caa27bea1720b545adf4221fe2b55e8a,0.47791377,0,0,1
6d36feaf65aff0be037e14f37e365a7059626b71,0.5671096,1,0,1
0a5cf03d5301aabdcc9698242a9ef8dea3225774,0.11781444,0,0,1
4521c75a978f2504e85959a01c1bf1cf13c835db,0.016624214,0,0,1
1b7dcd32a50bcf5ee4e1a4219512b8a9534180f2,0.5043001,1,0,1
5799116806a415777225a19cee2b48fcdab1b538,0.4386272,0,0,1
fed2743a2e68493965a6bec977d460dff619aa67,0.34061363,0,0,1
894abb412282eccbf43cbafaa2e1dfba2f5e08e1,0.48623025,0,0,1
b95e4bee89f398f744d62d13ec11242e0d954895,0.091655105,0,0,1
48a877cf7201e2903fe932add19998fb8563d986,0.4192784,0,0,1
8e6f40c4d643bf40f533ce0a7cbc95687115e3f7,0.4848964,0,0,1
2f35921900d56288b2ac2825e57e7403efee2d2c,0.025457459,0,0,1
06e772d3cbcb18d4a7ed2f1dcaa8c83b6001fa80,0.31223667,0,0,1
aede7314a5283c7ffddf9a481d95bf7cfd87ee0a,0.3428024,0,0,1
9599af73728c2641e32505eff2bd4221674cd49a,0.072211206,0,0,1
c544f26583172d98492e8e9999167a9d9de61b44,0.13448349,0,0,1
9297d9d3e908fb294521b6c163a524042292d97a,0.33568025,0,0,1
685c05dbe5377e2b7bf2f5c585ea5e2d52298b86,0.15456684,0,0,1
df776077d7537e0ba318c83c2257a4f52e356201,0.14830358,0,0,1
8725ba6db84fce34907e5d5ca9e1ed6f6dc68cf3,0.36265713,0,0,1
25331d1b07599fa48df9d442666db96a69834c40,0.26343343,0,0,1
1bef44f26f9dc176365dd9f911fc3b103543ea8f,0.148812,0,0,1
f2bb50871914ff7ea63594e8f56461085a659513,0.0686522,0,0,1
1d7098a6dbc247a1483facc2638c2b7873df80c3,0.10853481,0,0,1
ad7c84c9b91829d9e4a379d508b5a69a99e73d12,0.02088489,0,0,1
f9d8dc4d24e534a4d50782ba1928961265c32c8d,0.050263237,0,0,1
d8f0cb041e4c49bee724bfb4c51c56b9e88aeac1,0.50924087,1,0,1
b8d1e586e865966b0aae29b57dadd139c6542d16,0.36890212,0,0,1
09ab989d9d1f545250a32b3a16fcce16a028b3f6,0.32930443,0,0,1
0ce005b856eaec0c086802898ed2bfee884517a4,0.4317152,0,0,1
05edaae8dede448ec6aaac31adbd39571299027c,0.3002148,0,0,1
c83f5919085272101ef8ba7d53088b53f2dd701f,0.44255286,0,0,1
613074455600ca29c046f4243b8864c69e52fca6,0.42067844,0,0,1
16697df6cd0170deb51497a8a8969a2c050b1dcf,0.19806446,0,0,1
77d03d6a7547d3693f8fbbe2197fa9ad9aaca399,0.019403044,0,0,1
124fd4291b03b174f98446c88b76fef3990d0ce5,0.30035987,0,0,1
63ba3995fe16a2af9e9b1b206d3bdc517310f53e,0.11344287,0,0,1
51c28e617000c69aedf42581d88d0e5b11541a50,0.02062398,0,0,1
c9960cf37c0a661b3b9b1751867619a61668f12b,0.26248556,0,0,1
592a745893adaca307a7149a856606c9ac093ef3,0.2759694,0,0,1
11143a48f3942794365840c46ea0c07814442da3,0.1887871,0,0,1
b49f070b7458bf7a3e4b6f3775061a2264fdce12,0.65600926,1,0,1
75d8364771414b52179e7084cad838b6c0a0660a,0.5268396,1,0,1
fa8689232f77a6a59d6f872edfd1817c06d71239,0.04912591,0,0,1
47e9ce67f70955b69242246fd4c595193f115bd5,0.04911553,0,0,1
5893df78bc679834004ea94f074ed7b33d2c92e5,0.016619748,0,0,1
72a6bde63237bb1ad3836df48b34fc25f0157174,0.03326806,0,0,1
1e725084aa52844723cfb65662d54ef2dda2f135,0.2963839,0,0,1
4f65001ed266b95cb46801d6c4b789110a0ecb2a,0.057164922,0,0,1
5acfcd51b6282e3d8378a49032da149519bd0350,0.081993036,0,0,1
dcd4b69905294286428e17fbc1f344308abe0d9e,0.018999018,0,0,1
760e2d59d84b218746d93ee3212a980ed04e5da5,0.46446794,0,0,1
a23b9b9942380dec975758091348657052114425,0.21923205,0,0,1
38fc00aa8db401eefa934c9ebe40c0f0b7ae1eb3,0.43107763,0,0,1
f30165f1bee7e1979bec54b0b0003b9403707ea9,0.19461098,0,0,1
f88cd3b647cae3983ba0ccf6c63b83d9696f702b,0.17637071,0,0,1
971e5f1d2388f380bbce0f1ccae5f914227413a9,0.14130573,0,0,1
64f15329caf0ad73379f1a45aaf2f3cd721e5ae2,0.3173764,0,0,1
fbe6c2efe450d306ddf00c45c2679ba9806ec30a,0.1566118,0,0,1
215ac3d7536b9a50e0de482f3b9feb5634910188,0.31383976,0,0,1
909f2c048ab6f46dd9115ae8aad4298f6271844a,0.1883485,0,0,1
c0aeaba9bf2b86fc636c32fefc50e9d973539ad0,0.06370788,0,0,1
fbdda17ba982c5e4d7a5384629c5c370c975af4c,0.20985302,0,0,1
01a37288498253b6795c139f91c7633437ef3f6f,0.012649178,0,0,1
1fdb3a719283209e417d57b2d77ce93540de4cda,0.22429262,0,0,1
174f3ef3f43b680468d7535d5fa8ce3fb3a4d113,0.21526474,0,0,1
8ff705130a6c360e7d2009cb9f1a4d0a307985f5,0.19470428,0,0,1
a61f3728d4e2c6454dd0069148397745b6b3a5bf,0.016815562,0,0,1
f568436033fac9fe4dc9b38342a029f20c79dc96,0.025445621,0,0,1
e5d9b495607bbe9b85e94e449f169ac8bc76bf0f,0.46606618,0,0,1
6f7e19084444846c61347540aeb2f1876a95bb2d,0.10099325,0,0,1
71dd92c686e224881a315ab28eb3e6b467f14aaa,0.11953342,0,0,1
3d51f8e3df413ff487bc4ace382cad5e22a9a1f5,0.02518453,0,0,1
4ced0921710d931f6157c9d6112ff02d25860406,0.015572649,0,0,1
46641137d0d0925c07541a5af66ce9a29c42ab6b,0.05914829,0,0,1
754f43703ab3e4c9b0541222b5df47fabe148e13,0.012384428,0,0,1
007901c19daead0f9b76fda63f4fa67518206d1f,0.46594158,0,0,1
55c2ef2fe79d24677becaf2430c6015ffa0ba52c,0.3958848,0,0,1
b9a2cd846922536904c71eed878deb327e318f21,0.5049183,1,0,1
d98161380e273e6360c4a73ba9d4d41111c76422,0.28996104,0,0,1
637d107d1b3d4952883333f27b101226c95e21ef,0.46844313,0,0,1
3c5212670a01b1f6640a7f1786656632d707fbde,0.30764472,0,0,1
856f110f028e0ed00f20cd711c67dd0369c6eceb,0.18125129,0,0,1
00e2128980e09636965a56bb76fb81be389b30b7,0.11708939,0,0,1
513a8483f47099ee72bd256e4055b623b6f93af2,0.16378103,0,0,1
34c4e30709a057ec34b58415a1ca2cd75909edcb,0.12649979,0,0,1
d61995f60e8deef0a8baf9712c3d3033e2a8f6ce,0.08000769,0,0,1
3f69e986780d65fbc791b530d5e80a0b29fd3a07,0.12014124,0,0,1
a587059e6c72704964a0630adc1249be0db3faed,0.09704223,0,0,1
9f4380b6c2a7479097d30985cd5a079625da0d90,0.019367978,0,0,1
0119cc87f7518cef2c9af49c87a7d17623f36535,0.11171744,0,0,1
a16c159f7b7d329cf5533d2292ef08a1d398c587,0.1769149,0,0,1
a38302c6c21a7d9739933b0637ae51ff2e29d42d,0.2661157,0,0,1
7c3d011b00bf62a8e8b0663324ec8f0b65370cd1,0.11226539,0,0,1
47072b3835089fe58e2abc3d17146557e2adea12,0.59079903,1,0,1
c002c76720bcff54ebdb429bfce3d75d6a7ea6b2,0.40657648,0,0,1
ceb088f333ac5acecae1b8e80a7ec9a81be530a1,0.01621255,0,0,1
8f8e1d75f88de42a4a92b67081ddb397abd24ff1,0.020644432,0,0,1
0c5de32c657ad3b1e2f2ab6a0949ecc2c354092b,0.018836979,0,0,1
5b8a1da763d387a7e8e2c7c9c0c2c1744e579601,0.14113481,0,0,1
7177608175b331c73c78a1111b0ff9f82ad94887,0.024700575,0,0,1
0345aaace8773fc0eb7bb0c4cb8ea76155a66f7b,0.028015284,0,0,1
cf0e5a5364d13c840a8a21fd23ce87410266ea8b,0.0652188,0,0,1
f848a328a50d436542bda186c42caab6ab037341,0.29658362,0,0,1
a47961a30d9bf9ebbb3f45b5de4316e4a6351150,0.013775852,0,0,1
6f7f07847d71fb3125eba80ee9eb6cb0f5710687,0.02242762,0,0,1
ebb6a96a2b7be2cd2e7bd55f4af329b41e0b5b0d,0.047682256,0,0,1
c0b874406621ebda3c44029ffdf0f6017d6d8c22,0.16705836,0,0,1
f9b202d5fc01551828216a11b6ff2e0b0e24f976,0.39646485,0,0,1
0b2a0c2cbe511debb4e7d884f0262e8d40abaa97,0.23622303,0,0,1
23cc0ea22911ad746259b61589f7a75a4e34d4ab,0.066685356,0,0,1
e638690b0ddcd63f55aae62e927cb2292f81ed84,0.35788232,0,0,1
2aa17a48b2b1e3704f7c3230e5a418509020ced2,0.22853532,0,0,1
52ea3c337615e386507dbafa686d1f02c03a4c82,0.23795786,0,0,1
8688adaee68dce1c54c05b44946635973b37fa06,0.02293041,0,0,1
27f467b4eab7864a4ff799fb2289cddd2c45d30d,0.34842744,0,0,1
1ffdfd2ad15f4f62b9474a2ae72f2ad0a42c6a98,0.021045381,0,0,1
24c8eb250b9c7dace0efe91fd1f36c799b174606,0.05763123,0,0,1
060cfeb90df4fda2d572fa63225c63e304c8615d,0.1260517,0,0,1
3ec04d06cd96131c7d2a508e1526a07f33efb490,0.6577632,1,0,1
ec3d2af993826b57cf47446d809db2c8b49c7a77,0.5397633,1,0,1
f79ba553c602c9cd1a673c30db79edb6b38f0db6,0.5338626,1,0,1
3e6117dacd54430e555a42a5fb8177f4553fdab6,0.6407681,1,0,1
7ee877a4db8c6d6871444abab28e95e9dad7c932,0.3199057,0,0,1
00c3c8dbf20322d372ebdc28c2b9fc25926a766d,0.16697764,0,0,1
07c01318ea4ef19ede234484ed102f94391cdcbe,0.025641207,0,0,1
f56aab06534e643ab1e413c36e367fa25e24621f,0.662315,1,0,1
6d1c4002aad95031c84bf3bfa777852492d23fa1,0.32608595,0,0,1
7e3c917567dc3163c2228dd01e4ad90dd0b76320,0.69095975,1,0,1
bf173920db761927c139f86745df368f45c4e37e,0.36157122,0,0,1
167676d596bbbfe82a52f0dae6847cad025dc095,0.35994762,0,0,1
8152cc7a1a7e56e4e4a4e70a1f552301f576857d,0.34046736,0,0,1
9c24b00d32acfba096d8b3fc12168bbe0ac4ef55,0.49766034,0,0,1
5184d3d390f3c77fba1f05f83a8965b4c398dd40,0.035641134,0,0,1
0e6578069293282865a3dd4843d4f80f52476e7a,0.028946653,0,0,1
81e60b1eb541557f5be44e7f663d5a816fa90227,0.019582666,0,0,1
e25b6fedefdb1967fee9f64e0d0242d6472ad828,0.4104576,0,0,1
7f8236cfa274504e0f59b95285e7fbf2efecda90,0.4282828,0,0,1
ddcfef13549be8395d2c9339632b3ebe80363d49,0.66917604,1,0,1
dad7386767de599295c2845cda7072e048d2e021,0.05389359,0,0,1
4a5aeb1abe8ef10eeb5488e04e688e2daaf4eedf,0.45371276,0,0,1
13ce8fe63c8972c54ca717055c231bdc487d479a,0.528978,1,0,1
8c12ad11eea80440bbe691cb50531c70f53cce95,0.025246885,0,0,1
692be5e1d4326c6e505c10e8dfc3adeb7958bd74,0.03736666,0,0,1
26acd219f08cf99be718f2bc3127a41dc33df6a3,0.20689934,0,1,1
02dc8c7e77db316553699f0e371f3e7803d3efbd,0.646545,1,1,1
f7c09b93c2386c6928a082e96d1ddd0925a19092,0.5057499,1,1,1
aad6359c39d59176c51e0d4e5ee31def1bc10077,0.27536517,0,1,1
50a7fdcaf8fb9a684a96568ceeb8643b4941c475,0.6558377,1,1,1
1170279dc85c2bbdea594b053c56b379a72a2104,0.6308938,1,1,1
32eeb20ee9096257520cded0d1af33d4664f8619,0.2821792,0,1,1
27830ee8c22d74464fd3cae4e662bf0ba97e887b,0.5216623,1,1,1
59ffcad15d220c2bc1f70f01d58bc31dec04b423,0.6034806,1,1,1
41dfac731ef973b03f70d8f9c01afc67bc5f311d,0.5290161,1,1,1
199dd8dfd1cef867ad8712c7565f090f81be0e7f,0.30138734,0,1,1
61bfd7be89e97e204caea839e37c67c6f837a710,0.28590193,0,1,1
8d52f694da0484cb2783a8b35dad845322af0c07,0.81152225,1,1,1
750d338864a92521f4daec993af7ef0aba9d609b,0.041568987,0,1,1
4dc97b64005f0083b2facaa70f661138a4fa3fc0,0.678283,1,1,1
513f20ad26f2e940e9224be387eafd5d9c58556f,0.12052179,0,0,1
bdd455596c53a97ce5edbf616a30f33d278ae41f,0.09923756,0,0,1
0986e7970561a77ade9bdaaf701e14017d105464,0.77944016,1,0,1
39acf07bc85fb77c2eb287d05302948597ccc0d9,0.09795196,0,0,1
9b24a71e9930d7e929f9413c769ecd412fe830e9,0.08194766,0,0,1
def9299707ed1063d249559f0182f0fe559d33be,0.037451394,0,0,1
baba8cc875f5b197c08123b2d9add4cec3772300,0.2644101,0,0,1
55d3cf0ae5dc7b6f5f9f60bae65c1c5abf196b18,0.03777143,0,0,1
19b55afedf54bfc9e3b08c1636251339b2be4c42,0.09126631,0,0,1
c6edda83ce73bd42f5dbdb92eba7f9e4a9264d58,0.044898067,0,0,1
a4fc3e9b714e9c91768c04f6268179ed582dd922,0.12104587,0,0,1
84ca5c79e31dd177169f4c074da5cb98fa1cdedd,0.01927066,0,0,1
9a9b83857fd20c38a520642553c9106de548854f,0.0150212515,0,0,1
cbff61409d719d08c711baba4e89e03e2397df79,0.1656735,0,0,1
6b47a571b665934d81ea8b3d000a3b56ed1310e5,0.31053764,0,0,1
016222a00fbcaf6870f4552d5f27b7a375412340,0.13538963,0,0,1
33a52972db9afbe9baf2be23d8faeeb9bab01ea7,0.22026655,0,0,1
00f2cbe0dfe83947126fbfcbb6fa186899b555aa,0.08367146,0,0,1
5a62c007b8b791c025cf2d4d60bb6da1aad86589,0.21552952,0,0,1
13f756d83675e7bbdf62d3375cddae8bf4bcc599,0.04738751,0,0,1
27c4c88da63eeedf546d6a4df5f8cddd43069537,0.31402934,0,0,1
5509eb7e31b74667950d30d166c77428061d6b4a,0.04766728,0,0,1
c0eb48f7e83987c5ed112b82f0d651aff5149ae4,0.13218021,0,0,1
071dbe7c211380bd4bed252c9b7a767279d112bc,0.035784982,0,0,1
586296992e5fb4d68bf87c7914573813e1fcacd9,0.048761897,0,0,1
82ccf0ccee1b0981198fa67c1899b38656c0efc0,0.02019699,0,0,1
6262740b678153a5f8a4dc2774f51f0691167e87,0.021638872,0,0,1
0c429b4b93406ed5e5877b613c96ff8d81410330,0.019720417,0,0,1
0663e3e8c502118313a6c577758912c326bc19d3,0.01730754,0,0,1
c8bdb9433a203f585ca750f326678423cca328f9,0.021559883,0,0,1
6feec370c38a8776be3f0cb17efa720750377b30,0.027965972,0,0,1
e8db278a29e0b363c8fe22d2cbcdd7db36b614b5,0.1365133,0,0,1
9264ccd2857cc25cabf6a309f323dd95ed319495,0.07751229,0,0,1
d4e1ad171208fc1a63de63b4a7e4c08e43edc41a,0.38276476,0,0,1
ed1723428847e2e7c24e9a8c3e379fda0c0f7496,0.02935277,0,0,1
49f8c2a817f811bdc9fc3e7f550a8e0b13503e7f,0.028999785,0,0,1
67325cf97946f053da51dd358a9ffca0a9676c03,0.019135697,0,0,1
0bfb0f2b5ec98b5fd85dd5ab58c6a4dd3c0a821a,0.042819176,0,0,1
2bbdd4e503e69fc06c5d371c15eec14258eac6d8,0.025143793,0,0,1
6af248a09f5ca72a7cdbc6a0c0518026d8963149,0.025493344,0,0,1
c7be7b41fb1a8da249ebba27df1b2f0f4ffcdb17,0.06207313,0,0,1
1ef212e0629d8b19a3b974cbb428a1f000f1c540,0.16509113,0,0,1
56708e632e69a889eec8bf926bb3551ad53ded86,0.027867362,0,0,1
539869352a5f4183028a3e6b33b4e002c5053ba4,0.025686169,0,0,1
6e6cb12471757b4d2edf8ce110855fa6fa7c7329,0.22093889,0,0,1
a5f85b0a383d9983ddf0dcaeb744f7ea6b5c27b7,0.018837826,0,0,1
3c8b03103f9a120be50b9e81f738ec1b903336e9,0.10935358,0,0,1
ce81551eca5b514ad588c020f9e89ef0b9da90a0,0.19504932,0,0,1
a053fefc0e9349ad5e97ff2353e3a8cf6873bfa7,0.027685639,0,0,1
7c58d8a9919c5c9dbc1485a21d56bb3f37444060,0.06025502,0,0,1
8700816250e849d9f8d0fc402b090aec6ba7ab60,0.3573995,0,0,1
e896a18f4c92b81837982ae7d678a8618d09293f,0.02658117,0,0,1
dea25cad0dc2fe6163dfe78dd0d54a385e2ac676,0.025952147,0,0,1
6c870782ecd20e5d460f8454fff316834710d4f2,0.055173997,0,0,1
2df53eb9e85e7151b0115e3d293398f4b8b6a2b8,0.13152608,0,0,1
2541eb43d2716599ab687bce2a61751a3ebdbe9d,0.022631641,0,0,1
e191b9ca9486f2b4273ed5effba490c27a096ddc,0.207654,0,0,1
35ea189f533c703906d9f770dff684c4557b18a7,0.04909498,0,0,1
afe78a030b57e3f74825e134d6615ef4878778cc,0.021186048,0,0,1
76e45d6a50da6228c44b04a565dca96432c4b197,0.029368432,0,0,1
6a3aad23990b7965e726f76653ba3513e5adc836,0.028170848,0,0,1
5d072ef89fbc2532f621a5a0b4d6791cb926a997,0.026450412,0,0,1
b9c2c119c18dea618854e43639284a6eb799c925,0.19207276,0,0,1
e76397c0c7f7889f82a0a59203ad16a673f1e704,0.15602823,0,0,1
b34408aa82918b6fa8cd4033921d0331d8ef2b5a,0.024449565,0,0,1
7f292bf8cc6770c47d5148d92f2ddae051afd332,0.05288217,0,0,1
57f493adef716d49ed1fd2f4e857febfe0a48aa8,0.026320491,0,0,1
84dcf5f3e54ee40b806108a713fd4c334900834a,0.19960806,0,0,1
344403579a552b26c0a1ab79915b7c91aac4a13c,0.038836144,0,0,1
a9159aba0efda305e6985f904072bfe82ee2a1d1,0.031266782,0,0,1
ee4ce5f4ece734cb6d3d9f0e215e42b565290fdb,0.02017436,0,0,1
c65777acf65ee83967ca394adb6619330be9790f,0.021806553,0,0,1
699d6f0eca65837501d7ab7a92ae2c614f8e6cbf,0.029130332,0,0,1
109a55735e2b93889e6fcc5d8b867451f291e9ef,0.5600827,1,0,1
4d49a1953e287fffbd10ba2707ed1b3806eef21b,0.06600123,0,0,1
e4e9fc66487aa7386917030810fd468856483ab4,0.041114006,0,0,1
9adf0d7f6ebd27aee0124c73037085abdb048748,0.015410465,0,0,1
fdfbd85433facd2259fa8bbb45bfe2e99bf9f432,0.020252775,0,0,1
c3a83486048dba356a8f6638c5cbd1eb12a93bd3,0.18222906,0,0,1
e23402c1dc133842c1acef0a2d7cd1f386647de7,0.032806743,0,0,1
718b2bfcb7b5d94b6def4d7e89f6ebc49ff11563,0.02121305,0,0,1
22a39cbc721d5c0391dea1ed10e5350f917c79db,0.06775449,0,0,1
b38438075dd34fcc19c8df877446e4014ed8579c,0.116718136,0,0,1
87c5e5377589c4fbbd499010a27b1e345ec38224,0.019169888,0,0,1
fe265088974f937c8a9626052dd5d29b1a207dbd,0.02325651,0,0,1
7b1b3624d78e659e0bf80b061756d8c6e08640c6,0.28146866,0,0,1
b2da444800d4c5d472da58a6b776891621d11718,0.25608063,0,0,1
76c4ec233c1a61b1f46df6d6847b889c0a7a978a,0.23141888,0,0,1
1d031d6eb6e6861f38e228bd587ff74e7f6fcce8,0.3014413,0,0,1
426cd8c52ef1732ad3a57171429bf7704d80bcc0,0.062084213,0,0,1
24df623ed69f86a13a2ec453f480a4e3f93b04ff,0.1891951,0,0,1
14a08584c7cf63dfadddaeec102820f9de901c60,0.1064378,0,0,1
d9406824aeba0e977c0692971a6dbb2e62823886,0.3827722,0,0,1
6c3a1bb78c3e92fded50c1c1e9f4c3e2e6e9dd4c,0.255423,0,0,1
6aa7ba1d927cc57769d4ed589326053849b235ea,0.20271637,0,0,1
3206b41cc6b60ef2854273ab0eee5e406f9f6efa,0.13696502,0,0,1
c1d92d87157b7d5a27aa989eff14e302e15f96d7,0.20038639,0,0,1
842bf6f447aac7d05c75c6143a5affe9e383b3b3,0.45229396,0,0,1
eaeffded81ec88f4d0e7494bd544821412435ce8,0.017582778,0,0,1
59bc597a256f0146b5bb05d951ae2d84963cf3df,0.22460851,0,0,1
51f13c846dae950e1d27693c9e23c1063945210f,0.05024951,0,0,1
81210eb267181b766acaf201a424a80d96bb5bed,0.02032681,0,0,1
209976ee53c9b584c013a9b0b21ec98ef733c6f1,0.062912725,0,0,1
5e3359388b0732fd1b3d055036187525eea76521,0.10306051,0,0,1
ab2aa8d6fdcdf5b3d326e7e86ac9d045f4859e98,0.06384774,0,0,1
e180578289a5c65e19e430bd3300a72c9ba97a9b,0.049355444,0,0,1
d6beaa363bca8324c7a699ce797a89698d49ba54,0.12289008,0,0,1
65e1c9c38becbee2f84d822cd65fd7dbce42b903,0.45759186,0,0,1
822bd135f3a54b8fbeb23c313535b13c18198c3a,0.16893874,0,0,1
9e2b2c09732ca596331f7ca34ba4e0f03d70093d,0.05553757,0,0,1
a7bd568249f9ec20b69b2a700da6a0648e93a842,0.038381167,0,0,1
c5f2e40e7a8234fe48e08d451d3152ba58a03ac6,0.032691523,0,0,1
9d432121e1c60557da3e159252a88885944e5f00,0.042816106,0,0,1
0c838a799ace7673e721bd29f0570097eb8f2925,0.043723505,0,0,1
6b57d2a14089735cf1c653a2717d05023a3be441,0.03690239,0,0,1
79b4df582d0035e196d4dc10894778fae58311ce,0.13669796,0,0,1
933796e9330ed5043ad8e76d9fa2cb8b1d3a8e3a,0.048946664,0,0,1
2a915f5872beca562a72a1ded95652f87b5daaa3,0.14576423,0,0,1
31c0d3a8e94b1016843596acea17a63bed9d4558,0.03016466,0,0,1
e95134229b9066aa2f1d312a53f5a670d271dbfa,0.0646369,0,0,1
45fbfb82fd1f5168a7183e78ece89da7a60e21fe,0.13138677,0,0,1
d675cd1362d502de0a94e0ff4d10e9c4ada579e4,0.035070103,0,0,1
f5c46b9fc80754c601205e6ef13c5b7e9a5003e2,0.020660784,0,0,1
722a5af4f1786599f22e91a34af459883c7a6a8b,0.08733842,0,0,1
5411db017b093f0995a9b7807a6a4dabb0f1e0ea,0.022057848,0,0,1
31e141019010d27dfb3c1a1fb712433268b520f0,0.01782625,0,0,1
419ad3e4aaeb2471c86eec1b6799675a70bc12cb,0.023287084,0,0,1
d357d9d563c4a34fa2ab3cdc68221c851a9de4f5,0.22365893,0,0,1
bfd83b00eb5743ad4ad0d24957f84b61ef9f5f79,0.03296927,0,0,1
3378280035f388157e007a06f7fcb74698b91e3e,0.025437247,0,0,1
41a3e9c52d52f60d121ae99d281881a55e006bca,0.26720506,0,0,1
a64b4cc5329f2275a5513b12622863e99a803a24,0.024312556,0,0,1
c295a589777a35730c90b26f28f7cc938d4053e3,0.051149108,0,0,1
c29e08e98a4d1f12842375cb8fb259b8e5054b0f,0.022087723,0,0,1
70b9170cac5a47f6d55cdced51e94ac9a8fec28a,0.033117525,0,0,1
d4f28d7ff397386b208823c577180938e15769d3,0.4951521,0,0,1
936b820a4e9b9f96661c961bab87e4ec05ca0574,0.45405778,0,0,1
92a07f9aa109f0f55af963f86e466c80718f9466,0.020780763,0,0,1
8d5c46f420fe3f7365579aabc8b40912a3610957,0.027987862,0,0,1
5899f1eb7239ea26291b9e38490f5922b86158d8,0.5099511,1,0,1
46a2c6bebe30989d51d59e14def38a82e8edfd78,0.57286376,1,0,1
4d5e45cdb44f61202ce439caa3d417813375f9b7,0.020683669,0,0,1
51eb5df8b27103169878575cb421e3181dcfd525,0.055433813,0,0,1
9198e9498fbbb81851048d0eb71251046f16987f,0.019344063,0,0,1
56c60017199b255f38843e33beef95e8d767a10a,0.01924757,0,0,1
73202a1e336eccbf9928bcfb5a780a0b97a49680,0.029704219,0,0,1
27de9894f9e9102eac91fa928eb1443001a89feb,0.054243308,0,0,1
ca286ab3fba24ff27294bba50497b81978b27bad,0.058397546,0,0,1
bc8773df85d2db0d2d5bd99aa69d7e7c795e7aed,0.027284803,0,0,1
7c6520ec7b665c28ac4ea97c02b54151c1f6fadc,0.052028723,0,0,1
25f3713d9280abd57a49a9979a23d4ebce27732f,0.019779269,0,0,1
d654978ff5a8980c0efe10632f55218f4de4e6b3,0.027601443,0,0,1
2a31bc5fc0282cbeffe8e41c1c8c576314b4eec1,0.024372317,0,0,1
4ed92759f28026d813b59a5ee66384043e3fd513,0.060349345,0,0,1
fcca356d6a1bf190d335ed1db4cba5233f7b24d2,0.065751165,0,0,1
14b52eb4f630f32c66122977331bd894b9474978,0.042594016,0,0,1
a43d2fa2f74211881eaeb4188dfe330f905c8342,0.07443519,0,0,1
e460f4f93817bea10b2fba8aaddeb892421d2668,0.023184579,0,0,1
36940b6418283806ed10292776c9c4269923e1ca,0.08229116,0,0,1
56f2a758983611adea7308e90ae9934c973efa72,0.2116054,0,0,1
72499caf6f7905122c97987953a313bf1c95901a,0.07379763,0,0,1
bfe3c22bc3e866fc499433faf57a9239d4f6e1f2,0.13354057,0,0,1
928da12b15c987e16b2481c43614c8e868be1c04,0.029350623,0,0,1
5e223a403e65992d2d18b1b8cab5da2c6c1aa37d,0.09126762,0,0,1
7379cbb2fe7b69aa871127e64a51763c445a570e,0.024547769,0,0,1
0cbb22ddd4cd4bd356dad0e8dca8dfe1080aae0f,0.02294094,0,0,1
d8e8908db227ec91608b386a65b5f8559d92d8c9,0.29118967,0,0,1
06033035f09c662020ffe0300983697c78d3039a,0.030136015,0,0,1
6e2ac190ce379fb19acb8b5cf06c0a1b25d19059,0.04713624,0,0,1
dcf6e82f8610b89075e00711e186792053928c7e,0.02399816,0,0,1
84a0d90783b095775b5d14b2a807497862d80db5,0.030365964,0,0,1
10c8db1b1ae0fd9be8b661dbf24643c0a9012d68,0.023884682,0,0,1
4f50c37506de036bb34094095aaa6d4d831bfbb7,0.028989138,0,0,1
30280a9ba706b330cbf6b18e6f2f6660743c0f16,0.37611717,0,0,1
9cd31226588fa303886b9daac162d5aa753e8e15,0.38186648,0,0,1
d19259a7774e23ebdaac4af5ee4def8602fe2969,0.03486272,0,0,1
2736b6fe0b3fa22ec8e2b4184897ecadb021fc78,0.032981746,0,0,1
d3fc1a2877c165a57949414f5737ef00ffcd867d,0.18099563,0,0,1
ed15b09985a073d0b17769bb9a28d3e41419a43b,0.06355517,0,0,1
459cebc515b11fef06464b711b3b33cbc1dd8c26,0.033686403,0,0,1
947c01f6d8000122a174da3d668208eec877a799,0.036154006,0,0,1
72d00532aa8f0fb96371f01688ace8b9d53b17b8,0.035165023,0,0,1
27fb1044f1f244a9f8841f059392bd7e595797a3,0.7285922,1,0,1
467386105ad855e793a09632142c00cd01c5dd10,0.15202543,0,0,1
9e405ca54138b63a4daff58d14d0527fef1e8e66,0.20646864,0,0,1
0f98e790a43b17ae1bb60d264931fb4f13300762,0.4944509,0,0,1
8f957f527b9048f51aad91b544bed35c48bcf3a9,0.23064664,0,0,1
f03149e07dee90b23369d1cdb7f15c142df5e31d,0.3182935,0,0,1
8993c0060e4eb2d5bca20e3529a829a9dd90efdf,0.5781989,1,0,1
48f7e179e4c5f4e59afdf0bfb4ec5228692e00ec,0.041989546,0,0,1
91a94d9f47b2bc928eaaf83d7c9dd06c235a2824,0.023854174,0,0,1
b498cda5bc8d834ab311a6a3415e990100d8a81a,0.07945051,0,0,1
276b2825778c0f6286ead1dac0dfe5fca307e77a,0.41225925,0,0,1
e4e03ef4c091f5a35da0d97a6a35224197b8be02,0.58136874,1,0,1
d24dd1a3abc4624be55c0772ae4432686ee18792,0.37638557,0,0,1
71fc2c4c817a8c9bb41650d5b27a89e207a68c39,0.37622008,0,0,1
f0751b65cf680456557aa1bf5c56b12f5c1a0fe0,0.591803,1,0,1
d08dbbfdbc41cfafa122abf06d39ed543b473464,0.35279703,0,0,1
a4705cc3c310ffb422336b319891f63eef021f1c,0.027543383,0,0,1
e996235aeb7908c74e85fdcdf1369a5e46672169,0.02146054,0,0,1
0aeeb46737c5e4a5d8c21c26e6793956b0296cda,0.23225382,0,0,1
fe38f8892a2e99cfb6b941c48a57e1415d7ab223,0.6711705,1,0,1
7791a851c4a303f47743b156007fb19c6ed8ed81,0.0402531,0,0,1
9e801d916c3d163a4cfcc822e50dd75ac7cefcc5,0.021922724,0,0,1
ef0fb794d49e9184913581f561c87ba8c62d5e4e,0.5133819,1,0,1
0298305934801cf65136ce20c59dd133d8ee4d17,0.027973907,0,0,1
9ba69d7b9af1ab71e0ca2d0044f464261ae6a199,0.051654037,0,0,1
c6b8a383de96cd0a8e94037a04510f162e4bbc68,0.028028466,0,0,1
44c5c5618d924a06fb9adae7856f31e75228d987,0.36610234,0,0,1
c97e637951ba8bedf74725a62644d7578ce1aaa6,0.052952554,0,0,1
7b813b674adc6c94a6c9a19524913c07b7d8bc9c,0.08533501,0,0,1
559de2c461e94ab636c959149c775bb27111fb48,0.049809985,0,0,1
16c983693a235bdc45c6286a1e7b01d8ef58907e,0.031868406,0,0,1
3ad22fe3d689781a76a92908d0bbc119b2c68892,0.27523232,0,0,1
e7a431fe539df61d38a602c4c44820f1ee0cc4a5,0.6638223,1,1,1
762c634e296d2c32a5658170ab2b613d5b087f13,0.72779757,1,1,1
b17feea4827863c85207c0aaa5c8c5b035d27df1,0.8115769,1,1,1
eba2b2899787ef0476c1dd8852aba5b0adb4f5f3,0.89546615,1,1,1
8691eb95522d9421a8b2883bf65e535d581f1a06,0.74937475,1,1,1
6af929eb622b07742d4eeac3b754c60ad6a60a3d,0.8471782,1,1,1
2a9e8302789d593dfbcc4ea0f15ec73284657275,0.8168961,1,1,1
1b91a77c1a41a57799da93ce0ba3a4b58760148e,0.70450234,1,1,1
4e13be179dccbf311fced2a2eeb71a04db170bb7,0.7592355,1,1,1
8cfccaf4c36d98e397ba24083bb99be2509462ed,0.7653324,1,1,1
eae26f2ed787c88c07ccb83f0e5550689ad47bca,0.033362478,0,0,1
4b6d66fbc021744136d02733ecd375cf1fde2bcf,0.28144595,0,0,1
1cb454d0221a6ea535f1c0ec5c5abcaa3212cf1d,0.052111264,0,0,1
8d4b217045ac12013e9c1986dab89451fceb478e,0.38717276,0,0,1
5c7c7a419f7dbbe738dc40e4e00dff3637b38b13,0.605122,1,0,1
de4356072f1dcbd81f721c17be39625d1f8cdbe5,0.37826544,0,0,1
87d7236ce1ba34d8087b8485d5e190788239e01c,0.6227252,1,0,1
5c83e0659cdb4cb0651c31c59f37a5f053eae155,0.057664543,0,0,1
f9357b4147f0feb2e613d6a9fabc6d073eea7b4c,0.7891433,1,0,1
cbc4aff11a1a1cc5c18efa68877379b9b2bca30d,0.57807755,1,0,1
81b311fd0d2a084a0c29740714076218fb6c2302,0.6527449,1,0,1
f8b79d0c21165faf4dbd620cbc6eae9dcd3ebf42,0.3592115,0,0,1
70f580a56ae8edea6178be6b2188472f87623542,0.61250335,1,0,1
a0ea8ae2761be32410e435c8e4b616711fa3e4f9,0.061346896,0,0,1
a8b7f6e98ae201787b6a77c00531f83026c6eb4b,0.6032787,1,0,1
aff9ec4e0774f915b9816a177a55a81ba225583a,0.04993947,0,0,1
f7c21753a9f0e43a08543d43af7e8564b6f33a2c,0.6933251,1,0,1
64b682cb6a0ab5976596065291fd07eb662c5a73,0.58127564,1,0,1
316af191841ab980570d0c3c4f5f91bcef1d45de,0.6618986,1,0,1
1b43f08e9e06f604432e20d5d8feba05afdebd1f,0.2061848,0,0,1
60de0da4acbaf41818ecee2e0930c8e9e9257395,0.66999745,1,0,1
21b8fd06473bc5e6c35b80e4d1633da283236487,0.40147555,0,0,1
19bed73bb2fd71a1be7a7f26b132c47d5c81fa72,0.50650513,1,0,1
77dc36f5644910cbffbedb9dbc7e0b118b14fa66,0.60762376,1,0,1
c06cba3eda67d5e2ba02f6efa7296c8927af13fd,0.04009672,0,0,1
e2f293ce22aaeff7c467aecbf6a3299e71d37a07,0.6550787,1,0,1
753114980a2c19c86244e26198a712c77ed3b247,0.82409114,1,0,1
d916c50745b109551d81471f408250a2ec18ec84,0.5453595,1,0,1
3661f45140430ba0ca99445ecec70d16610783e5,0.82352227,1,0,1
67ace732f08e5ac19bdf011412379a8d43387541,0.8751137,1,0,1
e5138486b700aa657c06760d60a7bcd6f1b05a62,0.7464955,1,0,1
dcf5c40f880c86d800a4563dd203e5fb89f3cd8e,0.47878206,0,0,1
07ad5e56818b6937986a1327fdf13102f9baad61,0.04553766,0,0,1
6ba9e778ef1f99a80f8463fbf68b39e02add6797,0.40601996,0,0,1
757057addf72d587387055dd964ecb2a562a2cc3,0.5205816,1,0,1
cafd9c77865ecb86ed9fd71637f2bcc87ce7e2d9,0.35428673,0,0,1
0c0fabddf6dcbf8411689df9c5cc29115da18be1,0.365729,0,0,1
a2c0152ba2c45680f399a7e4d74f898ae3184f39,0.2413198,0,0,1
106c77756d7e2efff5355d0587d17cc261ae2850,0.51887876,1,0,1
592c9464379f97d67a76747faaab1af2316febae,0.03464737,0,0,1
f7a651b096d56484d44a704fa714c2ad712f8f2f,0.0636815,0,0,1
9b71bf1406e0eb9892915542232211ef47602227,0.56204337,1,0,1
4a2f04c88d459a2fa5a1619d91ea953662d2afdf,0.79984623,1,0,1
7496e853214fac4e15d70acf9f19ed0144e34e13,0.768787,1,0,1
711846e5d03d6743205f8c747ab78c2ea43714f2,0.46132663,0,0,1
d759684b89fdf0d3cbaa033f8596f0a78a466b52,0.6430321,1,0,1
c204f7940bc73acd6893bff489fa970edbaeb5aa,0.04184893,0,0,1
5f9a44d3c5cfbbba360f29308e776f04cf2665f9,0.056311857,0,0,1
96099eec30e81f16efd94f385b45707bed515ed2,0.7578146,1,0,1
08f9a8924a1028620866565fc43b7058ded0401c,0.8178208,1,0,1
0d52823fd924b806857d4a5bec6fa9f5b6ed30d3,0.664102,1,0,1
5db13dbb9e7e6b28b443017397c8db3f82bacc95,0.5818621,1,0,1
0ac04dea137e817031abe6ecb577f4d76db2e011,0.73386586,1,0,1
80a819dbb4cd398a8eca38008656ad45550d553d,0.5526332,1,0,1
be38c1853ffb59825df763d61239992b9aff9127,0.02993365,0,0,1
06104090a6edc145cbdc2858ca224c12cbf66aec,0.032794837,0,0,1
509cb24e2c759eb17556fd3d2a158e3fdf60ab69,0.030519446,0,0,1
6eb761413871082d2ea128d8e132dd5ac06bbf4f,0.03414274,0,0,1
046f547b562ba2df5bc03f9a5c0125840a39cb2f,0.5607464,1,0,1
e3c841e10f951fc54b51e7949d7a65f996c73b8d,0.39957774,0,0,1
b24e7f33aa4c19352a5aca076dc3880b3924ed61,0.35260123,0,0,1
4f0841e04d88db62129618493ff85b87efec7712,0.21309659,0,0,1
437ab1b6235071e572cb3fd39aea1abb6a9a78cf,0.30239174,0,0,1
251bf6b18f83b8391ef3dfe83157ef5c51148fea,0.025584823,0,0,1
a5d7dd51ec0942096afc8dae17abaaec09e93366,0.48580647,0,0,1
031f8ff3212c426ca7510dc6fd160dff22165be3,0.58051217,1,0,1
29402ee9790273d3957f70bfe9b281d3630d2f38,0.024148894,0,0,1
5faba67982689543f69fd316c38f16b7ce39225b,0.6608065,1,0,1
6f6f0f698dd81a0220cc74d6c10f545f23374bf4,0.023791201,0,0,1
de1d783fb598786fb054f05c027f54c79d054eb6,0.030401323,0,0,1
8847e59f64c43651db01a5c066c844940ddbc475,0.018884983,0,0,1
ad21dbcc8d97dbf7b553a3e1cf6c908854ff1ab0,0.20953721,0,0,1
321fd426406b6e60b6ea1bf9bf60857d6484f0f4,0.30189237,0,0,1
49768f8bed23fe42100474423a6699580b972a16,0.55601794,1,0,1
35e75829ef4a2cb124718e9a01301621d82ede8b,0.019436711,0,0,1
08233bfb9c8f554fa7b236d3dc7bd622d0ce154e,0.25263396,0,0,1
a61c3c544a5d116f1a6503af08f010f33ead500b,0.78849155,1,0,1
b4a10313c5c7017aa0afadca7ce6bce93278a1e2,0.072914615,0,0,1
5155f49df062171fec0a73480485926c1b428e2c,0.43631405,0,0,1
8233b90eb074a0d04c503bc0e23376d4cddf02a4,0.30525044,0,0,1
f8b4e224b0c719e4d9aca6b26c03214963cd6af8,0.3040954,0,0,1
8da7f06a6b0c5c391c7062f3b2d348c87d147ed7,0.044536095,0,0,1
b5dd05b28613314e66cbd20906daf40424433331,0.34724516,0,0,1
5de358aad3eac65822bdc4c62f50af24c36f2b8c,0.6796918,1,0,1
b39a4adf6f31875e375435ca720a8d2e06ebcc53,0.32819584,0,0,1
144d205df2fcceacd3898e9d9afe7cbcd5ed8340,0.76665825,1,0,1
81ec66a027bd860d6da043c3ec4c15500cd77b92,0.761057,1,0,1
686d4aa79adb4d2b1e62a97e73ac150fb9f8b291,0.29652742,0,0,1
1cc51f55d6513baeb9948a53e23911ba68dc62ba,0.7642947,1,0,1
a55b13b7a0aa77d3e194563126f22db057873142,0.5944393,1,0,1
99d942b5551cf24d539bde05df5f8add1f151956,0.8517616,1,0,1
a721a26fad811ba618ff4fbf6371a43f851fb21e,0.2134589,0,0,1
9fb7a6368684ce4f07db72c4310fc380388f120a,0.29679024,0,0,1
05e94b8229535800e57c82a04dea764714cd4ef0,0.048949197,0,0,1
3c8c62b342d0e5b666930e2cb2a42606d76e44df,0.7252858,1,0,1
d1900d3717dd2a94583249a0561467f9024872d5,0.063447274,0,0,1
a59d8f1b4504e30b36c7a22ef2e087cbd98a7553,0.04220317,0,0,1
6c5932ac952a1b3d335fa7217f3b54799321dd95,0.048490923,0,0,1
b2b670f8b8e0ff1a673d692be2ea38cb5fc54e66,0.04618625,0,0,1
c2656e9926477da08cd26d60e55691ba26ee6b9f,0.031584304,0,0,1
279f3461b310661bac99cf13791feab3f9b22c61,0.70602494,1,1,1
8dd45d4129046ac0b4f819e916beba6a699bad23,0.17101231,0,1,1
0798c75fe3b08ce4128bf161622988c5b107c181,0.05987917,0,1,1
043a39baa8befc916faa0d4cca714b9fef2c19b3,0.71634436,1,1,1
452c628c21466ec4f68d90921c8ebeab362fa17d,0.65115154,1,1,1
01fd9c792b8a2f3a7206d43c21d34de8135eaf6e,0.6675289,1,1,1
5120797447ee6b029f483049db56cc4aac673e50,0.6546724,1,1,1
322b49f7267ffd5f1f4b7dc46b24912ec66f7d20,0.6713723,1,1,1
a352bd937f6f5473b175457baffbf0d6aad8ce44,0.14556614,0,0,1
d543ec4344dc0dabb0f39d4df1c0edfc5a4a1b67,0.23421638,0,0,1
c2eac3e4cc3ed56580d610eddc358d2c19e9b6ef,0.100132406,0,0,1
e3a8c9df14e8ae123c96ffae433a327693dc04b6,0.087376885,0,0,1
8598bbd763abdd16b9ecf7e09ae099f7acb0a4c9,0.12628707,0,0,1
8b1c2db40ee034c9f3a4d60ac3870791cb01ed72,0.06417849,0,0,1
21c6eb036c5fa43f5f2cfd1ffcc2be7263fd80f0,0.13887528,0,0,1
305f9facaba21515c001c64e78504e480bda07d1,0.04320944,0,0,1
c2319cbf65acfc6c42a1594cd98ff5628205afcb,0.032286666,0,0,1
edad71ad47d5f78d7cc93f2f281bfb3b60c56200,0.048465528,0,0,1
b696e321d599319a4bc94e055af27298c979874f,0.01909598,0,0,1
cfc78759480f2fffad23e33671f6434bee1d25c8,0.43320474,0,0,1
df673f2e8cd47a4ee3af18b78aac1b7c6cf80cac,0.017260974,0,0,1
d2d384e9b3fd15fbe608537fb82a806e09115923,0.20839436,0,0,1
ce75ee2ac03aa084ff859667d6f7876807c1a1f0,0.1805374,0,0,1
36b27da17c1088fcb7978b0b6d6601833b68d371,0.3108379,0,0,1
23d4b3363b867a3dc9c40d6b90831d0135691756,0.052921478,0,0,1
f91d7d6a911ed3ce6d6fb6751ae150342a7a0cc5,0.45406276,0,0,1
f4b76f86d28584f768e8eef740e2b3a9858a1920,0.24645779,0,0,1
2ab24146742814814a56c4277c8e25b2238113da,0.052097734,0,0,1
d70a041b08520a1588113f1fc21cc27ccb03d370,0.36221334,0,0,1
37fc91035983235d24e88368a7bae3de38789640,0.39483988,0,0,1
ccb7ab62cd014b620e0755788e7c7a9fe9d3c10f,0.09798901,0,0,1
24fa94e0dbe879517e383605c485c997b26c8da8,0.011120194,0,0,1
50c667a121b91828f50593850b94faaf846fd643,0.23732361,0,0,1
0b8ba2992a76c889864d697a7122c5e5d124d87b,0.2736314,0,0,1
4d24f9b5ab7fddad2c62a6ce47ce9542835a3981,0.021208722,0,0,1
2fc302e1ea9a5c0eedba4d27488670467c823190,0.019492127,0,0,1
18d5f4ba6e975408c9c171c316fcd38eac2d981f,0.020729601,0,0,1
1b0bba01654cc6912c7901bceaaa18de900030e1,0.013241165,0,0,1
59209e74d8ab3499afa52669c70081e0bfc5b52a,0.021668749,0,0,1
6557ab539177a1a130ab33c0ffb7c3ed3a9c6c4b,0.017616203,0,0,1
91300eb4de2b72c7dd6a2f300ccb38cf9e4fd99c,0.06585172,0,0,1
50ebc0f5446a38762932f9f7d202856501b2c9c7,0.018572224,0,0,1
71ae282ead03e312808b80b2cc3214b641496bfd,0.015540013,0,0,1
0822508475c82d83ea93edaaf6b6d3a7ace3778f,0.04559491,0,0,1
9cad8211cc6ecf280e031d9c8b1c0e985d70019c,0.028314585,0,0,1
3a88001d966aa3f9abc03e8116a3d9981e4a6cd2,0.013673552,0,0,1
891a13d5a9a328b20aeda6330079ce4f86e6a991,0.026928822,0,0,1
e97dc18159bfd8ae0aa14aaeb6b18d541cf03e3b,0.015077344,0,0,1
155333ae881e52a4ad49b3de6cfa848bca838677,0.25063875,0,0,1
f398b292b3463ffdf104db050849de74962392d8,0.026968598,0,0,1
f7c43cd216051aeff62194bfe1b98a7fe7f75c9f,0.3530714,0,0,1
03bf0d33143ebd13e4f389cd4ecac8aec17c2057,0.021647776,0,0,1
ead6ffdd5f924cb7b100b3ff7fc2cb9edc17a66b,0.013342588,0,0,1
698b384a95456673fdfaaac2b9b3088dfad6f2a3,0.023104327,0,0,1
c45994e38779957dbc09d74831aaa664e7031a46,0.021068707,0,0,1
173baf88e4d0fd247addffa7f20019aaf3ac9a2d,0.17549235,0,0,1
2503f516334f884a39ff9c82bfbd64c720bf26bc,0.21545881,0,0,1
4f3bab6fd20a46cab2d709c8d1e51de6956fc38d,0.47152284,0,0,1
b455d026a1c743e4f5362007479d8cfcf7d4e01a,0.11836787,0,0,1
69d178919b0d9d1b015c8d80ed2c6e338fb1c5e0,0.08150067,0,0,1
01c19ebfa73e98ea8d5a56d8c599d1e864938734,0.023793431,0,0,1
a022b47e7808d165401115a1b40fa655acae63f4,0.02271909,0,0,1
8e4ffb044bc78cb8c317e14e9c25b0affc28df73,0.3506223,0,0,1
05de0f3b3b7ef1785c4e80c14c3009d73230c5d5,0.024154715,0,0,1
cb9e256f9e69ebdbccb802fcd890d5d181cdd1d4,0.022081565,0,0,1
eae9dfe50078f332847a65db0f3d8ed9b330cf3a,0.020318253,0,0,1
700dd81e5bc3e30586b168dca6b8f54f0e81005c,0.065169625,0,0,1
6320e4fe55ca5390894042b4aee769b640f30aa2,0.076454066,0,0,1
69824a90e8be025b922d67e84def48e40fc71412,0.23589201,0,0,1
a5138f48e8a08b57124dd88d7b41e9ae99f4e59d,0.08975044,0,0,1
9e95e23f8b114a141246ed8ed4aab2a68c94d1be,0.25635353,0,0,1
4f92ca6011dae1649126a56ab0077d1a71083013,0.15086332,0,0,1
0110a996fdf2e25217ff5c3c54cbcc625e3f0f20,0.06871161,0,0,1
ecfd9ad84c9c4b7e1f09f7a8368f954f356e4e3b,0.28087398,0,0,1
7431e024984957b5fc1e2092ca304cf786eca8ce,0.019799462,0,0,1
3ce16ccad16c15f607227606a65148cc6c84e58a,0.0763588,0,0,1
63ba82ab1b6035bd26dbc615cf722c40f969691f,0.11711144,0,0,1
3721b60f4efb87035e18df7c789f40592a600623,0.09872565,0,0,1
eb0d74bc8ad21b9ab7f588a9fcf129001ca3d09f,0.025584359,0,0,1
a6a20929e0f6b25370a57d13f57815a6d06131f4,0.27306843,0,0,1
a44ec12c0f7dc53c50486177710801c0e8526825,0.13329881,0,0,1
c247c6e361bc1ea677526418cbbc2eb5ab2d54b9,0.033771995,0,0,1
684bd348e0496cda429e3f3b32dcd70cab85d5ae,0.011351666,0,0,1
27f1c3badc173b2e739121dce36b3a6634dd3a65,0.2023614,0,0,1
b01e9e0720f663f3e4fd0dd0a03e013957998f84,0.1638818,0,0,1
2d611069d28aa79786b7503346ba5a7c4fd3df54,0.3561221,0,0,1
8bbbe31ee3f78967ccfd67d2eafe5d5ff58ca8e8,0.14636672,0,0,1
4f60e5229d741623257a0053e613f44721418da0,0.08894053,0,0,1
b03c73b9607fe2c49678d26ba19d9bf1b342e7d5,0.01864761,0,0,1
fe4cf39c6c7053f880dbedc6b0ba2ea1e66b2816,0.020399071,0,0,1
97bb5737b3df25c876719851eb59d4b2c68e5616,0.045701005,0,0,1
e7f0ac87fe0fda375e1ab1f61ad6cbafb321366f,0.0349982,0,0,1
0bf39837426e0385205ed287bfc4da5e865a886c,0.10828216,0,0,1
57e69040a10e6db1e71336aee941fdd03249596c,0.13332279,0,0,1
fe29c2dd861bfc0fe4c397f9f9b220b735ea4ce7,0.23177013,0,0,1
c22ca8c6de19ec24e3c2c5ef929c81a22f3d61a1,0.013389712,0,0,1
63a111bcb0d676bea8b2568330aa7c01a1d35c3f,0.352888,0,0,1
8fac62dd211b3940291190a78ebfdb80bbf98aa1,0.22380109,0,0,1
de7a2666a98ff6c65e1993aa23829ba30a1e61a1,0.26421273,0,0,1
0b28374cea07a63f32ae996c9b43f2dd519cb478,0.01974499,0,0,1
ab1f195d44a61b2a01bb4c3f626afcacda978867,0.024031367,0,0,1
6b8a399cd55e3a33b986732eded9b312dc3355b6,0.022756038,0,0,1
1690b61aaec2155a96804bdc4c6e455558b94a21,0.028908122,0,0,1
4d24d49dd99b5d264337f5224d4863f2a875b9bc,0.058502283,0,0,1
c0d692324c460ecec36008c65c73a8c0fb4f5521,0.02082587,0,0,1
f299a7ec73d86bd1b2984bb9fb95ddc9630425b3,0.0194091,0,0,1
ac09c383d90fc2dd702e111699ab733c6e28dbba,0.067032374,0,0,1
e4a3737c6c07420ee7c27a968c443b04d71c3eaf,0.04307549,0,0,1
e2feaed85df37bc91fdeb59220c90fac2d3ade4b,0.0225585,0,0,1
ba559195253cbe42f2f04642e93bcb7e72599005,0.024525262,0,0,1
4761025603e130c659cf40e5767c766bee6cf537,0.13894926,0,0,1
1e9f687d4c2121920803faee55ad61333e7a1fca,0.020098569,0,0,1
946da9d66480c27a221e6ef1282c88d7f81ee8af,0.023778647,0,0,1
e88831c2367622ed95f0452433ccf84ad33d7106,0.06028165,0,0,1
b702664be09458c06c7270520c4500b5764fc036,0.4915027,0,0,1
388dfbd3f2f7ef66e0b8c62797c99305aa964247,0.020470638,0,0,1
b9d80c7c713bedba5bd8a40c0e46b25d32c0fa1e,0.06743463,0,0,1
f8bb11cf1e85936db56754b950183d7120918dd7,0.010320746,0,0,1
342b4b2ebeae12c774a3f325411fe19eb6df3d07,0.037749916,0,0,1
e4a6a3ca3a5dcbcbbd65edde61bed03977a75af3,0.04288637,0,0,1
c53e5639b7e149e2ea9efe78a9217afdcf3bbcbd,0.20110913,0,0,1
b87ba478a390a8dadd681bda54d0e2e21811cb1f,0.24001138,0,1,1
6007fb22e41468b446b257bac13660cb2664e45a,0.22543842,0,1,1
f9ce41a0d6be994f6aceeafaed71f23487770aa5,0.6367697,1,1,1
88acd6de3508aa297affb97625acce98877fa98a,0.17420974,0,1,1
eff38bf063fbd052cfe47bca56e4b2d8073b6ce6,0.62987286,1,1,1
aa4861217bd3f6876331309a92dd5eaff303b1d4,0.18702397,0,1,1
9e360ca017b1f639957c799a8b7b64047c286d93,0.51689434,1,1,1
00513a091d6cebf1ed4c5e2b6619dc36a4b5bbc6,0.5472696,1,1,1
58d258c7768cfc3ab47e455549f8e10b8a3bdc0d,0.40538162,0,1,1
6322cd019c486b6b98cd3f94ad9097245be3447d,0.12810345,0,1,1
0f4bfb3d662f4f6eb4c71ca408a42eac8e329bca,0.14602531,0,1,1
5c81e7355dfead2da26406b1c787e8a449bb6beb,0.54388964,1,1,1
caa82d3e1b0019b373c55c23168bb8c007fd6100,0.30028778,0,1,1
3b73cc3a9bba6c25520d20f83d7f68f69e2ba911,0.8293705,1,1,1
9e2996fef15bac17b20c641900f4e641c40c6aa0,0.27378568,0,1,1
6e1845426045c86a0d2ba96783c4f2ca8c5d0689,0.7085652,1,1,1
ae1e4c3704cb315c241e4512f101fd101e64069f,0.5863665,1,1,1
d2cabb3883e5847f39f41ad8cc7ce5adf8c6959d,0.3958899,0,1,1
21c42878ac1e8c3a8c5cee99cd72ce7a92092379,0.1946903,0,1,1
03cadc209ee3d5145eadaeb8abb0842ab09a4a17,0.57632345,1,1,1
9e1aa0406b26f67fd021465903a2627b960e8c8b,0.51550996,1,1,1
bd2d4a000c4d5b4377e9a28bb225d3f61d45de31,0.5710484,1,1,1
16e434606776d7961f8b67b7d1062e15f23facf0,0.32449687,0,1,1
d070f158d01e2719990d1d7e273f10788aa9cb17,0.52326167,1,0,1
535bee81aae6a7f3bbe61d93ea6be611260442b6,0.6521207,1,0,1
088ad36f5b8c0133d23b464610a6e6dc4aa5ef0e,0.4292075,0,0,1
5e25ecc7c2080aed188563e11f716efdf0fae98a,0.1226909,0,0,1
202de8a0296d0cd45a9ed8c25bc8633baa89b3d2,0.019511499,0,0,1
ac79155c97e1b10cd17d221960312cbf2ce8d511,0.32902443,0,0,1
05cf5add4877cab893d308461ba6bab3ef033d38,0.016347557,0,0,1
4cb82f5ef77d1bc568a21057582878b3c777df79,0.3256808,0,0,1
510f90aa19b1bd6e0d92c9bf823671c5d62dc659,0.061801847,0,0,1
9c15dbc1d0b479bea20ddc1e8fdada60693c2be2,0.013642583,0,0,1
5903fb5aad8fcb57baa15ae74af54ce38857719c,0.6333059,1,0,1
ef1619cea3303ef48f81ce9b1ca3cab044971e4f,0.21874845,0,0,1
8ff7252b4003f3590cf3f67b33ee6dd73c47ee44,0.33805496,0,0,1
3447393a6a6d380d7ba3cdf6566819df3ede2734,0.3679988,0,0,1
904616201f705118eaa565658034d0d8432717e0,0.55589753,1,0,1
d6dff710eee0d56a1df3a761112002e4a1ed5758,0.2548294,0,0,1
6851e81f7f52a97b7d5e16d06f663b1e82d59745,0.14924796,0,0,1
316fa5fedd04ec2621202651c6d4d27749717294,0.17346203,0,0,1
e14529625e16ca3ca11d616d144ac078474bb711,0.09091701,0,0,1
dd747a7f70cd0688ec6eeb2e3c4cc5552efbc9d6,0.13114463,0,0,1
7a5feaa8d38b5639e258d9df82844e4b29c58994,0.12322298,0,0,1
ce8c02f092c147aac9072545aad39c254f08f2d8,0.17996487,0,0,1
90b5274f2f3d670c1f7c145b7eb06c556c503749,0.044960875,0,0,1
049d85bd814ce0d552ed83217e9dc3a23e2ace9d,0.07366047,0,0,1
c7c37ebd69906cc9681841e625ca26df0298504e,0.033542465,0,0,1
b75712b5032dc492930ebb2715adb9aa524a7f76,0.3565901,0,0,1
f3cce42f2d006ab346cba58f22709e3212dce6c0,0.30220252,0,0,1
ca9ec527f40c67d38a90a44ca2b2f0ec7daedb35,0.014041034,0,0,1
83f194c1842b431030b6296fe59ba4eb20ef72c4,0.07069019,0,0,1
2b0270addb3d1f3bade8bdf1cbeb7a5c263de9c1,0.09201234,0,0,1
57ae8b20a35b9ba9de7658a100ee2e2c9c5d7068,0.021183126,0,0,1
5fc7a74cfc1504b2742d61a81c7b3923697e44ea,0.021130547,0,0,1
dd9ed3fa5cd6dec0ab5573e464b2cc5258066695,0.10031748,0,0,1
294f0d5783e4abb5f85b69ccc861f8d1f48414a0,0.5107029,1,0,1
746133b210300aa581efe5b6a9bcd8969f2447d6,0.6989832,1,0,1
5629107ed8ba0fc170a9cec00980d17dda25354f,0.023597328,0,0,1
cb8369931bc000ae271af0f9eb4b2683ffdfc638,0.5364063,1,0,1
93b8e303efe494eb2e62a8d504ca92b7b60bc874,0.031337757,0,0,1
32ab76c1cf4ff1f762364fe10f08a54e43f0cb42,0.027333327,0,0,1
2b9dd184be2aa29b7876b15436e9967a1683d8e1,0.025006896,0,0,1
9db8cfac09046b16a349a96233e173bc070d02dd,0.4931832,0,0,1
0b2102cfc42afb2629973a3c0f2b9d614f33be7e,0.53573996,1,0,1
79ab66952eb3f27e99e71a902b482ea3d9553321,0.103176154,0,0,1
b4bf3478b454c4c6ce6d9f859904c0d901beab4e,0.034694336,0,0,1
c81fb5307f5d431f24822a8f3ce86ecacd95e79b,0.04048371,0,0,1
50f831cdcfa0c30a5c4403d77c363dc56de11e0f,0.032464147,0,0,1
ebfa9238effab582f48400c371a4b8c07e8d3bf3,0.39335123,0,0,1
47bc6d9f42c91c7a32c3e4451f381e47a65ec93d,0.23604602,0,0,1
6e2d05638b243da413658003647f1a33adb49933,0.020867141,0,0,1
8862e06dc4d4f47e3d7e9e06e8f0581fc4767c61,0.19590174,0,0,1
4779067fb3cea6527ea4fb9aef97b8497c516912,0.021681855,0,0,1
d8f85358851e6f59a50112958c91da7ba5c31c30,0.6059658,1,0,1
24c75b9c650a7254d00ee4f820fc6327a5edcf08,0.293644,0,0,1
cd639652a35026e9e890b3a74dcdd138c3e1f395,0.018829333,0,0,1
dc59b87231431d9b95a2cdce857c7d6d09f34684,0.28522894,0,0,1
bd85cec8ed32e384b8d2e13246b12cf818310f25,0.049634054,0,0,1
df416d3a5a0f688830c1787666b1017981b27233,0.17597502,0,0,1
72f1d8a48a261bb0a15bd879a51559ca059a24dc,0.08231019,0,0,1
75f54c482430c99e107aeb3ef8b6742007fd0544,0.041447263,0,0,1
f070d7c0174e3588c5f1f1347a7baa839c97262c,0.19183922,0,0,1
6ef334bf37cc066387da7cc06d6c1837e3427808,0.41380337,0,0,1
31b4fa6189e23d1bfbeadc4357bc680bb0dbfff7,0.28522077,0,0,1
57d4b655bac96f3716570eaaf89278f2a87189da,0.24318965,0,0,1
46d1a118370309516351336a252c09329d51928c,0.33389303,0,0,1
3b0c26329e0d6ecce1d72536268e42db57fe1302,0.3347925,0,0,1
4d054f1d9d1524694886f2e2f1ecb9abe2210328,0.27141914,0,0,1
fa2875b53071a837c52a6e6a72bc229176210227,0.02461689,0,0,1
6bc8cb6861de786a8b7b95c4225a6c97ac13a76d,0.08989107,0,0,1
7440d7886c633fd99a994c34f261c2890b3897c0,0.100344196,0,0,1
1f564c2cb6346539416cc094d9bfb9dd50393de6,0.6191683,1,0,1
c4d6e6678a1380ada4e8774e5c66a4592ecdc5fa,0.54872805,1,0,1
eb09aeba4946d6027af23c2d2470dd452d8ed772,0.59087145,1,0,1
2847adbb14c0d6bbbf2d905efd3d507a58424555,0.021286437,0,0,1
f6a5f157cd72d25a2d3da7a384dcf4786f511d42,0.21594505,0,0,1
9f473e3dd85f448f5c3e76aaa7671cadc70546cb,0.22462504,0,0,1
9aea59329362a8100237a0076e1f071237eb76bd,0.5151296,1,0,1
607627168519405b3727ae869e5f491f65a33163,0.2435032,0,0,1
3a7cac6ea395f6ad28240b4eccb4d3379e622998,0.10006396,0,0,1
5894c4a557f8e760b78e49fd54c0c4a804c0b5ed,0.014895024,0,0,1
0729366497d231d045502806847116324e0b5434,0.023123873,0,0,1
627ca74cf81eb95bfd01d7f036fedd85539ead25,0.032346293,0,0,1
0535fc054080c5d9b8667da41b2dbb3dc88fdd77,0.029338654,0,0,1
563c0c459497a5f07a970068d4e84c835b20a4e0,0.018764062,0,0,1
d6cf5ed96ae5c3d6264057c129353858ea7aadb4,0.03032174,0,0,1
0ac6c73dbdb75e156a3e5c06ea443f371749e144,0.024346009,0,0,1
9cb1dfc36fa3c76c11930a4f6cb7ebc175a77c53,0.27176225,0,0,1
e81d716573a9c986081254aae1526883c37ef498,0.36601484,0,0,1
5e1d3501917aa22b0d40e48235d0a97bb74f1681,0.114566915,0,0,1
f09035290b1cdcf54f40c331e8c84d925eb454b7,0.42475882,0,0,1
ef9974af8ecfc809b18fcf3e238221a61e65b6fc,0.350595,0,0,1
e9b790d50a18dadd8450836dde7737009281a6f6,0.07624612,0,0,1
87e18b1cdd76581940c6c5e1d1eaef6e64eb02fc,0.25890073,0,0,1
b3028cfc9922fb266b2d0da59989b7782532f24d,0.025919827,0,0,1
751461e58213b0e8296dea6dbe04ac650c9ab728,0.13100721,0,0,1
422c4f5d6822a77679a2c70166d72adb7d426c98,0.2138979,0,0,1
f69ebbb0e8323cb635ded0d56bd5ff4b60f631c6,0.02834312,0,0,1
15aca89b0c1308137f66f4e1fa479a4673287335,0.45575207,0,0,1
7af83ae82144e9f7223a24ff96e544ddd1700bd3,0.028165607,0,0,1
4edd8c4a18ee1ac19791c63901a0917dc5224435,0.68298006,1,0,1
d645125364e998b3f0648c6909d1afe62791f836,0.030344699,0,0,1
ca6cabdc42c3394d55a2a20d5c6f8b6fd9f7446c,0.37933108,0,0,1
805f5ff26a689d3d89c64b13b9034d1292b7d3b0,0.013816367,0,0,1
b37c8aacf143318b992154b642f3d04b7b11f327,0.15095387,0,0,1
61d79b7e77f488ea2ebfe6862a29b4149ddf20f7,0.098630354,0,0,1
77986d18d70d7d99777d973f6910b52d84a802e4,0.10266198,0,0,1
2b5e291952f780e50df8c47707bcca2fc8d5b306,0.15991297,0,0,1
71128d3d504167b16895e90f732aa2eb3e3cb8dd,0.1784386,0,0,1
ad664ec95daeede3805e086a603971d2600c50b6,0.08375325,0,0,1
d20ae38fb8d7effe60a020efec1b5068a0e2ac8a,0.10416754,0,0,1
20d026bda72139b0b17e892e1ecea53f97e4569b,0.020655314,0,0,1
0cd0a172d9f4e41a4e77c5695088861632e18697,0.06701174,0,0,1
680d1b95a699e73ee8765ac846887adde681eea4,0.024173751,0,0,1
6860a7efc3c6975bb258fb892b7b0087bf1a14f4,0.02820924,0,0,1
307e4733f46c1e41d2a7ba6b96b3f45af85c94b1,0.025657032,0,0,1
a95559e5276e56649fd6390154750a1106e2f005,0.04589232,0,0,1
86cc1db6887178f4c07cb0ebb190b694900d8cef,0.02355403,0,0,1
459b179d687021a7991475787ba82424001bf863,0.023286857,0,0,1
2579c0909256b6feacc87fb9944c50198fed02ae,0.016952865,0,0,1
296def5ae78622b8c8e6e4fda2d223d76bd251eb,0.048496544,0,0,1
310709eb808205afaafd2eb23f557d9b2b0bedc0,0.053261027,0,0,1
cf501497e4889166bf7875cb753373d38c7f03a2,0.10488212,0,0,1
0446117276dddd0974bc23fe9fdc66f8011e8e63,0.25876528,0,0,1
f052896ac6ece2b36c36706604780dbda90b7f41,0.041275483,0,0,1
9912cc90ab10fe23ad633dd87847f170fa443874,0.09023608,0,0,1
165549671cdd9ee81fcc8e4e5ddfd4e62a116548,0.04706579,0,0,1
e48478c8bcaf6720b300b8fcd14475fddb7f5066,0.2560461,0,0,1
f843029843558642c5c29f4788b539a819ac3a59,0.20544316,0,0,1
937365e1a9b2e185ed4d6af9411cbffae837916c,0.06830263,0,0,1
de681e1b13c5af66b1a1f2301d8b094525cf6edf,0.25012872,0,0,1
9b14935315ff59eb62aa2cd19298e19c4de76004,0.044494405,0,0,1
1457605d24601e45a6b21f72078b4063678283cb,0.17371707,0,0,1
2d89208a6d21e28961f0d8057a704fcbb61984ff,0.21022555,0,0,1
31d4e7fae9743ddfe08aa32c8e638af887333425,0.053288013,0,0,1
c77f5bda4f0dacdd5f69d01c2b7b1a4499b381b4,0.014237723,0,0,1
2b238460f659b0bb00f26f45fb9fc60968eb7874,0.01211356,0,0,1
f2afdf33061fb7cf8f3d0d2a0fd75b9751fdbcb5,0.014117933,0,0,1
aa40ebfb5968ec48600d3555fc8bf3b273bb7139,0.021717446,0,0,1
2e511a4809edabd77779939e43c448bfe1a30fdc,0.014733895,0,0,1
4c284fa75377ac279ebf4b06991896e587caefea,0.019112147,0,0,1
dff58f05b8ab7322a6dda1d1e58b54e51f3c916c,0.02039151,0,0,1
ede779611ce2e816b4fba650591f2f4b07ebcff1,0.018401906,0,0,1
24450e97f811ed25a25384f24d7f8a2158abf61a,0.014675379,0,0,1
ac14c89ec0a57fc14f37d709c7eb8f4355402d7c,0.014660808,0,0,1
2c92ffafab28e0d77f1e26bfb453e462c0d37a43,0.04894901,0,0,1
d09393c89acd8653c9dfa058cfd4460777ae868b,0.06071415,0,0,1
70e28a6e5b835281b74b3c9d8b39fd4b30c86c31,0.069413565,0,0,1
63f2d6e9e8f520ee0fa8b1ad15979ab6257670bb,0.531728,1,0,1
3101596daf7b37b7db692747a79b20f45c6c61e9,0.017983792,0,0,1
2d7ee256f10ed2b235a533aff73b67166cf41e6f,0.062113084,0,0,1
6cd3352472b99d11549c66326dcd1243c551a4c8,0.018775776,0,0,1
c9bac8cfc4563b5f377ada6db19b0252eb57b4e4,0.25330552,0,0,1
a48323e4877e3466d9847b28d26103457de05719,0.05821194,0,0,1
9758c4f3c61fb0c814e4c54e378812d388e1269e,0.014075282,0,0,1
b93829390d6eb3dd337faf79235bd8eb2efdf17e,0.015339097,0,0,1
a3c33f6ee887789e695f289172bb7a7e7beaea5e,0.20321034,0,0,1
00f44612507728a678f64d8bc3144cb7ec49d0ad,0.029423641,0,0,1
a9bf61161b4343011d51724a505e82339fd9992d,0.021366386,0,0,1
c486706099b3dc4ce34d16e4e0a3173b9de7dd2f,0.2821121,0,0,1
6a46b00a397374989dd5038de9310d292fa88452,0.13386409,0,0,1
04bffa014d7473d62b972a4376748f4381c782fa,0.46286133,0,0,1
37606c7ea11c8356778b5b10582abc04e6f587da,0.27342507,0,0,1
c172c147b3c33af78c3d7320939f416188bdaa93,0.026347607,0,0,1
af46d68230bed03777625577374204b2cbe22e9d,0.047169775,0,0,1
0177a34c51bebc5e028af7682a6c6d1ee9c271aa,0.026535064,0,0,1
e8626b9972b23f1902e7e4c0b2ec03c4cfea91b3,0.24989332,0,0,1
fb39a0a1e1bef9e40e9b358278e783fa7d402314,0.012128051,0,0,1
1cf57633c98f5559c203bb48f1d8e2b22dc459ba,0.18969755,0,0,1
621d0f57e3fdd279ef1e8e0e9beda859e9d7be74,0.21967773,0,0,1
4c3b552c6d3e8f08e0cd41577292103a5c549142,0.43058184,0,0,1
fbb560af0395d2ad4674bc6e0f406aa05e3bbf95,0.39354694,0,0,1
c7ec8c54bf2b458a2002f24a3655c17a2bc316a2,0.058618415,0,0,1
7c0f14aa7c14e9397e6cd68683bdab77218a5d92,0.13667032,0,0,1
57370d049dd7b05d35096ceb475b4f80494db5ed,0.014799688,0,0,1
222061e1a92d6abfaabfc9406cd655a5ca8ea2e5,0.016144153,0,0,1
064cecd073953686418d089495eea9d534af9e73,0.013822678,0,0,1
add2c3098953d0766950e8dc78e3484a46bcde7c,0.013932109,0,0,1
430aff38a3c4428ce43d0f30f259ee0b8b80122e,0.0104336245,0,0,1
eb4e834b6ae3a17756bd2732ced075ad4a0e5ba6,0.56870115,1,0,1
ff2ef9f1a32a9ec436b8cb193947061b0a017a24,0.02470073,0,0,1
d3d180e84143f0e801bf73494b1a71f77d2c25f7,0.021290453,0,0,1
2ff50c9e620032456165037fe00f3edb99711d53,0.06484174,0,0,1
71a07dcf9ad6211b83810ec187b617d005b818e7,0.028338268,0,0,1
252254380c6b9ea99fc978b6abc1b3b4fccf9cf9,0.052185882,0,0,1
d34cd289ee1291b6a7d1b4675394248be2b8ea6b,0.11846715,0,0,1
4cdbee9efeade254ad0a8b03dbca33086525c6f8,0.32882875,0,0,1
3fffb43ecffcd08fea1f28f6106d5c3c8cd97091,0.01822383,0,0,1
ad548a350635141c415930c70ce31d8173592a0f,0.2759501,0,0,1
3286bf48497f3f831f5034569c8d37da1ed6e76f,0.37727317,0,0,1
38d899e0f288a24173a6c4c5898bb176102ca9b9,0.3314166,0,0,1
682baef7109c87a6ddb4f41d79965704887c4ec4,0.12506813,0,0,1
e9999fd04a6338058d27421f427304699dc53c29,0.34253287,0,0,1
cef7edb3028a11c60be8f9dd676587e97fab7e3d,0.0396606,0,0,1
3e1cc8f9b982bce46c6471475bae47c281be41dc,0.112052925,0,0,1
653ffe15ad341350015201a1ec3188faffb4b9ef,0.13589308,0,0,1
b913ebd36a136efc99195fef9f8a857b55d02545,0.42639717,0,0,1
176910a51361cbea23194d5483256594d7f09ece,0.552064,1,0,1
e07f9edd339973fb532ecfa88928884c75794957,0.19790298,0,0,1
72bb347aa55688e4dcdb112401512faa8768aa8f,0.06679826,0,0,1
4fd9e0be85d9dbe6b969cfd434dec6eea988228f,0.35111174,0,0,1
fa518eb7d8d3f00e1b6b4e831f0a0d2fd472476b,0.1237695,0,0,1
4f72517b0e7881107a0db3046f0247ea2218039d,0.2587729,0,1,1
8a127b81963d28a06bc438c47dd551f860ee8055,0.28530523,0,1,1
80ed7676093c6ee19c271fd9414d360b6a8d1712,0.53095376,1,1,1
3c08cbd2ebb2ac5bf335bdb38d3fce0b0482673a,0.27427766,0,1,1
a35b256ce3c2aebcc96d054b2a526bb37b4f0bd4,0.2767443,0,1,1
eb15183f8f1272ee3cfde61eeaf048c2280f0e23,0.29491165,0,1,1
145272c6a729e6ac3aaef5c973c2c86bdf0f329a,0.113486774,0,1,1
8e00ac7a927f8ab42cae75fb6c5a54cb2bde8c83,0.6784107,1,1,1
c96a3e5a40040ef43e0a51935a368458763d3424,0.69171786,1,1,1
e4472979707c9e59ef5edc9f6541902310d3d036,0.49565455,0,1,1
b73ff92c29ff18c5cbe81ef75e44ba752392b0d1,0.27000868,0,1,1
bf30b1f2af61a37d8e1215e1af6022ede913dc2d,0.67236817,1,1,1
03264295028ec1baa23189bdc5b3ddf09c16c94d,0.23363045,0,0,1
5627e45ac3b893b7b8f69566738f8f09167fc87a,0.015611337,0,0,1
d0474edbfad324e68daa95e58d73b670d01ffca1,0.03668217,0,0,1
b227b3b6aa81ad319bdfe91a7611b957f0beffdf,0.41591662,0,0,1
7e303218009724e91ed7d3a008f89e8659567072,0.015470916,0,0,1
06d969a8fe228de6a637e832743cf6df518fceb0,0.11097194,0,0,1
c06fa14c5e96ee1114e701cb522bc84e0e1a1a91,0.08054417,0,0,1
4374b673a2b2ebbc7042c062b4f87ab49dd14930,0.34256312,0,0,1
2ac8f67206fdaf6563b97baa9ef4cb2bbdfb8c70,0.2532727,0,0,1
3d2e4a013b9f1bf0612afcf53eaa996d654860ff,0.24308601,0,0,1
de39dc6e141e79bc5eb87616764247867ca11449,0.10212547,0,0,1
84b282ed15ba3999b328c92720d48f668d8493e5,0.15907602,0,0,1
7befe93c8533645ff3b23cddfc7c7eed56b8ed80,0.25505584,0,0,1
e83e010913d19a91ad9ce75adc69815a974f7c0a,0.31452444,0,0,1
479212c2a8bb941d4621a42e640847c58a7a71eb,0.2029032,0,0,1
97abbb745f31c635c5e2b9a9a4edd8ec7c15430c,0.27383703,0,0,1
d8bf84a141b46cde9f0a31294e21053bd8d7cfec,0.06887558,0,0,1
885b0a0a353275739c9b1658a8384fdbf6a9af2b,0.48152667,0,0,1
bad2013536c318ef13b48443c1ed08c60fa8ccad,0.08879332,0,0,1
04c041211cdc102ec44ca098a7e7ddfee27a0ce8,0.08727173,0,0,1
40448470d6384fd4128840151a62be646f1eb88d,0.03132035,0,0,1
3251bce2d463c4ba51fc24c04904a8e3ac886c3b,0.13041185,0,0,1
6e08c112527e45080ff99c6bb1ae4bd2165d292a,0.60299647,1,0,1
f53ac2222d10c1f749a616919f6bcc383f599cec,0.047198094,0,0,1
9bebecefb2ffeffe0c2834b2be10aadb33b559e0,0.2620442,0,0,1
f3fbdfc725b5f1644b7a436c38ce953d0b464a17,0.21583253,0,0,1
feba9d2cb9dcb009f64fb8107febf1af8a9b8b40,0.14406233,0,0,1
042888cd680eb37a4461f7d35220954c0cc59055,0.4102687,0,0,1
38cf22a1846fef0a718386791f029b3ec7f125bf,0.20160592,0,0,1
9bbff9dd617324ebe6487a7481a85cb291985293,0.01670265,0,0,1
fbd7d3c194dd6486cfb0ded10e9a449686d79709,0.039719604,0,0,1
af8f4784a11bb885bfb79b7ba1dc9620238103c4,0.093140945,0,0,1
0b85abad6a951191875d8cb2af84a7da804c30c9,0.37400603,0,0,1
72aebb5d85dce53f02bdca3685fdaeb9a99f55ed,0.12018406,0,0,1
a0f3392d441cf422b31348a90cdcdcb971fc6a69,0.04410582,0,0,1
a40c772427c8dd563184c1922ac73262982a16b2,0.09309717,0,0,1
b5d2df194283d928c2664034bae4e2f872f6d58c,0.017127398,0,0,1
07e0698ed6961ac535a8971e52d61e53f877f58e,0.5657918,1,0,1
9b841a30265fe0652e5e94c338ef82970363f4ca,0.3969579,0,0,1
387455c408f9de0a9870a215e1e6b9497bef1eff,0.68997794,1,0,1
81d88e666fd9bdd3424b526be46626704e0b9c7c,0.51695114,1,0,1
4904788fde58204d5570dbf2268d8580a5d8d4cf,0.079291016,0,0,1
cc50f64aa8598728365f282056035cfc094e7bbd,0.16777812,0,0,1
b433eef1c1ae41112791584346558600d134f7a3,0.06863806,0,0,1
1fe62a02c75c1a1af4df78ec1b269837dee69314,0.14499609,0,0,1
100cf21e5b877d160eefebdbe109b331427aff3f,0.23960534,0,0,1
227008cff233f9424ab37044b2c0d7b2d178c330,0.015624489,0,0,1
4b46a1595c4c8688644549b3cd762819f4ccfac0,0.627054,1,0,1
d3bef0558d47861d85ebee02bfbbe09d67a60c3c,0.079003364,0,0,1
475e02f6b0f0e7b650b44929b19cf6d5812ad2de,0.16259205,0,0,1
b5981e07909d4d1626d6f0ca359d3124c932cd60,0.108780384,0,0,1
20a1b9578effdc68ea07870f49e4e93289d86e1c,0.22189687,0,0,1
06827d11a7bddc7a02f2804618219b862f63ecdd,0.18380839,0,0,1
687fd988a316c937698c6c550b3c87507a60e361,0.40212438,0,0,1
53065084d622423dd086efdc6e76729f97d463e2,0.54759103,1,0,1
ee4ed5171c34694edac71add10dfab9abb6b003a,0.017984223,0,0,1
bbdd3e827d23c085d6c669914efa2798313b1b52,0.4639053,0,0,1
aedbfd5bef8442e5559c0439ce157e3b8cc37269,0.4897925,0,0,1
769df5afa88c6ce4eda5c675626077a24827181e,0.48936445,0,0,1
27641679e9fc948bc33ac13dbaabdd831954ca29,0.51316696,1,0,1
70add68322e8145ddcff59c2347a40c0f2e9addd,0.49094447,0,0,1
4a4074b7f330d77f296c16abd82cfe026de31f99,0.49543872,0,0,1
f5b48cb2b84d0cdcfaa99efda564a827f18bb49a,0.51827943,1,0,1
3e7ca122fd7cdd5435b5c8bf83b234b3f68bfb89,0.34820265,0,0,1
241f2ba7aa3225724a80421b56075aef7bfb21a0,0.3770076,0,0,1
92a3a06876fc47d55d189f6483b1efc37b1c59bd,0.1395503,0,0,1
b0017f772daa5e7f05094e38e4bec9bc99e5792f,0.18057771,0,0,1
f1532f0cdd5cfc6c40fdc85bc50d22ef2dba699d,0.02098545,0,0,1
5865fdde89b92235cb080637810e178f21bbfc11,0.019766137,0,0,1
2f2698fa5739eba1cdc3bdf8299a754fb98ae871,0.023574883,0,0,1
57e1baefea09dd41ad932047507bfc6401d46405,0.45746905,0,0,1
b82b8b2cc51220537d247d45133838eb868fe213,0.05963381,0,0,1
e0d62420f7020b7e6a88d6f41b27547eb8ac397b,0.15862961,0,0,1
1a0330f912c0aecdac5a394997932e94a618a4aa,0.28988367,0,0,1
bf18ab3679d025b4da88797bb9759f45b1eb00e5,0.12879491,0,0,1
7f384e85ea9ad0fc7f4cdcbf9451dece694ac63f,0.25870535,0,0,1
3ad097a555013fb78f35643d2c8c201435aef8f2,0.039616395,0,0,1
0da91a3b68d0ab6c28c89bd03057704c35ddec35,0.24363852,0,0,1
4aec5c55ff8bd122cd5d8cf093a595de81bbdce8,0.24175626,0,0,1
dc51387cfcd868ea837da2b7d2be87c70bcb8f9a,0.19806673,0,0,1
b24dc73be37f00dc35bb1e41cad90c703c96a13b,0.019828234,0,0,1
25232230d98d47fbb2be4648ce776702089ed13d,0.08608306,0,0,1
6b15ab9b40bd83a70b52d70eb24b426fd54418be,0.2301961,0,0,1
c8c91b47da7a68bfd7b335d664934c302332b06d,0.118769,0,0,1
f2e9feb8cba3cf504de07c07c5c4791ad0af7ce4,0.81795293,1,0,1
e0522db412e3fce6e5f1e8b965a67c873b2251fe,0.27778125,0,0,1
98b0e857a4e8a54739a10e5016b6ef3b9753af77,0.048947047,0,0,1
8025b2aacf291bf9197171d9ff1f7a693431726a,0.22324659,0,0,1
2106a8ae107fc2df9099b12b23fb89f95d449f27,0.021131013,0,0,1
a94943098d61f48a5508c2ba32996a0e98eb1704,0.03838351,0,0,1
35b06e09dbebf887afb6ba5191451074496571e5,0.06666509,0,0,1
8ec1c52351aba784e90c2cabe8dd3639f233debb,0.15051995,0,0,1
0aa96a17f8cf9c96874c9519c93e9f7723d41adf,0.22139922,0,0,1
62950beb8d9ae79097a7651cc3e1fcbd8d5e31f6,0.03975363,0,0,1
bb04d083026dfd018eeebf5139850c34e6b49b1f,0.03025407,0,0,1
6b0c5a3b409511646984f34989ca7826eb4379cd,0.47952348,0,0,1
960febe9458e4213133bb7751c8ab9c3c0b88bc8,0.2956028,0,0,1
a3fc218ad914c8e1de13ec3d5f5fb4a54597bc8d,0.36506933,0,0,1
fdc460dce69c6ef2caaafaf9628ee94d07d17625,0.031705152,0,0,1
7ceb5a6b8236517d708d7965f4873344c5630969,0.112681545,0,0,1
bb9dea37dc558378dfc6559133171f45c6a3b5b7,0.6044409,1,0,1
28d51dace3fbbf8f0bd71f749e5290685b0c5df2,0.2597159,0,0,1
5f5fa24f351870d57a196a2280ae7a0b668f26c7,0.7568079,1,0,1
e74df2c0e90e5e4ee92a0d45fcc6f5db5958861a,0.023582246,0,0,1
05b614d6042e1852b8bc14fa0fd66adcbc1406ef,0.3012957,0,0,1
05164d24d77b4f05a309cef5375792b08316f1b6,0.19232877,0,0,1
efc4809b7b73febc18cdd8976ff8e9d6d4537ade,0.14513724,0,0,1
93c12bbb6d22a165a407b6184cdb40545f86c683,0.4498118,0,0,1
54a95d899854ad5a0a7b896f99cd8ba68b89d471,0.670142,1,0,1
df7a37858bdf7c465d6ba96637558695e42e2fe9,0.34209317,0,0,1
cb9d0a8369704bfc94a84371561d30a6b4317767,0.18780808,0,0,1
db1483ae639de19872a023e2af418ac695361500,0.15376332,0,0,1
7a8ff741e0d60d6430be6f8a25bc1bbeb65832a2,0.028293839,0,0,1
90e94269f7d64684ac7dc3fcbee055eea866d370,0.61570656,1,0,1
0d33e877b1642b1bb630415304b8d01de2ce427e,0.03454731,0,0,1
d700649c1748cdec25ce871925d80a1356e3147b,0.13776565,0,0,1
4f30fa5358a7712bbaba7e25d97166d9b4a0f0a0,0.17681442,0,0,1
774228b4c6d5e6f8ec239bc9a3d8f09ca7bfa51b,0.1846175,0,0,1
ae57c74449db1d55abea013eb0274fb9a1f636bf,0.370958,0,0,1
54567ccc2ec5ca96bf70b0926b56e97659574f4f,0.41811326,0,0,1
2a354150a2193ad32311e675d7452c8059be3bef,0.44422123,0,0,1
db6cf117a225ff973a44972c5fba128b1228a99d,0.07908565,0,0,1
6faa7858155e8311890f14e486f43d5f8cd69835,0.21605389,0,0,1
4790afd48bb04258b01965f601f979f7c71cd472,0.19453067,0,0,1
6535c04c044a9a1ff76410251e43932ebafa6872,0.022867316,0,0,1
69b4784b44ccebceef03b445f420240d07a85062,0.27691355,0,0,1
5cc4b1638d331d9f6bfa9366e26acade4b412202,0.27047738,0,0,1
11b6cb54670ec16f8597851cb010c62c6d3a6578,0.0553705,0,0,1
881af80e8016adc72f7c577bbb88e0aa37c0505f,0.049482383,0,0,1
c1f539ad85e47c5052bf0e123ef7264fbe5d73bd,0.053486697,0,0,1
a962daba86ca951dbfcfc9204b9d4a0e260b34c4,0.6318498,1,0,1
9fc8dbcd054fd82e8fde73c50b63832b6359f476,0.08790857,0,0,1
a2da1049443db9db3e2c06cff58463fe6cddb978,0.6758555,1,0,1
355dadec5d8729f25fe57408f29c75e64ee65623,0.41596097,0,0,1
41ba47a04626704ef2fc49ba03b0be0939879271,0.034292683,0,0,1
cb497ff3ac18bb0832106b624f43708dcb28e034,0.042145688,0,0,1
70f1e65a1fbd882442829cc377be937db4ee1acc,0.11342476,0,0,1
a1e4f67e9d5480de3d725295f562e98f6c45d79e,0.77132326,1,0,1
60e3bdcbbd3f84654d6df895af97740408ba2bc3,0.41433474,0,0,1
52eab6561b244a4c84572a04bf6bf05144b2033b,0.15497594,0,0,1
dc4746b69a3580443310765eba606be998e2da4d,0.48360482,0,0,1
84e2cf153d888b5f3a73bdeab13c323c6405c1b1,0.6167169,1,0,1
8ea2c18f2b69ca3d9f3a8a1033aa6078df745176,0.5707309,1,0,1
5e2febea94ae56db7fd0729e808625f7be1f6a32,0.061438102,0,0,1
2a7594a7ded5123b99791b0f16265833ad35c81a,0.40671998,0,0,1
d8bef16525907af19a253e911c964d630b1737d9,0.07125338,0,0,1
f3bd0b79313c65d41260a7dfec6e041cc5e24674,0.13468187,0,0,1
56d6858f3430e33398976b02f23cc82c25641a4a,0.037339065,0,0,1
7af57e58daa9872f2066d7d521f5c153d7e372db,0.063631125,0,0,1
3ad7450857297ed609c5b568fb55f77dd469d8b9,0.07905608,0,0,1
190dee5fa3b5374f95ae8b3673705802789ed0a7,0.04009611,0,0,1
ed403b6580ed403a814e1c821200f302ffa5805d,0.039037593,0,0,1
45da20f49abafa125ff4f616e8312b89fbd1f139,0.4568411,0,0,1
03f8b53af1526c038be1e0aa6f519a6c73762758,0.30668837,0,1,1
6114f5479d0bc640390c8f073b40eab94103451f,0.047853734,0,1,1
b925070f3842ac0ae2cd816d7dc99233e7a6ddce,0.047586504,0,1,1
67870c17b1b2e718a807229c89ddbb9eccf2cbbc,0.047023483,0,1,1
12d7f3d204a242de56a5a94ea8371bd3f9717504,0.6740211,1,1,1
6bc2d25ea6dd424148786f5e0cddeb42ee072e79,0.25838125,0,1,1
2280cbd563332a1b9f3ada9de77af40efc6c97b0,0.47898448,0,1,1
d254cf2bd17588e5111841b0ca0d349a0f4a6fd2,0.32161295,0,1,1
a3cefc2063d220efdc8a42a66164a5ff0bfd690a,0.7951337,1,1,1
d53e67a4a8ab87434b5704eacea37f98d126db15,0.78096867,1,1,1
c4193c6e4ad3e5f526df5d1e0748abffcfd08bb2,0.5241875,1,1,1
2759abae42100a486dda09e787d5aee13a9ba1f9,0.8254192,1,1,1
d8e760bd13b8a5c9ddd2029f2ddec3fbadc280a2,0.034556694,0,0,1
fa2fafcf1e1eae47296fc8ed1d609225ea381971,0.14300562,0,0,1
b0bb65029d1e3dcf57d8a0a56e4ca7cccbd18db4,0.016428154,0,0,1
624cdb14f819ec4ce5a5c02df0293f317cf9737a,0.02810576,0,0,1
a6feb941e5ff8fde22865f981d912c6d5f48546e,0.5967085,1,0,1
cf032314f935892a8cc5ca7a43bcf1c9011f3242,0.4359385,0,0,1
f675cbc93ee4bf7395befd90303cfdc79265cee2,0.5152195,1,0,1
5226462744f1e3c11fe5477b543a60b18a80e548,0.46160895,0,0,1
71841bce6f67b8e58b26caaa49b5c0b1f7269534,0.029980011,0,0,1
33172a83a4eadeb7084486256c57947567ddbf17,0.4363417,0,0,1
ff38c184f7b5e1e2b9ab88b22464041eade680d2,0.086744644,0,0,1
131e4926b7a31fff3c6bead10bbe6dcd15e32bf9,0.4933743,0,0,1
377dd0a46189c53b9af1f89c7e4e9e1bc7698646,0.039116755,0,0,1
79a242ec3ec8208a9187777cb40d8c269f3cdffb,0.23976606,0,0,1
db69349c601fca02ed236064bd7c20c359cd9707,0.056042477,0,0,1
45ce66540a365d766987c7e2d7a680acadfd82df,0.040218126,0,0,1
3e65ff983dcaba073337d3a15b21dfbee2eee4c7,0.2736598,0,0,1
86b6c0cef9e1d09db327197ba2cd64f404c22988,0.065013885,0,0,1
83420394a2e397ed46136c40081e437d5af9c2b5,0.020267544,0,0,1
f61244c48d22b86a9c6de16fc4805f10d8d4777b,0.07624958,0,0,1
89d2eb8fab09847c42ca1eb32c62e0d4ef7699e6,0.022194104,0,0,1
661fb0c9c01c87410cdf1abda41d78906656c7e5,0.32367373,0,0,1
71a4e3f5bad9e17e7213368de6af803bc3cfc160,0.13802613,0,0,1
735d9a839110590ff1c82ff619cbd7facb34d078,0.052041695,0,0,1
3832b54d4d6f8a45c7283fa42569e59d66ce3d90,0.13542345,0,0,1
53b6258b2465362ccfa3f85a482a9d54425b6d93,0.15455227,0,0,1
a310596a75ce3e0cccf268102f070ce85cf9384b,0.2478118,0,0,1
80d570d77a6f0ff71bea6fddb6519d6bc77f408b,0.21408528,0,0,1
9994ba2cdb0922cc16261cf2a165d9b7a66092dc,0.06236091,0,0,1
10f7c22ac3955b9ec0879367fa76f6c14821f512,0.026036363,0,0,1
19c15bd468dc770e255738fa474956d37b8bad07,0.0700617,0,0,1
2bcd63e545252c308f9d8b51d8f357155639e861,0.068591595,0,0,1
31dac7eb1e2c3683987adf686b0f151925d51b94,0.068910465,0,0,1
b6c1226082e9272a3a5eb37422afc24740e7b75d,0.5090615,1,0,1
1f06856824ecb1896e15059704510455938372ea,0.14852414,0,0,1
41157e7a305acd42d820b0dee0dc6cee228142b9,0.08824788,0,0,1
845fca72fb3736ba07f9f35b138295d77530e500,0.1494409,0,0,1
62e139bfbcbb1c70bd622081932b133d09aa4a62,0.24865703,0,0,1
4f65842c59170271f82f98b5eb3a985f198420a1,0.147032,0,0,1
2f92ec1b0fa868d2c59270abd6630a3cdf2d02d0,0.17655826,0,0,1
10636cf7f281864685b64efb6b013f57331c4615,0.14050673,0,0,1
3187c92b9b39a2f0663f42d2ec2e1ffa8c45db10,0.10986686,0,0,1
0b10d14e48d1937621edcfebec24a2caa6676184,0.37618974,0,0,1
beb266a7c1a91bea734bebcfcf0768790055e8ce,0.09029184,0,0,1
e45d91d0386a32edde0ed08b57f53ec2cc1de3ea,0.12857921,0,0,1
80287ea5dcec5dc0fe8903fd94a51fcd7252dade,0.04936846,0,0,1
bc71c883eec9865f626a77e668f610f1624be43a,0.040039808,0,0,1
93b0d6b3acb2d3be277ca8c2799badb005686429,0.44440976,0,0,1
6b436a0dc1c32095698fa777ea1365f5bbfc672f,0.33535585,0,0,1
1d049600404981120633155a69a2effa10b26cfb,0.023624953,0,0,1
29cf07169ebaf45dc8eab6c7e55c0039b31dfa5a,0.3442102,0,0,1
b4d173d3519854993014731e8b8c1e73a137379b,0.2698844,0,0,1
7c272bc96e2053ae9960e61769c38696f4f3b854,0.05706013,0,0,1
6658eba6826100e9059186809927f398446e33a4,0.2767822,0,0,1
87266fdb96e7b98dbf4fd2198ed3b8f245726203,0.61981356,1,0,1
efedfb04fc0756603de3763b10110beebed8b9ba,0.45781678,0,0,1
982141d68997d48524ac4f0b9616f06ff5cfbebb,0.10017773,0,0,1
8fb9b82b186fcf137854e60f48f84bef664f10c1,0.060483146,0,0,1
fe71bba6f74ce54fd2581af15db777772d7d7be2,0.08792434,0,0,1
63379962669775afdacb14cda8a40cf9c4c9a043,0.056454036,0,0,1
9540122871676a511867c3d2ba54bf76401c8a91,0.21387267,0,0,1
064c814833c50fe1f3f87771e6e85dd6b1dfa42a,0.18782258,0,0,1
3f28c60b2ccbd4d3965eddfc2e652eb0027b10c9,0.5595326,1,0,1
57132135b269f9cf76870ac08b558fd80c861d49,0.2061998,0,0,1
9773e41c076aec1cb86f4438d37b01a97b852a3a,0.1378152,0,0,1
5d98623c312b7639c84f1d73e5bb3d4b8487fd8a,0.44927526,0,0,1
75965fd2aaa2ee1c5f34a0ea92b0a444be2cfc85,0.5008901,1,0,1
16f001b4ed6a2507861a50f73f5deed8e86bc6ce,0.054718256,0,0,1
c13bf71d3a1e8eebb624e8a113363998d1664263,0.18579334,0,0,1
cc70e908fcd9b309187789fdbc20249ee3eede3b,0.34840125,0,0,1
25d9407086393ee46fd5c981d8deaa9da2c17be6,0.030949622,0,0,1
0d4bfa919943d2053868ac7a48c2757502c5cdec,0.1369882,0,0,1
88bc781f326d51424680a3fa6955632a7883b7e8,0.14258806,0,0,1
8bcd036741fad3864b785cd424405cc7da6150ce,0.34371853,0,0,1
e9c984fdc9fa6d35744038685698ebc5114df676,0.5115727,1,0,1
56a4b2ae7539c2feb5f1a049634f07f2da082494,0.03414007,0,0,1
53d100817e07683df4932f3dffb94873d3c72602,0.10708518,0,0,1
4627678be12a3b25fae317b2f30a4b31a2e80634,0.299752,0,0,1
ad403802e0a705e215b46cfaf4634bd674f6a3ce,0.03761121,0,0,1
773a012cf8b1f125f6a128481bbe2b531beaa023,0.3318331,0,0,1
55965e964deb71b11758bf7e8abdf698ed7dd26d,0.16321585,0,0,1
1ad8fa191c5df90d9f0388d7c483d57724860040,0.07396432,0,0,1
31d3f3456ca68f29b98ce5650dee94e1127dc805,0.11966361,0,0,1
0431fef427b0ccbc8220cc7d90e03b543fb1e98d,0.18709925,0,0,1
23977d0e561b71060b00060ca4d18cf0791ee77e,0.10223917,0,0,1
2c555d3f34cc96ac8d6f6cca07b69ac79cea57f1,0.18733326,0,0,1
de80253102670072f7a4f7e1fbb64b69cd53dd64,0.23238838,0,0,1
4858db950be1536b0645ac6b183a20196cf01770,0.1324183,0,0,1
10784b87b548683a5fd37819ec490f8272b7c806,0.09029295,0,0,1
0e85b8d81e5d8788c3b29e4979d9dd4c50e57c55,0.20733924,0,0,1
8bcb17d2e99f7dd4bdd81a103dbf839589635c3c,0.06053692,0,0,1
6c2fac139550b0168d254ee4b925ab206ccf359d,0.05160622,0,0,1
040cc81c32c269fdb4a972db04251c4691f5389d,0.49745002,0,0,1
9f6fd35b16cdd19bf5fa3e8abaed17852bc1dbd8,0.04896052,0,0,1
75c6369189b4ae60c08b21178d0798355b8fa281,0.105421394,0,0,1
cd326abd88b3ef686f566e0b1735b53383c627dc,0.20861982,0,0,1
b3f1cc30d4e1d9627ffe73e0394048dad5af651b,0.06173138,0,0,1
c432a075e7c1bca79a63eb2a8f9d9ef5495c0e48,0.37948865,0,0,1
8672c3560a180a36f854458724ab7b40ee8b9d54,0.16386995,0,0,1
e7ee9481ed978b1571fab43fde8da46439e9d503,0.15567417,0,0,1
8e1b54f21160ccfdac07039b05f6a4050114b965,0.053966645,0,0,1
6a612f3c67cc92929c236c69e70b0131726c6808,0.23767363,0,0,1
cb48137d5ab27db5da09ee3940c2cf93fa47fcc6,0.3064768,0,0,1
0a928ca2b7a16fd49b49223bba4cd778207d0fcb,0.55359155,1,0,1
f433a99608baf7ce378478ad212754e9a386d5b5,0.11737091,0,0,1
b572ad1e3f956edc958b0142c0e6d296a9d24c6b,0.023232963,0,0,1
628e21fcc75ddf52ff2ad5c67ee7b4840b6357df,0.04547198,0,0,1
00354024c64400dfaba80873e55fa365d45b1f9f,0.049859297,0,0,1
75199a4d3244bf3f97979024ac15a55728cb0860,0.05076556,0,0,1
0eca91ae405f281e734337024bf499bc2e90c8dc,0.06653143,0,0,1
5ccf73a33230857f217a8e456301c2a0e59d148b,0.05033232,0,0,1
6aa057ff95f0c14a7fcb562020d71bde571c2e87,0.2579371,0,0,1
9eb1e02873e9b56c55ac6b0bd253d5193de15b9c,0.037178513,0,0,1
3df225721c22a5eb7b7b74e774ffe5a0705965d6,0.15902579,0,0,1
16626a9b8fdecf3fa80876a244ff74dd171b06cd,0.24728973,0,0,1
8856608a047f389a40f6d1f409983de139b35850,0.16954601,0,0,1
18e6a973234edce2e46a5c4fd99ab890e8594b31,0.26442814,0,0,1
d5a24430061654ac5319ba1392415e7f3958a475,0.6308996,1,0,1
7908328f012778568c6da95f7081b8c4b9754009,0.12372181,0,0,1
f283f4c4b6183504135a98a3e0d77eb89f391bcf,0.21131527,0,0,1
e45c8fbc3e119e5044bd0143ba253380ec45ecbf,0.111849725,0,0,1
f4bc7cb026b668257dcd5b083282fc6c2f70f2e9,0.4872385,0,0,1
11dca5f8746e7b7d43cd62635497946d309fcb60,0.044711,0,0,1
f05518d99227ade0b7928592c28a67ff1f0b3bf3,0.48979434,0,0,1
b383b9c38090f9eae7ccc7bd82052141a3eeca60,0.37419236,0,0,1
f2e00c0453b286f77872b716acfc3ed75467b159,0.16264814,0,0,1
37daf894acfcb89582e701a36e1695f772fee3a4,0.17422839,0,0,1
812121b8e36f8588973c7ed4deb44838a5616d61,0.03300722,0,0,1
e176d65e03aee3135bf91691c0a43f0ef7f24b02,0.428716,0,0,1
c510b94ad8905d4346980c68af1dec143c0f4813,0.21977574,0,0,1
21d75a867ed4659b6796406ea26510f683f3ee42,0.40145916,0,0,1
63bee061f37d09d409aa02d4de122fdd94b538bd,0.37960675,0,0,1
c5dc98d98d8b1d06585b9e23e04418532a6cb3d8,0.527552,1,0,1
b7df9811bf66d7f8ae855a82572fc8472b206c5b,0.58169216,1,0,1
99facd0219053f660c43b318b0966de40354d76d,0.28841335,0,0,1
155eac83dbf06ca184a49e35577aca1c0f295299,0.49215594,0,0,1
35a456bb612cdf33cf84a92098ce58ee9a298137,0.041710917,0,0,1
a0c48c1e155462c2851b41eb7aa707f310516411,0.040738583,0,0,1
b53521ba1a104bb725b63f5d11c551447b78ea59,0.6167925,1,0,1
d7f3d4f5c6a163f18af993fff9d8e52a2f384aea,0.082663596,0,0,1
7a2d76735fce33b815c9fd674b1c3e3eeb3aebf0,0.068238944,0,0,1
6fac1ecfdbc6d088498b1e7a5556c7041c86bbed,0.08164509,0,0,1
c50607e7c834422c7fd926a345b1badebd1a2675,0.20645316,0,0,1
ea82ea44b4d9e1578d479a5ba5bbd539e15f8d54,0.1238663,0,0,1
a78ebb040a841a14fa0ab8260977f9d2b92623a9,0.101037584,0,0,1
8e4a56526f342b5ebaf36ea2003a614ddb7e4059,0.14382283,0,0,1
bc4cd88aa7d8343dbb031c65d141f4b021a95d0a,0.39086235,0,0,1
bba1b111e213523054d467c3fe477d0722437a2d,0.28737852,0,0,1
e5707c51408626d40bc07c70e337494386343feb,0.20336069,0,0,1
8c2c5f6b0bf96c162bd98eae595f06b5ba990bc9,0.033152066,0,0,1
76c80ad2819c85f71977e584bd1bfb3704ae6fa1,0.20511068,0,0,1
64a13ee391894a1aa8b9c0d40d91783d5804377d,0.0657788,0,0,1
3118343d4ed0c932838acb0f733cf67435653b79,0.025840016,0,0,1
ff6400238181b6d4ceda00c1eec79da6877bb171,0.56284976,1,0,1
d815c27f7652dce234403fd95b55278a0423b5b6,0.03792528,0,0,1
adece42b0228e45f0fd0b131db25080b9a926611,0.07393539,0,0,1
5dd2debd744ac8d57570e05070ad742bd9c82af2,0.18470106,0,0,1
82dc4a18c2118323e4b43cc36a77114d0427f5e6,0.31712893,0,0,1
0c3e4e0d3f697fa4113555f440a342e1aecb88ef,0.0225104,0,0,1
eda95607e97ee903c627460456986be9024fb384,0.013534218,0,0,1
6fdbd4f12282791d95d636d427e65b383f46febd,0.018250732,0,0,1
d6819f7cc25aa649682215eeab9d7040b5438560,0.043383975,0,0,1
70822f11d1a290a74f91fa688d73cf76650e3b4b,0.44362107,0,0,1
d7969ac934e752e7a7b258fa5a5af9a563c40a13,0.031487215,0,0,1
bc7a3969c039f179d5a73c8aff19cfe19d511503,0.025987044,0,0,1
c2efa4a80ff5bdc422999e3cba6843935aded1a0,0.1839905,0,0,1
af598460ac9990c2a02823b3cfbdaf9f5429ad5e,0.022196893,0,0,1
171528a88cca65f5b192be643c2425458d1edfbb,0.44740805,0,0,1
81aea944160608838cb2d7cdfb0d9b6893a655d9,0.6203157,1,0,1
3449a42bbaeed0ff5b0d07998169ff2896bf45c7,0.6639337,1,0,1
5bac43f7b775c9c876af614e745f80ccb495f01f,0.31585947,0,0,1
16c46bdb4330287fa64cbb2b71014c76852e5c8b,0.41085812,0,0,1
749e5b3918721a1143905e1482916d8674128a5e,0.043265004,0,0,1
04e3fe1d2cfd176784f164413010d87a01f1e5c2,0.075814515,0,0,1
3fe15786c11fdcf1808aacc05b8b15d61f7ce23e,0.35609412,0,0,1
258371be0c31e424ad2392313f15fd126830996c,0.1524962,0,0,1
91fa2dae7647558bc68ded9c3e7eb5a1c1846404,0.09561356,0,0,1
d49d45eba50fae24715a78df93bf5d951c82c6ac,0.023610614,0,0,1
f36ff599a7670c025010ed7d86ea0fbda7e26bee,0.026921602,0,0,1
34cd3da6f240bdd9a0e0844923715ad1fb7a6cc4,0.6089054,1,0,1
ebd133cf778dbee92a1fd175443253ba2bebadf3,0.11534621,0,0,1
8d719d4ea9dd0996de476e2c4a9728b1f367fe2b,0.15248665,0,0,1
db4130171a9fdd567b86b73b8538d3d9d802e60a,0.12672196,0,0,1
6c97f898c82df5dd9815aaf1bbbc0fc4f4ed6d00,0.50679046,1,0,1
6880e8030b8d26438500842959756b441271ed48,0.044320166,0,0,1
578127901a96327d398a42ee524d9dedcea64dff,0.1162747,0,0,1
4060b8ee3347833490dbb2c065f14c1bd592b527,0.04140027,0,0,1
fbf2ef51728b2cb8459b1edab75b023ac67f8d8c,0.28878465,0,0,1
de62c65578ee43d0f038db757b18954b54c49dbc,0.048499018,0,0,1
11a7aff1b5c38a9cdf056714a20c8c7478925c08,0.14385028,0,0,1
88a02cecca5cde95090603e19624c285e484c23f,0.027338514,0,0,1
3bddc5c5321e492835413bf4e8c9b3caafe4fb68,0.020759316,0,0,1
3d64f608ecf0153c2080374810711428d689cded,0.023537261,0,0,1
fa10cfda08c3e12c5c187c1880f52f89284eb0e6,0.22825503,0,0,1
15e3ba0f7bbf0adec8ca93d6acaf5f488582c949,0.2053828,0,0,1
168a1dfebdd4a10ba593311856d3addcb32696ff,0.46104422,0,0,1
7fc7998398373a14b4cdc0ce18abdeb221b1ccf9,0.880331,1,1,2
60edcf9df1bbe271b1414b04e914641937395d8a,0.6975624,1,1,2
a458e1a2f3cd1ccd692f1530b64d3143c9beda51,0.82193875,1,1,2
181affd5c937755f54ff31ef056a6ec091e95f51,0.5900165,1,1,2
ded56ffd598e41e32817f6c1b091595fe7122e8b,0.8305533,1,1,2
dd92a9db6b288def8159f30336f6793239882c9d,0.6425644,1,1,2
d6f082b9be5d507ff60c6bc83a179cc44015ab97,0.72432667,1,1,2
ad443210312d2420efef6d03a0296d71e71feb22,0.5303494,1,1,2
cb04562742688f8a444a52c90b2183c4be528be6,0.5640331,1,1,2
e3b95020f777eb5e0651977f654c1662e3ea1f29,0.71897745,1,1,2
c334a1bca8338c92e76f0f1cf2ef4884e3eb5dbd,0.41045418,0,1,2
043fcde300267e183972056a007bcf406e5c484a,0.6441695,1,1,2
454fc3655509f1f4f47ce44acaff7c1566ede108,0.7412447,1,1,2
0637e2fbcd401f47bb062d5c2d1cceddabf372b7,0.7039165,1,1,2
dcd1c33f0dba247b43418b922c1c3a2fc432dc11,0.6340718,1,1,2
c3936baa95fdf419754a544dd1810b107ea1616a,0.64541376,1,1,2
1a5e5c6802a920cd8e379de0552dd289f680fa56,0.73109317,1,1,2
56326400fcb5df7bd9336f143f7a3b7d601e5f58,0.6465061,1,1,2
efa48b214d30537bb184884ea30ce817bb350153,0.80411243,1,1,2
b45c4bdb496381b5f90df6872edca12e0a2e68ca,0.79052806,1,1,2
37f72dc079c4cd69b2de16f3532b55f8108d3ac8,0.76375216,1,1,2
a87c98163505fab39bcf8461b11fbb909a4c1bed,0.8852795,1,1,2
4b1ff8f4b9dfa0ccb064ef286cf2953bfb2c492d,0.87090296,1,1,2
42662f8750a2c33ee169f17f4b4e4586db98d869,0.699807,1,1,2
2282c22c5b252859b459cc2474350fbaf2a588e9,0.73544806,1,1,2
f8489499aa6d460a7548b14d516638b0bd7b862b,0.6718426,1,1,2
76a2ac814caa194c46be1cf7a3f5dc129546b1c1,0.6659636,1,1,2
ddbeb4dd17d9c219b99b1e66d8be28efe37e3aa6,0.72920865,1,1,2
8bfd9b4d8f4fb0a2b522c9328f67eb642066306b,0.8185795,1,1,2
c6764c4a0848abf1d581e22df8b33e28ee9f2ced,0.83274966,1,1,2
b82d96218bfd37f6df95a2e8d7675d091ab61970,0.76917803,1,1,2
94a8bf6d304d08e8a1fc181e7a06a545103e8ddb,0.7977983,1,1,2
31fb4dfef212791f86f052ce8a3adeabaf830cf2,0.4450457,0,0,2
ccfca8f714055cd9fbd00cf7e847b880132cae69,0.5716711,1,0,2
a29815abf4f0e51b332a8af1b83ad344104c14d9,0.030887447,0,0,2
f1da5e927ed18aeec1610bec67f88facd6a470e1,0.04432424,0,0,2
92e6d716069686583b852a6dcf12af986d6dc694,0.53182507,1,0,2
251a495d2a72de7e892ade7f64980f51f2fcc0dd,0.07212181,0,0,2
d105819a0e72765ff5ba4efa5622d727360ee2b8,0.14198573,0,0,2
3aa6f11785a2f1b3b09df328a02a2c28dfa0bb57,0.6150335,1,0,2
ad06e61143d6ad3d883907e75100014b9554c357,0.07728444,0,0,2
b7a82a918f0a595a96047f7eef2672fd95d5626c,0.32525742,0,0,2
52f3240d90f2397cd1850ab11674ba08a0ecb2a0,0.09924735,0,0,2
d70fdbc40195077057a1edb14ccd16a26435d007,0.22977734,0,0,2
0751f97bf6677c3d55aa71542d572dc8fcb9e79a,0.035124473,0,0,2
e505e1fea57e0ab9f1d5edab92546d778a5f41e0,0.0441477,0,0,2
b4380f20059dc9e4ccfe2b709587e8069ac0fa34,0.7331902,1,0,2
32a9c6d42a3a48314d3f9fe2956bfc8bf49ac5d5,0.55000764,1,0,2
80417356f04c5ee1cd6f636e9b043db3f2de24f2,0.04383711,0,0,2
807915b4cacede6a8de49630469b673b7c248a6f,0.067728646,0,0,2
f48bca0510703b0673709b10a806a9d54894a999,0.3643592,0,0,2
f1b54876ab8893a5d9c0e3d7c1a9c884e683dc8a,0.060526337,0,0,2
c82f703768eb8a122546de23e412a037aa1770b2,0.05222341,0,0,2
36a02dc549f32433d7329444455dbb1be2e67f20,0.08403592,0,0,2
fa8957d7939b59e8d391fa17000b34e865de015d,0.22007172,0,0,2
d084ad29e0a2f456407f655c99999e070bf529f9,0.81060946,1,0,2
ea81e9aac328b2a89226417e58d4d8366891a9f4,0.04840611,0,0,2
998d6507ecabf025188d9f3e8c8367f810895a17,0.04865262,0,0,2
258349426eecfbe5c135f91809bae80e60c6db6a,0.049514238,0,0,2
12ee6b442bbf6557c06ecd7c1f7ae2fceeae55d6,0.06368293,0,0,2
5acc6a5502bffaa66be7e859849856de0ea27acb,0.26188296,0,0,2
031a762d105bceda2049204ba54b8f8737f359b4,0.05489413,0,0,2
b58789c5badc4f9680ec5724568af05a84670e22,0.47005078,0,0,2
77826fda8751bd5c0acbca5d0c3887e9a6b10f65,0.06315887,0,0,2
9ee3a16179cb65f5fe4170257ab7cde558f1dbeb,0.6589989,1,0,2
2e3c05359a0e21be44d307104eea3134afcef5f0,0.06954143,0,0,2
4ed0bdf1c73fd82d3080d15085675de96d5be0aa,0.048181713,0,0,2
bfb314505469afcd5ea7b5bd15121acd50425318,0.65458393,1,0,2
ff7a4863152a4d3873ea038af73024e9999426ac,0.54930097,1,0,2
4950ad86a16e63fa26d51cd709e39666008c5fbc,0.04022001,0,0,2
920192a542ab9e9dd2fbf090e1efd3c4ec99977d,0.47494093,0,0,2
b61362933f7a564d2ae0b7d6b9723f79f4948769,0.14037214,0,0,2
f28aa71041181867a720134e26b64b03cbccb6ec,0.088707164,0,0,2
720b988fd8d7a50fbe922e6c73a3681b1c566331,0.059217572,0,0,2
9d744f7136f23da9a5f9324432b300b5a68e3b39,0.18476123,0,0,2
9993450ad1f023e0e2b59291361d0b3b9f0e1c8d,0.060765248,0,0,2
98f54c158acb12a26fa6f335b1665accd2aed347,0.046126325,0,0,2
22c6d087012fd55bc65e578a27f2edb66f4d3808,0.14237815,0,0,2
890b387d713d04c22406db6d5a5fc9b51bec2df5,0.07690544,0,0,2
c7d56cffbb4668d0955ef00196e08f42f2efe363,0.4461463,0,0,2
7680fae14c9f544d0585a7b150004a1e48fff53a,0.37900376,0,0,2
136c5ffe80e558a87cde01baebf823b06e3cbe75,0.5120546,1,0,2
8769d0f2cc4b7555dc025b7c0e49a81346a1e2dd,0.5632705,1,0,2
4b5cda5a2c6ca613db5129d50ffffce2604ad9eb,0.41951007,0,0,2
918609f2cc4e4de95445ce4fdd7dc952b9625017,0.059953835,0,0,2
2e62764c0c386632e87ee8d12d0505848df1015e,0.049313422,0,0,2
4590f14e97beb6d10ffb7b5dd312c632af155ed3,0.033113632,0,0,2
079bcd0339f30343c01c5fd3d5521be4b822d30f,0.021475106,0,0,2
29283b775291bf03cd9a7e1aaa496faaa5757578,0.61869556,1,0,2
89321a2dee438328e75a11954e972175c78f0a2a,0.058646537,0,0,2
412ab9669810921d04f9feabfbeafa906d4de506,0.059968967,0,0,2
46448e934250705b6ebd6f21caa09698d611dbfd,0.049015414,0,0,2
5c2ba72f9b4897d4441eff34ff0591e74a1d94bb,0.051117994,0,0,2
1f3e72fa069536ae20f37b29575288ff65e66803,0.062483747,0,0,2
9fde65345e677256975bcecdc027649f31450a57,0.059742026,0,0,2
c7720ca4c232d317cfc800a04eda4a1d5a44a944,0.5756002,1,0,2
a747456bfe077da467ff036172968a37f3b1e893,0.6882017,1,0,2
2f2c8b1cc6e6e731f7bc52b0988ea8316f475004,0.44743392,0,0,2
013b445ede8d9e7aad4915859d0c869b9b712f8d,0.58110195,1,0,2
f4e754e66e3661274df624bc328991cd88dd03d6,0.5641254,1,0,2
741944332d5bd90112b610a8b5f2eeefe51e08bc,0.37719285,0,0,2
4c7d7523088373be3c7ff203ea895d5a6d84083e,0.6080796,1,0,2
fcd568282b2a150f9f42953f12268dc88d09da89,0.04631392,0,0,2
f79c9365d0ee89cb407b90cc084eece8fcf9a8a2,0.079394706,0,0,2
8714dd031647be34d0d27f461894e7b194f25cd7,0.040482674,0,0,2
83406b73e70a251eec5daae34f1bd8d554cdddec,0.6258083,1,0,2
b86f68e39dc7b6a7c2bff1e4fea3bb7c28d103f0,0.6313572,1,0,2
2f956f46580e5b4752173e885d37a20fe31a78d8,0.66539395,1,0,2
3f36b7b50bdda3eeca632ad5440bb82b8e34cb40,0.04516338,0,0,2
01fbf81e34a36cedf505f20b1c52306afceedc3e,0.7419974,1,0,2
04f524d5ad91b1cdda66dfde4089f2f83f4528aa,0.053325407,0,0,2
9962a0fd02fe2ef06765271605b06729af8b2e59,0.037143007,0,0,2
f203d809d7b94501a2e5409c667ba86206480f90,0.07798931,0,0,2
c3819688c48480ec75a9563c71f18ea755e34620,0.071734264,0,0,2
b1ea059a66c7d6d6bb4cb53d2005a9b7bb599ada,0.07673123,0,0,2
5294c64b342818e021800b38413f36f426e35b3c,0.040645093,0,0,2
5a45ae3b1deb5117cb9e9a13141eeab1e9ad3d71,0.051247746,0,0,2
440882c659967572311402c7fe534cf13d501cf4,0.04030929,0,0,2
efafa61992658eab64c893e9eef49f545d75673c,0.047256574,0,0,2
630830476a6270e317e84229996a6bf92bd903ca,0.089946784,0,0,2
14097c64d243794610788d3ebb2e81ba8fd867c0,0.036916982,0,0,2
f2615d9a611db401cdedc022112c87ad938b5680,0.03719749,0,0,2
a24d624aaabc14a455d18450d9127f88d1b4f8be,0.52851176,1,0,2
49169033546d893dae3db903a2fa6af712f125c0,0.67470896,1,0,2
fa7588c4c0f8d403e4815fa72e3b8a3bc98d73ec,0.40757304,0,0,2
367fe13b46a0b4dda56b7f12273d6c9afb1da23f,0.03856361,0,0,2
368588b5c5c4140f39ea8b9a8ceb3d1af0708804,0.24676427,0,0,2
84b2b74179da8e279e2fafdafd031748c285e1b7,0.41136318,0,0,2
30ee10d2740fe1f28595989c6b21f22b75a147fc,0.55336183,1,0,2
c38386d6b5622915a2d42d989c56d37f17c673d6,0.6936382,1,0,2
af9fd052d1c208f191fbdf85873f965552465598,0.04126606,0,0,2
57694790f8ca0e1a4f3ac76fbd25a6dd13041e03,0.089190334,0,0,2
0a711ebcec7d32b66ab3c90b2a1f48681201e557,0.04437866,0,0,2
a4acf53336a482f50335d33b4f650a70c9243b7b,0.38386422,0,0,2
c26fa78817f30cc3eb91165b783e07fb80d80f59,0.040273994,0,0,2
6c9ca4d4c0de4dff29b79f28ac5c51b4f6fed0da,0.6605014,1,0,2
944291b748bcfec4e2f3c17623884db7a17b9f21,0.56404614,1,0,2
c44f982e89b63a97190638cd12bd8bee2bafb883,0.40974012,0,0,2
fb46b941f7763314d667c437c06b1675e61c3d38,0.058096793,0,0,2
1f91c79de5e2d852c6e7d0cf7a4255087ef618ef,0.44819534,0,0,2
e9928c94ce1385ec72028336417f19f30ac38ac0,0.5408926,1,0,2
d4021487539b0f7758ec644f2e0d83df95c66bba,0.4934114,0,0,2
ac62c1c29f319a97a2552c39f32c8e6acd70c9e1,0.49906674,0,0,2
dc08bb8ea6cdf01188f6699559e779e6cc296287,0.2787919,0,0,2
82b8ecc3275d7c3578a6531ac3f1da3ffada9dcc,0.6228983,1,0,2
6b24a1d1b5e2792a7821ad172a45e38d2b04f9b8,0.08615829,0,0,2
36ce032b612fc0a1156d28bca7327e06337c8815,0.045323707,0,0,2
3dd2210e79a8eb84378c370b32652f9a53f87a93,0.07111671,0,0,2
2f22533ef41533e2b839a6b41b262dca59e6dbf9,0.06042574,0,0,2
39a3cd0f4210dbec1ae8ef39a87d34b76eac91a3,0.25883484,0,0,2
c3f3830f771f26a537d2930b00b270451bbc5627,0.056738738,0,0,2
da69d4b764f4d13d38a4f7fe7462ef0c7d17c619,0.30819333,0,0,2
1f470253c46471033048383c027192e757480492,0.6072245,1,0,2
9c40a7bb3c9aca51d17490960c988dfb7b5acebb,0.04530758,0,0,2
7f8e952abc4d2fc4b96c97a51aa25fcf6ed8af02,0.8361678,1,0,2
bd0b5af025fab9cad8f94260138741c252f45fc8,0.6693859,1,0,2
e036d60d8a210d5ac28b2e5c51a45ceb82b58f09,0.63190424,1,0,2
626014eaf093fc2e3b53f5ad00c425bc209e1428,0.042031303,0,0,2
6a62646bfcecec9c0806a216b17e1a4ccb4609aa,0.046996783,0,0,2
5c85b8dda5f3047732a17b818256b9289274d071,0.58415186,1,0,2
ea402becca436dc1a8e47ac9385a3db475b49355,0.5727034,1,0,2
30aa91012cf6019bb9720609c1d03b5386a87ffb,0.07666919,0,0,2
898f3d0f652f313473c67fef32e22d94d8294d4f,0.08711438,0,0,2
255f10834a67cf13518316de0e2c8a345677ebbf,0.6622136,1,0,2
044de16c14076019f87763b7b58c45664ee57c11,0.030572018,0,0,2
e54ca615f213f5db6d34d9163c97eec98920d7a7,0.039669216,0,0,2
b59be86597cfcd805c24fa406af46071400e24c8,0.78610116,1,0,2
07a42d3ffd034e467e49b5c449d4f5f81c471cc5,0.028451229,0,0,2
e6da0f682436e1387ad68e86edf7418c0f7cb368,0.5206961,1,0,2
de99127d77dabfc6c8134b3c58e0b9a0b74e5f37,0.062087458,0,0,2
59ec4f018963eb55e32fafc2b924826c39c09682,0.7745319,1,0,2
ece4b70cce24b89483236b4cff079c10597d680a,0.05891302,0,0,2
e5cd652aeb3305ef2b82a7925cce3a132bf6f5ae,0.04031521,0,0,2
cf991604d75d446d02baddc536c7c05b43cd8dea,0.07800584,0,0,2
09d28fe7995db1a4da2c651d362007d2082c663c,0.36534575,0,0,2
4fd34e6517f2c400a06e3c1d43ec56df2ff5c392,0.57782084,1,0,2
98c27699cbcf65c3d9d655ecbcd67adcd8b45b05,0.58024603,1,0,2
71cff7c5940b7101ff098601850d46b7a4698180,0.045313682,0,0,2
89e0607cf6470dda1a6a47b46abf37468df4e50f,0.05080814,0,0,2
f68dbc3ea20230cb14ed3364539ad16e114bcdd9,0.6207242,1,0,2
6fb60857be1fed21bdacc4ce830bbf99103b6fdd,0.052749515,0,0,2
3634821fa515365618209f0452443728e7290fca,0.4635879,0,0,2
2fd62ee4d524c270764e9b91dca72e5cf1a005b7,0.019416751,0,0,2
70f28810a5547219e18ffc3465f519c454fee6e5,0.028880352,0,0,2
a703ee75c40e0207f6831c4d48e1c7e62f160305,0.031324055,0,0,2
fd7cfed070c2aab60521afb7dcc633a0b7abea80,0.5694158,1,0,2
1de41ef4baeee1c95e245837299f8be265294445,0.036790688,0,0,2
9491d7a61681f7acc7103a6d1d45efe96f7981d2,0.5481198,1,0,2
9d58b6a83aa79dcad01c3bcc2ec0a7db74ba83b1,0.04634566,0,0,2
2d3203b10cc8edf71a6e3e0822f0d742c9516aa3,0.5351057,1,0,2
352b906996f392030bfd53b93e3cf4adb78d1a55,0.042638935,0,0,2
d55a572e5867832f6d5755fcd46101da51a38aa4,0.03547955,0,0,2
328c5deb015ee5bc0a24623bc29225f6ec1ae23d,0.60764164,1,0,2
170cfa758547b4d9be50058ad93cf60ce0da5564,0.4073112,0,0,2
132b2a8c553bdcfd445e88680beac6f225c50ac4,0.38165992,0,0,2
da3e8eb7e5a8cdc28ab0e36651bd7eceed35c2fe,0.020647852,0,0,2
9191fbd202cd76d03fc23057c5a16cac547d90df,0.652246,1,0,2
3783ca4476fec8186c867e4e57084e649c318c6b,0.03425392,0,0,2
4d996d1bac1bb1886cd9c473ba00e53e3c19cf3e,0.39316425,0,0,2
878ebcd0bc2592fa9d5dda01117c07bc3c40bb33,0.05503442,0,0,2
89aeec028b6f56be96b9c56c2fdbb931f80853ad,0.07661909,0,0,2
445cb9dc2f07553f8e1e5f7c1150f00fbb05c63f,0.51774406,1,0,2
ad80bfe559e7380fedd7998daea5f27393ab643b,0.23928665,0,0,2
8bbc6cb95fd9b4b9e86c924ca1e40fd555ecac1d,0.08484121,0,0,2
3d2d4fd1588c8eb3f67f34d75b66967d0c7b06b6,0.47878432,0,0,2
0a86429939075984edce5e3b8195dfb7f9e3ab6b,0.050958816,0,0,2
d54fad867da7f762ac4c0d947adffdc1f8f356f1,0.19475096,0,0,2
12bbaf3550d56bc945b50f538b5f18af93bd316a,0.5696231,1,0,2
d61d221c9e752ce2cc0da65ede8b55653b3ae21f,0.094175324,0,0,2
150c578edb161bdb2e8c039f0914984f570ef8f0,0.03558195,0,0,2
af977adc43a071a09652fea4ce3deba2d5b8d171,0.36950842,0,0,2
f84938441be49c665595c936ac631c3e5f171bf9,0.06592208,0,0,2
e021734b62ea5ac273e516b4ac83727cbb99ec08,0.04365325,0,0,2
b635beb6efc07a97c143775c78a32d42b3b73c8e,0.04242375,0,0,2
345e2d541128471641e76aaa44dd5046f199197d,0.0656829,0,0,2
3fd2492fcce073f0c36e4d7e23e34881557e6e5e,0.5873098,1,0,2
a918c493296c88da94b36600213c7c188f2589b4,0.04075638,0,0,2
9181e1d536bafedcb3587ca30e5b6e2d66f06bf0,0.5439799,1,0,2
f2d58718a5c7759d0f46d68ac954bd1d8064d7be,0.6687527,1,0,2
cc8bdf1d13639d12d02170d40cc4890180bbabc5,0.022979597,0,0,2
33ee5497490cbc97f3eabe9ef7a6391e4dbee8bc,0.05478853,0,0,2
dc61e510126aaa1a95a46fe39bf1529f394147e9,0.11307595,0,0,2
d320a457a9de67be25a03f79e1695d549a0145f3,0.043983433,0,0,2
94ae6c84d22ed33e158b3cc822ca4a0484c829c9,0.044768278,0,0,2
e9e36cdc44a68662885e35773187cca00d20239e,0.041109882,0,0,2
8507fe5934b7b05c7e887c0d2f479242f6372fc2,0.7430206,1,1,2
a733b7a87ce7abc0da33a3d56da82b72407683d8,0.17923744,0,1,2
f1fc61922c3d8b4aefa26f6f51f0fafd94baf28a,0.52063644,1,1,2
69fb4550e96fd677a922af10fb11d9482a3fc433,0.7555179,1,1,2
4627d99022750437431889d9a222964592f4ef8d,0.6976393,1,1,2
13218943435188789ab706c2d97da8e2aba1770d,0.36504176,0,1,2
581baeaa99864979aad55bdd45f054c8a53c341d,0.43477735,0,1,2
18af885b3cf4605812a35fb656daef176fe233a6,0.66212326,1,1,2
ddcb014f074dde2f0e442d6493ec7d834df5bbf4,0.58162045,1,1,2
0a4ce90b8c886e85e4e7cdb5158ac7494761548d,0.28397453,0,1,2
80fced6db6c15d7833e2c06fac4098640ff4c742,0.6302677,1,1,2
0ff845a477db67a485e7a8c1cd8265e520bc8c05,0.6274581,1,1,2
e650290f85e431f59ba3e11953fbd1afdd16687a,0.5484101,1,1,2
eee7e7c4b278274240ad7458da9d9073b7374415,0.47610998,0,1,2
66b24cabe95485abbe4398ff468a57e5ea0e3cf8,0.020985322,0,1,2
5ec70549ae7e7d2eb97d3d56e696dbf0cef7ca35,0.31444937,0,1,2
82c95c5f951ec316a717d72a46e9f1f7792dc818,0.086720966,0,1,2
0a4b1c3b316335a1ee22ea86c28c1cd58b1bb583,0.27525616,0,1,2
3b700639ef337839c69f45ebeea59dcd061d09ca,0.24713865,0,0,2
096155dd316ed242fa3bcf0ccffb207a124e1e4d,0.22640596,0,0,2
cf5e503db4274fd2c060571c982a0fba8b00c09c,0.11683645,0,0,2
60431261912586b5fe0cc5c8b4206e711cb0639a,0.38167408,0,0,2
ee8a2c9ded95d5c77e4e43a2307ac15322d96d3c,0.10873979,0,0,2
89fee834756bbe6d9e060376f95188d66789b1f7,0.032464948,0,0,2
4f804f78e5c0458ddc6dcd9350edc222a6e1a4af,0.066859104,0,0,2
2468492a1aef370c66a6636f976543212371405a,0.22139277,0,0,2
44b5e31cde3e53b3cbeb4ea5b61728d9284d0e31,0.0420754,0,0,2
6c7b45bfb6af71c0cd821938d9b4e4fb1c1436b1,0.058639005,0,0,2
a6c881f8c42433b49eb378881b9bdd63a1a52202,0.018107062,0,0,2
a780f35fe5d27eac0c0c8aa95eeb22d1587a1687,0.025456382,0,0,2
3ddfcd62e2a1367391595d2dbc182f2dee8d3651,0.24357046,0,0,2
8db6323266dabbddac15052cdafdb02cf5788908,0.32493308,0,0,2
02d88008e65c7b66c91b46ffa80a0692ab156da0,0.10004423,0,0,2
a8f8bb545769ebc2dd0adc2071203236870b3f18,0.060039163,0,0,2
adb5bacba3fb370e84c6a8317ac01b7efdb011da,0.105294935,0,0,2
6c0db77156cd67b5efb0e00dced7e2daf055ddec,0.33333677,0,0,2
b3fc37802a1f53e92a1600680888dcec4a6ce428,0.32797703,0,0,2
4c2bca77a04633496d7670c00dcdafb787606243,0.4844989,0,0,2
873d9776d7f3e506b8e67721b47315aebe16de67,0.36559147,0,0,2
bcd3845dcc9f26c5bac4094fe6323f03ccf6d87f,0.42287314,0,0,2
d61ec0994e594f0c514c1739e0689f2595d8bfd5,0.52874523,1,0,2
c5e9745b8301bde2bab0e46bab2313423bda7910,0.571355,1,0,2
8f5c5e892b907ba7d05c2cf5f4dc7adb2dd2702b,0.48156527,0,0,2
5b1e314826a40490ce38b532c4ad36fb01afd37e,0.42473516,0,0,2
6912f621d22ce66e8b94710f0decdcae3354ca76,0.24001305,0,0,2
d2d23c8aa02960549451c58ed3f0e84fd5ab3821,0.5539599,1,0,2
2e6a9131a07ee0e8844e8e79e84460b7f56ae646,0.018455753,0,0,2
875e98d3fb54def645b0339fb43ddc26a72e14cc,0.2992512,0,0,2
40b6fd273de1cccf752fb7e5d1a8470eb5257a9d,0.025158297,0,0,2
7517f7c33543c0232e002ff541db6e4e3a68f52c,0.13274346,0,0,2
93f189e8a8166004e8bce70bac3041a84e389883,0.033967484,0,0,2
38ac95d9bb36722fb9b3e596911aaa7b81caa9e3,0.029674046,0,0,2
b8d387e57c79b252a1ec739c3f466892f80ee49f,0.13555431,0,0,2
90323aa9f6c1cb89337b60e966e743bce82a6fa2,0.037983377,0,0,2
79d6630fefae5e21648dd874566d72ccf8cca4f6,0.09610529,0,0,2
36156fcd0e07726a8883a0825799734ac0058559,0.10443178,0,0,2
0970e8f84e95d8662a826f8417141e3feffb18ae,0.25586802,0,0,2
7f1ab60f7c1a30eb09cb06f23d6f010e3a187274,0.026468884,0,0,2
1020c3985dea224ad0ef885ba6d8dabb48816c5f,0.11415431,0,0,2
332a7ffebdb4c69222c75ba1b0a5b462a0e8f467,0.10439731,0,0,2
e91c5e4045a37afe8ef5bac994f9e6f2cd10a9ba,0.10201631,0,0,2
7a401a73688b72f43e4c70ab1c074a3e710b3b53,0.058672342,0,0,2
9d450d0b1dddb586ccabe8f1acbe2d2ff7523ee4,0.1046447,0,0,2
cb5c4dd73597780fce451e1b643c9b25d4ce7b4c,0.29526415,0,0,2
32fb3adb49f4e729ea541f9dabe960d7aee04de0,0.06959696,0,0,2
b6c2d3fd1f70e51aa88f8d12aff006f6b390deb4,0.37454796,0,0,2
9138cc232a21a24e07dd89cbf43b684dced80c00,0.5688168,1,0,2
0916ce72d8cdc6b4dbd213117ecab6f7cf8d5bf1,0.08634876,0,0,2
b45826e3888ec7adbacb4887f4ae1da5520b9d90,0.04339887,0,0,2
3a2e35c85c92588b1219e2b9df8dcd516f5f2dec,0.111210845,0,0,2
c0bfa13cc0d139245c58ad39728ef0a10bd99ab7,0.033130564,0,0,2
965aa7f4fafe59c4f0d09f96f98bb83adc2187fc,0.05360281,0,0,2
cfa533f9cccde6c1fd9cc41d72ab96367c77cba9,0.6058848,1,0,2
bb8acac034b1fcdf91a6b1b066d33f3e38a4c117,0.0882475,0,0,2
ad76167a8ceade7e58ce0ed8658bdf22ea248904,0.15864943,0,0,2
345e06a95754c7babd443ab8332dad39dc738bc6,0.14140326,0,0,2
d1c0b0c922855436f3ff54feb822349e97229d78,0.06772767,0,0,2
537607d90533283a42cd1c5bb8b75b62cac684fd,0.31123322,0,0,2
50ebba3d096b49c3d6856f9cda1664be55c222fa,0.48111954,0,0,2
7cec158bc9faa1d2aa267ddd6a02790ac1f2c3ec,0.36604753,0,0,2
2b6f5d7ed93f9975b11ba631eb2f974078c7155e,0.497291,0,0,2
b829f1e92cf347184d6d184d3c17babda68abc79,0.31005275,0,0,2
41fe91b0d099ec15c7d4e7e24e598e853ed65f67,0.04456417,0,0,2
f11bea50aa42035f426343e1d0e5058e75e0d928,0.025509065,0,0,2
70a9d5f1e7ea844758ce3ed9b4f5e46a7015431c,0.024697369,0,0,2
d6269627862b9ec693ec0d268907953a09ff25a3,0.07467744,0,0,2
44b28a38c3bae21d0530c85b7ac8ed52fe3d8fa9,0.019308077,0,0,2
e9fb730f64a372e05022034429d5450537341a22,0.3415877,0,0,2
5250af878ef0ccd0612cda08e88d341b13dd9f56,0.3781306,0,0,2
33f3cfdbd24c4714f8d6a7841430127b33c89118,0.021988694,0,0,2
27f8aa113360ba931dc8c8f5b9a72c472ab3762f,0.10881155,0,0,2
67f0a2dca2686b5b740273fb9f20d32ecdd1e5c3,0.5514945,1,0,2
20b42321488c9af31da430f83eb2267e287dfdf4,0.5620763,1,0,2
943e461b72fe527a725eab26dd3232ad766c7219,0.10495294,0,0,2
7b7341a69bd379484d8e073d979b3f9acb465902,0.62415695,1,0,2
2d14965b4eb591ce9e0d6f0557197bc20926171e,0.48511174,0,0,2
1a867ff80af1fdad617d9b5066966b65f481742e,0.2508195,0,0,2
aaa1a0f7156df819896da55e51e17f495717f33b,0.01301818,0,0,2
caa2a94074b6e45fd4ab631408d3d6dd39a1c1fc,0.15809481,0,0,2
b6ea863a2667310b470ae59413204ff6b2719ba9,0.033729322,0,0,2
72a8407bb1272e0b6efe62a284cfb8d9ccad1cf8,0.039842226,0,0,2
3a8a2dd2a4e02616c54804b58250a6b51f9ff746,0.14619239,0,0,2
cbdf25e0c7cc5b53eb8b65e334ef18f1afaa7518,0.031977374,0,0,2
91b3989b803ac85f06a39751ae282cc5b88d6415,0.017060809,0,0,2
267fc4ed3f2d9f63921f07cb5c12527eadacf73f,0.01296288,0,0,2
f49c113d05845093aca46c22031617a5f2c4997d,0.07360241,0,0,2
81d41105c8c5f5e04da4b2370e18604aa2e6d7f3,0.37309188,0,0,2
4eec965458c88e4cd08783da5a30d775011fbf82,0.036762882,0,0,2
e581de2f71fdfa4b51d024b56bb38f1c70e7a60f,0.0115644485,0,0,2
ec767ef3ea627c18a6cb788551f8709d2ccb1cfb,0.01447935,0,0,2
486582e34e95eee6cd9a59c2dd8298f2f39fad09,0.22375639,0,0,2
0e55dab80c10fdee37d2a07f664322fb774bd3ff,0.075892985,0,0,2
2a0af129ef96830e46a75eb31464646a8bf3544c,0.25355428,0,0,2
732ff44a4bb3b41e30139901869fa1b72b7c216f,0.15436745,0,0,2
9f9ef9aa0b0063215cf0e6526768fd4bab879ec8,0.19478923,0,0,2
1ae31c786079e0b7eb6585feac71c80baf224a9b,0.102895506,0,0,2
be37c2e2b103aa83de4ccc9aa08c3aa4a1da6c24,0.26064283,0,0,2
90375f06cf8c0154fcfb792aef471964b3cee042,0.2018248,0,0,2
53c5eae8c2b188ccf0c9d29a120b80ce937c6750,0.34900728,0,0,2
2bc7921b2f2b479a7a391a51054526b716f703d7,0.015504063,0,0,2
00c1cc0cc0b16daaf8b284ac0e7e9328caba5022,0.31242535,0,0,2
1d3cd1285a9f875a4b00c7fa609155288d977c3f,0.21654323,0,0,2
095cc25a6b7bf9b9f99d6afb41f44d41cb41b8e6,0.11510526,0,0,2
d68ceb121842d109b3da0f932bdc8f5b94253f40,0.035219,0,0,2
d6ae360653de7813c0d15e315d733aaee372df3d,0.2701262,0,0,2
fc195c451f817641319a2668a534e01cca088144,0.2691538,0,0,2
75489a661dac6b1823be5804b78d31023e81e509,0.39768854,0,0,2
1ad2965a54a325d7d11d7daa07d38e0ec575e505,0.022156933,0,0,2
83b8f7860d22f0517373904e9fa7e41e9e23add2,0.044776067,0,0,2
883b6c3b3969eb7f293ee0fcddde528a161fcc89,0.029315645,0,0,2
688f9d20a0ff88c3349f73d8cd912959fc236e4e,0.22843692,0,0,2
cd31d7a1e4ced0ec0700275441563b235c236f95,0.022513177,0,0,2
9790fd24cb14e8861576404587eb2907dedd6bfa,0.413806,0,0,2
4b2982f13fd4aa0707d5fd4243425a6cace6e238,0.40432975,0,0,2
80888f9c55abb7ecb18fc342cddc973ec4f46f70,0.10252997,0,0,2
5c49de8d09661f5250084af0b9c94a7eb5b96a6d,0.2601982,0,0,2
a6d1cd29574818dc220a3751a9c160633f2998a6,0.11782958,0,0,2
2badad205dd69a9f82edbe150ca5437b0ac0d16b,0.15691213,0,0,2
5e621cb6739ab6718831e6650495096f718b8014,0.18139009,0,0,2
13fc1eca0a4e7e8215541159b93a956615b1c6e8,0.0209629,0,0,2
e0c6cd514c071ec81a447d43c93bd22832104469,0.5809901,1,0,2
feecf333cacd2edfa06028db62e5d209f57f0dad,0.34606606,0,0,2
3ac59a1df27a7c34cfda89f6a84b8ceb6f430fd4,0.032921303,0,0,2
55cd95f277b1a6f5f50d0dbf064beeb092fc6019,0.21468876,0,0,2
98befb689ec8a5b034a25bb9936d63d44223acfe,0.29186326,0,0,2
d80f242fcc1f9213c179b4651ffd9b9b7f634917,0.26347873,0,0,2
0cca1bb8bad342b3f6fe085ec6807187faf4016b,0.027606416,0,0,2
2c08cd5f0c1203186e9cf67a4c9440b77d54117d,0.39679477,0,0,2
49acf7f8a5caad67560c82043cc1f755c0eee826,0.5267601,1,0,2
be59feb75047d2969795ca52458adb9d4a9deffd,0.035063993,0,0,2
13a3bd86de875de77c547b4f5b222e166e67b3b6,0.08863434,0,0,2
02852f48243245666c0ccf4d0b8dd455d2747fd3,0.158593,0,0,2
a015b34be8d12bbe5919ac2b8c5b6f74a57e4d37,0.42217144,0,0,2
c73f626405dc91058ce5cbf4f87acb23384188b1,0.5355116,1,0,2
c321cc96e9b3666035524af0c17767ed8e865bbe,0.48614043,0,0,2
806ab4a928235bd36fab40e23bf450e1db5a8e9a,0.022521984,0,0,2
871c1c1aec516d4d70854e4ee929866bab981a64,0.025673969,0,0,2
d6310d06318e8d17e698c766eba5d733d80696c8,0.05106977,0,0,2
6b70a706e2d339ff3b689dfef7441c28d290f725,0.0195174,0,0,2
847320656335f3ee30378d43c102d3a809b3bad5,0.35480848,0,0,2
bb2aeef4bc11b17be9233572b7afcfc3da04b887,0.026461402,0,0,2
90949470217f96b3b868e4ac5e02252d03194728,0.17355545,0,0,2
e9b70c1841c5b1c1d771bb278b34a17ce31eaffa,0.4960224,0,0,2
3fc9fc01b08334fdec57f18b6f845906246936fc,0.27646786,0,0,2
cc14ebffdc65f98f68f8e61643e6fced026e5062,0.33578816,0,0,2
b65542de8a2422ed56d1d821eb85bb808e466de9,0.53418833,1,0,2
6d030727fbc3a61ed47a6916074bbeb4ffd30b21,0.16144937,0,0,2
294b73583fc0dcd548ae95a841829f9ad2ab3ed0,0.3135431,0,1,2
8af453cdab42b5276cec2e89d83ce5c87d70a137,0.19898388,0,1,2
7d0e006992574973bbd732373af32462393f00b5,0.52771723,1,1,2
ae01f0399cae6baab045b2ece0d71096aebe8ca3,0.5975042,1,1,2
96968fdcadb1f87017c6e7853c4a63ba065c6611,0.7738928,1,1,2
e5a21c4bb27055cad85f1d9dd494867c0fae8c22,0.7458113,1,1,2
26d31606bda1000638b7fec59e1914aa83e1c71a,0.4102395,0,1,2
7cc54575d867e37a43020df309a78cd65c3fbdc0,0.7630086,1,1,2
13d84663bc4eedb2e9e4035af75622b0a3cb480e,0.15970278,0,1,2
62f9fd3fd3c13c8387e7448c4f3ea6b8f65b8a8c,0.67988706,1,1,2
9cedc7d76f2bbe52b3d1cc4caf8024e730266f83,0.6961776,1,1,2
535a333b7776f7a229b76c7656e928d8a21d21bc,0.66992116,1,1,2
4a133f5766c09362917e0416af503c0a00b24e87,0.7126118,1,1,2
372c35ebccedf64266a38a35e365d3810642fef2,0.40837726,0,1,2
61cb37ecd50b0d9400873624e46692c3282e4cfc,0.696228,1,1,2
02d9e6c2533a3cd108f5e6feaf40f26e95deb64c,0.74972534,1,1,2
969a488183a42dedbde8dcec7ac00595a836974c,0.7701121,1,1,2
de0efb07518082439b9a5cccd503270b09f40e84,0.59831274,1,1,2
f43f450093876ba8ae164681789cad0e6ea4b68e,0.73709124,1,1,2
54a1a8dedbd4af64ca8079da69878f89a69d9e5b,0.71916115,1,1,2
dc4d9a2a7f5d2e40fc1e28c3b8da011306d7dccc,0.6531987,1,1,2
81d5badf7b76e9f1efde1cebe2150bee70e4cf58,0.42230412,0,1,2
5a04dc554ef53ddc39895a9211286b9fb2e65586,0.37840497,0,1,2
24bed1a9bdbe3a1edd46bc3b2af83ee385e041a9,0.6502893,1,1,2
fafecee712bc9b2ce8ef081d8170cdf99c48288b,0.83499485,1,1,2
9b6d6f9f6f91c5d6a8a153635f7e5f3c52a1f4f2,0.70305717,1,1,2
6256a761d61a5b27a05878da2449ce8537d60c99,0.7049485,1,1,2
916763e747b0f2d3bf2dcda76100dbc0d5714a9c,0.7795003,1,1,2
51f09376456ed8dadc2e801afaa495863fd7ee3b,0.5615274,1,1,2
72562004cfa5106472f61efc5d456788bbc256f9,0.5045146,1,1,2
160a0d35f64a52b9e31a725adc2672498d1f3f29,0.49343735,0,1,2
2ddabf3b84d42184d9781e02a936fa1160177866,0.5811104,1,1,2
824b34cac1d05917eb2bc3dc8c62c9772d0c6e4d,0.46940494,0,1,2
ffed230ba8958ba3bc27310b71b0c6df589c3e63,0.5479565,1,0,2
acd532373072b69d0d802c4456943aa35388bdca,0.06326722,0,0,2
add1d4f07c925b8a9044cb3aa5bb4abdeaf49fc7,0.035115164,0,0,2
d7e4bde11fdbfdef13e9316702c914e749a7757f,0.09111957,0,0,2
f9dc6b59eeb9b80f1cea47f504b6c969e5c560a3,0.050597172,0,0,2
3b7c68e54a76d02ae721161b1b81c15c2e22e44a,0.10708024,0,0,2
1a4756b66bbd219943dce80a95dd46f44f46cbeb,0.16103378,0,0,2
6cb6acb44a1cff4136125faf763e67525ea696b1,0.38007447,0,0,2
1ca3222078064fe4bc1f92fc94a58cafa39f2643,0.4478799,0,0,2
03ade425dd5a65d3a713d5e7d85aa7605956fbd2,0.27045816,0,0,2
6f5a457fa93ac8b53cc77afd0eb8729f1e5665af,0.80865264,1,0,2
f183402ea3aa777fd7fe822eb794837a8e0b3478,0.037914168,0,0,2
4a188d8d13e44b397bb40ce1280279d0c9b1feb1,0.38017297,0,0,2
47da751824e9a58cd51fe6b77acdfba566a8df79,0.11073226,0,0,2
5b0cd0e0a2ddbf722b6140d28474295c8376e561,0.82601535,1,0,2
843d1863d3624eeda4f094beefdd1eaf6eb23daf,0.49489143,0,0,2
b735f02bde1ed684eb0d0db2ec125d26d103aced,0.74636424,1,0,2
c32f465d442c52edb8aba4e7fb78c153639d8cd7,0.5988078,1,0,2
3d51e770c28b404ac119acd7c108ba174251a929,0.103177786,0,0,2
ca36f1d499a70b1aee85ac637de53f153a9f4c92,0.13134542,0,0,2
1e802da3a611eb2953c4ec3c650436278d76b9dc,0.025994819,0,0,2
24150590597c89aa7e322ed56f4c916b666b3b09,0.07560768,0,0,2
3c07b123c22a2fecd875e76371afdaa5a1d5b9fe,0.36039975,0,0,2
c6af3ed8a52ddfc3c54c69dab18e36345ba5b92e,0.50804275,1,0,2
e4aa99d3f603e70c7db3a55ae5d59470c1a37f58,0.5804298,1,0,2
a927450aa63fe8e21f7da22cc79de182cfcfd780,0.50034946,1,0,2
77ae12e00e6e0b4955949bc71e9b275bd6d70538,0.7409367,1,0,2
4170eeb054ba1414eceb08ec6c0fbdbdb17eb5c2,0.25464657,0,0,2
cc2fa8a4b8f4508dcc05044f97acac50dd49259b,0.024365522,0,0,2
16dba64c31c3eb18ac916d49f1529fe4810fe754,0.3959294,0,0,2
97e26e65f0ca669926c9c8ddc05f19da76180ab5,0.6095431,1,0,2
093e81995e94ee6dbfe6278f04d59a29cd54ac8b,0.34365264,0,0,2
b5b76c28408e7401dc61fc2047182d971bbc2537,0.5429282,1,0,2
c9ab310db6c63e9151e0cbd01b83f3b2378b4676,0.524704,1,0,2
b5284cd9b0d66523f6aa0a57576beace90c86e55,0.7138903,1,0,2
b90b59d2b5064782c501dfca5a1497f1ef513a6a,0.7472745,1,0,2
fd61fdad30c073f5b2576d1dc65452c5e4dac657,0.6515501,1,0,2
1c7552b1a3c2bbde15f98671c7b7c1424494c128,0.63981694,1,0,2
0b1962253c8cd3e2194b1b0015c4352277c1ce0a,0.6480964,1,0,2
7cacb1830c3385098d308979ae45e3ea42b9b16c,0.026015999,0,0,2
1c554424859377458fe3d808692122403001304f,0.053484865,0,0,2
cf6abc09a3b4077646c0ec03ec3d1046acecc57a,0.06403231,0,0,2
608d50697c5e19a8249dd9290cd15b652f5f01a1,0.36169156,0,0,2
c94dd9c74895d419f72974fcbe5456fbae84b7a9,0.7282488,1,0,2
fe87b23fbd86d8f978142dc326231ea6bd4a61f0,0.29560763,0,0,2
5068b6f0082a020a6124cd7e652558efe3ec5f37,0.42544848,0,0,2
b5a63d8162d8756e4ae73b80ff125439a1b47613,0.0120791895,0,0,2
24664b9397a6dc153251ffd7a4d3c01515988748,0.25821638,0,0,2
d827c97fc244dd89ccee46e686eaf008889550ed,0.6339162,1,0,2
2185f5946edfddcca8a5bcb76160212bfe2ef797,0.5312894,1,0,2
8eb1f763d0cb0f98de1f12e3d48d9c516f5ac7a8,0.12514736,0,0,2
77a24a9fcd3b01961f881143e485b4be0826c139,0.026972648,0,0,2
3793c9ef69993bf4b180b6f6b15bb2a5edde5530,0.7258281,1,0,2
faf339206c5611651d4dfb38af0bf638caba6c74,0.56761825,1,0,2
23184e15023157312d7a8afe0adfe30b5d7864a8,0.5411507,1,0,2
28cbe037cf9299ed6a089cc78039d0a16d0116ce,0.6989851,1,0,2
819f293f4c780fc6833785da27e10f965570f44e,0.56123936,1,0,2
b51ecd27cccc520764c9ae53cabcb61d67d46d15,0.44428295,0,0,2
b0262f8c81c352c0cf3ac11e1e98646aa9587944,0.09977885,0,0,2
8a2ec5ebd9afa8a299cfdd5d3cd359898346588a,0.036117934,0,0,2
07dfe0f23c3aabdb4dd47d2a7a26bbd75934da5f,0.052344397,0,0,2
b7c533baf4ce8f0fd3d3e7d521cc355e71bca797,0.4273544,0,0,2
daf6bd54af7149e06961607f36e3034aec1e70ef,0.03811466,0,0,2
d3c8c564ceef470411821b5a6c82db17782ea3b2,0.5672853,1,0,2
a15675cae4c91d0fe0496a879de4242ffbc5f9ce,0.6672954,1,0,2
0a8225712e4b4a4471c5efb1ca11e97e2ddbd71e,0.027511753,0,0,2
9d7bb4b52a78301ea6256ae20279a8db63523e99,0.34244576,0,0,2
693a71c85a9e899b8f4054778e886fdcdd4470de,0.27363437,0,0,2
2ae95bd6e65f698120eb3a7b774b4a7b252ce168,0.6424369,1,0,2
8205f0d26abda68a740de8c962a32172d2bc7e8b,0.3771943,0,0,2
2117d1dbba8f18b08da70e890c30111edb3aebe3,0.11550628,0,0,2
984f45efed6f79e41d7e5e684ea8705172c90436,0.38700047,0,0,2
c4cb42f7d77138beb79d66c70c8b42448078d992,0.5105114,1,0,2
833ccb78e61f01d1525f6c6af6757ad573d8a78c,0.31217638,0,0,2
8bf08f545d15b39e43874a2b1ac5b0586a917a4f,0.048706148,0,0,2
b2c982294b90f03d507e3078b0b3bf0a359a29c6,0.013142022,0,0,2
f892342140c4dd4e852eebf3279723fe6ef6519c,0.20241597,0,0,2
f5b685efa09b539b1f95925405723f7ac7b1dcea,0.7562274,1,0,2
ad84a99e2ba630fa81aa6823515bfdeac1f3fe8a,0.045993973,0,0,2
24b8c0e031669c34f6912415fbd501599a857364,0.24419156,0,0,2
e61cbfddbb54afce67a086811c9788eac8a66a6e,0.078649,0,0,2
8cb309da868afdc03f0dbddbdd18bbc0a6a1eb90,0.022849519,0,0,2
f37f373a04af7de05b089a55bfb4d2d86d055fce,0.21911614,0,0,2
18c67ca3c221cf2961d59ac19a245762f4dd8f7d,0.45341563,0,0,2
9c2d135bb030213819e40f73c47e7e33d35ab3c6,0.15746157,0,0,2
3dbd158c7b0b1df5785d3a395a3ae058b7867381,0.43108025,0,0,2
a1d546f7a39df6ffb7d3ed9d3bcc47126ab2e579,0.4934767,0,0,2
2173d87cf4aa84937abe438d0f836c8fdd3ba1c1,0.55508864,1,0,2
ebb424989c23060feb869e0cf817a4d5285c853e,0.16383646,0,0,2
ba8c6e130e524fc1454b279ab329b03a9877b13e,0.24934454,0,0,2
e354e067ea6b5d099db609aff76a199a81e92d12,0.22726509,0,0,2
c9621e30ba79b20322f449e24a2f438918ce33fa,0.53042036,1,0,2
4f9c6c24a8b4b03e2836c77fe2e53e38b6519420,0.39070442,0,0,2
d4596a029984865ace68fab981047bed1f1d1494,0.046763618,0,0,2
67540b32bea000574561485e11f7f033be1dc2cd,0.13002986,0,0,2
02e73b917972ef69c7b901c3b5c493a4a504731c,0.4388221,0,0,2
e2f82b25d19faa263bbdbdf074948c6537d85e3a,0.2506882,0,0,2
ea7753f06b2fe66df61b63a49558ff80ac3a09bb,0.029383471,0,0,2
0f39df025ff43caff8a6fc0b841ad429379db242,0.115431085,0,0,2
6903248d4ed5a383bf0fa080992c038185221a59,0.12326847,0,0,2
5ed0d65dd3b79a990f8f8c4974c3b20c82964e50,0.0712991,0,0,2
cc489350eba8db8bc62a4fca77b7ad9aa14bcf3d,0.63374496,1,0,2
fc996e7530dadf0cb498ba1970a6de5ea6edd817,0.1963175,0,0,2
448ae1c06150d4fd62939b5a31f38c03d9a33c7c,0.3035817,0,0,2
d4db3a650fa40ee89513ff581653dbe2d44cb671,0.57711375,1,0,2
b8f966acb480b84e8076a539b346a1ba6b29af69,0.20507814,0,0,2
22e8511f2f68b536a0b1c31b2ec271fab255d5bb,0.06475154,0,0,2
3bbac90fc37d225ff4eefaab018fe6147a5a0937,0.32808715,0,0,2
83d06d95dd70db6e3340afead3bd32fa58d9a396,0.46643427,0,0,2
2e7ce47dfc59e772a9fcc8577bbc6b14f9311bf3,0.41356853,0,0,2
dc500a7adffbb3cf94604097efe1eb93bc43822d,0.13853173,0,0,2
8e2df4f8cff43e2fd7f7eda1b9f73cd093008c3e,0.15680064,0,0,2
f944f5cc3dd7874dac049e0c8c4d7212df781452,0.028072068,0,0,2
1f959d076ed7f29c3f8a5c6e99cbfcc62c1058d9,0.18410352,0,0,2
14845725ea57e4ff110bc5fd838aabe6e6d20c25,0.10240412,0,0,2
94a3ac5fbd184bde121f94895a5bdf22cf034d70,0.17304522,0,0,2
39eb2533b8f7c6c8cb17ee30d5c2005e74873ff4,0.5741002,1,0,2
8e6ec266190d59558f369f808c53cf9186887ce5,0.40242875,0,0,2
d86d0d56e363a20ffa1ef48deea045851fc49d91,0.3076532,0,0,2
251b167e9a17d29b3da6074933acaf92cf5dec81,0.40521163,0,0,2
d16b6b8ce843e6e931cb8dbc92823f82ab10ce0d,0.21588308,0,0,2
5c418ff33ad704d0596c631dad9e082c4b2076ca,0.19614092,0,0,2
3273f2572f79bfcfc9abe1d821a9743108c65ebb,0.42564905,0,0,2
60752aab7f8c3ce2b1fd57e232c7305adfb6200a,0.03945645,0,0,2
345f3db49a7f4e662d117fb778bc66b49de14dae,0.052162692,0,0,2
b2d77411ae4a43ddd2386c4a1db5e0191790acf6,0.061598234,0,0,2
81d3805cae760e12ca120b2725a6c31b83da035f,0.27901956,0,0,2
0c1e2ebce6e4f6e1a47d4dec5c0b8475433ef8df,0.022221735,0,0,2
239ea8fb3cab9e2c052d933e8f0ae25648782e95,0.052467365,0,0,2
6128d66eba5b1dfc0a5e047a057c33d00abac6e7,0.34892958,0,0,2
7f6a33d94efdfa9f1db4bd71da6ddff10aace45e,0.38056743,0,0,2
843cd6eea60431ae527164f8fe9b0e054c7f9157,0.021109097,0,0,2
5e44c4e4be97e93f5d13cdc7bd52b7374635398c,0.51839906,1,0,2
36ea4c00124e0a44cc32c9c2d11ff3f77a2da541,0.21602437,0,0,2
583c8311df06e92afcea0f3c89d085a980e2dd9f,0.12901694,0,0,2
1ba982d80ba74544730f36f3cd46cdbe894a9e6a,0.17744978,0,0,2
d41221966cece5ed8c029a7e941b5d621486ddb1,0.50612444,1,0,2
0a2a72eaf5832da87b80fa41008e0b28182d928b,0.37326285,0,1,2
64443cc75f7e10ba91788c53befb0411a8c122a4,0.30255497,0,1,2
68302e213747700ca38cef546f05d0f15a3e99b4,0.52132046,1,1,2
c6c087c9f8672bc386d93994e49e68dc97087896,0.52894795,1,1,2
f681764a1b3fb9daeac57266418a874794d22809,0.4693645,0,1,2
8267561e52a02bf9faf70a24484aac105cdcc9d0,0.48917857,0,1,2
b7fb9eea768a6daac93d1835726c737153f45ef4,0.58837813,1,1,2
348e020e1df6c0b3a5b8c38b220746617320fb43,0.52757293,1,1,2
05b791a62c03a35bdfbf156f795ff00edc61e4a1,0.07891285,0,0,2
6617b0bb81b7c7da327acf3be2bef9b8cb77337a,0.57881975,1,0,2
516f366cc27fa2654cf4017fa151cc07ad902a6d,0.38093668,0,0,2
7c3390d0a7cf72afe3ffb3e3748f993e85cce48b,0.024516543,0,0,2
2695794ad01132486447e489b7e179edb357b974,0.23358564,0,0,2
89109b855537050f5b9d125a88d26ca2c1d12f78,0.031402048,0,0,2
27b015e5dfdb67f8530e7c110d36aa55d0e42cb1,0.5273523,1,0,2
c72f418ec98b259673c695ed60fa7290708a1d55,0.021320907,0,0,2
b61eeaf0529f070ba19db904821b517a9e5528dc,0.5426722,1,0,2
5e383ef974541804382a639b79e3efbf6b03d2b2,0.5162525,1,0,2
3b44781f9514988a31e2748416b1cb7015e2767a,0.49612328,0,0,2
ecd3c598b98212cbd47cd415819b62614496839e,0.18555605,0,0,2
4ce6a6e423700c72b99d28c7419aacc1dfe9e1ab,0.08826488,0,0,2
2fe2c2bbbffcbeb968e523dd332ad087827b3f92,0.045488827,0,0,2
163624a9596298bf80bb41360fcd246a886a0688,0.22877924,0,0,2
4ebfabb194c88fa10db51d6f2db6282a357ae15d,0.1190685,0,0,2
cc452f8dc0d864c50279dfa61d56e57e5e40a740,0.049715534,0,0,2
71a95b98f37d268eeafd2fb653ee1b2158416eaf,0.5878121,1,0,2
434398203b50c8bc4a71b116ebfa99ef6d0de8a2,0.4869785,0,0,2
055d5b48cc618b41b2a2d41d95e83fcfa232d838,0.34649503,0,0,2
2d667edb08ac241e857c9922d05f13a00c91fdc3,0.6850372,1,0,2
c485f5bed92b784a4dd915c6fe5d7b95a9990618,0.52606887,1,0,2
390a4358394c91b08ac7903d69689a62cc8c0fc8,0.0517803,0,0,2
dbe962a24475a2d288e1e1ff681c21ccd05b5cbc,0.020707387,0,0,2
a51b719cb265ec63f9699f74b498efc0d27c1920,0.05636657,0,0,2
6ee55e92440c2eb8a25bffce9fe0b18e1d49b67c,0.2869251,0,0,2
08fb5dd3465bf636093b056b059c8ce2deda42df,0.14361425,0,0,2
9c384099633c80249316af35922c99a70cbbc5be,0.33829194,0,0,2
c0aa76eb16031973f3e897ea535a0b38bfb7f11f,0.40447554,0,0,2
7a5d7677e6ae10318907876c58727d68bdd72bac,0.10867952,0,0,2
c5352b0e077ad1bebe6f3536e7fd1efe2fef5cfa,0.098883465,0,0,2
7a56d2484badfbceff130dab0c128f1a581827c0,0.08478886,0,0,2
d555d56324cfa620bba111242931fbb7337bfe4e,0.06357865,0,0,2
1500916bf165064d370c3583a19350010a88e2a1,0.50804996,1,0,2
99894b82ae77290ff43d84eeffe638c3ed55d2d9,0.03511488,0,0,2
962d7a6ad830b8a6feca752ddf39f4d705bd563e,0.25625357,0,0,2
a9a3ad4922a45a76c8c6b1b76c011d72736e0c30,0.5773238,1,0,2
170b62aeae48d2cff474edf0b275b0f2bb3a5f88,0.5458709,1,0,2
b26691806891840645059fa5e3a6c86f167f32cb,0.6040131,1,0,2
a2d63caeac9b1b640ea2d2004e4312393ec6efcc,0.5803293,1,0,2
2695207be60528c10f0d03ac097c0af73a2ab292,0.060650438,0,0,2
0de528effcfa595ff9f9c5cb3d0c7eaf18392554,0.6729904,1,0,2
460f9f5b0f30b4ddd5d568ea4c381779e9dcf6f3,0.021616574,0,0,2
266ebf464983940a1e36f2bf15737d258d471f24,0.44780368,0,0,2
1fba41622f64af497b9da81fe6aa7de069da32c4,0.51611465,1,0,2
bebc7a8a524e19739f6128437bab06212a35e75b,0.34279722,0,0,2
18c6426d1fbb60f0a52a5a7a021690f62d821955,0.3171039,0,0,2
683d902dc66c21b2353292880a00e0e149e548d4,0.48934186,0,0,2
31af406eb992beebcb8c0f6908df8031ef179aeb,0.14897029,0,0,2
837b12606b3c857c1d8df4b05424c607f3580230,0.04474143,0,0,2
7a0174fa338294b3ff20859ad3b776b7f0e2970b,0.29679507,0,0,2
2303e85c5ba9e2aaa72b0e3ea88d589e312df104,0.28673527,0,0,2
1d5ce0051975f0aca46258ba1efe714768589b2d,0.40854558,0,0,2
43ddc91f9e0b77cbefdda850b7aadf3261505e04,0.35598516,0,0,2
e3496145d2ee1d147bcf2af176b99c0ad12d43b9,0.17740229,0,0,2
0ae4ec44259ea0e3feec3e76671420438547fdae,0.05377698,0,0,2
bf1165fac897d7d51fd6645a0eb8dfdd4eb4165c,0.18604267,0,0,2
6dc22695d51eb464df4bb27765b1af18ca757b9e,0.3198463,0,0,2
f028a548b933c73c85c1f15a4900fe93fc1c4908,0.14324884,0,0,2
546a1c7d5d40f45e7ce2331255c1763a5b04579e,0.2693783,0,0,2
e66d8cd80c0fd29925050aec9ff96095617dd076,0.012732054,0,0,2
b06da5f32ec572c88f7ec5245a4b573c73ae8c22,0.23655704,0,0,2
73db5970c0248433d25be914308f76b03fdef175,0.114707,0,0,2
b782a0a58ad5886604e1e80a051727dc7fe101f3,0.6055195,1,0,2
76cc89cddd2cbda42518de8e304e92e3f341a744,0.16317809,0,0,2
0ee48ab3d96445a280852a1fd04206efb883baa9,0.6723366,1,0,2
eb4937418e700af5f8518f66e3d29bfc4d110798,0.62671167,1,0,2
6d40006563f96442c039b9541355e3c18390ddab,0.389514,0,0,2
0afed6a711c208fee64328cb852712e57036af5d,0.7083379,1,0,2
8e3e3f35b903be1f73ae866f03b9c0da8c097db5,0.7836786,1,0,2
0b60c1fa734001f087c9865c49fdeaebae574557,0.6546775,1,0,2
8d99c0554f4dcd620489eefd7963bce4d0a89dab,0.049347747,0,0,2
4ca9bd3382d1e6b5e768f984b4ab804d6f0259bd,0.7133899,1,0,2
3dada3ae68d58491197deb8a3c1cc3f5504a48f8,0.3433341,0,0,2
791e14cb9c8ac13fe4506470f2b8921c3cc542da,0.07444212,0,0,2
77be0d83d64f51553a915915ee6d56dafb6e75ed,0.62664455,1,0,2
5578e731d97d974902d923da646650228a2a1446,0.438557,0,0,2
fb4b3552a497ea082cec27c69512e7f91dbca619,0.45599604,0,0,2
4346216ffbed9a9adef2b90589436de543167c4c,0.051552195,0,0,2
a8398651d0b75fe9f161496b266b43d6382399b8,0.48668623,0,0,2
7545170df8047ea6127660c1750e1d0b59044e49,0.62179506,1,0,2
b1e2ae4c902691bbce02a90b76c4bee1c6e58455,0.5310745,1,0,2
db7540e045fc07ef39d37163a263615c6e580efe,0.61527973,1,0,2
87eddc2495cdeec9b28246ea08708540c365f34e,0.047882438,0,0,2
740ab8145ac6c004d2b10ea46ea0f5c2a0a9f71f,0.046634782,0,0,2
446f42ea3685691ee10cf5054a055e8f1685077f,0.3699904,0,0,2
ad8a8978a5bcc1cc177bc2fabcc92cf70e861906,0.33434507,0,0,2
6a90102ca121229db1e172fd4f84481117a71dbc,0.26004767,0,0,2
0361086ee17ecf823c5e5c59dbc8b27a77097c94,0.3943686,0,0,2
40ca0af450471fa0b0051200f93f1a30730ee380,0.55362064,1,0,2
3d921068b225994b20a31eef703d889cdabb05b4,0.07099268,0,0,2
0a0ebbf02c08e303eacddc45854f8cd6e0e0f9d9,0.51808864,1,0,2
6a8f225173324e4bf593b3ec2bd60015e80d3f08,0.060578004,0,0,2
c6396de2d9100032e58a39e6138787a2c133257e,0.04506305,0,0,2
ccdddfe067274bfa3612d9e866c2f86c2a6c87a7,0.19282578,0,0,2
6e552cf090053ecbb1ab4251528754373d0dd511,0.34573436,0,0,2
c57a14611951a6587f8eaba95b5b6b378997385a,0.22932883,0,0,2
405bbf6bc240b726f6088a9782a2dda9a6c1c8f6,0.31278884,0,0,2
9b4f29d41a71f58e2a0a31d03f1bb8117a9e8d60,0.24559984,0,0,2
2325c61a9280d310818f99dea19853718c613557,0.13888022,0,0,2
e6e6c2d91e0e8b6549b5eda8973e5f3c150a7774,0.016858818,0,0,2
ab40eadf2da890903f4c5d74d0cb6f5459a5f995,0.06133899,0,0,2
7b80edbfe28a488e1bbbe69741ff9f8432a676b8,0.46058023,0,0,2
f83bbc1d68bd457dfccd370afb248126ce031eb6,0.5922039,1,1,3
1e6ad5c3ab06188c6690b4af4fd7dfe7e3cbb47f,0.53125596,1,1,3
5b5f84db290450f81cc6b93cad7e7900ef9a6cf2,0.7533619,1,1,3
4b8647bf6ce2b478e6bc90d0158ce81939a14378,0.4492594,0,1,3
2d1614a2077eab0b981d4a0c4c6e10a7ecda71cf,0.45985833,0,1,3
8543a0056a90f06bcc69d0052fcafea7131e689b,0.16364738,0,1,3
76ace5792c06da864999374c8a1f0d734d8d5a92,0.5741094,1,1,3
47949e9b95761db19ef2c37321b1f6249c57ec19,0.2479819,0,1,3
1fc99654bdd1ddbfd75c90cbfc3f1f08acf929b8,0.09056638,0,1,3
25ad33cb9e0c73a0898be36f3dbbf96a5e14efe0,0.45556015,0,1,3
acd569595ee919d1afed3884cf7584cc609ad9ef,0.72926956,1,1,3
a4ffd393334bb3d825738581add321c94f47983f,0.7897387,1,1,3
3631295c437c5b8915afc7b2b259496eb2d5d782,0.64900464,1,1,3
6527a801c181090326f44bffef6709f898cae70b,0.8682003,1,1,3
b12610d35e7798c66fc1d9b0811d10aadb87569d,0.5522997,1,1,3
f3a785108f853e327001dcd435e92525d7fba96c,0.75322413,1,1,3
881a4ee8db1e1826b749579d2284ace982c953ca,0.6113752,1,1,3
13188390f33649b1881dbd4d9f2440894a36463a,0.616304,1,1,3
ed73c356c7a7987c78b8f6ee6dd7ec1e5f9b3e67,0.6108398,1,1,3
d83cdb913332b02fd310f5cdf3df045162c4cc54,0.7111574,1,1,3
2b24ae34b760239677bb3cef4e7f17f6d586178c,0.7686012,1,1,3
bb014c3ebfe20bf7a7fce5e7a8124121de695350,0.68513715,1,1,3
2a671338058e46b26a951ba01246b33a67d0eff4,0.7845779,1,1,3
0a75cbc380f537c06e26fa5bd9654cf878a9587a,0.7283807,1,1,3
aad194a34655f5c1ed5e4b221ea9d01aad166b38,0.7050962,1,1,3
0f13370f354da824b97a8004f4b8dd9d23500241,0.47406963,0,1,3
e91d0f0510ee8d69c76ee89b4e57341418866c6b,0.613607,1,1,3
842351710e2897c032b788a8e61fdbf36e18bb2f,0.73393184,1,1,3
7cfbc0da48c8cc8939e97427d8ee5b22c5e55f28,0.7032515,1,1,3
672b58548c867ca6e5e341057d4af8797d7478e8,0.8257299,1,1,3
7ce5950963068f4a797da805f895842adad38a3e,0.7102902,1,1,3
8f7c59ce888a687a6c9089caf0c5469984a073b4,0.49064782,0,1,3
e5dc3ad337f2e6650b7422dd7584a072974b1270,0.7820747,1,1,3
3c644cf87ec8c0e6313b3a10b6cfd66279b8093f,0.55455047,1,1,3
e8d0d4c1ddb40c7752fd4ac6a70ee619323deb4d,0.84721124,1,1,3
06d490a4bd763fb634596f2755b436f7f8fbbad8,0.7652538,1,1,3
a7a380f93478356b287791b917d6e68e89d20a8f,0.44460696,0,1,3
0079828734d62dbc2b44ccf4f21e3dc1daa7b90b,0.67380035,1,1,3
dcdfd7ed9e8c34637a54e52ffe1eae6692d05e01,0.4903608,0,1,3
99189ff527554aa345f63fc038fc8eacf28cbb39,0.3863944,0,1,3
f0ae42aa934c10686c613277bd7a0837f6a1602d,0.36361912,0,1,3
c5ae09d77e8756ab73e1c39f77f1b303aa4ba384,0.6453457,1,1,3
71fd124ddb1f311a8cb64b608f385c87b67cef14,0.5476677,1,1,3
d385c90c2e74fdfc0070f7d92d6d0c260251fc16,0.58053637,1,1,3
792839b464bc3df40f773147b7694b761cf23b5a,0.63472855,1,1,3
e875e6d59875be86fb8de8df7642c370b652eb76,0.16062859,0,1,3
58d613bd8d20a77f4da8c1ee49cf4028c011a2a7,0.7166907,1,1,3
d8bfc8c8f8864f9c22e0409780d5dd3fb30497ff,0.71062726,1,1,3
26ee48193928f525fe0885cba6b28fdc8eff6af9,0.6662323,1,1,3
d41364faa4f73fc885dcc9e99a838e8fa4c95998,0.60381,1,1,3
b148046add84f6c5bd19aeceb10c1a0fcf2e1283,0.52389973,1,1,3
fbf5a51ea5f700be8d92a4485e468ebfb67cf310,0.28826421,0,1,3
9e1b0acab5721a6805743e291f56d6d0ee8ba851,0.7857048,1,1,3
c5b90dc474fbc86b57631123e1f4519d758cd4b3,0.53758186,1,1,3
0c0455fd66eed4113bf53829cfdb501901cc70f9,0.70237076,1,1,3
ce98d00852e21ce34d8d247db7f6be138967b559,0.5950146,1,1,3
fb7e1e265dd9e560b3a3127a6593b6602f60026c,0.7305136,1,1,3
1c9c43c1d4bb76d7e47cdfc9c6681a38305a95e4,0.76986855,1,1,3
4025b62c7d8e0cdc7ebca856ccafc6365183fb87,0.4388127,0,1,3
2aa4681cb82f5b3eee09b2b491a16ceadf52bd27,0.41045538,0,1,3
bf7e9d505a75728fd69a51b1bee30e645c813c27,0.6728918,1,1,3
f7ab3a70ec426669398b4f16d0f2dd5458d87a2e,0.58598024,1,1,3
9867d9f2817fd6dd20d458022de3dda8c3b43b2f,0.1783275,0,1,3
18f181ada7826542725fa4a9460307d606695b5d,0.23150003,0,1,3
bb7e8951cb6ef08ca9df5fc036217c3a45c4d33c,0.14794405,0,1,3
e280c8636792c5426e54868d464c9d28287a98fb,0.046060096,0,1,3
e21d4d436b51d88f9554751982cd7b8552854c49,0.91730124,1,1,3
5d61fcddd479319473e0a9b891cff59c5884a173,0.062913686,0,0,3
fdd505d9850350592d758a28048d3f0f78e5b6e5,0.034592986,0,0,3
78504bde01522101a21e175f724d83f1d36e687d,0.24394745,0,0,3
08014552131b5e55f28513f24dbaed7172b7e228,0.01775012,0,0,3
1e1365c7b48da04db1e29f225ab1fabe40d13c5e,0.019636424,0,0,3
3a45bc5b6d9b884be25f98982c9cabcaecdba96c,0.040611964,0,0,3
54a7796ff234a9cbd2c66f8b1e5621f0898402f1,0.032491993,0,0,3
c1ba07bb65f41afed35c12c12b40b4e8d03a408a,0.033043493,0,0,3
aff82362cf13646b0dfae6375c895df7d5ca6b6b,0.02829363,0,0,3
ba3c2201c6689818c457b5a03d14eb75af55063c,0.047934182,0,0,3
8e5867eda8328e4cb2e103d098d0c9f3c2fab50e,0.025945116,0,0,3
e42da5d9d21438c220768464b6a1f5b36bad92a5,0.532927,1,0,3
c823ac5673e9da094a3b24b99987a533c548dac4,0.2114255,0,0,3
7573e9eec065ac1ccc2134aa751a191da3ca3dff,0.09144456,0,0,3
1cdc902f3d7cf877b4db7a31f19eb1dfd2fade3e,0.32785824,0,0,3
e9ea52189a92f7e2ab051e4d75c4e0c872034b18,0.34495714,0,0,3
ab0a2f761f4529daa0a1e7128ffb8ae417a0104d,0.06271752,0,0,3
7ebbaea90e8002f5542e22bbe92075ffb5383d2a,0.16673088,0,0,3
721730b00b1dc2ea616a3e7958e4ad15134de975,0.17305349,0,0,3
05aae985d9d0e26cf278cdd6f69672ebe3f8ed92,0.12931329,0,0,3
f7222ca6c3b6c1018a52fd649029394e6608f1db,0.24014717,0,0,3
b285f17023da248bdcb3093283e4b9e930bdd09c,0.02721083,0,0,3
af858a6ca224946195b1923a780678b20cb99603,0.66853195,1,0,3
fa027a4685bacd9e32b3bc7d875717b4457f6829,0.030657418,0,0,3
edf56632b8a5413f5e0adfe2d1b65e595b88a1d0,0.2199483,0,0,3
6c4f5135420abf982605f2fef8e8e31e9b3b41ff,0.58169246,1,0,3
a3e4cbe0bb26acab07f53a7d4ced1f24045e08e0,0.7494664,1,0,3
83444ebe71a3a6b76bc813ea8be48c12e07fbda6,0.042979024,0,0,3
57eff0d0c37ec003ebed48d3334c93cd9c038f64,0.30377272,0,0,3
169a31600365ab05e1790ec2478aa382b87f152f,0.042127464,0,0,3
0faf0131f604e5eed73ea1559b702f319fc7d8a1,0.036329843,0,0,3
18a6d9c773f88576dfb083162982613e12fdbaf9,0.057772536,0,0,3
c8c94b8a1f451888a2b9cac0f8a7454a1a02d688,0.08178444,0,0,3
4345758ddcc52224322e15b3a8cf353c365b3d6a,0.022951886,0,0,3
3491906594b069a042f38e7526ca67f46efac2f4,0.104221374,0,0,3
aaa0eafa092993a067583283b26b76e79f1f65be,0.041278984,0,0,3
dfc232415a89295afd1a944a65ddbcd3e6a4adb9,0.40271458,0,0,3
f2db15c31f0910316316698d1b7cd3922513d677,0.035697766,0,0,3
638def643f318731ae058597f5e89231896fcc4b,0.027394803,0,0,3
bb2dc86de1fd207c0a4a8b649536364179fb2ab5,0.032352697,0,0,3
cfee7161823a1d24aa55e5807a6f31f1c3b6af7f,0.035527,0,0,3
ac7733fd6994a61ed8917894c476164fd8724565,0.027964156,0,0,3
692142457acaf2b99911babddff1e337ca1d59e7,0.034008455,0,0,3
9b3a46e20540dd07cef3e996cc498e5fd6bd4996,0.04019938,0,0,3
2c9438da238f61f9e952d301cf22fbe70c5a9405,0.65655124,1,0,3
63d88c74b7a11d7633584b007e94314ba9a555d1,0.020897727,0,0,3
145cc675d35b677157eb6d3ef57c1104dd5142e2,0.4540855,0,0,3
01e1ca4bfd51741bf7d905266d24ffc86345b711,0.7493335,1,0,3
43ef84b729332ccdfe95ffae4067a415c2b37a85,0.068752296,0,0,3
e02b8f8a5aa4c89234114b53050bcae9722798b8,0.025093963,0,0,3
58693fbcb3236a9adb0f47088d88ee3ef7178cb4,0.050129604,0,0,3
d42fcbdb2fcebae67c757ccd8e5fc664550de1b2,0.39740452,0,0,3
6a6c06acdf555e13b22bce6c5d017e5d8bae0654,0.7860402,1,0,3
91291520cfd5f6c2c91fc242018860c5d1d277e4,0.117306285,0,0,3
2a3b56daa03253a8abccf5d895a310831ef0275a,0.031757798,0,0,3
1e6915db879b63e6bd5caf8b6022696af3044184,0.042406414,0,0,3
8025900b3ac50d2923aa8e52515dd5e55c4c3ad3,0.05695903,0,0,3
faf997271b36b80d9a342bb1a5a666e8a7a1fb56,0.029583609,0,0,3
796c8329d6db90687d7340cf947fce29a5191f40,0.023073772,0,0,3
7bbba6995a12412cd7cbe1ca693057c5299ab4cb,0.028436331,0,0,3
ea030e732e3556a2a4fa51bcaabc080927ddfa48,0.6792541,1,0,3
310008f48c0a830138d35b3024106560d55b6bd2,0.5483027,1,0,3
423371e79077e43cf5e87fb053e0d885b6d5192a,0.43355635,0,0,3
ca22dac3f852c7290f60c3c3a5d66fbecfba91f4,0.03256064,0,0,3
bcba29320f5f6f860335266d6be8249418ceaedb,0.01775767,0,0,3
9dc30fddc109504fc80fb62e33554d54cca47faf,0.028780175,0,0,3
764f56955d499fae11db1aed6e7f0d2d0886e6f9,0.109533876,0,0,3
2933e5773b1d64a9348024b2a6e8dc6dc90e6590,0.5705523,1,0,3
0fa8bcc008b6a011d6fe41e64ea4379d0b57f20b,0.031003658,0,0,3
7897aa6a83a5e63da487e72c2735fb042259f6e4,0.44184408,0,0,3
19c1c3bb9bc175f9c19b026e7cda1d0fe47ade90,0.038404934,0,0,3
3b501993588d27d91ad526a436e3a10ecc8d6e8b,0.15206473,0,0,3
739708f1af316d9b31a83b9e5d0cc7303155853d,0.053721074,0,0,3
b353d07bcca9fb62ac387d69d3e99004e27f14c0,0.34909943,0,0,3
6b43922648fe2dfcb4cb1aaaf5d795f00a6aa174,0.025764508,0,0,3
de219058597dbdefe93f6e4e935d797a05dc74e4,0.03176822,0,0,3
b268dfbb824ef307862e489aef7e71bba4cdcac5,0.13025503,0,0,3
d434c5d0cca6d501a95748e1dbbddc5726419d77,0.019850152,0,0,3
b957ee1646d893fd946a8b9a53c779957ae7a240,0.045770463,0,0,3
996c0c164a083c3dc2fbf2768750e3b3a81d77e0,0.01668864,0,0,3
5ae01f1f990b554ba075df63013159a23ba693a2,0.05210616,0,0,3
12ddf37f23cd77903729b3e611ffae10e96ded47,0.47741586,0,0,3
7e6304ce63da6c6341cb072abfd08caf0456328e,0.35571223,0,0,3
b9b73fbef5c0f18aaef22ef60442518d7f23ec83,0.40303153,0,0,3
39430886ba9364a7c99c9f0e58b009de3f659601,0.046715192,0,0,3
675d4c8fc848ec5438e48deb2e8218b6f0078814,0.02220216,0,0,3
7460c082a39251193108da52ce05e63f3e3796d1,0.056419145,0,0,3
567127c109added3dbe04c191a510a3dec1b1672,0.29997626,0,0,3
4158f9746365df20b45f8c2b5c0d1436dc1756dc,0.2075692,0,0,3
fc9cb0ce163e54e4bba232d2bbf2f79dc495585d,0.13572271,0,0,3
4cdfc143ea07ff13a26b06ea9f1595289835e3c2,0.040945172,0,0,3
8b697afded6133210249f943c220756951b64cbc,0.45723256,0,0,3
49685c8bb46468bb2e3d65d8f8d8d506e636f653,0.56123674,1,0,3
3e18e999c7a0648cc9eee72202e07669df3c4ffb,0.06940132,0,0,3
4dcae270e688a3567b767b85354029dd1cbc7c0d,0.4085604,0,0,3
8916830e8a2d551b87ed64559246621d439a8694,0.2214121,0,0,3
46b2ce2ee046ec3c35919ce72ce67262dfc37c5b,0.15233746,0,0,3
c12ae52424b3b93bb8f2ca39a3daa8392caa1348,0.32145932,0,0,3
57096ad696cc088ff94f6b7e81dac1e068df2c3c,0.034522586,0,0,3
9a012f530ea7d938e3d64ad6786b0f1c67f19df8,0.096867174,0,0,3
b01933b17f1978c9da0a252ff6791671e01bdcae,0.034988973,0,0,3
613a83c56a439a0c0f4a2363881653838e4b6bc2,0.20677954,0,0,3
b0521ef7e0d2946fe237abe67e309d88108d9e4a,0.054632097,0,0,3
499101c88c8158844e7bbdcba35b8fe91bed8314,0.03209881,0,0,3
1a6879a0023a2892323221622e0d1e759613c68f,0.72994715,1,0,3
3c1bf79202f0b95e9b01baa988b797c0f9a88571,0.042927302,0,0,3
d19b226c543bf404ae41025cbd0bd00008f10499,0.60290194,1,0,3
fe0f518f50b1c224c75338ea689f8cf5cf1c9335,0.050224558,0,0,3
4332119866de75449fe5ad24be0dde4517c6f7ef,0.012772366,0,0,3
1cd5a3229c2fb9b35fa0ced635765bf59497d074,0.027861468,0,0,3
a9d0cc42fe5ef7fe35256bff4844b9f1b6d347e1,0.17886826,0,0,3
5ea537df99415bf8035684d4cf93898329b7d4b9,0.08770555,0,0,3
ed7ac7cf743ca4a303dacd2bfc0c3fd834500103,0.042783417,0,0,3
927361d78782a836d5c3d09687c8930012d2c0ab,0.03053821,0,0,3
f299ecf3309c48dd02f16621da4e5019fe0b9c30,0.04237704,0,0,3
a573059d0504418f5437db4a600672a52cb4d8cc,0.10243248,0,0,3
9ac2b15e4a56be293b6f2b9f2b8d8b1e945ee998,0.042896703,0,0,3
b122db9edab9a5b2f93c79a5fd880e9d33671c9a,0.23857266,0,0,3
856e3cf0075136c15f3cb38cfc1a51cefbeccb09,0.1816261,0,0,3
1358d274dbb7b94bf81e37c88883a68b54a88c84,0.014369978,0,0,3
eb66fe4a1f5357be07c356fbd28b6d013d88e87d,0.05137376,0,0,3
a6f963066692aabd04aad9114e6ea1ccb32cbb5c,0.03885327,0,0,3
e2dc384d7bbe3414047049a67ca48b4885eba493,0.040484264,0,0,3
b95cfc9b579e91a456847b2369295dfae7da8bc6,0.48325992,0,0,3
007a701755f318562b0cbf2005d84299733d9b45,0.040709987,0,0,3
3f0a000feff036509963ff93d59fe3e084611c08,0.61521745,1,0,3
5929846a208518582a7783d8715c401ea1e2acf2,0.027283316,0,0,3
6ab8b148472782919ca5a1c7a51e5f477e40d4fc,0.1313394,0,0,3
4670a7fb9ae1a56afbdc1892cd254a80938983c9,0.30526438,0,0,3
5c70086611bca0da6879b569f97d116b666b890e,0.15896013,0,0,3
6d3f22348ccfc7c138e0b70e0821dd03de635801,0.43431503,0,0,3
c678ddefaefa05b1f15914e9ee08824bbd8ad8e0,0.046939902,0,0,3
70101ee3ca37b56a471b3731667c75c447da90cb,0.024636082,0,0,3
7f31bc04bdf8821cf24754bfdc9bd4c0e8660228,0.024126206,0,0,3
7f162008a2eea123a43f241e5e214dadf6b9e88e,0.04185471,0,0,3
931a67ff52aeebb5950d28b7ba9c2ad1c0bc80be,0.12800093,0,0,3
cbc32459f8f36e5c57a9db74709e813e5f77bb5e,0.029148793,0,0,3
f4c926ea82771de22a32150a8b0b1a502faf34b2,0.029841863,0,0,3
2a6c6409a919c1091ef3af778cc9738c57d67575,0.031087654,0,0,3
dc666f419e691e6a04342bdd9cf2e899455a8738,0.31430098,0,0,3
9bab875f03ffea0aacd1d92fbbecc96d491c1201,0.023631563,0,0,3
6abd9f7508c121fada3fdf2c188a68097bb50b12,0.18763281,0,0,3
26581ccd6688742b5458c474d05939c371390df0,0.024842074,0,0,3
99abe75d485722a7fa48204a18f4eb5d9f9a1d19,0.07461439,0,0,3
8f9bb4b451fabcb0f2ddbb90b3701e84a45d3693,0.19708015,0,0,3
950f90879c76b36d13b6a377db4b03e45588167e,0.023878891,0,0,3
5a6ccd587231ed1268dbdf142bf1f98065ad8348,0.028258622,0,0,3
a197ba858ecf364f9ddf2fe56f3611cf97b4c3b1,0.029486634,0,0,3
8d3d915dbd0ccf716f0d15b6b2396cff214d9cd3,0.31282225,0,0,3
326beb22c6aa872cbc0ad3706cfbe706bf9eab41,0.021882953,0,0,3
ba62c59dae2385b279a0810b2f133f0d9664583b,0.030995503,0,0,3
d4f978ddd58fc47f472d0dbac79b4b96ca1453df,0.014862666,0,0,3
0714c7cbe61a8db315e2aac578614f5a706f8014,0.043609407,0,0,3
44b5c55e07b51833c69f1ab03c9000db0734ee85,0.02546585,0,0,3
7b3e0d4297a5a8257a8e33b28ad7f2d3a23edb05,0.037341885,0,0,3
afff37e03b91c9a4e02c284646a7629b4f9d45a9,0.02898318,0,0,3
e31a222cef8ef08f4dafb01f41b6a2d6c26d64fc,0.022105897,0,0,3
f08b05b15ac09709c948fbcb8f843f421c1d4db1,0.097162366,0,0,3
02cf7cbffaf42ba6cc76452bfa70db8b2da611c6,0.028898874,0,0,3
b69e6ca5c1a74f5a5646df240bea701922caef83,0.025370331,0,0,3
a4118e288f01ab16e861cd7ac107fff62a32b86b,0.06871929,0,0,3
61b2d1f34c1f3c2b14fe4a131ec5d552c3dbbb61,0.07937182,0,0,3
75d4db00e1b1d4ef53ca4d0c5ac247ec92cdb2d9,0.026688773,0,0,3
08e918330eb2555fc90b67957f53ce08141d3b13,0.7416222,1,0,3
fca88f8e3d44d743e82ef2fb3ce880f8b98149a3,0.035967495,0,0,3
ad882055edb50369bd174ae56a372838aa89cdae,0.4007284,0,0,3
a7363a2ae67b585790896de45f57154474480fc9,0.028910263,0,0,3
cc4ab51ee9e001a0a999a2a43ad5bd323494b800,0.02053413,0,0,3
1744e2803f1600761afb2ea8a91a7fd12f7fbc94,0.052810036,0,0,3
2af899b74b5969bb56a2ef813315a1d85f0c9fcc,0.03237089,0,0,3
f25a61670e378dd7f24ac45f55df00632979192e,0.34068486,0,0,3
2f2a2ddaf6ac85da7cfcc5957614eeb880b795d3,0.01903566,0,0,3
2bc9e7ea86a8cc1c3b2436c46115c87080228004,0.32186782,0,0,3
76f154179b8dc6940355d7fe7db468314ca39e84,0.016527867,0,0,3
30b9f935e7ea56026e5c5347e897df52a3ad18a7,0.014998467,0,0,3
e9464c0a6db34576fa390d041e702b1f03c74b37,0.03851513,0,0,3
2a59e0ef4b8e70742a21bca76a629853aedbbd09,0.28595623,0,0,3
4080feff61e8dc1cd4af2361990c33c9f1014147,0.04420113,0,0,3
97accb47de63ee5063eda23641c6017e29ab81d7,0.6510214,1,0,3
e3dda4407a3f59bd73350ac780f43eb885967b5f,0.030189013,0,0,3
cde43197f980538e411d851735ac7a63ddd613e1,0.14594813,0,0,3
a67f0a33e68abf1c985db28b19ce70f427fd48bd,0.035402,0,0,3
9d14fe21a4044dafc984e1626ac5f465e35179ee,0.0217207,0,0,3
69273dca6188a3d7d629d0d32dcf9cdb5b6c1036,0.028034963,0,0,3
0dec6e76fb544fa3e8bf5fd17f16314735971dd7,0.024038505,0,0,3
a3fdeb4da91d8aef50f40a3f9906494593ce2eca,0.2386249,0,0,3
f820d06fc0d1204b0cb386214ffeb42ccec669ec,0.044528484,0,0,3
321fd029ec5c9c3c9717f1ede0add49d8a709a01,0.046273503,0,0,3
566c4d59a177be4b65d17540576eeb34d28d24ce,0.45789865,0,0,3
a516976947341e0e18bcc0858d85d34cd0c02cdb,0.048476554,0,0,3
f44d4852ab758cdf0011efa028c85c68b8b36bee,0.03760696,0,0,3
31fae6431438e26d6b47b988164847048ceab314,0.11493011,0,0,3
7200c43dea3dbfbd9d38b937c44b6e71744b05c5,0.2284579,0,0,3
25aa4bd3665d8b265f03fa2b3e7ab6ee68256367,0.024318287,0,0,3
45ae5c7e42b07ff24e2385de57f70e9484a46ae3,0.5664051,1,0,3
cd28a018fb327d38a30c502bedca66cffb26f271,0.078488916,0,0,3
596ccd59a11ad5e9fda19ccd0f4fc714d8d3394d,0.034938477,0,0,3
e3700ef350bf28b3ae3afa2fca5eba01e7801741,0.69731104,1,0,3
301ad592142079d36f4d33f5309c103c7f4f5dfb,0.4984094,0,0,3
f8a8ea748a0b3015490ccecec7b97f0ab2daf9c4,0.024758479,0,0,3
8aec465b44dedb7deacf80111ea5286914093094,0.1679548,0,0,3
046e3a2f58decdc3eb9f69e14fc0f5c3a9e6b4c3,0.035602964,0,0,3
0802df0f7376ca7aaffa7a23b2cc1f2c4c0c8aa9,0.30323595,0,0,3
136bf34297a9ac8049e451800df819ebf092cdf2,0.04825198,0,0,3
c29e3d681f2a46cc3288dc4f38925efbcf30c233,0.025944326,0,0,3
5f667c031cdf02adbee9ef83cb71990333c58ba3,0.7132476,1,0,3
6525cc4035fe8df3308c03f0ca9f450728e122ac,0.68988895,1,0,3
34f3f4196084768b2ef6b3db4608d8eccec50364,0.12933323,0,0,3
c53f2106109153eda10c47a6960a5a579d1530b8,0.140544,0,0,3
84cf29ecf31c67c7640f8821d4fdda625a173aa6,0.62193024,1,0,3
e6aae3a8bffb981b8dce19642cc1ab831a428cae,0.617862,1,0,3
d21d3a94abdbcf5a890fb1b5de28f1060e9e584d,0.21999025,0,0,3
b4fb13bca9c41e3e59a5ea8e3f8ec4bc0110ba17,0.61949354,1,0,3
17f52a2e559e68d5c6ccc98fcebb5523161fd0ed,0.34697023,0,0,3
10b1c517cd5c0083cd0ad7a5f23167d66d1e59fd,0.03651253,0,0,3
fd7a4362caf2cd69368a38f2f71ffe19706e341c,0.15440314,0,0,3
753f278d10fc0c92e912965379401ac182644101,0.023457045,0,0,3
491786ce4182daa57ea61deaf701f756f57f6f1e,0.02422581,0,0,3
de73ad3115c19d5f0771754d233d74055a2a10bc,0.026889164,0,0,3
2fb2221d487d925fd5d716173a80c798986aadf0,0.02966856,0,0,3
d5f586bd4e1a20fc09a33aaa5c2b9320f4a2aa72,0.5714099,1,0,3
809f0f89cb53548a7d0a9f9f52c4b36f60c7b6c0,0.5202115,1,0,3
f80f577748c0dbde45d24654247a82a7121d456c,0.13104801,0,0,3
b723f82bd55e1b78a370925393d3ee638020da0b,0.4799717,0,0,3
540aa2e7ed7c0c0add1daad7fb548e156435e0a2,0.029995633,0,0,3
8d4fd1dabbae4d7ebc2b273af9275ef8bd0e1ce1,0.038124293,0,0,3
6e5eedb3fcebc5894c41733bd26c8b4d9197873b,0.034061182,0,0,3
3b7d0b95466139a147fc504b7c18897dcc826c65,0.06526414,0,0,3
6a82f92584b36e28798479c82c0d3263c6347b90,0.35158354,0,0,3
3a7519fcb190a096f4f00b9da357f79acd517bc7,0.021981148,0,0,3
61f3eba79d382c68c27ecb9eb3ad259fc5b75c20,0.022445332,0,0,3
5e6f4f18ff315825284d697adc1d721983da8693,0.02046369,0,0,3
b8e9475505fee98aae2819c03a33c7aa3db843d3,0.061632637,0,0,3
a14acdf6395f588dda7597bb4c7810dacaa503d2,0.10813238,0,0,3
c4768568c9981ea4efc942d045d9349ef2596af8,0.03440314,0,0,3
85a20aad64be04127106f492e26f6ad6d6c228c8,0.22698782,0,0,3
1325e114108136eea3fe77a4a270a2da7eff98e2,0.020367905,0,0,3
bae46709ecb13f80aaad0d279b3618ab83d09275,0.025983036,0,0,3
dc5f850d1d9b0b952b7f0dabd6778cf0f7675cba,0.1705984,0,0,3
b4abfb93676fb0abbab1d9bac40ba2714a3872f5,0.02936863,0,0,3
9a9e7268162f9fed146c74a8acbd234d9bc2ed84,0.025213942,0,0,3
b262c2359c9ed53dae3ce2ce7a0092273f4eec65,0.036023214,0,0,3
c30b59103b6f1390b0040ee74b985248e8b1b849,0.04083908,0,0,3
0f36265123605cac6af05b7b8c8f4036b58f4da4,0.028900707,0,0,3
cb177b56b7664ab323558545737646896f4d7e70,0.041154318,0,0,3
15bdcc3be2b84f68ddcd822da52ef045ed89e57b,0.13999088,0,0,3
6a8ba1fecb47e5ffd5387654d0cdb7c372ccdc9d,0.03999218,0,0,3
75efbfd6b21ab36fdbc440bc001c133f824bdc3e,0.49174273,0,0,3
f7e42d2ccf949a5893a439227c8c6bafd2598f26,0.3474908,0,0,3
e7bf6afe5052d30a2c448ae958058dd83410d076,0.19620335,0,0,3
f3e1598dfded2857a8734ecabf7b46bfb676655d,0.35177338,0,0,3
c7fcb448c99ae5fe9db9b217bea1233df3ee6e57,0.27163413,0,0,3
d0721feadc1e0cae6efa3e0d82f523debc5b8d97,0.36207464,0,0,3
5f47ad718e0ffcbbe6cd2f8d32b2e345c4af3a48,0.11459807,0,0,3
745d383af12137ccbcbe1f3cb4c9db73f87a66ca,0.020358754,0,0,3
2c94388179fd38bc95e3b47af96666493027f57d,0.0589307,0,0,3
d746a54c2ee50711283bb49e557f58ca491e1bac,0.015221881,0,0,3
a56d4998cf16ff08f5593fb7d4dda66ca05dc269,0.025002088,0,0,3
76d5be34f0327c8d39015d2962005babc2652cf7,0.4140852,0,0,3
dc9fcd4140b3e200e4dad8d1a52a6f76b7de4d9c,0.47975498,0,0,3
e6fe53fdae66b16ed0f0d32d68b75e62925c4c71,0.036692336,0,0,3
e92a76bc1a13cf05986a649609ef23af5d67eddd,0.20139709,0,0,3
03e65c98da2a0b2e27b14713543c2a61d56b1237,0.020433426,0,0,3
0d3545e5f68d024cd4a05724a15746d8dad986d2,0.34620002,0,0,3
96ba5ec21669469c9345910630f7783069c5ee7f,0.21314237,0,0,3
6b1b592887d9ce95fb5af1e216bff56b18c7902c,0.039307684,0,0,3
ccd0fd51a5712ef1d85110eb61130c906fe4db13,0.38449585,0,0,3
d98897b11e6f4adf1d0a91591b1bb6be501cd29e,0.19173314,0,0,3
3fd9cf1753a24587ee9d64d2133784adaa099219,0.055999786,0,0,3
35b688b7ec3b32dc671af4c7cb9556ff26e761eb,0.04542123,0,0,3
4e08e17ec536038c9c0dd888f77b912cae82816c,0.02507154,0,0,3
51a9539c693b805714674d1641dd52c5a997bd0e,0.45626017,0,0,3
4aa4c6d31f98d8cd80ccbcf99ded77bfc6de25c5,0.024092963,0,0,3
86eb3a2fa74988e4ccf3aae7f4b77edb84555320,0.01619263,0,0,3
ce2badf02e266a84e2485f1793f13bf722c29306,0.022902066,0,0,3
cc467caf26e1ba94be02f27a349647c62dca6a7b,0.30940914,0,0,3
45df5da2640f8f097915b8a2a0249ef0f6cf514e,0.14231679,0,0,3
ab9c3e935ebfc4864c413fc6880363d4d7282f16,0.19204429,0,0,3
7c172a091a2c623d264f98a36f141f5726e65296,0.08628774,0,0,3
76b7413d2b1eb2dc22f05de5b76f9519be5142e0,0.026721401,0,0,3
bfb3cf8bba6aab198c4644e236bbc9f3807111d0,0.24971947,0,0,3
9e26d9933a22709b3ff19c1eefd9ed8133860015,0.4835989,0,0,3
b7d8801c368778e370ef98832a1c6201e8197207,0.15465403,0,0,3
093e3bb2e3cd9992f3f0d14373d406bb9b2ed36e,0.099985026,0,0,3
c440f668aca99266b5379235f6d99d378630c938,0.50013953,1,0,3
a1c5a582760c7f65572d0883fbcedc843332d7eb,0.22072145,0,0,3
54b2a69a63be2da849bf4ddc56d7ee48ae850223,0.15882769,0,0,3
c768ed307d08484cd61ad8ac3faac330d22c8775,0.48530012,0,0,3
0a499402d707bc8cf775d7f9b3840780a7401f7d,0.029176688,0,0,3
b8e4612d484cbc5d1bb36b397b96a791a1a04928,0.5212306,1,0,3
a06a15846544681467c040d471d9a2daa281a866,0.036911372,0,0,3
8937821b5fd47226ea10ee0297e8b0604a8fa11f,0.1661771,0,0,3
8d210b4f84b85e3d67933be3079e1ce51b60eeaa,0.4858688,0,0,3
5d549fc352d26290386cda47cb35aea1239a4919,0.21738102,0,0,3
8e4e5221515f820108f48396a18ceaed73de8dc1,0.14690968,0,0,3
306fa74602973d8e6a5d542d43b13c9630408288,0.065675564,0,0,3
0737cf82db33f55cdfcb68e8f02f0b8fed40fa15,0.5665433,1,0,3
b6488f0869b79d3ba5a1ea1d3221e9ea191182d5,0.13057153,0,0,3
4aa1d98adf4520f62ac895a0aa76607300779348,0.094212286,0,0,3
fa6fcf2080a7d2a2202713035d887d80e8a9400d,0.039355822,0,0,3
a6ed07c55cf8c42e196dd6e6e1bf0a38f0f7b754,0.022396212,0,0,3
845e1d54231d3ff3fb04bdbf5dc5f6b631d9b01e,0.61200285,1,0,3
3a4e18ddf151a624eb5c3596ce8400ca4679ef97,0.10957779,0,0,3
8ed40d530295d819e0ca964b2d4542f6ca6a9929,0.13140397,0,0,3
a6abb8b00355db97486ab5023305c3f4e9e19ad3,0.026555166,0,0,3
b494caa01985c623601735f1bc10871cfb8aa048,0.017376479,0,0,3
afcfbf57b993aa96a3697e3869679894e8f460bd,0.058929108,0,0,3
35f4fbeeb6feff2fd364f79d845449417d84cc74,0.23266481,0,0,3
5597ed7ea300ae3d08cd893b0133bce26038a7df,0.032349497,0,0,3
002276ea313fd880122502e9840b43f996acd537,0.027277453,0,0,3
bd5afc0b5a977c168cf046e3244477b48fa72c5d,0.44334084,0,0,3
613afdb0c33b9754f049a295ba9f7351de04a748,0.028784739,0,0,3
b313ae68888445f4c08521bbc8d19f39310c6890,0.49439576,0,0,3
c8cb7524317761af98958753fcf38da1586126a4,0.0607006,0,0,3
c771c0080b08abd80418c4e88f1be3efec828f0a,0.026823688,0,0,3
6571233ed2e9c926b07d752992a96532714ae9af,0.025733264,0,0,3
e4b3ac8597a186ec8aafeda561031b95fe969d57,0.037145887,0,0,3
51cb31ef21f879220b8fa20e37bae15bfb2c4d21,0.027266713,0,0,3
a675ca7802065f459a96bdbd593d8dc491180cbf,0.5574278,1,0,3
903f280595099eb6ef4d9d9aabd19dec8511c861,0.58922786,1,0,3
15a24dc0fc9067fabe00857f8546aee4a5234a78,0.029571088,0,0,3
c44bfe000cd84d0b48401f8c7107bc37c09ec622,0.027914546,0,0,3
441687e5a4ac22d7a370cb3e99c6af91138c2746,0.123679206,0,0,3
8be87e032a8c05622148357f30bdca3c614a669f,0.29168722,0,0,3
5f5937fcc2dcf3bf49c1776d341189c557b2f01f,0.0431381,0,0,3
96eb80efe1da48f37846aa899260aa0c84b15944,0.021266192,0,0,3
8f35fcb8f7b17c7201a31f157e7d77bf3e6fe2b5,0.025247062,0,0,3
75c2b24c681e314c4e4e07243b31430ba4e42723,0.30781588,0,0,3
276e22858cdd56f5725e0c2f7a3522df99967973,0.024553116,0,0,3
471e6b078a7891aea99b77f200e828a7b1c9bc00,0.01976232,0,0,3
6d7ee38ceed6b496d70502e276f80be6de618014,0.029247638,0,0,3
5cfd99f0dcd0d10689e480f0854e859079f125d0,0.025442876,0,0,3
ed6c47dd9ebbb2e38fb3e17a2b961f0fcf0e6df3,0.019442296,0,0,3
088d0f9222337a1b3be44b99523094ff0af06cde,0.03198664,0,0,3
3ac3ff62b862ee89effcf1a4889b04f32fd8dbb2,0.024028605,0,0,3
5f9dda6b900ced96f21c4c0cee9bf14ea58451b2,0.033999473,0,0,3
70538e67fba268e0734a77494849629acaa05423,0.026762635,0,0,3
9036edd6d6256a45d2fb7efb2fbbdc7fb844b019,0.024890458,0,0,3
0f6812858ad6e3b28e4a2843c526ec8cf501b176,0.40924877,0,0,3
32d33210a92b1197a6c5a07f19aa25426af72723,0.02706445,0,0,3
1fe7a43505aa9d00bd9dde45aee77935a5147561,0.64151204,1,0,3
387880a630c65b955a3329a2f7b987214c41f6da,0.071815945,0,0,3
cf4416a84203ff9d360d4398da3b166e6d0c72b9,0.027378041,0,0,3
a7fe613853516f0abde34821996a0424882bb919,0.029720245,0,0,3
7a8a7783315917b56b6a71c4f28cec4ed1d91a7f,0.23081987,0,0,3
9c545d44a4a703c88d417a6fa43298a80ee67735,0.3541105,0,0,3
09fe956a62e19c160d0093f8fecf254c2bb6f0cb,0.024367593,0,0,3
4f73871cf40b6dd05c8872d39246c67f798ed915,0.3343201,0,0,3
41f297809965523fcd021bef20b304b3584d9b4f,0.045932095,0,0,3
03178c8b15f1b522b98ded0f83cfb0e79f5ec4d3,0.017746871,0,0,3
f70741c9b216d3836d047c542847920d4778cf9d,0.02120985,0,0,3
5ca0a1c3564d35293a5ecf03e5f32e6f0f6f445c,0.27384365,0,0,3
4c4b3e2e32ddae35e4c1a6ffce1cd2b2eafa958b,0.020307539,0,0,3
72a46babeb0da02071e47425ebd55da915b98178,0.553427,1,0,3
9c51e5316babbd370bc32aed0fee134216726ec9,0.021952113,0,0,3
392323e2d44bacdac605c1a4f037f06e21dcc239,0.07465785,0,0,3
10dc13c80752b0489d291b54440212ca54c59fee,0.43845686,0,0,3
7b9df59a96adfce979c8c564dc5eaa6a29b7f25f,0.13653412,0,0,3
818533e92bfb1c142ae4ce5be18ab92d1ae17025,0.023746159,0,0,3
47fa07eade06908ded4206651571e71a2fe684a6,0.2807479,0,0,3
46e97d9e04591e8198ff38bd2949fd5514da0d3e,0.018018698,0,0,3
08cc26e70bf145aca293d55fce12aef835263f53,0.13242614,0,0,3
6c21bdb4a107b49e57c9e5d6598d13ce6f85fc5d,0.020507647,0,0,3
18a027b1f04e420c18ae57aebe8fd031b5ff251c,0.021374911,0,0,3
82b84c0fe9054198099752a66575cec0c47524c8,0.03123106,0,0,3
b10b90b0a3947bea98e3646e7d29f853f3b5c6f7,0.0242776,0,0,3
870d11b6662dad5980ae2684aa05b1be2c5cce03,0.12482366,0,0,3
2091cfbabc4e4940f70c2628cadc08da0baaedc8,0.05770822,0,0,3
941b13f8ede6dbaa4fa64ebb9b9156c2709cd281,0.017740361,0,0,3
26e878ab3a5b0844e09ce305fa07eb2d0ad93d41,0.025991304,0,0,3
8c141a1705808491f16a27b53e1ff0db0a2807fd,0.018573364,0,0,3
40f969bc9e162deead55967da3c128e2da933dfc,0.02030907,0,0,3
f348d34fb1ef3c968e2981283618aa85db203901,0.024445597,0,0,3
999761ba1bc5da820a1d2527c4aae29d95a7013a,0.16419442,0,0,3
ce131449a4ca0b06c6bb27ee5d8d6d89b1467bbd,0.6881223,1,0,3
924e1e9064f90d958b4f57e9c9c0c543bd19dcfb,0.5393835,1,0,3
f36090e3141cd3cd6fd58f1f46a30af2582559be,0.5039207,1,0,3
6fe2094e30107512e470571bceac91cbedbd21d0,0.10548194,0,0,3
fb0078159d2463da149de54018fca79a9447153e,0.017121295,0,0,3
73351b6adbf403600521505bef288057beb2bdde,0.37567627,0,0,3
079a07fe18f654632b80b274f247775582261e5a,0.500565,1,0,3
4158323ee456bd412e7357a4a6bc8bf50deb5d9e,0.03294314,0,0,3
2fd6c8fa1e392f985ee860d8ee154a612ddde569,0.4166139,0,0,3
6c4e1d719fec98f04f0d80d2ff79dbfc2861bfaf,0.032679938,0,0,3
66d0a9a0a00dbb259425f17745f7dddd7e676f71,0.045827467,0,0,3
1b5925b5632494c77bdffc9e89d149f5f88fe17f,0.33176175,0,0,3
e14d9ce8e3c57b7352a647c0a8e62eeb88ebfba4,0.016895616,0,0,3
9e0c5ad4b3148f42f3940faf7d67b305e34bef0d,0.023889085,0,0,3
fa1aa44c7623fb2142e588c59eaf56db7bc237eb,0.022635877,0,0,3
ad12d97cbb4c35017d55c4105174671f1c38b36a,0.07262209,0,0,3
026fce5c5f01d7b712dc06db738e9e2699c9b118,0.34495535,0,0,3
8e0b98bf6bd30713d94b72c7c410addb26c3c472,0.21479,0,0,3
1130658baf7ec92ba5ea309244c8bde74f385ba9,0.32270226,0,0,3
63a179da8b48c16b535872f5538f071654adc41f,0.27529556,0,0,3
3150dd3c7da3c95c9cdb262bec312f1e2a4797d6,0.28951573,0,0,3
175e1b3637b0be2cdc0c4c76b1a924924d2f4c62,0.0398467,0,0,3
ab908d64bf11667157ead570311725ae6a2fe4f6,0.24809793,0,0,3
2272f5cce78b86eddafe916eb4b94af5b400d339,0.16426003,0,0,3
3e0ffb9f52675ebe309812287449a011317a0df4,0.06830231,0,0,3
85a20b502327f2279e243dee98c86144026e560b,0.34152257,0,0,3
5005d1173c18917d52f015a01e816fd3bbf4aac4,0.40912417,0,0,3
8fdda846c4653b6ccd49c47a9586c374bb20a255,0.22581045,0,0,3
a94ff90ab6cd2d92ccb2eb1fd7913b4e5256f02b,0.027392112,0,0,3
5a1b473d5c57092e7f77ca008b1085c512577ce7,0.02397731,0,0,3
268bcd622685b28c2d50bcbce64ac38f7e90390b,0.2271104,0,0,3
09e31a01b51d7418fa0034ecd4cc11848436fc18,0.03564463,0,0,3
2e87f2934e757a6229e20ac3c7d7413a42619ddd,0.26640356,0,0,3
d510921649d762e7aec2176685cc76f06b267b79,0.03967149,0,0,3
7851a3e2bf24c58eea66da70fa42a32f03532620,0.026087057,0,0,3
487ac1980148522d628e1d2aab50b107c372798b,0.26892525,0,0,3
5f9cfa6ebf748be6065680fcb3656ab8379441e8,0.2965665,0,0,3
2bfd539dba6e69a35d75a301d8b4a1feffcfcd3b,0.04616472,0,0,3
34646ec9b52192a71e52ffc09cf7fefdd506c48c,0.11223716,0,0,3
7afc1c34fc16ec04f82105f9106b7d1e5232c4d0,0.07530566,0,0,3
5566a21d2b34090d1ce8129f41b551a1187e7d5b,0.23126568,0,0,3
00439211981af7b5baed495f526ef8ad76ee7c5b,0.02074807,0,0,3
1d635088f697178660b6e1c9a89d2b7d3bbe2d29,0.019867998,0,0,3
a4a62ed7c1e3c7aae09324f0ad1c6078f0fba471,0.0160327,0,0,3
b3a68ca842841c4b9713462d5f01742cf71a6b4a,0.014368,0,0,3
2d868410eead061d59de524bada4de9e3d2bb442,0.014353118,0,0,3
813aa11d505b9507b6795d36070806cb2d96e5c2,0.48182046,0,0,3
88b29fa46bcf6f56df4213e1ba7810735a28d755,0.56117725,1,0,3
eca374db08ffbb3dd8de746632fbd74acb8f2c92,0.035742473,0,0,3
2ab17f529d07c1f618ea08d968b2fdf3a382a792,0.0773665,0,0,3
9a87c766bb3137a50656871e5dee5a309543bc7d,0.23856789,0,0,3
bf803b119be94bfd71902ea5db06075aada82672,0.053843766,0,0,3
b72d8677bfa9aa177b9b973fc76322080f5de470,0.27390388,0,0,3
dd9cb37df54a3016e8efb283732012ae14bea1cf,0.11719505,0,0,3
4ebd5b61720a680e8507f0a4f1eebf0d654e8e09,0.05395983,0,0,3
a7294ccd794d2d3f55b67b75b9798de151451fb8,0.056676026,0,0,3
9ce4e1a371418e5eacc69227885815f9a4221c65,0.28890577,0,0,3
c9b1c8f9662f865a613632e1d390922050130b60,0.044196997,0,0,3
564345179f3f33d249daca36f0054773996d5782,0.037820656,0,0,3
c7f7da754a911302dcaa6935be6fded84e1ac348,0.36479226,0,0,3
4cbb388ba9099be121f81d75000acc3af93bf993,0.026230073,0,0,3
87497c72460c9c58f829a372d741b386fc2ac8f8,0.0784346,0,0,3
921d0d60d40d8fbda29f14a64e848c70026ea32e,0.054071013,0,0,3
ffae3bdbb6740e336a223a82a3dd545c24cde7b5,0.06525461,0,0,3
f9e72000a17eb9d524b38a9f2c982c037dd94891,0.07522963,0,0,3
e34f50dd1083fa8ed9fe25fe701b64bd2ea7efc0,0.09513908,0,0,3
581b474f4b194731eb9cb22cdde7330a1ec81c3b,0.11758862,0,0,3
e0d17fed51f5018fc34578699d824c20efc44368,0.14444155,0,0,3
4fc5b3402c58d6a4b317bf23b896ea91d22af6fe,0.1373179,0,0,3
d8e2f892e48423fda73204be3ec239d282e71c65,0.17440233,0,0,3
8d6d088622f8e4ea89e66ccbe097510fb4c932fd,0.09702135,0,0,3
f0943a7242041a16c8f7fca845592e48bb19ac74,0.2819089,0,0,3
d1123894d33922e7c8ca838f9dac9bdceefa3f7a,0.34177268,0,0,3
fb83ba3fdb46537a36832a900f124d4c400f7ed9,0.47889754,0,0,3
e779883b29a67d411493f985de984ffb8088ca05,0.28959787,0,0,3
a71c820baeb91025eaa7f07b172a39500c6f5692,0.3389811,0,0,3
a4eff51bedd73a0ea56afc23b1021187dd03561b,0.32877868,0,0,3
8f6bedeb724fa78583c26423aaece05cfddc04c9,0.39183605,0,0,3
e38bbb9f4191d0d21dea0ba31fdc131b97a5597b,0.024243442,0,0,3
fdc116f0bcda6d1fffbbe505d0687b0406e92fa6,0.024919067,0,0,3
8a8ca83f25bffb9927f67469f2230ed0067d1256,0.019243715,0,0,3
66608db56c41e91ee34fdc1e6157d69b69893fad,0.014645552,0,0,3
43800e34600d5045e7770af325fc18b84e8a9f37,0.12687293,0,0,3
d7f0ca1011603d0ed70ee167e3ad9861bcbf756f,0.36077362,0,0,3
7398af480396894c5f246f233b98fa3a3efa0b74,0.05725358,0,0,3
67566fe60b2f98dd586a6512889f9973d4ef380f,0.6190713,1,0,3
7bf9d3dbc5998608e85f165b6c93bb7fc98e66fc,0.07905118,0,0,3
6da8a0eba0d0bc19764a9cd8f0b0c3bb4170b8d1,0.56307834,1,0,3
fe8646e83e66a4bac75e4503824c2078779c9a18,0.4471324,0,0,3
22991a71c698537a3a67389487ce9b13a03043b3,0.27348578,0,0,3
152073fa08a8218dda7f2f90a0109cf1855d201e,0.22293971,0,0,3
7644b5a2bd9a3c96a97f7e4a603d86e33c4ad1a4,0.5912407,1,0,3
02641ff72989f451a79125f08df649e2bfe60e8c,0.13875017,0,0,3
12aea8407550ddff1ff25a838571b40f5ff15b67,0.19497553,0,0,3
f8fa8259db335fc3221f011dea926bc716918efb,0.44188872,0,0,3
738e361a363243bdfcdec56c07937e922f722760,0.31322598,0,0,3
df355deb13e42d161555505be9b1913af2afa602,0.1318767,0,0,3
defa2be2ea4a2ec95899e2c91ba0689af73a9348,0.33725363,0,0,3
d67f7e2af93a1f715ce14ee373b07bfae9389370,0.3242041,0,0,3
58e713233db41a67dc20c6fa60fc6bafc3d3d36c,0.31607494,0,0,3
c9aa8f334a5c7fc51cf93f300600e2124170a43e,0.27420253,0,0,3
dbb04c1ccb17222ad83294ffdd2f500078568873,0.1699434,0,0,3
c4e2ddf2661ddfc252c7a27316a3b8a5907234b5,0.24957217,0,0,3
b21b4c8dedc90d95aee684c1266f451ee071e2f8,0.3835315,0,0,3
1a26866d771d8c3795e89712e530bd4976b506b1,0.37242103,0,0,3
c83289781a19ae52c329de125c7c87c614ab53d2,0.10789087,0,0,3
213cb76f59b6366378d13fb174b84e1c31170f7e,0.59181905,1,0,3
b3c16860932f7eda0cc58c41d61f0b2545e6d4dc,0.18796861,0,0,3
301b0a811092b9c5a3b22b0028a126a63576d1da,0.18536454,0,0,3
e7a46ac6ca11c6a51a924e96114a9e02312376e4,0.28859577,0,0,3
79c47193962b00cf82c79788b81f1107e18ad752,0.04839557,0,0,3
87d71e9d46c046cb5aaa333b37bc8dcfcc3b065d,0.036594767,0,0,3
121c6b6892d1827f0ec543245d88b7f030af6eaa,0.39998308,0,0,3
35c99d4dead2545f941e109ed37aaafc8ced38a3,0.043950778,0,0,3
40faa3ef128e3e04d7fdcffa65fd0ac840b9d788,0.25506616,0,0,3
d4b56e80b43def8568fdcdb5884729667ed8cf59,0.34065577,0,0,3
3d93574d2c2c32c3b7582aef7948f9d99cf7d482,0.27268228,0,0,3
93d4d37c5f441a4e5f081ebcf7c09f381c1cccd2,0.2931107,0,0,3
e10c80fa720fe9ec59d84500f189d7049e50a3be,0.26995164,0,0,3
335e9df40844f1c388bf1383c33d9af85f96ab0c,0.34387106,0,0,3
c4dd533843b14bee28db9a12b4a6472195913220,0.3430628,0,0,3
c053a327f9f64d0a02fc70ae198d8d9f96cfef02,0.26185608,0,0,3
aab178594f3a908061ab2ffd1e6cd5d27304cf80,0.43673947,0,0,3
6d1fb4dc3e9241d14efb0a04dbe0254441390abb,0.40728492,0,0,3
41bbbd468a214ff51d18e1571965de68d983e26c,0.025940472,0,0,3
1077ae03c0bbba820a6fc9bad8cefcb00c888129,0.42208347,0,0,3
c4a093c1f2d4048cce2c24466108a078b4a9c6d6,0.030511465,0,0,3
91b931f79fbf85b8240b8103e870a59ab0ad075d,0.022331305,0,0,3
1f14ff6ce8909f28fa7d5f0af3299e9a2cdb0d79,0.0425364,0,0,3
85b941ea1f3922fa5ee6adbe049407e8a8b15596,0.037464585,0,0,3
ba1ce9b9aaef27b78415acdc4e84aae0ad31075a,0.3109972,0,0,3
a961a2ec9c2b0b0370a560cc522b9af114cbab90,0.04314317,0,0,3
de903324903d441b3224b2170476629b979d2ad8,0.03185802,0,0,3
34f1f6a485cf3dbe9270cbf0232cab986ba13cd2,0.0263049,0,0,3
eef2ed3144d873a56cf5f62cd81dddea87d37544,0.024841076,0,0,3
548dfd8bead389790d1c438d54afaa1f060f0eba,0.028724313,0,0,3
5246aa0529add36a2fba243dc23a8edb0ff61094,0.030301813,0,0,3
272a25500464aeb1a8b45657413cd2f93b7c53c5,0.07645992,0,0,3
7139af330bcc4cab7c19de4ff75b4d29f1618a56,0.032328404,0,0,3
756ba33a2059b2ecaa00b921648391b3daf8742c,0.02875867,0,0,3
ba6f4a44799a1ed0f7aea6762b658f7d5ef05f1b,0.029728595,0,0,3
2f8b15ad07b438413f9b8513ed50fd5cf14ceadb,0.031235395,0,0,3
b5c1893a7069b3771855a58c6feb8a32cc2d3cd8,0.029317725,0,0,3
c23335bae449d804f21e949b220aa03c2f24f460,0.033475813,0,0,3
235a0914e97fb3da2750a745c77fc01166bbb59f,0.0428659,0,0,3
9e2307974840d5d20e4a590bbad9fc0514ac425d,0.11197056,0,0,3
084ab518eecbac7b9b9a711d21021bd7df13dda8,0.6690738,1,0,3
7a5431ecb6efd9ae83c3469f040817d01cdef1c3,0.35998443,0,0,3
87edfd2751ba8bf84f15aa1df288722c36ffcbf0,0.026102716,0,0,3
a2718fc3a9bc54d5932214b07514446a2fe4c5bf,0.10101208,0,0,3
d6a8ed57b8e1fdeaa3b6bb4360b6de0d66dc6450,0.026717482,0,0,3
7fc003df8e22a4dcd2f16f5634fb9d8263ff5d04,0.029056327,0,0,3
2e4b80f86606e8ee3e363ad4860afdd50503374c,0.029949829,0,0,3
f3cdf561fd06b177a0b602b3ae6d6e845788c6bd,0.028412698,0,0,3
53af14730cd52af888a37c35c326d735f54c76c3,0.03827508,0,0,3
60afd02a508bf721734eba66d1ddf412fb6d0970,0.13764721,0,0,3
73b76598e776bbe7962e18cea087bdca1d560769,0.028025942,0,0,3
7a1c10a162fd6e0043f523af98d57549573c1982,0.048175085,0,0,3
277321564dd18c68fce97594652d5aea50ff221c,0.15780275,0,0,3
0ddec2917a8543e1f58e85e317ab4d07bd94f786,0.21749221,0,0,3
771eb6a606491375a61fee1aa537025edafacc34,0.084148705,0,0,3
49747dc1d34a48e966ceb424f40f0b7994d1cea7,0.03541622,0,0,3
1d4d89e9fb191af54a8f2eac924a2fcb285f760b,0.0705283,0,0,3
a2efc6b6b998a511666079b6d4c63ac38f215648,0.04426933,0,0,3
6e4265d61c22aa0a5b627e8bb4814fff382a7170,0.26708433,0,0,3
0aa826e84b14f6f39b23a057986c1329657b9c46,0.1992391,0,0,3
346a81d770fcd5e7e401a8d1daa42acf6493c2f8,0.05444842,0,0,3
355b55e4c6fa22a98983b745579c43077cc387b6,0.39237872,0,0,3
2a4984980af61442ce8b9009c8c86bb94b2bab4c,0.031030394,0,0,3
dd9dc9457722787992347ae54d9a8fe8d4b91d2e,0.042855732,0,0,3
305934dfbd2b37deb50cf93732e442c51bb1603b,0.082406014,0,0,3
82cf2774a215ae46477e4b35decf77321e20ab34,0.059841804,0,0,3
9d47e0f911981bee44146aa40ade3571f64e2d3f,0.0502057,0,0,3
e76bf903a268c242011618730cba7a7bae8d380c,0.12930065,0,0,3
5366158572bd88f18df7883ab823ea62b7701d77,0.017485669,0,0,3
2df0a3be66f6fa1067d976d7a05500beff7eda53,0.01767003,0,0,3
4742149a8d979f3d97d846f90774460f41184104,0.020356959,0,0,3
068e4f1792bd2b157e6ed6703e792d628f1bff00,0.026767181,0,0,3
81a6c88778a6b84c14d07e087f20484f018ef320,0.2595169,0,0,3
2edc62af90db14bd9166eb5e0d8c62eced9351bc,0.032992166,0,0,3
81288e460f85d71a5f0815615051fe0cdde82039,0.27746373,0,0,3
4abfe08ae38927921ce2d754f0fde4221fccbed7,0.19949214,0,0,3
e0a8ac4fb5891e6760f7238027dcbb3e23e23054,0.051363286,0,0,3
16f46dcc3df28afa0231fa68a6f43ec9ca44b0d1,0.15716381,0,0,3
5b940aaf301c4fc3b1b8e1b9c9b4e419d987ddf0,0.2796443,0,0,3
32280b862c77e64fcd104da16bd1b588026c0be6,0.22812194,0,0,3
7c31eb6634d55db044b6c4297d38550a9b248046,0.17679745,0,0,3
a4456b8fd51adf73e007cb7d598bf2feb3e4f6df,0.25805748,0,0,3
df46ed5edde4aea856cb16b8bc4ab791fef206ef,0.06253901,0,0,3
aaf4027bfb90785279ce2ee68bdf056380b8ff1c,0.05449759,0,0,3
17bc99fdff3e8863be845211e2af050e8c9f98f7,0.052761633,0,0,3
56888aa666b4997a4eeab7d1044f5358c213a178,0.6196571,1,0,3
794dda1fbb2d54dd54934e88d9867ada0c7ac54d,0.25730413,0,0,3
e0b2c86c8754312d1e89307fbf84e6efbfa9fe0b,0.4834843,0,0,3
050dfa6f0850174fdf958ce6751d2f06900201f8,0.04846877,0,0,3
6c94c16e46127c05fbf70b1fdeb0cd8c2ac98537,0.03400103,0,0,3
7530b4bdceef0ef37af252f0b97978554fb9b99f,0.40098205,0,0,3
a6eda3d8eff423ecb4901aa07339364732c02ddf,0.21419849,0,0,3
a5035d0e1cde068320984d789473e1140adefdc0,0.32115135,0,0,3
dff43a0530a6fbd524e3af24795cf6b92142735c,0.098318115,0,0,3
1d5f8faa87a410fdd1141ad82f270ac238293770,0.18754396,0,0,3
82f4ce516c18ef5fb3096f6a90455fce90a5b290,0.02129947,0,0,3
228b49fe2afea3376c4f30f80bdeb70d083a9206,0.16514628,0,0,3
adfa016f3ef7ff262643e0f0a5a54d3ddb7d7e1d,0.2938501,0,0,3
f72b5e65c0c5210cc0be585959ae84fdbc87aced,0.3927609,0,0,3
26d668f6d5a2f202ef7ff6a73ff3cbd7bbdf4b06,0.18942577,0,0,3
808149305ba26224917e29aa0c0089701bd91936,0.01832715,0,0,3
55fd738c86ea1796d5152d818ab4b5060bb11803,0.21783945,0,0,3
7a8dc00b8be18a9271e2d9c2444ba91077ffafa5,0.023653457,0,0,3
77c24aa92600598ee7994a1504b7bafc560b3809,0.3522234,0,0,3
ae2c81ad18f82278c5840d12ac22e572c3d31bf3,0.17589898,0,0,3
34515698878ff0a4641e72486f0ae8a7e30df0d5,0.45041287,0,0,3
96f2b16b3efb93580e6aeaf1da97d9dffd5e260b,0.26900914,0,0,3
b577805347d56f1927615fad311868a3537a9cb6,0.28183484,0,0,3
e366894658914c0f2fb41cac003392b0dfa6e4b7,0.18127756,0,0,3
3ab3653e48f65bc273c1fb2522cd814ceed8e396,0.03776287,0,0,3
3411f29e2377788cdaa5a4eeaddc53355f085a78,0.022246653,0,0,3
880b04814c564ea7a1bb8fe97c15b4735c67e8e9,0.07206758,0,0,3
3066a8085f86b743da14a161427c403a7038e8b0,0.0347314,0,0,3
37c4939a8a027eefb3673b49301814d086f2eef1,0.032848153,0,0,3
8ef033be5c92a895139b4f910af5a7048f340cc7,0.01052696,0,0,3
350c477161a0d1df94efa02109ae07e6acbc527e,0.29387885,0,0,3
0880a21c56cec1a2442b5123c3845bfc99e83a7f,0.018848572,0,0,3
84143c462986417ccfc5e8c05481e983cf668e2c,0.015258477,0,0,3
f16d5b1722eb55c2d55eb623999f16799b088b98,0.5426506,1,0,3
ac37165ed7a22cbdeccfe348b10245dc83b414b1,0.6366114,1,0,3
d9ae4e2601d4c0744bbc275b6b4f503477b789ea,0.016749926,0,0,3
7c1a59fa7ab58f5f7cdc124ff2667cc501570a4f,0.3067917,0,0,3
93d35c8f291b8953f8460c0eb02a51cc6d6cac22,0.031159377,0,0,3
b77184a2189c8f91100d148354d1fdf38e83d13f,0.033043876,0,0,3
f81e0465460ff9abd450eda836bbb4f9b13837c7,0.28194562,0,0,3
6fc152e4177e0482450b13eb7fe496de677ce5b6,0.1410315,0,0,3
0c9af5f450ce73da9b791051f861cb9a6420e0f1,0.365303,0,0,3
11409e628b0461be3c268f81642ce36bc4b0bf84,0.2497271,0,0,3
63a9488f2910434851e98a8fc0ec8c053b24083b,0.015624833,0,0,3
829a4e9ce35d43670a7061b957ac951901c31ad3,0.12384671,0,0,3
d70736425701b66bd64ad3aab3941bb930a18b66,0.010453832,0,0,3
7331773448c1f2e0b24deae4144db0deec85fc07,0.11702582,0,0,3
11a7e62a898e54d66936d1b8b67cb5e62578ba98,0.121937074,0,0,3
0484bdb3f61d309ff62da4df4be92cf139d19f6b,0.16185425,0,0,3
f9f632e7056cd9d2b3c88bad50fe0597610e2eca,0.21831521,0,0,3
a3fae474e5cf5084c89835fce1950991aa678a41,0.14172792,0,0,3
f3108e2771083bfcf02c9c67ebd70a3ac0ddfca8,0.049413666,0,0,3
b720481312289d9fb311caeb4593c10561af317d,0.081363834,0,0,3
a9fdcd64bf0a982901d298596151d13e56442a11,0.020456135,0,0,3
521b9b3385d73239b96ab209cb34ceb5c1c1400a,0.19634707,0,0,3
d7a1666f9a89d9a517f5fbaf283e711046fd054e,0.15707614,0,0,3
022a020bde5afba4f2e9b6753c199386e79d7825,0.19749352,0,0,3
1b5aef881bb3acdcde5d9fcbb6e43ceed6db145d,0.22163503,0,0,3
0caba0845d4363025e619eb3db6f3138b2c3d394,0.2423788,0,0,3
8e71711c1caaa404d84ec6682f1b7b266064c2e9,0.23456115,0,0,3
363be2fea66f861d7ec4f893a05901fa0c7ecf92,0.6513616,1,0,3
412a8a0ba61c84d71c0cc740ba7e50c10f3bf9ae,0.023901809,0,0,3
03380256795725c7d17db97d882a4c4da3b76b8d,0.0487951,0,0,3
653b46857a4a48252bfb094e39ee9937b2079fa2,0.07526133,0,0,3
748cb609306ee5a046a952a0ca13974ef0b6e770,0.12785833,0,0,3
0f9ce497b0c6841e3aca845336ad095012c41da7,0.2818021,0,0,3
36ee52223387eed452c266490a25b4c62f49abc0,0.28506592,0,0,3
a8c6d43b5a61d8da784f0ac188d40b88a15dad50,0.08194746,0,0,3
8fe2360920a8228c10cd59ba0978df701174c961,0.18037942,0,0,3
a3677db89ef3863e8ac7cf578df499f85d970b76,0.018003965,0,0,3
64c51505a82baf8260a34c7e83652ae3014009e4,0.15511376,0,0,3
ccba0cfc3f1b81dbaffa5153aeb84d48cd7630ff,0.05101616,0,0,3
e7c42ed0fb83faa2b57184cb72f6d9e8b621ccd5,0.040425554,0,0,3
633de29fedf11544f2c3d5052890cb014e612bd5,0.2795626,0,0,3
362ab2bc41697980391c4a61c23cb3ef6bce740c,0.1157045,0,0,3
fc9d93db68a3c33e5ead8c7ecb187fdf0f06cc4f,0.21438923,0,0,3
66a775c9feb7dcf00c28a16b7a365af4372886f8,0.43693,0,0,3
a6a48cfd370b226955a531e678016db414ebeed9,0.4239106,0,0,3
dccc1255413adc1a212dbe3bf40accb70ccd44ef,0.08600759,0,0,3
5c341d9ded098fafcbed3ce88643e96286928011,0.022017336,0,0,3
c64856ff7f49c1c2e3098a36e5951f6e3a6cc366,0.03392366,0,0,3
540564e190662e6617d8c8974854ded6ff2b365a,0.03697236,0,0,3
83b70a377f79ba90f846b3a720e6c402c63bccc5,0.02574825,0,0,3
819318486d9cfb430749ee33d3c5c4ec4417babc,0.015191261,0,0,3
827d9644c864336fa84f15744375ba7412da047c,0.016948495,0,0,3
af6bbeefbf197f50d194c7f20419c2a4590ad630,0.26433745,0,0,3
a215c3f91a5b4baf56e767a4e91b6511cf1544ac,0.1356168,0,0,3
ae8f5f04574be75727f5e948e04bc649cbdbbb3b,0.03413134,0,0,3
6348d47ca3f9a64421d092673b35bc834a071e11,0.5971223,1,0,3
b9cd3558133ae9f26aec73e0bda3a8f635d137f7,0.05127975,0,0,3
f672e826f51824582273fa1f5b6ec37aa5fdb2fd,0.05464249,0,0,3
72df12fb2ba453afb57cf185d25c502d4daec6d1,0.37494346,0,0,3
7b42d43fa0827557f51cb4111c89fb2a78512c68,0.21183354,0,0,3
af1b5872ab8355acea3197522ddf94972b3c8386,0.016528888,0,0,3
b1d38d9bf25d715d2eca86876baa360a2df356d3,0.06735858,0,0,3
5c753a87c328678f16bf89e0178448f04194f0b4,0.026733777,0,0,3
0956e2d2338531a96f2ff7d4ab405acc1b18421e,0.016047465,0,0,3
c9709dd49d438e17ebb5bdc003b5353b0201c432,0.26712698,0,0,3
657b1b49da5ea1593dd7f950eae99a88a8ada87a,0.04473384,0,0,3
6563275706015b000cc5bf14be7fa9322964bf49,0.010822021,0,0,3
e9e76131f35c112046b9f184816683beab605e9c,0.007705521,0,0,3
843267df5a0b44145d5b9ee9153d17aa5e15cce1,0.01831191,0,0,3
cd64fa339a97300c64dfc434483e478a58f507a8,0.023282707,0,0,3
b0b23c179ac55334f760aa29fce262c73a909268,0.031217888,0,0,3
31e3a88efe59b1e31a438354d51c2620bc859985,0.024891019,0,0,3
b815d2af5a15901dcfd90cd76f0b6f431b0f0048,0.11434399,0,0,3
dff1a0953d97d46290750a46d01be1e1519ae698,0.40639582,0,0,3
cc26f76ad1e02bc157066d1903aae9214ad34702,0.031126885,0,0,3
e082e0c48ed611ce3aca949cb47d0e96c35788ef,0.05480185,0,0,3
50d2939125522b7fecb16546fe7a5c253566df15,0.043996256,0,0,3
35e0ba449325e759e04203fcaa71920cf473baef,0.025373397,0,0,3
c7d20472de0dad34bce9483557f43c524e4f3e16,0.079402864,0,0,3
e508ad09d79302d3cc6b86077d4a6ddb0679a0f5,0.304808,0,0,3
a27ca511a591caf813c26862a888e90e54af19a9,0.031896796,0,0,3
9be91f380c209f895da36d13c40b99687bb4c8c1,0.06809774,0,0,3
09c55eb8120da36aef1807628f87bde83749428b,0.06418765,0,0,3
05edf06360cc8a1a61fbd1ce5f9abf5d83f9d3f9,0.05019299,0,0,3
9df5e9419d83c11b4a2c3421c5ff7ea1f544366b,0.012567482,0,0,3
ed1ce82d822ffe185875b7b7d38352f20171c096,0.02650859,0,0,3
1b80dc49658ce86375c6c3fd089d7dcd176f4ad8,0.49615654,0,0,3
10e38114032cb4c585b29e946e1d70e05d52a878,0.028776135,0,0,3
d71ead41fb685431dad02d4bb7cb5675e196b8f2,0.08876937,0,0,3
e7b4025ee0b6152f9bbf7a72a317f977402a27f7,0.03837072,0,0,3
0f3648f749b7b67c2c61282297569657ea6220dd,0.012343441,0,0,3
bf915848967a6e35839e5565e98c716079980e18,0.03165893,0,0,3
e3eff1e3a426f8931ad23a3d7a7e790adabe9f48,0.05046417,0,0,3
2ec4deacfda46ad85e3effb3171a5e330ea8e714,0.40212774,0,0,3
7f74708201c2ab9f5d1f83c7052487116b8f7114,0.41493064,0,0,3
d442a770f2ea6b8c0b50a001b1ef1d92511e9832,0.45979112,0,0,3
494745fdd0fb1c1a6cb7b955c42a8b6d956bd945,0.049862992,0,0,3
97dc91d1545a667b4021b6507d927799e53964da,0.026351696,0,0,3
3200db1671d4b360abc43165cfb31e534966da92,0.7038462,1,0,3
4a37273818d2d7fe684136e84511e4e46e6cb1b0,0.044173922,0,0,3
d9979fa97865b7a57b9da975efb6e6c4d80b0cc8,0.123233736,0,0,3
af7f247b648bb255307c87764c787c0f0fff8df9,0.04791791,0,0,3
6f27b4ae8f8ecb62698e760ab7df3973874b1f51,0.024814263,0,0,3
67ef6efb61f3c07e1359e083bbac5d90953cfe43,0.15908192,0,0,3
1b53f09c3a9dcd64dd281c1955b062fc28999366,0.16878872,0,0,3
34adc606601cb578486d4a019b4655c5aff607b5,0.012617808,0,0,3
b05bd69cdd841c02a3b645568ee5478fdbfc07d1,0.30271995,0,0,3
e1f30a1c32eb292e51db274adbe2fd6ed09b555b,0.35349473,0,0,3
bd82fe9fc034e7921eb589420bb4b86dc767a11e,0.025425809,0,0,3
2c6e3404bc72e76b2e9d308121368f09b723c8df,0.051113483,0,0,3
13e0ba5aff3fe14eb0e1d748cad4b9f99e681ca0,0.16144902,0,0,3
3b7deb943877b0c2d8627531959948c5d1e4d3ef,0.019131562,0,0,3
b657c914c0005b37e24c1cd74c5f4ce886147606,0.02098411,0,0,3
a61fde99657c1b9d11e8eaa682181ea59e65814b,0.11642483,0,0,3
29c067466ed78c3e7948fcb8f0d25b3d984a1a93,0.029043598,0,0,3
fd86d06ec5d3b009f3882dda7903e9913858ee14,0.020840656,0,0,3
a43b8d68b8b7e6d7f23977a7432880290e6c6933,0.19987045,0,0,3
31e4a6df19cf4a13f8f0e9048198ce7488ad2614,0.018973194,0,0,3
3c0c9d83e27e436f9d3646f177bcb0ac2fecbeab,0.24613264,0,0,3
db7a08583a5ebfab310efde6d0636f2e2fc108ad,0.060746137,0,0,3
015e3cd37d128e4ade9b2d49f74f3b4fc07d82f1,0.06018669,0,0,3
8dba68a38c8bdae91c15e4eab35cd83c427d8e71,0.17660685,0,0,3
4ce6378eb6024e33a86fb76e25086621971da586,0.22288781,0,0,3
bd15dc78c74bd9eede3419b70469511f196a3716,0.086019665,0,0,3
c4218b83851c8dba1f275e3095913d9636aa5000,0.056845617,0,0,3
c3ff46e30397bc0355584c593d500d2564c1c515,0.20619427,0,0,3
b2d4b2ac3a738d97e23e53cd459d9c57ee8827c5,0.4731475,0,0,3
06bc5ac61a204128b1f69104acba83f266883b1c,0.25848928,0,0,3
3e24c28e68e617735b25791b0bc3f67f31624ebf,0.049874276,0,0,3
b1a8299ad223c3b2552f6d03e51c2ecba5df46ed,0.35514736,0,0,3
4e931386569c0a28b7e47c52d199aa32b6ca32fe,0.022763861,0,0,3
24d3dd8ba7032bc4590b82a99ff37713fb3cc5bb,0.050593175,0,0,3
ed98d264cff306f7326db096cddf65cb26ff5498,0.018666737,0,0,3
1f07a0bf70049cb0a2f6b52ea7c261da5adb1abb,0.46704462,0,0,3
60bcdd450d6950da981d70b8b08379bdd744c82d,0.3812765,0,0,3
74133837585f81d1c6434ce32f73fc8694d5f132,0.02301335,0,0,3
0e9f604e87a5b42b27abc13a9328846cadd640f4,0.022818696,0,0,3
53a0a9ff85666348a38054e335f5b4c5355a6419,0.01947741,0,0,3
73f3e2b3d6b3f4a7000187bb3e6a4d82b118d3b9,0.3433409,0,0,3
b295635a87da0c20e5e2495103d4877ef0187d4d,0.02684159,0,0,3
8f88dcfc902b5bc86a239756afffc9f3813d245e,0.0298486,0,0,3
b0e7365e0cd233ee93d05f620dc141992efdfcdc,0.6752879,1,1,3
fc4bd9b4d0f05c0706f19e20c0fa6cfab852b719,0.6511186,1,1,3
0721f49bf0d8b954c8a4b8d75e5375de43af981e,0.31555602,0,1,3
b0580d508bdee2903f05d95d59e6e9a1dc9d710f,0.6184509,1,1,3
32155107dd982360e813d10d0c76f6f7cc2cc7bd,0.026159668,0,1,3
6b323f0f53f2018f83b070d7b3a21f16d2f6acfb,0.094482884,0,1,3
1954a51bb5aa0ab3cf762c07b961ea8fd873f17a,0.72513515,1,1,3
1642b00d67b96de87cad44223efb9ab5b4fb7be5,0.38413057,0,1,3
5ec476b0b756852db865b2e442180f091f8209ee,0.31343478,0,1,3
596afd4f5a73c7fc756d9bdc12c6613856ca27aa,0.042724382,0,1,3
7f0046cf4e2161f0145e0e59a1b9684b04061916,0.051371913,0,0,3
1f5e68b5612053cf35b31a13c8b5e8341d892f93,0.01488008,0,0,3
b236d5259f95b755aa5e1d955c8f835312047d77,0.062626034,0,0,3
8fe95aaec201acc964ffca80954e60f7c57d7413,0.048116192,0,0,3
d5b16405c77037e37bd180843c1eba79117da7a6,0.05527465,0,0,3
d3aa5b77428d77f5954e30b14e7385c15f6f398b,0.047271956,0,0,3
83119a80aa1551bea003ea6b9e65b616b7795246,0.13170116,0,0,3
c4de3dd2bb8afb3323fc3aaf394a463aa4222768,0.040399402,0,0,3
30f5f14baab2392c40874b5d9aa4a852ea9f7136,0.23730285,0,0,3
5df60bb0e65f30d0c79615f53e988076ef1bfb96,0.07936831,0,0,3
f7f4b909d0961528c9b02ca5492b2a57a8df8bbe,0.042468373,0,0,3
bb3d861fcde210e45f3d3ac59d8ee6e1e4086cb9,0.14563648,0,0,3
1e6dceb8ccfd2c97379f78066ef4ad2b9a17b1d5,0.07784524,0,0,3
361b73775230d91b4ad9ed588d6d57f3a049e907,0.07748636,0,0,3
9a2f53d2d56fc58617f2bc7e8ce7f488dd05d47f,0.060268242,0,0,3
53cf9ed7f642bb2055c54d41c77cc2a252fc2da5,0.055630635,0,0,3
7d9196da0ef3889ca60a5dd90e9b9eea77bdb01b,0.076567896,0,0,3
315b0c786f8f64623c13789a842153016047a031,0.07649444,0,0,3
d6b40fdbe9ead76ca40d81b0e7bfe568fbbbdf6e,0.062621,0,0,3
274aa78fcdd50e045eec8394eb4f2f5d84bd6ac2,0.05241611,0,0,3
6ee118d2a12a4c0bde2c5b828e05ea9b18d4be2d,0.0251099,0,0,3
eef240cfdf77df4d3ec55c2f03dc52112dea7553,0.08257217,0,0,3
b979fd11e1753823021b9d718398167497415b47,0.0781338,0,0,3
0ba5e75432717181296459b9bdc98f9cc3cb2c7d,0.1678618,0,0,3
b7430de759bc66fcce9c5becb7dc0b022606d8ae,0.2620585,0,0,3
5d83e4deb81aa7e06e4587809642e70ef9a03662,0.01823582,0,0,3
c635393fb9996ec9d33b32ca27a720d6d5593255,0.056798395,0,0,3
cf4d2789901be233792839384ba76b94dbd25888,0.10761478,0,0,3
46a1c86ab3f4e2068023a1faf1c704443f3f36e9,0.017013643,0,0,3
d40336887992ddd75697d957b8bfcf09b5881ab4,0.12414342,0,0,3
d31ea317a5fa6cac0e281bf0aec5367ebe45a217,0.21466646,0,0,3
9af55b64790072e5e82efc067a01bd8f2e38bf93,0.48750237,0,0,3
88564caa20e4bee55287b258543cab35e9d3adf6,0.11018697,0,0,3
810250d7223969842dfb20812f0a715b5edbcd4b,0.14068983,0,0,3
7d54ee797c49148126d8fd99729a9dcf74fec278,0.13568336,0,0,3
9f0af0bfee5a92e67ee54c185f49fb7c771c15ff,0.055770937,0,0,3
05f3b74fd581ea5f8946c64edcb293747b4d9a71,0.25948828,0,0,3
43e4df85bda71ca1500112912a83d3ed19868c4c,0.30375612,0,0,3
8283d966f47280f682a1407d499346a383d1b1a5,0.20838632,0,0,3
5878adfaf37ce37e6988956e4cd5c833c6ec61be,0.30484754,0,0,3
ace5ba00f7067d517a35713f439344f24144fb79,0.05078709,0,0,3
67e443370e06288fb2702d62c0206221413ab852,0.03896033,0,0,3
9687cf07f34bbf5f67c17e75cadd287b9f6662cb,0.027734233,0,0,3
94cfd56bd9092e0fd8579120630dba0c857b7777,0.09212232,0,0,3
077913c7e9eb8e4cf8863b7545bf53c2923066cc,0.06450152,0,0,3
c68c274bfa036bb0c2c44bb5ea774ae3dd0451ac,0.072087966,0,0,3
fbb81a37f80fab1d1e21435782e034eade76114d,0.08223294,0,0,3
278eed3e1f7cfef2d39a25aba53f4478c3ad8c58,0.110479265,0,0,3
73dcea01b19ed9fc9c0d5a8c38e752bfe071c801,0.02858458,0,0,3
54bbca89040ed195b89478713fa4a181cb2bca3d,0.028563855,0,0,3
1fe64733a2a28b795bddb152e9adf7489b6ea7c2,0.17158294,0,0,3
1194c69fb122709872fd634ae9890cecd1d83e90,0.03357639,0,0,3
709aa7bf9c998cc75f6e0be7d258aa5a07ebce8b,0.08777768,0,0,3
cdacd4a987755572bd4d6d328b371644ac07ecd2,0.17217569,0,0,3
ee7ed6e655c08774387f9ee60ce11b84d7901cd1,0.020494077,0,0,3
edd64cfd822ae2ca2faa8dc1c73edc38a6e19f0f,0.29714233,0,0,3
467d516b9cd00c1aefd2569b41ef43bc187d1312,0.38324368,0,0,3
81e47470cc76677668dd8f44c99d2e7b1071834e,0.110028036,0,0,3
ed085d064c0f80b0bcf382550d10fe6b6fc9f283,0.041259613,0,0,3
4a025d3f8e31bc3e944399990b3a4baedb90e630,0.050920308,0,0,3
157aa8daebcc6a464cfb350de346cc550ac13d15,0.013486496,0,0,3
0dee0324f694b1e035b9c3dcc6923278defe1d3e,0.06820853,0,0,3
136b96c803ce4353f2cca2b24171ddbe74345fe6,0.031026028,0,0,3
99c63edb10e945d466dafcbacbb6fe930f2a31ec,0.14364219,0,0,3
20619b096cbb250518fd99eed15a4ae81345ce9f,0.13323554,0,0,3
68c0a80d17688d6d56644deaaaec5d3575042587,0.034961,0,0,3
1c8fbeaec2ee80d45b78742d63aeec0c9d0c4e9a,0.035312463,0,0,3
7725a72c7322d3e3628ced092082d1b76baeeff4,0.03047433,0,0,3
a02dafa47d0b28996ee52d1cd442673aacced572,0.13593999,0,0,3
b1162d812eebc9298b7fd62eac1dac119ae5f271,0.19819501,0,0,3
125c820e8d43df150ac09c9da5b38dcc1ea6e03e,0.02441537,0,0,3
0cba84e103773cf86b8691593e9d8a0d8afec1fb,0.46081644,0,0,3
4f00c553897cc3342089c4b40f7bed5f36e924de,0.2732716,0,0,3
680752e1414c07fe4357d5b6fe3052f3d9dfa374,0.17105623,0,0,3
f36d6870f2e1feef7f1d6fffeda056fa72c051f5,0.025223967,0,0,3
62e69cf4f2fcb3ad8bdc44f75f8a9e3e20ca7337,0.017280074,0,0,3
7df57879c92a467cd71860e6cfe14a04a49fd031,0.3362259,0,0,3
fe63f95fbff43495e57ebc37350798dee024cf9a,0.37158293,0,0,3
719d0c56036111d07c46ab5b0f379f62f14ecdc6,0.02853813,0,0,3
4951344fb2ce246e0cc5a2dff90d24cea6eb3a75,0.021571556,0,0,3
c151913ae25d55814c40b7f922886d52c7086787,0.019991623,0,0,3
a4d444d9de192ddcb1e37922c5f213760ff3a24e,0.26652032,0,0,3
ba1e716261e055f84baa9a47f9ae2ba959d54390,0.06546461,0,0,3
4fca8268a9c360795abf143452c8dfa06c442d78,0.4391038,0,0,3
894fd838fb695d794fbd28cc66c82b80a9688c91,0.020841964,0,0,3
ed7710f41c594c030188917cc773adbb6107383d,0.015364448,0,0,3
648a21eb5ddd2b74d5267919c6c84c5b7ee97934,0.08845057,0,0,3
11ddae0a3570fdeaa421e4e378ae14bc173598ba,0.016646674,0,0,3
9e8b370391f5b3e71cc349a2ff556d8a3cdf1232,0.015538869,0,0,3
15ee56bd0f91ef807a3e729ab3410a834ef3fcef,0.015773801,0,0,3
72784c46f6a7d7644398db5c7ac8bd3822c523d4,0.026769176,0,0,3
539be680cd2b1a8f6833b28ee0cca22a88161466,0.024195353,0,0,3
a06a726acf59ec624fd65f73dab3051962a71adb,0.046770263,0,0,3
5a87d98aa1b85f6ed33275135ab4622bcf1974ff,0.06315321,0,0,3
90559c49bae582697906598c735385c19daa6da6,0.25441954,0,0,3
0f5b35aa8d60b03f1974f1ebb784fc85054c67f3,0.0715368,0,0,3
b34856498ed290a4883b077db0d4df2991ba190f,0.020092951,0,0,3
d73ff41fa177ac154aa01c67ee80411c68696790,0.06928403,0,0,3
8cc80dd1a449f98924ca9e74970b35f940d43800,0.015334496,0,0,3
04af9bc8eec8397c0a5c3502145db66eb0c87ecb,0.03919937,0,0,3
4f296da76cb2faeafebac39435a14b5a64aa258b,0.024947548,0,0,3
15ad7824efda1e1632d24f4c273796863841c537,0.021849947,0,0,3
69aa3946d2a6da812c44a4e7e7fe45087afe1cdc,0.071126714,0,0,3
6607ad4329efd056fb38cc87f2c84ae775fd4a1b,0.0940814,0,0,3
84a844af5d30ea41750071dc8140a56e9e146bc8,0.030041251,0,0,3
6f95e26fc92e929fde30d592e7572493d360ea3d,0.11368482,0,0,3
fc3d530961ce4f23fd2c8310f82d6d1fdaae6c16,0.0970655,0,0,3
53c08a37ef81ed2aa3ab57f5933ebbc5db68328b,0.045453064,0,0,3
bd861c0d8009bbd51137bb97d15d5aeb8902eb2f,0.09755836,0,0,3
584a10fda56263ec0ed555f9866a1a82851a83b0,0.10700524,0,0,3
aa0c114ac9636012a941ebee49d69cbd6f6291e6,0.12531732,0,0,3
bae09b4838de43ab6a8be25ee25d0d11f0fe7477,0.058260255,0,0,3
4d8331ef9c3993ae1d3c091a758b24cb9a037fe4,0.035608884,0,0,3
1d1cb74151d6fa0272d607d06ffb85ff4a50e972,0.018511971,0,0,3
6602d00afa7a5f32218784dc54975cae5540a255,0.02160535,0,0,3
cd78c96d225752e3656a2f1a302298370b55a4c9,0.019340083,0,0,3
f27cca133f9a28899e00488ef56b2f8a2700a68e,0.06859069,0,0,3
3fe52d0cd85c01eadc44933df5596d177c3ecebb,0.0276469,0,0,3
81d1982c3cbf56f77e2edf3f063ff84e6e748549,0.031139845,0,0,3
e32f477085a9b6f658463bbbf355405980c515bb,0.013993767,0,0,3
7419cdb1fbff1096edca78bc5db34f7fdb3b7342,0.044188898,0,0,3
ce1f9e29288cdef4fc295ec2d5b4f846f0b732d3,0.030382,0,0,3
60a8028d22b88ee2f2d7cf7657ed35f4046efe79,0.03132402,0,0,3
c779a5ddb807f1a84e1e6a5e43a0f1296dd565cf,0.035997383,0,0,3
c2bfafd4bb8ed95e30dce29e65a9afce26a7d860,0.04054715,0,0,3
e48157a0de54d6b82137d62dde9cdbb4bf5c6f40,0.034832492,0,0,3
6d908d014c25ef3da000789dd56de0b6e7c9ea8e,0.04222424,0,0,3
5bef000847001240749e50239a25ea69485c849b,0.061608925,0,0,3
82c1bee3f786f96fda51243f4cc6d50995bd90b6,0.022280918,0,0,3
5f84693e1db2c35b9b797614e17136655c433335,0.050266977,0,0,3
dc8138a8a9b022d156c4d04b2491b269661db396,0.06722024,0,0,3
233746d8fdb7e71a63b5cddb55421eec87bbcc4f,0.024398595,0,0,3
84daf6aee0175303801e710dd2d326ce252d2f88,0.024014272,0,0,3
6df343df2635e7e0518a09c374532ebf22a30529,0.024306362,0,0,3
6cf4249650d72cf21ae3addacb5202089923ad91,0.017870167,0,0,3
d990feb36764cda778e6b4ce9469654229ac716f,0.024130363,0,0,3
35d4fd2ae778b4c3415b7ea63d2fa7c806ce0033,0.19064747,0,0,3
c00465cc99e5704a0da2d210512b220f4ba105f1,0.044242747,0,0,3
db058c359ece2c7b7e158840d88cdc458062b06e,0.06504149,0,0,3
393fa5df9262c339e004e061809c73d7637a909b,0.06303581,0,0,3
59899e1c820cd3fb8789b9cf8648b269b97763be,0.050148707,0,0,3
ba8758326c28cad8411edb42a30bb833779d0f05,0.029570397,0,0,3
3a1d8e7db0e13a69fd1bd272396fdb48a31fbbfc,0.02661388,0,0,3
2ddd54a7ddfead528f2b1de92dc8dd16be7f5f89,0.18567768,0,0,3
76d073f5a805ff16b6ff9345696c13201c5603eb,0.07264559,0,0,3
c7599fd2a84b3d58473fd16c5df4034a8658e925,0.025872806,0,0,3
82b547ad25147df44f27a3534a5b618755217378,0.1689282,0,0,3
a431ff8881eb8ac70af70af6483b03e3579574ca,0.03568284,0,0,3
bc85bab7a53a1569b4740c5b142b4dae062062de,0.019253563,0,0,3
c48007f44b05a445122e7c425e869b7ac479aa85,0.1252167,0,0,3
d61e967badf734499ccde4750729662b20d6545c,0.13505124,0,0,3
62e56cd3884d224e42cc8b449ef631a0909a19a3,0.19340491,0,0,3
a85fe84ce63f873b760e311f27ec42e05f1b3f42,0.044294026,0,0,3
320c0acf89acb5950a10816ca7dd083842ff739c,0.02076657,0,0,3
527213decc04c4b45393cd0f67e96cb7a67a8f66,0.019389085,0,0,3
0a114bbdb01548a69c7a8c155bbdef7785ecb389,0.10551627,0,0,3
bb0a4b6b038bf912873d10fc0f124ac3238d3e32,0.3162232,0,0,3
0a7871a1411b64a7c90f4ae62f9eb44dcee31181,0.026207251,0,0,3
5310e25a6cb79eafb21408fabd744f9a76c2a020,0.02539095,0,0,3
8834c8e380b7278fc37a4e6b80a9198a895d8280,0.022242164,0,0,3
ef70e7408fb01c164fb0f1d4f45e4d9ae2d284cb,0.0632319,0,0,3
b9284992ea3c8c484893517ee9df3b2274296959,0.3072775,0,0,3
939527bcc5b80a1788d876d7e47fb45d71d21424,0.035411436,0,0,3
26e77ea86294f5a9aa929f9acf7dd76a046453bd,0.05884365,0,0,3
3adcd2103d1be4feca870536e8f7a7549f6d492c,0.09784652,0,0,3
2edb7a20f3856723fc715f7c72e10e72ea7df385,0.050228264,0,0,3
9843210e5755d2584efd3496d59e50e721187842,0.018046342,0,0,3
e6cde856d76935ce2ca5323579d2557f5412c774,0.043283224,0,0,3
c460996e75df489d6bbcb732763c10d01e62516f,0.37481743,0,0,3
115198b9c94bc66c7a659a04d0e2f65959ce9297,0.024991512,0,0,3
276552d5e73525cdd29d9e809659d35f34c5250e,0.032318328,0,0,3
c0e4ebfbb0f8c38ef672394015f47fd72ba06cda,0.024819179,0,0,3
c61154272699761265a1f2e5282ff1bdaf714b6a,0.0736659,0,0,3
f0b18d27f01492af6874baa8415ad17511eb5d4b,0.2578282,0,0,3
45a0337e1d9d23126dcaeff9c0ad96c5b4011957,0.019790662,0,0,3
e6c2735e952c4972095afcd9f286d5c5c6f933a7,0.07619085,0,0,3
90f4139bf75c94aa1ed62c5f64c3ffd78a1441d2,0.024942968,0,0,3
67c51ed7ef1d7acc4010e45eaf8088bd91cb702d,0.09812453,0,0,3
9acc3e824e2efa2e496df8458d207b5fb5722e6d,0.047819156,0,0,3
9dbf8388c5bfa0c7beb15e835b3a5e6fc74ecbf8,0.021585029,0,0,3
f30855735a40daaffda15794d7abbc6ab8c699d8,0.08182149,0,0,3
30e5023265aa76e6c32d3ba43952aac964112ebc,0.029567365,0,0,3
dd5e51e5b31f36b66431ea6e4b5a2a6bc4dcab34,0.018209578,0,0,3
a3b3b74ec6325cd19169fdbaea26f27a96a72fea,0.017663416,0,0,3
2db7aa771a4ee5cd0cae28fe54d7d89fa62da81f,0.01349674,0,0,3
39513f9142cb82b84181a11905b3866a49d5a3c0,0.026190316,0,0,3
583d96b0895beafad326793c0cd0d273013ff137,0.01446734,0,0,3
640670bd862d008990c442d2d7cc26d7fb3b6e86,0.1402179,0,0,3
0f4a98cfe1940e3f7b341ef6d6dc87fd951e6e58,0.015125684,0,0,3
289e7a769ec9ab110f85848b281c4c143ba84e57,0.034242492,0,0,3
0e11402b986da1eaf4a96a11c8c6318c51fa47f8,0.30014178,0,0,3
1918bb005e33c134564c4eea8531cc5fc78880e5,0.01519121,0,0,3
27a92653a00658f76f91752f1fd88b93d8dfc7f8,0.26501593,0,0,3
eb5e737f8fc9640b948878ce64f1ab84455d982c,0.09372396,0,0,3
e57282bd9cdde1c4f707dbe111459b4f8e370bde,0.22888681,0,0,3
9cb3de671396635382b6a5052a67a12d752a2b01,0.24467629,0,0,3
c193f6556f7cba0fd7efc000653050457f09b9d3,0.023649128,0,0,3
b1e21c8a6e008439d69785e2244591b664ceb6ee,0.029389082,0,0,3
ba72be98b6cfad5268ef8208f21c17027e726973,0.0467455,0,0,3
fe95eebf7d6d34e843679b5b9368d9cf953f5002,0.06786466,0,0,3
1a3337262c7bff09eae06e3b4247f6c7133f8fee,0.027958224,0,0,3
6ed868d4d0a48a7f8d086c16e3f6c45c5a973a3c,0.0171,0,0,3
159b36e66e6bc64039294c7c04bd147a9888fdd6,0.04777037,0,0,3
4c818fb356563d9bb0cc01cfde94825aeef33ffa,0.03887528,0,0,3
b3fd2560172abe0a7cf78c89b461a50d97413fab,0.12855455,0,0,3
8b04e571945fdeefb75a6278c4a53c493054c928,0.10681484,0,0,3
2eb1586bf77efcacf701df14ad98d1d6a704a35e,0.02829772,0,0,3
d684f950c4a29d10097590cbe4346ad6e82e5e25,0.03807814,0,0,3
d4fbeefc52919ce6a50a95e80eca04492d1734a8,0.021739818,0,0,3
0ec653ec42dd2e81de51614753c5cbfad0d814b8,0.0167997,0,0,3
e3edcb934930f79aa7992bf5d4d4073b92a6ad89,0.13072884,0,0,3
7727c1cc080b9f9f1c082b7e8c050dedb992a33e,0.08038072,0,0,3
ad618b7af93994f0f597b98ed41a299902250c3c,0.03765516,0,0,3
ee1a5f5639d46b6ba3821d90845b80cb117770f2,0.043576214,0,0,3
2d00ed4676f637af5d81333d750c74e3ad185313,0.040832005,0,0,3
7c99c6234c7b403449420b2688fff3d516662591,0.048604283,0,0,3
73d69dfe8677210e44049bc1a2a7d1ff85bc1ca7,0.023527483,0,0,3
bafb7096f0518bb2dfc845564e821c94c9f7cdc7,0.027303275,0,0,3
c33d3969a3abb36b8bce7a8f1bc0596612868f6d,0.021427682,0,0,3
ed39f93348bec6fc6df694b54bdf9b70503404b0,0.027919177,0,0,3
5214f666185e28be8bb6a19bee96f174d62025ff,0.043301493,0,0,3
6c8caea3311ce08b6fa1bd2eb38054494faa2949,0.048740957,0,0,3
ed1d755babdeba49bf3912d2e3788d777293bea2,0.14789788,0,0,3
80b08f8c3ad0c9386447ba54e277ef31041ebf86,0.031535696,0,0,3
fd7506f4d78a5710f4a34145e6a9d55b7b01eaa4,0.13895337,0,0,3
a049083c8fd6cbb8129ebe9f1c0c65725e8b5d57,0.037399538,0,0,3
f4693f0adf5c9994127890877d018c4ba7bbca06,0.028352957,0,0,3
be1e92fa7936b62c044e274f2f44cb7fd43d71d5,0.030889295,0,0,3
b653182a8a6340296aba0b62bc0309489d5052f7,0.016957307,0,0,3
eced8829bfbc81c2e6c5b2272ecff0470af9c53b,0.42983186,0,0,3
fb08d55cbe50160fcd7184845ef723f813b7ec84,0.026862243,0,0,3
4f5a854b287fc4cd24cbd316c704d15d6f3d4ac5,0.037591536,0,0,3
68b92abce7b614fbc2c6852fbe8124c67ddbd4e3,0.028165216,0,0,3
9f363c0dae340911f0e76644f1536bf94e2fa212,0.50157136,1,0,3
0acb702f3e6a6a3900d75f2b1df2aca76e853f11,0.08472454,0,0,3
90509ce84e7d1c9f78ea0aa919ac373159fb28ae,0.039489772,0,0,3
9314193c8c6e08b1b6ec1f8d8ae1380c4b7d0585,0.03081486,0,0,3
0db8c22eb19a52d4f22cfa9413e677ed3d53428c,0.04009403,0,0,3
f8bd75d37ca12c5d49c1b628c33c0b45e2d082eb,0.014627214,0,0,3
3b691712fd2dc7251907912124de0954f0652f6c,0.018399997,0,0,3
e585cd0433ae4cfbc56e58572b9869bd0c86b611,0.14066383,0,0,3
da1a5fe00d79e1840b7e52317933e9eb56e88246,0.020498723,0,0,3
0d1c6168f4864891c2997b09ce014e986a649361,0.017784497,0,0,3
3eee44cf63b1ebb0da6925e98b3dcc6ef1e4d610,0.022119341,0,0,3
e58963b51e0f4f04750ebfe3662df4611d89292a,0.07811898,0,0,3
59c6e94d52eae65060b30fe9210da71bcd14665e,0.04109007,0,0,3
8ed80d9d68fb4c0219563a99f8026d8f8dd67462,0.06260389,0,0,3
ccda2db1619658077a07d577b7892d88f70c2d43,0.06644867,0,0,3
b2b8f4adc557e4ef1ee2fe5e0ab46866c06ec55b,0.06583397,0,0,3
52372e8f2b33596c1c5644808d4f7124830e3713,0.07382289,0,0,3
ffe13cfcca913a3eff9cec27f0a3ad2b6dcedcc8,0.3295988,0,0,3
d471da930cbed656eba9167316f809fec2597bb3,0.09839379,0,0,3
dd3ac288b6143ce6c3ca9cbf1f3bb93bd1e6e782,0.034837123,0,0,3
d323621656afd9c1a31ba8f607e7dbd3039efa51,0.0587334,0,0,3
42dfee86e39492a46e5dc47d5685cfaeeb6332bb,0.17667662,0,0,3
dc77a0915d9ceaf940067780ca09aa2fa09ef81d,0.033034988,0,0,3
64aa0558791501126ecd1bce65924874c5297f8a,0.041226972,0,0,3
64e8b87291e229df32a43922fe74c3c96502927a,0.021469986,0,0,3
a0eff4bffd88d6c0428c3a8132b3709d893142cb,0.014273721,0,0,3
42d42b2397bd4cd96dcba38165f59973cd04cf69,0.0390092,0,0,3
930015a137f6bc34127d7646b36d0550842fedfb,0.016049663,0,0,3
a270ff62852e62b5ac0f943a7e57292a72b77271,0.019293023,0,0,3
9f0d58985f4588981eefaca0408e767eff1bef73,0.30628046,0,0,3
8f346f9f1263b2fd5923abc0956134df15fd9325,0.15087514,0,0,3
ee851e403b5ab4b6b33713b08f9568e966ace052,0.021645194,0,0,3
55e8eac25d81f07bebb16d812c97edaf1393083f,0.35652918,0,0,3
9ae946c7daa09b20f4089f01202c5e73c5afb471,0.35498857,0,0,3
c8bdf60d1d0be609094e14054be0b9af0fb05521,0.025377732,0,0,3
9d4f2ba886b003980f2c37a4de7a3e6c3c701820,0.021772366,0,0,3
8713af90d540e7bb01f8ba1fd99f6c04e41a7433,0.024542011,0,0,3
cefe846e3e4a239dd568623346160ad41d7256ab,0.086822495,0,0,3
712ddb1e193967c27f5624485938e7de5d732c6b,0.13880488,0,0,3
992ab3c9f2855034f24ee3f7638f57126bc1cb93,0.10903025,0,0,3
b5eb4fcc8d325810297f10c595961d4eee528ae0,0.09846497,0,0,3
eed8a7adb3de7441751e846f4a75d110dd205f23,0.038916755,0,0,3
b9e2a97758ba6c007fcda160c4d8b0528bdbfebd,0.016991537,0,0,3
1bcfa1cc87889cd97e62a9402079f5bc70a0f563,0.15524924,0,0,3
07de4dd578727555bb94ed421498f455838b317d,0.07274911,0,0,3
641aa1c663ebead0189bf001a06ee56463070ddb,0.174752,0,0,3
b9522976f462687b0693b7229ba5c7faee0cb74b,0.021346113,0,0,3
be6789ced66778415184f6d36bf662704cbbd911,0.07288897,0,0,3
8b66a577f44a16e259ad5ba11695d20e7c3a9cde,0.51398426,1,0,3
2fd2a76110af7ae07712af01708cc00310af64ef,0.2909241,0,0,3
5723ce72d04c8ff7af8f245518cc48291701db0d,0.11189176,0,0,3
611c73889b772dab7315c952902d5c649635126b,0.037429426,0,0,3
c6dc370abbbf0b487a13bd7f564287a41755bf71,0.032871358,0,0,3
9e62a0e998eed0b5f7c0d7ba32c61b5efd287f54,0.10907913,0,0,3
059c468f73aaf76ee7118e0167142d556dd9453b,0.087205164,0,0,3
b5b45d3260bc83d2432566dfbf22f0897240bece,0.02437941,0,0,3
22daa5f1dd4396e94224841b3bf0e9f226e86695,0.024730034,0,0,3
4a9bcd0f5211c91c4c2f47313c8f8013d0dfe03e,0.028504498,0,0,3
864fda4370a8d1bbd942400dd899653fd5d85244,0.027251907,0,0,3
96eddd6ae1427222986eca344b898b3332792a01,0.10122766,0,0,3
8da9a65b6398931af18febe082299c5c4b932924,0.07112153,0,0,3
8354ffffce024a97ef5e05b7cef4a82c263fc07f,0.09883727,0,0,3
0ca8f9b9feb2d74c6373d1762b1eb4a6b1f7f4b8,0.32232344,0,0,3
13467cbc7f319f7f7e9e9185a673714736e77b83,0.018040648,0,0,3
e63c5361937cc2598a3cd030f79733cc8c22b6fd,0.016344376,0,0,3
bbf65339023bf627a1843073cab699ca1831aa96,0.014938678,0,0,3
56706c8203ed023a3d21784b6e7fab40375eb9d0,0.021038417,0,0,3
274c9c1d37a47ae9bc1cdec1b0b0e4189dd44845,0.062053338,0,0,3
b88b065aa955d7a7d8f74c427b05d2243eda0779,0.022822898,0,0,3
949d74737327f114ae97a18f9bb4a4f5626b59a5,0.03381034,0,0,3
51186c1def4ac732f7d8ac6efa553e676fb7b8cd,0.033718124,0,0,3
9f1dabed562e5953af25369121fa7fe221a20276,0.07328109,0,0,3
d86509b09672b874de2f933a511a1f74af6814f7,0.027238674,0,0,3
525d1fd7ca383b3426341c58ba9e2d2e886a59ac,0.07717063,0,0,3
a528bcb1ebafb1eeae14fd3e305f3636d6c04717,0.050589427,0,0,3
c4190304baa18d3a376c3c2232f45f63c479a5b8,0.09947334,0,0,3
bce159a0c905f673b8e0e4c9899543a812fb904d,0.104028784,0,0,3
333971caf33dcc05b6f714fada447e9417f6fdc0,0.049249966,0,0,3
9a6e25230eccfa131d40eefbc4f48a13ac31d640,0.23409821,0,0,3
b1c45ac691d46a8c609f2534d2adfa59c0599527,0.24016663,0,0,3
23747116069c150e26e0dd42d61331b1108e1e01,0.029435204,0,0,3
74ad2114700446837ed451f36107a056301a65fc,0.021001434,0,0,3
dc9032be284c70f53d8f9031cc90e01678a0e55f,0.16556676,0,0,3
6b9e6419fc944d3b5eac58187a6cd56e97328c2d,0.064066954,0,0,3
a424d2ff172aa3be9eb5155e732e6f61915d7b5e,0.016939845,0,0,3
13a119de0b5709d50214458482f249f5de2fd4b6,0.039394658,0,0,3
004d5e672e9b2734a4c27f0e20504fc615da3476,0.020718018,0,0,3
b6b59b189c1274ae43e844863c7a2468c0e16b4d,0.015746316,0,0,3
73733206b943f8a03d18574eb7585285eeef05b9,0.36765695,0,0,3
30681261f39988bb5fa28ded714bf52c21a60731,0.041388784,0,0,3
a784206a3ada24c0151d6c5f5c25b095fc260dfa,0.041856453,0,0,3
fff00791ed30f338ffc085f099be5517dc359261,0.46436512,0,0,3
6f129ef861152c94e953c8151b2d09ce9482dc68,0.046282932,0,0,3
b8ed8bbd5eaaa6d3e463bde3accffdf3dcbb77b7,0.6071685,1,0,3
256420016e2321dfd266f9a2ebf672516cc936ac,0.02396542,0,0,3
c4161ee29051c6e44773fd1837d2080489727dbf,0.15838042,0,0,3
06e7d46a49c5d31abca644fadc2e3ecf6f9001a9,0.01868665,0,0,3
1e8a31f417256b9f555b537a09c13f1135addbf6,0.23365885,0,0,3
2d79319a8d4a3ea256ba1bb6364c1330518134a9,0.019575167,0,0,3
2a491590568140349f776b2a63bcb4ce74d147ce,0.52781993,1,0,3
32080b32a4eed0719b79f4be332ff5a55468ab7f,0.02075676,0,0,3
3f66e516a7f5833be9c87911952465220acef149,0.2517514,0,0,3
2a069edb7e7c46ef3c1f56e8fb6cadb779ed2e42,0.14475422,0,0,3
963757362ab2ff0f1636008815549322fef1148c,0.019652423,0,0,3
485615107d09a9e83dc88dd4f89e6358f2351ea8,0.69604063,1,0,3
9f673d4da60a889ad5fefb6fadba1c40bb3e735d,0.02211138,0,0,3
1688a5a2444b3b636741d5675646b0b74820b4fb,0.023349615,0,0,3
284b6f5477838fce398036497e1acc206b1eaaeb,0.025271188,0,0,3
ffe28c43e0486d443234701ab9d791e703c88071,0.1198764,0,0,3
3761b5514470d3f06c9076b0821430d0c2cb2da7,0.16399263,0,0,3
a36442f0d08bb1a5b964b4c77d4c64eaf251c3e9,0.116330385,0,0,3
2ecede5902f9a132a632b8431a35daf5174e1a80,0.035417683,0,0,3
4a2e49fd8daa81cf2ce331c3a3795844e79814b0,0.022151763,0,0,3
90e83728aca598a545159168581f433e1ec1b234,0.040430855,0,0,3
8c44a71208f640835d7a205a7b6e58dc065d8dcc,0.021387333,0,0,3
74abd625bcaaffccddc3ca9faa1402b179c251e7,0.021267502,0,0,3
ea64efd6dc61cd9c9b1207d2da37fdbea14d6b50,0.32892996,0,0,3
530049b41c9f42e11144fbad4d1fec65ff0956e9,0.07889164,0,0,3
66c451d618577c1a1e1bf964ff990574782c3bb5,0.022143817,0,0,3
d08fa6d71e51dda58f265635ce344d272f228552,0.05096035,0,0,3
a10c6b01425a9c21cf687294bac43a63de0a0d3c,0.18657714,0,0,3
f9f92677a92ef76f92c90521904c20b8512b05ff,0.366562,0,0,3
6e710a1f78a4a733020a4b2d1f07b6fe4c6684f0,0.7597024,1,1,4
1f73722ffb375010e74eaa5b99004ad88df93bf6,0.8288091,1,1,4
cfa7c5e3bba0efbc88dfb2fcafb983723a1606bc,0.73521215,1,1,4
951b253fc38c09114d0fe273a3758a15c151a8b4,0.8711954,1,1,4
48055baa938695fa302fc8aa51a5a2df24c73fe7,0.44548735,0,1,4
a23a1a64ec883102dc8a3a2860c3b0d2fffc4134,0.71394205,1,1,4
f3539c7eb312b127122084279002d3fd238c9a17,0.35981953,0,1,4
7aa5ba380ef6aea0f2f594873b4c7378adab0f18,0.62995887,1,1,4
def1380280b9be6d166d3938ea4b0254e9b55dc9,0.79422265,1,1,4
9f70cf9eae15b96483b9f2daffd7d2b0521d56e9,0.30230957,0,1,4
5483ce4a46fa89b5a71ae1716de83220c5a6c7aa,0.87387514,1,1,4
cc06ae9bf7a1fb6cee46c40d2a6388ac05d3f5d1,0.6753136,1,1,4
7972f1ac1b85a5174c9f293ad98abc87edfe42e6,0.57281417,1,1,4
bd1c4ff86fa21358949e925274f5b8146f5d02cd,0.40692976,0,1,4
40aee3954ff7fbb9db6b367ae63e6b05dfa6199c,0.89507824,1,1,4
be2aa80bc371d600ab2230c545051ea6454577f5,0.7707416,1,1,4
08cf1d1fb517d9778fed6e1857a2b71df5c368be,0.76993567,1,1,4
afc1dbf04e163963fe32d080c889eabe3bffdfd8,0.8699996,1,1,4
68b033741b02c3ae54d649e858790732bc5c2d27,0.45786622,0,1,4
4f5d25205a9cec988de300a452d641a155406b79,0.16776253,0,1,4
2d5b2326b24fc18ac3fbde0bc01ca1def85e1b29,0.86196375,1,1,4
d1e97bc85338c563f4f732bcf917a08b3cbf4792,0.6263762,1,1,4
d40c01673e866c3c3b5b51bce66e9518924cc31c,0.5058707,1,1,4
5f7d5690a97b2ad95bbe381695638f0c7ca2c4ff,0.30268225,0,1,4
8d340a008767c5d954b7539e825b4c90eb15ab9b,0.7212714,1,1,4
46722e306a029ea5264004f5d2b2784757a2ddc7,0.8672236,1,1,4
84e490b66f61e11366b62efc42e64b60ae7db35b,0.62602735,1,1,4
fc939bf6838f4bf986e0b42fddee3df6712371a5,0.29225427,0,1,4
c66246c26429180e6a1d1a92499b8d2b637790a5,0.54538155,1,1,4
0be1e18d9e61a33d2c865d0555f1a65ae14833da,0.8485465,1,1,4
37f373401c3fefa832be0d52f617f0711b0bb831,0.70912874,1,1,4
c7d6d6fd0d30f0f98b87c0a2c50f653839e4e1fe,0.5066133,1,1,4
e02facfe1a2116423c826e66ae093de0f5e241f4,0.34256953,0,1,4
48c7a0cbe042a2e3d94fd30b49ecf86d68cf86da,0.9024796,1,1,4
6fb39861af2187d4160ded7e0a8a31941194e13c,0.21316713,0,1,4
5c798eb50aec6040f415b6def1912d4345f8310d,0.59474754,1,1,4
2e96cd40c91e1b40196d0d50a9e9c36e04b8465a,0.8927356,1,1,4
6ab9d41e3e9fac941966d877e57f54b49003a8a4,0.78947216,1,1,4
fcae8332d2a1b3a3fe0a971aee0493484e33a70a,0.602452,1,1,4
523d0f70d18b5496008c9063b9f6e9321877d574,0.6404753,1,1,4
020f71e5fb37fc3ea1f547dd466190910bc78749,0.7677776,1,1,4
72b9a7f37393ae20805b1c99bb95169d4354e4b9,0.8836516,1,1,4
2b720c7df037fc7d9b1b83d3fb6cb12edc6e8ed2,0.8820402,1,1,4
f00c70d865c12d1c6679d0982c31a7916b56bdc2,0.94060725,1,1,4
d1758567765117cd395ea47319d3acde7fc663b1,0.48917207,0,1,4
275870d751f909ed771ef6c1dbfc547d7cf106a8,0.77406836,1,1,4
a2d367db9446287c22821f6595217ec5180ec959,0.054158017,0,1,4
fe96b3bb16be25bf936daac1d004e579f1ca770a,0.0944391,0,1,4
ce8cb2ab13dfe6b68fc1ecbf7ae0f165e51014bd,0.37596077,0,1,4
423b7ab26233e24cbaf6aa21f2fe97b7671d1341,0.41123152,0,1,4
e80b85d504ae9fb64b8cff4f05bc3a3a4ec8f716,0.37921572,0,1,4
52811ea2077918a08c10634f3665972378781463,0.29572564,0,1,4
59aedc8a224a12f88f2f4ecd48056ad46fafb9d2,0.91344875,1,1,4
53d3e8ce790cbf01580dad2391e9b7691f5d6c3a,0.80566233,1,1,4
fd9a406ee4cfa64b8ff4e898564d20ad142a8765,0.6034354,1,1,4
517b8beb06f63301629f0ec3f58f6b667061d3fd,0.91581947,1,1,4
5c715cd84d600c0df0215846efaece2ab4673546,0.4686378,0,1,4
17222ad8ac4456d13440e6867d66e8f08643f462,0.40069175,0,1,4
dff4cea14174548f52d6fcc66c9bfd7a339b7336,0.64819795,1,1,4
08dc6300117b9137b6df1ad6b54fec47e2c310ff,0.92811525,1,1,4
02ae34d1d3f3c9f9c25160cb14c119958f25af13,0.2800251,0,1,4
e484646c60eaca1f89921db7058d8927302d7226,0.53441995,1,1,4
8e0e1c32ff1ed1da4f09fc9917812e6457e6fef7,0.6920477,1,1,4
7217b9d270e31fe1e68803c8e25b0a03869f1556,0.4143258,0,1,4
9ea5c69bda2ed1ec0c69c081e91b72dcf6a6e81c,0.8162274,1,1,4
14313cffebe7d676ee4716a017df7e3febae6f6f,0.7635415,1,1,4
f36294048060163b60cb5e4cf8a7bc09667353e0,0.052314337,0,1,4
83246a74940203e6c4a45ecf077df3c7c82d02c9,0.38938668,0,0,4
18c5b2536c114c86b810bb3ee94474fec596a462,0.06562221,0,0,4
a6ef8926ae451bf9f604f408f9ac8e2e8dac31b6,0.2174413,0,0,4
318df20fe7e123c4ed2cbf606287453c075fc7ed,0.046349175,0,0,4
2a0efba8fa54feff44b3ae87a68578d3a59c11b1,0.37994775,0,0,4
c02386113b1867f37c1328c308425bc830b5fe6a,0.06108308,0,0,4
c6e4d8c9f534d3e70e79bf718e40724d56186109,0.5607201,1,0,4
a57988b0e5e2a55f573cba66cf19b05031920d19,0.03244162,0,0,4
eeda726246f5d06f6520e388550c2041f0435399,0.09774235,0,0,4
02227560d99240c9c5314413a0f12235caec6c40,0.07277956,0,0,4
5b5ecff53b50a67179f6245bf60047c59f027e26,0.4615224,0,0,4
46dcd98ceb70720f96d4cfa23b001ff108bdaebe,0.25415498,0,0,4
dcbfc80c4a14b91194fc8b74760b079cc0a4ce42,0.31310645,0,0,4
23492711d234f2fa647bac46997e361bcf985423,0.6093885,1,0,4
f10279a29d47d389a31da907695673a992555adc,0.5035516,1,0,4
a39a81a17e11007503076d1fc7a78b5b0cf8d40b,0.040124,0,0,4
371dfcceb69200fd4105b5d60f2e0cfa57f7ca7c,0.057958897,0,0,4
8d5925b52b48b4c69934ea5c48aa298a2ec74e84,0.2553265,0,0,4
a30aafa016409048747fe9730d6f7892eb12d7c5,0.6057278,1,0,4
a3611513fc4de7234ef49ae46d646b0795ac7110,0.09802465,0,0,4
d0eb1d1dd1d9aed27c433d78a76962340fcbfc1d,0.22848602,0,0,4
2e7597726743c34058cf9ad6c6ba5839ff9ec4dd,0.046251416,0,0,4
1ae9dfaf45e0a51ee7d604551f7e1932d1787975,0.36065197,0,0,4
e83ed048d46b0a55c651bfa3207ac1747a07ba00,0.06444431,0,0,4
1c2d56e8a91b0f64317a9e02cfd4b45b03d3019d,0.041083384,0,0,4
2cd92aa6e3f44df6b0552a28b83022a7f92f8946,0.4268385,0,0,4
79ad715f02e02af76da0c6e47c164a80768a01ab,0.13077867,0,0,4
e5b948a1687270192753993c998d61c7a91faf49,0.17695715,0,0,4
c9bb30e8910cae0682e9cf50619df778abddbc59,0.24446392,0,0,4
b81a48d78dd9be1c3eae57cece4c88df92c30247,0.06119137,0,0,4
0b873b95a840f8cfdb51f4ceea3b524d46d20715,0.026417058,0,0,4
f11bd7cbff7ee68afa55dcc6baec97b2adaf43e1,0.49449235,0,0,4
d964c73d749538ee7ec7b3cbd96a2ff1dba201b3,0.05336799,0,0,4
d82bedb44d79b652ecb94dee6003257c5b09d9c3,0.12012282,0,0,4
fc390074467c8c1f1dccdde93e35aae38a57bf4e,0.021174962,0,0,4
4be08392978de39ffedf1688041bbf546d7b3a28,0.39859533,0,0,4
9b2d76e5c7c950e17c3a7227a1019d10b9ec44a2,0.049806364,0,0,4
99e257660ba7c6cbd5f85850ff040f63c577f04e,0.032993495,0,0,4
e350a38760c93e373562d6a3e906df5904250146,0.71257323,1,0,4
660431cf4f7e2bda887a0e35ad3a76bdccc14110,0.09640319,0,0,4
f65e9aa63f8f266023a986507834585a9580c555,0.061703328,0,0,4
535cbcd9f20b29b3c5a5d69f654cde57969b3788,0.06288847,0,0,4
faffec9020f9a9f82667bad8e519662d1e850927,0.073211975,0,0,4
2d650f890ff1409f2944bc56cdc4b518b35e06f5,0.071782015,0,0,4
0367064bb686100fd518b88e0bfcb1c41fce8818,0.68399245,1,0,4
1c4f7bde1c8f7d8c0e09484daa626fa4f40e38e6,0.07474092,0,0,4
ac11ad359369119624b1733fc3d242f03d941a8c,0.056281514,0,0,4
b9a22fb6f6f460287993d3cf087ae5ff036a6c21,0.05946181,0,0,4
14d6a09601b68f60e6b18142b597a6890e5d581b,0.021386137,0,0,4
54fdc54dd24c9ece2bfc32ca12e88545ec923a96,0.026483973,0,0,4
0ff7c091143e8326eb88dabce078ca76778a587b,0.10678089,0,0,4
a759e78d4d486c05044204391b3037b7db052fa7,0.06682921,0,0,4
32ed6601f216dd1300876719cce837bfa9824e26,0.13550721,0,0,4
7df11e15457e8d8bf4e5730d20ec2412c429e091,0.09166733,0,0,4
d6c57d547c4c0ed26f82bb20966780a136a55ad7,0.042514592,0,0,4
7a6d566a42b441d0c34c8a11c8b953ff9ae3b2f7,0.3481415,0,0,4
50e133fb2078edc9abe79fda3b721eaf28409ce4,0.056683425,0,0,4
15f7f84678a24533e42f2fde230c5f68d1b33035,0.45519215,0,0,4
2499f70cabfc8d17f2c6de124a81fc0940a70fa9,0.6097863,1,0,4
ee6ae79be8d0303db4bf48a948bcaee46b329fec,0.04931426,0,0,4
6526a5e83c1fb9644da34e44fdc5a3bb8a357c84,0.39491984,0,0,4
e58b5d453fa5bd658522a2b0355b2bb3597b6320,0.5213318,1,0,4
5904d90ade8663f5552b51036740352a9b796892,0.013298742,0,0,4
7011ede6cf0710b10f97f56b6e223baf8519a0ab,0.29838046,0,0,4
42f704c86bbc636c314bc6dd6d20947055f3a56c,0.26162633,0,0,4
fdb75911387f77912c37dcee0af4a2f2e0977f3c,0.060978502,0,0,4
538a97b115ba4ea44c57898ac7c4fbb77fe0e9b7,0.58121026,1,0,4
01ecd7c66d6965ad54e0180c822e6a5ba4731c10,0.03699479,0,0,4
fa0478f4f6fb724233dc3e00a9f8dc557ce7cdbf,0.34542328,0,0,4
33753d4afd864c8db0044420c642b8f0c3511756,0.45124412,0,0,4
dff5581168e78c4e7707637f07700087278e2a03,0.36005238,0,0,4
a0e27ea42a1ba71400bbf9407d099018fd9e31c7,0.020191645,0,0,4
64a64f5ef90dfb4b3b862d0943437f11e35db938,0.40592912,0,0,4
b8cb20968f5a3f1a0c9c38fae680e8df14ce82cb,0.023078203,0,0,4
88b9c3081d701bf6203ebbfa25c97277722a9c37,0.087572314,0,0,4
8c5a4a7bafc3685d433ee277fad060e8b046e920,0.39240956,0,0,4
58f50814635aca8626c8628ab49891ba7e2226ec,0.32132524,0,0,4
c7a78e629ce207c7efdecfec27f9d076e9d946c4,0.15461388,0,0,4
ec81d7ca5100fd97fe8428db02a2cdde967ac87d,0.6445601,1,0,4
1f978b638712eb9b3f43824bfc1e95a3bb70cd14,0.104984485,0,0,4
81c40b9820625d3f529b116baf6b4a3d45dd2f75,0.28529218,0,0,4
2b085ae34295d5ae1d7eaea5a55a2df220bf1bed,0.06117841,0,0,4
e06a9f676caf67933f778313ceac8ef23d0e47c2,0.0973723,0,0,4
d6a354e203e4901d3eb6a36b3aba620fdb222da7,0.056850746,0,0,4
bca350df1f52134e8543774dd5df4c5dfae357cb,0.67243826,1,0,4
39ee22556bb13ec9ac64bbbafb94b1a042058432,0.06441105,0,0,4
37787b96ab21fc226ff267aa26ae58a58b2d20f8,0.017511575,0,0,4
f2f704eabee027175b0c1eaf934c08e7721a9b24,0.25987154,0,0,4
9b2d0e390912a83994dec719b3603daca98790a1,0.07815831,0,0,4
e1fc87d2d57c2d7ee941e651f33b582fb000dd73,0.020402282,0,0,4
18b6de93c21793547c2317b28854c96f68fabf16,0.037704542,0,0,4
fa8f024d082998c7ae48b21f3eb6f8f2ca56a719,0.6360811,1,0,4
a295e82baa22958b57ef4d9e2d8bdd186a3cc686,0.05093907,0,0,4
6bce493e47fdac9e64a9ae1cb3c358f31975a43a,0.18879874,0,0,4
9daac904cbc627e4a43e72f72159c552b25caf74,0.19410902,0,0,4
fc743aa9d6e88ca0741c4a1715eae08e86b29285,0.064163685,0,0,4
658d5a97c708a926b0425585f9437a0c1fc2b81c,0.45037064,0,0,4
db695fe90b181948f271e4970ec83d4de9348577,0.32295844,0,0,4
9c06ff87decab7357d44d8766f6a277ff887d921,0.4350619,0,0,4
198d448ceab2bc061d18a1a689056bd2b96b76c5,0.018854382,0,0,4
8c27540ec037a8eadfb3403f3605b34d4e4ed0c9,0.03718222,0,0,4
5b39e092699f30553a12547b943380c6271f736b,0.07180177,0,0,4
46b15af8c5fbfb026be350ae16eca89fcdc87aac,0.014396599,0,0,4
70f4b5549622b0ccc70bd2087700c510f10fc6f0,0.034755126,0,0,4
61e203c962890075b3ac52d8a8309144c80a23cc,0.8733454,1,0,4
51cd2f37a67d1d6a2c3e97a2a667d3881b9f71bc,0.22885865,0,0,4
b7e86cdd772cc47a031d187b79d075af8155c2e0,0.28348374,0,0,4
198e589e62f687a91d4c27057ebad918e9f9bf3f,0.451603,0,0,4
fa510146c09a498e25e590ef5cc558074337fc4f,0.41945547,0,0,4
e5841c2092b5587c73990f6bf62b7ab17e208156,0.4560944,0,0,4
5d5f09ea371d19fdd9e487a5ce45a26f97fe9b3c,0.06819982,0,0,4
191939dee130a65161cf4822c303f98d4ac0d300,0.022064133,0,0,4
31b26e74569478f57f7eef05d6c12236d8498f25,0.082656406,0,0,4
5db07bdcccf727ec50d8d7c85740b52b3c5ae362,0.070853435,0,0,4
badca06dd1c70207215c7186a31955901b637661,0.38496688,0,0,4
1e30aa94791f6fefcca779f047667f3e42260be8,0.08020929,0,0,4
883157b93e4ee9f827446930303798d22d35f888,0.13260323,0,0,4
6f8302fed2a4ae538f2733baeadd08e7eb835e08,0.085692205,0,0,4
9029cca391c6cb2e6f77ea3d6b99bf60644fa446,0.29329214,0,0,4
91ac1574aae31a29baf883d2cf45e4e1f5aa9bbf,0.54642016,1,0,4
82ca28e2ec8fe9771f01b5aab3386311ecab80df,0.14907832,0,0,4
9f8120beb6b351608652002e057f97f8f6c0dfc3,0.5726299,1,0,4
18061ad1fc81e68636ba24bb79e83c67247965b4,0.020377165,0,0,4
9e85ac3f0020165b008c111682e47c1cc135bf7d,0.016056178,0,0,4
069d003efc343a9a2d627d5805431be5d88e5344,0.9134917,1,0,4
c66b23747627a2b432e0068561d457cab9f97ead,0.1547839,0,0,4
a6a5e3033d424468cbd3a6af051aabf3b5bd4d00,0.7652216,1,0,4
ff2f32b914a5486e4f4870c6bc6fae14a85fb086,0.40249258,0,0,4
8d851390736dcb916646b043a5ed7ff8f212e37c,0.08223585,0,0,4
2902a9a3c07e881dd7aeae0a55189facfab1966c,0.05699421,0,0,4
86d1c40475d6962e6ad256f248636467bf0a58cf,0.6508267,1,0,4
fe487b3336f8279d8b74eff05c5ebfe6e01281f0,0.13349824,0,0,4
3e5c9e3cfe8588f85ec8dcab879c1371901b94ba,0.5003115,1,0,4
3076802a78f14eb1b4f23831d5a1ccec79b26554,0.2980611,0,0,4
5063d256221e7fe8a8c433401bea988d7ccb0a35,0.43582225,0,0,4
750dbb845b51219655bfb105331c4ad1907dfc6a,0.6400311,1,0,4
a6b9ca3f71d44dbe2562e13d63e4b30fcaccdf50,0.2894411,0,0,4
81fec3193ad12a0f78eb021c4a1548484595860b,0.47710124,0,0,4
902a680951f318488a4bbe0184a3a223c5709b01,0.3550282,0,0,4
b84f786db6d85cbf9973adfccdf135cb71824b87,0.52419734,1,0,4
a2b5c7a9aa0b5f617502bf6003d43913d507a11f,0.7868204,1,0,4
571725cb7bcf091b5457f1e2a857aa51e8a70f7e,0.07159969,0,0,4
c95e6a35b21bc5bcad2ac3a2d2d58843959b52f9,0.6530357,1,0,4
f6322b7fb747b6a6830f6f331e836690adb95067,0.12573487,0,0,4
10118c9c1b00d31868d6ab43e8171e3c16efdcfc,0.074190766,0,0,4
ee94e6d82370b6b6086cae2693dc2fe31388fb64,0.6506933,1,0,4
6d2e199e31f8109d21b3865cbc45b34d8b725a03,0.30728808,0,0,4
dc58a824466ed492fc6d5ab11960eb86584eff26,0.6240751,1,0,4
56c04300e8f05bdaccc2ec60fc751c09d86b7b68,0.44222143,0,0,4
03542311e2a461f0324ec700e98e78b5540bcff8,0.022389045,0,0,4
4746531428aaf9e3ae7d505b5a203350d138ea41,0.40400183,0,0,4
05b14fd01e43ab8a385bcfb53102a270ef2d9375,0.6013607,1,0,4
89a0de6a8968ffaad64422377a1fc67da93b843c,0.5306456,1,0,4
77868bf772a03d61701bc0d32dfafea63a0382c2,0.38084254,0,0,4
83fcd3e1e220b9f3aacc63aeb4da0a898684dd0b,0.05975187,0,0,4
dcde20001063fc25f622e4b1c7775f735a7255f0,0.017174697,0,0,4
82bd5be8735c01a767fc3ebc3eb92369ac68302d,0.6428664,1,0,4
e1188f368087ba4bcfada44d645e4f8661d7f9b2,0.45383534,0,0,4
2c03505da053d07cd3f729692738912bdfc2a5b7,0.63045883,1,0,4
05a457b9a0e8b1e7917670de9ace5572b9ab117e,0.049332324,0,0,4
12d3f281814ad5be2d1012b9ea41781414724529,0.67451555,1,0,4
da7d5df6de444468ebdb4b79ae0d0dc3ac90b59d,0.03925938,0,0,4
5240c8825896997f0845e354a51b1ac725dfe06b,0.1454766,0,0,4
3fd058c02a1f8881110409be33ad56d3af6386f6,0.2453086,0,0,4
12e1aaf5f6df97584e795b5e2cfedf5c5f180455,0.052754782,0,0,4
bb3ddfe426cf4ff5390f742d35bdba02a4ce7624,0.36011526,0,0,4
09b1a632c17b34650d2bcf748be14690c9882e52,0.24758083,0,0,4
537e13241a7ffd99e5a3676e574e3cd9ea9aae03,0.083478086,0,0,4
7b7b37726fb328a6d796b64f2947689c6a8eb3e9,0.19706373,0,0,4
f463013f34a5c5c61b7dba22c9ed4096fbd3b218,0.057578713,0,0,4
ac266c0e40b5d09f9f9f1e300f358ee1532f7aa5,0.084917806,0,0,4
9967600bdf3b856f00c9078282847d76410140b4,0.08738361,0,0,4
d19212c03ec7eb82e37e11746bac7a064738b686,0.05464648,0,0,4
c4bb60046de9ffdd1cf07cfcdba201df06b194dd,0.22444059,0,0,4
539e1ee1d68c27defd0aaad09a1a0b68e059de96,0.017696958,0,0,4
8ff6e5a90f725ce7acd56f2c919221d8c179270f,0.05604757,0,0,4
f6377533645ca415addf9e1c428600e10053d72d,0.5240764,1,0,4
850a888c546bab897542a2d89ff76ca9debce0ee,0.043796577,0,0,4
b308d598b603056e3ff7e8d53e099b677d4e8d38,0.023697503,0,0,4
d8c3ef1363fd2c9d88df1093db4fe04340bedec6,0.022761872,0,0,4
3d30c8ca715492e11c5c7d196668d5dcec1bcbed,0.062220044,0,0,4
da69323b29fe8e373364b9399bc67523dcf2af62,0.013381828,0,0,4
c1ad21bf966d01dc5cceca82f102c0f7843d5617,0.023702115,0,0,4
efa756288e712849c78c4230df05c2d1abeba91e,0.06762747,0,0,4
2f757454dc41f4d130234aea68b348da4f12a0fa,0.81581134,1,0,4
36e99429c22af17bcc3ecf6031ed531055aaada2,0.06113816,0,0,4
fbbf092e4986635703bf9a3bfd57d4f639c86095,0.061996635,0,0,4
1f0c99d0e012d84863e6a818facb143c9f03fac3,0.080300204,0,0,4
baf03a919c75822d1dcdaa7ffd460ec635b6a50f,0.23202936,0,0,4
096c5bd0c1674733aee8822dbceecd069935472b,0.41667578,0,0,4
007939d9fe34faa83d4b242dcc37d2e1894c4f09,0.1585312,0,0,4
24b5e00be753889e4907473ce57271acb290cb67,0.16523911,0,0,4
7f293a06a0b7ec9b554d51f150991efa9b7dd54e,0.066027015,0,0,4
95a524ea06e546330ec3d95b9c139b7edc599b86,0.021814736,0,0,4
a9880a18fe1c30ede7b409093dbc4b5c24042d33,0.06960941,0,0,4
8b9f2d5177c849b37809ab38035e1d757d963314,0.10162579,0,0,4
8f35a1d28e795833e6a095ff55ecc37f3db882aa,0.12936407,0,0,4
314dfa80d4e815ba3c689cd3ad0d508209665bf6,0.065263614,0,0,4
c07d659cf8f7b16452472da6052a1de326bcb6a4,0.061369225,0,0,4
545536e34f180edd32fbb21b0a5613e6407f0980,0.059997305,0,0,4
fb3ccf60e9a2d55a1abe8aafe38e45861e7a8eac,0.12084034,0,0,4
d7651dce4016976d41d71d07d9f5e7f4bebda902,0.19052139,0,0,4
3cf36b8cacd27557e0af0695c2c827f82d29d6e4,0.12980096,0,0,4
973704dc1c284a148c989e3da92a546bd0d2af0d,0.16280662,0,0,4
3b28fffbbac2a707906e35c7c014aa3eecef3510,0.05027226,0,0,4
225afb8bad88c9bbb70b24d9ac3c28fb21f39465,0.41609484,0,0,4
1c23268d775b1d10c5f6fa55cfd07965949cf036,0.6508491,1,0,4
9235380f05e88de1a881950cb21a3d254585d5df,0.75864446,1,0,4
aed63ae84f10aa758a905d5827994068edb71e0d,0.06415741,0,0,4
041e9565ab8b187ad0b88780a5fc0a5ea24f29a1,0.14829087,0,0,4
0c0ee3551826c822646c8076ac138c97d8db3071,0.7729281,1,0,4
d9665bfc1819077c7a41d0c132a27ba4b08d94ea,0.79923886,1,0,4
c4828bfd09ea8c579fa8840cd77733c64b8ebb39,0.016214482,0,0,4
4b6e0bd179c5f728761c953249b6dda4d33fe18a,0.060089182,0,0,4
c871265452e473224b3cf4f0f66497691b75d7b7,0.055776916,0,0,4
d0f7f364ff959a69ab961eda69956bd42bc17815,0.8223105,1,0,4
6607bdcb3ba69d2ab4f41be6292cc5a6df6365ba,0.07523026,0,0,4
dcaacf4cae54fe199055830f097d4ed504b3238c,0.020834751,0,0,4
585a702138f1cc87df3b41509cc42ad34b6acd62,0.043115206,0,0,4
6f22f4b49c2a3a59840d28e6cbe0c37a56ab1f90,0.23687692,0,0,4
d4c3cbccaf05beeb11712294ef4dd0af25d9d0f4,0.07783971,0,0,4
1a283ab1be5b495f5be8cf6c2ab2b96453dd32f9,0.81072944,1,0,4
c0ccd54005c0fd2e493c9faa280061b9487c5f96,0.07185127,0,0,4
41fefde64401d2173ff019a896c4dd72b4fa5636,0.42528152,0,0,4
080e96a6cdea2f5fe8727b8249044b89bc54395d,0.13423656,0,0,4
497147e3e6ba0a50c32817e14985ca5bf1041f9d,0.05423565,0,0,4
40708bdf04dae6aa49bf8f3617f2efc16c83c5f8,0.06795179,0,0,4
84ad767a87c69a265e9105c51efdd87ee57b8635,0.018886358,0,0,4
366fb741f0772c8309f9dfe963f6032b091d7b89,0.08523357,0,0,4
f0e8d41fc8cc746ba9b66b72646db6bd8b25c6fc,0.17304645,0,0,4
df5930892d9c6eda392b96bdae2e7afd342f7866,0.06286797,0,0,4
f4237388ea9b93278db12a43c9db9f18e51b6f7f,0.21834432,0,0,4
a9dd1573eb0edbfa977da90dd3bcb1863451ec2a,0.05128776,0,0,4
08fc7320de07cc41318fc7505a2f3ccc2a6b04d4,0.14113383,0,0,4
cc7509b7578f0edcab46177cf05b1bb7de8fcf6d,0.6074204,1,0,4
0cdcb1fd8df9e9185cd3abb128d927d25d7de8b5,0.55116093,1,0,4
186fd10776a0fd576d5deb733af654c7e20b3f30,0.72603285,1,0,4
463a2c89c3840c35ceadd786a6b1781e0e8fd5a3,0.11806564,0,0,4
3c047a1e700c4e47c80745d0e9145578b95f36be,0.05556179,0,0,4
9c14146a98888377702bfb217dee1dfb6892ec30,0.042702504,0,0,4
cf15c51722dd4b406876dce1ccd52eea787d84b7,0.59682727,1,0,4
90c42ec03e34dc63fb0b62bae4e8e7671c47cb31,0.064174145,0,0,4
b691f81b482175665b45cabc056e58ab0df03ff8,0.019829258,0,0,4
ab8b608744500c6af9933df5977a2aa054ac3c04,0.108903006,0,0,4
fc8ef4d22c95b13b907ed14b19cea8ff5fd1e653,0.17736909,0,0,4
d2e4494b4719f956babeae65c0f6ffd340a5e234,0.30246177,0,0,4
ade1bb48431ace910cb718083b39ee333f52401f,0.07181642,0,0,4
8054f746bbd6191f5a297cf6f7f26f9fefaba307,0.018628426,0,0,4
6b610aa411df723b59d4b683baeebd5d65e356b7,0.07339496,0,0,4
e292769f29748054e1e364ee3e7d442c709447b6,0.27598244,0,0,4
fa21d6f7e70f057c42d4af9c40ed47d3d841e5b6,0.13413312,0,0,4
bac647543497f0aa2a9f92fe726e1eb18631b4cc,0.32084367,0,0,4
cc6ace18900eb92606b6a312cb1ac5c4ab5f435e,0.34833267,0,0,4
c947676916c99f2feb5e183aef9629a1b21d863f,0.6526978,1,0,4
1f3dd9ff8a4f8302eb4c0bf4072d2bb7d8aeddd9,0.129789,0,0,4
ca7f64f016d8354aecd38ef73405e1b3267ca791,0.06518276,0,0,4
06005610265c342b52051b997a43ad6e963c5a0f,0.1244435,0,0,4
0c0845e95cfc5d4bf0909e4ad86be9da5b00b277,0.38390622,0,0,4
3ac2567bcab0d108d52160f9dda91464bbb594cd,0.61821747,1,0,4
4272bf28b26cb1e4bb33750e938fb02e97caf2ac,0.6847921,1,0,4
1029078559eec0cc515e2a9ad3ed18c83bd00dcd,0.67742527,1,0,4
5c4da82785513c3a904726e3207299e75e290d75,0.0615073,0,0,4
46c7cba7d0aabf179654a0a1c423343552e40210,0.061243154,0,0,4
9a686e7388c5ded097e6c5ffb1554ec2461113c1,0.12613961,0,0,4
709c7f71e5be2eab1164ff580c4682d797916c20,0.4504301,0,0,4
579410e7f8d8b864005253e9350b1e7dbf362421,0.3632781,0,0,4
d86ae886e0f261171ab9cd73f867d86bfcd84d3e,0.044059463,0,0,4
4e2846d5f453b1190b1a6fe73e804ec726d072cb,0.052726846,0,0,4
5d7896111816441de05158671897406f6476baf5,0.04610939,0,0,4
4a8068579ea5bf1e637f8bed09a203508abde315,0.02083496,0,0,4
30c217ec400b9175e9490807748ec3e48fe2ba22,0.021860953,0,0,4
d80acb29c04a8e92a3ddbc539b0be8a521098870,0.01833955,0,0,4
2f4bf4db63516297d2c695932fb65fdbc360558f,0.033433776,0,0,4
a1236508420e902ca672cac736788a19d49aba40,0.8899414,1,0,4
14bdf34a9bb5f2b93205c2972d54889d4fd2aae9,0.7970821,1,0,4
da461de2db180f85c628552eea1a3a92ff94c8d7,0.78409195,1,0,4
47061a88cefcaaedacd1d570699f30a4266c23af,0.03425299,0,0,4
e43138b0b5f0912cb358c0e73eb6247b273eba75,0.017016804,0,0,4
1b84f2ee7a41e8ab12faa73130187763ee5858ea,0.033209886,0,0,4
12aeeec70feae05a87a5adfe7b9c2c63744be37f,0.76244926,1,0,4
4b5ef21ed6104befc80e1dd501f964e7ca6f1ce6,0.31491333,0,0,4
c6c1971ca1fb5054a0847b0884488165606bd703,0.5357898,1,0,4
68e0a9c71443738b1842e99925d37bf545f5a151,0.45422387,0,0,4
1d3567f3051682dd0ea8406a3f605cb5c42de27f,0.4453388,0,0,4
7ebc8107a22038c06c0b0ff095f9f73d854e1422,0.17739493,0,0,4
9003b5b5aa4465e84c934819f45c1ab4365dc51c,0.053778786,0,0,4
ae27582d1ba0cb6c2b18d30a81cb1b82033069c3,0.57190657,1,0,4
783276d948afe1c69b6309be9d1e8828df0ae9fa,0.72587323,1,0,4
88d3eccc6805ccdb122b0acd50891229646b5ec7,0.19073799,0,1,4
2612035deb0c873174123b5f841ef6edc00261b9,0.8384828,1,1,4
3b98bf44eba7958f12faa33cc0e5635b33fdf0b5,0.8039566,1,1,4
f10cb0ae4f7e395bff64990f94cf32ffa21b668a,0.5742178,1,1,4
5bdd4dc1c46eb4949be1a41161ed12aac21b2add,0.5665928,1,1,4
d0db7f2df94c68120e72de479c773dc77d359f14,0.58673424,1,1,4
210ecb5015a870f2501ed23eb7a896dfcfa981dc,0.34900212,0,1,4
0efde604a26e730631ae8bece0d1e137dfcfb5ca,0.45993143,0,1,4
5d23a96a09f7401ee5fdb9d5b1fa2588e8d6d2b9,0.701978,1,1,4
514cdf8f1ae0ebff29e600e4888928bb28b18345,0.28049192,0,1,4
21fb80f02c177a99cccd69899703424eab803c34,0.48853612,0,1,4
5755533ee0d4c2a0ae42825978bb97a141823b5d,0.0140093425,0,1,4
8c1ab0dbbe2ff8aa733fcfeca774ae0dacaa6ca8,0.6546914,1,1,4
dfc6dfa3ed711d08678fabf98fb70bdf1170820c,0.62458664,1,1,4
998fc42b9a73b7cef079fcfe99b1f36da210bf6c,0.54212457,1,1,4
ee5885049faf1933fac107065874d54a2c6ceea3,0.34954092,0,1,4
fd19235ddf3b1e0290fa06e67ab30eaef2312cf1,0.36467963,0,1,4
5dce7b8948fb6fbc9951d2815ab07620ab77b1c1,0.5448229,1,1,4
96531689d341eb26103356410280447e94529b5a,0.7206973,1,1,4
fab114fa0c0dfff6c3541fb08de6c261dc5710cb,0.2406439,0,1,4
acf6e75f21c004eb498a7317e12c0bc3e491deb3,0.17162289,0,1,4
5035d291aafe4ddf3de657ac41ed4f68521c45b8,0.5384155,1,1,4
5b7d3f5f4a40ad6e0ccf8ddde120219ba53cb3e6,0.7728946,1,1,4
c3f8825c6b07812567c37c2901fd13851154ae85,0.5000233,1,1,4
007ccb24ec4b6f9b8480ec0cfd9bc1894bfdee0e,0.57149196,1,1,4
10a33f30954af3ca26ffd8eeaab1081cb0e8a360,0.40624306,0,1,4
3a771aaec8b8c7f991bec11db5d6c7c572206550,0.14161998,0,1,4
b985d79f12b7110e9b1e13dd437b25ebd40be551,0.23688185,0,1,4
dcf38a0d2a49b6b96c557aa4475f734a6ab2dc02,0.19193266,0,1,4
9720cbf8b2b6595f79e08f2964c53e47c96324f4,0.3990956,0,1,4
663521121083c36fbff550f23fa14bc74b73174b,0.67449087,1,1,4
c967c45dda15afa1ef018ed262d4749d3cf7a1dc,0.014351081,0,0,4
c0b20c88436ceefa62fa46d96581d00068ed82e0,0.08579597,0,0,4
32245cc39c025ce9a55b094dc90c2e07121b8453,0.2805015,0,0,4
4832020a4536cf042f0c57e391ac988be8c34786,0.23531541,0,0,4
be14171c38d4056a0ee6c0f3d9f89e980b0ab1d6,0.013135672,0,0,4
e2b5ec79fcafdaff9f017853620ca2a6ee224fdf,0.011280781,0,0,4
e36edf93c3759561110185fe4c70828b2bc45570,0.31516084,0,0,4
a3dc5a0af3c951e78bbcc65a24280368d8f9df96,0.014449625,0,0,4
d38e655b40297b019841baead8dab939cfab666f,0.011004476,0,0,4
98d467455efde1154658fce4f167c8b0d8208924,0.054035984,0,0,4
5e6c50f762e5962382c3facbe638c0bae5e94382,0.0100537585,0,0,4
b66ff17a80c4909609fdc6ae26ea756edfb2f788,0.011001804,0,0,4
870ecd661de26988c206c95ae805cb67f4850946,0.010456477,0,0,4
06b9c1c9fc4a87b97edf865827fccb725e9bc598,0.012222856,0,0,4
41edd3fe866ed84011e1f5e5c2edef9513729dbf,0.013809917,0,0,4
f4af86529dd72bf046a14d1ae3e871fe2e78492f,0.084327295,0,0,4
3794d76fc988731e53e36954794c8dcdebc6b91a,0.009606126,0,0,4
004ce99853502341d572ccc952ad6627e7aef7e0,0.22742064,0,0,4
1946c07f8aeaa2307ff828943dd1d341c426d2f8,0.012108544,0,0,4
91d4a41281e7b4134ef8946bb693229301719115,0.013313154,0,0,4
8090863a37bdb89c24fe2a38c4ddcf4cd5dcb3f1,0.0155947255,0,0,4
c6eeedbeb8240cc9ccde667c61c3c5f8266805be,0.25143522,0,0,4
036ecdffae37f5dcbbbe9e7f7626de5eaa9bd932,0.011798862,0,0,4
7e8559b8e3f84bdf1acad71e4ffce4a448a436c1,0.013164811,0,0,4
25123334009c01f8b7e1130e9f966e5c8232ecd5,0.0117811235,0,0,4
015f1362ec11ec4c30c49514b42b25d862eac90c,0.013305665,0,0,4
f23d57eae35b5f0ff44109065e303a743fcff109,0.3407417,0,0,4
911bb2896267c57be1d584bf5057cd5bd1dad471,0.010139893,0,0,4
3a073ec934c6aab347c2838e30d575277f4020b6,0.034506697,0,0,4
37b133e015182287496a85cec1912f07c768db9f,0.016338496,0,0,4
e8f28efc5da4334832e5f76c5cb3894f3180c09b,0.29538125,0,0,4
1170e40d193ebc027f4c21c6548c23326c70b465,0.012174758,0,0,4
1370689d55a2b86e1c78a869fe3b38a11ddfbb36,0.009724222,0,0,4
586071e2d4bd1ace41e78cd89c4da0aece46f17e,0.012220059,0,0,4
958b8eae6d3a9ecb21db8f16d579c4b1fd3132be,0.00856963,0,0,4
b05f76a77b155ac2b0ba6de83af8873b56c024d3,0.011653687,0,0,4
c1566ae386d4198066220465c32a131c76c5105f,0.012296251,0,0,4
e471ce1b2b5684ad376d5f4fb54d19c0a88d8c97,0.01350954,0,0,4
a63c727aaf66c154bb1590c5449470b38b8263bd,0.013355512,0,0,4
4d9e906a21d2f0428b57f95d473ad526edf43a18,0.009318813,0,0,4
12653b4dad46f5612270c89f048ff74ef348c666,0.011721775,0,0,4
2e4676f3a07f459462a3ce058b660b82750536dc,0.23405616,0,0,4
f571fe507adaee60b91a8f18a9a29e819bd93272,0.01014063,0,0,4
f4f34a8bc81dff4922a027d67c54de3309ba6d83,0.016913107,0,0,4
3b1fd6e9ed559254660adb634859466b3f823625,0.013728716,0,0,4
d03932d4cdd43ff06783028d8da2c463e38e72e4,0.2747143,0,0,4
0ff0bba8387bd5e2237691be296ab93cd955aae9,0.3141496,0,0,4
1bdb4f08c7587a002527f4b3e3db969edde84f60,0.01215634,0,0,4
80e349bc1f2337e31c83f39092fcbdb3f517529c,0.009230589,0,0,4
f422e89f9243cb8d96bdd09865fc0e590bd809ff,0.0139689455,0,0,4
7756e29894533e1a143496297b9414ad1d53e92c,0.008906206,0,0,4
c5142c38927a7321c4d3ae14b0e34975d51a784f,0.016633749,0,0,4
87e198768339b82a74387db0d3546f509ac117e4,0.08808538,0,0,4
08f67d612fef14178aa5a3617c215eb23e0d98a8,0.15061899,0,0,4
790b1d02406384de43461c179149e2c12cf079bc,0.014000711,0,0,4
deb54fdc9f0453d42005c1b2d1702d1eedcb829b,0.009387508,0,0,4
8a49d020da51b457b161de75c2c4fa786ff63c75,0.013391615,0,0,4
a887d014e70f4dbbfb5349658522f8a4de7c9e58,0.01295144,0,0,4
b90cd29f3c12ccc160c9ccd78d38e0e40842c6d4,0.013658801,0,0,4
5a399d9dd4b0db1c67f286d1e62afd1ffacef6e8,0.053880967,0,0,4
cfce62427386671fb8d29c4810bbf627fe79785f,0.011103846,0,0,4
e0faff9555dbd7720426a75336d018b9f214616c,0.4862596,0,0,4
80059048841a8e5058e1e4b249c94b6a4b5c83e1,0.011332384,0,0,4
5e826b61cae5778e077d7474b323e13de6e1fece,0.15316013,0,0,4
c96270c1ab7e5f2e7da77efa89fa34b400294b4a,0.01412598,0,0,4
facc73f8abec77294a660c54d2a495e7169cc790,0.030855844,0,0,4
a1ccb74de390d944bb83e14c6f7662db7a246c6a,0.0115970345,0,0,4
761d859888d28aff2b88aff24b1d421c0591cda2,0.1819359,0,0,4
c86d19ed1f6c979ce953f8650085143c9854958c,0.06832459,0,0,4
cbf42b56b7940e443156e50d3aa02eebd9395702,0.014699634,0,0,4
e4b1623c37283d97319bb308c89914525e7d5587,0.014497762,0,0,4
b49bb6713e6f6ccf8a96d3ee2e08480e982caa4a,0.037979342,0,0,4
2f29c4d3b869c10fd73062a72e5ea7d13aaf0170,0.014293511,0,0,4
39f8ec0a00690367a887b17d3985cbad8a2e40da,0.015297236,0,0,4
485946e15ed24c69b0dfc2f384a30571e0509d83,0.011865129,0,0,4
e63ef41e8cd356d46bd04f75bd1e51bdc4522b18,0.023839412,0,0,4
881237af27ce4f7525470a7bd8b06e990f29e19a,0.012083475,0,0,4
6368cc0b6e9baf91d1a5bb603f4ef637b23219f7,0.006960363,0,0,4
1610213557426151394bc46a75235e76fa855a80,0.11468236,0,0,4
02cd7b198af0774f58949d322f9ff4c1ac2a899c,0.067010395,0,0,4
fcc08bc79a3e0aae892852181fbd4ee264c1bda6,0.08710102,0,0,4
d6d786a181cee72df79c36dc4305cbb16f734088,0.02156477,0,0,4
06d226a91b3d6696c816f1612703804a4c3ee7f4,0.011925861,0,0,4
7ac015c17a073ad3c16038d2b65afc6c1d6bd455,0.012634903,0,0,4
1ce0ae86f4284d340e71def34d2814e59f8d5a08,0.01343015,0,0,4
e9011223d20acb1a441202d0af11fdc9c22467f0,0.24149351,0,0,4
16f6dcfac6e126f617f36ea3de1ad2912af2fd06,0.012190022,0,0,4
821f876ab37c743e25462c4de32d08ca11a7db11,0.016676584,0,0,4
4377cf2cac81344dd9b3eaf93646faa2f38efa12,0.018924596,0,0,4
84061841f359d13264c90b208f024e658aca1a1f,0.027342806,0,0,4
7f573be1bcbccd4e3220597c1eed2a83084cdc62,0.2244204,0,0,4
9b63cfe4269c151de0d3c4c2c8d3cb9c229a1bd3,0.07755845,0,0,4
4a8632e1362b7d64c31b3239dfed64e4c5270d7f,0.0810894,0,0,4
54ee0b3ba45361c040ecba5974df27e96f60229c,0.055701118,0,0,4
cfb17c0fbd5db32b93915a8dfe16c5952c47e323,0.04552153,0,0,4
a0f1d58cbf23bbe1936de6a6cfaf8705e9f212b9,0.042997953,0,0,4
280e0f23518ea87c53f62a6af0379a4232cf24a4,0.3278907,0,0,4
c7c5ed326ef3608c476d82057620f8197be27384,0.19975726,0,0,4
e4c1ba5d08674c750b07362283dd383396007c5a,0.13074139,0,0,4
e59c03ea61222307a653aef3c0f078cf54f85c63,0.19846673,0,0,4
4d68f9fc446c494e24a1cc823c531a0b509e9da8,0.011904445,0,0,4
0f5078fa738ff0366f67415db9dd6c79963bb241,0.008825622,0,0,4
bf90499fcb1535818f30757feb8f134ecdc10f5a,0.11319141,0,0,4
388866ac8030f13bc878f42b18b9f2f028c67fb0,0.118951224,0,0,4
8d738b2e00dbdbebeacc2bbdb6a426818db54c98,0.110756695,0,0,4
c7433b2b803ff4092b1654cc40f04cdf30de2392,0.22087625,0,0,4
8664d0ea0da38e000161ccdf6194f95bd8a5e48a,0.14270987,0,0,4
514525c6a44acc2c58cb0e3e62fceb9149ffe489,0.06710159,0,0,4
da7e55cc7aac7cb806699d234dbb90a455c21502,0.035784632,0,0,4
6913193d33ed83bcb98cbdb94ce410069ce2513e,0.010862954,0,0,4
7f65af524d6b7fa43743a3c5593c3c57fee3e9d6,0.22961955,0,0,4
a76743a390e6750a59f9494ab338cb1920bc35b4,0.18581493,0,0,4
4493ec15a72045bcea25a4c6c9b4858ad5448b7f,0.12766522,0,0,4
2f7b1a605feaa7f846e9a7cec7ac9cad9aa4b990,0.016476156,0,0,4
a243755cd2cdd3451d095f89e919c512c44eea9a,0.0666344,0,0,4
3ab9eac33a1dec0e98009d3f20b0b7ed41e3efc1,0.01313213,0,0,4
55595e71e145a7b63488751ffd6a485e1fd41ebc,0.012612521,0,0,4
a216362a393976500b515efbe08e7d96c688600a,0.013771875,0,0,4
846fab062c1d8750325b1cab596e23c9bd86938a,0.012536737,0,0,4
71ec042187560a8f958dedb932c85715c781f998,0.32458216,0,0,4
14e2700a20c792a6bb7f8dd3a72c115e55e1bde1,0.012060091,0,0,4
cc3c0a92368f8976ec3f611bd36184c37f14c15a,0.013036653,0,0,4
effd9c047ee58fbde47590f83549031d4f5c06fb,0.022487912,0,0,4
ab39c78cdbbde1a27176acc50353820540d8bf5f,0.40598541,0,0,4
b38a7411945c7a3d9c907f23671d515bc2a510ab,0.011159957,0,0,4
94ef347a55986d30dad3e2e9994392108af1bd27,0.036176864,0,0,4
48a42c69db4be8df22bfb14b431ee34b3c809573,0.0128164105,0,0,4
c7ebfba785ae7a0055b57373046b6004e5df6856,0.014344816,0,0,4
768964ad6f8a34151d0d9aa1a24235d2efeca901,0.036029782,0,0,4
f329571a6754551b0a173598b707f73140fe58b0,0.087493956,0,0,4
3b610d3ab52bafca476d23ca4e58a3104ff20d85,0.011611183,0,0,4
77d022ebf809753274bc365d657a505815441a3e,0.007990875,0,0,4
a6b025dc4873d164edadbbd0a2edfeace2b03258,0.039421532,0,0,4
17eef65fbfd22c6a851c08f23c6e6b10cf41b559,0.37527257,0,0,4
301e60c29366209467458c4394519aaba6f430d8,0.010306574,0,0,4
2754e2cf8a402b104c11e229234b3539bea10395,0.011435355,0,0,4
8847d1c226cf80bd2163f4592e8068f5118e459f,0.015973888,0,0,4
9cd808291f752c603d3f87610cfde2f6eed86aeb,0.014105281,0,0,4
0245d66f72e0645a448e2d03a7b957bcc18d919f,0.009896191,0,0,4
0c883a3f6e449ba18b255b9560b7a2be1cb9a6a2,0.33706835,0,0,4
6bd2ec752406b9ff8160f2f2904ed9a379054536,0.013984257,0,0,4
d68bef420a6d4043f9c63983541e93cd6de2d644,0.012665176,0,0,4
d2274baf423727ab95cfd07e6d8c8a20a73b49ad,0.009278414,0,0,4
9e28136f6f68b7e8f0dac8a8b03999af929afd01,0.47233072,0,0,4
40ce05bcd36af111697b4421e00cab34d45c81ac,0.013577474,0,0,4
9d84f5ad707cc7a258d5b11ba3a0ea2615f92a13,0.011952554,0,0,4
b7a88c79524a840d8733c6cbcd91e22a7f2f7d1b,0.01151377,0,0,4
023620083e3bb96ec11254adf47ccb635c4466ae,0.040116657,0,0,4
01d5fbf81c4faca84dad8f8df3ab59a286ab0944,0.019959398,0,0,4
43b165b3c5e1cfb53d5f64037a3dda636f613765,0.029586144,0,0,4
50227a7359afba0f475453a215424403b4ed54a8,0.18625568,0,0,4
0f2e465e41e249e105dfb4a30242f1925988d6e3,0.18325762,0,0,4
321b6255fb626fb72e99c60f40424f20644d7586,0.034480713,0,0,4
1f44ef2bec5a7ea3198e0ec0ee9616a3d84400bc,0.077730544,0,0,4
997f50595fd7b2df1730c7d4f9a0332ae9aad9f6,0.011605412,0,0,4
3af8e6e23b211cd7d564b4d32cd214987131183d,0.2616309,0,0,4
55f62e3f0a761ba60300f70285d10b038092c36f,0.065608434,0,0,4
4975496a3ec2c152fb48a7b681000447c784d336,0.008433344,0,0,4
eec9248006dd30d2a52e3ee47b5328399b2debc7,0.06980652,0,0,4
9c3b1ac386c73ec6a99c84958b9ddef9e7d335b3,0.011285627,0,0,4
0c6837581dd42a8b972be6a9b2a5c6364ec1d5d5,0.09501953,0,0,4
13d0cd190180c7af98d81c9ed6457d745e2c7ae4,0.26490295,0,0,4
102a2dd7cf9b947100359af15f99d152998d299d,0.06392357,0,0,4
3824b5c6c63d86d3d2323cef9ddbfeb7709a268e,0.034888297,0,0,4
ad08eb7ef257615742e8059b514acb2f218e1b84,0.13630663,0,0,4
457104106870b1c1cf99c6b87fd9041eceb8489b,0.03416483,0,0,4
46f6defad6eee69a7f1442fc6ae0e75e4fc60b60,0.014869649,0,0,4
1e879df46d5e93a4aa3b54968ba3252b78d4b36e,0.027258582,0,0,4
8ae65923e3032165b0aefea5d18442901011b0a4,0.055074133,0,0,4
18d765cce74d0bc5abfa1d1512bece48fb906dc1,0.04994431,0,0,4
23e75147fb87cc95bc9e2ba7ae7177b4347a6711,0.070381284,0,0,4
103d2f753fdf5ebea497d1e20fe7594e54f722a0,0.0075377855,0,0,4
49dd2fde4339254afb866ffaa48b3f0cdb6bad2a,0.020334333,0,0,4
694392ece7e84b75b05c042bbf2306b24e7f1867,0.02109112,0,0,4
f776baf25bf0bf8aa1132b810f30fff0317682c5,0.19868834,0,0,4
b9b966d59f5942c7e6a4b6beca34f58a8aa1da48,0.047445107,0,0,4
4ef026525bbf5784555254cc8d181d9c9ec0a1c3,0.0139489155,0,0,4
36dad1bc2bc92930a2b8082f7c4bd9d7ef9cb108,0.014895472,0,0,4
b91505361004b229f30cd0f33d1fe7618ae7bb81,0.027531879,0,0,4
6dbc989762cd1d0a01c2c56c8e843d21ecd48d37,0.029542478,0,0,4
76137770309d1ff3c0059d88378ef4ed55975b9c,0.13619307,0,0,4
6f119f1cf67f01c8a4895ec2a0cc07125085d689,0.020901155,0,0,4
a09b2760079b2752500d8077ceb832d6780cc3e0,0.12414301,0,0,4
c2d79d798c34620095ed02892f4d9162b45f95dd,0.07894423,0,0,4
b1b14eaa68572560f65781c2371ac579bcc45688,0.077751614,0,0,4
9e399d4e16581a3ef32cc0ae2373128cba197a34,0.014946454,0,0,4
1b7dc86bc021caa391e578a81e99b089b30c341b,0.1249377,0,0,4
d3cb4b9fcb0ed137e3d96d3e93bed54071aa4091,0.10306832,0,0,4
d07ff5721890702b62fc0f327314b359f9ab2393,0.17843236,0,0,4
1da3452ab2710543161bbcee08f5c7dbcfa1e4e8,0.119059384,0,0,4
8c2acdda4b9b5d1e0cb2929f5369b511c3bb5e6c,0.04841883,0,0,4
0a0b9694379b74e49e66371104676757d159859b,0.02040624,0,0,4
ea76a05b00b46d47a28099154eb36509ecb19549,0.01752075,0,0,4
0e56d20ea9718d9f74598f1f3dfeaa301f71d5e5,0.042987537,0,0,4
605f8233b6f2674032d929deee2afa1f6b1d8300,0.047734205,0,0,4
44de79b1ab7a21a88d6928d7a482ec43f69de8c0,0.07751442,0,0,4
dd157a51aee6f1ca5bcab03e08c1ac9854615c8d,0.039693885,0,0,4
29ac8c6331c9819b98e2f76a27017dd939fc4407,0.12079948,0,0,4
6f54b5df2f260da8dfa9629a170bffea045b9f94,0.07196439,0,0,4
0516bc683eff01ab32a09f7b6dab57bc5725579c,0.009734638,0,0,4
bb888c9fe658940fd0f4d0c02d06a279bdf74304,0.00810052,0,0,4
620a30da02016e54a36e73c3178ce8ed4df494dd,0.09254544,0,0,4
e148346fb50e40cf4e0ba7c2b95603aeda740c29,0.013489574,0,0,4
6b873e468b5cae08c073f7d7816912a78db40550,0.012214702,0,0,4
4bbdb3b88c5f833dea35d6e611e66e43772f21e4,0.0113211,0,0,4
be9e92bc4439a6e0cc85365709370dbadbdb6180,0.064461134,0,0,4
52f6e7f2eec773f8fd94808d3e9bbae105cd439f,0.04782684,0,0,4
4d9a5876938afc1b6e882bd4c340f433d25703c7,0.015706223,0,0,4
07a18aea27165309f0e7c2c3cbfe3c328af52098,0.015019967,0,0,4
76b15a177b49fd32aeda89bea24090f79d03375a,0.02334256,0,0,4
11ffbb9a156266551aa7e2d7ed1569c4a0700811,0.010317893,0,0,4
d277ba88ab4bd34e19609b21c2494b1fdcd680bc,0.066489644,0,0,4
003e712952fb081b7eaf1ea8579a20f7a6785069,0.011714885,0,0,4
c53b31eedc0623cfcfb2e326d4bdb961e7d1ea5c,0.07625469,0,0,4
9712293bdafda3927b73e832d04ba8641946745e,0.12749752,0,0,4
20aa1be7d78ef0d3bd0b42b1b596b2815b1560ac,0.22224513,0,0,4
2d247017bcfba1d2565fe286b049cae5f2e6c950,0.010732235,0,0,4
8f98b4fcf487b264e02f9bfd09ce90feb22f82d7,0.010906396,0,0,4
ef143df014ca39660005335d94e99120b343c06e,0.013743445,0,0,4
cff3fa5afcd61b7fee6f99cc8b1698ee39b3a2a3,0.010394375,0,0,4
36d421a57dafb2e8594792d0d3dd3ed37081ebff,0.0119988285,0,0,4
fefac9e889da2e7a01e88f9403035c647920c7c7,0.14136545,0,0,4
cceda0d8eea21145c4ecaec7d69538e3bb08c177,0.011177931,0,0,4
7f85fc5b987d69391d8530a2ecbfade130e9f55b,0.009128419,0,0,4
fe7d944731edd714f7d37daefd6eea2f0a3dca20,0.009706735,0,0,4
b5caa8e8c8821dd30bd3c95c62ed0a5ea14acb88,0.00901428,0,0,4
df285b05e8c988ac20f685c7600c6e9469c6dcf1,0.009539677,0,0,4
60e0cbe87ad7038de3e47a954b301a00154b4ada,0.020356305,0,0,4
75b2d209c5ab7d1cf3aec51254fe93056aee2135,0.011355905,0,0,4
1f207424031bd81af858ffc98e64152b3ce2f22c,0.031925216,0,0,4
cf9cbbdae44b88a7cc982765bed085b434f4816e,0.38956186,0,0,4
00d9578b74a107e3811c407ecc3da2bcdb166f81,0.030843196,0,0,4
3410aed6696622cb6b7b8bec088f9a92ea55227f,0.024058044,0,0,4
8d34352d3ca40ccee76e1473d3e132f7bd8d4a62,0.032664057,0,0,4
f3a8208d7c69dca84bb2e9e7126831f83af3b1e9,0.010204593,0,0,4
1761c73c6c3162affccc9879eec0d8af6ce27149,0.38526842,0,0,4
d042d3592e7be9e7c0f9ebb0f1ac8f12db6419ee,0.029458635,0,0,4
67407f284b52a672fc49db793f10e55cae20b90d,0.010845262,0,0,4
bea5ca1141531a4c2c14c4059ebfcf0b00862d42,0.009995119,0,0,4
5544b5af78ba07308f17e37915c2c919bb143870,0.014732835,0,0,4
19abbba0d95840158ed7804c29a0acbe36dc6249,0.014988381,0,0,4
05077ebc87ff764cfbec2be39fefdab7a149eeb8,0.31159675,0,0,4
db9e5beada39ed968d166ded6d9b0cb89c4bf5c4,0.047830008,0,0,4
57753e16dabfb23c415610dd37907b809b267c5e,0.010731947,0,0,4
0e1332c0fbc630c9f34ec7ee6f94e8c29d73eaeb,0.011611768,0,0,4
2e9734b128f1bee856bc73a5dea7e106c04442d3,0.009992256,0,0,4
1c543973e93f01249a7e879cdc3f30c604895462,0.10218481,0,0,4
a3fec41476ade3604519145f929e68a6cbef21ff,0.010880101,0,0,4
a3e6680f935a0b6533563c0b58d41a217996aa93,0.011589888,0,0,4
a23dfda185b8414033aa2350c75fcd56a0911728,0.011150615,0,0,4
33469fe1be59affd9b4a7a9562dd1ff4862323e1,0.007870582,0,0,4
f21a3793d06495214fcc46c081ae0c663c272ae3,0.020220814,0,0,4
d7437c79bbeba415523c52488019cca0f5cbb7cd,0.010176601,0,0,4
8c3a9eacc52d8908130a29ea7675514decdecb2c,0.026494129,0,0,4
3791b9e31a48899a3aa8a317982bf1dc27a11662,0.02022122,0,0,4
76f63549524946005a34ff3eab3c30ae2a505e50,0.01306351,0,0,4
a04afd1f20290d0097b1ed9ef2a4f476e0b79ac0,0.016864983,0,0,4
825419f9128cb7bd01ca31b0179bff96bf1a5ce5,0.025745736,0,0,4
6215969d2a1f8d95667c208af868758c8636c234,0.090505175,0,0,4
79f997c1d6976f5327cbe5e80676a65245d961ac,0.25859174,0,0,4
4ec3674e06fd98a10de28be7ba6c6036e64116fe,0.1454612,0,0,4
6eed45b023ff3c609ef423f28fc87b42d0614f79,0.028488567,0,0,4
002e4de0d68ffab9af339283f02659472a1febe7,0.016368896,0,0,4
ef8eb3d269274d2e6e4915875d027ada1efa0470,0.11866646,0,0,4
78b8d323635b47f68a93da04f04d221f3412d9e0,0.011401789,0,0,4
055cbd0d42dfec901c7b2532f7a71f937b1d4756,0.026810793,0,0,4
771841e493ddd9839a4c029db6b217fe19968148,0.17711525,0,0,4
39f6f7fd6333da2b983f7d9001a7a51f31fa9434,0.20196676,0,0,4
6bb1b9a7bcf9d4d1aa0f4c12bb0cbb4cf4e2cc71,0.27671525,0,0,4
4824774675ec1a2c9e7b1469dd93a6bd09854210,0.41007876,0,0,4
09e2fe28c098908ab80bdfc68f5e971d70c7ddaa,0.020010477,0,0,4
e532c2a634be7155b8850332a4b637107ed4e2f1,0.01677252,0,0,4
2522714052507ad525f01d6f95184476a7adb756,0.06920828,0,0,4
f9d80e5b2960b3cb4f9fcb25b106eeda3a0c1f9e,0.011008747,0,0,4
bb17cd79c44c4462e2f3a2ed91dc44fc8bd3ef77,0.015292183,0,0,4
717800fc588389b143b5c8ac20a0289a9217715d,0.041034244,0,0,4
3644942d2fa6445b6a24b2123fb812d50611915d,0.39743656,0,0,4
4930140ec6fdceb7e15d31afa45243dee7d1e217,0.012522671,0,0,4
0635f7f27ec605303b7f25182e091777d38c7955,0.011838798,0,0,4
ee61bde4e14fe5d1f63e0f1b8e52011b5fb57ed1,0.016454473,0,0,4
3bc576a7e41c5482dbfddefeaa99e696f34de50f,0.011114102,0,0,4
21a0e874cf3d14cfcef60d20b97e4c81da581788,0.007988335,0,0,4
742cf80acfc8eb4cf9c0f08275725b9bafde8d2a,0.013795144,0,0,4
02b1f0040f67e7817a2f1151360b3a7838aac870,0.009153394,0,0,4
be68400d3001b6ab81f1e6d2e957a45d8ee7de44,0.008536732,0,0,4
0471658da03f5b01537153a72c0ffa7132709900,0.014729633,0,0,4
bc69f94466efb770e78d1bd89a8a1bd460fc437a,0.18388596,0,0,4
861f6fc042985dcf07968f41b7a97155ef00fbb3,0.010866776,0,0,4
5303d7cdae954938e6aadc32d3e0c89a38c30463,0.17394648,0,0,4
5eda1d70605f3407bcae58a77f2c92266e91815c,0.68502456,1,0,4
11b374b0779e6ff3e67f0e03c940b4bac4eaab5f,0.01313414,0,0,4
fe8f43befbdc5241d8c0c687d50114f4eb77fcef,0.014082277,0,0,4
55c4afa6abc98c0c9a728a7772c9feef0de3c512,0.12208811,0,0,4
ac114d2fc57319200607f7d88033fcb936ef5544,0.18124951,0,0,4
6a85ac15cc0e4ef99834e68bf479c0dec545db45,0.011719082,0,0,4
893a67efdf4fd2b02f5a7b1d6e3a22e10bf969cc,0.0077456944,0,0,4
7a4fc498fbe96e83af20c5d0576c42a761fe3d95,0.012744541,0,0,4
3e438a80fc5ae21862125b13e9ada9b5c30d27cd,0.074965194,0,0,4
15b4031ba94a60f20b854e6ce2c7964d77086387,0.04564564,0,0,4
543970edafd3f8e08d945612d09663060718ae94,0.19895235,0,0,4
4b7c4908277f5777b5495a83d2782ecf39306432,0.35254997,0,0,4
a606523ee9b6715ad4d976c8a507fbff964638ed,0.55809337,1,0,4
80e4a06124a712fde81bbee093ba2ddd71851c93,0.4572323,0,0,4
454a82cb2ad2853544e641c8c80f5ed34bbeb1c5,0.013123309,0,0,4
a2bde0190da2e32a5925df5aae1f2c37a4498bf0,0.010314632,0,0,4
82cde14a4d72b13b5ff5e719f4c61b1673d643f6,0.30016977,0,0,4
3d4233823d8b4de30ac2047c713e3b76dfdf40c0,0.070766345,0,0,4
f9dfa3fa6b9a28439f1226c202c41df9fe2e4380,0.010676006,0,0,4
c50da916c252ab282d978da3f114b81d91ec2912,0.25287238,0,0,4
e0bc1afd7878a91fbc30e79941af8a797637ef22,0.015879478,0,0,4
aa75d3aebeb30d1bb3ab0ecabd60201bfb3aaff4,0.079928346,0,0,4
774d1801e057326b61461bbc9cb479319145f811,0.019061292,0,0,4
76f12abd9d81587eda4c50e7816c75607b4b23ee,0.023554156,0,0,4
9900d951d41ceb438be79b2bf1822aa6cfd1f37b,0.048495047,0,0,4
f6dbdcf3acc3009f3ae17d607a2ac898e804395f,0.027830344,0,0,4
110084e432a04d061d71768c23f500f283081e31,0.14774457,0,0,4
656abed01d37434d69881ca1292dee710209bf51,0.050725233,0,0,4
d6d2307a9ca0ecf8c540b3bf7183de5d550ab099,0.06711317,0,0,4
801f4f4b10c788212d555729d5eed92ee1a02036,0.055916358,0,0,4
5fa1935c52f3866f0675e9fd64bd04d153b9f225,0.24937591,0,0,4
d728087751d2e6f19504876d7a3f40ee7b1f4d28,0.085920714,0,0,4
e0fc7b4dc80a31bffc8c8f87a2fe4153e6cd0cfb,0.04932585,0,0,4
5b743d5e7270fa41de8b4fd6ced0d82a6e38c38a,0.35767138,0,0,4
dc565c4fc02421b58db9c0f0cb9bfe767d904216,0.10366791,0,0,4
ad56c3889328fed27f021bba3f071f676fc4ffe0,0.03422347,0,0,4
47e13b0fa2ca7fb11e52abd429d538c3c9ab07ed,0.056926183,0,0,4
97c6c963e2045def1f19c650f638b304f6464c19,0.03366876,0,0,4
9200911bf40a2bad68477e54b0e9554e4e8556b0,0.015087246,0,0,4
0b7369cbb67e46586e9e031c693564ce7ca583c7,0.09708856,0,0,4
2fdea0d5f462d48a97aaca3b987a716ca2934f24,0.12307515,0,0,4
2645862ccff2183b731e7d6f1a66df6f2b04a99b,0.1652272,0,0,4
27df5e894a2133e122ca7e78c5de45d26f7210a3,0.05721146,0,0,4
619aa9bff4055f51df04f5f837605785a998e9b8,0.048998587,0,0,4
4c55341a48427f7bc0ce30f0699c673f7e69f63d,0.5497185,1,0,4
27ae87a59cb2f0d06ea21d4a886f3afb9a14247d,0.40677053,0,0,4
962128ce971b2edd3fc9e4a85b417fba01a0246e,0.28560966,0,0,4
287254724ea66841b932fb5f6d8cbe37b04eea81,0.22605783,0,0,4
