commit_hash,prob,prediction_label,true_label,cluster
6e710a1f78a4a733020a4b2d1f07b6fe4c6684f0,0.4858311,0,1,0
951b253fc38c09114d0fe273a3758a15c151a8b4,0.6387325,1,1,0
f3539c7eb312b127122084279002d3fd238c9a17,0.35718116,0,1,0
7aa5ba380ef6aea0f2f594873b4c7378adab0f18,0.47196025,0,1,0
def1380280b9be6d166d3938ea4b0254e9b55dc9,0.59471154,1,1,0
cc06ae9bf7a1fb6cee46c40d2a6388ac05d3f5d1,0.5159773,1,1,0
7972f1ac1b85a5174c9f293ad98abc87edfe42e6,0.3523136,0,1,0
bd1c4ff86fa21358949e925274f5b8146f5d02cd,0.4057359,0,1,0
be2aa80bc371d600ab2230c545051ea6454577f5,0.56292194,1,1,0
68b033741b02c3ae54d649e858790732bc5c2d27,0.36366668,0,1,0
4f5d25205a9cec988de300a452d641a155406b79,0.43928006,0,1,0
d1e97bc85338c563f4f732bcf917a08b3cbf4792,0.6058942,1,1,0
d40c01673e866c3c3b5b51bce66e9518924cc31c,0.3473363,0,1,0
5f7d5690a97b2ad95bbe381695638f0c7ca2c4ff,0.27073625,0,1,0
8d340a008767c5d954b7539e825b4c90eb15ab9b,0.6209802,1,1,0
84e490b66f61e11366b62efc42e64b60ae7db35b,0.5525394,1,1,0
fc939bf6838f4bf986e0b42fddee3df6712371a5,0.23510192,0,1,0
5c798eb50aec6040f415b6def1912d4345f8310d,0.42589965,0,1,0
d1758567765117cd395ea47319d3acde7fc663b1,0.5999779,1,1,0
517b8beb06f63301629f0ec3f58f6b667061d3fd,0.59004766,1,1,0
5c715cd84d600c0df0215846efaece2ab4673546,0.28648397,0,1,0
dff4cea14174548f52d6fcc66c9bfd7a339b7336,0.5730888,1,1,0
02ae34d1d3f3c9f9c25160cb14c119958f25af13,0.24416134,0,1,0
8e0e1c32ff1ed1da4f09fc9917812e6457e6fef7,0.61193615,1,1,0
18c5b2536c114c86b810bb3ee94474fec596a462,0.11642356,0,0,0
c6e4d8c9f534d3e70e79bf718e40724d56186109,0.5089703,1,0,0
5b5ecff53b50a67179f6245bf60047c59f027e26,0.3147438,0,0,0
46dcd98ceb70720f96d4cfa23b001ff108bdaebe,0.28629646,0,0,0
dcbfc80c4a14b91194fc8b74760b079cc0a4ce42,0.287341,0,0,0
23492711d234f2fa647bac46997e361bcf985423,0.58076173,1,0,0
f10279a29d47d389a31da907695673a992555adc,0.7069296,1,0,0
8d5925b52b48b4c69934ea5c48aa298a2ec74e84,0.2590366,0,0,0
a30aafa016409048747fe9730d6f7892eb12d7c5,0.37817767,0,0,0
a3611513fc4de7234ef49ae46d646b0795ac7110,0.32328537,0,0,0
d0eb1d1dd1d9aed27c433d78a76962340fcbfc1d,0.4776642,0,0,0
1ae9dfaf45e0a51ee7d604551f7e1932d1787975,0.29304147,0,0,0
1c2d56e8a91b0f64317a9e02cfd4b45b03d3019d,0.18508665,0,0,0
2cd92aa6e3f44df6b0552a28b83022a7f92f8946,0.3656738,0,0,0
79ad715f02e02af76da0c6e47c164a80768a01ab,0.23082279,0,0,0
e5b948a1687270192753993c998d61c7a91faf49,0.33757454,0,0,0
b81a48d78dd9be1c3eae57cece4c88df92c30247,0.2944162,0,0,0
0b873b95a840f8cfdb51f4ceea3b524d46d20715,0.19458146,0,0,0
e350a38760c93e373562d6a3e906df5904250146,0.6070728,1,0,0
660431cf4f7e2bda887a0e35ad3a76bdccc14110,0.26399538,0,0,0
f65e9aa63f8f266023a986507834585a9580c555,0.053307097,0,0,0
535cbcd9f20b29b3c5a5d69f654cde57969b3788,0.05745302,0,0,0
2d650f890ff1409f2944bc56cdc4b518b35e06f5,0.07006797,0,0,0
1c4f7bde1c8f7d8c0e09484daa626fa4f40e38e6,0.027841443,0,0,0
b9a22fb6f6f460287993d3cf087ae5ff036a6c21,0.1710007,0,0,0
14d6a09601b68f60e6b18142b597a6890e5d581b,0.23372227,0,0,0
54fdc54dd24c9ece2bfc32ca12e88545ec923a96,0.22229725,0,0,0
0ff7c091143e8326eb88dabce078ca76778a587b,0.3565408,0,0,0
32ed6601f216dd1300876719cce837bfa9824e26,0.29632297,0,0,0
7df11e15457e8d8bf4e5730d20ec2412c429e091,0.25513262,0,0,0
15f7f84678a24533e42f2fde230c5f68d1b33035,0.36120883,0,0,0
2499f70cabfc8d17f2c6de124a81fc0940a70fa9,0.4307768,0,0,0
6526a5e83c1fb9644da34e44fdc5a3bb8a357c84,0.48747838,0,0,0
5904d90ade8663f5552b51036740352a9b796892,0.041678507,0,0,0
fdb75911387f77912c37dcee0af4a2f2e0977f3c,0.06828587,0,0,0
538a97b115ba4ea44c57898ac7c4fbb77fe0e9b7,0.4223303,0,0,0
fa0478f4f6fb724233dc3e00a9f8dc557ce7cdbf,0.3574559,0,0,0
ec81d7ca5100fd97fe8428db02a2cdde967ac87d,0.4402696,0,0,0
81c40b9820625d3f529b116baf6b4a3d45dd2f75,0.17650397,0,0,0
2b085ae34295d5ae1d7eaea5a55a2df220bf1bed,0.04710096,0,0,0
d6a354e203e4901d3eb6a36b3aba620fdb222da7,0.07939939,0,0,0
37787b96ab21fc226ff267aa26ae58a58b2d20f8,0.095120564,0,0,0
f2f704eabee027175b0c1eaf934c08e7721a9b24,0.42813087,0,0,0
e1fc87d2d57c2d7ee941e651f33b582fb000dd73,0.084652655,0,0,0
fa8f024d082998c7ae48b21f3eb6f8f2ca56a719,0.151808,0,0,0
6bce493e47fdac9e64a9ae1cb3c358f31975a43a,0.29297474,0,0,0
9daac904cbc627e4a43e72f72159c552b25caf74,0.2741904,0,0,0
658d5a97c708a926b0425585f9437a0c1fc2b81c,0.487787,0,0,0
db695fe90b181948f271e4970ec83d4de9348577,0.5362561,1,0,0
9c06ff87decab7357d44d8766f6a277ff887d921,0.29363498,0,0,0
198d448ceab2bc061d18a1a689056bd2b96b76c5,0.016086299,0,0,0
46b15af8c5fbfb026be350ae16eca89fcdc87aac,0.08514184,0,0,0
b7e86cdd772cc47a031d187b79d075af8155c2e0,0.3133049,0,0,0
198e589e62f687a91d4c27057ebad918e9f9bf3f,0.35114104,0,0,0
fa510146c09a498e25e590ef5cc558074337fc4f,0.40562734,0,0,0
badca06dd1c70207215c7186a31955901b637661,0.29140088,0,0,0
91ac1574aae31a29baf883d2cf45e4e1f5aa9bbf,0.50547206,1,0,0
82ca28e2ec8fe9771f01b5aab3386311ecab80df,0.20767294,0,0,0
9f8120beb6b351608652002e057f97f8f6c0dfc3,0.53656113,1,0,0
c66b23747627a2b432e0068561d457cab9f97ead,0.22609584,0,0,0
a6a5e3033d424468cbd3a6af051aabf3b5bd4d00,0.4871577,0,0,0
2902a9a3c07e881dd7aeae0a55189facfab1966c,0.17427716,0,0,0
fe487b3336f8279d8b74eff05c5ebfe6e01281f0,0.3531813,0,0,0
3076802a78f14eb1b4f23831d5a1ccec79b26554,0.2575998,0,0,0
5063d256221e7fe8a8c433401bea988d7ccb0a35,0.5451235,1,0,0
a6b9ca3f71d44dbe2562e13d63e4b30fcaccdf50,0.37022817,0,0,0
81fec3193ad12a0f78eb021c4a1548484595860b,0.54858303,1,0,0
902a680951f318488a4bbe0184a3a223c5709b01,0.54908776,1,0,0
b84f786db6d85cbf9973adfccdf135cb71824b87,0.5604213,1,0,0
a2b5c7a9aa0b5f617502bf6003d43913d507a11f,0.5945316,1,0,0
571725cb7bcf091b5457f1e2a857aa51e8a70f7e,0.03612084,0,0,0
10118c9c1b00d31868d6ab43e8171e3c16efdcfc,0.31761974,0,0,0
ee94e6d82370b6b6086cae2693dc2fe31388fb64,0.61540955,1,0,0
dc58a824466ed492fc6d5ab11960eb86584eff26,0.51309043,1,0,0
56c04300e8f05bdaccc2ec60fc751c09d86b7b68,0.29693103,0,0,0
03542311e2a461f0324ec700e98e78b5540bcff8,0.040999994,0,0,0
4746531428aaf9e3ae7d505b5a203350d138ea41,0.4556311,0,0,0
05b14fd01e43ab8a385bcfb53102a270ef2d9375,0.47565284,0,0,0
77868bf772a03d61701bc0d32dfafea63a0382c2,0.35980675,0,0,0
83fcd3e1e220b9f3aacc63aeb4da0a898684dd0b,0.09258535,0,0,0
dcde20001063fc25f622e4b1c7775f735a7255f0,0.054914292,0,0,0
82bd5be8735c01a767fc3ebc3eb92369ac68302d,0.4265385,0,0,0
e1188f368087ba4bcfada44d645e4f8661d7f9b2,0.4649216,0,0,0
2c03505da053d07cd3f729692738912bdfc2a5b7,0.38365895,0,0,0
3fd058c02a1f8881110409be33ad56d3af6386f6,0.3743754,0,0,0
bb3ddfe426cf4ff5390f742d35bdba02a4ce7624,0.464949,0,0,0
09b1a632c17b34650d2bcf748be14690c9882e52,0.31351367,0,0,0
539e1ee1d68c27defd0aaad09a1a0b68e059de96,0.092713654,0,0,0
da69323b29fe8e373364b9399bc67523dcf2af62,0.03980036,0,0,0
c1ad21bf966d01dc5cceca82f102c0f7843d5617,0.054540906,0,0,0
efa756288e712849c78c4230df05c2d1abeba91e,0.07583802,0,0,0
2f757454dc41f4d130234aea68b348da4f12a0fa,0.28599408,0,0,0
24b5e00be753889e4907473ce57271acb290cb67,0.3517622,0,0,0
7f293a06a0b7ec9b554d51f150991efa9b7dd54e,0.12045759,0,0,0
95a524ea06e546330ec3d95b9c139b7edc599b86,0.03525071,0,0,0
314dfa80d4e815ba3c689cd3ad0d508209665bf6,0.23215893,0,0,0
c07d659cf8f7b16452472da6052a1de326bcb6a4,0.060006395,0,0,0
545536e34f180edd32fbb21b0a5613e6407f0980,0.061202895,0,0,0
225afb8bad88c9bbb70b24d9ac3c28fb21f39465,0.30189955,0,0,0
041e9565ab8b187ad0b88780a5fc0a5ea24f29a1,0.3343125,0,0,0
c4828bfd09ea8c579fa8840cd77733c64b8ebb39,0.0580078,0,0,0
dcaacf4cae54fe199055830f097d4ed504b3238c,0.027987465,0,0,0
6f22f4b49c2a3a59840d28e6cbe0c37a56ab1f90,0.3245623,0,0,0
41fefde64401d2173ff019a896c4dd72b4fa5636,0.3569596,0,0,0
080e96a6cdea2f5fe8727b8249044b89bc54395d,0.3850618,0,0,0
497147e3e6ba0a50c32817e14985ca5bf1041f9d,0.036864158,0,0,0
40708bdf04dae6aa49bf8f3617f2efc16c83c5f8,0.06276525,0,0,0
84ad767a87c69a265e9105c51efdd87ee57b8635,0.103258535,0,0,0
f0e8d41fc8cc746ba9b66b72646db6bd8b25c6fc,0.26512066,0,0,0
df5930892d9c6eda392b96bdae2e7afd342f7866,0.047359407,0,0,0
0cdcb1fd8df9e9185cd3abb128d927d25d7de8b5,0.53808016,1,0,0
cf15c51722dd4b406876dce1ccd52eea787d84b7,0.32640362,0,0,0
b691f81b482175665b45cabc056e58ab0df03ff8,0.020330766,0,0,0
fc8ef4d22c95b13b907ed14b19cea8ff5fd1e653,0.30938092,0,0,0
8054f746bbd6191f5a297cf6f7f26f9fefaba307,0.06271918,0,0,0
fa21d6f7e70f057c42d4af9c40ed47d3d841e5b6,0.2694129,0,0,0
bac647543497f0aa2a9f92fe726e1eb18631b4cc,0.3672372,0,0,0
cc6ace18900eb92606b6a312cb1ac5c4ab5f435e,0.36404046,0,0,0
c947676916c99f2feb5e183aef9629a1b21d863f,0.5446079,1,0,0
1f3dd9ff8a4f8302eb4c0bf4072d2bb7d8aeddd9,0.31562385,0,0,0
ca7f64f016d8354aecd38ef73405e1b3267ca791,0.2055551,0,0,0
06005610265c342b52051b997a43ad6e963c5a0f,0.37075263,0,0,0
4a8068579ea5bf1e637f8bed09a203508abde315,0.023306584,0,0,0
30c217ec400b9175e9490807748ec3e48fe2ba22,0.05371913,0,0,0
d80acb29c04a8e92a3ddbc539b0be8a521098870,0.017682424,0,0,0
e43138b0b5f0912cb358c0e73eb6247b273eba75,0.077305995,0,0,0
1b84f2ee7a41e8ab12faa73130187763ee5858ea,0.041995067,0,0,0
4b5ef21ed6104befc80e1dd501f964e7ca6f1ce6,0.44764608,0,0,0
c6c1971ca1fb5054a0847b0884488165606bd703,0.33145493,0,0,0
68e0a9c71443738b1842e99925d37bf545f5a151,0.47475114,0,0,0
7ebc8107a22038c06c0b0ff095f9f73d854e1422,0.47324702,0,0,0
9003b5b5aa4465e84c934819f45c1ab4365dc51c,0.23934741,0,0,0
4b8647bf6ce2b478e6bc90d0158ce81939a14378,0.49023,0,1,0
2d1614a2077eab0b981d4a0c4c6e10a7ecda71cf,0.3094257,0,1,0
3631295c437c5b8915afc7b2b259496eb2d5d782,0.61673814,1,1,0
b12610d35e7798c66fc1d9b0811d10aadb87569d,0.52278507,1,1,0
f3a785108f853e327001dcd435e92525d7fba96c,0.5942927,1,1,0
881a4ee8db1e1826b749579d2284ace982c953ca,0.44403833,0,1,0
e91d0f0510ee8d69c76ee89b4e57341418866c6b,0.38739172,0,1,0
8f7c59ce888a687a6c9089caf0c5469984a073b4,0.48228186,0,1,0
3c644cf87ec8c0e6313b3a10b6cfd66279b8093f,0.5840401,1,1,0
fb7e1e265dd9e560b3a3127a6593b6602f60026c,0.5753524,1,1,0
1c9c43c1d4bb76d7e47cdfc9c6681a38305a95e4,0.54356664,1,1,0
18f181ada7826542725fa4a9460307d606695b5d,0.31614372,0,1,0
bb7e8951cb6ef08ca9df5fc036217c3a45c4d33c,0.19194056,0,1,0
e280c8636792c5426e54868d464c9d28287a98fb,0.2503854,0,1,0
54a7796ff234a9cbd2c66f8b1e5621f0898402f1,0.059778508,0,0,0
8e5867eda8328e4cb2e103d098d0c9f3c2fab50e,0.06313004,0,0,0
e42da5d9d21438c220768464b6a1f5b36bad92a5,0.29164198,0,0,0
c823ac5673e9da094a3b24b99987a533c548dac4,0.19092871,0,0,0
7573e9eec065ac1ccc2134aa751a191da3ca3dff,0.2171055,0,0,0
1cdc902f3d7cf877b4db7a31f19eb1dfd2fade3e,0.28681654,0,0,0
e9ea52189a92f7e2ab051e4d75c4e0c872034b18,0.26025268,0,0,0
ab0a2f761f4529daa0a1e7128ffb8ae417a0104d,0.29232976,0,0,0
7ebbaea90e8002f5542e22bbe92075ffb5383d2a,0.27948228,0,0,0
721730b00b1dc2ea616a3e7958e4ad15134de975,0.40656972,0,0,0
05aae985d9d0e26cf278cdd6f69672ebe3f8ed92,0.28097937,0,0,0
f7222ca6c3b6c1018a52fd649029394e6608f1db,0.27963418,0,0,0
b285f17023da248bdcb3093283e4b9e930bdd09c,0.111010075,0,0,0
af858a6ca224946195b1923a780678b20cb99603,0.47943616,0,0,0
fa027a4685bacd9e32b3bc7d875717b4457f6829,0.07160239,0,0,0
edf56632b8a5413f5e0adfe2d1b65e595b88a1d0,0.35149875,0,0,0
58693fbcb3236a9adb0f47088d88ee3ef7178cb4,0.06708484,0,0,0
91291520cfd5f6c2c91fc242018860c5d1d277e4,0.34369844,0,0,0
7bbba6995a12412cd7cbe1ca693057c5299ab4cb,0.10546261,0,0,0
ea030e732e3556a2a4fa51bcaabc080927ddfa48,0.43686566,0,0,0
310008f48c0a830138d35b3024106560d55b6bd2,0.23198776,0,0,0
ca22dac3f852c7290f60c3c3a5d66fbecfba91f4,0.177984,0,0,0
bcba29320f5f6f860335266d6be8249418ceaedb,0.029633678,0,0,0
9dc30fddc109504fc80fb62e33554d54cca47faf,0.3108682,0,0,0
764f56955d499fae11db1aed6e7f0d2d0886e6f9,0.24329112,0,0,0
2933e5773b1d64a9348024b2a6e8dc6dc90e6590,0.25569776,0,0,0
0fa8bcc008b6a011d6fe41e64ea4379d0b57f20b,0.035232913,0,0,0
7897aa6a83a5e63da487e72c2735fb042259f6e4,0.54677767,1,0,0
3b501993588d27d91ad526a436e3a10ecc8d6e8b,0.2265893,0,0,0
b353d07bcca9fb62ac387d69d3e99004e27f14c0,0.6109529,1,0,0
6b43922648fe2dfcb4cb1aaaf5d795f00a6aa174,0.11960218,0,0,0
b268dfbb824ef307862e489aef7e71bba4cdcac5,0.22047059,0,0,0
b957ee1646d893fd946a8b9a53c779957ae7a240,0.266821,0,0,0
996c0c164a083c3dc2fbf2768750e3b3a81d77e0,0.03267856,0,0,0
12ddf37f23cd77903729b3e611ffae10e96ded47,0.369078,0,0,0
7e6304ce63da6c6341cb072abfd08caf0456328e,0.25457823,0,0,0
b9b73fbef5c0f18aaef22ef60442518d7f23ec83,0.28120446,0,0,0
675d4c8fc848ec5438e48deb2e8218b6f0078814,0.030952306,0,0,0
dc666f419e691e6a04342bdd9cf2e899455a8738,0.3680694,0,0,0
9bab875f03ffea0aacd1d92fbbecc96d491c1201,0.056539357,0,0,0
8d3d915dbd0ccf716f0d15b6b2396cff214d9cd3,0.35515213,0,0,0
326beb22c6aa872cbc0ad3706cfbe706bf9eab41,0.042542484,0,0,0
ad882055edb50369bd174ae56a372838aa89cdae,0.45663363,0,0,0
a7363a2ae67b585790896de45f57154474480fc9,0.07261243,0,0,0
2bc9e7ea86a8cc1c3b2436c46115c87080228004,0.4280338,0,0,0
76f154179b8dc6940355d7fe7db468314ca39e84,0.049653564,0,0,0
4080feff61e8dc1cd4af2361990c33c9f1014147,0.07191182,0,0,0
97accb47de63ee5063eda23641c6017e29ab81d7,0.48518652,0,0,0
cde43197f980538e411d851735ac7a63ddd613e1,0.33216235,0,0,0
0dec6e76fb544fa3e8bf5fd17f16314735971dd7,0.026009938,0,0,0
f820d06fc0d1204b0cb386214ffeb42ccec669ec,0.21928601,0,0,0
566c4d59a177be4b65d17540576eeb34d28d24ce,0.3066507,0,0,0
a516976947341e0e18bcc0858d85d34cd0c02cdb,0.1688981,0,0,0
7200c43dea3dbfbd9d38b937c44b6e71744b05c5,0.27248162,0,0,0
596ccd59a11ad5e9fda19ccd0f4fc714d8d3394d,0.06580595,0,0,0
301ad592142079d36f4d33f5309c103c7f4f5dfb,0.33152655,0,0,0
f8a8ea748a0b3015490ccecec7b97f0ab2daf9c4,0.051663753,0,0,0
8aec465b44dedb7deacf80111ea5286914093094,0.34064665,0,0,0
34f3f4196084768b2ef6b3db4608d8eccec50364,0.1986642,0,0,0
c53f2106109153eda10c47a6960a5a579d1530b8,0.35027865,0,0,0
17f52a2e559e68d5c6ccc98fcebb5523161fd0ed,0.3091371,0,0,0
fd7a4362caf2cd69368a38f2f71ffe19706e341c,0.49260223,0,0,0
753f278d10fc0c92e912965379401ac182644101,0.12501009,0,0,0
491786ce4182daa57ea61deaf701f756f57f6f1e,0.08119132,0,0,0
de73ad3115c19d5f0771754d233d74055a2a10bc,0.036350016,0,0,0
d5f586bd4e1a20fc09a33aaa5c2b9320f4a2aa72,0.44700754,0,0,0
8d4fd1dabbae4d7ebc2b273af9275ef8bd0e1ce1,0.18417403,0,0,0
6e5eedb3fcebc5894c41733bd26c8b4d9197873b,0.30120885,0,0,0
3b7d0b95466139a147fc504b7c18897dcc826c65,0.18235333,0,0,0
6a82f92584b36e28798479c82c0d3263c6347b90,0.26237696,0,0,0
b8e9475505fee98aae2819c03a33c7aa3db843d3,0.19692907,0,0,0
a14acdf6395f588dda7597bb4c7810dacaa503d2,0.22040804,0,0,0
85a20aad64be04127106f492e26f6ad6d6c228c8,0.3841877,0,0,0
1325e114108136eea3fe77a4a270a2da7eff98e2,0.03246009,0,0,0
bae46709ecb13f80aaad0d279b3618ab83d09275,0.09304468,0,0,0
dc5f850d1d9b0b952b7f0dabd6778cf0f7675cba,0.24974206,0,0,0
b4abfb93676fb0abbab1d9bac40ba2714a3872f5,0.033459995,0,0,0
9a9e7268162f9fed146c74a8acbd234d9bc2ed84,0.075880714,0,0,0
b262c2359c9ed53dae3ce2ce7a0092273f4eec65,0.20049737,0,0,0
c30b59103b6f1390b0040ee74b985248e8b1b849,0.14557399,0,0,0
0f36265123605cac6af05b7b8c8f4036b58f4da4,0.19003199,0,0,0
cb177b56b7664ab323558545737646896f4d7e70,0.18317412,0,0,0
15bdcc3be2b84f68ddcd822da52ef045ed89e57b,0.1799826,0,0,0
6a8ba1fecb47e5ffd5387654d0cdb7c372ccdc9d,0.06693298,0,0,0
75efbfd6b21ab36fdbc440bc001c133f824bdc3e,0.3186537,0,0,0
f7e42d2ccf949a5893a439227c8c6bafd2598f26,0.44774795,0,0,0
c7fcb448c99ae5fe9db9b217bea1233df3ee6e57,0.2525886,0,0,0
d0721feadc1e0cae6efa3e0d82f523debc5b8d97,0.2802378,0,0,0
5f47ad718e0ffcbbe6cd2f8d32b2e345c4af3a48,0.35363552,0,0,0
745d383af12137ccbcbe1f3cb4c9db73f87a66ca,0.09297353,0,0,0
d746a54c2ee50711283bb49e557f58ca491e1bac,0.030719608,0,0,0
a56d4998cf16ff08f5593fb7d4dda66ca05dc269,0.04882876,0,0,0
03e65c98da2a0b2e27b14713543c2a61d56b1237,0.022141568,0,0,0
0d3545e5f68d024cd4a05724a15746d8dad986d2,0.3067384,0,0,0
6b1b592887d9ce95fb5af1e216bff56b18c7902c,0.17370644,0,0,0
ccd0fd51a5712ef1d85110eb61130c906fe4db13,0.312012,0,0,0
d98897b11e6f4adf1d0a91591b1bb6be501cd29e,0.3828741,0,0,0
4e08e17ec536038c9c0dd888f77b912cae82816c,0.124289244,0,0,0
86eb3a2fa74988e4ccf3aae7f4b77edb84555320,0.038405463,0,0,0
45df5da2640f8f097915b8a2a0249ef0f6cf514e,0.29901412,0,0,0
76b7413d2b1eb2dc22f05de5b76f9519be5142e0,0.35348335,0,0,0
bfb3cf8bba6aab198c4644e236bbc9f3807111d0,0.1966204,0,0,0
093e3bb2e3cd9992f3f0d14373d406bb9b2ed36e,0.33599854,0,0,0
c440f668aca99266b5379235f6d99d378630c938,0.46648213,0,0,0
a1c5a582760c7f65572d0883fbcedc843332d7eb,0.34187725,0,0,0
0a499402d707bc8cf775d7f9b3840780a7401f7d,0.1178134,0,0,0
8e4e5221515f820108f48396a18ceaed73de8dc1,0.2634374,0,0,0
3a4e18ddf151a624eb5c3596ce8400ca4679ef97,0.2737282,0,0,0
8ed40d530295d819e0ca964b2d4542f6ca6a9929,0.15233095,0,0,0
a6abb8b00355db97486ab5023305c3f4e9e19ad3,0.056367405,0,0,0
b494caa01985c623601735f1bc10871cfb8aa048,0.049309365,0,0,0
5597ed7ea300ae3d08cd893b0133bce26038a7df,0.07325387,0,0,0
002276ea313fd880122502e9840b43f996acd537,0.06560241,0,0,0
bd5afc0b5a977c168cf046e3244477b48fa72c5d,0.4045498,0,0,0
b313ae68888445f4c08521bbc8d19f39310c6890,0.28191224,0,0,0
a675ca7802065f459a96bdbd593d8dc491180cbf,0.34244484,0,0,0
8be87e032a8c05622148357f30bdca3c614a669f,0.36081454,0,0,0
96eb80efe1da48f37846aa899260aa0c84b15944,0.04383751,0,0,0
75c2b24c681e314c4e4e07243b31430ba4e42723,0.35016975,0,0,0
276e22858cdd56f5725e0c2f7a3522df99967973,0.06723081,0,0,0
471e6b078a7891aea99b77f200e828a7b1c9bc00,0.051224098,0,0,0
6d7ee38ceed6b496d70502e276f80be6de618014,0.07951304,0,0,0
5cfd99f0dcd0d10689e480f0854e859079f125d0,0.048148286,0,0,0
ed6c47dd9ebbb2e38fb3e17a2b961f0fcf0e6df3,0.024196817,0,0,0
1fe7a43505aa9d00bd9dde45aee77935a5147561,0.47409615,0,0,0
387880a630c65b955a3329a2f7b987214c41f6da,0.23071213,0,0,0
cf4416a84203ff9d360d4398da3b166e6d0c72b9,0.06369016,0,0,0
a7fe613853516f0abde34821996a0424882bb919,0.12289053,0,0,0
7a8a7783315917b56b6a71c4f28cec4ed1d91a7f,0.37589532,0,0,0
9c545d44a4a703c88d417a6fa43298a80ee67735,0.28438,0,0,0
4f73871cf40b6dd05c8872d39246c67f798ed915,0.3032207,0,0,0
41f297809965523fcd021bef20b304b3584d9b4f,0.058313962,0,0,0
03178c8b15f1b522b98ded0f83cfb0e79f5ec4d3,0.06123479,0,0,0
f70741c9b216d3836d047c542847920d4778cf9d,0.04516298,0,0,0
5ca0a1c3564d35293a5ecf03e5f32e6f0f6f445c,0.39568967,0,0,0
4c4b3e2e32ddae35e4c1a6ffce1cd2b2eafa958b,0.054713253,0,0,0
72a46babeb0da02071e47425ebd55da915b98178,0.3073546,0,0,0
9c51e5316babbd370bc32aed0fee134216726ec9,0.09641297,0,0,0
392323e2d44bacdac605c1a4f037f06e21dcc239,0.32940748,0,0,0
10dc13c80752b0489d291b54440212ca54c59fee,0.4672532,0,0,0
7b9df59a96adfce979c8c564dc5eaa6a29b7f25f,0.3368388,0,0,0
818533e92bfb1c142ae4ce5be18ab92d1ae17025,0.037139803,0,0,0
47fa07eade06908ded4206651571e71a2fe684a6,0.3771579,0,0,0
46e97d9e04591e8198ff38bd2949fd5514da0d3e,0.028063186,0,0,0
08cc26e70bf145aca293d55fce12aef835263f53,0.22957751,0,0,0
6c21bdb4a107b49e57c9e5d6598d13ce6f85fc5d,0.044384707,0,0,0
18a027b1f04e420c18ae57aebe8fd031b5ff251c,0.042186875,0,0,0
82b84c0fe9054198099752a66575cec0c47524c8,0.18953598,0,0,0
b10b90b0a3947bea98e3646e7d29f853f3b5c6f7,0.17893876,0,0,0
8c141a1705808491f16a27b53e1ff0db0a2807fd,0.05451967,0,0,0
40f969bc9e162deead55967da3c128e2da933dfc,0.057189588,0,0,0
f348d34fb1ef3c968e2981283618aa85db203901,0.05037694,0,0,0
999761ba1bc5da820a1d2527c4aae29d95a7013a,0.26542878,0,0,0
ce131449a4ca0b06c6bb27ee5d8d6d89b1467bbd,0.5715229,1,0,0
924e1e9064f90d958b4f57e9c9c0c543bd19dcfb,0.35036948,0,0,0
f36090e3141cd3cd6fd58f1f46a30af2582559be,0.45597258,0,0,0
6fe2094e30107512e470571bceac91cbedbd21d0,0.1853011,0,0,0
fb0078159d2463da149de54018fca79a9447153e,0.050294407,0,0,0
73351b6adbf403600521505bef288057beb2bdde,0.32866028,0,0,0
079a07fe18f654632b80b274f247775582261e5a,0.37518954,0,0,0
4158323ee456bd412e7357a4a6bc8bf50deb5d9e,0.07232093,0,0,0
2fd6c8fa1e392f985ee860d8ee154a612ddde569,0.4089671,0,0,0
66d0a9a0a00dbb259425f17745f7dddd7e676f71,0.07605817,0,0,0
e14d9ce8e3c57b7352a647c0a8e62eeb88ebfba4,0.04994179,0,0,0
9e0c5ad4b3148f42f3940faf7d67b305e34bef0d,0.0795414,0,0,0
fa1aa44c7623fb2142e588c59eaf56db7bc237eb,0.047724556,0,0,0
8fdda846c4653b6ccd49c47a9586c374bb20a255,0.24548116,0,0,0
a94ff90ab6cd2d92ccb2eb1fd7913b4e5256f02b,0.06864393,0,0,0
268bcd622685b28c2d50bcbce64ac38f7e90390b,0.3252806,0,0,0
09e31a01b51d7418fa0034ecd4cc11848436fc18,0.18027328,0,0,0
487ac1980148522d628e1d2aab50b107c372798b,0.3587899,0,0,0
34646ec9b52192a71e52ffc09cf7fefdd506c48c,0.18149891,0,0,0
7afc1c34fc16ec04f82105f9106b7d1e5232c4d0,0.18929397,0,0,0
00439211981af7b5baed495f526ef8ad76ee7c5b,0.055884864,0,0,0
1d635088f697178660b6e1c9a89d2b7d3bbe2d29,0.057936583,0,0,0
a4a62ed7c1e3c7aae09324f0ad1c6078f0fba471,0.011818237,0,0,0
b3a68ca842841c4b9713462d5f01742cf71a6b4a,0.019476488,0,0,0
2d868410eead061d59de524bada4de9e3d2bb442,0.022447152,0,0,0
813aa11d505b9507b6795d36070806cb2d96e5c2,0.38310555,0,0,0
88b29fa46bcf6f56df4213e1ba7810735a28d755,0.4439519,0,0,0
eca374db08ffbb3dd8de746632fbd74acb8f2c92,0.24317662,0,0,0
2ab17f529d07c1f618ea08d968b2fdf3a382a792,0.1622002,0,0,0
9a87c766bb3137a50656871e5dee5a309543bc7d,0.25914955,0,0,0
9ce4e1a371418e5eacc69227885815f9a4221c65,0.22136152,0,0,0
c7f7da754a911302dcaa6935be6fded84e1ac348,0.28272524,0,0,0
4cbb388ba9099be121f81d75000acc3af93bf993,0.07354134,0,0,0
87497c72460c9c58f829a372d741b386fc2ac8f8,0.13452166,0,0,0
921d0d60d40d8fbda29f14a64e848c70026ea32e,0.16469489,0,0,0
f9e72000a17eb9d524b38a9f2c982c037dd94891,0.41130286,0,0,0
e34f50dd1083fa8ed9fe25fe701b64bd2ea7efc0,0.20865785,0,0,0
581b474f4b194731eb9cb22cdde7330a1ec81c3b,0.25164294,0,0,0
e0d17fed51f5018fc34578699d824c20efc44368,0.27528167,0,0,0
4fc5b3402c58d6a4b317bf23b896ea91d22af6fe,0.27866426,0,0,0
d8e2f892e48423fda73204be3ec239d282e71c65,0.2492278,0,0,0
8d6d088622f8e4ea89e66ccbe097510fb4c932fd,0.12526786,0,0,0
f0943a7242041a16c8f7fca845592e48bb19ac74,0.30831832,0,0,0
d1123894d33922e7c8ca838f9dac9bdceefa3f7a,0.37981755,0,0,0
fb83ba3fdb46537a36832a900f124d4c400f7ed9,0.40964797,0,0,0
e779883b29a67d411493f985de984ffb8088ca05,0.2125939,0,0,0
a71c820baeb91025eaa7f07b172a39500c6f5692,0.26883915,0,0,0
a4eff51bedd73a0ea56afc23b1021187dd03561b,0.38270825,0,0,0
8f6bedeb724fa78583c26423aaece05cfddc04c9,0.25637865,0,0,0
fdc116f0bcda6d1fffbbe505d0687b0406e92fa6,0.07585014,0,0,0
66608db56c41e91ee34fdc1e6157d69b69893fad,0.0327927,0,0,0
5366158572bd88f18df7883ab823ea62b7701d77,0.19472905,0,0,0
2df0a3be66f6fa1067d976d7a05500beff7eda53,0.052064188,0,0,0
e0b2c86c8754312d1e89307fbf84e6efbfa9fe0b,0.37233937,0,0,0
050dfa6f0850174fdf958ce6751d2f06900201f8,0.2531614,0,0,0
7530b4bdceef0ef37af252f0b97978554fb9b99f,0.2699968,0,0,0
a6eda3d8eff423ecb4901aa07339364732c02ddf,0.23109867,0,0,0
a5035d0e1cde068320984d789473e1140adefdc0,0.29302305,0,0,0
dff43a0530a6fbd524e3af24795cf6b92142735c,0.19847195,0,0,0
1d5f8faa87a410fdd1141ad82f270ac238293770,0.2684,0,0,0
82f4ce516c18ef5fb3096f6a90455fce90a5b290,0.064140625,0,0,0
228b49fe2afea3376c4f30f80bdeb70d083a9206,0.24511397,0,0,0
adfa016f3ef7ff262643e0f0a5a54d3ddb7d7e1d,0.45716697,0,0,0
f72b5e65c0c5210cc0be585959ae84fdbc87aced,0.5169618,1,0,0
26d668f6d5a2f202ef7ff6a73ff3cbd7bbdf4b06,0.28106764,0,0,0
808149305ba26224917e29aa0c0089701bd91936,0.035115413,0,0,0
55fd738c86ea1796d5152d818ab4b5060bb11803,0.2591523,0,0,0
7a8dc00b8be18a9271e2d9c2444ba91077ffafa5,0.036948867,0,0,0
34515698878ff0a4641e72486f0ae8a7e30df0d5,0.25230697,0,0,0
96f2b16b3efb93580e6aeaf1da97d9dffd5e260b,0.2799919,0,0,0
b577805347d56f1927615fad311868a3537a9cb6,0.43437985,0,0,0
e366894658914c0f2fb41cac003392b0dfa6e4b7,0.22716433,0,0,0
3411f29e2377788cdaa5a4eeaddc53355f085a78,0.035689306,0,0,0
880b04814c564ea7a1bb8fe97c15b4735c67e8e9,0.21887723,0,0,0
8ef033be5c92a895139b4f910af5a7048f340cc7,0.016043916,0,0,0
350c477161a0d1df94efa02109ae07e6acbc527e,0.45612478,0,0,0
0880a21c56cec1a2442b5123c3845bfc99e83a7f,0.040240336,0,0,0
84143c462986417ccfc5e8c05481e983cf668e2c,0.030241473,0,0,0
f16d5b1722eb55c2d55eb623999f16799b088b98,0.41939878,0,0,0
ac37165ed7a22cbdeccfe348b10245dc83b414b1,0.49911448,0,0,0
d9ae4e2601d4c0744bbc275b6b4f503477b789ea,0.02572035,0,0,0
7c1a59fa7ab58f5f7cdc124ff2667cc501570a4f,0.20024534,0,0,0
93d35c8f291b8953f8460c0eb02a51cc6d6cac22,0.12825052,0,0,0
b77184a2189c8f91100d148354d1fdf38e83d13f,0.12821914,0,0,0
f81e0465460ff9abd450eda836bbb4f9b13837c7,0.24028316,0,0,0
6fc152e4177e0482450b13eb7fe496de677ce5b6,0.2219889,0,0,0
0c9af5f450ce73da9b791051f861cb9a6420e0f1,0.30252087,0,0,0
11409e628b0461be3c268f81642ce36bc4b0bf84,0.21655951,0,0,0
63a9488f2910434851e98a8fc0ec8c053b24083b,0.04424203,0,0,0
d70736425701b66bd64ad3aab3941bb930a18b66,0.035179254,0,0,0
7331773448c1f2e0b24deae4144db0deec85fc07,0.19807428,0,0,0
11a7e62a898e54d66936d1b8b67cb5e62578ba98,0.20817156,0,0,0
0484bdb3f61d309ff62da4df4be92cf139d19f6b,0.24426052,0,0,0
f9f632e7056cd9d2b3c88bad50fe0597610e2eca,0.2377184,0,0,0
a3fae474e5cf5084c89835fce1950991aa678a41,0.18246962,0,0,0
f3108e2771083bfcf02c9c67ebd70a3ac0ddfca8,0.15014468,0,0,0
521b9b3385d73239b96ab209cb34ceb5c1c1400a,0.22157964,0,0,0
d7a1666f9a89d9a517f5fbaf283e711046fd054e,0.18476336,0,0,0
022a020bde5afba4f2e9b6753c199386e79d7825,0.23403886,0,0,0
1b5aef881bb3acdcde5d9fcbb6e43ceed6db145d,0.21180457,0,0,0
0caba0845d4363025e619eb3db6f3138b2c3d394,0.32137126,0,0,0
8e71711c1caaa404d84ec6682f1b7b266064c2e9,0.21711579,0,0,0
363be2fea66f861d7ec4f893a05901fa0c7ecf92,0.4514876,0,0,0
412a8a0ba61c84d71c0cc740ba7e50c10f3bf9ae,0.04201319,0,0,0
03380256795725c7d17db97d882a4c4da3b76b8d,0.23122773,0,0,0
653b46857a4a48252bfb094e39ee9937b2079fa2,0.12100875,0,0,0
748cb609306ee5a046a952a0ca13974ef0b6e770,0.22695614,0,0,0
0f9ce497b0c6841e3aca845336ad095012c41da7,0.25999576,0,0,0
36ee52223387eed452c266490a25b4c62f49abc0,0.25845286,0,0,0
a8c6d43b5a61d8da784f0ac188d40b88a15dad50,0.12339318,0,0,0
8fe2360920a8228c10cd59ba0978df701174c961,0.32476372,0,0,0
a3677db89ef3863e8ac7cf578df499f85d970b76,0.028858788,0,0,0
64c51505a82baf8260a34c7e83652ae3014009e4,0.30937576,0,0,0
ccba0cfc3f1b81dbaffa5153aeb84d48cd7630ff,0.16665153,0,0,0
e7c42ed0fb83faa2b57184cb72f6d9e8b621ccd5,0.31977007,0,0,0
633de29fedf11544f2c3d5052890cb014e612bd5,0.29031572,0,0,0
362ab2bc41697980391c4a61c23cb3ef6bce740c,0.22001682,0,0,0
fc9d93db68a3c33e5ead8c7ecb187fdf0f06cc4f,0.28931227,0,0,0
66a775c9feb7dcf00c28a16b7a365af4372886f8,0.35622582,0,0,0
a6a48cfd370b226955a531e678016db414ebeed9,0.29419988,0,0,0
dccc1255413adc1a212dbe3bf40accb70ccd44ef,0.29338977,0,0,0
83b70a377f79ba90f846b3a720e6c402c63bccc5,0.024601443,0,0,0
819318486d9cfb430749ee33d3c5c4ec4417babc,0.04106975,0,0,0
827d9644c864336fa84f15744375ba7412da047c,0.041240416,0,0,0
af6bbeefbf197f50d194c7f20419c2a4590ad630,0.22823098,0,0,0
ae8f5f04574be75727f5e948e04bc649cbdbbb3b,0.13047524,0,0,0
b9cd3558133ae9f26aec73e0bda3a8f635d137f7,0.08496519,0,0,0
f672e826f51824582273fa1f5b6ec37aa5fdb2fd,0.105976835,0,0,0
72df12fb2ba453afb57cf185d25c502d4daec6d1,0.5022697,1,0,0
7b42d43fa0827557f51cb4111c89fb2a78512c68,0.18864813,0,0,0
af1b5872ab8355acea3197522ddf94972b3c8386,0.04116499,0,0,0
5c753a87c328678f16bf89e0178448f04194f0b4,0.0840289,0,0,0
0956e2d2338531a96f2ff7d4ab405acc1b18421e,0.024478551,0,0,0
6563275706015b000cc5bf14be7fa9322964bf49,0.07495351,0,0,0
e9e76131f35c112046b9f184816683beab605e9c,0.041041445,0,0,0
843267df5a0b44145d5b9ee9153d17aa5e15cce1,0.03330431,0,0,0
cd64fa339a97300c64dfc434483e478a58f507a8,0.08270698,0,0,0
b0b23c179ac55334f760aa29fce262c73a909268,0.028555935,0,0,0
dff1a0953d97d46290750a46d01be1e1519ae698,0.34425637,0,0,0
35e0ba449325e759e04203fcaa71920cf473baef,0.04124838,0,0,0
e508ad09d79302d3cc6b86077d4a6ddb0679a0f5,0.35897285,0,0,0
a27ca511a591caf813c26862a888e90e54af19a9,0.1471179,0,0,0
9be91f380c209f895da36d13c40b99687bb4c8c1,0.28546384,0,0,0
09c55eb8120da36aef1807628f87bde83749428b,0.2831756,0,0,0
05edf06360cc8a1a61fbd1ce5f9abf5d83f9d3f9,0.29009247,0,0,0
9df5e9419d83c11b4a2c3421c5ff7ea1f544366b,0.018329136,0,0,0
ed1ce82d822ffe185875b7b7d38352f20171c096,0.03713917,0,0,0
10e38114032cb4c585b29e946e1d70e05d52a878,0.039244793,0,0,0
d71ead41fb685431dad02d4bb7cb5675e196b8f2,0.16052087,0,0,0
e7b4025ee0b6152f9bbf7a72a317f977402a27f7,0.13239518,0,0,0
0f3648f749b7b67c2c61282297569657ea6220dd,0.020539416,0,0,0
bf915848967a6e35839e5565e98c716079980e18,0.1865271,0,0,0
7f74708201c2ab9f5d1f83c7052487116b8f7114,0.41433334,0,0,0
97dc91d1545a667b4021b6507d927799e53964da,0.24766491,0,0,0
d9979fa97865b7a57b9da975efb6e6c4d80b0cc8,0.1750979,0,0,0
6f27b4ae8f8ecb62698e760ab7df3973874b1f51,0.040193293,0,0,0
67ef6efb61f3c07e1359e083bbac5d90953cfe43,0.33548313,0,0,0
1b53f09c3a9dcd64dd281c1955b062fc28999366,0.19729911,0,0,0
34adc606601cb578486d4a019b4655c5aff607b5,0.07456828,0,0,0
b05bd69cdd841c02a3b645568ee5478fdbfc07d1,0.32088178,0,0,0
e1f30a1c32eb292e51db274adbe2fd6ed09b555b,0.30897444,0,0,0
bd82fe9fc034e7921eb589420bb4b86dc767a11e,0.020164907,0,0,0
13e0ba5aff3fe14eb0e1d748cad4b9f99e681ca0,0.19995755,0,0,0
3b7deb943877b0c2d8627531959948c5d1e4d3ef,0.040886384,0,0,0
b657c914c0005b37e24c1cd74c5f4ce886147606,0.058844015,0,0,0
a61fde99657c1b9d11e8eaa682181ea59e65814b,0.31201893,0,0,0
29c067466ed78c3e7948fcb8f0d25b3d984a1a93,0.095968544,0,0,0
fd86d06ec5d3b009f3882dda7903e9913858ee14,0.04831938,0,0,0
a43b8d68b8b7e6d7f23977a7432880290e6c6933,0.22324976,0,0,0
31e4a6df19cf4a13f8f0e9048198ce7488ad2614,0.049624726,0,0,0
3c0c9d83e27e436f9d3646f177bcb0ac2fecbeab,0.29434225,0,0,0
db7a08583a5ebfab310efde6d0636f2e2fc108ad,0.1992994,0,0,0
015e3cd37d128e4ade9b2d49f74f3b4fc07d82f1,0.19902697,0,0,0
8dba68a38c8bdae91c15e4eab35cd83c427d8e71,0.17423344,0,0,0
bd15dc78c74bd9eede3419b70469511f196a3716,0.2775263,0,0,0
c3ff46e30397bc0355584c593d500d2564c1c515,0.3550476,0,0,0
b2d4b2ac3a738d97e23e53cd459d9c57ee8827c5,0.48281527,0,0,0
3e24c28e68e617735b25791b0bc3f67f31624ebf,0.2100403,0,0,0
b1a8299ad223c3b2552f6d03e51c2ecba5df46ed,0.2126136,0,0,0
4e931386569c0a28b7e47c52d199aa32b6ca32fe,0.033700354,0,0,0
ed98d264cff306f7326db096cddf65cb26ff5498,0.027846968,0,0,0
1f07a0bf70049cb0a2f6b52ea7c261da5adb1abb,0.40993106,0,0,0
60bcdd450d6950da981d70b8b08379bdd744c82d,0.40794364,0,0,0
74133837585f81d1c6434ce32f73fc8694d5f132,0.022509972,0,0,0
0e9f604e87a5b42b27abc13a9328846cadd640f4,0.024533162,0,0,0
53a0a9ff85666348a38054e335f5b4c5355a6419,0.029946145,0,0,0
73f3e2b3d6b3f4a7000187bb3e6a4d82b118d3b9,0.31720486,0,0,0
b295635a87da0c20e5e2495103d4877ef0187d4d,0.038374867,0,0,0
8f88dcfc902b5bc86a239756afffc9f3813d245e,0.053364944,0,0,0
815b269deec60ec69f4e5e5d555afe9b98c18cb9,0.27797386,0,1,0
2b0658c59d6285547a5c6de7ac71c7cb134ce975,0.39411867,0,1,0
364232f781d0cc91cd4b83012e1f49e62fa81190,0.45791715,0,1,0
e972869486f85c3424875a443eb04bda2eeb6bd3,0.35670096,0,1,0
780b2281d86cf89cf5dd717c1cf54bbd48783654,0.44181514,0,1,0
06c27b37ccbde70514e035a50ba0a6ee1ff94ea3,0.13959111,0,0,0
1d1c41945a50a740519131bfff4e1875de69dd6b,0.2590296,0,0,0
71e40d0b30fbef976da3595fef8736a4e1245466,0.24952437,0,0,0
f781fcaf0f19766f7c9105911613f86d22b2091a,0.21924756,0,0,0
cb8cf1574f99fc51c9e67b9456ea4d494fd4cf29,0.07507919,0,0,0
c63413182017e069393963d07570ec69f373ee1b,0.022800967,0,0,0
8bba18089a1acf29f9d2433efc229d5c851f42b1,0.3183596,0,0,0
f295b186fd8f6c619d34a8c69c6a1307f2276779,0.020730827,0,0,0
02c7974c113cc2a51d6741491080058470265899,0.26838672,0,0,0
027c193cf1c012cd5bae06446496136a582c180c,0.026555708,0,0,0
4a10030ee78ea8da944f6d52e3c671799d73b5d2,0.25449213,0,0,0
5166f3dd04980177e46293408d998087040d4c19,0.30318826,0,0,0
d37041ca62ea9eab6e777bffc15ddab49941217a,0.43841168,0,0,0
53e5e3fa8531bbb4d70523197215fd19b89c1a76,0.23340371,0,0,0
62e6242804e4167f5c476ae34acc784009a1af0f,0.3105164,0,0,0
324e8b4d43f0260b4857dafef46e8c5f349f633c,0.03828213,0,0,0
9fbc2a346b86872c397ff891d379115abe5846cf,0.07384288,0,0,0
c5a15b2b66b6b4f018589d8f60cc7acc71861822,0.027729524,0,0,0
ebf108170e9a6215176174d84313a0564ddde0c4,0.24088533,0,0,0
f1984c42b64788a0737c3bd43e4da95e015c19e8,0.043124452,0,0,0
904b790c41d6ec4629921befd1c5286e482fde57,0.026165418,0,0,0
c2abe862ecb7f980260a7b44d907fa116a6bbab9,0.023447806,0,0,0
19a56adb00295d528015045cacd443ff10f7bcb2,0.056428067,0,0,0
e2ea5359798ce8dc77d4b23b0f9b4df33b37f940,0.46690428,0,0,0
ce4385a413dc822f8849678608d0bbac2defbb81,0.02610234,0,0,0
c11215195bed3261d88486d0ad1644080afbb97b,0.051819265,0,0,0
7048667393bc4290f381312243d13688407b9350,0.016068272,0,0,0
b188b5ccc0f1f8702313eab62a5dcc164f817200,0.06490516,0,0,0
4efd950d4dd822f3e087db9830d09cfb3fdcb541,0.05641381,0,0,0
cff6e00097bf7dd97a5404080df3bf7e95813a1d,0.03633939,0,0,0
27214015c725619e0098e227fd29816d0891d4c5,0.04293996,0,0,0
f8fbfc9fdca4b5e9ba1a5608ca17e7b6feb18c3c,0.43401092,0,0,0
0733d7c2ba214415a8d2e4efba5c6e26b61d3291,0.22095722,0,0,0
d8cdd5eeffe9b63949129d09f6b0c7ad2d517e90,0.014144046,0,0,0
e2cf4811ba485b0bb29d7d80bc853666bfbfa958,0.054381404,0,0,0
580e0d1e26ab2a9275f01506f3af56fe8fc32988,0.017104596,0,0,0
3ba27e9f4a29be1922b3a19f9c6c5127f93027ab,0.023090739,0,0,0
8fb1341ad7c460286211f4f2a6be41bb5782653f,0.014932637,0,0,0
041507d3aaf718ae536f9ab66e4eeb4065cb339d,0.045219645,0,0,0
735b1b59862dc1b5f7e60549aa7c33dbcc4095b2,0.3554988,0,0,0
60595251eec5979e14540c6d00043e24905a7404,0.022433335,0,0,0
980366284db98e0515dc5e827aaf4f750699bc80,0.0722509,0,0,0
6c2dbf2885fb4602b8e42bd208ebef66df23329b,0.049530257,0,0,0
cb6ee2cbdeadad5d277a6e7293d88bb915090c4f,0.055250738,0,0,0
a00624cf27791193be74a610723a9a0b0980d23f,0.041226465,0,0,0
911d59f46d0dce2e07a93dc0ff705154f568b7ba,0.32823184,0,0,0
1aa543286acbcb3c23aebaba003fa024a54aabb2,0.19366705,0,0,0
f418eed3089d74caa11affaf947a40b774e9c8cb,0.36328277,0,0,0
a13691b5be40d31099d39f7c8f3ee9970ebc20fa,0.045523,0,0,0
3e8b8aa06bb7742cd1643fad72d7739cda400010,0.24799818,0,0,0
a1db4c96f62eef05fff532b59300edeff3ef21f5,0.11940217,0,0,0
5321c7ff2ed082524bc319e44f0aedf7ed8960cf,0.21566303,0,0,0
9be73347bd09934dd0c99d32bce9c4e12fccf6ce,0.18867488,0,0,0
4362e02ed0404d12ca75ee3476d4a32f9f671811,0.024059927,0,0,0
d3f0ee5e0928122b41ee25e2b4ab09bdca5bd00e,0.30960226,0,0,0
f82b5b57840389fcfdc4f16cb75703361d6ea059,0.06387896,0,0,0
51d564f738b20621e4e14649bc1b15c929668e1a,0.16053538,0,0,0
5bd82306a8e44e2b9ff098f29ebf4c69c195b9ad,0.05511199,0,0,0
9959b3c5a777845aa19040a5a761814e483a6483,0.06891052,0,0,0
a0611b06f05e3c37c622f48a783836f89247c237,0.062426496,0,0,0
f02f2e54ac7d88a6b7ee620e45e1bba878c63a56,0.032085042,0,0,0
98d6d15235e046762f3b09294e896994f616627c,0.41179988,0,0,0
fca0e6ecf6012ee47fbc92fef4533320c1e3d849,0.48711872,0,0,0
db642a3c3ad93606d27d6e277b529da3a50057e6,0.2047856,0,0,0
1929834c27a931ab505f7a389d38fafd10331d8b,0.26450062,0,0,0
a5cb9a4b4a196bd2048cd21ed2fef175bc1181cf,0.07886746,0,0,0
c2f1b685abecfc11de76ffd0a28771f41b566782,0.048193183,0,0,0
30b6759387b4402987f6f4a6100fdc78e8bf755f,0.3933384,0,0,0
50b126dc0eb075a2193b670eb7ae2089896ba283,0.4170358,0,0,0
6b08874607dd51c9d8f600a96650a330cd9e6b95,0.05047022,0,0,0
c9685cd5e462926aa401fca7321ea23927492006,0.03462523,0,0,0
ce8d0f7a47f7caba8ab937389c59b68b20f6994a,0.07900044,0,0,0
98b8758e761caf659608f48fc5c9e9056f911050,0.05494682,0,0,0
95b2fe97c7f191e43b7fe11e8e027d87eb47f15e,0.015993515,0,0,0
79237dcd2bf537d56ff8d73f897cd639af7bf8f7,0.43105128,0,0,0
181affd5c937755f54ff31ef056a6ec091e95f51,0.41862425,0,1,0
c334a1bca8338c92e76f0f1cf2ef4884e3eb5dbd,0.4740208,0,1,0
efa48b214d30537bb184884ea30ce817bb350153,0.6230696,1,1,0
b45c4bdb496381b5f90df6872edca12e0a2e68ca,0.6260586,1,1,0
f8489499aa6d460a7548b14d516638b0bd7b862b,0.5329579,1,1,0
76a2ac814caa194c46be1cf7a3f5dc129546b1c1,0.52648705,1,1,0
31fb4dfef212791f86f052ce8a3adeabaf830cf2,0.40184,0,0,0
ccfca8f714055cd9fbd00cf7e847b880132cae69,0.26939985,0,0,0
a29815abf4f0e51b332a8af1b83ad344104c14d9,0.15014078,0,0,0
92e6d716069686583b852a6dcf12af986d6dc694,0.42199436,0,0,0
d105819a0e72765ff5ba4efa5622d727360ee2b8,0.26378214,0,0,0
3aa6f11785a2f1b3b09df328a02a2c28dfa0bb57,0.38543814,0,0,0
b7a82a918f0a595a96047f7eef2672fd95d5626c,0.36439514,0,0,0
52f3240d90f2397cd1850ab11674ba08a0ecb2a0,0.2710802,0,0,0
d70fdbc40195077057a1edb14ccd16a26435d007,0.22882025,0,0,0
0751f97bf6677c3d55aa71542d572dc8fcb9e79a,0.18577288,0,0,0
e505e1fea57e0ab9f1d5edab92546d778a5f41e0,0.037624896,0,0,0
b4380f20059dc9e4ccfe2b709587e8069ac0fa34,0.38243666,0,0,0
32a9c6d42a3a48314d3f9fe2956bfc8bf49ac5d5,0.48301458,0,0,0
80417356f04c5ee1cd6f636e9b043db3f2de24f2,0.049539108,0,0,0
f48bca0510703b0673709b10a806a9d54894a999,0.3820049,0,0,0
f1b54876ab8893a5d9c0e3d7c1a9c884e683dc8a,0.07524651,0,0,0
c82f703768eb8a122546de23e412a037aa1770b2,0.0442343,0,0,0
36a02dc549f32433d7329444455dbb1be2e67f20,0.07589207,0,0,0
fa8957d7939b59e8d391fa17000b34e865de015d,0.37736082,0,0,0
5acc6a5502bffaa66be7e859849856de0ea27acb,0.33433932,0,0,0
b58789c5badc4f9680ec5724568af05a84670e22,0.41393006,0,0,0
9ee3a16179cb65f5fe4170257ab7cde558f1dbeb,0.42570055,0,0,0
4ed0bdf1c73fd82d3080d15085675de96d5be0aa,0.0686298,0,0,0
4950ad86a16e63fa26d51cd709e39666008c5fbc,0.039146803,0,0,0
b61362933f7a564d2ae0b7d6b9723f79f4948769,0.3793441,0,0,0
f28aa71041181867a720134e26b64b03cbccb6ec,0.09043298,0,0,0
720b988fd8d7a50fbe922e6c73a3681b1c566331,0.04911313,0,0,0
9d744f7136f23da9a5f9324432b300b5a68e3b39,0.301002,0,0,0
98f54c158acb12a26fa6f335b1665accd2aed347,0.03735228,0,0,0
22c6d087012fd55bc65e578a27f2edb66f4d3808,0.23636998,0,0,0
890b387d713d04c22406db6d5a5fc9b51bec2df5,0.10966277,0,0,0
c7d56cffbb4668d0955ef00196e08f42f2efe363,0.35995987,0,0,0
7680fae14c9f544d0585a7b150004a1e48fff53a,0.3218107,0,0,0
136c5ffe80e558a87cde01baebf823b06e3cbe75,0.30822822,0,0,0
8769d0f2cc4b7555dc025b7c0e49a81346a1e2dd,0.4704147,0,0,0
4b5cda5a2c6ca613db5129d50ffffce2604ad9eb,0.39579165,0,0,0
2e62764c0c386632e87ee8d12d0505848df1015e,0.058360536,0,0,0
4590f14e97beb6d10ffb7b5dd312c632af155ed3,0.020704666,0,0,0
079bcd0339f30343c01c5fd3d5521be4b822d30f,0.0279642,0,0,0
29283b775291bf03cd9a7e1aaa496faaa5757578,0.45268363,0,0,0
89321a2dee438328e75a11954e972175c78f0a2a,0.100317694,0,0,0
1f3e72fa069536ae20f37b29575288ff65e66803,0.16196957,0,0,0
c7720ca4c232d317cfc800a04eda4a1d5a44a944,0.5562707,1,0,0
a747456bfe077da467ff036172968a37f3b1e893,0.54716754,1,0,0
2f2c8b1cc6e6e731f7bc52b0988ea8316f475004,0.33096272,0,0,0
013b445ede8d9e7aad4915859d0c869b9b712f8d,0.50564015,1,0,0
f4e754e66e3661274df624bc328991cd88dd03d6,0.35945436,0,0,0
741944332d5bd90112b610a8b5f2eeefe51e08bc,0.32740515,0,0,0
4c7d7523088373be3c7ff203ea895d5a6d84083e,0.47530282,0,0,0
f79c9365d0ee89cb407b90cc084eece8fcf9a8a2,0.089184724,0,0,0
8714dd031647be34d0d27f461894e7b194f25cd7,0.044842325,0,0,0
83406b73e70a251eec5daae34f1bd8d554cdddec,0.38224903,0,0,0
2f956f46580e5b4752173e885d37a20fe31a78d8,0.5363797,1,0,0
3f36b7b50bdda3eeca632ad5440bb82b8e34cb40,0.026810631,0,0,0
9962a0fd02fe2ef06765271605b06729af8b2e59,0.06414449,0,0,0
5294c64b342818e021800b38413f36f426e35b3c,0.03176034,0,0,0
5a45ae3b1deb5117cb9e9a13141eeab1e9ad3d71,0.05667382,0,0,0
efafa61992658eab64c893e9eef49f545d75673c,0.16133617,0,0,0
630830476a6270e317e84229996a6bf92bd903ca,0.2670472,0,0,0
14097c64d243794610788d3ebb2e81ba8fd867c0,0.089537874,0,0,0
f2615d9a611db401cdedc022112c87ad938b5680,0.041897714,0,0,0
a24d624aaabc14a455d18450d9127f88d1b4f8be,0.34886447,0,0,0
49169033546d893dae3db903a2fa6af712f125c0,0.39359748,0,0,0
fa7588c4c0f8d403e4815fa72e3b8a3bc98d73ec,0.37648913,0,0,0
367fe13b46a0b4dda56b7f12273d6c9afb1da23f,0.025030559,0,0,0
368588b5c5c4140f39ea8b9a8ceb3d1af0708804,0.2918362,0,0,0
30ee10d2740fe1f28595989c6b21f22b75a147fc,0.39044684,0,0,0
af9fd052d1c208f191fbdf85873f965552465598,0.019546462,0,0,0
0a711ebcec7d32b66ab3c90b2a1f48681201e557,0.040397607,0,0,0
a4acf53336a482f50335d33b4f650a70c9243b7b,0.30686024,0,0,0
c26fa78817f30cc3eb91165b783e07fb80d80f59,0.076164596,0,0,0
944291b748bcfec4e2f3c17623884db7a17b9f21,0.49211222,0,0,0
c44f982e89b63a97190638cd12bd8bee2bafb883,0.32147676,0,0,0
fb46b941f7763314d667c437c06b1675e61c3d38,0.09377187,0,0,0
e9928c94ce1385ec72028336417f19f30ac38ac0,0.48066342,0,0,0
d4021487539b0f7758ec644f2e0d83df95c66bba,0.35591307,0,0,0
ac62c1c29f319a97a2552c39f32c8e6acd70c9e1,0.38528866,0,0,0
dc08bb8ea6cdf01188f6699559e779e6cc296287,0.40587345,0,0,0
82b8ecc3275d7c3578a6531ac3f1da3ffada9dcc,0.42621428,0,0,0
36ce032b612fc0a1156d28bca7327e06337c8815,0.034747705,0,0,0
2f22533ef41533e2b839a6b41b262dca59e6dbf9,0.085260436,0,0,0
39a3cd0f4210dbec1ae8ef39a87d34b76eac91a3,0.34035707,0,0,0
1f470253c46471033048383c027192e757480492,0.4938397,0,0,0
9c40a7bb3c9aca51d17490960c988dfb7b5acebb,0.13801652,0,0,0
7f8e952abc4d2fc4b96c97a51aa25fcf6ed8af02,0.5933934,1,0,0
bd0b5af025fab9cad8f94260138741c252f45fc8,0.1755942,0,0,0
e036d60d8a210d5ac28b2e5c51a45ceb82b58f09,0.43571162,0,0,0
626014eaf093fc2e3b53f5ad00c425bc209e1428,0.05124394,0,0,0
5c85b8dda5f3047732a17b818256b9289274d071,0.52748764,1,0,0
ea402becca436dc1a8e47ac9385a3db475b49355,0.30805084,0,0,0
255f10834a67cf13518316de0e2c8a345677ebbf,0.48371753,0,0,0
044de16c14076019f87763b7b58c45664ee57c11,0.042815335,0,0,0
e54ca615f213f5db6d34d9163c97eec98920d7a7,0.075270325,0,0,0
07a42d3ffd034e467e49b5c449d4f5f81c471cc5,0.07855235,0,0,0
e6da0f682436e1387ad68e86edf7418c0f7cb368,0.41416386,0,0,0
59ec4f018963eb55e32fafc2b924826c39c09682,0.5759612,1,0,0
ece4b70cce24b89483236b4cff079c10597d680a,0.095445916,0,0,0
09d28fe7995db1a4da2c651d362007d2082c663c,0.38959515,0,0,0
98c27699cbcf65c3d9d655ecbcd67adcd8b45b05,0.4420461,0,0,0
71cff7c5940b7101ff098601850d46b7a4698180,0.058125906,0,0,0
89e0607cf6470dda1a6a47b46abf37468df4e50f,0.08290577,0,0,0
6fb60857be1fed21bdacc4ce830bbf99103b6fdd,0.2879567,0,0,0
3634821fa515365618209f0452443728e7290fca,0.33770186,0,0,0
2fd62ee4d524c270764e9b91dca72e5cf1a005b7,0.0392611,0,0,0
a703ee75c40e0207f6831c4d48e1c7e62f160305,0.023852153,0,0,0
fd7cfed070c2aab60521afb7dcc633a0b7abea80,0.35720268,0,0,0
1de41ef4baeee1c95e245837299f8be265294445,0.082201585,0,0,0
9491d7a61681f7acc7103a6d1d45efe96f7981d2,0.4269164,0,0,0
2d3203b10cc8edf71a6e3e0822f0d742c9516aa3,0.40018648,0,0,0
d55a572e5867832f6d5755fcd46101da51a38aa4,0.04845434,0,0,0
170cfa758547b4d9be50058ad93cf60ce0da5564,0.4298212,0,0,0
3783ca4476fec8186c867e4e57084e649c318c6b,0.031781483,0,0,0
4d996d1bac1bb1886cd9c473ba00e53e3c19cf3e,0.41023844,0,0,0
445cb9dc2f07553f8e1e5f7c1150f00fbb05c63f,0.41402096,0,0,0
ad80bfe559e7380fedd7998daea5f27393ab643b,0.36706427,0,0,0
3d2d4fd1588c8eb3f67f34d75b66967d0c7b06b6,0.42903897,0,0,0
d54fad867da7f762ac4c0d947adffdc1f8f356f1,0.36827353,0,0,0
12bbaf3550d56bc945b50f538b5f18af93bd316a,0.47565702,0,0,0
150c578edb161bdb2e8c039f0914984f570ef8f0,0.18682988,0,0,0
af977adc43a071a09652fea4ce3deba2d5b8d171,0.3117333,0,0,0
e021734b62ea5ac273e516b4ac83727cbb99ec08,0.0212694,0,0,0
b635beb6efc07a97c143775c78a32d42b3b73c8e,0.025789596,0,0,0
3fd2492fcce073f0c36e4d7e23e34881557e6e5e,0.43114674,0,0,0
a918c493296c88da94b36600213c7c188f2589b4,0.049234767,0,0,0
9181e1d536bafedcb3587ca30e5b6e2d66f06bf0,0.3494551,0,0,0
cc8bdf1d13639d12d02170d40cc4890180bbabc5,0.046668295,0,0,0
33ee5497490cbc97f3eabe9ef7a6391e4dbee8bc,0.047587972,0,0,0
dc61e510126aaa1a95a46fe39bf1529f394147e9,0.19366138,0,0,0
d320a457a9de67be25a03f79e1695d549a0145f3,0.063499846,0,0,0
94ae6c84d22ed33e158b3cc822ca4a0484c829c9,0.038521882,0,0,0
e9e36cdc44a68662885e35773187cca00d20239e,0.023754539,0,0,0
7d4041d827aed7d9f3eb14310b824a2faa96b8b4,0.5208878,1,1,0
6f5f99440e7117ee3bb6407e06745fff14bb2a4d,0.3700682,0,1,0
3eb4be60cf00c20e46b75fb72366dd0649700c2f,0.5151672,1,1,0
edbd9842cfca892b10c2e9c8da0384fe005cd67a,0.3378883,0,1,0
bc8e23808b9d8d0c9b67270ef35d04ebd9d89cc8,0.593069,1,1,0
635e41ea181c5fee8860a7044c84ae3557b51189,0.43841088,0,1,0
c4ddbe6456c9631c301171098a8ac016eb4e582c,0.44186047,0,1,0
63f1d6b83bc10a2880f5ec17a172fab284d2eff5,0.49901405,0,1,0
10e18ae9b47dfe04573884739823d64825105694,0.40522364,0,1,0
d3252a5ca5571e0a97e9a31966ec6b847a3a8574,0.41151217,0,1,0
86c76dd5ea04d1881a52d79113d6dbb1d57c38a6,0.5073817,1,1,0
73a8fba6fb23af45ee77f52f33bb8d791a9caa05,0.49154633,0,1,0
e8db7237a9c347d2225fce9b49ff92bb741adffa,0.45590976,0,1,0
7af67bdd16a4f103bbe6334c5a865436c900adfe,0.36617646,0,1,0
71d7c3264239c55b6e2daf89c44c5685085f26dd,0.50985974,1,1,0
958029bdd45c3e341eb146031ed38b4487d7b0b7,0.21634108,0,1,0
5556026ed1dc17e70946a4a030842ade3a33baeb,0.3047969,0,1,0
3c92830ec51fb6b6e9a7ca2fb8fda324cd33e48a,0.52354723,1,1,0
0fe9685c8a78ba2d780a3ec1e1a323990dc6d218,0.58231366,1,1,0
bd7788b384a87024ddd6bbe6a9bd9a167cf2ec12,0.27488732,0,1,0
dfecbe970917754511a081f8b86efac211e624f6,0.5826602,1,1,0
ef51b068aef14fa347710497cfb67aa9c6e65c0d,0.30569497,0,0,0
173c162a45b4be6fcbf7a30c44d1953062a25086,0.22098799,0,0,0
c4c03a33c8b8b94eaf75d368473bdd10a21cd0df,0.15772022,0,0,0
2fefdc7dc3c9afbbe534ff69db5a754be0716b11,0.39884847,0,0,0
f525bc3ccd9cfb69603bd9778998263a458415d0,0.32958165,0,0,0
9072a7615a54d5e753cf088326d9e14f1a5a6751,0.28125715,0,0,0
11491d355da8a851d6badb6348b10d8c4acc9d8e,0.25664395,0,0,0
2bc2ffde1f4752e7a8c7ea0a51c559faae194786,0.2712109,0,0,0
35f1cc00274122c0274b522d0b544a06faaba931,0.38004696,0,0,0
98817e88f04cc6757c42ae52d653b63cb85af486,0.057733268,0,0,0
83775c432382b9c0367362491d0dc515bf0e131c,0.23573688,0,0,0
a498b87dbcaa0a61c6088d7156258a3cb06638cb,0.0587587,0,0,0
34558845e3777afdc1bf90ebbcb2017ca17aea86,0.02367493,0,0,0
59985b43f0868d9a4a588d9ca1debd03108f8cd9,0.26010042,0,0,0
8ea1aa1e7cc427c28a89878fd2dfcb110c992b20,0.29605505,0,0,0
d4c7f63054e584b69024664bc2f221faf9863519,0.01989162,0,0,0
20c733229df741e57b8ac205788ece2d563b2f3d,0.41252756,0,0,0
3051264e1bc1d41a29c9dae7935c090568f64af4,0.028071191,0,0,0
db0f2304bd7c3ced65cbdfe9e17e80fe0774c13c,0.19422266,0,0,0
2f67045b9647de10ea5d01d8d1e98ac7de3e1cfb,0.17588642,0,0,0
7ef106b23772995e4307f84afd1bee4e2337ce0c,0.020696957,0,0,0
71f6746f81bb9650f6f228ea204d85ba2c5b7392,0.023137154,0,0,0
2ed96f00f724c3331d6b56b6b5650b9632f43954,0.03849368,0,0,0
3720683699bb830a4aae6fb66a78ce7079ad2c56,0.03908488,0,0,0
df37e605fe4b027406bd9dd85b320526ab12a122,0.24814056,0,0,0
4ad74f449258781e9df189413423ffd6ad95c526,0.06427749,0,0,0
d81ea83a0eb1761bb4e90a91f3b70f23f88a7d2a,0.16340974,0,0,0
e2c0ea4374c02539ad9bc6c4328b74f25eb72405,0.06381833,0,0,0
cf42ae522e12e9b412e1a1f008ea73cfd86a5979,0.017121607,0,0,0
fb7335ab163588fe6ee67ef26d3b3edad5cf4bd5,0.4063508,0,0,0
e580d35e1a07431109a5835411142bd1c1c2b3b7,0.037227705,0,0,0
ea60fbe0633082a131bbb18de94fa60a04eddcc4,0.19025749,0,0,0
90e31fd93fdcaedadcd4b030fbc20f7375672def,0.02266051,0,0,0
52adf52e4669b54399fa50f2624826c06a19cb7e,0.05807793,0,0,0
71e515ab6d2007d34d96df5604f74c6fba92c0d7,0.19329977,0,0,0
6d23e85570fe1139cf5ef3bc9b4e57ea73680b6e,0.123124816,0,0,0
cb83f7cb31e50f265e098c5380b3f0051e257f46,0.05504913,0,0,0
2584b4a0ef536e59bf28ba140844597a093d848d,0.021349503,0,0,0
cac520971206093d32bf17925f880bd06d93f736,0.44272107,0,0,0
6a99050166c945a226d5f8275ce4a9dca3518285,0.16412196,0,0,0
6dbb48c8e685f65f45ad5df9f7684bed910036c8,0.033195328,0,0,0
260e0e0cd21af7b03ab0dae33b4978233db67773,0.025621304,0,0,0
b5749b4f54b30c0c2050e456c12cfcf516434f13,0.06953166,0,0,0
07ec8ad2dd862c8669b2557b995ec5180663d73f,0.06231586,0,0,0
28656559d2fc67193a84d5cbc48d378b2016f74a,0.45067436,0,0,0
0add1e8975336c65513b26123d48b221e2515ddc,0.47802475,0,0,0
8e7ea70a33ecb8db5207849ea6371b4a5a8ffd26,0.19527173,0,0,0
6f653f6bb82757963a87d725808c080109e7e3e8,0.04589008,0,0,0
1974c83561d09cf73a575f992fbd8416e3354d20,0.07635764,0,0,0
37c20df721522b175bc9df3f06a361297010df5e,0.37976614,0,0,0
061450a927ba1cc65f7b984f4ff41866ec2eceac,0.53055733,1,0,0
60b32953a968e5623f82a6b27d6c679bc17c48e5,0.29137266,0,0,0
f175a241c811d2d0843026b2dde5c3ae308cfb95,0.03966375,0,0,0
ea1a69d638d97d5ffc451b32d240479357e02b0a,0.02773929,0,0,0
cae70c10b4451ee3b919764f72dc4a4caf0f6f27,0.060956407,0,0,0
c0c7112dcdeb75b521d55cd47d0c61be66b0499e,0.036290932,0,0,0
8d0214a7417addf790713440f10855dc279876fa,0.37390527,0,0,0
e2ec4f2fdb2bb8d97f64a33e9ac288d52854a530,0.26309296,0,0,0
fc73151cfca36ea2641f340700dbe339b9e1f103,0.039530776,0,0,0
dfc9888860bf192cedde21e5e843bc3caad4b74b,0.33549246,0,0,0
5f9e0851da9e74c12e04f5a62cb7aeb1a8ab7589,0.011442051,0,0,0
7d5a61ed64315bd6570c5cb55c1f53853a3fffa5,0.11606776,0,0,0
82152f41ac8a727c2f0042bd555452dc2dda11b1,0.34613124,0,0,0
474a837858a8e7a98316f97e9ed387d0161015f2,0.031504065,0,0,0
39380da86acc717f419da48f070f8cf7d9f9ec94,0.28716666,0,0,0
0e266204f535aa48f74d4f2480b2268c13e26b22,0.028080624,0,0,0
5b7608d1549989d92dd159392c19d9ba8ce0e62e,0.027891967,0,0,0
e79a590e0cdabd93883aca964db2a862ff3f8490,0.024475472,0,0,0
ec4d8a9a6b783f1d5d603d5272c94deb1e7375ef,0.0100563085,0,0,0
507451866c98cf9e2ddff1008fc0152935ed9e20,0.113483466,0,0,0
8ac3334a04928faab627aef4daf4ac51c28a95ef,0.45202252,0,0,0
6bb871786e563ed82e2b8d26314c22772808fe5d,0.04232925,0,0,0
633ce604968078151e03363d5c67042af74310e3,0.27136415,0,0,0
18b3437c15d78c54510964728486831822809d9c,0.40450272,0,0,0
d68f7f5f44924ddee14428e16b7458e2878baef2,0.016525256,0,0,0
a48071b0d489420bfdc0c2ed7254d1dba243f700,0.030061327,0,0,0
5637a5204ffd7b77f569ed28f85610eb782a159e,0.015885096,0,0,0
0611710c619e67affe9e3b6471943d0ccdb9da73,0.32673925,0,0,0
ff3492b06299c0a38c029c8d7a524d0027de357f,0.18719743,0,0,0
0343b4fda87161265acf30d5ee61e525e751358d,0.01590934,0,0,0
756ccc935ef2a8f9f48e96f28c7c622ffb3e6627,0.1974107,0,0,0
612236c8a77d5d8c4755e287f682cf06d773a902,0.115481354,0,0,0
f37f4b68f3343e2b8f8d82c40398f975116102f2,0.01910328,0,0,0
0822b4226f31e50ec244d311e56e3446a8e5811f,0.008907489,0,0,0
06b7cd3a31c4565ceb0a127273ef800a3d084caf,0.030513644,0,0,0
04b55bc7ca0b0ac444fdc8ad01acef8172852a8f,0.28657478,0,0,0
54ff33b2ad26e3969cc59d7f2723563dee3e37dc,0.16118975,0,0,0
54e63005446a2b0a4255ba16838122c5808ef886,0.06298578,0,0,0
1a002c67f2d3c198411a62165e53b31d6b414aa3,0.039579708,0,0,0
ec2fa6bd5695b36435cc66ca4cdd8183d077a0cf,0.041728314,0,0,0
52b46e74dd29eb3eb65a593a872fd57694bc154c,0.061789457,0,0,0
59022fb870c2c45a27e00943003c5acdeddaeec3,0.023526054,0,0,0
03fe88ab71cf2eadaa39654786c3fba713742768,0.042183693,0,0,0
a0b798c27a0312df2a110073bd7888993e56d05c,0.16419311,0,0,0
fb7784fa1472b4c55d329aacae672f416e11a703,0.4583478,0,0,0
5fb158cc05a9ec78e31e49abb654e00a7b65721b,0.34036762,0,0,0
f59a674a26d349b7069158023194ad0d7a38a9e4,0.43014416,0,0,0
fad946a1d79486c5118a596e8ac67ef7d5189070,0.16594996,0,0,0
d190655a97c33c886997b9570697f432e7d3a21a,0.028732782,0,0,0
68acbc803e416a38616bc25505cb88dde81af5ca,0.01849649,0,0,0
e8a2c29721d145c52c970049e5469cfb0dcefd87,0.07356539,0,0,0
00fafe772ceb91c9f26d79f5a2f6c3695a141115,0.023736566,0,0,0
31466db6ecd115aa74616e14a75721b45c0f59f9,0.025025832,0,0,0
6d3796e64bdd5f3f4857bfca6982e6ecf98a2b33,0.27604806,0,0,0
131917a0d3303ca2c38fd1d6765b9bed2c23ff89,0.049961343,0,0,0
51512905c31ff19b91fc67b2cb3ddb5b1fa0fd51,0.13385637,0,0,0
56f0e1053c9aa767ffaeee37cf06a6056a221163,0.26534837,0,0,0
04b41e2c97fe5faaf521c2e0581c30e18e2f0c27,0.44768095,0,0,0
84d52919ec3b3c75f28a185ad7cd87603c3cc4cf,0.45549515,0,0,0
18f5f54ca0e78df12586e0750e257058746a5a39,0.5587931,1,0,0
bb76a6848b37cc3f418a370c56f597486618197b,0.58779657,1,0,0
69d4bf883cd7402d13497a40422d20096b2b9aa9,0.3439547,0,0,0
8bb3526317408fba3ae351719feb68703aa5fdbb,0.3387071,0,0,0
b212aa3c6fb91c34a0faccdf783a0a085d40be94,0.30791676,0,0,0
f8b1f6e7456a92b8aeb3e0aa8ef88936873dae00,0.034689423,0,0,0
04a5d83aecc325f87696c83b1a5dba45584ddaa7,0.078606695,0,0,0
c202aa8cec19d80f4671e77370287540a0777b7b,0.32885242,0,0,0
e55aaa5706f031df2e8d68bdf088604c79944246,0.037094027,0,0,0
63374a181393d941c805b6909c2ae5c41159e745,0.42378795,0,0,0
2b15e1f43de16d204a28f72a530abcc24208f4d5,0.20694077,0,0,0
4ceba113050407f10e116df7ecade93b1abcf6fb,0.25282314,0,0,0
5e5ba1b8129fc0d235b149ee699ecb2fdebfd39f,0.3114709,0,0,0
bcc7c0c85878d19735f4eb014e6b17a3c0deb0dc,0.4641224,0,0,0
f3a7cf629c19dc80734b5b6c3933fcc76c8a50a0,0.5261242,1,0,0
a72a5ced53067d3516ffbebf00a633743bbfeb5c,0.60604966,1,0,0
7642423cfa70fc797601afd64ad28ed1609df9d2,0.054332294,0,0,0
04e52eb6155b3cbf5fffc0d52689a3f679e40b19,0.53182507,1,0,0
a1cde6ab707515ae014c2635f9d32ad0ba64e7a0,0.03147266,0,0,0
ff902c15612f2d771483ce6bb06e55609247c34e,0.45077592,0,0,0
3f796bf74666ff9a4a6d31f10dbde4fd5e837d6a,0.040458336,0,0,0
c158713b66856745427f793f14a5dd1fcaf941ee,0.021960264,0,0,0
e8300276291ae634eda52d812e6e8d7cfef2f8eb,0.018149938,0,0,0
fac65b868c549d28b786568636bbc8362d2a78f2,0.02983779,0,0,0
c99a787752770b8952297e24e07bd404cb2f4f74,0.07406952,0,0,0
b877fb9abef4a19eec9cc7329acbd433648b8f7b,0.026915008,0,0,0
2b52dedd56503bf89b28cfbad21f59e3dd4d1d32,0.013895347,0,0,0
bbd1dc343992fde4baaa0309178509dd07eed536,0.32206655,0,0,0
dd5a0e6e1e3edb41afb4b40e4ec2c99e5932e73c,0.033780087,0,0,0
864721d54b8b372808b098e13120abe5c22fb9b1,0.21328725,0,0,0
18b1bc203bdb236bfd9084193aa2d55d4b605139,0.4062212,0,0,0
b2c1afce7eb13ea44fc7d25562cc3bb83cc91b2f,0.4325424,0,0,0
5b223744b49d3ceac9608959d2db82bbadb47897,0.4939352,0,0,0
031f6b082ff21cf1138907a7c666d6ff391bfd72,0.29760435,0,0,0
afedbae8aca69a092d65766640361801bf2b5d9b,0.44675958,0,0,0
fd59e545f4f2d697ea7e197f002c5e8eeca27004,0.03121691,0,0,0
3eddcccba7e0361d6e833407320908187b16ac8d,0.03857017,0,0,0
34a5e7fa91aa7ec9e75a16eb6f3d859d794d399e,0.034734827,0,0,0
fbb5d31a581c24e925c442a7754358d2b62a669d,0.11984274,0,0,0
17e65488113a2dbe9894f824f4321a06ee009e02,0.027816633,0,0,0
9625891a7bbc0a8b11f7cf9c2b4650775ec8ac53,0.2182143,0,0,0
13cd4e0ac3ab76a4dc091eda457f9a111727cba2,0.06344993,0,0,0
8ef8e2a7a5326eef6180951207f65d3c29bce419,0.24209161,0,0,0
844b2901fe4049fba29ce8c6961dfa25966974ef,0.3671318,0,0,0
faeaa303b903139f36c15751c8e48ef982222842,0.32725206,0,0,0
5fef9575646f6583fd2d9ee01368b3deefe6ce82,0.074261874,0,0,0
6c687c70a1d5cdbc71c113b7d7402dd89a942849,0.35307646,0,0,0
c049aeeffd41dd9fb8075e719320846c83e5ea91,0.034988668,0,0,0
9bd439b4e0aa69050ef1baa537e552fa4620e5d4,0.09549615,0,0,0
8d6bc0ca625f3a1a98b486541fa613b2fac4b41c,0.12299703,0,0,0
d2fb3b0865a87cc909e4faab7733f993356141e2,0.045010418,0,0,0
10ebb32ce1806821518f52074f0d171fab20b3ea,0.4083818,0,0,0
caaf97ed8804ae3bf6fb17cd98a5814cab834688,0.37521034,0,0,0
ce0c082898e3551d313fb5b73763f399232b3fd5,0.30813247,0,0,0
bd9adbb637a8a4aa5eb61c6fde2c576d0ab3c4fa,0.48257273,0,0,0
e4b7ee81c1773eeb0bb71ca53bf722f046c16a16,0.3452236,0,0,0
aa31bc6c313789c344d715b7c1aeea0cd8de47e2,0.23947257,0,0,0
3899cc6570bd9176c84ad2d5d14febc6c0ddd964,0.19877076,0,0,0
648eebba22d6398a01b0924975bedced8469ac80,0.30689713,0,0,0
8d95ae41975a2307501aa0f4a7eba296c59edce9,0.054660175,0,0,0
1f56bd103d53c8c6ba7502c6586c26be01bfdb80,0.043330885,0,0,0
c7c85ee39892df3ca007c6596c41654865be7e43,0.31149814,0,0,0
c503d742f094dc2048b72c3f78f5e2e6070a44e1,0.03416578,0,0,0
a2d41db55aa46bd4fedb215c978f03e282cf1ffb,0.23172046,0,0,0
5ceb5f57212935386737ef4af0d066e9fd38c5a4,0.23906834,0,0,0
cf6b6d8eb1b524b73cdb74168f3190ab471aa52f,0.24491194,0,0,0
ff8fd9578ee8f66e6f80cd7b9f204767845b7339,0.2521737,0,0,0
ab60f735c721103ac888d8d7b801055921336687,0.37132698,0,0,0
a2660687980b36003a612eb89b40d6fdecb4b153,0.031219713,0,0,0
b3c31a379e9ad7cd22cb7f0669b82361ced84992,0.46785867,0,0,0
204ed0048f4812201ef65c9a0c44fa54a7d1e04f,0.024361275,0,0,0
103b64a373256feae6ca85f2bf220e7694e48fa4,0.35189703,0,0,0
9c506279188a90dbbe124386cc52016682d17b5c,0.17249043,0,0,0
8eace0187ea2c0c1a6e3a5b5e24e701f6e23ae94,0.20845746,0,0,0
72bbbbc559992e5e6bf17279d8194aaa80c62e85,0.31249896,0,0,0
feb7ba55120feb5e3ad3f526fae7dee1b5189d9e,0.20948741,0,0,0
bdb074610c87a210ea4c0d91d579cb4558f4b19f,0.071682975,0,0,0
64d820bffae723b9c8669301b246ae199db61b5c,0.033433426,0,0,0
d58d64ddb1f205a54c7eb57fe0cbec9c59cad8d6,0.22690895,0,0,0
d962a2b31c9a7216c2df557eaed3e475b13939f1,0.39737278,0,0,0
db6f7c1d74ba64211221a69cfa9fe7171a9199e8,0.4288509,0,0,0
1eecfc948bf6f4cbb9a2481313ca7368ec653056,0.43451008,0,0,0
ac5a216f767c6defa4da720c6ecb3baa05e30254,0.022565152,0,0,0
d9a2c69a9d1db6072e1d7b7ea4fcbd5c15d20b5d,0.019284796,0,0,0
d0f6be9886afaee6080cd4b7cd5d165c767b71f0,0.20914459,0,0,0
8ac857c41ec8ae02e57eb0c1c1a012525e7e14b9,0.020938762,0,0,0
10d2363fcdd6e15568f765ba0dfd5f0cfa0b04eb,0.023398943,0,0,0
8232c096cef785a2ba88a7324b882a7badb0af44,0.026622402,0,0,0
5f4249e2ec8cccb17b27a7ffd032c4fc237a6927,0.023273457,0,0,0
86a59601b570585dcb7a1ce3d1ccc8e16008f53a,0.22004786,0,0,0
809e2bed22f02264e0ac58bba070f6d84386cfc5,0.062513426,0,0,0
6423a7665516d738ae50d272e3b4ca72cdb89a9d,0.31407762,0,0,0
8274993e293a79fc75829df398233915a6387a4b,0.10513704,0,0,0
e2dbe55d56bd6c1209276050f527d36717e33e1d,0.097926885,0,0,0
10325422e5a4735aa87a4d47bdb377e09fe963d2,0.05064822,0,0,0
a069c490e8119189fa2b43d3b597b79b3d42a367,0.57506824,1,0,0
a945ecbbdda782b51d5c2c670345fbf4dffacab7,0.30974123,0,0,0
e4c72a5522aabfa6a660088aa9262d849756e464,0.3464804,0,0,0
0095d8adf26b9469115b1be0358cb09d1fcb5fd4,0.04678357,0,0,0
151f2cd3d80c006f4ec228cdf610c3a35feb195d,0.39050746,0,0,0
33884b226454324f27700f9069f4702b44ef8ced,0.17261204,0,0,0
23108b1bd90de315aed37fa3fc1f38f8a56ab9ba,0.040283635,0,0,0
d6644e4fbe3d125eed2d85e58fc7133466042f10,0.23331247,0,0,0
dc53e49b4afa5d59c533cf2b4918402c37411fbd,0.34069514,0,0,0
f9cab271b3bc8c2fb6e2c51449ad3bc07e62e174,0.41088176,0,0,0
383bc8eefae7e17d0bb0349ab2300488c655ec42,0.36147535,0,0,0
eafeca43268f16aa9d4a179e44b9e7747699c1eb,0.3733706,0,0,0
4733cb5b798cd72aed82a9118648b4a86c91539f,0.43442056,0,0,0
9f89fd4626bbb4e34a905835e397bcffbad59307,0.0327042,0,0,0
2dd459003e19e4bbc2811b10d38337f295fc5a19,0.037996136,0,0,0
8d601ab71228f7c3dff950540e7ee6e4043e9053,0.029690929,0,0,0
0f6a292a29fedd49741310cd517ac4ba907bf8d4,0.03472772,0,0,0
011775551ef75d75f81189eb4604fd0f2ed424ba,0.038799454,0,0,0
695342cb1cef42f30fd1a8496f181c92b21ae82d,0.3202732,0,0,0
c14890f08b9bb47ab8ad27f4dd4c714e32961d0d,0.55734277,1,0,0
f3d2d55ab9b783af65f2050272cd0318a9ad23a2,0.37990597,0,0,0
c0771cbc3c445a9d1d2a43ac4ce3c0edbc806957,0.06517334,0,0,0
3aface95813003ff75505e2ed7d75b072228d3f8,0.2543098,0,0,0
2c437a12bbc578442daaef85ab486d1e55763853,0.023275627,0,0,0
ab0570e63aae3027239dcd5d22caab95111a5de8,0.3384435,0,0,0
f015fb2b31a5621689a57ce9d2d300e5f32357e1,0.12322286,0,0,0
cf950e7365848130c5c2d57c871652e6f83e96a8,0.27666584,0,0,0
e6b830bf95f712672cb9e77cd852606cd134c5fc,0.35017827,0,0,0
09c52410e62b0e1e221d413d7ab18feefcca6bf7,0.23033051,0,0,0
9dcd87f9c46786f3da54af7ac1ba4696840dffa8,0.43424326,0,0,0
f55530a2ffd3c481f6554d98e9d73f2e8c62ec8d,0.43163976,0,0,0
dfd69e038cc7035031d1807c4ade870d2a7e2ece,0.336842,0,0,0
a49ea7a65b7990b3e6e625bc8bfff7396ee49300,0.021939812,0,0,0
41bc4cd029fc486b5570ec344cdeae049bbca860,0.016459906,0,0,0
51b2cabf2c3737de06fc889b39d40240d1b134c2,0.013243225,0,0,0
8a05e0b0f640289c32f2f261f35450532cc2a1aa,0.07892819,0,0,0
2cd3f0f10a797b744509903b8eca4fd2fd4ed6f6,0.27526656,0,0,0
8c1a0d2ee1433681958809b4a0fede65f62936e6,0.09421222,0,0,0
a08ec31dbf212a033953dc6916a743dccbb93e37,0.04762307,0,0,0
795fe5d869594bde53f8490d75eedef6185b6c37,0.037026223,0,0,0
5556118ad13fbb80a56d7b8de6f960e9ff8255b8,0.070033066,0,0,0
f643b4fa939e89348618ddffae20a804f4461363,0.099610575,0,0,0
bd5cc81ed7f91865aee7a5a7febeb237220d0c5a,0.03716277,0,0,0
657704627b297a19a693645cf03c5c70ccd9a8bd,0.16236056,0,0,0
363cbf7908cfcc6a538126bcccf5c955afda6aa1,0.023383921,0,0,0
c636539836ecb541d9ef71f2d347772cf9f6bc52,0.035563763,0,0,0
7cf5e01c2a152a0b612cb19e02213879a57c14d2,0.2198728,0,0,0
e8d861359ade336badcac3211e5aa447097479a6,0.019083764,0,0,0
044367419dd317eb9f9935d8360280b8b8695462,0.160134,0,0,0
86a082e8be8c51f07079ded82d6d125c9efc1791,0.21006952,0,0,0
ab25f67348d4885620df86497889c1826f013a73,0.05133804,0,0,0
07811434b773b6e1737fe7dd3775aeab8afb18b8,0.11714514,0,0,0
5bdf0a938adb384bfdb6cc494a2781e2ac33b0ea,0.068957984,0,0,0
30c85ad05363767deeefee577063c2c432b971d4,0.27009878,0,0,0
1661e5519c4836a5a940b13b7797263443156fc9,0.045044485,0,0,0
a64153a3710c5035988690f0acf57dd61b711cf4,0.30342638,0,0,0
954ade4c1ae2adc0aaac3a1dbe800495c519520c,0.26187974,0,0,0
4bd982d1a1df87724682c17c39bf27b5cbe389be,0.06346509,0,0,0
a6443e146f825291308319c6a0f2eb82aa34f8c3,0.32706285,0,0,0
914844e1b226a1ac7ba45626ecfdfb56e7b2e263,0.18521461,0,0,0
98fa164cd88d126d0f137f5bcb4a1d180e0c2fc4,0.08900454,0,0,0
c79e6fb8f95bb07d2394221b29b75fcc016f4900,0.12811412,0,0,0
6597c196521af500feef7a02610727eafa7ec1dc,0.027174551,0,0,0
4670a941be92a55fbaaa3b4055d444e07ffcadb0,0.017983567,0,0,0
cde4c529034e182a982fd842252ec410d213c34c,0.5276728,1,0,0
b5f5449cf338376d12404d0190054525987f4276,0.05372677,0,0,0
721a6e59f7e4f5c0f3196d3eb0e81cab5e41d065,0.03457325,0,0,0
c7c424fb9c3a39b6ea036242e44cdca324f7d104,0.018330595,0,0,0
a8f41ec97d139f5d0d7cf161e8484f2bb809facc,0.4754454,0,0,0
0181c8059c081d144cad36d003379bd50fcd9da7,0.026021162,0,0,0
90f0a680adf3eaa95e46e96d28ecd6848c74bfdd,0.03997768,0,0,0
12e597a78cbf9d82414b944a5b285d81a2e27e51,0.15817462,0,0,0
b45435c950e6f6864671bdffde29e26cdc8ce15b,0.080028675,0,0,0
4259a706ab8641f408afc3ce224b1c0ba5a43d17,0.40522656,0,0,0
f0f896ee600ea7ff66c083747f370453b914be48,0.08006418,0,0,0
5482ce61b003726a9476c76a4337e043af4318c0,0.030027488,0,0,0
31a9fa0cce769c976d74cdcb6e6ce8831793db7b,0.019545877,0,0,0
1a20867d01ef8ee5b32b0620125b7c38a10b80c5,0.025882967,0,0,0
1731949116a7278f2b729cbb9e505580c8f56980,0.09850635,0,0,0
b521820b23c45fd068618d10955eceed48801eff,0.026434518,0,0,0
661d16d190708a1a396d8b75ba10738e4574c11d,0.04525684,0,0,0
3c2673e82d33b6c9bef3005a896e5b0d52b108dd,0.018135976,0,0,0
99900ae089cf996bc969f0673349c06c2e6fbf1d,0.010586735,0,0,0
811dbe7226ba0ede04c2062c2dba8f72a1c03e58,0.3823816,0,0,0
9f7d03f09172afcf0a7be40e3262d151ef053b3c,0.30142006,0,0,0
3c89994355f3574078c832b2dcacba0e65e87ed1,0.4510896,0,0,0
d547412bbd2a1ca56769a2bfa13b7ed9547310ca,0.35184127,0,0,0
d3146a545612422d3f8078f10afa00342b327199,0.5186831,1,0,0
8f54030347e31e0b1492fe874a1f1b67b89b836a,0.5506404,1,0,0
f059e5f7fa1ac4a906b5d2e18d72d410bf28fa2d,0.46152228,0,0,0
a5e76ebc404d419651c2a25b1a62199de64cccf5,0.25603822,0,0,0
a91f76da21faf4e8b70f0f69c6db2521409e7d29,0.042780146,0,0,0
5a52446090a67b9b04b67a0b7aec94e73bd21930,0.014937947,0,0,0
82cc24437f43d07880d8883229477735431e5d02,0.042795103,0,0,0
859224ffadb79147088840732236c1fad341d842,0.090918444,0,0,0
314b6b56bec4af56dba667d66a25c1613f4bc800,0.43882653,0,0,0
8cafd87c83f4197f7e8d14de8cba453c844266c0,0.22966743,0,0,0
a060733e63a9cc476342ca190d04ad027a241d33,0.03247718,0,0,0
e685d847b4c70e354e47ea3990cefda3265aa5c6,0.057615794,0,0,0
c8e648b92cc133a604b5e1f4da1ced943788e64b,0.21229278,0,0,0
ece2f255eed8ad9eff6e236152de65e804c6adb5,0.0089201685,0,0,0
9766e22b42b7b3f3923cb9c2502dfc2dd5d0a5b0,0.012525514,0,0,0
776b86e99a1ce18a5093db457109807b766d49c1,0.016500521,0,0,0
e1bc286245ce5f798b5312d65bba64c71921a3f4,0.16903219,0,0,0
585b1cb97b4b9e81b55d68e04b6c1e1195058a8f,0.017370813,0,0,0
7587431987258e94748d5f2fda1e6ca049a21600,0.032894704,0,0,0
53def501409cd1f9e20ac43edba6f2949bb366c8,0.10920209,0,0,0
7c19a1ff4c217f03c0be62baf1169d689f566825,0.37210426,0,0,0
8cfc1b1207577943d412789765a3a2085f1b3036,0.20774968,0,0,0
577f7b3b5462fdf84c0956a3bec5296bf7821677,0.17187916,0,0,0
65b08c4f91a4e5d78eb645b46d06d7a46f8c62dd,0.19258308,0,0,0
0344ca3f2d43e3732bf16370262303be8761a523,0.32915187,0,0,0
c68285bb3392665827595ac408a5fad828b0351f,0.28342295,0,0,0
18e692478dcf91fdceb9b9fdca7c61a1111d63aa,0.2697522,0,0,0
f2d8493ac44995170ff84bb895e3a73e0127cc68,0.29097512,0,0,0
f5ebb9a649e9dd0773f9bd3457d6ce1895266d59,0.036925085,0,0,0
3e08af573f8b50da5202f55df62c925f88a47f3d,0.31883335,0,0,0
cc94767e7eabdfcf9d1cab1d8d1d8556864394c6,0.073838614,0,0,0
d6ad3f01574b839670d4ea5cf82a601eee7e0c16,0.23441462,0,0,0
a2dce32cdab108e7e281dfc27dd0a394e1419ce1,0.034094747,0,0,0
fdf05fa29babe21e64f9a5b268dc8406d449d4f1,0.033590294,0,0,0
0b70b01a9f1d9664bb5eac737175f58f06979b60,0.02021118,0,0,0
7076b7408f06bc8a277f58e7bb6c2ec3372d5d6f,0.2998636,0,0,0
cc6beb2d05347fba64d933906ae2b712b1a43302,0.086700104,0,0,0
c7554151d3f695718a5bd431e22c7f4c39a0b261,0.058263656,0,0,0
ae862ae116f2056421ab8d6e997e7b64a95828a5,0.108777575,0,0,0
d65b9d2bed09847ef28b9ceb30c9f8a96e0c12fe,0.074755825,0,0,0
36217ee164239391c672fdfc8f5bd080beab5c4b,0.24762593,0,0,0
44854912194177d67cdfa1dc765ba684eb013a4c,0.5502317,1,0,0
fd60085a2a3891ab6db46dd3b75e9dd67a7c734a,0.45537397,0,0,0
f4bfd9c71f51fb541d0fd203f0df2e609632dc62,0.28338838,0,0,0
3b6867fc25b5dbf27925fdced660553ea8289dda,0.35795668,0,0,0
ed94e5a5cce33af89dc1b1475204734b17f64bb0,0.35897946,0,0,0
87eff4c78fac85c1b5f2309887f6be5fa2972537,0.1290755,0,0,0
732ea5e94fdf8fef42b5c21d001983fb24d2842a,0.037964843,0,0,0
09d70ce73dd37544c92621eecb7faf062fccbd5b,0.23785159,0,0,0
060e66bf995177adfc4d73a2a4c9bea70dc5e441,0.3447971,0,0,0
9a7de3974d64a5410e577933e141797928adca71,0.40335882,0,0,0
1e9e36640f762d29c07d8322c361ece163b179fb,0.12512001,0,0,0
c56b87d6efe530590b6d9a07e41ca00af208ce37,0.4638348,0,0,0
07f3694a5c85ff5ee8c556817c0d2ea3504f26f7,0.49072573,0,0,0
5cb988334179b4f04a27c59c1e6a888db0dbfc9c,0.41572142,0,0,0
713c77ceda21d0c3cc9c213341259d64fb46fdc7,0.41648412,0,0,0
729bcc46b503c1574c7c93a65e902f436b4ec6ec,0.017972471,0,0,0
6ea2fc8d38e035bafaa92c7d3b007be38c2e9000,0.01476029,0,0,0
95fce758b0e12837869cae450d8029d7237b0dbb,0.018841684,0,0,0
6ce88517b3af6d48c979b6e984889b69c044561c,0.016667556,0,0,0
b52c69b1b0ba1c542b917247f1f76deb4ce2a42d,0.013020031,0,0,0
125cfb4cab35daebe874a599877d6280b464212b,0.012200705,0,0,0
6f03c0ce11db4a270124b9bf93338d3db9fccf5c,0.013803761,0,0,0
96a1a31d734e663af5c9bcda58c7bb5870e8a363,0.011004724,0,0,0
7aad59482002d0b4bc3546259d33eab20ce76b9e,0.33165807,0,0,0
c1ffdbab58712cca8463b3edc88f9d5a09b0ca9c,0.105835594,0,0,0
758228f691b34c97f421ed92336772531495e0cc,0.04967696,0,0,0
a26c66a8edcf029ca5f94354cee0db267e9ccc20,0.04152736,0,0,0
8dae1f2904b93127f101bd36c1c79e801385a8f7,0.13488312,0,0,0
4f928504ea91c3c1dd43ce696acadf76624240a1,0.2501172,0,0,0
22c30471564c730b02f5f7cedec28fcfe5749fc6,0.015024504,0,0,0
10122741eac52e218771f30c6dc2c0aca54ff006,0.025697913,0,0,0
e863dcb2e7a654af6b8eb5865d8d1d8eee0a6d28,0.35643616,0,0,0
d8ec011d770e1e04ef4f87fba673f3748f363278,0.060203575,0,0,0
f7cbda67518ed7335566ebf942cd170a66746096,0.36120543,0,0,0
7d061e33e59e23dc4b03378f35f50a7d70f033b3,0.051266696,0,0,0
49a876cb1c2a49583b9184ab58a579ac75525986,0.30508953,0,0,0
6dfc3e64037f10b84fe203415e79e2435acff558,0.3173885,0,0,0
5fb74a6618da0ca8b12a3346038164913a5d27d5,0.301871,0,0,0
f5a9effebd7209f3fa5385f18a5e59e8a09122f2,0.3471933,0,0,0
c614fbcc79615f93d2c60a153db6e82d7474c425,0.03175866,0,0,0
d575057852ab2be41abb39b8de69a35cace5c67d,0.42321235,0,0,0
c8e61afdb89c58ea8ffaf04593da41ff0888d30e,0.17516625,0,0,0
c3b1fefbad0c67c8556ba6b4573f135197f87598,0.2537867,0,0,0
60412131f3679b720bcaaaf3dea4be666cefea7a,0.19992346,0,0,0
2ce40494073aa4e9bdcba4c39d24727b7141d227,0.015924249,0,0,0
2e9f3a80146262511ca7bcdd3411f095dff4951d,0.045866672,0,0,0
2c0429aabd2632c8c6a242e4a23d5eb6f46035c0,0.2767865,0,0,0
bb3fe2a37975920d1c7b9cf16309d86fe86e1a35,0.2743524,0,0,0
cb686673a70a6f14c35575550c48c37d19a1598b,0.20213619,0,0,0
357fe1378889e5934e8f60c8d35397bf63871991,0.20540209,0,0,0
9c886bd4a188c91301029040b3a839e4b8e2812d,0.30299497,0,0,0
8b62c114cfc5fd347bd8cb5a391fdfa8cb539435,0.06808831,0,0,0
56b7ae44f957aeb884efc797ec74c790a7a3abae,0.028970823,0,0,0
17f9d22f334c91e701808808170bf60aae7342f9,0.057209518,0,0,0
9901bf98e4921df1c85e323c4b096b7feb80221e,0.30544138,0,0,0
aff0fae2ec3a7d74356776c183c6986eb9eed520,0.045266118,0,0,0
1415c9a2a6317dbdca6f1fbb530db1f558d9bef5,0.05003877,0,0,0
e51bd89201477092c32c180e4f8d00569db17ac1,0.09525174,0,0,0
efba54d35fa094de5e580b200a8607bfc7bd5a7a,0.05266404,0,0,0
58a8f12b443d7cbc16ec00b8841138ee55ee6630,0.29244018,0,0,0
e7d16c27629722a93a9d36a0b5e0a3a793850544,0.021293709,0,0,0
3fadfdd69f4682f05563ce53e55743f55813f488,0.038247436,0,0,0
bcc4f82a7aca3fe72142bd8d9ab3ac6c9d4d2767,0.38827536,0,0,0
54acb6e10f33d5f71770323e9769d2dcc1130a86,0.01315629,0,0,0
bd4066eba88a772c06394d818d87aedca8bea53c,0.042217355,0,0,0
09ef69c5b51115300da6df43690cd455d83c8027,0.10291727,0,0,0
a5391bb34cbe168f2c5f5f6e8fc3a1eeb9399e13,0.29385254,0,0,0
96cb498f9bb88b534e49f9b8301c9fe7113b2dfe,0.35690242,0,0,0
f4a262df5204221184f1f5008b06957868684a25,0.34646568,0,0,0
81ee0d062c888d8f8bcbc154cd7f0143710f458c,0.29677787,0,0,0
4aa4291ffc143486757617b743c9670001f8a7cd,0.2823812,0,0,0
ae6a24dd439a7b778e35b484a3a6eae1a8eb64d7,0.33786157,0,0,0
9379d0d36acdf78455e81518b3b1476c7691f056,0.030510267,0,0,0
2521d9619fe1f052ced8ea1107851ac98a1b7488,0.03726786,0,0,0
7721302ae5d70d2986d74ae7e7df648bf849997d,0.06362201,0,0,0
1cec9a6fe588c047daa6c711814453840405561b,0.04099988,0,0,0
a36c903d4f1065bc59f5e6d2bb0f9d92a5e71d83,0.3225024,0,0,0
08aa21f9217df0a28d48be5be5db03ddf4867140,0.022614624,0,0,0
4f4e2b064e98ce1abce98428965f8eed86f4543e,0.27082658,0,0,0
2a11642511a3c69bac5aa1abd83d3219871395e3,0.04547514,0,0,0
ce178d8e87ff6f9a12aea4b217c1e09254936236,0.06165306,0,0,0
9fb4f47f352dc1c1f5f20de80840d39e1eebb985,0.20768373,0,0,0
762641dcdbae9456aa2b72ec8fa1baa0acab942f,0.016901739,0,0,0
47a9ea7c828772625b9e26c0c7a6db494ea626a3,0.019066246,0,0,0
9d090d40ef488c6c8e0784da877b93a05034e339,0.405767,0,1,0
e7e48da660e17bbe5c0f8959c2cb9f6d60555cab,0.027274013,0,0,0
5d369c4fc53a2ef5c47f16eced9fe917a87146a9,0.23150864,0,0,0
558f84322cefd02246c49666d7e7a3b2e2cddc13,0.21881236,0,0,0
b0580d508bdee2903f05d95d59e6e9a1dc9d710f,0.5906369,1,1,0
32155107dd982360e813d10d0c76f6f7cc2cc7bd,0.1664005,0,1,0
596afd4f5a73c7fc756d9bdc12c6613856ca27aa,0.6123242,1,1,0
7f0046cf4e2161f0145e0e59a1b9684b04061916,0.23241803,0,0,0
1f5e68b5612053cf35b31a13c8b5e8341d892f93,0.040536862,0,0,0
b236d5259f95b755aa5e1d955c8f835312047d77,0.24411787,0,0,0
8fe95aaec201acc964ffca80954e60f7c57d7413,0.22379959,0,0,0
d5b16405c77037e37bd180843c1eba79117da7a6,0.18703961,0,0,0
d3aa5b77428d77f5954e30b14e7385c15f6f398b,0.17411679,0,0,0
83119a80aa1551bea003ea6b9e65b616b7795246,0.26017255,0,0,0
c4de3dd2bb8afb3323fc3aaf394a463aa4222768,0.2067083,0,0,0
f7f4b909d0961528c9b02ca5492b2a57a8df8bbe,0.35497332,0,0,0
bb3d861fcde210e45f3d3ac59d8ee6e1e4086cb9,0.24972112,0,0,0
1e6dceb8ccfd2c97379f78066ef4ad2b9a17b1d5,0.24926478,0,0,0
361b73775230d91b4ad9ed588d6d57f3a049e907,0.27432713,0,0,0
9a2f53d2d56fc58617f2bc7e8ce7f488dd05d47f,0.27095428,0,0,0
6ee118d2a12a4c0bde2c5b828e05ea9b18d4be2d,0.14910026,0,0,0
eef240cfdf77df4d3ec55c2f03dc52112dea7553,0.2548832,0,0,0
0ba5e75432717181296459b9bdc98f9cc3cb2c7d,0.31939954,0,0,0
5d83e4deb81aa7e06e4587809642e70ef9a03662,0.012686952,0,0,0
c635393fb9996ec9d33b32ca27a720d6d5593255,0.17843384,0,0,0
cf4d2789901be233792839384ba76b94dbd25888,0.20603172,0,0,0
46a1c86ab3f4e2068023a1faf1c704443f3f36e9,0.03985472,0,0,0
d31ea317a5fa6cac0e281bf0aec5367ebe45a217,0.24945112,0,0,0
88564caa20e4bee55287b258543cab35e9d3adf6,0.3412823,0,0,0
9f0af0bfee5a92e67ee54c185f49fb7c771c15ff,0.19193089,0,0,0
05f3b74fd581ea5f8946c64edcb293747b4d9a71,0.28421035,0,0,0
43e4df85bda71ca1500112912a83d3ed19868c4c,0.37909356,0,0,0
8283d966f47280f682a1407d499346a383d1b1a5,0.309477,0,0,0
5878adfaf37ce37e6988956e4cd5c833c6ec61be,0.3206157,0,0,0
ace5ba00f7067d517a35713f439344f24144fb79,0.16753899,0,0,0
67e443370e06288fb2702d62c0206221413ab852,0.107293256,0,0,0
9687cf07f34bbf5f67c17e75cadd287b9f6662cb,0.13858648,0,0,0
94cfd56bd9092e0fd8579120630dba0c857b7777,0.28622982,0,0,0
077913c7e9eb8e4cf8863b7545bf53c2923066cc,0.2610001,0,0,0
fbb81a37f80fab1d1e21435782e034eade76114d,0.24958976,0,0,0
278eed3e1f7cfef2d39a25aba53f4478c3ad8c58,0.34051877,0,0,0
73dcea01b19ed9fc9c0d5a8c38e752bfe071c801,0.0212166,0,0,0
54bbca89040ed195b89478713fa4a181cb2bca3d,0.027938,0,0,0
1fe64733a2a28b795bddb152e9adf7489b6ea7c2,0.2727385,0,0,0
1194c69fb122709872fd634ae9890cecd1d83e90,0.28850386,0,0,0
709aa7bf9c998cc75f6e0be7d258aa5a07ebce8b,0.32708642,0,0,0
cdacd4a987755572bd4d6d328b371644ac07ecd2,0.43091932,0,0,0
ee7ed6e655c08774387f9ee60ce11b84d7901cd1,0.074017726,0,0,0
edd64cfd822ae2ca2faa8dc1c73edc38a6e19f0f,0.46484935,0,0,0
ed085d064c0f80b0bcf382550d10fe6b6fc9f283,0.08263141,0,0,0
4a025d3f8e31bc3e944399990b3a4baedb90e630,0.22081862,0,0,0
157aa8daebcc6a464cfb350de346cc550ac13d15,0.02735287,0,0,0
0dee0324f694b1e035b9c3dcc6923278defe1d3e,0.256283,0,0,0
136b96c803ce4353f2cca2b24171ddbe74345fe6,0.26002127,0,0,0
99c63edb10e945d466dafcbacbb6fe930f2a31ec,0.25515422,0,0,0
1c8fbeaec2ee80d45b78742d63aeec0c9d0c4e9a,0.23229545,0,0,0
b1162d812eebc9298b7fd62eac1dac119ae5f271,0.3260843,0,0,0
125c820e8d43df150ac09c9da5b38dcc1ea6e03e,0.20885272,0,0,0
680752e1414c07fe4357d5b6fe3052f3d9dfa374,0.22660074,0,0,0
f36d6870f2e1feef7f1d6fffeda056fa72c051f5,0.17457063,0,0,0
62e69cf4f2fcb3ad8bdc44f75f8a9e3e20ca7337,0.013506215,0,0,0
7df57879c92a467cd71860e6cfe14a04a49fd031,0.46646267,0,0,0
fe63f95fbff43495e57ebc37350798dee024cf9a,0.34460303,0,0,0
719d0c56036111d07c46ab5b0f379f62f14ecdc6,0.06916075,0,0,0
4951344fb2ce246e0cc5a2dff90d24cea6eb3a75,0.054326896,0,0,0
c151913ae25d55814c40b7f922886d52c7086787,0.08761995,0,0,0
ba1e716261e055f84baa9a47f9ae2ba959d54390,0.20042728,0,0,0
894fd838fb695d794fbd28cc66c82b80a9688c91,0.045175567,0,0,0
ed7710f41c594c030188917cc773adbb6107383d,0.0324512,0,0,0
11ddae0a3570fdeaa421e4e378ae14bc173598ba,0.01403287,0,0,0
9e8b370391f5b3e71cc349a2ff556d8a3cdf1232,0.016137231,0,0,0
15ee56bd0f91ef807a3e729ab3410a834ef3fcef,0.01564307,0,0,0
72784c46f6a7d7644398db5c7ac8bd3822c523d4,0.11994393,0,0,0
90559c49bae582697906598c735385c19daa6da6,0.2945397,0,0,0
b34856498ed290a4883b077db0d4df2991ba190f,0.049582772,0,0,0
8cc80dd1a449f98924ca9e74970b35f940d43800,0.03228471,0,0,0
84a844af5d30ea41750071dc8140a56e9e146bc8,0.17487234,0,0,0
6f95e26fc92e929fde30d592e7572493d360ea3d,0.21795714,0,0,0
fc3d530961ce4f23fd2c8310f82d6d1fdaae6c16,0.26075628,0,0,0
53c08a37ef81ed2aa3ab57f5933ebbc5db68328b,0.26105955,0,0,0
bd861c0d8009bbd51137bb97d15d5aeb8902eb2f,0.26059648,0,0,0
584a10fda56263ec0ed555f9866a1a82851a83b0,0.2915406,0,0,0
aa0c114ac9636012a941ebee49d69cbd6f6291e6,0.23821127,0,0,0
bae09b4838de43ab6a8be25ee25d0d11f0fe7477,0.27372056,0,0,0
4d8331ef9c3993ae1d3c091a758b24cb9a037fe4,0.13613182,0,0,0
1d1cb74151d6fa0272d607d06ffb85ff4a50e972,0.17743862,0,0,0
6602d00afa7a5f32218784dc54975cae5540a255,0.0987089,0,0,0
cd78c96d225752e3656a2f1a302298370b55a4c9,0.15393612,0,0,0
f27cca133f9a28899e00488ef56b2f8a2700a68e,0.21891972,0,0,0
3fe52d0cd85c01eadc44933df5596d177c3ecebb,0.14780982,0,0,0
81d1982c3cbf56f77e2edf3f063ff84e6e748549,0.18543293,0,0,0
e32f477085a9b6f658463bbbf355405980c515bb,0.13026878,0,0,0
7419cdb1fbff1096edca78bc5db34f7fdb3b7342,0.16252641,0,0,0
ce1f9e29288cdef4fc295ec2d5b4f846f0b732d3,0.28747058,0,0,0
60a8028d22b88ee2f2d7cf7657ed35f4046efe79,0.17252573,0,0,0
c779a5ddb807f1a84e1e6a5e43a0f1296dd565cf,0.16447337,0,0,0
c2bfafd4bb8ed95e30dce29e65a9afce26a7d860,0.17740665,0,0,0
e48157a0de54d6b82137d62dde9cdbb4bf5c6f40,0.14220771,0,0,0
6d908d014c25ef3da000789dd56de0b6e7c9ea8e,0.1596474,0,0,0
5bef000847001240749e50239a25ea69485c849b,0.1979317,0,0,0
82c1bee3f786f96fda51243f4cc6d50995bd90b6,0.17714319,0,0,0
5f84693e1db2c35b9b797614e17136655c433335,0.22651882,0,0,0
dc8138a8a9b022d156c4d04b2491b269661db396,0.26879427,0,0,0
233746d8fdb7e71a63b5cddb55421eec87bbcc4f,0.25444096,0,0,0
84daf6aee0175303801e710dd2d326ce252d2f88,0.22770832,0,0,0
6df343df2635e7e0518a09c374532ebf22a30529,0.25669962,0,0,0
6cf4249650d72cf21ae3addacb5202089923ad91,0.014197237,0,0,0
d990feb36764cda778e6b4ce9469654229ac716f,0.22836392,0,0,0
393fa5df9262c339e004e061809c73d7637a909b,0.23509505,0,0,0
59899e1c820cd3fb8789b9cf8648b269b97763be,0.14242049,0,0,0
2ddd54a7ddfead528f2b1de92dc8dd16be7f5f89,0.28065464,0,0,0
c7599fd2a84b3d58473fd16c5df4034a8658e925,0.09641617,0,0,0
82b547ad25147df44f27a3534a5b618755217378,0.2607747,0,0,0
62e56cd3884d224e42cc8b449ef631a0909a19a3,0.32648516,0,0,0
a85fe84ce63f873b760e311f27ec42e05f1b3f42,0.12625422,0,0,0
0a114bbdb01548a69c7a8c155bbdef7785ecb389,0.36512646,0,0,0
5310e25a6cb79eafb21408fabd744f9a76c2a020,0.02613931,0,0,0
8834c8e380b7278fc37a4e6b80a9198a895d8280,0.024551306,0,0,0
b9284992ea3c8c484893517ee9df3b2274296959,0.35383198,0,0,0
939527bcc5b80a1788d876d7e47fb45d71d21424,0.1731689,0,0,0
26e77ea86294f5a9aa929f9acf7dd76a046453bd,0.13830508,0,0,0
3adcd2103d1be4feca870536e8f7a7549f6d492c,0.18985,0,0,0
2edb7a20f3856723fc715f7c72e10e72ea7df385,0.26729912,0,0,0
9843210e5755d2584efd3496d59e50e721187842,0.18663748,0,0,0
e6cde856d76935ce2ca5323579d2557f5412c774,0.27164608,0,0,0
c460996e75df489d6bbcb732763c10d01e62516f,0.4926045,0,0,0
115198b9c94bc66c7a659a04d0e2f65959ce9297,0.1846605,0,0,0
276552d5e73525cdd29d9e809659d35f34c5250e,0.18058601,0,0,0
c0e4ebfbb0f8c38ef672394015f47fd72ba06cda,0.22286643,0,0,0
c61154272699761265a1f2e5282ff1bdaf714b6a,0.3882113,0,0,0
f0b18d27f01492af6874baa8415ad17511eb5d4b,0.5220914,1,0,0
45a0337e1d9d23126dcaeff9c0ad96c5b4011957,0.021054516,0,0,0
90f4139bf75c94aa1ed62c5f64c3ffd78a1441d2,0.029530924,0,0,0
67c51ed7ef1d7acc4010e45eaf8088bd91cb702d,0.22223237,0,0,0
9acc3e824e2efa2e496df8458d207b5fb5722e6d,0.36996666,0,0,0
9dbf8388c5bfa0c7beb15e835b3a5e6fc74ecbf8,0.01956784,0,0,0
f30855735a40daaffda15794d7abbc6ab8c699d8,0.30315563,0,0,0
39513f9142cb82b84181a11905b3866a49d5a3c0,0.041082855,0,0,0
289e7a769ec9ab110f85848b281c4c143ba84e57,0.2156966,0,0,0
930015a137f6bc34127d7646b36d0550842fedfb,0.01854742,0,0,0
a270ff62852e62b5ac0f943a7e57292a72b77271,0.014453687,0,0,0
9f0d58985f4588981eefaca0408e767eff1bef73,0.36171108,0,0,0
8f346f9f1263b2fd5923abc0956134df15fd9325,0.5282565,1,0,0
ee851e403b5ab4b6b33713b08f9568e966ace052,0.04132656,0,0,0
55e8eac25d81f07bebb16d812c97edaf1393083f,0.4743282,0,0,0
c8bdf60d1d0be609094e14054be0b9af0fb05521,0.03079825,0,0,0
9d4f2ba886b003980f2c37a4de7a3e6c3c701820,0.072655804,0,0,0
8713af90d540e7bb01f8ba1fd99f6c04e41a7433,0.0126933325,0,0,0
eed8a7adb3de7441751e846f4a75d110dd205f23,0.15287118,0,0,0
b9e2a97758ba6c007fcda160c4d8b0528bdbfebd,0.15552756,0,0,0
07de4dd578727555bb94ed421498f455838b317d,0.20028028,0,0,0
641aa1c663ebead0189bf001a06ee56463070ddb,0.087129,0,0,0
b9522976f462687b0693b7229ba5c7faee0cb74b,0.018438341,0,0,0
2fd2a76110af7ae07712af01708cc00310af64ef,0.34010026,0,0,0
5723ce72d04c8ff7af8f245518cc48291701db0d,0.25632983,0,0,0
611c73889b772dab7315c952902d5c649635126b,0.034879964,0,0,0
b5b45d3260bc83d2432566dfbf22f0897240bece,0.015825208,0,0,0
22daa5f1dd4396e94224841b3bf0e9f226e86695,0.021507636,0,0,0
4a9bcd0f5211c91c4c2f47313c8f8013d0dfe03e,0.054085866,0,0,0
864fda4370a8d1bbd942400dd899653fd5d85244,0.016409481,0,0,0
96eddd6ae1427222986eca344b898b3332792a01,0.23677626,0,0,0
8da9a65b6398931af18febe082299c5c4b932924,0.29215208,0,0,0
8354ffffce024a97ef5e05b7cef4a82c263fc07f,0.09474224,0,0,0
0ca8f9b9feb2d74c6373d1762b1eb4a6b1f7f4b8,0.27242336,0,0,0
13467cbc7f319f7f7e9e9185a673714736e77b83,0.01238326,0,0,0
e63c5361937cc2598a3cd030f79733cc8c22b6fd,0.0791393,0,0,0
bbf65339023bf627a1843073cab699ca1831aa96,0.01185092,0,0,0
56706c8203ed023a3d21784b6e7fab40375eb9d0,0.030798642,0,0,0
274c9c1d37a47ae9bc1cdec1b0b0e4189dd44845,0.2790883,0,0,0
b88b065aa955d7a7d8f74c427b05d2243eda0779,0.060050845,0,0,0
949d74737327f114ae97a18f9bb4a4f5626b59a5,0.26734474,0,0,0
9f1dabed562e5953af25369121fa7fe221a20276,0.24945477,0,0,0
d86509b09672b874de2f933a511a1f74af6814f7,0.18117219,0,0,0
525d1fd7ca383b3426341c58ba9e2d2e886a59ac,0.2867387,0,0,0
a528bcb1ebafb1eeae14fd3e305f3636d6c04717,0.1934343,0,0,0
c4190304baa18d3a376c3c2232f45f63c479a5b8,0.30322632,0,0,0
bce159a0c905f673b8e0e4c9899543a812fb904d,0.30326825,0,0,0
333971caf33dcc05b6f714fada447e9417f6fdc0,0.15592015,0,0,0
9a6e25230eccfa131d40eefbc4f48a13ac31d640,0.30483627,0,0,0
b1c45ac691d46a8c609f2534d2adfa59c0599527,0.40619537,0,0,0
23747116069c150e26e0dd42d61331b1108e1e01,0.17090985,0,0,0
74ad2114700446837ed451f36107a056301a65fc,0.04154694,0,0,0
dc9032be284c70f53d8f9031cc90e01678a0e55f,0.24225876,0,0,0
6b9e6419fc944d3b5eac58187a6cd56e97328c2d,0.22150336,0,0,0
a424d2ff172aa3be9eb5155e732e6f61915d7b5e,0.012856085,0,0,0
004d5e672e9b2734a4c27f0e20504fc615da3476,0.060169406,0,0,0
b6b59b189c1274ae43e844863c7a2468c0e16b4d,0.009674881,0,0,0
73733206b943f8a03d18574eb7585285eeef05b9,0.36442384,0,0,0
fff00791ed30f338ffc085f099be5517dc359261,0.5418053,1,0,0
b8ed8bbd5eaaa6d3e463bde3accffdf3dcbb77b7,0.4298982,0,0,0
256420016e2321dfd266f9a2ebf672516cc936ac,0.033380993,0,0,0
c4161ee29051c6e44773fd1837d2080489727dbf,0.12126312,0,0,0
06e7d46a49c5d31abca644fadc2e3ecf6f9001a9,0.014786685,0,0,0
1e8a31f417256b9f555b537a09c13f1135addbf6,0.38454202,0,0,0
2d79319a8d4a3ea256ba1bb6364c1330518134a9,0.023381868,0,0,0
2a491590568140349f776b2a63bcb4ce74d147ce,0.3787662,0,0,0
32080b32a4eed0719b79f4be332ff5a55468ab7f,0.01271884,0,0,0
3f66e516a7f5833be9c87911952465220acef149,0.25449336,0,0,0
2a069edb7e7c46ef3c1f56e8fb6cadb779ed2e42,0.2233399,0,0,0
963757362ab2ff0f1636008815549322fef1148c,0.014594073,0,0,0
9f673d4da60a889ad5fefb6fadba1c40bb3e735d,0.03687067,0,0,0
1688a5a2444b3b636741d5675646b0b74820b4fb,0.09868154,0,0,0
284b6f5477838fce398036497e1acc206b1eaaeb,0.04050935,0,0,0
ffe28c43e0486d443234701ab9d791e703c88071,0.26914567,0,0,0
3761b5514470d3f06c9076b0821430d0c2cb2da7,0.3132945,0,0,0
a36442f0d08bb1a5b964b4c77d4c64eaf251c3e9,0.43830884,0,0,0
2ecede5902f9a132a632b8431a35daf5174e1a80,0.31389648,0,0,0
4a2e49fd8daa81cf2ce331c3a3795844e79814b0,0.040539995,0,0,0
8c44a71208f640835d7a205a7b6e58dc065d8dcc,0.026071787,0,0,0
74abd625bcaaffccddc3ca9faa1402b179c251e7,0.036007356,0,0,0
ea64efd6dc61cd9c9b1207d2da37fdbea14d6b50,0.30704603,0,0,0
530049b41c9f42e11144fbad4d1fec65ff0956e9,0.28579584,0,0,0
66c451d618577c1a1e1bf964ff990574782c3bb5,0.02760724,0,0,0
a10c6b01425a9c21cf687294bac43a63de0a0d3c,0.31571928,0,0,0
f9f92677a92ef76f92c90521904c20b8512b05ff,0.52163094,1,0,0
989135e762d3f00767240e7b42ee9e1cccbe43dd,0.55406976,1,1,0
12cd61925c37177a82d2adc76f6475e662030e12,0.4644105,0,1,0
17f4a06be88ed9c950e562aa72755c7a493b8ae9,0.4226183,0,1,0
c3768b0fba8f2f565118c611f4ced4bd6143d022,0.44311583,0,1,0
16d64a96a0a07468bb8b2d3293d374bd4373cd70,0.17576541,0,0,0
1f0919e28420fbd1568ea1c1fd4cf7b46eca9b04,0.20190762,0,0,0
4e347adfdb1a84535440d6c9f392d134a84969fd,0.14367998,0,0,0
9818f5ce6f76224f0d5d5c8ad583d854b8cc6872,0.17133634,0,0,0
dca231dd1b2629f45e65cf46b6f91803fb448aa2,0.24287385,0,0,0
9930786b2d05890fd071332dd1b9d7d7ad0e1b3d,0.10720228,0,0,0
b367c37c2e92ae652e49b361425bdc7ab3390f25,0.10456808,0,0,0
bbd32a63be1334620c1f52bcf4494de4b1e6931c,0.18844377,0,0,0
6868968abdfb03229bb0dd60e57a502db45394bc,0.15958339,0,0,0
3fcfac543d8e54b93695ea5f32b1820c5e5849dd,0.26519123,0,0,0
af50960c662e2d006dccd4156ca85ba3b2d3d5b9,0.11239395,0,0,0
99d1ccf360643d89b88bdd218fa917d365d95cde,0.14555506,0,0,0
3c32e5384eec3142bb017fde824dd1cc0db48876,0.0336963,0,0,0
b4621118821f29afd3d5ea47eb8a684f4e5ed3ee,0.112405494,0,0,0
eb3f760c1c38fe3910d979e75093da67f685e2f5,0.09253174,0,0,0
efb03bdc301d917b746e6716f2a074f54ded723b,0.12409906,0,0,0
3ff71911718c07ca1016ca855aece547061db85e,0.11029358,0,0,0
01f84f2b0d9c13ac82ad471469b6a5692d0f8cbb,0.14987418,0,0,0
a95c1598ef693cbd7d874c33eae82433693b75d4,0.13148311,0,0,0
6fb796db3d138b4e97dc1fceadf6bfdad74a3533,0.16483182,0,0,0
cae430631d5472394441cc82e142103c3a70dc83,0.17518115,0,0,0
47b76cc60f7b73188cbb47a0879aabfa0228be31,0.18278416,0,0,0
c64d12958fc711d667f26d0173bbaf96157d629a,0.22949149,0,0,0
643590426ee7255ee5e1e661b9e2ac8a9052dbed,0.21365668,0,0,0
31ad1256c66f47e58b7ef40955953e4a1c6bdbf0,0.22281839,0,0,0
3c984c22552eda0fb5b200efb3f239213a4a04ca,0.038438935,0,0,0
95db7d0aab9bea25d3a14db42a7787ef77861f45,0.27464107,0,0,0
1d6f5e40ff44f08fa67c6a2b57f7ae4a5e4b0be6,0.078757286,0,0,0
e0270b0562d42658a57c4fcbf0cddfb5673baf5c,0.26081982,0,0,0
6eebee491388abd2ad61a15d3f28b167c9f0f7dd,0.17240831,0,0,0
ae3f537711b1375c4892130d65cb60928549cf58,0.06505286,0,0,0
25ac3249dc2a40bd52ceccc9251c8446b036d197,0.045507703,0,0,0
6ce9662add46e3cf144be07f7ebf18e2d25a7abc,0.07421712,0,0,0
111c4a5e54dbb1bec6537eca02618e2287bd23be,0.15345077,0,0,0
e30788367dc7ce4e4e2d8152bc7370af8ac2fd0c,0.28571472,0,0,0
b1875ac1abf9ae86f5a589c5144c8c9902a1dfa2,0.4525193,0,0,0
307ed458578e68e68918d3ccdcf4798c57e084f2,0.54781944,1,0,0
0caff290df54a8a3b653840fe257fea94807d697,0.027619595,0,0,0
b44b3d95b321cef0281cdf130e8c286bfdcd60af,0.023609366,0,0,0
8f77bd63d8b5b2ab593b134fef2bf5e59bed0441,0.34327668,0,0,0
4e410e068b8d367c53766a7da712b1b6f3fd8101,0.025335794,0,0,0
2412c90ba5584fed123fa6a33e752e6c8eaf74e9,0.060155388,0,0,0
47ed0c7cdcb4d516e41769e38a9cd5ef4d01713d,0.0462344,0,0,0
f5ea49326cd5c09f0782b0d1bcbdcde9053ee316,0.34390607,0,0,0
7b0388878e522468f90ea163b15ccfba05616c95,0.021049358,0,0,0
a653374b2871d67f51cbb4ad2083444e9c3afe1c,0.2525917,0,0,0
430f96525f80fe4909208ee4d2aaff81c312aff5,0.20202798,0,0,0
295d46aeedf3660d89d6c578b84c410089f9b1b9,0.2559618,0,0,0
7c05411f80b6748b6b2197d2014bb98c8b0857c0,0.25392172,0,0,0
140846cf81678649b6bc29497c3534aebaa1f6c3,0.27766353,0,0,0
0512bc21bf4d0f1e391e4158adf0ae145d408ee6,0.26556253,0,0,0
283e14cbbdfa5bd246a3ea9dee5739959f64b4c5,0.08428472,0,0,0
354b72afb59ff145afffebbeac8a7478d4140e75,0.19114938,0,0,0
15c72674ebb4bd99790de97b5645f1531a3a7c00,0.24095558,0,0,0
1a3d74470eab60d668859571938b470723726139,0.047273997,0,0,0
330d5cf99c1eefe3fe86dae260a8873068650866,0.36985034,0,0,0
586b6ee15f526d585628a7162d10f08deea6a93e,0.01213703,0,0,0
71491e23d68df50555c52db62ae9bfc0a2543b6a,0.008190888,0,0,0
e56b2b598a2742ae8ac97ada82a97655b538ee94,0.021623528,0,0,0
3d129b7e2f6373f7885336225d3edc93b3f624d2,0.025410075,0,0,0
4d3dc80e4b3f7fd0e034d544345a568d6d5c5d26,0.022871194,0,0,0
269e6693ca1f05bb7e2623c538b9b934fa688f41,0.015475035,0,0,0
c2452a5af3b2f1db542175221dbc19eb492f02f3,0.016225813,0,0,0
9ac217fc697b3afd0963b897edbfac265ba2f571,0.33302486,0,0,0
a5f357667b195f9cbebc1d1de8f70c6e0c28dc3f,0.050536748,0,0,0
c3d13908a2e8ca7b9832fa693ca72bc228a4e92d,0.27086446,0,0,0
283351276ff704df65779624e195701a21f0e25c,0.052023605,0,0,0
38e3e41049464fa3b8ffc1e810f87c18d91a7bc4,0.02994309,0,0,0
49eaf68b54f4114a0176ee56790d8415fd64876a,0.08379141,0,0,0
42308f780fe3d0c2223c121493f97c747226bc17,0.2450617,0,0,0
ce5ead2f93b92c815f1304fd51dc3fd3338cf19b,0.39070925,0,0,0
e8ebc1e1dfe2b0bb7b9f549ff35bd2d1a1fcd2f4,0.2033059,0,0,0
a76f39d4b284633c6792d8c7977abf8fb52a017b,0.11522221,0,0,0
97a64af2d6adc157f6ec9e4d4855b2924caa69ac,0.3100705,0,0,0
5e2559e3ac936ed985d5fa9d7160a284b9a83644,0.1578484,0,0,0
dbd77cf4fb93996fb7f312bba2aaddb87e5d6a39,0.35468447,0,0,0
1e8be6ff174f1d7027e848d5788d63ef9827c659,0.3895785,0,0,0
0847a34f6d1f15d3d35ddd9f3283d54c1355b299,0.057775106,0,0,0
d1cc91686abf34d073ffc496506da9ef712984b5,0.16827582,0,0,0
0030e4bbbd3cd3cea505bb1e4f1edbfec5986fd1,0.3168987,0,0,0
3b6dec3c581f883cf9dff6f04512011cf277f586,0.36021027,0,0,0
c1ea2007d4f6527bd174869603f53841380b5c31,0.060625263,0,0,0
87361f16b0eb35ab5fe25fe2ce3cb57a96dcedbb,0.02690487,0,0,0
f10f849935076a7c773283789c75a4c35b9e6c03,0.030813746,0,0,0
034be5fcdabeed034bfb562ae7014e021caadd7f,0.30697152,0,0,0
8c52cbf8dcba19310a569a23ad3e940836b5e7ce,0.019942963,0,0,0
9d4e26a501903d404a809acc8ce93df1751a5429,0.4647111,0,0,0
7dbcbaa0d72723a1682dfe340fe05b2f0d3cd3a7,0.39046943,0,0,0
b3240c0b4dec02d8a511b831e07eb0d03094f677,0.045010265,0,0,0
d37a2097286c6385bf8cc757944bb3568672d873,0.061197266,0,0,0
39ed7bdf558cd8286e62492f6c91d2af73f807aa,0.28628457,0,0,0
100bab5d8bdcbf802af6437fcd778e7f2b9bffbb,0.025301337,0,0,0
21892745c86fa03b465cdfabb99554e9659b1941,0.0169059,0,0,0
511499162fc2ea958f3c78b1081225d335b52227,0.2906061,0,0,0
fe718980550f0221041cfdb56f83638c328cfb9d,0.042185504,0,0,0
8f577fbc1c44a4e5e39551cad677978452ea0797,0.41681972,0,0,0
76c125c3b74a390a39cdcd6666cf7e9cea0e5c1d,0.48895708,0,1,0
203918573c29676b179b673aa7e41366dc4215d9,0.4085827,0,1,0
c82fe35c48bd0082c16644d16d82d1be79d6b9d1,0.037706874,0,0,0
158d178c58e892ba87d782ecf436d30c038d464e,0.17500216,0,0,0
e8c09f05be1310ea2ded05bdd808c46a1e4485e2,0.18223968,0,0,0
b184666c1975fa4050121c694e09a88060854eec,0.22821018,0,0,0
b83e111c619232be9ba0a7bba682ebc141b618b8,0.17720288,0,0,0
2a6c6ca711f0f0d6aeef30853d5eb05bc68c2e85,0.38298368,0,0,0
01911a40eaebf2aefbac34cb2760f7f77ccd07a6,0.31443164,0,0,0
ec733cbbf25c103c2c661625717527448a42663d,0.39471158,0,0,0
300578058c7d6db0671648cbc5bfca84fce6285d,0.19955376,0,0,0
63950ad11917411d82d9adbd0ad1ccc4884ebb4d,0.18341595,0,0,0
f9d6655b42d8e1b1071f78cd7f1e38cbaa20350e,0.26588213,0,0,0
858aa75ed257a24acb983df372f634c3fc6c49c7,0.3104022,0,0,0
76a941217f9272693b5484ef360e8cf6491ef3a4,0.37015462,0,0,0
7ff71807ce589931a56ae6f1306af43c6b8632e7,0.29558456,0,0,0
bb1135e50c27938eeeeb6e6c1ffb3882dceb9f1e,0.49485478,0,0,0
f0299220ba7dc33b1865068db0c184147283a9e4,0.074963525,0,0,0
4a6c36401518a45a709ade671d442e061138d3ec,0.15004227,0,0,0
ae5df796be80dfafb523072e4efb30e34dbee46e,0.17521933,0,0,0
7e19596505676c5b300bddc39792289441634f02,0.3144796,0,0,0
55e9d25f779a3ba726a9904641e656de93a1fac3,0.4144176,0,0,0
3b6468ac4f765262f68d3d289d25bea3da521c16,0.33831868,0,0,0
89b1661fde38bd12c4d83b9fbe696db0c8657a78,0.0137617225,0,0,0
f054152346cbd7c8afcdcdaf55c39f9967edacf1,0.03536538,0,0,0
346009fc677b252d052e9ee22c6a4cd2be10a032,0.06048166,0,0,0
4c84e204cbce349f3c5722750561b91607d3fcae,0.44987154,0,0,0
c353239c4fd22b8991e1488ce81218b1c9769bf9,0.19244201,0,0,0
516f6889c9153a59110d3ee9bdd907e95e10cc08,0.21918885,0,0,0
7b6bf45d83c3ec028e686318b8d4f1a061723908,0.22033393,0,0,0
817666037d3c09b9138b161964b0fafc76d65998,0.34286126,0,0,0
c3b831fa7e4ad148d8e3abe2a0e3c089029044ed,0.3176628,0,0,0
5a5bbc662104afe8f020d89d6e560f2897678984,0.15517601,0,0,0
f8c39cfd773d797adc1b4ee19aa8fc17268946ec,0.3158587,0,0,0
8ab0ecd0af3932f40b931e1d84b2951f7777a305,0.4207661,0,0,0
599e57b27c19953487dfa3828432b8ecc7cb8b38,0.19806603,0,0,0
68ae60d779e3bf4a46064fc1b537057478a627e4,0.13498744,0,0,0
c600de52e107d1fd3d5a9c1aa1bdbbd6754622a7,0.3719076,0,0,0
8939061a3c0218dd3fd27f96f3e60e48f74622c6,0.44554973,0,0,0
cff360a340b48070d88a48f06e8748a916ce52e9,0.3254596,0,0,0
52cfbfd91e60db255c3285c90b94cb6e3a75fdb7,0.36241135,0,0,0
ae31e56476646b33b0c2a1f03bb095145a22097f,0.3423019,0,0,0
0b683acf0a5910fdc4235d3103eccbfdebbb18ff,0.4150392,0,0,0
861646b25a39dcdf79bcf5a7643bfeb28e137a8c,0.23060152,0,0,0
3ea4d5d580a78213504a4611fc7bbab58b93db0c,0.2831849,0,0,0
b5955f5948a973a248731b774773bd225af39c82,0.28366813,0,0,0
09db9daa292e74b6bcff84edf406aec41ecf536c,0.38158217,0,0,0
410ab04290294dec74180043dc2aa635ca1e4e80,0.018967258,0,0,0
efe3699122699151984e8499da9d42673a42851a,0.3243194,0,0,0
d2f27093d7d95a07da901902f894d88b4ecc3e95,0.029104255,0,0,0
ca30fae3acb59a5caef3c3c21eecae7c928827e0,0.38764298,0,0,0
5ef5bd199a4e3df74479b4b363fa29b0b3092547,0.020621412,0,0,0
9e8eec78a71b7d1274043f55c9a5fc7811d53132,0.5086499,1,0,0
6a0a1876772e74a1d4a7c82669784f8bcca8397e,0.27404952,0,0,0
8c5c6b936ee6d1afb75cc2cbc151887937dbcca5,0.30553642,0,0,0
484698c5415bb578cb480845e2dfa930d3d49d9c,0.35078353,0,0,0
29a7e67999568a5c86b32ef513a90d5d090ad2b2,0.5449844,1,0,0
87f142f5c85c9a7e86d02b4599e3973e773f3d41,0.033253763,0,0,0
d664776d4cf41d7e1e46b92bd8a4e907cd3bd438,0.36241898,0,0,0
847a6d07793a198d28819731e5166f9ed3845164,0.29840913,0,0,0
fea1da48fef9e28026704e9cadaeba3e0ecbf6dd,0.06253065,0,0,0
c7a5a6afd5d2f7d8c3d518ca625b7d8a1445934a,0.37130392,0,0,0
0fdd249cadaecd32a39d25301f5242f9a92ed351,0.36195016,0,0,0
a9690db48eadd3643adc34cafd6ccc5d4a5bf589,0.21191728,0,0,0
e9a2edc877ebf928ad0c056273f64cdc861ba609,0.020389782,0,0,0
74989844d7692245f9e19b0e803d748c73e91e41,0.5309259,1,0,0
4d1c77bae99174b67a462bd5a44950ae08f46796,0.4077874,0,0,0
90211fccfc48dc36b7cd81a1ce18e1506a6f15a7,0.13100442,0,0,0
e246d2ac01f1ac741aa4673aed3d028e08a63c73,0.1338825,0,0,0
36fccb4325f924bf46babd4d8d60226f8dd3f154,0.19373217,0,0,0
5ce931b904d1f2961078b99049c293c11e779fec,0.18170598,0,0,0
cbbeae7719943308494825574a0002ea649b3de3,0.6189379,1,1,0
eec10fcf0c795bdfacef4c9933585f65f953fd58,0.5259371,1,1,0
516c38fd95fff30841f9af370f50cf1f7733c209,0.6096312,1,1,0
33c95771c804abc02223f24a0234343b93ffde56,0.33526212,0,1,0
b88dd3ed853738b8e7fe9652b953db569bf7f79d,0.5729256,1,1,0
a2ba6d54852aceda5e3bf9285730da743ef04e77,0.34674793,0,1,0
350f01c78374b4df99c1a84cc32122eeeb48b036,0.56962115,1,1,0
03239b0ea42312c7b5daf4520c1ce1caaf6189fd,0.23594895,0,1,0
a428e428df2766f1d1b2b793b3f812344fa61fdc,0.43811247,0,1,0
f1a582111a26c4044c289d96ced42fc1621212d1,0.43133324,0,1,0
5c9661c300bad40cbacdb391637dacc991f16da6,0.33594888,0,1,0
daa69a5981c7c12e0af5922f0a07653446261b07,0.5720725,1,1,0
1fbb16b037e62c6af90ab89ab3ac8d3633c59a90,0.55191106,1,1,0
03cb05cebcc65b923e03fa9f41d664885bdb38ed,0.2193423,0,0,0
f4b675664a7c633bdd62d5f85fcf3f95d11ade9b,0.18858555,0,0,0
4344ff7331a4f8908478e72c5c232c7a9d5dc403,0.09554496,0,0,0
5375fd9dc55f1dd01e155af8646d1ec67bd6be29,0.2225598,0,0,0
0bc43314c1216a88d0e281e7ed66244c47c57c56,0.3529972,0,0,0
30fce9d42c5675e9cae0db0401181f84a73a293b,0.035757508,0,0,0
abf07558021a0ecc50c265dcbdc5f2f99fdbeb35,0.6289986,1,0,0
3112bc302f32a74c827d672ca84a80091b0700d4,0.4441756,0,0,0
7e89c9cc80bc3fd2aab64f25dd816c6d14790988,0.08404179,0,0,0
2247ff9601374845012558ecf5963ebb7e1066c5,0.3012606,0,0,0
76390c0b54bf145f65532ffe1e7b24639f108247,0.22997707,0,0,0
9a92b8526cd13e092b5185a59c7ff0f68a1ad56e,0.42665887,0,0,0
6ae55beb2d28bd6cf36780b4c58da41854dc8248,0.4123591,0,0,0
d681042e60a3a1e92f4c891ce9dcffd672868e7f,0.21107626,0,0,0
a793612b9e09795feb253aab9a738bd1f7280700,0.45770064,0,0,0
22fe7f3c8b3fa204c2406c3d15811b2581e1b7b5,0.05142074,0,0,0
3856d3f0a0826be3ccc6b160e740d5c7176df743,0.26839322,0,0,0
4cc3f6e7dbee9e3684884780af82822485c4c7c2,0.3060631,0,0,0
4d00e14ec8d1e83533a8aeb788437568b417ca88,0.03961184,0,0,0
b6ae1d09c384b57115bb34ed94c90e256e4b66b9,0.08347093,0,0,0
11fcc89fec70aae7eeda710e2bd26d93cb3c05c6,0.2849649,0,0,0
496691bfd82374f1c1bfee8719309343c2fa878d,0.17735262,0,0,0
6f379134ae1807cd404ed6c9579707e5dc6a6df0,0.04506257,0,0,0
db586baee29fc90f79898e9a274cc1bd585b5f53,0.473291,0,0,0
a67bdc013c9fd965abaca375b9b47554a115f40e,0.5790381,1,0,0
b745af3975a0bb3acddbc59ef85860d08221a010,0.038773768,0,0,0
90a73a4dee53129e33a552e49cb7835ecebb3a5f,0.28404677,0,0,0
31ac0e5f3594a4517ba2be1735b1219cf85c715a,0.039384585,0,0,0
5499fa02b08b8546827a1a055c5af3f0245257d9,0.3018149,0,0,0
1261172afdae9a4b15dc9f691583261a1b020ccc,0.16812305,0,0,0
64573bb2e0bd2c7a7b1282b8a574a4796ae61609,0.069904566,0,0,0
b09b95124bc27f39e27ecfed90ce40947bcbf663,0.015391472,0,0,0
5481dd326025de2da7d89089cb969759972e7a8c,0.07061209,0,0,0
992911d0fcd230497ee3fc50dcf49042b7372a47,0.052156247,0,0,0
d0595b7121f57f1f49fe7fdc384479dd73ad64f5,0.035456084,0,0,0
cd1d329dba95dae161317c123269c24282001a66,0.06268785,0,0,0
3e3a1388368e8e4421fed0b5222904d40a8805ce,0.31920227,0,0,0
9f5af267e8c143e16f8b20fddb02ada096ee9df8,0.03047716,0,0,0
f8a7156259dcc1b3321086939234d80b6ab828c6,0.50711197,1,0,0
661008f8238acb71301b172a6aa9aaa8114d0c9c,0.21243824,0,0,0
469cf4d886f9a184168ba2d179899a600725d4c4,0.5504091,1,0,0
12d9a805a6df7afdccfac94a7061d369cc986efa,0.059281882,0,0,0
e83b4d8484cdb3dcef44ce3aede866663b526158,0.35192877,0,0,0
ff0e842058091b3310340f51a130a65a1cf6f725,0.3429707,0,0,0
a123142d947dbf38fc053c29291b555872c91ff2,0.11247627,0,0,0
45b5e0cb3a4a499ff8b0594c082d490d7b7b7c1d,0.22012943,0,0,0
29ce3e0e9ecc31a5c3cecb19246ff978fc7e7c20,0.31741357,0,0,0
3bf9dad70ea4b93de850312cec2681f3242280c7,0.028132819,0,0,0
90d775ce2270c35a7c514f5638b8a3b23d5a4f3c,0.5040139,1,0,0
0194bb8ca57e5a4a3fd5fe3c39b0ccdeb4711043,0.4216967,0,0,0
f8e33e702ca0570076c58eaa7a83baeefece9553,0.4344846,0,0,0
6c203ab46b24751c285f021caad9d8969cf2f45f,0.21021424,0,0,0
5b56985334a63d63cdd9bbea30f225013302a7d3,0.34891275,0,0,0
bf0dd95b52e0627c10c072f8b05fbad3f86fda71,0.31863168,0,0,0
bfbe9966ab45dc4787fdbc55735241023d826d95,0.42671138,0,0,0
69f38e81872d70705fd7919df3d771f28c22dadc,0.027220093,0,0,0
c5c231e643365485c5805cbca81070a51429de9c,0.40552267,0,0,0
96531689d341eb26103356410280447e94529b5a,0.5359272,1,1,0
da7e55cc7aac7cb806699d234dbb90a455c21502,0.1664898,0,0,0
6913193d33ed83bcb98cbdb94ce410069ce2513e,0.1271718,0,0,0
7f65af524d6b7fa43743a3c5593c3c57fee3e9d6,0.23987997,0,0,0
4493ec15a72045bcea25a4c6c9b4858ad5448b7f,0.2071066,0,0,0
1f207424031bd81af858ffc98e64152b3ce2f22c,0.05103542,0,0,0
cf9cbbdae44b88a7cc982765bed085b434f4816e,0.28004545,0,0,0
00d9578b74a107e3811c407ecc3da2bcdb166f81,0.042563476,0,0,0
3410aed6696622cb6b7b8bec088f9a92ea55227f,0.104430646,0,0,0
8d34352d3ca40ccee76e1473d3e132f7bd8d4a62,0.14726439,0,0,0
a04afd1f20290d0097b1ed9ef2a4f476e0b79ac0,0.032912325,0,0,0
825419f9128cb7bd01ca31b0179bff96bf1a5ce5,0.028622022,0,0,0
6215969d2a1f8d95667c208af868758c8636c234,0.23042272,0,0,0
79f997c1d6976f5327cbe5e80676a65245d961ac,0.3598299,0,0,0
4ec3674e06fd98a10de28be7ba6c6036e64116fe,0.32473564,0,0,0
6eed45b023ff3c609ef423f28fc87b42d0614f79,0.17171587,0,0,0
002e4de0d68ffab9af339283f02659472a1febe7,0.030102987,0,0,0
ef8eb3d269274d2e6e4915875d027ada1efa0470,0.19287129,0,0,0
78b8d323635b47f68a93da04f04d221f3412d9e0,0.20081861,0,0,0
055cbd0d42dfec901c7b2532f7a71f937b1d4756,0.02505973,0,0,0
771841e493ddd9839a4c029db6b217fe19968148,0.28092337,0,0,0
39f6f7fd6333da2b983f7d9001a7a51f31fa9434,0.2422258,0,0,0
6bb1b9a7bcf9d4d1aa0f4c12bb0cbb4cf4e2cc71,0.3602826,0,0,0
4824774675ec1a2c9e7b1469dd93a6bd09854210,0.27796564,0,0,0
717800fc588389b143b5c8ac20a0289a9217715d,0.18710275,0,0,0
0471658da03f5b01537153a72c0ffa7132709900,0.14565481,0,0,0
bc69f94466efb770e78d1bd89a8a1bd460fc437a,0.25980303,0,0,0
7a4fc498fbe96e83af20c5d0576c42a761fe3d95,0.13346636,0,0,0
3e438a80fc5ae21862125b13e9ada9b5c30d27cd,0.19084658,0,0,0
15b4031ba94a60f20b854e6ce2c7964d77086387,0.27922833,0,0,0
543970edafd3f8e08d945612d09663060718ae94,0.36910838,0,0,0
80e4a06124a712fde81bbee093ba2ddd71851c93,0.39725897,0,0,0
454a82cb2ad2853544e641c8c80f5ed34bbeb1c5,0.016883764,0,0,0
a2bde0190da2e32a5925df5aae1f2c37a4498bf0,0.042840317,0,0,0
f9dfa3fa6b9a28439f1226c202c41df9fe2e4380,0.20008186,0,0,0
c50da916c252ab282d978da3f114b81d91ec2912,0.2898045,0,0,0
e0bc1afd7878a91fbc30e79941af8a797637ef22,0.18245561,0,0,0
aa75d3aebeb30d1bb3ab0ecabd60201bfb3aaff4,0.34600362,0,0,0
76f12abd9d81587eda4c50e7816c75607b4b23ee,0.18563063,0,0,0
9900d951d41ceb438be79b2bf1822aa6cfd1f37b,0.2508267,0,0,0
f6dbdcf3acc3009f3ae17d607a2ac898e804395f,0.19681948,0,0,0
110084e432a04d061d71768c23f500f283081e31,0.30435488,0,0,0
656abed01d37434d69881ca1292dee710209bf51,0.2682315,0,0,0
d6d2307a9ca0ecf8c540b3bf7183de5d550ab099,0.29252186,0,0,0
801f4f4b10c788212d555729d5eed92ee1a02036,0.1706819,0,0,0
5fa1935c52f3866f0675e9fd64bd04d153b9f225,0.3961002,0,0,0
d728087751d2e6f19504876d7a3f40ee7b1f4d28,0.32874876,0,0,0
e0fc7b4dc80a31bffc8c8f87a2fe4153e6cd0cfb,0.17789195,0,0,0
5b743d5e7270fa41de8b4fd6ced0d82a6e38c38a,0.42552462,0,0,0
dc565c4fc02421b58db9c0f0cb9bfe767d904216,0.2754798,0,0,0
ad56c3889328fed27f021bba3f071f676fc4ffe0,0.0380561,0,0,0
47e13b0fa2ca7fb11e52abd429d538c3c9ab07ed,0.20061235,0,0,0
97c6c963e2045def1f19c650f638b304f6464c19,0.19010617,0,0,0
0b7369cbb67e46586e9e031c693564ce7ca583c7,0.22107503,0,0,0
2fdea0d5f462d48a97aaca3b987a716ca2934f24,0.24688798,0,0,0
2645862ccff2183b731e7d6f1a66df6f2b04a99b,0.48295745,0,0,0
27df5e894a2133e122ca7e78c5de45d26f7210a3,0.21638918,0,0,0
619aa9bff4055f51df04f5f837605785a998e9b8,0.24092391,0,0,0
4c55341a48427f7bc0ce30f0699c673f7e69f63d,0.26224598,0,0,0
27ae87a59cb2f0d06ea21d4a886f3afb9a14247d,0.2955965,0,0,0
962128ce971b2edd3fc9e4a85b417fba01a0246e,0.32161206,0,0,0
287254724ea66841b932fb5f6d8cbe37b04eea81,0.23438638,0,0,0
2b0fdf8fe719f234635f652bce0a5b2abf03bc4b,0.057735596,0,0,0
75d8364771414b52179e7084cad838b6c0a0660a,0.07644343,0,0,0
1fdb3a719283209e417d57b2d77ce93540de4cda,0.36850876,0,0,0
174f3ef3f43b680468d7535d5fa8ce3fb3a4d113,0.21830252,0,0,0
8ff705130a6c360e7d2009cb9f1a4d0a307985f5,0.15664104,0,0,0
a61f3728d4e2c6454dd0069148397745b6b3a5bf,0.019581996,0,0,0
f568436033fac9fe4dc9b38342a029f20c79dc96,0.13005139,0,0,0
c0b874406621ebda3c44029ffdf0f6017d6d8c22,0.20405082,0,0,0
52ea3c337615e386507dbafa686d1f02c03a4c82,0.262756,0,0,0
8688adaee68dce1c54c05b44946635973b37fa06,0.013799725,0,0,0
27f467b4eab7864a4ff799fb2289cddd2c45d30d,0.36433196,0,0,0
1ffdfd2ad15f4f62b9474a2ae72f2ad0a42c6a98,0.012151829,0,0,0
24c8eb250b9c7dace0efe91fd1f36c799b174606,0.1831711,0,0,0
060cfeb90df4fda2d572fa63225c63e304c8615d,0.26603913,0,0,0
3ec04d06cd96131c7d2a508e1526a07f33efb490,0.6115934,1,0,0
ec3d2af993826b57cf47446d809db2c8b49c7a77,0.35333043,0,0,0
f79ba553c602c9cd1a673c30db79edb6b38f0db6,0.5547792,1,0,0
3e6117dacd54430e555a42a5fb8177f4553fdab6,0.49099463,0,0,0
7ee877a4db8c6d6871444abab28e95e9dad7c932,0.35145906,0,0,0
00c3c8dbf20322d372ebdc28c2b9fc25926a766d,0.3342262,0,0,0
07c01318ea4ef19ede234484ed102f94391cdcbe,0.022432629,0,0,0
f56aab06534e643ab1e413c36e367fa25e24621f,0.38724434,0,0,0
6d1c4002aad95031c84bf3bfa777852492d23fa1,0.2928781,0,0,0
7e3c917567dc3163c2228dd01e4ad90dd0b76320,0.42843598,0,0,0
167676d596bbbfe82a52f0dae6847cad025dc095,0.33732817,0,0,0
9c24b00d32acfba096d8b3fc12168bbe0ac4ef55,0.2865479,0,0,0
0e6578069293282865a3dd4843d4f80f52476e7a,0.13493735,0,0,0
81e60b1eb541557f5be44e7f663d5a816fa90227,0.014527466,0,0,0
e25b6fedefdb1967fee9f64e0d0242d6472ad828,0.40376076,0,0,0
7f8236cfa274504e0f59b95285e7fbf2efecda90,0.42129302,0,0,0
ddcfef13549be8395d2c9339632b3ebe80363d49,0.41927606,0,0,0
4a5aeb1abe8ef10eeb5488e04e688e2daaf4eedf,0.35624725,0,0,0
13ce8fe63c8972c54ca717055c231bdc487d479a,0.31974414,0,0,0
8c12ad11eea80440bbe691cb50531c70f53cce95,0.016013933,0,0,0
692be5e1d4326c6e505c10e8dfc3adeb7958bd74,0.075367965,0,0,0
a733b7a87ce7abc0da33a3d56da82b72407683d8,0.29123095,0,1,0
13218943435188789ab706c2d97da8e2aba1770d,0.30835202,0,1,0
581baeaa99864979aad55bdd45f054c8a53c341d,0.28779656,0,1,0
80fced6db6c15d7833e2c06fac4098640ff4c742,0.5306618,1,1,0
0ff845a477db67a485e7a8c1cd8265e520bc8c05,0.5526823,1,1,0
66b24cabe95485abbe4398ff468a57e5ea0e3cf8,0.39143914,0,1,0
5ec70549ae7e7d2eb97d3d56e696dbf0cef7ca35,0.4424933,0,1,0
82c95c5f951ec316a717d72a46e9f1f7792dc818,0.26526287,0,1,0
0a4b1c3b316335a1ee22ea86c28c1cd58b1bb583,0.3230613,0,1,0
3b700639ef337839c69f45ebeea59dcd061d09ca,0.31331575,0,0,0
096155dd316ed242fa3bcf0ccffb207a124e1e4d,0.27813014,0,0,0
cf5e503db4274fd2c060571c982a0fba8b00c09c,0.29411164,0,0,0
60431261912586b5fe0cc5c8b4206e711cb0639a,0.32700497,0,0,0
ee8a2c9ded95d5c77e4e43a2307ac15322d96d3c,0.20646527,0,0,0
89fee834756bbe6d9e060376f95188d66789b1f7,0.055167165,0,0,0
4f804f78e5c0458ddc6dcd9350edc222a6e1a4af,0.1609014,0,0,0
2468492a1aef370c66a6636f976543212371405a,0.29223007,0,0,0
44b5e31cde3e53b3cbeb4ea5b61728d9284d0e31,0.1646981,0,0,0
a6c881f8c42433b49eb378881b9bdd63a1a52202,0.048991993,0,0,0
a780f35fe5d27eac0c0c8aa95eeb22d1587a1687,0.018001055,0,0,0
3ddfcd62e2a1367391595d2dbc182f2dee8d3651,0.2703789,0,0,0
8db6323266dabbddac15052cdafdb02cf5788908,0.2656453,0,0,0
02d88008e65c7b66c91b46ffa80a0692ab156da0,0.2311185,0,0,0
a8f8bb545769ebc2dd0adc2071203236870b3f18,0.27526945,0,0,0
adb5bacba3fb370e84c6a8317ac01b7efdb011da,0.19079867,0,0,0
6c0db77156cd67b5efb0e00dced7e2daf055ddec,0.29959863,0,0,0
4c2bca77a04633496d7670c00dcdafb787606243,0.3799102,0,0,0
873d9776d7f3e506b8e67721b47315aebe16de67,0.47599256,0,0,0
bcd3845dcc9f26c5bac4094fe6323f03ccf6d87f,0.50009763,1,0,0
d61ec0994e594f0c514c1739e0689f2595d8bfd5,0.43603182,0,0,0
c5e9745b8301bde2bab0e46bab2313423bda7910,0.49181673,0,0,0
8f5c5e892b907ba7d05c2cf5f4dc7adb2dd2702b,0.38938823,0,0,0
5b1e314826a40490ce38b532c4ad36fb01afd37e,0.43793628,0,0,0
6912f621d22ce66e8b94710f0decdcae3354ca76,0.4046164,0,0,0
d2d23c8aa02960549451c58ed3f0e84fd5ab3821,0.34875834,0,0,0
2e6a9131a07ee0e8844e8e79e84460b7f56ae646,0.02729022,0,0,0
875e98d3fb54def645b0339fb43ddc26a72e14cc,0.25672823,0,0,0
40b6fd273de1cccf752fb7e5d1a8470eb5257a9d,0.06872821,0,0,0
7517f7c33543c0232e002ff541db6e4e3a68f52c,0.20382395,0,0,0
93f189e8a8166004e8bce70bac3041a84e389883,0.0375966,0,0,0
38ac95d9bb36722fb9b3e596911aaa7b81caa9e3,0.056943756,0,0,0
b8d387e57c79b252a1ec739c3f466892f80ee49f,0.18582006,0,0,0
90323aa9f6c1cb89337b60e966e743bce82a6fa2,0.09231648,0,0,0
36156fcd0e07726a8883a0825799734ac0058559,0.25328955,0,0,0
0970e8f84e95d8662a826f8417141e3feffb18ae,0.31886986,0,0,0
7f1ab60f7c1a30eb09cb06f23d6f010e3a187274,0.022176467,0,0,0
1020c3985dea224ad0ef885ba6d8dabb48816c5f,0.18838812,0,0,0
332a7ffebdb4c69222c75ba1b0a5b462a0e8f467,0.20751108,0,0,0
e91c5e4045a37afe8ef5bac994f9e6f2cd10a9ba,0.18252572,0,0,0
7a401a73688b72f43e4c70ab1c074a3e710b3b53,0.21510103,0,0,0
cb5c4dd73597780fce451e1b643c9b25d4ce7b4c,0.2852128,0,0,0
b6c2d3fd1f70e51aa88f8d12aff006f6b390deb4,0.4421254,0,0,0
9138cc232a21a24e07dd89cbf43b684dced80c00,0.37471452,0,0,0
0916ce72d8cdc6b4dbd213117ecab6f7cf8d5bf1,0.27009654,0,0,0
b45826e3888ec7adbacb4887f4ae1da5520b9d90,0.18923292,0,0,0
965aa7f4fafe59c4f0d09f96f98bb83adc2187fc,0.21891794,0,0,0
bb8acac034b1fcdf91a6b1b066d33f3e38a4c117,0.26551995,0,0,0
ad76167a8ceade7e58ce0ed8658bdf22ea248904,0.26472187,0,0,0
d1c0b0c922855436f3ff54feb822349e97229d78,0.14551365,0,0,0
537607d90533283a42cd1c5bb8b75b62cac684fd,0.3432096,0,0,0
50ebba3d096b49c3d6856f9cda1664be55c222fa,0.34875268,0,0,0
7cec158bc9faa1d2aa267ddd6a02790ac1f2c3ec,0.3939743,0,0,0
2b6f5d7ed93f9975b11ba631eb2f974078c7155e,0.46196234,0,0,0
b829f1e92cf347184d6d184d3c17babda68abc79,0.29037535,0,0,0
f11bea50aa42035f426343e1d0e5058e75e0d928,0.02132616,0,0,0
70a9d5f1e7ea844758ce3ed9b4f5e46a7015431c,0.061304014,0,0,0
44b28a38c3bae21d0530c85b7ac8ed52fe3d8fa9,0.04098705,0,0,0
e9fb730f64a372e05022034429d5450537341a22,0.31016412,0,0,0
5250af878ef0ccd0612cda08e88d341b13dd9f56,0.37280303,0,0,0
33f3cfdbd24c4714f8d6a7841430127b33c89118,0.055221412,0,0,0
7b7341a69bd379484d8e073d979b3f9acb465902,0.53851944,1,0,0
2d14965b4eb591ce9e0d6f0557197bc20926171e,0.58856565,1,0,0
1a867ff80af1fdad617d9b5066966b65f481742e,0.29135367,0,0,0
aaa1a0f7156df819896da55e51e17f495717f33b,0.03146113,0,0,0
caa2a94074b6e45fd4ab631408d3d6dd39a1c1fc,0.27780923,0,0,0
b6ea863a2667310b470ae59413204ff6b2719ba9,0.1259601,0,0,0
72a8407bb1272e0b6efe62a284cfb8d9ccad1cf8,0.09548104,0,0,0
3a8a2dd2a4e02616c54804b58250a6b51f9ff746,0.38953996,0,0,0
91b3989b803ac85f06a39751ae282cc5b88d6415,0.02287064,0,0,0
267fc4ed3f2d9f63921f07cb5c12527eadacf73f,0.0796292,0,0,0
f49c113d05845093aca46c22031617a5f2c4997d,0.23409931,0,0,0
4eec965458c88e4cd08783da5a30d775011fbf82,0.14206979,0,0,0
e581de2f71fdfa4b51d024b56bb38f1c70e7a60f,0.047499537,0,0,0
ec767ef3ea627c18a6cb788551f8709d2ccb1cfb,0.14812824,0,0,0
486582e34e95eee6cd9a59c2dd8298f2f39fad09,0.4874649,0,0,0
0e55dab80c10fdee37d2a07f664322fb774bd3ff,0.24377455,0,0,0
2a0af129ef96830e46a75eb31464646a8bf3544c,0.42701843,0,0,0
732ff44a4bb3b41e30139901869fa1b72b7c216f,0.3017181,0,0,0
9f9ef9aa0b0063215cf0e6526768fd4bab879ec8,0.33287066,0,0,0
1ae31c786079e0b7eb6585feac71c80baf224a9b,0.3181687,0,0,0
be37c2e2b103aa83de4ccc9aa08c3aa4a1da6c24,0.2135233,0,0,0
90375f06cf8c0154fcfb792aef471964b3cee042,0.27275333,0,0,0
2bc7921b2f2b479a7a391a51054526b716f703d7,0.015841391,0,0,0
00c1cc0cc0b16daaf8b284ac0e7e9328caba5022,0.34215057,0,0,0
1d3cd1285a9f875a4b00c7fa609155288d977c3f,0.26628605,0,0,0
095cc25a6b7bf9b9f99d6afb41f44d41cb41b8e6,0.2992657,0,0,0
d68ceb121842d109b3da0f932bdc8f5b94253f40,0.1453242,0,0,0
d6ae360653de7813c0d15e315d733aaee372df3d,0.2702944,0,0,0
fc195c451f817641319a2668a534e01cca088144,0.3205226,0,0,0
75489a661dac6b1823be5804b78d31023e81e509,0.2303501,0,0,0
1ad2965a54a325d7d11d7daa07d38e0ec575e505,0.021774618,0,0,0
83b8f7860d22f0517373904e9fa7e41e9e23add2,0.050080415,0,0,0
883b6c3b3969eb7f293ee0fcddde528a161fcc89,0.057481214,0,0,0
688f9d20a0ff88c3349f73d8cd912959fc236e4e,0.2462413,0,0,0
cd31d7a1e4ced0ec0700275441563b235c236f95,0.039934956,0,0,0
9790fd24cb14e8861576404587eb2907dedd6bfa,0.26462513,0,0,0
80888f9c55abb7ecb18fc342cddc973ec4f46f70,0.27919728,0,0,0
a6d1cd29574818dc220a3751a9c160633f2998a6,0.19683765,0,0,0
2badad205dd69a9f82edbe150ca5437b0ac0d16b,0.2993947,0,0,0
5e621cb6739ab6718831e6650495096f718b8014,0.27756438,0,0,0
13fc1eca0a4e7e8215541159b93a956615b1c6e8,0.025154497,0,0,0
feecf333cacd2edfa06028db62e5d209f57f0dad,0.17125006,0,0,0
3ac59a1df27a7c34cfda89f6a84b8ceb6f430fd4,0.12561081,0,0,0
55cd95f277b1a6f5f50d0dbf064beeb092fc6019,0.397019,0,0,0
98befb689ec8a5b034a25bb9936d63d44223acfe,0.3708131,0,0,0
d80f242fcc1f9213c179b4651ffd9b9b7f634917,0.43386495,0,0,0
0cca1bb8bad342b3f6fe085ec6807187faf4016b,0.2676482,0,0,0
2c08cd5f0c1203186e9cf67a4c9440b77d54117d,0.3352326,0,0,0
49acf7f8a5caad67560c82043cc1f755c0eee826,0.5035835,1,0,0
02852f48243245666c0ccf4d0b8dd455d2747fd3,0.3349562,0,0,0
c73f626405dc91058ce5cbf4f87acb23384188b1,0.5031119,1,0,0
c321cc96e9b3666035524af0c17767ed8e865bbe,0.31735873,0,0,0
806ab4a928235bd36fab40e23bf450e1db5a8e9a,0.032287523,0,0,0
871c1c1aec516d4d70854e4ee929866bab981a64,0.06600283,0,0,0
6b70a706e2d339ff3b689dfef7441c28d290f725,0.04141746,0,0,0
bb2aeef4bc11b17be9233572b7afcfc3da04b887,0.022699894,0,0,0
e9b70c1841c5b1c1d771bb278b34a17ce31eaffa,0.4241155,0,0,0
3fc9fc01b08334fdec57f18b6f845906246936fc,0.38175598,0,0,0
6d030727fbc3a61ed47a6916074bbeb4ffd30b21,0.30860865,0,0,0
26acd219f08cf99be718f2bc3127a41dc33df6a3,0.38290948,0,1,0
02dc8c7e77db316553699f0e371f3e7803d3efbd,0.49781352,0,1,0
f7c09b93c2386c6928a082e96d1ddd0925a19092,0.23785707,0,1,0
aad6359c39d59176c51e0d4e5ee31def1bc10077,0.3401358,0,1,0
50a7fdcaf8fb9a684a96568ceeb8643b4941c475,0.49640095,0,1,0
32eeb20ee9096257520cded0d1af33d4664f8619,0.30654958,0,1,0
27830ee8c22d74464fd3cae4e662bf0ba97e887b,0.5967671,1,1,0
59ffcad15d220c2bc1f70f01d58bc31dec04b423,0.44941804,0,1,0
41dfac731ef973b03f70d8f9c01afc67bc5f311d,0.4522264,0,1,0
199dd8dfd1cef867ad8712c7565f090f81be0e7f,0.40395856,0,1,0
61bfd7be89e97e204caea839e37c67c6f837a710,0.3524947,0,1,0
8d52f694da0484cb2783a8b35dad845322af0c07,0.3594565,0,1,0
750d338864a92521f4daec993af7ef0aba9d609b,0.20879626,0,1,0
513f20ad26f2e940e9224be387eafd5d9c58556f,0.22233978,0,0,0
bdd455596c53a97ce5edbf616a30f33d278ae41f,0.28670442,0,0,0
9b24a71e9930d7e929f9413c769ecd412fe830e9,0.19671051,0,0,0
def9299707ed1063d249559f0182f0fe559d33be,0.08354593,0,0,0
baba8cc875f5b197c08123b2d9add4cec3772300,0.3313423,0,0,0
55d3cf0ae5dc7b6f5f9f60bae65c1c5abf196b18,0.038821574,0,0,0
19b55afedf54bfc9e3b08c1636251339b2be4c42,0.16258377,0,0,0
a4fc3e9b714e9c91768c04f6268179ed582dd922,0.32718915,0,0,0
84ca5c79e31dd177169f4c074da5cb98fa1cdedd,0.076052405,0,0,0
9a9b83857fd20c38a520642553c9106de548854f,0.0950797,0,0,0
cbff61409d719d08c711baba4e89e03e2397df79,0.19206522,0,0,0
6b47a571b665934d81ea8b3d000a3b56ed1310e5,0.23841779,0,0,0
00f2cbe0dfe83947126fbfcbb6fa186899b555aa,0.2779467,0,0,0
5a62c007b8b791c025cf2d4d60bb6da1aad86589,0.30449435,0,0,0
13f756d83675e7bbdf62d3375cddae8bf4bcc599,0.22368424,0,0,0
27c4c88da63eeedf546d6a4df5f8cddd43069537,0.24036911,0,0,0
5509eb7e31b74667950d30d166c77428061d6b4a,0.24073145,0,0,0
c0eb48f7e83987c5ed112b82f0d651aff5149ae4,0.37849206,0,0,0
071dbe7c211380bd4bed252c9b7a767279d112bc,0.29187712,0,0,0
82ccf0ccee1b0981198fa67c1899b38656c0efc0,0.04145657,0,0,0
6262740b678153a5f8a4dc2774f51f0691167e87,0.074912265,0,0,0
0c429b4b93406ed5e5877b613c96ff8d81410330,0.03382935,0,0,0
0663e3e8c502118313a6c577758912c326bc19d3,0.05671529,0,0,0
c8bdb9433a203f585ca750f326678423cca328f9,0.029690959,0,0,0
6feec370c38a8776be3f0cb17efa720750377b30,0.021122707,0,0,0
e8db278a29e0b363c8fe22d2cbcdd7db36b614b5,0.20215584,0,0,0
d4e1ad171208fc1a63de63b4a7e4c08e43edc41a,0.6214563,1,0,0
49f8c2a817f811bdc9fc3e7f550a8e0b13503e7f,0.09993011,0,0,0
67325cf97946f053da51dd358a9ffca0a9676c03,0.04608805,0,0,0
0bfb0f2b5ec98b5fd85dd5ab58c6a4dd3c0a821a,0.5852855,1,0,0
2bbdd4e503e69fc06c5d371c15eec14258eac6d8,0.114206694,0,0,0
6af248a09f5ca72a7cdbc6a0c0518026d8963149,0.04136248,0,0,0
c7be7b41fb1a8da249ebba27df1b2f0f4ffcdb17,0.19071855,0,0,0
1ef212e0629d8b19a3b974cbb428a1f000f1c540,0.35674873,0,0,0
56708e632e69a889eec8bf926bb3551ad53ded86,0.04583415,0,0,0
539869352a5f4183028a3e6b33b4e002c5053ba4,0.033509254,0,0,0
6e6cb12471757b4d2edf8ce110855fa6fa7c7329,0.32922533,0,0,0
a5f85b0a383d9983ddf0dcaeb744f7ea6b5c27b7,0.016428301,0,0,0
3c8b03103f9a120be50b9e81f738ec1b903336e9,0.3182629,0,0,0
ce81551eca5b514ad588c020f9e89ef0b9da90a0,0.2329807,0,0,0
a053fefc0e9349ad5e97ff2353e3a8cf6873bfa7,0.02290586,0,0,0
8700816250e849d9f8d0fc402b090aec6ba7ab60,0.45538566,0,0,0
e896a18f4c92b81837982ae7d678a8618d09293f,0.024683302,0,0,0
dea25cad0dc2fe6163dfe78dd0d54a385e2ac676,0.03581394,0,0,0
6c870782ecd20e5d460f8454fff316834710d4f2,0.1600551,0,0,0
2df53eb9e85e7151b0115e3d293398f4b8b6a2b8,0.24972369,0,0,0
2541eb43d2716599ab687bce2a61751a3ebdbe9d,0.014490003,0,0,0
e191b9ca9486f2b4273ed5effba490c27a096ddc,0.34520856,0,0,0
35ea189f533c703906d9f770dff684c4557b18a7,0.12445646,0,0,0
afe78a030b57e3f74825e134d6615ef4878778cc,0.05572523,0,0,0
76e45d6a50da6228c44b04a565dca96432c4b197,0.06947829,0,0,0
5d072ef89fbc2532f621a5a0b4d6791cb926a997,0.02412272,0,0,0
b9c2c119c18dea618854e43639284a6eb799c925,0.22640932,0,0,0
e76397c0c7f7889f82a0a59203ad16a673f1e704,0.46249768,0,0,0
b34408aa82918b6fa8cd4033921d0331d8ef2b5a,0.050794266,0,0,0
57f493adef716d49ed1fd2f4e857febfe0a48aa8,0.028947415,0,0,0
84dcf5f3e54ee40b806108a713fd4c334900834a,0.29828075,0,0,0
344403579a552b26c0a1ab79915b7c91aac4a13c,0.07739302,0,0,0
a9159aba0efda305e6985f904072bfe82ee2a1d1,0.078861155,0,0,0
ee4ce5f4ece734cb6d3d9f0e215e42b565290fdb,0.029307315,0,0,0
c65777acf65ee83967ca394adb6619330be9790f,0.035060693,0,0,0
699d6f0eca65837501d7ab7a92ae2c614f8e6cbf,0.05621906,0,0,0
109a55735e2b93889e6fcc5d8b867451f291e9ef,0.42211437,0,0,0
9adf0d7f6ebd27aee0124c73037085abdb048748,0.09385747,0,0,0
fdfbd85433facd2259fa8bbb45bfe2e99bf9f432,0.03365373,0,0,0
c3a83486048dba356a8f6638c5cbd1eb12a93bd3,0.15825501,0,0,0
e23402c1dc133842c1acef0a2d7cd1f386647de7,0.103415206,0,0,0
718b2bfcb7b5d94b6def4d7e89f6ebc49ff11563,0.09818754,0,0,0
22a39cbc721d5c0391dea1ed10e5350f917c79db,0.11335212,0,0,0
b38438075dd34fcc19c8df877446e4014ed8579c,0.12776984,0,0,0
87c5e5377589c4fbbd499010a27b1e345ec38224,0.039790977,0,0,0
fe265088974f937c8a9626052dd5d29b1a207dbd,0.0856959,0,0,0
7b1b3624d78e659e0bf80b061756d8c6e08640c6,0.31137595,0,0,0
b2da444800d4c5d472da58a6b776891621d11718,0.31426778,0,0,0
76c4ec233c1a61b1f46df6d6847b889c0a7a978a,0.32576373,0,0,0
1d031d6eb6e6861f38e228bd587ff74e7f6fcce8,0.2973263,0,0,0
426cd8c52ef1732ad3a57171429bf7704d80bcc0,0.15391411,0,0,0
24df623ed69f86a13a2ec453f480a4e3f93b04ff,0.37045845,0,0,0
14a08584c7cf63dfadddaeec102820f9de901c60,0.270025,0,0,0
d9406824aeba0e977c0692971a6dbb2e62823886,0.28237137,0,0,0
6c3a1bb78c3e92fded50c1c1e9f4c3e2e6e9dd4c,0.23572874,0,0,0
6aa7ba1d927cc57769d4ed589326053849b235ea,0.2404231,0,0,0
3206b41cc6b60ef2854273ab0eee5e406f9f6efa,0.2955384,0,0,0
c1d92d87157b7d5a27aa989eff14e302e15f96d7,0.35968432,0,0,0
842bf6f447aac7d05c75c6143a5affe9e383b3b3,0.3651585,0,0,0
eaeffded81ec88f4d0e7494bd544821412435ce8,0.01843547,0,0,0
59bc597a256f0146b5bb05d951ae2d84963cf3df,0.24689549,0,0,0
81210eb267181b766acaf201a424a80d96bb5bed,0.08554551,0,0,0
209976ee53c9b584c013a9b0b21ec98ef733c6f1,0.29072478,0,0,0
5e3359388b0732fd1b3d055036187525eea76521,0.15174165,0,0,0
ab2aa8d6fdcdf5b3d326e7e86ac9d045f4859e98,0.23321155,0,0,0
d6beaa363bca8324c7a699ce797a89698d49ba54,0.27946857,0,0,0
65e1c9c38becbee2f84d822cd65fd7dbce42b903,0.17967384,0,0,0
822bd135f3a54b8fbeb23c313535b13c18198c3a,0.44218144,0,0,0
a7bd568249f9ec20b69b2a700da6a0648e93a842,0.085983254,0,0,0
c5f2e40e7a8234fe48e08d451d3152ba58a03ac6,0.05239897,0,0,0
933796e9330ed5043ad8e76d9fa2cb8b1d3a8e3a,0.3162793,0,0,0
31c0d3a8e94b1016843596acea17a63bed9d4558,0.028622547,0,0,0
e95134229b9066aa2f1d312a53f5a670d271dbfa,0.40499938,0,0,0
45fbfb82fd1f5168a7183e78ece89da7a60e21fe,0.2703812,0,0,0
d675cd1362d502de0a94e0ff4d10e9c4ada579e4,0.23881288,0,0,0
f5c46b9fc80754c601205e6ef13c5b7e9a5003e2,0.031849883,0,0,0
722a5af4f1786599f22e91a34af459883c7a6a8b,0.3637899,0,0,0
5411db017b093f0995a9b7807a6a4dabb0f1e0ea,0.0100141,0,0,0
31e141019010d27dfb3c1a1fb712433268b520f0,0.03397498,0,0,0
419ad3e4aaeb2471c86eec1b6799675a70bc12cb,0.12845632,0,0,0
d357d9d563c4a34fa2ab3cdc68221c851a9de4f5,0.21398734,0,0,0
bfd83b00eb5743ad4ad0d24957f84b61ef9f5f79,0.034137998,0,0,0
3378280035f388157e007a06f7fcb74698b91e3e,0.08443182,0,0,0
41a3e9c52d52f60d121ae99d281881a55e006bca,0.48548344,0,0,0
a64b4cc5329f2275a5513b12622863e99a803a24,0.039245788,0,0,0
c295a589777a35730c90b26f28f7cc938d4053e3,0.12912829,0,0,0
c29e08e98a4d1f12842375cb8fb259b8e5054b0f,0.014341768,0,0,0
d4f28d7ff397386b208823c577180938e15769d3,0.32707947,0,0,0
936b820a4e9b9f96661c961bab87e4ec05ca0574,0.4119184,0,0,0
92a07f9aa109f0f55af963f86e466c80718f9466,0.024169985,0,0,0
8d5c46f420fe3f7365579aabc8b40912a3610957,0.044936378,0,0,0
5899f1eb7239ea26291b9e38490f5922b86158d8,0.44486502,0,0,0
46a2c6bebe30989d51d59e14def38a82e8edfd78,0.28479776,0,0,0
4d5e45cdb44f61202ce439caa3d417813375f9b7,0.020786414,0,0,0
51eb5df8b27103169878575cb421e3181dcfd525,0.10537279,0,0,0
9198e9498fbbb81851048d0eb71251046f16987f,0.037974406,0,0,0
56c60017199b255f38843e33beef95e8d767a10a,0.021711776,0,0,0
73202a1e336eccbf9928bcfb5a780a0b97a49680,0.03501076,0,0,0
bc8773df85d2db0d2d5bd99aa69d7e7c795e7aed,0.02734647,0,0,0
25f3713d9280abd57a49a9979a23d4ebce27732f,0.033426233,0,0,0
d654978ff5a8980c0efe10632f55218f4de4e6b3,0.039059997,0,0,0
2a31bc5fc0282cbeffe8e41c1c8c576314b4eec1,0.034863576,0,0,0
e460f4f93817bea10b2fba8aaddeb892421d2668,0.060051516,0,0,0
36940b6418283806ed10292776c9c4269923e1ca,0.21277563,0,0,0
72499caf6f7905122c97987953a313bf1c95901a,0.20530516,0,0,0
bfe3c22bc3e866fc499433faf57a9239d4f6e1f2,0.29982814,0,0,0
928da12b15c987e16b2481c43614c8e868be1c04,0.19599114,0,0,0
5e223a403e65992d2d18b1b8cab5da2c6c1aa37d,0.12241358,0,0,0
7379cbb2fe7b69aa871127e64a51763c445a570e,0.043796133,0,0,0
0cbb22ddd4cd4bd356dad0e8dca8dfe1080aae0f,0.016267698,0,0,0
d8e8908db227ec91608b386a65b5f8559d92d8c9,0.23533045,0,0,0
06033035f09c662020ffe0300983697c78d3039a,0.050906006,0,0,0
dcf6e82f8610b89075e00711e186792053928c7e,0.031773493,0,0,0
84a0d90783b095775b5d14b2a807497862d80db5,0.059689365,0,0,0
10c8db1b1ae0fd9be8b661dbf24643c0a9012d68,0.036731772,0,0,0
4f50c37506de036bb34094095aaa6d4d831bfbb7,0.062294107,0,0,0
30280a9ba706b330cbf6b18e6f2f6660743c0f16,0.33769366,0,0,0
9cd31226588fa303886b9daac162d5aa753e8e15,0.33785665,0,0,0
2736b6fe0b3fa22ec8e2b4184897ecadb021fc78,0.068073496,0,0,0
d3fc1a2877c165a57949414f5737ef00ffcd867d,0.32845685,0,0,0
459cebc515b11fef06464b711b3b33cbc1dd8c26,0.06588601,0,0,0
947c01f6d8000122a174da3d668208eec877a799,0.06675318,0,0,0
72d00532aa8f0fb96371f01688ace8b9d53b17b8,0.06633913,0,0,0
27fb1044f1f244a9f8841f059392bd7e595797a3,0.53813183,1,0,0
467386105ad855e793a09632142c00cd01c5dd10,0.4434402,0,0,0
9e405ca54138b63a4daff58d14d0527fef1e8e66,0.26403755,0,0,0
0f98e790a43b17ae1bb60d264931fb4f13300762,0.591043,1,0,0
8f957f527b9048f51aad91b544bed35c48bcf3a9,0.46103352,0,0,0
f03149e07dee90b23369d1cdb7f15c142df5e31d,0.21721214,0,0,0
48f7e179e4c5f4e59afdf0bfb4ec5228692e00ec,0.15597868,0,0,0
91a94d9f47b2bc928eaaf83d7c9dd06c235a2824,0.18163414,0,0,0
b498cda5bc8d834ab311a6a3415e990100d8a81a,0.23778172,0,0,0
276b2825778c0f6286ead1dac0dfe5fca307e77a,0.26296905,0,0,0
e4e03ef4c091f5a35da0d97a6a35224197b8be02,0.47571215,0,0,0
d24dd1a3abc4624be55c0772ae4432686ee18792,0.45124844,0,0,0
71fc2c4c817a8c9bb41650d5b27a89e207a68c39,0.3732876,0,0,0
f0751b65cf680456557aa1bf5c56b12f5c1a0fe0,0.5483436,1,0,0
d08dbbfdbc41cfafa122abf06d39ed543b473464,0.30923358,0,0,0
a4705cc3c310ffb422336b319891f63eef021f1c,0.07008767,0,0,0
e996235aeb7908c74e85fdcdf1369a5e46672169,0.010533374,0,0,0
0aeeb46737c5e4a5d8c21c26e6793956b0296cda,0.32076687,0,0,0
fe38f8892a2e99cfb6b941c48a57e1415d7ab223,0.43160635,0,0,0
9e801d916c3d163a4cfcc822e50dd75ac7cefcc5,0.021253094,0,0,0
ef0fb794d49e9184913581f561c87ba8c62d5e4e,0.21400198,0,0,0
0298305934801cf65136ce20c59dd133d8ee4d17,0.016513899,0,0,0
9ba69d7b9af1ab71e0ca2d0044f464261ae6a199,0.24363324,0,0,0
c6b8a383de96cd0a8e94037a04510f162e4bbc68,0.032978054,0,0,0
7b813b674adc6c94a6c9a19524913c07b7d8bc9c,0.2618655,0,0,0
559de2c461e94ab636c959149c775bb27111fb48,0.505162,1,0,0
16c983693a235bdc45c6286a1e7b01d8ef58907e,0.2077394,0,0,0
3ad22fe3d689781a76a92908d0bbc119b2c68892,0.2607717,0,0,0
8691eb95522d9421a8b2883bf65e535d581f1a06,0.51367474,1,1,0
eae26f2ed787c88c07ccb83f0e5550689ad47bca,0.06288663,0,0,0
4b6d66fbc021744136d02733ecd375cf1fde2bcf,0.26242256,0,0,0
1cb454d0221a6ea535f1c0ec5c5abcaa3212cf1d,0.16595277,0,0,0
8d4b217045ac12013e9c1986dab89451fceb478e,0.30175924,0,0,0
5c7c7a419f7dbbe738dc40e4e00dff3637b38b13,0.33891702,0,0,0
de4356072f1dcbd81f721c17be39625d1f8cdbe5,0.4221561,0,0,0
cbc4aff11a1a1cc5c18efa68877379b9b2bca30d,0.50197643,1,0,0
81b311fd0d2a084a0c29740714076218fb6c2302,0.529107,1,0,0
f8b79d0c21165faf4dbd620cbc6eae9dcd3ebf42,0.40389147,0,0,0
70f580a56ae8edea6178be6b2188472f87623542,0.47568285,0,0,0
a8b7f6e98ae201787b6a77c00531f83026c6eb4b,0.315673,0,0,0
f7c21753a9f0e43a08543d43af7e8564b6f33a2c,0.6289256,1,0,0
64b682cb6a0ab5976596065291fd07eb662c5a73,0.441824,0,0,0
316af191841ab980570d0c3c4f5f91bcef1d45de,0.4934762,0,0,0
1b43f08e9e06f604432e20d5d8feba05afdebd1f,0.16306812,0,0,0
60de0da4acbaf41818ecee2e0930c8e9e9257395,0.5719114,1,0,0
21b8fd06473bc5e6c35b80e4d1633da283236487,0.4762735,0,0,0
19bed73bb2fd71a1be7a7f26b132c47d5c81fa72,0.45939973,0,0,0
77dc36f5644910cbffbedb9dbc7e0b118b14fa66,0.43904662,0,0,0
e2f293ce22aaeff7c467aecbf6a3299e71d37a07,0.31455943,0,0,0
d916c50745b109551d81471f408250a2ec18ec84,0.49732444,0,0,0
dcf5c40f880c86d800a4563dd203e5fb89f3cd8e,0.5694746,1,0,0
07ad5e56818b6937986a1327fdf13102f9baad61,0.6368901,1,0,0
6ba9e778ef1f99a80f8463fbf68b39e02add6797,0.2916103,0,0,0
757057addf72d587387055dd964ecb2a562a2cc3,0.4569255,0,0,0
cafd9c77865ecb86ed9fd71637f2bcc87ce7e2d9,0.51166314,1,0,0
0c0fabddf6dcbf8411689df9c5cc29115da18be1,0.3765592,0,0,0
a2c0152ba2c45680f399a7e4d74f898ae3184f39,0.41622695,0,0,0
106c77756d7e2efff5355d0587d17cc261ae2850,0.46464485,0,0,0
592c9464379f97d67a76747faaab1af2316febae,0.0870643,0,0,0
9b71bf1406e0eb9892915542232211ef47602227,0.39202273,0,0,0
711846e5d03d6743205f8c747ab78c2ea43714f2,0.31393376,0,0,0
d759684b89fdf0d3cbaa033f8596f0a78a466b52,0.36495847,0,0,0
c204f7940bc73acd6893bff489fa970edbaeb5aa,0.20181285,0,0,0
96099eec30e81f16efd94f385b45707bed515ed2,0.5462949,1,0,0
0d52823fd924b806857d4a5bec6fa9f5b6ed30d3,0.5391749,1,0,0
5db13dbb9e7e6b28b443017397c8db3f82bacc95,0.3425533,0,0,0
80a819dbb4cd398a8eca38008656ad45550d553d,0.5845548,1,0,0
be38c1853ffb59825df763d61239992b9aff9127,0.038174078,0,0,0
06104090a6edc145cbdc2858ca224c12cbf66aec,0.10088844,0,0,0
509cb24e2c759eb17556fd3d2a158e3fdf60ab69,0.05581982,0,0,0
6eb761413871082d2ea128d8e132dd5ac06bbf4f,0.08005886,0,0,0
046f547b562ba2df5bc03f9a5c0125840a39cb2f,0.45892352,0,0,0
b24e7f33aa4c19352a5aca076dc3880b3924ed61,0.35428298,0,0,0
4f0841e04d88db62129618493ff85b87efec7712,0.4666912,0,0,0
437ab1b6235071e572cb3fd39aea1abb6a9a78cf,0.27178463,0,0,0
251bf6b18f83b8391ef3dfe83157ef5c51148fea,0.081627205,0,0,0
031f8ff3212c426ca7510dc6fd160dff22165be3,0.30938545,0,0,0
29402ee9790273d3957f70bfe9b281d3630d2f38,0.062402714,0,0,0
5faba67982689543f69fd316c38f16b7ce39225b,0.5502275,1,0,0
6f6f0f698dd81a0220cc74d6c10f545f23374bf4,0.039129138,0,0,0
de1d783fb598786fb054f05c027f54c79d054eb6,0.040682502,0,0,0
8847e59f64c43651db01a5c066c844940ddbc475,0.017556326,0,0,0
ad21dbcc8d97dbf7b553a3e1cf6c908854ff1ab0,0.25323552,0,0,0
321fd426406b6e60b6ea1bf9bf60857d6484f0f4,0.1226037,0,0,0
35e75829ef4a2cb124718e9a01301621d82ede8b,0.05120457,0,0,0
08233bfb9c8f554fa7b236d3dc7bd622d0ce154e,0.44576183,0,0,0
5155f49df062171fec0a73480485926c1b428e2c,0.4707106,0,0,0
8233b90eb074a0d04c503bc0e23376d4cddf02a4,0.25712273,0,0,0
f8b4e224b0c719e4d9aca6b26c03214963cd6af8,0.4370675,0,0,0
b5dd05b28613314e66cbd20906daf40424433331,0.38312593,0,0,0
b39a4adf6f31875e375435ca720a8d2e06ebcc53,0.3627765,0,0,0
81ec66a027bd860d6da043c3ec4c15500cd77b92,0.5012891,1,0,0
686d4aa79adb4d2b1e62a97e73ac150fb9f8b291,0.20490286,0,0,0
a55b13b7a0aa77d3e194563126f22db057873142,0.4009095,0,0,0
a721a26fad811ba618ff4fbf6371a43f851fb21e,0.2267636,0,0,0
9fb7a6368684ce4f07db72c4310fc380388f120a,0.37181994,0,0,0
a59d8f1b4504e30b36c7a22ef2e087cbd98a7553,0.14258415,0,0,0
c2656e9926477da08cd26d60e55691ba26ee6b9f,0.07148984,0,0,0
8dd45d4129046ac0b4f819e916beba6a699bad23,0.4299272,0,1,0
043a39baa8befc916faa0d4cca714b9fef2c19b3,0.41724488,0,1,0
edad71ad47d5f78d7cc93f2f281bfb3b60c56200,0.17973885,0,0,0
b696e321d599319a4bc94e055af27298c979874f,0.057782818,0,0,0
eb0d74bc8ad21b9ab7f588a9fcf129001ca3d09f,0.032229673,0,0,0
b01e9e0720f663f3e4fd0dd0a03e013957998f84,0.29941267,0,0,0
b03c73b9607fe2c49678d26ba19d9bf1b342e7d5,0.043720875,0,0,0
e4a3737c6c07420ee7c27a968c443b04d71c3eaf,0.15439562,0,0,0
b702664be09458c06c7270520c4500b5764fc036,0.46384844,0,0,0
388dfbd3f2f7ef66e0b8c62797c99305aa964247,0.12988238,0,0,0
e4a6a3ca3a5dcbcbbd65edde61bed03977a75af3,0.10806597,0,0,0
88acd6de3508aa297affb97625acce98877fa98a,0.3236279,0,1,0
eff38bf063fbd052cfe47bca56e4b2d8073b6ce6,0.51858187,1,1,0
aa4861217bd3f6876331309a92dd5eaff303b1d4,0.40483263,0,1,0
9e360ca017b1f639957c799a8b7b64047c286d93,0.54218936,1,1,0
00513a091d6cebf1ed4c5e2b6619dc36a4b5bbc6,0.49176568,0,1,0
58d258c7768cfc3ab47e455549f8e10b8a3bdc0d,0.4624346,0,1,0
6322cd019c486b6b98cd3f94ad9097245be3447d,0.30108225,0,1,0
5c81e7355dfead2da26406b1c787e8a449bb6beb,0.46911183,0,1,0
caa82d3e1b0019b373c55c23168bb8c007fd6100,0.3631608,0,1,0
9e2996fef15bac17b20c641900f4e641c40c6aa0,0.3654223,0,1,0
9e1aa0406b26f67fd021465903a2627b960e8c8b,0.33972108,0,1,0
bd2d4a000c4d5b4377e9a28bb225d3f61d45de31,0.49978086,0,1,0
16e434606776d7961f8b67b7d1062e15f23facf0,0.29068214,0,1,0
d6dff710eee0d56a1df3a761112002e4a1ed5758,0.27855793,0,0,0
83f194c1842b431030b6296fe59ba4eb20ef72c4,0.25074446,0,0,0
2b0270addb3d1f3bade8bdf1cbeb7a5c263de9c1,0.4316355,0,0,0
dd9ed3fa5cd6dec0ab5573e464b2cc5258066695,0.20505668,0,0,0
746133b210300aa581efe5b6a9bcd8969f2447d6,0.55059206,1,0,0
5629107ed8ba0fc170a9cec00980d17dda25354f,0.021267135,0,0,0
93b8e303efe494eb2e62a8d504ca92b7b60bc874,0.041349195,0,0,0
32ab76c1cf4ff1f762364fe10f08a54e43f0cb42,0.051073853,0,0,0
2b9dd184be2aa29b7876b15436e9967a1683d8e1,0.017262261,0,0,0
0b2102cfc42afb2629973a3c0f2b9d614f33be7e,0.39444298,0,0,0
79ab66952eb3f27e99e71a902b482ea3d9553321,0.22817387,0,0,0
50f831cdcfa0c30a5c4403d77c363dc56de11e0f,0.026245475,0,0,0
ebfa9238effab582f48400c371a4b8c07e8d3bf3,0.3277854,0,0,0
6e2d05638b243da413658003647f1a33adb49933,0.026219836,0,0,0
8862e06dc4d4f47e3d7e9e06e8f0581fc4767c61,0.4538524,0,0,0
4779067fb3cea6527ea4fb9aef97b8497c516912,0.031201765,0,0,0
d8f85358851e6f59a50112958c91da7ba5c31c30,0.48751846,0,0,0
cd639652a35026e9e890b3a74dcdd138c3e1f395,0.10573116,0,0,0
dc59b87231431d9b95a2cdce857c7d6d09f34684,0.47306436,0,0,0
df416d3a5a0f688830c1787666b1017981b27233,0.3148508,0,0,0
72f1d8a48a261bb0a15bd879a51559ca059a24dc,0.2546862,0,0,0
75f54c482430c99e107aeb3ef8b6742007fd0544,0.09951294,0,0,0
f070d7c0174e3588c5f1f1347a7baa839c97262c,0.24545312,0,0,0
6ef334bf37cc066387da7cc06d6c1837e3427808,0.24400906,0,0,0
31b4fa6189e23d1bfbeadc4357bc680bb0dbfff7,0.34278643,0,0,0
46d1a118370309516351336a252c09329d51928c,0.3333763,0,0,0
3b0c26329e0d6ecce1d72536268e42db57fe1302,0.4248869,0,0,0
fa2875b53071a837c52a6e6a72bc229176210227,0.10203998,0,0,0
6bc8cb6861de786a8b7b95c4225a6c97ac13a76d,0.34130985,0,0,0
7440d7886c633fd99a994c34f261c2890b3897c0,0.31083262,0,0,0
1f564c2cb6346539416cc094d9bfb9dd50393de6,0.4929908,0,0,0
c4d6e6678a1380ada4e8774e5c66a4592ecdc5fa,0.48716217,0,0,0
2847adbb14c0d6bbbf2d905efd3d507a58424555,0.016075647,0,0,0
f6a5f157cd72d25a2d3da7a384dcf4786f511d42,0.20627066,0,0,0
9aea59329362a8100237a0076e1f071237eb76bd,0.32316437,0,0,0
607627168519405b3727ae869e5f491f65a33163,0.18982145,0,0,0
3a7cac6ea395f6ad28240b4eccb4d3379e622998,0.4260442,0,0,0
5894c4a557f8e760b78e49fd54c0c4a804c0b5ed,0.09174878,0,0,0
0729366497d231d045502806847116324e0b5434,0.12653759,0,0,0
627ca74cf81eb95bfd01d7f036fedd85539ead25,0.07846426,0,0,0
0535fc054080c5d9b8667da41b2dbb3dc88fdd77,0.053710844,0,0,0
563c0c459497a5f07a970068d4e84c835b20a4e0,0.24381755,0,0,0
d6cf5ed96ae5c3d6264057c129353858ea7aadb4,0.12553176,0,0,0
0ac6c73dbdb75e156a3e5c06ea443f371749e144,0.018599415,0,0,0
9cb1dfc36fa3c76c11930a4f6cb7ebc175a77c53,0.2849798,0,0,0
e81d716573a9c986081254aae1526883c37ef498,0.38565373,0,0,0
5e1d3501917aa22b0d40e48235d0a97bb74f1681,0.41786966,0,0,0
f09035290b1cdcf54f40c331e8c84d925eb454b7,0.4689091,0,0,0
ef9974af8ecfc809b18fcf3e238221a61e65b6fc,0.46193433,0,0,0
87e18b1cdd76581940c6c5e1d1eaef6e64eb02fc,0.25016272,0,0,0
b3028cfc9922fb266b2d0da59989b7782532f24d,0.050680198,0,0,0
751461e58213b0e8296dea6dbe04ac650c9ab728,0.27838874,0,0,0
422c4f5d6822a77679a2c70166d72adb7d426c98,0.12743887,0,0,0
f69ebbb0e8323cb635ded0d56bd5ff4b60f631c6,0.033202745,0,0,0
15aca89b0c1308137f66f4e1fa479a4673287335,0.5007923,1,0,0
7af83ae82144e9f7223a24ff96e544ddd1700bd3,0.05713978,0,0,0
4edd8c4a18ee1ac19791c63901a0917dc5224435,0.5228172,1,0,0
d645125364e998b3f0648c6909d1afe62791f836,0.09570497,0,0,0
ca6cabdc42c3394d55a2a20d5c6f8b6fd9f7446c,0.5445251,1,0,0
805f5ff26a689d3d89c64b13b9034d1292b7d3b0,0.04164603,0,0,0
b37c8aacf143318b992154b642f3d04b7b11f327,0.27789122,0,0,0
61d79b7e77f488ea2ebfe6862a29b4149ddf20f7,0.36219645,0,0,0
77986d18d70d7d99777d973f6910b52d84a802e4,0.35594782,0,0,0
2b5e291952f780e50df8c47707bcca2fc8d5b306,0.4078341,0,0,0
ad664ec95daeede3805e086a603971d2600c50b6,0.27286503,0,0,0
d20ae38fb8d7effe60a020efec1b5068a0e2ac8a,0.23949201,0,0,0
20d026bda72139b0b17e892e1ecea53f97e4569b,0.030601462,0,0,0
680d1b95a699e73ee8765ac846887adde681eea4,0.03422907,0,0,0
6860a7efc3c6975bb258fb892b7b0087bf1a14f4,0.054923825,0,0,0
86cc1db6887178f4c07cb0ebb190b694900d8cef,0.075893134,0,0,0
459b179d687021a7991475787ba82424001bf863,0.03516841,0,0,0
2579c0909256b6feacc87fb9944c50198fed02ae,0.028413936,0,0,0
296def5ae78622b8c8e6e4fda2d223d76bd251eb,0.27987814,0,0,0
310709eb808205afaafd2eb23f557d9b2b0bedc0,0.27615812,0,0,0
f052896ac6ece2b36c36706604780dbda90b7f41,0.07521201,0,0,0
9912cc90ab10fe23ad633dd87847f170fa443874,0.10715738,0,0,0
165549671cdd9ee81fcc8e4e5ddfd4e62a116548,0.036276866,0,0,0
e48478c8bcaf6720b300b8fcd14475fddb7f5066,0.35063815,0,0,0
f843029843558642c5c29f4788b539a819ac3a59,0.18189004,0,0,0
937365e1a9b2e185ed4d6af9411cbffae837916c,0.20329405,0,0,0
de681e1b13c5af66b1a1f2301d8b094525cf6edf,0.30636063,0,0,0
9b14935315ff59eb62aa2cd19298e19c4de76004,0.16052788,0,0,0
1457605d24601e45a6b21f72078b4063678283cb,0.35740516,0,0,0
2d89208a6d21e28961f0d8057a704fcbb61984ff,0.21808663,0,0,0
31d4e7fae9743ddfe08aa32c8e638af887333425,0.19676133,0,0,0
c77f5bda4f0dacdd5f69d01c2b7b1a4499b381b4,0.017956816,0,0,0
2b238460f659b0bb00f26f45fb9fc60968eb7874,0.014391247,0,0,0
f2afdf33061fb7cf8f3d0d2a0fd75b9751fdbcb5,0.021780794,0,0,0
aa40ebfb5968ec48600d3555fc8bf3b273bb7139,0.02905274,0,0,0
2e511a4809edabd77779939e43c448bfe1a30fdc,0.05868995,0,0,0
4c284fa75377ac279ebf4b06991896e587caefea,0.03660984,0,0,0
dff58f05b8ab7322a6dda1d1e58b54e51f3c916c,0.024026731,0,0,0
ede779611ce2e816b4fba650591f2f4b07ebcff1,0.040617205,0,0,0
24450e97f811ed25a25384f24d7f8a2158abf61a,0.05874243,0,0,0
ac14c89ec0a57fc14f37d709c7eb8f4355402d7c,0.05875588,0,0,0
70e28a6e5b835281b74b3c9d8b39fd4b30c86c31,0.21147934,0,0,0
3101596daf7b37b7db692747a79b20f45c6c61e9,0.24088812,0,0,0
2d7ee256f10ed2b235a533aff73b67166cf41e6f,0.26262116,0,0,0
6cd3352472b99d11549c66326dcd1243c551a4c8,0.14421627,0,0,0
c9bac8cfc4563b5f377ada6db19b0252eb57b4e4,0.30075878,0,0,0
a48323e4877e3466d9847b28d26103457de05719,0.19646941,0,0,0
9758c4f3c61fb0c814e4c54e378812d388e1269e,0.023286188,0,0,0
b93829390d6eb3dd337faf79235bd8eb2efdf17e,0.021435969,0,0,0
a3c33f6ee887789e695f289172bb7a7e7beaea5e,0.2725284,0,0,0
00f44612507728a678f64d8bc3144cb7ec49d0ad,0.047638696,0,0,0
a9bf61161b4343011d51724a505e82339fd9992d,0.19163884,0,0,0
c486706099b3dc4ce34d16e4e0a3173b9de7dd2f,0.2779572,0,0,0
6a46b00a397374989dd5038de9310d292fa88452,0.28831416,0,0,0
04bffa014d7473d62b972a4376748f4381c782fa,0.37619436,0,0,0
c172c147b3c33af78c3d7320939f416188bdaa93,0.08474459,0,0,0
af46d68230bed03777625577374204b2cbe22e9d,0.13659345,0,0,0
0177a34c51bebc5e028af7682a6c6d1ee9c271aa,0.19181423,0,0,0
e8626b9972b23f1902e7e4c0b2ec03c4cfea91b3,0.35997987,0,0,0
fb39a0a1e1bef9e40e9b358278e783fa7d402314,0.02824643,0,0,0
1cf57633c98f5559c203bb48f1d8e2b22dc459ba,0.32954058,0,0,0
621d0f57e3fdd279ef1e8e0e9beda859e9d7be74,0.38447803,0,0,0
4c3b552c6d3e8f08e0cd41577292103a5c549142,0.4256824,0,0,0
fbb560af0395d2ad4674bc6e0f406aa05e3bbf95,0.39634198,0,0,0
c7ec8c54bf2b458a2002f24a3655c17a2bc316a2,0.073080145,0,0,0
7c0f14aa7c14e9397e6cd68683bdab77218a5d92,0.25439525,0,0,0
57370d049dd7b05d35096ceb475b4f80494db5ed,0.053671237,0,0,0
222061e1a92d6abfaabfc9406cd655a5ca8ea2e5,0.07116537,0,0,0
064cecd073953686418d089495eea9d534af9e73,0.07558504,0,0,0
add2c3098953d0766950e8dc78e3484a46bcde7c,0.045032695,0,0,0
430aff38a3c4428ce43d0f30f259ee0b8b80122e,0.046371102,0,0,0
eb4e834b6ae3a17756bd2732ced075ad4a0e5ba6,0.44188762,0,0,0
d3d180e84143f0e801bf73494b1a71f77d2c25f7,0.02241932,0,0,0
2ff50c9e620032456165037fe00f3edb99711d53,0.21418105,0,0,0
71a07dcf9ad6211b83810ec187b617d005b818e7,0.17944744,0,0,0
252254380c6b9ea99fc978b6abc1b3b4fccf9cf9,0.26085067,0,0,0
d34cd289ee1291b6a7d1b4675394248be2b8ea6b,0.31800884,0,0,0
3fffb43ecffcd08fea1f28f6106d5c3c8cd97091,0.034235124,0,0,0
ad548a350635141c415930c70ce31d8173592a0f,0.35846785,0,0,0
3286bf48497f3f831f5034569c8d37da1ed6e76f,0.35952687,0,0,0
38d899e0f288a24173a6c4c5898bb176102ca9b9,0.34990427,0,0,0
e9999fd04a6338058d27421f427304699dc53c29,0.37682086,0,0,0
3e1cc8f9b982bce46c6471475bae47c281be41dc,0.23740777,0,0,0
653ffe15ad341350015201a1ec3188faffb4b9ef,0.15992281,0,0,0
176910a51361cbea23194d5483256594d7f09ece,0.5035177,1,0,0
4fd9e0be85d9dbe6b969cfd434dec6eea988228f,0.3993207,0,0,0
294b73583fc0dcd548ae95a841829f9ad2ab3ed0,0.48618412,0,1,0
8af453cdab42b5276cec2e89d83ce5c87d70a137,0.347011,0,1,0
13d84663bc4eedb2e9e4035af75622b0a3cb480e,0.19085798,0,1,0
5a04dc554ef53ddc39895a9211286b9fb2e65586,0.33285278,0,1,0
24bed1a9bdbe3a1edd46bc3b2af83ee385e041a9,0.4409879,0,1,0
51f09376456ed8dadc2e801afaa495863fd7ee3b,0.46318313,0,1,0
72562004cfa5106472f61efc5d456788bbc256f9,0.4348978,0,1,0
160a0d35f64a52b9e31a725adc2672498d1f3f29,0.36034375,0,1,0
2ddabf3b84d42184d9781e02a936fa1160177866,0.55491304,1,1,0
ffed230ba8958ba3bc27310b71b0c6df589c3e63,0.35840115,0,0,0
add1d4f07c925b8a9044cb3aa5bb4abdeaf49fc7,0.050744798,0,0,0
6cb6acb44a1cff4136125faf763e67525ea696b1,0.18936734,0,0,0
1ca3222078064fe4bc1f92fc94a58cafa39f2643,0.32656506,0,0,0
f183402ea3aa777fd7fe822eb794837a8e0b3478,0.041495487,0,0,0
4a188d8d13e44b397bb40ce1280279d0c9b1feb1,0.42408332,0,0,0
3d51e770c28b404ac119acd7c108ba174251a929,0.18223982,0,0,0
1e802da3a611eb2953c4ec3c650436278d76b9dc,0.019243162,0,0,0
3c07b123c22a2fecd875e76371afdaa5a1d5b9fe,0.3414393,0,0,0
c6af3ed8a52ddfc3c54c69dab18e36345ba5b92e,0.21557279,0,0,0
e4aa99d3f603e70c7db3a55ae5d59470c1a37f58,0.34492213,0,0,0
4170eeb054ba1414eceb08ec6c0fbdbdb17eb5c2,0.37984797,0,0,0
cc2fa8a4b8f4508dcc05044f97acac50dd49259b,0.07598547,0,0,0
16dba64c31c3eb18ac916d49f1529fe4810fe754,0.29190344,0,0,0
b5284cd9b0d66523f6aa0a57576beace90c86e55,0.5506737,1,0,0
fd61fdad30c073f5b2576d1dc65452c5e4dac657,0.44906107,0,0,0
1c7552b1a3c2bbde15f98671c7b7c1424494c128,0.39725423,0,0,0
7cacb1830c3385098d308979ae45e3ea42b9b16c,0.017668398,0,0,0
608d50697c5e19a8249dd9290cd15b652f5f01a1,0.3135533,0,0,0
fe87b23fbd86d8f978142dc326231ea6bd4a61f0,0.3963118,0,0,0
5068b6f0082a020a6124cd7e652558efe3ec5f37,0.22914663,0,0,0
b5a63d8162d8756e4ae73b80ff125439a1b47613,0.054662637,0,0,0
24664b9397a6dc153251ffd7a4d3c01515988748,0.23858249,0,0,0
2185f5946edfddcca8a5bcb76160212bfe2ef797,0.42759067,0,0,0
8eb1f763d0cb0f98de1f12e3d48d9c516f5ac7a8,0.187801,0,0,0
77a24a9fcd3b01961f881143e485b4be0826c139,0.021619622,0,0,0
23184e15023157312d7a8afe0adfe30b5d7864a8,0.5308167,1,0,0
b51ecd27cccc520764c9ae53cabcb61d67d46d15,0.42027292,0,0,0
8a2ec5ebd9afa8a299cfdd5d3cd359898346588a,0.06606331,0,0,0
07dfe0f23c3aabdb4dd47d2a7a26bbd75934da5f,0.1229533,0,0,0
b7c533baf4ce8f0fd3d3e7d521cc355e71bca797,0.32441995,0,0,0
daf6bd54af7149e06961607f36e3034aec1e70ef,0.0832666,0,0,0
d3c8c564ceef470411821b5a6c82db17782ea3b2,0.36829808,0,0,0
0a8225712e4b4a4471c5efb1ca11e97e2ddbd71e,0.03598114,0,0,0
9d7bb4b52a78301ea6256ae20279a8db63523e99,0.29875875,0,0,0
2ae95bd6e65f698120eb3a7b774b4a7b252ce168,0.4522876,0,0,0
8205f0d26abda68a740de8c962a32172d2bc7e8b,0.3443751,0,0,0
833ccb78e61f01d1525f6c6af6757ad573d8a78c,0.30429137,0,0,0
b2c982294b90f03d507e3078b0b3bf0a359a29c6,0.06278921,0,0,0
f37f373a04af7de05b089a55bfb4d2d86d055fce,0.22777307,0,0,0
9c2d135bb030213819e40f73c47e7e33d35ab3c6,0.25442398,0,0,0
3dbd158c7b0b1df5785d3a395a3ae058b7867381,0.3512632,0,0,0
2173d87cf4aa84937abe438d0f836c8fdd3ba1c1,0.44559616,0,0,0
ebb424989c23060feb869e0cf817a4d5285c853e,0.19952211,0,0,0
ba8c6e130e524fc1454b279ab329b03a9877b13e,0.39808318,0,0,0
e354e067ea6b5d099db609aff76a199a81e92d12,0.32698238,0,0,0
c9621e30ba79b20322f449e24a2f438918ce33fa,0.42076528,0,0,0
4f9c6c24a8b4b03e2836c77fe2e53e38b6519420,0.29945713,0,0,0
67540b32bea000574561485e11f7f033be1dc2cd,0.3355456,0,0,0
e2f82b25d19faa263bbdbdf074948c6537d85e3a,0.39626116,0,0,0
ea7753f06b2fe66df61b63a49558ff80ac3a09bb,0.03545769,0,0,0
0f39df025ff43caff8a6fc0b841ad429379db242,0.23712167,0,0,0
6903248d4ed5a383bf0fa080992c038185221a59,0.425998,0,0,0
5ed0d65dd3b79a990f8f8c4974c3b20c82964e50,0.34781286,0,0,0
fc996e7530dadf0cb498ba1970a6de5ea6edd817,0.37709898,0,0,0
448ae1c06150d4fd62939b5a31f38c03d9a33c7c,0.35154325,0,0,0
d4db3a650fa40ee89513ff581653dbe2d44cb671,0.3900172,0,0,0
b8f966acb480b84e8076a539b346a1ba6b29af69,0.42818573,0,0,0
22e8511f2f68b536a0b1c31b2ec271fab255d5bb,0.22838849,0,0,0
3bbac90fc37d225ff4eefaab018fe6147a5a0937,0.23025979,0,0,0
83d06d95dd70db6e3340afead3bd32fa58d9a396,0.4241361,0,0,0
dc500a7adffbb3cf94604097efe1eb93bc43822d,0.27896842,0,0,0
f944f5cc3dd7874dac049e0c8c4d7212df781452,0.057273723,0,0,0
14845725ea57e4ff110bc5fd838aabe6e6d20c25,0.19898957,0,0,0
94a3ac5fbd184bde121f94895a5bdf22cf034d70,0.31338993,0,0,0
d86d0d56e363a20ffa1ef48deea045851fc49d91,0.3548955,0,0,0
251b167e9a17d29b3da6074933acaf92cf5dec81,0.26377556,0,0,0
d16b6b8ce843e6e931cb8dbc92823f82ab10ce0d,0.4112514,0,0,0
3273f2572f79bfcfc9abe1d821a9743108c65ebb,0.4589428,0,0,0
345f3db49a7f4e662d117fb778bc66b49de14dae,0.18460388,0,0,0
81d3805cae760e12ca120b2725a6c31b83da035f,0.30694658,0,0,0
239ea8fb3cab9e2c052d933e8f0ae25648782e95,0.28013813,0,0,0
6128d66eba5b1dfc0a5e047a057c33d00abac6e7,0.35142913,0,0,0
7f6a33d94efdfa9f1db4bd71da6ddff10aace45e,0.30623272,0,0,0
843cd6eea60431ae527164f8fe9b0e054c7f9157,0.10063564,0,0,0
5e44c4e4be97e93f5d13cdc7bd52b7374635398c,0.46956027,0,0,0
36ea4c00124e0a44cc32c9c2d11ff3f77a2da541,0.18048212,0,0,0
583c8311df06e92afcea0f3c89d085a980e2dd9f,0.30692157,0,0,0
1ba982d80ba74544730f36f3cd46cdbe894a9e6a,0.32868868,0,0,0
d41221966cece5ed8c029a7e941b5d621486ddb1,0.52335596,1,0,0
4f72517b0e7881107a0db3046f0247ea2218039d,0.48160192,0,1,0
8a127b81963d28a06bc438c47dd551f860ee8055,0.3532638,0,1,0
80ed7676093c6ee19c271fd9414d360b6a8d1712,0.5007075,1,1,0
eb15183f8f1272ee3cfde61eeaf048c2280f0e23,0.25438005,0,1,0
c96a3e5a40040ef43e0a51935a368458763d3424,0.5762418,1,1,0
e4472979707c9e59ef5edc9f6541902310d3d036,0.36443812,0,1,0
bf30b1f2af61a37d8e1215e1af6022ede913dc2d,0.58348984,1,1,0
03264295028ec1baa23189bdc5b3ddf09c16c94d,0.1640073,0,0,0
5627e45ac3b893b7b8f69566738f8f09167fc87a,0.039379798,0,0,0
d0474edbfad324e68daa95e58d73b670d01ffca1,0.13537364,0,0,0
b227b3b6aa81ad319bdfe91a7611b957f0beffdf,0.34547016,0,0,0
7e303218009724e91ed7d3a008f89e8659567072,0.06650714,0,0,0
06d969a8fe228de6a637e832743cf6df518fceb0,0.31101376,0,0,0
c06fa14c5e96ee1114e701cb522bc84e0e1a1a91,0.29703042,0,0,0
4374b673a2b2ebbc7042c062b4f87ab49dd14930,0.3337146,0,0,0
2ac8f67206fdaf6563b97baa9ef4cb2bbdfb8c70,0.2618862,0,0,0
3d2e4a013b9f1bf0612afcf53eaa996d654860ff,0.18633176,0,0,0
de39dc6e141e79bc5eb87616764247867ca11449,0.28626615,0,0,0
7befe93c8533645ff3b23cddfc7c7eed56b8ed80,0.25243175,0,0,0
e83e010913d19a91ad9ce75adc69815a974f7c0a,0.43671086,0,0,0
97abbb745f31c635c5e2b9a9a4edd8ec7c15430c,0.4301196,0,0,0
04c041211cdc102ec44ca098a7e7ddfee27a0ce8,0.18023546,0,0,0
40448470d6384fd4128840151a62be646f1eb88d,0.3025744,0,0,0
3251bce2d463c4ba51fc24c04904a8e3ac886c3b,0.22523147,0,0,0
07e0698ed6961ac535a8971e52d61e53f877f58e,0.38243863,0,0,0
9b841a30265fe0652e5e94c338ef82970363f4ca,0.18446183,0,0,0
387455c408f9de0a9870a215e1e6b9497bef1eff,0.5375694,1,0,0
81d88e666fd9bdd3424b526be46626704e0b9c7c,0.34211496,0,0,0
4904788fde58204d5570dbf2268d8580a5d8d4cf,0.19706777,0,0,0
cc50f64aa8598728365f282056035cfc094e7bbd,0.2171505,0,0,0
b433eef1c1ae41112791584346558600d134f7a3,0.34615085,0,0,0
1fe62a02c75c1a1af4df78ec1b269837dee69314,0.23687354,0,0,0
100cf21e5b877d160eefebdbe109b331427aff3f,0.35704044,0,0,0
227008cff233f9424ab37044b2c0d7b2d178c330,0.07197348,0,0,0
4b46a1595c4c8688644549b3cd762819f4ccfac0,0.46318048,0,0,0
d3bef0558d47861d85ebee02bfbbe09d67a60c3c,0.22568333,0,0,0
475e02f6b0f0e7b650b44929b19cf6d5812ad2de,0.1757828,0,0,0
b5981e07909d4d1626d6f0ca359d3124c932cd60,0.2066725,0,0,0
20a1b9578effdc68ea07870f49e4e93289d86e1c,0.20759733,0,0,0
06827d11a7bddc7a02f2804618219b862f63ecdd,0.29267132,0,0,0
687fd988a316c937698c6c550b3c87507a60e361,0.36023417,0,0,0
53065084d622423dd086efdc6e76729f97d463e2,0.3156584,0,0,0
ee4ed5171c34694edac71add10dfab9abb6b003a,0.04799698,0,0,0
bbdd3e827d23c085d6c669914efa2798313b1b52,0.25498113,0,0,0
aedbfd5bef8442e5559c0439ce157e3b8cc37269,0.21807554,0,0,0
769df5afa88c6ce4eda5c675626077a24827181e,0.21739408,0,0,0
27641679e9fc948bc33ac13dbaabdd831954ca29,0.22062711,0,0,0
70add68322e8145ddcff59c2347a40c0f2e9addd,0.21751936,0,0,0
4a4074b7f330d77f296c16abd82cfe026de31f99,0.21871749,0,0,0
f5b48cb2b84d0cdcfaa99efda564a827f18bb49a,0.22103637,0,0,0
3e7ca122fd7cdd5435b5c8bf83b234b3f68bfb89,0.27350295,0,0,0
241f2ba7aa3225724a80421b56075aef7bfb21a0,0.32801747,0,0,0
92a3a06876fc47d55d189f6483b1efc37b1c59bd,0.17871772,0,0,0
b0017f772daa5e7f05094e38e4bec9bc99e5792f,0.20053098,0,0,0
f1532f0cdd5cfc6c40fdc85bc50d22ef2dba699d,0.043654088,0,0,0
5865fdde89b92235cb080637810e178f21bbfc11,0.04106967,0,0,0
2f2698fa5739eba1cdc3bdf8299a754fb98ae871,0.061201468,0,0,0
b82b8b2cc51220537d247d45133838eb868fe213,0.31573048,0,0,0
e0d62420f7020b7e6a88d6f41b27547eb8ac397b,0.2550407,0,0,0
1a0330f912c0aecdac5a394997932e94a618a4aa,0.16287778,0,0,0
bf18ab3679d025b4da88797bb9759f45b1eb00e5,0.28893283,0,0,0
7f384e85ea9ad0fc7f4cdcbf9451dece694ac63f,0.28130537,0,0,0
3ad097a555013fb78f35643d2c8c201435aef8f2,0.16924956,0,0,0
0da91a3b68d0ab6c28c89bd03057704c35ddec35,0.30375406,0,0,0
4aec5c55ff8bd122cd5d8cf093a595de81bbdce8,0.25241575,0,0,0
dc51387cfcd868ea837da2b7d2be87c70bcb8f9a,0.1254574,0,0,0
b24dc73be37f00dc35bb1e41cad90c703c96a13b,0.037535872,0,0,0
c8c91b47da7a68bfd7b335d664934c302332b06d,0.28042138,0,0,0
98b0e857a4e8a54739a10e5016b6ef3b9753af77,0.22518563,0,0,0
8025b2aacf291bf9197171d9ff1f7a693431726a,0.15178168,0,0,0
2106a8ae107fc2df9099b12b23fb89f95d449f27,0.05944483,0,0,0
a94943098d61f48a5508c2ba32996a0e98eb1704,0.27605227,0,0,0
35b06e09dbebf887afb6ba5191451074496571e5,0.15884131,0,0,0
8ec1c52351aba784e90c2cabe8dd3639f233debb,0.20753993,0,0,0
0aa96a17f8cf9c96874c9519c93e9f7723d41adf,0.3184831,0,0,0
62950beb8d9ae79097a7651cc3e1fcbd8d5e31f6,0.17457373,0,0,0
bb04d083026dfd018eeebf5139850c34e6b49b1f,0.21232906,0,0,0
6b0c5a3b409511646984f34989ca7826eb4379cd,0.37871784,0,0,0
960febe9458e4213133bb7751c8ab9c3c0b88bc8,0.29611868,0,0,0
a3fc218ad914c8e1de13ec3d5f5fb4a54597bc8d,0.40593037,0,0,0
fdc460dce69c6ef2caaafaf9628ee94d07d17625,0.04616953,0,0,0
7ceb5a6b8236517d708d7965f4873344c5630969,0.08777311,0,0,0
bb9dea37dc558378dfc6559133171f45c6a3b5b7,0.30022916,0,0,0
28d51dace3fbbf8f0bd71f749e5290685b0c5df2,0.27811852,0,0,0
e74df2c0e90e5e4ee92a0d45fcc6f5db5958861a,0.037108608,0,0,0
05b614d6042e1852b8bc14fa0fd66adcbc1406ef,0.30489364,0,0,0
05164d24d77b4f05a309cef5375792b08316f1b6,0.16971341,0,0,0
efc4809b7b73febc18cdd8976ff8e9d6d4537ade,0.31130543,0,0,0
93c12bbb6d22a165a407b6184cdb40545f86c683,0.46722436,0,0,0
54a95d899854ad5a0a7b896f99cd8ba68b89d471,0.4997124,0,0,0
df7a37858bdf7c465d6ba96637558695e42e2fe9,0.07411626,0,0,0
cb9d0a8369704bfc94a84371561d30a6b4317767,0.18720767,0,0,0
db1483ae639de19872a023e2af418ac695361500,0.22805934,0,0,0
7a8ff741e0d60d6430be6f8a25bc1bbeb65832a2,0.19015098,0,0,0
0d33e877b1642b1bb630415304b8d01de2ce427e,0.065486014,0,0,0
d700649c1748cdec25ce871925d80a1356e3147b,0.13589129,0,0,0
4f30fa5358a7712bbaba7e25d97166d9b4a0f0a0,0.42404258,0,0,0
774228b4c6d5e6f8ec239bc9a3d8f09ca7bfa51b,0.2624937,0,0,0
ae57c74449db1d55abea013eb0274fb9a1f636bf,0.36322537,0,0,0
54567ccc2ec5ca96bf70b0926b56e97659574f4f,0.34378967,0,0,0
2a354150a2193ad32311e675d7452c8059be3bef,0.35652873,0,0,0
db6cf117a225ff973a44972c5fba128b1228a99d,0.30247402,0,0,0
6faa7858155e8311890f14e486f43d5f8cd69835,0.20900542,0,0,0
4790afd48bb04258b01965f601f979f7c71cd472,0.34019387,0,0,0
6535c04c044a9a1ff76410251e43932ebafa6872,0.104951315,0,0,0
69b4784b44ccebceef03b445f420240d07a85062,0.29414123,0,0,0
5cc4b1638d331d9f6bfa9366e26acade4b412202,0.37245807,0,0,0
11b6cb54670ec16f8597851cb010c62c6d3a6578,0.27072242,0,0,0
881af80e8016adc72f7c577bbb88e0aa37c0505f,0.26106706,0,0,0
c1f539ad85e47c5052bf0e123ef7264fbe5d73bd,0.27847567,0,0,0
9fc8dbcd054fd82e8fde73c50b63832b6359f476,0.33833072,0,0,0
a2da1049443db9db3e2c06cff58463fe6cddb978,0.55094635,1,0,0
355dadec5d8729f25fe57408f29c75e64ee65623,0.42274004,0,0,0
41ba47a04626704ef2fc49ba03b0be0939879271,0.032822255,0,0,0
cb497ff3ac18bb0832106b624f43708dcb28e034,0.09494213,0,0,0
70f1e65a1fbd882442829cc377be937db4ee1acc,0.2978276,0,0,0
a1e4f67e9d5480de3d725295f562e98f6c45d79e,0.26539418,0,0,0
60e3bdcbbd3f84654d6df895af97740408ba2bc3,0.4134505,0,0,0
52eab6561b244a4c84572a04bf6bf05144b2033b,0.31697568,0,0,0
dc4746b69a3580443310765eba606be998e2da4d,0.3525881,0,0,0
84e2cf153d888b5f3a73bdeab13c323c6405c1b1,0.4436214,0,0,0
8ea2c18f2b69ca3d9f3a8a1033aa6078df745176,0.47875166,0,0,0
2a7594a7ded5123b99791b0f16265833ad35c81a,0.50822675,1,0,0
d8bef16525907af19a253e911c964d630b1737d9,0.3127218,0,0,0
f3bd0b79313c65d41260a7dfec6e041cc5e24674,0.34827694,0,0,0
56d6858f3430e33398976b02f23cc82c25641a4a,0.15560524,0,0,0
7af57e58daa9872f2066d7d521f5c153d7e372db,0.18948136,0,0,0
3ad7450857297ed609c5b568fb55f77dd469d8b9,0.1344886,0,0,0
190dee5fa3b5374f95ae8b3673705802789ed0a7,0.12065054,0,0,0
ed403b6580ed403a814e1c821200f302ffa5805d,0.2810956,0,0,0
03f8b53af1526c038be1e0aa6f519a6c73762758,0.35541552,0,1,0
6114f5479d0bc640390c8f073b40eab94103451f,0.16514096,0,1,0
b925070f3842ac0ae2cd816d7dc99233e7a6ddce,0.16498245,0,1,0
6bc2d25ea6dd424148786f5e0cddeb42ee072e79,0.34928095,0,1,0
2280cbd563332a1b9f3ada9de77af40efc6c97b0,0.23191006,0,1,0
d254cf2bd17588e5111841b0ca0d349a0f4a6fd2,0.34519288,0,1,0
a3cefc2063d220efdc8a42a66164a5ff0bfd690a,0.58966225,1,1,0
d8e760bd13b8a5c9ddd2029f2ddec3fbadc280a2,0.044494394,0,0,0
fa2fafcf1e1eae47296fc8ed1d609225ea381971,0.25565913,0,0,0
b0bb65029d1e3dcf57d8a0a56e4ca7cccbd18db4,0.010384854,0,0,0
624cdb14f819ec4ce5a5c02df0293f317cf9737a,0.025144653,0,0,0
a6feb941e5ff8fde22865f981d912c6d5f48546e,0.51356554,1,0,0
cf032314f935892a8cc5ca7a43bcf1c9011f3242,0.48882303,0,0,0
f675cbc93ee4bf7395befd90303cfdc79265cee2,0.45024228,0,0,0
5226462744f1e3c11fe5477b543a60b18a80e548,0.34932423,0,0,0
71841bce6f67b8e58b26caaa49b5c0b1f7269534,0.111605465,0,0,0
33172a83a4eadeb7084486256c57947567ddbf17,0.31474346,0,0,0
ff38c184f7b5e1e2b9ab88b22464041eade680d2,0.24760757,0,0,0
131e4926b7a31fff3c6bead10bbe6dcd15e32bf9,0.37880814,0,0,0
377dd0a46189c53b9af1f89c7e4e9e1bc7698646,0.07922257,0,0,0
79a242ec3ec8208a9187777cb40d8c269f3cdffb,0.3294187,0,0,0
db69349c601fca02ed236064bd7c20c359cd9707,0.14508165,0,0,0
3e65ff983dcaba073337d3a15b21dfbee2eee4c7,0.3418468,0,0,0
86b6c0cef9e1d09db327197ba2cd64f404c22988,0.15734614,0,0,0
83420394a2e397ed46136c40081e437d5af9c2b5,0.01785725,0,0,0
f61244c48d22b86a9c6de16fc4805f10d8d4777b,0.2490058,0,0,0
89d2eb8fab09847c42ca1eb32c62e0d4ef7699e6,0.018949853,0,0,0
661fb0c9c01c87410cdf1abda41d78906656c7e5,0.30550507,0,0,0
71a4e3f5bad9e17e7213368de6af803bc3cfc160,0.22720984,0,0,0
3832b54d4d6f8a45c7283fa42569e59d66ce3d90,0.34017655,0,0,0
53b6258b2465362ccfa3f85a482a9d54425b6d93,0.33165365,0,0,0
a310596a75ce3e0cccf268102f070ce85cf9384b,0.3059915,0,0,0
80d570d77a6f0ff71bea6fddb6519d6bc77f408b,0.35647792,0,0,0
9994ba2cdb0922cc16261cf2a165d9b7a66092dc,0.22126135,0,0,0
10f7c22ac3955b9ec0879367fa76f6c14821f512,0.28506944,0,0,0
19c15bd468dc770e255738fa474956d37b8bad07,0.16327418,0,0,0
2bcd63e545252c308f9d8b51d8f357155639e861,0.2545509,0,0,0
31dac7eb1e2c3683987adf686b0f151925d51b94,0.24886972,0,0,0
b6c1226082e9272a3a5eb37422afc24740e7b75d,0.34760797,0,0,0
1f06856824ecb1896e15059704510455938372ea,0.33027792,0,0,0
41157e7a305acd42d820b0dee0dc6cee228142b9,0.32924458,0,0,0
845fca72fb3736ba07f9f35b138295d77530e500,0.4667586,0,0,0
62e139bfbcbb1c70bd622081932b133d09aa4a62,0.4576923,0,0,0
4f65842c59170271f82f98b5eb3a985f198420a1,0.29372767,0,0,0
2f92ec1b0fa868d2c59270abd6630a3cdf2d02d0,0.259186,0,0,0
10636cf7f281864685b64efb6b013f57331c4615,0.2452221,0,0,0
3187c92b9b39a2f0663f42d2ec2e1ffa8c45db10,0.32116607,0,0,0
0b10d14e48d1937621edcfebec24a2caa6676184,0.3861125,0,0,0
beb266a7c1a91bea734bebcfcf0768790055e8ce,0.28149682,0,0,0
e45d91d0386a32edde0ed08b57f53ec2cc1de3ea,0.37524685,0,0,0
93b0d6b3acb2d3be277ca8c2799badb005686429,0.45517215,0,0,0
6b436a0dc1c32095698fa777ea1365f5bbfc672f,0.20476425,0,0,0
1d049600404981120633155a69a2effa10b26cfb,0.22643761,0,0,0
29cf07169ebaf45dc8eab6c7e55c0039b31dfa5a,0.33633217,0,0,0
b4d173d3519854993014731e8b8c1e73a137379b,0.33656526,0,0,0
7c272bc96e2053ae9960e61769c38696f4f3b854,0.24831517,0,0,0
6658eba6826100e9059186809927f398446e33a4,0.304389,0,0,0
8fb9b82b186fcf137854e60f48f84bef664f10c1,0.25852716,0,0,0
fe71bba6f74ce54fd2581af15db777772d7d7be2,0.35854942,0,0,0
63379962669775afdacb14cda8a40cf9c4c9a043,0.12434842,0,0,0
9540122871676a511867c3d2ba54bf76401c8a91,0.32592225,0,0,0
064c814833c50fe1f3f87771e6e85dd6b1dfa42a,0.18372336,0,0,0
3f28c60b2ccbd4d3965eddfc2e652eb0027b10c9,0.4468181,0,0,0
9773e41c076aec1cb86f4438d37b01a97b852a3a,0.20217352,0,0,0
75965fd2aaa2ee1c5f34a0ea92b0a444be2cfc85,0.4790967,0,0,0
16f001b4ed6a2507861a50f73f5deed8e86bc6ce,0.17549306,0,0,0
c13bf71d3a1e8eebb624e8a113363998d1664263,0.32090455,0,0,0
cc70e908fcd9b309187789fdbc20249ee3eede3b,0.31735152,0,0,0
25d9407086393ee46fd5c981d8deaa9da2c17be6,0.202101,0,0,0
0d4bfa919943d2053868ac7a48c2757502c5cdec,0.37082016,0,0,0
88bc781f326d51424680a3fa6955632a7883b7e8,0.25814217,0,0,0
8bcd036741fad3864b785cd424405cc7da6150ce,0.3317161,0,0,0
e9c984fdc9fa6d35744038685698ebc5114df676,0.3221683,0,0,0
56a4b2ae7539c2feb5f1a049634f07f2da082494,0.21967284,0,0,0
53d100817e07683df4932f3dffb94873d3c72602,0.23503575,0,0,0
ad403802e0a705e215b46cfaf4634bd674f6a3ce,0.20378426,0,0,0
773a012cf8b1f125f6a128481bbe2b531beaa023,0.2986415,0,0,0
55965e964deb71b11758bf7e8abdf698ed7dd26d,0.42158228,0,0,0
1ad8fa191c5df90d9f0388d7c483d57724860040,0.30301437,0,0,0
31d3f3456ca68f29b98ce5650dee94e1127dc805,0.21161397,0,0,0
0431fef427b0ccbc8220cc7d90e03b543fb1e98d,0.25241265,0,0,0
23977d0e561b71060b00060ca4d18cf0791ee77e,0.19275841,0,0,0
2c555d3f34cc96ac8d6f6cca07b69ac79cea57f1,0.3122843,0,0,0
de80253102670072f7a4f7e1fbb64b69cd53dd64,0.3036906,0,0,0
4858db950be1536b0645ac6b183a20196cf01770,0.29284877,0,0,0
10784b87b548683a5fd37819ec490f8272b7c806,0.23354517,0,0,0
0e85b8d81e5d8788c3b29e4979d9dd4c50e57c55,0.3592001,0,0,0
8bcb17d2e99f7dd4bdd81a103dbf839589635c3c,0.20225826,0,0,0
6c2fac139550b0168d254ee4b925ab206ccf359d,0.1757497,0,0,0
040cc81c32c269fdb4a972db04251c4691f5389d,0.27191353,0,0,0
9f6fd35b16cdd19bf5fa3e8abaed17852bc1dbd8,0.20872651,0,0,0
75c6369189b4ae60c08b21178d0798355b8fa281,0.23816945,0,0,0
cd326abd88b3ef686f566e0b1735b53383c627dc,0.28297725,0,0,0
b3f1cc30d4e1d9627ffe73e0394048dad5af651b,0.16652954,0,0,0
c432a075e7c1bca79a63eb2a8f9d9ef5495c0e48,0.4645591,0,0,0
8672c3560a180a36f854458724ab7b40ee8b9d54,0.2854617,0,0,0
8e1b54f21160ccfdac07039b05f6a4050114b965,0.20929766,0,0,0
6a612f3c67cc92929c236c69e70b0131726c6808,0.25779402,0,0,0
cb48137d5ab27db5da09ee3940c2cf93fa47fcc6,0.23785785,0,0,0
f433a99608baf7ce378478ad212754e9a386d5b5,0.3055484,0,0,0
b572ad1e3f956edc958b0142c0e6d296a9d24c6b,0.32426506,0,0,0
628e21fcc75ddf52ff2ad5c67ee7b4840b6357df,0.29295123,0,0,0
00354024c64400dfaba80873e55fa365d45b1f9f,0.2836123,0,0,0
75199a4d3244bf3f97979024ac15a55728cb0860,0.25516772,0,0,0
0eca91ae405f281e734337024bf499bc2e90c8dc,0.19945326,0,0,0
5ccf73a33230857f217a8e456301c2a0e59d148b,0.29717505,0,0,0
6aa057ff95f0c14a7fcb562020d71bde571c2e87,0.2738577,0,0,0
9eb1e02873e9b56c55ac6b0bd253d5193de15b9c,0.1978281,0,0,0
3df225721c22a5eb7b7b74e774ffe5a0705965d6,0.3277444,0,0,0
16626a9b8fdecf3fa80876a244ff74dd171b06cd,0.27690014,0,0,0
8856608a047f389a40f6d1f409983de139b35850,0.3591264,0,0,0
18e6a973234edce2e46a5c4fd99ab890e8594b31,0.32178968,0,0,0
7908328f012778568c6da95f7081b8c4b9754009,0.343355,0,0,0
f283f4c4b6183504135a98a3e0d77eb89f391bcf,0.45851234,0,0,0
e45c8fbc3e119e5044bd0143ba253380ec45ecbf,0.29457858,0,0,0
f4bc7cb026b668257dcd5b083282fc6c2f70f2e9,0.40861833,0,0,0
11dca5f8746e7b7d43cd62635497946d309fcb60,0.20881803,0,0,0
f05518d99227ade0b7928592c28a67ff1f0b3bf3,0.43117207,0,0,0
b383b9c38090f9eae7ccc7bd82052141a3eeca60,0.15033162,0,0,0
f2e00c0453b286f77872b716acfc3ed75467b159,0.20001055,0,0,0
37daf894acfcb89582e701a36e1695f772fee3a4,0.15824683,0,0,0
e176d65e03aee3135bf91691c0a43f0ef7f24b02,0.37412718,0,0,0
c510b94ad8905d4346980c68af1dec143c0f4813,0.2963942,0,0,0
21d75a867ed4659b6796406ea26510f683f3ee42,0.36321497,0,0,0
63bee061f37d09d409aa02d4de122fdd94b538bd,0.2912547,0,0,0
c5dc98d98d8b1d06585b9e23e04418532a6cb3d8,0.40741414,0,0,0
b7df9811bf66d7f8ae855a82572fc8472b206c5b,0.43784314,0,0,0
99facd0219053f660c43b318b0966de40354d76d,0.39367285,0,0,0
155eac83dbf06ca184a49e35577aca1c0f295299,0.4416555,0,0,0
35a456bb612cdf33cf84a92098ce58ee9a298137,0.20484976,0,0,0
b53521ba1a104bb725b63f5d11c551447b78ea59,0.45705917,0,0,0
d7f3d4f5c6a163f18af993fff9d8e52a2f384aea,0.16957073,0,0,0
6fac1ecfdbc6d088498b1e7a5556c7041c86bbed,0.18846545,0,0,0
c50607e7c834422c7fd926a345b1badebd1a2675,0.31373122,0,0,0
a78ebb040a841a14fa0ab8260977f9d2b92623a9,0.21258506,0,0,0
8e4a56526f342b5ebaf36ea2003a614ddb7e4059,0.24333866,0,0,0
bc4cd88aa7d8343dbb031c65d141f4b021a95d0a,0.3616741,0,0,0
bba1b111e213523054d467c3fe477d0722437a2d,0.27139777,0,0,0
e5707c51408626d40bc07c70e337494386343feb,0.3314911,0,0,0
76c80ad2819c85f71977e584bd1bfb3704ae6fa1,0.2947933,0,0,0
3118343d4ed0c932838acb0f733cf67435653b79,0.16335337,0,0,0
ff6400238181b6d4ceda00c1eec79da6877bb171,0.45305732,0,0,0
d815c27f7652dce234403fd95b55278a0423b5b6,0.21945643,0,0,0
5dd2debd744ac8d57570e05070ad742bd9c82af2,0.3207742,0,0,0
0c3e4e0d3f697fa4113555f440a342e1aecb88ef,0.1784806,0,0,0
eda95607e97ee903c627460456986be9024fb384,0.015096652,0,0,0
6fdbd4f12282791d95d636d427e65b383f46febd,0.06316628,0,0,0
d6819f7cc25aa649682215eeab9d7040b5438560,0.26402903,0,0,0
bc7a3969c039f179d5a73c8aff19cfe19d511503,0.062951975,0,0,0
c2efa4a80ff5bdc422999e3cba6843935aded1a0,0.26411268,0,0,0
af598460ac9990c2a02823b3cfbdaf9f5429ad5e,0.054270383,0,0,0
16c46bdb4330287fa64cbb2b71014c76852e5c8b,0.3862199,0,0,0
749e5b3918721a1143905e1482916d8674128a5e,0.19384679,0,0,0
04e3fe1d2cfd176784f164413010d87a01f1e5c2,0.19251435,0,0,0
91fa2dae7647558bc68ded9c3e7eb5a1c1846404,0.18543704,0,0,0
d49d45eba50fae24715a78df93bf5d951c82c6ac,0.051947307,0,0,0
f36ff599a7670c025010ed7d86ea0fbda7e26bee,0.046347994,0,0,0
ebd133cf778dbee92a1fd175443253ba2bebadf3,0.3624474,0,0,0
8d719d4ea9dd0996de476e2c4a9728b1f367fe2b,0.19988705,0,0,0
6880e8030b8d26438500842959756b441271ed48,0.16908832,0,0,0
578127901a96327d398a42ee524d9dedcea64dff,0.2792839,0,0,0
4060b8ee3347833490dbb2c065f14c1bd592b527,0.21714458,0,0,0
de62c65578ee43d0f038db757b18954b54c49dbc,0.21058543,0,0,0
11a7aff1b5c38a9cdf056714a20c8c7478925c08,0.31045565,0,0,0
88a02cecca5cde95090603e19624c285e484c23f,0.03285796,0,0,0
3bddc5c5321e492835413bf4e8c9b3caafe4fb68,0.17469716,0,0,0
3d64f608ecf0153c2080374810711428d689cded,0.035815205,0,0,0
fa10cfda08c3e12c5c187c1880f52f89284eb0e6,0.28353846,0,0,0
15e3ba0f7bbf0adec8ca93d6acaf5f488582c949,0.31513467,0,0,0
168a1dfebdd4a10ba593311856d3addcb32696ff,0.44409695,0,0,0
0a2a72eaf5832da87b80fa41008e0b28182d928b,0.3349992,0,1,0
7c3390d0a7cf72afe3ffb3e3748f993e85cce48b,0.019945782,0,0,0
89109b855537050f5b9d125a88d26ca2c1d12f78,0.16662109,0,0,0
27b015e5dfdb67f8530e7c110d36aa55d0e42cb1,0.4534681,0,0,0
c72f418ec98b259673c695ed60fa7290708a1d55,0.012016632,0,0,0
b61eeaf0529f070ba19db904821b517a9e5528dc,0.40275753,0,0,0
3b44781f9514988a31e2748416b1cb7015e2767a,0.40461487,0,0,0
ecd3c598b98212cbd47cd415819b62614496839e,0.23353986,0,0,0
163624a9596298bf80bb41360fcd246a886a0688,0.32676616,0,0,0
4ebfabb194c88fa10db51d6f2db6282a357ae15d,0.2913709,0,0,0
c485f5bed92b784a4dd915c6fe5d7b95a9990618,0.45916,0,0,0
390a4358394c91b08ac7903d69689a62cc8c0fc8,0.05722417,0,0,0
dbe962a24475a2d288e1e1ff681c21ccd05b5cbc,0.040639844,0,0,0
6ee55e92440c2eb8a25bffce9fe0b18e1d49b67c,0.2845524,0,0,0
08fb5dd3465bf636093b056b059c8ce2deda42df,0.23387761,0,0,0
c0aa76eb16031973f3e897ea535a0b38bfb7f11f,0.3629737,0,0,0
7a5d7677e6ae10318907876c58727d68bdd72bac,0.19410679,0,0,0
7a56d2484badfbceff130dab0c128f1a581827c0,0.18537775,0,0,0
d555d56324cfa620bba111242931fbb7337bfe4e,0.16795707,0,0,0
1500916bf165064d370c3583a19350010a88e2a1,0.42625248,0,0,0
99894b82ae77290ff43d84eeffe638c3ed55d2d9,0.046973433,0,0,0
170b62aeae48d2cff474edf0b275b0f2bb3a5f88,0.4201045,0,0,0
b26691806891840645059fa5e3a6c86f167f32cb,0.4147707,0,0,0
460f9f5b0f30b4ddd5d568ea4c381779e9dcf6f3,0.025503227,0,0,0
bebc7a8a524e19739f6128437bab06212a35e75b,0.5067241,1,0,0
18c6426d1fbb60f0a52a5a7a021690f62d821955,0.25594673,0,0,0
683d902dc66c21b2353292880a00e0e149e548d4,0.5156743,1,0,0
31af406eb992beebcb8c0f6908df8031ef179aeb,0.40047482,0,0,0
2303e85c5ba9e2aaa72b0e3ea88d589e312df104,0.30530924,0,0,0
1d5ce0051975f0aca46258ba1efe714768589b2d,0.25728118,0,0,0
e3496145d2ee1d147bcf2af176b99c0ad12d43b9,0.20535123,0,0,0
0ae4ec44259ea0e3feec3e76671420438547fdae,0.14678386,0,0,0
bf1165fac897d7d51fd6645a0eb8dfdd4eb4165c,0.21525602,0,0,0
6dc22695d51eb464df4bb27765b1af18ca757b9e,0.2806776,0,0,0
f028a548b933c73c85c1f15a4900fe93fc1c4908,0.35241,0,0,0
546a1c7d5d40f45e7ce2331255c1763a5b04579e,0.26147538,0,0,0
e66d8cd80c0fd29925050aec9ff96095617dd076,0.024458587,0,0,0
73db5970c0248433d25be914308f76b03fdef175,0.31359112,0,0,0
3dada3ae68d58491197deb8a3c1cc3f5504a48f8,0.41935953,0,0,0
791e14cb9c8ac13fe4506470f2b8921c3cc542da,0.18389763,0,0,0
5578e731d97d974902d923da646650228a2a1446,0.39575326,0,0,0
b1e2ae4c902691bbce02a90b76c4bee1c6e58455,0.40786335,0,0,0
db7540e045fc07ef39d37163a263615c6e580efe,0.551909,1,0,0
0a0ebbf02c08e303eacddc45854f8cd6e0e0f9d9,0.43588707,0,0,0
6a8f225173324e4bf593b3ec2bd60015e80d3f08,0.45551166,0,0,0
ccdddfe067274bfa3612d9e866c2f86c2a6c87a7,0.4132219,0,0,0
6e552cf090053ecbb1ab4251528754373d0dd511,0.28549257,0,0,0
c57a14611951a6587f8eaba95b5b6b378997385a,0.43737784,0,0,0
9b4f29d41a71f58e2a0a31d03f1bb8117a9e8d60,0.3678954,0,0,0
e6e6c2d91e0e8b6549b5eda8973e5f3c150a7774,0.06979101,0,0,0
ab40eadf2da890903f4c5d74d0cb6f5459a5f995,0.16073579,0,0,0
7b80edbfe28a488e1bbbe69741ff9f8432a676b8,0.31278828,0,0,0
6e710a1f78a4a733020a4b2d1f07b6fe4c6684f0,0.5239249,1,1,2
951b253fc38c09114d0fe273a3758a15c151a8b4,0.50022936,1,1,2
f3539c7eb312b127122084279002d3fd238c9a17,0.50418866,1,1,2
7aa5ba380ef6aea0f2f594873b4c7378adab0f18,0.46063787,0,1,2
def1380280b9be6d166d3938ea4b0254e9b55dc9,0.63453823,1,1,2
cc06ae9bf7a1fb6cee46c40d2a6388ac05d3f5d1,0.5773848,1,1,2
7972f1ac1b85a5174c9f293ad98abc87edfe42e6,0.4157467,0,1,2
bd1c4ff86fa21358949e925274f5b8146f5d02cd,0.52736425,1,1,2
be2aa80bc371d600ab2230c545051ea6454577f5,0.45609942,0,1,2
68b033741b02c3ae54d649e858790732bc5c2d27,0.37673846,0,1,2
4f5d25205a9cec988de300a452d641a155406b79,0.5565295,1,1,2
d1e97bc85338c563f4f732bcf917a08b3cbf4792,0.6122741,1,1,2
d40c01673e866c3c3b5b51bce66e9518924cc31c,0.6193468,1,1,2
5f7d5690a97b2ad95bbe381695638f0c7ca2c4ff,0.6608878,1,1,2
8d340a008767c5d954b7539e825b4c90eb15ab9b,0.73574036,1,1,2
84e490b66f61e11366b62efc42e64b60ae7db35b,0.46702054,0,1,2
fc939bf6838f4bf986e0b42fddee3df6712371a5,0.41964853,0,1,2
5c798eb50aec6040f415b6def1912d4345f8310d,0.33630985,0,1,2
d1758567765117cd395ea47319d3acde7fc663b1,0.33675602,0,1,2
517b8beb06f63301629f0ec3f58f6b667061d3fd,0.34383982,0,1,2
5c715cd84d600c0df0215846efaece2ab4673546,0.4548339,0,1,2
dff4cea14174548f52d6fcc66c9bfd7a339b7336,0.3558122,0,1,2
02ae34d1d3f3c9f9c25160cb14c119958f25af13,0.5221778,1,1,2
8e0e1c32ff1ed1da4f09fc9917812e6457e6fef7,0.5815853,1,0,2
18c5b2536c114c86b810bb3ee94474fec596a462,0.30341667,0,0,2
c6e4d8c9f534d3e70e79bf718e40724d56186109,0.1670546,0,0,2
5b5ecff53b50a67179f6245bf60047c59f027e26,0.3054442,0,0,2
46dcd98ceb70720f96d4cfa23b001ff108bdaebe,0.5364253,1,0,2
dcbfc80c4a14b91194fc8b74760b079cc0a4ce42,0.5742157,1,0,2
23492711d234f2fa647bac46997e361bcf985423,0.28525162,0,0,2
f10279a29d47d389a31da907695673a992555adc,0.21423899,0,0,2
8d5925b52b48b4c69934ea5c48aa298a2ec74e84,0.19027825,0,0,2
a30aafa016409048747fe9730d6f7892eb12d7c5,0.49373814,0,0,2
a3611513fc4de7234ef49ae46d646b0795ac7110,0.6151987,1,0,2
d0eb1d1dd1d9aed27c433d78a76962340fcbfc1d,0.48252288,0,0,2
1ae9dfaf45e0a51ee7d604551f7e1932d1787975,0.5191567,1,0,2
1c2d56e8a91b0f64317a9e02cfd4b45b03d3019d,0.046077453,0,0,2
2cd92aa6e3f44df6b0552a28b83022a7f92f8946,0.4577668,0,0,2
79ad715f02e02af76da0c6e47c164a80768a01ab,0.26744273,0,0,2
e5b948a1687270192753993c998d61c7a91faf49,0.11626553,0,0,2
b81a48d78dd9be1c3eae57cece4c88df92c30247,0.44255847,0,0,2
0b873b95a840f8cfdb51f4ceea3b524d46d20715,0.21897459,0,0,2
e350a38760c93e373562d6a3e906df5904250146,0.22944193,0,0,2
660431cf4f7e2bda887a0e35ad3a76bdccc14110,0.40534103,0,0,2
f65e9aa63f8f266023a986507834585a9580c555,0.36822906,0,0,2
535cbcd9f20b29b3c5a5d69f654cde57969b3788,0.23212905,0,0,2
2d650f890ff1409f2944bc56cdc4b518b35e06f5,0.14202449,0,0,2
1c4f7bde1c8f7d8c0e09484daa626fa4f40e38e6,0.22896345,0,0,2
b9a22fb6f6f460287993d3cf087ae5ff036a6c21,0.50114644,1,0,2
14d6a09601b68f60e6b18142b597a6890e5d581b,0.39487493,0,0,2
54fdc54dd24c9ece2bfc32ca12e88545ec923a96,0.3453197,0,0,2
0ff7c091143e8326eb88dabce078ca76778a587b,0.18302128,0,0,2
32ed6601f216dd1300876719cce837bfa9824e26,0.20180583,0,0,2
7df11e15457e8d8bf4e5730d20ec2412c429e091,0.20074399,0,0,2
15f7f84678a24533e42f2fde230c5f68d1b33035,0.5376946,1,0,2
2499f70cabfc8d17f2c6de124a81fc0940a70fa9,0.08692353,0,0,2
6526a5e83c1fb9644da34e44fdc5a3bb8a357c84,0.21444865,0,0,2
5904d90ade8663f5552b51036740352a9b796892,0.17824581,0,0,2
fdb75911387f77912c37dcee0af4a2f2e0977f3c,0.5710895,1,1,2
538a97b115ba4ea44c57898ac7c4fbb77fe0e9b7,0.39026177,0,1,2
fa0478f4f6fb724233dc3e00a9f8dc557ce7cdbf,0.4929328,0,1,2
ec81d7ca5100fd97fe8428db02a2cdde967ac87d,0.26883045,0,1,2
81c40b9820625d3f529b116baf6b4a3d45dd2f75,0.5000842,1,1,2
2b085ae34295d5ae1d7eaea5a55a2df220bf1bed,0.19016463,0,1,2
d6a354e203e4901d3eb6a36b3aba620fdb222da7,0.2765087,0,1,2
37787b96ab21fc226ff267aa26ae58a58b2d20f8,0.4008482,0,1,2
f2f704eabee027175b0c1eaf934c08e7721a9b24,0.54156053,1,1,2
e1fc87d2d57c2d7ee941e651f33b582fb000dd73,0.55479753,1,1,2
fa8f024d082998c7ae48b21f3eb6f8f2ca56a719,0.46403754,0,1,2
6bce493e47fdac9e64a9ae1cb3c358f31975a43a,0.45338857,0,1,2
9daac904cbc627e4a43e72f72159c552b25caf74,0.53976065,1,1,2
658d5a97c708a926b0425585f9437a0c1fc2b81c,0.5015971,1,1,2
db695fe90b181948f271e4970ec83d4de9348577,0.62356,1,1,2
9c06ff87decab7357d44d8766f6a277ff887d921,0.44758087,0,1,2
198d448ceab2bc061d18a1a689056bd2b96b76c5,0.43001354,0,1,2
46b15af8c5fbfb026be350ae16eca89fcdc87aac,0.5191094,1,1,2
b7e86cdd772cc47a031d187b79d075af8155c2e0,0.57768434,1,1,2
198e589e62f687a91d4c27057ebad918e9f9bf3f,0.5080899,1,1,2
fa510146c09a498e25e590ef5cc558074337fc4f,0.5819049,1,1,2
badca06dd1c70207215c7186a31955901b637661,0.34890914,0,1,2
91ac1574aae31a29baf883d2cf45e4e1f5aa9bbf,0.47516325,0,1,2
82ca28e2ec8fe9771f01b5aab3386311ecab80df,0.37074468,0,1,2
9f8120beb6b351608652002e057f97f8f6c0dfc3,0.5076336,1,1,2
c66b23747627a2b432e0068561d457cab9f97ead,0.4205025,0,1,2
a6a5e3033d424468cbd3a6af051aabf3b5bd4d00,0.5723928,1,1,2
2902a9a3c07e881dd7aeae0a55189facfab1966c,0.5276448,1,1,2
fe487b3336f8279d8b74eff05c5ebfe6e01281f0,0.36562943,0,1,2
3076802a78f14eb1b4f23831d5a1ccec79b26554,0.46752238,0,1,2
5063d256221e7fe8a8c433401bea988d7ccb0a35,0.53639716,1,1,2
a6b9ca3f71d44dbe2562e13d63e4b30fcaccdf50,0.4323857,0,1,2
81fec3193ad12a0f78eb021c4a1548484595860b,0.44446498,0,1,2
902a680951f318488a4bbe0184a3a223c5709b01,0.57973444,1,1,2
b84f786db6d85cbf9973adfccdf135cb71824b87,0.3709538,0,1,2
a2b5c7a9aa0b5f617502bf6003d43913d507a11f,0.5296222,1,1,2
571725cb7bcf091b5457f1e2a857aa51e8a70f7e,0.5084982,1,1,2
10118c9c1b00d31868d6ab43e8171e3c16efdcfc,0.22881967,0,1,2
ee94e6d82370b6b6086cae2693dc2fe31388fb64,0.22470856,0,1,2
dc58a824466ed492fc6d5ab11960eb86584eff26,0.49472952,0,1,2
56c04300e8f05bdaccc2ec60fc751c09d86b7b68,0.23510441,0,0,2
03542311e2a461f0324ec700e98e78b5540bcff8,0.036769297,0,0,2
4746531428aaf9e3ae7d505b5a203350d138ea41,0.19521102,0,0,2
05b14fd01e43ab8a385bcfb53102a270ef2d9375,0.018997142,0,0,2
77868bf772a03d61701bc0d32dfafea63a0382c2,0.05940633,0,0,2
83fcd3e1e220b9f3aacc63aeb4da0a898684dd0b,0.046121698,0,0,2
dcde20001063fc25f622e4b1c7775f735a7255f0,0.08677544,0,0,2
82bd5be8735c01a767fc3ebc3eb92369ac68302d,0.4729549,0,0,2
e1188f368087ba4bcfada44d645e4f8661d7f9b2,0.6142279,1,0,2
2c03505da053d07cd3f729692738912bdfc2a5b7,0.06785664,0,0,2
3fd058c02a1f8881110409be33ad56d3af6386f6,0.37098718,0,0,2
bb3ddfe426cf4ff5390f742d35bdba02a4ce7624,0.13030806,0,0,2
09b1a632c17b34650d2bcf748be14690c9882e52,0.13193618,0,0,2
539e1ee1d68c27defd0aaad09a1a0b68e059de96,0.2524319,0,0,2
da69323b29fe8e373364b9399bc67523dcf2af62,0.24912243,0,0,2
c1ad21bf966d01dc5cceca82f102c0f7843d5617,0.026879096,0,0,2
efa756288e712849c78c4230df05c2d1abeba91e,0.23399138,0,0,2
2f757454dc41f4d130234aea68b348da4f12a0fa,0.054032926,0,0,2
24b5e00be753889e4907473ce57271acb290cb67,0.39590606,0,0,2
7f293a06a0b7ec9b554d51f150991efa9b7dd54e,0.03785162,0,0,2
95a524ea06e546330ec3d95b9c139b7edc599b86,0.052154675,0,0,2
314dfa80d4e815ba3c689cd3ad0d508209665bf6,0.05768792,0,0,2
c07d659cf8f7b16452472da6052a1de326bcb6a4,0.036264375,0,0,2
545536e34f180edd32fbb21b0a5613e6407f0980,0.017903237,0,0,2
225afb8bad88c9bbb70b24d9ac3c28fb21f39465,0.20259762,0,0,2
041e9565ab8b187ad0b88780a5fc0a5ea24f29a1,0.41284657,0,0,2
c4828bfd09ea8c579fa8840cd77733c64b8ebb39,0.4416536,0,0,2
dcaacf4cae54fe199055830f097d4ed504b3238c,0.046029653,0,0,2
6f22f4b49c2a3a59840d28e6cbe0c37a56ab1f90,0.29696026,0,0,2
41fefde64401d2173ff019a896c4dd72b4fa5636,0.511688,1,0,2
080e96a6cdea2f5fe8727b8249044b89bc54395d,0.11673169,0,0,2
497147e3e6ba0a50c32817e14985ca5bf1041f9d,0.040648453,0,0,2
40708bdf04dae6aa49bf8f3617f2efc16c83c5f8,0.24940792,0,0,2
84ad767a87c69a265e9105c51efdd87ee57b8635,0.58166283,1,0,2
f0e8d41fc8cc746ba9b66b72646db6bd8b25c6fc,0.03573764,0,0,2
df5930892d9c6eda392b96bdae2e7afd342f7866,0.14651957,0,0,2
0cdcb1fd8df9e9185cd3abb128d927d25d7de8b5,0.076233745,0,0,2
cf15c51722dd4b406876dce1ccd52eea787d84b7,0.05318074,0,0,2
b691f81b482175665b45cabc056e58ab0df03ff8,0.30798328,0,0,2
fc8ef4d22c95b13b907ed14b19cea8ff5fd1e653,0.065685935,0,0,2
8054f746bbd6191f5a297cf6f7f26f9fefaba307,0.05244955,0,0,2
fa21d6f7e70f057c42d4af9c40ed47d3d841e5b6,0.118770264,0,0,2
bac647543497f0aa2a9f92fe726e1eb18631b4cc,0.08424678,0,0,2
cc6ace18900eb92606b6a312cb1ac5c4ab5f435e,0.13092476,0,0,2
c947676916c99f2feb5e183aef9629a1b21d863f,0.39948317,0,0,2
1f3dd9ff8a4f8302eb4c0bf4072d2bb7d8aeddd9,0.26196823,0,0,2
ca7f64f016d8354aecd38ef73405e1b3267ca791,0.30483264,0,0,2
06005610265c342b52051b997a43ad6e963c5a0f,0.11583117,0,0,2
4a8068579ea5bf1e637f8bed09a203508abde315,0.42631885,0,0,2
30c217ec400b9175e9490807748ec3e48fe2ba22,0.3645632,0,0,2
d80acb29c04a8e92a3ddbc539b0be8a521098870,0.31406116,0,0,2
e43138b0b5f0912cb358c0e73eb6247b273eba75,0.25290978,0,0,2
1b84f2ee7a41e8ab12faa73130187763ee5858ea,0.3224779,0,0,2
4b5ef21ed6104befc80e1dd501f964e7ca6f1ce6,0.2502273,0,0,2
c6c1971ca1fb5054a0847b0884488165606bd703,0.23479334,0,0,2
68e0a9c71443738b1842e99925d37bf545f5a151,0.03129055,0,0,2
7ebc8107a22038c06c0b0ff095f9f73d854e1422,0.21535325,0,0,2
9003b5b5aa4465e84c934819f45c1ab4365dc51c,0.04851521,0,0,2
4b8647bf6ce2b478e6bc90d0158ce81939a14378,0.44081676,0,0,2
2d1614a2077eab0b981d4a0c4c6e10a7ecda71cf,0.2505122,0,0,2
3631295c437c5b8915afc7b2b259496eb2d5d782,0.03359272,0,0,2
b12610d35e7798c66fc1d9b0811d10aadb87569d,0.5033082,1,0,2
f3a785108f853e327001dcd435e92525d7fba96c,0.030351378,0,0,2
881a4ee8db1e1826b749579d2284ace982c953ca,0.29310367,0,0,2
e91d0f0510ee8d69c76ee89b4e57341418866c6b,0.06674383,0,0,2
8f7c59ce888a687a6c9089caf0c5469984a073b4,0.03907264,0,0,2
3c644cf87ec8c0e6313b3a10b6cfd66279b8093f,0.024923446,0,0,2
fb7e1e265dd9e560b3a3127a6593b6602f60026c,0.20607938,0,0,2
1c9c43c1d4bb76d7e47cdfc9c6681a38305a95e4,0.3333645,0,0,2
18f181ada7826542725fa4a9460307d606695b5d,0.05617513,0,0,2
bb7e8951cb6ef08ca9df5fc036217c3a45c4d33c,0.036443196,0,0,2
e280c8636792c5426e54868d464c9d28287a98fb,0.08722323,0,0,2
54a7796ff234a9cbd2c66f8b1e5621f0898402f1,0.13323082,0,0,2
8e5867eda8328e4cb2e103d098d0c9f3c2fab50e,0.049134523,0,0,2
e42da5d9d21438c220768464b6a1f5b36bad92a5,0.22809456,0,0,2
c823ac5673e9da094a3b24b99987a533c548dac4,0.33331364,0,0,2
7573e9eec065ac1ccc2134aa751a191da3ca3dff,0.038932353,0,0,2
1cdc902f3d7cf877b4db7a31f19eb1dfd2fade3e,0.031645145,0,0,2
e9ea52189a92f7e2ab051e4d75c4e0c872034b18,0.037989575,0,0,2
ab0a2f761f4529daa0a1e7128ffb8ae417a0104d,0.048772097,0,0,2
7ebbaea90e8002f5542e22bbe92075ffb5383d2a,0.3263995,0,0,2
721730b00b1dc2ea616a3e7958e4ad15134de975,0.030004228,0,0,2
05aae985d9d0e26cf278cdd6f69672ebe3f8ed92,0.41112244,0,0,2
f7222ca6c3b6c1018a52fd649029394e6608f1db,0.03269878,0,0,2
b285f17023da248bdcb3093283e4b9e930bdd09c,0.2685693,0,0,2
af858a6ca224946195b1923a780678b20cb99603,0.4056227,0,0,2
fa027a4685bacd9e32b3bc7d875717b4457f6829,0.29158673,0,0,2
edf56632b8a5413f5e0adfe2d1b65e595b88a1d0,0.41284588,0,0,2
58693fbcb3236a9adb0f47088d88ee3ef7178cb4,0.2472273,0,0,2
91291520cfd5f6c2c91fc242018860c5d1d277e4,0.030123174,0,0,2
7bbba6995a12412cd7cbe1ca693057c5299ab4cb,0.0450439,0,0,2
ea030e732e3556a2a4fa51bcaabc080927ddfa48,0.03654947,0,0,2
310008f48c0a830138d35b3024106560d55b6bd2,0.2711282,0,0,2
ca22dac3f852c7290f60c3c3a5d66fbecfba91f4,0.084285825,0,0,2
bcba29320f5f6f860335266d6be8249418ceaedb,0.02425576,0,0,2
9dc30fddc109504fc80fb62e33554d54cca47faf,0.028791366,0,0,2
764f56955d499fae11db1aed6e7f0d2d0886e6f9,0.17480959,0,0,2
2933e5773b1d64a9348024b2a6e8dc6dc90e6590,0.1640246,0,0,2
0fa8bcc008b6a011d6fe41e64ea4379d0b57f20b,0.0259628,0,0,2
7897aa6a83a5e63da487e72c2735fb042259f6e4,0.11350822,0,0,2
3b501993588d27d91ad526a436e3a10ecc8d6e8b,0.11159898,0,0,2
b353d07bcca9fb62ac387d69d3e99004e27f14c0,0.0881254,0,0,2
6b43922648fe2dfcb4cb1aaaf5d795f00a6aa174,0.035639092,0,0,2
b268dfbb824ef307862e489aef7e71bba4cdcac5,0.038536854,0,0,2
b957ee1646d893fd946a8b9a53c779957ae7a240,0.036931973,0,0,2
996c0c164a083c3dc2fbf2768750e3b3a81d77e0,0.07360639,0,0,2
12ddf37f23cd77903729b3e611ffae10e96ded47,0.043171965,0,0,2
7e6304ce63da6c6341cb072abfd08caf0456328e,0.022578664,0,0,2
b9b73fbef5c0f18aaef22ef60442518d7f23ec83,0.39891097,0,0,2
675d4c8fc848ec5438e48deb2e8218b6f0078814,0.18524525,0,0,2
dc666f419e691e6a04342bdd9cf2e899455a8738,0.049787883,0,0,2
9bab875f03ffea0aacd1d92fbbecc96d491c1201,0.30209804,0,0,2
8d3d915dbd0ccf716f0d15b6b2396cff214d9cd3,0.10945232,0,0,2
326beb22c6aa872cbc0ad3706cfbe706bf9eab41,0.033182997,0,0,2
ad882055edb50369bd174ae56a372838aa89cdae,0.23082195,0,0,2
a7363a2ae67b585790896de45f57154474480fc9,0.068257876,0,0,2
2bc9e7ea86a8cc1c3b2436c46115c87080228004,0.021019408,0,0,2
76f154179b8dc6940355d7fe7db468314ca39e84,0.15988523,0,0,2
4080feff61e8dc1cd4af2361990c33c9f1014147,0.0745498,0,0,2
97accb47de63ee5063eda23641c6017e29ab81d7,0.20802476,0,0,2
cde43197f980538e411d851735ac7a63ddd613e1,0.049979527,0,0,2
0dec6e76fb544fa3e8bf5fd17f16314735971dd7,0.039982207,0,0,2
f820d06fc0d1204b0cb386214ffeb42ccec669ec,0.059642527,0,0,2
566c4d59a177be4b65d17540576eeb34d28d24ce,0.3408399,0,0,2
a516976947341e0e18bcc0858d85d34cd0c02cdb,0.045515563,0,0,2
7200c43dea3dbfbd9d38b937c44b6e71744b05c5,0.049592037,0,0,2
596ccd59a11ad5e9fda19ccd0f4fc714d8d3394d,0.06680972,0,0,2
301ad592142079d36f4d33f5309c103c7f4f5dfb,0.09169586,0,0,2
f8a8ea748a0b3015490ccecec7b97f0ab2daf9c4,0.30474058,0,0,2
8aec465b44dedb7deacf80111ea5286914093094,0.08197379,0,0,2
34f3f4196084768b2ef6b3db4608d8eccec50364,0.08575163,0,0,2
c53f2106109153eda10c47a6960a5a579d1530b8,0.4951657,0,0,2
17f52a2e559e68d5c6ccc98fcebb5523161fd0ed,0.13315862,0,0,2
fd7a4362caf2cd69368a38f2f71ffe19706e341c,0.061546206,0,0,2
753f278d10fc0c92e912965379401ac182644101,0.34626037,0,0,2
491786ce4182daa57ea61deaf701f756f57f6f1e,0.011411171,0,0,2
de73ad3115c19d5f0771754d233d74055a2a10bc,0.42630827,0,0,2
d5f586bd4e1a20fc09a33aaa5c2b9320f4a2aa72,0.45393804,0,0,2
8d4fd1dabbae4d7ebc2b273af9275ef8bd0e1ce1,0.540455,1,0,2
6e5eedb3fcebc5894c41733bd26c8b4d9197873b,0.4338858,0,0,2
3b7d0b95466139a147fc504b7c18897dcc826c65,0.30888692,0,0,2
6a82f92584b36e28798479c82c0d3263c6347b90,0.50029206,1,0,2
b8e9475505fee98aae2819c03a33c7aa3db843d3,0.0727475,0,0,2
a14acdf6395f588dda7597bb4c7810dacaa503d2,0.03488107,0,0,2
85a20aad64be04127106f492e26f6ad6d6c228c8,0.13405849,0,0,2
1325e114108136eea3fe77a4a270a2da7eff98e2,0.30903426,0,0,2
bae46709ecb13f80aaad0d279b3618ab83d09275,0.027057154,0,0,2
dc5f850d1d9b0b952b7f0dabd6778cf0f7675cba,0.012870961,0,0,2
b4abfb93676fb0abbab1d9bac40ba2714a3872f5,0.02829305,0,0,2
9a9e7268162f9fed146c74a8acbd234d9bc2ed84,0.023402682,0,0,2
b262c2359c9ed53dae3ce2ce7a0092273f4eec65,0.21425034,0,0,2
c30b59103b6f1390b0040ee74b985248e8b1b849,0.28021124,0,0,2
0f36265123605cac6af05b7b8c8f4036b58f4da4,0.026871784,0,0,2
cb177b56b7664ab323558545737646896f4d7e70,0.055024225,0,0,2
15bdcc3be2b84f68ddcd822da52ef045ed89e57b,0.16682662,0,0,2
6a8ba1fecb47e5ffd5387654d0cdb7c372ccdc9d,0.3621403,0,0,2
75efbfd6b21ab36fdbc440bc001c133f824bdc3e,0.054633696,0,0,2
f7e42d2ccf949a5893a439227c8c6bafd2598f26,0.10436827,0,0,2
c7fcb448c99ae5fe9db9b217bea1233df3ee6e57,0.2536749,0,0,2
d0721feadc1e0cae6efa3e0d82f523debc5b8d97,0.44516608,0,0,2
5f47ad718e0ffcbbe6cd2f8d32b2e345c4af3a48,0.14981525,0,0,2
745d383af12137ccbcbe1f3cb4c9db73f87a66ca,0.22451174,0,0,2
d746a54c2ee50711283bb49e557f58ca491e1bac,0.1378976,0,0,2
a56d4998cf16ff08f5593fb7d4dda66ca05dc269,0.019901987,0,0,2
03e65c98da2a0b2e27b14713543c2a61d56b1237,0.18209726,0,0,2
0d3545e5f68d024cd4a05724a15746d8dad986d2,0.044853684,0,0,2
6b1b592887d9ce95fb5af1e216bff56b18c7902c,0.22304808,0,0,2
ccd0fd51a5712ef1d85110eb61130c906fe4db13,0.14290626,0,0,2
d98897b11e6f4adf1d0a91591b1bb6be501cd29e,0.12237416,0,0,2
4e08e17ec536038c9c0dd888f77b912cae82816c,0.035093788,0,0,2
86eb3a2fa74988e4ccf3aae7f4b77edb84555320,0.048061676,0,0,2
45df5da2640f8f097915b8a2a0249ef0f6cf514e,0.36005998,0,0,2
76b7413d2b1eb2dc22f05de5b76f9519be5142e0,0.071250014,0,0,2
bfb3cf8bba6aab198c4644e236bbc9f3807111d0,0.044752847,0,0,2
093e3bb2e3cd9992f3f0d14373d406bb9b2ed36e,0.16630322,0,0,2
c440f668aca99266b5379235f6d99d378630c938,0.20703149,0,0,2
a1c5a582760c7f65572d0883fbcedc843332d7eb,0.020581998,0,0,2
0a499402d707bc8cf775d7f9b3840780a7401f7d,0.019224271,0,0,2
8e4e5221515f820108f48396a18ceaed73de8dc1,0.06179342,0,0,2
3a4e18ddf151a624eb5c3596ce8400ca4679ef97,0.020199815,0,0,2
8ed40d530295d819e0ca964b2d4542f6ca6a9929,0.072774716,0,0,2
a6abb8b00355db97486ab5023305c3f4e9e19ad3,0.3890719,0,0,2
b494caa01985c623601735f1bc10871cfb8aa048,0.032354534,0,0,2
5597ed7ea300ae3d08cd893b0133bce26038a7df,0.057747647,0,0,2
002276ea313fd880122502e9840b43f996acd537,0.1820449,0,0,2
bd5afc0b5a977c168cf046e3244477b48fa72c5d,0.09335757,0,0,2
b313ae68888445f4c08521bbc8d19f39310c6890,0.019973952,0,0,2
a675ca7802065f459a96bdbd593d8dc491180cbf,0.026772412,0,0,2
8be87e032a8c05622148357f30bdca3c614a669f,0.34406468,0,0,2
96eb80efe1da48f37846aa899260aa0c84b15944,0.17952983,0,0,2
75c2b24c681e314c4e4e07243b31430ba4e42723,0.23973474,0,0,2
276e22858cdd56f5725e0c2f7a3522df99967973,0.25056309,0,0,2
471e6b078a7891aea99b77f200e828a7b1c9bc00,0.33052078,0,0,2
6d7ee38ceed6b496d70502e276f80be6de618014,0.34818298,0,0,2
5cfd99f0dcd0d10689e480f0854e859079f125d0,0.21829216,0,0,2
ed6c47dd9ebbb2e38fb3e17a2b961f0fcf0e6df3,0.19396728,0,0,2
1fe7a43505aa9d00bd9dde45aee77935a5147561,0.39807177,0,0,2
387880a630c65b955a3329a2f7b987214c41f6da,0.27594405,0,0,2
cf4416a84203ff9d360d4398da3b166e6d0c72b9,0.2695875,0,0,2
a7fe613853516f0abde34821996a0424882bb919,0.32004577,0,0,2
7a8a7783315917b56b6a71c4f28cec4ed1d91a7f,0.04361634,0,0,2
9c545d44a4a703c88d417a6fa43298a80ee67735,0.3377992,0,0,2
4f73871cf40b6dd05c8872d39246c67f798ed915,0.1203095,0,0,2
41f297809965523fcd021bef20b304b3584d9b4f,0.031417407,0,0,2
03178c8b15f1b522b98ded0f83cfb0e79f5ec4d3,0.21224241,0,0,2
f70741c9b216d3836d047c542847920d4778cf9d,0.2180057,0,0,2
5ca0a1c3564d35293a5ecf03e5f32e6f0f6f445c,0.19715862,0,0,2
4c4b3e2e32ddae35e4c1a6ffce1cd2b2eafa958b,0.06421698,0,0,2
72a46babeb0da02071e47425ebd55da915b98178,0.3322722,0,0,2
9c51e5316babbd370bc32aed0fee134216726ec9,0.2529976,0,0,2
392323e2d44bacdac605c1a4f037f06e21dcc239,0.18232416,0,0,2
10dc13c80752b0489d291b54440212ca54c59fee,0.5916102,1,0,2
7b9df59a96adfce979c8c564dc5eaa6a29b7f25f,0.0769712,0,0,2
818533e92bfb1c142ae4ce5be18ab92d1ae17025,0.036756888,0,0,2
47fa07eade06908ded4206651571e71a2fe684a6,0.06067231,0,0,2
46e97d9e04591e8198ff38bd2949fd5514da0d3e,0.025795797,0,0,2
08cc26e70bf145aca293d55fce12aef835263f53,0.45274618,0,0,2
6c21bdb4a107b49e57c9e5d6598d13ce6f85fc5d,0.4366863,0,0,2
18a027b1f04e420c18ae57aebe8fd031b5ff251c,0.4032835,0,0,2
82b84c0fe9054198099752a66575cec0c47524c8,0.44246545,0,0,2
b10b90b0a3947bea98e3646e7d29f853f3b5c6f7,0.27953,0,0,2
8c141a1705808491f16a27b53e1ff0db0a2807fd,0.5394411,1,0,2
40f969bc9e162deead55967da3c128e2da933dfc,0.39884862,0,0,2
f348d34fb1ef3c968e2981283618aa85db203901,0.4097627,0,0,2
999761ba1bc5da820a1d2527c4aae29d95a7013a,0.27477878,0,0,2
ce131449a4ca0b06c6bb27ee5d8d6d89b1467bbd,0.34765446,0,0,2
924e1e9064f90d958b4f57e9c9c0c543bd19dcfb,0.48949426,0,0,2
f36090e3141cd3cd6fd58f1f46a30af2582559be,0.31770518,0,0,2
6fe2094e30107512e470571bceac91cbedbd21d0,0.4292666,0,0,2
fb0078159d2463da149de54018fca79a9447153e,0.46771637,0,0,2
73351b6adbf403600521505bef288057beb2bdde,0.5369689,1,0,2
079a07fe18f654632b80b274f247775582261e5a,0.52276117,1,0,2
4158323ee456bd412e7357a4a6bc8bf50deb5d9e,0.4140469,0,0,2
2fd6c8fa1e392f985ee860d8ee154a612ddde569,0.39887902,0,0,2
66d0a9a0a00dbb259425f17745f7dddd7e676f71,0.3949066,0,0,2
e14d9ce8e3c57b7352a647c0a8e62eeb88ebfba4,0.44344872,0,0,2
9e0c5ad4b3148f42f3940faf7d67b305e34bef0d,0.3224463,0,0,2
fa1aa44c7623fb2142e588c59eaf56db7bc237eb,0.33705303,0,0,2
8fdda846c4653b6ccd49c47a9586c374bb20a255,0.526305,1,0,2
a94ff90ab6cd2d92ccb2eb1fd7913b4e5256f02b,0.24898767,0,0,2
268bcd622685b28c2d50bcbce64ac38f7e90390b,0.5162124,1,0,2
09e31a01b51d7418fa0034ecd4cc11848436fc18,0.2983231,0,0,2
487ac1980148522d628e1d2aab50b107c372798b,0.47738847,0,0,2
34646ec9b52192a71e52ffc09cf7fefdd506c48c,0.39344043,0,0,2
7afc1c34fc16ec04f82105f9106b7d1e5232c4d0,0.20482372,0,0,2
00439211981af7b5baed495f526ef8ad76ee7c5b,0.08924457,0,0,2
1d635088f697178660b6e1c9a89d2b7d3bbe2d29,0.29525456,0,0,2
a4a62ed7c1e3c7aae09324f0ad1c6078f0fba471,0.15228292,0,0,2
b3a68ca842841c4b9713462d5f01742cf71a6b4a,0.38849047,0,0,2
2d868410eead061d59de524bada4de9e3d2bb442,0.4565871,0,0,2
813aa11d505b9507b6795d36070806cb2d96e5c2,0.37036097,0,0,2
88b29fa46bcf6f56df4213e1ba7810735a28d755,0.29837528,0,0,2
eca374db08ffbb3dd8de746632fbd74acb8f2c92,0.31160942,0,0,2
2ab17f529d07c1f618ea08d968b2fdf3a382a792,0.42994937,0,0,2
9a87c766bb3137a50656871e5dee5a309543bc7d,0.34021232,0,0,2
9ce4e1a371418e5eacc69227885815f9a4221c65,0.3337901,0,0,2
c7f7da754a911302dcaa6935be6fded84e1ac348,0.5252935,1,0,2
4cbb388ba9099be121f81d75000acc3af93bf993,0.5039308,1,0,2
87497c72460c9c58f829a372d741b386fc2ac8f8,0.027733453,0,0,2
921d0d60d40d8fbda29f14a64e848c70026ea32e,0.4300947,0,0,2
f9e72000a17eb9d524b38a9f2c982c037dd94891,0.03886733,0,0,2
e34f50dd1083fa8ed9fe25fe701b64bd2ea7efc0,0.035524,0,0,2
581b474f4b194731eb9cb22cdde7330a1ec81c3b,0.03284469,0,0,2
e0d17fed51f5018fc34578699d824c20efc44368,0.035784405,0,0,2
4fc5b3402c58d6a4b317bf23b896ea91d22af6fe,0.27117974,0,0,2
d8e2f892e48423fda73204be3ec239d282e71c65,0.059192356,0,0,2
8d6d088622f8e4ea89e66ccbe097510fb4c932fd,0.02233375,0,0,2
f0943a7242041a16c8f7fca845592e48bb19ac74,0.02809038,0,0,2
d1123894d33922e7c8ca838f9dac9bdceefa3f7a,0.025411857,0,0,2
fb83ba3fdb46537a36832a900f124d4c400f7ed9,0.03778029,0,0,2
e779883b29a67d411493f985de984ffb8088ca05,0.12843488,0,0,2
a71c820baeb91025eaa7f07b172a39500c6f5692,0.37464938,0,0,2
a4eff51bedd73a0ea56afc23b1021187dd03561b,0.07004036,0,0,2
8f6bedeb724fa78583c26423aaece05cfddc04c9,0.069537304,0,0,2
fdc116f0bcda6d1fffbbe505d0687b0406e92fa6,0.06571662,0,0,2
66608db56c41e91ee34fdc1e6157d69b69893fad,0.08690364,0,0,2
5366158572bd88f18df7883ab823ea62b7701d77,0.089988776,0,0,2
2df0a3be66f6fa1067d976d7a05500beff7eda53,0.08524815,0,0,2
e0b2c86c8754312d1e89307fbf84e6efbfa9fe0b,0.05026493,0,0,2
050dfa6f0850174fdf958ce6751d2f06900201f8,0.38375524,0,0,2
7530b4bdceef0ef37af252f0b97978554fb9b99f,0.54520905,1,0,2
a6eda3d8eff423ecb4901aa07339364732c02ddf,0.32246074,0,0,2
a5035d0e1cde068320984d789473e1140adefdc0,0.043302048,0,0,2
dff43a0530a6fbd524e3af24795cf6b92142735c,0.3252506,0,0,2
1d5f8faa87a410fdd1141ad82f270ac238293770,0.12807848,0,0,2
82f4ce516c18ef5fb3096f6a90455fce90a5b290,0.030936738,0,0,2
228b49fe2afea3376c4f30f80bdeb70d083a9206,0.04525891,0,0,2
adfa016f3ef7ff262643e0f0a5a54d3ddb7d7e1d,0.03906863,0,0,2
f72b5e65c0c5210cc0be585959ae84fdbc87aced,0.046901688,0,0,2
26d668f6d5a2f202ef7ff6a73ff3cbd7bbdf4b06,0.24002482,0,0,2
808149305ba26224917e29aa0c0089701bd91936,0.041796178,0,0,2
55fd738c86ea1796d5152d818ab4b5060bb11803,0.2964475,0,0,2
7a8dc00b8be18a9271e2d9c2444ba91077ffafa5,0.29645067,0,0,2
34515698878ff0a4641e72486f0ae8a7e30df0d5,0.2339289,0,0,2
96f2b16b3efb93580e6aeaf1da97d9dffd5e260b,0.38255897,0,0,2
b577805347d56f1927615fad311868a3537a9cb6,0.028240897,0,0,2
e366894658914c0f2fb41cac003392b0dfa6e4b7,0.24246024,0,0,2
3411f29e2377788cdaa5a4eeaddc53355f085a78,0.045477856,0,0,2
880b04814c564ea7a1bb8fe97c15b4735c67e8e9,0.2831064,0,0,2
8ef033be5c92a895139b4f910af5a7048f340cc7,0.28335118,0,0,2
350c477161a0d1df94efa02109ae07e6acbc527e,0.16112007,0,0,2
0880a21c56cec1a2442b5123c3845bfc99e83a7f,0.50454384,1,0,2
84143c462986417ccfc5e8c05481e983cf668e2c,0.07596108,0,0,2
f16d5b1722eb55c2d55eb623999f16799b088b98,0.10982778,0,0,2
ac37165ed7a22cbdeccfe348b10245dc83b414b1,0.069089554,0,0,2
d9ae4e2601d4c0744bbc275b6b4f503477b789ea,0.11854684,0,0,2
7c1a59fa7ab58f5f7cdc124ff2667cc501570a4f,0.072496094,0,0,2
93d35c8f291b8953f8460c0eb02a51cc6d6cac22,0.23148896,0,0,2
b77184a2189c8f91100d148354d1fdf38e83d13f,0.01823343,0,0,2
f81e0465460ff9abd450eda836bbb4f9b13837c7,0.05950915,0,0,2
6fc152e4177e0482450b13eb7fe496de677ce5b6,0.4063064,0,0,2
0c9af5f450ce73da9b791051f861cb9a6420e0f1,0.098664686,0,0,2
11409e628b0461be3c268f81642ce36bc4b0bf84,0.29780734,0,0,2
63a9488f2910434851e98a8fc0ec8c053b24083b,0.28723863,0,0,2
d70736425701b66bd64ad3aab3941bb930a18b66,0.28165516,0,0,2
7331773448c1f2e0b24deae4144db0deec85fc07,0.28313553,0,0,2
11a7e62a898e54d66936d1b8b67cb5e62578ba98,0.34009793,0,0,2
0484bdb3f61d309ff62da4df4be92cf139d19f6b,0.29012793,0,0,2
f9f632e7056cd9d2b3c88bad50fe0597610e2eca,0.41338637,0,0,2
a3fae474e5cf5084c89835fce1950991aa678a41,0.31943074,0,0,2
f3108e2771083bfcf02c9c67ebd70a3ac0ddfca8,0.13948783,0,0,2
521b9b3385d73239b96ab209cb34ceb5c1c1400a,0.19160403,0,0,2
d7a1666f9a89d9a517f5fbaf283e711046fd054e,0.1869512,0,0,2
022a020bde5afba4f2e9b6753c199386e79d7825,0.21125285,0,0,2
1b5aef881bb3acdcde5d9fcbb6e43ceed6db145d,0.32565576,0,0,2
0caba0845d4363025e619eb3db6f3138b2c3d394,0.017397279,0,0,2
8e71711c1caaa404d84ec6682f1b7b266064c2e9,0.08477994,0,0,2
363be2fea66f861d7ec4f893a05901fa0c7ecf92,0.12154113,0,0,2
412a8a0ba61c84d71c0cc740ba7e50c10f3bf9ae,0.20663644,0,1,2
03380256795725c7d17db97d882a4c4da3b76b8d,0.53451675,1,1,2
653b46857a4a48252bfb094e39ee9937b2079fa2,0.35511076,0,1,2
748cb609306ee5a046a952a0ca13974ef0b6e770,0.57665575,1,1,2
0f9ce497b0c6841e3aca845336ad095012c41da7,0.42140418,0,1,2
36ee52223387eed452c266490a25b4c62f49abc0,0.4448722,0,0,2
a8c6d43b5a61d8da784f0ac188d40b88a15dad50,0.039965957,0,0,2
8fe2360920a8228c10cd59ba0978df701174c961,0.27535594,0,0,2
a3677db89ef3863e8ac7cf578df499f85d970b76,0.35638356,0,0,2
64c51505a82baf8260a34c7e83652ae3014009e4,0.009871333,0,0,2
ccba0cfc3f1b81dbaffa5153aeb84d48cd7630ff,0.17124906,0,0,2
e7c42ed0fb83faa2b57184cb72f6d9e8b621ccd5,0.3547338,0,0,2
633de29fedf11544f2c3d5052890cb014e612bd5,0.4634717,0,0,2
362ab2bc41697980391c4a61c23cb3ef6bce740c,0.28213933,0,0,2
fc9d93db68a3c33e5ead8c7ecb187fdf0f06cc4f,0.20821337,0,0,2
66a775c9feb7dcf00c28a16b7a365af4372886f8,0.40580407,0,0,2
a6a48cfd370b226955a531e678016db414ebeed9,0.43766528,0,0,2
dccc1255413adc1a212dbe3bf40accb70ccd44ef,0.10933712,0,0,2
83b70a377f79ba90f846b3a720e6c402c63bccc5,0.10469159,0,0,2
819318486d9cfb430749ee33d3c5c4ec4417babc,0.3746071,0,0,2
827d9644c864336fa84f15744375ba7412da047c,0.4607666,0,0,2
af6bbeefbf197f50d194c7f20419c2a4590ad630,0.49338305,0,0,2
ae8f5f04574be75727f5e948e04bc649cbdbbb3b,0.2061252,0,0,2
b9cd3558133ae9f26aec73e0bda3a8f635d137f7,0.30244464,0,0,2
f672e826f51824582273fa1f5b6ec37aa5fdb2fd,0.20542264,0,0,2
72df12fb2ba453afb57cf185d25c502d4daec6d1,0.35474756,0,0,2
7b42d43fa0827557f51cb4111c89fb2a78512c68,0.120780185,0,0,2
af1b5872ab8355acea3197522ddf94972b3c8386,0.36302754,0,0,2
5c753a87c328678f16bf89e0178448f04194f0b4,0.25941312,0,0,2
0956e2d2338531a96f2ff7d4ab405acc1b18421e,0.33907428,0,0,2
6563275706015b000cc5bf14be7fa9322964bf49,0.04328444,0,0,2
e9e76131f35c112046b9f184816683beab605e9c,0.22178346,0,0,2
843267df5a0b44145d5b9ee9153d17aa5e15cce1,0.59870195,1,0,2
cd64fa339a97300c64dfc434483e478a58f507a8,0.082260646,0,0,2
b0b23c179ac55334f760aa29fce262c73a909268,0.06468692,0,0,2
dff1a0953d97d46290750a46d01be1e1519ae698,0.43842316,0,0,2
35e0ba449325e759e04203fcaa71920cf473baef,0.19255993,0,0,2
e508ad09d79302d3cc6b86077d4a6ddb0679a0f5,0.041429576,0,0,2
a27ca511a591caf813c26862a888e90e54af19a9,0.3761211,0,0,2
9be91f380c209f895da36d13c40b99687bb4c8c1,0.05484327,0,0,2
09c55eb8120da36aef1807628f87bde83749428b,0.28963405,0,0,2
05edf06360cc8a1a61fbd1ce5f9abf5d83f9d3f9,0.054949425,0,0,2
9df5e9419d83c11b4a2c3421c5ff7ea1f544366b,0.10451544,0,0,2
ed1ce82d822ffe185875b7b7d38352f20171c096,0.077320114,0,0,2
10e38114032cb4c585b29e946e1d70e05d52a878,0.30243182,0,0,2
d71ead41fb685431dad02d4bb7cb5675e196b8f2,0.065558285,0,0,2
e7b4025ee0b6152f9bbf7a72a317f977402a27f7,0.31569624,0,0,2
0f3648f749b7b67c2c61282297569657ea6220dd,0.3023747,0,0,2
bf915848967a6e35839e5565e98c716079980e18,0.49391517,0,0,2
7f74708201c2ab9f5d1f83c7052487116b8f7114,0.53845894,1,0,2
97dc91d1545a667b4021b6507d927799e53964da,0.38202325,0,0,2
d9979fa97865b7a57b9da975efb6e6c4d80b0cc8,0.31527194,0,0,2
6f27b4ae8f8ecb62698e760ab7df3973874b1f51,0.042585917,0,0,2
67ef6efb61f3c07e1359e083bbac5d90953cfe43,0.034141034,0,0,2
1b53f09c3a9dcd64dd281c1955b062fc28999366,0.15631603,0,0,2
34adc606601cb578486d4a019b4655c5aff607b5,0.21692564,0,0,2
b05bd69cdd841c02a3b645568ee5478fdbfc07d1,0.33107337,0,0,2
e1f30a1c32eb292e51db274adbe2fd6ed09b555b,0.351967,0,0,2
bd82fe9fc034e7921eb589420bb4b86dc767a11e,0.1164867,0,0,2
13e0ba5aff3fe14eb0e1d748cad4b9f99e681ca0,0.5460255,1,0,2
3b7deb943877b0c2d8627531959948c5d1e4d3ef,0.3405441,0,0,2
b657c914c0005b37e24c1cd74c5f4ce886147606,0.38325068,0,1,2
a61fde99657c1b9d11e8eaa682181ea59e65814b,0.17919263,0,1,2
29c067466ed78c3e7948fcb8f0d25b3d984a1a93,0.07396378,0,0,2
fd86d06ec5d3b009f3882dda7903e9913858ee14,0.036664005,0,0,2
a43b8d68b8b7e6d7f23977a7432880290e6c6933,0.36139107,0,0,2
31e4a6df19cf4a13f8f0e9048198ce7488ad2614,0.1989795,0,0,2
3c0c9d83e27e436f9d3646f177bcb0ac2fecbeab,0.29319608,0,0,2
db7a08583a5ebfab310efde6d0636f2e2fc108ad,0.21818256,0,0,2
015e3cd37d128e4ade9b2d49f74f3b4fc07d82f1,0.019142395,0,0,2
8dba68a38c8bdae91c15e4eab35cd83c427d8e71,0.025055218,0,0,2
bd15dc78c74bd9eede3419b70469511f196a3716,0.036118556,0,0,2
c3ff46e30397bc0355584c593d500d2564c1c515,0.4791105,0,0,2
b2d4b2ac3a738d97e23e53cd459d9c57ee8827c5,0.23384392,0,0,2
3e24c28e68e617735b25791b0bc3f67f31624ebf,0.17198752,0,0,2
b1a8299ad223c3b2552f6d03e51c2ecba5df46ed,0.023130435,0,0,2
4e931386569c0a28b7e47c52d199aa32b6ca32fe,0.011543951,0,0,2
ed98d264cff306f7326db096cddf65cb26ff5498,0.011014854,0,0,2
1f07a0bf70049cb0a2f6b52ea7c261da5adb1abb,0.04641164,0,0,2
60bcdd450d6950da981d70b8b08379bdd744c82d,0.013863282,0,0,2
74133837585f81d1c6434ce32f73fc8694d5f132,0.018458031,0,0,2
0e9f604e87a5b42b27abc13a9328846cadd640f4,0.012881857,0,0,2
53a0a9ff85666348a38054e335f5b4c5355a6419,0.012258809,0,0,2
73f3e2b3d6b3f4a7000187bb3e6a4d82b118d3b9,0.009947928,0,0,2
b295635a87da0c20e5e2495103d4877ef0187d4d,0.013840563,0,0,2
8f88dcfc902b5bc86a239756afffc9f3813d245e,0.012515562,0,0,2
815b269deec60ec69f4e5e5d555afe9b98c18cb9,0.01301031,0,0,2
2b0658c59d6285547a5c6de7ac71c7cb134ce975,0.011590815,0,0,2
364232f781d0cc91cd4b83012e1f49e62fa81190,0.02205578,0,0,2
e972869486f85c3424875a443eb04bda2eeb6bd3,0.019720413,0,0,2
780b2281d86cf89cf5dd717c1cf54bbd48783654,0.011479965,0,0,2
06c27b37ccbde70514e035a50ba0a6ee1ff94ea3,0.013846976,0,0,2
1d1c41945a50a740519131bfff4e1875de69dd6b,0.0134553,0,0,2
71e40d0b30fbef976da3595fef8736a4e1245466,0.5708381,1,1,2
f781fcaf0f19766f7c9105911613f86d22b2091a,0.24754731,0,1,2
cb8cf1574f99fc51c9e67b9456ea4d494fd4cf29,0.44206458,0,1,2
c63413182017e069393963d07570ec69f373ee1b,0.44647613,0,1,2
8bba18089a1acf29f9d2433efc229d5c851f42b1,0.3409082,0,1,2
f295b186fd8f6c619d34a8c69c6a1307f2276779,0.64514464,1,1,2
02c7974c113cc2a51d6741491080058470265899,0.32618168,0,1,2
027c193cf1c012cd5bae06446496136a582c180c,0.39167783,0,1,2
4a10030ee78ea8da944f6d52e3c671799d73b5d2,0.29234377,0,1,2
5166f3dd04980177e46293408d998087040d4c19,0.3502995,0,1,2
d37041ca62ea9eab6e777bffc15ddab49941217a,0.5719468,1,1,2
53e5e3fa8531bbb4d70523197215fd19b89c1a76,0.42018688,0,1,2
62e6242804e4167f5c476ae34acc784009a1af0f,0.48404017,0,1,2
324e8b4d43f0260b4857dafef46e8c5f349f633c,0.4901709,0,1,2
9fbc2a346b86872c397ff891d379115abe5846cf,0.37207535,0,1,2
c5a15b2b66b6b4f018589d8f60cc7acc71861822,0.5480535,1,1,2
ebf108170e9a6215176174d84313a0564ddde0c4,0.526309,1,1,2
f1984c42b64788a0737c3bd43e4da95e015c19e8,0.5910118,1,1,2
904b790c41d6ec4629921befd1c5286e482fde57,0.49917096,0,1,2
c2abe862ecb7f980260a7b44d907fa116a6bbab9,0.36476657,0,1,2
19a56adb00295d528015045cacd443ff10f7bcb2,0.32778862,0,1,2
e2ea5359798ce8dc77d4b23b0f9b4df33b37f940,0.40798464,0,1,2
ce4385a413dc822f8849678608d0bbac2defbb81,0.4163913,0,0,2
c11215195bed3261d88486d0ad1644080afbb97b,0.3868524,0,0,2
7048667393bc4290f381312243d13688407b9350,0.22546381,0,0,2
b188b5ccc0f1f8702313eab62a5dcc164f817200,0.1319772,0,0,2
4efd950d4dd822f3e087db9830d09cfb3fdcb541,0.44438398,0,0,2
cff6e00097bf7dd97a5404080df3bf7e95813a1d,0.18674293,0,0,2
27214015c725619e0098e227fd29816d0891d4c5,0.20967087,0,0,2
f8fbfc9fdca4b5e9ba1a5608ca17e7b6feb18c3c,0.40226585,0,0,2
0733d7c2ba214415a8d2e4efba5c6e26b61d3291,0.026148962,0,0,2
d8cdd5eeffe9b63949129d09f6b0c7ad2d517e90,0.2807348,0,0,2
e2cf4811ba485b0bb29d7d80bc853666bfbfa958,0.16183497,0,0,2
580e0d1e26ab2a9275f01506f3af56fe8fc32988,0.38445756,0,0,2
3ba27e9f4a29be1922b3a19f9c6c5127f93027ab,0.2799872,0,0,2
8fb1341ad7c460286211f4f2a6be41bb5782653f,0.15534472,0,0,2
041507d3aaf718ae536f9ab66e4eeb4065cb339d,0.19987044,0,0,2
735b1b59862dc1b5f7e60549aa7c33dbcc4095b2,0.2328357,0,0,2
60595251eec5979e14540c6d00043e24905a7404,0.13716109,0,0,2
980366284db98e0515dc5e827aaf4f750699bc80,0.09241062,0,0,2
6c2dbf2885fb4602b8e42bd208ebef66df23329b,0.43055993,0,0,2
cb6ee2cbdeadad5d277a6e7293d88bb915090c4f,0.33268136,0,0,2
a00624cf27791193be74a610723a9a0b0980d23f,0.33716324,0,0,2
911d59f46d0dce2e07a93dc0ff705154f568b7ba,0.017603563,0,0,2
1aa543286acbcb3c23aebaba003fa024a54aabb2,0.42263788,0,0,2
f418eed3089d74caa11affaf947a40b774e9c8cb,0.038415134,0,0,2
a13691b5be40d31099d39f7c8f3ee9970ebc20fa,0.18143913,0,0,2
3e8b8aa06bb7742cd1643fad72d7739cda400010,0.44690895,0,0,2
a1db4c96f62eef05fff532b59300edeff3ef21f5,0.28493956,0,0,2
5321c7ff2ed082524bc319e44f0aedf7ed8960cf,0.26226905,0,0,2
9be73347bd09934dd0c99d32bce9c4e12fccf6ce,0.38362128,0,0,2
4362e02ed0404d12ca75ee3476d4a32f9f671811,0.3966527,0,0,2
d3f0ee5e0928122b41ee25e2b4ab09bdca5bd00e,0.06320598,0,0,2
f82b5b57840389fcfdc4f16cb75703361d6ea059,0.30530328,0,0,2
51d564f738b20621e4e14649bc1b15c929668e1a,0.32232216,0,0,2
5bd82306a8e44e2b9ff098f29ebf4c69c195b9ad,0.46208072,0,0,2
9959b3c5a777845aa19040a5a761814e483a6483,0.08576413,0,0,2
a0611b06f05e3c37c622f48a783836f89247c237,0.2323469,0,0,2
f02f2e54ac7d88a6b7ee620e45e1bba878c63a56,0.55066115,1,0,2
98d6d15235e046762f3b09294e896994f616627c,0.42399174,0,0,2
fca0e6ecf6012ee47fbc92fef4533320c1e3d849,0.029321818,0,0,2
db642a3c3ad93606d27d6e277b529da3a50057e6,0.08608903,0,0,2
1929834c27a931ab505f7a389d38fafd10331d8b,0.36104023,0,0,2
a5cb9a4b4a196bd2048cd21ed2fef175bc1181cf,0.24882585,0,0,2
c2f1b685abecfc11de76ffd0a28771f41b566782,0.5420214,1,0,2
30b6759387b4402987f6f4a6100fdc78e8bf755f,0.45886323,0,0,2
50b126dc0eb075a2193b670eb7ae2089896ba283,0.54880315,1,0,2
6b08874607dd51c9d8f600a96650a330cd9e6b95,0.42789695,0,0,2
c9685cd5e462926aa401fca7321ea23927492006,0.45604894,0,0,2
ce8d0f7a47f7caba8ab937389c59b68b20f6994a,0.33109018,0,0,2
98b8758e761caf659608f48fc5c9e9056f911050,0.13218044,0,0,2
95b2fe97c7f191e43b7fe11e8e027d87eb47f15e,0.04275741,0,0,2
79237dcd2bf537d56ff8d73f897cd639af7bf8f7,0.14945608,0,0,2
181affd5c937755f54ff31ef056a6ec091e95f51,0.12557168,0,0,2
c334a1bca8338c92e76f0f1cf2ef4884e3eb5dbd,0.04100083,0,0,2
efa48b214d30537bb184884ea30ce817bb350153,0.5187826,1,0,2
b45c4bdb496381b5f90df6872edca12e0a2e68ca,0.5004287,1,0,2
f8489499aa6d460a7548b14d516638b0bd7b862b,0.030134913,0,0,2
76a2ac814caa194c46be1cf7a3f5dc129546b1c1,0.0826847,0,0,2
31fb4dfef212791f86f052ce8a3adeabaf830cf2,0.051256455,0,0,2
ccfca8f714055cd9fbd00cf7e847b880132cae69,0.022522781,0,0,2
a29815abf4f0e51b332a8af1b83ad344104c14d9,0.0133221,0,0,2
92e6d716069686583b852a6dcf12af986d6dc694,0.03760533,0,0,2
d105819a0e72765ff5ba4efa5622d727360ee2b8,0.011860188,0,0,2
3aa6f11785a2f1b3b09df328a02a2c28dfa0bb57,0.22767018,0,0,2
b7a82a918f0a595a96047f7eef2672fd95d5626c,0.37388048,0,0,2
52f3240d90f2397cd1850ab11674ba08a0ecb2a0,0.3239688,0,0,2
d70fdbc40195077057a1edb14ccd16a26435d007,0.37766564,0,0,2
0751f97bf6677c3d55aa71542d572dc8fcb9e79a,0.30487224,0,0,2
e505e1fea57e0ab9f1d5edab92546d778a5f41e0,0.35102537,0,0,2
b4380f20059dc9e4ccfe2b709587e8069ac0fa34,0.3765655,0,0,2
32a9c6d42a3a48314d3f9fe2956bfc8bf49ac5d5,0.3611789,0,0,2
80417356f04c5ee1cd6f636e9b043db3f2de24f2,0.23151794,0,0,2
f48bca0510703b0673709b10a806a9d54894a999,0.392083,0,0,2
f1b54876ab8893a5d9c0e3d7c1a9c884e683dc8a,0.3309093,0,0,2
c82f703768eb8a122546de23e412a037aa1770b2,0.1827657,0,0,2
36a02dc549f32433d7329444455dbb1be2e67f20,0.04428016,0,0,2
fa8957d7939b59e8d391fa17000b34e865de015d,0.6228896,1,0,2
5acc6a5502bffaa66be7e859849856de0ea27acb,0.17098933,0,0,2
b58789c5badc4f9680ec5724568af05a84670e22,0.320952,0,0,2
9ee3a16179cb65f5fe4170257ab7cde558f1dbeb,0.27280003,0,0,2
4ed0bdf1c73fd82d3080d15085675de96d5be0aa,0.13406838,0,0,2
4950ad86a16e63fa26d51cd709e39666008c5fbc,0.008452942,0,0,2
b61362933f7a564d2ae0b7d6b9723f79f4948769,0.032694194,0,0,2
f28aa71041181867a720134e26b64b03cbccb6ec,0.3579748,0,0,2
720b988fd8d7a50fbe922e6c73a3681b1c566331,0.30342606,0,0,2
9d744f7136f23da9a5f9324432b300b5a68e3b39,0.2822265,0,0,2
98f54c158acb12a26fa6f335b1665accd2aed347,0.29644528,0,0,2
22c6d087012fd55bc65e578a27f2edb66f4d3808,0.44031975,0,0,2
890b387d713d04c22406db6d5a5fc9b51bec2df5,0.20247783,0,0,2
c7d56cffbb4668d0955ef00196e08f42f2efe363,0.37100983,0,0,2
7680fae14c9f544d0585a7b150004a1e48fff53a,0.3466012,0,0,2
136c5ffe80e558a87cde01baebf823b06e3cbe75,0.25358328,0,0,2
8769d0f2cc4b7555dc025b7c0e49a81346a1e2dd,0.024444617,0,0,2
4b5cda5a2c6ca613db5129d50ffffce2604ad9eb,0.32379362,0,0,2
2e62764c0c386632e87ee8d12d0505848df1015e,0.45121196,0,0,2
4590f14e97beb6d10ffb7b5dd312c632af155ed3,0.5315687,1,0,2
079bcd0339f30343c01c5fd3d5521be4b822d30f,0.33931395,0,0,2
29283b775291bf03cd9a7e1aaa496faaa5757578,0.122574136,0,0,2
89321a2dee438328e75a11954e972175c78f0a2a,0.28520262,0,0,2
1f3e72fa069536ae20f37b29575288ff65e66803,0.34085914,0,0,2
c7720ca4c232d317cfc800a04eda4a1d5a44a944,0.037724737,0,0,2
a747456bfe077da467ff036172968a37f3b1e893,0.17186105,0,0,2
2f2c8b1cc6e6e731f7bc52b0988ea8316f475004,0.33771628,0,0,2
013b445ede8d9e7aad4915859d0c869b9b712f8d,0.31861442,0,0,2
f4e754e66e3661274df624bc328991cd88dd03d6,0.013737365,0,0,2
741944332d5bd90112b610a8b5f2eeefe51e08bc,0.026197992,0,0,2
4c7d7523088373be3c7ff203ea895d5a6d84083e,0.03636298,0,0,2
f79c9365d0ee89cb407b90cc084eece8fcf9a8a2,0.16707067,0,0,2
8714dd031647be34d0d27f461894e7b194f25cd7,0.27656308,0,0,2
83406b73e70a251eec5daae34f1bd8d554cdddec,0.26712576,0,0,2
2f956f46580e5b4752173e885d37a20fe31a78d8,0.046093453,0,0,2
3f36b7b50bdda3eeca632ad5440bb82b8e34cb40,0.4416973,0,0,2
9962a0fd02fe2ef06765271605b06729af8b2e59,0.22630098,0,0,2
5294c64b342818e021800b38413f36f426e35b3c,0.54293096,1,0,2
5a45ae3b1deb5117cb9e9a13141eeab1e9ad3d71,0.28559214,0,0,2
efafa61992658eab64c893e9eef49f545d75673c,0.37386522,0,0,2
630830476a6270e317e84229996a6bf92bd903ca,0.20017283,0,0,2
14097c64d243794610788d3ebb2e81ba8fd867c0,0.28704804,0,0,2
f2615d9a611db401cdedc022112c87ad938b5680,0.3096056,0,0,2
a24d624aaabc14a455d18450d9127f88d1b4f8be,0.31529912,0,0,2
49169033546d893dae3db903a2fa6af712f125c0,0.40023506,0,0,2
fa7588c4c0f8d403e4815fa72e3b8a3bc98d73ec,0.3802293,0,0,2
367fe13b46a0b4dda56b7f12273d6c9afb1da23f,0.072018266,0,0,2
368588b5c5c4140f39ea8b9a8ceb3d1af0708804,0.3826535,0,0,2
30ee10d2740fe1f28595989c6b21f22b75a147fc,0.30562294,0,0,2
af9fd052d1c208f191fbdf85873f965552465598,0.4568322,0,0,2
0a711ebcec7d32b66ab3c90b2a1f48681201e557,0.040135413,0,0,2
a4acf53336a482f50335d33b4f650a70c9243b7b,0.2052702,0,0,2
c26fa78817f30cc3eb91165b783e07fb80d80f59,0.43794644,0,0,2
944291b748bcfec4e2f3c17623884db7a17b9f21,0.34525752,0,0,2
c44f982e89b63a97190638cd12bd8bee2bafb883,0.35498855,0,0,2
fb46b941f7763314d667c437c06b1675e61c3d38,0.33355954,0,0,2
e9928c94ce1385ec72028336417f19f30ac38ac0,0.09740451,0,0,2
d4021487539b0f7758ec644f2e0d83df95c66bba,0.27935,0,0,2
ac62c1c29f319a97a2552c39f32c8e6acd70c9e1,0.41088638,0,0,2
dc08bb8ea6cdf01188f6699559e779e6cc296287,0.43833372,0,0,2
82b8ecc3275d7c3578a6531ac3f1da3ffada9dcc,0.068560995,0,0,2
36ce032b612fc0a1156d28bca7327e06337c8815,0.51153,1,0,2
2f22533ef41533e2b839a6b41b262dca59e6dbf9,0.3054521,0,0,2
39a3cd0f4210dbec1ae8ef39a87d34b76eac91a3,0.4225847,0,0,2
1f470253c46471033048383c027192e757480492,0.3900701,0,0,2
9c40a7bb3c9aca51d17490960c988dfb7b5acebb,0.39326867,0,0,2
7f8e952abc4d2fc4b96c97a51aa25fcf6ed8af02,0.40160376,0,0,2
bd0b5af025fab9cad8f94260138741c252f45fc8,0.46860507,0,0,2
e036d60d8a210d5ac28b2e5c51a45ceb82b58f09,0.48568836,0,0,2
626014eaf093fc2e3b53f5ad00c425bc209e1428,0.42231166,0,0,2
5c85b8dda5f3047732a17b818256b9289274d071,0.41950926,0,0,2
ea402becca436dc1a8e47ac9385a3db475b49355,0.3605405,0,0,2
255f10834a67cf13518316de0e2c8a345677ebbf,0.36853272,0,0,2
044de16c14076019f87763b7b58c45664ee57c11,0.3793494,0,0,2
e54ca615f213f5db6d34d9163c97eec98920d7a7,0.47050926,0,0,2
07a42d3ffd034e467e49b5c449d4f5f81c471cc5,0.25200498,0,0,2
e6da0f682436e1387ad68e86edf7418c0f7cb368,0.025576137,0,0,2
59ec4f018963eb55e32fafc2b924826c39c09682,0.3559921,0,0,2
ece4b70cce24b89483236b4cff079c10597d680a,0.26382726,0,0,2
09d28fe7995db1a4da2c651d362007d2082c663c,0.084291786,0,0,2
98c27699cbcf65c3d9d655ecbcd67adcd8b45b05,0.2579962,0,0,2
71cff7c5940b7101ff098601850d46b7a4698180,0.32243514,0,0,2
89e0607cf6470dda1a6a47b46abf37468df4e50f,0.4696611,0,0,2
6fb60857be1fed21bdacc4ce830bbf99103b6fdd,0.419769,0,0,2
3634821fa515365618209f0452443728e7290fca,0.3227501,0,0,2
2fd62ee4d524c270764e9b91dca72e5cf1a005b7,0.2641842,0,0,2
a703ee75c40e0207f6831c4d48e1c7e62f160305,0.2811683,0,0,2
fd7cfed070c2aab60521afb7dcc633a0b7abea80,0.31204247,0,0,2
1de41ef4baeee1c95e245837299f8be265294445,0.033623427,0,0,2
9491d7a61681f7acc7103a6d1d45efe96f7981d2,0.06163701,0,0,2
2d3203b10cc8edf71a6e3e0822f0d742c9516aa3,0.03950377,0,0,2
d55a572e5867832f6d5755fcd46101da51a38aa4,0.4486372,0,0,2
170cfa758547b4d9be50058ad93cf60ce0da5564,0.3952799,0,0,2
3783ca4476fec8186c867e4e57084e649c318c6b,0.42792332,0,0,2
4d996d1bac1bb1886cd9c473ba00e53e3c19cf3e,0.2715126,0,0,2
445cb9dc2f07553f8e1e5f7c1150f00fbb05c63f,0.23409002,0,0,2
ad80bfe559e7380fedd7998daea5f27393ab643b,0.27634695,0,0,2
3d2d4fd1588c8eb3f67f34d75b66967d0c7b06b6,0.2515582,0,0,2
d54fad867da7f762ac4c0d947adffdc1f8f356f1,0.18415895,0,0,2
12bbaf3550d56bc945b50f538b5f18af93bd316a,0.20952441,0,0,2
150c578edb161bdb2e8c039f0914984f570ef8f0,0.27782947,0,0,2
af977adc43a071a09652fea4ce3deba2d5b8d171,0.29647487,0,0,2
e021734b62ea5ac273e516b4ac83727cbb99ec08,0.2458783,0,0,2
b635beb6efc07a97c143775c78a32d42b3b73c8e,0.20583622,0,0,2
3fd2492fcce073f0c36e4d7e23e34881557e6e5e,0.2676372,0,0,2
a918c493296c88da94b36600213c7c188f2589b4,0.43066898,0,0,2
9181e1d536bafedcb3587ca30e5b6e2d66f06bf0,0.5361434,1,0,2
cc8bdf1d13639d12d02170d40cc4890180bbabc5,0.32423005,0,0,2
33ee5497490cbc97f3eabe9ef7a6391e4dbee8bc,0.31746912,0,0,2
dc61e510126aaa1a95a46fe39bf1529f394147e9,0.023207579,0,0,2
d320a457a9de67be25a03f79e1695d549a0145f3,0.04289367,0,0,2
94ae6c84d22ed33e158b3cc822ca4a0484c829c9,0.14770703,0,0,2
e9e36cdc44a68662885e35773187cca00d20239e,0.29847938,0,0,2
7d4041d827aed7d9f3eb14310b824a2faa96b8b4,0.18639795,0,0,2
6f5f99440e7117ee3bb6407e06745fff14bb2a4d,0.37020433,0,0,2
3eb4be60cf00c20e46b75fb72366dd0649700c2f,0.37856683,0,0,2
edbd9842cfca892b10c2e9c8da0384fe005cd67a,0.3489282,0,1,2
bc8e23808b9d8d0c9b67270ef35d04ebd9d89cc8,0.44693086,0,1,2
635e41ea181c5fee8860a7044c84ae3557b51189,0.39251167,0,1,2
c4ddbe6456c9631c301171098a8ac016eb4e582c,0.3545746,0,0,2
63f1d6b83bc10a2880f5ec17a172fab284d2eff5,0.026423372,0,0,2
10e18ae9b47dfe04573884739823d64825105694,0.019142168,0,0,2
d3252a5ca5571e0a97e9a31966ec6b847a3a8574,0.26611108,0,0,2
86c76dd5ea04d1881a52d79113d6dbb1d57c38a6,0.019352708,0,0,2
73a8fba6fb23af45ee77f52f33bb8d791a9caa05,0.0155686075,0,0,2
e8db7237a9c347d2225fce9b49ff92bb741adffa,0.28307143,0,0,2
7af67bdd16a4f103bbe6334c5a865436c900adfe,0.25796673,0,0,2
71d7c3264239c55b6e2daf89c44c5685085f26dd,0.03580547,0,0,2
958029bdd45c3e341eb146031ed38b4487d7b0b7,0.03731164,0,0,2
5556026ed1dc17e70946a4a030842ade3a33baeb,0.38350675,0,0,2
3c92830ec51fb6b6e9a7ca2fb8fda324cd33e48a,0.014992488,0,0,2
0fe9685c8a78ba2d780a3ec1e1a323990dc6d218,0.03508624,0,0,2
bd7788b384a87024ddd6bbe6a9bd9a167cf2ec12,0.022691283,0,0,2
dfecbe970917754511a081f8b86efac211e624f6,0.02085857,0,0,2
ef51b068aef14fa347710497cfb67aa9c6e65c0d,0.32309154,0,0,2
173c162a45b4be6fcbf7a30c44d1953062a25086,0.026265219,0,0,2
c4c03a33c8b8b94eaf75d368473bdd10a21cd0df,0.16373506,0,0,2
2fefdc7dc3c9afbbe534ff69db5a754be0716b11,0.045085266,0,0,2
f525bc3ccd9cfb69603bd9778998263a458415d0,0.08070928,0,0,2
9072a7615a54d5e753cf088326d9e14f1a5a6751,0.06756564,0,0,2
11491d355da8a851d6badb6348b10d8c4acc9d8e,0.05230437,0,0,2
2bc2ffde1f4752e7a8c7ea0a51c559faae194786,0.35780963,0,0,2
35f1cc00274122c0274b522d0b544a06faaba931,0.091916054,0,0,2
98817e88f04cc6757c42ae52d653b63cb85af486,0.31160086,0,0,2
83775c432382b9c0367362491d0dc515bf0e131c,0.027516743,0,0,2
a498b87dbcaa0a61c6088d7156258a3cb06638cb,0.2516343,0,0,2
34558845e3777afdc1bf90ebbcb2017ca17aea86,0.4211696,0,0,2
59985b43f0868d9a4a588d9ca1debd03108f8cd9,0.3100819,0,0,2
8ea1aa1e7cc427c28a89878fd2dfcb110c992b20,0.014921327,0,0,2
d4c7f63054e584b69024664bc2f221faf9863519,0.02590973,0,0,2
20c733229df741e57b8ac205788ece2d563b2f3d,0.18197227,0,0,2
3051264e1bc1d41a29c9dae7935c090568f64af4,0.12436324,0,0,2
db0f2304bd7c3ced65cbdfe9e17e80fe0774c13c,0.17388503,0,0,2
2f67045b9647de10ea5d01d8d1e98ac7de3e1cfb,0.035890594,0,0,2
7ef106b23772995e4307f84afd1bee4e2337ce0c,0.16158354,0,0,2
71f6746f81bb9650f6f228ea204d85ba2c5b7392,0.1718091,0,0,2
2ed96f00f724c3331d6b56b6b5650b9632f43954,0.1983638,0,0,2
3720683699bb830a4aae6fb66a78ce7079ad2c56,0.07788896,0,0,2
df37e605fe4b027406bd9dd85b320526ab12a122,0.015586209,0,0,2
4ad74f449258781e9df189413423ffd6ad95c526,0.21929382,0,0,2
d81ea83a0eb1761bb4e90a91f3b70f23f88a7d2a,0.3095911,0,0,2
e2c0ea4374c02539ad9bc6c4328b74f25eb72405,0.23908426,0,0,2
cf42ae522e12e9b412e1a1f008ea73cfd86a5979,0.11533155,0,0,2
fb7335ab163588fe6ee67ef26d3b3edad5cf4bd5,0.13966519,0,0,2
e580d35e1a07431109a5835411142bd1c1c2b3b7,0.028549995,0,0,2
ea60fbe0633082a131bbb18de94fa60a04eddcc4,0.018045658,0,0,2
90e31fd93fdcaedadcd4b030fbc20f7375672def,0.012212268,0,0,2
52adf52e4669b54399fa50f2624826c06a19cb7e,0.017890112,0,0,2
71e515ab6d2007d34d96df5604f74c6fba92c0d7,0.04601952,0,0,2
6d23e85570fe1139cf5ef3bc9b4e57ea73680b6e,0.33400097,0,0,2
cb83f7cb31e50f265e098c5380b3f0051e257f46,0.021110741,0,0,2
2584b4a0ef536e59bf28ba140844597a093d848d,0.025858458,0,0,2
cac520971206093d32bf17925f880bd06d93f736,0.06892511,0,0,2
6a99050166c945a226d5f8275ce4a9dca3518285,0.027051497,0,0,2
6dbb48c8e685f65f45ad5df9f7684bed910036c8,0.011828722,0,0,2
260e0e0cd21af7b03ab0dae33b4978233db67773,0.5183052,1,0,2
b5749b4f54b30c0c2050e456c12cfcf516434f13,0.024749232,0,0,2
07ec8ad2dd862c8669b2557b995ec5180663d73f,0.20404045,0,0,2
28656559d2fc67193a84d5cbc48d378b2016f74a,0.3377243,0,0,2
0add1e8975336c65513b26123d48b221e2515ddc,0.2030957,0,0,2
8e7ea70a33ecb8db5207849ea6371b4a5a8ffd26,0.030083077,0,0,2
6f653f6bb82757963a87d725808c080109e7e3e8,0.027142398,0,0,2
1974c83561d09cf73a575f992fbd8416e3354d20,0.33088163,0,0,2
37c20df721522b175bc9df3f06a361297010df5e,0.047426734,0,0,2
061450a927ba1cc65f7b984f4ff41866ec2eceac,0.016518824,0,0,2
60b32953a968e5623f82a6b27d6c679bc17c48e5,0.29252312,0,0,2
f175a241c811d2d0843026b2dde5c3ae308cfb95,0.05920773,0,0,2
ea1a69d638d97d5ffc451b32d240479357e02b0a,0.056205012,0,0,2
cae70c10b4451ee3b919764f72dc4a4caf0f6f27,0.061833706,0,0,2
c0c7112dcdeb75b521d55cd47d0c61be66b0499e,0.3139451,0,0,2
8d0214a7417addf790713440f10855dc279876fa,0.02015609,0,0,2
e2ec4f2fdb2bb8d97f64a33e9ac288d52854a530,0.2689455,0,0,2
fc73151cfca36ea2641f340700dbe339b9e1f103,0.318534,0,0,2
dfc9888860bf192cedde21e5e843bc3caad4b74b,0.15545663,0,0,2
5f9e0851da9e74c12e04f5a62cb7aeb1a8ab7589,0.42256933,0,0,2
7d5a61ed64315bd6570c5cb55c1f53853a3fffa5,0.27404073,0,0,2
82152f41ac8a727c2f0042bd555452dc2dda11b1,0.21758051,0,0,2
474a837858a8e7a98316f97e9ed387d0161015f2,0.4704471,0,0,2
39380da86acc717f419da48f070f8cf7d9f9ec94,0.22255951,0,0,2
0e266204f535aa48f74d4f2480b2268c13e26b22,0.16196577,0,0,2
5b7608d1549989d92dd159392c19d9ba8ce0e62e,0.18080609,0,0,2
e79a590e0cdabd93883aca964db2a862ff3f8490,0.026157022,0,0,2
ec4d8a9a6b783f1d5d603d5272c94deb1e7375ef,0.041115854,0,0,2
507451866c98cf9e2ddff1008fc0152935ed9e20,0.45244777,0,1,2
8ac3334a04928faab627aef4daf4ac51c28a95ef,0.5770234,1,1,2
6bb871786e563ed82e2b8d26314c22772808fe5d,0.5444278,1,1,2
633ce604968078151e03363d5c67042af74310e3,0.4833474,0,1,2
18b3437c15d78c54510964728486831822809d9c,0.025474174,0,0,2
d68f7f5f44924ddee14428e16b7458e2878baef2,0.009022624,0,0,2
a48071b0d489420bfdc0c2ed7254d1dba243f700,0.025156517,0,0,2
5637a5204ffd7b77f569ed28f85610eb782a159e,0.32939172,0,0,2
0611710c619e67affe9e3b6471943d0ccdb9da73,0.026744107,0,0,2
ff3492b06299c0a38c029c8d7a524d0027de357f,0.21834058,0,0,2
0343b4fda87161265acf30d5ee61e525e751358d,0.047814053,0,0,2
756ccc935ef2a8f9f48e96f28c7c622ffb3e6627,0.014786485,0,0,2
612236c8a77d5d8c4755e287f682cf06d773a902,0.04127465,0,0,2
f37f4b68f3343e2b8f8d82c40398f975116102f2,0.017122682,0,0,2
0822b4226f31e50ec244d311e56e3446a8e5811f,0.23268245,0,0,2
06b7cd3a31c4565ceb0a127273ef800a3d084caf,0.37372485,0,0,2
04b55bc7ca0b0ac444fdc8ad01acef8172852a8f,0.057813324,0,0,2
54ff33b2ad26e3969cc59d7f2723563dee3e37dc,0.036234632,0,0,2
54e63005446a2b0a4255ba16838122c5808ef886,0.114599645,0,0,2
1a002c67f2d3c198411a62165e53b31d6b414aa3,0.02627491,0,0,2
ec2fa6bd5695b36435cc66ca4cdd8183d077a0cf,0.4657367,0,0,2
52b46e74dd29eb3eb65a593a872fd57694bc154c,0.027722206,0,0,2
59022fb870c2c45a27e00943003c5acdeddaeec3,0.34313786,0,0,2
03fe88ab71cf2eadaa39654786c3fba713742768,0.25319007,0,0,2
a0b798c27a0312df2a110073bd7888993e56d05c,0.21573503,0,0,2
fb7784fa1472b4c55d329aacae672f416e11a703,0.06965061,0,0,2
5fb158cc05a9ec78e31e49abb654e00a7b65721b,0.2643259,0,0,2
f59a674a26d349b7069158023194ad0d7a38a9e4,0.047121536,0,0,2
fad946a1d79486c5118a596e8ac67ef7d5189070,0.1597836,0,0,2
d190655a97c33c886997b9570697f432e7d3a21a,0.3042633,0,0,2
68acbc803e416a38616bc25505cb88dde81af5ca,0.21523185,0,0,2
e8a2c29721d145c52c970049e5469cfb0dcefd87,0.21811885,0,0,2
00fafe772ceb91c9f26d79f5a2f6c3695a141115,0.2863246,0,0,2
31466db6ecd115aa74616e14a75721b45c0f59f9,0.2962911,0,0,2
6d3796e64bdd5f3f4857bfca6982e6ecf98a2b33,0.16705991,0,0,2
131917a0d3303ca2c38fd1d6765b9bed2c23ff89,0.2115924,0,0,2
51512905c31ff19b91fc67b2cb3ddb5b1fa0fd51,0.12999967,0,0,2
56f0e1053c9aa767ffaeee37cf06a6056a221163,0.011845499,0,0,2
04b41e2c97fe5faaf521c2e0581c30e18e2f0c27,0.14736976,0,0,2
84d52919ec3b3c75f28a185ad7cd87603c3cc4cf,0.013603422,0,0,2
18f5f54ca0e78df12586e0750e257058746a5a39,0.015930228,0,0,2
bb76a6848b37cc3f418a370c56f597486618197b,0.023005417,0,0,2
69d4bf883cd7402d13497a40422d20096b2b9aa9,0.1824179,0,0,2
8bb3526317408fba3ae351719feb68703aa5fdbb,0.36027703,0,0,2
b212aa3c6fb91c34a0faccdf783a0a085d40be94,0.17730251,0,0,2
f8b1f6e7456a92b8aeb3e0aa8ef88936873dae00,0.20783001,0,0,2
04a5d83aecc325f87696c83b1a5dba45584ddaa7,0.15396017,0,0,2
c202aa8cec19d80f4671e77370287540a0777b7b,0.33770624,0,0,2
e55aaa5706f031df2e8d68bdf088604c79944246,0.030971428,0,0,2
63374a181393d941c805b6909c2ae5c41159e745,0.14882235,0,0,2
2b15e1f43de16d204a28f72a530abcc24208f4d5,0.3384732,0,0,2
4ceba113050407f10e116df7ecade93b1abcf6fb,0.03541891,0,0,2
5e5ba1b8129fc0d235b149ee699ecb2fdebfd39f,0.35061085,0,0,2
bcc7c0c85878d19735f4eb014e6b17a3c0deb0dc,0.36670884,0,0,2
f3a7cf629c19dc80734b5b6c3933fcc76c8a50a0,0.2830807,0,0,2
a72a5ced53067d3516ffbebf00a633743bbfeb5c,0.31255072,0,0,2
7642423cfa70fc797601afd64ad28ed1609df9d2,0.33075812,0,0,2
04e52eb6155b3cbf5fffc0d52689a3f679e40b19,0.023558665,0,0,2
a1cde6ab707515ae014c2635f9d32ad0ba64e7a0,0.012943566,0,0,2
ff902c15612f2d771483ce6bb06e55609247c34e,0.12481066,0,0,2
3f796bf74666ff9a4a6d31f10dbde4fd5e837d6a,0.40747935,0,0,2
c158713b66856745427f793f14a5dd1fcaf941ee,0.26953197,0,0,2
e8300276291ae634eda52d812e6e8d7cfef2f8eb,0.33788145,0,0,2
fac65b868c549d28b786568636bbc8362d2a78f2,0.36754844,0,0,2
c99a787752770b8952297e24e07bd404cb2f4f74,0.30385637,0,0,2
b877fb9abef4a19eec9cc7329acbd433648b8f7b,0.25661713,0,0,2
2b52dedd56503bf89b28cfbad21f59e3dd4d1d32,0.22424299,0,0,2
bbd1dc343992fde4baaa0309178509dd07eed536,0.07768057,0,0,2
dd5a0e6e1e3edb41afb4b40e4ec2c99e5932e73c,0.032703787,0,0,2
864721d54b8b372808b098e13120abe5c22fb9b1,0.029242838,0,0,2
18b1bc203bdb236bfd9084193aa2d55d4b605139,0.592739,1,1,2
b2c1afce7eb13ea44fc7d25562cc3bb83cc91b2f,0.5782032,1,1,2
5b223744b49d3ceac9608959d2db82bbadb47897,0.4117877,0,1,2
031f6b082ff21cf1138907a7c666d6ff391bfd72,0.3431239,0,1,2
afedbae8aca69a092d65766640361801bf2b5d9b,0.19896132,0,1,2
fd59e545f4f2d697ea7e197f002c5e8eeca27004,0.3643613,0,1,2
3eddcccba7e0361d6e833407320908187b16ac8d,0.37121257,0,1,2
34a5e7fa91aa7ec9e75a16eb6f3d859d794d399e,0.50154346,1,1,2
fbb5d31a581c24e925c442a7754358d2b62a669d,0.37285817,0,1,2
17e65488113a2dbe9894f824f4321a06ee009e02,0.44132942,0,1,2
9625891a7bbc0a8b11f7cf9c2b4650775ec8ac53,0.44898808,0,1,2
13cd4e0ac3ab76a4dc091eda457f9a111727cba2,0.5964292,1,1,2
8ef8e2a7a5326eef6180951207f65d3c29bce419,0.4907562,0,1,2
844b2901fe4049fba29ce8c6961dfa25966974ef,0.2528738,0,0,2
faeaa303b903139f36c15751c8e48ef982222842,0.28270411,0,0,2
5fef9575646f6583fd2d9ee01368b3deefe6ce82,0.32138938,0,0,2
6c687c70a1d5cdbc71c113b7d7402dd89a942849,0.3944864,0,0,2
c049aeeffd41dd9fb8075e719320846c83e5ea91,0.42009962,0,0,2
9bd439b4e0aa69050ef1baa537e552fa4620e5d4,0.43712467,0,0,2
8d6bc0ca625f3a1a98b486541fa613b2fac4b41c,0.058276787,0,0,2
d2fb3b0865a87cc909e4faab7733f993356141e2,0.10437612,0,0,2
10ebb32ce1806821518f52074f0d171fab20b3ea,0.24752998,0,0,2
caaf97ed8804ae3bf6fb17cd98a5814cab834688,0.40550506,0,0,2
ce0c082898e3551d313fb5b73763f399232b3fd5,0.049342323,0,0,2
bd9adbb637a8a4aa5eb61c6fde2c576d0ab3c4fa,0.5158927,1,0,2
e4b7ee81c1773eeb0bb71ca53bf722f046c16a16,0.17838052,0,0,2
aa31bc6c313789c344d715b7c1aeea0cd8de47e2,0.45527187,0,0,2
3899cc6570bd9176c84ad2d5d14febc6c0ddd964,0.2456646,0,0,2
648eebba22d6398a01b0924975bedced8469ac80,0.0986598,0,0,2
8d95ae41975a2307501aa0f4a7eba296c59edce9,0.5081295,1,0,2
1f56bd103d53c8c6ba7502c6586c26be01bfdb80,0.073339604,0,0,2
c7c85ee39892df3ca007c6596c41654865be7e43,0.26408914,0,0,2
c503d742f094dc2048b72c3f78f5e2e6070a44e1,0.3734994,0,0,2
a2d41db55aa46bd4fedb215c978f03e282cf1ffb,0.26842678,0,0,2
5ceb5f57212935386737ef4af0d066e9fd38c5a4,0.36925548,0,0,2
cf6b6d8eb1b524b73cdb74168f3190ab471aa52f,0.23601305,0,0,2
ff8fd9578ee8f66e6f80cd7b9f204767845b7339,0.28574735,0,0,2
ab60f735c721103ac888d8d7b801055921336687,0.05484024,0,0,2
a2660687980b36003a612eb89b40d6fdecb4b153,0.037971072,0,0,2
b3c31a379e9ad7cd22cb7f0669b82361ced84992,0.2347011,0,0,2
204ed0048f4812201ef65c9a0c44fa54a7d1e04f,0.17400597,0,0,2
103b64a373256feae6ca85f2bf220e7694e48fa4,0.4513955,0,0,2
9c506279188a90dbbe124386cc52016682d17b5c,0.21389914,0,0,2
8eace0187ea2c0c1a6e3a5b5e24e701f6e23ae94,0.03711191,0,0,2
72bbbbc559992e5e6bf17279d8194aaa80c62e85,0.42601964,0,0,2
feb7ba55120feb5e3ad3f526fae7dee1b5189d9e,0.46578485,0,0,2
bdb074610c87a210ea4c0d91d579cb4558f4b19f,0.6312542,1,0,2
64d820bffae723b9c8669301b246ae199db61b5c,0.47554812,0,0,2
d58d64ddb1f205a54c7eb57fe0cbec9c59cad8d6,0.226781,0,0,2
d962a2b31c9a7216c2df557eaed3e475b13939f1,0.034277055,0,0,2
db6f7c1d74ba64211221a69cfa9fe7171a9199e8,0.40002617,0,0,2
1eecfc948bf6f4cbb9a2481313ca7368ec653056,0.11549679,0,0,2
ac5a216f767c6defa4da720c6ecb3baa05e30254,0.051068444,0,0,2
d9a2c69a9d1db6072e1d7b7ea4fcbd5c15d20b5d,0.12711114,0,0,2
d0f6be9886afaee6080cd4b7cd5d165c767b71f0,0.024602855,0,0,2
8ac857c41ec8ae02e57eb0c1c1a012525e7e14b9,0.27822405,0,0,2
10d2363fcdd6e15568f765ba0dfd5f0cfa0b04eb,0.43871886,0,0,2
8232c096cef785a2ba88a7324b882a7badb0af44,0.327306,0,0,2
5f4249e2ec8cccb17b27a7ffd032c4fc237a6927,0.35144788,0,0,2
86a59601b570585dcb7a1ce3d1ccc8e16008f53a,0.091907844,0,0,2
809e2bed22f02264e0ac58bba070f6d84386cfc5,0.40266412,0,0,2
6423a7665516d738ae50d272e3b4ca72cdb89a9d,0.25813085,0,0,2
8274993e293a79fc75829df398233915a6387a4b,0.4759481,0,0,2
e2dbe55d56bd6c1209276050f527d36717e33e1d,0.24843398,0,0,2
10325422e5a4735aa87a4d47bdb377e09fe963d2,0.52908504,1,0,2
a069c490e8119189fa2b43d3b597b79b3d42a367,0.37486407,0,0,2
a945ecbbdda782b51d5c2c670345fbf4dffacab7,0.063868016,0,0,2
e4c72a5522aabfa6a660088aa9262d849756e464,0.05166252,0,0,2
0095d8adf26b9469115b1be0358cb09d1fcb5fd4,0.12095195,0,0,2
151f2cd3d80c006f4ec228cdf610c3a35feb195d,0.06368994,0,0,2
33884b226454324f27700f9069f4702b44ef8ced,0.4067092,0,0,2
23108b1bd90de315aed37fa3fc1f38f8a56ab9ba,0.018489866,0,0,2
d6644e4fbe3d125eed2d85e58fc7133466042f10,0.41424403,0,0,2
dc53e49b4afa5d59c533cf2b4918402c37411fbd,0.25071195,0,0,2
f9cab271b3bc8c2fb6e2c51449ad3bc07e62e174,0.37405786,0,0,2
383bc8eefae7e17d0bb0349ab2300488c655ec42,0.3988893,0,0,2
eafeca43268f16aa9d4a179e44b9e7747699c1eb,0.53961253,1,0,2
4733cb5b798cd72aed82a9118648b4a86c91539f,0.40433684,0,0,2
9f89fd4626bbb4e34a905835e397bcffbad59307,0.02399997,0,0,2
2dd459003e19e4bbc2811b10d38337f295fc5a19,0.14083941,0,0,2
8d601ab71228f7c3dff950540e7ee6e4043e9053,0.2605752,0,0,2
0f6a292a29fedd49741310cd517ac4ba907bf8d4,0.32128856,0,0,2
011775551ef75d75f81189eb4604fd0f2ed424ba,0.33562568,0,0,2
695342cb1cef42f30fd1a8496f181c92b21ae82d,0.33025572,0,0,2
c14890f08b9bb47ab8ad27f4dd4c714e32961d0d,0.26111954,0,0,2
f3d2d55ab9b783af65f2050272cd0318a9ad23a2,0.028247193,0,0,2
c0771cbc3c445a9d1d2a43ac4ce3c0edbc806957,0.27473214,0,0,2
3aface95813003ff75505e2ed7d75b072228d3f8,0.099865235,0,0,2
2c437a12bbc578442daaef85ab486d1e55763853,0.34237215,0,0,2
ab0570e63aae3027239dcd5d22caab95111a5de8,0.060420994,0,0,2
f015fb2b31a5621689a57ce9d2d300e5f32357e1,0.36411178,0,0,2
cf950e7365848130c5c2d57c871652e6f83e96a8,0.17785406,0,0,2
e6b830bf95f712672cb9e77cd852606cd134c5fc,0.2986155,0,0,2
09c52410e62b0e1e221d413d7ab18feefcca6bf7,0.27550265,0,0,2
9dcd87f9c46786f3da54af7ac1ba4696840dffa8,0.26218125,0,0,2
f55530a2ffd3c481f6554d98e9d73f2e8c62ec8d,0.29538357,0,0,2
dfd69e038cc7035031d1807c4ade870d2a7e2ece,0.2571177,0,0,2
a49ea7a65b7990b3e6e625bc8bfff7396ee49300,0.10000342,0,0,2
41bc4cd029fc486b5570ec344cdeae049bbca860,0.14920223,0,0,2
51b2cabf2c3737de06fc889b39d40240d1b134c2,0.036828317,0,0,2
8a05e0b0f640289c32f2f261f35450532cc2a1aa,0.2507325,0,0,2
2cd3f0f10a797b744509903b8eca4fd2fd4ed6f6,0.3992857,0,0,2
8c1a0d2ee1433681958809b4a0fede65f62936e6,0.21687013,0,0,2
a08ec31dbf212a033953dc6916a743dccbb93e37,0.04315148,0,0,2
795fe5d869594bde53f8490d75eedef6185b6c37,0.28369328,0,0,2
5556118ad13fbb80a56d7b8de6f960e9ff8255b8,0.34079725,0,0,2
f643b4fa939e89348618ddffae20a804f4461363,0.020792903,0,0,2
bd5cc81ed7f91865aee7a5a7febeb237220d0c5a,0.011380743,0,0,2
657704627b297a19a693645cf03c5c70ccd9a8bd,0.41985175,0,0,2
363cbf7908cfcc6a538126bcccf5c955afda6aa1,0.06010022,0,0,2
c636539836ecb541d9ef71f2d347772cf9f6bc52,0.21925779,0,0,2
7cf5e01c2a152a0b612cb19e02213879a57c14d2,0.38634902,0,0,2
e8d861359ade336badcac3211e5aa447097479a6,0.036883786,0,0,2
044367419dd317eb9f9935d8360280b8b8695462,0.38003346,0,0,2
86a082e8be8c51f07079ded82d6d125c9efc1791,0.4332878,0,0,2
ab25f67348d4885620df86497889c1826f013a73,0.59164584,1,0,2
07811434b773b6e1737fe7dd3775aeab8afb18b8,0.09690986,0,0,2
5bdf0a938adb384bfdb6cc494a2781e2ac33b0ea,0.22429843,0,0,2
30c85ad05363767deeefee577063c2c432b971d4,0.3951684,0,0,2
1661e5519c4836a5a940b13b7797263443156fc9,0.36256832,0,0,2
a64153a3710c5035988690f0acf57dd61b711cf4,0.5713711,1,0,2
954ade4c1ae2adc0aaac3a1dbe800495c519520c,0.43229133,0,0,2
4bd982d1a1df87724682c17c39bf27b5cbe389be,0.22524913,0,0,2
a6443e146f825291308319c6a0f2eb82aa34f8c3,0.061185103,0,0,2
914844e1b226a1ac7ba45626ecfdfb56e7b2e263,0.07472102,0,0,2
98fa164cd88d126d0f137f5bcb4a1d180e0c2fc4,0.3990751,0,0,2
c79e6fb8f95bb07d2394221b29b75fcc016f4900,0.45096105,0,0,2
6597c196521af500feef7a02610727eafa7ec1dc,0.011263928,0,0,2
4670a941be92a55fbaaa3b4055d444e07ffcadb0,0.4349175,0,0,2
cde4c529034e182a982fd842252ec410d213c34c,0.5209492,1,0,2
b5f5449cf338376d12404d0190054525987f4276,0.43647212,0,0,2
721a6e59f7e4f5c0f3196d3eb0e81cab5e41d065,0.32705978,0,0,2
c7c424fb9c3a39b6ea036242e44cdca324f7d104,0.3158287,0,0,2
a8f41ec97d139f5d0d7cf161e8484f2bb809facc,0.2638941,0,0,2
0181c8059c081d144cad36d003379bd50fcd9da7,0.504046,1,0,2
90f0a680adf3eaa95e46e96d28ecd6848c74bfdd,0.050481275,0,0,2
12e597a78cbf9d82414b944a5b285d81a2e27e51,0.5268184,1,0,2
b45435c950e6f6864671bdffde29e26cdc8ce15b,0.32135117,0,0,2
4259a706ab8641f408afc3ce224b1c0ba5a43d17,0.14389583,0,0,2
f0f896ee600ea7ff66c083747f370453b914be48,0.16350849,0,0,2
5482ce61b003726a9476c76a4337e043af4318c0,0.22903205,0,0,2
31a9fa0cce769c976d74cdcb6e6ce8831793db7b,0.31585908,0,0,2
1a20867d01ef8ee5b32b0620125b7c38a10b80c5,0.22492743,0,0,2
1731949116a7278f2b729cbb9e505580c8f56980,0.57981986,1,0,2
b521820b23c45fd068618d10955eceed48801eff,0.046786625,0,0,2
661d16d190708a1a396d8b75ba10738e4574c11d,0.4235616,0,0,2
3c2673e82d33b6c9bef3005a896e5b0d52b108dd,0.40564147,0,0,2
99900ae089cf996bc969f0673349c06c2e6fbf1d,0.44514218,0,0,2
811dbe7226ba0ede04c2062c2dba8f72a1c03e58,0.5103313,1,0,2
9f7d03f09172afcf0a7be40e3262d151ef053b3c,0.0212253,0,0,2
3c89994355f3574078c832b2dcacba0e65e87ed1,0.3668473,0,0,2
d547412bbd2a1ca56769a2bfa13b7ed9547310ca,0.37645277,0,0,2
d3146a545612422d3f8078f10afa00342b327199,0.027074035,0,0,2
8f54030347e31e0b1492fe874a1f1b67b89b836a,0.28766343,0,0,2
f059e5f7fa1ac4a906b5d2e18d72d410bf28fa2d,0.23500946,0,0,2
a5e76ebc404d419651c2a25b1a62199de64cccf5,0.3607978,0,0,2
a91f76da21faf4e8b70f0f69c6db2521409e7d29,0.42316943,0,0,2
5a52446090a67b9b04b67a0b7aec94e73bd21930,0.35856304,0,0,2
82cc24437f43d07880d8883229477735431e5d02,0.3701441,0,0,2
859224ffadb79147088840732236c1fad341d842,0.36080277,0,0,2
314b6b56bec4af56dba667d66a25c1613f4bc800,0.31854308,0,0,2
8cafd87c83f4197f7e8d14de8cba453c844266c0,0.47424427,0,0,2
a060733e63a9cc476342ca190d04ad027a241d33,0.066778705,0,0,2
e685d847b4c70e354e47ea3990cefda3265aa5c6,0.13618213,0,0,2
c8e648b92cc133a604b5e1f4da1ced943788e64b,0.530403,1,0,2
ece2f255eed8ad9eff6e236152de65e804c6adb5,0.5856165,1,0,2
9766e22b42b7b3f3923cb9c2502dfc2dd5d0a5b0,0.2108023,0,0,2
776b86e99a1ce18a5093db457109807b766d49c1,0.22417189,0,0,2
e1bc286245ce5f798b5312d65bba64c71921a3f4,0.20583798,0,0,2
585b1cb97b4b9e81b55d68e04b6c1e1195058a8f,0.22128971,0,0,2
7587431987258e94748d5f2fda1e6ca049a21600,0.28744134,0,0,2
53def501409cd1f9e20ac43edba6f2949bb366c8,0.23020577,0,0,2
7c19a1ff4c217f03c0be62baf1169d689f566825,0.39555055,0,0,2
8cfc1b1207577943d412789765a3a2085f1b3036,0.2285362,0,0,2
577f7b3b5462fdf84c0956a3bec5296bf7821677,0.32206532,0,0,2
65b08c4f91a4e5d78eb645b46d06d7a46f8c62dd,0.36280936,0,0,2
0344ca3f2d43e3732bf16370262303be8761a523,0.5124018,1,0,2
c68285bb3392665827595ac408a5fad828b0351f,0.20419683,0,0,2
18e692478dcf91fdceb9b9fdca7c61a1111d63aa,0.46309185,0,0,2
f2d8493ac44995170ff84bb895e3a73e0127cc68,0.031192342,0,0,2
f5ebb9a649e9dd0773f9bd3457d6ce1895266d59,0.11105391,0,0,2
3e08af573f8b50da5202f55df62c925f88a47f3d,0.37436748,0,0,2
cc94767e7eabdfcf9d1cab1d8d1d8556864394c6,0.29165193,0,0,2
d6ad3f01574b839670d4ea5cf82a601eee7e0c16,0.059751816,0,0,2
a2dce32cdab108e7e281dfc27dd0a394e1419ce1,0.017916389,0,0,2
fdf05fa29babe21e64f9a5b268dc8406d449d4f1,0.27397284,0,0,2
0b70b01a9f1d9664bb5eac737175f58f06979b60,0.3109201,0,0,2
7076b7408f06bc8a277f58e7bb6c2ec3372d5d6f,0.26229975,0,0,2
cc6beb2d05347fba64d933906ae2b712b1a43302,0.371639,0,0,2
c7554151d3f695718a5bd431e22c7f4c39a0b261,0.45469126,0,0,2
ae862ae116f2056421ab8d6e997e7b64a95828a5,0.36109105,0,0,2
d65b9d2bed09847ef28b9ceb30c9f8a96e0c12fe,0.27179074,0,0,2
36217ee164239391c672fdfc8f5bd080beab5c4b,0.017793054,0,0,2
44854912194177d67cdfa1dc765ba684eb013a4c,0.028975047,0,0,2
fd60085a2a3891ab6db46dd3b75e9dd67a7c734a,0.17644905,0,0,2
f4bfd9c71f51fb541d0fd203f0df2e609632dc62,0.25934395,0,0,2
3b6867fc25b5dbf27925fdced660553ea8289dda,0.036704432,0,0,2
ed94e5a5cce33af89dc1b1475204734b17f64bb0,0.2793555,0,0,2
87eff4c78fac85c1b5f2309887f6be5fa2972537,0.40076983,0,0,2
732ea5e94fdf8fef42b5c21d001983fb24d2842a,0.41241065,0,0,2
09d70ce73dd37544c92621eecb7faf062fccbd5b,0.06781732,0,0,2
060e66bf995177adfc4d73a2a4c9bea70dc5e441,0.51128566,1,0,2
9a7de3974d64a5410e577933e141797928adca71,0.51757294,1,0,2
1e9e36640f762d29c07d8322c361ece163b179fb,0.28291276,0,0,2
c56b87d6efe530590b6d9a07e41ca00af208ce37,0.33849636,0,0,2
07f3694a5c85ff5ee8c556817c0d2ea3504f26f7,0.033903576,0,0,2
5cb988334179b4f04a27c59c1e6a888db0dbfc9c,0.49872974,0,0,2
713c77ceda21d0c3cc9c213341259d64fb46fdc7,0.08001442,0,0,2
729bcc46b503c1574c7c93a65e902f436b4ec6ec,0.06118712,0,0,2
6ea2fc8d38e035bafaa92c7d3b007be38c2e9000,0.04902762,0,0,2
95fce758b0e12837869cae450d8029d7237b0dbb,0.07017538,0,0,2
6ce88517b3af6d48c979b6e984889b69c044561c,0.26124159,0,0,2
b52c69b1b0ba1c542b917247f1f76deb4ce2a42d,0.17156774,0,0,2
125cfb4cab35daebe874a599877d6280b464212b,0.62994826,1,0,2
6f03c0ce11db4a270124b9bf93338d3db9fccf5c,0.44598606,0,0,2
96a1a31d734e663af5c9bcda58c7bb5870e8a363,0.34965497,0,0,2
7aad59482002d0b4bc3546259d33eab20ce76b9e,0.32513827,0,0,2
c1ffdbab58712cca8463b3edc88f9d5a09b0ca9c,0.5631441,1,0,2
758228f691b34c97f421ed92336772531495e0cc,0.3021986,0,0,2
a26c66a8edcf029ca5f94354cee0db267e9ccc20,0.35950038,0,0,2
8dae1f2904b93127f101bd36c1c79e801385a8f7,0.042831197,0,0,2
4f928504ea91c3c1dd43ce696acadf76624240a1,0.13894357,0,0,2
22c30471564c730b02f5f7cedec28fcfe5749fc6,0.18129893,0,0,2
10122741eac52e218771f30c6dc2c0aca54ff006,0.3569677,0,0,2
e863dcb2e7a654af6b8eb5865d8d1d8eee0a6d28,0.2854634,0,1,2
d8ec011d770e1e04ef4f87fba673f3748f363278,0.6860609,1,1,2
f7cbda67518ed7335566ebf942cd170a66746096,0.5710563,1,1,2
7d061e33e59e23dc4b03378f35f50a7d70f033b3,0.4135781,0,1,2
49a876cb1c2a49583b9184ab58a579ac75525986,0.45008507,0,1,2
6dfc3e64037f10b84fe203415e79e2435acff558,0.38548887,0,1,2
5fb74a6618da0ca8b12a3346038164913a5d27d5,0.37644404,0,1,2
f5a9effebd7209f3fa5385f18a5e59e8a09122f2,0.49293256,0,1,2
c614fbcc79615f93d2c60a153db6e82d7474c425,0.46117094,0,1,2
d575057852ab2be41abb39b8de69a35cace5c67d,0.47021672,0,1,2
c8e61afdb89c58ea8ffaf04593da41ff0888d30e,0.26952383,0,1,2
c3b1fefbad0c67c8556ba6b4573f135197f87598,0.34035465,0,1,2
60412131f3679b720bcaaaf3dea4be666cefea7a,0.40738073,0,1,2
2ce40494073aa4e9bdcba4c39d24727b7141d227,0.48705858,0,1,2
2e9f3a80146262511ca7bcdd3411f095dff4951d,0.41140416,0,1,2
2c0429aabd2632c8c6a242e4a23d5eb6f46035c0,0.31411874,0,1,2
bb3fe2a37975920d1c7b9cf16309d86fe86e1a35,0.5339274,1,1,2
cb686673a70a6f14c35575550c48c37d19a1598b,0.4683699,0,1,2
357fe1378889e5934e8f60c8d35397bf63871991,0.3758593,0,1,2
9c886bd4a188c91301029040b3a839e4b8e2812d,0.4556137,0,1,2
8b62c114cfc5fd347bd8cb5a391fdfa8cb539435,0.40929046,0,1,2
56b7ae44f957aeb884efc797ec74c790a7a3abae,0.46374232,0,1,2
17f9d22f334c91e701808808170bf60aae7342f9,0.521277,1,1,2
9901bf98e4921df1c85e323c4b096b7feb80221e,0.3610484,0,1,2
aff0fae2ec3a7d74356776c183c6986eb9eed520,0.33698028,0,1,2
1415c9a2a6317dbdca6f1fbb530db1f558d9bef5,0.46016282,0,1,2
e51bd89201477092c32c180e4f8d00569db17ac1,0.29693756,0,1,2
efba54d35fa094de5e580b200a8607bfc7bd5a7a,0.45256454,0,1,2
58a8f12b443d7cbc16ec00b8841138ee55ee6630,0.33951002,0,1,2
e7d16c27629722a93a9d36a0b5e0a3a793850544,0.02588731,0,0,2
3fadfdd69f4682f05563ce53e55743f55813f488,0.28830433,0,0,2
bcc4f82a7aca3fe72142bd8d9ab3ac6c9d4d2767,0.34157056,0,0,2
54acb6e10f33d5f71770323e9769d2dcc1130a86,0.42137337,0,0,2
bd4066eba88a772c06394d818d87aedca8bea53c,0.042121533,0,0,2
09ef69c5b51115300da6df43690cd455d83c8027,0.029249005,0,0,2
a5391bb34cbe168f2c5f5f6e8fc3a1eeb9399e13,0.3213814,0,0,2
96cb498f9bb88b534e49f9b8301c9fe7113b2dfe,0.052100867,0,0,2
f4a262df5204221184f1f5008b06957868684a25,0.3142604,0,0,2
81ee0d062c888d8f8bcbc154cd7f0143710f458c,0.37257314,0,0,2
4aa4291ffc143486757617b743c9670001f8a7cd,0.036444064,0,0,2
ae6a24dd439a7b778e35b484a3a6eae1a8eb64d7,0.02349103,0,0,2
9379d0d36acdf78455e81518b3b1476c7691f056,0.045784425,0,0,2
2521d9619fe1f052ced8ea1107851ac98a1b7488,0.022008795,0,0,2
7721302ae5d70d2986d74ae7e7df648bf849997d,0.05810342,0,0,2
1cec9a6fe588c047daa6c711814453840405561b,0.305288,0,0,2
a36c903d4f1065bc59f5e6d2bb0f9d92a5e71d83,0.03309257,0,0,2
08aa21f9217df0a28d48be5be5db03ddf4867140,0.27928668,0,0,2
4f4e2b064e98ce1abce98428965f8eed86f4543e,0.13627313,0,0,2
2a11642511a3c69bac5aa1abd83d3219871395e3,0.10364348,0,0,2
ce178d8e87ff6f9a12aea4b217c1e09254936236,0.31270015,0,0,2
9fb4f47f352dc1c1f5f20de80840d39e1eebb985,0.37125424,0,0,2
762641dcdbae9456aa2b72ec8fa1baa0acab942f,0.028027322,0,0,2
47a9ea7c828772625b9e26c0c7a6db494ea626a3,0.029749589,0,0,2
9d090d40ef488c6c8e0784da877b93a05034e339,0.041457336,0,0,2
e7e48da660e17bbe5c0f8959c2cb9f6d60555cab,0.023204358,0,0,2
5d369c4fc53a2ef5c47f16eced9fe917a87146a9,0.46321377,0,0,2
558f84322cefd02246c49666d7e7a3b2e2cddc13,0.028386181,0,0,2
b0580d508bdee2903f05d95d59e6e9a1dc9d710f,0.058614757,0,0,2
32155107dd982360e813d10d0c76f6f7cc2cc7bd,0.054273304,0,0,2
596afd4f5a73c7fc756d9bdc12c6613856ca27aa,0.11975878,0,0,2
7f0046cf4e2161f0145e0e59a1b9684b04061916,0.14550999,0,0,2
1f5e68b5612053cf35b31a13c8b5e8341d892f93,0.015445436,0,0,2
b236d5259f95b755aa5e1d955c8f835312047d77,0.06599953,0,0,2
8fe95aaec201acc964ffca80954e60f7c57d7413,0.04176567,0,0,2
d5b16405c77037e37bd180843c1eba79117da7a6,0.016790953,0,0,2
d3aa5b77428d77f5954e30b14e7385c15f6f398b,0.02223953,0,0,2
83119a80aa1551bea003ea6b9e65b616b7795246,0.01820929,0,0,2
c4de3dd2bb8afb3323fc3aaf394a463aa4222768,0.05336933,0,0,2
f7f4b909d0961528c9b02ca5492b2a57a8df8bbe,0.02087837,0,0,2
bb3d861fcde210e45f3d3ac59d8ee6e1e4086cb9,0.026316471,0,0,2
1e6dceb8ccfd2c97379f78066ef4ad2b9a17b1d5,0.28882796,0,0,2
361b73775230d91b4ad9ed588d6d57f3a049e907,0.02161869,0,0,2
9a2f53d2d56fc58617f2bc7e8ce7f488dd05d47f,0.026880598,0,0,2
6ee118d2a12a4c0bde2c5b828e05ea9b18d4be2d,0.022628319,0,0,2
eef240cfdf77df4d3ec55c2f03dc52112dea7553,0.33741626,0,0,2
0ba5e75432717181296459b9bdc98f9cc3cb2c7d,0.30526447,0,0,2
5d83e4deb81aa7e06e4587809642e70ef9a03662,0.12569392,0,0,2
c635393fb9996ec9d33b32ca27a720d6d5593255,0.024114214,0,0,2
cf4d2789901be233792839384ba76b94dbd25888,0.14047097,0,0,2
46a1c86ab3f4e2068023a1faf1c704443f3f36e9,0.034979623,0,0,2
d31ea317a5fa6cac0e281bf0aec5367ebe45a217,0.083622195,0,0,2
88564caa20e4bee55287b258543cab35e9d3adf6,0.49037457,0,0,2
9f0af0bfee5a92e67ee54c185f49fb7c771c15ff,0.33231294,0,0,2
05f3b74fd581ea5f8946c64edcb293747b4d9a71,0.039316453,0,0,2
43e4df85bda71ca1500112912a83d3ed19868c4c,0.031272393,0,0,2
8283d966f47280f682a1407d499346a383d1b1a5,0.02913425,0,0,2
5878adfaf37ce37e6988956e4cd5c833c6ec61be,0.02996679,0,0,2
ace5ba00f7067d517a35713f439344f24144fb79,0.022439908,0,0,2
67e443370e06288fb2702d62c0206221413ab852,0.054941427,0,0,2
9687cf07f34bbf5f67c17e75cadd287b9f6662cb,0.0086861085,0,0,2
94cfd56bd9092e0fd8579120630dba0c857b7777,0.34649917,0,0,2
077913c7e9eb8e4cf8863b7545bf53c2923066cc,0.0717656,0,0,2
fbb81a37f80fab1d1e21435782e034eade76114d,0.3512873,0,0,2
278eed3e1f7cfef2d39a25aba53f4478c3ad8c58,0.05057274,0,0,2
73dcea01b19ed9fc9c0d5a8c38e752bfe071c801,0.12842202,0,0,2
54bbca89040ed195b89478713fa4a181cb2bca3d,0.015461636,0,0,2
1fe64733a2a28b795bddb152e9adf7489b6ea7c2,0.3993349,0,0,2
1194c69fb122709872fd634ae9890cecd1d83e90,0.4482484,0,0,2
709aa7bf9c998cc75f6e0be7d258aa5a07ebce8b,0.053021148,0,0,2
cdacd4a987755572bd4d6d328b371644ac07ecd2,0.09100894,0,0,2
ee7ed6e655c08774387f9ee60ce11b84d7901cd1,0.30336165,0,0,2
edd64cfd822ae2ca2faa8dc1c73edc38a6e19f0f,0.01546777,0,0,2
ed085d064c0f80b0bcf382550d10fe6b6fc9f283,0.028516686,0,0,2
4a025d3f8e31bc3e944399990b3a4baedb90e630,0.02827532,0,0,2
157aa8daebcc6a464cfb350de346cc550ac13d15,0.15526684,0,0,2
0dee0324f694b1e035b9c3dcc6923278defe1d3e,0.087383136,0,0,2
136b96c803ce4353f2cca2b24171ddbe74345fe6,0.028314076,0,0,2
99c63edb10e945d466dafcbacbb6fe930f2a31ec,0.31850764,0,0,2
1c8fbeaec2ee80d45b78742d63aeec0c9d0c4e9a,0.39858213,0,0,2
b1162d812eebc9298b7fd62eac1dac119ae5f271,0.24093974,0,0,2
125c820e8d43df150ac09c9da5b38dcc1ea6e03e,0.15867856,0,0,2
680752e1414c07fe4357d5b6fe3052f3d9dfa374,0.035338353,0,0,2
f36d6870f2e1feef7f1d6fffeda056fa72c051f5,0.023953483,0,0,2
62e69cf4f2fcb3ad8bdc44f75f8a9e3e20ca7337,0.03231908,0,0,2
7df57879c92a467cd71860e6cfe14a04a49fd031,0.26808438,0,0,2
fe63f95fbff43495e57ebc37350798dee024cf9a,0.0364183,0,0,2
719d0c56036111d07c46ab5b0f379f62f14ecdc6,0.046852663,0,0,2
4951344fb2ce246e0cc5a2dff90d24cea6eb3a75,0.15151283,0,0,2
c151913ae25d55814c40b7f922886d52c7086787,0.18803306,0,0,2
ba1e716261e055f84baa9a47f9ae2ba959d54390,0.31588292,0,0,2
894fd838fb695d794fbd28cc66c82b80a9688c91,0.3439788,0,0,2
ed7710f41c594c030188917cc773adbb6107383d,0.20736751,0,0,2
11ddae0a3570fdeaa421e4e378ae14bc173598ba,0.27675527,0,0,2
9e8b370391f5b3e71cc349a2ff556d8a3cdf1232,0.21608785,0,0,2
15ee56bd0f91ef807a3e729ab3410a834ef3fcef,0.28330144,0,0,2
72784c46f6a7d7644398db5c7ac8bd3822c523d4,0.43072602,0,0,2
90559c49bae582697906598c735385c19daa6da6,0.30252174,0,0,2
b34856498ed290a4883b077db0d4df2991ba190f,0.29855594,0,0,2
8cc80dd1a449f98924ca9e74970b35f940d43800,0.24481176,0,0,2
84a844af5d30ea41750071dc8140a56e9e146bc8,0.023488766,0,0,2
6f95e26fc92e929fde30d592e7572493d360ea3d,0.067817576,0,0,2
fc3d530961ce4f23fd2c8310f82d6d1fdaae6c16,0.28543845,0,0,2
53c08a37ef81ed2aa3ab57f5933ebbc5db68328b,0.31115994,0,0,2
bd861c0d8009bbd51137bb97d15d5aeb8902eb2f,0.219505,0,0,2
584a10fda56263ec0ed555f9866a1a82851a83b0,0.2958229,0,0,2
aa0c114ac9636012a941ebee49d69cbd6f6291e6,0.4248458,0,0,2
bae09b4838de43ab6a8be25ee25d0d11f0fe7477,0.25025818,0,0,2
4d8331ef9c3993ae1d3c091a758b24cb9a037fe4,0.054823004,0,0,2
1d1cb74151d6fa0272d607d06ffb85ff4a50e972,0.32480168,0,0,2
6602d00afa7a5f32218784dc54975cae5540a255,0.04991624,0,0,2
cd78c96d225752e3656a2f1a302298370b55a4c9,0.06044433,0,0,2
f27cca133f9a28899e00488ef56b2f8a2700a68e,0.034751914,0,0,2
3fe52d0cd85c01eadc44933df5596d177c3ecebb,0.13848354,0,0,2
81d1982c3cbf56f77e2edf3f063ff84e6e748549,0.2961773,0,0,2
e32f477085a9b6f658463bbbf355405980c515bb,0.18763758,0,0,2
7419cdb1fbff1096edca78bc5db34f7fdb3b7342,0.0543852,0,0,2
ce1f9e29288cdef4fc295ec2d5b4f846f0b732d3,0.27293652,0,0,2
60a8028d22b88ee2f2d7cf7657ed35f4046efe79,0.36928686,0,0,2
c779a5ddb807f1a84e1e6a5e43a0f1296dd565cf,0.02323277,0,0,2
c2bfafd4bb8ed95e30dce29e65a9afce26a7d860,0.18300821,0,0,2
e48157a0de54d6b82137d62dde9cdbb4bf5c6f40,0.02502063,0,0,2
6d908d014c25ef3da000789dd56de0b6e7c9ea8e,0.048245147,0,0,2
5bef000847001240749e50239a25ea69485c849b,0.18297186,0,0,2
82c1bee3f786f96fda51243f4cc6d50995bd90b6,0.40897694,0,0,2
5f84693e1db2c35b9b797614e17136655c433335,0.02032545,0,0,2
dc8138a8a9b022d156c4d04b2491b269661db396,0.008964854,0,0,2
233746d8fdb7e71a63b5cddb55421eec87bbcc4f,0.37860996,0,0,2
84daf6aee0175303801e710dd2d326ce252d2f88,0.43442285,0,0,2
6df343df2635e7e0518a09c374532ebf22a30529,0.024689963,0,0,2
6cf4249650d72cf21ae3addacb5202089923ad91,0.035207078,0,0,2
d990feb36764cda778e6b4ce9469654229ac716f,0.056827202,0,0,2
393fa5df9262c339e004e061809c73d7637a909b,0.08056882,0,0,2
59899e1c820cd3fb8789b9cf8648b269b97763be,0.02161295,0,0,2
2ddd54a7ddfead528f2b1de92dc8dd16be7f5f89,0.31469434,0,0,2
c7599fd2a84b3d58473fd16c5df4034a8658e925,0.023056187,0,0,2
82b547ad25147df44f27a3534a5b618755217378,0.050449066,0,0,2
62e56cd3884d224e42cc8b449ef631a0909a19a3,0.020878814,0,0,2
a85fe84ce63f873b760e311f27ec42e05f1b3f42,0.3729321,0,0,2
0a114bbdb01548a69c7a8c155bbdef7785ecb389,0.0588272,0,0,2
5310e25a6cb79eafb21408fabd744f9a76c2a020,0.10415142,0,0,2
8834c8e380b7278fc37a4e6b80a9198a895d8280,0.05755318,0,0,2
b9284992ea3c8c484893517ee9df3b2274296959,0.19149326,0,0,2
939527bcc5b80a1788d876d7e47fb45d71d21424,0.26293746,0,0,2
26e77ea86294f5a9aa929f9acf7dd76a046453bd,0.2422755,0,0,2
3adcd2103d1be4feca870536e8f7a7549f6d492c,0.2524244,0,0,2
2edb7a20f3856723fc715f7c72e10e72ea7df385,0.34648094,0,0,2
9843210e5755d2584efd3496d59e50e721187842,0.20554139,0,0,2
e6cde856d76935ce2ca5323579d2557f5412c774,0.28049496,0,0,2
c460996e75df489d6bbcb732763c10d01e62516f,0.40157297,0,0,2
115198b9c94bc66c7a659a04d0e2f65959ce9297,0.24382862,0,0,2
276552d5e73525cdd29d9e809659d35f34c5250e,0.16775467,0,0,2
c0e4ebfbb0f8c38ef672394015f47fd72ba06cda,0.14310709,0,0,2
c61154272699761265a1f2e5282ff1bdaf714b6a,0.27765015,0,0,2
f0b18d27f01492af6874baa8415ad17511eb5d4b,0.08250412,0,0,2
45a0337e1d9d23126dcaeff9c0ad96c5b4011957,0.3238848,0,0,2
90f4139bf75c94aa1ed62c5f64c3ffd78a1441d2,0.41128683,0,0,2
67c51ed7ef1d7acc4010e45eaf8088bd91cb702d,0.26067442,0,0,2
9acc3e824e2efa2e496df8458d207b5fb5722e6d,0.15276304,0,0,2
9dbf8388c5bfa0c7beb15e835b3a5e6fc74ecbf8,0.3843715,0,0,2
f30855735a40daaffda15794d7abbc6ab8c699d8,0.20695694,0,0,2
39513f9142cb82b84181a11905b3866a49d5a3c0,0.20884152,0,0,2
289e7a769ec9ab110f85848b281c4c143ba84e57,0.2211639,0,0,2
930015a137f6bc34127d7646b36d0550842fedfb,0.21435802,0,0,2
a270ff62852e62b5ac0f943a7e57292a72b77271,0.22484767,0,0,2
9f0d58985f4588981eefaca0408e767eff1bef73,0.15307982,0,0,2
8f346f9f1263b2fd5923abc0956134df15fd9325,0.12993234,0,0,2
ee851e403b5ab4b6b33713b08f9568e966ace052,0.22174045,0,0,2
55e8eac25d81f07bebb16d812c97edaf1393083f,0.22427228,0,0,2
c8bdf60d1d0be609094e14054be0b9af0fb05521,0.20019911,0,0,2
9d4f2ba886b003980f2c37a4de7a3e6c3c701820,0.21483114,0,0,2
8713af90d540e7bb01f8ba1fd99f6c04e41a7433,0.2022671,0,0,2
eed8a7adb3de7441751e846f4a75d110dd205f23,0.15898992,0,0,2
b9e2a97758ba6c007fcda160c4d8b0528bdbfebd,0.18483461,0,0,2
07de4dd578727555bb94ed421498f455838b317d,0.2938785,0,0,2
641aa1c663ebead0189bf001a06ee56463070ddb,0.2734399,0,0,2
b9522976f462687b0693b7229ba5c7faee0cb74b,0.23937048,0,0,2
2fd2a76110af7ae07712af01708cc00310af64ef,0.18651237,0,0,2
5723ce72d04c8ff7af8f245518cc48291701db0d,0.27264047,0,0,2
611c73889b772dab7315c952902d5c649635126b,0.26220834,0,0,2
b5b45d3260bc83d2432566dfbf22f0897240bece,0.21390985,0,0,2
22daa5f1dd4396e94224841b3bf0e9f226e86695,0.34138265,0,0,2
4a9bcd0f5211c91c4c2f47313c8f8013d0dfe03e,0.19949156,0,0,2
864fda4370a8d1bbd942400dd899653fd5d85244,0.3458427,0,0,2
96eddd6ae1427222986eca344b898b3332792a01,0.22057766,0,0,2
8da9a65b6398931af18febe082299c5c4b932924,0.26002964,0,0,2
8354ffffce024a97ef5e05b7cef4a82c263fc07f,0.22401603,0,0,2
0ca8f9b9feb2d74c6373d1762b1eb4a6b1f7f4b8,0.17537282,0,0,2
13467cbc7f319f7f7e9e9185a673714736e77b83,0.22433406,0,0,2
e63c5361937cc2598a3cd030f79733cc8c22b6fd,0.18851615,0,0,2
bbf65339023bf627a1843073cab699ca1831aa96,0.24304266,0,0,2
56706c8203ed023a3d21784b6e7fab40375eb9d0,0.16780448,0,0,2
274c9c1d37a47ae9bc1cdec1b0b0e4189dd44845,0.2624424,0,0,2
b88b065aa955d7a7d8f74c427b05d2243eda0779,0.1882159,0,0,2
949d74737327f114ae97a18f9bb4a4f5626b59a5,0.10044733,0,0,2
9f1dabed562e5953af25369121fa7fe221a20276,0.025973035,0,0,2
d86509b09672b874de2f933a511a1f74af6814f7,0.18780333,0,0,2
525d1fd7ca383b3426341c58ba9e2d2e886a59ac,0.022095177,0,0,2
a528bcb1ebafb1eeae14fd3e305f3636d6c04717,0.032713886,0,0,2
c4190304baa18d3a376c3c2232f45f63c479a5b8,0.053443335,0,0,2
bce159a0c905f673b8e0e4c9899543a812fb904d,0.31382686,0,0,2
333971caf33dcc05b6f714fada447e9417f6fdc0,0.28001255,0,0,2
9a6e25230eccfa131d40eefbc4f48a13ac31d640,0.020860506,0,0,2
b1c45ac691d46a8c609f2534d2adfa59c0599527,0.043460894,0,0,2
23747116069c150e26e0dd42d61331b1108e1e01,0.23254575,0,0,2
74ad2114700446837ed451f36107a056301a65fc,0.042813197,0,0,2
dc9032be284c70f53d8f9031cc90e01678a0e55f,0.20679046,0,0,2
6b9e6419fc944d3b5eac58187a6cd56e97328c2d,0.0370342,0,0,2
a424d2ff172aa3be9eb5155e732e6f61915d7b5e,0.37223786,0,0,2
004d5e672e9b2734a4c27f0e20504fc615da3476,0.4545563,0,0,2
b6b59b189c1274ae43e844863c7a2468c0e16b4d,0.046863906,0,0,2
73733206b943f8a03d18574eb7585285eeef05b9,0.03818252,0,0,2
fff00791ed30f338ffc085f099be5517dc359261,0.016004596,0,0,2
b8ed8bbd5eaaa6d3e463bde3accffdf3dcbb77b7,0.021378124,0,0,2
256420016e2321dfd266f9a2ebf672516cc936ac,0.018544737,0,0,2
c4161ee29051c6e44773fd1837d2080489727dbf,0.34832257,0,0,2
06e7d46a49c5d31abca644fadc2e3ecf6f9001a9,0.015785975,0,0,2
1e8a31f417256b9f555b537a09c13f1135addbf6,0.020978387,0,0,2
2d79319a8d4a3ea256ba1bb6364c1330518134a9,0.017362531,0,0,2
2a491590568140349f776b2a63bcb4ce74d147ce,0.013155307,0,0,2
32080b32a4eed0719b79f4be332ff5a55468ab7f,0.018833732,0,0,2
3f66e516a7f5833be9c87911952465220acef149,0.027255889,0,0,2
2a069edb7e7c46ef3c1f56e8fb6cadb779ed2e42,0.04063597,0,0,2
963757362ab2ff0f1636008815549322fef1148c,0.12089894,0,0,2
9f673d4da60a889ad5fefb6fadba1c40bb3e735d,0.2845192,0,0,2
1688a5a2444b3b636741d5675646b0b74820b4fb,0.28547215,0,0,2
284b6f5477838fce398036497e1acc206b1eaaeb,0.02764046,0,0,2
ffe28c43e0486d443234701ab9d791e703c88071,0.05024848,0,0,2
3761b5514470d3f06c9076b0821430d0c2cb2da7,0.17427336,0,0,2
a36442f0d08bb1a5b964b4c77d4c64eaf251c3e9,0.17523551,0,0,2
2ecede5902f9a132a632b8431a35daf5174e1a80,0.31036574,0,0,2
4a2e49fd8daa81cf2ce331c3a3795844e79814b0,0.16480398,0,0,2
8c44a71208f640835d7a205a7b6e58dc065d8dcc,0.033981718,0,0,2
74abd625bcaaffccddc3ca9faa1402b179c251e7,0.022183446,0,0,2
ea64efd6dc61cd9c9b1207d2da37fdbea14d6b50,0.10547528,0,0,2
530049b41c9f42e11144fbad4d1fec65ff0956e9,0.18187551,0,0,2
66c451d618577c1a1e1bf964ff990574782c3bb5,0.07214877,0,0,2
a10c6b01425a9c21cf687294bac43a63de0a0d3c,0.051394563,0,0,2
f9f92677a92ef76f92c90521904c20b8512b05ff,0.034152985,0,0,2
989135e762d3f00767240e7b42ee9e1cccbe43dd,0.056068655,0,0,2
12cd61925c37177a82d2adc76f6475e662030e12,0.10489914,0,0,2
17f4a06be88ed9c950e562aa72755c7a493b8ae9,0.020283073,0,0,2
c3768b0fba8f2f565118c611f4ced4bd6143d022,0.25868285,0,0,2
16d64a96a0a07468bb8b2d3293d374bd4373cd70,0.12696409,0,0,2
1f0919e28420fbd1568ea1c1fd4cf7b46eca9b04,0.10409191,0,0,2
4e347adfdb1a84535440d6c9f392d134a84969fd,0.023888368,0,0,2
9818f5ce6f76224f0d5d5c8ad583d854b8cc6872,0.027212042,0,0,2
dca231dd1b2629f45e65cf46b6f91803fb448aa2,0.23041661,0,0,2
9930786b2d05890fd071332dd1b9d7d7ad0e1b3d,0.028966457,0,0,2
b367c37c2e92ae652e49b361425bdc7ab3390f25,0.03072704,0,0,2
bbd32a63be1334620c1f52bcf4494de4b1e6931c,0.45072854,0,0,2
6868968abdfb03229bb0dd60e57a502db45394bc,0.031089095,0,0,2
3fcfac543d8e54b93695ea5f32b1820c5e5849dd,0.06435757,0,0,2
af50960c662e2d006dccd4156ca85ba3b2d3d5b9,0.03663931,0,0,2
99d1ccf360643d89b88bdd218fa917d365d95cde,0.03566561,0,0,2
3c32e5384eec3142bb017fde824dd1cc0db48876,0.018966978,0,0,2
b4621118821f29afd3d5ea47eb8a684f4e5ed3ee,0.04645976,0,0,2
eb3f760c1c38fe3910d979e75093da67f685e2f5,0.032763053,0,0,2
efb03bdc301d917b746e6716f2a074f54ded723b,0.028245293,0,0,2
3ff71911718c07ca1016ca855aece547061db85e,0.015732037,0,0,2
01f84f2b0d9c13ac82ad471469b6a5692d0f8cbb,0.14999402,0,0,2
a95c1598ef693cbd7d874c33eae82433693b75d4,0.35459584,0,0,2
6fb796db3d138b4e97dc1fceadf6bfdad74a3533,0.02366142,0,0,2
cae430631d5472394441cc82e142103c3a70dc83,0.060375113,0,0,2
47b76cc60f7b73188cbb47a0879aabfa0228be31,0.30084658,0,0,2
c64d12958fc711d667f26d0173bbaf96157d629a,0.24626406,0,0,2
643590426ee7255ee5e1e661b9e2ac8a9052dbed,0.05515832,0,0,2
31ad1256c66f47e58b7ef40955953e4a1c6bdbf0,0.032341827,0,0,2
3c984c22552eda0fb5b200efb3f239213a4a04ca,0.037888993,0,0,2
95db7d0aab9bea25d3a14db42a7787ef77861f45,0.2751916,0,1,2
1d6f5e40ff44f08fa67c6a2b57f7ae4a5e4b0be6,0.4425711,0,1,2
e0270b0562d42658a57c4fcbf0cddfb5673baf5c,0.30660123,0,1,2
6eebee491388abd2ad61a15d3f28b167c9f0f7dd,0.29558414,0,0,2
ae3f537711b1375c4892130d65cb60928549cf58,0.2191169,0,0,2
25ac3249dc2a40bd52ceccc9251c8446b036d197,0.26737833,0,0,2
6ce9662add46e3cf144be07f7ebf18e2d25a7abc,0.1727826,0,0,2
111c4a5e54dbb1bec6537eca02618e2287bd23be,0.20123924,0,0,2
e30788367dc7ce4e4e2d8152bc7370af8ac2fd0c,0.36474487,0,0,2
b1875ac1abf9ae86f5a589c5144c8c9902a1dfa2,0.32299194,0,0,2
307ed458578e68e68918d3ccdcf4798c57e084f2,0.2885163,0,0,2
0caff290df54a8a3b653840fe257fea94807d697,0.21962039,0,0,2
b44b3d95b321cef0281cdf130e8c286bfdcd60af,0.36925107,0,0,2
8f77bd63d8b5b2ab593b134fef2bf5e59bed0441,0.2590646,0,0,2
4e410e068b8d367c53766a7da712b1b6f3fd8101,0.23129727,0,0,2
2412c90ba5584fed123fa6a33e752e6c8eaf74e9,0.20574379,0,0,2
47ed0c7cdcb4d516e41769e38a9cd5ef4d01713d,0.22571863,0,0,2
f5ea49326cd5c09f0782b0d1bcbdcde9053ee316,0.29263353,0,0,2
7b0388878e522468f90ea163b15ccfba05616c95,0.3572928,0,0,2
a653374b2871d67f51cbb4ad2083444e9c3afe1c,0.34125653,0,0,2
430f96525f80fe4909208ee4d2aaff81c312aff5,0.3207388,0,0,2
295d46aeedf3660d89d6c578b84c410089f9b1b9,0.40366986,0,0,2
7c05411f80b6748b6b2197d2014bb98c8b0857c0,0.15520784,0,0,2
140846cf81678649b6bc29497c3534aebaa1f6c3,0.43477392,0,0,2
0512bc21bf4d0f1e391e4158adf0ae145d408ee6,0.4298024,0,0,2
283e14cbbdfa5bd246a3ea9dee5739959f64b4c5,0.30498382,0,0,2
354b72afb59ff145afffebbeac8a7478d4140e75,0.23244986,0,0,2
15c72674ebb4bd99790de97b5645f1531a3a7c00,0.2709094,0,0,2
1a3d74470eab60d668859571938b470723726139,0.25914302,0,0,2
330d5cf99c1eefe3fe86dae260a8873068650866,0.35204285,0,0,2
586b6ee15f526d585628a7162d10f08deea6a93e,0.32274553,0,0,2
71491e23d68df50555c52db62ae9bfc0a2543b6a,0.3424535,0,0,2
e56b2b598a2742ae8ac97ada82a97655b538ee94,0.30016258,0,0,2
3d129b7e2f6373f7885336225d3edc93b3f624d2,0.3132418,0,0,2
4d3dc80e4b3f7fd0e034d544345a568d6d5c5d26,0.20769225,0,0,2
269e6693ca1f05bb7e2623c538b9b934fa688f41,0.26001307,0,0,2
c2452a5af3b2f1db542175221dbc19eb492f02f3,0.4276705,0,0,2
9ac217fc697b3afd0963b897edbfac265ba2f571,0.37509742,0,0,2
a5f357667b195f9cbebc1d1de8f70c6e0c28dc3f,0.398238,0,0,2
c3d13908a2e8ca7b9832fa693ca72bc228a4e92d,0.282395,0,0,2
283351276ff704df65779624e195701a21f0e25c,0.33347535,0,0,2
38e3e41049464fa3b8ffc1e810f87c18d91a7bc4,0.3203177,0,0,2
49eaf68b54f4114a0176ee56790d8415fd64876a,0.1916581,0,0,2
42308f780fe3d0c2223c121493f97c747226bc17,0.33495203,0,0,2
ce5ead2f93b92c815f1304fd51dc3fd3338cf19b,0.35432962,0,0,2
e8ebc1e1dfe2b0bb7b9f549ff35bd2d1a1fcd2f4,0.24437094,0,0,2
a76f39d4b284633c6792d8c7977abf8fb52a017b,0.26087347,0,0,2
97a64af2d6adc157f6ec9e4d4855b2924caa69ac,0.31251037,0,0,2
5e2559e3ac936ed985d5fa9d7160a284b9a83644,0.36913314,0,0,2
dbd77cf4fb93996fb7f312bba2aaddb87e5d6a39,0.3371002,0,0,2
1e8be6ff174f1d7027e848d5788d63ef9827c659,0.2947978,0,0,2
0847a34f6d1f15d3d35ddd9f3283d54c1355b299,0.4561354,0,0,2
d1cc91686abf34d073ffc496506da9ef712984b5,0.42746785,0,0,2
0030e4bbbd3cd3cea505bb1e4f1edbfec5986fd1,0.29259744,0,0,2
3b6dec3c581f883cf9dff6f04512011cf277f586,0.46494725,0,0,2
c1ea2007d4f6527bd174869603f53841380b5c31,0.60543996,1,0,2
87361f16b0eb35ab5fe25fe2ce3cb57a96dcedbb,0.35554132,0,0,2
f10f849935076a7c773283789c75a4c35b9e6c03,0.033589598,0,0,2
034be5fcdabeed034bfb562ae7014e021caadd7f,0.32765377,0,0,2
8c52cbf8dcba19310a569a23ad3e940836b5e7ce,0.29745114,0,0,2
9d4e26a501903d404a809acc8ce93df1751a5429,0.09875871,0,0,2
7dbcbaa0d72723a1682dfe340fe05b2f0d3cd3a7,0.011273926,0,0,2
b3240c0b4dec02d8a511b831e07eb0d03094f677,0.40916136,0,0,2
d37a2097286c6385bf8cc757944bb3568672d873,0.34428194,0,0,2
39ed7bdf558cd8286e62492f6c91d2af73f807aa,0.15827233,0,0,2
100bab5d8bdcbf802af6437fcd778e7f2b9bffbb,0.28334358,0,0,2
21892745c86fa03b465cdfabb99554e9659b1941,0.1912319,0,0,2
511499162fc2ea958f3c78b1081225d335b52227,0.5473339,1,0,2
fe718980550f0221041cfdb56f83638c328cfb9d,0.04720784,0,0,2
8f577fbc1c44a4e5e39551cad677978452ea0797,0.04119774,0,0,2
76c125c3b74a390a39cdcd6666cf7e9cea0e5c1d,0.32639322,0,0,2
203918573c29676b179b673aa7e41366dc4215d9,0.48092747,0,0,2
c82fe35c48bd0082c16644d16d82d1be79d6b9d1,0.15205935,0,0,2
158d178c58e892ba87d782ecf436d30c038d464e,0.15847182,0,0,2
e8c09f05be1310ea2ded05bdd808c46a1e4485e2,0.42266768,0,0,2
b184666c1975fa4050121c694e09a88060854eec,0.47142193,0,0,2
b83e111c619232be9ba0a7bba682ebc141b618b8,0.2499003,0,0,2
2a6c6ca711f0f0d6aeef30853d5eb05bc68c2e85,0.49294275,0,0,2
01911a40eaebf2aefbac34cb2760f7f77ccd07a6,0.21383831,0,0,2
ec733cbbf25c103c2c661625717527448a42663d,0.19319202,0,0,2
300578058c7d6db0671648cbc5bfca84fce6285d,0.47064024,0,0,2
63950ad11917411d82d9adbd0ad1ccc4884ebb4d,0.2568853,0,0,2
f9d6655b42d8e1b1071f78cd7f1e38cbaa20350e,0.3695747,0,0,2
858aa75ed257a24acb983df372f634c3fc6c49c7,0.29633003,0,0,2
76a941217f9272693b5484ef360e8cf6491ef3a4,0.18514605,0,0,2
7ff71807ce589931a56ae6f1306af43c6b8632e7,0.3457935,0,0,2
bb1135e50c27938eeeeb6e6c1ffb3882dceb9f1e,0.19233713,0,0,2
f0299220ba7dc33b1865068db0c184147283a9e4,0.30919954,0,0,2
4a6c36401518a45a709ade671d442e061138d3ec,0.40051013,0,0,2
ae5df796be80dfafb523072e4efb30e34dbee46e,0.36695766,0,0,2
7e19596505676c5b300bddc39792289441634f02,0.24283925,0,0,2
55e9d25f779a3ba726a9904641e656de93a1fac3,0.21504134,0,0,2
3b6468ac4f765262f68d3d289d25bea3da521c16,0.21660371,0,0,2
89b1661fde38bd12c4d83b9fbe696db0c8657a78,0.35783786,0,0,2
f054152346cbd7c8afcdcdaf55c39f9967edacf1,0.1990483,0,0,2
346009fc677b252d052e9ee22c6a4cd2be10a032,0.26094398,0,0,2
4c84e204cbce349f3c5722750561b91607d3fcae,0.35387844,0,0,2
c353239c4fd22b8991e1488ce81218b1c9769bf9,0.4510733,0,0,2
516f6889c9153a59110d3ee9bdd907e95e10cc08,0.28522214,0,0,2
7b6bf45d83c3ec028e686318b8d4f1a061723908,0.4210113,0,0,2
817666037d3c09b9138b161964b0fafc76d65998,0.2879837,0,0,2
c3b831fa7e4ad148d8e3abe2a0e3c089029044ed,0.41992,0,0,2
5a5bbc662104afe8f020d89d6e560f2897678984,0.4141786,0,0,2
f8c39cfd773d797adc1b4ee19aa8fc17268946ec,0.21096027,0,0,2
8ab0ecd0af3932f40b931e1d84b2951f7777a305,0.069342025,0,0,2
599e57b27c19953487dfa3828432b8ecc7cb8b38,0.10813143,0,0,2
68ae60d779e3bf4a46064fc1b537057478a627e4,0.46607277,0,0,2
c600de52e107d1fd3d5a9c1aa1bdbbd6754622a7,0.2621515,0,0,2
8939061a3c0218dd3fd27f96f3e60e48f74622c6,0.19855225,0,0,2
cff360a340b48070d88a48f06e8748a916ce52e9,0.46292335,0,0,2
52cfbfd91e60db255c3285c90b94cb6e3a75fdb7,0.29703715,0,0,2
ae31e56476646b33b0c2a1f03bb095145a22097f,0.24078947,0,0,2
0b683acf0a5910fdc4235d3103eccbfdebbb18ff,0.14395499,0,0,2
861646b25a39dcdf79bcf5a7643bfeb28e137a8c,0.04519401,0,0,2
3ea4d5d580a78213504a4611fc7bbab58b93db0c,0.20350754,0,0,2
b5955f5948a973a248731b774773bd225af39c82,0.34213728,0,0,2
09db9daa292e74b6bcff84edf406aec41ecf536c,0.086136684,0,0,2
410ab04290294dec74180043dc2aa635ca1e4e80,0.09155115,0,0,2
efe3699122699151984e8499da9d42673a42851a,0.03497823,0,0,2
d2f27093d7d95a07da901902f894d88b4ecc3e95,0.34630093,0,0,2
ca30fae3acb59a5caef3c3c21eecae7c928827e0,0.1377994,0,0,2
5ef5bd199a4e3df74479b4b363fa29b0b3092547,0.3818081,0,0,2
9e8eec78a71b7d1274043f55c9a5fc7811d53132,0.4234162,0,0,2
6a0a1876772e74a1d4a7c82669784f8bcca8397e,0.29738393,0,0,2
8c5c6b936ee6d1afb75cc2cbc151887937dbcca5,0.2690334,0,0,2
484698c5415bb578cb480845e2dfa930d3d49d9c,0.34044006,0,0,2
29a7e67999568a5c86b32ef513a90d5d090ad2b2,0.19607906,0,0,2
87f142f5c85c9a7e86d02b4599e3973e773f3d41,0.16766272,0,0,2
d664776d4cf41d7e1e46b92bd8a4e907cd3bd438,0.098548,0,0,2
847a6d07793a198d28819731e5166f9ed3845164,0.26461443,0,0,2
fea1da48fef9e28026704e9cadaeba3e0ecbf6dd,0.26708043,0,0,2
c7a5a6afd5d2f7d8c3d518ca625b7d8a1445934a,0.03972646,0,0,2
0fdd249cadaecd32a39d25301f5242f9a92ed351,0.37101108,0,0,2
a9690db48eadd3643adc34cafd6ccc5d4a5bf589,0.23106954,0,0,2
e9a2edc877ebf928ad0c056273f64cdc861ba609,0.15890275,0,0,2
74989844d7692245f9e19b0e803d748c73e91e41,0.05580546,0,0,2
4d1c77bae99174b67a462bd5a44950ae08f46796,0.06618065,0,0,2
90211fccfc48dc36b7cd81a1ce18e1506a6f15a7,0.15876664,0,0,2
e246d2ac01f1ac741aa4673aed3d028e08a63c73,0.024518041,0,0,2
36fccb4325f924bf46babd4d8d60226f8dd3f154,0.45089537,0,0,2
5ce931b904d1f2961078b99049c293c11e779fec,0.39561284,0,0,2
cbbeae7719943308494825574a0002ea649b3de3,0.43718407,0,0,2
eec10fcf0c795bdfacef4c9933585f65f953fd58,0.5210093,1,0,2
516c38fd95fff30841f9af370f50cf1f7733c209,0.48472366,0,0,2
33c95771c804abc02223f24a0234343b93ffde56,0.31171224,0,0,2
b88dd3ed853738b8e7fe9652b953db569bf7f79d,0.2507297,0,0,2
a2ba6d54852aceda5e3bf9285730da743ef04e77,0.36743596,0,0,2
350f01c78374b4df99c1a84cc32122eeeb48b036,0.34245062,0,0,2
03239b0ea42312c7b5daf4520c1ce1caaf6189fd,0.26468936,0,0,2
a428e428df2766f1d1b2b793b3f812344fa61fdc,0.1957258,0,0,2
f1a582111a26c4044c289d96ced42fc1621212d1,0.18656285,0,0,2
5c9661c300bad40cbacdb391637dacc991f16da6,0.20665693,0,0,2
daa69a5981c7c12e0af5922f0a07653446261b07,0.13866954,0,0,2
1fbb16b037e62c6af90ab89ab3ac8d3633c59a90,0.29871312,0,0,2
03cb05cebcc65b923e03fa9f41d664885bdb38ed,0.26086912,0,0,2
f4b675664a7c633bdd62d5f85fcf3f95d11ade9b,0.27406675,0,0,2
4344ff7331a4f8908478e72c5c232c7a9d5dc403,0.24152373,0,0,2
5375fd9dc55f1dd01e155af8646d1ec67bd6be29,0.47071648,0,0,2
0bc43314c1216a88d0e281e7ed66244c47c57c56,0.25006187,0,0,2
30fce9d42c5675e9cae0db0401181f84a73a293b,0.07364697,0,0,2
abf07558021a0ecc50c265dcbdc5f2f99fdbeb35,0.048248738,0,0,2
3112bc302f32a74c827d672ca84a80091b0700d4,0.041184492,0,0,2
7e89c9cc80bc3fd2aab64f25dd816c6d14790988,0.35833564,0,0,2
2247ff9601374845012558ecf5963ebb7e1066c5,0.103507094,0,0,2
76390c0b54bf145f65532ffe1e7b24639f108247,0.035688486,0,0,2
9a92b8526cd13e092b5185a59c7ff0f68a1ad56e,0.16421649,0,0,2
6ae55beb2d28bd6cf36780b4c58da41854dc8248,0.2641058,0,0,2
d681042e60a3a1e92f4c891ce9dcffd672868e7f,0.0718474,0,0,2
a793612b9e09795feb253aab9a738bd1f7280700,0.029978566,0,0,2
22fe7f3c8b3fa204c2406c3d15811b2581e1b7b5,0.5317157,1,1,2
3856d3f0a0826be3ccc6b160e740d5c7176df743,0.39341778,0,1,2
4cc3f6e7dbee9e3684884780af82822485c4c7c2,0.43587235,0,1,2
4d00e14ec8d1e83533a8aeb788437568b417ca88,0.4167205,0,1,2
b6ae1d09c384b57115bb34ed94c90e256e4b66b9,0.72873116,1,1,2
11fcc89fec70aae7eeda710e2bd26d93cb3c05c6,0.5155431,1,1,2
496691bfd82374f1c1bfee8719309343c2fa878d,0.34423417,0,0,2
6f379134ae1807cd404ed6c9579707e5dc6a6df0,0.4080484,0,0,2
db586baee29fc90f79898e9a274cc1bd585b5f53,0.2467525,0,0,2
a67bdc013c9fd965abaca375b9b47554a115f40e,0.28865355,0,0,2
b745af3975a0bb3acddbc59ef85860d08221a010,0.2678367,0,0,2
90a73a4dee53129e33a552e49cb7835ecebb3a5f,0.29770896,0,0,2
31ac0e5f3594a4517ba2be1735b1219cf85c715a,0.37946582,0,0,2
5499fa02b08b8546827a1a055c5af3f0245257d9,0.21613324,0,0,2
1261172afdae9a4b15dc9f691583261a1b020ccc,0.07048561,0,0,2
64573bb2e0bd2c7a7b1282b8a574a4796ae61609,0.29608232,0,0,2
b09b95124bc27f39e27ecfed90ce40947bcbf663,0.23357157,0,0,2
5481dd326025de2da7d89089cb969759972e7a8c,0.37534085,0,0,2
992911d0fcd230497ee3fc50dcf49042b7372a47,0.20092794,0,0,2
d0595b7121f57f1f49fe7fdc384479dd73ad64f5,0.23671588,0,0,2
cd1d329dba95dae161317c123269c24282001a66,0.286938,0,0,2
3e3a1388368e8e4421fed0b5222904d40a8805ce,0.17487872,0,0,2
9f5af267e8c143e16f8b20fddb02ada096ee9df8,0.35419276,0,0,2
f8a7156259dcc1b3321086939234d80b6ab828c6,0.3524129,0,0,2
661008f8238acb71301b172a6aa9aaa8114d0c9c,0.19637942,0,0,2
469cf4d886f9a184168ba2d179899a600725d4c4,0.051365905,0,0,2
12d9a805a6df7afdccfac94a7061d369cc986efa,0.20202628,0,0,2
e83b4d8484cdb3dcef44ce3aede866663b526158,0.31003812,0,0,2
ff0e842058091b3310340f51a130a65a1cf6f725,0.042702943,0,0,2
a123142d947dbf38fc053c29291b555872c91ff2,0.03217083,0,0,2
45b5e0cb3a4a499ff8b0594c082d490d7b7b7c1d,0.03576336,0,0,2
29ce3e0e9ecc31a5c3cecb19246ff978fc7e7c20,0.05638194,0,0,2
3bf9dad70ea4b93de850312cec2681f3242280c7,0.023487028,0,0,2
90d775ce2270c35a7c514f5638b8a3b23d5a4f3c,0.0136952335,0,0,2
0194bb8ca57e5a4a3fd5fe3c39b0ccdeb4711043,0.21459395,0,0,2
f8e33e702ca0570076c58eaa7a83baeefece9553,0.049253345,0,0,2
6c203ab46b24751c285f021caad9d8969cf2f45f,0.038596857,0,0,2
5b56985334a63d63cdd9bbea30f225013302a7d3,0.20439804,0,0,2
bf0dd95b52e0627c10c072f8b05fbad3f86fda71,0.04584317,0,0,2
bfbe9966ab45dc4787fdbc55735241023d826d95,0.020178605,0,0,2
69f38e81872d70705fd7919df3d771f28c22dadc,0.15914784,0,0,2
c5c231e643365485c5805cbca81070a51429de9c,0.024138492,0,0,2
96531689d341eb26103356410280447e94529b5a,0.31807193,0,0,2
da7e55cc7aac7cb806699d234dbb90a455c21502,0.123475105,0,0,2
6913193d33ed83bcb98cbdb94ce410069ce2513e,0.36429626,0,0,2
7f65af524d6b7fa43743a3c5593c3c57fee3e9d6,0.044328243,0,0,2
4493ec15a72045bcea25a4c6c9b4858ad5448b7f,0.021694874,0,0,2
1f207424031bd81af858ffc98e64152b3ce2f22c,0.035279687,0,0,2
cf9cbbdae44b88a7cc982765bed085b434f4816e,0.044975147,0,0,2
00d9578b74a107e3811c407ecc3da2bcdb166f81,0.23140518,0,0,2
3410aed6696622cb6b7b8bec088f9a92ea55227f,0.34933856,0,0,2
8d34352d3ca40ccee76e1473d3e132f7bd8d4a62,0.53797835,1,0,2
a04afd1f20290d0097b1ed9ef2a4f476e0b79ac0,0.22679645,0,0,2
825419f9128cb7bd01ca31b0179bff96bf1a5ce5,0.35545135,0,0,2
6215969d2a1f8d95667c208af868758c8636c234,0.27621257,0,0,2
79f997c1d6976f5327cbe5e80676a65245d961ac,0.025766065,0,0,2
4ec3674e06fd98a10de28be7ba6c6036e64116fe,0.1796001,0,0,2
6eed45b023ff3c609ef423f28fc87b42d0614f79,0.04012401,0,0,2
002e4de0d68ffab9af339283f02659472a1febe7,0.12669328,0,0,2
ef8eb3d269274d2e6e4915875d027ada1efa0470,0.029996572,0,0,2
78b8d323635b47f68a93da04f04d221f3412d9e0,0.33520535,0,0,2
055cbd0d42dfec901c7b2532f7a71f937b1d4756,0.20819621,0,0,2
771841e493ddd9839a4c029db6b217fe19968148,0.3127319,0,0,2
39f6f7fd6333da2b983f7d9001a7a51f31fa9434,0.20553604,0,0,2
6bb1b9a7bcf9d4d1aa0f4c12bb0cbb4cf4e2cc71,0.23512496,0,0,2
4824774675ec1a2c9e7b1469dd93a6bd09854210,0.34835368,0,0,2
717800fc588389b143b5c8ac20a0289a9217715d,0.33062193,0,0,2
0471658da03f5b01537153a72c0ffa7132709900,0.17548497,0,0,2
bc69f94466efb770e78d1bd89a8a1bd460fc437a,0.03841552,0,0,2
7a4fc498fbe96e83af20c5d0576c42a761fe3d95,0.2283378,0,0,2
3e438a80fc5ae21862125b13e9ada9b5c30d27cd,0.07316168,0,0,2
15b4031ba94a60f20b854e6ce2c7964d77086387,0.04062361,0,0,2
543970edafd3f8e08d945612d09663060718ae94,0.17683075,0,0,2
80e4a06124a712fde81bbee093ba2ddd71851c93,0.13673742,0,0,2
454a82cb2ad2853544e641c8c80f5ed34bbeb1c5,0.21861564,0,0,2
a2bde0190da2e32a5925df5aae1f2c37a4498bf0,0.10965067,0,0,2
f9dfa3fa6b9a28439f1226c202c41df9fe2e4380,0.12175987,0,0,2
c50da916c252ab282d978da3f114b81d91ec2912,0.15514491,0,0,2
e0bc1afd7878a91fbc30e79941af8a797637ef22,0.17611802,0,0,2
aa75d3aebeb30d1bb3ab0ecabd60201bfb3aaff4,0.19444688,0,0,2
76f12abd9d81587eda4c50e7816c75607b4b23ee,0.20832254,0,0,2
9900d951d41ceb438be79b2bf1822aa6cfd1f37b,0.014740165,0,0,2
f6dbdcf3acc3009f3ae17d607a2ac898e804395f,0.21570455,0,0,2
110084e432a04d061d71768c23f500f283081e31,0.37387288,0,0,2
656abed01d37434d69881ca1292dee710209bf51,0.40165138,0,0,2
d6d2307a9ca0ecf8c540b3bf7183de5d550ab099,0.1300981,0,0,2
801f4f4b10c788212d555729d5eed92ee1a02036,0.12207259,0,0,2
5fa1935c52f3866f0675e9fd64bd04d153b9f225,0.03887678,0,0,2
d728087751d2e6f19504876d7a3f40ee7b1f4d28,0.04051248,0,0,2
e0fc7b4dc80a31bffc8c8f87a2fe4153e6cd0cfb,0.19546787,0,0,2
5b743d5e7270fa41de8b4fd6ced0d82a6e38c38a,0.037395813,0,0,2
dc565c4fc02421b58db9c0f0cb9bfe767d904216,0.027664594,0,0,2
ad56c3889328fed27f021bba3f071f676fc4ffe0,0.27124974,0,0,2
47e13b0fa2ca7fb11e52abd429d538c3c9ab07ed,0.045075238,0,0,2
97c6c963e2045def1f19c650f638b304f6464c19,0.029742034,0,0,2
0b7369cbb67e46586e9e031c693564ce7ca583c7,0.1941566,0,0,2
2fdea0d5f462d48a97aaca3b987a716ca2934f24,0.080371,0,0,2
2645862ccff2183b731e7d6f1a66df6f2b04a99b,0.035274986,0,0,2
27df5e894a2133e122ca7e78c5de45d26f7210a3,0.17175178,0,0,2
619aa9bff4055f51df04f5f837605785a998e9b8,0.16026865,0,0,2
4c55341a48427f7bc0ce30f0699c673f7e69f63d,0.024607725,0,0,2
27ae87a59cb2f0d06ea21d4a886f3afb9a14247d,0.14385977,0,0,2
962128ce971b2edd3fc9e4a85b417fba01a0246e,0.22416487,0,0,2
287254724ea66841b932fb5f6d8cbe37b04eea81,0.56599253,1,1,2
2b0fdf8fe719f234635f652bce0a5b2abf03bc4b,0.3138477,0,1,2
75d8364771414b52179e7084cad838b6c0a0660a,0.46249047,0,1,2
1fdb3a719283209e417d57b2d77ce93540de4cda,0.4125063,0,0,2
174f3ef3f43b680468d7535d5fa8ce3fb3a4d113,0.43707204,0,0,2
8ff705130a6c360e7d2009cb9f1a4d0a307985f5,0.2663428,0,0,2
a61f3728d4e2c6454dd0069148397745b6b3a5bf,0.22755185,0,0,2
f568436033fac9fe4dc9b38342a029f20c79dc96,0.032439906,0,0,2
c0b874406621ebda3c44029ffdf0f6017d6d8c22,0.27252117,0,0,2
52ea3c337615e386507dbafa686d1f02c03a4c82,0.06594232,0,0,2
8688adaee68dce1c54c05b44946635973b37fa06,0.38847587,0,0,2
27f467b4eab7864a4ff799fb2289cddd2c45d30d,0.1421511,0,0,2
1ffdfd2ad15f4f62b9474a2ae72f2ad0a42c6a98,0.5584662,1,0,2
24c8eb250b9c7dace0efe91fd1f36c799b174606,0.24775828,0,0,2
060cfeb90df4fda2d572fa63225c63e304c8615d,0.24832484,0,0,2
3ec04d06cd96131c7d2a508e1526a07f33efb490,0.29630476,0,0,2
ec3d2af993826b57cf47446d809db2c8b49c7a77,0.21585624,0,0,2
f79ba553c602c9cd1a673c30db79edb6b38f0db6,0.23184848,0,0,2
3e6117dacd54430e555a42a5fb8177f4553fdab6,0.28873932,0,0,2
7ee877a4db8c6d6871444abab28e95e9dad7c932,0.3117423,0,0,2
00c3c8dbf20322d372ebdc28c2b9fc25926a766d,0.24618366,0,0,2
07c01318ea4ef19ede234484ed102f94391cdcbe,0.27056706,0,0,2
f56aab06534e643ab1e413c36e367fa25e24621f,0.32806236,0,0,2
6d1c4002aad95031c84bf3bfa777852492d23fa1,0.4099391,0,0,2
7e3c917567dc3163c2228dd01e4ad90dd0b76320,0.3108535,0,0,2
167676d596bbbfe82a52f0dae6847cad025dc095,0.02003523,0,0,2
9c24b00d32acfba096d8b3fc12168bbe0ac4ef55,0.106166966,0,0,2
0e6578069293282865a3dd4843d4f80f52476e7a,0.05796287,0,0,2
81e60b1eb541557f5be44e7f663d5a816fa90227,0.4698711,0,0,2
e25b6fedefdb1967fee9f64e0d0242d6472ad828,0.13208771,0,0,2
7f8236cfa274504e0f59b95285e7fbf2efecda90,0.19939935,0,0,2
ddcfef13549be8395d2c9339632b3ebe80363d49,0.5120853,1,0,2
4a5aeb1abe8ef10eeb5488e04e688e2daaf4eedf,0.26722932,0,0,2
13ce8fe63c8972c54ca717055c231bdc487d479a,0.35767928,0,0,2
8c12ad11eea80440bbe691cb50531c70f53cce95,0.24868363,0,0,2
692be5e1d4326c6e505c10e8dfc3adeb7958bd74,0.19496886,0,0,2
a733b7a87ce7abc0da33a3d56da82b72407683d8,0.34509125,0,0,2
13218943435188789ab706c2d97da8e2aba1770d,0.21208173,0,0,2
581baeaa99864979aad55bdd45f054c8a53c341d,0.023744892,0,0,2
80fced6db6c15d7833e2c06fac4098640ff4c742,0.13517576,0,0,2
0ff845a477db67a485e7a8c1cd8265e520bc8c05,0.12062683,0,0,2
66b24cabe95485abbe4398ff468a57e5ea0e3cf8,0.20308858,0,0,2
5ec70549ae7e7d2eb97d3d56e696dbf0cef7ca35,0.2040294,0,0,2
82c95c5f951ec316a717d72a46e9f1f7792dc818,0.2468662,0,0,2
0a4b1c3b316335a1ee22ea86c28c1cd58b1bb583,0.24349026,0,0,2
6e710a1f78a4a733020a4b2d1f07b6fe4c6684f0,0.6177361,1,1,3
951b253fc38c09114d0fe273a3758a15c151a8b4,0.7549336,1,1,3
f3539c7eb312b127122084279002d3fd238c9a17,0.66318923,1,1,3
7aa5ba380ef6aea0f2f594873b4c7378adab0f18,0.6974396,1,1,3
def1380280b9be6d166d3938ea4b0254e9b55dc9,0.69124717,1,1,3
cc06ae9bf7a1fb6cee46c40d2a6388ac05d3f5d1,0.6936722,1,1,3
7972f1ac1b85a5174c9f293ad98abc87edfe42e6,0.79305923,1,1,3
bd1c4ff86fa21358949e925274f5b8146f5d02cd,0.6734708,1,1,3
be2aa80bc371d600ab2230c545051ea6454577f5,0.756682,1,1,3
68b033741b02c3ae54d649e858790732bc5c2d27,0.7445816,1,1,3
4f5d25205a9cec988de300a452d641a155406b79,0.58301675,1,1,3
d1e97bc85338c563f4f732bcf917a08b3cbf4792,0.75011444,1,1,3
d40c01673e866c3c3b5b51bce66e9518924cc31c,0.6845884,1,1,3
5f7d5690a97b2ad95bbe381695638f0c7ca2c4ff,0.11387836,0,0,3
8d340a008767c5d954b7539e825b4c90eb15ab9b,0.06731733,0,0,3
84e490b66f61e11366b62efc42e64b60ae7db35b,0.15695216,0,0,3
fc939bf6838f4bf986e0b42fddee3df6712371a5,0.085820585,0,0,3
5c798eb50aec6040f415b6def1912d4345f8310d,0.05100777,0,0,3
d1758567765117cd395ea47319d3acde7fc663b1,0.050228786,0,0,3
517b8beb06f63301629f0ec3f58f6b667061d3fd,0.039588604,0,0,3
5c715cd84d600c0df0215846efaece2ab4673546,0.4105255,0,0,3
dff4cea14174548f52d6fcc66c9bfd7a339b7336,0.42087802,0,0,3
02ae34d1d3f3c9f9c25160cb14c119958f25af13,0.15546982,0,0,3
8e0e1c32ff1ed1da4f09fc9917812e6457e6fef7,0.048034348,0,0,3
18c5b2536c114c86b810bb3ee94474fec596a462,0.065365724,0,0,3
c6e4d8c9f534d3e70e79bf718e40724d56186109,0.14989047,0,0,3
5b5ecff53b50a67179f6245bf60047c59f027e26,0.12232634,0,0,3
46dcd98ceb70720f96d4cfa23b001ff108bdaebe,0.1403562,0,0,3
dcbfc80c4a14b91194fc8b74760b079cc0a4ce42,0.049783617,0,0,3
23492711d234f2fa647bac46997e361bcf985423,0.14742146,0,0,3
f10279a29d47d389a31da907695673a992555adc,0.22314374,0,0,3
8d5925b52b48b4c69934ea5c48aa298a2ec74e84,0.51404744,1,0,3
a30aafa016409048747fe9730d6f7892eb12d7c5,0.4210972,0,0,3
a3611513fc4de7234ef49ae46d646b0795ac7110,0.093939275,0,0,3
d0eb1d1dd1d9aed27c433d78a76962340fcbfc1d,0.12987529,0,0,3
1ae9dfaf45e0a51ee7d604551f7e1932d1787975,0.077447034,0,0,3
1c2d56e8a91b0f64317a9e02cfd4b45b03d3019d,0.051397815,0,0,3
2cd92aa6e3f44df6b0552a28b83022a7f92f8946,0.15199888,0,0,3
79ad715f02e02af76da0c6e47c164a80768a01ab,0.33502758,0,0,3
e5b948a1687270192753993c998d61c7a91faf49,0.078772545,0,0,3
b81a48d78dd9be1c3eae57cece4c88df92c30247,0.07883816,0,0,3
0b873b95a840f8cfdb51f4ceea3b524d46d20715,0.4906586,0,0,3
e350a38760c93e373562d6a3e906df5904250146,0.046656903,0,0,3
660431cf4f7e2bda887a0e35ad3a76bdccc14110,0.053891346,0,0,3
f65e9aa63f8f266023a986507834585a9580c555,0.15049458,0,0,3
535cbcd9f20b29b3c5a5d69f654cde57969b3788,0.0823328,0,0,3
2d650f890ff1409f2944bc56cdc4b518b35e06f5,0.35792977,0,0,3
1c4f7bde1c8f7d8c0e09484daa626fa4f40e38e6,0.36238253,0,0,3
b9a22fb6f6f460287993d3cf087ae5ff036a6c21,0.6651359,1,0,3
14d6a09601b68f60e6b18142b597a6890e5d581b,0.664514,1,0,3
54fdc54dd24c9ece2bfc32ca12e88545ec923a96,0.17594963,0,0,3
0ff7c091143e8326eb88dabce078ca76778a587b,0.5123631,1,0,3
32ed6601f216dd1300876719cce837bfa9824e26,0.5718326,1,0,3
7df11e15457e8d8bf4e5730d20ec2412c429e091,0.5122155,1,0,3
15f7f84678a24533e42f2fde230c5f68d1b33035,0.5969152,1,0,3
2499f70cabfc8d17f2c6de124a81fc0940a70fa9,0.57326937,1,0,3
6526a5e83c1fb9644da34e44fdc5a3bb8a357c84,0.5170814,1,0,3
5904d90ade8663f5552b51036740352a9b796892,0.63612854,1,0,3
fdb75911387f77912c37dcee0af4a2f2e0977f3c,0.083354294,0,0,3
538a97b115ba4ea44c57898ac7c4fbb77fe0e9b7,0.58745396,1,0,3
fa0478f4f6fb724233dc3e00a9f8dc557ce7cdbf,0.22373883,0,0,3
ec81d7ca5100fd97fe8428db02a2cdde967ac87d,0.08405454,0,0,3
81c40b9820625d3f529b116baf6b4a3d45dd2f75,0.107534245,0,0,3
2b085ae34295d5ae1d7eaea5a55a2df220bf1bed,0.2325977,0,0,3
d6a354e203e4901d3eb6a36b3aba620fdb222da7,0.60497,1,0,3
37787b96ab21fc226ff267aa26ae58a58b2d20f8,0.17014033,0,0,3
f2f704eabee027175b0c1eaf934c08e7721a9b24,0.07199238,0,0,3
e1fc87d2d57c2d7ee941e651f33b582fb000dd73,0.080890045,0,0,3
fa8f024d082998c7ae48b21f3eb6f8f2ca56a719,0.066852264,0,0,3
6bce493e47fdac9e64a9ae1cb3c358f31975a43a,0.09277648,0,0,3
9daac904cbc627e4a43e72f72159c552b25caf74,0.5660498,1,0,3
658d5a97c708a926b0425585f9437a0c1fc2b81c,0.4825805,0,0,3
db695fe90b181948f271e4970ec83d4de9348577,0.0744857,0,0,3
9c06ff87decab7357d44d8766f6a277ff887d921,0.29935786,0,0,3
198d448ceab2bc061d18a1a689056bd2b96b76c5,0.4326161,0,0,3
46b15af8c5fbfb026be350ae16eca89fcdc87aac,0.081282966,0,0,3
b7e86cdd772cc47a031d187b79d075af8155c2e0,0.34618974,0,0,3
198e589e62f687a91d4c27057ebad918e9f9bf3f,0.06776024,0,0,3
fa510146c09a498e25e590ef5cc558074337fc4f,0.033160746,0,0,3
badca06dd1c70207215c7186a31955901b637661,0.054263808,0,0,3
91ac1574aae31a29baf883d2cf45e4e1f5aa9bbf,0.04659969,0,0,3
82ca28e2ec8fe9771f01b5aab3386311ecab80df,0.6864187,1,0,3
9f8120beb6b351608652002e057f97f8f6c0dfc3,0.07210388,0,0,3
c66b23747627a2b432e0068561d457cab9f97ead,0.10727603,0,0,3
a6a5e3033d424468cbd3a6af051aabf3b5bd4d00,0.22291385,0,0,3
2902a9a3c07e881dd7aeae0a55189facfab1966c,0.5161995,1,0,3
fe487b3336f8279d8b74eff05c5ebfe6e01281f0,0.49960336,0,0,3
3076802a78f14eb1b4f23831d5a1ccec79b26554,0.040477686,0,0,3
5063d256221e7fe8a8c433401bea988d7ccb0a35,0.046657644,0,0,3
a6b9ca3f71d44dbe2562e13d63e4b30fcaccdf50,0.24279295,0,0,3
81fec3193ad12a0f78eb021c4a1548484595860b,0.36844796,0,0,3
902a680951f318488a4bbe0184a3a223c5709b01,0.05117805,0,0,3
b84f786db6d85cbf9973adfccdf135cb71824b87,0.05011478,0,0,3
a2b5c7a9aa0b5f617502bf6003d43913d507a11f,0.4133916,0,0,3
571725cb7bcf091b5457f1e2a857aa51e8a70f7e,0.23469816,0,0,3
10118c9c1b00d31868d6ab43e8171e3c16efdcfc,0.10891251,0,0,3
ee94e6d82370b6b6086cae2693dc2fe31388fb64,0.5533245,1,0,3
dc58a824466ed492fc6d5ab11960eb86584eff26,0.5353252,1,0,3
56c04300e8f05bdaccc2ec60fc751c09d86b7b68,0.07370989,0,0,3
03542311e2a461f0324ec700e98e78b5540bcff8,0.2683238,0,0,3
4746531428aaf9e3ae7d505b5a203350d138ea41,0.05806034,0,0,3
05b14fd01e43ab8a385bcfb53102a270ef2d9375,0.51311636,1,0,3
77868bf772a03d61701bc0d32dfafea63a0382c2,0.6372105,1,0,3
83fcd3e1e220b9f3aacc63aeb4da0a898684dd0b,0.48188347,0,0,3
dcde20001063fc25f622e4b1c7775f735a7255f0,0.43790865,0,0,3
82bd5be8735c01a767fc3ebc3eb92369ac68302d,0.5952104,1,1,3
e1188f368087ba4bcfada44d645e4f8661d7f9b2,0.6672159,1,1,3
2c03505da053d07cd3f729692738912bdfc2a5b7,0.72188807,1,1,3
3fd058c02a1f8881110409be33ad56d3af6386f6,0.63708,1,1,3
bb3ddfe426cf4ff5390f742d35bdba02a4ce7624,0.59446687,1,1,3
09b1a632c17b34650d2bcf748be14690c9882e52,0.45234892,0,1,3
539e1ee1d68c27defd0aaad09a1a0b68e059de96,0.090870276,0,0,3
da69323b29fe8e373364b9399bc67523dcf2af62,0.08982305,0,0,3
c1ad21bf966d01dc5cceca82f102c0f7843d5617,0.1794806,0,0,3
efa756288e712849c78c4230df05c2d1abeba91e,0.051314577,0,0,3
2f757454dc41f4d130234aea68b348da4f12a0fa,0.064826705,0,0,3
24b5e00be753889e4907473ce57271acb290cb67,0.23136024,0,0,3
7f293a06a0b7ec9b554d51f150991efa9b7dd54e,0.1258963,0,0,3
95a524ea06e546330ec3d95b9c139b7edc599b86,0.21348017,0,0,3
314dfa80d4e815ba3c689cd3ad0d508209665bf6,0.37802726,0,0,3
c07d659cf8f7b16452472da6052a1de326bcb6a4,0.055897366,0,0,3
545536e34f180edd32fbb21b0a5613e6407f0980,0.07489453,0,0,3
225afb8bad88c9bbb70b24d9ac3c28fb21f39465,0.30575958,0,0,3
041e9565ab8b187ad0b88780a5fc0a5ea24f29a1,0.40036076,0,0,3
c4828bfd09ea8c579fa8840cd77733c64b8ebb39,0.062207717,0,0,3
dcaacf4cae54fe199055830f097d4ed504b3238c,0.47936326,0,0,3
6f22f4b49c2a3a59840d28e6cbe0c37a56ab1f90,0.41416323,0,0,3
41fefde64401d2173ff019a896c4dd72b4fa5636,0.07517751,0,0,3
080e96a6cdea2f5fe8727b8249044b89bc54395d,0.06301145,0,0,3
497147e3e6ba0a50c32817e14985ca5bf1041f9d,0.61582416,1,0,3
40708bdf04dae6aa49bf8f3617f2efc16c83c5f8,0.4983243,0,0,3
84ad767a87c69a265e9105c51efdd87ee57b8635,0.37391004,0,0,3
f0e8d41fc8cc746ba9b66b72646db6bd8b25c6fc,0.44493562,0,0,3
df5930892d9c6eda392b96bdae2e7afd342f7866,0.49849796,0,0,3
0cdcb1fd8df9e9185cd3abb128d927d25d7de8b5,0.34961092,0,0,3
cf15c51722dd4b406876dce1ccd52eea787d84b7,0.42051217,0,0,3
b691f81b482175665b45cabc056e58ab0df03ff8,0.08072471,0,0,3
fc8ef4d22c95b13b907ed14b19cea8ff5fd1e653,0.066706575,0,0,3
8054f746bbd6191f5a297cf6f7f26f9fefaba307,0.13521263,0,0,3
fa21d6f7e70f057c42d4af9c40ed47d3d841e5b6,0.16842954,0,0,3
bac647543497f0aa2a9f92fe726e1eb18631b4cc,0.4507792,0,0,3
cc6ace18900eb92606b6a312cb1ac5c4ab5f435e,0.1615236,0,0,3
c947676916c99f2feb5e183aef9629a1b21d863f,0.09654549,0,0,3
1f3dd9ff8a4f8302eb4c0bf4072d2bb7d8aeddd9,0.041116487,0,0,3
ca7f64f016d8354aecd38ef73405e1b3267ca791,0.28491473,0,0,3
06005610265c342b52051b997a43ad6e963c5a0f,0.22608994,0,0,3
4a8068579ea5bf1e637f8bed09a203508abde315,0.06622416,0,0,3
30c217ec400b9175e9490807748ec3e48fe2ba22,0.39034843,0,0,3
d80acb29c04a8e92a3ddbc539b0be8a521098870,0.5901897,1,0,3
e43138b0b5f0912cb358c0e73eb6247b273eba75,0.2905725,0,0,3
1b84f2ee7a41e8ab12faa73130187763ee5858ea,0.06551844,0,0,3
4b5ef21ed6104befc80e1dd501f964e7ca6f1ce6,0.04052661,0,0,3
c6c1971ca1fb5054a0847b0884488165606bd703,0.06066169,0,0,3
68e0a9c71443738b1842e99925d37bf545f5a151,0.047290042,0,0,3
7ebc8107a22038c06c0b0ff095f9f73d854e1422,0.33806387,0,0,3
9003b5b5aa4465e84c934819f45c1ab4365dc51c,0.5218341,1,0,3
4b8647bf6ce2b478e6bc90d0158ce81939a14378,0.1495251,0,0,3
2d1614a2077eab0b981d4a0c4c6e10a7ecda71cf,0.36395854,0,0,3
3631295c437c5b8915afc7b2b259496eb2d5d782,0.5909683,1,0,3
b12610d35e7798c66fc1d9b0811d10aadb87569d,0.06924107,0,0,3
f3a785108f853e327001dcd435e92525d7fba96c,0.5360463,1,0,3
881a4ee8db1e1826b749579d2284ace982c953ca,0.058097012,0,0,3
e91d0f0510ee8d69c76ee89b4e57341418866c6b,0.07182942,0,0,3
8f7c59ce888a687a6c9089caf0c5469984a073b4,0.0732772,0,0,3
3c644cf87ec8c0e6313b3a10b6cfd66279b8093f,0.24398601,0,0,3
fb7e1e265dd9e560b3a3127a6593b6602f60026c,0.078612536,0,0,3
1c9c43c1d4bb76d7e47cdfc9c6681a38305a95e4,0.12970258,0,0,3
18f181ada7826542725fa4a9460307d606695b5d,0.68875754,1,1,3
bb7e8951cb6ef08ca9df5fc036217c3a45c4d33c,0.58894837,1,1,3
e280c8636792c5426e54868d464c9d28287a98fb,0.5106635,1,1,3
54a7796ff234a9cbd2c66f8b1e5621f0898402f1,0.549734,1,1,3
8e5867eda8328e4cb2e103d098d0c9f3c2fab50e,0.4449561,0,1,3
e42da5d9d21438c220768464b6a1f5b36bad92a5,0.6363569,1,1,3
c823ac5673e9da094a3b24b99987a533c548dac4,0.68977475,1,1,3
7573e9eec065ac1ccc2134aa751a191da3ca3dff,0.29889607,0,1,3
1cdc902f3d7cf877b4db7a31f19eb1dfd2fade3e,0.5083405,1,0,3
e9ea52189a92f7e2ab051e4d75c4e0c872034b18,0.4402131,0,0,3
ab0a2f761f4529daa0a1e7128ffb8ae417a0104d,0.18297432,0,0,3
7ebbaea90e8002f5542e22bbe92075ffb5383d2a,0.4240026,0,0,3
721730b00b1dc2ea616a3e7958e4ad15134de975,0.18972859,0,0,3
05aae985d9d0e26cf278cdd6f69672ebe3f8ed92,0.308166,0,0,3
f7222ca6c3b6c1018a52fd649029394e6608f1db,0.07544611,0,0,3
b285f17023da248bdcb3093283e4b9e930bdd09c,0.35977378,0,0,3
af858a6ca224946195b1923a780678b20cb99603,0.31236005,0,0,3
fa027a4685bacd9e32b3bc7d875717b4457f6829,0.44002268,0,0,3
edf56632b8a5413f5e0adfe2d1b65e595b88a1d0,0.3151212,0,0,3
58693fbcb3236a9adb0f47088d88ee3ef7178cb4,0.45595062,0,0,3
91291520cfd5f6c2c91fc242018860c5d1d277e4,0.5001241,1,0,3
7bbba6995a12412cd7cbe1ca693057c5299ab4cb,0.3837358,0,0,3
ea030e732e3556a2a4fa51bcaabc080927ddfa48,0.47267097,0,0,3
310008f48c0a830138d35b3024106560d55b6bd2,0.3419423,0,0,3
ca22dac3f852c7290f60c3c3a5d66fbecfba91f4,0.19599007,0,0,3
bcba29320f5f6f860335266d6be8249418ceaedb,0.05204067,0,0,3
9dc30fddc109504fc80fb62e33554d54cca47faf,0.03929774,0,0,3
764f56955d499fae11db1aed6e7f0d2d0886e6f9,0.08073332,0,0,3
2933e5773b1d64a9348024b2a6e8dc6dc90e6590,0.53269255,1,0,3
0fa8bcc008b6a011d6fe41e64ea4379d0b57f20b,0.049897328,0,0,3
7897aa6a83a5e63da487e72c2735fb042259f6e4,0.31023654,0,0,3
3b501993588d27d91ad526a436e3a10ecc8d6e8b,0.027136847,0,0,3
b353d07bcca9fb62ac387d69d3e99004e27f14c0,0.5258835,1,0,3
6b43922648fe2dfcb4cb1aaaf5d795f00a6aa174,0.1837899,0,0,3
b268dfbb824ef307862e489aef7e71bba4cdcac5,0.19258623,0,0,3
b957ee1646d893fd946a8b9a53c779957ae7a240,0.030736303,0,0,3
996c0c164a083c3dc2fbf2768750e3b3a81d77e0,0.49049303,0,0,3
12ddf37f23cd77903729b3e611ffae10e96ded47,0.11207217,0,0,3
7e6304ce63da6c6341cb072abfd08caf0456328e,0.3588368,0,0,3
b9b73fbef5c0f18aaef22ef60442518d7f23ec83,0.29005572,0,0,3
675d4c8fc848ec5438e48deb2e8218b6f0078814,0.23368055,0,0,3
dc666f419e691e6a04342bdd9cf2e899455a8738,0.19900642,0,0,3
9bab875f03ffea0aacd1d92fbbecc96d491c1201,0.067849144,0,0,3
8d3d915dbd0ccf716f0d15b6b2396cff214d9cd3,0.5194551,1,0,3
326beb22c6aa872cbc0ad3706cfbe706bf9eab41,0.4711106,0,0,3
ad882055edb50369bd174ae56a372838aa89cdae,0.34781402,0,0,3
a7363a2ae67b585790896de45f57154474480fc9,0.11345335,0,0,3
2bc9e7ea86a8cc1c3b2436c46115c87080228004,0.16860722,0,0,3
76f154179b8dc6940355d7fe7db468314ca39e84,0.21077955,0,0,3
4080feff61e8dc1cd4af2361990c33c9f1014147,0.10253748,0,0,3
97accb47de63ee5063eda23641c6017e29ab81d7,0.041950956,0,0,3
cde43197f980538e411d851735ac7a63ddd613e1,0.031292934,0,0,3
0dec6e76fb544fa3e8bf5fd17f16314735971dd7,0.5884905,1,0,3
f820d06fc0d1204b0cb386214ffeb42ccec669ec,0.035721757,0,0,3
566c4d59a177be4b65d17540576eeb34d28d24ce,0.5288126,1,0,3
a516976947341e0e18bcc0858d85d34cd0c02cdb,0.5948251,1,1,3
7200c43dea3dbfbd9d38b937c44b6e71744b05c5,0.7803249,1,1,3
596ccd59a11ad5e9fda19ccd0f4fc714d8d3394d,0.7652763,1,1,3
301ad592142079d36f4d33f5309c103c7f4f5dfb,0.44691733,0,1,3
f8a8ea748a0b3015490ccecec7b97f0ab2daf9c4,0.51605815,1,1,3
8aec465b44dedb7deacf80111ea5286914093094,0.35263702,0,1,3
34f3f4196084768b2ef6b3db4608d8eccec50364,0.4448973,0,1,3
c53f2106109153eda10c47a6960a5a579d1530b8,0.48369214,0,1,3
17f52a2e559e68d5c6ccc98fcebb5523161fd0ed,0.5197062,1,1,3
fd7a4362caf2cd69368a38f2f71ffe19706e341c,0.7611587,1,1,3
753f278d10fc0c92e912965379401ac182644101,0.70926625,1,1,3
491786ce4182daa57ea61deaf701f756f57f6f1e,0.74658567,1,1,3
de73ad3115c19d5f0771754d233d74055a2a10bc,0.527475,1,1,3
d5f586bd4e1a20fc09a33aaa5c2b9320f4a2aa72,0.5080055,1,1,3
8d4fd1dabbae4d7ebc2b273af9275ef8bd0e1ce1,0.64230937,1,1,3
6e5eedb3fcebc5894c41733bd26c8b4d9197873b,0.0349717,0,0,3
3b7d0b95466139a147fc504b7c18897dcc826c65,0.33066788,0,0,3
6a82f92584b36e28798479c82c0d3263c6347b90,0.19897759,0,0,3
b8e9475505fee98aae2819c03a33c7aa3db843d3,0.051927663,0,0,3
a14acdf6395f588dda7597bb4c7810dacaa503d2,0.05839088,0,0,3
85a20aad64be04127106f492e26f6ad6d6c228c8,0.046183936,0,0,3
1325e114108136eea3fe77a4a270a2da7eff98e2,0.05238216,0,0,3
bae46709ecb13f80aaad0d279b3618ab83d09275,0.092184305,0,0,3
dc5f850d1d9b0b952b7f0dabd6778cf0f7675cba,0.041419595,0,0,3
b4abfb93676fb0abbab1d9bac40ba2714a3872f5,0.069968924,0,0,3
9a9e7268162f9fed146c74a8acbd234d9bc2ed84,0.13029507,0,0,3
b262c2359c9ed53dae3ce2ce7a0092273f4eec65,0.41357526,0,0,3
c30b59103b6f1390b0040ee74b985248e8b1b849,0.42201298,0,0,3
0f36265123605cac6af05b7b8c8f4036b58f4da4,0.20508286,0,0,3
cb177b56b7664ab323558545737646896f4d7e70,0.13265508,0,0,3
15bdcc3be2b84f68ddcd822da52ef045ed89e57b,0.061923083,0,0,3
6a8ba1fecb47e5ffd5387654d0cdb7c372ccdc9d,0.13836753,0,0,3
75efbfd6b21ab36fdbc440bc001c133f824bdc3e,0.068013065,0,0,3
f7e42d2ccf949a5893a439227c8c6bafd2598f26,0.14414369,0,0,3
c7fcb448c99ae5fe9db9b217bea1233df3ee6e57,0.14408347,0,0,3
d0721feadc1e0cae6efa3e0d82f523debc5b8d97,0.19106248,0,0,3
5f47ad718e0ffcbbe6cd2f8d32b2e345c4af3a48,0.6070706,1,0,3
745d383af12137ccbcbe1f3cb4c9db73f87a66ca,0.0452337,0,0,3
d746a54c2ee50711283bb49e557f58ca491e1bac,0.07309796,0,0,3
a56d4998cf16ff08f5593fb7d4dda66ca05dc269,0.3163107,0,0,3
03e65c98da2a0b2e27b14713543c2a61d56b1237,0.13642634,0,0,3
0d3545e5f68d024cd4a05724a15746d8dad986d2,0.055446047,0,0,3
6b1b592887d9ce95fb5af1e216bff56b18c7902c,0.5259673,1,0,3
ccd0fd51a5712ef1d85110eb61130c906fe4db13,0.49815142,0,0,3
d98897b11e6f4adf1d0a91591b1bb6be501cd29e,0.20609894,0,0,3
4e08e17ec536038c9c0dd888f77b912cae82816c,0.49496385,0,0,3
86eb3a2fa74988e4ccf3aae7f4b77edb84555320,0.4335975,0,0,3
45df5da2640f8f097915b8a2a0249ef0f6cf514e,0.28698203,0,0,3
76b7413d2b1eb2dc22f05de5b76f9519be5142e0,0.09351864,0,0,3
bfb3cf8bba6aab198c4644e236bbc9f3807111d0,0.058686085,0,0,3
093e3bb2e3cd9992f3f0d14373d406bb9b2ed36e,0.08685502,0,0,3
c440f668aca99266b5379235f6d99d378630c938,0.43588015,0,0,3
a1c5a582760c7f65572d0883fbcedc843332d7eb,0.1297771,0,0,3
0a499402d707bc8cf775d7f9b3840780a7401f7d,0.16224627,0,0,3
8e4e5221515f820108f48396a18ceaed73de8dc1,0.52863616,1,0,3
3a4e18ddf151a624eb5c3596ce8400ca4679ef97,0.1517389,0,0,3
8ed40d530295d819e0ca964b2d4542f6ca6a9929,0.045911662,0,0,3
a6abb8b00355db97486ab5023305c3f4e9e19ad3,0.27845708,0,0,3
b494caa01985c623601735f1bc10871cfb8aa048,0.44282058,0,0,3
5597ed7ea300ae3d08cd893b0133bce26038a7df,0.37505823,0,0,3
002276ea313fd880122502e9840b43f996acd537,0.01134708,0,0,3
bd5afc0b5a977c168cf046e3244477b48fa72c5d,0.06907593,0,0,3
b313ae68888445f4c08521bbc8d19f39310c6890,0.053069912,0,0,3
a675ca7802065f459a96bdbd593d8dc491180cbf,0.41065565,0,0,3
8be87e032a8c05622148357f30bdca3c614a669f,0.445656,0,0,3
96eb80efe1da48f37846aa899260aa0c84b15944,0.043155316,0,0,3
75c2b24c681e314c4e4e07243b31430ba4e42723,0.5774485,1,0,3
276e22858cdd56f5725e0c2f7a3522df99967973,0.050588608,0,0,3
471e6b078a7891aea99b77f200e828a7b1c9bc00,0.05706965,0,0,3
6d7ee38ceed6b496d70502e276f80be6de618014,0.06100817,0,0,3
5cfd99f0dcd0d10689e480f0854e859079f125d0,0.08578195,0,0,3
ed6c47dd9ebbb2e38fb3e17a2b961f0fcf0e6df3,0.044878453,0,0,3
1fe7a43505aa9d00bd9dde45aee77935a5147561,0.488713,0,0,3
387880a630c65b955a3329a2f7b987214c41f6da,0.44198787,0,1,3
cf4416a84203ff9d360d4398da3b166e6d0c72b9,0.3966102,0,1,3
a7fe613853516f0abde34821996a0424882bb919,0.67159605,1,1,3
7a8a7783315917b56b6a71c4f28cec4ed1d91a7f,0.67970055,1,1,3
9c545d44a4a703c88d417a6fa43298a80ee67735,0.6331522,1,1,3
4f73871cf40b6dd05c8872d39246c67f798ed915,0.052281007,0,0,3
41f297809965523fcd021bef20b304b3584d9b4f,0.059105527,0,0,3
03178c8b15f1b522b98ded0f83cfb0e79f5ec4d3,0.040104352,0,0,3
f70741c9b216d3836d047c542847920d4778cf9d,0.040101856,0,0,3
5ca0a1c3564d35293a5ecf03e5f32e6f0f6f445c,0.023164257,0,0,3
4c4b3e2e32ddae35e4c1a6ffce1cd2b2eafa958b,0.10147729,0,0,3
72a46babeb0da02071e47425ebd55da915b98178,0.027763465,0,0,3
9c51e5316babbd370bc32aed0fee134216726ec9,0.05821708,0,0,3
392323e2d44bacdac605c1a4f037f06e21dcc239,0.054262634,0,0,3
10dc13c80752b0489d291b54440212ca54c59fee,0.030293968,0,0,3
7b9df59a96adfce979c8c564dc5eaa6a29b7f25f,0.029144712,0,0,3
818533e92bfb1c142ae4ce5be18ab92d1ae17025,0.08134063,0,0,3
47fa07eade06908ded4206651571e71a2fe684a6,0.04073891,0,0,3
46e97d9e04591e8198ff38bd2949fd5514da0d3e,0.054149084,0,0,3
08cc26e70bf145aca293d55fce12aef835263f53,0.13412504,0,0,3
6c21bdb4a107b49e57c9e5d6598d13ce6f85fc5d,0.1414777,0,0,3
18a027b1f04e420c18ae57aebe8fd031b5ff251c,0.07699242,0,0,3
82b84c0fe9054198099752a66575cec0c47524c8,0.018482724,0,0,3
b10b90b0a3947bea98e3646e7d29f853f3b5c6f7,0.032646514,0,0,3
8c141a1705808491f16a27b53e1ff0db0a2807fd,0.05446104,0,0,3
40f969bc9e162deead55967da3c128e2da933dfc,0.11069598,0,0,3
f348d34fb1ef3c968e2981283618aa85db203901,0.029487772,0,0,3
999761ba1bc5da820a1d2527c4aae29d95a7013a,0.38795075,0,0,3
ce131449a4ca0b06c6bb27ee5d8d6d89b1467bbd,0.03208542,0,0,3
924e1e9064f90d958b4f57e9c9c0c543bd19dcfb,0.03366121,0,0,3
f36090e3141cd3cd6fd58f1f46a30af2582559be,0.0149197,0,0,3
6fe2094e30107512e470571bceac91cbedbd21d0,0.22918001,0,0,3
fb0078159d2463da149de54018fca79a9447153e,0.014373118,0,0,3
73351b6adbf403600521505bef288057beb2bdde,0.017108908,0,0,3
079a07fe18f654632b80b274f247775582261e5a,0.025732614,0,0,3
4158323ee456bd412e7357a4a6bc8bf50deb5d9e,0.022282707,0,0,3
2fd6c8fa1e392f985ee860d8ee154a612ddde569,0.019555666,0,0,3
66d0a9a0a00dbb259425f17745f7dddd7e676f71,0.04232929,0,0,3
e14d9ce8e3c57b7352a647c0a8e62eeb88ebfba4,0.11776629,0,0,3
9e0c5ad4b3148f42f3940faf7d67b305e34bef0d,0.13418305,0,0,3
fa1aa44c7623fb2142e588c59eaf56db7bc237eb,0.119011655,0,0,3
8fdda846c4653b6ccd49c47a9586c374bb20a255,0.04246299,0,0,3
a94ff90ab6cd2d92ccb2eb1fd7913b4e5256f02b,0.7152924,1,0,3
268bcd622685b28c2d50bcbce64ac38f7e90390b,0.748539,1,0,3
09e31a01b51d7418fa0034ecd4cc11848436fc18,0.7479896,1,0,3
487ac1980148522d628e1d2aab50b107c372798b,0.093932174,0,0,3
34646ec9b52192a71e52ffc09cf7fefdd506c48c,0.04622492,0,0,3
7afc1c34fc16ec04f82105f9106b7d1e5232c4d0,0.018310072,0,0,3
00439211981af7b5baed495f526ef8ad76ee7c5b,0.02913955,0,0,3
1d635088f697178660b6e1c9a89d2b7d3bbe2d29,0.060598243,0,0,3
a4a62ed7c1e3c7aae09324f0ad1c6078f0fba471,0.11190172,0,0,3
b3a68ca842841c4b9713462d5f01742cf71a6b4a,0.040542454,0,0,3
2d868410eead061d59de524bada4de9e3d2bb442,0.08243016,0,0,3
813aa11d505b9507b6795d36070806cb2d96e5c2,0.046477824,0,0,3
88b29fa46bcf6f56df4213e1ba7810735a28d755,0.018482773,0,0,3
eca374db08ffbb3dd8de746632fbd74acb8f2c92,0.02928393,0,0,3
2ab17f529d07c1f618ea08d968b2fdf3a382a792,0.02618214,0,0,3
9a87c766bb3137a50656871e5dee5a309543bc7d,0.022073181,0,0,3
9ce4e1a371418e5eacc69227885815f9a4221c65,0.4693353,0,0,3
c7f7da754a911302dcaa6935be6fded84e1ac348,0.018845672,0,0,3
4cbb388ba9099be121f81d75000acc3af93bf993,0.032676812,0,0,3
87497c72460c9c58f829a372d741b386fc2ac8f8,0.02546294,0,0,3
921d0d60d40d8fbda29f14a64e848c70026ea32e,0.028665846,0,0,3
f9e72000a17eb9d524b38a9f2c982c037dd94891,0.32494774,0,0,3
e34f50dd1083fa8ed9fe25fe701b64bd2ea7efc0,0.40482134,0,0,3
581b474f4b194731eb9cb22cdde7330a1ec81c3b,0.40775675,0,0,3
e0d17fed51f5018fc34578699d824c20efc44368,0.47010368,0,0,3
4fc5b3402c58d6a4b317bf23b896ea91d22af6fe,0.028128484,0,0,3
d8e2f892e48423fda73204be3ec239d282e71c65,0.15949969,0,0,3
8d6d088622f8e4ea89e66ccbe097510fb4c932fd,0.42847285,0,0,3
f0943a7242041a16c8f7fca845592e48bb19ac74,0.24173799,0,0,3
d1123894d33922e7c8ca838f9dac9bdceefa3f7a,0.04020536,0,0,3
fb83ba3fdb46537a36832a900f124d4c400f7ed9,0.017342731,0,0,3
e779883b29a67d411493f985de984ffb8088ca05,0.044196147,0,0,3
a71c820baeb91025eaa7f07b172a39500c6f5692,0.05280058,0,0,3
a4eff51bedd73a0ea56afc23b1021187dd03561b,0.028173216,0,0,3
8f6bedeb724fa78583c26423aaece05cfddc04c9,0.023544967,0,0,3
fdc116f0bcda6d1fffbbe505d0687b0406e92fa6,0.017550249,0,0,3
66608db56c41e91ee34fdc1e6157d69b69893fad,0.47566214,0,0,3
5366158572bd88f18df7883ab823ea62b7701d77,0.022806218,0,0,3
2df0a3be66f6fa1067d976d7a05500beff7eda53,0.040952437,0,0,3
e0b2c86c8754312d1e89307fbf84e6efbfa9fe0b,0.21025458,0,0,3
050dfa6f0850174fdf958ce6751d2f06900201f8,0.25978693,0,0,3
7530b4bdceef0ef37af252f0b97978554fb9b99f,0.22364402,0,0,3
a6eda3d8eff423ecb4901aa07339364732c02ddf,0.03850842,0,0,3
a5035d0e1cde068320984d789473e1140adefdc0,0.368451,0,0,3
dff43a0530a6fbd524e3af24795cf6b92142735c,0.45968562,0,0,3
1d5f8faa87a410fdd1141ad82f270ac238293770,0.31493545,0,0,3
82f4ce516c18ef5fb3096f6a90455fce90a5b290,0.044864133,0,0,3
228b49fe2afea3376c4f30f80bdeb70d083a9206,0.09080534,0,0,3
adfa016f3ef7ff262643e0f0a5a54d3ddb7d7e1d,0.034035824,0,0,3
f72b5e65c0c5210cc0be585959ae84fdbc87aced,0.024324236,0,0,3
26d668f6d5a2f202ef7ff6a73ff3cbd7bbdf4b06,0.030426139,0,0,3
808149305ba26224917e29aa0c0089701bd91936,0.024864934,0,0,3
55fd738c86ea1796d5152d818ab4b5060bb11803,0.015689682,0,0,3
7a8dc00b8be18a9271e2d9c2444ba91077ffafa5,0.022159401,0,0,3
34515698878ff0a4641e72486f0ae8a7e30df0d5,0.021741932,0,0,3
96f2b16b3efb93580e6aeaf1da97d9dffd5e260b,0.27464768,0,0,3
b577805347d56f1927615fad311868a3537a9cb6,0.29072833,0,0,3
e366894658914c0f2fb41cac003392b0dfa6e4b7,0.4770712,0,0,3
3411f29e2377788cdaa5a4eeaddc53355f085a78,0.05371134,0,0,3
880b04814c564ea7a1bb8fe97c15b4735c67e8e9,0.011419194,0,0,3
8ef033be5c92a895139b4f910af5a7048f340cc7,0.079895526,0,0,3
350c477161a0d1df94efa02109ae07e6acbc527e,0.027243804,0,0,3
0880a21c56cec1a2442b5123c3845bfc99e83a7f,0.028435709,0,0,3
84143c462986417ccfc5e8c05481e983cf668e2c,0.016937511,0,0,3
f16d5b1722eb55c2d55eb623999f16799b088b98,0.03301905,0,0,3
ac37165ed7a22cbdeccfe348b10245dc83b414b1,0.036152106,0,0,3
d9ae4e2601d4c0744bbc275b6b4f503477b789ea,0.03728603,0,0,3
7c1a59fa7ab58f5f7cdc124ff2667cc501570a4f,0.025809526,0,0,3
93d35c8f291b8953f8460c0eb02a51cc6d6cac22,0.74119,1,1,3
b77184a2189c8f91100d148354d1fdf38e83d13f,0.6925169,1,1,3
f81e0465460ff9abd450eda836bbb4f9b13837c7,0.61540467,1,1,3
6fc152e4177e0482450b13eb7fe496de677ce5b6,0.59563875,1,1,3
0c9af5f450ce73da9b791051f861cb9a6420e0f1,0.46837544,0,0,3
11409e628b0461be3c268f81642ce36bc4b0bf84,0.2513,0,0,3
63a9488f2910434851e98a8fc0ec8c053b24083b,0.28052947,0,0,3
d70736425701b66bd64ad3aab3941bb930a18b66,0.23655926,0,0,3
7331773448c1f2e0b24deae4144db0deec85fc07,0.26433143,0,0,3
11a7e62a898e54d66936d1b8b67cb5e62578ba98,0.24268942,0,0,3
0484bdb3f61d309ff62da4df4be92cf139d19f6b,0.28786173,0,0,3
f9f632e7056cd9d2b3c88bad50fe0597610e2eca,0.30220485,0,0,3
a3fae474e5cf5084c89835fce1950991aa678a41,0.21225753,0,0,3
f3108e2771083bfcf02c9c67ebd70a3ac0ddfca8,0.5209087,1,0,3
521b9b3385d73239b96ab209cb34ceb5c1c1400a,0.56278634,1,0,3
d7a1666f9a89d9a517f5fbaf283e711046fd054e,0.4492678,0,0,3
022a020bde5afba4f2e9b6753c199386e79d7825,0.27474925,0,0,3
1b5aef881bb3acdcde5d9fcbb6e43ceed6db145d,0.54816246,1,0,3
0caba0845d4363025e619eb3db6f3138b2c3d394,0.4724872,0,0,3
8e71711c1caaa404d84ec6682f1b7b266064c2e9,0.0819259,0,0,3
363be2fea66f861d7ec4f893a05901fa0c7ecf92,0.44867772,0,0,3
412a8a0ba61c84d71c0cc740ba7e50c10f3bf9ae,0.52666354,1,0,3
03380256795725c7d17db97d882a4c4da3b76b8d,0.38171974,0,0,3
653b46857a4a48252bfb094e39ee9937b2079fa2,0.379819,0,0,3
748cb609306ee5a046a952a0ca13974ef0b6e770,0.27529007,0,0,3
0f9ce497b0c6841e3aca845336ad095012c41da7,0.040024485,0,0,3
36ee52223387eed452c266490a25b4c62f49abc0,0.12485521,0,0,3
a8c6d43b5a61d8da784f0ac188d40b88a15dad50,0.1583501,0,0,3
8fe2360920a8228c10cd59ba0978df701174c961,0.2444404,0,0,3
a3677db89ef3863e8ac7cf578df499f85d970b76,0.2186289,0,0,3
64c51505a82baf8260a34c7e83652ae3014009e4,0.27074182,0,0,3
ccba0cfc3f1b81dbaffa5153aeb84d48cd7630ff,0.287849,0,0,3
e7c42ed0fb83faa2b57184cb72f6d9e8b621ccd5,0.32570785,0,0,3
633de29fedf11544f2c3d5052890cb014e612bd5,0.090513654,0,0,3
362ab2bc41697980391c4a61c23cb3ef6bce740c,0.54272246,1,0,3
fc9d93db68a3c33e5ead8c7ecb187fdf0f06cc4f,0.069069915,0,0,3
66a775c9feb7dcf00c28a16b7a365af4372886f8,0.030397078,0,0,3
a6a48cfd370b226955a531e678016db414ebeed9,0.03706511,0,0,3
dccc1255413adc1a212dbe3bf40accb70ccd44ef,0.0528053,0,0,3
83b70a377f79ba90f846b3a720e6c402c63bccc5,0.08247288,0,0,3
819318486d9cfb430749ee33d3c5c4ec4417babc,0.2949437,0,0,3
827d9644c864336fa84f15744375ba7412da047c,0.028901104,0,0,3
af6bbeefbf197f50d194c7f20419c2a4590ad630,0.06207531,0,0,3
ae8f5f04574be75727f5e948e04bc649cbdbbb3b,0.19043401,0,0,3
b9cd3558133ae9f26aec73e0bda3a8f635d137f7,0.57526296,1,0,3
f672e826f51824582273fa1f5b6ec37aa5fdb2fd,0.39404932,0,0,3
72df12fb2ba453afb57cf185d25c502d4daec6d1,0.05361839,0,0,3
7b42d43fa0827557f51cb4111c89fb2a78512c68,0.40423897,0,0,3
af1b5872ab8355acea3197522ddf94972b3c8386,0.07905929,0,0,3
5c753a87c328678f16bf89e0178448f04194f0b4,0.0730879,0,0,3
0956e2d2338531a96f2ff7d4ab405acc1b18421e,0.08926847,0,0,3
6563275706015b000cc5bf14be7fa9322964bf49,0.044433963,0,0,3
e9e76131f35c112046b9f184816683beab605e9c,0.03858552,0,0,3
843267df5a0b44145d5b9ee9153d17aa5e15cce1,0.7034506,1,0,3
cd64fa339a97300c64dfc434483e478a58f507a8,0.05818674,0,0,3
b0b23c179ac55334f760aa29fce262c73a909268,0.052087855,0,0,3
dff1a0953d97d46290750a46d01be1e1519ae698,0.7539122,1,1,3
35e0ba449325e759e04203fcaa71920cf473baef,0.6796414,1,1,3
e508ad09d79302d3cc6b86077d4a6ddb0679a0f5,0.5028766,1,1,3
a27ca511a591caf813c26862a888e90e54af19a9,0.6419334,1,1,3
9be91f380c209f895da36d13c40b99687bb4c8c1,0.06301956,0,0,3
09c55eb8120da36aef1807628f87bde83749428b,0.43344194,0,0,3
05edf06360cc8a1a61fbd1ce5f9abf5d83f9d3f9,0.028591849,0,0,3
9df5e9419d83c11b4a2c3421c5ff7ea1f544366b,0.50563246,1,0,3
ed1ce82d822ffe185875b7b7d38352f20171c096,0.15961544,0,0,3
10e38114032cb4c585b29e946e1d70e05d52a878,0.38114232,0,0,3
d71ead41fb685431dad02d4bb7cb5675e196b8f2,0.42932472,0,0,3
e7b4025ee0b6152f9bbf7a72a317f977402a27f7,0.33634204,0,0,3
0f3648f749b7b67c2c61282297569657ea6220dd,0.40547547,0,0,3
bf915848967a6e35839e5565e98c716079980e18,0.39413708,0,0,3
7f74708201c2ab9f5d1f83c7052487116b8f7114,0.43038154,0,0,3
97dc91d1545a667b4021b6507d927799e53964da,0.6440227,1,0,3
d9979fa97865b7a57b9da975efb6e6c4d80b0cc8,0.0935079,0,0,3
6f27b4ae8f8ecb62698e760ab7df3973874b1f51,0.37199506,0,0,3
67ef6efb61f3c07e1359e083bbac5d90953cfe43,0.52771324,1,1,3
1b53f09c3a9dcd64dd281c1955b062fc28999366,0.042816527,0,0,3
34adc606601cb578486d4a019b4655c5aff607b5,0.4185741,0,0,3
b05bd69cdd841c02a3b645568ee5478fdbfc07d1,0.29506686,0,0,3
e1f30a1c32eb292e51db274adbe2fd6ed09b555b,0.09825889,0,0,3
bd82fe9fc034e7921eb589420bb4b86dc767a11e,0.039621327,0,0,3
13e0ba5aff3fe14eb0e1d748cad4b9f99e681ca0,0.4334984,0,0,3
3b7deb943877b0c2d8627531959948c5d1e4d3ef,0.5690537,1,0,3
b657c914c0005b37e24c1cd74c5f4ce886147606,0.47046742,0,0,3
a61fde99657c1b9d11e8eaa682181ea59e65814b,0.10407081,0,0,3
29c067466ed78c3e7948fcb8f0d25b3d984a1a93,0.03252153,0,0,3
fd86d06ec5d3b009f3882dda7903e9913858ee14,0.6707409,1,1,3
a43b8d68b8b7e6d7f23977a7432880290e6c6933,0.6883973,1,1,3
31e4a6df19cf4a13f8f0e9048198ce7488ad2614,0.6662457,1,1,3
3c0c9d83e27e436f9d3646f177bcb0ac2fecbeab,0.5246391,1,1,3
db7a08583a5ebfab310efde6d0636f2e2fc108ad,0.5544361,1,1,3
015e3cd37d128e4ade9b2d49f74f3b4fc07d82f1,0.482503,0,1,3
8dba68a38c8bdae91c15e4eab35cd83c427d8e71,0.5581631,1,1,3
bd15dc78c74bd9eede3419b70469511f196a3716,0.32806182,0,0,3
c3ff46e30397bc0355584c593d500d2564c1c515,0.14375776,0,0,3
b2d4b2ac3a738d97e23e53cd459d9c57ee8827c5,0.49728164,0,0,3
3e24c28e68e617735b25791b0bc3f67f31624ebf,0.5914547,1,0,3
b1a8299ad223c3b2552f6d03e51c2ecba5df46ed,0.09293644,0,0,3
4e931386569c0a28b7e47c52d199aa32b6ca32fe,0.49033275,0,0,3
ed98d264cff306f7326db096cddf65cb26ff5498,0.03522255,0,0,3
1f07a0bf70049cb0a2f6b52ea7c261da5adb1abb,0.071224615,0,0,3
60bcdd450d6950da981d70b8b08379bdd744c82d,0.0196108,0,0,3
74133837585f81d1c6434ce32f73fc8694d5f132,0.01525758,0,0,3
0e9f604e87a5b42b27abc13a9328846cadd640f4,0.026467567,0,0,3
53a0a9ff85666348a38054e335f5b4c5355a6419,0.04185567,0,0,3
73f3e2b3d6b3f4a7000187bb3e6a4d82b118d3b9,0.05723604,0,0,3
b295635a87da0c20e5e2495103d4877ef0187d4d,0.04750109,0,0,3
8f88dcfc902b5bc86a239756afffc9f3813d245e,0.3657859,0,0,3
815b269deec60ec69f4e5e5d555afe9b98c18cb9,0.36269695,0,0,3
2b0658c59d6285547a5c6de7ac71c7cb134ce975,0.16730066,0,0,3
364232f781d0cc91cd4b83012e1f49e62fa81190,0.644535,1,0,3
e972869486f85c3424875a443eb04bda2eeb6bd3,0.07827971,0,0,3
780b2281d86cf89cf5dd717c1cf54bbd48783654,0.39291474,0,0,3
06c27b37ccbde70514e035a50ba0a6ee1ff94ea3,0.29661065,0,0,3
1d1c41945a50a740519131bfff4e1875de69dd6b,0.47732246,0,0,3
71e40d0b30fbef976da3595fef8736a4e1245466,0.4022751,0,0,3
f781fcaf0f19766f7c9105911613f86d22b2091a,0.29490396,0,0,3
cb8cf1574f99fc51c9e67b9456ea4d494fd4cf29,0.022842292,0,0,3
c63413182017e069393963d07570ec69f373ee1b,0.68833196,1,1,3
8bba18089a1acf29f9d2433efc229d5c851f42b1,0.308369,0,0,3
f295b186fd8f6c619d34a8c69c6a1307f2276779,0.23913302,0,0,3
02c7974c113cc2a51d6741491080058470265899,0.46648616,0,0,3
027c193cf1c012cd5bae06446496136a582c180c,0.4171292,0,0,3
4a10030ee78ea8da944f6d52e3c671799d73b5d2,0.42867643,0,0,3
5166f3dd04980177e46293408d998087040d4c19,0.5391949,1,0,3
d37041ca62ea9eab6e777bffc15ddab49941217a,0.3661573,0,0,3
53e5e3fa8531bbb4d70523197215fd19b89c1a76,0.3517387,0,0,3
62e6242804e4167f5c476ae34acc784009a1af0f,0.041135196,0,0,3
324e8b4d43f0260b4857dafef46e8c5f349f633c,0.087552756,0,0,3
9fbc2a346b86872c397ff891d379115abe5846cf,0.5797932,1,1,3
c5a15b2b66b6b4f018589d8f60cc7acc71861822,0.5617355,1,1,3
ebf108170e9a6215176174d84313a0564ddde0c4,0.509169,1,1,3
f1984c42b64788a0737c3bd43e4da95e015c19e8,0.14561948,0,0,3
904b790c41d6ec4629921befd1c5286e482fde57,0.5453866,1,0,3
c2abe862ecb7f980260a7b44d907fa116a6bbab9,0.3495575,0,0,3
19a56adb00295d528015045cacd443ff10f7bcb2,0.23347832,0,0,3
e2ea5359798ce8dc77d4b23b0f9b4df33b37f940,0.329327,0,0,3
ce4385a413dc822f8849678608d0bbac2defbb81,0.46432176,0,0,3
c11215195bed3261d88486d0ad1644080afbb97b,0.6012276,1,0,3
7048667393bc4290f381312243d13688407b9350,0.29856658,0,0,3
b188b5ccc0f1f8702313eab62a5dcc164f817200,0.15725662,0,0,3
4efd950d4dd822f3e087db9830d09cfb3fdcb541,0.41255274,0,0,3
cff6e00097bf7dd97a5404080df3bf7e95813a1d,0.5178084,1,0,3
27214015c725619e0098e227fd29816d0891d4c5,0.52378345,1,0,3
f8fbfc9fdca4b5e9ba1a5608ca17e7b6feb18c3c,0.23477162,0,0,3
0733d7c2ba214415a8d2e4efba5c6e26b61d3291,0.16329645,0,0,3
d8cdd5eeffe9b63949129d09f6b0c7ad2d517e90,0.31176353,0,0,3
e2cf4811ba485b0bb29d7d80bc853666bfbfa958,0.4822224,0,0,3
580e0d1e26ab2a9275f01506f3af56fe8fc32988,0.3719143,0,0,3
3ba27e9f4a29be1922b3a19f9c6c5127f93027ab,0.528854,1,0,3
8fb1341ad7c460286211f4f2a6be41bb5782653f,0.086919956,0,0,3
041507d3aaf718ae536f9ab66e4eeb4065cb339d,0.48729092,0,0,3
735b1b59862dc1b5f7e60549aa7c33dbcc4095b2,0.4411935,0,0,3
60595251eec5979e14540c6d00043e24905a7404,0.14777447,0,0,3
980366284db98e0515dc5e827aaf4f750699bc80,0.56420875,1,0,3
6c2dbf2885fb4602b8e42bd208ebef66df23329b,0.22456907,0,0,3
cb6ee2cbdeadad5d277a6e7293d88bb915090c4f,0.4871062,0,0,3
a00624cf27791193be74a610723a9a0b0980d23f,0.48233,0,0,3
911d59f46d0dce2e07a93dc0ff705154f568b7ba,0.62269217,1,1,3
1aa543286acbcb3c23aebaba003fa024a54aabb2,0.5986547,1,0,3
f418eed3089d74caa11affaf947a40b774e9c8cb,0.42394003,0,0,3
a13691b5be40d31099d39f7c8f3ee9970ebc20fa,0.05149991,0,0,3
3e8b8aa06bb7742cd1643fad72d7739cda400010,0.41561678,0,0,3
a1db4c96f62eef05fff532b59300edeff3ef21f5,0.10445705,0,0,3
5321c7ff2ed082524bc319e44f0aedf7ed8960cf,0.081262104,0,0,3
9be73347bd09934dd0c99d32bce9c4e12fccf6ce,0.056059312,0,0,3
4362e02ed0404d12ca75ee3476d4a32f9f671811,0.088771895,0,0,3
d3f0ee5e0928122b41ee25e2b4ab09bdca5bd00e,0.035558295,0,0,3
f82b5b57840389fcfdc4f16cb75703361d6ea059,0.0491354,0,0,3
51d564f738b20621e4e14649bc1b15c929668e1a,0.116201855,0,0,3
5bd82306a8e44e2b9ff098f29ebf4c69c195b9ad,0.07265535,0,0,3
9959b3c5a777845aa19040a5a761814e483a6483,0.13335441,0,0,3
a0611b06f05e3c37c622f48a783836f89247c237,0.35370573,0,0,3
f02f2e54ac7d88a6b7ee620e45e1bba878c63a56,0.018456684,0,0,3
98d6d15235e046762f3b09294e896994f616627c,0.061714977,0,0,3
fca0e6ecf6012ee47fbc92fef4533320c1e3d849,0.08307575,0,0,3
db642a3c3ad93606d27d6e277b529da3a50057e6,0.048637304,0,0,3
1929834c27a931ab505f7a389d38fafd10331d8b,0.0735545,0,0,3
a5cb9a4b4a196bd2048cd21ed2fef175bc1181cf,0.14470312,0,0,3
c2f1b685abecfc11de76ffd0a28771f41b566782,0.15221505,0,0,3
30b6759387b4402987f6f4a6100fdc78e8bf755f,0.055749632,0,0,3
50b126dc0eb075a2193b670eb7ae2089896ba283,0.094364434,0,0,3
6b08874607dd51c9d8f600a96650a330cd9e6b95,0.66635907,1,0,3
c9685cd5e462926aa401fca7321ea23927492006,0.06438601,0,0,3
ce8d0f7a47f7caba8ab937389c59b68b20f6994a,0.53352886,1,0,3
98b8758e761caf659608f48fc5c9e9056f911050,0.17291167,0,0,3
95b2fe97c7f191e43b7fe11e8e027d87eb47f15e,0.5576861,1,1,3
79237dcd2bf537d56ff8d73f897cd639af7bf8f7,0.6034905,1,1,3
181affd5c937755f54ff31ef056a6ec091e95f51,0.6418033,1,1,3
c334a1bca8338c92e76f0f1cf2ef4884e3eb5dbd,0.5480073,1,1,3
efa48b214d30537bb184884ea30ce817bb350153,0.6072836,1,1,3
b45c4bdb496381b5f90df6872edca12e0a2e68ca,0.6007413,1,0,3
f8489499aa6d460a7548b14d516638b0bd7b862b,0.63634926,1,0,3
76a2ac814caa194c46be1cf7a3f5dc129546b1c1,0.17405878,0,0,3
31fb4dfef212791f86f052ce8a3adeabaf830cf2,0.19722714,0,0,3
ccfca8f714055cd9fbd00cf7e847b880132cae69,0.12018301,0,0,3
a29815abf4f0e51b332a8af1b83ad344104c14d9,0.60266286,1,0,3
92e6d716069686583b852a6dcf12af986d6dc694,0.68750983,1,0,3
d105819a0e72765ff5ba4efa5622d727360ee2b8,0.6765532,1,0,3
3aa6f11785a2f1b3b09df328a02a2c28dfa0bb57,0.49100378,0,0,3
b7a82a918f0a595a96047f7eef2672fd95d5626c,0.5295022,1,0,3
52f3240d90f2397cd1850ab11674ba08a0ecb2a0,0.5608838,1,0,3
d70fdbc40195077057a1edb14ccd16a26435d007,0.521606,1,0,3
0751f97bf6677c3d55aa71542d572dc8fcb9e79a,0.73246485,1,0,3
e505e1fea57e0ab9f1d5edab92546d778a5f41e0,0.3869258,0,0,3
b4380f20059dc9e4ccfe2b709587e8069ac0fa34,0.41705924,0,0,3
32a9c6d42a3a48314d3f9fe2956bfc8bf49ac5d5,0.54162824,1,0,3
80417356f04c5ee1cd6f636e9b043db3f2de24f2,0.5767474,1,0,3
f48bca0510703b0673709b10a806a9d54894a999,0.6005197,1,0,3
f1b54876ab8893a5d9c0e3d7c1a9c884e683dc8a,0.15509355,0,0,3
c82f703768eb8a122546de23e412a037aa1770b2,0.5430862,1,0,3
36a02dc549f32433d7329444455dbb1be2e67f20,0.6602995,1,0,3
fa8957d7939b59e8d391fa17000b34e865de015d,0.7036026,1,0,3
5acc6a5502bffaa66be7e859849856de0ea27acb,0.568274,1,0,3
b58789c5badc4f9680ec5724568af05a84670e22,0.039059047,0,0,3
9ee3a16179cb65f5fe4170257ab7cde558f1dbeb,0.07664409,0,0,3
4ed0bdf1c73fd82d3080d15085675de96d5be0aa,0.07018427,0,0,3
4950ad86a16e63fa26d51cd709e39666008c5fbc,0.049514644,0,0,3
b61362933f7a564d2ae0b7d6b9723f79f4948769,0.27297586,0,0,3
f28aa71041181867a720134e26b64b03cbccb6ec,0.3645713,0,0,3
720b988fd8d7a50fbe922e6c73a3681b1c566331,0.42544985,0,0,3
9d744f7136f23da9a5f9324432b300b5a68e3b39,0.13238695,0,0,3
98f54c158acb12a26fa6f335b1665accd2aed347,0.45943642,0,1,3
22c6d087012fd55bc65e578a27f2edb66f4d3808,0.5753002,1,1,3
890b387d713d04c22406db6d5a5fc9b51bec2df5,0.619387,1,1,3
c7d56cffbb4668d0955ef00196e08f42f2efe363,0.27790803,0,1,3
7680fae14c9f544d0585a7b150004a1e48fff53a,0.81005216,1,1,3
136c5ffe80e558a87cde01baebf823b06e3cbe75,0.6955083,1,1,3
8769d0f2cc4b7555dc025b7c0e49a81346a1e2dd,0.61371523,1,1,3
4b5cda5a2c6ca613db5129d50ffffce2604ad9eb,0.1455993,0,0,3
2e62764c0c386632e87ee8d12d0505848df1015e,0.4890613,0,0,3
4590f14e97beb6d10ffb7b5dd312c632af155ed3,0.3484174,0,0,3
079bcd0339f30343c01c5fd3d5521be4b822d30f,0.062658645,0,0,3
29283b775291bf03cd9a7e1aaa496faaa5757578,0.55359584,1,0,3
89321a2dee438328e75a11954e972175c78f0a2a,0.02455138,0,0,3
1f3e72fa069536ae20f37b29575288ff65e66803,0.027695099,0,0,3
c7720ca4c232d317cfc800a04eda4a1d5a44a944,0.3551686,0,0,3
a747456bfe077da467ff036172968a37f3b1e893,0.27118862,0,0,3
2f2c8b1cc6e6e731f7bc52b0988ea8316f475004,0.36997965,0,0,3
013b445ede8d9e7aad4915859d0c869b9b712f8d,0.3542012,0,0,3
f4e754e66e3661274df624bc328991cd88dd03d6,0.2936856,0,0,3
741944332d5bd90112b610a8b5f2eeefe51e08bc,0.022677815,0,0,3
4c7d7523088373be3c7ff203ea895d5a6d84083e,0.08492132,0,0,3
f79c9365d0ee89cb407b90cc084eece8fcf9a8a2,0.1480577,0,0,3
8714dd031647be34d0d27f461894e7b194f25cd7,0.54885095,1,0,3
83406b73e70a251eec5daae34f1bd8d554cdddec,0.15355352,0,0,3
2f956f46580e5b4752173e885d37a20fe31a78d8,0.36984485,0,0,3
3f36b7b50bdda3eeca632ad5440bb82b8e34cb40,0.3618965,0,0,3
9962a0fd02fe2ef06765271605b06729af8b2e59,0.15431438,0,0,3
5294c64b342818e021800b38413f36f426e35b3c,0.431038,0,0,3
5a45ae3b1deb5117cb9e9a13141eeab1e9ad3d71,0.23802148,0,0,3
efafa61992658eab64c893e9eef49f545d75673c,0.3522875,0,0,3
630830476a6270e317e84229996a6bf92bd903ca,0.5765184,1,1,3
14097c64d243794610788d3ebb2e81ba8fd867c0,0.6700605,1,1,3
f2615d9a611db401cdedc022112c87ad938b5680,0.6103549,1,1,3
a24d624aaabc14a455d18450d9127f88d1b4f8be,0.49917108,0,1,3
49169033546d893dae3db903a2fa6af712f125c0,0.6775863,1,1,3
fa7588c4c0f8d403e4815fa72e3b8a3bc98d73ec,0.71409386,1,1,3
367fe13b46a0b4dda56b7f12273d6c9afb1da23f,0.65446717,1,1,3
368588b5c5c4140f39ea8b9a8ceb3d1af0708804,0.51842505,1,1,3
30ee10d2740fe1f28595989c6b21f22b75a147fc,0.65802056,1,1,3
af9fd052d1c208f191fbdf85873f965552465598,0.75146747,1,1,3
0a711ebcec7d32b66ab3c90b2a1f48681201e557,0.5841557,1,1,3
a4acf53336a482f50335d33b4f650a70c9243b7b,0.61006796,1,1,3
c26fa78817f30cc3eb91165b783e07fb80d80f59,0.5691998,1,1,3
944291b748bcfec4e2f3c17623884db7a17b9f21,0.4478003,0,1,3
c44f982e89b63a97190638cd12bd8bee2bafb883,0.5089608,1,1,3
fb46b941f7763314d667c437c06b1675e61c3d38,0.6745131,1,1,3
e9928c94ce1385ec72028336417f19f30ac38ac0,0.5384127,1,1,3
d4021487539b0f7758ec644f2e0d83df95c66bba,0.27088693,0,0,3
ac62c1c29f319a97a2552c39f32c8e6acd70c9e1,0.15316929,0,0,3
dc08bb8ea6cdf01188f6699559e779e6cc296287,0.71385825,1,0,3
82b8ecc3275d7c3578a6531ac3f1da3ffada9dcc,0.30624408,0,0,3
36ce032b612fc0a1156d28bca7327e06337c8815,0.42159513,0,0,3
2f22533ef41533e2b839a6b41b262dca59e6dbf9,0.5326246,1,0,3
39a3cd0f4210dbec1ae8ef39a87d34b76eac91a3,0.116202176,0,0,3
1f470253c46471033048383c027192e757480492,0.42364824,0,0,3
9c40a7bb3c9aca51d17490960c988dfb7b5acebb,0.3634684,0,0,3
7f8e952abc4d2fc4b96c97a51aa25fcf6ed8af02,0.39097005,0,0,3
bd0b5af025fab9cad8f94260138741c252f45fc8,0.44173828,0,0,3
e036d60d8a210d5ac28b2e5c51a45ceb82b58f09,0.33970755,0,0,3
626014eaf093fc2e3b53f5ad00c425bc209e1428,0.5178996,1,0,3
5c85b8dda5f3047732a17b818256b9289274d071,0.035227466,0,0,3
ea402becca436dc1a8e47ac9385a3db475b49355,0.2594801,0,0,3
255f10834a67cf13518316de0e2c8a345677ebbf,0.5544984,1,0,3
044de16c14076019f87763b7b58c45664ee57c11,0.4439223,0,0,3
e54ca615f213f5db6d34d9163c97eec98920d7a7,0.36182213,0,0,3
07a42d3ffd034e467e49b5c449d4f5f81c471cc5,0.29385546,0,0,3
e6da0f682436e1387ad68e86edf7418c0f7cb368,0.17447719,0,0,3
59ec4f018963eb55e32fafc2b924826c39c09682,0.57444745,1,0,3
ece4b70cce24b89483236b4cff079c10597d680a,0.31304103,0,0,3
09d28fe7995db1a4da2c651d362007d2082c663c,0.39097583,0,0,3
98c27699cbcf65c3d9d655ecbcd67adcd8b45b05,0.3706442,0,0,3
71cff7c5940b7101ff098601850d46b7a4698180,0.029057933,0,0,3
89e0607cf6470dda1a6a47b46abf37468df4e50f,0.3142621,0,0,3
6fb60857be1fed21bdacc4ce830bbf99103b6fdd,0.041828305,0,0,3
3634821fa515365618209f0452443728e7290fca,0.42017183,0,0,3
2fd62ee4d524c270764e9b91dca72e5cf1a005b7,0.21540973,0,0,3
a703ee75c40e0207f6831c4d48e1c7e62f160305,0.046677098,0,0,3
fd7cfed070c2aab60521afb7dcc633a0b7abea80,0.35075802,0,0,3
1de41ef4baeee1c95e245837299f8be265294445,0.47659668,0,0,3
9491d7a61681f7acc7103a6d1d45efe96f7981d2,0.52703327,1,0,3
2d3203b10cc8edf71a6e3e0822f0d742c9516aa3,0.45670223,0,0,3
d55a572e5867832f6d5755fcd46101da51a38aa4,0.38931003,0,0,3
170cfa758547b4d9be50058ad93cf60ce0da5564,0.46221688,0,0,3
3783ca4476fec8186c867e4e57084e649c318c6b,0.32218274,0,0,3
4d996d1bac1bb1886cd9c473ba00e53e3c19cf3e,0.5134111,1,0,3
445cb9dc2f07553f8e1e5f7c1150f00fbb05c63f,0.46541488,0,0,3
ad80bfe559e7380fedd7998daea5f27393ab643b,0.48922682,0,0,3
3d2d4fd1588c8eb3f67f34d75b66967d0c7b06b6,0.04402768,0,0,3
d54fad867da7f762ac4c0d947adffdc1f8f356f1,0.3739048,0,0,3
12bbaf3550d56bc945b50f538b5f18af93bd316a,0.03528547,0,0,3
150c578edb161bdb2e8c039f0914984f570ef8f0,0.5025944,1,1,3
af977adc43a071a09652fea4ce3deba2d5b8d171,0.39117634,0,1,3
e021734b62ea5ac273e516b4ac83727cbb99ec08,0.35552564,0,1,3
b635beb6efc07a97c143775c78a32d42b3b73c8e,0.3990846,0,1,3
3fd2492fcce073f0c36e4d7e23e34881557e6e5e,0.37908897,0,1,3
a918c493296c88da94b36600213c7c188f2589b4,0.39425293,0,0,3
9181e1d536bafedcb3587ca30e5b6e2d66f06bf0,0.48896345,0,0,3
cc8bdf1d13639d12d02170d40cc4890180bbabc5,0.45050594,0,0,3
33ee5497490cbc97f3eabe9ef7a6391e4dbee8bc,0.51085556,1,0,3
dc61e510126aaa1a95a46fe39bf1529f394147e9,0.32643586,0,0,3
d320a457a9de67be25a03f79e1695d549a0145f3,0.3588112,0,0,3
94ae6c84d22ed33e158b3cc822ca4a0484c829c9,0.30190644,0,0,3
e9e36cdc44a68662885e35773187cca00d20239e,0.33785886,0,0,3
7d4041d827aed7d9f3eb14310b824a2faa96b8b4,0.19060391,0,0,3
6f5f99440e7117ee3bb6407e06745fff14bb2a4d,0.31464893,0,0,3
3eb4be60cf00c20e46b75fb72366dd0649700c2f,0.4503287,0,0,3
edbd9842cfca892b10c2e9c8da0384fe005cd67a,0.39144272,0,0,3
bc8e23808b9d8d0c9b67270ef35d04ebd9d89cc8,0.08626601,0,0,3
635e41ea181c5fee8860a7044c84ae3557b51189,0.3315093,0,0,3
c4ddbe6456c9631c301171098a8ac016eb4e582c,0.28096753,0,1,3
63f1d6b83bc10a2880f5ec17a172fab284d2eff5,0.5594873,1,1,3
10e18ae9b47dfe04573884739823d64825105694,0.68576247,1,1,3
d3252a5ca5571e0a97e9a31966ec6b847a3a8574,0.086840965,0,0,3
86c76dd5ea04d1881a52d79113d6dbb1d57c38a6,0.35628968,0,0,3
73a8fba6fb23af45ee77f52f33bb8d791a9caa05,0.2544873,0,0,3
e8db7237a9c347d2225fce9b49ff92bb741adffa,0.04227493,0,0,3
7af67bdd16a4f103bbe6334c5a865436c900adfe,0.678141,1,0,3
71d7c3264239c55b6e2daf89c44c5685085f26dd,0.4290001,0,0,3
958029bdd45c3e341eb146031ed38b4487d7b0b7,0.38194996,0,0,3
5556026ed1dc17e70946a4a030842ade3a33baeb,0.42352277,0,0,3
3c92830ec51fb6b6e9a7ca2fb8fda324cd33e48a,0.4634908,0,0,3
0fe9685c8a78ba2d780a3ec1e1a323990dc6d218,0.30779496,0,0,3
bd7788b384a87024ddd6bbe6a9bd9a167cf2ec12,0.5228781,1,0,3
dfecbe970917754511a081f8b86efac211e624f6,0.074491575,0,0,3
ef51b068aef14fa347710497cfb67aa9c6e65c0d,0.124807835,0,0,3
173c162a45b4be6fcbf7a30c44d1953062a25086,0.39404714,0,0,3
c4c03a33c8b8b94eaf75d368473bdd10a21cd0df,0.3908151,0,0,3
2fefdc7dc3c9afbbe534ff69db5a754be0716b11,0.09397446,0,0,3
f525bc3ccd9cfb69603bd9778998263a458415d0,0.37841088,0,0,3
9072a7615a54d5e753cf088326d9e14f1a5a6751,0.18549624,0,0,3
11491d355da8a851d6badb6348b10d8c4acc9d8e,0.05058753,0,0,3
2bc2ffde1f4752e7a8c7ea0a51c559faae194786,0.4478057,0,0,3
35f1cc00274122c0274b522d0b544a06faaba931,0.5179822,1,0,3
98817e88f04cc6757c42ae52d653b63cb85af486,0.53014135,1,0,3
83775c432382b9c0367362491d0dc515bf0e131c,0.33406916,0,0,3
a498b87dbcaa0a61c6088d7156258a3cb06638cb,0.4171823,0,0,3
34558845e3777afdc1bf90ebbcb2017ca17aea86,0.4254449,0,0,3
59985b43f0868d9a4a588d9ca1debd03108f8cd9,0.65350896,1,0,3
8ea1aa1e7cc427c28a89878fd2dfcb110c992b20,0.43366584,0,0,3
d4c7f63054e584b69024664bc2f221faf9863519,0.505562,1,0,3
20c733229df741e57b8ac205788ece2d563b2f3d,0.3968043,0,0,3
3051264e1bc1d41a29c9dae7935c090568f64af4,0.39643753,0,1,3
db0f2304bd7c3ced65cbdfe9e17e80fe0774c13c,0.4617038,0,1,3
2f67045b9647de10ea5d01d8d1e98ac7de3e1cfb,0.6304641,1,1,3
7ef106b23772995e4307f84afd1bee4e2337ce0c,0.5561788,1,1,3
71f6746f81bb9650f6f228ea204d85ba2c5b7392,0.6318058,1,1,3
2ed96f00f724c3331d6b56b6b5650b9632f43954,0.24403478,0,0,3
3720683699bb830a4aae6fb66a78ce7079ad2c56,0.4704605,0,0,3
df37e605fe4b027406bd9dd85b320526ab12a122,0.1599306,0,0,3
4ad74f449258781e9df189413423ffd6ad95c526,0.21913952,0,0,3
d81ea83a0eb1761bb4e90a91f3b70f23f88a7d2a,0.6796363,1,0,3
e2c0ea4374c02539ad9bc6c4328b74f25eb72405,0.22355452,0,0,3
cf42ae522e12e9b412e1a1f008ea73cfd86a5979,0.08134242,0,0,3
fb7335ab163588fe6ee67ef26d3b3edad5cf4bd5,0.10758938,0,0,3
e580d35e1a07431109a5835411142bd1c1c2b3b7,0.5667611,1,0,3
ea60fbe0633082a131bbb18de94fa60a04eddcc4,0.04981341,0,0,3
90e31fd93fdcaedadcd4b030fbc20f7375672def,0.39549714,0,0,3
52adf52e4669b54399fa50f2624826c06a19cb7e,0.3912901,0,0,3
71e515ab6d2007d34d96df5604f74c6fba92c0d7,0.41208443,0,0,3
6d23e85570fe1139cf5ef3bc9b4e57ea73680b6e,0.1059295,0,0,3
cb83f7cb31e50f265e098c5380b3f0051e257f46,0.460188,0,0,3
2584b4a0ef536e59bf28ba140844597a093d848d,0.44989353,0,0,3
cac520971206093d32bf17925f880bd06d93f736,0.15104395,0,0,3
6a99050166c945a226d5f8275ce4a9dca3518285,0.6782272,1,0,3
6dbb48c8e685f65f45ad5df9f7684bed910036c8,0.48423192,0,0,3
260e0e0cd21af7b03ab0dae33b4978233db67773,0.49905437,0,0,3
b5749b4f54b30c0c2050e456c12cfcf516434f13,0.08431026,0,0,3
07ec8ad2dd862c8669b2557b995ec5180663d73f,0.5515572,1,0,3
28656559d2fc67193a84d5cbc48d378b2016f74a,0.09132677,0,0,3
0add1e8975336c65513b26123d48b221e2515ddc,0.6196006,1,0,3
8e7ea70a33ecb8db5207849ea6371b4a5a8ffd26,0.7519153,1,0,3
6f653f6bb82757963a87d725808c080109e7e3e8,0.64326006,1,0,3
1974c83561d09cf73a575f992fbd8416e3354d20,0.53478414,1,0,3
37c20df721522b175bc9df3f06a361297010df5e,0.5092882,1,0,3
061450a927ba1cc65f7b984f4ff41866ec2eceac,0.47124913,0,0,3
60b32953a968e5623f82a6b27d6c679bc17c48e5,0.53847575,1,0,3
f175a241c811d2d0843026b2dde5c3ae308cfb95,0.5436956,1,0,3
ea1a69d638d97d5ffc451b32d240479357e02b0a,0.5326336,1,0,3
cae70c10b4451ee3b919764f72dc4a4caf0f6f27,0.32883605,0,0,3
c0c7112dcdeb75b521d55cd47d0c61be66b0499e,0.426646,0,0,3
8d0214a7417addf790713440f10855dc279876fa,0.47373116,0,0,3
e2ec4f2fdb2bb8d97f64a33e9ac288d52854a530,0.39042848,0,0,3
fc73151cfca36ea2641f340700dbe339b9e1f103,0.36121276,0,0,3
dfc9888860bf192cedde21e5e843bc3caad4b74b,0.38940844,0,0,3
5f9e0851da9e74c12e04f5a62cb7aeb1a8ab7589,0.054835457,0,0,3
7d5a61ed64315bd6570c5cb55c1f53853a3fffa5,0.14299448,0,0,3
82152f41ac8a727c2f0042bd555452dc2dda11b1,0.21954171,0,0,3
6e710a1f78a4a733020a4b2d1f07b6fe4c6684f0,0.7653419,1,1,1
951b253fc38c09114d0fe273a3758a15c151a8b4,0.850646,1,1,1
f3539c7eb312b127122084279002d3fd238c9a17,0.7822613,1,1,1
7aa5ba380ef6aea0f2f594873b4c7378adab0f18,0.45838818,0,1,1
def1380280b9be6d166d3938ea4b0254e9b55dc9,0.79109764,1,1,1
cc06ae9bf7a1fb6cee46c40d2a6388ac05d3f5d1,0.5478325,1,1,1
7972f1ac1b85a5174c9f293ad98abc87edfe42e6,0.3519324,0,1,1
bd1c4ff86fa21358949e925274f5b8146f5d02cd,0.6550267,1,0,1
be2aa80bc371d600ab2230c545051ea6454577f5,0.40741903,0,0,1
68b033741b02c3ae54d649e858790732bc5c2d27,0.6842453,1,0,1
4f5d25205a9cec988de300a452d641a155406b79,0.40450996,0,0,1
d1e97bc85338c563f4f732bcf917a08b3cbf4792,0.25603557,0,0,1
d40c01673e866c3c3b5b51bce66e9518924cc31c,0.07500031,0,0,1
5f7d5690a97b2ad95bbe381695638f0c7ca2c4ff,0.07847811,0,0,1
8d340a008767c5d954b7539e825b4c90eb15ab9b,0.53530824,1,0,1
84e490b66f61e11366b62efc42e64b60ae7db35b,0.22201571,0,0,1
fc939bf6838f4bf986e0b42fddee3df6712371a5,0.5814488,1,0,1
5c798eb50aec6040f415b6def1912d4345f8310d,0.630701,1,0,1
d1758567765117cd395ea47319d3acde7fc663b1,0.6736506,1,0,1
517b8beb06f63301629f0ec3f58f6b667061d3fd,0.60595554,1,0,1
5c715cd84d600c0df0215846efaece2ab4673546,0.6654698,1,0,1
dff4cea14174548f52d6fcc66c9bfd7a339b7336,0.14368488,0,0,1
02ae34d1d3f3c9f9c25160cb14c119958f25af13,0.6861804,1,0,1
8e0e1c32ff1ed1da4f09fc9917812e6457e6fef7,0.67745197,1,0,1
18c5b2536c114c86b810bb3ee94474fec596a462,0.4108432,0,0,1
c6e4d8c9f534d3e70e79bf718e40724d56186109,0.20874578,0,0,1
5b5ecff53b50a67179f6245bf60047c59f027e26,0.45637584,0,0,1
46dcd98ceb70720f96d4cfa23b001ff108bdaebe,0.61329216,1,0,1
dcbfc80c4a14b91194fc8b74760b079cc0a4ce42,0.5389711,1,0,1
23492711d234f2fa647bac46997e361bcf985423,0.80080444,1,0,1
f10279a29d47d389a31da907695673a992555adc,0.1384362,0,0,1
8d5925b52b48b4c69934ea5c48aa298a2ec74e84,0.06694621,0,0,1
a30aafa016409048747fe9730d6f7892eb12d7c5,0.3195747,0,0,1
a3611513fc4de7234ef49ae46d646b0795ac7110,0.09922782,0,0,1
d0eb1d1dd1d9aed27c433d78a76962340fcbfc1d,0.689642,1,0,1
1ae9dfaf45e0a51ee7d604551f7e1932d1787975,0.68920565,1,0,1
1c2d56e8a91b0f64317a9e02cfd4b45b03d3019d,0.6869377,1,1,1
2cd92aa6e3f44df6b0552a28b83022a7f92f8946,0.48949265,0,1,1
79ad715f02e02af76da0c6e47c164a80768a01ab,0.76532584,1,1,1
e5b948a1687270192753993c998d61c7a91faf49,0.5498056,1,1,1
b81a48d78dd9be1c3eae57cece4c88df92c30247,0.60088885,1,1,1
0b873b95a840f8cfdb51f4ceea3b524d46d20715,0.47359553,0,1,1
e350a38760c93e373562d6a3e906df5904250146,0.7935253,1,1,1
660431cf4f7e2bda887a0e35ad3a76bdccc14110,0.24436778,0,0,1
f65e9aa63f8f266023a986507834585a9580c555,0.35733825,0,0,1
535cbcd9f20b29b3c5a5d69f654cde57969b3788,0.3202057,0,0,1
2d650f890ff1409f2944bc56cdc4b518b35e06f5,0.09141127,0,0,1
1c4f7bde1c8f7d8c0e09484daa626fa4f40e38e6,0.51476556,1,0,1
b9a22fb6f6f460287993d3cf087ae5ff036a6c21,0.14130646,0,0,1
14d6a09601b68f60e6b18142b597a6890e5d581b,0.08906329,0,0,1
54fdc54dd24c9ece2bfc32ca12e88545ec923a96,0.29161313,0,0,1
0ff7c091143e8326eb88dabce078ca76778a587b,0.5592163,1,0,1
32ed6601f216dd1300876719cce837bfa9824e26,0.16435069,0,0,1
7df11e15457e8d8bf4e5730d20ec2412c429e091,0.23997518,0,0,1
15f7f84678a24533e42f2fde230c5f68d1b33035,0.098806016,0,0,1
2499f70cabfc8d17f2c6de124a81fc0940a70fa9,0.46568787,0,0,1
6526a5e83c1fb9644da34e44fdc5a3bb8a357c84,0.75262517,1,1,1
5904d90ade8663f5552b51036740352a9b796892,0.22610144,0,0,1
fdb75911387f77912c37dcee0af4a2f2e0977f3c,0.22453429,0,0,1
538a97b115ba4ea44c57898ac7c4fbb77fe0e9b7,0.057798594,0,0,1
fa0478f4f6fb724233dc3e00a9f8dc557ce7cdbf,0.08482583,0,0,1
ec81d7ca5100fd97fe8428db02a2cdde967ac87d,0.1464996,0,0,1
81c40b9820625d3f529b116baf6b4a3d45dd2f75,0.5860611,1,0,1
2b085ae34295d5ae1d7eaea5a55a2df220bf1bed,0.23517461,0,0,1
d6a354e203e4901d3eb6a36b3aba620fdb222da7,0.15225036,0,0,1
37787b96ab21fc226ff267aa26ae58a58b2d20f8,0.41581133,0,0,1
f2f704eabee027175b0c1eaf934c08e7721a9b24,0.12515073,0,0,1
e1fc87d2d57c2d7ee941e651f33b582fb000dd73,0.509927,1,0,1
fa8f024d082998c7ae48b21f3eb6f8f2ca56a719,0.5581471,1,0,1
6bce493e47fdac9e64a9ae1cb3c358f31975a43a,0.6193837,1,0,1
9daac904cbc627e4a43e72f72159c552b25caf74,0.65017134,1,0,1
658d5a97c708a926b0425585f9437a0c1fc2b81c,0.43077433,0,0,1
db695fe90b181948f271e4970ec83d4de9348577,0.55871755,1,0,1
9c06ff87decab7357d44d8766f6a277ff887d921,0.34472305,0,0,1
198d448ceab2bc061d18a1a689056bd2b96b76c5,0.21992047,0,0,1
46b15af8c5fbfb026be350ae16eca89fcdc87aac,0.052625228,0,0,1
b7e86cdd772cc47a031d187b79d075af8155c2e0,0.17049605,0,0,1
198e589e62f687a91d4c27057ebad918e9f9bf3f,0.048167482,0,0,1
fa510146c09a498e25e590ef5cc558074337fc4f,0.7264228,1,1,1
badca06dd1c70207215c7186a31955901b637661,0.6421441,1,1,1
91ac1574aae31a29baf883d2cf45e4e1f5aa9bbf,0.7504375,1,1,1
82ca28e2ec8fe9771f01b5aab3386311ecab80df,0.6354133,1,1,1
9f8120beb6b351608652002e057f97f8f6c0dfc3,0.6208562,1,1,1
c66b23747627a2b432e0068561d457cab9f97ead,0.5363937,1,1,1
a6a5e3033d424468cbd3a6af051aabf3b5bd4d00,0.5695283,1,1,1
2902a9a3c07e881dd7aeae0a55189facfab1966c,0.73124593,1,1,1
fe487b3336f8279d8b74eff05c5ebfe6e01281f0,0.73458976,1,1,1
3076802a78f14eb1b4f23831d5a1ccec79b26554,0.82203573,1,1,1
5063d256221e7fe8a8c433401bea988d7ccb0a35,0.69804895,1,1,1
a6b9ca3f71d44dbe2562e13d63e4b30fcaccdf50,0.62769395,1,0,1
81fec3193ad12a0f78eb021c4a1548484595860b,0.5682637,1,0,1
902a680951f318488a4bbe0184a3a223c5709b01,0.20247544,0,0,1
b84f786db6d85cbf9973adfccdf135cb71824b87,0.5021494,1,0,1
a2b5c7a9aa0b5f617502bf6003d43913d507a11f,0.5079772,1,1,1
571725cb7bcf091b5457f1e2a857aa51e8a70f7e,0.69853485,1,1,1
10118c9c1b00d31868d6ab43e8171e3c16efdcfc,0.35495952,0,0,1
ee94e6d82370b6b6086cae2693dc2fe31388fb64,0.3935633,0,0,1
dc58a824466ed492fc6d5ab11960eb86584eff26,0.070669025,0,0,1
56c04300e8f05bdaccc2ec60fc751c09d86b7b68,0.43743333,0,0,1
03542311e2a461f0324ec700e98e78b5540bcff8,0.08280855,0,0,1
4746531428aaf9e3ae7d505b5a203350d138ea41,0.028513668,0,0,1
05b14fd01e43ab8a385bcfb53102a270ef2d9375,0.09267936,0,0,1
77868bf772a03d61701bc0d32dfafea63a0382c2,0.03651812,0,0,1
83fcd3e1e220b9f3aacc63aeb4da0a898684dd0b,0.030891974,0,0,1
dcde20001063fc25f622e4b1c7775f735a7255f0,0.1130222,0,0,1
82bd5be8735c01a767fc3ebc3eb92369ac68302d,0.0592409,0,0,1
e1188f368087ba4bcfada44d645e4f8661d7f9b2,0.19007477,0,0,1
2c03505da053d07cd3f729692738912bdfc2a5b7,0.40964007,0,0,1
3fd058c02a1f8881110409be33ad56d3af6386f6,0.6355891,1,0,1
bb3ddfe426cf4ff5390f742d35bdba02a4ce7624,0.7138501,1,1,1
09b1a632c17b34650d2bcf748be14690c9882e52,0.45209527,0,0,1
539e1ee1d68c27defd0aaad09a1a0b68e059de96,0.686944,1,0,1
da69323b29fe8e373364b9399bc67523dcf2af62,0.14261366,0,0,1
c1ad21bf966d01dc5cceca82f102c0f7843d5617,0.37703767,0,0,1
efa756288e712849c78c4230df05c2d1abeba91e,0.37909076,0,0,1
2f757454dc41f4d130234aea68b348da4f12a0fa,0.3651098,0,0,1
24b5e00be753889e4907473ce57271acb290cb67,0.28894043,0,0,1
7f293a06a0b7ec9b554d51f150991efa9b7dd54e,0.038584672,0,0,1
95a524ea06e546330ec3d95b9c139b7edc599b86,0.5245407,1,0,1
314dfa80d4e815ba3c689cd3ad0d508209665bf6,0.093243845,0,0,1
c07d659cf8f7b16452472da6052a1de326bcb6a4,0.2330276,0,0,1
545536e34f180edd32fbb21b0a5613e6407f0980,0.29492742,0,0,1
225afb8bad88c9bbb70b24d9ac3c28fb21f39465,0.3415455,0,0,1
041e9565ab8b187ad0b88780a5fc0a5ea24f29a1,0.39389092,0,0,1
c4828bfd09ea8c579fa8840cd77733c64b8ebb39,0.2696143,0,0,1
dcaacf4cae54fe199055830f097d4ed504b3238c,0.015862348,0,0,1
6f22f4b49c2a3a59840d28e6cbe0c37a56ab1f90,0.22439343,0,0,1
41fefde64401d2173ff019a896c4dd72b4fa5636,0.3512492,0,0,1
080e96a6cdea2f5fe8727b8249044b89bc54395d,0.3984968,0,0,1
497147e3e6ba0a50c32817e14985ca5bf1041f9d,0.45981303,0,0,1
40708bdf04dae6aa49bf8f3617f2efc16c83c5f8,0.50887024,1,0,1
84ad767a87c69a265e9105c51efdd87ee57b8635,0.426004,0,0,1
f0e8d41fc8cc746ba9b66b72646db6bd8b25c6fc,0.623933,1,0,1
df5930892d9c6eda392b96bdae2e7afd342f7866,0.7299094,1,1,1
0cdcb1fd8df9e9185cd3abb128d927d25d7de8b5,0.6229653,1,1,1
cf15c51722dd4b406876dce1ccd52eea787d84b7,0.5252149,1,1,1
b691f81b482175665b45cabc056e58ab0df03ff8,0.39266434,0,1,1
fc8ef4d22c95b13b907ed14b19cea8ff5fd1e653,0.33079255,0,0,1
8054f746bbd6191f5a297cf6f7f26f9fefaba307,0.6831744,1,0,1
fa21d6f7e70f057c42d4af9c40ed47d3d841e5b6,0.6358135,1,0,1
bac647543497f0aa2a9f92fe726e1eb18631b4cc,0.538431,1,0,1
cc6ace18900eb92606b6a312cb1ac5c4ab5f435e,0.7135812,1,1,1
c947676916c99f2feb5e183aef9629a1b21d863f,0.572037,1,0,1
1f3dd9ff8a4f8302eb4c0bf4072d2bb7d8aeddd9,0.32088077,0,0,1
ca7f64f016d8354aecd38ef73405e1b3267ca791,0.74590576,1,1,1
06005610265c342b52051b997a43ad6e963c5a0f,0.68468696,1,1,1
4a8068579ea5bf1e637f8bed09a203508abde315,0.7573961,1,1,1
30c217ec400b9175e9490807748ec3e48fe2ba22,0.7071685,1,1,1
d80acb29c04a8e92a3ddbc539b0be8a521098870,0.64337116,1,1,1
e43138b0b5f0912cb358c0e73eb6247b273eba75,0.46642372,0,1,1
1b84f2ee7a41e8ab12faa73130187763ee5858ea,0.18273176,0,0,1
4b5ef21ed6104befc80e1dd501f964e7ca6f1ce6,0.08994472,0,0,1
c6c1971ca1fb5054a0847b0884488165606bd703,0.52150655,1,0,1
68e0a9c71443738b1842e99925d37bf545f5a151,0.71002465,1,1,1
7ebc8107a22038c06c0b0ff095f9f73d854e1422,0.5229208,1,0,1
9003b5b5aa4465e84c934819f45c1ab4365dc51c,0.22800793,0,0,1
4b8647bf6ce2b478e6bc90d0158ce81939a14378,0.07970233,0,0,1
2d1614a2077eab0b981d4a0c4c6e10a7ecda71cf,0.5799425,1,0,1
3631295c437c5b8915afc7b2b259496eb2d5d782,0.06193167,0,0,1
b12610d35e7798c66fc1d9b0811d10aadb87569d,0.057673976,0,0,1
f3a785108f853e327001dcd435e92525d7fba96c,0.35288057,0,0,1
881a4ee8db1e1826b749579d2284ace982c953ca,0.0732725,0,0,1
e91d0f0510ee8d69c76ee89b4e57341418866c6b,0.1376269,0,0,1
8f7c59ce888a687a6c9089caf0c5469984a073b4,0.46964315,0,0,1
3c644cf87ec8c0e6313b3a10b6cfd66279b8093f,0.72791654,1,1,1
fb7e1e265dd9e560b3a3127a6593b6602f60026c,0.7526343,1,1,1
1c9c43c1d4bb76d7e47cdfc9c6681a38305a95e4,0.7583572,1,1,1
18f181ada7826542725fa4a9460307d606695b5d,0.5501801,1,1,1
bb7e8951cb6ef08ca9df5fc036217c3a45c4d33c,0.076921225,0,0,1
e280c8636792c5426e54868d464c9d28287a98fb,0.107533075,0,0,1
54a7796ff234a9cbd2c66f8b1e5621f0898402f1,0.68850505,1,0,1
8e5867eda8328e4cb2e103d098d0c9f3c2fab50e,0.65965,1,0,1
e42da5d9d21438c220768464b6a1f5b36bad92a5,0.20827018,0,0,1
c823ac5673e9da094a3b24b99987a533c548dac4,0.09949845,0,0,1
7573e9eec065ac1ccc2134aa751a191da3ca3dff,0.25342298,0,0,1
1cdc902f3d7cf877b4db7a31f19eb1dfd2fade3e,0.608655,1,0,1
e9ea52189a92f7e2ab051e4d75c4e0c872034b18,0.51561886,1,0,1
ab0a2f761f4529daa0a1e7128ffb8ae417a0104d,0.5502064,1,0,1
7ebbaea90e8002f5542e22bbe92075ffb5383d2a,0.66045403,1,0,1
721730b00b1dc2ea616a3e7958e4ad15134de975,0.31551126,0,0,1
05aae985d9d0e26cf278cdd6f69672ebe3f8ed92,0.38498586,0,0,1
f7222ca6c3b6c1018a52fd649029394e6608f1db,0.49008,0,0,1
b285f17023da248bdcb3093283e4b9e930bdd09c,0.3732341,0,0,1
af858a6ca224946195b1923a780678b20cb99603,0.38010705,0,0,1
fa027a4685bacd9e32b3bc7d875717b4457f6829,0.67400587,1,1,1
edf56632b8a5413f5e0adfe2d1b65e595b88a1d0,0.76580346,1,1,1
58693fbcb3236a9adb0f47088d88ee3ef7178cb4,0.8165283,1,1,1
91291520cfd5f6c2c91fc242018860c5d1d277e4,0.7363426,1,1,1
7bbba6995a12412cd7cbe1ca693057c5299ab4cb,0.64199245,1,1,1
ea030e732e3556a2a4fa51bcaabc080927ddfa48,0.7747684,1,1,1
310008f48c0a830138d35b3024106560d55b6bd2,0.68301845,1,1,1
ca22dac3f852c7290f60c3c3a5d66fbecfba91f4,0.2362607,0,0,1
bcba29320f5f6f860335266d6be8249418ceaedb,0.37475207,0,0,1
9dc30fddc109504fc80fb62e33554d54cca47faf,0.82011664,1,0,1
764f56955d499fae11db1aed6e7f0d2d0886e6f9,0.3132804,0,0,1
2933e5773b1d64a9348024b2a6e8dc6dc90e6590,0.4533897,0,0,1
0fa8bcc008b6a011d6fe41e64ea4379d0b57f20b,0.44693628,0,0,1
7897aa6a83a5e63da487e72c2735fb042259f6e4,0.31398547,0,0,1
3b501993588d27d91ad526a436e3a10ecc8d6e8b,0.678912,1,0,1
b353d07bcca9fb62ac387d69d3e99004e27f14c0,0.658537,1,0,1
6b43922648fe2dfcb4cb1aaaf5d795f00a6aa174,0.21428443,0,0,1
b268dfbb824ef307862e489aef7e71bba4cdcac5,0.6570699,1,0,1
b957ee1646d893fd946a8b9a53c779957ae7a240,0.17362544,0,0,1
996c0c164a083c3dc2fbf2768750e3b3a81d77e0,0.48957643,0,0,1
12ddf37f23cd77903729b3e611ffae10e96ded47,0.11800947,0,0,1
7e6304ce63da6c6341cb072abfd08caf0456328e,0.5720371,1,0,1
b9b73fbef5c0f18aaef22ef60442518d7f23ec83,0.3790567,0,0,1
675d4c8fc848ec5438e48deb2e8218b6f0078814,0.7378446,1,1,1
dc666f419e691e6a04342bdd9cf2e899455a8738,0.81554186,1,1,1
9bab875f03ffea0aacd1d92fbbecc96d491c1201,0.5246684,1,0,1
8d3d915dbd0ccf716f0d15b6b2396cff214d9cd3,0.630246,1,0,1
326beb22c6aa872cbc0ad3706cfbe706bf9eab41,0.05990067,0,0,1
ad882055edb50369bd174ae56a372838aa89cdae,0.39434296,0,0,1
a7363a2ae67b585790896de45f57154474480fc9,0.6336657,1,1,1
2bc9e7ea86a8cc1c3b2436c46115c87080228004,0.6087948,1,1,1
76f154179b8dc6940355d7fe7db468314ca39e84,0.5302969,1,0,1
4080feff61e8dc1cd4af2361990c33c9f1014147,0.36851737,0,0,1
97accb47de63ee5063eda23641c6017e29ab81d7,0.25399187,0,0,1
cde43197f980538e411d851735ac7a63ddd613e1,0.5748757,1,0,1
0dec6e76fb544fa3e8bf5fd17f16314735971dd7,0.54571635,1,0,1
f820d06fc0d1204b0cb386214ffeb42ccec669ec,0.5560933,1,0,1
566c4d59a177be4b65d17540576eeb34d28d24ce,0.5865106,1,0,1
a516976947341e0e18bcc0858d85d34cd0c02cdb,0.18764116,0,0,1
7200c43dea3dbfbd9d38b937c44b6e71744b05c5,0.5997616,1,0,1
596ccd59a11ad5e9fda19ccd0f4fc714d8d3394d,0.67497903,1,0,1
301ad592142079d36f4d33f5309c103c7f4f5dfb,0.4629543,0,0,1
