commit_hash,prob,prediction_label,true_label,cluster
6e710a1f78a4a733020a4b2d1f07b6fe4c6684f0,0.44038767,0,1,0
951b253fc38c09114d0fe273a3758a15c151a8b4,0.6238071,1,1,0
f3539c7eb312b127122084279002d3fd238c9a17,0.35583243,0,1,0
7aa5ba380ef6aea0f2f594873b4c7378adab0f18,0.5273698,1,1,0
def1380280b9be6d166d3938ea4b0254e9b55dc9,0.5268666,1,1,0
cc06ae9bf7a1fb6cee46c40d2a6388ac05d3f5d1,0.43699563,0,1,0
7972f1ac1b85a5174c9f293ad98abc87edfe42e6,0.38139692,0,1,0
bd1c4ff86fa21358949e925274f5b8146f5d02cd,0.44252554,0,1,0
be2aa80bc371d600ab2230c545051ea6454577f5,0.57246596,1,1,0
68b033741b02c3ae54d649e858790732bc5c2d27,0.37913296,0,1,0
4f5d25205a9cec988de300a452d641a155406b79,0.38079765,0,1,0
d1e97bc85338c563f4f732bcf917a08b3cbf4792,0.55389136,1,1,0
d40c01673e866c3c3b5b51bce66e9518924cc31c,0.44371375,0,1,0
5f7d5690a97b2ad95bbe381695638f0c7ca2c4ff,0.29075858,0,1,0
8d340a008767c5d954b7539e825b4c90eb15ab9b,0.54159206,1,1,0
84e490b66f61e11366b62efc42e64b60ae7db35b,0.46952507,0,1,0
fc939bf6838f4bf986e0b42fddee3df6712371a5,0.41532812,0,1,0
5c798eb50aec6040f415b6def1912d4345f8310d,0.4401825,0,1,0
d1758567765117cd395ea47319d3acde7fc663b1,0.5028601,1,1,0
517b8beb06f63301629f0ec3f58f6b667061d3fd,0.6715035,1,1,0
5c715cd84d600c0df0215846efaece2ab4673546,0.31829885,0,1,0
dff4cea14174548f52d6fcc66c9bfd7a339b7336,0.48295757,0,1,0
02ae34d1d3f3c9f9c25160cb14c119958f25af13,0.21036443,0,1,0
8e0e1c32ff1ed1da4f09fc9917812e6457e6fef7,0.53121144,1,1,0
18c5b2536c114c86b810bb3ee94474fec596a462,0.45677516,0,0,0
c6e4d8c9f534d3e70e79bf718e40724d56186109,0.54957604,1,0,0
5b5ecff53b50a67179f6245bf60047c59f027e26,0.37111187,0,0,0
46dcd98ceb70720f96d4cfa23b001ff108bdaebe,0.33450127,0,0,0
dcbfc80c4a14b91194fc8b74760b079cc0a4ce42,0.30645537,0,0,0
23492711d234f2fa647bac46997e361bcf985423,0.52670354,1,0,0
f10279a29d47d389a31da907695673a992555adc,0.5566504,1,0,0
8d5925b52b48b4c69934ea5c48aa298a2ec74e84,0.32411498,0,0,0
a30aafa016409048747fe9730d6f7892eb12d7c5,0.37918878,0,0,0
a3611513fc4de7234ef49ae46d646b0795ac7110,0.2703465,0,0,0
d0eb1d1dd1d9aed27c433d78a76962340fcbfc1d,0.4098809,0,0,0
1ae9dfaf45e0a51ee7d604551f7e1932d1787975,0.3780362,0,0,0
1c2d56e8a91b0f64317a9e02cfd4b45b03d3019d,0.26961917,0,0,0
2cd92aa6e3f44df6b0552a28b83022a7f92f8946,0.36867368,0,0,0
79ad715f02e02af76da0c6e47c164a80768a01ab,0.32101157,0,0,0
e5b948a1687270192753993c998d61c7a91faf49,0.28968486,0,0,0
b81a48d78dd9be1c3eae57cece4c88df92c30247,0.24172325,0,0,0
0b873b95a840f8cfdb51f4ceea3b524d46d20715,0.25882015,0,0,0
e350a38760c93e373562d6a3e906df5904250146,0.572244,1,0,0
660431cf4f7e2bda887a0e35ad3a76bdccc14110,0.31410092,0,0,0
f65e9aa63f8f266023a986507834585a9580c555,0.071576044,0,0,0
535cbcd9f20b29b3c5a5d69f654cde57969b3788,0.09344939,0,0,0
2d650f890ff1409f2944bc56cdc4b518b35e06f5,0.06966789,0,0,0
1c4f7bde1c8f7d8c0e09484daa626fa4f40e38e6,0.06550503,0,0,0
b9a22fb6f6f460287993d3cf087ae5ff036a6c21,0.21974532,0,0,0
14d6a09601b68f60e6b18142b597a6890e5d581b,0.34865776,0,0,0
54fdc54dd24c9ece2bfc32ca12e88545ec923a96,0.3333842,0,0,0
0ff7c091143e8326eb88dabce078ca76778a587b,0.38820133,0,0,0
32ed6601f216dd1300876719cce837bfa9824e26,0.29800284,0,0,0
7df11e15457e8d8bf4e5730d20ec2412c429e091,0.49435097,0,0,0
15f7f84678a24533e42f2fde230c5f68d1b33035,0.3466251,0,0,0
2499f70cabfc8d17f2c6de124a81fc0940a70fa9,0.41437837,0,0,0
6526a5e83c1fb9644da34e44fdc5a3bb8a357c84,0.44423383,0,0,0
5904d90ade8663f5552b51036740352a9b796892,0.043881502,0,0,0
fdb75911387f77912c37dcee0af4a2f2e0977f3c,0.08317894,0,0,0
538a97b115ba4ea44c57898ac7c4fbb77fe0e9b7,0.4325379,0,0,0
fa0478f4f6fb724233dc3e00a9f8dc557ce7cdbf,0.44944218,0,0,0
ec81d7ca5100fd97fe8428db02a2cdde967ac87d,0.4265163,0,0,0
81c40b9820625d3f529b116baf6b4a3d45dd2f75,0.25596294,0,0,0
2b085ae34295d5ae1d7eaea5a55a2df220bf1bed,0.08090316,0,0,0
d6a354e203e4901d3eb6a36b3aba620fdb222da7,0.10937843,0,0,0
37787b96ab21fc226ff267aa26ae58a58b2d20f8,0.07015746,0,0,0
f2f704eabee027175b0c1eaf934c08e7721a9b24,0.41850626,0,0,0
e1fc87d2d57c2d7ee941e651f33b582fb000dd73,0.0910135,0,0,0
fa8f024d082998c7ae48b21f3eb6f8f2ca56a719,0.16057749,0,0,0
6bce493e47fdac9e64a9ae1cb3c358f31975a43a,0.44605297,0,0,0
9daac904cbc627e4a43e72f72159c552b25caf74,0.24783985,0,0,0
658d5a97c708a926b0425585f9437a0c1fc2b81c,0.42183155,0,0,0
db695fe90b181948f271e4970ec83d4de9348577,0.5013437,1,0,0
9c06ff87decab7357d44d8766f6a277ff887d921,0.36759236,0,0,0
198d448ceab2bc061d18a1a689056bd2b96b76c5,0.036998414,0,0,0
46b15af8c5fbfb026be350ae16eca89fcdc87aac,0.12070131,0,0,0
b7e86cdd772cc47a031d187b79d075af8155c2e0,0.30625996,0,0,0
198e589e62f687a91d4c27057ebad918e9f9bf3f,0.364081,0,0,0
fa510146c09a498e25e590ef5cc558074337fc4f,0.42352086,0,0,0
badca06dd1c70207215c7186a31955901b637661,0.32036343,0,0,0
91ac1574aae31a29baf883d2cf45e4e1f5aa9bbf,0.44906336,0,0,0
82ca28e2ec8fe9771f01b5aab3386311ecab80df,0.2966325,0,0,0
9f8120beb6b351608652002e057f97f8f6c0dfc3,0.49270326,0,0,0
c66b23747627a2b432e0068561d457cab9f97ead,0.5506269,1,0,0
a6a5e3033d424468cbd3a6af051aabf3b5bd4d00,0.5338756,1,0,0
2902a9a3c07e881dd7aeae0a55189facfab1966c,0.31103545,0,0,0
fe487b3336f8279d8b74eff05c5ebfe6e01281f0,0.30002126,0,0,0
3076802a78f14eb1b4f23831d5a1ccec79b26554,0.32794183,0,0,0
5063d256221e7fe8a8c433401bea988d7ccb0a35,0.4514957,0,0,0
a6b9ca3f71d44dbe2562e13d63e4b30fcaccdf50,0.34105852,0,0,0
81fec3193ad12a0f78eb021c4a1548484595860b,0.44205233,0,0,0
902a680951f318488a4bbe0184a3a223c5709b01,0.41191307,0,0,0
b84f786db6d85cbf9973adfccdf135cb71824b87,0.37343308,0,0,0
a2b5c7a9aa0b5f617502bf6003d43913d507a11f,0.50612795,1,0,0
571725cb7bcf091b5457f1e2a857aa51e8a70f7e,0.060712393,0,0,0
10118c9c1b00d31868d6ab43e8171e3c16efdcfc,0.31110963,0,0,0
ee94e6d82370b6b6086cae2693dc2fe31388fb64,0.4781609,0,0,0
dc58a824466ed492fc6d5ab11960eb86584eff26,0.41040742,0,0,0
56c04300e8f05bdaccc2ec60fc751c09d86b7b68,0.35728413,0,0,0
03542311e2a461f0324ec700e98e78b5540bcff8,0.0434243,0,0,0
4746531428aaf9e3ae7d505b5a203350d138ea41,0.50702333,1,0,0
05b14fd01e43ab8a385bcfb53102a270ef2d9375,0.42779535,0,0,0
77868bf772a03d61701bc0d32dfafea63a0382c2,0.36900726,0,0,0
83fcd3e1e220b9f3aacc63aeb4da0a898684dd0b,0.072269596,0,0,0
dcde20001063fc25f622e4b1c7775f735a7255f0,0.08315064,0,0,0
82bd5be8735c01a767fc3ebc3eb92369ac68302d,0.47037765,0,0,0
e1188f368087ba4bcfada44d645e4f8661d7f9b2,0.39723504,0,0,0
2c03505da053d07cd3f729692738912bdfc2a5b7,0.40217164,0,0,0
3fd058c02a1f8881110409be33ad56d3af6386f6,0.44120947,0,0,0
bb3ddfe426cf4ff5390f742d35bdba02a4ce7624,0.39069813,0,0,0
09b1a632c17b34650d2bcf748be14690c9882e52,0.3238469,0,0,0
539e1ee1d68c27defd0aaad09a1a0b68e059de96,0.2197092,0,0,0
da69323b29fe8e373364b9399bc67523dcf2af62,0.053024445,0,0,0
c1ad21bf966d01dc5cceca82f102c0f7843d5617,0.05523303,0,0,0
efa756288e712849c78c4230df05c2d1abeba91e,0.16925377,0,0,0
2f757454dc41f4d130234aea68b348da4f12a0fa,0.24237187,0,0,0
24b5e00be753889e4907473ce57271acb290cb67,0.40164554,0,0,0
7f293a06a0b7ec9b554d51f150991efa9b7dd54e,0.30066144,0,0,0
95a524ea06e546330ec3d95b9c139b7edc599b86,0.14806646,0,0,0
314dfa80d4e815ba3c689cd3ad0d508209665bf6,0.2563441,0,0,0
c07d659cf8f7b16452472da6052a1de326bcb6a4,0.13361841,0,0,0
545536e34f180edd32fbb21b0a5613e6407f0980,0.06666963,0,0,0
225afb8bad88c9bbb70b24d9ac3c28fb21f39465,0.31041932,0,0,0
041e9565ab8b187ad0b88780a5fc0a5ea24f29a1,0.3304452,0,0,0
c4828bfd09ea8c579fa8840cd77733c64b8ebb39,0.058966883,0,0,0
dcaacf4cae54fe199055830f097d4ed504b3238c,0.05074518,0,0,0
6f22f4b49c2a3a59840d28e6cbe0c37a56ab1f90,0.37269008,0,0,0
41fefde64401d2173ff019a896c4dd72b4fa5636,0.410668,0,0,0
080e96a6cdea2f5fe8727b8249044b89bc54395d,0.37877864,0,0,0
497147e3e6ba0a50c32817e14985ca5bf1041f9d,0.056963705,0,0,0
40708bdf04dae6aa49bf8f3617f2efc16c83c5f8,0.12111275,0,0,0
84ad767a87c69a265e9105c51efdd87ee57b8635,0.18964875,0,0,0
f0e8d41fc8cc746ba9b66b72646db6bd8b25c6fc,0.30988193,0,0,0
df5930892d9c6eda392b96bdae2e7afd342f7866,0.06551538,0,0,0
0cdcb1fd8df9e9185cd3abb128d927d25d7de8b5,0.4084196,0,0,0
cf15c51722dd4b406876dce1ccd52eea787d84b7,0.49364278,0,0,0
b691f81b482175665b45cabc056e58ab0df03ff8,0.031321306,0,0,0
fc8ef4d22c95b13b907ed14b19cea8ff5fd1e653,0.30026835,0,0,0
8054f746bbd6191f5a297cf6f7f26f9fefaba307,0.08093398,0,0,0
fa21d6f7e70f057c42d4af9c40ed47d3d841e5b6,0.33264738,0,0,0
bac647543497f0aa2a9f92fe726e1eb18631b4cc,0.4244436,0,0,0
cc6ace18900eb92606b6a312cb1ac5c4ab5f435e,0.42685372,0,0,0
c947676916c99f2feb5e183aef9629a1b21d863f,0.59505177,1,0,0
1f3dd9ff8a4f8302eb4c0bf4072d2bb7d8aeddd9,0.33089712,0,0,0
ca7f64f016d8354aecd38ef73405e1b3267ca791,0.22059023,0,0,0
06005610265c342b52051b997a43ad6e963c5a0f,0.33169425,0,0,0
4a8068579ea5bf1e637f8bed09a203508abde315,0.03982158,0,0,0
30c217ec400b9175e9490807748ec3e48fe2ba22,0.0599018,0,0,0
d80acb29c04a8e92a3ddbc539b0be8a521098870,0.028658926,0,0,0
e43138b0b5f0912cb358c0e73eb6247b273eba75,0.19182596,0,0,0
1b84f2ee7a41e8ab12faa73130187763ee5858ea,0.04981363,0,0,0
4b5ef21ed6104befc80e1dd501f964e7ca6f1ce6,0.5345545,1,0,0
c6c1971ca1fb5054a0847b0884488165606bd703,0.3444519,0,0,0
68e0a9c71443738b1842e99925d37bf545f5a151,0.4193821,0,0,0
7ebc8107a22038c06c0b0ff095f9f73d854e1422,0.4533116,0,0,0
9003b5b5aa4465e84c934819f45c1ab4365dc51c,0.31672093,0,0,0
4b8647bf6ce2b478e6bc90d0158ce81939a14378,0.54546,1,1,0
2d1614a2077eab0b981d4a0c4c6e10a7ecda71cf,0.5226849,1,1,0
3631295c437c5b8915afc7b2b259496eb2d5d782,0.6445603,1,1,0
b12610d35e7798c66fc1d9b0811d10aadb87569d,0.4709342,0,1,0
f3a785108f853e327001dcd435e92525d7fba96c,0.591533,1,1,0
881a4ee8db1e1826b749579d2284ace982c953ca,0.47804916,0,1,0
e91d0f0510ee8d69c76ee89b4e57341418866c6b,0.40468577,0,1,0
8f7c59ce888a687a6c9089caf0c5469984a073b4,0.5492843,1,1,0
3c644cf87ec8c0e6313b3a10b6cfd66279b8093f,0.48802552,0,1,0
fb7e1e265dd9e560b3a3127a6593b6602f60026c,0.5016264,1,1,0
1c9c43c1d4bb76d7e47cdfc9c6681a38305a95e4,0.47830993,0,1,0
18f181ada7826542725fa4a9460307d606695b5d,0.44272995,0,1,0
bb7e8951cb6ef08ca9df5fc036217c3a45c4d33c,0.20680822,0,1,0
e280c8636792c5426e54868d464c9d28287a98fb,0.25343543,0,1,0
54a7796ff234a9cbd2c66f8b1e5621f0898402f1,0.057086475,0,0,0
8e5867eda8328e4cb2e103d098d0c9f3c2fab50e,0.09701393,0,0,0
e42da5d9d21438c220768464b6a1f5b36bad92a5,0.43426454,0,0,0
c823ac5673e9da094a3b24b99987a533c548dac4,0.40566906,0,0,0
7573e9eec065ac1ccc2134aa751a191da3ca3dff,0.34611395,0,0,0
1cdc902f3d7cf877b4db7a31f19eb1dfd2fade3e,0.573641,1,0,0
e9ea52189a92f7e2ab051e4d75c4e0c872034b18,0.42621008,0,0,0
ab0a2f761f4529daa0a1e7128ffb8ae417a0104d,0.45412913,0,0,0
7ebbaea90e8002f5542e22bbe92075ffb5383d2a,0.44654736,0,0,0
721730b00b1dc2ea616a3e7958e4ad15134de975,0.4604774,0,0,0
05aae985d9d0e26cf278cdd6f69672ebe3f8ed92,0.38459694,0,0,0
f7222ca6c3b6c1018a52fd649029394e6608f1db,0.46684885,0,0,0
b285f17023da248bdcb3093283e4b9e930bdd09c,0.15309265,0,0,0
af858a6ca224946195b1923a780678b20cb99603,0.52965206,1,0,0
fa027a4685bacd9e32b3bc7d875717b4457f6829,0.16114745,0,0,0
edf56632b8a5413f5e0adfe2d1b65e595b88a1d0,0.39056572,0,0,0
58693fbcb3236a9adb0f47088d88ee3ef7178cb4,0.1031942,0,0,0
91291520cfd5f6c2c91fc242018860c5d1d277e4,0.2557048,0,0,0
7bbba6995a12412cd7cbe1ca693057c5299ab4cb,0.20950635,0,0,0
ea030e732e3556a2a4fa51bcaabc080927ddfa48,0.5495479,1,0,0
310008f48c0a830138d35b3024106560d55b6bd2,0.42341307,0,0,0
ca22dac3f852c7290f60c3c3a5d66fbecfba91f4,0.27684087,0,0,0
bcba29320f5f6f860335266d6be8249418ceaedb,0.12008918,0,0,0
9dc30fddc109504fc80fb62e33554d54cca47faf,0.27750078,0,0,0
764f56955d499fae11db1aed6e7f0d2d0886e6f9,0.31483102,0,0,0
2933e5773b1d64a9348024b2a6e8dc6dc90e6590,0.4228793,0,0,0
0fa8bcc008b6a011d6fe41e64ea4379d0b57f20b,0.05382325,0,0,0
7897aa6a83a5e63da487e72c2735fb042259f6e4,0.5831084,1,0,0
3b501993588d27d91ad526a436e3a10ecc8d6e8b,0.30721796,0,0,0
b353d07bcca9fb62ac387d69d3e99004e27f14c0,0.5831357,1,0,0
6b43922648fe2dfcb4cb1aaaf5d795f00a6aa174,0.3531806,0,0,0
b268dfbb824ef307862e489aef7e71bba4cdcac5,0.26942194,0,0,0
b957ee1646d893fd946a8b9a53c779957ae7a240,0.32923153,0,0,0
996c0c164a083c3dc2fbf2768750e3b3a81d77e0,0.048893914,0,0,0
12ddf37f23cd77903729b3e611ffae10e96ded47,0.5405019,1,0,0
7e6304ce63da6c6341cb072abfd08caf0456328e,0.39582437,0,0,0
b9b73fbef5c0f18aaef22ef60442518d7f23ec83,0.43070427,0,0,0
675d4c8fc848ec5438e48deb2e8218b6f0078814,0.06582884,0,0,0
dc666f419e691e6a04342bdd9cf2e899455a8738,0.36870953,0,0,0
9bab875f03ffea0aacd1d92fbbecc96d491c1201,0.12312292,0,0,0
8d3d915dbd0ccf716f0d15b6b2396cff214d9cd3,0.38332522,0,0,0
326beb22c6aa872cbc0ad3706cfbe706bf9eab41,0.046634775,0,0,0
ad882055edb50369bd174ae56a372838aa89cdae,0.4270374,0,0,0
a7363a2ae67b585790896de45f57154474480fc9,0.2687379,0,0,0
2bc9e7ea86a8cc1c3b2436c46115c87080228004,0.421119,0,0,0
76f154179b8dc6940355d7fe7db468314ca39e84,0.125615,0,0,0
4080feff61e8dc1cd4af2361990c33c9f1014147,0.14300296,0,0,0
97accb47de63ee5063eda23641c6017e29ab81d7,0.4526168,0,0,0
cde43197f980538e411d851735ac7a63ddd613e1,0.445163,0,0,0
0dec6e76fb544fa3e8bf5fd17f16314735971dd7,0.029821234,0,0,0
f820d06fc0d1204b0cb386214ffeb42ccec669ec,0.22962476,0,0,0
566c4d59a177be4b65d17540576eeb34d28d24ce,0.40626344,0,0,0
a516976947341e0e18bcc0858d85d34cd0c02cdb,0.26534304,0,0,0
7200c43dea3dbfbd9d38b937c44b6e71744b05c5,0.23673211,0,0,0
596ccd59a11ad5e9fda19ccd0f4fc714d8d3394d,0.070130154,0,0,0
301ad592142079d36f4d33f5309c103c7f4f5dfb,0.33420554,0,0,0
f8a8ea748a0b3015490ccecec7b97f0ab2daf9c4,0.039322585,0,0,0
8aec465b44dedb7deacf80111ea5286914093094,0.2889404,0,0,0
34f3f4196084768b2ef6b3db4608d8eccec50364,0.2102622,0,0,0
c53f2106109153eda10c47a6960a5a579d1530b8,0.27773827,0,0,0
17f52a2e559e68d5c6ccc98fcebb5523161fd0ed,0.28311646,0,0,0
fd7a4362caf2cd69368a38f2f71ffe19706e341c,0.6577747,1,0,0
753f278d10fc0c92e912965379401ac182644101,0.13955332,0,0,0
491786ce4182daa57ea61deaf701f756f57f6f1e,0.07390099,0,0,0
de73ad3115c19d5f0771754d233d74055a2a10bc,0.072418384,0,0,0
d5f586bd4e1a20fc09a33aaa5c2b9320f4a2aa72,0.37123385,0,0,0
8d4fd1dabbae4d7ebc2b273af9275ef8bd0e1ce1,0.20674483,0,0,0
6e5eedb3fcebc5894c41733bd26c8b4d9197873b,0.2572885,0,0,0
3b7d0b95466139a147fc504b7c18897dcc826c65,0.28866458,0,0,0
6a82f92584b36e28798479c82c0d3263c6347b90,0.33763012,0,0,0
b8e9475505fee98aae2819c03a33c7aa3db843d3,0.2782859,0,0,0
a14acdf6395f588dda7597bb4c7810dacaa503d2,0.26248097,0,0,0
85a20aad64be04127106f492e26f6ad6d6c228c8,0.40311775,0,0,0
1325e114108136eea3fe77a4a270a2da7eff98e2,0.06824946,0,0,0
bae46709ecb13f80aaad0d279b3618ab83d09275,0.060045484,0,0,0
dc5f850d1d9b0b952b7f0dabd6778cf0f7675cba,0.2905823,0,0,0
b4abfb93676fb0abbab1d9bac40ba2714a3872f5,0.122694485,0,0,0
9a9e7268162f9fed146c74a8acbd234d9bc2ed84,0.11966164,0,0,0
b262c2359c9ed53dae3ce2ce7a0092273f4eec65,0.19860221,0,0,0
c30b59103b6f1390b0040ee74b985248e8b1b849,0.26371965,0,0,0
0f36265123605cac6af05b7b8c8f4036b58f4da4,0.2915586,0,0,0
cb177b56b7664ab323558545737646896f4d7e70,0.2411746,0,0,0
15bdcc3be2b84f68ddcd822da52ef045ed89e57b,0.29304916,0,0,0
6a8ba1fecb47e5ffd5387654d0cdb7c372ccdc9d,0.15842319,0,0,0
75efbfd6b21ab36fdbc440bc001c133f824bdc3e,0.3351481,0,0,0
f7e42d2ccf949a5893a439227c8c6bafd2598f26,0.44270158,0,0,0
c7fcb448c99ae5fe9db9b217bea1233df3ee6e57,0.23940124,0,0,0
d0721feadc1e0cae6efa3e0d82f523debc5b8d97,0.29094282,0,0,0
5f47ad718e0ffcbbe6cd2f8d32b2e345c4af3a48,0.24982858,0,0,0
745d383af12137ccbcbe1f3cb4c9db73f87a66ca,0.09500967,0,0,0
d746a54c2ee50711283bb49e557f58ca491e1bac,0.07533391,0,0,0
a56d4998cf16ff08f5593fb7d4dda66ca05dc269,0.12301501,0,0,0
03e65c98da2a0b2e27b14713543c2a61d56b1237,0.076904304,0,0,0
0d3545e5f68d024cd4a05724a15746d8dad986d2,0.32652462,0,0,0
6b1b592887d9ce95fb5af1e216bff56b18c7902c,0.2842159,0,0,0
ccd0fd51a5712ef1d85110eb61130c906fe4db13,0.3664407,0,0,0
d98897b11e6f4adf1d0a91591b1bb6be501cd29e,0.36417204,0,0,0
4e08e17ec536038c9c0dd888f77b912cae82816c,0.16098192,0,0,0
86eb3a2fa74988e4ccf3aae7f4b77edb84555320,0.052549407,0,0,0
45df5da2640f8f097915b8a2a0249ef0f6cf514e,0.3497908,0,0,0
76b7413d2b1eb2dc22f05de5b76f9519be5142e0,0.45022306,0,0,0
bfb3cf8bba6aab198c4644e236bbc9f3807111d0,0.2652906,0,0,0
093e3bb2e3cd9992f3f0d14373d406bb9b2ed36e,0.39727718,0,0,0
c440f668aca99266b5379235f6d99d378630c938,0.44131002,0,0,0
a1c5a582760c7f65572d0883fbcedc843332d7eb,0.35011184,0,0,0
0a499402d707bc8cf775d7f9b3840780a7401f7d,0.1574733,0,0,0
8e4e5221515f820108f48396a18ceaed73de8dc1,0.28076935,0,0,0
3a4e18ddf151a624eb5c3596ce8400ca4679ef97,0.35241005,0,0,0
8ed40d530295d819e0ca964b2d4542f6ca6a9929,0.24786226,0,0,0
a6abb8b00355db97486ab5023305c3f4e9e19ad3,0.13186575,0,0,0
b494caa01985c623601735f1bc10871cfb8aa048,0.17915352,0,0,0
5597ed7ea300ae3d08cd893b0133bce26038a7df,0.15398517,0,0,0
002276ea313fd880122502e9840b43f996acd537,0.14281404,0,0,0
bd5afc0b5a977c168cf046e3244477b48fa72c5d,0.41591153,0,0,0
b313ae68888445f4c08521bbc8d19f39310c6890,0.4834772,0,0,0
a675ca7802065f459a96bdbd593d8dc491180cbf,0.4599133,0,0,0
8be87e032a8c05622148357f30bdca3c614a669f,0.34955886,0,0,0
96eb80efe1da48f37846aa899260aa0c84b15944,0.080810614,0,0,0
75c2b24c681e314c4e4e07243b31430ba4e42723,0.45619318,0,0,0
276e22858cdd56f5725e0c2f7a3522df99967973,0.19682592,0,0,0
471e6b078a7891aea99b77f200e828a7b1c9bc00,0.06755475,0,0,0
6d7ee38ceed6b496d70502e276f80be6de618014,0.0705476,0,0,0
5cfd99f0dcd0d10689e480f0854e859079f125d0,0.076115794,0,0,0
ed6c47dd9ebbb2e38fb3e17a2b961f0fcf0e6df3,0.04127273,0,0,0
1fe7a43505aa9d00bd9dde45aee77935a5147561,0.4842546,0,0,0
387880a630c65b955a3329a2f7b987214c41f6da,0.23204,0,0,0
cf4416a84203ff9d360d4398da3b166e6d0c72b9,0.08568882,0,0,0
a7fe613853516f0abde34821996a0424882bb919,0.12414228,0,0,0
7a8a7783315917b56b6a71c4f28cec4ed1d91a7f,0.4331747,0,0,0
9c545d44a4a703c88d417a6fa43298a80ee67735,0.37302786,0,0,0
4f73871cf40b6dd05c8872d39246c67f798ed915,0.3350332,0,0,0
41f297809965523fcd021bef20b304b3584d9b4f,0.13834698,0,0,0
03178c8b15f1b522b98ded0f83cfb0e79f5ec4d3,0.064902626,0,0,0
f70741c9b216d3836d047c542847920d4778cf9d,0.052618194,0,0,0
5ca0a1c3564d35293a5ecf03e5f32e6f0f6f445c,0.4268817,0,0,0
4c4b3e2e32ddae35e4c1a6ffce1cd2b2eafa958b,0.07201975,0,0,0
72a46babeb0da02071e47425ebd55da915b98178,0.44357744,0,0,0
9c51e5316babbd370bc32aed0fee134216726ec9,0.063828945,0,0,0
392323e2d44bacdac605c1a4f037f06e21dcc239,0.40018067,0,0,0
10dc13c80752b0489d291b54440212ca54c59fee,0.4736835,0,0,0
7b9df59a96adfce979c8c564dc5eaa6a29b7f25f,0.38242796,0,0,0
818533e92bfb1c142ae4ce5be18ab92d1ae17025,0.059419867,0,0,0
47fa07eade06908ded4206651571e71a2fe684a6,0.44505554,0,0,0
46e97d9e04591e8198ff38bd2949fd5514da0d3e,0.0501296,0,0,0
08cc26e70bf145aca293d55fce12aef835263f53,0.29120922,0,0,0
6c21bdb4a107b49e57c9e5d6598d13ce6f85fc5d,0.07021914,0,0,0
18a027b1f04e420c18ae57aebe8fd031b5ff251c,0.04877621,0,0,0
82b84c0fe9054198099752a66575cec0c47524c8,0.24071524,0,0,0
b10b90b0a3947bea98e3646e7d29f853f3b5c6f7,0.24167882,0,0,0
8c141a1705808491f16a27b53e1ff0db0a2807fd,0.111719094,0,0,0
40f969bc9e162deead55967da3c128e2da933dfc,0.08556507,0,0,0
f348d34fb1ef3c968e2981283618aa85db203901,0.051516812,0,0,0
999761ba1bc5da820a1d2527c4aae29d95a7013a,0.3572567,0,0,0
ce131449a4ca0b06c6bb27ee5d8d6d89b1467bbd,0.6636148,1,0,0
924e1e9064f90d958b4f57e9c9c0c543bd19dcfb,0.47070917,0,0,0
f36090e3141cd3cd6fd58f1f46a30af2582559be,0.4886556,0,0,0
6fe2094e30107512e470571bceac91cbedbd21d0,0.2669998,0,0,0
fb0078159d2463da149de54018fca79a9447153e,0.12378691,0,0,0
73351b6adbf403600521505bef288057beb2bdde,0.4204006,0,0,0
079a07fe18f654632b80b274f247775582261e5a,0.39027137,0,0,0
4158323ee456bd412e7357a4a6bc8bf50deb5d9e,0.11408296,0,0,0
2fd6c8fa1e392f985ee860d8ee154a612ddde569,0.42262086,0,0,0
66d0a9a0a00dbb259425f17745f7dddd7e676f71,0.2616496,0,0,0
e14d9ce8e3c57b7352a647c0a8e62eeb88ebfba4,0.17169823,0,0,0
9e0c5ad4b3148f42f3940faf7d67b305e34bef0d,0.13577941,0,0,0
fa1aa44c7623fb2142e588c59eaf56db7bc237eb,0.053427476,0,0,0
8fdda846c4653b6ccd49c47a9586c374bb20a255,0.36512768,0,0,0
a94ff90ab6cd2d92ccb2eb1fd7913b4e5256f02b,0.089656465,0,0,0
268bcd622685b28c2d50bcbce64ac38f7e90390b,0.37439543,0,0,0
09e31a01b51d7418fa0034ecd4cc11848436fc18,0.32291177,0,0,0
487ac1980148522d628e1d2aab50b107c372798b,0.38600627,0,0,0
34646ec9b52192a71e52ffc09cf7fefdd506c48c,0.21469226,0,0,0
7afc1c34fc16ec04f82105f9106b7d1e5232c4d0,0.24981162,0,0,0
00439211981af7b5baed495f526ef8ad76ee7c5b,0.06462989,0,0,0
1d635088f697178660b6e1c9a89d2b7d3bbe2d29,0.20566787,0,0,0
a4a62ed7c1e3c7aae09324f0ad1c6078f0fba471,0.0735872,0,0,0
b3a68ca842841c4b9713462d5f01742cf71a6b4a,0.039199557,0,0,0
2d868410eead061d59de524bada4de9e3d2bb442,0.056155413,0,0,0
813aa11d505b9507b6795d36070806cb2d96e5c2,0.43332124,0,0,0
88b29fa46bcf6f56df4213e1ba7810735a28d755,0.5118771,1,0,0
eca374db08ffbb3dd8de746632fbd74acb8f2c92,0.28003564,0,0,0
2ab17f529d07c1f618ea08d968b2fdf3a382a792,0.16949171,0,0,0
9a87c766bb3137a50656871e5dee5a309543bc7d,0.36896312,0,0,0
9ce4e1a371418e5eacc69227885815f9a4221c65,0.39719108,0,0,0
c7f7da754a911302dcaa6935be6fded84e1ac348,0.42710721,0,0,0
4cbb388ba9099be121f81d75000acc3af93bf993,0.072869964,0,0,0
87497c72460c9c58f829a372d741b386fc2ac8f8,0.10617857,0,0,0
921d0d60d40d8fbda29f14a64e848c70026ea32e,0.20600675,0,0,0
f9e72000a17eb9d524b38a9f2c982c037dd94891,0.40554053,0,0,0
e34f50dd1083fa8ed9fe25fe701b64bd2ea7efc0,0.25414202,0,0,0
581b474f4b194731eb9cb22cdde7330a1ec81c3b,0.4127328,0,0,0
e0d17fed51f5018fc34578699d824c20efc44368,0.41671616,0,0,0
4fc5b3402c58d6a4b317bf23b896ea91d22af6fe,0.42258024,0,0,0
d8e2f892e48423fda73204be3ec239d282e71c65,0.43120763,0,0,0
8d6d088622f8e4ea89e66ccbe097510fb4c932fd,0.23585284,0,0,0
f0943a7242041a16c8f7fca845592e48bb19ac74,0.45192283,0,0,0
d1123894d33922e7c8ca838f9dac9bdceefa3f7a,0.37618366,0,0,0
fb83ba3fdb46537a36832a900f124d4c400f7ed9,0.44360057,0,0,0
e779883b29a67d411493f985de984ffb8088ca05,0.3003294,0,0,0
a71c820baeb91025eaa7f07b172a39500c6f5692,0.32596144,0,0,0
a4eff51bedd73a0ea56afc23b1021187dd03561b,0.35725954,0,0,0
8f6bedeb724fa78583c26423aaece05cfddc04c9,0.37403196,0,0,0
fdc116f0bcda6d1fffbbe505d0687b0406e92fa6,0.30972347,0,0,0
66608db56c41e91ee34fdc1e6157d69b69893fad,0.059192035,0,0,0
5366158572bd88f18df7883ab823ea62b7701d77,0.2752247,0,0,0
2df0a3be66f6fa1067d976d7a05500beff7eda53,0.055370696,0,0,0
e0b2c86c8754312d1e89307fbf84e6efbfa9fe0b,0.4399188,0,0,0
050dfa6f0850174fdf958ce6751d2f06900201f8,0.29008454,0,0,0
7530b4bdceef0ef37af252f0b97978554fb9b99f,0.31190398,0,0,0
a6eda3d8eff423ecb4901aa07339364732c02ddf,0.43820778,0,0,0
a5035d0e1cde068320984d789473e1140adefdc0,0.5149352,1,0,0
dff43a0530a6fbd524e3af24795cf6b92142735c,0.4256105,0,0,0
1d5f8faa87a410fdd1141ad82f270ac238293770,0.3676621,0,0,0
82f4ce516c18ef5fb3096f6a90455fce90a5b290,0.09713128,0,0,0
228b49fe2afea3376c4f30f80bdeb70d083a9206,0.39244062,0,0,0
adfa016f3ef7ff262643e0f0a5a54d3ddb7d7e1d,0.4831819,0,0,0
f72b5e65c0c5210cc0be585959ae84fdbc87aced,0.5042447,1,0,0
26d668f6d5a2f202ef7ff6a73ff3cbd7bbdf4b06,0.396255,0,0,0
808149305ba26224917e29aa0c0089701bd91936,0.057245806,0,0,0
55fd738c86ea1796d5152d818ab4b5060bb11803,0.3691226,0,0,0
7a8dc00b8be18a9271e2d9c2444ba91077ffafa5,0.035681956,0,0,0
34515698878ff0a4641e72486f0ae8a7e30df0d5,0.43554455,0,0,0
96f2b16b3efb93580e6aeaf1da97d9dffd5e260b,0.3201027,0,0,0
b577805347d56f1927615fad311868a3537a9cb6,0.3929755,0,0,0
e366894658914c0f2fb41cac003392b0dfa6e4b7,0.42846894,0,0,0
3411f29e2377788cdaa5a4eeaddc53355f085a78,0.05282875,0,0,0
880b04814c564ea7a1bb8fe97c15b4735c67e8e9,0.326077,0,0,0
8ef033be5c92a895139b4f910af5a7048f340cc7,0.029881697,0,0,0
350c477161a0d1df94efa02109ae07e6acbc527e,0.3894909,0,0,0
0880a21c56cec1a2442b5123c3845bfc99e83a7f,0.10096688,0,0,0
84143c462986417ccfc5e8c05481e983cf668e2c,0.053738266,0,0,0
f16d5b1722eb55c2d55eb623999f16799b088b98,0.43807116,0,0,0
ac37165ed7a22cbdeccfe348b10245dc83b414b1,0.51306164,1,0,0
d9ae4e2601d4c0744bbc275b6b4f503477b789ea,0.04656616,0,0,0
7c1a59fa7ab58f5f7cdc124ff2667cc501570a4f,0.32366136,0,0,0
93d35c8f291b8953f8460c0eb02a51cc6d6cac22,0.17204739,0,0,0
b77184a2189c8f91100d148354d1fdf38e83d13f,0.17245334,0,0,0
f81e0465460ff9abd450eda836bbb4f9b13837c7,0.51501006,1,0,0
6fc152e4177e0482450b13eb7fe496de677ce5b6,0.40480727,0,0,0
0c9af5f450ce73da9b791051f861cb9a6420e0f1,0.49069288,0,0,0
11409e628b0461be3c268f81642ce36bc4b0bf84,0.42625117,0,0,0
63a9488f2910434851e98a8fc0ec8c053b24083b,0.05131243,0,0,0
d70736425701b66bd64ad3aab3941bb930a18b66,0.04726587,0,0,0
7331773448c1f2e0b24deae4144db0deec85fc07,0.33617547,0,0,0
11a7e62a898e54d66936d1b8b67cb5e62578ba98,0.38369465,0,0,0
0484bdb3f61d309ff62da4df4be92cf139d19f6b,0.46485564,0,0,0
f9f632e7056cd9d2b3c88bad50fe0597610e2eca,0.38985252,0,0,0
a3fae474e5cf5084c89835fce1950991aa678a41,0.27595955,0,0,0
f3108e2771083bfcf02c9c67ebd70a3ac0ddfca8,0.3439007,0,0,0
521b9b3385d73239b96ab209cb34ceb5c1c1400a,0.3335436,0,0,0
d7a1666f9a89d9a517f5fbaf283e711046fd054e,0.2877983,0,0,0
022a020bde5afba4f2e9b6753c199386e79d7825,0.3306199,0,0,0
1b5aef881bb3acdcde5d9fcbb6e43ceed6db145d,0.29232448,0,0,0
0caba0845d4363025e619eb3db6f3138b2c3d394,0.44885042,0,0,0
8e71711c1caaa404d84ec6682f1b7b266064c2e9,0.4199455,0,0,0
363be2fea66f861d7ec4f893a05901fa0c7ecf92,0.56699896,1,0,0
412a8a0ba61c84d71c0cc740ba7e50c10f3bf9ae,0.06026531,0,0,0
03380256795725c7d17db97d882a4c4da3b76b8d,0.3450393,0,0,0
653b46857a4a48252bfb094e39ee9937b2079fa2,0.25773403,0,0,0
748cb609306ee5a046a952a0ca13974ef0b6e770,0.4445006,0,0,0
0f9ce497b0c6841e3aca845336ad095012c41da7,0.3673095,0,0,0
36ee52223387eed452c266490a25b4c62f49abc0,0.43204117,0,0,0
a8c6d43b5a61d8da784f0ac188d40b88a15dad50,0.17327867,0,0,0
8fe2360920a8228c10cd59ba0978df701174c961,0.4803349,0,0,0
a3677db89ef3863e8ac7cf578df499f85d970b76,0.06259202,0,0,0
64c51505a82baf8260a34c7e83652ae3014009e4,0.32595497,0,0,0
ccba0cfc3f1b81dbaffa5153aeb84d48cd7630ff,0.21255401,0,0,0
e7c42ed0fb83faa2b57184cb72f6d9e8b621ccd5,0.25705504,0,0,0
633de29fedf11544f2c3d5052890cb014e612bd5,0.29010448,0,0,0
362ab2bc41697980391c4a61c23cb3ef6bce740c,0.34794977,0,0,0
fc9d93db68a3c33e5ead8c7ecb187fdf0f06cc4f,0.41830724,0,0,0
66a775c9feb7dcf00c28a16b7a365af4372886f8,0.40729386,0,0,0
a6a48cfd370b226955a531e678016db414ebeed9,0.31348807,0,0,0
dccc1255413adc1a212dbe3bf40accb70ccd44ef,0.40715143,0,0,0
83b70a377f79ba90f846b3a720e6c402c63bccc5,0.089188345,0,0,0
819318486d9cfb430749ee33d3c5c4ec4417babc,0.09098059,0,0,0
827d9644c864336fa84f15744375ba7412da047c,0.09749982,0,0,0
af6bbeefbf197f50d194c7f20419c2a4590ad630,0.39720985,0,0,0
ae8f5f04574be75727f5e948e04bc649cbdbbb3b,0.2944742,0,0,0
b9cd3558133ae9f26aec73e0bda3a8f635d137f7,0.13611056,0,0,0
f672e826f51824582273fa1f5b6ec37aa5fdb2fd,0.146054,0,0,0
72df12fb2ba453afb57cf185d25c502d4daec6d1,0.4044151,0,0,0
7b42d43fa0827557f51cb4111c89fb2a78512c68,0.42962804,0,0,0
af1b5872ab8355acea3197522ddf94972b3c8386,0.06441442,0,0,0
5c753a87c328678f16bf89e0178448f04194f0b4,0.1384686,0,0,0
0956e2d2338531a96f2ff7d4ab405acc1b18421e,0.09756695,0,0,0
6563275706015b000cc5bf14be7fa9322964bf49,0.12984212,0,0,0
e9e76131f35c112046b9f184816683beab605e9c,0.06362283,0,0,0
843267df5a0b44145d5b9ee9153d17aa5e15cce1,0.04397585,0,0,0
cd64fa339a97300c64dfc434483e478a58f507a8,0.20989706,0,0,0
b0b23c179ac55334f760aa29fce262c73a909268,0.05024757,0,0,0
dff1a0953d97d46290750a46d01be1e1519ae698,0.32710072,0,0,0
35e0ba449325e759e04203fcaa71920cf473baef,0.065806806,0,0,0
e508ad09d79302d3cc6b86077d4a6ddb0679a0f5,0.43487135,0,0,0
a27ca511a591caf813c26862a888e90e54af19a9,0.20223127,0,0,0
9be91f380c209f895da36d13c40b99687bb4c8c1,0.417934,0,0,0
09c55eb8120da36aef1807628f87bde83749428b,0.4054486,0,0,0
05edf06360cc8a1a61fbd1ce5f9abf5d83f9d3f9,0.40797997,0,0,0
9df5e9419d83c11b4a2c3421c5ff7ea1f544366b,0.041740898,0,0,0
ed1ce82d822ffe185875b7b7d38352f20171c096,0.0708786,0,0,0
10e38114032cb4c585b29e946e1d70e05d52a878,0.057944905,0,0,0
d71ead41fb685431dad02d4bb7cb5675e196b8f2,0.39776048,0,0,0
e7b4025ee0b6152f9bbf7a72a317f977402a27f7,0.2059683,0,0,0
0f3648f749b7b67c2c61282297569657ea6220dd,0.03621669,0,0,0
bf915848967a6e35839e5565e98c716079980e18,0.23135777,0,0,0
7f74708201c2ab9f5d1f83c7052487116b8f7114,0.4916928,0,0,0
97dc91d1545a667b4021b6507d927799e53964da,0.25314972,0,0,0
d9979fa97865b7a57b9da975efb6e6c4d80b0cc8,0.22840866,0,0,0
6f27b4ae8f8ecb62698e760ab7df3973874b1f51,0.062679574,0,0,0
67ef6efb61f3c07e1359e083bbac5d90953cfe43,0.38640752,0,0,0
1b53f09c3a9dcd64dd281c1955b062fc28999366,0.2694857,0,0,0
34adc606601cb578486d4a019b4655c5aff607b5,0.26134175,0,0,0
b05bd69cdd841c02a3b645568ee5478fdbfc07d1,0.4358025,0,0,0
e1f30a1c32eb292e51db274adbe2fd6ed09b555b,0.40562102,0,0,0
bd82fe9fc034e7921eb589420bb4b86dc767a11e,0.04083886,0,0,0
13e0ba5aff3fe14eb0e1d748cad4b9f99e681ca0,0.3176161,0,0,0
3b7deb943877b0c2d8627531959948c5d1e4d3ef,0.057844527,0,0,0
b657c914c0005b37e24c1cd74c5f4ce886147606,0.04969203,0,0,0
a61fde99657c1b9d11e8eaa682181ea59e65814b,0.34670034,0,0,0
29c067466ed78c3e7948fcb8f0d25b3d984a1a93,0.113304056,0,0,0
fd86d06ec5d3b009f3882dda7903e9913858ee14,0.055655755,0,0,0
a43b8d68b8b7e6d7f23977a7432880290e6c6933,0.31608734,0,0,0
31e4a6df19cf4a13f8f0e9048198ce7488ad2614,0.111544885,0,0,0
3c0c9d83e27e436f9d3646f177bcb0ac2fecbeab,0.3981749,0,0,0
db7a08583a5ebfab310efde6d0636f2e2fc108ad,0.22195481,0,0,0
015e3cd37d128e4ade9b2d49f74f3b4fc07d82f1,0.22145872,0,0,0
8dba68a38c8bdae91c15e4eab35cd83c427d8e71,0.22828232,0,0,0
bd15dc78c74bd9eede3419b70469511f196a3716,0.28930503,0,0,0
c3ff46e30397bc0355584c593d500d2564c1c515,0.45018116,0,0,0
b2d4b2ac3a738d97e23e53cd459d9c57ee8827c5,0.55258983,1,0,0
3e24c28e68e617735b25791b0bc3f67f31624ebf,0.22872038,0,0,0
b1a8299ad223c3b2552f6d03e51c2ecba5df46ed,0.4525913,0,0,0
4e931386569c0a28b7e47c52d199aa32b6ca32fe,0.042386968,0,0,0
ed98d264cff306f7326db096cddf65cb26ff5498,0.049468372,0,0,0
1f07a0bf70049cb0a2f6b52ea7c261da5adb1abb,0.42929545,0,0,0
60bcdd450d6950da981d70b8b08379bdd744c82d,0.41467914,0,0,0
74133837585f81d1c6434ce32f73fc8694d5f132,0.040457916,0,0,0
0e9f604e87a5b42b27abc13a9328846cadd640f4,0.039272666,0,0,0
53a0a9ff85666348a38054e335f5b4c5355a6419,0.033368524,0,0,0
73f3e2b3d6b3f4a7000187bb3e6a4d82b118d3b9,0.3975312,0,0,0
b295635a87da0c20e5e2495103d4877ef0187d4d,0.06060962,0,0,0
8f88dcfc902b5bc86a239756afffc9f3813d245e,0.061140504,0,0,0
815b269deec60ec69f4e5e5d555afe9b98c18cb9,0.32900345,0,1,0
2b0658c59d6285547a5c6de7ac71c7cb134ce975,0.35466063,0,1,0
364232f781d0cc91cd4b83012e1f49e62fa81190,0.5149543,1,1,0
e972869486f85c3424875a443eb04bda2eeb6bd3,0.503559,1,1,0
780b2281d86cf89cf5dd717c1cf54bbd48783654,0.44571397,0,1,0
06c27b37ccbde70514e035a50ba0a6ee1ff94ea3,0.2742274,0,0,0
1d1c41945a50a740519131bfff4e1875de69dd6b,0.34774026,0,0,0
71e40d0b30fbef976da3595fef8736a4e1245466,0.32657325,0,0,0
f781fcaf0f19766f7c9105911613f86d22b2091a,0.3218565,0,0,0
cb8cf1574f99fc51c9e67b9456ea4d494fd4cf29,0.05958578,0,0,0
c63413182017e069393963d07570ec69f373ee1b,0.030989256,0,0,0
8bba18089a1acf29f9d2433efc229d5c851f42b1,0.3412246,0,0,0
f295b186fd8f6c619d34a8c69c6a1307f2276779,0.036772616,0,0,0
02c7974c113cc2a51d6741491080058470265899,0.28707477,0,0,0
027c193cf1c012cd5bae06446496136a582c180c,0.036835186,0,0,0
4a10030ee78ea8da944f6d52e3c671799d73b5d2,0.2643322,0,0,0
5166f3dd04980177e46293408d998087040d4c19,0.37252533,0,0,0
d37041ca62ea9eab6e777bffc15ddab49941217a,0.5297459,1,0,0
53e5e3fa8531bbb4d70523197215fd19b89c1a76,0.3214788,0,0,0
62e6242804e4167f5c476ae34acc784009a1af0f,0.2964129,0,0,0
324e8b4d43f0260b4857dafef46e8c5f349f633c,0.17728266,0,0,0
9fbc2a346b86872c397ff891d379115abe5846cf,0.05063121,0,0,0
c5a15b2b66b6b4f018589d8f60cc7acc71861822,0.030338915,0,0,0
ebf108170e9a6215176174d84313a0564ddde0c4,0.4230844,0,0,0
f1984c42b64788a0737c3bd43e4da95e015c19e8,0.044212125,0,0,0
904b790c41d6ec4629921befd1c5286e482fde57,0.03338498,0,0,0
c2abe862ecb7f980260a7b44d907fa116a6bbab9,0.03556717,0,0,0
19a56adb00295d528015045cacd443ff10f7bcb2,0.048341315,0,0,0
e2ea5359798ce8dc77d4b23b0f9b4df33b37f940,0.45543104,0,0,0
ce4385a413dc822f8849678608d0bbac2defbb81,0.030952249,0,0,0
c11215195bed3261d88486d0ad1644080afbb97b,0.050462898,0,0,0
7048667393bc4290f381312243d13688407b9350,0.030811192,0,0,0
b188b5ccc0f1f8702313eab62a5dcc164f817200,0.059364725,0,0,0
4efd950d4dd822f3e087db9830d09cfb3fdcb541,0.068513006,0,0,0
cff6e00097bf7dd97a5404080df3bf7e95813a1d,0.059705205,0,0,0
27214015c725619e0098e227fd29816d0891d4c5,0.04206398,0,0,0
f8fbfc9fdca4b5e9ba1a5608ca17e7b6feb18c3c,0.446537,0,0,0
0733d7c2ba214415a8d2e4efba5c6e26b61d3291,0.27619794,0,0,0
d8cdd5eeffe9b63949129d09f6b0c7ad2d517e90,0.026744917,0,0,0
e2cf4811ba485b0bb29d7d80bc853666bfbfa958,0.047528744,0,0,0
580e0d1e26ab2a9275f01506f3af56fe8fc32988,0.041793987,0,0,0
3ba27e9f4a29be1922b3a19f9c6c5127f93027ab,0.040198717,0,0,0
8fb1341ad7c460286211f4f2a6be41bb5782653f,0.031222614,0,0,0
041507d3aaf718ae536f9ab66e4eeb4065cb339d,0.038602773,0,0,0
735b1b59862dc1b5f7e60549aa7c33dbcc4095b2,0.38371027,0,0,0
60595251eec5979e14540c6d00043e24905a7404,0.035860665,0,0,0
980366284db98e0515dc5e827aaf4f750699bc80,0.09160499,0,0,0
6c2dbf2885fb4602b8e42bd208ebef66df23329b,0.06076933,0,0,0
cb6ee2cbdeadad5d277a6e7293d88bb915090c4f,0.04062674,0,0,0
a00624cf27791193be74a610723a9a0b0980d23f,0.03864375,0,0,0
911d59f46d0dce2e07a93dc0ff705154f568b7ba,0.33510554,0,0,0
1aa543286acbcb3c23aebaba003fa024a54aabb2,0.24378441,0,0,0
f418eed3089d74caa11affaf947a40b774e9c8cb,0.31525117,0,0,0
a13691b5be40d31099d39f7c8f3ee9970ebc20fa,0.056623664,0,0,0
3e8b8aa06bb7742cd1643fad72d7739cda400010,0.32658273,0,0,0
a1db4c96f62eef05fff532b59300edeff3ef21f5,0.12372751,0,0,0
5321c7ff2ed082524bc319e44f0aedf7ed8960cf,0.28231826,0,0,0
9be73347bd09934dd0c99d32bce9c4e12fccf6ce,0.21928734,0,0,0
4362e02ed0404d12ca75ee3476d4a32f9f671811,0.041499536,0,0,0
d3f0ee5e0928122b41ee25e2b4ab09bdca5bd00e,0.41012007,0,0,0
f82b5b57840389fcfdc4f16cb75703361d6ea059,0.121922,0,0,0
51d564f738b20621e4e14649bc1b15c929668e1a,0.24357438,0,0,0
5bd82306a8e44e2b9ff098f29ebf4c69c195b9ad,0.049081773,0,0,0
9959b3c5a777845aa19040a5a761814e483a6483,0.16615269,0,0,0
a0611b06f05e3c37c622f48a783836f89247c237,0.17340127,0,0,0
f02f2e54ac7d88a6b7ee620e45e1bba878c63a56,0.057738665,0,0,0
98d6d15235e046762f3b09294e896994f616627c,0.39932153,0,0,0
fca0e6ecf6012ee47fbc92fef4533320c1e3d849,0.4151964,0,0,0
db642a3c3ad93606d27d6e277b529da3a50057e6,0.22484966,0,0,0
1929834c27a931ab505f7a389d38fafd10331d8b,0.34169126,0,0,0
a5cb9a4b4a196bd2048cd21ed2fef175bc1181cf,0.083882175,0,0,0
c2f1b685abecfc11de76ffd0a28771f41b566782,0.035230376,0,0,0
30b6759387b4402987f6f4a6100fdc78e8bf755f,0.4701017,0,0,0
50b126dc0eb075a2193b670eb7ae2089896ba283,0.47783226,0,0,0
6b08874607dd51c9d8f600a96650a330cd9e6b95,0.13005395,0,0,0
c9685cd5e462926aa401fca7321ea23927492006,0.06809313,0,0,0
ce8d0f7a47f7caba8ab937389c59b68b20f6994a,0.067665055,0,0,0
98b8758e761caf659608f48fc5c9e9056f911050,0.059822217,0,0,0
95b2fe97c7f191e43b7fe11e8e027d87eb47f15e,0.02852605,0,0,0
79237dcd2bf537d56ff8d73f897cd639af7bf8f7,0.45035502,0,0,0
181affd5c937755f54ff31ef056a6ec091e95f51,0.3911161,0,1,0
c334a1bca8338c92e76f0f1cf2ef4884e3eb5dbd,0.48143998,0,1,0
efa48b214d30537bb184884ea30ce817bb350153,0.5525107,1,1,0
b45c4bdb496381b5f90df6872edca12e0a2e68ca,0.55196977,1,1,0
f8489499aa6d460a7548b14d516638b0bd7b862b,0.41133237,0,1,0
76a2ac814caa194c46be1cf7a3f5dc129546b1c1,0.40606084,0,1,0
31fb4dfef212791f86f052ce8a3adeabaf830cf2,0.5503463,1,0,0
ccfca8f714055cd9fbd00cf7e847b880132cae69,0.31623945,0,0,0
a29815abf4f0e51b332a8af1b83ad344104c14d9,0.10938969,0,0,0
92e6d716069686583b852a6dcf12af986d6dc694,0.3670542,0,0,0
d105819a0e72765ff5ba4efa5622d727360ee2b8,0.28662124,0,0,0
3aa6f11785a2f1b3b09df328a02a2c28dfa0bb57,0.38409582,0,0,0
b7a82a918f0a595a96047f7eef2672fd95d5626c,0.32868078,0,0,0
52f3240d90f2397cd1850ab11674ba08a0ecb2a0,0.45105863,0,0,0
d70fdbc40195077057a1edb14ccd16a26435d007,0.28351074,0,0,0
0751f97bf6677c3d55aa71542d572dc8fcb9e79a,0.17002766,0,0,0
e505e1fea57e0ab9f1d5edab92546d778a5f41e0,0.04634302,0,0,0
b4380f20059dc9e4ccfe2b709587e8069ac0fa34,0.36573318,0,0,0
32a9c6d42a3a48314d3f9fe2956bfc8bf49ac5d5,0.410852,0,0,0
80417356f04c5ee1cd6f636e9b043db3f2de24f2,0.075715184,0,0,0
f48bca0510703b0673709b10a806a9d54894a999,0.32245958,0,0,0
f1b54876ab8893a5d9c0e3d7c1a9c884e683dc8a,0.16176876,0,0,0
c82f703768eb8a122546de23e412a037aa1770b2,0.06773962,0,0,0
36a02dc549f32433d7329444455dbb1be2e67f20,0.23009524,0,0,0
fa8957d7939b59e8d391fa17000b34e865de015d,0.33864442,0,0,0
5acc6a5502bffaa66be7e859849856de0ea27acb,0.26954925,0,0,0
b58789c5badc4f9680ec5724568af05a84670e22,0.39524493,0,0,0
9ee3a16179cb65f5fe4170257ab7cde558f1dbeb,0.37338483,0,0,0
4ed0bdf1c73fd82d3080d15085675de96d5be0aa,0.06390386,0,0,0
4950ad86a16e63fa26d51cd709e39666008c5fbc,0.046729267,0,0,0
b61362933f7a564d2ae0b7d6b9723f79f4948769,0.32080618,0,0,0
f28aa71041181867a720134e26b64b03cbccb6ec,0.289818,0,0,0
720b988fd8d7a50fbe922e6c73a3681b1c566331,0.07567331,0,0,0
9d744f7136f23da9a5f9324432b300b5a68e3b39,0.31297165,0,0,0
98f54c158acb12a26fa6f335b1665accd2aed347,0.04794121,0,0,0
22c6d087012fd55bc65e578a27f2edb66f4d3808,0.30891046,0,0,0
890b387d713d04c22406db6d5a5fc9b51bec2df5,0.29533195,0,0,0
c7d56cffbb4668d0955ef00196e08f42f2efe363,0.38954484,0,0,0
7680fae14c9f544d0585a7b150004a1e48fff53a,0.30020806,0,0,0
136c5ffe80e558a87cde01baebf823b06e3cbe75,0.2866716,0,0,0
8769d0f2cc4b7555dc025b7c0e49a81346a1e2dd,0.43667886,0,0,0
4b5cda5a2c6ca613db5129d50ffffce2604ad9eb,0.35864824,0,0,0
2e62764c0c386632e87ee8d12d0505848df1015e,0.27794588,0,0,0
4590f14e97beb6d10ffb7b5dd312c632af155ed3,0.042528193,0,0,0
079bcd0339f30343c01c5fd3d5521be4b822d30f,0.03189555,0,0,0
29283b775291bf03cd9a7e1aaa496faaa5757578,0.4530951,0,0,0
89321a2dee438328e75a11954e972175c78f0a2a,0.3433477,0,0,0
1f3e72fa069536ae20f37b29575288ff65e66803,0.30359128,0,0,0
c7720ca4c232d317cfc800a04eda4a1d5a44a944,0.38595322,0,0,0
a747456bfe077da467ff036172968a37f3b1e893,0.4454578,0,0,0
2f2c8b1cc6e6e731f7bc52b0988ea8316f475004,0.34359983,0,0,0
013b445ede8d9e7aad4915859d0c869b9b712f8d,0.37113404,0,0,0
f4e754e66e3661274df624bc328991cd88dd03d6,0.32293573,0,0,0
741944332d5bd90112b610a8b5f2eeefe51e08bc,0.36150503,0,0,0
4c7d7523088373be3c7ff203ea895d5a6d84083e,0.43845093,0,0,0
f79c9365d0ee89cb407b90cc084eece8fcf9a8a2,0.22419968,0,0,0
8714dd031647be34d0d27f461894e7b194f25cd7,0.14625882,0,0,0
83406b73e70a251eec5daae34f1bd8d554cdddec,0.375426,0,0,0
2f956f46580e5b4752173e885d37a20fe31a78d8,0.5430469,1,0,0
3f36b7b50bdda3eeca632ad5440bb82b8e34cb40,0.038172375,0,0,0
9962a0fd02fe2ef06765271605b06729af8b2e59,0.1419095,0,0,0
5294c64b342818e021800b38413f36f426e35b3c,0.033301715,0,0,0
5a45ae3b1deb5117cb9e9a13141eeab1e9ad3d71,0.09254133,0,0,0
efafa61992658eab64c893e9eef49f545d75673c,0.19122966,0,0,0
630830476a6270e317e84229996a6bf92bd903ca,0.18895444,0,0,0
14097c64d243794610788d3ebb2e81ba8fd867c0,0.1356141,0,0,0
f2615d9a611db401cdedc022112c87ad938b5680,0.0427191,0,0,0
a24d624aaabc14a455d18450d9127f88d1b4f8be,0.36327177,0,0,0
49169033546d893dae3db903a2fa6af712f125c0,0.44636604,0,0,0
fa7588c4c0f8d403e4815fa72e3b8a3bc98d73ec,0.408317,0,0,0
367fe13b46a0b4dda56b7f12273d6c9afb1da23f,0.05241643,0,0,0
368588b5c5c4140f39ea8b9a8ceb3d1af0708804,0.31949994,0,0,0
30ee10d2740fe1f28595989c6b21f22b75a147fc,0.36975268,0,0,0
af9fd052d1c208f191fbdf85873f965552465598,0.035818394,0,0,0
0a711ebcec7d32b66ab3c90b2a1f48681201e557,0.051477607,0,0,0
a4acf53336a482f50335d33b4f650a70c9243b7b,0.33149618,0,0,0
c26fa78817f30cc3eb91165b783e07fb80d80f59,0.06835662,0,0,0
944291b748bcfec4e2f3c17623884db7a17b9f21,0.41183987,0,0,0
c44f982e89b63a97190638cd12bd8bee2bafb883,0.40114987,0,0,0
fb46b941f7763314d667c437c06b1675e61c3d38,0.06905075,0,0,0
e9928c94ce1385ec72028336417f19f30ac38ac0,0.37427944,0,0,0
d4021487539b0f7758ec644f2e0d83df95c66bba,0.3737091,0,0,0
ac62c1c29f319a97a2552c39f32c8e6acd70c9e1,0.39752802,0,0,0
dc08bb8ea6cdf01188f6699559e779e6cc296287,0.3801927,0,0,0
82b8ecc3275d7c3578a6531ac3f1da3ffada9dcc,0.36457944,0,0,0
36ce032b612fc0a1156d28bca7327e06337c8815,0.055947702,0,0,0
2f22533ef41533e2b839a6b41b262dca59e6dbf9,0.31684902,0,0,0
39a3cd0f4210dbec1ae8ef39a87d34b76eac91a3,0.36097267,0,0,0
1f470253c46471033048383c027192e757480492,0.42892846,0,0,0
9c40a7bb3c9aca51d17490960c988dfb7b5acebb,0.19464746,0,0,0
7f8e952abc4d2fc4b96c97a51aa25fcf6ed8af02,0.46562505,0,0,0
bd0b5af025fab9cad8f94260138741c252f45fc8,0.3426804,0,0,0
e036d60d8a210d5ac28b2e5c51a45ceb82b58f09,0.43396932,0,0,0
626014eaf093fc2e3b53f5ad00c425bc209e1428,0.0474141,0,0,0
5c85b8dda5f3047732a17b818256b9289274d071,0.47164127,0,0,0
ea402becca436dc1a8e47ac9385a3db475b49355,0.38033143,0,0,0
255f10834a67cf13518316de0e2c8a345677ebbf,0.45397007,0,0,0
044de16c14076019f87763b7b58c45664ee57c11,0.11043344,0,0,0
e54ca615f213f5db6d34d9163c97eec98920d7a7,0.27414468,0,0,0
07a42d3ffd034e467e49b5c449d4f5f81c471cc5,0.12925151,0,0,0
e6da0f682436e1387ad68e86edf7418c0f7cb368,0.45562997,0,0,0
59ec4f018963eb55e32fafc2b924826c39c09682,0.45614293,0,0,0
ece4b70cce24b89483236b4cff079c10597d680a,0.31705454,0,0,0
09d28fe7995db1a4da2c651d362007d2082c663c,0.34147918,0,0,0
98c27699cbcf65c3d9d655ecbcd67adcd8b45b05,0.38523677,0,0,0
71cff7c5940b7101ff098601850d46b7a4698180,0.042795595,0,0,0
89e0607cf6470dda1a6a47b46abf37468df4e50f,0.13758972,0,0,0
6fb60857be1fed21bdacc4ce830bbf99103b6fdd,0.32346442,0,0,0
3634821fa515365618209f0452443728e7290fca,0.32468814,0,0,0
2fd62ee4d524c270764e9b91dca72e5cf1a005b7,0.056378078,0,0,0
a703ee75c40e0207f6831c4d48e1c7e62f160305,0.034174744,0,0,0
fd7cfed070c2aab60521afb7dcc633a0b7abea80,0.465808,0,0,0
1de41ef4baeee1c95e245837299f8be265294445,0.13329753,0,0,0
9491d7a61681f7acc7103a6d1d45efe96f7981d2,0.3491697,0,0,0
2d3203b10cc8edf71a6e3e0822f0d742c9516aa3,0.38168532,0,0,0
d55a572e5867832f6d5755fcd46101da51a38aa4,0.12934376,0,0,0
170cfa758547b4d9be50058ad93cf60ce0da5564,0.44361684,0,0,0
3783ca4476fec8186c867e4e57084e649c318c6b,0.045764674,0,0,0
4d996d1bac1bb1886cd9c473ba00e53e3c19cf3e,0.36463094,0,0,0
445cb9dc2f07553f8e1e5f7c1150f00fbb05c63f,0.44062436,0,0,0
ad80bfe559e7380fedd7998daea5f27393ab643b,0.34701857,0,0,0
3d2d4fd1588c8eb3f67f34d75b66967d0c7b06b6,0.42161292,0,0,0
d54fad867da7f762ac4c0d947adffdc1f8f356f1,0.4046257,0,0,0
12bbaf3550d56bc945b50f538b5f18af93bd316a,0.41590604,0,0,0
150c578edb161bdb2e8c039f0914984f570ef8f0,0.20137416,0,0,0
af977adc43a071a09652fea4ce3deba2d5b8d171,0.3644467,0,0,0
e021734b62ea5ac273e516b4ac83727cbb99ec08,0.0347461,0,0,0
b635beb6efc07a97c143775c78a32d42b3b73c8e,0.033546224,0,0,0
3fd2492fcce073f0c36e4d7e23e34881557e6e5e,0.38826838,0,0,0
a918c493296c88da94b36600213c7c188f2589b4,0.06322082,0,0,0
9181e1d536bafedcb3587ca30e5b6e2d66f06bf0,0.3482746,0,0,0
cc8bdf1d13639d12d02170d40cc4890180bbabc5,0.06497555,0,0,0
33ee5497490cbc97f3eabe9ef7a6391e4dbee8bc,0.1177882,0,0,0
dc61e510126aaa1a95a46fe39bf1529f394147e9,0.22564055,0,0,0
d320a457a9de67be25a03f79e1695d549a0145f3,0.08297918,0,0,0
94ae6c84d22ed33e158b3cc822ca4a0484c829c9,0.04327344,0,0,0
e9e36cdc44a68662885e35773187cca00d20239e,0.03919559,0,0,0
7d4041d827aed7d9f3eb14310b824a2faa96b8b4,0.50853026,1,1,0
6f5f99440e7117ee3bb6407e06745fff14bb2a4d,0.36028206,0,1,0
3eb4be60cf00c20e46b75fb72366dd0649700c2f,0.48988578,0,1,0
edbd9842cfca892b10c2e9c8da0384fe005cd67a,0.3201547,0,1,0
bc8e23808b9d8d0c9b67270ef35d04ebd9d89cc8,0.5125364,1,1,0
635e41ea181c5fee8860a7044c84ae3557b51189,0.5751007,1,1,0
c4ddbe6456c9631c301171098a8ac016eb4e582c,0.59732765,1,1,0
63f1d6b83bc10a2880f5ec17a172fab284d2eff5,0.50958365,1,1,0
10e18ae9b47dfe04573884739823d64825105694,0.48800042,0,1,0
d3252a5ca5571e0a97e9a31966ec6b847a3a8574,0.42607927,0,1,0
86c76dd5ea04d1881a52d79113d6dbb1d57c38a6,0.52873296,1,1,0
73a8fba6fb23af45ee77f52f33bb8d791a9caa05,0.4683719,0,1,0
e8db7237a9c347d2225fce9b49ff92bb741adffa,0.3853644,0,1,0
7af67bdd16a4f103bbe6334c5a865436c900adfe,0.31031737,0,1,0
71d7c3264239c55b6e2daf89c44c5685085f26dd,0.4758019,0,1,0
958029bdd45c3e341eb146031ed38b4487d7b0b7,0.29012045,0,1,0
5556026ed1dc17e70946a4a030842ade3a33baeb,0.38456005,0,1,0
3c92830ec51fb6b6e9a7ca2fb8fda324cd33e48a,0.51287365,1,1,0
0fe9685c8a78ba2d780a3ec1e1a323990dc6d218,0.5188256,1,1,0
bd7788b384a87024ddd6bbe6a9bd9a167cf2ec12,0.30219662,0,1,0
dfecbe970917754511a081f8b86efac211e624f6,0.43768054,0,1,0
ef51b068aef14fa347710497cfb67aa9c6e65c0d,0.29594803,0,0,0
173c162a45b4be6fcbf7a30c44d1953062a25086,0.29604018,0,0,0
c4c03a33c8b8b94eaf75d368473bdd10a21cd0df,0.23241591,0,0,0
2fefdc7dc3c9afbbe534ff69db5a754be0716b11,0.38433588,0,0,0
f525bc3ccd9cfb69603bd9778998263a458415d0,0.38583454,0,0,0
9072a7615a54d5e753cf088326d9e14f1a5a6751,0.3164485,0,0,0
11491d355da8a851d6badb6348b10d8c4acc9d8e,0.30901077,0,0,0
2bc2ffde1f4752e7a8c7ea0a51c559faae194786,0.30345824,0,0,0
35f1cc00274122c0274b522d0b544a06faaba931,0.43846944,0,0,0
98817e88f04cc6757c42ae52d653b63cb85af486,0.055699468,0,0,0
83775c432382b9c0367362491d0dc515bf0e131c,0.27776077,0,0,0
a498b87dbcaa0a61c6088d7156258a3cb06638cb,0.049621854,0,0,0
34558845e3777afdc1bf90ebbcb2017ca17aea86,0.12404088,0,0,0
59985b43f0868d9a4a588d9ca1debd03108f8cd9,0.34310812,0,0,0
8ea1aa1e7cc427c28a89878fd2dfcb110c992b20,0.32919353,0,0,0
d4c7f63054e584b69024664bc2f221faf9863519,0.03895641,0,0,0
20c733229df741e57b8ac205788ece2d563b2f3d,0.41589785,0,0,0
3051264e1bc1d41a29c9dae7935c090568f64af4,0.053178377,0,0,0
db0f2304bd7c3ced65cbdfe9e17e80fe0774c13c,0.23769617,0,0,0
2f67045b9647de10ea5d01d8d1e98ac7de3e1cfb,0.2396829,0,0,0
7ef106b23772995e4307f84afd1bee4e2337ce0c,0.042763647,0,0,0
71f6746f81bb9650f6f228ea204d85ba2c5b7392,0.03985115,0,0,0
2ed96f00f724c3331d6b56b6b5650b9632f43954,0.041617252,0,0,0
3720683699bb830a4aae6fb66a78ce7079ad2c56,0.04603971,0,0,0
df37e605fe4b027406bd9dd85b320526ab12a122,0.27360687,0,0,0
4ad74f449258781e9df189413423ffd6ad95c526,0.102078065,0,0,0
d81ea83a0eb1761bb4e90a91f3b70f23f88a7d2a,0.20945929,0,0,0
e2c0ea4374c02539ad9bc6c4328b74f25eb72405,0.10321691,0,0,0
cf42ae522e12e9b412e1a1f008ea73cfd86a5979,0.03090944,0,0,0
fb7335ab163588fe6ee67ef26d3b3edad5cf4bd5,0.39404356,0,0,0
e580d35e1a07431109a5835411142bd1c1c2b3b7,0.038213268,0,0,0
ea60fbe0633082a131bbb18de94fa60a04eddcc4,0.2410961,0,0,0
90e31fd93fdcaedadcd4b030fbc20f7375672def,0.028050661,0,0,0
52adf52e4669b54399fa50f2624826c06a19cb7e,0.0719412,0,0,0
71e515ab6d2007d34d96df5604f74c6fba92c0d7,0.28039518,0,0,0
6d23e85570fe1139cf5ef3bc9b4e57ea73680b6e,0.20913123,0,0,0
cb83f7cb31e50f265e098c5380b3f0051e257f46,0.03486844,0,0,0
2584b4a0ef536e59bf28ba140844597a093d848d,0.027944734,0,0,0
cac520971206093d32bf17925f880bd06d93f736,0.4165327,0,0,0
6a99050166c945a226d5f8275ce4a9dca3518285,0.19505593,0,0,0
6dbb48c8e685f65f45ad5df9f7684bed910036c8,0.045539517,0,0,0
260e0e0cd21af7b03ab0dae33b4978233db67773,0.062497117,0,0,0
b5749b4f54b30c0c2050e456c12cfcf516434f13,0.058610108,0,0,0
07ec8ad2dd862c8669b2557b995ec5180663d73f,0.1481636,0,0,0
28656559d2fc67193a84d5cbc48d378b2016f74a,0.48588285,0,0,0
0add1e8975336c65513b26123d48b221e2515ddc,0.41936272,0,0,0
8e7ea70a33ecb8db5207849ea6371b4a5a8ffd26,0.2509315,0,0,0
6f653f6bb82757963a87d725808c080109e7e3e8,0.0823078,0,0,0
1974c83561d09cf73a575f992fbd8416e3354d20,0.13016155,0,0,0
37c20df721522b175bc9df3f06a361297010df5e,0.29053727,0,0,0
061450a927ba1cc65f7b984f4ff41866ec2eceac,0.5270509,1,0,0
60b32953a968e5623f82a6b27d6c679bc17c48e5,0.3210648,0,0,0
f175a241c811d2d0843026b2dde5c3ae308cfb95,0.03956376,0,0,0
ea1a69d638d97d5ffc451b32d240479357e02b0a,0.031134497,0,0,0
cae70c10b4451ee3b919764f72dc4a4caf0f6f27,0.03782553,0,0,0
c0c7112dcdeb75b521d55cd47d0c61be66b0499e,0.055221688,0,0,0
8d0214a7417addf790713440f10855dc279876fa,0.42290542,0,0,0
e2ec4f2fdb2bb8d97f64a33e9ac288d52854a530,0.33131504,0,0,0
fc73151cfca36ea2641f340700dbe339b9e1f103,0.058363035,0,0,0
dfc9888860bf192cedde21e5e843bc3caad4b74b,0.38208976,0,0,0
5f9e0851da9e74c12e04f5a62cb7aeb1a8ab7589,0.034343805,0,0,0
7d5a61ed64315bd6570c5cb55c1f53853a3fffa5,0.154501,0,0,0
82152f41ac8a727c2f0042bd555452dc2dda11b1,0.39288545,0,0,0
474a837858a8e7a98316f97e9ed387d0161015f2,0.07361147,0,0,0
39380da86acc717f419da48f070f8cf7d9f9ec94,0.32737654,0,0,0
0e266204f535aa48f74d4f2480b2268c13e26b22,0.071883075,0,0,0
5b7608d1549989d92dd159392c19d9ba8ce0e62e,0.056649733,0,0,0
e79a590e0cdabd93883aca964db2a862ff3f8490,0.046918083,0,0,0
ec4d8a9a6b783f1d5d603d5272c94deb1e7375ef,0.03405092,0,0,0
507451866c98cf9e2ddff1008fc0152935ed9e20,0.14198355,0,0,0
8ac3334a04928faab627aef4daf4ac51c28a95ef,0.40264648,0,0,0
6bb871786e563ed82e2b8d26314c22772808fe5d,0.04604748,0,0,0
633ce604968078151e03363d5c67042af74310e3,0.17976539,0,0,0
18b3437c15d78c54510964728486831822809d9c,0.51750356,1,0,0
d68f7f5f44924ddee14428e16b7458e2878baef2,0.031957425,0,0,0
a48071b0d489420bfdc0c2ed7254d1dba243f700,0.07915185,0,0,0
5637a5204ffd7b77f569ed28f85610eb782a159e,0.033699833,0,0,0
0611710c619e67affe9e3b6471943d0ccdb9da73,0.33520776,0,0,0
ff3492b06299c0a38c029c8d7a524d0027de357f,0.27950627,0,0,0
0343b4fda87161265acf30d5ee61e525e751358d,0.066804625,0,0,0
756ccc935ef2a8f9f48e96f28c7c622ffb3e6627,0.20881197,0,0,0
612236c8a77d5d8c4755e287f682cf06d773a902,0.095396526,0,0,0
f37f4b68f3343e2b8f8d82c40398f975116102f2,0.035878867,0,0,0
0822b4226f31e50ec244d311e56e3446a8e5811f,0.03380804,0,0,0
06b7cd3a31c4565ceb0a127273ef800a3d084caf,0.043295916,0,0,0
04b55bc7ca0b0ac444fdc8ad01acef8172852a8f,0.30583057,0,0,0
54ff33b2ad26e3969cc59d7f2723563dee3e37dc,0.204658,0,0,0
54e63005446a2b0a4255ba16838122c5808ef886,0.09703335,0,0,0
1a002c67f2d3c198411a62165e53b31d6b414aa3,0.10814512,0,0,0
ec2fa6bd5695b36435cc66ca4cdd8183d077a0cf,0.08414396,0,0,0
52b46e74dd29eb3eb65a593a872fd57694bc154c,0.08734873,0,0,0
59022fb870c2c45a27e00943003c5acdeddaeec3,0.038910475,0,0,0
03fe88ab71cf2eadaa39654786c3fba713742768,0.040612735,0,0,0
a0b798c27a0312df2a110073bd7888993e56d05c,0.23933147,0,0,0
fb7784fa1472b4c55d329aacae672f416e11a703,0.22491284,0,0,0
5fb158cc05a9ec78e31e49abb654e00a7b65721b,0.37658033,0,0,0
f59a674a26d349b7069158023194ad0d7a38a9e4,0.36406,0,0,0
fad946a1d79486c5118a596e8ac67ef7d5189070,0.23012486,0,0,0
d190655a97c33c886997b9570697f432e7d3a21a,0.044414934,0,0,0
68acbc803e416a38616bc25505cb88dde81af5ca,0.03577978,0,0,0
e8a2c29721d145c52c970049e5469cfb0dcefd87,0.043772154,0,0,0
00fafe772ceb91c9f26d79f5a2f6c3695a141115,0.050082568,0,0,0
31466db6ecd115aa74616e14a75721b45c0f59f9,0.047096375,0,0,0
6d3796e64bdd5f3f4857bfca6982e6ecf98a2b33,0.38142216,0,0,0
131917a0d3303ca2c38fd1d6765b9bed2c23ff89,0.105941266,0,0,0
51512905c31ff19b91fc67b2cb3ddb5b1fa0fd51,0.25654292,0,0,0
56f0e1053c9aa767ffaeee37cf06a6056a221163,0.28546768,0,0,0
04b41e2c97fe5faaf521c2e0581c30e18e2f0c27,0.43284264,0,0,0
84d52919ec3b3c75f28a185ad7cd87603c3cc4cf,0.42765367,0,0,0
18f5f54ca0e78df12586e0750e257058746a5a39,0.6417109,1,0,0
bb76a6848b37cc3f418a370c56f597486618197b,0.6324702,1,0,0
69d4bf883cd7402d13497a40422d20096b2b9aa9,0.3622781,0,0,0
8bb3526317408fba3ae351719feb68703aa5fdbb,0.35034072,0,0,0
b212aa3c6fb91c34a0faccdf783a0a085d40be94,0.32469794,0,0,0
f8b1f6e7456a92b8aeb3e0aa8ef88936873dae00,0.04267618,0,0,0
04a5d83aecc325f87696c83b1a5dba45584ddaa7,0.102442056,0,0,0
c202aa8cec19d80f4671e77370287540a0777b7b,0.3005464,0,0,0
e55aaa5706f031df2e8d68bdf088604c79944246,0.0990796,0,0,0
63374a181393d941c805b6909c2ae5c41159e745,0.38484442,0,0,0
2b15e1f43de16d204a28f72a530abcc24208f4d5,0.24922706,0,0,0
4ceba113050407f10e116df7ecade93b1abcf6fb,0.25696507,0,0,0
5e5ba1b8129fc0d235b149ee699ecb2fdebfd39f,0.4288079,0,0,0
bcc7c0c85878d19735f4eb014e6b17a3c0deb0dc,0.40784666,0,0,0
f3a7cf629c19dc80734b5b6c3933fcc76c8a50a0,0.42419693,0,0,0
a72a5ced53067d3516ffbebf00a633743bbfeb5c,0.48106983,0,0,0
7642423cfa70fc797601afd64ad28ed1609df9d2,0.07107372,0,0,0
04e52eb6155b3cbf5fffc0d52689a3f679e40b19,0.66899353,1,0,0
a1cde6ab707515ae014c2635f9d32ad0ba64e7a0,0.048421588,0,0,0
ff902c15612f2d771483ce6bb06e55609247c34e,0.4468879,0,0,0
3f796bf74666ff9a4a6d31f10dbde4fd5e837d6a,0.04013126,0,0,0
c158713b66856745427f793f14a5dd1fcaf941ee,0.03368903,0,0,0
e8300276291ae634eda52d812e6e8d7cfef2f8eb,0.032668304,0,0,0
fac65b868c549d28b786568636bbc8362d2a78f2,0.0442713,0,0,0
c99a787752770b8952297e24e07bd404cb2f4f74,0.14386657,0,0,0
b877fb9abef4a19eec9cc7329acbd433648b8f7b,0.09473944,0,0,0
2b52dedd56503bf89b28cfbad21f59e3dd4d1d32,0.033183448,0,0,0
bbd1dc343992fde4baaa0309178509dd07eed536,0.37817264,0,0,0
dd5a0e6e1e3edb41afb4b40e4ec2c99e5932e73c,0.05192876,0,0,0
864721d54b8b372808b098e13120abe5c22fb9b1,0.13705093,0,0,0
18b1bc203bdb236bfd9084193aa2d55d4b605139,0.44290036,0,0,0
b2c1afce7eb13ea44fc7d25562cc3bb83cc91b2f,0.52485806,1,0,0
5b223744b49d3ceac9608959d2db82bbadb47897,0.46125263,0,0,0
031f6b082ff21cf1138907a7c666d6ff391bfd72,0.33044863,0,0,0
afedbae8aca69a092d65766640361801bf2b5d9b,0.43860722,0,0,0
fd59e545f4f2d697ea7e197f002c5e8eeca27004,0.042375006,0,0,0
3eddcccba7e0361d6e833407320908187b16ac8d,0.034013923,0,0,0
34a5e7fa91aa7ec9e75a16eb6f3d859d794d399e,0.06586965,0,0,0
fbb5d31a581c24e925c442a7754358d2b62a669d,0.2852075,0,0,0
17e65488113a2dbe9894f824f4321a06ee009e02,0.048733648,0,0,0
9625891a7bbc0a8b11f7cf9c2b4650775ec8ac53,0.26243645,0,0,0
13cd4e0ac3ab76a4dc091eda457f9a111727cba2,0.085091524,0,0,0
8ef8e2a7a5326eef6180951207f65d3c29bce419,0.30898687,0,0,0
844b2901fe4049fba29ce8c6961dfa25966974ef,0.35355967,0,0,0
faeaa303b903139f36c15751c8e48ef982222842,0.35074905,0,0,0
5fef9575646f6583fd2d9ee01368b3deefe6ce82,0.09809242,0,0,0
6c687c70a1d5cdbc71c113b7d7402dd89a942849,0.38330135,0,0,0
c049aeeffd41dd9fb8075e719320846c83e5ea91,0.11702696,0,0,0
9bd439b4e0aa69050ef1baa537e552fa4620e5d4,0.051346403,0,0,0
8d6bc0ca625f3a1a98b486541fa613b2fac4b41c,0.2466277,0,0,0
d2fb3b0865a87cc909e4faab7733f993356141e2,0.060876228,0,0,0
10ebb32ce1806821518f52074f0d171fab20b3ea,0.3134277,0,0,0
caaf97ed8804ae3bf6fb17cd98a5814cab834688,0.32881194,0,0,0
ce0c082898e3551d313fb5b73763f399232b3fd5,0.23433349,0,0,0
bd9adbb637a8a4aa5eb61c6fde2c576d0ab3c4fa,0.46225867,0,0,0
e4b7ee81c1773eeb0bb71ca53bf722f046c16a16,0.33331072,0,0,0
aa31bc6c313789c344d715b7c1aeea0cd8de47e2,0.37132964,0,0,0
3899cc6570bd9176c84ad2d5d14febc6c0ddd964,0.3190156,0,0,0
648eebba22d6398a01b0924975bedced8469ac80,0.34929422,0,0,0
8d95ae41975a2307501aa0f4a7eba296c59edce9,0.09188531,0,0,0
1f56bd103d53c8c6ba7502c6586c26be01bfdb80,0.052153252,0,0,0
c7c85ee39892df3ca007c6596c41654865be7e43,0.43742594,0,0,0
c503d742f094dc2048b72c3f78f5e2e6070a44e1,0.26978955,0,0,0
a2d41db55aa46bd4fedb215c978f03e282cf1ffb,0.29605922,0,0,0
5ceb5f57212935386737ef4af0d066e9fd38c5a4,0.33778104,0,0,0
cf6b6d8eb1b524b73cdb74168f3190ab471aa52f,0.3294778,0,0,0
ff8fd9578ee8f66e6f80cd7b9f204767845b7339,0.3253374,0,0,0
ab60f735c721103ac888d8d7b801055921336687,0.45880082,0,0,0
a2660687980b36003a612eb89b40d6fdecb4b153,0.12898108,0,0,0
b3c31a379e9ad7cd22cb7f0669b82361ced84992,0.46267802,0,0,0
204ed0048f4812201ef65c9a0c44fa54a7d1e04f,0.09850835,0,0,0
103b64a373256feae6ca85f2bf220e7694e48fa4,0.48072043,0,0,0
9c506279188a90dbbe124386cc52016682d17b5c,0.13190286,0,0,0
8eace0187ea2c0c1a6e3a5b5e24e701f6e23ae94,0.24630904,0,0,0
72bbbbc559992e5e6bf17279d8194aaa80c62e85,0.31362996,0,0,0
feb7ba55120feb5e3ad3f526fae7dee1b5189d9e,0.29632977,0,0,0
bdb074610c87a210ea4c0d91d579cb4558f4b19f,0.09120435,0,0,0
64d820bffae723b9c8669301b246ae199db61b5c,0.05511389,0,0,0
d58d64ddb1f205a54c7eb57fe0cbec9c59cad8d6,0.27530304,0,0,0
d962a2b31c9a7216c2df557eaed3e475b13939f1,0.46129215,0,0,0
db6f7c1d74ba64211221a69cfa9fe7171a9199e8,0.3995702,0,0,0
1eecfc948bf6f4cbb9a2481313ca7368ec653056,0.35843745,0,0,0
ac5a216f767c6defa4da720c6ecb3baa05e30254,0.03778662,0,0,0
d9a2c69a9d1db6072e1d7b7ea4fcbd5c15d20b5d,0.04812539,0,0,0
d0f6be9886afaee6080cd4b7cd5d165c767b71f0,0.31132013,0,0,0
8ac857c41ec8ae02e57eb0c1c1a012525e7e14b9,0.0333048,0,0,0
10d2363fcdd6e15568f765ba0dfd5f0cfa0b04eb,0.029804826,0,0,0
8232c096cef785a2ba88a7324b882a7badb0af44,0.03038916,0,0,0
5f4249e2ec8cccb17b27a7ffd032c4fc237a6927,0.033149205,0,0,0
86a59601b570585dcb7a1ce3d1ccc8e16008f53a,0.22160535,0,0,0
809e2bed22f02264e0ac58bba070f6d84386cfc5,0.073738776,0,0,0
6423a7665516d738ae50d272e3b4ca72cdb89a9d,0.41874927,0,0,0
8274993e293a79fc75829df398233915a6387a4b,0.14515305,0,0,0
e2dbe55d56bd6c1209276050f527d36717e33e1d,0.4777747,0,0,0
10325422e5a4735aa87a4d47bdb377e09fe963d2,0.097396396,0,0,0
a069c490e8119189fa2b43d3b597b79b3d42a367,0.52554584,1,0,0
a945ecbbdda782b51d5c2c670345fbf4dffacab7,0.36212373,0,0,0
e4c72a5522aabfa6a660088aa9262d849756e464,0.38637075,0,0,0
0095d8adf26b9469115b1be0358cb09d1fcb5fd4,0.043177206,0,0,0
151f2cd3d80c006f4ec228cdf610c3a35feb195d,0.39326382,0,0,0
33884b226454324f27700f9069f4702b44ef8ced,0.24952991,0,0,0
23108b1bd90de315aed37fa3fc1f38f8a56ab9ba,0.0439837,0,0,0
d6644e4fbe3d125eed2d85e58fc7133466042f10,0.28276744,0,0,0
dc53e49b4afa5d59c533cf2b4918402c37411fbd,0.3852968,0,0,0
f9cab271b3bc8c2fb6e2c51449ad3bc07e62e174,0.4114671,0,0,0
383bc8eefae7e17d0bb0349ab2300488c655ec42,0.36744076,0,0,0
eafeca43268f16aa9d4a179e44b9e7747699c1eb,0.37926888,0,0,0
4733cb5b798cd72aed82a9118648b4a86c91539f,0.42029408,0,0,0
9f89fd4626bbb4e34a905835e397bcffbad59307,0.057092994,0,0,0
2dd459003e19e4bbc2811b10d38337f295fc5a19,0.030611318,0,0,0
8d601ab71228f7c3dff950540e7ee6e4043e9053,0.047338877,0,0,0
0f6a292a29fedd49741310cd517ac4ba907bf8d4,0.03639297,0,0,0
011775551ef75d75f81189eb4604fd0f2ed424ba,0.045481198,0,0,0
695342cb1cef42f30fd1a8496f181c92b21ae82d,0.46768403,0,0,0
c14890f08b9bb47ab8ad27f4dd4c714e32961d0d,0.41842806,0,0,0
f3d2d55ab9b783af65f2050272cd0318a9ad23a2,0.40252063,0,0,0
c0771cbc3c445a9d1d2a43ac4ce3c0edbc806957,0.21442048,0,0,0
3aface95813003ff75505e2ed7d75b072228d3f8,0.19959444,0,0,0
2c437a12bbc578442daaef85ab486d1e55763853,0.055009887,0,0,0
ab0570e63aae3027239dcd5d22caab95111a5de8,0.25745884,0,0,0
f015fb2b31a5621689a57ce9d2d300e5f32357e1,0.089036204,0,0,0
cf950e7365848130c5c2d57c871652e6f83e96a8,0.2903353,0,0,0
e6b830bf95f712672cb9e77cd852606cd134c5fc,0.35266376,0,0,0
09c52410e62b0e1e221d413d7ab18feefcca6bf7,0.1855021,0,0,0
9dcd87f9c46786f3da54af7ac1ba4696840dffa8,0.44254315,0,0,0
f55530a2ffd3c481f6554d98e9d73f2e8c62ec8d,0.41183737,0,0,0
dfd69e038cc7035031d1807c4ade870d2a7e2ece,0.31187567,0,0,0
a49ea7a65b7990b3e6e625bc8bfff7396ee49300,0.0376738,0,0,0
41bc4cd029fc486b5570ec344cdeae049bbca860,0.045875594,0,0,0
51b2cabf2c3737de06fc889b39d40240d1b134c2,0.039787445,0,0,0
8a05e0b0f640289c32f2f261f35450532cc2a1aa,0.1285463,0,0,0
2cd3f0f10a797b744509903b8eca4fd2fd4ed6f6,0.35311493,0,0,0
8c1a0d2ee1433681958809b4a0fede65f62936e6,0.1799772,0,0,0
a08ec31dbf212a033953dc6916a743dccbb93e37,0.043749392,0,0,0
795fe5d869594bde53f8490d75eedef6185b6c37,0.07218666,0,0,0
5556118ad13fbb80a56d7b8de6f960e9ff8255b8,0.082135744,0,0,0
f643b4fa939e89348618ddffae20a804f4461363,0.21389854,0,0,0
bd5cc81ed7f91865aee7a5a7febeb237220d0c5a,0.11173301,0,0,0
657704627b297a19a693645cf03c5c70ccd9a8bd,0.24365254,0,0,0
363cbf7908cfcc6a538126bcccf5c955afda6aa1,0.031257052,0,0,0
c636539836ecb541d9ef71f2d347772cf9f6bc52,0.041677356,0,0,0
7cf5e01c2a152a0b612cb19e02213879a57c14d2,0.31908908,0,0,0
e8d861359ade336badcac3211e5aa447097479a6,0.04368263,0,0,0
044367419dd317eb9f9935d8360280b8b8695462,0.19590504,0,0,0
86a082e8be8c51f07079ded82d6d125c9efc1791,0.34973145,0,0,0
ab25f67348d4885620df86497889c1826f013a73,0.08406547,0,0,0
07811434b773b6e1737fe7dd3775aeab8afb18b8,0.2575261,0,0,0
5bdf0a938adb384bfdb6cc494a2781e2ac33b0ea,0.18451653,0,0,0
30c85ad05363767deeefee577063c2c432b971d4,0.39460424,0,0,0
1661e5519c4836a5a940b13b7797263443156fc9,0.073422186,0,0,0
a64153a3710c5035988690f0acf57dd61b711cf4,0.32296413,0,0,0
954ade4c1ae2adc0aaac3a1dbe800495c519520c,0.30390447,0,0,0
4bd982d1a1df87724682c17c39bf27b5cbe389be,0.055079408,0,0,0
a6443e146f825291308319c6a0f2eb82aa34f8c3,0.35619506,0,0,0
914844e1b226a1ac7ba45626ecfdfb56e7b2e263,0.3194864,0,0,0
98fa164cd88d126d0f137f5bcb4a1d180e0c2fc4,0.08612011,0,0,0
c79e6fb8f95bb07d2394221b29b75fcc016f4900,0.14559606,0,0,0
6597c196521af500feef7a02610727eafa7ec1dc,0.056841403,0,0,0
4670a941be92a55fbaaa3b4055d444e07ffcadb0,0.041745916,0,0,0
cde4c529034e182a982fd842252ec410d213c34c,0.45491958,0,0,0
b5f5449cf338376d12404d0190054525987f4276,0.20642011,0,0,0
721a6e59f7e4f5c0f3196d3eb0e81cab5e41d065,0.048832912,0,0,0
c7c424fb9c3a39b6ea036242e44cdca324f7d104,0.032425407,0,0,0
a8f41ec97d139f5d0d7cf161e8484f2bb809facc,0.4501702,0,0,0
0181c8059c081d144cad36d003379bd50fcd9da7,0.05278078,0,0,0
90f0a680adf3eaa95e46e96d28ecd6848c74bfdd,0.0665009,0,0,0
12e597a78cbf9d82414b944a5b285d81a2e27e51,0.31615576,0,0,0
b45435c950e6f6864671bdffde29e26cdc8ce15b,0.15322794,0,0,0
4259a706ab8641f408afc3ce224b1c0ba5a43d17,0.3014553,0,0,0
f0f896ee600ea7ff66c083747f370453b914be48,0.18531077,0,0,0
5482ce61b003726a9476c76a4337e043af4318c0,0.06346896,0,0,0
31a9fa0cce769c976d74cdcb6e6ce8831793db7b,0.0376269,0,0,0
1a20867d01ef8ee5b32b0620125b7c38a10b80c5,0.04422927,0,0,0
1731949116a7278f2b729cbb9e505580c8f56980,0.22490631,0,0,0
b521820b23c45fd068618d10955eceed48801eff,0.04757036,0,0,0
661d16d190708a1a396d8b75ba10738e4574c11d,0.040016063,0,0,0
3c2673e82d33b6c9bef3005a896e5b0d52b108dd,0.03070292,0,0,0
99900ae089cf996bc969f0673349c06c2e6fbf1d,0.034478135,0,0,0
811dbe7226ba0ede04c2062c2dba8f72a1c03e58,0.31389055,0,0,0
9f7d03f09172afcf0a7be40e3262d151ef053b3c,0.26661706,0,0,0
3c89994355f3574078c832b2dcacba0e65e87ed1,0.44628525,0,0,0
d547412bbd2a1ca56769a2bfa13b7ed9547310ca,0.3262385,0,0,0
d3146a545612422d3f8078f10afa00342b327199,0.4454081,0,0,0
8f54030347e31e0b1492fe874a1f1b67b89b836a,0.45528218,0,0,0
f059e5f7fa1ac4a906b5d2e18d72d410bf28fa2d,0.3916749,0,0,0
a5e76ebc404d419651c2a25b1a62199de64cccf5,0.27261686,0,0,0
a91f76da21faf4e8b70f0f69c6db2521409e7d29,0.046369445,0,0,0
5a52446090a67b9b04b67a0b7aec94e73bd21930,0.035026558,0,0,0
82cc24437f43d07880d8883229477735431e5d02,0.051146038,0,0,0
859224ffadb79147088840732236c1fad341d842,0.078252055,0,0,0
314b6b56bec4af56dba667d66a25c1613f4bc800,0.48125887,0,0,0
8cafd87c83f4197f7e8d14de8cba453c844266c0,0.3502639,0,0,0
a060733e63a9cc476342ca190d04ad027a241d33,0.046332624,0,0,0
e685d847b4c70e354e47ea3990cefda3265aa5c6,0.09278693,0,0,0
c8e648b92cc133a604b5e1f4da1ced943788e64b,0.28404987,0,0,0
ece2f255eed8ad9eff6e236152de65e804c6adb5,0.034951176,0,0,0
9766e22b42b7b3f3923cb9c2502dfc2dd5d0a5b0,0.033028606,0,0,0
776b86e99a1ce18a5093db457109807b766d49c1,0.038397674,0,0,0
e1bc286245ce5f798b5312d65bba64c71921a3f4,0.217492,0,0,0
585b1cb97b4b9e81b55d68e04b6c1e1195058a8f,0.03724218,0,0,0
7587431987258e94748d5f2fda1e6ca049a21600,0.052446187,0,0,0
53def501409cd1f9e20ac43edba6f2949bb366c8,0.11715027,0,0,0
7c19a1ff4c217f03c0be62baf1169d689f566825,0.36664516,0,0,0
8cfc1b1207577943d412789765a3a2085f1b3036,0.19310398,0,0,0
577f7b3b5462fdf84c0956a3bec5296bf7821677,0.22648823,0,0,0
65b08c4f91a4e5d78eb645b46d06d7a46f8c62dd,0.2682019,0,0,0
0344ca3f2d43e3732bf16370262303be8761a523,0.34171146,0,0,0
c68285bb3392665827595ac408a5fad828b0351f,0.3234815,0,0,0
18e692478dcf91fdceb9b9fdca7c61a1111d63aa,0.30032516,0,0,0
f2d8493ac44995170ff84bb895e3a73e0127cc68,0.27255955,0,0,0
f5ebb9a649e9dd0773f9bd3457d6ce1895266d59,0.044450525,0,0,0
3e08af573f8b50da5202f55df62c925f88a47f3d,0.35360798,0,0,0
cc94767e7eabdfcf9d1cab1d8d1d8556864394c6,0.14595695,0,0,0
d6ad3f01574b839670d4ea5cf82a601eee7e0c16,0.35184723,0,0,0
a2dce32cdab108e7e281dfc27dd0a394e1419ce1,0.045323014,0,0,0
fdf05fa29babe21e64f9a5b268dc8406d449d4f1,0.048310656,0,0,0
0b70b01a9f1d9664bb5eac737175f58f06979b60,0.0384016,0,0,0
7076b7408f06bc8a277f58e7bb6c2ec3372d5d6f,0.35779414,0,0,0
cc6beb2d05347fba64d933906ae2b712b1a43302,0.16012393,0,0,0
c7554151d3f695718a5bd431e22c7f4c39a0b261,0.06588499,0,0,0
ae862ae116f2056421ab8d6e997e7b64a95828a5,0.26075995,0,0,0
d65b9d2bed09847ef28b9ceb30c9f8a96e0c12fe,0.094229944,0,0,0
36217ee164239391c672fdfc8f5bd080beab5c4b,0.25405943,0,0,0
44854912194177d67cdfa1dc765ba684eb013a4c,0.4446843,0,0,0
fd60085a2a3891ab6db46dd3b75e9dd67a7c734a,0.4475682,0,0,0
f4bfd9c71f51fb541d0fd203f0df2e609632dc62,0.28258237,0,0,0
3b6867fc25b5dbf27925fdced660553ea8289dda,0.29550007,0,0,0
ed94e5a5cce33af89dc1b1475204734b17f64bb0,0.292124,0,0,0
87eff4c78fac85c1b5f2309887f6be5fa2972537,0.21644741,0,0,0
732ea5e94fdf8fef42b5c21d001983fb24d2842a,0.044616625,0,0,0
09d70ce73dd37544c92621eecb7faf062fccbd5b,0.26517868,0,0,0
060e66bf995177adfc4d73a2a4c9bea70dc5e441,0.3413381,0,0,0
9a7de3974d64a5410e577933e141797928adca71,0.46112242,0,0,0
1e9e36640f762d29c07d8322c361ece163b179fb,0.23868014,0,0,0
c56b87d6efe530590b6d9a07e41ca00af208ce37,0.39391792,0,0,0
07f3694a5c85ff5ee8c556817c0d2ea3504f26f7,0.41024727,0,0,0
5cb988334179b4f04a27c59c1e6a888db0dbfc9c,0.4242729,0,0,0
713c77ceda21d0c3cc9c213341259d64fb46fdc7,0.43325067,0,0,0
729bcc46b503c1574c7c93a65e902f436b4ec6ec,0.037420176,0,0,0
6ea2fc8d38e035bafaa92c7d3b007be38c2e9000,0.045443807,0,0,0
95fce758b0e12837869cae450d8029d7237b0dbb,0.042791825,0,0,0
6ce88517b3af6d48c979b6e984889b69c044561c,0.036463898,0,0,0
b52c69b1b0ba1c542b917247f1f76deb4ce2a42d,0.051557235,0,0,0
125cfb4cab35daebe874a599877d6280b464212b,0.032079387,0,0,0
6f03c0ce11db4a270124b9bf93338d3db9fccf5c,0.03891142,0,0,0
96a1a31d734e663af5c9bcda58c7bb5870e8a363,0.0330049,0,0,0
7aad59482002d0b4bc3546259d33eab20ce76b9e,0.33677277,0,0,0
c1ffdbab58712cca8463b3edc88f9d5a09b0ca9c,0.20135464,0,0,0
758228f691b34c97f421ed92336772531495e0cc,0.07059466,0,0,0
a26c66a8edcf029ca5f94354cee0db267e9ccc20,0.14536059,0,0,0
8dae1f2904b93127f101bd36c1c79e801385a8f7,0.11101514,0,0,0
4f928504ea91c3c1dd43ce696acadf76624240a1,0.25808436,0,0,0
22c30471564c730b02f5f7cedec28fcfe5749fc6,0.031474434,0,0,0
10122741eac52e218771f30c6dc2c0aca54ff006,0.038181584,0,0,0
e863dcb2e7a654af6b8eb5865d8d1d8eee0a6d28,0.43268895,0,0,0
d8ec011d770e1e04ef4f87fba673f3748f363278,0.16102926,0,0,0
f7cbda67518ed7335566ebf942cd170a66746096,0.354697,0,0,0
7d061e33e59e23dc4b03378f35f50a7d70f033b3,0.09774064,0,0,0
49a876cb1c2a49583b9184ab58a579ac75525986,0.34301406,0,0,0
6dfc3e64037f10b84fe203415e79e2435acff558,0.33883262,0,0,0
5fb74a6618da0ca8b12a3346038164913a5d27d5,0.36798254,0,0,0
f5a9effebd7209f3fa5385f18a5e59e8a09122f2,0.40229228,0,0,0
c614fbcc79615f93d2c60a153db6e82d7474c425,0.04495079,0,0,0
d575057852ab2be41abb39b8de69a35cace5c67d,0.42612734,0,0,0
c8e61afdb89c58ea8ffaf04593da41ff0888d30e,0.39564553,0,0,0
c3b1fefbad0c67c8556ba6b4573f135197f87598,0.4202184,0,0,0
60412131f3679b720bcaaaf3dea4be666cefea7a,0.09440158,0,0,0
2ce40494073aa4e9bdcba4c39d24727b7141d227,0.03193863,0,0,0
2e9f3a80146262511ca7bcdd3411f095dff4951d,0.038243297,0,0,0
2c0429aabd2632c8c6a242e4a23d5eb6f46035c0,0.3503493,0,0,0
bb3fe2a37975920d1c7b9cf16309d86fe86e1a35,0.36403763,0,0,0
cb686673a70a6f14c35575550c48c37d19a1598b,0.18180384,0,0,0
357fe1378889e5934e8f60c8d35397bf63871991,0.16269484,0,0,0
9c886bd4a188c91301029040b3a839e4b8e2812d,0.31635886,0,0,0
8b62c114cfc5fd347bd8cb5a391fdfa8cb539435,0.19333394,0,0,0
56b7ae44f957aeb884efc797ec74c790a7a3abae,0.031072041,0,0,0
17f9d22f334c91e701808808170bf60aae7342f9,0.059116367,0,0,0
9901bf98e4921df1c85e323c4b096b7feb80221e,0.34447852,0,0,0
aff0fae2ec3a7d74356776c183c6986eb9eed520,0.038674872,0,0,0
1415c9a2a6317dbdca6f1fbb530db1f558d9bef5,0.057745636,0,0,0
e51bd89201477092c32c180e4f8d00569db17ac1,0.096118145,0,0,0
efba54d35fa094de5e580b200a8607bfc7bd5a7a,0.064036004,0,0,0
58a8f12b443d7cbc16ec00b8841138ee55ee6630,0.27160913,0,0,0
e7d16c27629722a93a9d36a0b5e0a3a793850544,0.048047118,0,0,0
3fadfdd69f4682f05563ce53e55743f55813f488,0.061073788,0,0,0
bcc4f82a7aca3fe72142bd8d9ab3ac6c9d4d2767,0.447562,0,0,0
54acb6e10f33d5f71770323e9769d2dcc1130a86,0.03409225,0,0,0
bd4066eba88a772c06394d818d87aedca8bea53c,0.09380224,0,0,0
09ef69c5b51115300da6df43690cd455d83c8027,0.24011734,0,0,0
a5391bb34cbe168f2c5f5f6e8fc3a1eeb9399e13,0.3541396,0,0,0
96cb498f9bb88b534e49f9b8301c9fe7113b2dfe,0.37788287,0,0,0
f4a262df5204221184f1f5008b06957868684a25,0.38642555,0,0,0
81ee0d062c888d8f8bcbc154cd7f0143710f458c,0.3772224,0,0,0
4aa4291ffc143486757617b743c9670001f8a7cd,0.3658441,0,0,0
ae6a24dd439a7b778e35b484a3a6eae1a8eb64d7,0.40844175,0,0,0
9379d0d36acdf78455e81518b3b1476c7691f056,0.05917863,0,0,0
2521d9619fe1f052ced8ea1107851ac98a1b7488,0.054269847,0,0,0
7721302ae5d70d2986d74ae7e7df648bf849997d,0.09736913,0,0,0
1cec9a6fe588c047daa6c711814453840405561b,0.044774752,0,0,0
a36c903d4f1065bc59f5e6d2bb0f9d92a5e71d83,0.28033975,0,0,0
08aa21f9217df0a28d48be5be5db03ddf4867140,0.046932064,0,0,0
4f4e2b064e98ce1abce98428965f8eed86f4543e,0.31484115,0,0,0
2a11642511a3c69bac5aa1abd83d3219871395e3,0.046589088,0,0,0
ce178d8e87ff6f9a12aea4b217c1e09254936236,0.18652682,0,0,0
9fb4f47f352dc1c1f5f20de80840d39e1eebb985,0.23163125,0,0,0
762641dcdbae9456aa2b72ec8fa1baa0acab942f,0.03927434,0,0,0
47a9ea7c828772625b9e26c0c7a6db494ea626a3,0.044880874,0,0,0
9d090d40ef488c6c8e0784da877b93a05034e339,0.4592615,0,1,0
e7e48da660e17bbe5c0f8959c2cb9f6d60555cab,0.11048935,0,0,0
5d369c4fc53a2ef5c47f16eced9fe917a87146a9,0.32221398,0,0,0
558f84322cefd02246c49666d7e7a3b2e2cddc13,0.23190114,0,0,0
b0580d508bdee2903f05d95d59e6e9a1dc9d710f,0.63537854,1,1,0
32155107dd982360e813d10d0c76f6f7cc2cc7bd,0.28348616,0,1,0
596afd4f5a73c7fc756d9bdc12c6613856ca27aa,0.7294209,1,1,0
7f0046cf4e2161f0145e0e59a1b9684b04061916,0.27658436,0,0,0
1f5e68b5612053cf35b31a13c8b5e8341d892f93,0.08250015,0,0,0
b236d5259f95b755aa5e1d955c8f835312047d77,0.3026048,0,0,0
8fe95aaec201acc964ffca80954e60f7c57d7413,0.25951615,0,0,0
d5b16405c77037e37bd180843c1eba79117da7a6,0.17908552,0,0,0
d3aa5b77428d77f5954e30b14e7385c15f6f398b,0.22428632,0,0,0
83119a80aa1551bea003ea6b9e65b616b7795246,0.28973484,0,0,0
c4de3dd2bb8afb3323fc3aaf394a463aa4222768,0.26179445,0,0,0
f7f4b909d0961528c9b02ca5492b2a57a8df8bbe,0.33683938,0,0,0
bb3d861fcde210e45f3d3ac59d8ee6e1e4086cb9,0.33159354,0,0,0
1e6dceb8ccfd2c97379f78066ef4ad2b9a17b1d5,0.2917499,0,0,0
361b73775230d91b4ad9ed588d6d57f3a049e907,0.30821505,0,0,0
9a2f53d2d56fc58617f2bc7e8ce7f488dd05d47f,0.35129657,0,0,0
6ee118d2a12a4c0bde2c5b828e05ea9b18d4be2d,0.23628071,0,0,0
eef240cfdf77df4d3ec55c2f03dc52112dea7553,0.4153031,0,0,0
0ba5e75432717181296459b9bdc98f9cc3cb2c7d,0.32790673,0,0,0
5d83e4deb81aa7e06e4587809642e70ef9a03662,0.03473545,0,0,0
c635393fb9996ec9d33b32ca27a720d6d5593255,0.30133393,0,0,0
cf4d2789901be233792839384ba76b94dbd25888,0.29723573,0,0,0
46a1c86ab3f4e2068023a1faf1c704443f3f36e9,0.07421028,0,0,0
d31ea317a5fa6cac0e281bf0aec5367ebe45a217,0.29190373,0,0,0
88564caa20e4bee55287b258543cab35e9d3adf6,0.43406904,0,0,0
9f0af0bfee5a92e67ee54c185f49fb7c771c15ff,0.21576738,0,0,0
05f3b74fd581ea5f8946c64edcb293747b4d9a71,0.29396638,0,0,0
43e4df85bda71ca1500112912a83d3ed19868c4c,0.45776397,0,0,0
8283d966f47280f682a1407d499346a383d1b1a5,0.47789863,0,0,0
5878adfaf37ce37e6988956e4cd5c833c6ec61be,0.51519364,1,0,0
ace5ba00f7067d517a35713f439344f24144fb79,0.36147293,0,0,0
67e443370e06288fb2702d62c0206221413ab852,0.20998766,0,0,0
9687cf07f34bbf5f67c17e75cadd287b9f6662cb,0.20633738,0,0,0
94cfd56bd9092e0fd8579120630dba0c857b7777,0.45542198,0,0,0
077913c7e9eb8e4cf8863b7545bf53c2923066cc,0.2655216,0,0,0
fbb81a37f80fab1d1e21435782e034eade76114d,0.36230353,0,0,0
278eed3e1f7cfef2d39a25aba53f4478c3ad8c58,0.33665237,0,0,0
73dcea01b19ed9fc9c0d5a8c38e752bfe071c801,0.053661402,0,0,0
54bbca89040ed195b89478713fa4a181cb2bca3d,0.056954037,0,0,0
1fe64733a2a28b795bddb152e9adf7489b6ea7c2,0.32766867,0,0,0
1194c69fb122709872fd634ae9890cecd1d83e90,0.28462005,0,0,0
709aa7bf9c998cc75f6e0be7d258aa5a07ebce8b,0.4066722,0,0,0
cdacd4a987755572bd4d6d328b371644ac07ecd2,0.45676118,0,0,0
ee7ed6e655c08774387f9ee60ce11b84d7901cd1,0.059086993,0,0,0
edd64cfd822ae2ca2faa8dc1c73edc38a6e19f0f,0.4018352,0,0,0
ed085d064c0f80b0bcf382550d10fe6b6fc9f283,0.21618,0,0,0
4a025d3f8e31bc3e944399990b3a4baedb90e630,0.3819544,0,0,0
157aa8daebcc6a464cfb350de346cc550ac13d15,0.040707793,0,0,0
0dee0324f694b1e035b9c3dcc6923278defe1d3e,0.47744384,0,0,0
136b96c803ce4353f2cca2b24171ddbe74345fe6,0.33833808,0,0,0
99c63edb10e945d466dafcbacbb6fe930f2a31ec,0.3411897,0,0,0
1c8fbeaec2ee80d45b78742d63aeec0c9d0c4e9a,0.2410345,0,0,0
b1162d812eebc9298b7fd62eac1dac119ae5f271,0.29238442,0,0,0
125c820e8d43df150ac09c9da5b38dcc1ea6e03e,0.29830113,0,0,0
680752e1414c07fe4357d5b6fe3052f3d9dfa374,0.23979151,0,0,0
f36d6870f2e1feef7f1d6fffeda056fa72c051f5,0.25660002,0,0,0
62e69cf4f2fcb3ad8bdc44f75f8a9e3e20ca7337,0.035989888,0,0,0
7df57879c92a467cd71860e6cfe14a04a49fd031,0.40201044,0,0,0
fe63f95fbff43495e57ebc37350798dee024cf9a,0.3378326,0,0,0
719d0c56036111d07c46ab5b0f379f62f14ecdc6,0.28989556,0,0,0
4951344fb2ce246e0cc5a2dff90d24cea6eb3a75,0.09388087,0,0,0
c151913ae25d55814c40b7f922886d52c7086787,0.45362866,0,0,0
ba1e716261e055f84baa9a47f9ae2ba959d54390,0.28161687,0,0,0
894fd838fb695d794fbd28cc66c82b80a9688c91,0.04746894,0,0,0
ed7710f41c594c030188917cc773adbb6107383d,0.044836864,0,0,0
11ddae0a3570fdeaa421e4e378ae14bc173598ba,0.034804557,0,0,0
9e8b370391f5b3e71cc349a2ff556d8a3cdf1232,0.04161911,0,0,0
15ee56bd0f91ef807a3e729ab3410a834ef3fcef,0.04706493,0,0,0
72784c46f6a7d7644398db5c7ac8bd3822c523d4,0.07826695,0,0,0
90559c49bae582697906598c735385c19daa6da6,0.50036407,1,0,0
b34856498ed290a4883b077db0d4df2991ba190f,0.13151331,0,0,0
8cc80dd1a449f98924ca9e74970b35f940d43800,0.044001356,0,0,0
84a844af5d30ea41750071dc8140a56e9e146bc8,0.2585735,0,0,0
6f95e26fc92e929fde30d592e7572493d360ea3d,0.33327943,0,0,0
fc3d530961ce4f23fd2c8310f82d6d1fdaae6c16,0.33509144,0,0,0
53c08a37ef81ed2aa3ab57f5933ebbc5db68328b,0.31341705,0,0,0
bd861c0d8009bbd51137bb97d15d5aeb8902eb2f,0.33551094,0,0,0
584a10fda56263ec0ed555f9866a1a82851a83b0,0.3287567,0,0,0
aa0c114ac9636012a941ebee49d69cbd6f6291e6,0.33148882,0,0,0
bae09b4838de43ab6a8be25ee25d0d11f0fe7477,0.34539607,0,0,0
4d8331ef9c3993ae1d3c091a758b24cb9a037fe4,0.2826088,0,0,0
1d1cb74151d6fa0272d607d06ffb85ff4a50e972,0.19838315,0,0,0
6602d00afa7a5f32218784dc54975cae5540a255,0.18627293,0,0,0
cd78c96d225752e3656a2f1a302298370b55a4c9,0.212815,0,0,0
f27cca133f9a28899e00488ef56b2f8a2700a68e,0.19783539,0,0,0
3fe52d0cd85c01eadc44933df5596d177c3ecebb,0.16810805,0,0,0
81d1982c3cbf56f77e2edf3f063ff84e6e748549,0.20329663,0,0,0
e32f477085a9b6f658463bbbf355405980c515bb,0.23954453,0,0,0
7419cdb1fbff1096edca78bc5db34f7fdb3b7342,0.21581566,0,0,0
ce1f9e29288cdef4fc295ec2d5b4f846f0b732d3,0.20834206,0,0,0
60a8028d22b88ee2f2d7cf7657ed35f4046efe79,0.17507787,0,0,0
c779a5ddb807f1a84e1e6a5e43a0f1296dd565cf,0.19341785,0,0,0
c2bfafd4bb8ed95e30dce29e65a9afce26a7d860,0.18885753,0,0,0
e48157a0de54d6b82137d62dde9cdbb4bf5c6f40,0.15424831,0,0,0
6d908d014c25ef3da000789dd56de0b6e7c9ea8e,0.2900257,0,0,0
5bef000847001240749e50239a25ea69485c849b,0.25449958,0,0,0
82c1bee3f786f96fda51243f4cc6d50995bd90b6,0.21015573,0,0,0
5f84693e1db2c35b9b797614e17136655c433335,0.27794734,0,0,0
dc8138a8a9b022d156c4d04b2491b269661db396,0.28740564,0,0,0
233746d8fdb7e71a63b5cddb55421eec87bbcc4f,0.26855436,0,0,0
84daf6aee0175303801e710dd2d326ce252d2f88,0.2351816,0,0,0
6df343df2635e7e0518a09c374532ebf22a30529,0.2563104,0,0,0
6cf4249650d72cf21ae3addacb5202089923ad91,0.035804875,0,0,0
d990feb36764cda778e6b4ce9469654229ac716f,0.2787876,0,0,0
393fa5df9262c339e004e061809c73d7637a909b,0.2535688,0,0,0
59899e1c820cd3fb8789b9cf8648b269b97763be,0.26597595,0,0,0
2ddd54a7ddfead528f2b1de92dc8dd16be7f5f89,0.33758527,0,0,0
c7599fd2a84b3d58473fd16c5df4034a8658e925,0.30403548,0,0,0
82b547ad25147df44f27a3534a5b618755217378,0.28931814,0,0,0
62e56cd3884d224e42cc8b449ef631a0909a19a3,0.4063392,0,0,0
a85fe84ce63f873b760e311f27ec42e05f1b3f42,0.24114273,0,0,0
0a114bbdb01548a69c7a8c155bbdef7785ecb389,0.35751238,0,0,0
5310e25a6cb79eafb21408fabd744f9a76c2a020,0.06886334,0,0,0
8834c8e380b7278fc37a4e6b80a9198a895d8280,0.07884126,0,0,0
b9284992ea3c8c484893517ee9df3b2274296959,0.34602037,0,0,0
939527bcc5b80a1788d876d7e47fb45d71d21424,0.24755464,0,0,0
26e77ea86294f5a9aa929f9acf7dd76a046453bd,0.26825932,0,0,0
3adcd2103d1be4feca870536e8f7a7549f6d492c,0.23481613,0,0,0
2edb7a20f3856723fc715f7c72e10e72ea7df385,0.31085667,0,0,0
9843210e5755d2584efd3496d59e50e721187842,0.27561936,0,0,0
e6cde856d76935ce2ca5323579d2557f5412c774,0.313127,0,0,0
c460996e75df489d6bbcb732763c10d01e62516f,0.4982245,0,0,0
115198b9c94bc66c7a659a04d0e2f65959ce9297,0.17018381,0,0,0
276552d5e73525cdd29d9e809659d35f34c5250e,0.18873987,0,0,0
c0e4ebfbb0f8c38ef672394015f47fd72ba06cda,0.18309885,0,0,0
c61154272699761265a1f2e5282ff1bdaf714b6a,0.414726,0,0,0
f0b18d27f01492af6874baa8415ad17511eb5d4b,0.4918401,0,0,0
45a0337e1d9d23126dcaeff9c0ad96c5b4011957,0.053992704,0,0,0
90f4139bf75c94aa1ed62c5f64c3ffd78a1441d2,0.06259325,0,0,0
67c51ed7ef1d7acc4010e45eaf8088bd91cb702d,0.33984596,0,0,0
9acc3e824e2efa2e496df8458d207b5fb5722e6d,0.41134888,0,0,0
9dbf8388c5bfa0c7beb15e835b3a5e6fc74ecbf8,0.05335969,0,0,0
f30855735a40daaffda15794d7abbc6ab8c699d8,0.32354492,0,0,0
39513f9142cb82b84181a11905b3866a49d5a3c0,0.074524455,0,0,0
289e7a769ec9ab110f85848b281c4c143ba84e57,0.26642713,0,0,0
930015a137f6bc34127d7646b36d0550842fedfb,0.036388267,0,0,0
a270ff62852e62b5ac0f943a7e57292a72b77271,0.039696574,0,0,0
9f0d58985f4588981eefaca0408e767eff1bef73,0.42980054,0,0,0
8f346f9f1263b2fd5923abc0956134df15fd9325,0.42010754,0,0,0
ee851e403b5ab4b6b33713b08f9568e966ace052,0.064813145,0,0,0
55e8eac25d81f07bebb16d812c97edaf1393083f,0.46361685,0,0,0
c8bdf60d1d0be609094e14054be0b9af0fb05521,0.062422194,0,0,0
9d4f2ba886b003980f2c37a4de7a3e6c3c701820,0.112508975,0,0,0
8713af90d540e7bb01f8ba1fd99f6c04e41a7433,0.04213698,0,0,0
eed8a7adb3de7441751e846f4a75d110dd205f23,0.16981047,0,0,0
b9e2a97758ba6c007fcda160c4d8b0528bdbfebd,0.3040213,0,0,0
07de4dd578727555bb94ed421498f455838b317d,0.28253818,0,0,0
641aa1c663ebead0189bf001a06ee56463070ddb,0.11297634,0,0,0
b9522976f462687b0693b7229ba5c7faee0cb74b,0.039282095,0,0,0
2fd2a76110af7ae07712af01708cc00310af64ef,0.32913652,0,0,0
5723ce72d04c8ff7af8f245518cc48291701db0d,0.275654,0,0,0
611c73889b772dab7315c952902d5c649635126b,0.05845547,0,0,0
b5b45d3260bc83d2432566dfbf22f0897240bece,0.048376095,0,0,0
22daa5f1dd4396e94224841b3bf0e9f226e86695,0.064214945,0,0,0
4a9bcd0f5211c91c4c2f47313c8f8013d0dfe03e,0.11405723,0,0,0
864fda4370a8d1bbd942400dd899653fd5d85244,0.045137234,0,0,0
96eddd6ae1427222986eca344b898b3332792a01,0.248574,0,0,0
8da9a65b6398931af18febe082299c5c4b932924,0.2575065,0,0,0
8354ffffce024a97ef5e05b7cef4a82c263fc07f,0.19884455,0,0,0
0ca8f9b9feb2d74c6373d1762b1eb4a6b1f7f4b8,0.28989577,0,0,0
13467cbc7f319f7f7e9e9185a673714736e77b83,0.028874578,0,0,0
e63c5361937cc2598a3cd030f79733cc8c22b6fd,0.08026721,0,0,0
bbf65339023bf627a1843073cab699ca1831aa96,0.038175132,0,0,0
56706c8203ed023a3d21784b6e7fab40375eb9d0,0.068001516,0,0,0
274c9c1d37a47ae9bc1cdec1b0b0e4189dd44845,0.48285273,0,0,0
b88b065aa955d7a7d8f74c427b05d2243eda0779,0.10997728,0,0,0
949d74737327f114ae97a18f9bb4a4f5626b59a5,0.3132667,0,0,0
9f1dabed562e5953af25369121fa7fe221a20276,0.4566916,0,0,0
d86509b09672b874de2f933a511a1f74af6814f7,0.16755417,0,0,0
525d1fd7ca383b3426341c58ba9e2d2e886a59ac,0.41138762,0,0,0
a528bcb1ebafb1eeae14fd3e305f3636d6c04717,0.2782116,0,0,0
c4190304baa18d3a376c3c2232f45f63c479a5b8,0.42473766,0,0,0
bce159a0c905f673b8e0e4c9899543a812fb904d,0.34196147,0,0,0
333971caf33dcc05b6f714fada447e9417f6fdc0,0.22160174,0,0,0
9a6e25230eccfa131d40eefbc4f48a13ac31d640,0.25859237,0,0,0
b1c45ac691d46a8c609f2534d2adfa59c0599527,0.43831348,0,0,0
23747116069c150e26e0dd42d61331b1108e1e01,0.46222448,0,0,0
74ad2114700446837ed451f36107a056301a65fc,0.09078269,0,0,0
dc9032be284c70f53d8f9031cc90e01678a0e55f,0.26769552,0,0,0
6b9e6419fc944d3b5eac58187a6cd56e97328c2d,0.27245092,0,0,0
a424d2ff172aa3be9eb5155e732e6f61915d7b5e,0.03426038,0,0,0
004d5e672e9b2734a4c27f0e20504fc615da3476,0.06029806,0,0,0
b6b59b189c1274ae43e844863c7a2468c0e16b4d,0.033237893,0,0,0
73733206b943f8a03d18574eb7585285eeef05b9,0.40314433,0,0,0
fff00791ed30f338ffc085f099be5517dc359261,0.5931805,1,0,0
b8ed8bbd5eaaa6d3e463bde3accffdf3dcbb77b7,0.6356858,1,0,0
256420016e2321dfd266f9a2ebf672516cc936ac,0.06775593,0,0,0
c4161ee29051c6e44773fd1837d2080489727dbf,0.3476345,0,0,0
06e7d46a49c5d31abca644fadc2e3ecf6f9001a9,0.03479651,0,0,0
1e8a31f417256b9f555b537a09c13f1135addbf6,0.38151255,0,0,0
2d79319a8d4a3ea256ba1bb6364c1330518134a9,0.046352126,0,0,0
2a491590568140349f776b2a63bcb4ce74d147ce,0.44568318,0,0,0
32080b32a4eed0719b79f4be332ff5a55468ab7f,0.033093933,0,0,0
3f66e516a7f5833be9c87911952465220acef149,0.39718503,0,0,0
2a069edb7e7c46ef3c1f56e8fb6cadb779ed2e42,0.2585329,0,0,0
963757362ab2ff0f1636008815549322fef1148c,0.042451553,0,0,0
9f673d4da60a889ad5fefb6fadba1c40bb3e735d,0.09685359,0,0,0
1688a5a2444b3b636741d5675646b0b74820b4fb,0.09962723,0,0,0
284b6f5477838fce398036497e1acc206b1eaaeb,0.041321468,0,0,0
ffe28c43e0486d443234701ab9d791e703c88071,0.36943227,0,0,0
3761b5514470d3f06c9076b0821430d0c2cb2da7,0.38467735,0,0,0
a36442f0d08bb1a5b964b4c77d4c64eaf251c3e9,0.4063415,0,0,0
2ecede5902f9a132a632b8431a35daf5174e1a80,0.33973292,0,0,0
4a2e49fd8daa81cf2ce331c3a3795844e79814b0,0.041781977,0,0,0
8c44a71208f640835d7a205a7b6e58dc065d8dcc,0.04350734,0,0,0
74abd625bcaaffccddc3ca9faa1402b179c251e7,0.06547488,0,0,0
ea64efd6dc61cd9c9b1207d2da37fdbea14d6b50,0.3645049,0,0,0
530049b41c9f42e11144fbad4d1fec65ff0956e9,0.38137943,0,0,0
66c451d618577c1a1e1bf964ff990574782c3bb5,0.04080812,0,0,0
a10c6b01425a9c21cf687294bac43a63de0a0d3c,0.41092384,0,0,0
f9f92677a92ef76f92c90521904c20b8512b05ff,0.48899412,0,0,0
989135e762d3f00767240e7b42ee9e1cccbe43dd,0.5109083,1,1,0
12cd61925c37177a82d2adc76f6475e662030e12,0.3946292,0,1,0
17f4a06be88ed9c950e562aa72755c7a493b8ae9,0.39898193,0,1,0
c3768b0fba8f2f565118c611f4ced4bd6143d022,0.54436433,1,1,0
16d64a96a0a07468bb8b2d3293d374bd4373cd70,0.27964428,0,0,0
1f0919e28420fbd1568ea1c1fd4cf7b46eca9b04,0.28925964,0,0,0
4e347adfdb1a84535440d6c9f392d134a84969fd,0.23885188,0,0,0
9818f5ce6f76224f0d5d5c8ad583d854b8cc6872,0.28767052,0,0,0
dca231dd1b2629f45e65cf46b6f91803fb448aa2,0.3152292,0,0,0
9930786b2d05890fd071332dd1b9d7d7ad0e1b3d,0.2308714,0,0,0
b367c37c2e92ae652e49b361425bdc7ab3390f25,0.23232508,0,0,0
bbd32a63be1334620c1f52bcf4494de4b1e6931c,0.26476073,0,0,0
6868968abdfb03229bb0dd60e57a502db45394bc,0.2716836,0,0,0
3fcfac543d8e54b93695ea5f32b1820c5e5849dd,0.36415395,0,0,0
af50960c662e2d006dccd4156ca85ba3b2d3d5b9,0.31714138,0,0,0
99d1ccf360643d89b88bdd218fa917d365d95cde,0.28964156,0,0,0
3c32e5384eec3142bb017fde824dd1cc0db48876,0.042132765,0,0,0
b4621118821f29afd3d5ea47eb8a684f4e5ed3ee,0.23967528,0,0,0
eb3f760c1c38fe3910d979e75093da67f685e2f5,0.19529468,0,0,0
efb03bdc301d917b746e6716f2a074f54ded723b,0.23715551,0,0,0
3ff71911718c07ca1016ca855aece547061db85e,0.15458873,0,0,0
01f84f2b0d9c13ac82ad471469b6a5692d0f8cbb,0.3349255,0,0,0
a95c1598ef693cbd7d874c33eae82433693b75d4,0.19949803,0,0,0
6fb796db3d138b4e97dc1fceadf6bfdad74a3533,0.24504265,0,0,0
cae430631d5472394441cc82e142103c3a70dc83,0.3193824,0,0,0
47b76cc60f7b73188cbb47a0879aabfa0228be31,0.3794129,0,0,0
c64d12958fc711d667f26d0173bbaf96157d629a,0.30619803,0,0,0
643590426ee7255ee5e1e661b9e2ac8a9052dbed,0.3519163,0,0,0
31ad1256c66f47e58b7ef40955953e4a1c6bdbf0,0.2693965,0,0,0
3c984c22552eda0fb5b200efb3f239213a4a04ca,0.06774428,0,0,0
95db7d0aab9bea25d3a14db42a7787ef77861f45,0.31356698,0,0,0
1d6f5e40ff44f08fa67c6a2b57f7ae4a5e4b0be6,0.09343039,0,0,0
e0270b0562d42658a57c4fcbf0cddfb5673baf5c,0.27931955,0,0,0
6eebee491388abd2ad61a15d3f28b167c9f0f7dd,0.21241978,0,0,0
ae3f537711b1375c4892130d65cb60928549cf58,0.10131772,0,0,0
25ac3249dc2a40bd52ceccc9251c8446b036d197,0.21326764,0,0,0
6ce9662add46e3cf144be07f7ebf18e2d25a7abc,0.10278788,0,0,0
111c4a5e54dbb1bec6537eca02618e2287bd23be,0.53980213,1,0,0
e30788367dc7ce4e4e2d8152bc7370af8ac2fd0c,0.39136025,0,0,0
b1875ac1abf9ae86f5a589c5144c8c9902a1dfa2,0.47644463,0,0,0
307ed458578e68e68918d3ccdcf4798c57e084f2,0.49815857,0,0,0
0caff290df54a8a3b653840fe257fea94807d697,0.08708033,0,0,0
b44b3d95b321cef0281cdf130e8c286bfdcd60af,0.043902915,0,0,0
8f77bd63d8b5b2ab593b134fef2bf5e59bed0441,0.34606886,0,0,0
4e410e068b8d367c53766a7da712b1b6f3fd8101,0.046309885,0,0,0
2412c90ba5584fed123fa6a33e752e6c8eaf74e9,0.17749822,0,0,0
47ed0c7cdcb4d516e41769e38a9cd5ef4d01713d,0.08889628,0,0,0
f5ea49326cd5c09f0782b0d1bcbdcde9053ee316,0.38088998,0,0,0
7b0388878e522468f90ea163b15ccfba05616c95,0.036790386,0,0,0
a653374b2871d67f51cbb4ad2083444e9c3afe1c,0.33839932,0,0,0
430f96525f80fe4909208ee4d2aaff81c312aff5,0.329668,0,0,0
295d46aeedf3660d89d6c578b84c410089f9b1b9,0.35618195,0,0,0
7c05411f80b6748b6b2197d2014bb98c8b0857c0,0.3681101,0,0,0
140846cf81678649b6bc29497c3534aebaa1f6c3,0.38236737,0,0,0
0512bc21bf4d0f1e391e4158adf0ae145d408ee6,0.39409477,0,0,0
283e14cbbdfa5bd246a3ea9dee5739959f64b4c5,0.12758586,0,0,0
354b72afb59ff145afffebbeac8a7478d4140e75,0.27043012,0,0,0
15c72674ebb4bd99790de97b5645f1531a3a7c00,0.3230508,0,0,0
1a3d74470eab60d668859571938b470723726139,0.14092916,0,0,0
330d5cf99c1eefe3fe86dae260a8873068650866,0.35349727,0,0,0
586b6ee15f526d585628a7162d10f08deea6a93e,0.035254575,0,0,0
71491e23d68df50555c52db62ae9bfc0a2543b6a,0.036120232,0,0,0
e56b2b598a2742ae8ac97ada82a97655b538ee94,0.03652426,0,0,0
3d129b7e2f6373f7885336225d3edc93b3f624d2,0.03295503,0,0,0
4d3dc80e4b3f7fd0e034d544345a568d6d5c5d26,0.03043473,0,0,0
269e6693ca1f05bb7e2623c538b9b934fa688f41,0.03435406,0,0,0
c2452a5af3b2f1db542175221dbc19eb492f02f3,0.04902009,0,0,0
9ac217fc697b3afd0963b897edbfac265ba2f571,0.3455651,0,0,0
a5f357667b195f9cbebc1d1de8f70c6e0c28dc3f,0.06629774,0,0,0
c3d13908a2e8ca7b9832fa693ca72bc228a4e92d,0.115788884,0,0,0
283351276ff704df65779624e195701a21f0e25c,0.11787991,0,0,0
38e3e41049464fa3b8ffc1e810f87c18d91a7bc4,0.05553368,0,0,0
49eaf68b54f4114a0176ee56790d8415fd64876a,0.060413413,0,0,0
42308f780fe3d0c2223c121493f97c747226bc17,0.2206859,0,0,0
ce5ead2f93b92c815f1304fd51dc3fd3338cf19b,0.51327986,1,0,0
e8ebc1e1dfe2b0bb7b9f549ff35bd2d1a1fcd2f4,0.30005294,0,0,0
a76f39d4b284633c6792d8c7977abf8fb52a017b,0.20111717,0,0,0
97a64af2d6adc157f6ec9e4d4855b2924caa69ac,0.3158,0,0,0
5e2559e3ac936ed985d5fa9d7160a284b9a83644,0.31286666,0,0,0
dbd77cf4fb93996fb7f312bba2aaddb87e5d6a39,0.42200935,0,0,0
1e8be6ff174f1d7027e848d5788d63ef9827c659,0.4436398,0,0,0
0847a34f6d1f15d3d35ddd9f3283d54c1355b299,0.04927389,0,0,0
d1cc91686abf34d073ffc496506da9ef712984b5,0.09014052,0,0,0
0030e4bbbd3cd3cea505bb1e4f1edbfec5986fd1,0.42266524,0,0,0
3b6dec3c581f883cf9dff6f04512011cf277f586,0.3951318,0,0,0
c1ea2007d4f6527bd174869603f53841380b5c31,0.09376977,0,0,0
87361f16b0eb35ab5fe25fe2ce3cb57a96dcedbb,0.051562127,0,0,0
f10f849935076a7c773283789c75a4c35b9e6c03,0.14657527,0,0,0
034be5fcdabeed034bfb562ae7014e021caadd7f,0.35854536,0,0,0
8c52cbf8dcba19310a569a23ad3e940836b5e7ce,0.046219748,0,0,0
9d4e26a501903d404a809acc8ce93df1751a5429,0.47668505,0,0,0
7dbcbaa0d72723a1682dfe340fe05b2f0d3cd3a7,0.415427,0,0,0
b3240c0b4dec02d8a511b831e07eb0d03094f677,0.07638981,0,0,0
d37a2097286c6385bf8cc757944bb3568672d873,0.124807864,0,0,0
39ed7bdf558cd8286e62492f6c91d2af73f807aa,0.31192172,0,0,0
100bab5d8bdcbf802af6437fcd778e7f2b9bffbb,0.043070026,0,0,0
21892745c86fa03b465cdfabb99554e9659b1941,0.06432051,0,0,0
511499162fc2ea958f3c78b1081225d335b52227,0.329905,0,0,0
fe718980550f0221041cfdb56f83638c328cfb9d,0.1304133,0,0,0
8f577fbc1c44a4e5e39551cad677978452ea0797,0.4737916,0,0,0
76c125c3b74a390a39cdcd6666cf7e9cea0e5c1d,0.4337398,0,1,0
203918573c29676b179b673aa7e41366dc4215d9,0.44813603,0,1,0
c82fe35c48bd0082c16644d16d82d1be79d6b9d1,0.09261791,0,0,0
158d178c58e892ba87d782ecf436d30c038d464e,0.3243112,0,0,0
e8c09f05be1310ea2ded05bdd808c46a1e4485e2,0.30160233,0,0,0
b184666c1975fa4050121c694e09a88060854eec,0.31136563,0,0,0
b83e111c619232be9ba0a7bba682ebc141b618b8,0.30609927,0,0,0
2a6c6ca711f0f0d6aeef30853d5eb05bc68c2e85,0.32916573,0,0,0
01911a40eaebf2aefbac34cb2760f7f77ccd07a6,0.3392146,0,0,0
ec733cbbf25c103c2c661625717527448a42663d,0.36767048,0,0,0
300578058c7d6db0671648cbc5bfca84fce6285d,0.30012658,0,0,0
63950ad11917411d82d9adbd0ad1ccc4884ebb4d,0.27490613,0,0,0
f9d6655b42d8e1b1071f78cd7f1e38cbaa20350e,0.22608478,0,0,0
858aa75ed257a24acb983df372f634c3fc6c49c7,0.30331805,0,0,0
76a941217f9272693b5484ef360e8cf6491ef3a4,0.35026202,0,0,0
7ff71807ce589931a56ae6f1306af43c6b8632e7,0.21810977,0,0,0
bb1135e50c27938eeeeb6e6c1ffb3882dceb9f1e,0.54806817,1,0,0
f0299220ba7dc33b1865068db0c184147283a9e4,0.11073838,0,0,0
4a6c36401518a45a709ade671d442e061138d3ec,0.13982737,0,0,0
ae5df796be80dfafb523072e4efb30e34dbee46e,0.21736954,0,0,0
7e19596505676c5b300bddc39792289441634f02,0.32505825,0,0,0
55e9d25f779a3ba726a9904641e656de93a1fac3,0.40503246,0,0,0
3b6468ac4f765262f68d3d289d25bea3da521c16,0.39504567,0,0,0
89b1661fde38bd12c4d83b9fbe696db0c8657a78,0.033134118,0,0,0
f054152346cbd7c8afcdcdaf55c39f9967edacf1,0.052116234,0,0,0
346009fc677b252d052e9ee22c6a4cd2be10a032,0.09737313,0,0,0
4c84e204cbce349f3c5722750561b91607d3fcae,0.45998305,0,0,0
c353239c4fd22b8991e1488ce81218b1c9769bf9,0.24869427,0,0,0
516f6889c9153a59110d3ee9bdd907e95e10cc08,0.24062137,0,0,0
7b6bf45d83c3ec028e686318b8d4f1a061723908,0.2267507,0,0,0
817666037d3c09b9138b161964b0fafc76d65998,0.4290267,0,0,0
c3b831fa7e4ad148d8e3abe2a0e3c089029044ed,0.39433414,0,0,0
5a5bbc662104afe8f020d89d6e560f2897678984,0.26116264,0,0,0
f8c39cfd773d797adc1b4ee19aa8fc17268946ec,0.441015,0,0,0
8ab0ecd0af3932f40b931e1d84b2951f7777a305,0.47003886,0,0,0
599e57b27c19953487dfa3828432b8ecc7cb8b38,0.21644229,0,0,0
68ae60d779e3bf4a46064fc1b537057478a627e4,0.22711773,0,0,0
c600de52e107d1fd3d5a9c1aa1bdbbd6754622a7,0.3214874,0,0,0
8939061a3c0218dd3fd27f96f3e60e48f74622c6,0.41347173,0,0,0
cff360a340b48070d88a48f06e8748a916ce52e9,0.31868315,0,0,0
52cfbfd91e60db255c3285c90b94cb6e3a75fdb7,0.42042997,0,0,0
ae31e56476646b33b0c2a1f03bb095145a22097f,0.35450256,0,0,0
0b683acf0a5910fdc4235d3103eccbfdebbb18ff,0.44630027,0,0,0
861646b25a39dcdf79bcf5a7643bfeb28e137a8c,0.22282417,0,0,0
3ea4d5d580a78213504a4611fc7bbab58b93db0c,0.351589,0,0,0
b5955f5948a973a248731b774773bd225af39c82,0.35730517,0,0,0
09db9daa292e74b6bcff84edf406aec41ecf536c,0.34368047,0,0,0
410ab04290294dec74180043dc2aa635ca1e4e80,0.03537181,0,0,0
efe3699122699151984e8499da9d42673a42851a,0.47996053,0,0,0
d2f27093d7d95a07da901902f894d88b4ecc3e95,0.04032416,0,0,0
ca30fae3acb59a5caef3c3c21eecae7c928827e0,0.37919608,0,0,0
5ef5bd199a4e3df74479b4b363fa29b0b3092547,0.03896998,0,0,0
9e8eec78a71b7d1274043f55c9a5fc7811d53132,0.44867697,0,0,0
6a0a1876772e74a1d4a7c82669784f8bcca8397e,0.30056044,0,0,0
8c5c6b936ee6d1afb75cc2cbc151887937dbcca5,0.22972664,0,0,0
484698c5415bb578cb480845e2dfa930d3d49d9c,0.32560167,0,0,0
29a7e67999568a5c86b32ef513a90d5d090ad2b2,0.50129986,1,0,0
87f142f5c85c9a7e86d02b4599e3973e773f3d41,0.04230434,0,0,0
d664776d4cf41d7e1e46b92bd8a4e907cd3bd438,0.28138766,0,0,0
847a6d07793a198d28819731e5166f9ed3845164,0.45480943,0,0,0
fea1da48fef9e28026704e9cadaeba3e0ecbf6dd,0.088612914,0,0,0
c7a5a6afd5d2f7d8c3d518ca625b7d8a1445934a,0.34171167,0,0,0
0fdd249cadaecd32a39d25301f5242f9a92ed351,0.30567136,0,0,0
a9690db48eadd3643adc34cafd6ccc5d4a5bf589,0.18896644,0,0,0
e9a2edc877ebf928ad0c056273f64cdc861ba609,0.028278785,0,0,0
74989844d7692245f9e19b0e803d748c73e91e41,0.45570964,0,0,0
4d1c77bae99174b67a462bd5a44950ae08f46796,0.36811218,0,0,0
90211fccfc48dc36b7cd81a1ce18e1506a6f15a7,0.23704657,0,0,0
e246d2ac01f1ac741aa4673aed3d028e08a63c73,0.1420226,0,0,0
36fccb4325f924bf46babd4d8d60226f8dd3f154,0.35539418,0,0,0
5ce931b904d1f2961078b99049c293c11e779fec,0.22413866,0,0,0
cbbeae7719943308494825574a0002ea649b3de3,0.5811921,1,1,0
eec10fcf0c795bdfacef4c9933585f65f953fd58,0.4935991,0,1,0
516c38fd95fff30841f9af370f50cf1f7733c209,0.5477571,1,1,0
33c95771c804abc02223f24a0234343b93ffde56,0.36888885,0,1,0
b88dd3ed853738b8e7fe9652b953db569bf7f79d,0.4615646,0,1,0
a2ba6d54852aceda5e3bf9285730da743ef04e77,0.44809017,0,1,0
350f01c78374b4df99c1a84cc32122eeeb48b036,0.5374574,1,1,0
03239b0ea42312c7b5daf4520c1ce1caaf6189fd,0.29201648,0,1,0
a428e428df2766f1d1b2b793b3f812344fa61fdc,0.38789526,0,1,0
f1a582111a26c4044c289d96ced42fc1621212d1,0.40002587,0,1,0
5c9661c300bad40cbacdb391637dacc991f16da6,0.40783826,0,1,0
daa69a5981c7c12e0af5922f0a07653446261b07,0.5191755,1,1,0
1fbb16b037e62c6af90ab89ab3ac8d3633c59a90,0.48269224,0,1,0
03cb05cebcc65b923e03fa9f41d664885bdb38ed,0.24282181,0,0,0
f4b675664a7c633bdd62d5f85fcf3f95d11ade9b,0.25432882,0,0,0
4344ff7331a4f8908478e72c5c232c7a9d5dc403,0.24643286,0,0,0
5375fd9dc55f1dd01e155af8646d1ec67bd6be29,0.23400763,0,0,0
0bc43314c1216a88d0e281e7ed66244c47c57c56,0.30230358,0,0,0
30fce9d42c5675e9cae0db0401181f84a73a293b,0.04495906,0,0,0
abf07558021a0ecc50c265dcbdc5f2f99fdbeb35,0.45409974,0,0,0
3112bc302f32a74c827d672ca84a80091b0700d4,0.5141704,1,0,0
7e89c9cc80bc3fd2aab64f25dd816c6d14790988,0.11381643,0,0,0
2247ff9601374845012558ecf5963ebb7e1066c5,0.49391657,0,0,0
76390c0b54bf145f65532ffe1e7b24639f108247,0.27200523,0,0,0
9a92b8526cd13e092b5185a59c7ff0f68a1ad56e,0.45946556,0,0,0
6ae55beb2d28bd6cf36780b4c58da41854dc8248,0.40549412,0,0,0
d681042e60a3a1e92f4c891ce9dcffd672868e7f,0.2870145,0,0,0
a793612b9e09795feb253aab9a738bd1f7280700,0.4118558,0,0,0
22fe7f3c8b3fa204c2406c3d15811b2581e1b7b5,0.07140106,0,0,0
3856d3f0a0826be3ccc6b160e740d5c7176df743,0.2678258,0,0,0
4cc3f6e7dbee9e3684884780af82822485c4c7c2,0.4072818,0,0,0
4d00e14ec8d1e83533a8aeb788437568b417ca88,0.0791944,0,0,0
b6ae1d09c384b57115bb34ed94c90e256e4b66b9,0.16541103,0,0,0
11fcc89fec70aae7eeda710e2bd26d93cb3c05c6,0.32449088,0,0,0
496691bfd82374f1c1bfee8719309343c2fa878d,0.25505078,0,0,0
6f379134ae1807cd404ed6c9579707e5dc6a6df0,0.13122045,0,0,0
db586baee29fc90f79898e9a274cc1bd585b5f53,0.40168878,0,0,0
a67bdc013c9fd965abaca375b9b47554a115f40e,0.5007006,1,0,0
b745af3975a0bb3acddbc59ef85860d08221a010,0.041265775,0,0,0
90a73a4dee53129e33a552e49cb7835ecebb3a5f,0.2564705,0,0,0
31ac0e5f3594a4517ba2be1735b1219cf85c715a,0.08188768,0,0,0
5499fa02b08b8546827a1a055c5af3f0245257d9,0.30348298,0,0,0
1261172afdae9a4b15dc9f691583261a1b020ccc,0.36340424,0,0,0
64573bb2e0bd2c7a7b1282b8a574a4796ae61609,0.06123093,0,0,0
b09b95124bc27f39e27ecfed90ce40947bcbf663,0.039804045,0,0,0
5481dd326025de2da7d89089cb969759972e7a8c,0.07245949,0,0,0
992911d0fcd230497ee3fc50dcf49042b7372a47,0.048900884,0,0,0
d0595b7121f57f1f49fe7fdc384479dd73ad64f5,0.082747445,0,0,0
cd1d329dba95dae161317c123269c24282001a66,0.06102817,0,0,0
3e3a1388368e8e4421fed0b5222904d40a8805ce,0.42102423,0,0,0
9f5af267e8c143e16f8b20fddb02ada096ee9df8,0.053391524,0,0,0
f8a7156259dcc1b3321086939234d80b6ab828c6,0.46869335,0,0,0
661008f8238acb71301b172a6aa9aaa8114d0c9c,0.27982986,0,0,0
469cf4d886f9a184168ba2d179899a600725d4c4,0.39126405,0,0,0
12d9a805a6df7afdccfac94a7061d369cc986efa,0.07276297,0,0,0
e83b4d8484cdb3dcef44ce3aede866663b526158,0.4231984,0,0,0
ff0e842058091b3310340f51a130a65a1cf6f725,0.3716098,0,0,0
a123142d947dbf38fc053c29291b555872c91ff2,0.18462501,0,0,0
45b5e0cb3a4a499ff8b0594c082d490d7b7b7c1d,0.28349864,0,0,0
29ce3e0e9ecc31a5c3cecb19246ff978fc7e7c20,0.30910853,0,0,0
3bf9dad70ea4b93de850312cec2681f3242280c7,0.047699504,0,0,0
90d775ce2270c35a7c514f5638b8a3b23d5a4f3c,0.44487032,0,0,0
0194bb8ca57e5a4a3fd5fe3c39b0ccdeb4711043,0.39786386,0,0,0
f8e33e702ca0570076c58eaa7a83baeefece9553,0.4648718,0,0,0
6c203ab46b24751c285f021caad9d8969cf2f45f,0.22056858,0,0,0
5b56985334a63d63cdd9bbea30f225013302a7d3,0.42157727,0,0,0
bf0dd95b52e0627c10c072f8b05fbad3f86fda71,0.36514565,0,0,0
bfbe9966ab45dc4787fdbc55735241023d826d95,0.37161955,0,0,0
69f38e81872d70705fd7919df3d771f28c22dadc,0.04782491,0,0,0
c5c231e643365485c5805cbca81070a51429de9c,0.3180534,0,0,0
96531689d341eb26103356410280447e94529b5a,0.5346822,1,1,0
da7e55cc7aac7cb806699d234dbb90a455c21502,0.18510166,0,0,0
6913193d33ed83bcb98cbdb94ce410069ce2513e,0.10062904,0,0,0
7f65af524d6b7fa43743a3c5593c3c57fee3e9d6,0.31696317,0,0,0
4493ec15a72045bcea25a4c6c9b4858ad5448b7f,0.280734,0,0,0
1f207424031bd81af858ffc98e64152b3ce2f22c,0.051553678,0,0,0
cf9cbbdae44b88a7cc982765bed085b434f4816e,0.35497582,0,0,0
00d9578b74a107e3811c407ecc3da2bcdb166f81,0.049678825,0,0,0
3410aed6696622cb6b7b8bec088f9a92ea55227f,0.0759554,0,0,0
8d34352d3ca40ccee76e1473d3e132f7bd8d4a62,0.2502115,0,0,0
a04afd1f20290d0097b1ed9ef2a4f476e0b79ac0,0.050753124,0,0,0
825419f9128cb7bd01ca31b0179bff96bf1a5ce5,0.057239104,0,0,0
6215969d2a1f8d95667c208af868758c8636c234,0.30934417,0,0,0
79f997c1d6976f5327cbe5e80676a65245d961ac,0.40190256,0,0,0
4ec3674e06fd98a10de28be7ba6c6036e64116fe,0.22476573,0,0,0
6eed45b023ff3c609ef423f28fc87b42d0614f79,0.22161543,0,0,0
002e4de0d68ffab9af339283f02659472a1febe7,0.04596806,0,0,0
ef8eb3d269274d2e6e4915875d027ada1efa0470,0.30047944,0,0,0
78b8d323635b47f68a93da04f04d221f3412d9e0,0.2814867,0,0,0
055cbd0d42dfec901c7b2532f7a71f937b1d4756,0.049817793,0,0,0
771841e493ddd9839a4c029db6b217fe19968148,0.29191023,0,0,0
39f6f7fd6333da2b983f7d9001a7a51f31fa9434,0.31270745,0,0,0
6bb1b9a7bcf9d4d1aa0f4c12bb0cbb4cf4e2cc71,0.4239347,0,0,0
4824774675ec1a2c9e7b1469dd93a6bd09854210,0.26866052,0,0,0
717800fc588389b143b5c8ac20a0289a9217715d,0.23600295,0,0,0
0471658da03f5b01537153a72c0ffa7132709900,0.14650035,0,0,0
bc69f94466efb770e78d1bd89a8a1bd460fc437a,0.29462773,0,0,0
7a4fc498fbe96e83af20c5d0576c42a761fe3d95,0.28157076,0,0,0
3e438a80fc5ae21862125b13e9ada9b5c30d27cd,0.23127705,0,0,0
15b4031ba94a60f20b854e6ce2c7964d77086387,0.19767353,0,0,0
543970edafd3f8e08d945612d09663060718ae94,0.47241142,0,0,0
80e4a06124a712fde81bbee093ba2ddd71851c93,0.43505153,0,0,0
454a82cb2ad2853544e641c8c80f5ed34bbeb1c5,0.033622973,0,0,0
a2bde0190da2e32a5925df5aae1f2c37a4498bf0,0.10311876,0,0,0
f9dfa3fa6b9a28439f1226c202c41df9fe2e4380,0.2670075,0,0,0
c50da916c252ab282d978da3f114b81d91ec2912,0.32521385,0,0,0
e0bc1afd7878a91fbc30e79941af8a797637ef22,0.08464224,0,0,0
aa75d3aebeb30d1bb3ab0ecabd60201bfb3aaff4,0.27646708,0,0,0
76f12abd9d81587eda4c50e7816c75607b4b23ee,0.2529867,0,0,0
9900d951d41ceb438be79b2bf1822aa6cfd1f37b,0.35375237,0,0,0
f6dbdcf3acc3009f3ae17d607a2ac898e804395f,0.36827216,0,0,0
110084e432a04d061d71768c23f500f283081e31,0.316103,0,0,0
656abed01d37434d69881ca1292dee710209bf51,0.33532923,0,0,0
d6d2307a9ca0ecf8c540b3bf7183de5d550ab099,0.33453697,0,0,0
801f4f4b10c788212d555729d5eed92ee1a02036,0.32929146,0,0,0
5fa1935c52f3866f0675e9fd64bd04d153b9f225,0.3775763,0,0,0
d728087751d2e6f19504876d7a3f40ee7b1f4d28,0.27830303,0,0,0
e0fc7b4dc80a31bffc8c8f87a2fe4153e6cd0cfb,0.3458472,0,0,0
5b743d5e7270fa41de8b4fd6ced0d82a6e38c38a,0.47484457,0,0,0
dc565c4fc02421b58db9c0f0cb9bfe767d904216,0.30821487,0,0,0
ad56c3889328fed27f021bba3f071f676fc4ffe0,0.060740322,0,0,0
47e13b0fa2ca7fb11e52abd429d538c3c9ab07ed,0.3455278,0,0,0
97c6c963e2045def1f19c650f638b304f6464c19,0.35565278,0,0,0
0b7369cbb67e46586e9e031c693564ce7ca583c7,0.33984888,0,0,0
2fdea0d5f462d48a97aaca3b987a716ca2934f24,0.23691812,0,0,0
2645862ccff2183b731e7d6f1a66df6f2b04a99b,0.46904767,0,0,0
27df5e894a2133e122ca7e78c5de45d26f7210a3,0.2729487,0,0,0
619aa9bff4055f51df04f5f837605785a998e9b8,0.33021942,0,0,0
4c55341a48427f7bc0ce30f0699c673f7e69f63d,0.43033642,0,0,0
27ae87a59cb2f0d06ea21d4a886f3afb9a14247d,0.39790833,0,0,0
962128ce971b2edd3fc9e4a85b417fba01a0246e,0.3946855,0,0,0
287254724ea66841b932fb5f6d8cbe37b04eea81,0.3090933,0,0,0
2b0fdf8fe719f234635f652bce0a5b2abf03bc4b,0.057355225,0,0,0
75d8364771414b52179e7084cad838b6c0a0660a,0.06776109,0,0,0
1fdb3a719283209e417d57b2d77ce93540de4cda,0.43184063,0,0,0
174f3ef3f43b680468d7535d5fa8ce3fb3a4d113,0.24851695,0,0,0
8ff705130a6c360e7d2009cb9f1a4d0a307985f5,0.19394572,0,0,0
a61f3728d4e2c6454dd0069148397745b6b3a5bf,0.039224558,0,0,0
f568436033fac9fe4dc9b38342a029f20c79dc96,0.27735114,0,0,0
c0b874406621ebda3c44029ffdf0f6017d6d8c22,0.30255565,0,0,0
52ea3c337615e386507dbafa686d1f02c03a4c82,0.3135963,0,0,0
8688adaee68dce1c54c05b44946635973b37fa06,0.03941694,0,0,0
27f467b4eab7864a4ff799fb2289cddd2c45d30d,0.430082,0,0,0
1ffdfd2ad15f4f62b9474a2ae72f2ad0a42c6a98,0.030277852,0,0,0
24c8eb250b9c7dace0efe91fd1f36c799b174606,0.30867916,0,0,0
060cfeb90df4fda2d572fa63225c63e304c8615d,0.3300088,0,0,0
3ec04d06cd96131c7d2a508e1526a07f33efb490,0.59301156,1,0,0
ec3d2af993826b57cf47446d809db2c8b49c7a77,0.3962916,0,0,0
f79ba553c602c9cd1a673c30db79edb6b38f0db6,0.58002,1,0,0
3e6117dacd54430e555a42a5fb8177f4553fdab6,0.57046175,1,0,0
7ee877a4db8c6d6871444abab28e95e9dad7c932,0.5587949,1,0,0
00c3c8dbf20322d372ebdc28c2b9fc25926a766d,0.3153528,0,0,0
07c01318ea4ef19ede234484ed102f94391cdcbe,0.035792887,0,0,0
f56aab06534e643ab1e413c36e367fa25e24621f,0.46052524,0,0,0
6d1c4002aad95031c84bf3bfa777852492d23fa1,0.4704317,0,0,0
7e3c917567dc3163c2228dd01e4ad90dd0b76320,0.4294063,0,0,0
167676d596bbbfe82a52f0dae6847cad025dc095,0.3608515,0,0,0
9c24b00d32acfba096d8b3fc12168bbe0ac4ef55,0.4763998,0,0,0
0e6578069293282865a3dd4843d4f80f52476e7a,0.31161958,0,0,0
81e60b1eb541557f5be44e7f663d5a816fa90227,0.033464815,0,0,0
e25b6fedefdb1967fee9f64e0d0242d6472ad828,0.38249362,0,0,0
7f8236cfa274504e0f59b95285e7fbf2efecda90,0.42468777,0,0,0
ddcfef13549be8395d2c9339632b3ebe80363d49,0.5583974,1,0,0
4a5aeb1abe8ef10eeb5488e04e688e2daaf4eedf,0.36786997,0,0,0
13ce8fe63c8972c54ca717055c231bdc487d479a,0.36076027,0,0,0
8c12ad11eea80440bbe691cb50531c70f53cce95,0.037911877,0,0,0
692be5e1d4326c6e505c10e8dfc3adeb7958bd74,0.15913436,0,0,0
a733b7a87ce7abc0da33a3d56da82b72407683d8,0.32884598,0,1,0
13218943435188789ab706c2d97da8e2aba1770d,0.34115115,0,1,0
581baeaa99864979aad55bdd45f054c8a53c341d,0.36336324,0,1,0
80fced6db6c15d7833e2c06fac4098640ff4c742,0.55392426,1,1,0
0ff845a477db67a485e7a8c1cd8265e520bc8c05,0.5816619,1,1,0
66b24cabe95485abbe4398ff468a57e5ea0e3cf8,0.44647446,0,1,0
5ec70549ae7e7d2eb97d3d56e696dbf0cef7ca35,0.5510648,1,1,0
82c95c5f951ec316a717d72a46e9f1f7792dc818,0.2637366,0,1,0
0a4b1c3b316335a1ee22ea86c28c1cd58b1bb583,0.32025632,0,1,0
3b700639ef337839c69f45ebeea59dcd061d09ca,0.39843443,0,0,0
096155dd316ed242fa3bcf0ccffb207a124e1e4d,0.42702812,0,0,0
cf5e503db4274fd2c060571c982a0fba8b00c09c,0.2906331,0,0,0
60431261912586b5fe0cc5c8b4206e711cb0639a,0.33958524,0,0,0
ee8a2c9ded95d5c77e4e43a2307ac15322d96d3c,0.31766078,0,0,0
89fee834756bbe6d9e060376f95188d66789b1f7,0.11683889,0,0,0
4f804f78e5c0458ddc6dcd9350edc222a6e1a4af,0.16927649,0,0,0
2468492a1aef370c66a6636f976543212371405a,0.2777432,0,0,0
44b5e31cde3e53b3cbeb4ea5b61728d9284d0e31,0.25821412,0,0,0
a6c881f8c42433b49eb378881b9bdd63a1a52202,0.040757805,0,0,0
a780f35fe5d27eac0c0c8aa95eeb22d1587a1687,0.03521594,0,0,0
3ddfcd62e2a1367391595d2dbc182f2dee8d3651,0.33955073,0,0,0
8db6323266dabbddac15052cdafdb02cf5788908,0.35051528,0,0,0
02d88008e65c7b66c91b46ffa80a0692ab156da0,0.30108315,0,0,0
a8f8bb545769ebc2dd0adc2071203236870b3f18,0.3443876,0,0,0
adb5bacba3fb370e84c6a8317ac01b7efdb011da,0.18503009,0,0,0
6c0db77156cd67b5efb0e00dced7e2daf055ddec,0.34834573,0,0,0
4c2bca77a04633496d7670c00dcdafb787606243,0.43041,0,0,0
873d9776d7f3e506b8e67721b47315aebe16de67,0.443847,0,0,0
bcd3845dcc9f26c5bac4094fe6323f03ccf6d87f,0.4469837,0,0,0
d61ec0994e594f0c514c1739e0689f2595d8bfd5,0.36852834,0,0,0
c5e9745b8301bde2bab0e46bab2313423bda7910,0.4985584,0,0,0
8f5c5e892b907ba7d05c2cf5f4dc7adb2dd2702b,0.4429021,0,0,0
5b1e314826a40490ce38b532c4ad36fb01afd37e,0.4284651,0,0,0
6912f621d22ce66e8b94710f0decdcae3354ca76,0.38098523,0,0,0
d2d23c8aa02960549451c58ed3f0e84fd5ab3821,0.3449552,0,0,0
2e6a9131a07ee0e8844e8e79e84460b7f56ae646,0.034510788,0,0,0
875e98d3fb54def645b0339fb43ddc26a72e14cc,0.36061043,0,0,0
40b6fd273de1cccf752fb7e5d1a8470eb5257a9d,0.052695554,0,0,0
7517f7c33543c0232e002ff541db6e4e3a68f52c,0.2792685,0,0,0
93f189e8a8166004e8bce70bac3041a84e389883,0.05713774,0,0,0
38ac95d9bb36722fb9b3e596911aaa7b81caa9e3,0.07560188,0,0,0
b8d387e57c79b252a1ec739c3f466892f80ee49f,0.24097498,0,0,0
90323aa9f6c1cb89337b60e966e743bce82a6fa2,0.12863065,0,0,0
36156fcd0e07726a8883a0825799734ac0058559,0.27296188,0,0,0
0970e8f84e95d8662a826f8417141e3feffb18ae,0.41679767,0,0,0
7f1ab60f7c1a30eb09cb06f23d6f010e3a187274,0.065924816,0,0,0
1020c3985dea224ad0ef885ba6d8dabb48816c5f,0.35483894,0,0,0
332a7ffebdb4c69222c75ba1b0a5b462a0e8f467,0.27121982,0,0,0
e91c5e4045a37afe8ef5bac994f9e6f2cd10a9ba,0.26034772,0,0,0
7a401a73688b72f43e4c70ab1c074a3e710b3b53,0.3700977,0,0,0
cb5c4dd73597780fce451e1b643c9b25d4ce7b4c,0.39401835,0,0,0
b6c2d3fd1f70e51aa88f8d12aff006f6b390deb4,0.40272737,0,0,0
9138cc232a21a24e07dd89cbf43b684dced80c00,0.41222608,0,0,0
0916ce72d8cdc6b4dbd213117ecab6f7cf8d5bf1,0.20606853,0,0,0
b45826e3888ec7adbacb4887f4ae1da5520b9d90,0.23102622,0,0,0
965aa7f4fafe59c4f0d09f96f98bb83adc2187fc,0.27069706,0,0,0
bb8acac034b1fcdf91a6b1b066d33f3e38a4c117,0.34018338,0,0,0
ad76167a8ceade7e58ce0ed8658bdf22ea248904,0.41272607,0,0,0
d1c0b0c922855436f3ff54feb822349e97229d78,0.19955154,0,0,0
537607d90533283a42cd1c5bb8b75b62cac684fd,0.48706877,0,0,0
50ebba3d096b49c3d6856f9cda1664be55c222fa,0.30283603,0,0,0
7cec158bc9faa1d2aa267ddd6a02790ac1f2c3ec,0.4747091,0,0,0
2b6f5d7ed93f9975b11ba631eb2f974078c7155e,0.47447178,0,0,0
b829f1e92cf347184d6d184d3c17babda68abc79,0.33334982,0,0,0
f11bea50aa42035f426343e1d0e5058e75e0d928,0.044859294,0,0,0
70a9d5f1e7ea844758ce3ed9b4f5e46a7015431c,0.10156567,0,0,0
44b28a38c3bae21d0530c85b7ac8ed52fe3d8fa9,0.076294914,0,0,0
e9fb730f64a372e05022034429d5450537341a22,0.3499492,0,0,0
5250af878ef0ccd0612cda08e88d341b13dd9f56,0.46767431,0,0,0
33f3cfdbd24c4714f8d6a7841430127b33c89118,0.10708494,0,0,0
7b7341a69bd379484d8e073d979b3f9acb465902,0.45054457,0,0,0
2d14965b4eb591ce9e0d6f0557197bc20926171e,0.3789256,0,0,0
1a867ff80af1fdad617d9b5066966b65f481742e,0.28539512,0,0,0
aaa1a0f7156df819896da55e51e17f495717f33b,0.05329572,0,0,0
caa2a94074b6e45fd4ab631408d3d6dd39a1c1fc,0.26056898,0,0,0
b6ea863a2667310b470ae59413204ff6b2719ba9,0.10699436,0,0,0
72a8407bb1272e0b6efe62a284cfb8d9ccad1cf8,0.12306149,0,0,0
3a8a2dd2a4e02616c54804b58250a6b51f9ff746,0.4356776,0,0,0
91b3989b803ac85f06a39751ae282cc5b88d6415,0.050217737,0,0,0
267fc4ed3f2d9f63921f07cb5c12527eadacf73f,0.11227327,0,0,0
f49c113d05845093aca46c22031617a5f2c4997d,0.2814033,0,0,0
4eec965458c88e4cd08783da5a30d775011fbf82,0.27214098,0,0,0
e581de2f71fdfa4b51d024b56bb38f1c70e7a60f,0.03778142,0,0,0
ec767ef3ea627c18a6cb788551f8709d2ccb1cfb,0.25860256,0,0,0
486582e34e95eee6cd9a59c2dd8298f2f39fad09,0.4690857,0,0,0
0e55dab80c10fdee37d2a07f664322fb774bd3ff,0.30813465,0,0,0
2a0af129ef96830e46a75eb31464646a8bf3544c,0.48931676,0,0,0
732ff44a4bb3b41e30139901869fa1b72b7c216f,0.3652943,0,0,0
9f9ef9aa0b0063215cf0e6526768fd4bab879ec8,0.4368781,0,0,0
1ae31c786079e0b7eb6585feac71c80baf224a9b,0.32362923,0,0,0
be37c2e2b103aa83de4ccc9aa08c3aa4a1da6c24,0.28504276,0,0,0
90375f06cf8c0154fcfb792aef471964b3cee042,0.3791359,0,0,0
2bc7921b2f2b479a7a391a51054526b716f703d7,0.04281959,0,0,0
00c1cc0cc0b16daaf8b284ac0e7e9328caba5022,0.3096133,0,0,0
1d3cd1285a9f875a4b00c7fa609155288d977c3f,0.45055926,0,0,0
095cc25a6b7bf9b9f99d6afb41f44d41cb41b8e6,0.36295196,0,0,0
d68ceb121842d109b3da0f932bdc8f5b94253f40,0.13949805,0,0,0
d6ae360653de7813c0d15e315d733aaee372df3d,0.33085802,0,0,0
fc195c451f817641319a2668a534e01cca088144,0.32688504,0,0,0
75489a661dac6b1823be5804b78d31023e81e509,0.43544313,0,0,0
1ad2965a54a325d7d11d7daa07d38e0ec575e505,0.03216207,0,0,0
83b8f7860d22f0517373904e9fa7e41e9e23add2,0.06804385,0,0,0
883b6c3b3969eb7f293ee0fcddde528a161fcc89,0.06553032,0,0,0
688f9d20a0ff88c3349f73d8cd912959fc236e4e,0.40515673,0,0,0
cd31d7a1e4ced0ec0700275441563b235c236f95,0.08802969,0,0,0
9790fd24cb14e8861576404587eb2907dedd6bfa,0.3558059,0,0,0
80888f9c55abb7ecb18fc342cddc973ec4f46f70,0.27779987,0,0,0
a6d1cd29574818dc220a3751a9c160633f2998a6,0.32469767,0,0,0
2badad205dd69a9f82edbe150ca5437b0ac0d16b,0.34333158,0,0,0
5e621cb6739ab6718831e6650495096f718b8014,0.31643647,0,0,0
13fc1eca0a4e7e8215541159b93a956615b1c6e8,0.041557007,0,0,0
feecf333cacd2edfa06028db62e5d209f57f0dad,0.27989757,0,0,0
3ac59a1df27a7c34cfda89f6a84b8ceb6f430fd4,0.25516623,0,0,0
55cd95f277b1a6f5f50d0dbf064beeb092fc6019,0.36295247,0,0,0
98befb689ec8a5b034a25bb9936d63d44223acfe,0.39021268,0,0,0
d80f242fcc1f9213c179b4651ffd9b9b7f634917,0.40183786,0,0,0
0cca1bb8bad342b3f6fe085ec6807187faf4016b,0.226559,0,0,0
2c08cd5f0c1203186e9cf67a4c9440b77d54117d,0.33385134,0,0,0
49acf7f8a5caad67560c82043cc1f755c0eee826,0.48074538,0,0,0
02852f48243245666c0ccf4d0b8dd455d2747fd3,0.38327527,0,0,0
c73f626405dc91058ce5cbf4f87acb23384188b1,0.54334533,1,0,0
c321cc96e9b3666035524af0c17767ed8e865bbe,0.4134127,0,0,0
806ab4a928235bd36fab40e23bf450e1db5a8e9a,0.031522524,0,0,0
871c1c1aec516d4d70854e4ee929866bab981a64,0.05754599,0,0,0
6b70a706e2d339ff3b689dfef7441c28d290f725,0.057159334,0,0,0
bb2aeef4bc11b17be9233572b7afcfc3da04b887,0.04496036,0,0,0
e9b70c1841c5b1c1d771bb278b34a17ce31eaffa,0.4625184,0,0,0
3fc9fc01b08334fdec57f18b6f845906246936fc,0.4977124,0,0,0
6d030727fbc3a61ed47a6916074bbeb4ffd30b21,0.35326925,0,0,0
26acd219f08cf99be718f2bc3127a41dc33df6a3,0.45074052,0,1,0
02dc8c7e77db316553699f0e371f3e7803d3efbd,0.48258528,0,1,0
f7c09b93c2386c6928a082e96d1ddd0925a19092,0.43028733,0,1,0
aad6359c39d59176c51e0d4e5ee31def1bc10077,0.45502502,0,1,0
50a7fdcaf8fb9a684a96568ceeb8643b4941c475,0.5931168,1,1,0
32eeb20ee9096257520cded0d1af33d4664f8619,0.25772905,0,1,0
27830ee8c22d74464fd3cae4e662bf0ba97e887b,0.5836728,1,1,0
59ffcad15d220c2bc1f70f01d58bc31dec04b423,0.45633394,0,1,0
41dfac731ef973b03f70d8f9c01afc67bc5f311d,0.45580277,0,1,0
199dd8dfd1cef867ad8712c7565f090f81be0e7f,0.38317075,0,1,0
61bfd7be89e97e204caea839e37c67c6f837a710,0.36599723,0,1,0
8d52f694da0484cb2783a8b35dad845322af0c07,0.46164578,0,1,0
750d338864a92521f4daec993af7ef0aba9d609b,0.25291732,0,1,0
513f20ad26f2e940e9224be387eafd5d9c58556f,0.27651283,0,0,0
bdd455596c53a97ce5edbf616a30f33d278ae41f,0.3396152,0,0,0
9b24a71e9930d7e929f9413c769ecd412fe830e9,0.25282666,0,0,0
def9299707ed1063d249559f0182f0fe559d33be,0.27439946,0,0,0
baba8cc875f5b197c08123b2d9add4cec3772300,0.33056363,0,0,0
55d3cf0ae5dc7b6f5f9f60bae65c1c5abf196b18,0.06793776,0,0,0
19b55afedf54bfc9e3b08c1636251339b2be4c42,0.13676962,0,0,0
a4fc3e9b714e9c91768c04f6268179ed582dd922,0.3388703,0,0,0
84ca5c79e31dd177169f4c074da5cb98fa1cdedd,0.149945,0,0,0
9a9b83857fd20c38a520642553c9106de548854f,0.156628,0,0,0
cbff61409d719d08c711baba4e89e03e2397df79,0.25973946,0,0,0
6b47a571b665934d81ea8b3d000a3b56ed1310e5,0.258518,0,0,0
00f2cbe0dfe83947126fbfcbb6fa186899b555aa,0.26568508,0,0,0
5a62c007b8b791c025cf2d4d60bb6da1aad86589,0.33410302,0,0,0
13f756d83675e7bbdf62d3375cddae8bf4bcc599,0.33599064,0,0,0
27c4c88da63eeedf546d6a4df5f8cddd43069537,0.27283832,0,0,0
5509eb7e31b74667950d30d166c77428061d6b4a,0.2701776,0,0,0
c0eb48f7e83987c5ed112b82f0d651aff5149ae4,0.35572344,0,0,0
071dbe7c211380bd4bed252c9b7a767279d112bc,0.45685396,0,0,0
82ccf0ccee1b0981198fa67c1899b38656c0efc0,0.03447881,0,0,0
6262740b678153a5f8a4dc2774f51f0691167e87,0.07859059,0,0,0
0c429b4b93406ed5e5877b613c96ff8d81410330,0.038902443,0,0,0
0663e3e8c502118313a6c577758912c326bc19d3,0.118185095,0,0,0
c8bdb9433a203f585ca750f326678423cca328f9,0.033582926,0,0,0
6feec370c38a8776be3f0cb17efa720750377b30,0.048516084,0,0,0
e8db278a29e0b363c8fe22d2cbcdd7db36b614b5,0.23268884,0,0,0
d4e1ad171208fc1a63de63b4a7e4c08e43edc41a,0.563631,1,0,0
49f8c2a817f811bdc9fc3e7f550a8e0b13503e7f,0.4645183,0,0,0
67325cf97946f053da51dd358a9ffca0a9676c03,0.06705321,0,0,0
0bfb0f2b5ec98b5fd85dd5ab58c6a4dd3c0a821a,0.60962147,1,0,0
2bbdd4e503e69fc06c5d371c15eec14258eac6d8,0.21726856,0,0,0
6af248a09f5ca72a7cdbc6a0c0518026d8963149,0.03954692,0,0,0
c7be7b41fb1a8da249ebba27df1b2f0f4ffcdb17,0.20401704,0,0,0
1ef212e0629d8b19a3b974cbb428a1f000f1c540,0.42295477,0,0,0
56708e632e69a889eec8bf926bb3551ad53ded86,0.050873283,0,0,0
539869352a5f4183028a3e6b33b4e002c5053ba4,0.04181108,0,0,0
6e6cb12471757b4d2edf8ce110855fa6fa7c7329,0.33270666,0,0,0
a5f85b0a383d9983ddf0dcaeb744f7ea6b5c27b7,0.02901862,0,0,0
3c8b03103f9a120be50b9e81f738ec1b903336e9,0.357717,0,0,0
ce81551eca5b514ad588c020f9e89ef0b9da90a0,0.28934073,0,0,0
a053fefc0e9349ad5e97ff2353e3a8cf6873bfa7,0.043210234,0,0,0
8700816250e849d9f8d0fc402b090aec6ba7ab60,0.4514547,0,0,0
e896a18f4c92b81837982ae7d678a8618d09293f,0.048031677,0,0,0
dea25cad0dc2fe6163dfe78dd0d54a385e2ac676,0.09616574,0,0,0
6c870782ecd20e5d460f8454fff316834710d4f2,0.18690729,0,0,0
2df53eb9e85e7151b0115e3d293398f4b8b6a2b8,0.3222606,0,0,0
2541eb43d2716599ab687bce2a61751a3ebdbe9d,0.031679302,0,0,0
e191b9ca9486f2b4273ed5effba490c27a096ddc,0.35341007,0,0,0
35ea189f533c703906d9f770dff684c4557b18a7,0.25016084,0,0,0
afe78a030b57e3f74825e134d6615ef4878778cc,0.11051108,0,0,0
76e45d6a50da6228c44b04a565dca96432c4b197,0.0800435,0,0,0
5d072ef89fbc2532f621a5a0b4d6791cb926a997,0.058324806,0,0,0
b9c2c119c18dea618854e43639284a6eb799c925,0.30978587,0,0,0
e76397c0c7f7889f82a0a59203ad16a673f1e704,0.45864365,0,0,0
b34408aa82918b6fa8cd4033921d0331d8ef2b5a,0.14188962,0,0,0
57f493adef716d49ed1fd2f4e857febfe0a48aa8,0.04368106,0,0,0
84dcf5f3e54ee40b806108a713fd4c334900834a,0.4745353,0,0,0
344403579a552b26c0a1ab79915b7c91aac4a13c,0.06863012,0,0,0
a9159aba0efda305e6985f904072bfe82ee2a1d1,0.2230924,0,0,0
ee4ce5f4ece734cb6d3d9f0e215e42b565290fdb,0.032099877,0,0,0
c65777acf65ee83967ca394adb6619330be9790f,0.03191652,0,0,0
699d6f0eca65837501d7ab7a92ae2c614f8e6cbf,0.05070199,0,0,0
109a55735e2b93889e6fcc5d8b867451f291e9ef,0.465181,0,0,0
9adf0d7f6ebd27aee0124c73037085abdb048748,0.10018533,0,0,0
fdfbd85433facd2259fa8bbb45bfe2e99bf9f432,0.044526946,0,0,0
c3a83486048dba356a8f6638c5cbd1eb12a93bd3,0.31280226,0,0,0
e23402c1dc133842c1acef0a2d7cd1f386647de7,0.102691375,0,0,0
718b2bfcb7b5d94b6def4d7e89f6ebc49ff11563,0.19554323,0,0,0
22a39cbc721d5c0391dea1ed10e5350f917c79db,0.22947165,0,0,0
b38438075dd34fcc19c8df877446e4014ed8579c,0.23695557,0,0,0
87c5e5377589c4fbbd499010a27b1e345ec38224,0.06509978,0,0,0
fe265088974f937c8a9626052dd5d29b1a207dbd,0.27517977,0,0,0
7b1b3624d78e659e0bf80b061756d8c6e08640c6,0.2448709,0,0,0
b2da444800d4c5d472da58a6b776891621d11718,0.34429276,0,0,0
76c4ec233c1a61b1f46df6d6847b889c0a7a978a,0.39112207,0,0,0
1d031d6eb6e6861f38e228bd587ff74e7f6fcce8,0.37346816,0,0,0
426cd8c52ef1732ad3a57171429bf7704d80bcc0,0.19063942,0,0,0
24df623ed69f86a13a2ec453f480a4e3f93b04ff,0.3683089,0,0,0
14a08584c7cf63dfadddaeec102820f9de901c60,0.29662484,0,0,0
d9406824aeba0e977c0692971a6dbb2e62823886,0.38951513,0,0,0
6c3a1bb78c3e92fded50c1c1e9f4c3e2e6e9dd4c,0.29445413,0,0,0
6aa7ba1d927cc57769d4ed589326053849b235ea,0.26178342,0,0,0
3206b41cc6b60ef2854273ab0eee5e406f9f6efa,0.22260775,0,0,0
c1d92d87157b7d5a27aa989eff14e302e15f96d7,0.41346887,0,0,0
842bf6f447aac7d05c75c6143a5affe9e383b3b3,0.41393736,0,0,0
eaeffded81ec88f4d0e7494bd544821412435ce8,0.032865908,0,0,0
59bc597a256f0146b5bb05d951ae2d84963cf3df,0.35316154,0,0,0
81210eb267181b766acaf201a424a80d96bb5bed,0.22621335,0,0,0
209976ee53c9b584c013a9b0b21ec98ef733c6f1,0.29493347,0,0,0
5e3359388b0732fd1b3d055036187525eea76521,0.46675766,0,0,0
ab2aa8d6fdcdf5b3d326e7e86ac9d045f4859e98,0.33901748,0,0,0
d6beaa363bca8324c7a699ce797a89698d49ba54,0.42884004,0,0,0
65e1c9c38becbee2f84d822cd65fd7dbce42b903,0.30743918,0,0,0
822bd135f3a54b8fbeb23c313535b13c18198c3a,0.50834674,1,0,0
a7bd568249f9ec20b69b2a700da6a0648e93a842,0.1306947,0,0,0
c5f2e40e7a8234fe48e08d451d3152ba58a03ac6,0.05287952,0,0,0
933796e9330ed5043ad8e76d9fa2cb8b1d3a8e3a,0.36066374,0,0,0
31c0d3a8e94b1016843596acea17a63bed9d4558,0.05884526,0,0,0
e95134229b9066aa2f1d312a53f5a670d271dbfa,0.25440255,0,0,0
45fbfb82fd1f5168a7183e78ece89da7a60e21fe,0.3033587,0,0,0
d675cd1362d502de0a94e0ff4d10e9c4ada579e4,0.34707212,0,0,0
f5c46b9fc80754c601205e6ef13c5b7e9a5003e2,0.037808552,0,0,0
722a5af4f1786599f22e91a34af459883c7a6a8b,0.3600375,0,0,0
5411db017b093f0995a9b7807a6a4dabb0f1e0ea,0.037784092,0,0,0
31e141019010d27dfb3c1a1fb712433268b520f0,0.041642327,0,0,0
419ad3e4aaeb2471c86eec1b6799675a70bc12cb,0.09674472,0,0,0
d357d9d563c4a34fa2ab3cdc68221c851a9de4f5,0.2981044,0,0,0
bfd83b00eb5743ad4ad0d24957f84b61ef9f5f79,0.07553692,0,0,0
3378280035f388157e007a06f7fcb74698b91e3e,0.119465046,0,0,0
41a3e9c52d52f60d121ae99d281881a55e006bca,0.35963985,0,0,0
a64b4cc5329f2275a5513b12622863e99a803a24,0.105716825,0,0,0
c295a589777a35730c90b26f28f7cc938d4053e3,0.2166475,0,0,0
c29e08e98a4d1f12842375cb8fb259b8e5054b0f,0.04376247,0,0,0
d4f28d7ff397386b208823c577180938e15769d3,0.3535348,0,0,0
936b820a4e9b9f96661c961bab87e4ec05ca0574,0.39347273,0,0,0
92a07f9aa109f0f55af963f86e466c80718f9466,0.03317471,0,0,0
8d5c46f420fe3f7365579aabc8b40912a3610957,0.18982598,0,0,0
5899f1eb7239ea26291b9e38490f5922b86158d8,0.40642703,0,0,0
46a2c6bebe30989d51d59e14def38a82e8edfd78,0.31265587,0,0,0
4d5e45cdb44f61202ce439caa3d417813375f9b7,0.043901887,0,0,0
51eb5df8b27103169878575cb421e3181dcfd525,0.13521954,0,0,0
9198e9498fbbb81851048d0eb71251046f16987f,0.026925726,0,0,0
56c60017199b255f38843e33beef95e8d767a10a,0.026881242,0,0,0
73202a1e336eccbf9928bcfb5a780a0b97a49680,0.03583633,0,0,0
bc8773df85d2db0d2d5bd99aa69d7e7c795e7aed,0.03176485,0,0,0
25f3713d9280abd57a49a9979a23d4ebce27732f,0.032137718,0,0,0
d654978ff5a8980c0efe10632f55218f4de4e6b3,0.049329396,0,0,0
2a31bc5fc0282cbeffe8e41c1c8c576314b4eec1,0.032318227,0,0,0
e460f4f93817bea10b2fba8aaddeb892421d2668,0.08612575,0,0,0
36940b6418283806ed10292776c9c4269923e1ca,0.3687391,0,0,0
72499caf6f7905122c97987953a313bf1c95901a,0.19409569,0,0,0
bfe3c22bc3e866fc499433faf57a9239d4f6e1f2,0.2315441,0,0,0
928da12b15c987e16b2481c43614c8e868be1c04,0.24839891,0,0,0
5e223a403e65992d2d18b1b8cab5da2c6c1aa37d,0.13150541,0,0,0
7379cbb2fe7b69aa871127e64a51763c445a570e,0.048383683,0,0,0
0cbb22ddd4cd4bd356dad0e8dca8dfe1080aae0f,0.028825693,0,0,0
d8e8908db227ec91608b386a65b5f8559d92d8c9,0.2793377,0,0,0
06033035f09c662020ffe0300983697c78d3039a,0.09003107,0,0,0
dcf6e82f8610b89075e00711e186792053928c7e,0.04951229,0,0,0
84a0d90783b095775b5d14b2a807497862d80db5,0.08090933,0,0,0
10c8db1b1ae0fd9be8b661dbf24643c0a9012d68,0.07065307,0,0,0
4f50c37506de036bb34094095aaa6d4d831bfbb7,0.06283498,0,0,0
30280a9ba706b330cbf6b18e6f2f6660743c0f16,0.44522372,0,0,0
9cd31226588fa303886b9daac162d5aa753e8e15,0.3103737,0,0,0
2736b6fe0b3fa22ec8e2b4184897ecadb021fc78,0.09337787,0,0,0
d3fc1a2877c165a57949414f5737ef00ffcd867d,0.3460784,0,0,0
459cebc515b11fef06464b711b3b33cbc1dd8c26,0.14028533,0,0,0
947c01f6d8000122a174da3d668208eec877a799,0.08511917,0,0,0
72d00532aa8f0fb96371f01688ace8b9d53b17b8,0.08507306,0,0,0
27fb1044f1f244a9f8841f059392bd7e595797a3,0.47039935,0,0,0
467386105ad855e793a09632142c00cd01c5dd10,0.4299268,0,0,0
9e405ca54138b63a4daff58d14d0527fef1e8e66,0.32785997,0,0,0
0f98e790a43b17ae1bb60d264931fb4f13300762,0.4950695,0,0,0
8f957f527b9048f51aad91b544bed35c48bcf3a9,0.37051657,0,0,0
f03149e07dee90b23369d1cdb7f15c142df5e31d,0.29014805,0,0,0
48f7e179e4c5f4e59afdf0bfb4ec5228692e00ec,0.16989064,0,0,0
91a94d9f47b2bc928eaaf83d7c9dd06c235a2824,0.26324114,0,0,0
b498cda5bc8d834ab311a6a3415e990100d8a81a,0.29469278,0,0,0
276b2825778c0f6286ead1dac0dfe5fca307e77a,0.34310347,0,0,0
e4e03ef4c091f5a35da0d97a6a35224197b8be02,0.553778,1,0,0
d24dd1a3abc4624be55c0772ae4432686ee18792,0.40496692,0,0,0
71fc2c4c817a8c9bb41650d5b27a89e207a68c39,0.39640588,0,0,0
f0751b65cf680456557aa1bf5c56b12f5c1a0fe0,0.49838102,0,0,0
d08dbbfdbc41cfafa122abf06d39ed543b473464,0.34677243,0,0,0
a4705cc3c310ffb422336b319891f63eef021f1c,0.07780973,0,0,0
e996235aeb7908c74e85fdcdf1369a5e46672169,0.03406172,0,0,0
0aeeb46737c5e4a5d8c21c26e6793956b0296cda,0.26867038,0,0,0
fe38f8892a2e99cfb6b941c48a57e1415d7ab223,0.420346,0,0,0
9e801d916c3d163a4cfcc822e50dd75ac7cefcc5,0.035198364,0,0,0
ef0fb794d49e9184913581f561c87ba8c62d5e4e,0.3151268,0,0,0
0298305934801cf65136ce20c59dd133d8ee4d17,0.04149966,0,0,0
9ba69d7b9af1ab71e0ca2d0044f464261ae6a199,0.2979817,0,0,0
c6b8a383de96cd0a8e94037a04510f162e4bbc68,0.042961903,0,0,0
7b813b674adc6c94a6c9a19524913c07b7d8bc9c,0.36249042,0,0,0
559de2c461e94ab636c959149c775bb27111fb48,0.62934035,1,0,0
16c983693a235bdc45c6286a1e7b01d8ef58907e,0.38478264,0,0,0
3ad22fe3d689781a76a92908d0bbc119b2c68892,0.31545916,0,0,0
8691eb95522d9421a8b2883bf65e535d581f1a06,0.5236656,1,1,0
eae26f2ed787c88c07ccb83f0e5550689ad47bca,0.0687924,0,0,0
4b6d66fbc021744136d02733ecd375cf1fde2bcf,0.3325101,0,0,0
1cb454d0221a6ea535f1c0ec5c5abcaa3212cf1d,0.27630877,0,0,0
8d4b217045ac12013e9c1986dab89451fceb478e,0.33040932,0,0,0
5c7c7a419f7dbbe738dc40e4e00dff3637b38b13,0.53013724,1,0,0
de4356072f1dcbd81f721c17be39625d1f8cdbe5,0.3977149,0,0,0
cbc4aff11a1a1cc5c18efa68877379b9b2bca30d,0.57875276,1,0,0
81b311fd0d2a084a0c29740714076218fb6c2302,0.59244734,1,0,0
f8b79d0c21165faf4dbd620cbc6eae9dcd3ebf42,0.5082368,1,0,0
70f580a56ae8edea6178be6b2188472f87623542,0.5271617,1,0,0
a8b7f6e98ae201787b6a77c00531f83026c6eb4b,0.35159028,0,0,0
f7c21753a9f0e43a08543d43af7e8564b6f33a2c,0.5919375,1,0,0
64b682cb6a0ab5976596065291fd07eb662c5a73,0.40705124,0,0,0
316af191841ab980570d0c3c4f5f91bcef1d45de,0.4994159,0,0,0
1b43f08e9e06f604432e20d5d8feba05afdebd1f,0.34343964,0,0,0
60de0da4acbaf41818ecee2e0930c8e9e9257395,0.5906192,1,0,0
21b8fd06473bc5e6c35b80e4d1633da283236487,0.45671836,0,0,0
19bed73bb2fd71a1be7a7f26b132c47d5c81fa72,0.3634798,0,0,0
77dc36f5644910cbffbedb9dbc7e0b118b14fa66,0.37592626,0,0,0
e2f293ce22aaeff7c467aecbf6a3299e71d37a07,0.3800454,0,0,0
d916c50745b109551d81471f408250a2ec18ec84,0.49233174,0,0,0
dcf5c40f880c86d800a4563dd203e5fb89f3cd8e,0.503428,1,0,0
07ad5e56818b6937986a1327fdf13102f9baad61,0.6335814,1,0,0
6ba9e778ef1f99a80f8463fbf68b39e02add6797,0.2972445,0,0,0
757057addf72d587387055dd964ecb2a562a2cc3,0.40250382,0,0,0
cafd9c77865ecb86ed9fd71637f2bcc87ce7e2d9,0.5511507,1,0,0
0c0fabddf6dcbf8411689df9c5cc29115da18be1,0.31957546,0,0,0
a2c0152ba2c45680f399a7e4d74f898ae3184f39,0.38817224,0,0,0
106c77756d7e2efff5355d0587d17cc261ae2850,0.4104615,0,0,0
592c9464379f97d67a76747faaab1af2316febae,0.18928522,0,0,0
9b71bf1406e0eb9892915542232211ef47602227,0.33128247,0,0,0
711846e5d03d6743205f8c747ab78c2ea43714f2,0.4063214,0,0,0
d759684b89fdf0d3cbaa033f8596f0a78a466b52,0.53688425,1,0,0
c204f7940bc73acd6893bff489fa970edbaeb5aa,0.10784434,0,0,0
96099eec30e81f16efd94f385b45707bed515ed2,0.54196376,1,0,0
0d52823fd924b806857d4a5bec6fa9f5b6ed30d3,0.5355715,1,0,0
5db13dbb9e7e6b28b443017397c8db3f82bacc95,0.3595655,0,0,0
80a819dbb4cd398a8eca38008656ad45550d553d,0.47860458,0,0,0
be38c1853ffb59825df763d61239992b9aff9127,0.063372985,0,0,0
06104090a6edc145cbdc2858ca224c12cbf66aec,0.14773975,0,0,0
509cb24e2c759eb17556fd3d2a158e3fdf60ab69,0.06729208,0,0,0
6eb761413871082d2ea128d8e132dd5ac06bbf4f,0.10038395,0,0,0
046f547b562ba2df5bc03f9a5c0125840a39cb2f,0.50923884,1,0,0
b24e7f33aa4c19352a5aca076dc3880b3924ed61,0.4103635,0,0,0
4f0841e04d88db62129618493ff85b87efec7712,0.36314088,0,0,0
437ab1b6235071e572cb3fd39aea1abb6a9a78cf,0.36508024,0,0,0
251bf6b18f83b8391ef3dfe83157ef5c51148fea,0.14211318,0,0,0
031f8ff3212c426ca7510dc6fd160dff22165be3,0.29278487,0,0,0
29402ee9790273d3957f70bfe9b281d3630d2f38,0.14500466,0,0,0
5faba67982689543f69fd316c38f16b7ce39225b,0.5500355,1,0,0
6f6f0f698dd81a0220cc74d6c10f545f23374bf4,0.0662066,0,0,0
de1d783fb598786fb054f05c027f54c79d054eb6,0.062284395,0,0,0
8847e59f64c43651db01a5c066c844940ddbc475,0.043935783,0,0,0
ad21dbcc8d97dbf7b553a3e1cf6c908854ff1ab0,0.41670075,0,0,0
321fd426406b6e60b6ea1bf9bf60857d6484f0f4,0.21630469,0,0,0
35e75829ef4a2cb124718e9a01301621d82ede8b,0.07099296,0,0,0
08233bfb9c8f554fa7b236d3dc7bd622d0ce154e,0.34542447,0,0,0
5155f49df062171fec0a73480485926c1b428e2c,0.51503867,1,0,0
8233b90eb074a0d04c503bc0e23376d4cddf02a4,0.3345843,0,0,0
f8b4e224b0c719e4d9aca6b26c03214963cd6af8,0.39493287,0,0,0
b5dd05b28613314e66cbd20906daf40424433331,0.4242302,0,0,0
b39a4adf6f31875e375435ca720a8d2e06ebcc53,0.35312948,0,0,0
81ec66a027bd860d6da043c3ec4c15500cd77b92,0.51724803,1,0,0
686d4aa79adb4d2b1e62a97e73ac150fb9f8b291,0.26270545,0,0,0
a55b13b7a0aa77d3e194563126f22db057873142,0.47822535,0,0,0
a721a26fad811ba618ff4fbf6371a43f851fb21e,0.2757076,0,0,0
9fb7a6368684ce4f07db72c4310fc380388f120a,0.3657793,0,0,0
a59d8f1b4504e30b36c7a22ef2e087cbd98a7553,0.285745,0,0,0
c2656e9926477da08cd26d60e55691ba26ee6b9f,0.15974525,0,0,0
8dd45d4129046ac0b4f819e916beba6a699bad23,0.44413674,0,1,0
043a39baa8befc916faa0d4cca714b9fef2c19b3,0.50006133,1,1,0
edad71ad47d5f78d7cc93f2f281bfb3b60c56200,0.13137534,0,0,0
b696e321d599319a4bc94e055af27298c979874f,0.066135734,0,0,0
eb0d74bc8ad21b9ab7f588a9fcf129001ca3d09f,0.05331173,0,0,0
b01e9e0720f663f3e4fd0dd0a03e013957998f84,0.24414133,0,0,0
b03c73b9607fe2c49678d26ba19d9bf1b342e7d5,0.04864419,0,0,0
e4a3737c6c07420ee7c27a968c443b04d71c3eaf,0.14426331,0,0,0
b702664be09458c06c7270520c4500b5764fc036,0.45628694,0,0,0
388dfbd3f2f7ef66e0b8c62797c99305aa964247,0.116158664,0,0,0
e4a6a3ca3a5dcbcbbd65edde61bed03977a75af3,0.17423642,0,0,0
88acd6de3508aa297affb97625acce98877fa98a,0.40618095,0,1,0
eff38bf063fbd052cfe47bca56e4b2d8073b6ce6,0.45241958,0,1,0
aa4861217bd3f6876331309a92dd5eaff303b1d4,0.33795515,0,1,0
9e360ca017b1f639957c799a8b7b64047c286d93,0.6165491,1,1,0
00513a091d6cebf1ed4c5e2b6619dc36a4b5bbc6,0.46784297,0,1,0
58d258c7768cfc3ab47e455549f8e10b8a3bdc0d,0.42200845,0,1,0
6322cd019c486b6b98cd3f94ad9097245be3447d,0.30279052,0,1,0
5c81e7355dfead2da26406b1c787e8a449bb6beb,0.45948815,0,1,0
caa82d3e1b0019b373c55c23168bb8c007fd6100,0.46728328,0,1,0
9e2996fef15bac17b20c641900f4e641c40c6aa0,0.46928582,0,1,0
9e1aa0406b26f67fd021465903a2627b960e8c8b,0.47512004,0,1,0
bd2d4a000c4d5b4377e9a28bb225d3f61d45de31,0.55229115,1,1,0
16e434606776d7961f8b67b7d1062e15f23facf0,0.41528133,0,1,0
d6dff710eee0d56a1df3a761112002e4a1ed5758,0.27719632,0,0,0
83f194c1842b431030b6296fe59ba4eb20ef72c4,0.2672668,0,0,0
2b0270addb3d1f3bade8bdf1cbeb7a5c263de9c1,0.48002782,0,0,0
dd9ed3fa5cd6dec0ab5573e464b2cc5258066695,0.39029208,0,0,0
746133b210300aa581efe5b6a9bcd8969f2447d6,0.47801402,0,0,0
5629107ed8ba0fc170a9cec00980d17dda25354f,0.053437486,0,0,0
93b8e303efe494eb2e62a8d504ca92b7b60bc874,0.09203591,0,0,0
32ab76c1cf4ff1f762364fe10f08a54e43f0cb42,0.045907557,0,0,0
2b9dd184be2aa29b7876b15436e9967a1683d8e1,0.04023195,0,0,0
0b2102cfc42afb2629973a3c0f2b9d614f33be7e,0.40212566,0,0,0
79ab66952eb3f27e99e71a902b482ea3d9553321,0.24608733,0,0,0
50f831cdcfa0c30a5c4403d77c363dc56de11e0f,0.044368055,0,0,0
ebfa9238effab582f48400c371a4b8c07e8d3bf3,0.34174535,0,0,0
6e2d05638b243da413658003647f1a33adb49933,0.07721705,0,0,0
8862e06dc4d4f47e3d7e9e06e8f0581fc4767c61,0.4406013,0,0,0
4779067fb3cea6527ea4fb9aef97b8497c516912,0.038082577,0,0,0
d8f85358851e6f59a50112958c91da7ba5c31c30,0.500585,1,0,0
cd639652a35026e9e890b3a74dcdd138c3e1f395,0.110641144,0,0,0
dc59b87231431d9b95a2cdce857c7d6d09f34684,0.43497437,0,0,0
df416d3a5a0f688830c1787666b1017981b27233,0.4440638,0,0,0
72f1d8a48a261bb0a15bd879a51559ca059a24dc,0.3802781,0,0,0
75f54c482430c99e107aeb3ef8b6742007fd0544,0.32599568,0,0,0
f070d7c0174e3588c5f1f1347a7baa839c97262c,0.31672397,0,0,0
6ef334bf37cc066387da7cc06d6c1837e3427808,0.32958657,0,0,0
31b4fa6189e23d1bfbeadc4357bc680bb0dbfff7,0.35111213,0,0,0
46d1a118370309516351336a252c09329d51928c,0.43412688,0,0,0
3b0c26329e0d6ecce1d72536268e42db57fe1302,0.50889766,1,0,0
fa2875b53071a837c52a6e6a72bc229176210227,0.14385112,0,0,0
6bc8cb6861de786a8b7b95c4225a6c97ac13a76d,0.37124357,0,0,0
7440d7886c633fd99a994c34f261c2890b3897c0,0.4178471,0,0,0
1f564c2cb6346539416cc094d9bfb9dd50393de6,0.4539293,0,0,0
c4d6e6678a1380ada4e8774e5c66a4592ecdc5fa,0.49022818,0,0,0
2847adbb14c0d6bbbf2d905efd3d507a58424555,0.045303673,0,0,0
f6a5f157cd72d25a2d3da7a384dcf4786f511d42,0.39930555,0,0,0
9aea59329362a8100237a0076e1f071237eb76bd,0.41544846,0,0,0
607627168519405b3727ae869e5f491f65a33163,0.29848212,0,0,0
3a7cac6ea395f6ad28240b4eccb4d3379e622998,0.36173004,0,0,0
5894c4a557f8e760b78e49fd54c0c4a804c0b5ed,0.10343193,0,0,0
0729366497d231d045502806847116324e0b5434,0.20023839,0,0,0
627ca74cf81eb95bfd01d7f036fedd85539ead25,0.167566,0,0,0
0535fc054080c5d9b8667da41b2dbb3dc88fdd77,0.05311529,0,0,0
563c0c459497a5f07a970068d4e84c835b20a4e0,0.09830418,0,0,0
d6cf5ed96ae5c3d6264057c129353858ea7aadb4,0.19550666,0,0,0
0ac6c73dbdb75e156a3e5c06ea443f371749e144,0.051915467,0,0,0
9cb1dfc36fa3c76c11930a4f6cb7ebc175a77c53,0.35045147,0,0,0
e81d716573a9c986081254aae1526883c37ef498,0.34929,0,0,0
5e1d3501917aa22b0d40e48235d0a97bb74f1681,0.32874438,0,0,0
f09035290b1cdcf54f40c331e8c84d925eb454b7,0.45746925,0,0,0
ef9974af8ecfc809b18fcf3e238221a61e65b6fc,0.5423069,1,0,0
87e18b1cdd76581940c6c5e1d1eaef6e64eb02fc,0.35550782,0,0,0
b3028cfc9922fb266b2d0da59989b7782532f24d,0.1478604,0,0,0
751461e58213b0e8296dea6dbe04ac650c9ab728,0.33350006,0,0,0
422c4f5d6822a77679a2c70166d72adb7d426c98,0.31568792,0,0,0
f69ebbb0e8323cb635ded0d56bd5ff4b60f631c6,0.056149263,0,0,0
15aca89b0c1308137f66f4e1fa479a4673287335,0.4638274,0,0,0
7af83ae82144e9f7223a24ff96e544ddd1700bd3,0.21437635,0,0,0
4edd8c4a18ee1ac19791c63901a0917dc5224435,0.52064294,1,0,0
d645125364e998b3f0648c6909d1afe62791f836,0.15860134,0,0,0
ca6cabdc42c3394d55a2a20d5c6f8b6fd9f7446c,0.46745864,0,0,0
805f5ff26a689d3d89c64b13b9034d1292b7d3b0,0.17041905,0,0,0
b37c8aacf143318b992154b642f3d04b7b11f327,0.24954543,0,0,0
61d79b7e77f488ea2ebfe6862a29b4149ddf20f7,0.2530002,0,0,0
77986d18d70d7d99777d973f6910b52d84a802e4,0.26372814,0,0,0
2b5e291952f780e50df8c47707bcca2fc8d5b306,0.42671302,0,0,0
ad664ec95daeede3805e086a603971d2600c50b6,0.26182303,0,0,0
d20ae38fb8d7effe60a020efec1b5068a0e2ac8a,0.3735121,0,0,0
20d026bda72139b0b17e892e1ecea53f97e4569b,0.053162724,0,0,0
680d1b95a699e73ee8765ac846887adde681eea4,0.041420553,0,0,0
6860a7efc3c6975bb258fb892b7b0087bf1a14f4,0.12003833,0,0,0
86cc1db6887178f4c07cb0ebb190b694900d8cef,0.14882791,0,0,0
459b179d687021a7991475787ba82424001bf863,0.082510546,0,0,0
2579c0909256b6feacc87fb9944c50198fed02ae,0.04642156,0,0,0
296def5ae78622b8c8e6e4fda2d223d76bd251eb,0.31909844,0,0,0
310709eb808205afaafd2eb23f557d9b2b0bedc0,0.32954597,0,0,0
f052896ac6ece2b36c36706604780dbda90b7f41,0.29366237,0,0,0
9912cc90ab10fe23ad633dd87847f170fa443874,0.19750835,0,0,0
165549671cdd9ee81fcc8e4e5ddfd4e62a116548,0.06102915,0,0,0
e48478c8bcaf6720b300b8fcd14475fddb7f5066,0.3207387,0,0,0
f843029843558642c5c29f4788b539a819ac3a59,0.2960496,0,0,0
937365e1a9b2e185ed4d6af9411cbffae837916c,0.3008751,0,0,0
de681e1b13c5af66b1a1f2301d8b094525cf6edf,0.43312952,0,0,0
9b14935315ff59eb62aa2cd19298e19c4de76004,0.28297642,0,0,0
1457605d24601e45a6b21f72078b4063678283cb,0.43446258,0,0,0
2d89208a6d21e28961f0d8057a704fcbb61984ff,0.35979602,0,0,0
31d4e7fae9743ddfe08aa32c8e638af887333425,0.36908355,0,0,0
c77f5bda4f0dacdd5f69d01c2b7b1a4499b381b4,0.04066355,0,0,0
2b238460f659b0bb00f26f45fb9fc60968eb7874,0.048068345,0,0,0
f2afdf33061fb7cf8f3d0d2a0fd75b9751fdbcb5,0.054665167,0,0,0
aa40ebfb5968ec48600d3555fc8bf3b273bb7139,0.115684,0,0,0
2e511a4809edabd77779939e43c448bfe1a30fdc,0.12145161,0,0,0
4c284fa75377ac279ebf4b06991896e587caefea,0.096308306,0,0,0
dff58f05b8ab7322a6dda1d1e58b54e51f3c916c,0.13370365,0,0,0
ede779611ce2e816b4fba650591f2f4b07ebcff1,0.083311334,0,0,0
24450e97f811ed25a25384f24d7f8a2158abf61a,0.12159213,0,0,0
ac14c89ec0a57fc14f37d709c7eb8f4355402d7c,0.12162771,0,0,0
70e28a6e5b835281b74b3c9d8b39fd4b30c86c31,0.33986825,0,0,0
3101596daf7b37b7db692747a79b20f45c6c61e9,0.2959617,0,0,0
2d7ee256f10ed2b235a533aff73b67166cf41e6f,0.31018403,0,0,0
6cd3352472b99d11549c66326dcd1243c551a4c8,0.29910266,0,0,0
c9bac8cfc4563b5f377ada6db19b0252eb57b4e4,0.32573587,0,0,0
a48323e4877e3466d9847b28d26103457de05719,0.28850847,0,0,0
9758c4f3c61fb0c814e4c54e378812d388e1269e,0.040271297,0,0,0
b93829390d6eb3dd337faf79235bd8eb2efdf17e,0.037581183,0,0,0
a3c33f6ee887789e695f289172bb7a7e7beaea5e,0.4181603,0,0,0
00f44612507728a678f64d8bc3144cb7ec49d0ad,0.09147562,0,0,0
a9bf61161b4343011d51724a505e82339fd9992d,0.3698042,0,0,0
c486706099b3dc4ce34d16e4e0a3173b9de7dd2f,0.40194726,0,0,0
6a46b00a397374989dd5038de9310d292fa88452,0.44621167,0,0,0
04bffa014d7473d62b972a4376748f4381c782fa,0.4017565,0,0,0
c172c147b3c33af78c3d7320939f416188bdaa93,0.3318174,0,0,0
af46d68230bed03777625577374204b2cbe22e9d,0.3038917,0,0,0
0177a34c51bebc5e028af7682a6c6d1ee9c271aa,0.23895639,0,0,0
e8626b9972b23f1902e7e4c0b2ec03c4cfea91b3,0.50198317,1,0,0
fb39a0a1e1bef9e40e9b358278e783fa7d402314,0.038471043,0,0,0
1cf57633c98f5559c203bb48f1d8e2b22dc459ba,0.35154155,0,0,0
621d0f57e3fdd279ef1e8e0e9beda859e9d7be74,0.4471193,0,0,0
4c3b552c6d3e8f08e0cd41577292103a5c549142,0.41805708,0,0,0
fbb560af0395d2ad4674bc6e0f406aa05e3bbf95,0.5332639,1,0,0
c7ec8c54bf2b458a2002f24a3655c17a2bc316a2,0.17192271,0,0,0
7c0f14aa7c14e9397e6cd68683bdab77218a5d92,0.374374,0,0,0
57370d049dd7b05d35096ceb475b4f80494db5ed,0.19215514,0,0,0
222061e1a92d6abfaabfc9406cd655a5ca8ea2e5,0.08402633,0,0,0
064cecd073953686418d089495eea9d534af9e73,0.124754496,0,0,0
add2c3098953d0766950e8dc78e3484a46bcde7c,0.08039244,0,0,0
430aff38a3c4428ce43d0f30f259ee0b8b80122e,0.06393441,0,0,0
eb4e834b6ae3a17756bd2732ced075ad4a0e5ba6,0.48528284,0,0,0
d3d180e84143f0e801bf73494b1a71f77d2c25f7,0.044106018,0,0,0
2ff50c9e620032456165037fe00f3edb99711d53,0.39226645,0,0,0
71a07dcf9ad6211b83810ec187b617d005b818e7,0.31077167,0,0,0
252254380c6b9ea99fc978b6abc1b3b4fccf9cf9,0.39019546,0,0,0
d34cd289ee1291b6a7d1b4675394248be2b8ea6b,0.34184647,0,0,0
3fffb43ecffcd08fea1f28f6106d5c3c8cd97091,0.049043745,0,0,0
ad548a350635141c415930c70ce31d8173592a0f,0.3907499,0,0,0
3286bf48497f3f831f5034569c8d37da1ed6e76f,0.4423621,0,0,0
38d899e0f288a24173a6c4c5898bb176102ca9b9,0.44627425,0,0,0
e9999fd04a6338058d27421f427304699dc53c29,0.46209937,0,0,0
3e1cc8f9b982bce46c6471475bae47c281be41dc,0.30344573,0,0,0
653ffe15ad341350015201a1ec3188faffb4b9ef,0.31131542,0,0,0
176910a51361cbea23194d5483256594d7f09ece,0.5916869,1,0,0
4fd9e0be85d9dbe6b969cfd434dec6eea988228f,0.62939775,1,0,0
294b73583fc0dcd548ae95a841829f9ad2ab3ed0,0.6754244,1,1,0
8af453cdab42b5276cec2e89d83ce5c87d70a137,0.32683533,0,1,0
13d84663bc4eedb2e9e4035af75622b0a3cb480e,0.343832,0,1,0
5a04dc554ef53ddc39895a9211286b9fb2e65586,0.35698938,0,1,0
24bed1a9bdbe3a1edd46bc3b2af83ee385e041a9,0.4842465,0,1,0
51f09376456ed8dadc2e801afaa495863fd7ee3b,0.41242275,0,1,0
72562004cfa5106472f61efc5d456788bbc256f9,0.52113026,1,1,0
160a0d35f64a52b9e31a725adc2672498d1f3f29,0.35536802,0,1,0
2ddabf3b84d42184d9781e02a936fa1160177866,0.72829133,1,1,0
ffed230ba8958ba3bc27310b71b0c6df589c3e63,0.44980714,0,0,0
add1d4f07c925b8a9044cb3aa5bb4abdeaf49fc7,0.06799032,0,0,0
6cb6acb44a1cff4136125faf763e67525ea696b1,0.35473177,0,0,0
1ca3222078064fe4bc1f92fc94a58cafa39f2643,0.30795684,0,0,0
f183402ea3aa777fd7fe822eb794837a8e0b3478,0.055731717,0,0,0
4a188d8d13e44b397bb40ce1280279d0c9b1feb1,0.48382723,0,0,0
3d51e770c28b404ac119acd7c108ba174251a929,0.19401972,0,0,0
1e802da3a611eb2953c4ec3c650436278d76b9dc,0.031630646,0,0,0
3c07b123c22a2fecd875e76371afdaa5a1d5b9fe,0.29413933,0,0,0
c6af3ed8a52ddfc3c54c69dab18e36345ba5b92e,0.28600574,0,0,0
e4aa99d3f603e70c7db3a55ae5d59470c1a37f58,0.39439055,0,0,0
4170eeb054ba1414eceb08ec6c0fbdbdb17eb5c2,0.3681702,0,0,0
cc2fa8a4b8f4508dcc05044f97acac50dd49259b,0.09724265,0,0,0
16dba64c31c3eb18ac916d49f1529fe4810fe754,0.43374145,0,0,0
b5284cd9b0d66523f6aa0a57576beace90c86e55,0.49832207,0,0,0
fd61fdad30c073f5b2576d1dc65452c5e4dac657,0.5920844,1,0,0
1c7552b1a3c2bbde15f98671c7b7c1424494c128,0.47919914,0,0,0
7cacb1830c3385098d308979ae45e3ea42b9b16c,0.046817683,0,0,0
608d50697c5e19a8249dd9290cd15b652f5f01a1,0.34285802,0,0,0
fe87b23fbd86d8f978142dc326231ea6bd4a61f0,0.45836508,0,0,0
5068b6f0082a020a6124cd7e652558efe3ec5f37,0.22156857,0,0,0
b5a63d8162d8756e4ae73b80ff125439a1b47613,0.0749924,0,0,0
24664b9397a6dc153251ffd7a4d3c01515988748,0.21945836,0,0,0
2185f5946edfddcca8a5bcb76160212bfe2ef797,0.37460294,0,0,0
8eb1f763d0cb0f98de1f12e3d48d9c516f5ac7a8,0.36988196,0,0,0
77a24a9fcd3b01961f881143e485b4be0826c139,0.05149386,0,0,0
23184e15023157312d7a8afe0adfe30b5d7864a8,0.46127537,0,0,0
b51ecd27cccc520764c9ae53cabcb61d67d46d15,0.53691095,1,0,0
8a2ec5ebd9afa8a299cfdd5d3cd359898346588a,0.10044386,0,0,0
07dfe0f23c3aabdb4dd47d2a7a26bbd75934da5f,0.16246556,0,0,0
b7c533baf4ce8f0fd3d3e7d521cc355e71bca797,0.3548738,0,0,0
daf6bd54af7149e06961607f36e3034aec1e70ef,0.09242,0,0,0
d3c8c564ceef470411821b5a6c82db17782ea3b2,0.47964844,0,0,0
0a8225712e4b4a4471c5efb1ca11e97e2ddbd71e,0.06453476,0,0,0
9d7bb4b52a78301ea6256ae20279a8db63523e99,0.30278015,0,0,0
2ae95bd6e65f698120eb3a7b774b4a7b252ce168,0.52876663,1,0,0
8205f0d26abda68a740de8c962a32172d2bc7e8b,0.45665002,0,0,0
833ccb78e61f01d1525f6c6af6757ad573d8a78c,0.357348,0,0,0
b2c982294b90f03d507e3078b0b3bf0a359a29c6,0.044682957,0,0,0
f37f373a04af7de05b089a55bfb4d2d86d055fce,0.30508164,0,0,0
9c2d135bb030213819e40f73c47e7e33d35ab3c6,0.25258473,0,0,0
3dbd158c7b0b1df5785d3a395a3ae058b7867381,0.3408733,0,0,0
2173d87cf4aa84937abe438d0f836c8fdd3ba1c1,0.54430115,1,0,0
ebb424989c23060feb869e0cf817a4d5285c853e,0.25513217,0,0,0
ba8c6e130e524fc1454b279ab329b03a9877b13e,0.44647908,0,0,0
e354e067ea6b5d099db609aff76a199a81e92d12,0.3366163,0,0,0
c9621e30ba79b20322f449e24a2f438918ce33fa,0.46207583,0,0,0
4f9c6c24a8b4b03e2836c77fe2e53e38b6519420,0.3891716,0,0,0
67540b32bea000574561485e11f7f033be1dc2cd,0.34977886,0,0,0
e2f82b25d19faa263bbdbdf074948c6537d85e3a,0.49193063,0,0,0
ea7753f06b2fe66df61b63a49558ff80ac3a09bb,0.056903597,0,0,0
0f39df025ff43caff8a6fc0b841ad429379db242,0.27691832,0,0,0
6903248d4ed5a383bf0fa080992c038185221a59,0.44264042,0,0,0
5ed0d65dd3b79a990f8f8c4974c3b20c82964e50,0.33273703,0,0,0
fc996e7530dadf0cb498ba1970a6de5ea6edd817,0.3344491,0,0,0
448ae1c06150d4fd62939b5a31f38c03d9a33c7c,0.3564298,0,0,0
d4db3a650fa40ee89513ff581653dbe2d44cb671,0.46948197,0,0,0
b8f966acb480b84e8076a539b346a1ba6b29af69,0.37985098,0,0,0
22e8511f2f68b536a0b1c31b2ec271fab255d5bb,0.28581184,0,0,0
3bbac90fc37d225ff4eefaab018fe6147a5a0937,0.2788303,0,0,0
83d06d95dd70db6e3340afead3bd32fa58d9a396,0.44088268,0,0,0
dc500a7adffbb3cf94604097efe1eb93bc43822d,0.33509633,0,0,0
f944f5cc3dd7874dac049e0c8c4d7212df781452,0.05924484,0,0,0
14845725ea57e4ff110bc5fd838aabe6e6d20c25,0.2390526,0,0,0
94a3ac5fbd184bde121f94895a5bdf22cf034d70,0.29180112,0,0,0
d86d0d56e363a20ffa1ef48deea045851fc49d91,0.25077057,0,0,0
251b167e9a17d29b3da6074933acaf92cf5dec81,0.30423248,0,0,0
d16b6b8ce843e6e931cb8dbc92823f82ab10ce0d,0.41193798,0,0,0
3273f2572f79bfcfc9abe1d821a9743108c65ebb,0.41579303,0,0,0
345f3db49a7f4e662d117fb778bc66b49de14dae,0.23817897,0,0,0
81d3805cae760e12ca120b2725a6c31b83da035f,0.33452275,0,0,0
239ea8fb3cab9e2c052d933e8f0ae25648782e95,0.30918717,0,0,0
6128d66eba5b1dfc0a5e047a057c33d00abac6e7,0.34830743,0,0,0
7f6a33d94efdfa9f1db4bd71da6ddff10aace45e,0.3305828,0,0,0
843cd6eea60431ae527164f8fe9b0e054c7f9157,0.2827706,0,0,0
5e44c4e4be97e93f5d13cdc7bd52b7374635398c,0.42627895,0,0,0
36ea4c00124e0a44cc32c9c2d11ff3f77a2da541,0.22369234,0,0,0
583c8311df06e92afcea0f3c89d085a980e2dd9f,0.2724571,0,0,0
1ba982d80ba74544730f36f3cd46cdbe894a9e6a,0.43889946,0,0,0
d41221966cece5ed8c029a7e941b5d621486ddb1,0.4823423,0,0,0
4f72517b0e7881107a0db3046f0247ea2218039d,0.5372907,1,1,0
8a127b81963d28a06bc438c47dd551f860ee8055,0.3951582,0,1,0
80ed7676093c6ee19c271fd9414d360b6a8d1712,0.5329791,1,1,0
eb15183f8f1272ee3cfde61eeaf048c2280f0e23,0.37040684,0,1,0
c96a3e5a40040ef43e0a51935a368458763d3424,0.6274168,1,1,0
e4472979707c9e59ef5edc9f6541902310d3d036,0.43464476,0,1,0
bf30b1f2af61a37d8e1215e1af6022ede913dc2d,0.5460321,1,1,0
03264295028ec1baa23189bdc5b3ddf09c16c94d,0.3222525,0,0,0
5627e45ac3b893b7b8f69566738f8f09167fc87a,0.035485417,0,0,0
d0474edbfad324e68daa95e58d73b670d01ffca1,0.19392763,0,0,0
b227b3b6aa81ad319bdfe91a7611b957f0beffdf,0.44501466,0,0,0
7e303218009724e91ed7d3a008f89e8659567072,0.056247965,0,0,0
06d969a8fe228de6a637e832743cf6df518fceb0,0.35731834,0,0,0
c06fa14c5e96ee1114e701cb522bc84e0e1a1a91,0.26701844,0,0,0
4374b673a2b2ebbc7042c062b4f87ab49dd14930,0.35085565,0,0,0
2ac8f67206fdaf6563b97baa9ef4cb2bbdfb8c70,0.30045524,0,0,0
3d2e4a013b9f1bf0612afcf53eaa996d654860ff,0.32076254,0,0,0
de39dc6e141e79bc5eb87616764247867ca11449,0.27152374,0,0,0
7befe93c8533645ff3b23cddfc7c7eed56b8ed80,0.3466835,0,0,0
e83e010913d19a91ad9ce75adc69815a974f7c0a,0.3739102,0,0,0
97abbb745f31c635c5e2b9a9a4edd8ec7c15430c,0.43039417,0,0,0
04c041211cdc102ec44ca098a7e7ddfee27a0ce8,0.249945,0,0,0
40448470d6384fd4128840151a62be646f1eb88d,0.29388508,0,0,0
3251bce2d463c4ba51fc24c04904a8e3ac886c3b,0.29081354,0,0,0
07e0698ed6961ac535a8971e52d61e53f877f58e,0.42451602,0,0,0
9b841a30265fe0652e5e94c338ef82970363f4ca,0.29413444,0,0,0
387455c408f9de0a9870a215e1e6b9497bef1eff,0.6004597,1,0,0
81d88e666fd9bdd3424b526be46626704e0b9c7c,0.5346974,1,0,0
4904788fde58204d5570dbf2268d8580a5d8d4cf,0.2737286,0,0,0
cc50f64aa8598728365f282056035cfc094e7bbd,0.31904265,0,0,0
b433eef1c1ae41112791584346558600d134f7a3,0.2454206,0,0,0
1fe62a02c75c1a1af4df78ec1b269837dee69314,0.3224113,0,0,0
100cf21e5b877d160eefebdbe109b331427aff3f,0.438676,0,0,0
227008cff233f9424ab37044b2c0d7b2d178c330,0.12718056,0,0,0
4b46a1595c4c8688644549b3cd762819f4ccfac0,0.5069215,1,0,0
d3bef0558d47861d85ebee02bfbbe09d67a60c3c,0.2224202,0,0,0
475e02f6b0f0e7b650b44929b19cf6d5812ad2de,0.29535356,0,0,0
b5981e07909d4d1626d6f0ca359d3124c932cd60,0.32050714,0,0,0
20a1b9578effdc68ea07870f49e4e93289d86e1c,0.37222603,0,0,0
06827d11a7bddc7a02f2804618219b862f63ecdd,0.48572677,0,0,0
687fd988a316c937698c6c550b3c87507a60e361,0.44889006,0,0,0
53065084d622423dd086efdc6e76729f97d463e2,0.42688283,0,0,0
ee4ed5171c34694edac71add10dfab9abb6b003a,0.22907686,0,0,0
bbdd3e827d23c085d6c669914efa2798313b1b52,0.41726232,0,0,0
aedbfd5bef8442e5559c0439ce157e3b8cc37269,0.3621268,0,0,0
769df5afa88c6ce4eda5c675626077a24827181e,0.3612594,0,0,0
27641679e9fc948bc33ac13dbaabdd831954ca29,0.37742123,0,0,0
70add68322e8145ddcff59c2347a40c0f2e9addd,0.36260957,0,0,0
4a4074b7f330d77f296c16abd82cfe026de31f99,0.36635283,0,0,0
f5b48cb2b84d0cdcfaa99efda564a827f18bb49a,0.38136408,0,0,0
3e7ca122fd7cdd5435b5c8bf83b234b3f68bfb89,0.41643614,0,0,0
241f2ba7aa3225724a80421b56075aef7bfb21a0,0.39297357,0,0,0
92a3a06876fc47d55d189f6483b1efc37b1c59bd,0.23532665,0,0,0
b0017f772daa5e7f05094e38e4bec9bc99e5792f,0.22197746,0,0,0
f1532f0cdd5cfc6c40fdc85bc50d22ef2dba699d,0.084715694,0,0,0
5865fdde89b92235cb080637810e178f21bbfc11,0.11332575,0,0,0
2f2698fa5739eba1cdc3bdf8299a754fb98ae871,0.06102736,0,0,0
b82b8b2cc51220537d247d45133838eb868fe213,0.2469516,0,0,0
e0d62420f7020b7e6a88d6f41b27547eb8ac397b,0.30693477,0,0,0
1a0330f912c0aecdac5a394997932e94a618a4aa,0.39440975,0,0,0
bf18ab3679d025b4da88797bb9759f45b1eb00e5,0.37616402,0,0,0
7f384e85ea9ad0fc7f4cdcbf9451dece694ac63f,0.41591913,0,0,0
3ad097a555013fb78f35643d2c8c201435aef8f2,0.27139416,0,0,0
0da91a3b68d0ab6c28c89bd03057704c35ddec35,0.31181413,0,0,0
4aec5c55ff8bd122cd5d8cf093a595de81bbdce8,0.38472345,0,0,0
dc51387cfcd868ea837da2b7d2be87c70bcb8f9a,0.41059995,0,0,0
b24dc73be37f00dc35bb1e41cad90c703c96a13b,0.109227054,0,0,0
c8c91b47da7a68bfd7b335d664934c302332b06d,0.39022,0,0,0
98b0e857a4e8a54739a10e5016b6ef3b9753af77,0.3274638,0,0,0
8025b2aacf291bf9197171d9ff1f7a693431726a,0.3091208,0,0,0
2106a8ae107fc2df9099b12b23fb89f95d449f27,0.039451815,0,0,0
a94943098d61f48a5508c2ba32996a0e98eb1704,0.30388,0,0,0
35b06e09dbebf887afb6ba5191451074496571e5,0.36928296,0,0,0
8ec1c52351aba784e90c2cabe8dd3639f233debb,0.28690752,0,0,0
0aa96a17f8cf9c96874c9519c93e9f7723d41adf,0.39350605,0,0,0
62950beb8d9ae79097a7651cc3e1fcbd8d5e31f6,0.2724841,0,0,0
bb04d083026dfd018eeebf5139850c34e6b49b1f,0.32950824,0,0,0
6b0c5a3b409511646984f34989ca7826eb4379cd,0.40881878,0,0,0
960febe9458e4213133bb7751c8ab9c3c0b88bc8,0.350737,0,0,0
a3fc218ad914c8e1de13ec3d5f5fb4a54597bc8d,0.4045721,0,0,0
fdc460dce69c6ef2caaafaf9628ee94d07d17625,0.14309792,0,0,0
7ceb5a6b8236517d708d7965f4873344c5630969,0.2706844,0,0,0
bb9dea37dc558378dfc6559133171f45c6a3b5b7,0.41138345,0,0,0
28d51dace3fbbf8f0bd71f749e5290685b0c5df2,0.32615384,0,0,0
e74df2c0e90e5e4ee92a0d45fcc6f5db5958861a,0.103507,0,0,0
05b614d6042e1852b8bc14fa0fd66adcbc1406ef,0.37799513,0,0,0
05164d24d77b4f05a309cef5375792b08316f1b6,0.5353231,1,0,0
efc4809b7b73febc18cdd8976ff8e9d6d4537ade,0.3439601,0,0,0
93c12bbb6d22a165a407b6184cdb40545f86c683,0.40587476,0,0,0
54a95d899854ad5a0a7b896f99cd8ba68b89d471,0.57530886,1,0,0
df7a37858bdf7c465d6ba96637558695e42e2fe9,0.067502916,0,0,0
cb9d0a8369704bfc94a84371561d30a6b4317767,0.37799653,0,0,0
db1483ae639de19872a023e2af418ac695361500,0.24310896,0,0,0
7a8ff741e0d60d6430be6f8a25bc1bbeb65832a2,0.22852707,0,0,0
0d33e877b1642b1bb630415304b8d01de2ce427e,0.15268172,0,0,0
d700649c1748cdec25ce871925d80a1356e3147b,0.3163102,0,0,0
4f30fa5358a7712bbaba7e25d97166d9b4a0f0a0,0.37189102,0,0,0
774228b4c6d5e6f8ec239bc9a3d8f09ca7bfa51b,0.4058397,0,0,0
ae57c74449db1d55abea013eb0274fb9a1f636bf,0.45282233,0,0,0
54567ccc2ec5ca96bf70b0926b56e97659574f4f,0.30169806,0,0,0
2a354150a2193ad32311e675d7452c8059be3bef,0.29360843,0,0,0
db6cf117a225ff973a44972c5fba128b1228a99d,0.38540003,0,0,0
6faa7858155e8311890f14e486f43d5f8cd69835,0.37378123,0,0,0
4790afd48bb04258b01965f601f979f7c71cd472,0.35360095,0,0,0
6535c04c044a9a1ff76410251e43932ebafa6872,0.25336215,0,0,0
69b4784b44ccebceef03b445f420240d07a85062,0.37803522,0,0,0
5cc4b1638d331d9f6bfa9366e26acade4b412202,0.4117366,0,0,0
11b6cb54670ec16f8597851cb010c62c6d3a6578,0.22157912,0,0,0
881af80e8016adc72f7c577bbb88e0aa37c0505f,0.23251121,0,0,0
c1f539ad85e47c5052bf0e123ef7264fbe5d73bd,0.23685333,0,0,0
9fc8dbcd054fd82e8fde73c50b63832b6359f476,0.35388318,0,0,0
a2da1049443db9db3e2c06cff58463fe6cddb978,0.5440264,1,0,0
355dadec5d8729f25fe57408f29c75e64ee65623,0.45636916,0,0,0
41ba47a04626704ef2fc49ba03b0be0939879271,0.045171577,0,0,0
cb497ff3ac18bb0832106b624f43708dcb28e034,0.2020391,0,0,0
70f1e65a1fbd882442829cc377be937db4ee1acc,0.36562756,0,0,0
a1e4f67e9d5480de3d725295f562e98f6c45d79e,0.25320202,0,0,0
60e3bdcbbd3f84654d6df895af97740408ba2bc3,0.44686973,0,0,0
52eab6561b244a4c84572a04bf6bf05144b2033b,0.38630542,0,0,0
dc4746b69a3580443310765eba606be998e2da4d,0.4188177,0,0,0
84e2cf153d888b5f3a73bdeab13c323c6405c1b1,0.36575225,0,0,0
8ea2c18f2b69ca3d9f3a8a1033aa6078df745176,0.4235993,0,0,0
2a7594a7ded5123b99791b0f16265833ad35c81a,0.40358663,0,0,0
d8bef16525907af19a253e911c964d630b1737d9,0.24001762,0,0,0
f3bd0b79313c65d41260a7dfec6e041cc5e24674,0.3345512,0,0,0
56d6858f3430e33398976b02f23cc82c25641a4a,0.17453945,0,0,0
7af57e58daa9872f2066d7d521f5c153d7e372db,0.16483642,0,0,0
3ad7450857297ed609c5b568fb55f77dd469d8b9,0.26377687,0,0,0
190dee5fa3b5374f95ae8b3673705802789ed0a7,0.117305696,0,0,0
ed403b6580ed403a814e1c821200f302ffa5805d,0.25936475,0,0,0
03f8b53af1526c038be1e0aa6f519a6c73762758,0.45547426,0,1,0
6114f5479d0bc640390c8f073b40eab94103451f,0.24504054,0,1,0
b925070f3842ac0ae2cd816d7dc99233e7a6ddce,0.24502988,0,1,0
6bc2d25ea6dd424148786f5e0cddeb42ee072e79,0.42588606,0,1,0
2280cbd563332a1b9f3ada9de77af40efc6c97b0,0.43269163,0,1,0
d254cf2bd17588e5111841b0ca0d349a0f4a6fd2,0.39316598,0,1,0
a3cefc2063d220efdc8a42a66164a5ff0bfd690a,0.6122471,1,1,0
d8e760bd13b8a5c9ddd2029f2ddec3fbadc280a2,0.06860401,0,0,0
fa2fafcf1e1eae47296fc8ed1d609225ea381971,0.26261303,0,0,0
b0bb65029d1e3dcf57d8a0a56e4ca7cccbd18db4,0.035524867,0,0,0
624cdb14f819ec4ce5a5c02df0293f317cf9737a,0.0482324,0,0,0
a6feb941e5ff8fde22865f981d912c6d5f48546e,0.5286054,1,0,0
cf032314f935892a8cc5ca7a43bcf1c9011f3242,0.51798505,1,0,0
f675cbc93ee4bf7395befd90303cfdc79265cee2,0.43183643,0,0,0
5226462744f1e3c11fe5477b543a60b18a80e548,0.38706192,0,0,0
71841bce6f67b8e58b26caaa49b5c0b1f7269534,0.34074357,0,0,0
33172a83a4eadeb7084486256c57947567ddbf17,0.334203,0,0,0
ff38c184f7b5e1e2b9ab88b22464041eade680d2,0.33366767,0,0,0
131e4926b7a31fff3c6bead10bbe6dcd15e32bf9,0.32069334,0,0,0
377dd0a46189c53b9af1f89c7e4e9e1bc7698646,0.0841046,0,0,0
79a242ec3ec8208a9187777cb40d8c269f3cdffb,0.4783056,0,0,0
db69349c601fca02ed236064bd7c20c359cd9707,0.23012868,0,0,0
3e65ff983dcaba073337d3a15b21dfbee2eee4c7,0.52251303,1,0,0
86b6c0cef9e1d09db327197ba2cd64f404c22988,0.25337535,0,0,0
83420394a2e397ed46136c40081e437d5af9c2b5,0.1355129,0,0,0
f61244c48d22b86a9c6de16fc4805f10d8d4777b,0.36225334,0,0,0
89d2eb8fab09847c42ca1eb32c62e0d4ef7699e6,0.046572257,0,0,0
661fb0c9c01c87410cdf1abda41d78906656c7e5,0.43517467,0,0,0
71a4e3f5bad9e17e7213368de6af803bc3cfc160,0.41069853,0,0,0
3832b54d4d6f8a45c7283fa42569e59d66ce3d90,0.215835,0,0,0
53b6258b2465362ccfa3f85a482a9d54425b6d93,0.5970815,1,0,0
a310596a75ce3e0cccf268102f070ce85cf9384b,0.41947737,0,0,0
80d570d77a6f0ff71bea6fddb6519d6bc77f408b,0.49088636,0,0,0
9994ba2cdb0922cc16261cf2a165d9b7a66092dc,0.3073485,0,0,0
10f7c22ac3955b9ec0879367fa76f6c14821f512,0.22743806,0,0,0
19c15bd468dc770e255738fa474956d37b8bad07,0.19234803,0,0,0
2bcd63e545252c308f9d8b51d8f357155639e861,0.2853602,0,0,0
31dac7eb1e2c3683987adf686b0f151925d51b94,0.23544146,0,0,0
b6c1226082e9272a3a5eb37422afc24740e7b75d,0.3949514,0,0,0
1f06856824ecb1896e15059704510455938372ea,0.42521244,0,0,0
41157e7a305acd42d820b0dee0dc6cee228142b9,0.46791166,0,0,0
845fca72fb3736ba07f9f35b138295d77530e500,0.6137487,1,0,0
62e139bfbcbb1c70bd622081932b133d09aa4a62,0.5551565,1,0,0
4f65842c59170271f82f98b5eb3a985f198420a1,0.35648674,0,0,0
2f92ec1b0fa868d2c59270abd6630a3cdf2d02d0,0.38203257,0,0,0
10636cf7f281864685b64efb6b013f57331c4615,0.36450192,0,0,0
3187c92b9b39a2f0663f42d2ec2e1ffa8c45db10,0.4548307,0,0,0
0b10d14e48d1937621edcfebec24a2caa6676184,0.3857584,0,0,0
beb266a7c1a91bea734bebcfcf0768790055e8ce,0.34656763,0,0,0
e45d91d0386a32edde0ed08b57f53ec2cc1de3ea,0.43391275,0,0,0
93b0d6b3acb2d3be277ca8c2799badb005686429,0.5115645,1,0,0
6b436a0dc1c32095698fa777ea1365f5bbfc672f,0.45875135,0,0,0
1d049600404981120633155a69a2effa10b26cfb,0.18704545,0,0,0
29cf07169ebaf45dc8eab6c7e55c0039b31dfa5a,0.4876806,0,0,0
b4d173d3519854993014731e8b8c1e73a137379b,0.4389938,0,0,0
7c272bc96e2053ae9960e61769c38696f4f3b854,0.24811378,0,0,0
6658eba6826100e9059186809927f398446e33a4,0.47714347,0,0,0
8fb9b82b186fcf137854e60f48f84bef664f10c1,0.35467,0,0,0
fe71bba6f74ce54fd2581af15db777772d7d7be2,0.40648428,0,0,0
63379962669775afdacb14cda8a40cf9c4c9a043,0.30727708,0,0,0
9540122871676a511867c3d2ba54bf76401c8a91,0.34643406,0,0,0
064c814833c50fe1f3f87771e6e85dd6b1dfa42a,0.3832573,0,0,0
3f28c60b2ccbd4d3965eddfc2e652eb0027b10c9,0.5248636,1,0,0
9773e41c076aec1cb86f4438d37b01a97b852a3a,0.3299066,0,0,0
75965fd2aaa2ee1c5f34a0ea92b0a444be2cfc85,0.544132,1,0,0
16f001b4ed6a2507861a50f73f5deed8e86bc6ce,0.3867001,0,0,0
c13bf71d3a1e8eebb624e8a113363998d1664263,0.39876398,0,0,0
cc70e908fcd9b309187789fdbc20249ee3eede3b,0.41926906,0,0,0
25d9407086393ee46fd5c981d8deaa9da2c17be6,0.3045625,0,0,0
0d4bfa919943d2053868ac7a48c2757502c5cdec,0.4574431,0,0,0
88bc781f326d51424680a3fa6955632a7883b7e8,0.3741806,0,0,0
8bcd036741fad3864b785cd424405cc7da6150ce,0.40140417,0,0,0
e9c984fdc9fa6d35744038685698ebc5114df676,0.31264102,0,0,0
56a4b2ae7539c2feb5f1a049634f07f2da082494,0.28268468,0,0,0
53d100817e07683df4932f3dffb94873d3c72602,0.30424857,0,0,0
ad403802e0a705e215b46cfaf4634bd674f6a3ce,0.23071633,0,0,0
773a012cf8b1f125f6a128481bbe2b531beaa023,0.44925198,0,0,0
55965e964deb71b11758bf7e8abdf698ed7dd26d,0.42612118,0,0,0
1ad8fa191c5df90d9f0388d7c483d57724860040,0.39374116,0,0,0
31d3f3456ca68f29b98ce5650dee94e1127dc805,0.4275263,0,0,0
0431fef427b0ccbc8220cc7d90e03b543fb1e98d,0.4136668,0,0,0
23977d0e561b71060b00060ca4d18cf0791ee77e,0.2574032,0,0,0
2c555d3f34cc96ac8d6f6cca07b69ac79cea57f1,0.34894538,0,0,0
de80253102670072f7a4f7e1fbb64b69cd53dd64,0.3164024,0,0,0
4858db950be1536b0645ac6b183a20196cf01770,0.3993437,0,0,0
10784b87b548683a5fd37819ec490f8272b7c806,0.43291366,0,0,0
0e85b8d81e5d8788c3b29e4979d9dd4c50e57c55,0.39203617,0,0,0
8bcb17d2e99f7dd4bdd81a103dbf839589635c3c,0.23628199,0,0,0
6c2fac139550b0168d254ee4b925ab206ccf359d,0.23804893,0,0,0
040cc81c32c269fdb4a972db04251c4691f5389d,0.42536077,0,0,0
9f6fd35b16cdd19bf5fa3e8abaed17852bc1dbd8,0.34916297,0,0,0
75c6369189b4ae60c08b21178d0798355b8fa281,0.37256333,0,0,0
cd326abd88b3ef686f566e0b1735b53383c627dc,0.34399125,0,0,0
b3f1cc30d4e1d9627ffe73e0394048dad5af651b,0.19777776,0,0,0
c432a075e7c1bca79a63eb2a8f9d9ef5495c0e48,0.58161885,1,0,0
8672c3560a180a36f854458724ab7b40ee8b9d54,0.40386736,0,0,0
8e1b54f21160ccfdac07039b05f6a4050114b965,0.31273785,0,0,0
6a612f3c67cc92929c236c69e70b0131726c6808,0.40752062,0,0,0
cb48137d5ab27db5da09ee3940c2cf93fa47fcc6,0.40384045,0,0,0
f433a99608baf7ce378478ad212754e9a386d5b5,0.36685282,0,0,0
b572ad1e3f956edc958b0142c0e6d296a9d24c6b,0.3139043,0,0,0
628e21fcc75ddf52ff2ad5c67ee7b4840b6357df,0.30380026,0,0,0
00354024c64400dfaba80873e55fa365d45b1f9f,0.34781438,0,0,0
75199a4d3244bf3f97979024ac15a55728cb0860,0.34578583,0,0,0
0eca91ae405f281e734337024bf499bc2e90c8dc,0.24540323,0,0,0
5ccf73a33230857f217a8e456301c2a0e59d148b,0.4494307,0,0,0
6aa057ff95f0c14a7fcb562020d71bde571c2e87,0.43818524,0,0,0
9eb1e02873e9b56c55ac6b0bd253d5193de15b9c,0.26767224,0,0,0
3df225721c22a5eb7b7b74e774ffe5a0705965d6,0.3542251,0,0,0
16626a9b8fdecf3fa80876a244ff74dd171b06cd,0.4704594,0,0,0
8856608a047f389a40f6d1f409983de139b35850,0.36671177,0,0,0
18e6a973234edce2e46a5c4fd99ab890e8594b31,0.38518485,0,0,0
7908328f012778568c6da95f7081b8c4b9754009,0.42371312,0,0,0
f283f4c4b6183504135a98a3e0d77eb89f391bcf,0.5608585,1,0,0
e45c8fbc3e119e5044bd0143ba253380ec45ecbf,0.29589322,0,0,0
f4bc7cb026b668257dcd5b083282fc6c2f70f2e9,0.38703406,0,0,0
11dca5f8746e7b7d43cd62635497946d309fcb60,0.23706742,0,0,0
f05518d99227ade0b7928592c28a67ff1f0b3bf3,0.48566446,0,0,0
b383b9c38090f9eae7ccc7bd82052141a3eeca60,0.41767383,0,0,0
f2e00c0453b286f77872b716acfc3ed75467b159,0.30829808,0,0,0
37daf894acfcb89582e701a36e1695f772fee3a4,0.33783555,0,0,0
e176d65e03aee3135bf91691c0a43f0ef7f24b02,0.44840422,0,0,0
c510b94ad8905d4346980c68af1dec143c0f4813,0.4242882,0,0,0
21d75a867ed4659b6796406ea26510f683f3ee42,0.43926188,0,0,0
63bee061f37d09d409aa02d4de122fdd94b538bd,0.30279952,0,0,0
c5dc98d98d8b1d06585b9e23e04418532a6cb3d8,0.49033418,0,0,0
b7df9811bf66d7f8ae855a82572fc8472b206c5b,0.527353,1,0,0
99facd0219053f660c43b318b0966de40354d76d,0.41160047,0,0,0
155eac83dbf06ca184a49e35577aca1c0f295299,0.44462857,0,0,0
35a456bb612cdf33cf84a92098ce58ee9a298137,0.21742988,0,0,0
b53521ba1a104bb725b63f5d11c551447b78ea59,0.4875787,0,0,0
d7f3d4f5c6a163f18af993fff9d8e52a2f384aea,0.26603934,0,0,0
6fac1ecfdbc6d088498b1e7a5556c7041c86bbed,0.2647993,0,0,0
c50607e7c834422c7fd926a345b1badebd1a2675,0.3950453,0,0,0
a78ebb040a841a14fa0ab8260977f9d2b92623a9,0.39061633,0,0,0
8e4a56526f342b5ebaf36ea2003a614ddb7e4059,0.46307963,0,0,0
bc4cd88aa7d8343dbb031c65d141f4b021a95d0a,0.5159117,1,0,0
bba1b111e213523054d467c3fe477d0722437a2d,0.38874698,0,0,0
e5707c51408626d40bc07c70e337494386343feb,0.40890148,0,0,0
76c80ad2819c85f71977e584bd1bfb3704ae6fa1,0.31788462,0,0,0
3118343d4ed0c932838acb0f733cf67435653b79,0.23509155,0,0,0
ff6400238181b6d4ceda00c1eec79da6877bb171,0.42005238,0,0,0
d815c27f7652dce234403fd95b55278a0423b5b6,0.31491438,0,0,0
5dd2debd744ac8d57570e05070ad742bd9c82af2,0.38668528,0,0,0
0c3e4e0d3f697fa4113555f440a342e1aecb88ef,0.3514682,0,0,0
eda95607e97ee903c627460456986be9024fb384,0.04420725,0,0,0
6fdbd4f12282791d95d636d427e65b383f46febd,0.069182195,0,0,0
d6819f7cc25aa649682215eeab9d7040b5438560,0.4712575,0,0,0
bc7a3969c039f179d5a73c8aff19cfe19d511503,0.12399893,0,0,0
c2efa4a80ff5bdc422999e3cba6843935aded1a0,0.37210694,0,0,0
af598460ac9990c2a02823b3cfbdaf9f5429ad5e,0.14909306,0,0,0
16c46bdb4330287fa64cbb2b71014c76852e5c8b,0.42377478,0,0,0
749e5b3918721a1143905e1482916d8674128a5e,0.20252198,0,0,0
04e3fe1d2cfd176784f164413010d87a01f1e5c2,0.38373107,0,0,0
91fa2dae7647558bc68ded9c3e7eb5a1c1846404,0.33312315,0,0,0
d49d45eba50fae24715a78df93bf5d951c82c6ac,0.044356797,0,0,0
f36ff599a7670c025010ed7d86ea0fbda7e26bee,0.04017464,0,0,0
ebd133cf778dbee92a1fd175443253ba2bebadf3,0.42451438,0,0,0
8d719d4ea9dd0996de476e2c4a9728b1f367fe2b,0.3003955,0,0,0
6880e8030b8d26438500842959756b441271ed48,0.22596298,0,0,0
578127901a96327d398a42ee524d9dedcea64dff,0.46705866,0,0,0
4060b8ee3347833490dbb2c065f14c1bd592b527,0.2086287,0,0,0
de62c65578ee43d0f038db757b18954b54c49dbc,0.2829243,0,0,0
11a7aff1b5c38a9cdf056714a20c8c7478925c08,0.41672167,0,0,0
88a02cecca5cde95090603e19624c285e484c23f,0.057715144,0,0,0
3bddc5c5321e492835413bf4e8c9b3caafe4fb68,0.4146435,0,0,0
3d64f608ecf0153c2080374810711428d689cded,0.035249062,0,0,0
fa10cfda08c3e12c5c187c1880f52f89284eb0e6,0.330709,0,0,0
15e3ba0f7bbf0adec8ca93d6acaf5f488582c949,0.39268035,0,0,0
168a1dfebdd4a10ba593311856d3addcb32696ff,0.41853064,0,0,0
0a2a72eaf5832da87b80fa41008e0b28182d928b,0.4287533,0,1,0
7c3390d0a7cf72afe3ffb3e3748f993e85cce48b,0.04785132,0,0,0
89109b855537050f5b9d125a88d26ca2c1d12f78,0.5335838,1,0,0
27b015e5dfdb67f8530e7c110d36aa55d0e42cb1,0.48626533,0,0,0
c72f418ec98b259673c695ed60fa7290708a1d55,0.034242228,0,0,0
b61eeaf0529f070ba19db904821b517a9e5528dc,0.47764078,0,0,0
3b44781f9514988a31e2748416b1cb7015e2767a,0.56873554,1,0,0
ecd3c598b98212cbd47cd415819b62614496839e,0.29530877,0,0,0
163624a9596298bf80bb41360fcd246a886a0688,0.45852226,0,0,0
4ebfabb194c88fa10db51d6f2db6282a357ae15d,0.3649028,0,0,0
c485f5bed92b784a4dd915c6fe5d7b95a9990618,0.5430843,1,0,0
390a4358394c91b08ac7903d69689a62cc8c0fc8,0.11040805,0,0,0
dbe962a24475a2d288e1e1ff681c21ccd05b5cbc,0.060035598,0,0,0
6ee55e92440c2eb8a25bffce9fe0b18e1d49b67c,0.36753994,0,0,0
08fb5dd3465bf636093b056b059c8ce2deda42df,0.2982098,0,0,0
c0aa76eb16031973f3e897ea535a0b38bfb7f11f,0.3877578,0,0,0
7a5d7677e6ae10318907876c58727d68bdd72bac,0.304635,0,0,0
7a56d2484badfbceff130dab0c128f1a581827c0,0.30403158,0,0,0
d555d56324cfa620bba111242931fbb7337bfe4e,0.29616413,0,0,0
1500916bf165064d370c3583a19350010a88e2a1,0.4467886,0,0,0
99894b82ae77290ff43d84eeffe638c3ed55d2d9,0.08540508,0,0,0
170b62aeae48d2cff474edf0b275b0f2bb3a5f88,0.5431108,1,0,0
b26691806891840645059fa5e3a6c86f167f32cb,0.48263535,0,0,0
460f9f5b0f30b4ddd5d568ea4c381779e9dcf6f3,0.06416779,0,0,0
bebc7a8a524e19739f6128437bab06212a35e75b,0.4535668,0,0,0
18c6426d1fbb60f0a52a5a7a021690f62d821955,0.37544465,0,0,0
683d902dc66c21b2353292880a00e0e149e548d4,0.54570836,1,0,0
31af406eb992beebcb8c0f6908df8031ef179aeb,0.4662237,0,0,0
2303e85c5ba9e2aaa72b0e3ea88d589e312df104,0.38311717,0,0,0
1d5ce0051975f0aca46258ba1efe714768589b2d,0.35058907,0,0,0
e3496145d2ee1d147bcf2af176b99c0ad12d43b9,0.2566074,0,0,0
0ae4ec44259ea0e3feec3e76671420438547fdae,0.10008956,0,0,0
bf1165fac897d7d51fd6645a0eb8dfdd4eb4165c,0.2378616,0,0,0
6dc22695d51eb464df4bb27765b1af18ca757b9e,0.30438155,0,0,0
f028a548b933c73c85c1f15a4900fe93fc1c4908,0.4546235,0,0,0
546a1c7d5d40f45e7ce2331255c1763a5b04579e,0.31979343,0,0,0
e66d8cd80c0fd29925050aec9ff96095617dd076,0.054277945,0,0,0
73db5970c0248433d25be914308f76b03fdef175,0.35719985,0,0,0
3dada3ae68d58491197deb8a3c1cc3f5504a48f8,0.47326982,0,0,0
791e14cb9c8ac13fe4506470f2b8921c3cc542da,0.23743072,0,0,0
5578e731d97d974902d923da646650228a2a1446,0.4877551,0,0,0
b1e2ae4c902691bbce02a90b76c4bee1c6e58455,0.4835298,0,0,0
db7540e045fc07ef39d37163a263615c6e580efe,0.58641595,1,0,0
0a0ebbf02c08e303eacddc45854f8cd6e0e0f9d9,0.40401503,0,0,0
6a8f225173324e4bf593b3ec2bd60015e80d3f08,0.5116015,1,0,0
ccdddfe067274bfa3612d9e866c2f86c2a6c87a7,0.43338138,0,0,0
6e552cf090053ecbb1ab4251528754373d0dd511,0.3045326,0,0,0
c57a14611951a6587f8eaba95b5b6b378997385a,0.40360454,0,0,0
9b4f29d41a71f58e2a0a31d03f1bb8117a9e8d60,0.34800142,0,0,0
e6e6c2d91e0e8b6549b5eda8973e5f3c150a7774,0.1575539,0,0,0
ab40eadf2da890903f4c5d74d0cb6f5459a5f995,0.22231117,0,0,0
7b80edbfe28a488e1bbbe69741ff9f8432a676b8,0.3851454,0,0,0
6e710a1f78a4a733020a4b2d1f07b6fe4c6684f0,0.71961015,1,1,2
951b253fc38c09114d0fe273a3758a15c151a8b4,0.6560644,1,1,2
f3539c7eb312b127122084279002d3fd238c9a17,0.6195758,1,1,2
7aa5ba380ef6aea0f2f594873b4c7378adab0f18,0.5566237,1,1,2
def1380280b9be6d166d3938ea4b0254e9b55dc9,0.609262,1,1,2
cc06ae9bf7a1fb6cee46c40d2a6388ac05d3f5d1,0.6303891,1,1,2
7972f1ac1b85a5174c9f293ad98abc87edfe42e6,0.579525,1,1,2
bd1c4ff86fa21358949e925274f5b8146f5d02cd,0.5446919,1,1,2
be2aa80bc371d600ab2230c545051ea6454577f5,0.29853123,0,1,2
68b033741b02c3ae54d649e858790732bc5c2d27,0.42253426,0,1,2
4f5d25205a9cec988de300a452d641a155406b79,0.58622164,1,1,2
d1e97bc85338c563f4f732bcf917a08b3cbf4792,0.5728057,1,1,2
d40c01673e866c3c3b5b51bce66e9518924cc31c,0.6175892,1,1,2
5f7d5690a97b2ad95bbe381695638f0c7ca2c4ff,0.7194537,1,1,2
8d340a008767c5d954b7539e825b4c90eb15ab9b,0.70240915,1,1,2
84e490b66f61e11366b62efc42e64b60ae7db35b,0.39103642,0,1,2
fc939bf6838f4bf986e0b42fddee3df6712371a5,0.35889995,0,1,2
5c798eb50aec6040f415b6def1912d4345f8310d,0.38841033,0,1,2
d1758567765117cd395ea47319d3acde7fc663b1,0.3982362,0,1,2
517b8beb06f63301629f0ec3f58f6b667061d3fd,0.39262378,0,1,2
5c715cd84d600c0df0215846efaece2ab4673546,0.3840438,0,1,2
dff4cea14174548f52d6fcc66c9bfd7a339b7336,0.5861151,1,1,2
02ae34d1d3f3c9f9c25160cb14c119958f25af13,0.5079004,1,1,2
8e0e1c32ff1ed1da4f09fc9917812e6457e6fef7,0.596657,1,0,2
18c5b2536c114c86b810bb3ee94474fec596a462,0.33728576,0,0,2
c6e4d8c9f534d3e70e79bf718e40724d56186109,0.19129008,0,0,2
5b5ecff53b50a67179f6245bf60047c59f027e26,0.33565593,0,0,2
46dcd98ceb70720f96d4cfa23b001ff108bdaebe,0.45747125,0,0,2
dcbfc80c4a14b91194fc8b74760b079cc0a4ce42,0.5123136,1,0,2
23492711d234f2fa647bac46997e361bcf985423,0.35151055,0,0,2
f10279a29d47d389a31da907695673a992555adc,0.32451275,0,0,2
8d5925b52b48b4c69934ea5c48aa298a2ec74e84,0.2592049,0,0,2
a30aafa016409048747fe9730d6f7892eb12d7c5,0.5857467,1,0,2
a3611513fc4de7234ef49ae46d646b0795ac7110,0.59509254,1,0,2
d0eb1d1dd1d9aed27c433d78a76962340fcbfc1d,0.40730536,0,0,2
1ae9dfaf45e0a51ee7d604551f7e1932d1787975,0.54904044,1,0,2
1c2d56e8a91b0f64317a9e02cfd4b45b03d3019d,0.059956986,0,0,2
2cd92aa6e3f44df6b0552a28b83022a7f92f8946,0.4138286,0,0,2
79ad715f02e02af76da0c6e47c164a80768a01ab,0.35988736,0,0,2
e5b948a1687270192753993c998d61c7a91faf49,0.29252166,0,0,2
b81a48d78dd9be1c3eae57cece4c88df92c30247,0.43993434,0,0,2
0b873b95a840f8cfdb51f4ceea3b524d46d20715,0.22911325,0,0,2
e350a38760c93e373562d6a3e906df5904250146,0.32158458,0,0,2
660431cf4f7e2bda887a0e35ad3a76bdccc14110,0.4219862,0,0,2
f65e9aa63f8f266023a986507834585a9580c555,0.39567912,0,0,2
535cbcd9f20b29b3c5a5d69f654cde57969b3788,0.33748797,0,0,2
2d650f890ff1409f2944bc56cdc4b518b35e06f5,0.25681737,0,0,2
1c4f7bde1c8f7d8c0e09484daa626fa4f40e38e6,0.3664552,0,0,2
b9a22fb6f6f460287993d3cf087ae5ff036a6c21,0.45029488,0,0,2
14d6a09601b68f60e6b18142b597a6890e5d581b,0.44625795,0,0,2
54fdc54dd24c9ece2bfc32ca12e88545ec923a96,0.316919,0,0,2
0ff7c091143e8326eb88dabce078ca76778a587b,0.18962744,0,0,2
32ed6601f216dd1300876719cce837bfa9824e26,0.15689114,0,0,2
7df11e15457e8d8bf4e5730d20ec2412c429e091,0.1376484,0,0,2
15f7f84678a24533e42f2fde230c5f68d1b33035,0.4160561,0,0,2
2499f70cabfc8d17f2c6de124a81fc0940a70fa9,0.10008582,0,0,2
6526a5e83c1fb9644da34e44fdc5a3bb8a357c84,0.2599875,0,0,2
5904d90ade8663f5552b51036740352a9b796892,0.18455662,0,0,2
fdb75911387f77912c37dcee0af4a2f2e0977f3c,0.6304184,1,1,2
538a97b115ba4ea44c57898ac7c4fbb77fe0e9b7,0.4407021,0,1,2
fa0478f4f6fb724233dc3e00a9f8dc557ce7cdbf,0.59596545,1,1,2
ec81d7ca5100fd97fe8428db02a2cdde967ac87d,0.38591886,0,1,2
81c40b9820625d3f529b116baf6b4a3d45dd2f75,0.4968974,0,1,2
2b085ae34295d5ae1d7eaea5a55a2df220bf1bed,0.30503285,0,1,2
d6a354e203e4901d3eb6a36b3aba620fdb222da7,0.3495931,0,1,2
37787b96ab21fc226ff267aa26ae58a58b2d20f8,0.44564435,0,1,2
f2f704eabee027175b0c1eaf934c08e7721a9b24,0.54651284,1,1,2
e1fc87d2d57c2d7ee941e651f33b582fb000dd73,0.70479745,1,1,2
fa8f024d082998c7ae48b21f3eb6f8f2ca56a719,0.4663074,0,1,2
6bce493e47fdac9e64a9ae1cb3c358f31975a43a,0.63626945,1,1,2
9daac904cbc627e4a43e72f72159c552b25caf74,0.63235503,1,1,2
658d5a97c708a926b0425585f9437a0c1fc2b81c,0.5677976,1,1,2
db695fe90b181948f271e4970ec83d4de9348577,0.7249481,1,1,2
9c06ff87decab7357d44d8766f6a277ff887d921,0.6206827,1,1,2
198d448ceab2bc061d18a1a689056bd2b96b76c5,0.5706703,1,1,2
46b15af8c5fbfb026be350ae16eca89fcdc87aac,0.56430024,1,1,2
b7e86cdd772cc47a031d187b79d075af8155c2e0,0.6978592,1,1,2
198e589e62f687a91d4c27057ebad918e9f9bf3f,0.6100529,1,1,2
fa510146c09a498e25e590ef5cc558074337fc4f,0.60469025,1,1,2
badca06dd1c70207215c7186a31955901b637661,0.5325052,1,1,2
91ac1574aae31a29baf883d2cf45e4e1f5aa9bbf,0.5800191,1,1,2
82ca28e2ec8fe9771f01b5aab3386311ecab80df,0.3738067,0,1,2
9f8120beb6b351608652002e057f97f8f6c0dfc3,0.685243,1,1,2
c66b23747627a2b432e0068561d457cab9f97ead,0.47695515,0,1,2
a6a5e3033d424468cbd3a6af051aabf3b5bd4d00,0.5217503,1,1,2
2902a9a3c07e881dd7aeae0a55189facfab1966c,0.6413651,1,1,2
fe487b3336f8279d8b74eff05c5ebfe6e01281f0,0.43515697,0,1,2
3076802a78f14eb1b4f23831d5a1ccec79b26554,0.5002839,1,1,2
5063d256221e7fe8a8c433401bea988d7ccb0a35,0.6408882,1,1,2
a6b9ca3f71d44dbe2562e13d63e4b30fcaccdf50,0.43525252,0,1,2
81fec3193ad12a0f78eb021c4a1548484595860b,0.42653176,0,1,2
902a680951f318488a4bbe0184a3a223c5709b01,0.5920892,1,1,2
b84f786db6d85cbf9973adfccdf135cb71824b87,0.49166095,0,1,2
a2b5c7a9aa0b5f617502bf6003d43913d507a11f,0.61600834,1,1,2
571725cb7bcf091b5457f1e2a857aa51e8a70f7e,0.58306414,1,1,2
10118c9c1b00d31868d6ab43e8171e3c16efdcfc,0.3963219,0,1,2
ee94e6d82370b6b6086cae2693dc2fe31388fb64,0.39812067,0,1,2
dc58a824466ed492fc6d5ab11960eb86584eff26,0.6366864,1,1,2
56c04300e8f05bdaccc2ec60fc751c09d86b7b68,0.27930993,0,0,2
03542311e2a461f0324ec700e98e78b5540bcff8,0.037241165,0,0,2
4746531428aaf9e3ae7d505b5a203350d138ea41,0.33590037,0,0,2
05b14fd01e43ab8a385bcfb53102a270ef2d9375,0.0266603,0,0,2
77868bf772a03d61701bc0d32dfafea63a0382c2,0.046810575,0,0,2
83fcd3e1e220b9f3aacc63aeb4da0a898684dd0b,0.045257192,0,0,2
dcde20001063fc25f622e4b1c7775f735a7255f0,0.12680449,0,0,2
82bd5be8735c01a767fc3ebc3eb92369ac68302d,0.46416545,0,0,2
e1188f368087ba4bcfada44d645e4f8661d7f9b2,0.72473574,1,0,2
2c03505da053d07cd3f729692738912bdfc2a5b7,0.074611306,0,0,2
3fd058c02a1f8881110409be33ad56d3af6386f6,0.44074857,0,0,2
bb3ddfe426cf4ff5390f742d35bdba02a4ce7624,0.116476595,0,0,2
09b1a632c17b34650d2bcf748be14690c9882e52,0.21310985,0,0,2
539e1ee1d68c27defd0aaad09a1a0b68e059de96,0.19841617,0,0,2
da69323b29fe8e373364b9399bc67523dcf2af62,0.32332665,0,0,2
c1ad21bf966d01dc5cceca82f102c0f7843d5617,0.03536334,0,0,2
efa756288e712849c78c4230df05c2d1abeba91e,0.33325818,0,0,2
2f757454dc41f4d130234aea68b348da4f12a0fa,0.055694614,0,0,2
24b5e00be753889e4907473ce57271acb290cb67,0.3549637,0,0,2
7f293a06a0b7ec9b554d51f150991efa9b7dd54e,0.047671225,0,0,2
95a524ea06e546330ec3d95b9c139b7edc599b86,0.048955258,0,0,2
314dfa80d4e815ba3c689cd3ad0d508209665bf6,0.061935063,0,0,2
c07d659cf8f7b16452472da6052a1de326bcb6a4,0.039359402,0,0,2
545536e34f180edd32fbb21b0a5613e6407f0980,0.036855407,0,0,2
225afb8bad88c9bbb70b24d9ac3c28fb21f39465,0.26150775,0,0,2
041e9565ab8b187ad0b88780a5fc0a5ea24f29a1,0.609549,1,0,2
c4828bfd09ea8c579fa8840cd77733c64b8ebb39,0.3946395,0,0,2
dcaacf4cae54fe199055830f097d4ed504b3238c,0.039355632,0,0,2
6f22f4b49c2a3a59840d28e6cbe0c37a56ab1f90,0.3742027,0,0,2
41fefde64401d2173ff019a896c4dd72b4fa5636,0.55567163,1,0,2
080e96a6cdea2f5fe8727b8249044b89bc54395d,0.11057817,0,0,2
497147e3e6ba0a50c32817e14985ca5bf1041f9d,0.058220346,0,0,2
40708bdf04dae6aa49bf8f3617f2efc16c83c5f8,0.4828887,0,0,2
84ad767a87c69a265e9105c51efdd87ee57b8635,0.66646814,1,0,2
f0e8d41fc8cc746ba9b66b72646db6bd8b25c6fc,0.05008368,0,0,2
df5930892d9c6eda392b96bdae2e7afd342f7866,0.18816783,0,0,2
0cdcb1fd8df9e9185cd3abb128d927d25d7de8b5,0.1607671,0,0,2
cf15c51722dd4b406876dce1ccd52eea787d84b7,0.093293354,0,0,2
b691f81b482175665b45cabc056e58ab0df03ff8,0.49879912,0,0,2
fc8ef4d22c95b13b907ed14b19cea8ff5fd1e653,0.1378253,0,0,2
8054f746bbd6191f5a297cf6f7f26f9fefaba307,0.058682665,0,0,2
fa21d6f7e70f057c42d4af9c40ed47d3d841e5b6,0.16757153,0,0,2
bac647543497f0aa2a9f92fe726e1eb18631b4cc,0.47244257,0,0,2
cc6ace18900eb92606b6a312cb1ac5c4ab5f435e,0.08927841,0,0,2
c947676916c99f2feb5e183aef9629a1b21d863f,0.40881264,0,0,2
1f3dd9ff8a4f8302eb4c0bf4072d2bb7d8aeddd9,0.35421264,0,0,2
ca7f64f016d8354aecd38ef73405e1b3267ca791,0.36034492,0,0,2
06005610265c342b52051b997a43ad6e963c5a0f,0.16186549,0,0,2
4a8068579ea5bf1e637f8bed09a203508abde315,0.4138539,0,0,2
30c217ec400b9175e9490807748ec3e48fe2ba22,0.45297638,0,0,2
d80acb29c04a8e92a3ddbc539b0be8a521098870,0.2295306,0,0,2
e43138b0b5f0912cb358c0e73eb6247b273eba75,0.3516183,0,0,2
1b84f2ee7a41e8ab12faa73130187763ee5858ea,0.40702552,0,0,2
4b5ef21ed6104befc80e1dd501f964e7ca6f1ce6,0.36052042,0,0,2
c6c1971ca1fb5054a0847b0884488165606bd703,0.44905722,0,0,2
68e0a9c71443738b1842e99925d37bf545f5a151,0.041135114,0,0,2
7ebc8107a22038c06c0b0ff095f9f73d854e1422,0.18161295,0,0,2
9003b5b5aa4465e84c934819f45c1ab4365dc51c,0.033426754,0,0,2
4b8647bf6ce2b478e6bc90d0158ce81939a14378,0.3505657,0,0,2
2d1614a2077eab0b981d4a0c4c6e10a7ecda71cf,0.23083381,0,0,2
3631295c437c5b8915afc7b2b259496eb2d5d782,0.03840556,0,0,2
b12610d35e7798c66fc1d9b0811d10aadb87569d,0.51280266,1,0,2
f3a785108f853e327001dcd435e92525d7fba96c,0.04061961,0,0,2
881a4ee8db1e1826b749579d2284ace982c953ca,0.31697088,0,0,2
e91d0f0510ee8d69c76ee89b4e57341418866c6b,0.07071965,0,0,2
8f7c59ce888a687a6c9089caf0c5469984a073b4,0.046343297,0,0,2
3c644cf87ec8c0e6313b3a10b6cfd66279b8093f,0.037952192,0,0,2
fb7e1e265dd9e560b3a3127a6593b6602f60026c,0.22059639,0,0,2
1c9c43c1d4bb76d7e47cdfc9c6681a38305a95e4,0.28723752,0,0,2
18f181ada7826542725fa4a9460307d606695b5d,0.07462119,0,0,2
bb7e8951cb6ef08ca9df5fc036217c3a45c4d33c,0.04158956,0,0,2
e280c8636792c5426e54868d464c9d28287a98fb,0.10723346,0,0,2
54a7796ff234a9cbd2c66f8b1e5621f0898402f1,0.2354321,0,0,2
8e5867eda8328e4cb2e103d098d0c9f3c2fab50e,0.06075909,0,0,2
e42da5d9d21438c220768464b6a1f5b36bad92a5,0.21183309,0,0,2
c823ac5673e9da094a3b24b99987a533c548dac4,0.3435166,0,0,2
7573e9eec065ac1ccc2134aa751a191da3ca3dff,0.09256734,0,0,2
1cdc902f3d7cf877b4db7a31f19eb1dfd2fade3e,0.07944773,0,0,2
e9ea52189a92f7e2ab051e4d75c4e0c872034b18,0.03709492,0,0,2
ab0a2f761f4529daa0a1e7128ffb8ae417a0104d,0.03982332,0,0,2
7ebbaea90e8002f5542e22bbe92075ffb5383d2a,0.5337295,1,0,2
721730b00b1dc2ea616a3e7958e4ad15134de975,0.0381028,0,0,2
05aae985d9d0e26cf278cdd6f69672ebe3f8ed92,0.5158911,1,0,2
f7222ca6c3b6c1018a52fd649029394e6608f1db,0.028900443,0,0,2
b285f17023da248bdcb3093283e4b9e930bdd09c,0.21100958,0,0,2
af858a6ca224946195b1923a780678b20cb99603,0.4790826,0,0,2
fa027a4685bacd9e32b3bc7d875717b4457f6829,0.24749507,0,0,2
edf56632b8a5413f5e0adfe2d1b65e595b88a1d0,0.41246656,0,0,2
58693fbcb3236a9adb0f47088d88ee3ef7178cb4,0.27249816,0,0,2
91291520cfd5f6c2c91fc242018860c5d1d277e4,0.035007622,0,0,2
7bbba6995a12412cd7cbe1ca693057c5299ab4cb,0.04094224,0,0,2
ea030e732e3556a2a4fa51bcaabc080927ddfa48,0.05195805,0,0,2
310008f48c0a830138d35b3024106560d55b6bd2,0.28393725,0,0,2
ca22dac3f852c7290f60c3c3a5d66fbecfba91f4,0.091103636,0,0,2
bcba29320f5f6f860335266d6be8249418ceaedb,0.03553954,0,0,2
9dc30fddc109504fc80fb62e33554d54cca47faf,0.038687628,0,0,2
764f56955d499fae11db1aed6e7f0d2d0886e6f9,0.1786306,0,0,2
2933e5773b1d64a9348024b2a6e8dc6dc90e6590,0.19779128,0,0,2
0fa8bcc008b6a011d6fe41e64ea4379d0b57f20b,0.031518586,0,0,2
7897aa6a83a5e63da487e72c2735fb042259f6e4,0.2363091,0,0,2
3b501993588d27d91ad526a436e3a10ecc8d6e8b,0.29292086,0,0,2
b353d07bcca9fb62ac387d69d3e99004e27f14c0,0.070074484,0,0,2
6b43922648fe2dfcb4cb1aaaf5d795f00a6aa174,0.06828975,0,0,2
b268dfbb824ef307862e489aef7e71bba4cdcac5,0.03621821,0,0,2
b957ee1646d893fd946a8b9a53c779957ae7a240,0.04200354,0,0,2
996c0c164a083c3dc2fbf2768750e3b3a81d77e0,0.093622915,0,0,2
12ddf37f23cd77903729b3e611ffae10e96ded47,0.06339278,0,0,2
7e6304ce63da6c6341cb072abfd08caf0456328e,0.029097276,0,0,2
b9b73fbef5c0f18aaef22ef60442518d7f23ec83,0.3538231,0,0,2
675d4c8fc848ec5438e48deb2e8218b6f0078814,0.29178423,0,0,2
dc666f419e691e6a04342bdd9cf2e899455a8738,0.044223223,0,0,2
9bab875f03ffea0aacd1d92fbbecc96d491c1201,0.29586688,0,0,2
8d3d915dbd0ccf716f0d15b6b2396cff214d9cd3,0.19246902,0,0,2
326beb22c6aa872cbc0ad3706cfbe706bf9eab41,0.041796867,0,0,2
ad882055edb50369bd174ae56a372838aa89cdae,0.40192673,0,0,2
a7363a2ae67b585790896de45f57154474480fc9,0.1731521,0,0,2
2bc9e7ea86a8cc1c3b2436c46115c87080228004,0.03301907,0,0,2
76f154179b8dc6940355d7fe7db468314ca39e84,0.071851686,0,0,2
4080feff61e8dc1cd4af2361990c33c9f1014147,0.044654865,0,0,2
97accb47de63ee5063eda23641c6017e29ab81d7,0.33000568,0,0,2
cde43197f980538e411d851735ac7a63ddd613e1,0.10061439,0,0,2
0dec6e76fb544fa3e8bf5fd17f16314735971dd7,0.04159091,0,0,2
f820d06fc0d1204b0cb386214ffeb42ccec669ec,0.05635366,0,0,2
566c4d59a177be4b65d17540576eeb34d28d24ce,0.43471256,0,0,2
a516976947341e0e18bcc0858d85d34cd0c02cdb,0.07034734,0,0,2
7200c43dea3dbfbd9d38b937c44b6e71744b05c5,0.06650473,0,0,2
596ccd59a11ad5e9fda19ccd0f4fc714d8d3394d,0.03007926,0,0,2
301ad592142079d36f4d33f5309c103c7f4f5dfb,0.07979686,0,0,2
f8a8ea748a0b3015490ccecec7b97f0ab2daf9c4,0.43845844,0,0,2
8aec465b44dedb7deacf80111ea5286914093094,0.07722283,0,0,2
34f3f4196084768b2ef6b3db4608d8eccec50364,0.057839774,0,0,2
c53f2106109153eda10c47a6960a5a579d1530b8,0.37674153,0,0,2
17f52a2e559e68d5c6ccc98fcebb5523161fd0ed,0.20802471,0,0,2
fd7a4362caf2cd69368a38f2f71ffe19706e341c,0.24914172,0,0,2
753f278d10fc0c92e912965379401ac182644101,0.37703526,0,0,2
491786ce4182daa57ea61deaf701f756f57f6f1e,0.028501658,0,0,2
de73ad3115c19d5f0771754d233d74055a2a10bc,0.44338912,0,0,2
d5f586bd4e1a20fc09a33aaa5c2b9320f4a2aa72,0.6391383,1,0,2
8d4fd1dabbae4d7ebc2b273af9275ef8bd0e1ce1,0.44407016,0,0,2
6e5eedb3fcebc5894c41733bd26c8b4d9197873b,0.55736154,1,0,2
3b7d0b95466139a147fc504b7c18897dcc826c65,0.32563594,0,0,2
6a82f92584b36e28798479c82c0d3263c6347b90,0.48947084,0,0,2
b8e9475505fee98aae2819c03a33c7aa3db843d3,0.052939814,0,0,2
a14acdf6395f588dda7597bb4c7810dacaa503d2,0.047187544,0,0,2
85a20aad64be04127106f492e26f6ad6d6c228c8,0.16497344,0,0,2
1325e114108136eea3fe77a4a270a2da7eff98e2,0.3482849,0,0,2
bae46709ecb13f80aaad0d279b3618ab83d09275,0.046217065,0,0,2
dc5f850d1d9b0b952b7f0dabd6778cf0f7675cba,0.028427433,0,0,2
b4abfb93676fb0abbab1d9bac40ba2714a3872f5,0.02896249,0,0,2
9a9e7268162f9fed146c74a8acbd234d9bc2ed84,0.026775558,0,0,2
b262c2359c9ed53dae3ce2ce7a0092273f4eec65,0.30338573,0,0,2
c30b59103b6f1390b0040ee74b985248e8b1b849,0.35011205,0,0,2
0f36265123605cac6af05b7b8c8f4036b58f4da4,0.11541197,0,0,2
cb177b56b7664ab323558545737646896f4d7e70,0.036005713,0,0,2
15bdcc3be2b84f68ddcd822da52ef045ed89e57b,0.20195255,0,0,2
6a8ba1fecb47e5ffd5387654d0cdb7c372ccdc9d,0.3666803,0,0,2
75efbfd6b21ab36fdbc440bc001c133f824bdc3e,0.043852463,0,0,2
f7e42d2ccf949a5893a439227c8c6bafd2598f26,0.29086164,0,0,2
c7fcb448c99ae5fe9db9b217bea1233df3ee6e57,0.24601804,0,0,2
d0721feadc1e0cae6efa3e0d82f523debc5b8d97,0.45399013,0,0,2
5f47ad718e0ffcbbe6cd2f8d32b2e345c4af3a48,0.19164091,0,0,2
745d383af12137ccbcbe1f3cb4c9db73f87a66ca,0.28560275,0,0,2
d746a54c2ee50711283bb49e557f58ca491e1bac,0.22307517,0,0,2
a56d4998cf16ff08f5593fb7d4dda66ca05dc269,0.02574231,0,0,2
03e65c98da2a0b2e27b14713543c2a61d56b1237,0.3905525,0,0,2
0d3545e5f68d024cd4a05724a15746d8dad986d2,0.035924293,0,0,2
6b1b592887d9ce95fb5af1e216bff56b18c7902c,0.24127515,0,0,2
ccd0fd51a5712ef1d85110eb61130c906fe4db13,0.22455491,0,0,2
d98897b11e6f4adf1d0a91591b1bb6be501cd29e,0.1928761,0,0,2
4e08e17ec536038c9c0dd888f77b912cae82816c,0.049759533,0,0,2
86eb3a2fa74988e4ccf3aae7f4b77edb84555320,0.04785245,0,0,2
45df5da2640f8f097915b8a2a0249ef0f6cf514e,0.4154708,0,0,2
76b7413d2b1eb2dc22f05de5b76f9519be5142e0,0.07391008,0,0,2
bfb3cf8bba6aab198c4644e236bbc9f3807111d0,0.030290358,0,0,2
093e3bb2e3cd9992f3f0d14373d406bb9b2ed36e,0.13340667,0,0,2
c440f668aca99266b5379235f6d99d378630c938,0.2804474,0,0,2
a1c5a582760c7f65572d0883fbcedc843332d7eb,0.030319924,0,0,2
0a499402d707bc8cf775d7f9b3840780a7401f7d,0.035193693,0,0,2
8e4e5221515f820108f48396a18ceaed73de8dc1,0.053112485,0,0,2
3a4e18ddf151a624eb5c3596ce8400ca4679ef97,0.032037277,0,0,2
8ed40d530295d819e0ca964b2d4542f6ca6a9929,0.04994248,0,0,2
a6abb8b00355db97486ab5023305c3f4e9e19ad3,0.42140087,0,0,2
b494caa01985c623601735f1bc10871cfb8aa048,0.033606775,0,0,2
5597ed7ea300ae3d08cd893b0133bce26038a7df,0.062091477,0,0,2
002276ea313fd880122502e9840b43f996acd537,0.26395863,0,0,2
bd5afc0b5a977c168cf046e3244477b48fa72c5d,0.09636957,0,0,2
b313ae68888445f4c08521bbc8d19f39310c6890,0.05301832,0,0,2
a675ca7802065f459a96bdbd593d8dc491180cbf,0.06256651,0,0,2
8be87e032a8c05622148357f30bdca3c614a669f,0.3361276,0,0,2
96eb80efe1da48f37846aa899260aa0c84b15944,0.157821,0,0,2
75c2b24c681e314c4e4e07243b31430ba4e42723,0.42667553,0,0,2
276e22858cdd56f5725e0c2f7a3522df99967973,0.19503693,0,0,2
471e6b078a7891aea99b77f200e828a7b1c9bc00,0.372997,0,0,2
6d7ee38ceed6b496d70502e276f80be6de618014,0.47608963,0,0,2
5cfd99f0dcd0d10689e480f0854e859079f125d0,0.20144752,0,0,2
ed6c47dd9ebbb2e38fb3e17a2b961f0fcf0e6df3,0.25128374,0,0,2
1fe7a43505aa9d00bd9dde45aee77935a5147561,0.42500934,0,0,2
387880a630c65b955a3329a2f7b987214c41f6da,0.3250027,0,0,2
cf4416a84203ff9d360d4398da3b166e6d0c72b9,0.50748783,1,0,2
a7fe613853516f0abde34821996a0424882bb919,0.40610328,0,0,2
7a8a7783315917b56b6a71c4f28cec4ed1d91a7f,0.05637286,0,0,2
9c545d44a4a703c88d417a6fa43298a80ee67735,0.41598332,0,0,2
4f73871cf40b6dd05c8872d39246c67f798ed915,0.13825946,0,0,2
41f297809965523fcd021bef20b304b3584d9b4f,0.032859012,0,0,2
03178c8b15f1b522b98ded0f83cfb0e79f5ec4d3,0.29802692,0,0,2
f70741c9b216d3836d047c542847920d4778cf9d,0.32779565,0,0,2
5ca0a1c3564d35293a5ecf03e5f32e6f0f6f445c,0.19592643,0,0,2
4c4b3e2e32ddae35e4c1a6ffce1cd2b2eafa958b,0.08939103,0,0,2
72a46babeb0da02071e47425ebd55da915b98178,0.46673575,0,0,2
9c51e5316babbd370bc32aed0fee134216726ec9,0.18489276,0,0,2
392323e2d44bacdac605c1a4f037f06e21dcc239,0.18647236,0,0,2
10dc13c80752b0489d291b54440212ca54c59fee,0.5427529,1,0,2
7b9df59a96adfce979c8c564dc5eaa6a29b7f25f,0.08639947,0,0,2
818533e92bfb1c142ae4ce5be18ab92d1ae17025,0.042846348,0,0,2
47fa07eade06908ded4206651571e71a2fe684a6,0.039366487,0,0,2
46e97d9e04591e8198ff38bd2949fd5514da0d3e,0.035885815,0,0,2
08cc26e70bf145aca293d55fce12aef835263f53,0.46641904,0,0,2
6c21bdb4a107b49e57c9e5d6598d13ce6f85fc5d,0.53294086,1,0,2
18a027b1f04e420c18ae57aebe8fd031b5ff251c,0.40473163,0,0,2
82b84c0fe9054198099752a66575cec0c47524c8,0.5374726,1,0,2
b10b90b0a3947bea98e3646e7d29f853f3b5c6f7,0.31641075,0,0,2
8c141a1705808491f16a27b53e1ff0db0a2807fd,0.6581961,1,0,2
40f969bc9e162deead55967da3c128e2da933dfc,0.5290509,1,0,2
f348d34fb1ef3c968e2981283618aa85db203901,0.38442335,0,0,2
999761ba1bc5da820a1d2527c4aae29d95a7013a,0.2604595,0,0,2
ce131449a4ca0b06c6bb27ee5d8d6d89b1467bbd,0.42307144,0,0,2
924e1e9064f90d958b4f57e9c9c0c543bd19dcfb,0.380931,0,0,2
f36090e3141cd3cd6fd58f1f46a30af2582559be,0.37876403,0,0,2
6fe2094e30107512e470571bceac91cbedbd21d0,0.5294046,1,0,2
fb0078159d2463da149de54018fca79a9447153e,0.46420634,0,0,2
73351b6adbf403600521505bef288057beb2bdde,0.44610527,0,0,2
079a07fe18f654632b80b274f247775582261e5a,0.51159376,1,0,2
4158323ee456bd412e7357a4a6bc8bf50deb5d9e,0.42307442,0,0,2
2fd6c8fa1e392f985ee860d8ee154a612ddde569,0.44619727,0,0,2
66d0a9a0a00dbb259425f17745f7dddd7e676f71,0.45397833,0,0,2
e14d9ce8e3c57b7352a647c0a8e62eeb88ebfba4,0.4596821,0,0,2
9e0c5ad4b3148f42f3940faf7d67b305e34bef0d,0.3776693,0,0,2
fa1aa44c7623fb2142e588c59eaf56db7bc237eb,0.33963332,0,0,2
8fdda846c4653b6ccd49c47a9586c374bb20a255,0.6061162,1,0,2
a94ff90ab6cd2d92ccb2eb1fd7913b4e5256f02b,0.21813849,0,0,2
268bcd622685b28c2d50bcbce64ac38f7e90390b,0.5682363,1,0,2
09e31a01b51d7418fa0034ecd4cc11848436fc18,0.41899255,0,0,2
487ac1980148522d628e1d2aab50b107c372798b,0.4741875,0,0,2
34646ec9b52192a71e52ffc09cf7fefdd506c48c,0.50569695,1,0,2
7afc1c34fc16ec04f82105f9106b7d1e5232c4d0,0.30954567,0,0,2
00439211981af7b5baed495f526ef8ad76ee7c5b,0.046363182,0,0,2
1d635088f697178660b6e1c9a89d2b7d3bbe2d29,0.43681967,0,0,2
a4a62ed7c1e3c7aae09324f0ad1c6078f0fba471,0.18924439,0,0,2
b3a68ca842841c4b9713462d5f01742cf71a6b4a,0.38668025,0,0,2
2d868410eead061d59de524bada4de9e3d2bb442,0.444533,0,0,2
813aa11d505b9507b6795d36070806cb2d96e5c2,0.47176298,0,0,2
88b29fa46bcf6f56df4213e1ba7810735a28d755,0.4224167,0,0,2
eca374db08ffbb3dd8de746632fbd74acb8f2c92,0.47470748,0,0,2
2ab17f529d07c1f618ea08d968b2fdf3a382a792,0.41016546,0,0,2
9a87c766bb3137a50656871e5dee5a309543bc7d,0.37332878,0,0,2
9ce4e1a371418e5eacc69227885815f9a4221c65,0.43165663,0,0,2
c7f7da754a911302dcaa6935be6fded84e1ac348,0.5832475,1,0,2
4cbb388ba9099be121f81d75000acc3af93bf993,0.56929535,1,0,2
87497c72460c9c58f829a372d741b386fc2ac8f8,0.030561626,0,0,2
921d0d60d40d8fbda29f14a64e848c70026ea32e,0.506774,1,0,2
f9e72000a17eb9d524b38a9f2c982c037dd94891,0.03460441,0,0,2
e34f50dd1083fa8ed9fe25fe701b64bd2ea7efc0,0.07071226,0,0,2
581b474f4b194731eb9cb22cdde7330a1ec81c3b,0.041061345,0,0,2
e0d17fed51f5018fc34578699d824c20efc44368,0.043510344,0,0,2
4fc5b3402c58d6a4b317bf23b896ea91d22af6fe,0.39614713,0,0,2
d8e2f892e48423fda73204be3ec239d282e71c65,0.06398924,0,0,2
8d6d088622f8e4ea89e66ccbe097510fb4c932fd,0.034401383,0,0,2
f0943a7242041a16c8f7fca845592e48bb19ac74,0.031393543,0,0,2
d1123894d33922e7c8ca838f9dac9bdceefa3f7a,0.03255276,0,0,2
fb83ba3fdb46537a36832a900f124d4c400f7ed9,0.034646682,0,0,2
e779883b29a67d411493f985de984ffb8088ca05,0.037270002,0,0,2
a71c820baeb91025eaa7f07b172a39500c6f5692,0.3067848,0,0,2
a4eff51bedd73a0ea56afc23b1021187dd03561b,0.06546913,0,0,2
8f6bedeb724fa78583c26423aaece05cfddc04c9,0.06397184,0,0,2
fdc116f0bcda6d1fffbbe505d0687b0406e92fa6,0.059114136,0,0,2
66608db56c41e91ee34fdc1e6157d69b69893fad,0.06442709,0,0,2
5366158572bd88f18df7883ab823ea62b7701d77,0.08311055,0,0,2
2df0a3be66f6fa1067d976d7a05500beff7eda53,0.12174734,0,0,2
e0b2c86c8754312d1e89307fbf84e6efbfa9fe0b,0.05224671,0,0,2
050dfa6f0850174fdf958ce6751d2f06900201f8,0.37118563,0,0,2
7530b4bdceef0ef37af252f0b97978554fb9b99f,0.5435919,1,0,2
a6eda3d8eff423ecb4901aa07339364732c02ddf,0.4076629,0,0,2
a5035d0e1cde068320984d789473e1140adefdc0,0.031120315,0,0,2
dff43a0530a6fbd524e3af24795cf6b92142735c,0.40241423,0,0,2
1d5f8faa87a410fdd1141ad82f270ac238293770,0.16861929,0,0,2
82f4ce516c18ef5fb3096f6a90455fce90a5b290,0.03660331,0,0,2
228b49fe2afea3376c4f30f80bdeb70d083a9206,0.03717672,0,0,2
adfa016f3ef7ff262643e0f0a5a54d3ddb7d7e1d,0.038549487,0,0,2
f72b5e65c0c5210cc0be585959ae84fdbc87aced,0.052485567,0,0,2
26d668f6d5a2f202ef7ff6a73ff3cbd7bbdf4b06,0.32066002,0,0,2
808149305ba26224917e29aa0c0089701bd91936,0.06529702,0,0,2
55fd738c86ea1796d5152d818ab4b5060bb11803,0.48414165,0,0,2
7a8dc00b8be18a9271e2d9c2444ba91077ffafa5,0.46594152,0,0,2
34515698878ff0a4641e72486f0ae8a7e30df0d5,0.32953247,0,0,2
96f2b16b3efb93580e6aeaf1da97d9dffd5e260b,0.4452821,0,0,2
b577805347d56f1927615fad311868a3537a9cb6,0.046978302,0,0,2
e366894658914c0f2fb41cac003392b0dfa6e4b7,0.28027886,0,0,2
3411f29e2377788cdaa5a4eeaddc53355f085a78,0.059258603,0,0,2
880b04814c564ea7a1bb8fe97c15b4735c67e8e9,0.21304345,0,0,2
8ef033be5c92a895139b4f910af5a7048f340cc7,0.34063846,0,0,2
350c477161a0d1df94efa02109ae07e6acbc527e,0.09622589,0,0,2
0880a21c56cec1a2442b5123c3845bfc99e83a7f,0.59795976,1,0,2
84143c462986417ccfc5e8c05481e983cf668e2c,0.052587584,0,0,2
f16d5b1722eb55c2d55eb623999f16799b088b98,0.12127488,0,0,2
ac37165ed7a22cbdeccfe348b10245dc83b414b1,0.17949528,0,0,2
d9ae4e2601d4c0744bbc275b6b4f503477b789ea,0.298624,0,0,2
7c1a59fa7ab58f5f7cdc124ff2667cc501570a4f,0.0542686,0,0,2
93d35c8f291b8953f8460c0eb02a51cc6d6cac22,0.27845034,0,0,2
b77184a2189c8f91100d148354d1fdf38e83d13f,0.024911785,0,0,2
f81e0465460ff9abd450eda836bbb4f9b13837c7,0.107950866,0,0,2
6fc152e4177e0482450b13eb7fe496de677ce5b6,0.40608242,0,0,2
0c9af5f450ce73da9b791051f861cb9a6420e0f1,0.28561306,0,0,2
11409e628b0461be3c268f81642ce36bc4b0bf84,0.39030012,0,0,2
63a9488f2910434851e98a8fc0ec8c053b24083b,0.41312307,0,0,2
d70736425701b66bd64ad3aab3941bb930a18b66,0.47191182,0,0,2
7331773448c1f2e0b24deae4144db0deec85fc07,0.3498343,0,0,2
11a7e62a898e54d66936d1b8b67cb5e62578ba98,0.32697907,0,0,2
0484bdb3f61d309ff62da4df4be92cf139d19f6b,0.4270077,0,0,2
f9f632e7056cd9d2b3c88bad50fe0597610e2eca,0.4403881,0,0,2
a3fae474e5cf5084c89835fce1950991aa678a41,0.4209483,0,0,2
f3108e2771083bfcf02c9c67ebd70a3ac0ddfca8,0.12756628,0,0,2
521b9b3385d73239b96ab209cb34ceb5c1c1400a,0.20695445,0,0,2
d7a1666f9a89d9a517f5fbaf283e711046fd054e,0.12653714,0,0,2
022a020bde5afba4f2e9b6753c199386e79d7825,0.21062739,0,0,2
1b5aef881bb3acdcde5d9fcbb6e43ceed6db145d,0.4179471,0,0,2
0caba0845d4363025e619eb3db6f3138b2c3d394,0.03129844,0,0,2
8e71711c1caaa404d84ec6682f1b7b266064c2e9,0.07335257,0,0,2
363be2fea66f861d7ec4f893a05901fa0c7ecf92,0.27072927,0,0,2
412a8a0ba61c84d71c0cc740ba7e50c10f3bf9ae,0.33374903,0,1,2
03380256795725c7d17db97d882a4c4da3b76b8d,0.54844016,1,1,2
653b46857a4a48252bfb094e39ee9937b2079fa2,0.41955575,0,1,2
748cb609306ee5a046a952a0ca13974ef0b6e770,0.71423906,1,1,2
0f9ce497b0c6841e3aca845336ad095012c41da7,0.5177578,1,1,2
36ee52223387eed452c266490a25b4c62f49abc0,0.35334566,0,0,2
a8c6d43b5a61d8da784f0ac188d40b88a15dad50,0.04432071,0,0,2
8fe2360920a8228c10cd59ba0978df701174c961,0.4058152,0,0,2
a3677db89ef3863e8ac7cf578df499f85d970b76,0.60013103,1,0,2
64c51505a82baf8260a34c7e83652ae3014009e4,0.027510205,0,0,2
ccba0cfc3f1b81dbaffa5153aeb84d48cd7630ff,0.2706304,0,0,2
e7c42ed0fb83faa2b57184cb72f6d9e8b621ccd5,0.48666808,0,0,2
633de29fedf11544f2c3d5052890cb014e612bd5,0.37230554,0,0,2
362ab2bc41697980391c4a61c23cb3ef6bce740c,0.34274116,0,0,2
fc9d93db68a3c33e5ead8c7ecb187fdf0f06cc4f,0.14827985,0,0,2
66a775c9feb7dcf00c28a16b7a365af4372886f8,0.5803272,1,0,2
a6a48cfd370b226955a531e678016db414ebeed9,0.54724663,1,0,2
dccc1255413adc1a212dbe3bf40accb70ccd44ef,0.12989634,0,0,2
83b70a377f79ba90f846b3a720e6c402c63bccc5,0.057374008,0,0,2
819318486d9cfb430749ee33d3c5c4ec4417babc,0.4379712,0,0,2
827d9644c864336fa84f15744375ba7412da047c,0.5202933,1,0,2
af6bbeefbf197f50d194c7f20419c2a4590ad630,0.55113554,1,0,2
ae8f5f04574be75727f5e948e04bc649cbdbbb3b,0.33936512,0,0,2
b9cd3558133ae9f26aec73e0bda3a8f635d137f7,0.31987876,0,0,2
f672e826f51824582273fa1f5b6ec37aa5fdb2fd,0.3782052,0,0,2
72df12fb2ba453afb57cf185d25c502d4daec6d1,0.3488512,0,0,2
7b42d43fa0827557f51cb4111c89fb2a78512c68,0.07942333,0,0,2
af1b5872ab8355acea3197522ddf94972b3c8386,0.5596428,1,0,2
5c753a87c328678f16bf89e0178448f04194f0b4,0.3411902,0,0,2
0956e2d2338531a96f2ff7d4ab405acc1b18421e,0.4275113,0,0,2
6563275706015b000cc5bf14be7fa9322964bf49,0.039982233,0,0,2
e9e76131f35c112046b9f184816683beab605e9c,0.17551428,0,0,2
843267df5a0b44145d5b9ee9153d17aa5e15cce1,0.64161247,1,0,2
cd64fa339a97300c64dfc434483e478a58f507a8,0.03801679,0,0,2
b0b23c179ac55334f760aa29fce262c73a909268,0.058573775,0,0,2
dff1a0953d97d46290750a46d01be1e1519ae698,0.5003996,1,0,2
35e0ba449325e759e04203fcaa71920cf473baef,0.24284527,0,0,2
e508ad09d79302d3cc6b86077d4a6ddb0679a0f5,0.035436556,0,0,2
a27ca511a591caf813c26862a888e90e54af19a9,0.37530738,0,0,2
9be91f380c209f895da36d13c40b99687bb4c8c1,0.04706435,0,0,2
09c55eb8120da36aef1807628f87bde83749428b,0.31996855,0,0,2
05edf06360cc8a1a61fbd1ce5f9abf5d83f9d3f9,0.047836307,0,0,2
9df5e9419d83c11b4a2c3421c5ff7ea1f544366b,0.18733008,0,0,2
ed1ce82d822ffe185875b7b7d38352f20171c096,0.05149018,0,0,2
10e38114032cb4c585b29e946e1d70e05d52a878,0.36001417,0,0,2
d71ead41fb685431dad02d4bb7cb5675e196b8f2,0.0668325,0,0,2
e7b4025ee0b6152f9bbf7a72a317f977402a27f7,0.50314385,1,0,2
0f3648f749b7b67c2c61282297569657ea6220dd,0.37126565,0,0,2
bf915848967a6e35839e5565e98c716079980e18,0.5969633,1,0,2
7f74708201c2ab9f5d1f83c7052487116b8f7114,0.6953242,1,0,2
97dc91d1545a667b4021b6507d927799e53964da,0.36968738,0,0,2
d9979fa97865b7a57b9da975efb6e6c4d80b0cc8,0.40338084,0,0,2
6f27b4ae8f8ecb62698e760ab7df3973874b1f51,0.034776255,0,0,2
67ef6efb61f3c07e1359e083bbac5d90953cfe43,0.05750434,0,0,2
1b53f09c3a9dcd64dd281c1955b062fc28999366,0.20939374,0,0,2
34adc606601cb578486d4a019b4655c5aff607b5,0.29659185,0,0,2
b05bd69cdd841c02a3b645568ee5478fdbfc07d1,0.48585346,0,0,2
e1f30a1c32eb292e51db274adbe2fd6ed09b555b,0.43265992,0,0,2
bd82fe9fc034e7921eb589420bb4b86dc767a11e,0.22701477,0,0,2
13e0ba5aff3fe14eb0e1d748cad4b9f99e681ca0,0.6122024,1,0,2
3b7deb943877b0c2d8627531959948c5d1e4d3ef,0.48449913,0,0,2
b657c914c0005b37e24c1cd74c5f4ce886147606,0.43050876,0,1,2
a61fde99657c1b9d11e8eaa682181ea59e65814b,0.3454639,0,1,2
29c067466ed78c3e7948fcb8f0d25b3d984a1a93,0.10177634,0,0,2
fd86d06ec5d3b009f3882dda7903e9913858ee14,0.049832232,0,0,2
a43b8d68b8b7e6d7f23977a7432880290e6c6933,0.47909382,0,0,2
31e4a6df19cf4a13f8f0e9048198ce7488ad2614,0.085634775,0,0,2
3c0c9d83e27e436f9d3646f177bcb0ac2fecbeab,0.4875645,0,0,2
db7a08583a5ebfab310efde6d0636f2e2fc108ad,0.2731842,0,0,2
015e3cd37d128e4ade9b2d49f74f3b4fc07d82f1,0.028802482,0,0,2
8dba68a38c8bdae91c15e4eab35cd83c427d8e71,0.031826053,0,0,2
bd15dc78c74bd9eede3419b70469511f196a3716,0.024941875,0,0,2
c3ff46e30397bc0355584c593d500d2564c1c515,0.44657397,0,0,2
b2d4b2ac3a738d97e23e53cd459d9c57ee8827c5,0.23443514,0,0,2
3e24c28e68e617735b25791b0bc3f67f31624ebf,0.0824624,0,0,2
b1a8299ad223c3b2552f6d03e51c2ecba5df46ed,0.029118087,0,0,2
4e931386569c0a28b7e47c52d199aa32b6ca32fe,0.034643304,0,0,2
ed98d264cff306f7326db096cddf65cb26ff5498,0.027492598,0,0,2
1f07a0bf70049cb0a2f6b52ea7c261da5adb1abb,0.02739061,0,0,2
60bcdd450d6950da981d70b8b08379bdd744c82d,0.027573332,0,0,2
74133837585f81d1c6434ce32f73fc8694d5f132,0.03240254,0,0,2
0e9f604e87a5b42b27abc13a9328846cadd640f4,0.02689571,0,0,2
53a0a9ff85666348a38054e335f5b4c5355a6419,0.030079484,0,0,2
73f3e2b3d6b3f4a7000187bb3e6a4d82b118d3b9,0.026294786,0,0,2
b295635a87da0c20e5e2495103d4877ef0187d4d,0.03484598,0,0,2
8f88dcfc902b5bc86a239756afffc9f3813d245e,0.025242515,0,0,2
815b269deec60ec69f4e5e5d555afe9b98c18cb9,0.026788482,0,0,2
2b0658c59d6285547a5c6de7ac71c7cb134ce975,0.027912112,0,0,2
364232f781d0cc91cd4b83012e1f49e62fa81190,0.030690571,0,0,2
e972869486f85c3424875a443eb04bda2eeb6bd3,0.033257663,0,0,2
780b2281d86cf89cf5dd717c1cf54bbd48783654,0.02917154,0,0,2
06c27b37ccbde70514e035a50ba0a6ee1ff94ea3,0.025817698,0,0,2
1d1c41945a50a740519131bfff4e1875de69dd6b,0.024677638,0,0,2
71e40d0b30fbef976da3595fef8736a4e1245466,0.59600145,1,1,2
f781fcaf0f19766f7c9105911613f86d22b2091a,0.33015135,0,1,2
cb8cf1574f99fc51c9e67b9456ea4d494fd4cf29,0.3973021,0,1,2
c63413182017e069393963d07570ec69f373ee1b,0.5072257,1,1,2
8bba18089a1acf29f9d2433efc229d5c851f42b1,0.38597807,0,1,2
f295b186fd8f6c619d34a8c69c6a1307f2276779,0.64009833,1,1,2
02c7974c113cc2a51d6741491080058470265899,0.38175303,0,1,2
027c193cf1c012cd5bae06446496136a582c180c,0.31048304,0,1,2
4a10030ee78ea8da944f6d52e3c671799d73b5d2,0.38000166,0,1,2
5166f3dd04980177e46293408d998087040d4c19,0.46938834,0,1,2
d37041ca62ea9eab6e777bffc15ddab49941217a,0.5029878,1,1,2
53e5e3fa8531bbb4d70523197215fd19b89c1a76,0.48611176,0,1,2
62e6242804e4167f5c476ae34acc784009a1af0f,0.4737703,0,1,2
324e8b4d43f0260b4857dafef46e8c5f349f633c,0.50480163,1,1,2
9fbc2a346b86872c397ff891d379115abe5846cf,0.3832006,0,1,2
c5a15b2b66b6b4f018589d8f60cc7acc71861822,0.5385167,1,1,2
ebf108170e9a6215176174d84313a0564ddde0c4,0.52557874,1,1,2
f1984c42b64788a0737c3bd43e4da95e015c19e8,0.5138302,1,1,2
904b790c41d6ec4629921befd1c5286e482fde57,0.501927,1,1,2
c2abe862ecb7f980260a7b44d907fa116a6bbab9,0.3886248,0,1,2
19a56adb00295d528015045cacd443ff10f7bcb2,0.4506852,0,1,2
e2ea5359798ce8dc77d4b23b0f9b4df33b37f940,0.3730983,0,1,2
ce4385a413dc822f8849678608d0bbac2defbb81,0.54611343,1,0,2
c11215195bed3261d88486d0ad1644080afbb97b,0.4323392,0,0,2
7048667393bc4290f381312243d13688407b9350,0.30500838,0,0,2
b188b5ccc0f1f8702313eab62a5dcc164f817200,0.11388078,0,0,2
4efd950d4dd822f3e087db9830d09cfb3fdcb541,0.40523827,0,0,2
cff6e00097bf7dd97a5404080df3bf7e95813a1d,0.19084625,0,0,2
27214015c725619e0098e227fd29816d0891d4c5,0.28012222,0,0,2
f8fbfc9fdca4b5e9ba1a5608ca17e7b6feb18c3c,0.4042791,0,0,2
0733d7c2ba214415a8d2e4efba5c6e26b61d3291,0.036103766,0,0,2
d8cdd5eeffe9b63949129d09f6b0c7ad2d517e90,0.37472072,0,0,2
e2cf4811ba485b0bb29d7d80bc853666bfbfa958,0.30736387,0,0,2
580e0d1e26ab2a9275f01506f3af56fe8fc32988,0.45024028,0,0,2
3ba27e9f4a29be1922b3a19f9c6c5127f93027ab,0.23802195,0,0,2
8fb1341ad7c460286211f4f2a6be41bb5782653f,0.22961552,0,0,2
041507d3aaf718ae536f9ab66e4eeb4065cb339d,0.3164249,0,0,2
735b1b59862dc1b5f7e60549aa7c33dbcc4095b2,0.34356332,0,0,2
60595251eec5979e14540c6d00043e24905a7404,0.09533007,0,0,2
980366284db98e0515dc5e827aaf4f750699bc80,0.19011237,0,0,2
6c2dbf2885fb4602b8e42bd208ebef66df23329b,0.36220703,0,0,2
cb6ee2cbdeadad5d277a6e7293d88bb915090c4f,0.39269146,0,0,2
a00624cf27791193be74a610723a9a0b0980d23f,0.36314648,0,0,2
911d59f46d0dce2e07a93dc0ff705154f568b7ba,0.029078173,0,0,2
1aa543286acbcb3c23aebaba003fa024a54aabb2,0.47447124,0,0,2
f418eed3089d74caa11affaf947a40b774e9c8cb,0.038006525,0,0,2
a13691b5be40d31099d39f7c8f3ee9970ebc20fa,0.30919918,0,0,2
3e8b8aa06bb7742cd1643fad72d7739cda400010,0.4300661,0,0,2
a1db4c96f62eef05fff532b59300edeff3ef21f5,0.28005022,0,0,2
5321c7ff2ed082524bc319e44f0aedf7ed8960cf,0.4235137,0,0,2
9be73347bd09934dd0c99d32bce9c4e12fccf6ce,0.45933574,0,0,2
4362e02ed0404d12ca75ee3476d4a32f9f671811,0.32332215,0,0,2
d3f0ee5e0928122b41ee25e2b4ab09bdca5bd00e,0.04163971,0,0,2
f82b5b57840389fcfdc4f16cb75703361d6ea059,0.30465898,0,0,2
51d564f738b20621e4e14649bc1b15c929668e1a,0.41073316,0,0,2
5bd82306a8e44e2b9ff098f29ebf4c69c195b9ad,0.5216858,1,0,2
9959b3c5a777845aa19040a5a761814e483a6483,0.2752501,0,0,2
a0611b06f05e3c37c622f48a783836f89247c237,0.25347832,0,0,2
f02f2e54ac7d88a6b7ee620e45e1bba878c63a56,0.43106332,0,0,2
98d6d15235e046762f3b09294e896994f616627c,0.4695866,0,0,2
fca0e6ecf6012ee47fbc92fef4533320c1e3d849,0.055837292,0,0,2
db642a3c3ad93606d27d6e277b529da3a50057e6,0.09430188,0,0,2
1929834c27a931ab505f7a389d38fafd10331d8b,0.3832443,0,0,2
a5cb9a4b4a196bd2048cd21ed2fef175bc1181cf,0.23742798,0,0,2
c2f1b685abecfc11de76ffd0a28771f41b566782,0.4547128,0,0,2
30b6759387b4402987f6f4a6100fdc78e8bf755f,0.49054465,0,0,2
50b126dc0eb075a2193b670eb7ae2089896ba283,0.5678293,1,0,2
6b08874607dd51c9d8f600a96650a330cd9e6b95,0.45140904,0,0,2
c9685cd5e462926aa401fca7321ea23927492006,0.38862747,0,0,2
ce8d0f7a47f7caba8ab937389c59b68b20f6994a,0.5305078,1,0,2
98b8758e761caf659608f48fc5c9e9056f911050,0.122621074,0,0,2
95b2fe97c7f191e43b7fe11e8e027d87eb47f15e,0.0581434,0,0,2
79237dcd2bf537d56ff8d73f897cd639af7bf8f7,0.08967164,0,0,2
181affd5c937755f54ff31ef056a6ec091e95f51,0.10386787,0,0,2
c334a1bca8338c92e76f0f1cf2ef4884e3eb5dbd,0.052893896,0,0,2
efa48b214d30537bb184884ea30ce817bb350153,0.5180622,1,0,2
b45c4bdb496381b5f90df6872edca12e0a2e68ca,0.45736957,0,0,2
f8489499aa6d460a7548b14d516638b0bd7b862b,0.03806943,0,0,2
76a2ac814caa194c46be1cf7a3f5dc129546b1c1,0.22587913,0,0,2
31fb4dfef212791f86f052ce8a3adeabaf830cf2,0.1235779,0,0,2
ccfca8f714055cd9fbd00cf7e847b880132cae69,0.042611584,0,0,2
a29815abf4f0e51b332a8af1b83ad344104c14d9,0.03323479,0,0,2
92e6d716069686583b852a6dcf12af986d6dc694,0.07204446,0,0,2
d105819a0e72765ff5ba4efa5622d727360ee2b8,0.02506395,0,0,2
3aa6f11785a2f1b3b09df328a02a2c28dfa0bb57,0.11781342,0,0,2
b7a82a918f0a595a96047f7eef2672fd95d5626c,0.4708094,0,0,2
52f3240d90f2397cd1850ab11674ba08a0ecb2a0,0.4432428,0,0,2
d70fdbc40195077057a1edb14ccd16a26435d007,0.41225615,0,0,2
0751f97bf6677c3d55aa71542d572dc8fcb9e79a,0.44456258,0,0,2
e505e1fea57e0ab9f1d5edab92546d778a5f41e0,0.4500927,0,0,2
b4380f20059dc9e4ccfe2b709587e8069ac0fa34,0.42371038,0,0,2
32a9c6d42a3a48314d3f9fe2956bfc8bf49ac5d5,0.467595,0,0,2
80417356f04c5ee1cd6f636e9b043db3f2de24f2,0.2894413,0,0,2
f48bca0510703b0673709b10a806a9d54894a999,0.4883154,0,0,2
f1b54876ab8893a5d9c0e3d7c1a9c884e683dc8a,0.44138888,0,0,2
c82f703768eb8a122546de23e412a037aa1770b2,0.30350912,0,0,2
36a02dc549f32433d7329444455dbb1be2e67f20,0.04455687,0,0,2
fa8957d7939b59e8d391fa17000b34e865de015d,0.5685487,1,0,2
5acc6a5502bffaa66be7e859849856de0ea27acb,0.115824334,0,0,2
b58789c5badc4f9680ec5724568af05a84670e22,0.3488353,0,0,2
9ee3a16179cb65f5fe4170257ab7cde558f1dbeb,0.40508252,0,0,2
4ed0bdf1c73fd82d3080d15085675de96d5be0aa,0.12565826,0,0,2
4950ad86a16e63fa26d51cd709e39666008c5fbc,0.03592768,0,0,2
b61362933f7a564d2ae0b7d6b9723f79f4948769,0.034702025,0,0,2
f28aa71041181867a720134e26b64b03cbccb6ec,0.36385265,0,0,2
720b988fd8d7a50fbe922e6c73a3681b1c566331,0.40063483,0,0,2
9d744f7136f23da9a5f9324432b300b5a68e3b39,0.37968665,0,0,2
98f54c158acb12a26fa6f335b1665accd2aed347,0.31752595,0,0,2
22c6d087012fd55bc65e578a27f2edb66f4d3808,0.41212174,0,0,2
890b387d713d04c22406db6d5a5fc9b51bec2df5,0.27933225,0,0,2
c7d56cffbb4668d0955ef00196e08f42f2efe363,0.319189,0,0,2
7680fae14c9f544d0585a7b150004a1e48fff53a,0.28781137,0,0,2
136c5ffe80e558a87cde01baebf823b06e3cbe75,0.28310475,0,0,2
8769d0f2cc4b7555dc025b7c0e49a81346a1e2dd,0.02825231,0,0,2
4b5cda5a2c6ca613db5129d50ffffce2604ad9eb,0.25151885,0,0,2
2e62764c0c386632e87ee8d12d0505848df1015e,0.42382437,0,0,2
4590f14e97beb6d10ffb7b5dd312c632af155ed3,0.52955395,1,0,2
079bcd0339f30343c01c5fd3d5521be4b822d30f,0.39190802,0,0,2
29283b775291bf03cd9a7e1aaa496faaa5757578,0.15683106,0,0,2
89321a2dee438328e75a11954e972175c78f0a2a,0.19816275,0,0,2
1f3e72fa069536ae20f37b29575288ff65e66803,0.2040917,0,0,2
c7720ca4c232d317cfc800a04eda4a1d5a44a944,0.050731502,0,0,2
a747456bfe077da467ff036172968a37f3b1e893,0.3854667,0,0,2
2f2c8b1cc6e6e731f7bc52b0988ea8316f475004,0.40462953,0,0,2
013b445ede8d9e7aad4915859d0c869b9b712f8d,0.38819456,0,0,2
f4e754e66e3661274df624bc328991cd88dd03d6,0.026375685,0,0,2
741944332d5bd90112b610a8b5f2eeefe51e08bc,0.044340216,0,0,2
4c7d7523088373be3c7ff203ea895d5a6d84083e,0.03541182,0,0,2
f79c9365d0ee89cb407b90cc084eece8fcf9a8a2,0.19154532,0,0,2
8714dd031647be34d0d27f461894e7b194f25cd7,0.29529473,0,0,2
83406b73e70a251eec5daae34f1bd8d554cdddec,0.3841666,0,0,2
2f956f46580e5b4752173e885d37a20fe31a78d8,0.05799605,0,0,2
3f36b7b50bdda3eeca632ad5440bb82b8e34cb40,0.43325067,0,0,2
9962a0fd02fe2ef06765271605b06729af8b2e59,0.22229916,0,0,2
5294c64b342818e021800b38413f36f426e35b3c,0.6779854,1,0,2
5a45ae3b1deb5117cb9e9a13141eeab1e9ad3d71,0.3412522,0,0,2
efafa61992658eab64c893e9eef49f545d75673c,0.3579825,0,0,2
630830476a6270e317e84229996a6bf92bd903ca,0.31429714,0,0,2
14097c64d243794610788d3ebb2e81ba8fd867c0,0.2969882,0,0,2
f2615d9a611db401cdedc022112c87ad938b5680,0.3606918,0,0,2
a24d624aaabc14a455d18450d9127f88d1b4f8be,0.339345,0,0,2
49169033546d893dae3db903a2fa6af712f125c0,0.4016087,0,0,2
fa7588c4c0f8d403e4815fa72e3b8a3bc98d73ec,0.47940996,0,0,2
367fe13b46a0b4dda56b7f12273d6c9afb1da23f,0.2375644,0,0,2
368588b5c5c4140f39ea8b9a8ceb3d1af0708804,0.3014902,0,0,2
30ee10d2740fe1f28595989c6b21f22b75a147fc,0.28870922,0,0,2
af9fd052d1c208f191fbdf85873f965552465598,0.42286614,0,0,2
0a711ebcec7d32b66ab3c90b2a1f48681201e557,0.03944512,0,0,2
a4acf53336a482f50335d33b4f650a70c9243b7b,0.25534174,0,0,2
c26fa78817f30cc3eb91165b783e07fb80d80f59,0.49060938,0,0,2
944291b748bcfec4e2f3c17623884db7a17b9f21,0.43547386,0,0,2
c44f982e89b63a97190638cd12bd8bee2bafb883,0.3503461,0,0,2
fb46b941f7763314d667c437c06b1675e61c3d38,0.4142054,0,0,2
e9928c94ce1385ec72028336417f19f30ac38ac0,0.053502705,0,0,2
d4021487539b0f7758ec644f2e0d83df95c66bba,0.36763513,0,0,2
ac62c1c29f319a97a2552c39f32c8e6acd70c9e1,0.480125,0,0,2
dc08bb8ea6cdf01188f6699559e779e6cc296287,0.41364026,0,0,2
82b8ecc3275d7c3578a6531ac3f1da3ffada9dcc,0.04017303,0,0,2
36ce032b612fc0a1156d28bca7327e06337c8815,0.4468359,0,0,2
2f22533ef41533e2b839a6b41b262dca59e6dbf9,0.3163668,0,0,2
39a3cd0f4210dbec1ae8ef39a87d34b76eac91a3,0.4625073,0,0,2
1f470253c46471033048383c027192e757480492,0.3912553,0,0,2
9c40a7bb3c9aca51d17490960c988dfb7b5acebb,0.42305088,0,0,2
7f8e952abc4d2fc4b96c97a51aa25fcf6ed8af02,0.3345811,0,0,2
bd0b5af025fab9cad8f94260138741c252f45fc8,0.4998621,0,0,2
e036d60d8a210d5ac28b2e5c51a45ceb82b58f09,0.38503578,0,0,2
626014eaf093fc2e3b53f5ad00c425bc209e1428,0.3636686,0,0,2
5c85b8dda5f3047732a17b818256b9289274d071,0.458448,0,0,2
ea402becca436dc1a8e47ac9385a3db475b49355,0.35883215,0,0,2
255f10834a67cf13518316de0e2c8a345677ebbf,0.3609603,0,0,2
044de16c14076019f87763b7b58c45664ee57c11,0.44952863,0,0,2
e54ca615f213f5db6d34d9163c97eec98920d7a7,0.61380494,1,0,2
07a42d3ffd034e467e49b5c449d4f5f81c471cc5,0.24110594,0,0,2
e6da0f682436e1387ad68e86edf7418c0f7cb368,0.030634774,0,0,2
59ec4f018963eb55e32fafc2b924826c39c09682,0.42055184,0,0,2
ece4b70cce24b89483236b4cff079c10597d680a,0.25345573,0,0,2
09d28fe7995db1a4da2c651d362007d2082c663c,0.26715755,0,0,2
98c27699cbcf65c3d9d655ecbcd67adcd8b45b05,0.4015112,0,0,2
71cff7c5940b7101ff098601850d46b7a4698180,0.32586032,0,0,2
89e0607cf6470dda1a6a47b46abf37468df4e50f,0.45407024,0,0,2
6fb60857be1fed21bdacc4ce830bbf99103b6fdd,0.57705396,1,0,2
3634821fa515365618209f0452443728e7290fca,0.39537132,0,0,2
2fd62ee4d524c270764e9b91dca72e5cf1a005b7,0.33132398,0,0,2
a703ee75c40e0207f6831c4d48e1c7e62f160305,0.42767966,0,0,2
fd7cfed070c2aab60521afb7dcc633a0b7abea80,0.39032933,0,0,2
1de41ef4baeee1c95e245837299f8be265294445,0.03268982,0,0,2
9491d7a61681f7acc7103a6d1d45efe96f7981d2,0.0526255,0,0,2
2d3203b10cc8edf71a6e3e0822f0d742c9516aa3,0.101814836,0,0,2
d55a572e5867832f6d5755fcd46101da51a38aa4,0.41460073,0,0,2
170cfa758547b4d9be50058ad93cf60ce0da5564,0.39720917,0,0,2
3783ca4476fec8186c867e4e57084e649c318c6b,0.43399012,0,0,2
4d996d1bac1bb1886cd9c473ba00e53e3c19cf3e,0.29807138,0,0,2
445cb9dc2f07553f8e1e5f7c1150f00fbb05c63f,0.27194783,0,0,2
ad80bfe559e7380fedd7998daea5f27393ab643b,0.3421293,0,0,2
3d2d4fd1588c8eb3f67f34d75b66967d0c7b06b6,0.31575033,0,0,2
d54fad867da7f762ac4c0d947adffdc1f8f356f1,0.23516172,0,0,2
12bbaf3550d56bc945b50f538b5f18af93bd316a,0.19813187,0,0,2
150c578edb161bdb2e8c039f0914984f570ef8f0,0.33022475,0,0,2
af977adc43a071a09652fea4ce3deba2d5b8d171,0.43943766,0,0,2
e021734b62ea5ac273e516b4ac83727cbb99ec08,0.29766783,0,0,2
b635beb6efc07a97c143775c78a32d42b3b73c8e,0.31014046,0,0,2
3fd2492fcce073f0c36e4d7e23e34881557e6e5e,0.27276278,0,0,2
a918c493296c88da94b36600213c7c188f2589b4,0.4545006,0,0,2
9181e1d536bafedcb3587ca30e5b6e2d66f06bf0,0.6218906,1,0,2
cc8bdf1d13639d12d02170d40cc4890180bbabc5,0.4298106,0,0,2
33ee5497490cbc97f3eabe9ef7a6391e4dbee8bc,0.2977075,0,0,2
dc61e510126aaa1a95a46fe39bf1529f394147e9,0.032773934,0,0,2
d320a457a9de67be25a03f79e1695d549a0145f3,0.037745513,0,0,2
94ae6c84d22ed33e158b3cc822ca4a0484c829c9,0.21096712,0,0,2
e9e36cdc44a68662885e35773187cca00d20239e,0.32578793,0,0,2
7d4041d827aed7d9f3eb14310b824a2faa96b8b4,0.17172419,0,0,2
6f5f99440e7117ee3bb6407e06745fff14bb2a4d,0.39701378,0,0,2
3eb4be60cf00c20e46b75fb72366dd0649700c2f,0.37352487,0,0,2
edbd9842cfca892b10c2e9c8da0384fe005cd67a,0.41944146,0,1,2
bc8e23808b9d8d0c9b67270ef35d04ebd9d89cc8,0.54365766,1,1,2
635e41ea181c5fee8860a7044c84ae3557b51189,0.45706972,0,1,2
c4ddbe6456c9631c301171098a8ac016eb4e582c,0.35811174,0,0,2
63f1d6b83bc10a2880f5ec17a172fab284d2eff5,0.075304545,0,0,2
10e18ae9b47dfe04573884739823d64825105694,0.03950692,0,0,2
d3252a5ca5571e0a97e9a31966ec6b847a3a8574,0.35988653,0,0,2
86c76dd5ea04d1881a52d79113d6dbb1d57c38a6,0.04451216,0,0,2
73a8fba6fb23af45ee77f52f33bb8d791a9caa05,0.052964706,0,0,2
e8db7237a9c347d2225fce9b49ff92bb741adffa,0.32273754,0,0,2
7af67bdd16a4f103bbe6334c5a865436c900adfe,0.31599787,0,0,2
71d7c3264239c55b6e2daf89c44c5685085f26dd,0.06372606,0,0,2
958029bdd45c3e341eb146031ed38b4487d7b0b7,0.052870885,0,0,2
5556026ed1dc17e70946a4a030842ade3a33baeb,0.45791125,0,0,2
3c92830ec51fb6b6e9a7ca2fb8fda324cd33e48a,0.05122951,0,0,2
0fe9685c8a78ba2d780a3ec1e1a323990dc6d218,0.121665694,0,0,2
bd7788b384a87024ddd6bbe6a9bd9a167cf2ec12,0.0674391,0,0,2
dfecbe970917754511a081f8b86efac211e624f6,0.042708747,0,0,2
ef51b068aef14fa347710497cfb67aa9c6e65c0d,0.29213414,0,0,2
173c162a45b4be6fcbf7a30c44d1953062a25086,0.045092124,0,0,2
c4c03a33c8b8b94eaf75d368473bdd10a21cd0df,0.419344,0,0,2
2fefdc7dc3c9afbbe534ff69db5a754be0716b11,0.05133431,0,0,2
f525bc3ccd9cfb69603bd9778998263a458415d0,0.21331805,0,0,2
9072a7615a54d5e753cf088326d9e14f1a5a6751,0.1876751,0,0,2
11491d355da8a851d6badb6348b10d8c4acc9d8e,0.27593333,0,0,2
2bc2ffde1f4752e7a8c7ea0a51c559faae194786,0.37159702,0,0,2
35f1cc00274122c0274b522d0b544a06faaba931,0.08450487,0,0,2
98817e88f04cc6757c42ae52d653b63cb85af486,0.37120077,0,0,2
83775c432382b9c0367362491d0dc515bf0e131c,0.045487832,0,0,2
a498b87dbcaa0a61c6088d7156258a3cb06638cb,0.37578917,0,0,2
34558845e3777afdc1bf90ebbcb2017ca17aea86,0.6334607,1,0,2
59985b43f0868d9a4a588d9ca1debd03108f8cd9,0.54439074,1,0,2
8ea1aa1e7cc427c28a89878fd2dfcb110c992b20,0.037724856,0,0,2
d4c7f63054e584b69024664bc2f221faf9863519,0.05538104,0,0,2
20c733229df741e57b8ac205788ece2d563b2f3d,0.24977246,0,0,2
3051264e1bc1d41a29c9dae7935c090568f64af4,0.2989139,0,0,2
db0f2304bd7c3ced65cbdfe9e17e80fe0774c13c,0.28291863,0,0,2
2f67045b9647de10ea5d01d8d1e98ac7de3e1cfb,0.19089803,0,0,2
7ef106b23772995e4307f84afd1bee4e2337ce0c,0.23168838,0,0,2
71f6746f81bb9650f6f228ea204d85ba2c5b7392,0.3000766,0,0,2
2ed96f00f724c3331d6b56b6b5650b9632f43954,0.33545974,0,0,2
3720683699bb830a4aae6fb66a78ce7079ad2c56,0.23581819,0,0,2
df37e605fe4b027406bd9dd85b320526ab12a122,0.029887386,0,0,2
4ad74f449258781e9df189413423ffd6ad95c526,0.3244809,0,0,2
d81ea83a0eb1761bb4e90a91f3b70f23f88a7d2a,0.29143023,0,0,2
e2c0ea4374c02539ad9bc6c4328b74f25eb72405,0.22854076,0,0,2
cf42ae522e12e9b412e1a1f008ea73cfd86a5979,0.26715925,0,0,2
fb7335ab163588fe6ee67ef26d3b3edad5cf4bd5,0.20206825,0,0,2
e580d35e1a07431109a5835411142bd1c1c2b3b7,0.041547198,0,0,2
ea60fbe0633082a131bbb18de94fa60a04eddcc4,0.040666882,0,0,2
90e31fd93fdcaedadcd4b030fbc20f7375672def,0.0317505,0,0,2
52adf52e4669b54399fa50f2624826c06a19cb7e,0.040076047,0,0,2
71e515ab6d2007d34d96df5604f74c6fba92c0d7,0.09351728,0,0,2
6d23e85570fe1139cf5ef3bc9b4e57ea73680b6e,0.49217114,0,0,2
cb83f7cb31e50f265e098c5380b3f0051e257f46,0.053521276,0,0,2
2584b4a0ef536e59bf28ba140844597a093d848d,0.06071565,0,0,2
cac520971206093d32bf17925f880bd06d93f736,0.065431245,0,0,2
6a99050166c945a226d5f8275ce4a9dca3518285,0.045779303,0,0,2
6dbb48c8e685f65f45ad5df9f7684bed910036c8,0.033043176,0,0,2
260e0e0cd21af7b03ab0dae33b4978233db67773,0.7929239,1,0,2
b5749b4f54b30c0c2050e456c12cfcf516434f13,0.065830275,0,0,2
07ec8ad2dd862c8669b2557b995ec5180663d73f,0.28776634,0,0,2
28656559d2fc67193a84d5cbc48d378b2016f74a,0.54023045,1,0,2
0add1e8975336c65513b26123d48b221e2515ddc,0.21904874,0,0,2
8e7ea70a33ecb8db5207849ea6371b4a5a8ffd26,0.052589364,0,0,2
6f653f6bb82757963a87d725808c080109e7e3e8,0.05089775,0,0,2
1974c83561d09cf73a575f992fbd8416e3354d20,0.5486434,1,0,2
37c20df721522b175bc9df3f06a361297010df5e,0.09011927,0,0,2
061450a927ba1cc65f7b984f4ff41866ec2eceac,0.04639913,0,0,2
60b32953a968e5623f82a6b27d6c679bc17c48e5,0.17113635,0,0,2
f175a241c811d2d0843026b2dde5c3ae308cfb95,0.037326947,0,0,2
ea1a69d638d97d5ffc451b32d240479357e02b0a,0.063927986,0,0,2
cae70c10b4451ee3b919764f72dc4a4caf0f6f27,0.057917453,0,0,2
c0c7112dcdeb75b521d55cd47d0c61be66b0499e,0.53910977,1,0,2
8d0214a7417addf790713440f10855dc279876fa,0.0655932,0,0,2
e2ec4f2fdb2bb8d97f64a33e9ac288d52854a530,0.35258687,0,0,2
fc73151cfca36ea2641f340700dbe339b9e1f103,0.46146843,0,0,2
dfc9888860bf192cedde21e5e843bc3caad4b74b,0.2737825,0,0,2
5f9e0851da9e74c12e04f5a62cb7aeb1a8ab7589,0.6648085,1,0,2
7d5a61ed64315bd6570c5cb55c1f53853a3fffa5,0.43286076,0,0,2
82152f41ac8a727c2f0042bd555452dc2dda11b1,0.28587836,0,0,2
474a837858a8e7a98316f97e9ed387d0161015f2,0.62349325,1,0,2
39380da86acc717f419da48f070f8cf7d9f9ec94,0.29247618,0,0,2
0e266204f535aa48f74d4f2480b2268c13e26b22,0.24137856,0,0,2
5b7608d1549989d92dd159392c19d9ba8ce0e62e,0.19517621,0,0,2
e79a590e0cdabd93883aca964db2a862ff3f8490,0.070043184,0,0,2
ec4d8a9a6b783f1d5d603d5272c94deb1e7375ef,0.04102096,0,0,2
507451866c98cf9e2ddff1008fc0152935ed9e20,0.5410986,1,1,2
8ac3334a04928faab627aef4daf4ac51c28a95ef,0.65834737,1,1,2
6bb871786e563ed82e2b8d26314c22772808fe5d,0.53880656,1,1,2
633ce604968078151e03363d5c67042af74310e3,0.49885967,0,1,2
18b3437c15d78c54510964728486831822809d9c,0.051036276,0,0,2
d68f7f5f44924ddee14428e16b7458e2878baef2,0.03563525,0,0,2
a48071b0d489420bfdc0c2ed7254d1dba243f700,0.04042861,0,0,2
5637a5204ffd7b77f569ed28f85610eb782a159e,0.34989452,0,0,2
0611710c619e67affe9e3b6471943d0ccdb9da73,0.03998315,0,0,2
ff3492b06299c0a38c029c8d7a524d0027de357f,0.33135924,0,0,2
0343b4fda87161265acf30d5ee61e525e751358d,0.05129159,0,0,2
756ccc935ef2a8f9f48e96f28c7c622ffb3e6627,0.027447268,0,0,2
612236c8a77d5d8c4755e287f682cf06d773a902,0.07015371,0,0,2
f37f4b68f3343e2b8f8d82c40398f975116102f2,0.046836697,0,0,2
0822b4226f31e50ec244d311e56e3446a8e5811f,0.2666667,0,0,2
06b7cd3a31c4565ceb0a127273ef800a3d084caf,0.4678413,0,0,2
04b55bc7ca0b0ac444fdc8ad01acef8172852a8f,0.17733409,0,0,2
54ff33b2ad26e3969cc59d7f2723563dee3e37dc,0.055111703,0,0,2
54e63005446a2b0a4255ba16838122c5808ef886,0.22971185,0,0,2
1a002c67f2d3c198411a62165e53b31d6b414aa3,0.042098276,0,0,2
ec2fa6bd5695b36435cc66ca4cdd8183d077a0cf,0.38887057,0,0,2
52b46e74dd29eb3eb65a593a872fd57694bc154c,0.04576259,0,0,2
59022fb870c2c45a27e00943003c5acdeddaeec3,0.46251047,0,0,2
03fe88ab71cf2eadaa39654786c3fba713742768,0.28130218,0,0,2
a0b798c27a0312df2a110073bd7888993e56d05c,0.19810085,0,0,2
fb7784fa1472b4c55d329aacae672f416e11a703,0.1379444,0,0,2
5fb158cc05a9ec78e31e49abb654e00a7b65721b,0.20093368,0,0,2
f59a674a26d349b7069158023194ad0d7a38a9e4,0.06774932,0,0,2
fad946a1d79486c5118a596e8ac67ef7d5189070,0.096771106,0,0,2
d190655a97c33c886997b9570697f432e7d3a21a,0.2218435,0,0,2
68acbc803e416a38616bc25505cb88dde81af5ca,0.1332141,0,0,2
e8a2c29721d145c52c970049e5469cfb0dcefd87,0.18591142,0,0,2
00fafe772ceb91c9f26d79f5a2f6c3695a141115,0.31248608,0,0,2
31466db6ecd115aa74616e14a75721b45c0f59f9,0.20270662,0,0,2
6d3796e64bdd5f3f4857bfca6982e6ecf98a2b33,0.20014746,0,0,2
131917a0d3303ca2c38fd1d6765b9bed2c23ff89,0.14532058,0,0,2
51512905c31ff19b91fc67b2cb3ddb5b1fa0fd51,0.12687622,0,0,2
56f0e1053c9aa767ffaeee37cf06a6056a221163,0.035587672,0,0,2
04b41e2c97fe5faaf521c2e0581c30e18e2f0c27,0.14471531,0,0,2
84d52919ec3b3c75f28a185ad7cd87603c3cc4cf,0.03451715,0,0,2
18f5f54ca0e78df12586e0750e257058746a5a39,0.035609063,0,0,2
bb76a6848b37cc3f418a370c56f597486618197b,0.030996269,0,0,2
69d4bf883cd7402d13497a40422d20096b2b9aa9,0.19502968,0,0,2
8bb3526317408fba3ae351719feb68703aa5fdbb,0.39588556,0,0,2
b212aa3c6fb91c34a0faccdf783a0a085d40be94,0.29357424,0,0,2
f8b1f6e7456a92b8aeb3e0aa8ef88936873dae00,0.25297007,0,0,2
04a5d83aecc325f87696c83b1a5dba45584ddaa7,0.32665145,0,0,2
c202aa8cec19d80f4671e77370287540a0777b7b,0.45932487,0,0,2
e55aaa5706f031df2e8d68bdf088604c79944246,0.048661284,0,0,2
63374a181393d941c805b6909c2ae5c41159e745,0.29801577,0,0,2
2b15e1f43de16d204a28f72a530abcc24208f4d5,0.29948083,0,0,2
4ceba113050407f10e116df7ecade93b1abcf6fb,0.042934805,0,0,2
5e5ba1b8129fc0d235b149ee699ecb2fdebfd39f,0.3051004,0,0,2
bcc7c0c85878d19735f4eb014e6b17a3c0deb0dc,0.35131022,0,0,2
f3a7cf629c19dc80734b5b6c3933fcc76c8a50a0,0.2916976,0,0,2
a72a5ced53067d3516ffbebf00a633743bbfeb5c,0.38441533,0,0,2
7642423cfa70fc797601afd64ad28ed1609df9d2,0.38901705,0,0,2
04e52eb6155b3cbf5fffc0d52689a3f679e40b19,0.029221406,0,0,2
a1cde6ab707515ae014c2635f9d32ad0ba64e7a0,0.026322413,0,0,2
ff902c15612f2d771483ce6bb06e55609247c34e,0.060977284,0,0,2
3f796bf74666ff9a4a6d31f10dbde4fd5e837d6a,0.44534653,0,0,2
c158713b66856745427f793f14a5dd1fcaf941ee,0.26209655,0,0,2
e8300276291ae634eda52d812e6e8d7cfef2f8eb,0.38454756,0,0,2
fac65b868c549d28b786568636bbc8362d2a78f2,0.4040001,0,0,2
c99a787752770b8952297e24e07bd404cb2f4f74,0.3445744,0,0,2
b877fb9abef4a19eec9cc7329acbd433648b8f7b,0.2610614,0,0,2
2b52dedd56503bf89b28cfbad21f59e3dd4d1d32,0.23047946,0,0,2
bbd1dc343992fde4baaa0309178509dd07eed536,0.07619881,0,0,2
dd5a0e6e1e3edb41afb4b40e4ec2c99e5932e73c,0.028322289,0,0,2
864721d54b8b372808b098e13120abe5c22fb9b1,0.027895194,0,0,2
18b1bc203bdb236bfd9084193aa2d55d4b605139,0.58235294,1,1,2
b2c1afce7eb13ea44fc7d25562cc3bb83cc91b2f,0.4210567,0,1,2
5b223744b49d3ceac9608959d2db82bbadb47897,0.40906894,0,1,2
031f6b082ff21cf1138907a7c666d6ff391bfd72,0.3462141,0,1,2
afedbae8aca69a092d65766640361801bf2b5d9b,0.26658946,0,1,2
fd59e545f4f2d697ea7e197f002c5e8eeca27004,0.42616466,0,1,2
3eddcccba7e0361d6e833407320908187b16ac8d,0.46491835,0,1,2
34a5e7fa91aa7ec9e75a16eb6f3d859d794d399e,0.5481401,1,1,2
fbb5d31a581c24e925c442a7754358d2b62a669d,0.47093332,0,1,2
17e65488113a2dbe9894f824f4321a06ee009e02,0.56174666,1,1,2
9625891a7bbc0a8b11f7cf9c2b4650775ec8ac53,0.50208485,1,1,2
13cd4e0ac3ab76a4dc091eda457f9a111727cba2,0.5043665,1,1,2
8ef8e2a7a5326eef6180951207f65d3c29bce419,0.5110404,1,1,2
844b2901fe4049fba29ce8c6961dfa25966974ef,0.3169744,0,0,2
faeaa303b903139f36c15751c8e48ef982222842,0.35622454,0,0,2
5fef9575646f6583fd2d9ee01368b3deefe6ce82,0.47131687,0,0,2
6c687c70a1d5cdbc71c113b7d7402dd89a942849,0.4221576,0,0,2
c049aeeffd41dd9fb8075e719320846c83e5ea91,0.44096586,0,0,2
9bd439b4e0aa69050ef1baa537e552fa4620e5d4,0.41767582,0,0,2
8d6bc0ca625f3a1a98b486541fa613b2fac4b41c,0.055605263,0,0,2
d2fb3b0865a87cc909e4faab7733f993356141e2,0.20060703,0,0,2
10ebb32ce1806821518f52074f0d171fab20b3ea,0.39530885,0,0,2
caaf97ed8804ae3bf6fb17cd98a5814cab834688,0.34024036,0,0,2
ce0c082898e3551d313fb5b73763f399232b3fd5,0.08637033,0,0,2
bd9adbb637a8a4aa5eb61c6fde2c576d0ab3c4fa,0.56439346,1,0,2
e4b7ee81c1773eeb0bb71ca53bf722f046c16a16,0.1978096,0,0,2
aa31bc6c313789c344d715b7c1aeea0cd8de47e2,0.46785086,0,0,2
3899cc6570bd9176c84ad2d5d14febc6c0ddd964,0.35000846,0,0,2
648eebba22d6398a01b0924975bedced8469ac80,0.1782519,0,0,2
8d95ae41975a2307501aa0f4a7eba296c59edce9,0.5992904,1,0,2
1f56bd103d53c8c6ba7502c6586c26be01bfdb80,0.075218,0,0,2
c7c85ee39892df3ca007c6596c41654865be7e43,0.21424589,0,0,2
c503d742f094dc2048b72c3f78f5e2e6070a44e1,0.4457518,0,0,2
a2d41db55aa46bd4fedb215c978f03e282cf1ffb,0.40011802,0,0,2
5ceb5f57212935386737ef4af0d066e9fd38c5a4,0.37264377,0,0,2
cf6b6d8eb1b524b73cdb74168f3190ab471aa52f,0.34204715,0,0,2
ff8fd9578ee8f66e6f80cd7b9f204767845b7339,0.34151313,0,0,2
ab60f735c721103ac888d8d7b801055921336687,0.066751465,0,0,2
a2660687980b36003a612eb89b40d6fdecb4b153,0.07415177,0,0,2
b3c31a379e9ad7cd22cb7f0669b82361ced84992,0.17116001,0,0,2
204ed0048f4812201ef65c9a0c44fa54a7d1e04f,0.28088146,0,0,2
103b64a373256feae6ca85f2bf220e7694e48fa4,0.46638352,0,0,2
9c506279188a90dbbe124386cc52016682d17b5c,0.417676,0,0,2
8eace0187ea2c0c1a6e3a5b5e24e701f6e23ae94,0.050970994,0,0,2
72bbbbc559992e5e6bf17279d8194aaa80c62e85,0.48020682,0,0,2
feb7ba55120feb5e3ad3f526fae7dee1b5189d9e,0.43064597,0,0,2
bdb074610c87a210ea4c0d91d579cb4558f4b19f,0.6111799,1,0,2
64d820bffae723b9c8669301b246ae199db61b5c,0.63167185,1,0,2
d58d64ddb1f205a54c7eb57fe0cbec9c59cad8d6,0.3911872,0,0,2
d962a2b31c9a7216c2df557eaed3e475b13939f1,0.030532217,0,0,2
db6f7c1d74ba64211221a69cfa9fe7171a9199e8,0.44486994,0,0,2
1eecfc948bf6f4cbb9a2481313ca7368ec653056,0.14744255,0,0,2
ac5a216f767c6defa4da720c6ecb3baa05e30254,0.051759247,0,0,2
d9a2c69a9d1db6072e1d7b7ea4fcbd5c15d20b5d,0.15064815,0,0,2
d0f6be9886afaee6080cd4b7cd5d165c767b71f0,0.027608063,0,0,2
8ac857c41ec8ae02e57eb0c1c1a012525e7e14b9,0.272136,0,0,2
10d2363fcdd6e15568f765ba0dfd5f0cfa0b04eb,0.40379566,0,0,2
8232c096cef785a2ba88a7324b882a7badb0af44,0.32910326,0,0,2
5f4249e2ec8cccb17b27a7ffd032c4fc237a6927,0.3359384,0,0,2
86a59601b570585dcb7a1ce3d1ccc8e16008f53a,0.070886925,0,0,2
809e2bed22f02264e0ac58bba070f6d84386cfc5,0.38692802,0,0,2
6423a7665516d738ae50d272e3b4ca72cdb89a9d,0.11804126,0,0,2
8274993e293a79fc75829df398233915a6387a4b,0.51589483,1,0,2
e2dbe55d56bd6c1209276050f527d36717e33e1d,0.28345352,0,0,2
10325422e5a4735aa87a4d47bdb377e09fe963d2,0.7066905,1,0,2
a069c490e8119189fa2b43d3b597b79b3d42a367,0.42749012,0,0,2
a945ecbbdda782b51d5c2c670345fbf4dffacab7,0.09769707,0,0,2
e4c72a5522aabfa6a660088aa9262d849756e464,0.049512208,0,0,2
0095d8adf26b9469115b1be0358cb09d1fcb5fd4,0.26328644,0,0,2
151f2cd3d80c006f4ec228cdf610c3a35feb195d,0.042837247,0,0,2
33884b226454324f27700f9069f4702b44ef8ced,0.4230589,0,0,2
23108b1bd90de315aed37fa3fc1f38f8a56ab9ba,0.031567696,0,0,2
d6644e4fbe3d125eed2d85e58fc7133466042f10,0.43557844,0,0,2
dc53e49b4afa5d59c533cf2b4918402c37411fbd,0.32144552,0,0,2
f9cab271b3bc8c2fb6e2c51449ad3bc07e62e174,0.36555722,0,0,2
383bc8eefae7e17d0bb0349ab2300488c655ec42,0.4616256,0,0,2
eafeca43268f16aa9d4a179e44b9e7747699c1eb,0.3614225,0,0,2
4733cb5b798cd72aed82a9118648b4a86c91539f,0.35977718,0,0,2
9f89fd4626bbb4e34a905835e397bcffbad59307,0.032344118,0,0,2
2dd459003e19e4bbc2811b10d38337f295fc5a19,0.17081192,0,0,2
8d601ab71228f7c3dff950540e7ee6e4043e9053,0.38002494,0,0,2
0f6a292a29fedd49741310cd517ac4ba907bf8d4,0.3975569,0,0,2
011775551ef75d75f81189eb4604fd0f2ed424ba,0.48304608,0,0,2
695342cb1cef42f30fd1a8496f181c92b21ae82d,0.4332008,0,0,2
c14890f08b9bb47ab8ad27f4dd4c714e32961d0d,0.32082087,0,0,2
f3d2d55ab9b783af65f2050272cd0318a9ad23a2,0.04202364,0,0,2
c0771cbc3c445a9d1d2a43ac4ce3c0edbc806957,0.3061869,0,0,2
3aface95813003ff75505e2ed7d75b072228d3f8,0.043917872,0,0,2
2c437a12bbc578442daaef85ab486d1e55763853,0.22197661,0,0,2
ab0570e63aae3027239dcd5d22caab95111a5de8,0.049274694,0,0,2
f015fb2b31a5621689a57ce9d2d300e5f32357e1,0.27079877,0,0,2
cf950e7365848130c5c2d57c871652e6f83e96a8,0.16351831,0,0,2
e6b830bf95f712672cb9e77cd852606cd134c5fc,0.3230849,0,0,2
09c52410e62b0e1e221d413d7ab18feefcca6bf7,0.21147177,0,0,2
9dcd87f9c46786f3da54af7ac1ba4696840dffa8,0.32665074,0,0,2
f55530a2ffd3c481f6554d98e9d73f2e8c62ec8d,0.21229175,0,0,2
dfd69e038cc7035031d1807c4ade870d2a7e2ece,0.1647555,0,0,2
a49ea7a65b7990b3e6e625bc8bfff7396ee49300,0.049164016,0,0,2
41bc4cd029fc486b5570ec344cdeae049bbca860,0.108563095,0,0,2
51b2cabf2c3737de06fc889b39d40240d1b134c2,0.042628847,0,0,2
8a05e0b0f640289c32f2f261f35450532cc2a1aa,0.17196676,0,0,2
2cd3f0f10a797b744509903b8eca4fd2fd4ed6f6,0.3088092,0,0,2
8c1a0d2ee1433681958809b4a0fede65f62936e6,0.08338242,0,0,2
a08ec31dbf212a033953dc6916a743dccbb93e37,0.04125353,0,0,2
795fe5d869594bde53f8490d75eedef6185b6c37,0.35017505,0,0,2
5556118ad13fbb80a56d7b8de6f960e9ff8255b8,0.41374147,0,0,2
f643b4fa939e89348618ddffae20a804f4461363,0.031597998,0,0,2
bd5cc81ed7f91865aee7a5a7febeb237220d0c5a,0.028612025,0,0,2
657704627b297a19a693645cf03c5c70ccd9a8bd,0.41831332,0,0,2
363cbf7908cfcc6a538126bcccf5c955afda6aa1,0.039722867,0,0,2
c636539836ecb541d9ef71f2d347772cf9f6bc52,0.16516735,0,0,2
7cf5e01c2a152a0b612cb19e02213879a57c14d2,0.36755875,0,0,2
e8d861359ade336badcac3211e5aa447097479a6,0.034973677,0,0,2
044367419dd317eb9f9935d8360280b8b8695462,0.40619934,0,0,2
86a082e8be8c51f07079ded82d6d125c9efc1791,0.38524866,0,0,2
ab25f67348d4885620df86497889c1826f013a73,0.4331197,0,0,2
07811434b773b6e1737fe7dd3775aeab8afb18b8,0.31427312,0,0,2
5bdf0a938adb384bfdb6cc494a2781e2ac33b0ea,0.19981574,0,0,2
30c85ad05363767deeefee577063c2c432b971d4,0.43220568,0,0,2
1661e5519c4836a5a940b13b7797263443156fc9,0.34288177,0,0,2
a64153a3710c5035988690f0acf57dd61b711cf4,0.53686684,1,0,2
954ade4c1ae2adc0aaac3a1dbe800495c519520c,0.38730302,0,0,2
4bd982d1a1df87724682c17c39bf27b5cbe389be,0.25642022,0,0,2
a6443e146f825291308319c6a0f2eb82aa34f8c3,0.06119661,0,0,2
914844e1b226a1ac7ba45626ecfdfb56e7b2e263,0.05903434,0,0,2
98fa164cd88d126d0f137f5bcb4a1d180e0c2fc4,0.53366673,1,0,2
c79e6fb8f95bb07d2394221b29b75fcc016f4900,0.45512483,0,0,2
6597c196521af500feef7a02610727eafa7ec1dc,0.025217284,0,0,2
4670a941be92a55fbaaa3b4055d444e07ffcadb0,0.500688,1,0,2
cde4c529034e182a982fd842252ec410d213c34c,0.59557235,1,0,2
b5f5449cf338376d12404d0190054525987f4276,0.42978442,0,0,2
721a6e59f7e4f5c0f3196d3eb0e81cab5e41d065,0.39356515,0,0,2
c7c424fb9c3a39b6ea036242e44cdca324f7d104,0.32650742,0,0,2
a8f41ec97d139f5d0d7cf161e8484f2bb809facc,0.31598628,0,0,2
0181c8059c081d144cad36d003379bd50fcd9da7,0.43089536,0,0,2
90f0a680adf3eaa95e46e96d28ecd6848c74bfdd,0.08293871,0,0,2
12e597a78cbf9d82414b944a5b285d81a2e27e51,0.5156886,1,0,2
b45435c950e6f6864671bdffde29e26cdc8ce15b,0.30130005,0,0,2
4259a706ab8641f408afc3ce224b1c0ba5a43d17,0.21488944,0,0,2
f0f896ee600ea7ff66c083747f370453b914be48,0.17444928,0,0,2
5482ce61b003726a9476c76a4337e043af4318c0,0.2582368,0,0,2
31a9fa0cce769c976d74cdcb6e6ce8831793db7b,0.35443118,0,0,2
1a20867d01ef8ee5b32b0620125b7c38a10b80c5,0.33733788,0,0,2
1731949116a7278f2b729cbb9e505580c8f56980,0.64541006,1,0,2
b521820b23c45fd068618d10955eceed48801eff,0.06049964,0,0,2
661d16d190708a1a396d8b75ba10738e4574c11d,0.40866357,0,0,2
3c2673e82d33b6c9bef3005a896e5b0d52b108dd,0.6532871,1,0,2
99900ae089cf996bc969f0673349c06c2e6fbf1d,0.45412865,0,0,2
811dbe7226ba0ede04c2062c2dba8f72a1c03e58,0.50892603,1,0,2
9f7d03f09172afcf0a7be40e3262d151ef053b3c,0.027835917,0,0,2
3c89994355f3574078c832b2dcacba0e65e87ed1,0.369669,0,0,2
d547412bbd2a1ca56769a2bfa13b7ed9547310ca,0.37959963,0,0,2
d3146a545612422d3f8078f10afa00342b327199,0.029206693,0,0,2
8f54030347e31e0b1492fe874a1f1b67b89b836a,0.43279332,0,0,2
f059e5f7fa1ac4a906b5d2e18d72d410bf28fa2d,0.27266675,0,0,2
a5e76ebc404d419651c2a25b1a62199de64cccf5,0.49673793,0,0,2
a91f76da21faf4e8b70f0f69c6db2521409e7d29,0.46648005,0,0,2
5a52446090a67b9b04b67a0b7aec94e73bd21930,0.36043912,0,0,2
82cc24437f43d07880d8883229477735431e5d02,0.36549276,0,0,2
859224ffadb79147088840732236c1fad341d842,0.44132924,0,0,2
314b6b56bec4af56dba667d66a25c1613f4bc800,0.32027864,0,0,2
8cafd87c83f4197f7e8d14de8cba453c844266c0,0.5169547,1,0,2
a060733e63a9cc476342ca190d04ad027a241d33,0.05100142,0,0,2
e685d847b4c70e354e47ea3990cefda3265aa5c6,0.2120725,0,0,2
c8e648b92cc133a604b5e1f4da1ced943788e64b,0.6110808,1,0,2
ece2f255eed8ad9eff6e236152de65e804c6adb5,0.64820063,1,0,2
9766e22b42b7b3f3923cb9c2502dfc2dd5d0a5b0,0.2762883,0,0,2
776b86e99a1ce18a5093db457109807b766d49c1,0.3527871,0,0,2
e1bc286245ce5f798b5312d65bba64c71921a3f4,0.15031952,0,0,2
585b1cb97b4b9e81b55d68e04b6c1e1195058a8f,0.19565532,0,0,2
7587431987258e94748d5f2fda1e6ca049a21600,0.37850472,0,0,2
53def501409cd1f9e20ac43edba6f2949bb366c8,0.16613978,0,0,2
7c19a1ff4c217f03c0be62baf1169d689f566825,0.48669282,0,0,2
8cfc1b1207577943d412789765a3a2085f1b3036,0.38787693,0,0,2
577f7b3b5462fdf84c0956a3bec5296bf7821677,0.30831495,0,0,2
65b08c4f91a4e5d78eb645b46d06d7a46f8c62dd,0.34591553,0,0,2
0344ca3f2d43e3732bf16370262303be8761a523,0.6440325,1,0,2
c68285bb3392665827595ac408a5fad828b0351f,0.44170356,0,0,2
18e692478dcf91fdceb9b9fdca7c61a1111d63aa,0.5043331,1,0,2
f2d8493ac44995170ff84bb895e3a73e0127cc68,0.035294883,0,0,2
f5ebb9a649e9dd0773f9bd3457d6ce1895266d59,0.27115372,0,0,2
3e08af573f8b50da5202f55df62c925f88a47f3d,0.4302976,0,0,2
cc94767e7eabdfcf9d1cab1d8d1d8556864394c6,0.29291812,0,0,2
d6ad3f01574b839670d4ea5cf82a601eee7e0c16,0.053537536,0,0,2
a2dce32cdab108e7e281dfc27dd0a394e1419ce1,0.0367375,0,0,2
fdf05fa29babe21e64f9a5b268dc8406d449d4f1,0.35436028,0,0,2
0b70b01a9f1d9664bb5eac737175f58f06979b60,0.3150831,0,0,2
7076b7408f06bc8a277f58e7bb6c2ec3372d5d6f,0.28881302,0,0,2
cc6beb2d05347fba64d933906ae2b712b1a43302,0.42292604,0,0,2
c7554151d3f695718a5bd431e22c7f4c39a0b261,0.6120622,1,0,2
ae862ae116f2056421ab8d6e997e7b64a95828a5,0.3827372,0,0,2
d65b9d2bed09847ef28b9ceb30c9f8a96e0c12fe,0.13486776,0,0,2
36217ee164239391c672fdfc8f5bd080beab5c4b,0.038522635,0,0,2
44854912194177d67cdfa1dc765ba684eb013a4c,0.038826708,0,0,2
fd60085a2a3891ab6db46dd3b75e9dd67a7c734a,0.30064565,0,0,2
f4bfd9c71f51fb541d0fd203f0df2e609632dc62,0.36185282,0,0,2
3b6867fc25b5dbf27925fdced660553ea8289dda,0.030072097,0,0,2
ed94e5a5cce33af89dc1b1475204734b17f64bb0,0.32313898,0,0,2
87eff4c78fac85c1b5f2309887f6be5fa2972537,0.43499252,0,0,2
732ea5e94fdf8fef42b5c21d001983fb24d2842a,0.36198753,0,0,2
09d70ce73dd37544c92621eecb7faf062fccbd5b,0.3438096,0,0,2
060e66bf995177adfc4d73a2a4c9bea70dc5e441,0.36554503,0,0,2
9a7de3974d64a5410e577933e141797928adca71,0.507112,1,0,2
1e9e36640f762d29c07d8322c361ece163b179fb,0.34107396,0,0,2
c56b87d6efe530590b6d9a07e41ca00af208ce37,0.45436448,0,0,2
07f3694a5c85ff5ee8c556817c0d2ea3504f26f7,0.035252426,0,0,2
5cb988334179b4f04a27c59c1e6a888db0dbfc9c,0.5142313,1,0,2
713c77ceda21d0c3cc9c213341259d64fb46fdc7,0.23586074,0,0,2
729bcc46b503c1574c7c93a65e902f436b4ec6ec,0.06070005,0,0,2
6ea2fc8d38e035bafaa92c7d3b007be38c2e9000,0.064888984,0,0,2
95fce758b0e12837869cae450d8029d7237b0dbb,0.10906094,0,0,2
6ce88517b3af6d48c979b6e984889b69c044561c,0.44375473,0,0,2
b52c69b1b0ba1c542b917247f1f76deb4ce2a42d,0.19349721,0,0,2
125cfb4cab35daebe874a599877d6280b464212b,0.56919396,1,0,2
6f03c0ce11db4a270124b9bf93338d3db9fccf5c,0.39397466,0,0,2
96a1a31d734e663af5c9bcda58c7bb5870e8a363,0.4008148,0,0,2
7aad59482002d0b4bc3546259d33eab20ce76b9e,0.3536116,0,0,2
c1ffdbab58712cca8463b3edc88f9d5a09b0ca9c,0.51174074,1,0,2
758228f691b34c97f421ed92336772531495e0cc,0.3125824,0,0,2
a26c66a8edcf029ca5f94354cee0db267e9ccc20,0.35441542,0,0,2
8dae1f2904b93127f101bd36c1c79e801385a8f7,0.039550178,0,0,2
4f928504ea91c3c1dd43ce696acadf76624240a1,0.29558477,0,0,2
22c30471564c730b02f5f7cedec28fcfe5749fc6,0.22884235,0,0,2
10122741eac52e218771f30c6dc2c0aca54ff006,0.2812082,0,0,2
e863dcb2e7a654af6b8eb5865d8d1d8eee0a6d28,0.31277123,0,1,2
d8ec011d770e1e04ef4f87fba673f3748f363278,0.82797694,1,1,2
f7cbda67518ed7335566ebf942cd170a66746096,0.5862762,1,1,2
7d061e33e59e23dc4b03378f35f50a7d70f033b3,0.53143734,1,1,2
49a876cb1c2a49583b9184ab58a579ac75525986,0.5287168,1,1,2
6dfc3e64037f10b84fe203415e79e2435acff558,0.4746976,0,1,2
5fb74a6618da0ca8b12a3346038164913a5d27d5,0.42258227,0,1,2
f5a9effebd7209f3fa5385f18a5e59e8a09122f2,0.5676753,1,1,2
c614fbcc79615f93d2c60a153db6e82d7474c425,0.47327578,0,1,2
d575057852ab2be41abb39b8de69a35cace5c67d,0.45364395,0,1,2
c8e61afdb89c58ea8ffaf04593da41ff0888d30e,0.24881534,0,1,2
c3b1fefbad0c67c8556ba6b4573f135197f87598,0.47208402,0,1,2
60412131f3679b720bcaaaf3dea4be666cefea7a,0.5372046,1,1,2
2ce40494073aa4e9bdcba4c39d24727b7141d227,0.50811225,1,1,2
2e9f3a80146262511ca7bcdd3411f095dff4951d,0.4266995,0,1,2
2c0429aabd2632c8c6a242e4a23d5eb6f46035c0,0.51281697,1,1,2
bb3fe2a37975920d1c7b9cf16309d86fe86e1a35,0.5371418,1,1,2
cb686673a70a6f14c35575550c48c37d19a1598b,0.4983141,0,1,2
357fe1378889e5934e8f60c8d35397bf63871991,0.4805172,0,1,2
9c886bd4a188c91301029040b3a839e4b8e2812d,0.5326949,1,1,2
8b62c114cfc5fd347bd8cb5a391fdfa8cb539435,0.5858959,1,1,2
56b7ae44f957aeb884efc797ec74c790a7a3abae,0.5463643,1,1,2
17f9d22f334c91e701808808170bf60aae7342f9,0.5327894,1,1,2
9901bf98e4921df1c85e323c4b096b7feb80221e,0.40320393,0,1,2
aff0fae2ec3a7d74356776c183c6986eb9eed520,0.43555197,0,1,2
1415c9a2a6317dbdca6f1fbb530db1f558d9bef5,0.5277896,1,1,2
e51bd89201477092c32c180e4f8d00569db17ac1,0.353316,0,1,2
efba54d35fa094de5e580b200a8607bfc7bd5a7a,0.41758028,0,1,2
58a8f12b443d7cbc16ec00b8841138ee55ee6630,0.4089204,0,1,2
e7d16c27629722a93a9d36a0b5e0a3a793850544,0.034522284,0,0,2
3fadfdd69f4682f05563ce53e55743f55813f488,0.23998746,0,0,2
bcc4f82a7aca3fe72142bd8d9ab3ac6c9d4d2767,0.3077833,0,0,2
54acb6e10f33d5f71770323e9769d2dcc1130a86,0.35872096,0,0,2
bd4066eba88a772c06394d818d87aedca8bea53c,0.03647852,0,0,2
09ef69c5b51115300da6df43690cd455d83c8027,0.03710246,0,0,2
a5391bb34cbe168f2c5f5f6e8fc3a1eeb9399e13,0.46314684,0,0,2
96cb498f9bb88b534e49f9b8301c9fe7113b2dfe,0.042237587,0,0,2
f4a262df5204221184f1f5008b06957868684a25,0.045003265,0,0,2
81ee0d062c888d8f8bcbc154cd7f0143710f458c,0.2816494,0,0,2
4aa4291ffc143486757617b743c9670001f8a7cd,0.04347697,0,0,2
ae6a24dd439a7b778e35b484a3a6eae1a8eb64d7,0.043630704,0,0,2
9379d0d36acdf78455e81518b3b1476c7691f056,0.041312326,0,0,2
2521d9619fe1f052ced8ea1107851ac98a1b7488,0.033160493,0,0,2
7721302ae5d70d2986d74ae7e7df648bf849997d,0.07876786,0,0,2
1cec9a6fe588c047daa6c711814453840405561b,0.31887865,0,0,2
a36c903d4f1065bc59f5e6d2bb0f9d92a5e71d83,0.041469276,0,0,2
08aa21f9217df0a28d48be5be5db03ddf4867140,0.25814426,0,0,2
4f4e2b064e98ce1abce98428965f8eed86f4543e,0.4403543,0,0,2
2a11642511a3c69bac5aa1abd83d3219871395e3,0.061389975,0,0,2
ce178d8e87ff6f9a12aea4b217c1e09254936236,0.30522186,0,0,2
9fb4f47f352dc1c1f5f20de80840d39e1eebb985,0.35249588,0,0,2
762641dcdbae9456aa2b72ec8fa1baa0acab942f,0.034661617,0,0,2
47a9ea7c828772625b9e26c0c7a6db494ea626a3,0.037415452,0,0,2
9d090d40ef488c6c8e0784da877b93a05034e339,0.043966055,0,0,2
e7e48da660e17bbe5c0f8959c2cb9f6d60555cab,0.037635747,0,0,2
5d369c4fc53a2ef5c47f16eced9fe917a87146a9,0.39616445,0,0,2
558f84322cefd02246c49666d7e7a3b2e2cddc13,0.030863052,0,0,2
b0580d508bdee2903f05d95d59e6e9a1dc9d710f,0.0952421,0,0,2
32155107dd982360e813d10d0c76f6f7cc2cc7bd,0.04555137,0,0,2
596afd4f5a73c7fc756d9bdc12c6613856ca27aa,0.14708224,0,0,2
7f0046cf4e2161f0145e0e59a1b9684b04061916,0.107545055,0,0,2
1f5e68b5612053cf35b31a13c8b5e8341d892f93,0.02590635,0,0,2
b236d5259f95b755aa5e1d955c8f835312047d77,0.033477765,0,0,2
8fe95aaec201acc964ffca80954e60f7c57d7413,0.030260177,0,0,2
d5b16405c77037e37bd180843c1eba79117da7a6,0.035128646,0,0,2
d3aa5b77428d77f5954e30b14e7385c15f6f398b,0.04131414,0,0,2
83119a80aa1551bea003ea6b9e65b616b7795246,0.03539292,0,0,2
c4de3dd2bb8afb3323fc3aaf394a463aa4222768,0.045426052,0,0,2
f7f4b909d0961528c9b02ca5492b2a57a8df8bbe,0.029962111,0,0,2
bb3d861fcde210e45f3d3ac59d8ee6e1e4086cb9,0.031405717,0,0,2
1e6dceb8ccfd2c97379f78066ef4ad2b9a17b1d5,0.36270446,0,0,2
361b73775230d91b4ad9ed588d6d57f3a049e907,0.032684244,0,0,2
9a2f53d2d56fc58617f2bc7e8ce7f488dd05d47f,0.0402526,0,0,2
6ee118d2a12a4c0bde2c5b828e05ea9b18d4be2d,0.034450494,0,0,2
eef240cfdf77df4d3ec55c2f03dc52112dea7553,0.41947377,0,0,2
0ba5e75432717181296459b9bdc98f9cc3cb2c7d,0.39360467,0,0,2
5d83e4deb81aa7e06e4587809642e70ef9a03662,0.1636317,0,0,2
c635393fb9996ec9d33b32ca27a720d6d5593255,0.031430792,0,0,2
cf4d2789901be233792839384ba76b94dbd25888,0.19932693,0,0,2
46a1c86ab3f4e2068023a1faf1c704443f3f36e9,0.038677264,0,0,2
d31ea317a5fa6cac0e281bf0aec5367ebe45a217,0.04413197,0,0,2
88564caa20e4bee55287b258543cab35e9d3adf6,0.50577414,1,0,2
9f0af0bfee5a92e67ee54c185f49fb7c771c15ff,0.47056353,0,0,2
05f3b74fd581ea5f8946c64edcb293747b4d9a71,0.035572443,0,0,2
43e4df85bda71ca1500112912a83d3ed19868c4c,0.030055605,0,0,2
8283d966f47280f682a1407d499346a383d1b1a5,0.032900892,0,0,2
5878adfaf37ce37e6988956e4cd5c833c6ec61be,0.04146304,0,0,2
ace5ba00f7067d517a35713f439344f24144fb79,0.035536036,0,0,2
67e443370e06288fb2702d62c0206221413ab852,0.039364267,0,0,2
9687cf07f34bbf5f67c17e75cadd287b9f6662cb,0.028625282,0,0,2
94cfd56bd9092e0fd8579120630dba0c857b7777,0.44080275,0,0,2
077913c7e9eb8e4cf8863b7545bf53c2923066cc,0.054613184,0,0,2
fbb81a37f80fab1d1e21435782e034eade76114d,0.38615426,0,0,2
278eed3e1f7cfef2d39a25aba53f4478c3ad8c58,0.03769217,0,0,2
73dcea01b19ed9fc9c0d5a8c38e752bfe071c801,0.05619827,0,0,2
54bbca89040ed195b89478713fa4a181cb2bca3d,0.031129764,0,0,2
1fe64733a2a28b795bddb152e9adf7489b6ea7c2,0.4327496,0,0,2
1194c69fb122709872fd634ae9890cecd1d83e90,0.48079202,0,0,2
709aa7bf9c998cc75f6e0be7d258aa5a07ebce8b,0.03981343,0,0,2
cdacd4a987755572bd4d6d328b371644ac07ecd2,0.088612005,0,0,2
ee7ed6e655c08774387f9ee60ce11b84d7901cd1,0.31284788,0,0,2
edd64cfd822ae2ca2faa8dc1c73edc38a6e19f0f,0.03396406,0,0,2
ed085d064c0f80b0bcf382550d10fe6b6fc9f283,0.036752768,0,0,2
4a025d3f8e31bc3e944399990b3a4baedb90e630,0.03506893,0,0,2
157aa8daebcc6a464cfb350de346cc550ac13d15,0.14739947,0,0,2
0dee0324f694b1e035b9c3dcc6923278defe1d3e,0.060408454,0,0,2
136b96c803ce4353f2cca2b24171ddbe74345fe6,0.031466186,0,0,2
99c63edb10e945d466dafcbacbb6fe930f2a31ec,0.2818822,0,0,2
1c8fbeaec2ee80d45b78742d63aeec0c9d0c4e9a,0.29989967,0,0,2
b1162d812eebc9298b7fd62eac1dac119ae5f271,0.31303647,0,0,2
125c820e8d43df150ac09c9da5b38dcc1ea6e03e,0.18663202,0,0,2
680752e1414c07fe4357d5b6fe3052f3d9dfa374,0.03758349,0,0,2
f36d6870f2e1feef7f1d6fffeda056fa72c051f5,0.033034593,0,0,2
62e69cf4f2fcb3ad8bdc44f75f8a9e3e20ca7337,0.04309536,0,0,2
7df57879c92a467cd71860e6cfe14a04a49fd031,0.26275474,0,0,2
fe63f95fbff43495e57ebc37350798dee024cf9a,0.03506354,0,0,2
719d0c56036111d07c46ab5b0f379f62f14ecdc6,0.05089344,0,0,2
4951344fb2ce246e0cc5a2dff90d24cea6eb3a75,0.089715846,0,0,2
c151913ae25d55814c40b7f922886d52c7086787,0.1387532,0,0,2
ba1e716261e055f84baa9a47f9ae2ba959d54390,0.29821423,0,0,2
894fd838fb695d794fbd28cc66c82b80a9688c91,0.3089258,0,0,2
ed7710f41c594c030188917cc773adbb6107383d,0.36990863,0,0,2
11ddae0a3570fdeaa421e4e378ae14bc173598ba,0.33765015,0,0,2
9e8b370391f5b3e71cc349a2ff556d8a3cdf1232,0.34124616,0,0,2
15ee56bd0f91ef807a3e729ab3410a834ef3fcef,0.351359,0,0,2
72784c46f6a7d7644398db5c7ac8bd3822c523d4,0.45055193,0,0,2
90559c49bae582697906598c735385c19daa6da6,0.36883375,0,0,2
b34856498ed290a4883b077db0d4df2991ba190f,0.33374354,0,0,2
8cc80dd1a449f98924ca9e74970b35f940d43800,0.42438167,0,0,2
84a844af5d30ea41750071dc8140a56e9e146bc8,0.038504727,0,0,2
6f95e26fc92e929fde30d592e7572493d360ea3d,0.055393394,0,0,2
fc3d530961ce4f23fd2c8310f82d6d1fdaae6c16,0.37020826,0,0,2
53c08a37ef81ed2aa3ab57f5933ebbc5db68328b,0.35525957,0,0,2
bd861c0d8009bbd51137bb97d15d5aeb8902eb2f,0.3128156,0,0,2
584a10fda56263ec0ed555f9866a1a82851a83b0,0.46300995,0,0,2
aa0c114ac9636012a941ebee49d69cbd6f6291e6,0.45244035,0,0,2
bae09b4838de43ab6a8be25ee25d0d11f0fe7477,0.24890655,0,0,2
4d8331ef9c3993ae1d3c091a758b24cb9a037fe4,0.05190824,0,0,2
1d1cb74151d6fa0272d607d06ffb85ff4a50e972,0.31622842,0,0,2
6602d00afa7a5f32218784dc54975cae5540a255,0.103557035,0,0,2
cd78c96d225752e3656a2f1a302298370b55a4c9,0.0550321,0,0,2
f27cca133f9a28899e00488ef56b2f8a2700a68e,0.048917558,0,0,2
3fe52d0cd85c01eadc44933df5596d177c3ecebb,0.100162715,0,0,2
81d1982c3cbf56f77e2edf3f063ff84e6e748549,0.41201657,0,0,2
e32f477085a9b6f658463bbbf355405980c515bb,0.16051264,0,0,2
7419cdb1fbff1096edca78bc5db34f7fdb3b7342,0.03566965,0,0,2
ce1f9e29288cdef4fc295ec2d5b4f846f0b732d3,0.25110754,0,0,2
60a8028d22b88ee2f2d7cf7657ed35f4046efe79,0.43535453,0,0,2
c779a5ddb807f1a84e1e6a5e43a0f1296dd565cf,0.034787662,0,0,2
c2bfafd4bb8ed95e30dce29e65a9afce26a7d860,0.20637763,0,0,2
e48157a0de54d6b82137d62dde9cdbb4bf5c6f40,0.03284969,0,0,2
6d908d014c25ef3da000789dd56de0b6e7c9ea8e,0.038414814,0,0,2
5bef000847001240749e50239a25ea69485c849b,0.2065025,0,0,2
82c1bee3f786f96fda51243f4cc6d50995bd90b6,0.4615053,0,0,2
5f84693e1db2c35b9b797614e17136655c433335,0.035794828,0,0,2
dc8138a8a9b022d156c4d04b2491b269661db396,0.027352005,0,0,2
233746d8fdb7e71a63b5cddb55421eec87bbcc4f,0.26566955,0,0,2
84daf6aee0175303801e710dd2d326ce252d2f88,0.36963066,0,0,2
6df343df2635e7e0518a09c374532ebf22a30529,0.0403053,0,0,2
6cf4249650d72cf21ae3addacb5202089923ad91,0.04041127,0,0,2
d990feb36764cda778e6b4ce9469654229ac716f,0.040608816,0,0,2
393fa5df9262c339e004e061809c73d7637a909b,0.056095954,0,0,2
59899e1c820cd3fb8789b9cf8648b269b97763be,0.034408327,0,0,2
2ddd54a7ddfead528f2b1de92dc8dd16be7f5f89,0.39091742,0,0,2
c7599fd2a84b3d58473fd16c5df4034a8658e925,0.03657601,0,0,2
82b547ad25147df44f27a3534a5b618755217378,0.0663039,0,0,2
62e56cd3884d224e42cc8b449ef631a0909a19a3,0.03726904,0,0,2
a85fe84ce63f873b760e311f27ec42e05f1b3f42,0.30889615,0,0,2
0a114bbdb01548a69c7a8c155bbdef7785ecb389,0.043669228,0,0,2
5310e25a6cb79eafb21408fabd744f9a76c2a020,0.048649453,0,0,2
8834c8e380b7278fc37a4e6b80a9198a895d8280,0.044707123,0,0,2
b9284992ea3c8c484893517ee9df3b2274296959,0.242827,0,0,2
939527bcc5b80a1788d876d7e47fb45d71d21424,0.16791184,0,0,2
26e77ea86294f5a9aa929f9acf7dd76a046453bd,0.21293113,0,0,2
3adcd2103d1be4feca870536e8f7a7549f6d492c,0.2500577,0,0,2
2edb7a20f3856723fc715f7c72e10e72ea7df385,0.33785594,0,0,2
9843210e5755d2584efd3496d59e50e721187842,0.29796937,0,0,2
e6cde856d76935ce2ca5323579d2557f5412c774,0.36318108,0,0,2
c460996e75df489d6bbcb732763c10d01e62516f,0.28454167,0,0,2
115198b9c94bc66c7a659a04d0e2f65959ce9297,0.42400923,0,0,2
276552d5e73525cdd29d9e809659d35f34c5250e,0.30213484,0,0,2
c0e4ebfbb0f8c38ef672394015f47fd72ba06cda,0.12332613,0,0,2
c61154272699761265a1f2e5282ff1bdaf714b6a,0.2586916,0,0,2
f0b18d27f01492af6874baa8415ad17511eb5d4b,0.28097534,0,0,2
45a0337e1d9d23126dcaeff9c0ad96c5b4011957,0.35794514,0,0,2
90f4139bf75c94aa1ed62c5f64c3ffd78a1441d2,0.3679931,0,0,2
67c51ed7ef1d7acc4010e45eaf8088bd91cb702d,0.33615077,0,0,2
9acc3e824e2efa2e496df8458d207b5fb5722e6d,0.13386174,0,0,2
9dbf8388c5bfa0c7beb15e835b3a5e6fc74ecbf8,0.48971337,0,0,2
f30855735a40daaffda15794d7abbc6ab8c699d8,0.26087654,0,0,2
39513f9142cb82b84181a11905b3866a49d5a3c0,0.17429404,0,0,2
289e7a769ec9ab110f85848b281c4c143ba84e57,0.20746109,0,0,2
930015a137f6bc34127d7646b36d0550842fedfb,0.21757354,0,0,2
a270ff62852e62b5ac0f943a7e57292a72b77271,0.22198492,0,0,2
9f0d58985f4588981eefaca0408e767eff1bef73,0.23590967,0,0,2
8f346f9f1263b2fd5923abc0956134df15fd9325,0.06333329,0,0,2
ee851e403b5ab4b6b33713b08f9568e966ace052,0.15511554,0,0,2
55e8eac25d81f07bebb16d812c97edaf1393083f,0.15597987,0,0,2
c8bdf60d1d0be609094e14054be0b9af0fb05521,0.18316129,0,0,2
9d4f2ba886b003980f2c37a4de7a3e6c3c701820,0.21517779,0,0,2
8713af90d540e7bb01f8ba1fd99f6c04e41a7433,0.19516107,0,0,2
eed8a7adb3de7441751e846f4a75d110dd205f23,0.09062724,0,0,2
b9e2a97758ba6c007fcda160c4d8b0528bdbfebd,0.1909774,0,0,2
07de4dd578727555bb94ed421498f455838b317d,0.25844616,0,0,2
641aa1c663ebead0189bf001a06ee56463070ddb,0.33912906,0,0,2
b9522976f462687b0693b7229ba5c7faee0cb74b,0.16746867,0,0,2
2fd2a76110af7ae07712af01708cc00310af64ef,0.2425925,0,0,2
5723ce72d04c8ff7af8f245518cc48291701db0d,0.1877845,0,0,2
611c73889b772dab7315c952902d5c649635126b,0.19088577,0,0,2
b5b45d3260bc83d2432566dfbf22f0897240bece,0.1787216,0,0,2
22daa5f1dd4396e94224841b3bf0e9f226e86695,0.2737875,0,0,2
4a9bcd0f5211c91c4c2f47313c8f8013d0dfe03e,0.23684563,0,0,2
864fda4370a8d1bbd942400dd899653fd5d85244,0.36393568,0,0,2
96eddd6ae1427222986eca344b898b3332792a01,0.20724747,0,0,2
8da9a65b6398931af18febe082299c5c4b932924,0.12669644,0,0,2
8354ffffce024a97ef5e05b7cef4a82c263fc07f,0.15457696,0,0,2
0ca8f9b9feb2d74c6373d1762b1eb4a6b1f7f4b8,0.16175106,0,0,2
13467cbc7f319f7f7e9e9185a673714736e77b83,0.17460957,0,0,2
e63c5361937cc2598a3cd030f79733cc8c22b6fd,0.20704073,0,0,2
bbf65339023bf627a1843073cab699ca1831aa96,0.26644164,0,0,2
56706c8203ed023a3d21784b6e7fab40375eb9d0,0.1847,0,0,2
274c9c1d37a47ae9bc1cdec1b0b0e4189dd44845,0.18858516,0,0,2
b88b065aa955d7a7d8f74c427b05d2243eda0779,0.22188164,0,0,2
949d74737327f114ae97a18f9bb4a4f5626b59a5,0.23670806,0,0,2
9f1dabed562e5953af25369121fa7fe221a20276,0.031096155,0,0,2
d86509b09672b874de2f933a511a1f74af6814f7,0.2400502,0,0,2
525d1fd7ca383b3426341c58ba9e2d2e886a59ac,0.030986208,0,0,2
a528bcb1ebafb1eeae14fd3e305f3636d6c04717,0.030157333,0,0,2
c4190304baa18d3a376c3c2232f45f63c479a5b8,0.029237606,0,0,2
bce159a0c905f673b8e0e4c9899543a812fb904d,0.27304432,0,0,2
333971caf33dcc05b6f714fada447e9417f6fdc0,0.28490534,0,0,2
9a6e25230eccfa131d40eefbc4f48a13ac31d640,0.036141794,0,0,2
b1c45ac691d46a8c609f2534d2adfa59c0599527,0.038339023,0,0,2
23747116069c150e26e0dd42d61331b1108e1e01,0.27944285,0,0,2
74ad2114700446837ed451f36107a056301a65fc,0.033265375,0,0,2
dc9032be284c70f53d8f9031cc90e01678a0e55f,0.3086475,0,0,2
6b9e6419fc944d3b5eac58187a6cd56e97328c2d,0.03544477,0,0,2
a424d2ff172aa3be9eb5155e732e6f61915d7b5e,0.28516504,0,0,2
004d5e672e9b2734a4c27f0e20504fc615da3476,0.40578374,0,0,2
b6b59b189c1274ae43e844863c7a2468c0e16b4d,0.032585725,0,0,2
73733206b943f8a03d18574eb7585285eeef05b9,0.029797804,0,0,2
fff00791ed30f338ffc085f099be5517dc359261,0.03065566,0,0,2
b8ed8bbd5eaaa6d3e463bde3accffdf3dcbb77b7,0.02865918,0,0,2
256420016e2321dfd266f9a2ebf672516cc936ac,0.030121634,0,0,2
c4161ee29051c6e44773fd1837d2080489727dbf,0.30145028,0,0,2
06e7d46a49c5d31abca644fadc2e3ecf6f9001a9,0.027390687,0,0,2
1e8a31f417256b9f555b537a09c13f1135addbf6,0.028785424,0,0,2
2d79319a8d4a3ea256ba1bb6364c1330518134a9,0.026846828,0,0,2
2a491590568140349f776b2a63bcb4ce74d147ce,0.025128037,0,0,2
32080b32a4eed0719b79f4be332ff5a55468ab7f,0.025483578,0,0,2
3f66e516a7f5833be9c87911952465220acef149,0.047052823,0,0,2
2a069edb7e7c46ef3c1f56e8fb6cadb779ed2e42,0.03418652,0,0,2
963757362ab2ff0f1636008815549322fef1148c,0.0661202,0,0,2
9f673d4da60a889ad5fefb6fadba1c40bb3e735d,0.27602655,0,0,2
1688a5a2444b3b636741d5675646b0b74820b4fb,0.22922654,0,0,2
284b6f5477838fce398036497e1acc206b1eaaeb,0.030812746,0,0,2
ffe28c43e0486d443234701ab9d791e703c88071,0.033457376,0,0,2
3761b5514470d3f06c9076b0821430d0c2cb2da7,0.14426605,0,0,2
a36442f0d08bb1a5b964b4c77d4c64eaf251c3e9,0.19479594,0,0,2
2ecede5902f9a132a632b8431a35daf5174e1a80,0.29030034,0,0,2
4a2e49fd8daa81cf2ce331c3a3795844e79814b0,0.16853018,0,0,2
8c44a71208f640835d7a205a7b6e58dc065d8dcc,0.03527406,0,0,2
74abd625bcaaffccddc3ca9faa1402b179c251e7,0.03039988,0,0,2
ea64efd6dc61cd9c9b1207d2da37fdbea14d6b50,0.044949334,0,0,2
530049b41c9f42e11144fbad4d1fec65ff0956e9,0.25500283,0,0,2
66c451d618577c1a1e1bf964ff990574782c3bb5,0.08713168,0,0,2
a10c6b01425a9c21cf687294bac43a63de0a0d3c,0.06601133,0,0,2
f9f92677a92ef76f92c90521904c20b8512b05ff,0.029902022,0,0,2
989135e762d3f00767240e7b42ee9e1cccbe43dd,0.030929817,0,0,2
12cd61925c37177a82d2adc76f6475e662030e12,0.3845212,0,0,2
17f4a06be88ed9c950e562aa72755c7a493b8ae9,0.030356804,0,0,2
c3768b0fba8f2f565118c611f4ced4bd6143d022,0.3956052,0,0,2
16d64a96a0a07468bb8b2d3293d374bd4373cd70,0.29788342,0,0,2
1f0919e28420fbd1568ea1c1fd4cf7b46eca9b04,0.03787835,0,0,2
4e347adfdb1a84535440d6c9f392d134a84969fd,0.040611975,0,0,2
9818f5ce6f76224f0d5d5c8ad583d854b8cc6872,0.032905035,0,0,2
dca231dd1b2629f45e65cf46b6f91803fb448aa2,0.17959325,0,0,2
9930786b2d05890fd071332dd1b9d7d7ad0e1b3d,0.03317121,0,0,2
b367c37c2e92ae652e49b361425bdc7ab3390f25,0.039106496,0,0,2
bbd32a63be1334620c1f52bcf4494de4b1e6931c,0.53696465,1,0,2
6868968abdfb03229bb0dd60e57a502db45394bc,0.05845796,0,0,2
3fcfac543d8e54b93695ea5f32b1820c5e5849dd,0.058144458,0,0,2
af50960c662e2d006dccd4156ca85ba3b2d3d5b9,0.032558903,0,0,2
99d1ccf360643d89b88bdd218fa917d365d95cde,0.033296924,0,0,2
3c32e5384eec3142bb017fde824dd1cc0db48876,0.030365705,0,0,2
b4621118821f29afd3d5ea47eb8a684f4e5ed3ee,0.029731624,0,0,2
eb3f760c1c38fe3910d979e75093da67f685e2f5,0.03684329,0,0,2
efb03bdc301d917b746e6716f2a074f54ded723b,0.026711224,0,0,2
3ff71911718c07ca1016ca855aece547061db85e,0.023858866,0,0,2
01f84f2b0d9c13ac82ad471469b6a5692d0f8cbb,0.39902323,0,0,2
a95c1598ef693cbd7d874c33eae82433693b75d4,0.44485465,0,0,2
6fb796db3d138b4e97dc1fceadf6bfdad74a3533,0.029269157,0,0,2
cae430631d5472394441cc82e142103c3a70dc83,0.11431881,0,0,2
47b76cc60f7b73188cbb47a0879aabfa0228be31,0.36256146,0,0,2
c64d12958fc711d667f26d0173bbaf96157d629a,0.29126072,0,0,2
643590426ee7255ee5e1e661b9e2ac8a9052dbed,0.040231295,0,0,2
31ad1256c66f47e58b7ef40955953e4a1c6bdbf0,0.031249419,0,0,2
3c984c22552eda0fb5b200efb3f239213a4a04ca,0.040981136,0,0,2
95db7d0aab9bea25d3a14db42a7787ef77861f45,0.5975911,1,1,2
1d6f5e40ff44f08fa67c6a2b57f7ae4a5e4b0be6,0.52363116,1,1,2
e0270b0562d42658a57c4fcbf0cddfb5673baf5c,0.5054374,1,1,2
6eebee491388abd2ad61a15d3f28b167c9f0f7dd,0.45618662,0,0,2
ae3f537711b1375c4892130d65cb60928549cf58,0.24970545,0,0,2
25ac3249dc2a40bd52ceccc9251c8446b036d197,0.21698152,0,0,2
6ce9662add46e3cf144be07f7ebf18e2d25a7abc,0.15450014,0,0,2
111c4a5e54dbb1bec6537eca02618e2287bd23be,0.46226507,0,0,2
e30788367dc7ce4e4e2d8152bc7370af8ac2fd0c,0.46896616,0,0,2
b1875ac1abf9ae86f5a589c5144c8c9902a1dfa2,0.36882707,0,0,2
307ed458578e68e68918d3ccdcf4798c57e084f2,0.3877961,0,0,2
0caff290df54a8a3b653840fe257fea94807d697,0.25024807,0,0,2
b44b3d95b321cef0281cdf130e8c286bfdcd60af,0.42671627,0,0,2
8f77bd63d8b5b2ab593b134fef2bf5e59bed0441,0.4110952,0,0,2
4e410e068b8d367c53766a7da712b1b6f3fd8101,0.24290164,0,0,2
2412c90ba5584fed123fa6a33e752e6c8eaf74e9,0.24234827,0,0,2
47ed0c7cdcb4d516e41769e38a9cd5ef4d01713d,0.28973788,0,0,2
f5ea49326cd5c09f0782b0d1bcbdcde9053ee316,0.4427473,0,0,2
7b0388878e522468f90ea163b15ccfba05616c95,0.38916183,0,0,2
a653374b2871d67f51cbb4ad2083444e9c3afe1c,0.52768326,1,0,2
430f96525f80fe4909208ee4d2aaff81c312aff5,0.3511745,0,0,2
295d46aeedf3660d89d6c578b84c410089f9b1b9,0.4484267,0,0,2
7c05411f80b6748b6b2197d2014bb98c8b0857c0,0.30907536,0,0,2
140846cf81678649b6bc29497c3534aebaa1f6c3,0.4275753,0,0,2
0512bc21bf4d0f1e391e4158adf0ae145d408ee6,0.4244491,0,0,2
283e14cbbdfa5bd246a3ea9dee5739959f64b4c5,0.28427735,0,0,2
354b72afb59ff145afffebbeac8a7478d4140e75,0.28949326,0,0,2
15c72674ebb4bd99790de97b5645f1531a3a7c00,0.30088505,0,0,2
1a3d74470eab60d668859571938b470723726139,0.33926287,0,0,2
330d5cf99c1eefe3fe86dae260a8873068650866,0.33248588,0,0,2
586b6ee15f526d585628a7162d10f08deea6a93e,0.44081077,0,0,2
71491e23d68df50555c52db62ae9bfc0a2543b6a,0.37955222,0,0,2
e56b2b598a2742ae8ac97ada82a97655b538ee94,0.40535215,0,0,2
3d129b7e2f6373f7885336225d3edc93b3f624d2,0.38482586,0,0,2
4d3dc80e4b3f7fd0e034d544345a568d6d5c5d26,0.26179072,0,0,2
269e6693ca1f05bb7e2623c538b9b934fa688f41,0.2945912,0,0,2
c2452a5af3b2f1db542175221dbc19eb492f02f3,0.5694435,1,0,2
9ac217fc697b3afd0963b897edbfac265ba2f571,0.47825572,0,0,2
a5f357667b195f9cbebc1d1de8f70c6e0c28dc3f,0.49662817,0,0,2
c3d13908a2e8ca7b9832fa693ca72bc228a4e92d,0.34995782,0,0,2
283351276ff704df65779624e195701a21f0e25c,0.3621454,0,0,2
38e3e41049464fa3b8ffc1e810f87c18d91a7bc4,0.39363343,0,0,2
49eaf68b54f4114a0176ee56790d8415fd64876a,0.381234,0,0,2
42308f780fe3d0c2223c121493f97c747226bc17,0.4381777,0,0,2
ce5ead2f93b92c815f1304fd51dc3fd3338cf19b,0.4107383,0,0,2
e8ebc1e1dfe2b0bb7b9f549ff35bd2d1a1fcd2f4,0.33968344,0,0,2
a76f39d4b284633c6792d8c7977abf8fb52a017b,0.3657347,0,0,2
97a64af2d6adc157f6ec9e4d4855b2924caa69ac,0.29557005,0,0,2
5e2559e3ac936ed985d5fa9d7160a284b9a83644,0.45680937,0,0,2
dbd77cf4fb93996fb7f312bba2aaddb87e5d6a39,0.36877748,0,0,2
1e8be6ff174f1d7027e848d5788d63ef9827c659,0.37110135,0,0,2
0847a34f6d1f15d3d35ddd9f3283d54c1355b299,0.44270846,0,0,2
d1cc91686abf34d073ffc496506da9ef712984b5,0.43742466,0,0,2
0030e4bbbd3cd3cea505bb1e4f1edbfec5986fd1,0.40531772,0,0,2
3b6dec3c581f883cf9dff6f04512011cf277f586,0.5671495,1,0,2
c1ea2007d4f6527bd174869603f53841380b5c31,0.55351967,1,0,2
87361f16b0eb35ab5fe25fe2ce3cb57a96dcedbb,0.518219,1,0,2
f10f849935076a7c773283789c75a4c35b9e6c03,0.053770266,0,0,2
034be5fcdabeed034bfb562ae7014e021caadd7f,0.48816445,0,0,2
8c52cbf8dcba19310a569a23ad3e940836b5e7ce,0.57433325,1,0,2
9d4e26a501903d404a809acc8ce93df1751a5429,0.10466728,0,0,2
7dbcbaa0d72723a1682dfe340fe05b2f0d3cd3a7,0.056152016,0,0,2
b3240c0b4dec02d8a511b831e07eb0d03094f677,0.50736135,1,0,2
d37a2097286c6385bf8cc757944bb3568672d873,0.38107058,0,0,2
39ed7bdf558cd8286e62492f6c91d2af73f807aa,0.38076332,0,0,2
100bab5d8bdcbf802af6437fcd778e7f2b9bffbb,0.3747559,0,0,2
21892745c86fa03b465cdfabb99554e9659b1941,0.24391711,0,0,2
511499162fc2ea958f3c78b1081225d335b52227,0.5162579,1,0,2
fe718980550f0221041cfdb56f83638c328cfb9d,0.06386759,0,0,2
8f577fbc1c44a4e5e39551cad677978452ea0797,0.039983843,0,0,2
76c125c3b74a390a39cdcd6666cf7e9cea0e5c1d,0.49513957,0,0,2
203918573c29676b179b673aa7e41366dc4215d9,0.69040257,1,0,2
c82fe35c48bd0082c16644d16d82d1be79d6b9d1,0.19378026,0,0,2
158d178c58e892ba87d782ecf436d30c038d464e,0.2021093,0,0,2
e8c09f05be1310ea2ded05bdd808c46a1e4485e2,0.4198353,0,0,2
b184666c1975fa4050121c694e09a88060854eec,0.4804168,0,0,2
b83e111c619232be9ba0a7bba682ebc141b618b8,0.29460305,0,0,2
2a6c6ca711f0f0d6aeef30853d5eb05bc68c2e85,0.50120854,1,0,2
01911a40eaebf2aefbac34cb2760f7f77ccd07a6,0.29686463,0,0,2
ec733cbbf25c103c2c661625717527448a42663d,0.4511352,0,0,2
300578058c7d6db0671648cbc5bfca84fce6285d,0.47830737,0,0,2
63950ad11917411d82d9adbd0ad1ccc4884ebb4d,0.36349884,0,0,2
f9d6655b42d8e1b1071f78cd7f1e38cbaa20350e,0.4741742,0,0,2
858aa75ed257a24acb983df372f634c3fc6c49c7,0.51035494,1,0,2
76a941217f9272693b5484ef360e8cf6491ef3a4,0.21921581,0,0,2
7ff71807ce589931a56ae6f1306af43c6b8632e7,0.38223824,0,0,2
bb1135e50c27938eeeeb6e6c1ffb3882dceb9f1e,0.23644347,0,0,2
f0299220ba7dc33b1865068db0c184147283a9e4,0.41967368,0,0,2
4a6c36401518a45a709ade671d442e061138d3ec,0.5077651,1,0,2
ae5df796be80dfafb523072e4efb30e34dbee46e,0.38588881,0,0,2
7e19596505676c5b300bddc39792289441634f02,0.29955524,0,0,2
55e9d25f779a3ba726a9904641e656de93a1fac3,0.3200903,0,0,2
3b6468ac4f765262f68d3d289d25bea3da521c16,0.33691776,0,0,2
89b1661fde38bd12c4d83b9fbe696db0c8657a78,0.45407072,0,0,2
f054152346cbd7c8afcdcdaf55c39f9967edacf1,0.06503811,0,0,2
346009fc677b252d052e9ee22c6a4cd2be10a032,0.2763678,0,0,2
4c84e204cbce349f3c5722750561b91607d3fcae,0.44036436,0,0,2
c353239c4fd22b8991e1488ce81218b1c9769bf9,0.41121832,0,0,2
516f6889c9153a59110d3ee9bdd907e95e10cc08,0.5043729,1,0,2
7b6bf45d83c3ec028e686318b8d4f1a061723908,0.51747286,1,0,2
817666037d3c09b9138b161964b0fafc76d65998,0.3296127,0,0,2
c3b831fa7e4ad148d8e3abe2a0e3c089029044ed,0.4615843,0,0,2
5a5bbc662104afe8f020d89d6e560f2897678984,0.48037478,0,0,2
f8c39cfd773d797adc1b4ee19aa8fc17268946ec,0.25932774,0,0,2
8ab0ecd0af3932f40b931e1d84b2951f7777a305,0.04539179,0,0,2
599e57b27c19953487dfa3828432b8ecc7cb8b38,0.19217879,0,0,2
68ae60d779e3bf4a46064fc1b537057478a627e4,0.43504205,0,0,2
c600de52e107d1fd3d5a9c1aa1bdbbd6754622a7,0.047554526,0,0,2
8939061a3c0218dd3fd27f96f3e60e48f74622c6,0.47416195,0,0,2
cff360a340b48070d88a48f06e8748a916ce52e9,0.43396276,0,0,2
52cfbfd91e60db255c3285c90b94cb6e3a75fdb7,0.4645936,0,0,2
ae31e56476646b33b0c2a1f03bb095145a22097f,0.34145266,0,0,2
0b683acf0a5910fdc4235d3103eccbfdebbb18ff,0.3709927,0,0,2
861646b25a39dcdf79bcf5a7643bfeb28e137a8c,0.04587294,0,0,2
3ea4d5d580a78213504a4611fc7bbab58b93db0c,0.43634352,0,0,2
b5955f5948a973a248731b774773bd225af39c82,0.53437006,1,0,2
09db9daa292e74b6bcff84edf406aec41ecf536c,0.16550335,0,0,2
410ab04290294dec74180043dc2aa635ca1e4e80,0.16346642,0,0,2
efe3699122699151984e8499da9d42673a42851a,0.04263488,0,0,2
d2f27093d7d95a07da901902f894d88b4ecc3e95,0.47648057,0,0,2
ca30fae3acb59a5caef3c3c21eecae7c928827e0,0.32179096,0,0,2
5ef5bd199a4e3df74479b4b363fa29b0b3092547,0.5517953,1,0,2
9e8eec78a71b7d1274043f55c9a5fc7811d53132,0.51063037,1,0,2
6a0a1876772e74a1d4a7c82669784f8bcca8397e,0.45792434,0,0,2
8c5c6b936ee6d1afb75cc2cbc151887937dbcca5,0.30707932,0,0,2
484698c5415bb578cb480845e2dfa930d3d49d9c,0.23831049,0,0,2
29a7e67999568a5c86b32ef513a90d5d090ad2b2,0.39501333,0,0,2
87f142f5c85c9a7e86d02b4599e3973e773f3d41,0.39344782,0,0,2
d664776d4cf41d7e1e46b92bd8a4e907cd3bd438,0.19877352,0,0,2
847a6d07793a198d28819731e5166f9ed3845164,0.23102896,0,0,2
fea1da48fef9e28026704e9cadaeba3e0ecbf6dd,0.30461574,0,0,2
c7a5a6afd5d2f7d8c3d518ca625b7d8a1445934a,0.034763314,0,0,2
0fdd249cadaecd32a39d25301f5242f9a92ed351,0.39972317,0,0,2
a9690db48eadd3643adc34cafd6ccc5d4a5bf589,0.23440105,0,0,2
e9a2edc877ebf928ad0c056273f64cdc861ba609,0.20211293,0,0,2
74989844d7692245f9e19b0e803d748c73e91e41,0.07611334,0,0,2
4d1c77bae99174b67a462bd5a44950ae08f46796,0.061069626,0,0,2
90211fccfc48dc36b7cd81a1ce18e1506a6f15a7,0.44246522,0,0,2
e246d2ac01f1ac741aa4673aed3d028e08a63c73,0.048108626,0,0,2
36fccb4325f924bf46babd4d8d60226f8dd3f154,0.5626491,1,0,2
5ce931b904d1f2961078b99049c293c11e779fec,0.54610425,1,0,2
cbbeae7719943308494825574a0002ea649b3de3,0.560713,1,0,2
eec10fcf0c795bdfacef4c9933585f65f953fd58,0.6349782,1,0,2
516c38fd95fff30841f9af370f50cf1f7733c209,0.5694309,1,0,2
33c95771c804abc02223f24a0234343b93ffde56,0.42436385,0,0,2
b88dd3ed853738b8e7fe9652b953db569bf7f79d,0.49932072,0,0,2
a2ba6d54852aceda5e3bf9285730da743ef04e77,0.41346565,0,0,2
350f01c78374b4df99c1a84cc32122eeeb48b036,0.29711464,0,0,2
03239b0ea42312c7b5daf4520c1ce1caaf6189fd,0.23098627,0,0,2
a428e428df2766f1d1b2b793b3f812344fa61fdc,0.33636785,0,0,2
f1a582111a26c4044c289d96ced42fc1621212d1,0.32543242,0,0,2
5c9661c300bad40cbacdb391637dacc991f16da6,0.29814073,0,0,2
daa69a5981c7c12e0af5922f0a07653446261b07,0.23408666,0,0,2
1fbb16b037e62c6af90ab89ab3ac8d3633c59a90,0.2978882,0,0,2
03cb05cebcc65b923e03fa9f41d664885bdb38ed,0.43416932,0,0,2
f4b675664a7c633bdd62d5f85fcf3f95d11ade9b,0.447766,0,0,2
4344ff7331a4f8908478e72c5c232c7a9d5dc403,0.40720612,0,0,2
5375fd9dc55f1dd01e155af8646d1ec67bd6be29,0.7118966,1,0,2
0bc43314c1216a88d0e281e7ed66244c47c57c56,0.38219574,0,0,2
30fce9d42c5675e9cae0db0401181f84a73a293b,0.07007655,0,0,2
abf07558021a0ecc50c265dcbdc5f2f99fdbeb35,0.05705659,0,0,2
3112bc302f32a74c827d672ca84a80091b0700d4,0.049593844,0,0,2
7e89c9cc80bc3fd2aab64f25dd816c6d14790988,0.38926378,0,0,2
2247ff9601374845012558ecf5963ebb7e1066c5,0.264605,0,0,2
76390c0b54bf145f65532ffe1e7b24639f108247,0.05767399,0,0,2
9a92b8526cd13e092b5185a59c7ff0f68a1ad56e,0.312716,0,0,2
6ae55beb2d28bd6cf36780b4c58da41854dc8248,0.4445264,0,0,2
d681042e60a3a1e92f4c891ce9dcffd672868e7f,0.085771464,0,0,2
a793612b9e09795feb253aab9a738bd1f7280700,0.05965712,0,0,2
22fe7f3c8b3fa204c2406c3d15811b2581e1b7b5,0.5552346,1,1,2
3856d3f0a0826be3ccc6b160e740d5c7176df743,0.5528683,1,1,2
4cc3f6e7dbee9e3684884780af82822485c4c7c2,0.531565,1,1,2
4d00e14ec8d1e83533a8aeb788437568b417ca88,0.51901543,1,1,2
b6ae1d09c384b57115bb34ed94c90e256e4b66b9,0.70677024,1,1,2
11fcc89fec70aae7eeda710e2bd26d93cb3c05c6,0.4742158,0,1,2
496691bfd82374f1c1bfee8719309343c2fa878d,0.47381556,0,0,2
6f379134ae1807cd404ed6c9579707e5dc6a6df0,0.4991688,0,0,2
db586baee29fc90f79898e9a274cc1bd585b5f53,0.3377659,0,0,2
a67bdc013c9fd965abaca375b9b47554a115f40e,0.4843147,0,0,2
b745af3975a0bb3acddbc59ef85860d08221a010,0.38207358,0,0,2
90a73a4dee53129e33a552e49cb7835ecebb3a5f,0.37926683,0,0,2
31ac0e5f3594a4517ba2be1735b1219cf85c715a,0.40239504,0,0,2
5499fa02b08b8546827a1a055c5af3f0245257d9,0.19285534,0,0,2
1261172afdae9a4b15dc9f691583261a1b020ccc,0.1489223,0,0,2
64573bb2e0bd2c7a7b1282b8a574a4796ae61609,0.39635494,0,0,2
b09b95124bc27f39e27ecfed90ce40947bcbf663,0.18145461,0,0,2
5481dd326025de2da7d89089cb969759972e7a8c,0.4558601,0,0,2
992911d0fcd230497ee3fc50dcf49042b7372a47,0.22132954,0,0,2
d0595b7121f57f1f49fe7fdc384479dd73ad64f5,0.21775542,0,0,2
cd1d329dba95dae161317c123269c24282001a66,0.40125173,0,0,2
3e3a1388368e8e4421fed0b5222904d40a8805ce,0.17835368,0,0,2
9f5af267e8c143e16f8b20fddb02ada096ee9df8,0.46074498,0,0,2
f8a7156259dcc1b3321086939234d80b6ab828c6,0.3846664,0,0,2
661008f8238acb71301b172a6aa9aaa8114d0c9c,0.19019535,0,0,2
469cf4d886f9a184168ba2d179899a600725d4c4,0.04571454,0,0,2
12d9a805a6df7afdccfac94a7061d369cc986efa,0.22127867,0,0,2
e83b4d8484cdb3dcef44ce3aede866663b526158,0.37075967,0,0,2
ff0e842058091b3310340f51a130a65a1cf6f725,0.04659649,0,0,2
a123142d947dbf38fc053c29291b555872c91ff2,0.035348535,0,0,2
45b5e0cb3a4a499ff8b0594c082d490d7b7b7c1d,0.05399705,0,0,2
29ce3e0e9ecc31a5c3cecb19246ff978fc7e7c20,0.044332054,0,0,2
3bf9dad70ea4b93de850312cec2681f3242280c7,0.032431867,0,0,2
90d775ce2270c35a7c514f5638b8a3b23d5a4f3c,0.035915732,0,0,2
0194bb8ca57e5a4a3fd5fe3c39b0ccdeb4711043,0.18702148,0,0,2
f8e33e702ca0570076c58eaa7a83baeefece9553,0.044356026,0,0,2
6c203ab46b24751c285f021caad9d8969cf2f45f,0.037377972,0,0,2
5b56985334a63d63cdd9bbea30f225013302a7d3,0.20375429,0,0,2
bf0dd95b52e0627c10c072f8b05fbad3f86fda71,0.04830842,0,0,2
bfbe9966ab45dc4787fdbc55735241023d826d95,0.036332946,0,0,2
69f38e81872d70705fd7919df3d771f28c22dadc,0.18384048,0,0,2
c5c231e643365485c5805cbca81070a51429de9c,0.038645778,0,0,2
96531689d341eb26103356410280447e94529b5a,0.29818052,0,0,2
da7e55cc7aac7cb806699d234dbb90a455c21502,0.09721355,0,0,2
6913193d33ed83bcb98cbdb94ce410069ce2513e,0.30790815,0,0,2
7f65af524d6b7fa43743a3c5593c3c57fee3e9d6,0.03812269,0,0,2
4493ec15a72045bcea25a4c6c9b4858ad5448b7f,0.037520275,0,0,2
1f207424031bd81af858ffc98e64152b3ce2f22c,0.051480785,0,0,2
cf9cbbdae44b88a7cc982765bed085b434f4816e,0.043348256,0,0,2
00d9578b74a107e3811c407ecc3da2bcdb166f81,0.13969217,0,0,2
3410aed6696622cb6b7b8bec088f9a92ea55227f,0.35384494,0,0,2
8d34352d3ca40ccee76e1473d3e132f7bd8d4a62,0.56097317,1,0,2
a04afd1f20290d0097b1ed9ef2a4f476e0b79ac0,0.21170083,0,0,2
825419f9128cb7bd01ca31b0179bff96bf1a5ce5,0.4198373,0,0,2
6215969d2a1f8d95667c208af868758c8636c234,0.25681344,0,0,2
79f997c1d6976f5327cbe5e80676a65245d961ac,0.05501534,0,0,2
4ec3674e06fd98a10de28be7ba6c6036e64116fe,0.16963212,0,0,2
6eed45b023ff3c609ef423f28fc87b42d0614f79,0.04137334,0,0,2
002e4de0d68ffab9af339283f02659472a1febe7,0.05626718,0,0,2
ef8eb3d269274d2e6e4915875d027ada1efa0470,0.038412973,0,0,2
78b8d323635b47f68a93da04f04d221f3412d9e0,0.4228876,0,0,2
055cbd0d42dfec901c7b2532f7a71f937b1d4756,0.21107844,0,0,2
771841e493ddd9839a4c029db6b217fe19968148,0.44508454,0,0,2
39f6f7fd6333da2b983f7d9001a7a51f31fa9434,0.2149958,0,0,2
6bb1b9a7bcf9d4d1aa0f4c12bb0cbb4cf4e2cc71,0.19027393,0,0,2
4824774675ec1a2c9e7b1469dd93a6bd09854210,0.37094873,0,0,2
717800fc588389b143b5c8ac20a0289a9217715d,0.41337556,0,0,2
0471658da03f5b01537153a72c0ffa7132709900,0.174717,0,0,2
bc69f94466efb770e78d1bd89a8a1bd460fc437a,0.031320915,0,0,2
7a4fc498fbe96e83af20c5d0576c42a761fe3d95,0.20055182,0,0,2
3e438a80fc5ae21862125b13e9ada9b5c30d27cd,0.14245443,0,0,2
15b4031ba94a60f20b854e6ce2c7964d77086387,0.04533896,0,0,2
543970edafd3f8e08d945612d09663060718ae94,0.1811486,0,0,2
80e4a06124a712fde81bbee093ba2ddd71851c93,0.13339004,0,0,2
454a82cb2ad2853544e641c8c80f5ed34bbeb1c5,0.119730294,0,0,2
a2bde0190da2e32a5925df5aae1f2c37a4498bf0,0.11111194,0,0,2
f9dfa3fa6b9a28439f1226c202c41df9fe2e4380,0.11527045,0,0,2
c50da916c252ab282d978da3f114b81d91ec2912,0.13787512,0,0,2
e0bc1afd7878a91fbc30e79941af8a797637ef22,0.1568632,0,0,2
aa75d3aebeb30d1bb3ab0ecabd60201bfb3aaff4,0.2700281,0,0,2
76f12abd9d81587eda4c50e7816c75607b4b23ee,0.19628437,0,0,2
9900d951d41ceb438be79b2bf1822aa6cfd1f37b,0.029308764,0,0,2
f6dbdcf3acc3009f3ae17d607a2ac898e804395f,0.3277405,0,0,2
110084e432a04d061d71768c23f500f283081e31,0.31037298,0,0,2
656abed01d37434d69881ca1292dee710209bf51,0.36586344,0,0,2
d6d2307a9ca0ecf8c540b3bf7183de5d550ab099,0.09235204,0,0,2
801f4f4b10c788212d555729d5eed92ee1a02036,0.07801387,0,0,2
5fa1935c52f3866f0675e9fd64bd04d153b9f225,0.033091236,0,0,2
d728087751d2e6f19504876d7a3f40ee7b1f4d28,0.04230682,0,0,2
e0fc7b4dc80a31bffc8c8f87a2fe4153e6cd0cfb,0.1922875,0,0,2
5b743d5e7270fa41de8b4fd6ced0d82a6e38c38a,0.03097742,0,0,2
dc565c4fc02421b58db9c0f0cb9bfe767d904216,0.034251817,0,0,2
ad56c3889328fed27f021bba3f071f676fc4ffe0,0.26640055,0,0,2
47e13b0fa2ca7fb11e52abd429d538c3c9ab07ed,0.06628445,0,0,2
97c6c963e2045def1f19c650f638b304f6464c19,0.038323082,0,0,2
0b7369cbb67e46586e9e031c693564ce7ca583c7,0.14496219,0,0,2
2fdea0d5f462d48a97aaca3b987a716ca2934f24,0.090071425,0,0,2
2645862ccff2183b731e7d6f1a66df6f2b04a99b,0.04695378,0,0,2
27df5e894a2133e122ca7e78c5de45d26f7210a3,0.19377303,0,0,2
619aa9bff4055f51df04f5f837605785a998e9b8,0.20574567,0,0,2
4c55341a48427f7bc0ce30f0699c673f7e69f63d,0.029840868,0,0,2
27ae87a59cb2f0d06ea21d4a886f3afb9a14247d,0.12166453,0,0,2
962128ce971b2edd3fc9e4a85b417fba01a0246e,0.18935853,0,0,2
287254724ea66841b932fb5f6d8cbe37b04eea81,0.5848376,1,1,2
2b0fdf8fe719f234635f652bce0a5b2abf03bc4b,0.40889362,0,1,2
75d8364771414b52179e7084cad838b6c0a0660a,0.50767237,1,1,2
1fdb3a719283209e417d57b2d77ce93540de4cda,0.37673932,0,0,2
174f3ef3f43b680468d7535d5fa8ce3fb3a4d113,0.49242908,0,0,2
8ff705130a6c360e7d2009cb9f1a4d0a307985f5,0.30974507,0,0,2
a61f3728d4e2c6454dd0069148397745b6b3a5bf,0.32458857,0,0,2
f568436033fac9fe4dc9b38342a029f20c79dc96,0.038727798,0,0,2
c0b874406621ebda3c44029ffdf0f6017d6d8c22,0.3686711,0,0,2
52ea3c337615e386507dbafa686d1f02c03a4c82,0.083257906,0,0,2
8688adaee68dce1c54c05b44946635973b37fa06,0.36179677,0,0,2
27f467b4eab7864a4ff799fb2289cddd2c45d30d,0.055070378,0,0,2
1ffdfd2ad15f4f62b9474a2ae72f2ad0a42c6a98,0.527417,1,0,2
24c8eb250b9c7dace0efe91fd1f36c799b174606,0.30167165,0,0,2
060cfeb90df4fda2d572fa63225c63e304c8615d,0.28638765,0,0,2
3ec04d06cd96131c7d2a508e1526a07f33efb490,0.37267026,0,0,2
ec3d2af993826b57cf47446d809db2c8b49c7a77,0.2899665,0,0,2
f79ba553c602c9cd1a673c30db79edb6b38f0db6,0.34056506,0,0,2
3e6117dacd54430e555a42a5fb8177f4553fdab6,0.39646134,0,0,2
7ee877a4db8c6d6871444abab28e95e9dad7c932,0.34080127,0,0,2
00c3c8dbf20322d372ebdc28c2b9fc25926a766d,0.3102232,0,0,2
07c01318ea4ef19ede234484ed102f94391cdcbe,0.3131958,0,0,2
f56aab06534e643ab1e413c36e367fa25e24621f,0.2997783,0,0,2
6d1c4002aad95031c84bf3bfa777852492d23fa1,0.51647085,1,0,2
7e3c917567dc3163c2228dd01e4ad90dd0b76320,0.34098917,0,0,2
167676d596bbbfe82a52f0dae6847cad025dc095,0.03035044,0,0,2
9c24b00d32acfba096d8b3fc12168bbe0ac4ef55,0.057480365,0,0,2
0e6578069293282865a3dd4843d4f80f52476e7a,0.049098678,0,0,2
81e60b1eb541557f5be44e7f663d5a816fa90227,0.46178097,0,0,2
e25b6fedefdb1967fee9f64e0d0242d6472ad828,0.14955086,0,0,2
7f8236cfa274504e0f59b95285e7fbf2efecda90,0.32443988,0,0,2
ddcfef13549be8395d2c9339632b3ebe80363d49,0.6407536,1,0,2
4a5aeb1abe8ef10eeb5488e04e688e2daaf4eedf,0.32769647,0,0,2
13ce8fe63c8972c54ca717055c231bdc487d479a,0.48051798,0,0,2
8c12ad11eea80440bbe691cb50531c70f53cce95,0.35191855,0,0,2
692be5e1d4326c6e505c10e8dfc3adeb7958bd74,0.4406796,0,0,2
a733b7a87ce7abc0da33a3d56da82b72407683d8,0.3966826,0,0,2
13218943435188789ab706c2d97da8e2aba1770d,0.39547274,0,0,2
581baeaa99864979aad55bdd45f054c8a53c341d,0.034290954,0,0,2
80fced6db6c15d7833e2c06fac4098640ff4c742,0.22942737,0,0,2
0ff845a477db67a485e7a8c1cd8265e520bc8c05,0.17594011,0,0,2
66b24cabe95485abbe4398ff468a57e5ea0e3cf8,0.29700837,0,0,2
5ec70549ae7e7d2eb97d3d56e696dbf0cef7ca35,0.2886544,0,0,2
82c95c5f951ec316a717d72a46e9f1f7792dc818,0.5277723,1,0,2
0a4b1c3b316335a1ee22ea86c28c1cd58b1bb583,0.08863504,0,0,2
6e710a1f78a4a733020a4b2d1f07b6fe4c6684f0,0.7099142,1,1,3
951b253fc38c09114d0fe273a3758a15c151a8b4,0.76099294,1,1,3
f3539c7eb312b127122084279002d3fd238c9a17,0.73045033,1,1,3
7aa5ba380ef6aea0f2f594873b4c7378adab0f18,0.70005286,1,1,3
def1380280b9be6d166d3938ea4b0254e9b55dc9,0.7930806,1,1,3
cc06ae9bf7a1fb6cee46c40d2a6388ac05d3f5d1,0.7476893,1,1,3
7972f1ac1b85a5174c9f293ad98abc87edfe42e6,0.8020984,1,1,3
bd1c4ff86fa21358949e925274f5b8146f5d02cd,0.6878656,1,1,3
be2aa80bc371d600ab2230c545051ea6454577f5,0.7461654,1,1,3
68b033741b02c3ae54d649e858790732bc5c2d27,0.7993048,1,1,3
4f5d25205a9cec988de300a452d641a155406b79,0.7297013,1,1,3
d1e97bc85338c563f4f732bcf917a08b3cbf4792,0.78724706,1,1,3
d40c01673e866c3c3b5b51bce66e9518924cc31c,0.6623559,1,1,3
5f7d5690a97b2ad95bbe381695638f0c7ca2c4ff,0.09018875,0,0,3
8d340a008767c5d954b7539e825b4c90eb15ab9b,0.06516559,0,0,3
84e490b66f61e11366b62efc42e64b60ae7db35b,0.105353974,0,0,3
fc939bf6838f4bf986e0b42fddee3df6712371a5,0.074341476,0,0,3
5c798eb50aec6040f415b6def1912d4345f8310d,0.06811211,0,0,3
d1758567765117cd395ea47319d3acde7fc663b1,0.08763177,0,0,3
517b8beb06f63301629f0ec3f58f6b667061d3fd,0.0785165,0,0,3
5c715cd84d600c0df0215846efaece2ab4673546,0.20105511,0,0,3
dff4cea14174548f52d6fcc66c9bfd7a339b7336,0.48765612,0,0,3
02ae34d1d3f3c9f9c25160cb14c119958f25af13,0.117485926,0,0,3
8e0e1c32ff1ed1da4f09fc9917812e6457e6fef7,0.08695074,0,0,3
18c5b2536c114c86b810bb3ee94474fec596a462,0.07998303,0,0,3
c6e4d8c9f534d3e70e79bf718e40724d56186109,0.3410991,0,0,3
5b5ecff53b50a67179f6245bf60047c59f027e26,0.08242773,0,0,3
46dcd98ceb70720f96d4cfa23b001ff108bdaebe,0.11284848,0,0,3
dcbfc80c4a14b91194fc8b74760b079cc0a4ce42,0.07960634,0,0,3
23492711d234f2fa647bac46997e361bcf985423,0.12470521,0,0,3
f10279a29d47d389a31da907695673a992555adc,0.124987796,0,0,3
8d5925b52b48b4c69934ea5c48aa298a2ec74e84,0.5842946,1,0,3
a30aafa016409048747fe9730d6f7892eb12d7c5,0.23681599,0,0,3
a3611513fc4de7234ef49ae46d646b0795ac7110,0.07104105,0,0,3
d0eb1d1dd1d9aed27c433d78a76962340fcbfc1d,0.13312785,0,0,3
1ae9dfaf45e0a51ee7d604551f7e1932d1787975,0.06893733,0,0,3
1c2d56e8a91b0f64317a9e02cfd4b45b03d3019d,0.06771302,0,0,3
2cd92aa6e3f44df6b0552a28b83022a7f92f8946,0.15102255,0,0,3
79ad715f02e02af76da0c6e47c164a80768a01ab,0.31499732,0,0,3
e5b948a1687270192753993c998d61c7a91faf49,0.07889402,0,0,3
b81a48d78dd9be1c3eae57cece4c88df92c30247,0.07752457,0,0,3
0b873b95a840f8cfdb51f4ceea3b524d46d20715,0.5180529,1,0,3
e350a38760c93e373562d6a3e906df5904250146,0.064383335,0,0,3
660431cf4f7e2bda887a0e35ad3a76bdccc14110,0.04714399,0,0,3
f65e9aa63f8f266023a986507834585a9580c555,0.11383111,0,0,3
535cbcd9f20b29b3c5a5d69f654cde57969b3788,0.10297598,0,0,3
2d650f890ff1409f2944bc56cdc4b518b35e06f5,0.24430706,0,0,3
1c4f7bde1c8f7d8c0e09484daa626fa4f40e38e6,0.6275075,1,0,3
b9a22fb6f6f460287993d3cf087ae5ff036a6c21,0.70268035,1,0,3
14d6a09601b68f60e6b18142b597a6890e5d581b,0.65001106,1,0,3
54fdc54dd24c9ece2bfc32ca12e88545ec923a96,0.34233582,0,0,3
0ff7c091143e8326eb88dabce078ca76778a587b,0.60104215,1,0,3
32ed6601f216dd1300876719cce837bfa9824e26,0.32847393,0,0,3
7df11e15457e8d8bf4e5730d20ec2412c429e091,0.46121672,0,0,3
15f7f84678a24533e42f2fde230c5f68d1b33035,0.49437854,0,0,3
2499f70cabfc8d17f2c6de124a81fc0940a70fa9,0.40075245,0,0,3
6526a5e83c1fb9644da34e44fdc5a3bb8a357c84,0.4435608,0,0,3
5904d90ade8663f5552b51036740352a9b796892,0.60448915,1,0,3
fdb75911387f77912c37dcee0af4a2f2e0977f3c,0.13289876,0,0,3
538a97b115ba4ea44c57898ac7c4fbb77fe0e9b7,0.64128286,1,0,3
fa0478f4f6fb724233dc3e00a9f8dc557ce7cdbf,0.20696507,0,0,3
ec81d7ca5100fd97fe8428db02a2cdde967ac87d,0.07247563,0,0,3
81c40b9820625d3f529b116baf6b4a3d45dd2f75,0.0970579,0,0,3
2b085ae34295d5ae1d7eaea5a55a2df220bf1bed,0.13730273,0,0,3
d6a354e203e4901d3eb6a36b3aba620fdb222da7,0.66383725,1,0,3
37787b96ab21fc226ff267aa26ae58a58b2d20f8,0.21506256,0,0,3
f2f704eabee027175b0c1eaf934c08e7721a9b24,0.120264284,0,0,3
e1fc87d2d57c2d7ee941e651f33b582fb000dd73,0.06271987,0,0,3
fa8f024d082998c7ae48b21f3eb6f8f2ca56a719,0.08064849,0,0,3
6bce493e47fdac9e64a9ae1cb3c358f31975a43a,0.0785604,0,0,3
9daac904cbc627e4a43e72f72159c552b25caf74,0.6495178,1,0,3
658d5a97c708a926b0425585f9437a0c1fc2b81c,0.54489315,1,0,3
db695fe90b181948f271e4970ec83d4de9348577,0.06302916,0,0,3
9c06ff87decab7357d44d8766f6a277ff887d921,0.37461773,0,0,3
198d448ceab2bc061d18a1a689056bd2b96b76c5,0.38779515,0,0,3
46b15af8c5fbfb026be350ae16eca89fcdc87aac,0.06308822,0,0,3
b7e86cdd772cc47a031d187b79d075af8155c2e0,0.16419595,0,0,3
198e589e62f687a91d4c27057ebad918e9f9bf3f,0.052853037,0,0,3
fa510146c09a498e25e590ef5cc558074337fc4f,0.048706435,0,0,3
badca06dd1c70207215c7186a31955901b637661,0.082226664,0,0,3
91ac1574aae31a29baf883d2cf45e4e1f5aa9bbf,0.076051384,0,0,3
82ca28e2ec8fe9771f01b5aab3386311ecab80df,0.7351072,1,0,3
9f8120beb6b351608652002e057f97f8f6c0dfc3,0.07861357,0,0,3
c66b23747627a2b432e0068561d457cab9f97ead,0.068196185,0,0,3
a6a5e3033d424468cbd3a6af051aabf3b5bd4d00,0.10006735,0,0,3
2902a9a3c07e881dd7aeae0a55189facfab1966c,0.65179104,1,0,3
fe487b3336f8279d8b74eff05c5ebfe6e01281f0,0.5681517,1,0,3
3076802a78f14eb1b4f23831d5a1ccec79b26554,0.07259807,0,0,3
5063d256221e7fe8a8c433401bea988d7ccb0a35,0.06268673,0,0,3
a6b9ca3f71d44dbe2562e13d63e4b30fcaccdf50,0.15626147,0,0,3
81fec3193ad12a0f78eb021c4a1548484595860b,0.30913875,0,0,3
902a680951f318488a4bbe0184a3a223c5709b01,0.07990278,0,0,3
b84f786db6d85cbf9973adfccdf135cb71824b87,0.060259636,0,0,3
a2b5c7a9aa0b5f617502bf6003d43913d507a11f,0.3402325,0,0,3
571725cb7bcf091b5457f1e2a857aa51e8a70f7e,0.11965498,0,0,3
10118c9c1b00d31868d6ab43e8171e3c16efdcfc,0.077045865,0,0,3
ee94e6d82370b6b6086cae2693dc2fe31388fb64,0.36929643,0,0,3
dc58a824466ed492fc6d5ab11960eb86584eff26,0.33077073,0,0,3
56c04300e8f05bdaccc2ec60fc751c09d86b7b68,0.06986245,0,0,3
03542311e2a461f0324ec700e98e78b5540bcff8,0.0615456,0,0,3
4746531428aaf9e3ae7d505b5a203350d138ea41,0.048941344,0,0,3
05b14fd01e43ab8a385bcfb53102a270ef2d9375,0.58076,1,0,3
77868bf772a03d61701bc0d32dfafea63a0382c2,0.6506282,1,0,3
83fcd3e1e220b9f3aacc63aeb4da0a898684dd0b,0.54235226,1,0,3
dcde20001063fc25f622e4b1c7775f735a7255f0,0.5230223,1,0,3
82bd5be8735c01a767fc3ebc3eb92369ac68302d,0.60638195,1,1,3
e1188f368087ba4bcfada44d645e4f8661d7f9b2,0.67395633,1,1,3
2c03505da053d07cd3f729692738912bdfc2a5b7,0.67344546,1,1,3
3fd058c02a1f8881110409be33ad56d3af6386f6,0.73868346,1,1,3
bb3ddfe426cf4ff5390f742d35bdba02a4ce7624,0.6423013,1,1,3
09b1a632c17b34650d2bcf748be14690c9882e52,0.50432825,1,1,3
539e1ee1d68c27defd0aaad09a1a0b68e059de96,0.07106383,0,0,3
da69323b29fe8e373364b9399bc67523dcf2af62,0.08627463,0,0,3
c1ad21bf966d01dc5cceca82f102c0f7843d5617,0.113744676,0,0,3
efa756288e712849c78c4230df05c2d1abeba91e,0.042634044,0,0,3
2f757454dc41f4d130234aea68b348da4f12a0fa,0.043624975,0,0,3
24b5e00be753889e4907473ce57271acb290cb67,0.18765482,0,0,3
7f293a06a0b7ec9b554d51f150991efa9b7dd54e,0.065954156,0,0,3
95a524ea06e546330ec3d95b9c139b7edc599b86,0.20026943,0,0,3
314dfa80d4e815ba3c689cd3ad0d508209665bf6,0.35977966,0,0,3
c07d659cf8f7b16452472da6052a1de326bcb6a4,0.043601394,0,0,3
545536e34f180edd32fbb21b0a5613e6407f0980,0.07395922,0,0,3
225afb8bad88c9bbb70b24d9ac3c28fb21f39465,0.32896355,0,0,3
041e9565ab8b187ad0b88780a5fc0a5ea24f29a1,0.32884517,0,0,3
c4828bfd09ea8c579fa8840cd77733c64b8ebb39,0.067315586,0,0,3
dcaacf4cae54fe199055830f097d4ed504b3238c,0.21018231,0,0,3
6f22f4b49c2a3a59840d28e6cbe0c37a56ab1f90,0.4135825,0,0,3
41fefde64401d2173ff019a896c4dd72b4fa5636,0.055639584,0,0,3
080e96a6cdea2f5fe8727b8249044b89bc54395d,0.0666828,0,0,3
497147e3e6ba0a50c32817e14985ca5bf1041f9d,0.36434168,0,0,3
40708bdf04dae6aa49bf8f3617f2efc16c83c5f8,0.5112387,1,0,3
84ad767a87c69a265e9105c51efdd87ee57b8635,0.25949353,0,0,3
f0e8d41fc8cc746ba9b66b72646db6bd8b25c6fc,0.347138,0,0,3
df5930892d9c6eda392b96bdae2e7afd342f7866,0.5562176,1,0,3
0cdcb1fd8df9e9185cd3abb128d927d25d7de8b5,0.4242866,0,0,3
cf15c51722dd4b406876dce1ccd52eea787d84b7,0.31653383,0,0,3
b691f81b482175665b45cabc056e58ab0df03ff8,0.10087715,0,0,3
fc8ef4d22c95b13b907ed14b19cea8ff5fd1e653,0.069019586,0,0,3
8054f746bbd6191f5a297cf6f7f26f9fefaba307,0.073505126,0,0,3
fa21d6f7e70f057c42d4af9c40ed47d3d841e5b6,0.19233851,0,0,3
bac647543497f0aa2a9f92fe726e1eb18631b4cc,0.45395002,0,0,3
cc6ace18900eb92606b6a312cb1ac5c4ab5f435e,0.2016638,0,0,3
c947676916c99f2feb5e183aef9629a1b21d863f,0.1271512,0,0,3
1f3dd9ff8a4f8302eb4c0bf4072d2bb7d8aeddd9,0.07549686,0,0,3
ca7f64f016d8354aecd38ef73405e1b3267ca791,0.2819991,0,0,3
06005610265c342b52051b997a43ad6e963c5a0f,0.32674384,0,0,3
4a8068579ea5bf1e637f8bed09a203508abde315,0.048645403,0,0,3
30c217ec400b9175e9490807748ec3e48fe2ba22,0.42883015,0,0,3
d80acb29c04a8e92a3ddbc539b0be8a521098870,0.66664547,1,0,3
e43138b0b5f0912cb358c0e73eb6247b273eba75,0.50585014,1,0,3
1b84f2ee7a41e8ab12faa73130187763ee5858ea,0.06447706,0,0,3
4b5ef21ed6104befc80e1dd501f964e7ca6f1ce6,0.053424183,0,0,3
c6c1971ca1fb5054a0847b0884488165606bd703,0.05274183,0,0,3
68e0a9c71443738b1842e99925d37bf545f5a151,0.0761573,0,0,3
7ebc8107a22038c06c0b0ff095f9f73d854e1422,0.08577606,0,0,3
9003b5b5aa4465e84c934819f45c1ab4365dc51c,0.53299564,1,0,3
4b8647bf6ce2b478e6bc90d0158ce81939a14378,0.07701675,0,0,3
2d1614a2077eab0b981d4a0c4c6e10a7ecda71cf,0.42842266,0,0,3
3631295c437c5b8915afc7b2b259496eb2d5d782,0.5556404,1,0,3
b12610d35e7798c66fc1d9b0811d10aadb87569d,0.06586305,0,0,3
f3a785108f853e327001dcd435e92525d7fba96c,0.51024574,1,0,3
881a4ee8db1e1826b749579d2284ace982c953ca,0.06282929,0,0,3
e91d0f0510ee8d69c76ee89b4e57341418866c6b,0.061145365,0,0,3
8f7c59ce888a687a6c9089caf0c5469984a073b4,0.06338743,0,0,3
3c644cf87ec8c0e6313b3a10b6cfd66279b8093f,0.24718311,0,0,3
fb7e1e265dd9e560b3a3127a6593b6602f60026c,0.06009007,0,0,3
1c9c43c1d4bb76d7e47cdfc9c6681a38305a95e4,0.18923423,0,0,3
18f181ada7826542725fa4a9460307d606695b5d,0.8073919,1,1,3
bb7e8951cb6ef08ca9df5fc036217c3a45c4d33c,0.6398909,1,1,3
e280c8636792c5426e54868d464c9d28287a98fb,0.5763456,1,1,3
54a7796ff234a9cbd2c66f8b1e5621f0898402f1,0.6537988,1,1,3
8e5867eda8328e4cb2e103d098d0c9f3c2fab50e,0.40084973,0,1,3
e42da5d9d21438c220768464b6a1f5b36bad92a5,0.53849405,1,1,3
c823ac5673e9da094a3b24b99987a533c548dac4,0.74222475,1,1,3
7573e9eec065ac1ccc2134aa751a191da3ca3dff,0.2547853,0,1,3
1cdc902f3d7cf877b4db7a31f19eb1dfd2fade3e,0.62269753,1,0,3
e9ea52189a92f7e2ab051e4d75c4e0c872034b18,0.3158608,0,0,3
ab0a2f761f4529daa0a1e7128ffb8ae417a0104d,0.08517678,0,0,3
7ebbaea90e8002f5542e22bbe92075ffb5383d2a,0.49746794,0,0,3
721730b00b1dc2ea616a3e7958e4ad15134de975,0.06849588,0,0,3
05aae985d9d0e26cf278cdd6f69672ebe3f8ed92,0.33208963,0,0,3
f7222ca6c3b6c1018a52fd649029394e6608f1db,0.06599688,0,0,3
b285f17023da248bdcb3093283e4b9e930bdd09c,0.26109746,0,0,3
af858a6ca224946195b1923a780678b20cb99603,0.1513293,0,0,3
fa027a4685bacd9e32b3bc7d875717b4457f6829,0.5526363,1,0,3
edf56632b8a5413f5e0adfe2d1b65e595b88a1d0,0.090847746,0,0,3
58693fbcb3236a9adb0f47088d88ee3ef7178cb4,0.34841663,0,0,3
91291520cfd5f6c2c91fc242018860c5d1d277e4,0.49715772,0,0,3
7bbba6995a12412cd7cbe1ca693057c5299ab4cb,0.39959148,0,0,3
ea030e732e3556a2a4fa51bcaabc080927ddfa48,0.40655953,0,0,3
310008f48c0a830138d35b3024106560d55b6bd2,0.38265067,0,0,3
ca22dac3f852c7290f60c3c3a5d66fbecfba91f4,0.09866033,0,0,3
bcba29320f5f6f860335266d6be8249418ceaedb,0.078704104,0,0,3
9dc30fddc109504fc80fb62e33554d54cca47faf,0.053627886,0,0,3
764f56955d499fae11db1aed6e7f0d2d0886e6f9,0.06993985,0,0,3
2933e5773b1d64a9348024b2a6e8dc6dc90e6590,0.40574872,0,0,3
0fa8bcc008b6a011d6fe41e64ea4379d0b57f20b,0.07427277,0,0,3
7897aa6a83a5e63da487e72c2735fb042259f6e4,0.20049177,0,0,3
3b501993588d27d91ad526a436e3a10ecc8d6e8b,0.044695314,0,0,3
b353d07bcca9fb62ac387d69d3e99004e27f14c0,0.59237,1,0,3
6b43922648fe2dfcb4cb1aaaf5d795f00a6aa174,0.12931746,0,0,3
b268dfbb824ef307862e489aef7e71bba4cdcac5,0.21021082,0,0,3
b957ee1646d893fd946a8b9a53c779957ae7a240,0.039808705,0,0,3
996c0c164a083c3dc2fbf2768750e3b3a81d77e0,0.5923161,1,0,3
12ddf37f23cd77903729b3e611ffae10e96ded47,0.053168457,0,0,3
7e6304ce63da6c6341cb072abfd08caf0456328e,0.33619234,0,0,3
b9b73fbef5c0f18aaef22ef60442518d7f23ec83,0.08697255,0,0,3
675d4c8fc848ec5438e48deb2e8218b6f0078814,0.10701808,0,0,3
dc666f419e691e6a04342bdd9cf2e899455a8738,0.07809807,0,0,3
9bab875f03ffea0aacd1d92fbbecc96d491c1201,0.041562337,0,0,3
8d3d915dbd0ccf716f0d15b6b2396cff214d9cd3,0.5492075,1,0,3
326beb22c6aa872cbc0ad3706cfbe706bf9eab41,0.48938116,0,0,3
ad882055edb50369bd174ae56a372838aa89cdae,0.11196479,0,0,3
a7363a2ae67b585790896de45f57154474480fc9,0.064644076,0,0,3
2bc9e7ea86a8cc1c3b2436c46115c87080228004,0.0988195,0,0,3
76f154179b8dc6940355d7fe7db468314ca39e84,0.17614296,0,0,3
4080feff61e8dc1cd4af2361990c33c9f1014147,0.052283086,0,0,3
97accb47de63ee5063eda23641c6017e29ab81d7,0.041442852,0,0,3
cde43197f980538e411d851735ac7a63ddd613e1,0.045840554,0,0,3
0dec6e76fb544fa3e8bf5fd17f16314735971dd7,0.6603217,1,0,3
f820d06fc0d1204b0cb386214ffeb42ccec669ec,0.04359089,0,0,3
566c4d59a177be4b65d17540576eeb34d28d24ce,0.6200359,1,0,3
a516976947341e0e18bcc0858d85d34cd0c02cdb,0.61086446,1,1,3
7200c43dea3dbfbd9d38b937c44b6e71744b05c5,0.8152595,1,1,3
596ccd59a11ad5e9fda19ccd0f4fc714d8d3394d,0.7460624,1,1,3
301ad592142079d36f4d33f5309c103c7f4f5dfb,0.3186977,0,1,3
f8a8ea748a0b3015490ccecec7b97f0ab2daf9c4,0.46319225,0,1,3
8aec465b44dedb7deacf80111ea5286914093094,0.39863607,0,1,3
34f3f4196084768b2ef6b3db4608d8eccec50364,0.3260618,0,1,3
c53f2106109153eda10c47a6960a5a579d1530b8,0.548471,1,1,3
17f52a2e559e68d5c6ccc98fcebb5523161fd0ed,0.48652408,0,1,3
fd7a4362caf2cd69368a38f2f71ffe19706e341c,0.73012847,1,1,3
753f278d10fc0c92e912965379401ac182644101,0.7543262,1,1,3
491786ce4182daa57ea61deaf701f756f57f6f1e,0.75961846,1,1,3
de73ad3115c19d5f0771754d233d74055a2a10bc,0.599646,1,1,3
d5f586bd4e1a20fc09a33aaa5c2b9320f4a2aa72,0.589114,1,1,3
8d4fd1dabbae4d7ebc2b273af9275ef8bd0e1ce1,0.624672,1,1,3
6e5eedb3fcebc5894c41733bd26c8b4d9197873b,0.042389747,0,0,3
3b7d0b95466139a147fc504b7c18897dcc826c65,0.3832668,0,0,3
6a82f92584b36e28798479c82c0d3263c6347b90,0.19641137,0,0,3
b8e9475505fee98aae2819c03a33c7aa3db843d3,0.053733133,0,0,3
a14acdf6395f588dda7597bb4c7810dacaa503d2,0.04204803,0,0,3
85a20aad64be04127106f492e26f6ad6d6c228c8,0.050511256,0,0,3
1325e114108136eea3fe77a4a270a2da7eff98e2,0.045215663,0,0,3
bae46709ecb13f80aaad0d279b3618ab83d09275,0.13443385,0,0,3
dc5f850d1d9b0b952b7f0dabd6778cf0f7675cba,0.03863268,0,0,3
b4abfb93676fb0abbab1d9bac40ba2714a3872f5,0.05126497,0,0,3
9a9e7268162f9fed146c74a8acbd234d9bc2ed84,0.09575098,0,0,3
b262c2359c9ed53dae3ce2ce7a0092273f4eec65,0.52054083,1,0,3
c30b59103b6f1390b0040ee74b985248e8b1b849,0.5007706,1,0,3
0f36265123605cac6af05b7b8c8f4036b58f4da4,0.065233134,0,0,3
cb177b56b7664ab323558545737646896f4d7e70,0.062061355,0,0,3
15bdcc3be2b84f68ddcd822da52ef045ed89e57b,0.06386592,0,0,3
6a8ba1fecb47e5ffd5387654d0cdb7c372ccdc9d,0.042959563,0,0,3
75efbfd6b21ab36fdbc440bc001c133f824bdc3e,0.042049102,0,0,3
f7e42d2ccf949a5893a439227c8c6bafd2598f26,0.064496994,0,0,3
c7fcb448c99ae5fe9db9b217bea1233df3ee6e57,0.108788975,0,0,3
d0721feadc1e0cae6efa3e0d82f523debc5b8d97,0.048354793,0,0,3
5f47ad718e0ffcbbe6cd2f8d32b2e345c4af3a48,0.59711015,1,0,3
745d383af12137ccbcbe1f3cb4c9db73f87a66ca,0.04347234,0,0,3
d746a54c2ee50711283bb49e557f58ca491e1bac,0.05030721,0,0,3
a56d4998cf16ff08f5593fb7d4dda66ca05dc269,0.24144301,0,0,3
03e65c98da2a0b2e27b14713543c2a61d56b1237,0.089887224,0,0,3
0d3545e5f68d024cd4a05724a15746d8dad986d2,0.046138484,0,0,3
6b1b592887d9ce95fb5af1e216bff56b18c7902c,0.54007214,1,0,3
ccd0fd51a5712ef1d85110eb61130c906fe4db13,0.46985996,0,0,3
d98897b11e6f4adf1d0a91591b1bb6be501cd29e,0.10119746,0,0,3
4e08e17ec536038c9c0dd888f77b912cae82816c,0.51019925,1,0,3
86eb3a2fa74988e4ccf3aae7f4b77edb84555320,0.52093947,1,0,3
45df5da2640f8f097915b8a2a0249ef0f6cf514e,0.22524329,0,0,3
76b7413d2b1eb2dc22f05de5b76f9519be5142e0,0.08901392,0,0,3
bfb3cf8bba6aab198c4644e236bbc9f3807111d0,0.06306196,0,0,3
093e3bb2e3cd9992f3f0d14373d406bb9b2ed36e,0.11061607,0,0,3
c440f668aca99266b5379235f6d99d378630c938,0.516558,1,0,3
a1c5a582760c7f65572d0883fbcedc843332d7eb,0.08683013,0,0,3
0a499402d707bc8cf775d7f9b3840780a7401f7d,0.1517321,0,0,3
8e4e5221515f820108f48396a18ceaed73de8dc1,0.4593881,0,0,3
3a4e18ddf151a624eb5c3596ce8400ca4679ef97,0.056872368,0,0,3
8ed40d530295d819e0ca964b2d4542f6ca6a9929,0.04116946,0,0,3
a6abb8b00355db97486ab5023305c3f4e9e19ad3,0.10222928,0,0,3
b494caa01985c623601735f1bc10871cfb8aa048,0.60626256,1,0,3
5597ed7ea300ae3d08cd893b0133bce26038a7df,0.28779373,0,0,3
002276ea313fd880122502e9840b43f996acd537,0.03757422,0,0,3
bd5afc0b5a977c168cf046e3244477b48fa72c5d,0.050150156,0,0,3
b313ae68888445f4c08521bbc8d19f39310c6890,0.047909025,0,0,3
a675ca7802065f459a96bdbd593d8dc491180cbf,0.40774468,0,0,3
8be87e032a8c05622148357f30bdca3c614a669f,0.4729789,0,0,3
96eb80efe1da48f37846aa899260aa0c84b15944,0.04513492,0,0,3
75c2b24c681e314c4e4e07243b31430ba4e42723,0.59486187,1,0,3
276e22858cdd56f5725e0c2f7a3522df99967973,0.04366644,0,0,3
471e6b078a7891aea99b77f200e828a7b1c9bc00,0.058408473,0,0,3
6d7ee38ceed6b496d70502e276f80be6de618014,0.04365204,0,0,3
5cfd99f0dcd0d10689e480f0854e859079f125d0,0.11172158,0,0,3
ed6c47dd9ebbb2e38fb3e17a2b961f0fcf0e6df3,0.05241535,0,0,3
1fe7a43505aa9d00bd9dde45aee77935a5147561,0.40408278,0,0,3
387880a630c65b955a3329a2f7b987214c41f6da,0.620169,1,1,3
cf4416a84203ff9d360d4398da3b166e6d0c72b9,0.5238886,1,1,3
a7fe613853516f0abde34821996a0424882bb919,0.7135648,1,1,3
7a8a7783315917b56b6a71c4f28cec4ed1d91a7f,0.662543,1,1,3
9c545d44a4a703c88d417a6fa43298a80ee67735,0.6866811,1,1,3
4f73871cf40b6dd05c8872d39246c67f798ed915,0.04427787,0,0,3
41f297809965523fcd021bef20b304b3584d9b4f,0.04602833,0,0,3
03178c8b15f1b522b98ded0f83cfb0e79f5ec4d3,0.08271002,0,0,3
f70741c9b216d3836d047c542847920d4778cf9d,0.09047141,0,0,3
5ca0a1c3564d35293a5ecf03e5f32e6f0f6f445c,0.05406552,0,0,3
4c4b3e2e32ddae35e4c1a6ffce1cd2b2eafa958b,0.06527786,0,0,3
72a46babeb0da02071e47425ebd55da915b98178,0.041695457,0,0,3
9c51e5316babbd370bc32aed0fee134216726ec9,0.05970697,0,0,3
392323e2d44bacdac605c1a4f037f06e21dcc239,0.07305812,0,0,3
10dc13c80752b0489d291b54440212ca54c59fee,0.04785733,0,0,3
7b9df59a96adfce979c8c564dc5eaa6a29b7f25f,0.04957291,0,0,3
818533e92bfb1c142ae4ce5be18ab92d1ae17025,0.075128876,0,0,3
47fa07eade06908ded4206651571e71a2fe684a6,0.043189254,0,0,3
46e97d9e04591e8198ff38bd2949fd5514da0d3e,0.08272236,0,0,3
08cc26e70bf145aca293d55fce12aef835263f53,0.2237893,0,0,3
6c21bdb4a107b49e57c9e5d6598d13ce6f85fc5d,0.25577527,0,0,3
18a027b1f04e420c18ae57aebe8fd031b5ff251c,0.15369478,0,0,3
82b84c0fe9054198099752a66575cec0c47524c8,0.04792627,0,0,3
b10b90b0a3947bea98e3646e7d29f853f3b5c6f7,0.11796801,0,0,3
8c141a1705808491f16a27b53e1ff0db0a2807fd,0.05821478,0,0,3
40f969bc9e162deead55967da3c128e2da933dfc,0.080049776,0,0,3
f348d34fb1ef3c968e2981283618aa85db203901,0.05053706,0,0,3
999761ba1bc5da820a1d2527c4aae29d95a7013a,0.58929586,1,0,3
ce131449a4ca0b06c6bb27ee5d8d6d89b1467bbd,0.046986498,0,0,3
924e1e9064f90d958b4f57e9c9c0c543bd19dcfb,0.05529621,0,0,3
f36090e3141cd3cd6fd58f1f46a30af2582559be,0.052912697,0,0,3
6fe2094e30107512e470571bceac91cbedbd21d0,0.3208396,0,0,3
fb0078159d2463da149de54018fca79a9447153e,0.04955612,0,0,3
73351b6adbf403600521505bef288057beb2bdde,0.054177027,0,0,3
079a07fe18f654632b80b274f247775582261e5a,0.047551155,0,0,3
4158323ee456bd412e7357a4a6bc8bf50deb5d9e,0.045498166,0,0,3
2fd6c8fa1e392f985ee860d8ee154a612ddde569,0.050565805,0,0,3
66d0a9a0a00dbb259425f17745f7dddd7e676f71,0.046751715,0,0,3
e14d9ce8e3c57b7352a647c0a8e62eeb88ebfba4,0.055555128,0,0,3
9e0c5ad4b3148f42f3940faf7d67b305e34bef0d,0.050475102,0,0,3
fa1aa44c7623fb2142e588c59eaf56db7bc237eb,0.054940596,0,0,3
8fdda846c4653b6ccd49c47a9586c374bb20a255,0.055314206,0,0,3
a94ff90ab6cd2d92ccb2eb1fd7913b4e5256f02b,0.7787578,1,0,3
268bcd622685b28c2d50bcbce64ac38f7e90390b,0.76507944,1,0,3
09e31a01b51d7418fa0034ecd4cc11848436fc18,0.76483375,1,0,3
487ac1980148522d628e1d2aab50b107c372798b,0.22172794,0,0,3
34646ec9b52192a71e52ffc09cf7fefdd506c48c,0.11891932,0,0,3
7afc1c34fc16ec04f82105f9106b7d1e5232c4d0,0.060162883,0,0,3
00439211981af7b5baed495f526ef8ad76ee7c5b,0.05532466,0,0,3
1d635088f697178660b6e1c9a89d2b7d3bbe2d29,0.04333647,0,0,3
a4a62ed7c1e3c7aae09324f0ad1c6078f0fba471,0.062165193,0,0,3
b3a68ca842841c4b9713462d5f01742cf71a6b4a,0.05392094,0,0,3
2d868410eead061d59de524bada4de9e3d2bb442,0.15906097,0,0,3
813aa11d505b9507b6795d36070806cb2d96e5c2,0.08998974,0,0,3
88b29fa46bcf6f56df4213e1ba7810735a28d755,0.0427435,0,0,3
eca374db08ffbb3dd8de746632fbd74acb8f2c92,0.061968796,0,0,3
2ab17f529d07c1f618ea08d968b2fdf3a382a792,0.055835634,0,0,3
9a87c766bb3137a50656871e5dee5a309543bc7d,0.0483098,0,0,3
9ce4e1a371418e5eacc69227885815f9a4221c65,0.57116276,1,0,3
c7f7da754a911302dcaa6935be6fded84e1ac348,0.046631668,0,0,3
4cbb388ba9099be121f81d75000acc3af93bf993,0.049096107,0,0,3
87497c72460c9c58f829a372d741b386fc2ac8f8,0.046693925,0,0,3
921d0d60d40d8fbda29f14a64e848c70026ea32e,0.043253943,0,0,3
f9e72000a17eb9d524b38a9f2c982c037dd94891,0.2361007,0,0,3
e34f50dd1083fa8ed9fe25fe701b64bd2ea7efc0,0.4186579,0,0,3
581b474f4b194731eb9cb22cdde7330a1ec81c3b,0.5476287,1,0,3
e0d17fed51f5018fc34578699d824c20efc44368,0.51637566,1,0,3
4fc5b3402c58d6a4b317bf23b896ea91d22af6fe,0.054162223,0,0,3
d8e2f892e48423fda73204be3ec239d282e71c65,0.05246978,0,0,3
8d6d088622f8e4ea89e66ccbe097510fb4c932fd,0.3003874,0,0,3
f0943a7242041a16c8f7fca845592e48bb19ac74,0.2764484,0,0,3
d1123894d33922e7c8ca838f9dac9bdceefa3f7a,0.07370324,0,0,3
fb83ba3fdb46537a36832a900f124d4c400f7ed9,0.045599926,0,0,3
e779883b29a67d411493f985de984ffb8088ca05,0.06148533,0,0,3
a71c820baeb91025eaa7f07b172a39500c6f5692,0.049802866,0,0,3
a4eff51bedd73a0ea56afc23b1021187dd03561b,0.054966263,0,0,3
8f6bedeb724fa78583c26423aaece05cfddc04c9,0.051555485,0,0,3
fdc116f0bcda6d1fffbbe505d0687b0406e92fa6,0.03596405,0,0,3
66608db56c41e91ee34fdc1e6157d69b69893fad,0.6058897,1,0,3
5366158572bd88f18df7883ab823ea62b7701d77,0.042891927,0,0,3
2df0a3be66f6fa1067d976d7a05500beff7eda53,0.050704937,0,0,3
e0b2c86c8754312d1e89307fbf84e6efbfa9fe0b,0.13887747,0,0,3
050dfa6f0850174fdf958ce6751d2f06900201f8,0.28877404,0,0,3
7530b4bdceef0ef37af252f0b97978554fb9b99f,0.13259383,0,0,3
a6eda3d8eff423ecb4901aa07339364732c02ddf,0.039708063,0,0,3
a5035d0e1cde068320984d789473e1140adefdc0,0.35396802,0,0,3
dff43a0530a6fbd524e3af24795cf6b92142735c,0.60135764,1,0,3
1d5f8faa87a410fdd1141ad82f270ac238293770,0.050685253,0,0,3
82f4ce516c18ef5fb3096f6a90455fce90a5b290,0.05921558,0,0,3
228b49fe2afea3376c4f30f80bdeb70d083a9206,0.054808915,0,0,3
adfa016f3ef7ff262643e0f0a5a54d3ddb7d7e1d,0.058939546,0,0,3
f72b5e65c0c5210cc0be585959ae84fdbc87aced,0.0444436,0,0,3
26d668f6d5a2f202ef7ff6a73ff3cbd7bbdf4b06,0.03689745,0,0,3
808149305ba26224917e29aa0c0089701bd91936,0.035120364,0,0,3
55fd738c86ea1796d5152d818ab4b5060bb11803,0.041113976,0,0,3
7a8dc00b8be18a9271e2d9c2444ba91077ffafa5,0.062447384,0,0,3
34515698878ff0a4641e72486f0ae8a7e30df0d5,0.050165012,0,0,3
96f2b16b3efb93580e6aeaf1da97d9dffd5e260b,0.09194751,0,0,3
b577805347d56f1927615fad311868a3537a9cb6,0.07021905,0,0,3
e366894658914c0f2fb41cac003392b0dfa6e4b7,0.52605647,1,0,3
3411f29e2377788cdaa5a4eeaddc53355f085a78,0.042948704,0,0,3
880b04814c564ea7a1bb8fe97c15b4735c67e8e9,0.039493892,0,0,3
8ef033be5c92a895139b4f910af5a7048f340cc7,0.047492813,0,0,3
350c477161a0d1df94efa02109ae07e6acbc527e,0.0411583,0,0,3
0880a21c56cec1a2442b5123c3845bfc99e83a7f,0.052831624,0,0,3
84143c462986417ccfc5e8c05481e983cf668e2c,0.04147027,0,0,3
f16d5b1722eb55c2d55eb623999f16799b088b98,0.04203349,0,0,3
ac37165ed7a22cbdeccfe348b10245dc83b414b1,0.04382491,0,0,3
d9ae4e2601d4c0744bbc275b6b4f503477b789ea,0.04780564,0,0,3
7c1a59fa7ab58f5f7cdc124ff2667cc501570a4f,0.0448715,0,0,3
93d35c8f291b8953f8460c0eb02a51cc6d6cac22,0.8299278,1,1,3
b77184a2189c8f91100d148354d1fdf38e83d13f,0.7322641,1,1,3
f81e0465460ff9abd450eda836bbb4f9b13837c7,0.64128774,1,1,3
6fc152e4177e0482450b13eb7fe496de677ce5b6,0.6139617,1,1,3
0c9af5f450ce73da9b791051f861cb9a6420e0f1,0.28335744,0,0,3
11409e628b0461be3c268f81642ce36bc4b0bf84,0.49193513,0,0,3
63a9488f2910434851e98a8fc0ec8c053b24083b,0.45303896,0,0,3
d70736425701b66bd64ad3aab3941bb930a18b66,0.601501,1,0,3
7331773448c1f2e0b24deae4144db0deec85fc07,0.40209782,0,0,3
11a7e62a898e54d66936d1b8b67cb5e62578ba98,0.4038749,0,0,3
0484bdb3f61d309ff62da4df4be92cf139d19f6b,0.5164156,1,0,3
f9f632e7056cd9d2b3c88bad50fe0597610e2eca,0.43902716,0,0,3
a3fae474e5cf5084c89835fce1950991aa678a41,0.3926092,0,0,3
f3108e2771083bfcf02c9c67ebd70a3ac0ddfca8,0.6364813,1,0,3
521b9b3385d73239b96ab209cb34ceb5c1c1400a,0.68166476,1,0,3
d7a1666f9a89d9a517f5fbaf283e711046fd054e,0.4338816,0,0,3
022a020bde5afba4f2e9b6753c199386e79d7825,0.3364427,0,0,3
1b5aef881bb3acdcde5d9fcbb6e43ceed6db145d,0.48405403,0,0,3
0caba0845d4363025e619eb3db6f3138b2c3d394,0.50847864,1,0,3
8e71711c1caaa404d84ec6682f1b7b266064c2e9,0.09256425,0,0,3
363be2fea66f861d7ec4f893a05901fa0c7ecf92,0.43757457,0,0,3
412a8a0ba61c84d71c0cc740ba7e50c10f3bf9ae,0.54906315,1,0,3
03380256795725c7d17db97d882a4c4da3b76b8d,0.26291353,0,0,3
653b46857a4a48252bfb094e39ee9937b2079fa2,0.59099454,1,0,3
748cb609306ee5a046a952a0ca13974ef0b6e770,0.25203043,0,0,3
0f9ce497b0c6841e3aca845336ad095012c41da7,0.07014735,0,0,3
36ee52223387eed452c266490a25b4c62f49abc0,0.12658365,0,0,3
a8c6d43b5a61d8da784f0ac188d40b88a15dad50,0.1558941,0,0,3
8fe2360920a8228c10cd59ba0978df701174c961,0.24347252,0,0,3
a3677db89ef3863e8ac7cf578df499f85d970b76,0.07179916,0,0,3
64c51505a82baf8260a34c7e83652ae3014009e4,0.26698595,0,0,3
ccba0cfc3f1b81dbaffa5153aeb84d48cd7630ff,0.20243354,0,0,3
e7c42ed0fb83faa2b57184cb72f6d9e8b621ccd5,0.18219864,0,0,3
633de29fedf11544f2c3d5052890cb014e612bd5,0.15116496,0,0,3
362ab2bc41697980391c4a61c23cb3ef6bce740c,0.67822826,1,0,3
fc9d93db68a3c33e5ead8c7ecb187fdf0f06cc4f,0.13546498,0,0,3
66a775c9feb7dcf00c28a16b7a365af4372886f8,0.06793719,0,0,3
a6a48cfd370b226955a531e678016db414ebeed9,0.059041176,0,0,3
dccc1255413adc1a212dbe3bf40accb70ccd44ef,0.06943927,0,0,3
83b70a377f79ba90f846b3a720e6c402c63bccc5,0.12702365,0,0,3
819318486d9cfb430749ee33d3c5c4ec4417babc,0.19254397,0,0,3
827d9644c864336fa84f15744375ba7412da047c,0.061184067,0,0,3
af6bbeefbf197f50d194c7f20419c2a4590ad630,0.09289745,0,0,3
ae8f5f04574be75727f5e948e04bc649cbdbbb3b,0.091606595,0,0,3
b9cd3558133ae9f26aec73e0bda3a8f635d137f7,0.6563656,1,0,3
f672e826f51824582273fa1f5b6ec37aa5fdb2fd,0.4130639,0,0,3
72df12fb2ba453afb57cf185d25c502d4daec6d1,0.05307425,0,0,3
7b42d43fa0827557f51cb4111c89fb2a78512c68,0.4821713,0,0,3
af1b5872ab8355acea3197522ddf94972b3c8386,0.051766574,0,0,3
5c753a87c328678f16bf89e0178448f04194f0b4,0.18836716,0,0,3
0956e2d2338531a96f2ff7d4ab405acc1b18421e,0.18909597,0,0,3
6563275706015b000cc5bf14be7fa9322964bf49,0.07544507,0,0,3
e9e76131f35c112046b9f184816683beab605e9c,0.07499753,0,0,3
843267df5a0b44145d5b9ee9153d17aa5e15cce1,0.75969386,1,0,3
cd64fa339a97300c64dfc434483e478a58f507a8,0.0716009,0,0,3
b0b23c179ac55334f760aa29fce262c73a909268,0.11055236,0,0,3
dff1a0953d97d46290750a46d01be1e1519ae698,0.72516257,1,1,3
35e0ba449325e759e04203fcaa71920cf473baef,0.6541018,1,1,3
e508ad09d79302d3cc6b86077d4a6ddb0679a0f5,0.6948585,1,1,3
a27ca511a591caf813c26862a888e90e54af19a9,0.6945915,1,1,3
9be91f380c209f895da36d13c40b99687bb4c8c1,0.13306004,0,0,3
09c55eb8120da36aef1807628f87bde83749428b,0.41052198,0,0,3
05edf06360cc8a1a61fbd1ce5f9abf5d83f9d3f9,0.062124804,0,0,3
9df5e9419d83c11b4a2c3421c5ff7ea1f544366b,0.54651845,1,0,3
ed1ce82d822ffe185875b7b7d38352f20171c096,0.21306029,0,0,3
10e38114032cb4c585b29e946e1d70e05d52a878,0.44538665,0,0,3
d71ead41fb685431dad02d4bb7cb5675e196b8f2,0.36475915,0,0,3
e7b4025ee0b6152f9bbf7a72a317f977402a27f7,0.32417718,0,0,3
0f3648f749b7b67c2c61282297569657ea6220dd,0.33706588,0,0,3
bf915848967a6e35839e5565e98c716079980e18,0.358756,0,0,3
7f74708201c2ab9f5d1f83c7052487116b8f7114,0.5488713,1,0,3
97dc91d1545a667b4021b6507d927799e53964da,0.7600912,1,0,3
d9979fa97865b7a57b9da975efb6e6c4d80b0cc8,0.09152555,0,0,3
6f27b4ae8f8ecb62698e760ab7df3973874b1f51,0.43856013,0,0,3
67ef6efb61f3c07e1359e083bbac5d90953cfe43,0.51357496,1,1,3
1b53f09c3a9dcd64dd281c1955b062fc28999366,0.0556761,0,0,3
34adc606601cb578486d4a019b4655c5aff607b5,0.45205596,0,0,3
b05bd69cdd841c02a3b645568ee5478fdbfc07d1,0.46811345,0,0,3
e1f30a1c32eb292e51db274adbe2fd6ed09b555b,0.07526906,0,0,3
bd82fe9fc034e7921eb589420bb4b86dc767a11e,0.10098634,0,0,3
13e0ba5aff3fe14eb0e1d748cad4b9f99e681ca0,0.59256905,1,0,3
3b7deb943877b0c2d8627531959948c5d1e4d3ef,0.70594406,1,0,3
b657c914c0005b37e24c1cd74c5f4ce886147606,0.51727563,1,0,3
a61fde99657c1b9d11e8eaa682181ea59e65814b,0.07960715,0,0,3
29c067466ed78c3e7948fcb8f0d25b3d984a1a93,0.072176136,0,0,3
fd86d06ec5d3b009f3882dda7903e9913858ee14,0.6552132,1,1,3
a43b8d68b8b7e6d7f23977a7432880290e6c6933,0.68931675,1,1,3
31e4a6df19cf4a13f8f0e9048198ce7488ad2614,0.68999344,1,1,3
3c0c9d83e27e436f9d3646f177bcb0ac2fecbeab,0.5459783,1,1,3
db7a08583a5ebfab310efde6d0636f2e2fc108ad,0.55697817,1,1,3
015e3cd37d128e4ade9b2d49f74f3b4fc07d82f1,0.4551955,0,1,3
8dba68a38c8bdae91c15e4eab35cd83c427d8e71,0.6012924,1,1,3
bd15dc78c74bd9eede3419b70469511f196a3716,0.3367309,0,0,3
c3ff46e30397bc0355584c593d500d2564c1c515,0.09154922,0,0,3
b2d4b2ac3a738d97e23e53cd459d9c57ee8827c5,0.53829485,1,0,3
3e24c28e68e617735b25791b0bc3f67f31624ebf,0.5921616,1,0,3
b1a8299ad223c3b2552f6d03e51c2ecba5df46ed,0.12920709,0,0,3
4e931386569c0a28b7e47c52d199aa32b6ca32fe,0.6271403,1,0,3
ed98d264cff306f7326db096cddf65cb26ff5498,0.06374197,0,0,3
1f07a0bf70049cb0a2f6b52ea7c261da5adb1abb,0.090507455,0,0,3
60bcdd450d6950da981d70b8b08379bdd744c82d,0.048613988,0,0,3
74133837585f81d1c6434ce32f73fc8694d5f132,0.05585389,0,0,3
0e9f604e87a5b42b27abc13a9328846cadd640f4,0.053147186,0,0,3
53a0a9ff85666348a38054e335f5b4c5355a6419,0.062241644,0,0,3
73f3e2b3d6b3f4a7000187bb3e6a4d82b118d3b9,0.07118616,0,0,3
b295635a87da0c20e5e2495103d4877ef0187d4d,0.05977145,0,0,3
8f88dcfc902b5bc86a239756afffc9f3813d245e,0.44489455,0,0,3
815b269deec60ec69f4e5e5d555afe9b98c18cb9,0.18798564,0,0,3
2b0658c59d6285547a5c6de7ac71c7cb134ce975,0.17458639,0,0,3
364232f781d0cc91cd4b83012e1f49e62fa81190,0.6154232,1,0,3
e972869486f85c3424875a443eb04bda2eeb6bd3,0.09313118,0,0,3
780b2281d86cf89cf5dd717c1cf54bbd48783654,0.4649154,0,0,3
06c27b37ccbde70514e035a50ba0a6ee1ff94ea3,0.3466543,0,0,3
1d1c41945a50a740519131bfff4e1875de69dd6b,0.32006615,0,0,3
71e40d0b30fbef976da3595fef8736a4e1245466,0.37544137,0,0,3
f781fcaf0f19766f7c9105911613f86d22b2091a,0.28885576,0,0,3
cb8cf1574f99fc51c9e67b9456ea4d494fd4cf29,0.070419736,0,0,3
c63413182017e069393963d07570ec69f373ee1b,0.86071503,1,1,3
8bba18089a1acf29f9d2433efc229d5c851f42b1,0.18234883,0,0,3
f295b186fd8f6c619d34a8c69c6a1307f2276779,0.30733702,0,0,3
02c7974c113cc2a51d6741491080058470265899,0.51620233,1,0,3
027c193cf1c012cd5bae06446496136a582c180c,0.54099387,1,0,3
4a10030ee78ea8da944f6d52e3c671799d73b5d2,0.5084263,1,0,3
5166f3dd04980177e46293408d998087040d4c19,0.49714807,0,0,3
d37041ca62ea9eab6e777bffc15ddab49941217a,0.58054376,1,0,3
53e5e3fa8531bbb4d70523197215fd19b89c1a76,0.36412108,0,0,3
62e6242804e4167f5c476ae34acc784009a1af0f,0.0902715,0,0,3
324e8b4d43f0260b4857dafef46e8c5f349f633c,0.08389445,0,0,3
9fbc2a346b86872c397ff891d379115abe5846cf,0.63300276,1,1,3
c5a15b2b66b6b4f018589d8f60cc7acc71861822,0.53848886,1,1,3
ebf108170e9a6215176174d84313a0564ddde0c4,0.67612004,1,1,3
f1984c42b64788a0737c3bd43e4da95e015c19e8,0.1479901,0,0,3
904b790c41d6ec4629921befd1c5286e482fde57,0.5815183,1,0,3
c2abe862ecb7f980260a7b44d907fa116a6bbab9,0.43067932,0,0,3
19a56adb00295d528015045cacd443ff10f7bcb2,0.21558599,0,0,3
e2ea5359798ce8dc77d4b23b0f9b4df33b37f940,0.20430452,0,0,3
ce4385a413dc822f8849678608d0bbac2defbb81,0.21987365,0,0,3
c11215195bed3261d88486d0ad1644080afbb97b,0.70299375,1,0,3
7048667393bc4290f381312243d13688407b9350,0.35741186,0,0,3
b188b5ccc0f1f8702313eab62a5dcc164f817200,0.09699885,0,0,3
4efd950d4dd822f3e087db9830d09cfb3fdcb541,0.39985847,0,0,3
cff6e00097bf7dd97a5404080df3bf7e95813a1d,0.6442703,1,0,3
27214015c725619e0098e227fd29816d0891d4c5,0.61134124,1,0,3
f8fbfc9fdca4b5e9ba1a5608ca17e7b6feb18c3c,0.19255465,0,0,3
0733d7c2ba214415a8d2e4efba5c6e26b61d3291,0.46764767,0,0,3
d8cdd5eeffe9b63949129d09f6b0c7ad2d517e90,0.2510193,0,0,3
e2cf4811ba485b0bb29d7d80bc853666bfbfa958,0.58699805,1,0,3
580e0d1e26ab2a9275f01506f3af56fe8fc32988,0.38902932,0,0,3
3ba27e9f4a29be1922b3a19f9c6c5127f93027ab,0.62876123,1,0,3
8fb1341ad7c460286211f4f2a6be41bb5782653f,0.051238433,0,0,3
041507d3aaf718ae536f9ab66e4eeb4065cb339d,0.4762716,0,0,3
735b1b59862dc1b5f7e60549aa7c33dbcc4095b2,0.47293836,0,0,3
60595251eec5979e14540c6d00043e24905a7404,0.0908864,0,0,3
980366284db98e0515dc5e827aaf4f750699bc80,0.6208462,1,0,3
6c2dbf2885fb4602b8e42bd208ebef66df23329b,0.0798551,0,0,3
cb6ee2cbdeadad5d277a6e7293d88bb915090c4f,0.5528614,1,0,3
a00624cf27791193be74a610723a9a0b0980d23f,0.5346363,1,0,3
911d59f46d0dce2e07a93dc0ff705154f568b7ba,0.63549453,1,1,3
1aa543286acbcb3c23aebaba003fa024a54aabb2,0.69585043,1,0,3
f418eed3089d74caa11affaf947a40b774e9c8cb,0.5166453,1,0,3
a13691b5be40d31099d39f7c8f3ee9970ebc20fa,0.07816982,0,0,3
3e8b8aa06bb7742cd1643fad72d7739cda400010,0.48270413,0,0,3
a1db4c96f62eef05fff532b59300edeff3ef21f5,0.33490482,0,0,3
5321c7ff2ed082524bc319e44f0aedf7ed8960cf,0.0496011,0,0,3
9be73347bd09934dd0c99d32bce9c4e12fccf6ce,0.08520441,0,0,3
4362e02ed0404d12ca75ee3476d4a32f9f671811,0.07931264,0,0,3
d3f0ee5e0928122b41ee25e2b4ab09bdca5bd00e,0.06114874,0,0,3
f82b5b57840389fcfdc4f16cb75703361d6ea059,0.09094845,0,0,3
51d564f738b20621e4e14649bc1b15c929668e1a,0.09623775,0,0,3
5bd82306a8e44e2b9ff098f29ebf4c69c195b9ad,0.064752914,0,0,3
9959b3c5a777845aa19040a5a761814e483a6483,0.056834515,0,0,3
a0611b06f05e3c37c622f48a783836f89247c237,0.2628949,0,0,3
f02f2e54ac7d88a6b7ee620e45e1bba878c63a56,0.056523003,0,0,3
98d6d15235e046762f3b09294e896994f616627c,0.043906767,0,0,3
fca0e6ecf6012ee47fbc92fef4533320c1e3d849,0.051443484,0,0,3
db642a3c3ad93606d27d6e277b529da3a50057e6,0.061410073,0,0,3
1929834c27a931ab505f7a389d38fafd10331d8b,0.07267233,0,0,3
a5cb9a4b4a196bd2048cd21ed2fef175bc1181cf,0.10003653,0,0,3
c2f1b685abecfc11de76ffd0a28771f41b566782,0.104535274,0,0,3
30b6759387b4402987f6f4a6100fdc78e8bf755f,0.06318035,0,0,3
50b126dc0eb075a2193b670eb7ae2089896ba283,0.06858953,0,0,3
6b08874607dd51c9d8f600a96650a330cd9e6b95,0.61958116,1,0,3
c9685cd5e462926aa401fca7321ea23927492006,0.066614516,0,0,3
ce8d0f7a47f7caba8ab937389c59b68b20f6994a,0.42472813,0,0,3
98b8758e761caf659608f48fc5c9e9056f911050,0.4350789,0,0,3
95b2fe97c7f191e43b7fe11e8e027d87eb47f15e,0.7022753,1,1,3
79237dcd2bf537d56ff8d73f897cd639af7bf8f7,0.6150637,1,1,3
181affd5c937755f54ff31ef056a6ec091e95f51,0.7474578,1,1,3
c334a1bca8338c92e76f0f1cf2ef4884e3eb5dbd,0.6464965,1,1,3
efa48b214d30537bb184884ea30ce817bb350153,0.74072456,1,1,3
b45c4bdb496381b5f90df6872edca12e0a2e68ca,0.5257711,1,0,3
f8489499aa6d460a7548b14d516638b0bd7b862b,0.76681316,1,0,3
76a2ac814caa194c46be1cf7a3f5dc129546b1c1,0.089802764,0,0,3
31fb4dfef212791f86f052ce8a3adeabaf830cf2,0.15437809,0,0,3
ccfca8f714055cd9fbd00cf7e847b880132cae69,0.0642346,0,0,3
a29815abf4f0e51b332a8af1b83ad344104c14d9,0.73972255,1,0,3
92e6d716069686583b852a6dcf12af986d6dc694,0.7152707,1,0,3
d105819a0e72765ff5ba4efa5622d727360ee2b8,0.7299929,1,0,3
3aa6f11785a2f1b3b09df328a02a2c28dfa0bb57,0.49211037,0,0,3
b7a82a918f0a595a96047f7eef2672fd95d5626c,0.73559815,1,0,3
52f3240d90f2397cd1850ab11674ba08a0ecb2a0,0.6459668,1,0,3
d70fdbc40195077057a1edb14ccd16a26435d007,0.6552341,1,0,3
0751f97bf6677c3d55aa71542d572dc8fcb9e79a,0.7880882,1,0,3
e505e1fea57e0ab9f1d5edab92546d778a5f41e0,0.4651944,0,0,3
b4380f20059dc9e4ccfe2b709587e8069ac0fa34,0.42272136,0,0,3
32a9c6d42a3a48314d3f9fe2956bfc8bf49ac5d5,0.6127538,1,0,3
80417356f04c5ee1cd6f636e9b043db3f2de24f2,0.6348123,1,0,3
f48bca0510703b0673709b10a806a9d54894a999,0.68334115,1,0,3
f1b54876ab8893a5d9c0e3d7c1a9c884e683dc8a,0.30920637,0,0,3
c82f703768eb8a122546de23e412a037aa1770b2,0.6020836,1,0,3
36a02dc549f32433d7329444455dbb1be2e67f20,0.711353,1,0,3
fa8957d7939b59e8d391fa17000b34e865de015d,0.7096205,1,0,3
5acc6a5502bffaa66be7e859849856de0ea27acb,0.646163,1,0,3
b58789c5badc4f9680ec5724568af05a84670e22,0.06915839,0,0,3
9ee3a16179cb65f5fe4170257ab7cde558f1dbeb,0.08167916,0,0,3
4ed0bdf1c73fd82d3080d15085675de96d5be0aa,0.06354565,0,0,3
4950ad86a16e63fa26d51cd709e39666008c5fbc,0.061706778,0,0,3
b61362933f7a564d2ae0b7d6b9723f79f4948769,0.35978732,0,0,3
f28aa71041181867a720134e26b64b03cbccb6ec,0.2646219,0,0,3
720b988fd8d7a50fbe922e6c73a3681b1c566331,0.40185213,0,0,3
9d744f7136f23da9a5f9324432b300b5a68e3b39,0.081893146,0,0,3
98f54c158acb12a26fa6f335b1665accd2aed347,0.56874377,1,1,3
22c6d087012fd55bc65e578a27f2edb66f4d3808,0.3199748,0,1,3
890b387d713d04c22406db6d5a5fc9b51bec2df5,0.6227229,1,1,3
c7d56cffbb4668d0955ef00196e08f42f2efe363,0.59424925,1,1,3
7680fae14c9f544d0585a7b150004a1e48fff53a,0.81275237,1,1,3
136c5ffe80e558a87cde01baebf823b06e3cbe75,0.83355695,1,1,3
8769d0f2cc4b7555dc025b7c0e49a81346a1e2dd,0.74844736,1,1,3
4b5cda5a2c6ca613db5129d50ffffce2604ad9eb,0.11322101,0,0,3
2e62764c0c386632e87ee8d12d0505848df1015e,0.5789539,1,0,3
4590f14e97beb6d10ffb7b5dd312c632af155ed3,0.08488575,0,0,3
079bcd0339f30343c01c5fd3d5521be4b822d30f,0.07153247,0,0,3
29283b775291bf03cd9a7e1aaa496faaa5757578,0.75713986,1,0,3
89321a2dee438328e75a11954e972175c78f0a2a,0.066207446,0,0,3
1f3e72fa069536ae20f37b29575288ff65e66803,0.057602856,0,0,3
c7720ca4c232d317cfc800a04eda4a1d5a44a944,0.38134772,0,0,3
a747456bfe077da467ff036172968a37f3b1e893,0.1192178,0,0,3
2f2c8b1cc6e6e731f7bc52b0988ea8316f475004,0.32244822,0,0,3
013b445ede8d9e7aad4915859d0c869b9b712f8d,0.2528388,0,0,3
f4e754e66e3661274df624bc328991cd88dd03d6,0.2324018,0,0,3
741944332d5bd90112b610a8b5f2eeefe51e08bc,0.095612906,0,0,3
4c7d7523088373be3c7ff203ea895d5a6d84083e,0.113821745,0,0,3
f79c9365d0ee89cb407b90cc084eece8fcf9a8a2,0.23128365,0,0,3
8714dd031647be34d0d27f461894e7b194f25cd7,0.5834416,1,0,3
83406b73e70a251eec5daae34f1bd8d554cdddec,0.124501616,0,0,3
2f956f46580e5b4752173e885d37a20fe31a78d8,0.4532218,0,0,3
3f36b7b50bdda3eeca632ad5440bb82b8e34cb40,0.46387976,0,0,3
9962a0fd02fe2ef06765271605b06729af8b2e59,0.11658488,0,0,3
5294c64b342818e021800b38413f36f426e35b3c,0.4621456,0,0,3
5a45ae3b1deb5117cb9e9a13141eeab1e9ad3d71,0.34175178,0,0,3
efafa61992658eab64c893e9eef49f545d75673c,0.4359019,0,0,3
630830476a6270e317e84229996a6bf92bd903ca,0.49517417,0,1,3
14097c64d243794610788d3ebb2e81ba8fd867c0,0.78980124,1,1,3
f2615d9a611db401cdedc022112c87ad938b5680,0.699893,1,1,3
a24d624aaabc14a455d18450d9127f88d1b4f8be,0.6008053,1,1,3
49169033546d893dae3db903a2fa6af712f125c0,0.8147668,1,1,3
fa7588c4c0f8d403e4815fa72e3b8a3bc98d73ec,0.6221755,1,1,3
367fe13b46a0b4dda56b7f12273d6c9afb1da23f,0.66545564,1,1,3
368588b5c5c4140f39ea8b9a8ceb3d1af0708804,0.5494907,1,1,3
30ee10d2740fe1f28595989c6b21f22b75a147fc,0.673679,1,1,3
af9fd052d1c208f191fbdf85873f965552465598,0.72447,1,1,3
0a711ebcec7d32b66ab3c90b2a1f48681201e557,0.7334735,1,1,3
a4acf53336a482f50335d33b4f650a70c9243b7b,0.6745437,1,1,3
c26fa78817f30cc3eb91165b783e07fb80d80f59,0.6253131,1,1,3
944291b748bcfec4e2f3c17623884db7a17b9f21,0.61316776,1,1,3
c44f982e89b63a97190638cd12bd8bee2bafb883,0.5755145,1,1,3
fb46b941f7763314d667c437c06b1675e61c3d38,0.7488898,1,1,3
e9928c94ce1385ec72028336417f19f30ac38ac0,0.6045799,1,1,3
d4021487539b0f7758ec644f2e0d83df95c66bba,0.13803485,0,0,3
ac62c1c29f319a97a2552c39f32c8e6acd70c9e1,0.12836447,0,0,3
dc08bb8ea6cdf01188f6699559e779e6cc296287,0.72806966,1,0,3
82b8ecc3275d7c3578a6531ac3f1da3ffada9dcc,0.1186869,0,0,3
36ce032b612fc0a1156d28bca7327e06337c8815,0.53923464,1,0,3
2f22533ef41533e2b839a6b41b262dca59e6dbf9,0.5414658,1,0,3
39a3cd0f4210dbec1ae8ef39a87d34b76eac91a3,0.07013469,0,0,3
1f470253c46471033048383c027192e757480492,0.33356535,0,0,3
9c40a7bb3c9aca51d17490960c988dfb7b5acebb,0.33788386,0,0,3
7f8e952abc4d2fc4b96c97a51aa25fcf6ed8af02,0.438851,0,0,3
bd0b5af025fab9cad8f94260138741c252f45fc8,0.28440008,0,0,3
e036d60d8a210d5ac28b2e5c51a45ceb82b58f09,0.52946746,1,0,3
626014eaf093fc2e3b53f5ad00c425bc209e1428,0.35957474,0,0,3
5c85b8dda5f3047732a17b818256b9289274d071,0.05698022,0,0,3
ea402becca436dc1a8e47ac9385a3db475b49355,0.18962687,0,0,3
255f10834a67cf13518316de0e2c8a345677ebbf,0.63778204,1,0,3
044de16c14076019f87763b7b58c45664ee57c11,0.24093167,0,0,3
e54ca615f213f5db6d34d9163c97eec98920d7a7,0.49295735,0,0,3
07a42d3ffd034e467e49b5c449d4f5f81c471cc5,0.23928286,0,0,3
e6da0f682436e1387ad68e86edf7418c0f7cb368,0.19423363,0,0,3
59ec4f018963eb55e32fafc2b924826c39c09682,0.61788833,1,0,3
ece4b70cce24b89483236b4cff079c10597d680a,0.45142302,0,0,3
09d28fe7995db1a4da2c651d362007d2082c663c,0.5310798,1,0,3
98c27699cbcf65c3d9d655ecbcd67adcd8b45b05,0.43539575,0,0,3
71cff7c5940b7101ff098601850d46b7a4698180,0.051878843,0,0,3
89e0607cf6470dda1a6a47b46abf37468df4e50f,0.23269536,0,0,3
6fb60857be1fed21bdacc4ce830bbf99103b6fdd,0.09018568,0,0,3
3634821fa515365618209f0452443728e7290fca,0.16672127,0,0,3
2fd62ee4d524c270764e9b91dca72e5cf1a005b7,0.13934796,0,0,3
a703ee75c40e0207f6831c4d48e1c7e62f160305,0.04765523,0,0,3
fd7cfed070c2aab60521afb7dcc633a0b7abea80,0.4794675,0,0,3
1de41ef4baeee1c95e245837299f8be265294445,0.41815293,0,0,3
9491d7a61681f7acc7103a6d1d45efe96f7981d2,0.5798319,1,0,3
2d3203b10cc8edf71a6e3e0822f0d742c9516aa3,0.5460062,1,0,3
d55a572e5867832f6d5755fcd46101da51a38aa4,0.48237064,0,0,3
170cfa758547b4d9be50058ad93cf60ce0da5564,0.47208932,0,0,3
3783ca4476fec8186c867e4e57084e649c318c6b,0.17780368,0,0,3
4d996d1bac1bb1886cd9c473ba00e53e3c19cf3e,0.49410057,0,0,3
445cb9dc2f07553f8e1e5f7c1150f00fbb05c63f,0.5233458,1,0,3
ad80bfe559e7380fedd7998daea5f27393ab643b,0.52835613,1,0,3
3d2d4fd1588c8eb3f67f34d75b66967d0c7b06b6,0.08022996,0,0,3
d54fad867da7f762ac4c0d947adffdc1f8f356f1,0.3128938,0,0,3
12bbaf3550d56bc945b50f538b5f18af93bd316a,0.043617785,0,0,3
150c578edb161bdb2e8c039f0914984f570ef8f0,0.6302859,1,1,3
af977adc43a071a09652fea4ce3deba2d5b8d171,0.5764251,1,1,3
e021734b62ea5ac273e516b4ac83727cbb99ec08,0.58933413,1,1,3
b635beb6efc07a97c143775c78a32d42b3b73c8e,0.5530391,1,1,3
3fd2492fcce073f0c36e4d7e23e34881557e6e5e,0.52072096,1,1,3
a918c493296c88da94b36600213c7c188f2589b4,0.24402508,0,0,3
9181e1d536bafedcb3587ca30e5b6e2d66f06bf0,0.49125895,0,0,3
cc8bdf1d13639d12d02170d40cc4890180bbabc5,0.30391896,0,0,3
33ee5497490cbc97f3eabe9ef7a6391e4dbee8bc,0.5044314,1,0,3
dc61e510126aaa1a95a46fe39bf1529f394147e9,0.20802294,0,0,3
d320a457a9de67be25a03f79e1695d549a0145f3,0.58897334,1,0,3
94ae6c84d22ed33e158b3cc822ca4a0484c829c9,0.3644414,0,0,3
e9e36cdc44a68662885e35773187cca00d20239e,0.27738366,0,0,3
7d4041d827aed7d9f3eb14310b824a2faa96b8b4,0.11721457,0,0,3
6f5f99440e7117ee3bb6407e06745fff14bb2a4d,0.46675673,0,0,3
3eb4be60cf00c20e46b75fb72366dd0649700c2f,0.5647101,1,0,3
edbd9842cfca892b10c2e9c8da0384fe005cd67a,0.4914565,0,0,3
bc8e23808b9d8d0c9b67270ef35d04ebd9d89cc8,0.0696017,0,0,3
635e41ea181c5fee8860a7044c84ae3557b51189,0.5767668,1,0,3
c4ddbe6456c9631c301171098a8ac016eb4e582c,0.3047254,0,1,3
63f1d6b83bc10a2880f5ec17a172fab284d2eff5,0.66014916,1,1,3
10e18ae9b47dfe04573884739823d64825105694,0.72018605,1,1,3
d3252a5ca5571e0a97e9a31966ec6b847a3a8574,0.12072319,0,0,3
86c76dd5ea04d1881a52d79113d6dbb1d57c38a6,0.30781412,0,0,3
73a8fba6fb23af45ee77f52f33bb8d791a9caa05,0.20962183,0,0,3
e8db7237a9c347d2225fce9b49ff92bb741adffa,0.06401661,0,0,3
7af67bdd16a4f103bbe6334c5a865436c900adfe,0.7172708,1,0,3
71d7c3264239c55b6e2daf89c44c5685085f26dd,0.3834115,0,0,3
958029bdd45c3e341eb146031ed38b4487d7b0b7,0.2797986,0,0,3
5556026ed1dc17e70946a4a030842ade3a33baeb,0.38749453,0,0,3
3c92830ec51fb6b6e9a7ca2fb8fda324cd33e48a,0.6073925,1,0,3
0fe9685c8a78ba2d780a3ec1e1a323990dc6d218,0.39800832,0,0,3
bd7788b384a87024ddd6bbe6a9bd9a167cf2ec12,0.59807086,1,0,3
dfecbe970917754511a081f8b86efac211e624f6,0.085637,0,0,3
ef51b068aef14fa347710497cfb67aa9c6e65c0d,0.20575841,0,0,3
173c162a45b4be6fcbf7a30c44d1953062a25086,0.46621877,0,0,3
c4c03a33c8b8b94eaf75d368473bdd10a21cd0df,0.4956104,0,0,3
2fefdc7dc3c9afbbe534ff69db5a754be0716b11,0.09068585,0,0,3
f525bc3ccd9cfb69603bd9778998263a458415d0,0.5011358,1,0,3
9072a7615a54d5e753cf088326d9e14f1a5a6751,0.25676653,0,0,3
11491d355da8a851d6badb6348b10d8c4acc9d8e,0.10559782,0,0,3
2bc2ffde1f4752e7a8c7ea0a51c559faae194786,0.5624918,1,0,3
35f1cc00274122c0274b522d0b544a06faaba931,0.7005321,1,0,3
98817e88f04cc6757c42ae52d653b63cb85af486,0.6999395,1,0,3
83775c432382b9c0367362491d0dc515bf0e131c,0.3037729,0,0,3
a498b87dbcaa0a61c6088d7156258a3cb06638cb,0.6467557,1,0,3
34558845e3777afdc1bf90ebbcb2017ca17aea86,0.4907505,0,0,3
59985b43f0868d9a4a588d9ca1debd03108f8cd9,0.7729433,1,0,3
8ea1aa1e7cc427c28a89878fd2dfcb110c992b20,0.6425132,1,0,3
d4c7f63054e584b69024664bc2f221faf9863519,0.5501789,1,0,3
20c733229df741e57b8ac205788ece2d563b2f3d,0.66346157,1,0,3
3051264e1bc1d41a29c9dae7935c090568f64af4,0.63533896,1,1,3
db0f2304bd7c3ced65cbdfe9e17e80fe0774c13c,0.57645476,1,1,3
2f67045b9647de10ea5d01d8d1e98ac7de3e1cfb,0.7069546,1,1,3
7ef106b23772995e4307f84afd1bee4e2337ce0c,0.7160599,1,1,3
71f6746f81bb9650f6f228ea204d85ba2c5b7392,0.78573346,1,1,3
2ed96f00f724c3331d6b56b6b5650b9632f43954,0.25238457,0,0,3
3720683699bb830a4aae6fb66a78ce7079ad2c56,0.56241345,1,0,3
df37e605fe4b027406bd9dd85b320526ab12a122,0.08424209,0,0,3
4ad74f449258781e9df189413423ffd6ad95c526,0.1208313,0,0,3
d81ea83a0eb1761bb4e90a91f3b70f23f88a7d2a,0.8217823,1,0,3
e2c0ea4374c02539ad9bc6c4328b74f25eb72405,0.1567521,0,0,3
cf42ae522e12e9b412e1a1f008ea73cfd86a5979,0.069434725,0,0,3
fb7335ab163588fe6ee67ef26d3b3edad5cf4bd5,0.16916223,0,0,3
e580d35e1a07431109a5835411142bd1c1c2b3b7,0.42660546,0,0,3
ea60fbe0633082a131bbb18de94fa60a04eddcc4,0.064521804,0,0,3
90e31fd93fdcaedadcd4b030fbc20f7375672def,0.58552015,1,0,3
52adf52e4669b54399fa50f2624826c06a19cb7e,0.27544245,0,0,3
71e515ab6d2007d34d96df5604f74c6fba92c0d7,0.63381165,1,0,3
6d23e85570fe1139cf5ef3bc9b4e57ea73680b6e,0.11566148,0,0,3
cb83f7cb31e50f265e098c5380b3f0051e257f46,0.2527614,0,0,3
2584b4a0ef536e59bf28ba140844597a093d848d,0.52869725,1,0,3
cac520971206093d32bf17925f880bd06d93f736,0.08259567,0,0,3
6a99050166c945a226d5f8275ce4a9dca3518285,0.79945576,1,0,3
6dbb48c8e685f65f45ad5df9f7684bed910036c8,0.67720926,1,0,3
260e0e0cd21af7b03ab0dae33b4978233db67773,0.6520096,1,0,3
b5749b4f54b30c0c2050e456c12cfcf516434f13,0.074135445,0,0,3
07ec8ad2dd862c8669b2557b995ec5180663d73f,0.54261607,1,0,3
28656559d2fc67193a84d5cbc48d378b2016f74a,0.085153095,0,0,3
0add1e8975336c65513b26123d48b221e2515ddc,0.7214913,1,0,3
8e7ea70a33ecb8db5207849ea6371b4a5a8ffd26,0.80257857,1,0,3
6f653f6bb82757963a87d725808c080109e7e3e8,0.7276935,1,0,3
1974c83561d09cf73a575f992fbd8416e3354d20,0.5720398,1,0,3
37c20df721522b175bc9df3f06a361297010df5e,0.55077565,1,0,3
061450a927ba1cc65f7b984f4ff41866ec2eceac,0.46903226,0,0,3
60b32953a968e5623f82a6b27d6c679bc17c48e5,0.27037022,0,0,3
f175a241c811d2d0843026b2dde5c3ae308cfb95,0.6750946,1,0,3
ea1a69d638d97d5ffc451b32d240479357e02b0a,0.2804641,0,0,3
cae70c10b4451ee3b919764f72dc4a4caf0f6f27,0.42862496,0,0,3
c0c7112dcdeb75b521d55cd47d0c61be66b0499e,0.5693033,1,0,3
8d0214a7417addf790713440f10855dc279876fa,0.56730956,1,0,3
e2ec4f2fdb2bb8d97f64a33e9ac288d52854a530,0.35191402,0,0,3
fc73151cfca36ea2641f340700dbe339b9e1f103,0.61224353,1,0,3
dfc9888860bf192cedde21e5e843bc3caad4b74b,0.20053744,0,0,3
5f9e0851da9e74c12e04f5a62cb7aeb1a8ab7589,0.047001928,0,0,3
7d5a61ed64315bd6570c5cb55c1f53853a3fffa5,0.0530273,0,0,3
82152f41ac8a727c2f0042bd555452dc2dda11b1,0.08470312,0,0,3
6e710a1f78a4a733020a4b2d1f07b6fe4c6684f0,0.7817326,1,1,1
951b253fc38c09114d0fe273a3758a15c151a8b4,0.803322,1,1,1
f3539c7eb312b127122084279002d3fd238c9a17,0.74940014,1,1,1
7aa5ba380ef6aea0f2f594873b4c7378adab0f18,0.58672976,1,1,1
def1380280b9be6d166d3938ea4b0254e9b55dc9,0.7688219,1,1,1
cc06ae9bf7a1fb6cee46c40d2a6388ac05d3f5d1,0.71467835,1,1,1
7972f1ac1b85a5174c9f293ad98abc87edfe42e6,0.19104156,0,1,1
bd1c4ff86fa21358949e925274f5b8146f5d02cd,0.74972963,1,0,1
be2aa80bc371d600ab2230c545051ea6454577f5,0.24387036,0,0,1
68b033741b02c3ae54d649e858790732bc5c2d27,0.73479396,1,0,1
4f5d25205a9cec988de300a452d641a155406b79,0.33187053,0,0,1
d1e97bc85338c563f4f732bcf917a08b3cbf4792,0.13450512,0,0,1
d40c01673e866c3c3b5b51bce66e9518924cc31c,0.11057063,0,0,1
5f7d5690a97b2ad95bbe381695638f0c7ca2c4ff,0.09382935,0,0,1
8d340a008767c5d954b7539e825b4c90eb15ab9b,0.5954042,1,0,1
84e490b66f61e11366b62efc42e64b60ae7db35b,0.16706051,0,0,1
fc939bf6838f4bf986e0b42fddee3df6712371a5,0.5374271,1,0,1
5c798eb50aec6040f415b6def1912d4345f8310d,0.10784717,0,0,1
d1758567765117cd395ea47319d3acde7fc663b1,0.6771128,1,0,1
517b8beb06f63301629f0ec3f58f6b667061d3fd,0.6379118,1,0,1
5c715cd84d600c0df0215846efaece2ab4673546,0.69740045,1,0,1
dff4cea14174548f52d6fcc66c9bfd7a339b7336,0.12691885,0,0,1
02ae34d1d3f3c9f9c25160cb14c119958f25af13,0.7663924,1,0,1
8e0e1c32ff1ed1da4f09fc9917812e6457e6fef7,0.7459837,1,0,1
18c5b2536c114c86b810bb3ee94474fec596a462,0.53706765,1,0,1
c6e4d8c9f534d3e70e79bf718e40724d56186109,0.106848866,0,0,1
5b5ecff53b50a67179f6245bf60047c59f027e26,0.33673534,0,0,1
46dcd98ceb70720f96d4cfa23b001ff108bdaebe,0.46642557,0,0,1
dcbfc80c4a14b91194fc8b74760b079cc0a4ce42,0.71065384,1,0,1
23492711d234f2fa647bac46997e361bcf985423,0.7741366,1,0,1
f10279a29d47d389a31da907695673a992555adc,0.13021211,0,0,1
8d5925b52b48b4c69934ea5c48aa298a2ec74e84,0.1549735,0,0,1
a30aafa016409048747fe9730d6f7892eb12d7c5,0.1119701,0,0,1
a3611513fc4de7234ef49ae46d646b0795ac7110,0.19847223,0,0,1
d0eb1d1dd1d9aed27c433d78a76962340fcbfc1d,0.7722073,1,0,1
1ae9dfaf45e0a51ee7d604551f7e1932d1787975,0.7096316,1,0,1
1c2d56e8a91b0f64317a9e02cfd4b45b03d3019d,0.8262364,1,1,1
2cd92aa6e3f44df6b0552a28b83022a7f92f8946,0.70324713,1,1,1
79ad715f02e02af76da0c6e47c164a80768a01ab,0.85366964,1,1,1
e5b948a1687270192753993c998d61c7a91faf49,0.58921957,1,1,1
b81a48d78dd9be1c3eae57cece4c88df92c30247,0.64334404,1,1,1
0b873b95a840f8cfdb51f4ceea3b524d46d20715,0.39030686,0,1,1
e350a38760c93e373562d6a3e906df5904250146,0.818732,1,1,1
660431cf4f7e2bda887a0e35ad3a76bdccc14110,0.12511486,0,0,1
f65e9aa63f8f266023a986507834585a9580c555,0.3119402,0,0,1
535cbcd9f20b29b3c5a5d69f654cde57969b3788,0.29430985,0,0,1
2d650f890ff1409f2944bc56cdc4b518b35e06f5,0.085366,0,0,1
1c4f7bde1c8f7d8c0e09484daa626fa4f40e38e6,0.5589831,1,0,1
b9a22fb6f6f460287993d3cf087ae5ff036a6c21,0.09545041,0,0,1
14d6a09601b68f60e6b18142b597a6890e5d581b,0.1154838,0,0,1
54fdc54dd24c9ece2bfc32ca12e88545ec923a96,0.4854995,0,0,1
0ff7c091143e8326eb88dabce078ca76778a587b,0.7351019,1,0,1
32ed6601f216dd1300876719cce837bfa9824e26,0.118789576,0,0,1
7df11e15457e8d8bf4e5730d20ec2412c429e091,0.15586072,0,0,1
15f7f84678a24533e42f2fde230c5f68d1b33035,0.11622702,0,0,1
2499f70cabfc8d17f2c6de124a81fc0940a70fa9,0.48985195,0,0,1
6526a5e83c1fb9644da34e44fdc5a3bb8a357c84,0.75837755,1,1,1
5904d90ade8663f5552b51036740352a9b796892,0.09060064,0,0,1
fdb75911387f77912c37dcee0af4a2f2e0977f3c,0.123002365,0,0,1
538a97b115ba4ea44c57898ac7c4fbb77fe0e9b7,0.089765415,0,0,1
fa0478f4f6fb724233dc3e00a9f8dc557ce7cdbf,0.080051705,0,0,1
ec81d7ca5100fd97fe8428db02a2cdde967ac87d,0.16523781,0,0,1
81c40b9820625d3f529b116baf6b4a3d45dd2f75,0.6949778,1,0,1
2b085ae34295d5ae1d7eaea5a55a2df220bf1bed,0.13139056,0,0,1
d6a354e203e4901d3eb6a36b3aba620fdb222da7,0.09137987,0,0,1
37787b96ab21fc226ff267aa26ae58a58b2d20f8,0.51330405,1,0,1
f2f704eabee027175b0c1eaf934c08e7721a9b24,0.0910791,0,0,1
e1fc87d2d57c2d7ee941e651f33b582fb000dd73,0.454626,0,0,1
fa8f024d082998c7ae48b21f3eb6f8f2ca56a719,0.64615464,1,0,1
6bce493e47fdac9e64a9ae1cb3c358f31975a43a,0.6365368,1,0,1
9daac904cbc627e4a43e72f72159c552b25caf74,0.73009324,1,0,1
658d5a97c708a926b0425585f9437a0c1fc2b81c,0.55193484,1,0,1
db695fe90b181948f271e4970ec83d4de9348577,0.7003712,1,0,1
9c06ff87decab7357d44d8766f6a277ff887d921,0.4758725,0,0,1
198d448ceab2bc061d18a1a689056bd2b96b76c5,0.17125538,0,0,1
46b15af8c5fbfb026be350ae16eca89fcdc87aac,0.13022332,0,0,1
b7e86cdd772cc47a031d187b79d075af8155c2e0,0.33905208,0,0,1
198e589e62f687a91d4c27057ebad918e9f9bf3f,0.09488209,0,0,1
fa510146c09a498e25e590ef5cc558074337fc4f,0.6536458,1,1,1
badca06dd1c70207215c7186a31955901b637661,0.22733824,0,1,1
91ac1574aae31a29baf883d2cf45e4e1f5aa9bbf,0.40038472,0,1,1
82ca28e2ec8fe9771f01b5aab3386311ecab80df,0.5892473,1,1,1
9f8120beb6b351608652002e057f97f8f6c0dfc3,0.57504004,1,1,1
c66b23747627a2b432e0068561d457cab9f97ead,0.49357417,0,1,1
a6a5e3033d424468cbd3a6af051aabf3b5bd4d00,0.53241533,1,1,1
2902a9a3c07e881dd7aeae0a55189facfab1966c,0.7875453,1,1,1
fe487b3336f8279d8b74eff05c5ebfe6e01281f0,0.63791037,1,1,1
3076802a78f14eb1b4f23831d5a1ccec79b26554,0.7300545,1,1,1
5063d256221e7fe8a8c433401bea988d7ccb0a35,0.5373881,1,1,1
a6b9ca3f71d44dbe2562e13d63e4b30fcaccdf50,0.6008309,1,0,1
81fec3193ad12a0f78eb021c4a1548484595860b,0.49072373,0,0,1
902a680951f318488a4bbe0184a3a223c5709b01,0.12093948,0,0,1
b84f786db6d85cbf9973adfccdf135cb71824b87,0.4556708,0,0,1
a2b5c7a9aa0b5f617502bf6003d43913d507a11f,0.5150284,1,1,1
571725cb7bcf091b5457f1e2a857aa51e8a70f7e,0.6661348,1,1,1
10118c9c1b00d31868d6ab43e8171e3c16efdcfc,0.3995044,0,0,1
ee94e6d82370b6b6086cae2693dc2fe31388fb64,0.50715214,1,0,1
dc58a824466ed492fc6d5ab11960eb86584eff26,0.08234236,0,0,1
56c04300e8f05bdaccc2ec60fc751c09d86b7b68,0.3159701,0,0,1
03542311e2a461f0324ec700e98e78b5540bcff8,0.082420275,0,0,1
4746531428aaf9e3ae7d505b5a203350d138ea41,0.0949234,0,0,1
05b14fd01e43ab8a385bcfb53102a270ef2d9375,0.0702004,0,0,1
77868bf772a03d61701bc0d32dfafea63a0382c2,0.07149696,0,0,1
83fcd3e1e220b9f3aacc63aeb4da0a898684dd0b,0.08373865,0,0,1
dcde20001063fc25f622e4b1c7775f735a7255f0,0.099122494,0,0,1
82bd5be8735c01a767fc3ebc3eb92369ac68302d,0.082740165,0,0,1
e1188f368087ba4bcfada44d645e4f8661d7f9b2,0.2583778,0,0,1
2c03505da053d07cd3f729692738912bdfc2a5b7,0.52449965,1,0,1
3fd058c02a1f8881110409be33ad56d3af6386f6,0.63994753,1,0,1
bb3ddfe426cf4ff5390f742d35bdba02a4ce7624,0.7757584,1,1,1
09b1a632c17b34650d2bcf748be14690c9882e52,0.4289224,0,0,1
539e1ee1d68c27defd0aaad09a1a0b68e059de96,0.7271281,1,0,1
da69323b29fe8e373364b9399bc67523dcf2af62,0.100909136,0,0,1
c1ad21bf966d01dc5cceca82f102c0f7843d5617,0.5247629,1,0,1
efa756288e712849c78c4230df05c2d1abeba91e,0.37591648,0,0,1
2f757454dc41f4d130234aea68b348da4f12a0fa,0.53081644,1,0,1
24b5e00be753889e4907473ce57271acb290cb67,0.42231396,0,0,1
7f293a06a0b7ec9b554d51f150991efa9b7dd54e,0.09325556,0,0,1
95a524ea06e546330ec3d95b9c139b7edc599b86,0.58765614,1,0,1
314dfa80d4e815ba3c689cd3ad0d508209665bf6,0.10237628,0,0,1
c07d659cf8f7b16452472da6052a1de326bcb6a4,0.18895489,0,0,1
545536e34f180edd32fbb21b0a5613e6407f0980,0.17699407,0,0,1
225afb8bad88c9bbb70b24d9ac3c28fb21f39465,0.6233238,1,0,1
041e9565ab8b187ad0b88780a5fc0a5ea24f29a1,0.63597465,1,0,1
c4828bfd09ea8c579fa8840cd77733c64b8ebb39,0.15524949,0,0,1
dcaacf4cae54fe199055830f097d4ed504b3238c,0.08265062,0,0,1
6f22f4b49c2a3a59840d28e6cbe0c37a56ab1f90,0.6161882,1,0,1
41fefde64401d2173ff019a896c4dd72b4fa5636,0.52131164,1,0,1
080e96a6cdea2f5fe8727b8249044b89bc54395d,0.4792655,0,0,1
497147e3e6ba0a50c32817e14985ca5bf1041f9d,0.6455472,1,0,1
40708bdf04dae6aa49bf8f3617f2efc16c83c5f8,0.5305169,1,0,1
84ad767a87c69a265e9105c51efdd87ee57b8635,0.5155025,1,0,1
f0e8d41fc8cc746ba9b66b72646db6bd8b25c6fc,0.6555871,1,0,1
df5930892d9c6eda392b96bdae2e7afd342f7866,0.6910401,1,1,1
0cdcb1fd8df9e9185cd3abb128d927d25d7de8b5,0.6536264,1,1,1
cf15c51722dd4b406876dce1ccd52eea787d84b7,0.56722116,1,1,1
b691f81b482175665b45cabc056e58ab0df03ff8,0.53398544,1,1,1
fc8ef4d22c95b13b907ed14b19cea8ff5fd1e653,0.41914052,0,0,1
8054f746bbd6191f5a297cf6f7f26f9fefaba307,0.6556235,1,0,1
fa21d6f7e70f057c42d4af9c40ed47d3d841e5b6,0.6690091,1,0,1
bac647543497f0aa2a9f92fe726e1eb18631b4cc,0.5033258,1,0,1
cc6ace18900eb92606b6a312cb1ac5c4ab5f435e,0.67053264,1,1,1
c947676916c99f2feb5e183aef9629a1b21d863f,0.66831475,1,0,1
1f3dd9ff8a4f8302eb4c0bf4072d2bb7d8aeddd9,0.2617127,0,0,1
ca7f64f016d8354aecd38ef73405e1b3267ca791,0.7426083,1,1,1
06005610265c342b52051b997a43ad6e963c5a0f,0.77536666,1,1,1
4a8068579ea5bf1e637f8bed09a203508abde315,0.7886722,1,1,1
30c217ec400b9175e9490807748ec3e48fe2ba22,0.81638545,1,1,1
d80acb29c04a8e92a3ddbc539b0be8a521098870,0.72244984,1,1,1
e43138b0b5f0912cb358c0e73eb6247b273eba75,0.6293262,1,1,1
1b84f2ee7a41e8ab12faa73130187763ee5858ea,0.13543652,0,0,1
4b5ef21ed6104befc80e1dd501f964e7ca6f1ce6,0.1264479,0,0,1
c6c1971ca1fb5054a0847b0884488165606bd703,0.6046028,1,0,1
68e0a9c71443738b1842e99925d37bf545f5a151,0.7180524,1,1,1
7ebc8107a22038c06c0b0ff095f9f73d854e1422,0.51539195,1,0,1
9003b5b5aa4465e84c934819f45c1ab4365dc51c,0.29377577,0,0,1
4b8647bf6ce2b478e6bc90d0158ce81939a14378,0.12025404,0,0,1
2d1614a2077eab0b981d4a0c4c6e10a7ecda71cf,0.6251898,1,0,1
3631295c437c5b8915afc7b2b259496eb2d5d782,0.14361429,0,0,1
b12610d35e7798c66fc1d9b0811d10aadb87569d,0.09782697,0,0,1
f3a785108f853e327001dcd435e92525d7fba96c,0.4971252,0,0,1
881a4ee8db1e1826b749579d2284ace982c953ca,0.08991081,0,0,1
e91d0f0510ee8d69c76ee89b4e57341418866c6b,0.11677714,0,0,1
8f7c59ce888a687a6c9089caf0c5469984a073b4,0.43213254,0,0,1
3c644cf87ec8c0e6313b3a10b6cfd66279b8093f,0.8113209,1,1,1
fb7e1e265dd9e560b3a3127a6593b6602f60026c,0.82338643,1,1,1
1c9c43c1d4bb76d7e47cdfc9c6681a38305a95e4,0.79595774,1,1,1
18f181ada7826542725fa4a9460307d606695b5d,0.71411854,1,1,1
bb7e8951cb6ef08ca9df5fc036217c3a45c4d33c,0.07636916,0,0,1
e280c8636792c5426e54868d464c9d28287a98fb,0.12397874,0,0,1
54a7796ff234a9cbd2c66f8b1e5621f0898402f1,0.6922358,1,0,1
8e5867eda8328e4cb2e103d098d0c9f3c2fab50e,0.7445237,1,0,1
e42da5d9d21438c220768464b6a1f5b36bad92a5,0.11068674,0,0,1
c823ac5673e9da094a3b24b99987a533c548dac4,0.09483458,0,0,1
7573e9eec065ac1ccc2134aa751a191da3ca3dff,0.35390896,0,0,1
1cdc902f3d7cf877b4db7a31f19eb1dfd2fade3e,0.6493199,1,0,1
e9ea52189a92f7e2ab051e4d75c4e0c872034b18,0.55128664,1,0,1
ab0a2f761f4529daa0a1e7128ffb8ae417a0104d,0.66955256,1,0,1
7ebbaea90e8002f5542e22bbe92075ffb5383d2a,0.75910276,1,0,1
721730b00b1dc2ea616a3e7958e4ad15134de975,0.47791985,0,0,1
05aae985d9d0e26cf278cdd6f69672ebe3f8ed92,0.5016076,1,0,1
f7222ca6c3b6c1018a52fd649029394e6608f1db,0.6560211,1,0,1
b285f17023da248bdcb3093283e4b9e930bdd09c,0.6136835,1,0,1
af858a6ca224946195b1923a780678b20cb99603,0.4847214,0,0,1
fa027a4685bacd9e32b3bc7d875717b4457f6829,0.6885231,1,1,1
edf56632b8a5413f5e0adfe2d1b65e595b88a1d0,0.7917377,1,1,1
58693fbcb3236a9adb0f47088d88ee3ef7178cb4,0.8407846,1,1,1
91291520cfd5f6c2c91fc242018860c5d1d277e4,0.73550475,1,1,1
7bbba6995a12412cd7cbe1ca693057c5299ab4cb,0.54913443,1,1,1
ea030e732e3556a2a4fa51bcaabc080927ddfa48,0.7729662,1,1,1
310008f48c0a830138d35b3024106560d55b6bd2,0.8010871,1,1,1
ca22dac3f852c7290f60c3c3a5d66fbecfba91f4,0.13828771,0,0,1
bcba29320f5f6f860335266d6be8249418ceaedb,0.4711509,0,0,1
9dc30fddc109504fc80fb62e33554d54cca47faf,0.83564657,1,0,1
764f56955d499fae11db1aed6e7f0d2d0886e6f9,0.7846812,1,0,1
2933e5773b1d64a9348024b2a6e8dc6dc90e6590,0.2233938,0,0,1
0fa8bcc008b6a011d6fe41e64ea4379d0b57f20b,0.2384507,0,0,1
7897aa6a83a5e63da487e72c2735fb042259f6e4,0.15039024,0,0,1
3b501993588d27d91ad526a436e3a10ecc8d6e8b,0.740617,1,0,1
b353d07bcca9fb62ac387d69d3e99004e27f14c0,0.7105839,1,0,1
6b43922648fe2dfcb4cb1aaaf5d795f00a6aa174,0.22233976,0,0,1
b268dfbb824ef307862e489aef7e71bba4cdcac5,0.7371237,1,0,1
b957ee1646d893fd946a8b9a53c779957ae7a240,0.13509859,0,0,1
996c0c164a083c3dc2fbf2768750e3b3a81d77e0,0.62617534,1,0,1
12ddf37f23cd77903729b3e611ffae10e96ded47,0.08339792,0,0,1
7e6304ce63da6c6341cb072abfd08caf0456328e,0.72519827,1,0,1
b9b73fbef5c0f18aaef22ef60442518d7f23ec83,0.3770097,0,0,1
675d4c8fc848ec5438e48deb2e8218b6f0078814,0.74111515,1,1,1
dc666f419e691e6a04342bdd9cf2e899455a8738,0.81183213,1,1,1
9bab875f03ffea0aacd1d92fbbecc96d491c1201,0.6125812,1,0,1
8d3d915dbd0ccf716f0d15b6b2396cff214d9cd3,0.7555936,1,0,1
326beb22c6aa872cbc0ad3706cfbe706bf9eab41,0.1874439,0,0,1
ad882055edb50369bd174ae56a372838aa89cdae,0.62018514,1,0,1
a7363a2ae67b585790896de45f57154474480fc9,0.6542446,1,1,1
2bc9e7ea86a8cc1c3b2436c46115c87080228004,0.68504053,1,1,1
76f154179b8dc6940355d7fe7db468314ca39e84,0.5551309,1,0,1
4080feff61e8dc1cd4af2361990c33c9f1014147,0.43249378,0,0,1
97accb47de63ee5063eda23641c6017e29ab81d7,0.39983907,0,0,1
cde43197f980538e411d851735ac7a63ddd613e1,0.48528606,0,0,1
0dec6e76fb544fa3e8bf5fd17f16314735971dd7,0.6000631,1,0,1
f820d06fc0d1204b0cb386214ffeb42ccec669ec,0.68508244,1,0,1
566c4d59a177be4b65d17540576eeb34d28d24ce,0.5345129,1,0,1
a516976947341e0e18bcc0858d85d34cd0c02cdb,0.10947555,0,0,1
7200c43dea3dbfbd9d38b937c44b6e71744b05c5,0.66859514,1,0,1
596ccd59a11ad5e9fda19ccd0f4fc714d8d3394d,0.5773424,1,0,1
301ad592142079d36f4d33f5309c103c7f4f5dfb,0.4677106,0,0,1
6e710a1f78a4a733020a4b2d1f07b6fe4c6684f0,0.44481766,0,1,0
951b253fc38c09114d0fe273a3758a15c151a8b4,0.6204283,1,1,0
f3539c7eb312b127122084279002d3fd238c9a17,0.35583243,0,1,0
7aa5ba380ef6aea0f2f594873b4c7378adab0f18,0.52255416,1,1,0
def1380280b9be6d166d3938ea4b0254e9b55dc9,0.53355104,1,1,0
cc06ae9bf7a1fb6cee46c40d2a6388ac05d3f5d1,0.43886125,0,1,0
7972f1ac1b85a5174c9f293ad98abc87edfe42e6,0.38893804,0,1,0
bd1c4ff86fa21358949e925274f5b8146f5d02cd,0.43155703,0,1,0
be2aa80bc371d600ab2230c545051ea6454577f5,0.5617141,1,1,0
68b033741b02c3ae54d649e858790732bc5c2d27,0.37352914,0,1,0
4f5d25205a9cec988de300a452d641a155406b79,0.37399706,0,1,0
d1e97bc85338c563f4f732bcf917a08b3cbf4792,0.5466713,1,1,0
d40c01673e866c3c3b5b51bce66e9518924cc31c,0.43379518,0,1,0
5f7d5690a97b2ad95bbe381695638f0c7ca2c4ff,0.29075858,0,1,0
8d340a008767c5d954b7539e825b4c90eb15ab9b,0.54509425,1,1,0
84e490b66f61e11366b62efc42e64b60ae7db35b,0.45165342,0,1,0
fc939bf6838f4bf986e0b42fddee3df6712371a5,0.41545105,0,1,0
5c798eb50aec6040f415b6def1912d4345f8310d,0.44043696,0,1,0
d1758567765117cd395ea47319d3acde7fc663b1,0.4977026,0,1,0
517b8beb06f63301629f0ec3f58f6b667061d3fd,0.66788036,1,1,0
5c715cd84d600c0df0215846efaece2ab4673546,0.31829888,0,1,0
dff4cea14174548f52d6fcc66c9bfd7a339b7336,0.47694218,0,1,0
02ae34d1d3f3c9f9c25160cb14c119958f25af13,0.21514638,0,1,0
8e0e1c32ff1ed1da4f09fc9917812e6457e6fef7,0.5344118,1,1,0
18c5b2536c114c86b810bb3ee94474fec596a462,0.0772364,0,0,0
c6e4d8c9f534d3e70e79bf718e40724d56186109,0.54744464,1,0,0
5b5ecff53b50a67179f6245bf60047c59f027e26,0.3693712,0,0,0
46dcd98ceb70720f96d4cfa23b001ff108bdaebe,0.3345014,0,0,0
dcbfc80c4a14b91194fc8b74760b079cc0a4ce42,0.30645528,0,0,0
23492711d234f2fa647bac46997e361bcf985423,0.52089083,1,0,0
f10279a29d47d389a31da907695673a992555adc,0.5513207,1,0,0
8d5925b52b48b4c69934ea5c48aa298a2ec74e84,0.32411492,0,0,0
a30aafa016409048747fe9730d6f7892eb12d7c5,0.3800489,0,0,0
a3611513fc4de7234ef49ae46d646b0795ac7110,0.27034655,0,0,0
d0eb1d1dd1d9aed27c433d78a76962340fcbfc1d,0.4098809,0,0,0
1ae9dfaf45e0a51ee7d604551f7e1932d1787975,0.3863687,0,0,0
1c2d56e8a91b0f64317a9e02cfd4b45b03d3019d,0.2696192,0,0,0
2cd92aa6e3f44df6b0552a28b83022a7f92f8946,0.3738825,0,0,0
79ad715f02e02af76da0c6e47c164a80768a01ab,0.32101163,0,0,0
e5b948a1687270192753993c998d61c7a91faf49,0.28968486,0,0,0
b81a48d78dd9be1c3eae57cece4c88df92c30247,0.2482263,0,0,0
0b873b95a840f8cfdb51f4ceea3b524d46d20715,0.27798697,0,0,0
e350a38760c93e373562d6a3e906df5904250146,0.5646685,1,0,0
660431cf4f7e2bda887a0e35ad3a76bdccc14110,0.314101,0,0,0
f65e9aa63f8f266023a986507834585a9580c555,0.060697604,0,0,0
535cbcd9f20b29b3c5a5d69f654cde57969b3788,0.111916296,0,0,0
2d650f890ff1409f2944bc56cdc4b518b35e06f5,0.067886345,0,0,0
1c4f7bde1c8f7d8c0e09484daa626fa4f40e38e6,0.08443322,0,0,0
b9a22fb6f6f460287993d3cf087ae5ff036a6c21,0.21974534,0,0,0
14d6a09601b68f60e6b18142b597a6890e5d581b,0.3244758,0,0,0
54fdc54dd24c9ece2bfc32ca12e88545ec923a96,0.33655906,0,0,0
0ff7c091143e8326eb88dabce078ca76778a587b,0.38820133,0,0,0
32ed6601f216dd1300876719cce837bfa9824e26,0.29800284,0,0,0
7df11e15457e8d8bf4e5730d20ec2412c429e091,0.49872416,0,0,0
15f7f84678a24533e42f2fde230c5f68d1b33035,0.3434906,0,0,0
2499f70cabfc8d17f2c6de124a81fc0940a70fa9,0.40936998,0,0,0
6526a5e83c1fb9644da34e44fdc5a3bb8a357c84,0.42863587,0,0,0
5904d90ade8663f5552b51036740352a9b796892,0.039611258,0,0,0
fdb75911387f77912c37dcee0af4a2f2e0977f3c,0.08993604,0,0,0
538a97b115ba4ea44c57898ac7c4fbb77fe0e9b7,0.4223046,0,0,0
fa0478f4f6fb724233dc3e00a9f8dc557ce7cdbf,0.45353752,0,0,0
ec81d7ca5100fd97fe8428db02a2cdde967ac87d,0.41451794,0,0,0
81c40b9820625d3f529b116baf6b4a3d45dd2f75,0.25596303,0,0,0
2b085ae34295d5ae1d7eaea5a55a2df220bf1bed,0.08775877,0,0,0
d6a354e203e4901d3eb6a36b3aba620fdb222da7,0.10486451,0,0,0
37787b96ab21fc226ff267aa26ae58a58b2d20f8,0.06313355,0,0,0
f2f704eabee027175b0c1eaf934c08e7721a9b24,0.43561748,0,0,0
fa8f024d082998c7ae48b21f3eb6f8f2ca56a719,0.572481,1,0,0
6bce493e47fdac9e64a9ae1cb3c358f31975a43a,0.43837047,0,0,0
9daac904cbc627e4a43e72f72159c552b25caf74,0.29464173,0,0,0
658d5a97c708a926b0425585f9437a0c1fc2b81c,0.40517253,0,0,0
db695fe90b181948f271e4970ec83d4de9348577,0.49617016,0,0,0
9c06ff87decab7357d44d8766f6a277ff887d921,0.3618634,0,0,0
198d448ceab2bc061d18a1a689056bd2b96b76c5,0.038510557,0,0,0
46b15af8c5fbfb026be350ae16eca89fcdc87aac,0.12070131,0,0,0
b7e86cdd772cc47a031d187b79d075af8155c2e0,0.30625993,0,0,0
198e589e62f687a91d4c27057ebad918e9f9bf3f,0.36833376,0,0,0
fa510146c09a498e25e590ef5cc558074337fc4f,0.417677,0,0,0
badca06dd1c70207215c7186a31955901b637661,0.3255804,0,0,0
91ac1574aae31a29baf883d2cf45e4e1f5aa9bbf,0.45198098,0,0,0
82ca28e2ec8fe9771f01b5aab3386311ecab80df,0.29663244,0,0,0
9f8120beb6b351608652002e057f97f8f6c0dfc3,0.48445457,0,0,0
c66b23747627a2b432e0068561d457cab9f97ead,0.52316654,1,0,0
a6a5e3033d424468cbd3a6af051aabf3b5bd4d00,0.5336349,1,0,0
2902a9a3c07e881dd7aeae0a55189facfab1966c,0.29531378,0,0,0
fe487b3336f8279d8b74eff05c5ebfe6e01281f0,0.29504126,0,0,0
3076802a78f14eb1b4f23831d5a1ccec79b26554,0.32794186,0,0,0
5063d256221e7fe8a8c433401bea988d7ccb0a35,0.4659729,0,0,0
a6b9ca3f71d44dbe2562e13d63e4b30fcaccdf50,0.34105855,0,0,0
81fec3193ad12a0f78eb021c4a1548484595860b,0.43947038,0,0,0
902a680951f318488a4bbe0184a3a223c5709b01,0.40511015,0,0,0
b84f786db6d85cbf9973adfccdf135cb71824b87,0.3656981,0,0,0
a2b5c7a9aa0b5f617502bf6003d43913d507a11f,0.51678604,1,0,0
571725cb7bcf091b5457f1e2a857aa51e8a70f7e,0.074972175,0,0,0
10118c9c1b00d31868d6ab43e8171e3c16efdcfc,0.31467843,0,0,0
ee94e6d82370b6b6086cae2693dc2fe31388fb64,0.4861792,0,0,0
dc58a824466ed492fc6d5ab11960eb86584eff26,0.41532052,0,0,0
56c04300e8f05bdaccc2ec60fc751c09d86b7b68,0.3572842,0,0,0
03542311e2a461f0324ec700e98e78b5540bcff8,0.04215925,0,0,0
4746531428aaf9e3ae7d505b5a203350d138ea41,0.51171196,1,0,0
05b14fd01e43ab8a385bcfb53102a270ef2d9375,0.41974983,0,0,0
77868bf772a03d61701bc0d32dfafea63a0382c2,0.36521637,0,0,0
83fcd3e1e220b9f3aacc63aeb4da0a898684dd0b,0.06500298,0,0,0
dcde20001063fc25f622e4b1c7775f735a7255f0,0.07093482,0,0,0
82bd5be8735c01a767fc3ebc3eb92369ac68302d,0.45122567,0,0,0
e1188f368087ba4bcfada44d645e4f8661d7f9b2,0.39626485,0,0,0
2c03505da053d07cd3f729692738912bdfc2a5b7,0.39569905,0,0,0
3fd058c02a1f8881110409be33ad56d3af6386f6,0.43247443,0,0,0
bb3ddfe426cf4ff5390f742d35bdba02a4ce7624,0.39056313,0,0,0
09b1a632c17b34650d2bcf748be14690c9882e52,0.31900755,0,0,0
539e1ee1d68c27defd0aaad09a1a0b68e059de96,0.2149683,0,0,0
da69323b29fe8e373364b9399bc67523dcf2af62,0.049992733,0,0,0
c1ad21bf966d01dc5cceca82f102c0f7843d5617,0.05371241,0,0,0
2f757454dc41f4d130234aea68b348da4f12a0fa,0.33544105,0,0,0
24b5e00be753889e4907473ce57271acb290cb67,0.40420216,0,0,0
7f293a06a0b7ec9b554d51f150991efa9b7dd54e,0.3102159,0,0,0
95a524ea06e546330ec3d95b9c139b7edc599b86,0.14806661,0,0,0
314dfa80d4e815ba3c689cd3ad0d508209665bf6,0.3247281,0,0,0
c07d659cf8f7b16452472da6052a1de326bcb6a4,0.2597422,0,0,0
545536e34f180edd32fbb21b0a5613e6407f0980,0.06724554,0,0,0
225afb8bad88c9bbb70b24d9ac3c28fb21f39465,0.3104193,0,0,0
041e9565ab8b187ad0b88780a5fc0a5ea24f29a1,0.33044517,0,0,0
c4828bfd09ea8c579fa8840cd77733c64b8ebb39,0.069411024,0,0,0
dcaacf4cae54fe199055830f097d4ed504b3238c,0.07382086,0,0,0
6f22f4b49c2a3a59840d28e6cbe0c37a56ab1f90,0.37355858,0,0,0
41fefde64401d2173ff019a896c4dd72b4fa5636,0.41803268,0,0,0
080e96a6cdea2f5fe8727b8249044b89bc54395d,0.37877867,0,0,0
497147e3e6ba0a50c32817e14985ca5bf1041f9d,0.050830305,0,0,0
40708bdf04dae6aa49bf8f3617f2efc16c83c5f8,0.09398641,0,0,0
84ad767a87c69a265e9105c51efdd87ee57b8635,0.21125197,0,0,0
f0e8d41fc8cc746ba9b66b72646db6bd8b25c6fc,0.31118187,0,0,0
df5930892d9c6eda392b96bdae2e7afd342f7866,0.057399984,0,0,0
0cdcb1fd8df9e9185cd3abb128d927d25d7de8b5,0.4016883,0,0,0
cf15c51722dd4b406876dce1ccd52eea787d84b7,0.49733883,0,0,0
b691f81b482175665b45cabc056e58ab0df03ff8,0.032230705,0,0,0
fc8ef4d22c95b13b907ed14b19cea8ff5fd1e653,0.3002683,0,0,0
8054f746bbd6191f5a297cf6f7f26f9fefaba307,0.08093394,0,0,0
fa21d6f7e70f057c42d4af9c40ed47d3d841e5b6,0.31511018,0,0,0
bac647543497f0aa2a9f92fe726e1eb18631b4cc,0.4090486,0,0,0
cc6ace18900eb92606b6a312cb1ac5c4ab5f435e,0.40881765,0,0,0
c947676916c99f2feb5e183aef9629a1b21d863f,0.5885871,1,0,0
1f3dd9ff8a4f8302eb4c0bf4072d2bb7d8aeddd9,0.33089703,0,0,0
ca7f64f016d8354aecd38ef73405e1b3267ca791,0.22059016,0,0,0
06005610265c342b52051b997a43ad6e963c5a0f,0.33896664,0,0,0
4a8068579ea5bf1e637f8bed09a203508abde315,0.03901104,0,0,0
30c217ec400b9175e9490807748ec3e48fe2ba22,0.06047804,0,0,0
d80acb29c04a8e92a3ddbc539b0be8a521098870,0.029149631,0,0,0
e43138b0b5f0912cb358c0e73eb6247b273eba75,0.191826,0,0,0
1b84f2ee7a41e8ab12faa73130187763ee5858ea,0.049178928,0,0,0
4b5ef21ed6104befc80e1dd501f964e7ca6f1ce6,0.5169181,1,0,0
c6c1971ca1fb5054a0847b0884488165606bd703,0.3343552,0,0,0
68e0a9c71443738b1842e99925d37bf545f5a151,0.4022821,0,0,0
7ebc8107a22038c06c0b0ff095f9f73d854e1422,0.45061833,0,0,0
9003b5b5aa4465e84c934819f45c1ab4365dc51c,0.31672096,0,0,0
4b8647bf6ce2b478e6bc90d0158ce81939a14378,0.51957923,1,1,0
2d1614a2077eab0b981d4a0c4c6e10a7ecda71cf,0.50968367,1,1,0
3631295c437c5b8915afc7b2b259496eb2d5d782,0.6415026,1,1,0
b12610d35e7798c66fc1d9b0811d10aadb87569d,0.4848231,0,1,0
f3a785108f853e327001dcd435e92525d7fba96c,0.5839557,1,1,0
881a4ee8db1e1826b749579d2284ace982c953ca,0.48607367,0,1,0
e91d0f0510ee8d69c76ee89b4e57341418866c6b,0.40797105,0,1,0
8f7c59ce888a687a6c9089caf0c5469984a073b4,0.52717066,1,1,0
3c644cf87ec8c0e6313b3a10b6cfd66279b8093f,0.48668513,0,1,0
fb7e1e265dd9e560b3a3127a6593b6602f60026c,0.5087164,1,1,0
1c9c43c1d4bb76d7e47cdfc9c6681a38305a95e4,0.48888263,0,1,0
18f181ada7826542725fa4a9460307d606695b5d,0.43952763,0,1,0
bb7e8951cb6ef08ca9df5fc036217c3a45c4d33c,0.20318261,0,1,0
e280c8636792c5426e54868d464c9d28287a98fb,0.25343546,0,1,0
54a7796ff234a9cbd2c66f8b1e5621f0898402f1,0.065100625,0,0,0
8e5867eda8328e4cb2e103d098d0c9f3c2fab50e,0.12873645,0,0,0
e42da5d9d21438c220768464b6a1f5b36bad92a5,0.42876762,0,0,0
c823ac5673e9da094a3b24b99987a533c548dac4,0.39254418,0,0,0
7573e9eec065ac1ccc2134aa751a191da3ca3dff,0.346114,0,0,0
1cdc902f3d7cf877b4db7a31f19eb1dfd2fade3e,0.4993806,0,0,0
e9ea52189a92f7e2ab051e4d75c4e0c872034b18,0.49683025,0,0,0
ab0a2f761f4529daa0a1e7128ffb8ae417a0104d,0.4538781,0,0,0
7ebbaea90e8002f5542e22bbe92075ffb5383d2a,0.4527982,0,0,0
05aae985d9d0e26cf278cdd6f69672ebe3f8ed92,0.384597,0,0,0
f7222ca6c3b6c1018a52fd649029394e6608f1db,0.3999984,0,0,0
b285f17023da248bdcb3093283e4b9e930bdd09c,0.15204129,0,0,0
af858a6ca224946195b1923a780678b20cb99603,0.5206698,1,0,0
fa027a4685bacd9e32b3bc7d875717b4457f6829,0.09149496,0,0,0
edf56632b8a5413f5e0adfe2d1b65e595b88a1d0,0.39056572,0,0,0
58693fbcb3236a9adb0f47088d88ee3ef7178cb4,0.1494454,0,0,0
91291520cfd5f6c2c91fc242018860c5d1d277e4,0.25411382,0,0,0
7bbba6995a12412cd7cbe1ca693057c5299ab4cb,0.21038572,0,0,0
ea030e732e3556a2a4fa51bcaabc080927ddfa48,0.47754103,0,0,0
310008f48c0a830138d35b3024106560d55b6bd2,0.4322973,0,0,0
ca22dac3f852c7290f60c3c3a5d66fbecfba91f4,0.31792846,0,0,0
bcba29320f5f6f860335266d6be8249418ceaedb,0.13373204,0,0,0
9dc30fddc109504fc80fb62e33554d54cca47faf,0.27750078,0,0,0
764f56955d499fae11db1aed6e7f0d2d0886e6f9,0.31483108,0,0,0
2933e5773b1d64a9348024b2a6e8dc6dc90e6590,0.44929197,0,0,0
0fa8bcc008b6a011d6fe41e64ea4379d0b57f20b,0.048713505,0,0,0
7897aa6a83a5e63da487e72c2735fb042259f6e4,0.58263254,1,0,0
b353d07bcca9fb62ac387d69d3e99004e27f14c0,0.5758017,1,0,0
6b43922648fe2dfcb4cb1aaaf5d795f00a6aa174,0.34089813,0,0,0
b268dfbb824ef307862e489aef7e71bba4cdcac5,0.26942185,0,0,0
b957ee1646d893fd946a8b9a53c779957ae7a240,0.3292316,0,0,0
996c0c164a083c3dc2fbf2768750e3b3a81d77e0,0.054922063,0,0,0
12ddf37f23cd77903729b3e611ffae10e96ded47,0.4916719,0,0,0
7e6304ce63da6c6341cb072abfd08caf0456328e,0.400702,0,0,0
b9b73fbef5c0f18aaef22ef60442518d7f23ec83,0.41103983,0,0,0
675d4c8fc848ec5438e48deb2e8218b6f0078814,0.06582893,0,0,0
dc666f419e691e6a04342bdd9cf2e899455a8738,0.3840607,0,0,0
9bab875f03ffea0aacd1d92fbbecc96d491c1201,0.12347286,0,0,0
8d3d915dbd0ccf716f0d15b6b2396cff214d9cd3,0.3795402,0,0,0
326beb22c6aa872cbc0ad3706cfbe706bf9eab41,0.049212597,0,0,0
ad882055edb50369bd174ae56a372838aa89cdae,0.4275025,0,0,0
a7363a2ae67b585790896de45f57154474480fc9,0.27928394,0,0,0
2bc9e7ea86a8cc1c3b2436c46115c87080228004,0.42937094,0,0,0
76f154179b8dc6940355d7fe7db468314ca39e84,0.11145665,0,0,0
4080feff61e8dc1cd4af2361990c33c9f1014147,0.44636548,0,0,0
97accb47de63ee5063eda23641c6017e29ab81d7,0.4552262,0,0,0
cde43197f980538e411d851735ac7a63ddd613e1,0.4409259,0,0,0
0dec6e76fb544fa3e8bf5fd17f16314735971dd7,0.029362967,0,0,0
f820d06fc0d1204b0cb386214ffeb42ccec669ec,0.20004873,0,0,0
566c4d59a177be4b65d17540576eeb34d28d24ce,0.4007222,0,0,0
a516976947341e0e18bcc0858d85d34cd0c02cdb,0.2653431,0,0,0
7200c43dea3dbfbd9d38b937c44b6e71744b05c5,0.23673211,0,0,0
596ccd59a11ad5e9fda19ccd0f4fc714d8d3394d,0.08041012,0,0,0
301ad592142079d36f4d33f5309c103c7f4f5dfb,0.33420557,0,0,0
f8a8ea748a0b3015490ccecec7b97f0ab2daf9c4,0.05436625,0,0,0
8aec465b44dedb7deacf80111ea5286914093094,0.29788405,0,0,0
34f3f4196084768b2ef6b3db4608d8eccec50364,0.21732496,0,0,0
c53f2106109153eda10c47a6960a5a579d1530b8,0.2777383,0,0,0
17f52a2e559e68d5c6ccc98fcebb5523161fd0ed,0.2831164,0,0,0
fd7a4362caf2cd69368a38f2f71ffe19706e341c,0.5803489,1,0,0
753f278d10fc0c92e912965379401ac182644101,0.09733368,0,0,0
491786ce4182daa57ea61deaf701f756f57f6f1e,0.15252194,0,0,0
de73ad3115c19d5f0771754d233d74055a2a10bc,0.06529206,0,0,0
d5f586bd4e1a20fc09a33aaa5c2b9320f4a2aa72,0.3813971,0,0,0
8d4fd1dabbae4d7ebc2b273af9275ef8bd0e1ce1,0.2073012,0,0,0
6e5eedb3fcebc5894c41733bd26c8b4d9197873b,0.2572885,0,0,0
3b7d0b95466139a147fc504b7c18897dcc826c65,0.28866464,0,0,0
6a82f92584b36e28798479c82c0d3263c6347b90,0.33882692,0,0,0
b8e9475505fee98aae2819c03a33c7aa3db843d3,0.27828598,0,0,0
a14acdf6395f588dda7597bb4c7810dacaa503d2,0.26248103,0,0,0
85a20aad64be04127106f492e26f6ad6d6c228c8,0.4140769,0,0,0
1325e114108136eea3fe77a4a270a2da7eff98e2,0.0876832,0,0,0
bae46709ecb13f80aaad0d279b3618ab83d09275,0.06896631,0,0,0
dc5f850d1d9b0b952b7f0dabd6778cf0f7675cba,0.26629052,0,0,0
b4abfb93676fb0abbab1d9bac40ba2714a3872f5,0.117211424,0,0,0
9a9e7268162f9fed146c74a8acbd234d9bc2ed84,0.1265084,0,0,0
b262c2359c9ed53dae3ce2ce7a0092273f4eec65,0.20591673,0,0,0
c30b59103b6f1390b0040ee74b985248e8b1b849,0.25386125,0,0,0
0f36265123605cac6af05b7b8c8f4036b58f4da4,0.31779626,0,0,0
cb177b56b7664ab323558545737646896f4d7e70,0.24117456,0,0,0
15bdcc3be2b84f68ddcd822da52ef045ed89e57b,0.29304922,0,0,0
6a8ba1fecb47e5ffd5387654d0cdb7c372ccdc9d,0.11127928,0,0,0
75efbfd6b21ab36fdbc440bc001c133f824bdc3e,0.3309404,0,0,0
f7e42d2ccf949a5893a439227c8c6bafd2598f26,0.45091683,0,0,0
c7fcb448c99ae5fe9db9b217bea1233df3ee6e57,0.23940116,0,0,0
d0721feadc1e0cae6efa3e0d82f523debc5b8d97,0.2909428,0,0,0
5f47ad718e0ffcbbe6cd2f8d32b2e345c4af3a48,0.2597395,0,0,0
745d383af12137ccbcbe1f3cb4c9db73f87a66ca,0.09617636,0,0,0
d746a54c2ee50711283bb49e557f58ca491e1bac,0.08023763,0,0,0
a56d4998cf16ff08f5593fb7d4dda66ca05dc269,0.13065477,0,0,0
03e65c98da2a0b2e27b14713543c2a61d56b1237,0.059939932,0,0,0
0d3545e5f68d024cd4a05724a15746d8dad986d2,0.31874958,0,0,0
6b1b592887d9ce95fb5af1e216bff56b18c7902c,0.2842159,0,0,0
ccd0fd51a5712ef1d85110eb61130c906fe4db13,0.37441742,0,0,0
d98897b11e6f4adf1d0a91591b1bb6be501cd29e,0.36964577,0,0,0
4e08e17ec536038c9c0dd888f77b912cae82816c,0.2457738,0,0,0
86eb3a2fa74988e4ccf3aae7f4b77edb84555320,0.05254936,0,0,0
45df5da2640f8f097915b8a2a0249ef0f6cf514e,0.35325792,0,0,0
76b7413d2b1eb2dc22f05de5b76f9519be5142e0,0.12364785,0,0,0
bfb3cf8bba6aab198c4644e236bbc9f3807111d0,0.26529053,0,0,0
093e3bb2e3cd9992f3f0d14373d406bb9b2ed36e,0.38113543,0,0,0
c440f668aca99266b5379235f6d99d378630c938,0.44208902,0,0,0
a1c5a582760c7f65572d0883fbcedc843332d7eb,0.35011187,0,0,0
0a499402d707bc8cf775d7f9b3840780a7401f7d,0.09454079,0,0,0
8e4e5221515f820108f48396a18ceaed73de8dc1,0.27650806,0,0,0
3a4e18ddf151a624eb5c3596ce8400ca4679ef97,0.35125992,0,0,0
8ed40d530295d819e0ca964b2d4542f6ca6a9929,0.24786244,0,0,0
a6abb8b00355db97486ab5023305c3f4e9e19ad3,0.1376091,0,0,0
b494caa01985c623601735f1bc10871cfb8aa048,0.17915338,0,0,0
5597ed7ea300ae3d08cd893b0133bce26038a7df,0.10035895,0,0,0
002276ea313fd880122502e9840b43f996acd537,0.19245979,0,0,0
bd5afc0b5a977c168cf046e3244477b48fa72c5d,0.4092847,0,0,0
b313ae68888445f4c08521bbc8d19f39310c6890,0.42693418,0,0,0
a675ca7802065f459a96bdbd593d8dc491180cbf,0.46054024,0,0,0
8be87e032a8c05622148357f30bdca3c614a669f,0.3537242,0,0,0
96eb80efe1da48f37846aa899260aa0c84b15944,0.085732676,0,0,0
75c2b24c681e314c4e4e07243b31430ba4e42723,0.46215293,0,0,0
276e22858cdd56f5725e0c2f7a3522df99967973,0.18730968,0,0,0
471e6b078a7891aea99b77f200e828a7b1c9bc00,0.0611507,0,0,0
6d7ee38ceed6b496d70502e276f80be6de618014,0.07897162,0,0,0
5cfd99f0dcd0d10689e480f0854e859079f125d0,0.07081229,0,0,0
ed6c47dd9ebbb2e38fb3e17a2b961f0fcf0e6df3,0.04142644,0,0,0
1fe7a43505aa9d00bd9dde45aee77935a5147561,0.47999942,0,0,0
387880a630c65b955a3329a2f7b987214c41f6da,0.27355018,0,0,0
cf4416a84203ff9d360d4398da3b166e6d0c72b9,0.11475391,0,0,0
a7fe613853516f0abde34821996a0424882bb919,0.12662269,0,0,0
7a8a7783315917b56b6a71c4f28cec4ed1d91a7f,0.41788784,0,0,0
9c545d44a4a703c88d417a6fa43298a80ee67735,0.3797364,0,0,0
4f73871cf40b6dd05c8872d39246c67f798ed915,0.33503324,0,0,0
41f297809965523fcd021bef20b304b3584d9b4f,0.13529782,0,0,0
03178c8b15f1b522b98ded0f83cfb0e79f5ec4d3,0.049968936,0,0,0
f70741c9b216d3836d047c542847920d4778cf9d,0.04560342,0,0,0
5ca0a1c3564d35293a5ecf03e5f32e6f0f6f445c,0.38660565,0,0,0
4c4b3e2e32ddae35e4c1a6ffce1cd2b2eafa958b,0.07523197,0,0,0
72a46babeb0da02071e47425ebd55da915b98178,0.43348795,0,0,0
9c51e5316babbd370bc32aed0fee134216726ec9,0.09426497,0,0,0
392323e2d44bacdac605c1a4f037f06e21dcc239,0.40139803,0,0,0
10dc13c80752b0489d291b54440212ca54c59fee,0.47981185,0,0,0
7b9df59a96adfce979c8c564dc5eaa6a29b7f25f,0.3878329,0,0,0
818533e92bfb1c142ae4ce5be18ab92d1ae17025,0.06496075,0,0,0
47fa07eade06908ded4206651571e71a2fe684a6,0.42291886,0,0,0
46e97d9e04591e8198ff38bd2949fd5514da0d3e,0.047181413,0,0,0
08cc26e70bf145aca293d55fce12aef835263f53,0.29120913,0,0,0
6c21bdb4a107b49e57c9e5d6598d13ce6f85fc5d,0.062062796,0,0,0
18a027b1f04e420c18ae57aebe8fd031b5ff251c,0.04566174,0,0,0
82b84c0fe9054198099752a66575cec0c47524c8,0.24071518,0,0,0
b10b90b0a3947bea98e3646e7d29f853f3b5c6f7,0.24167898,0,0,0
8c141a1705808491f16a27b53e1ff0db0a2807fd,0.11815157,0,0,0
40f969bc9e162deead55967da3c128e2da933dfc,0.10838425,0,0,0
f348d34fb1ef3c968e2981283618aa85db203901,0.04487694,0,0,0
999761ba1bc5da820a1d2527c4aae29d95a7013a,0.34888676,0,0,0
ce131449a4ca0b06c6bb27ee5d8d6d89b1467bbd,0.6425737,1,0,0
924e1e9064f90d958b4f57e9c9c0c543bd19dcfb,0.4751993,0,0,0
f36090e3141cd3cd6fd58f1f46a30af2582559be,0.49395904,0,0,0
6fe2094e30107512e470571bceac91cbedbd21d0,0.26699978,0,0,0
fb0078159d2463da149de54018fca79a9447153e,0.13772252,0,0,0
73351b6adbf403600521505bef288057beb2bdde,0.41926914,0,0,0
079a07fe18f654632b80b274f247775582261e5a,0.39005044,0,0,0
4158323ee456bd412e7357a4a6bc8bf50deb5d9e,0.11408303,0,0,0
2fd6c8fa1e392f985ee860d8ee154a612ddde569,0.4171856,0,0,0
66d0a9a0a00dbb259425f17745f7dddd7e676f71,0.24207647,0,0,0
e14d9ce8e3c57b7352a647c0a8e62eeb88ebfba4,0.17855026,0,0,0
9e0c5ad4b3148f42f3940faf7d67b305e34bef0d,0.11419483,0,0,0
fa1aa44c7623fb2142e588c59eaf56db7bc237eb,0.05273412,0,0,0
8fdda846c4653b6ccd49c47a9586c374bb20a255,0.37689078,0,0,0
a94ff90ab6cd2d92ccb2eb1fd7913b4e5256f02b,0.119331785,0,0,0
268bcd622685b28c2d50bcbce64ac38f7e90390b,0.38087204,0,0,0
09e31a01b51d7418fa0034ecd4cc11848436fc18,0.32291174,0,0,0
487ac1980148522d628e1d2aab50b107c372798b,0.3857047,0,0,0
34646ec9b52192a71e52ffc09cf7fefdd506c48c,0.21469226,0,0,0
7afc1c34fc16ec04f82105f9106b7d1e5232c4d0,0.24981168,0,0,0
00439211981af7b5baed495f526ef8ad76ee7c5b,0.09453738,0,0,0
1d635088f697178660b6e1c9a89d2b7d3bbe2d29,0.123593144,0,0,0
a4a62ed7c1e3c7aae09324f0ad1c6078f0fba471,0.07189912,0,0,0
b3a68ca842841c4b9713462d5f01742cf71a6b4a,0.0389111,0,0,0
2d868410eead061d59de524bada4de9e3d2bb442,0.0521808,0,0,0
813aa11d505b9507b6795d36070806cb2d96e5c2,0.43694645,0,0,0
88b29fa46bcf6f56df4213e1ba7810735a28d755,0.5014479,1,0,0
eca374db08ffbb3dd8de746632fbd74acb8f2c92,0.28003561,0,0,0
2ab17f529d07c1f618ea08d968b2fdf3a382a792,0.18348539,0,0,0
9a87c766bb3137a50656871e5dee5a309543bc7d,0.3675132,0,0,0
9ce4e1a371418e5eacc69227885815f9a4221c65,0.40068242,0,0,0
c7f7da754a911302dcaa6935be6fded84e1ac348,0.4341832,0,0,0
4cbb388ba9099be121f81d75000acc3af93bf993,0.08277469,0,0,0
87497c72460c9c58f829a372d741b386fc2ac8f8,0.123525485,0,0,0
921d0d60d40d8fbda29f14a64e848c70026ea32e,0.17438252,0,0,0
f9e72000a17eb9d524b38a9f2c982c037dd94891,0.40508625,0,0,0
e34f50dd1083fa8ed9fe25fe701b64bd2ea7efc0,0.25414202,0,0,0
581b474f4b194731eb9cb22cdde7330a1ec81c3b,0.38768727,0,0,0
e0d17fed51f5018fc34578699d824c20efc44368,0.38718715,0,0,0
4fc5b3402c58d6a4b317bf23b896ea91d22af6fe,0.4092318,0,0,0
d8e2f892e48423fda73204be3ec239d282e71c65,0.41335425,0,0,0
8d6d088622f8e4ea89e66ccbe097510fb4c932fd,0.23585284,0,0,0
f0943a7242041a16c8f7fca845592e48bb19ac74,0.46165463,0,0,0
d1123894d33922e7c8ca838f9dac9bdceefa3f7a,0.3851983,0,0,0
fb83ba3fdb46537a36832a900f124d4c400f7ed9,0.45009413,0,0,0
e779883b29a67d411493f985de984ffb8088ca05,0.3013435,0,0,0
a71c820baeb91025eaa7f07b172a39500c6f5692,0.32596147,0,0,0
a4eff51bedd73a0ea56afc23b1021187dd03561b,0.3725316,0,0,0
8f6bedeb724fa78583c26423aaece05cfddc04c9,0.38025114,0,0,0
fdc116f0bcda6d1fffbbe505d0687b0406e92fa6,0.2230041,0,0,0
66608db56c41e91ee34fdc1e6157d69b69893fad,0.059192035,0,0,0
5366158572bd88f18df7883ab823ea62b7701d77,0.27390626,0,0,0
2df0a3be66f6fa1067d976d7a05500beff7eda53,0.056356996,0,0,0
e0b2c86c8754312d1e89307fbf84e6efbfa9fe0b,0.43433666,0,0,0
050dfa6f0850174fdf958ce6751d2f06900201f8,0.29008463,0,0,0
7530b4bdceef0ef37af252f0b97978554fb9b99f,0.34628,0,0,0
a6eda3d8eff423ecb4901aa07339364732c02ddf,0.44364357,0,0,0
a5035d0e1cde068320984d789473e1140adefdc0,0.49104527,0,0,0
dff43a0530a6fbd524e3af24795cf6b92142735c,0.4101288,0,0,0
1d5f8faa87a410fdd1141ad82f270ac238293770,0.34451714,0,0,0
82f4ce516c18ef5fb3096f6a90455fce90a5b290,0.0743603,0,0,0
228b49fe2afea3376c4f30f80bdeb70d083a9206,0.36883858,0,0,0
adfa016f3ef7ff262643e0f0a5a54d3ddb7d7e1d,0.47462127,0,0,0
f72b5e65c0c5210cc0be585959ae84fdbc87aced,0.50411683,1,0,0
26d668f6d5a2f202ef7ff6a73ff3cbd7bbdf4b06,0.3833359,0,0,0
808149305ba26224917e29aa0c0089701bd91936,0.07003717,0,0,0
55fd738c86ea1796d5152d818ab4b5060bb11803,0.36926344,0,0,0
7a8dc00b8be18a9271e2d9c2444ba91077ffafa5,0.03640079,0,0,0
34515698878ff0a4641e72486f0ae8a7e30df0d5,0.44524992,0,0,0
96f2b16b3efb93580e6aeaf1da97d9dffd5e260b,0.31707594,0,0,0
b577805347d56f1927615fad311868a3537a9cb6,0.39639592,0,0,0
e366894658914c0f2fb41cac003392b0dfa6e4b7,0.42813092,0,0,0
3411f29e2377788cdaa5a4eeaddc53355f085a78,0.0500301,0,0,0
880b04814c564ea7a1bb8fe97c15b4735c67e8e9,0.32270873,0,0,0
8ef033be5c92a895139b4f910af5a7048f340cc7,0.032000564,0,0,0
350c477161a0d1df94efa02109ae07e6acbc527e,0.38628456,0,0,0
0880a21c56cec1a2442b5123c3845bfc99e83a7f,0.12684657,0,0,0
84143c462986417ccfc5e8c05481e983cf668e2c,0.048737496,0,0,0
f16d5b1722eb55c2d55eb623999f16799b088b98,0.4350437,0,0,0
ac37165ed7a22cbdeccfe348b10245dc83b414b1,0.51585823,1,0,0
d9ae4e2601d4c0744bbc275b6b4f503477b789ea,0.046128538,0,0,0
7c1a59fa7ab58f5f7cdc124ff2667cc501570a4f,0.32366145,0,0,0
93d35c8f291b8953f8460c0eb02a51cc6d6cac22,0.09638375,0,0,0
b77184a2189c8f91100d148354d1fdf38e83d13f,0.09663203,0,0,0
f81e0465460ff9abd450eda836bbb4f9b13837c7,0.51808983,1,0,0
6fc152e4177e0482450b13eb7fe496de677ce5b6,0.40940168,0,0,0
0c9af5f450ce73da9b791051f861cb9a6420e0f1,0.49524754,0,0,0
11409e628b0461be3c268f81642ce36bc4b0bf84,0.44265422,0,0,0
63a9488f2910434851e98a8fc0ec8c053b24083b,0.057281576,0,0,0
d70736425701b66bd64ad3aab3941bb930a18b66,0.050166734,0,0,0
7331773448c1f2e0b24deae4144db0deec85fc07,0.33650878,0,0,0
11a7e62a898e54d66936d1b8b67cb5e62578ba98,0.38999143,0,0,0
0484bdb3f61d309ff62da4df4be92cf139d19f6b,0.44430575,0,0,0
f9f632e7056cd9d2b3c88bad50fe0597610e2eca,0.3978387,0,0,0
a3fae474e5cf5084c89835fce1950991aa678a41,0.29769254,0,0,0
f3108e2771083bfcf02c9c67ebd70a3ac0ddfca8,0.34867942,0,0,0
521b9b3385d73239b96ab209cb34ceb5c1c1400a,0.33867618,0,0,0
d7a1666f9a89d9a517f5fbaf283e711046fd054e,0.28652218,0,0,0
022a020bde5afba4f2e9b6753c199386e79d7825,0.32607833,0,0,0
1b5aef881bb3acdcde5d9fcbb6e43ceed6db145d,0.2923246,0,0,0
0caba0845d4363025e619eb3db6f3138b2c3d394,0.44997025,0,0,0
8e71711c1caaa404d84ec6682f1b7b266064c2e9,0.3957954,0,0,0
363be2fea66f861d7ec4f893a05901fa0c7ecf92,0.54468995,1,0,0
412a8a0ba61c84d71c0cc740ba7e50c10f3bf9ae,0.061076194,0,0,0
03380256795725c7d17db97d882a4c4da3b76b8d,0.35531828,0,0,0
653b46857a4a48252bfb094e39ee9937b2079fa2,0.2577341,0,0,0
748cb609306ee5a046a952a0ca13974ef0b6e770,0.45213923,0,0,0
0f9ce497b0c6841e3aca845336ad095012c41da7,0.3770815,0,0,0
36ee52223387eed452c266490a25b4c62f49abc0,0.42210326,0,0,0
a8c6d43b5a61d8da784f0ac188d40b88a15dad50,0.17327878,0,0,0
8fe2360920a8228c10cd59ba0978df701174c961,0.43232903,0,0,0
a3677db89ef3863e8ac7cf578df499f85d970b76,0.049443576,0,0,0
64c51505a82baf8260a34c7e83652ae3014009e4,0.32595506,0,0,0
ccba0cfc3f1b81dbaffa5153aeb84d48cd7630ff,0.1868983,0,0,0
e7c42ed0fb83faa2b57184cb72f6d9e8b621ccd5,0.25705504,0,0,0
633de29fedf11544f2c3d5052890cb014e612bd5,0.29010448,0,0,0
362ab2bc41697980391c4a61c23cb3ef6bce740c,0.3407774,0,0,0
fc9d93db68a3c33e5ead8c7ecb187fdf0f06cc4f,0.42965868,0,0,0
66a775c9feb7dcf00c28a16b7a365af4372886f8,0.40729377,0,0,0
a6a48cfd370b226955a531e678016db414ebeed9,0.29820418,0,0,0
dccc1255413adc1a212dbe3bf40accb70ccd44ef,0.40222353,0,0,0
83b70a377f79ba90f846b3a720e6c402c63bccc5,0.07829531,0,0,0
819318486d9cfb430749ee33d3c5c4ec4417babc,0.07244706,0,0,0
827d9644c864336fa84f15744375ba7412da047c,0.09971871,0,0,0
af6bbeefbf197f50d194c7f20419c2a4590ad630,0.397757,0,0,0
ae8f5f04574be75727f5e948e04bc649cbdbbb3b,0.124468006,0,0,0
b9cd3558133ae9f26aec73e0bda3a8f635d137f7,0.13423055,0,0,0
f672e826f51824582273fa1f5b6ec37aa5fdb2fd,0.13320401,0,0,0
72df12fb2ba453afb57cf185d25c502d4daec6d1,0.41473895,0,0,0
7b42d43fa0827557f51cb4111c89fb2a78512c68,0.43788552,0,0,0
af1b5872ab8355acea3197522ddf94972b3c8386,0.056096926,0,0,0
5c753a87c328678f16bf89e0178448f04194f0b4,0.12686664,0,0,0
0956e2d2338531a96f2ff7d4ab405acc1b18421e,0.10484249,0,0,0
6563275706015b000cc5bf14be7fa9322964bf49,0.12984203,0,0,0
e9e76131f35c112046b9f184816683beab605e9c,0.06362282,0,0,0
843267df5a0b44145d5b9ee9153d17aa5e15cce1,0.04196521,0,0,0
cd64fa339a97300c64dfc434483e478a58f507a8,0.22096187,0,0,0
b0b23c179ac55334f760aa29fce262c73a909268,0.052370526,0,0,0
dff1a0953d97d46290750a46d01be1e1519ae698,0.3271008,0,0,0
35e0ba449325e759e04203fcaa71920cf473baef,0.07049667,0,0,0
e508ad09d79302d3cc6b86077d4a6ddb0679a0f5,0.43058982,0,0,0
a27ca511a591caf813c26862a888e90e54af19a9,0.20223123,0,0,0
9be91f380c209f895da36d13c40b99687bb4c8c1,0.4427121,0,0,0
09c55eb8120da36aef1807628f87bde83749428b,0.40072227,0,0,0
05edf06360cc8a1a61fbd1ce5f9abf5d83f9d3f9,0.40717113,0,0,0
9df5e9419d83c11b4a2c3421c5ff7ea1f544366b,0.041767895,0,0,0
ed1ce82d822ffe185875b7b7d38352f20171c096,0.0759133,0,0,0
10e38114032cb4c585b29e946e1d70e05d52a878,0.05261219,0,0,0
d71ead41fb685431dad02d4bb7cb5675e196b8f2,0.41467875,0,0,0
e7b4025ee0b6152f9bbf7a72a317f977402a27f7,0.2059684,0,0,0
0f3648f749b7b67c2c61282297569657ea6220dd,0.03598774,0,0,0
bf915848967a6e35839e5565e98c716079980e18,0.2313578,0,0,0
7f74708201c2ab9f5d1f83c7052487116b8f7114,0.48729047,0,0,0
97dc91d1545a667b4021b6507d927799e53964da,0.25314978,0,0,0
d9979fa97865b7a57b9da975efb6e6c4d80b0cc8,0.23284826,0,0,0
6f27b4ae8f8ecb62698e760ab7df3973874b1f51,0.0679954,0,0,0
67ef6efb61f3c07e1359e083bbac5d90953cfe43,0.38640746,0,0,0
1b53f09c3a9dcd64dd281c1955b062fc28999366,0.26948565,0,0,0
34adc606601cb578486d4a019b4655c5aff607b5,0.2612366,0,0,0
b05bd69cdd841c02a3b645568ee5478fdbfc07d1,0.42035294,0,0,0
e1f30a1c32eb292e51db274adbe2fd6ed09b555b,0.4115196,0,0,0
bd82fe9fc034e7921eb589420bb4b86dc767a11e,0.044133056,0,0,0
13e0ba5aff3fe14eb0e1d748cad4b9f99e681ca0,0.32712275,0,0,0
3b7deb943877b0c2d8627531959948c5d1e4d3ef,0.07217692,0,0,0
b657c914c0005b37e24c1cd74c5f4ce886147606,0.0925647,0,0,0
a61fde99657c1b9d11e8eaa682181ea59e65814b,0.34670025,0,0,0
29c067466ed78c3e7948fcb8f0d25b3d984a1a93,0.12973925,0,0,0
fd86d06ec5d3b009f3882dda7903e9913858ee14,0.053285904,0,0,0
a43b8d68b8b7e6d7f23977a7432880290e6c6933,0.32595095,0,0,0
31e4a6df19cf4a13f8f0e9048198ce7488ad2614,0.06082331,0,0,0
3c0c9d83e27e436f9d3646f177bcb0ac2fecbeab,0.40395415,0,0,0
db7a08583a5ebfab310efde6d0636f2e2fc108ad,0.22195485,0,0,0
015e3cd37d128e4ade9b2d49f74f3b4fc07d82f1,0.22145878,0,0,0
8dba68a38c8bdae91c15e4eab35cd83c427d8e71,0.23253714,0,0,0
bd15dc78c74bd9eede3419b70469511f196a3716,0.29017743,0,0,0
c3ff46e30397bc0355584c593d500d2564c1c515,0.44444793,0,0,0
b2d4b2ac3a738d97e23e53cd459d9c57ee8827c5,0.54998773,1,0,0
3e24c28e68e617735b25791b0bc3f67f31624ebf,0.22872035,0,0,0
b1a8299ad223c3b2552f6d03e51c2ecba5df46ed,0.46401635,0,0,0
4e931386569c0a28b7e47c52d199aa32b6ca32fe,0.04099063,0,0,0
ed98d264cff306f7326db096cddf65cb26ff5498,0.049942724,0,0,0
1f07a0bf70049cb0a2f6b52ea7c261da5adb1abb,0.42363104,0,0,0
60bcdd450d6950da981d70b8b08379bdd744c82d,0.40621305,0,0,0
74133837585f81d1c6434ce32f73fc8694d5f132,0.03968461,0,0,0
0e9f604e87a5b42b27abc13a9328846cadd640f4,0.03937904,0,0,0
53a0a9ff85666348a38054e335f5b4c5355a6419,0.035482563,0,0,0
73f3e2b3d6b3f4a7000187bb3e6a4d82b118d3b9,0.41171712,0,0,0
b295635a87da0c20e5e2495103d4877ef0187d4d,0.07053124,0,0,0
8f88dcfc902b5bc86a239756afffc9f3813d245e,0.056609496,0,0,0
815b269deec60ec69f4e5e5d555afe9b98c18cb9,0.32900345,0,1,0
2b0658c59d6285547a5c6de7ac71c7cb134ce975,0.3546605,0,1,0
364232f781d0cc91cd4b83012e1f49e62fa81190,0.50769,1,1,0
e972869486f85c3424875a443eb04bda2eeb6bd3,0.5093225,1,1,0
780b2281d86cf89cf5dd717c1cf54bbd48783654,0.4379836,0,1,0
06c27b37ccbde70514e035a50ba0a6ee1ff94ea3,0.26541188,0,0,0
1d1c41945a50a740519131bfff4e1875de69dd6b,0.35683212,0,0,0
71e40d0b30fbef976da3595fef8736a4e1245466,0.3265733,0,0,0
f781fcaf0f19766f7c9105911613f86d22b2091a,0.32982746,0,0,0
cb8cf1574f99fc51c9e67b9456ea4d494fd4cf29,0.058911014,0,0,0
c63413182017e069393963d07570ec69f373ee1b,0.030533625,0,0,0
8bba18089a1acf29f9d2433efc229d5c851f42b1,0.33282295,0,0,0
f295b186fd8f6c619d34a8c69c6a1307f2276779,0.037164655,0,0,0
02c7974c113cc2a51d6741491080058470265899,0.28707474,0,0,0
027c193cf1c012cd5bae06446496136a582c180c,0.036142442,0,0,0
4a10030ee78ea8da944f6d52e3c671799d73b5d2,0.2643322,0,0,0
5166f3dd04980177e46293408d998087040d4c19,0.37086344,0,0,0
d37041ca62ea9eab6e777bffc15ddab49941217a,0.55308986,1,0,0
53e5e3fa8531bbb4d70523197215fd19b89c1a76,0.33531776,0,0,0
62e6242804e4167f5c476ae34acc784009a1af0f,0.28821036,0,0,0
324e8b4d43f0260b4857dafef46e8c5f349f633c,0.1515846,0,0,0
9fbc2a346b86872c397ff891d379115abe5846cf,0.057079893,0,0,0
c5a15b2b66b6b4f018589d8f60cc7acc71861822,0.03125666,0,0,0
ebf108170e9a6215176174d84313a0564ddde0c4,0.41445184,0,0,0
f1984c42b64788a0737c3bd43e4da95e015c19e8,0.07039025,0,0,0
904b790c41d6ec4629921befd1c5286e482fde57,0.034533028,0,0,0
c2abe862ecb7f980260a7b44d907fa116a6bbab9,0.035510615,0,0,0
19a56adb00295d528015045cacd443ff10f7bcb2,0.04648607,0,0,0
e2ea5359798ce8dc77d4b23b0f9b4df33b37f940,0.46284488,0,0,0
ce4385a413dc822f8849678608d0bbac2defbb81,0.030068133,0,0,0
c11215195bed3261d88486d0ad1644080afbb97b,0.055839773,0,0,0
7048667393bc4290f381312243d13688407b9350,0.02987263,0,0,0
b188b5ccc0f1f8702313eab62a5dcc164f817200,0.07789642,0,0,0
4efd950d4dd822f3e087db9830d09cfb3fdcb541,0.06851296,0,0,0
cff6e00097bf7dd97a5404080df3bf7e95813a1d,0.060329128,0,0,0
27214015c725619e0098e227fd29816d0891d4c5,0.043324545,0,0,0
f8fbfc9fdca4b5e9ba1a5608ca17e7b6feb18c3c,0.4412257,0,0,0
0733d7c2ba214415a8d2e4efba5c6e26b61d3291,0.27483475,0,0,0
d8cdd5eeffe9b63949129d09f6b0c7ad2d517e90,0.02719703,0,0,0
e2cf4811ba485b0bb29d7d80bc853666bfbfa958,0.041365087,0,0,0
580e0d1e26ab2a9275f01506f3af56fe8fc32988,0.041969743,0,0,0
3ba27e9f4a29be1922b3a19f9c6c5127f93027ab,0.042632766,0,0,0
8fb1341ad7c460286211f4f2a6be41bb5782653f,0.0322686,0,0,0
041507d3aaf718ae536f9ab66e4eeb4065cb339d,0.041968584,0,0,0
735b1b59862dc1b5f7e60549aa7c33dbcc4095b2,0.3936694,0,0,0
60595251eec5979e14540c6d00043e24905a7404,0.034313984,0,0,0
980366284db98e0515dc5e827aaf4f750699bc80,0.095671184,0,0,0
6c2dbf2885fb4602b8e42bd208ebef66df23329b,0.4540816,0,0,0
cb6ee2cbdeadad5d277a6e7293d88bb915090c4f,0.04579357,0,0,0
a00624cf27791193be74a610723a9a0b0980d23f,0.044564012,0,0,0
911d59f46d0dce2e07a93dc0ff705154f568b7ba,0.32421014,0,0,0
1aa543286acbcb3c23aebaba003fa024a54aabb2,0.24657434,0,0,0
f418eed3089d74caa11affaf947a40b774e9c8cb,0.31263003,0,0,0
a13691b5be40d31099d39f7c8f3ee9970ebc20fa,0.08439263,0,0,0
3e8b8aa06bb7742cd1643fad72d7739cda400010,0.2778371,0,0,0
a1db4c96f62eef05fff532b59300edeff3ef21f5,0.086896926,0,0,0
5321c7ff2ed082524bc319e44f0aedf7ed8960cf,0.28231815,0,0,0
9be73347bd09934dd0c99d32bce9c4e12fccf6ce,0.21928738,0,0,0
4362e02ed0404d12ca75ee3476d4a32f9f671811,0.04240771,0,0,0
d3f0ee5e0928122b41ee25e2b4ab09bdca5bd00e,0.4130981,0,0,0
f82b5b57840389fcfdc4f16cb75703361d6ea059,0.096284665,0,0,0
51d564f738b20621e4e14649bc1b15c929668e1a,0.24357441,0,0,0
5bd82306a8e44e2b9ff098f29ebf4c69c195b9ad,0.047614776,0,0,0
9959b3c5a777845aa19040a5a761814e483a6483,0.1511358,0,0,0
a0611b06f05e3c37c622f48a783836f89247c237,0.12564854,0,0,0
f02f2e54ac7d88a6b7ee620e45e1bba878c63a56,0.053510357,0,0,0
98d6d15235e046762f3b09294e896994f616627c,0.39683712,0,0,0
fca0e6ecf6012ee47fbc92fef4533320c1e3d849,0.40899366,0,0,0
db642a3c3ad93606d27d6e277b529da3a50057e6,0.23444985,0,0,0
1929834c27a931ab505f7a389d38fafd10331d8b,0.3416912,0,0,0
a5cb9a4b4a196bd2048cd21ed2fef175bc1181cf,0.37079513,0,0,0
c2f1b685abecfc11de76ffd0a28771f41b566782,0.037317473,0,0,0
30b6759387b4402987f6f4a6100fdc78e8bf755f,0.4714109,0,0,0
50b126dc0eb075a2193b670eb7ae2089896ba283,0.49328038,0,0,0
6b08874607dd51c9d8f600a96650a330cd9e6b95,0.06844534,0,0,0
c9685cd5e462926aa401fca7321ea23927492006,0.05265738,0,0,0
ce8d0f7a47f7caba8ab937389c59b68b20f6994a,0.15335342,0,0,0
98b8758e761caf659608f48fc5c9e9056f911050,0.080454916,0,0,0
95b2fe97c7f191e43b7fe11e8e027d87eb47f15e,0.029844102,0,0,0
79237dcd2bf537d56ff8d73f897cd639af7bf8f7,0.44794756,0,0,0
181affd5c937755f54ff31ef056a6ec091e95f51,0.39111605,0,1,0
c334a1bca8338c92e76f0f1cf2ef4884e3eb5dbd,0.48247957,0,1,0
efa48b214d30537bb184884ea30ce817bb350153,0.55287695,1,1,0
b45c4bdb496381b5f90df6872edca12e0a2e68ca,0.55233604,1,1,0
f8489499aa6d460a7548b14d516638b0bd7b862b,0.42395183,0,1,0
76a2ac814caa194c46be1cf7a3f5dc129546b1c1,0.4186336,0,1,0
31fb4dfef212791f86f052ce8a3adeabaf830cf2,0.55015224,1,0,0
ccfca8f714055cd9fbd00cf7e847b880132cae69,0.31817418,0,0,0
a29815abf4f0e51b332a8af1b83ad344104c14d9,0.14121158,0,0,0
92e6d716069686583b852a6dcf12af986d6dc694,0.346985,0,0,0
d105819a0e72765ff5ba4efa5622d727360ee2b8,0.28662127,0,0,0
3aa6f11785a2f1b3b09df328a02a2c28dfa0bb57,0.38006246,0,0,0
b7a82a918f0a595a96047f7eef2672fd95d5626c,0.32600668,0,0,0
52f3240d90f2397cd1850ab11674ba08a0ecb2a0,0.4751973,0,0,0
d70fdbc40195077057a1edb14ccd16a26435d007,0.28351063,0,0,0
0751f97bf6677c3d55aa71542d572dc8fcb9e79a,0.1700276,0,0,0
e505e1fea57e0ab9f1d5edab92546d778a5f41e0,0.059084963,0,0,0
b4380f20059dc9e4ccfe2b709587e8069ac0fa34,0.36235118,0,0,0
32a9c6d42a3a48314d3f9fe2956bfc8bf49ac5d5,0.40086713,0,0,0
80417356f04c5ee1cd6f636e9b043db3f2de24f2,0.07917486,0,0,0
f48bca0510703b0673709b10a806a9d54894a999,0.32387376,0,0,0
f1b54876ab8893a5d9c0e3d7c1a9c884e683dc8a,0.10656622,0,0,0
c82f703768eb8a122546de23e412a037aa1770b2,0.06310838,0,0,0
36a02dc549f32433d7329444455dbb1be2e67f20,0.18519981,0,0,0
fa8957d7939b59e8d391fa17000b34e865de015d,0.33864436,0,0,0
5acc6a5502bffaa66be7e859849856de0ea27acb,0.26954925,0,0,0
b58789c5badc4f9680ec5724568af05a84670e22,0.39351928,0,0,0
9ee3a16179cb65f5fe4170257ab7cde558f1dbeb,0.36320114,0,0,0
4ed0bdf1c73fd82d3080d15085675de96d5be0aa,0.0822553,0,0,0
4950ad86a16e63fa26d51cd709e39666008c5fbc,0.05062484,0,0,0
b61362933f7a564d2ae0b7d6b9723f79f4948769,0.32080624,0,0,0
f28aa71041181867a720134e26b64b03cbccb6ec,0.23497611,0,0,0
720b988fd8d7a50fbe922e6c73a3681b1c566331,0.34945863,0,0,0
9d744f7136f23da9a5f9324432b300b5a68e3b39,0.3129717,0,0,0
98f54c158acb12a26fa6f335b1665accd2aed347,0.0391035,0,0,0
22c6d087012fd55bc65e578a27f2edb66f4d3808,0.3089105,0,0,0
890b387d713d04c22406db6d5a5fc9b51bec2df5,0.23258482,0,0,0
c7d56cffbb4668d0955ef00196e08f42f2efe363,0.3863384,0,0,0
7680fae14c9f544d0585a7b150004a1e48fff53a,0.3002081,0,0,0
136c5ffe80e558a87cde01baebf823b06e3cbe75,0.28667158,0,0,0
8769d0f2cc4b7555dc025b7c0e49a81346a1e2dd,0.4402328,0,0,0
4b5cda5a2c6ca613db5129d50ffffce2604ad9eb,0.3647934,0,0,0
2e62764c0c386632e87ee8d12d0505848df1015e,0.21900335,0,0,0
4590f14e97beb6d10ffb7b5dd312c632af155ed3,0.04520468,0,0,0
079bcd0339f30343c01c5fd3d5521be4b822d30f,0.033188764,0,0,0
29283b775291bf03cd9a7e1aaa496faaa5757578,0.46462595,0,0,0
89321a2dee438328e75a11954e972175c78f0a2a,0.433189,0,0,0
1f3e72fa069536ae20f37b29575288ff65e66803,0.29815558,0,0,0
c7720ca4c232d317cfc800a04eda4a1d5a44a944,0.38835955,0,0,0
a747456bfe077da467ff036172968a37f3b1e893,0.43831465,0,0,0
2f2c8b1cc6e6e731f7bc52b0988ea8316f475004,0.31921777,0,0,0
013b445ede8d9e7aad4915859d0c869b9b712f8d,0.36487964,0,0,0
f4e754e66e3661274df624bc328991cd88dd03d6,0.32293576,0,0,0
741944332d5bd90112b610a8b5f2eeefe51e08bc,0.34612483,0,0,0
4c7d7523088373be3c7ff203ea895d5a6d84083e,0.42725515,0,0,0
f79c9365d0ee89cb407b90cc084eece8fcf9a8a2,0.18497063,0,0,0
8714dd031647be34d0d27f461894e7b194f25cd7,0.07208527,0,0,0
83406b73e70a251eec5daae34f1bd8d554cdddec,0.37192535,0,0,0
2f956f46580e5b4752173e885d37a20fe31a78d8,0.5440714,1,0,0
3f36b7b50bdda3eeca632ad5440bb82b8e34cb40,0.044604026,0,0,0
9962a0fd02fe2ef06765271605b06729af8b2e59,0.13509536,0,0,0
5294c64b342818e021800b38413f36f426e35b3c,0.03821636,0,0,0
5a45ae3b1deb5117cb9e9a13141eeab1e9ad3d71,0.41914734,0,0,0
efafa61992658eab64c893e9eef49f545d75673c,0.3274188,0,0,0
630830476a6270e317e84229996a6bf92bd903ca,0.1889544,0,0,0
14097c64d243794610788d3ebb2e81ba8fd867c0,0.18113776,0,0,0
f2615d9a611db401cdedc022112c87ad938b5680,0.043358073,0,0,0
a24d624aaabc14a455d18450d9127f88d1b4f8be,0.36723912,0,0,0
49169033546d893dae3db903a2fa6af712f125c0,0.43274993,0,0,0
fa7588c4c0f8d403e4815fa72e3b8a3bc98d73ec,0.41450337,0,0,0
367fe13b46a0b4dda56b7f12273d6c9afb1da23f,0.050912112,0,0,0
368588b5c5c4140f39ea8b9a8ceb3d1af0708804,0.32582837,0,0,0
30ee10d2740fe1f28595989c6b21f22b75a147fc,0.35639957,0,0,0
af9fd052d1c208f191fbdf85873f965552465598,0.033870574,0,0,0
0a711ebcec7d32b66ab3c90b2a1f48681201e557,0.055412844,0,0,0
a4acf53336a482f50335d33b4f650a70c9243b7b,0.33296913,0,0,0
c26fa78817f30cc3eb91165b783e07fb80d80f59,0.057374526,0,0,0
944291b748bcfec4e2f3c17623884db7a17b9f21,0.41919482,0,0,0
c44f982e89b63a97190638cd12bd8bee2bafb883,0.3903692,0,0,0
fb46b941f7763314d667c437c06b1675e61c3d38,0.46922964,0,0,0
e9928c94ce1385ec72028336417f19f30ac38ac0,0.37754872,0,0,0
d4021487539b0f7758ec644f2e0d83df95c66bba,0.3798719,0,0,0
ac62c1c29f319a97a2552c39f32c8e6acd70c9e1,0.39343327,0,0,0
dc08bb8ea6cdf01188f6699559e779e6cc296287,0.36705565,0,0,0
82b8ecc3275d7c3578a6531ac3f1da3ffada9dcc,0.37009862,0,0,0
36ce032b612fc0a1156d28bca7327e06337c8815,0.074967526,0,0,0
2f22533ef41533e2b839a6b41b262dca59e6dbf9,0.39030135,0,0,0
39a3cd0f4210dbec1ae8ef39a87d34b76eac91a3,0.36097267,0,0,0
1f470253c46471033048383c027192e757480492,0.43733895,0,0,0
9c40a7bb3c9aca51d17490960c988dfb7b5acebb,0.2303711,0,0,0
7f8e952abc4d2fc4b96c97a51aa25fcf6ed8af02,0.46781927,0,0,0
bd0b5af025fab9cad8f94260138741c252f45fc8,0.36062804,0,0,0
e036d60d8a210d5ac28b2e5c51a45ceb82b58f09,0.4466832,0,0,0
626014eaf093fc2e3b53f5ad00c425bc209e1428,0.045579307,0,0,0
5c85b8dda5f3047732a17b818256b9289274d071,0.47713915,0,0,0
ea402becca436dc1a8e47ac9385a3db475b49355,0.3819922,0,0,0
255f10834a67cf13518316de0e2c8a345677ebbf,0.4497622,0,0,0
044de16c14076019f87763b7b58c45664ee57c11,0.11184027,0,0,0
e54ca615f213f5db6d34d9163c97eec98920d7a7,0.22888102,0,0,0
07a42d3ffd034e467e49b5c449d4f5f81c471cc5,0.12479154,0,0,0
e6da0f682436e1387ad68e86edf7418c0f7cb368,0.46025592,0,0,0
59ec4f018963eb55e32fafc2b924826c39c09682,0.452327,0,0,0
ece4b70cce24b89483236b4cff079c10597d680a,0.1386736,0,0,0
09d28fe7995db1a4da2c651d362007d2082c663c,0.31780744,0,0,0
98c27699cbcf65c3d9d655ecbcd67adcd8b45b05,0.38094902,0,0,0
71cff7c5940b7101ff098601850d46b7a4698180,0.04399515,0,0,0
89e0607cf6470dda1a6a47b46abf37468df4e50f,0.05551339,0,0,0
6fb60857be1fed21bdacc4ce830bbf99103b6fdd,0.32346445,0,0,0
3634821fa515365618209f0452443728e7290fca,0.32468814,0,0,0
2fd62ee4d524c270764e9b91dca72e5cf1a005b7,0.058369644,0,0,0
a703ee75c40e0207f6831c4d48e1c7e62f160305,0.035268914,0,0,0
fd7cfed070c2aab60521afb7dcc633a0b7abea80,0.4557452,0,0,0
1de41ef4baeee1c95e245837299f8be265294445,0.12622769,0,0,0
9491d7a61681f7acc7103a6d1d45efe96f7981d2,0.34666628,0,0,0
2d3203b10cc8edf71a6e3e0822f0d742c9516aa3,0.377299,0,0,0
d55a572e5867832f6d5755fcd46101da51a38aa4,0.12084949,0,0,0
170cfa758547b4d9be50058ad93cf60ce0da5564,0.44172272,0,0,0
3783ca4476fec8186c867e4e57084e649c318c6b,0.045011412,0,0,0
4d996d1bac1bb1886cd9c473ba00e53e3c19cf3e,0.3575852,0,0,0
445cb9dc2f07553f8e1e5f7c1150f00fbb05c63f,0.43420544,0,0,0
ad80bfe559e7380fedd7998daea5f27393ab643b,0.34642637,0,0,0
3d2d4fd1588c8eb3f67f34d75b66967d0c7b06b6,0.40795413,0,0,0
d54fad867da7f762ac4c0d947adffdc1f8f356f1,0.40968594,0,0,0
12bbaf3550d56bc945b50f538b5f18af93bd316a,0.40277082,0,0,0
150c578edb161bdb2e8c039f0914984f570ef8f0,0.20137416,0,0,0
af977adc43a071a09652fea4ce3deba2d5b8d171,0.38035715,0,0,0
e021734b62ea5ac273e516b4ac83727cbb99ec08,0.036725868,0,0,0
b635beb6efc07a97c143775c78a32d42b3b73c8e,0.03686906,0,0,0
3fd2492fcce073f0c36e4d7e23e34881557e6e5e,0.3938585,0,0,0
a918c493296c88da94b36600213c7c188f2589b4,0.054611433,0,0,0
9181e1d536bafedcb3587ca30e5b6e2d66f06bf0,0.34827465,0,0,0
cc8bdf1d13639d12d02170d40cc4890180bbabc5,0.06928633,0,0,0
33ee5497490cbc97f3eabe9ef7a6391e4dbee8bc,0.09889074,0,0,0
dc61e510126aaa1a95a46fe39bf1529f394147e9,0.22564062,0,0,0
d320a457a9de67be25a03f79e1695d549a0145f3,0.09407163,0,0,0
94ae6c84d22ed33e158b3cc822ca4a0484c829c9,0.03870119,0,0,0
e9e36cdc44a68662885e35773187cca00d20239e,0.036229607,0,0,0
7d4041d827aed7d9f3eb14310b824a2faa96b8b4,0.51603645,1,1,0
6f5f99440e7117ee3bb6407e06745fff14bb2a4d,0.33592266,0,1,0
3eb4be60cf00c20e46b75fb72366dd0649700c2f,0.48539028,0,1,0
edbd9842cfca892b10c2e9c8da0384fe005cd67a,0.3217586,0,1,0
bc8e23808b9d8d0c9b67270ef35d04ebd9d89cc8,0.50789887,1,1,0
635e41ea181c5fee8860a7044c84ae3557b51189,0.5643985,1,1,0
c4ddbe6456c9631c301171098a8ac016eb4e582c,0.5679092,1,1,0
63f1d6b83bc10a2880f5ec17a172fab284d2eff5,0.5054822,1,1,0
10e18ae9b47dfe04573884739823d64825105694,0.48269412,0,1,0
d3252a5ca5571e0a97e9a31966ec6b847a3a8574,0.42886978,0,1,0
86c76dd5ea04d1881a52d79113d6dbb1d57c38a6,0.52902514,1,1,0
73a8fba6fb23af45ee77f52f33bb8d791a9caa05,0.46870697,0,1,0
e8db7237a9c347d2225fce9b49ff92bb741adffa,0.37054414,0,1,0
7af67bdd16a4f103bbe6334c5a865436c900adfe,0.31031734,0,1,0
71d7c3264239c55b6e2daf89c44c5685085f26dd,0.48581702,0,1,0
958029bdd45c3e341eb146031ed38b4487d7b0b7,0.28508234,0,1,0
5556026ed1dc17e70946a4a030842ade3a33baeb,0.3648952,0,1,0
3c92830ec51fb6b6e9a7ca2fb8fda324cd33e48a,0.50817955,1,1,0
0fe9685c8a78ba2d780a3ec1e1a323990dc6d218,0.5231799,1,1,0
bd7788b384a87024ddd6bbe6a9bd9a167cf2ec12,0.29103675,0,1,0
dfecbe970917754511a081f8b86efac211e624f6,0.4366123,0,1,0
ef51b068aef14fa347710497cfb67aa9c6e65c0d,0.295948,0,0,0
173c162a45b4be6fcbf7a30c44d1953062a25086,0.29604012,0,0,0
c4c03a33c8b8b94eaf75d368473bdd10a21cd0df,0.23823363,0,0,0
2fefdc7dc3c9afbbe534ff69db5a754be0716b11,0.3826991,0,0,0
f525bc3ccd9cfb69603bd9778998263a458415d0,0.38757214,0,0,0
9072a7615a54d5e753cf088326d9e14f1a5a6751,0.33205014,0,0,0
11491d355da8a851d6badb6348b10d8c4acc9d8e,0.3090108,0,0,0
2bc2ffde1f4752e7a8c7ea0a51c559faae194786,0.31290025,0,0,0
35f1cc00274122c0274b522d0b544a06faaba931,0.4338584,0,0,0
98817e88f04cc6757c42ae52d653b63cb85af486,0.054686904,0,0,0
83775c432382b9c0367362491d0dc515bf0e131c,0.28443885,0,0,0
a498b87dbcaa0a61c6088d7156258a3cb06638cb,0.041674007,0,0,0
34558845e3777afdc1bf90ebbcb2017ca17aea86,0.12404085,0,0,0
59985b43f0868d9a4a588d9ca1debd03108f8cd9,0.3415302,0,0,0
8ea1aa1e7cc427c28a89878fd2dfcb110c992b20,0.3291935,0,0,0
d4c7f63054e584b69024664bc2f221faf9863519,0.03755619,0,0,0
20c733229df741e57b8ac205788ece2d563b2f3d,0.41732574,0,0,0
3051264e1bc1d41a29c9dae7935c090568f64af4,0.05425001,0,0,0
db0f2304bd7c3ced65cbdfe9e17e80fe0774c13c,0.23769607,0,0,0
2f67045b9647de10ea5d01d8d1e98ac7de3e1cfb,0.23968284,0,0,0
7ef106b23772995e4307f84afd1bee4e2337ce0c,0.040017683,0,0,0
71f6746f81bb9650f6f228ea204d85ba2c5b7392,0.040439866,0,0,0
2ed96f00f724c3331d6b56b6b5650b9632f43954,0.045370225,0,0,0
3720683699bb830a4aae6fb66a78ce7079ad2c56,0.044286154,0,0,0
df37e605fe4b027406bd9dd85b320526ab12a122,0.27360687,0,0,0
4ad74f449258781e9df189413423ffd6ad95c526,0.10207813,0,0,0
d81ea83a0eb1761bb4e90a91f3b70f23f88a7d2a,0.20945932,0,0,0
e2c0ea4374c02539ad9bc6c4328b74f25eb72405,0.10303326,0,0,0
cf42ae522e12e9b412e1a1f008ea73cfd86a5979,0.029013999,0,0,0
fb7335ab163588fe6ee67ef26d3b3edad5cf4bd5,0.3995423,0,0,0
e580d35e1a07431109a5835411142bd1c1c2b3b7,0.04332629,0,0,0
ea60fbe0633082a131bbb18de94fa60a04eddcc4,0.2454598,0,0,0
90e31fd93fdcaedadcd4b030fbc20f7375672def,0.027555987,0,0,0
52adf52e4669b54399fa50f2624826c06a19cb7e,0.06893882,0,0,0
71e515ab6d2007d34d96df5604f74c6fba92c0d7,0.27469036,0,0,0
6d23e85570fe1139cf5ef3bc9b4e57ea73680b6e,0.20913123,0,0,0
cb83f7cb31e50f265e098c5380b3f0051e257f46,0.036010865,0,0,0
2584b4a0ef536e59bf28ba140844597a093d848d,0.028982777,0,0,0
cac520971206093d32bf17925f880bd06d93f736,0.41841832,0,0,0
6a99050166c945a226d5f8275ce4a9dca3518285,0.21746275,0,0,0
6dbb48c8e685f65f45ad5df9f7684bed910036c8,0.05178437,0,0,0
260e0e0cd21af7b03ab0dae33b4978233db67773,0.06038942,0,0,0
b5749b4f54b30c0c2050e456c12cfcf516434f13,0.06906948,0,0,0
07ec8ad2dd862c8669b2557b995ec5180663d73f,0.15350974,0,0,0
28656559d2fc67193a84d5cbc48d378b2016f74a,0.48637855,0,0,0
0add1e8975336c65513b26123d48b221e2515ddc,0.41201982,0,0,0
8e7ea70a33ecb8db5207849ea6371b4a5a8ffd26,0.25093132,0,0,0
6f653f6bb82757963a87d725808c080109e7e3e8,0.07429116,0,0,0
1974c83561d09cf73a575f992fbd8416e3354d20,0.09757499,0,0,0
37c20df721522b175bc9df3f06a361297010df5e,0.29053727,0,0,0
061450a927ba1cc65f7b984f4ff41866ec2eceac,0.5339092,1,0,0
60b32953a968e5623f82a6b27d6c679bc17c48e5,0.32106477,0,0,0
f175a241c811d2d0843026b2dde5c3ae308cfb95,0.05197696,0,0,0
ea1a69d638d97d5ffc451b32d240479357e02b0a,0.031007793,0,0,0
cae70c10b4451ee3b919764f72dc4a4caf0f6f27,0.039852705,0,0,0
c0c7112dcdeb75b521d55cd47d0c61be66b0499e,0.052214175,0,0,0
8d0214a7417addf790713440f10855dc279876fa,0.42221954,0,0,0
e2ec4f2fdb2bb8d97f64a33e9ac288d52854a530,0.34035367,0,0,0
fc73151cfca36ea2641f340700dbe339b9e1f103,0.058384847,0,0,0
dfc9888860bf192cedde21e5e843bc3caad4b74b,0.3920564,0,0,0
5f9e0851da9e74c12e04f5a62cb7aeb1a8ab7589,0.035328485,0,0,0
7d5a61ed64315bd6570c5cb55c1f53853a3fffa5,0.17425753,0,0,0
82152f41ac8a727c2f0042bd555452dc2dda11b1,0.3897285,0,0,0
474a837858a8e7a98316f97e9ed387d0161015f2,0.07900535,0,0,0
39380da86acc717f419da48f070f8cf7d9f9ec94,0.31540915,0,0,0
0e266204f535aa48f74d4f2480b2268c13e26b22,0.07188306,0,0,0
5b7608d1549989d92dd159392c19d9ba8ce0e62e,0.05783481,0,0,0
e79a590e0cdabd93883aca964db2a862ff3f8490,0.043669578,0,0,0
ec4d8a9a6b783f1d5d603d5272c94deb1e7375ef,0.03412608,0,0,0
507451866c98cf9e2ddff1008fc0152935ed9e20,0.13300301,0,0,0
8ac3334a04928faab627aef4daf4ac51c28a95ef,0.39785704,0,0,0
6bb871786e563ed82e2b8d26314c22772808fe5d,0.05037027,0,0,0
633ce604968078151e03363d5c67042af74310e3,0.17425922,0,0,0
18b3437c15d78c54510964728486831822809d9c,0.5124864,1,0,0
d68f7f5f44924ddee14428e16b7458e2878baef2,0.031589855,0,0,0
a48071b0d489420bfdc0c2ed7254d1dba243f700,0.071336485,0,0,0
5637a5204ffd7b77f569ed28f85610eb782a159e,0.033868477,0,0,0
0611710c619e67affe9e3b6471943d0ccdb9da73,0.33520776,0,0,0
ff3492b06299c0a38c029c8d7a524d0027de357f,0.3025195,0,0,0
0343b4fda87161265acf30d5ee61e525e751358d,0.0673016,0,0,0
756ccc935ef2a8f9f48e96f28c7c622ffb3e6627,0.20881198,0,0,0
612236c8a77d5d8c4755e287f682cf06d773a902,0.079448886,0,0,0
f37f4b68f3343e2b8f8d82c40398f975116102f2,0.035878837,0,0,0
0822b4226f31e50ec244d311e56e3446a8e5811f,0.03350429,0,0,0
06b7cd3a31c4565ceb0a127273ef800a3d084caf,0.046320558,0,0,0
04b55bc7ca0b0ac444fdc8ad01acef8172852a8f,0.31327254,0,0,0
54ff33b2ad26e3969cc59d7f2723563dee3e37dc,0.19604328,0,0,0
54e63005446a2b0a4255ba16838122c5808ef886,0.07953655,0,0,0
1a002c67f2d3c198411a62165e53b31d6b414aa3,0.088667125,0,0,0
ec2fa6bd5695b36435cc66ca4cdd8183d077a0cf,0.42798594,0,0,0
52b46e74dd29eb3eb65a593a872fd57694bc154c,0.09789631,0,0,0
59022fb870c2c45a27e00943003c5acdeddaeec3,0.03911911,0,0,0
03fe88ab71cf2eadaa39654786c3fba713742768,0.04062971,0,0,0
a0b798c27a0312df2a110073bd7888993e56d05c,0.2411381,0,0,0
fb7784fa1472b4c55d329aacae672f416e11a703,0.22491284,0,0,0
5fb158cc05a9ec78e31e49abb654e00a7b65721b,0.37658027,0,0,0
f59a674a26d349b7069158023194ad0d7a38a9e4,0.3664857,0,0,0
fad946a1d79486c5118a596e8ac67ef7d5189070,0.23012483,0,0,0
d190655a97c33c886997b9570697f432e7d3a21a,0.04368051,0,0,0
68acbc803e416a38616bc25505cb88dde81af5ca,0.037554573,0,0,0
e8a2c29721d145c52c970049e5469cfb0dcefd87,0.04343577,0,0,0
00fafe772ceb91c9f26d79f5a2f6c3695a141115,0.049786676,0,0,0
31466db6ecd115aa74616e14a75721b45c0f59f9,0.043158486,0,0,0
6d3796e64bdd5f3f4857bfca6982e6ecf98a2b33,0.37902793,0,0,0
131917a0d3303ca2c38fd1d6765b9bed2c23ff89,0.09245283,0,0,0
51512905c31ff19b91fc67b2cb3ddb5b1fa0fd51,0.25183484,0,0,0
56f0e1053c9aa767ffaeee37cf06a6056a221163,0.28546762,0,0,0
04b41e2c97fe5faaf521c2e0581c30e18e2f0c27,0.42754093,0,0,0
84d52919ec3b3c75f28a185ad7cd87603c3cc4cf,0.41883957,0,0,0
18f5f54ca0e78df12586e0750e257058746a5a39,0.64099777,1,0,0
bb76a6848b37cc3f418a370c56f597486618197b,0.6359636,1,0,0
69d4bf883cd7402d13497a40422d20096b2b9aa9,0.34255737,0,0,0
8bb3526317408fba3ae351719feb68703aa5fdbb,0.3503407,0,0,0
b212aa3c6fb91c34a0faccdf783a0a085d40be94,0.32574716,0,0,0
f8b1f6e7456a92b8aeb3e0aa8ef88936873dae00,0.055155512,0,0,0
04a5d83aecc325f87696c83b1a5dba45584ddaa7,0.10244208,0,0,0
c202aa8cec19d80f4671e77370287540a0777b7b,0.30054644,0,0,0
e55aaa5706f031df2e8d68bdf088604c79944246,0.10131715,0,0,0
63374a181393d941c805b6909c2ae5c41159e745,0.33788404,0,0,0
2b15e1f43de16d204a28f72a530abcc24208f4d5,0.24922706,0,0,0
4ceba113050407f10e116df7ecade93b1abcf6fb,0.2640796,0,0,0
5e5ba1b8129fc0d235b149ee699ecb2fdebfd39f,0.49099097,0,0,0
bcc7c0c85878d19735f4eb014e6b17a3c0deb0dc,0.4096848,0,0,0
f3a7cf629c19dc80734b5b6c3933fcc76c8a50a0,0.4287931,0,0,0
a72a5ced53067d3516ffbebf00a633743bbfeb5c,0.48331365,0,0,0
7642423cfa70fc797601afd64ad28ed1609df9d2,0.0689587,0,0,0
04e52eb6155b3cbf5fffc0d52689a3f679e40b19,0.64780265,1,0,0
a1cde6ab707515ae014c2635f9d32ad0ba64e7a0,0.045927998,0,0,0
ff902c15612f2d771483ce6bb06e55609247c34e,0.4520265,0,0,0
3f796bf74666ff9a4a6d31f10dbde4fd5e837d6a,0.038506355,0,0,0
c158713b66856745427f793f14a5dd1fcaf941ee,0.034665935,0,0,0
e8300276291ae634eda52d812e6e8d7cfef2f8eb,0.03340601,0,0,0
fac65b868c549d28b786568636bbc8362d2a78f2,0.04455578,0,0,0
c99a787752770b8952297e24e07bd404cb2f4f74,0.12872157,0,0,0
b877fb9abef4a19eec9cc7329acbd433648b8f7b,0.11726131,0,0,0
2b52dedd56503bf89b28cfbad21f59e3dd4d1d32,0.03486932,0,0,0
bbd1dc343992fde4baaa0309178509dd07eed536,0.37076074,0,0,0
dd5a0e6e1e3edb41afb4b40e4ec2c99e5932e73c,0.052333917,0,0,0
864721d54b8b372808b098e13120abe5c22fb9b1,0.14587411,0,0,0
18b1bc203bdb236bfd9084193aa2d55d4b605139,0.4391441,0,0,0
b2c1afce7eb13ea44fc7d25562cc3bb83cc91b2f,0.5163677,1,0,0
5b223744b49d3ceac9608959d2db82bbadb47897,0.45417997,0,0,0
031f6b082ff21cf1138907a7c666d6ff391bfd72,0.33044866,0,0,0
afedbae8aca69a092d65766640361801bf2b5d9b,0.43199053,0,0,0
fd59e545f4f2d697ea7e197f002c5e8eeca27004,0.04333052,0,0,0
3eddcccba7e0361d6e833407320908187b16ac8d,0.03496016,0,0,0
34a5e7fa91aa7ec9e75a16eb6f3d859d794d399e,0.055501625,0,0,0
fbb5d31a581c24e925c442a7754358d2b62a669d,0.25620475,0,0,0
17e65488113a2dbe9894f824f4321a06ee009e02,0.051692244,0,0,0
9625891a7bbc0a8b11f7cf9c2b4650775ec8ac53,0.26243648,0,0,0
13cd4e0ac3ab76a4dc091eda457f9a111727cba2,0.0737651,0,0,0
8ef8e2a7a5326eef6180951207f65d3c29bce419,0.30898684,0,0,0
844b2901fe4049fba29ce8c6961dfa25966974ef,0.34322083,0,0,0
faeaa303b903139f36c15751c8e48ef982222842,0.350749,0,0,0
5fef9575646f6583fd2d9ee01368b3deefe6ce82,0.41370347,0,0,0
6c687c70a1d5cdbc71c113b7d7402dd89a942849,0.3833014,0,0,0
c049aeeffd41dd9fb8075e719320846c83e5ea91,0.11702699,0,0,0
9bd439b4e0aa69050ef1baa537e552fa4620e5d4,0.054498523,0,0,0
8d6bc0ca625f3a1a98b486541fa613b2fac4b41c,0.262547,0,0,0
d2fb3b0865a87cc909e4faab7733f993356141e2,0.059574474,0,0,0
10ebb32ce1806821518f52074f0d171fab20b3ea,0.3228348,0,0,0
caaf97ed8804ae3bf6fb17cd98a5814cab834688,0.3291939,0,0,0
ce0c082898e3551d313fb5b73763f399232b3fd5,0.23433353,0,0,0
bd9adbb637a8a4aa5eb61c6fde2c576d0ab3c4fa,0.46049353,0,0,0
e4b7ee81c1773eeb0bb71ca53bf722f046c16a16,0.32475612,0,0,0
aa31bc6c313789c344d715b7c1aeea0cd8de47e2,0.37180126,0,0,0
3899cc6570bd9176c84ad2d5d14febc6c0ddd964,0.29335028,0,0,0
648eebba22d6398a01b0924975bedced8469ac80,0.34929404,0,0,0
8d95ae41975a2307501aa0f4a7eba296c59edce9,0.080638446,0,0,0
1f56bd103d53c8c6ba7502c6586c26be01bfdb80,0.05482436,0,0,0
c7c85ee39892df3ca007c6596c41654865be7e43,0.4476632,0,0,0
c503d742f094dc2048b72c3f78f5e2e6070a44e1,0.3716175,0,0,0
a2d41db55aa46bd4fedb215c978f03e282cf1ffb,0.28958482,0,0,0
5ceb5f57212935386737ef4af0d066e9fd38c5a4,0.33778095,0,0,0
cf6b6d8eb1b524b73cdb74168f3190ab471aa52f,0.3305493,0,0,0
ff8fd9578ee8f66e6f80cd7b9f204767845b7339,0.3253375,0,0,0
ab60f735c721103ac888d8d7b801055921336687,0.42537928,0,0,0
a2660687980b36003a612eb89b40d6fdecb4b153,0.17928103,0,0,0
b3c31a379e9ad7cd22cb7f0669b82361ced84992,0.45832005,0,0,0
204ed0048f4812201ef65c9a0c44fa54a7d1e04f,0.100972645,0,0,0
103b64a373256feae6ca85f2bf220e7694e48fa4,0.47851896,0,0,0
9c506279188a90dbbe124386cc52016682d17b5c,0.14173605,0,0,0
8eace0187ea2c0c1a6e3a5b5e24e701f6e23ae94,0.24630907,0,0,0
72bbbbc559992e5e6bf17279d8194aaa80c62e85,0.28366375,0,0,0
feb7ba55120feb5e3ad3f526fae7dee1b5189d9e,0.29632986,0,0,0
bdb074610c87a210ea4c0d91d579cb4558f4b19f,0.08916058,0,0,0
64d820bffae723b9c8669301b246ae199db61b5c,0.06225147,0,0,0
d58d64ddb1f205a54c7eb57fe0cbec9c59cad8d6,0.27530307,0,0,0
d962a2b31c9a7216c2df557eaed3e475b13939f1,0.44771326,0,0,0
db6f7c1d74ba64211221a69cfa9fe7171a9199e8,0.39935306,0,0,0
1eecfc948bf6f4cbb9a2481313ca7368ec653056,0.33985204,0,0,0
ac5a216f767c6defa4da720c6ecb3baa05e30254,0.047661666,0,0,0
d9a2c69a9d1db6072e1d7b7ea4fcbd5c15d20b5d,0.04610535,0,0,0
d0f6be9886afaee6080cd4b7cd5d165c767b71f0,0.31132007,0,0,0
8ac857c41ec8ae02e57eb0c1c1a012525e7e14b9,0.03505147,0,0,0
10d2363fcdd6e15568f765ba0dfd5f0cfa0b04eb,0.03025689,0,0,0
8232c096cef785a2ba88a7324b882a7badb0af44,0.030523354,0,0,0
5f4249e2ec8cccb17b27a7ffd032c4fc237a6927,0.033009402,0,0,0
86a59601b570585dcb7a1ce3d1ccc8e16008f53a,0.21919978,0,0,0
809e2bed22f02264e0ac58bba070f6d84386cfc5,0.12055025,0,0,0
6423a7665516d738ae50d272e3b4ca72cdb89a9d,0.41713515,0,0,0
8274993e293a79fc75829df398233915a6387a4b,0.14515305,0,0,0
e2dbe55d56bd6c1209276050f527d36717e33e1d,0.1805603,0,0,0
10325422e5a4735aa87a4d47bdb377e09fe963d2,0.10482855,0,0,0
a069c490e8119189fa2b43d3b597b79b3d42a367,0.5129249,1,0,0
a945ecbbdda782b51d5c2c670345fbf4dffacab7,0.36212373,0,0,0
e4c72a5522aabfa6a660088aa9262d849756e464,0.38253406,0,0,0
0095d8adf26b9469115b1be0358cb09d1fcb5fd4,0.050274458,0,0,0
151f2cd3d80c006f4ec228cdf610c3a35feb195d,0.39637136,0,0,0
33884b226454324f27700f9069f4702b44ef8ced,0.24952985,0,0,0
23108b1bd90de315aed37fa3fc1f38f8a56ab9ba,0.04533848,0,0,0
d6644e4fbe3d125eed2d85e58fc7133466042f10,0.28276747,0,0,0
dc53e49b4afa5d59c533cf2b4918402c37411fbd,0.3723672,0,0,0
f9cab271b3bc8c2fb6e2c51449ad3bc07e62e174,0.41163364,0,0,0
383bc8eefae7e17d0bb0349ab2300488c655ec42,0.36635998,0,0,0
eafeca43268f16aa9d4a179e44b9e7747699c1eb,0.35497198,0,0,0
4733cb5b798cd72aed82a9118648b4a86c91539f,0.41815087,0,0,0
9f89fd4626bbb4e34a905835e397bcffbad59307,0.09924733,0,0,0
2dd459003e19e4bbc2811b10d38337f295fc5a19,0.029523766,0,0,0
8d601ab71228f7c3dff950540e7ee6e4043e9053,0.051628456,0,0,0
0f6a292a29fedd49741310cd517ac4ba907bf8d4,0.036673106,0,0,0
011775551ef75d75f81189eb4604fd0f2ed424ba,0.05100245,0,0,0
695342cb1cef42f30fd1a8496f181c92b21ae82d,0.4695102,0,0,0
c14890f08b9bb47ab8ad27f4dd4c714e32961d0d,0.4177128,0,0,0
f3d2d55ab9b783af65f2050272cd0318a9ad23a2,0.40223184,0,0,0
c0771cbc3c445a9d1d2a43ac4ce3c0edbc806957,0.21442047,0,0,0
3aface95813003ff75505e2ed7d75b072228d3f8,0.19959442,0,0,0
2c437a12bbc578442daaef85ab486d1e55763853,0.05799604,0,0,0
ab0570e63aae3027239dcd5d22caab95111a5de8,0.26251987,0,0,0
f015fb2b31a5621689a57ce9d2d300e5f32357e1,0.080424234,0,0,0
cf950e7365848130c5c2d57c871652e6f83e96a8,0.2903353,0,0,0
e6b830bf95f712672cb9e77cd852606cd134c5fc,0.35266382,0,0,0
09c52410e62b0e1e221d413d7ab18feefcca6bf7,0.1855021,0,0,0
9dcd87f9c46786f3da54af7ac1ba4696840dffa8,0.43038538,0,0,0
f55530a2ffd3c481f6554d98e9d73f2e8c62ec8d,0.40968633,0,0,0
dfd69e038cc7035031d1807c4ade870d2a7e2ece,0.31187564,0,0,0
a49ea7a65b7990b3e6e625bc8bfff7396ee49300,0.040026885,0,0,0
41bc4cd029fc486b5570ec344cdeae049bbca860,0.04629841,0,0,0
51b2cabf2c3737de06fc889b39d40240d1b134c2,0.03968156,0,0,0
8a05e0b0f640289c32f2f261f35450532cc2a1aa,0.12854652,0,0,0
2cd3f0f10a797b744509903b8eca4fd2fd4ed6f6,0.35311487,0,0,0
8c1a0d2ee1433681958809b4a0fede65f62936e6,0.17997709,0,0,0
a08ec31dbf212a033953dc6916a743dccbb93e37,0.04345745,0,0,0
5556118ad13fbb80a56d7b8de6f960e9ff8255b8,0.100627534,0,0,0
f643b4fa939e89348618ddffae20a804f4461363,0.19029132,0,0,0
bd5cc81ed7f91865aee7a5a7febeb237220d0c5a,0.08707012,0,0,0
657704627b297a19a693645cf03c5c70ccd9a8bd,0.24365254,0,0,0
363cbf7908cfcc6a538126bcccf5c955afda6aa1,0.031917095,0,0,0
c636539836ecb541d9ef71f2d347772cf9f6bc52,0.044362072,0,0,0
7cf5e01c2a152a0b612cb19e02213879a57c14d2,0.3257824,0,0,0
e8d861359ade336badcac3211e5aa447097479a6,0.04498178,0,0,0
044367419dd317eb9f9935d8360280b8b8695462,0.195905,0,0,0
86a082e8be8c51f07079ded82d6d125c9efc1791,0.35325578,0,0,0
ab25f67348d4885620df86497889c1826f013a73,0.084065504,0,0,0
07811434b773b6e1737fe7dd3775aeab8afb18b8,0.2575261,0,0,0
5bdf0a938adb384bfdb6cc494a2781e2ac33b0ea,0.15632741,0,0,0
30c85ad05363767deeefee577063c2c432b971d4,0.3960573,0,0,0
1661e5519c4836a5a940b13b7797263443156fc9,0.061100785,0,0,0
a64153a3710c5035988690f0acf57dd61b711cf4,0.32296413,0,0,0
954ade4c1ae2adc0aaac3a1dbe800495c519520c,0.3039046,0,0,0
4bd982d1a1df87724682c17c39bf27b5cbe389be,0.07094717,0,0,0
a6443e146f825291308319c6a0f2eb82aa34f8c3,0.35744658,0,0,0
914844e1b226a1ac7ba45626ecfdfb56e7b2e263,0.31628293,0,0,0
98fa164cd88d126d0f137f5bcb4a1d180e0c2fc4,0.08853702,0,0,0
c79e6fb8f95bb07d2394221b29b75fcc016f4900,0.145596,0,0,0
6597c196521af500feef7a02610727eafa7ec1dc,0.06060742,0,0,0
4670a941be92a55fbaaa3b4055d444e07ffcadb0,0.041722443,0,0,0
cde4c529034e182a982fd842252ec410d213c34c,0.45546764,0,0,0
b5f5449cf338376d12404d0190054525987f4276,0.19695482,0,0,0
721a6e59f7e4f5c0f3196d3eb0e81cab5e41d065,0.057560004,0,0,0
c7c424fb9c3a39b6ea036242e44cdca324f7d104,0.03292926,0,0,0
a8f41ec97d139f5d0d7cf161e8484f2bb809facc,0.44309655,0,0,0
0181c8059c081d144cad36d003379bd50fcd9da7,0.05152403,0,0,0
90f0a680adf3eaa95e46e96d28ecd6848c74bfdd,0.06341066,0,0,0
12e597a78cbf9d82414b944a5b285d81a2e27e51,0.2735434,0,0,0
b45435c950e6f6864671bdffde29e26cdc8ce15b,0.15270002,0,0,0
4259a706ab8641f408afc3ce224b1c0ba5a43d17,0.30729905,0,0,0
f0f896ee600ea7ff66c083747f370453b914be48,0.18531074,0,0,0
5482ce61b003726a9476c76a4337e043af4318c0,0.06346896,0,0,0
31a9fa0cce769c976d74cdcb6e6ce8831793db7b,0.038552098,0,0,0
1a20867d01ef8ee5b32b0620125b7c38a10b80c5,0.04581992,0,0,0
1731949116a7278f2b729cbb9e505580c8f56980,0.22499785,0,0,0
b521820b23c45fd068618d10955eceed48801eff,0.05316918,0,0,0
661d16d190708a1a396d8b75ba10738e4574c11d,0.042748895,0,0,0
3c2673e82d33b6c9bef3005a896e5b0d52b108dd,0.028937742,0,0,0
99900ae089cf996bc969f0673349c06c2e6fbf1d,0.034579627,0,0,0
811dbe7226ba0ede04c2062c2dba8f72a1c03e58,0.31389046,0,0,0
9f7d03f09172afcf0a7be40e3262d151ef053b3c,0.266617,0,0,0
3c89994355f3574078c832b2dcacba0e65e87ed1,0.44277275,0,0,0
d547412bbd2a1ca56769a2bfa13b7ed9547310ca,0.33732522,0,0,0
d3146a545612422d3f8078f10afa00342b327199,0.4325466,0,0,0
8f54030347e31e0b1492fe874a1f1b67b89b836a,0.45498064,0,0,0
f059e5f7fa1ac4a906b5d2e18d72d410bf28fa2d,0.38615888,0,0,0
a5e76ebc404d419651c2a25b1a62199de64cccf5,0.26806256,0,0,0
a91f76da21faf4e8b70f0f69c6db2521409e7d29,0.04627261,0,0,0
5a52446090a67b9b04b67a0b7aec94e73bd21930,0.033896066,0,0,0
82cc24437f43d07880d8883229477735431e5d02,0.05092126,0,0,0
859224ffadb79147088840732236c1fad341d842,0.064459994,0,0,0
314b6b56bec4af56dba667d66a25c1613f4bc800,0.48367703,0,0,0
8cafd87c83f4197f7e8d14de8cba453c844266c0,0.35026386,0,0,0
a060733e63a9cc476342ca190d04ad027a241d33,0.048070613,0,0,0
e685d847b4c70e354e47ea3990cefda3265aa5c6,0.1443625,0,0,0
c8e648b92cc133a604b5e1f4da1ced943788e64b,0.2840499,0,0,0
ece2f255eed8ad9eff6e236152de65e804c6adb5,0.03329143,0,0,0
9766e22b42b7b3f3923cb9c2502dfc2dd5d0a5b0,0.033897,0,0,0
776b86e99a1ce18a5093db457109807b766d49c1,0.036632955,0,0,0
e1bc286245ce5f798b5312d65bba64c71921a3f4,0.217492,0,0,0
585b1cb97b4b9e81b55d68e04b6c1e1195058a8f,0.037211195,0,0,0
7587431987258e94748d5f2fda1e6ca049a21600,0.06781035,0,0,0
53def501409cd1f9e20ac43edba6f2949bb366c8,0.11715021,0,0,0
7c19a1ff4c217f03c0be62baf1169d689f566825,0.36577985,0,0,0
8cfc1b1207577943d412789765a3a2085f1b3036,0.19310403,0,0,0
577f7b3b5462fdf84c0956a3bec5296bf7821677,0.19793652,0,0,0
65b08c4f91a4e5d78eb645b46d06d7a46f8c62dd,0.26820195,0,0,0
0344ca3f2d43e3732bf16370262303be8761a523,0.36359653,0,0,0
c68285bb3392665827595ac408a5fad828b0351f,0.32677495,0,0,0
18e692478dcf91fdceb9b9fdca7c61a1111d63aa,0.30306074,0,0,0
f2d8493ac44995170ff84bb895e3a73e0127cc68,0.27255958,0,0,0
f5ebb9a649e9dd0773f9bd3457d6ce1895266d59,0.04785136,0,0,0
3e08af573f8b50da5202f55df62c925f88a47f3d,0.35360804,0,0,0
cc94767e7eabdfcf9d1cab1d8d1d8556864394c6,0.15764858,0,0,0
d6ad3f01574b839670d4ea5cf82a601eee7e0c16,0.34947872,0,0,0
a2dce32cdab108e7e281dfc27dd0a394e1419ce1,0.050752126,0,0,0
fdf05fa29babe21e64f9a5b268dc8406d449d4f1,0.05663635,0,0,0
0b70b01a9f1d9664bb5eac737175f58f06979b60,0.038495418,0,0,0
7076b7408f06bc8a277f58e7bb6c2ec3372d5d6f,0.3605844,0,0,0
cc6beb2d05347fba64d933906ae2b712b1a43302,0.17426847,0,0,0
c7554151d3f695718a5bd431e22c7f4c39a0b261,0.062329255,0,0,0
ae862ae116f2056421ab8d6e997e7b64a95828a5,0.26076,0,0,0
d65b9d2bed09847ef28b9ceb30c9f8a96e0c12fe,0.103885934,0,0,0
36217ee164239391c672fdfc8f5bd080beab5c4b,0.25405943,0,0,0
44854912194177d67cdfa1dc765ba684eb013a4c,0.45402944,0,0,0
fd60085a2a3891ab6db46dd3b75e9dd67a7c734a,0.45500082,0,0,0
f4bfd9c71f51fb541d0fd203f0df2e609632dc62,0.28258234,0,0,0
3b6867fc25b5dbf27925fdced660553ea8289dda,0.29550004,0,0,0
ed94e5a5cce33af89dc1b1475204734b17f64bb0,0.292124,0,0,0
87eff4c78fac85c1b5f2309887f6be5fa2972537,0.2070708,0,0,0
732ea5e94fdf8fef42b5c21d001983fb24d2842a,0.044149995,0,0,0
09d70ce73dd37544c92621eecb7faf062fccbd5b,0.26517853,0,0,0
060e66bf995177adfc4d73a2a4c9bea70dc5e441,0.3413381,0,0,0
9a7de3974d64a5410e577933e141797928adca71,0.44863582,0,0,0
1e9e36640f762d29c07d8322c361ece163b179fb,0.22320785,0,0,0
c56b87d6efe530590b6d9a07e41ca00af208ce37,0.39129278,0,0,0
07f3694a5c85ff5ee8c556817c0d2ea3504f26f7,0.40210104,0,0,0
5cb988334179b4f04a27c59c1e6a888db0dbfc9c,0.42574608,0,0,0
713c77ceda21d0c3cc9c213341259d64fb46fdc7,0.4398169,0,0,0
729bcc46b503c1574c7c93a65e902f436b4ec6ec,0.038912777,0,0,0
6ea2fc8d38e035bafaa92c7d3b007be38c2e9000,0.043591287,0,0,0
95fce758b0e12837869cae450d8029d7237b0dbb,0.06570879,0,0,0
6ce88517b3af6d48c979b6e984889b69c044561c,0.037209556,0,0,0
b52c69b1b0ba1c542b917247f1f76deb4ce2a42d,0.053966735,0,0,0
125cfb4cab35daebe874a599877d6280b464212b,0.03219395,0,0,0
6f03c0ce11db4a270124b9bf93338d3db9fccf5c,0.041267008,0,0,0
96a1a31d734e663af5c9bcda58c7bb5870e8a363,0.032647673,0,0,0
7aad59482002d0b4bc3546259d33eab20ce76b9e,0.3367728,0,0,0
c1ffdbab58712cca8463b3edc88f9d5a09b0ca9c,0.20135464,0,0,0
758228f691b34c97f421ed92336772531495e0cc,0.070594594,0,0,0
a26c66a8edcf029ca5f94354cee0db267e9ccc20,0.14536059,0,0,0
8dae1f2904b93127f101bd36c1c79e801385a8f7,0.11101517,0,0,0
4f928504ea91c3c1dd43ce696acadf76624240a1,0.25328806,0,0,0
22c30471564c730b02f5f7cedec28fcfe5749fc6,0.031123515,0,0,0
10122741eac52e218771f30c6dc2c0aca54ff006,0.037747927,0,0,0
e863dcb2e7a654af6b8eb5865d8d1d8eee0a6d28,0.4190815,0,0,0
d8ec011d770e1e04ef4f87fba673f3748f363278,0.1682019,0,0,0
f7cbda67518ed7335566ebf942cd170a66746096,0.35182405,0,0,0
7d061e33e59e23dc4b03378f35f50a7d70f033b3,0.093085326,0,0,0
49a876cb1c2a49583b9184ab58a579ac75525986,0.3400189,0,0,0
6dfc3e64037f10b84fe203415e79e2435acff558,0.32346758,0,0,0
5fb74a6618da0ca8b12a3346038164913a5d27d5,0.37813905,0,0,0
f5a9effebd7209f3fa5385f18a5e59e8a09122f2,0.3912113,0,0,0
c614fbcc79615f93d2c60a153db6e82d7474c425,0.049348604,0,0,0
d575057852ab2be41abb39b8de69a35cace5c67d,0.41921684,0,0,0
c8e61afdb89c58ea8ffaf04593da41ff0888d30e,0.38777566,0,0,0
c3b1fefbad0c67c8556ba6b4573f135197f87598,0.42118686,0,0,0
60412131f3679b720bcaaaf3dea4be666cefea7a,0.09405306,0,0,0
2ce40494073aa4e9bdcba4c39d24727b7141d227,0.03296187,0,0,0
2e9f3a80146262511ca7bcdd3411f095dff4951d,0.037078712,0,0,0
2c0429aabd2632c8c6a242e4a23d5eb6f46035c0,0.3503493,0,0,0
bb3fe2a37975920d1c7b9cf16309d86fe86e1a35,0.3640377,0,0,0
cb686673a70a6f14c35575550c48c37d19a1598b,0.1616483,0,0,0
357fe1378889e5934e8f60c8d35397bf63871991,0.16269481,0,0,0
9c886bd4a188c91301029040b3a839e4b8e2812d,0.3112476,0,0,0
8b62c114cfc5fd347bd8cb5a391fdfa8cb539435,0.20001738,0,0,0
56b7ae44f957aeb884efc797ec74c790a7a3abae,0.030746127,0,0,0
17f9d22f334c91e701808808170bf60aae7342f9,0.05375854,0,0,0
9901bf98e4921df1c85e323c4b096b7feb80221e,0.33862445,0,0,0
aff0fae2ec3a7d74356776c183c6986eb9eed520,0.038169637,0,0,0
1415c9a2a6317dbdca6f1fbb530db1f558d9bef5,0.051488366,0,0,0
e51bd89201477092c32c180e4f8d00569db17ac1,0.095884986,0,0,0
efba54d35fa094de5e580b200a8607bfc7bd5a7a,0.0682517,0,0,0
58a8f12b443d7cbc16ec00b8841138ee55ee6630,0.26572534,0,0,0
e7d16c27629722a93a9d36a0b5e0a3a793850544,0.045400955,0,0,0
3fadfdd69f4682f05563ce53e55743f55813f488,0.058800973,0,0,0
bcc4f82a7aca3fe72142bd8d9ab3ac6c9d4d2767,0.43925568,0,0,0
54acb6e10f33d5f71770323e9769d2dcc1130a86,0.035590153,0,0,0
bd4066eba88a772c06394d818d87aedca8bea53c,0.10810295,0,0,0
09ef69c5b51115300da6df43690cd455d83c8027,0.23066029,0,0,0
a5391bb34cbe168f2c5f5f6e8fc3a1eeb9399e13,0.35413957,0,0,0
96cb498f9bb88b534e49f9b8301c9fe7113b2dfe,0.37788278,0,0,0
f4a262df5204221184f1f5008b06957868684a25,0.40321788,0,0,0
81ee0d062c888d8f8bcbc154cd7f0143710f458c,0.38841644,0,0,0
4aa4291ffc143486757617b743c9670001f8a7cd,0.3731093,0,0,0
ae6a24dd439a7b778e35b484a3a6eae1a8eb64d7,0.41523606,0,0,0
9379d0d36acdf78455e81518b3b1476c7691f056,0.050228924,0,0,0
2521d9619fe1f052ced8ea1107851ac98a1b7488,0.05533899,0,0,0
7721302ae5d70d2986d74ae7e7df648bf849997d,0.0838717,0,0,0
1cec9a6fe588c047daa6c711814453840405561b,0.044774752,0,0,0
a36c903d4f1065bc59f5e6d2bb0f9d92a5e71d83,0.2803397,0,0,0
4f4e2b064e98ce1abce98428965f8eed86f4543e,0.31973916,0,0,0
2a11642511a3c69bac5aa1abd83d3219871395e3,0.044631395,0,0,0
ce178d8e87ff6f9a12aea4b217c1e09254936236,0.18652678,0,0,0
9fb4f47f352dc1c1f5f20de80840d39e1eebb985,0.23163132,0,0,0
762641dcdbae9456aa2b72ec8fa1baa0acab942f,0.040346287,0,0,0
47a9ea7c828772625b9e26c0c7a6db494ea626a3,0.047131762,0,0,0
9d090d40ef488c6c8e0784da877b93a05034e339,0.4582029,0,1,0
e7e48da660e17bbe5c0f8959c2cb9f6d60555cab,0.11048933,0,0,0
5d369c4fc53a2ef5c47f16eced9fe917a87146a9,0.32221398,0,0,0
558f84322cefd02246c49666d7e7a3b2e2cddc13,0.25119564,0,0,0
b0580d508bdee2903f05d95d59e6e9a1dc9d710f,0.6410991,1,1,0
32155107dd982360e813d10d0c76f6f7cc2cc7bd,0.28348625,0,1,0
596afd4f5a73c7fc756d9bdc12c6613856ca27aa,0.7261314,1,1,0
7f0046cf4e2161f0145e0e59a1b9684b04061916,0.2765843,0,0,0
1f5e68b5612053cf35b31a13c8b5e8341d892f93,0.08250011,0,0,0
b236d5259f95b755aa5e1d955c8f835312047d77,0.30260473,0,0,0
8fe95aaec201acc964ffca80954e60f7c57d7413,0.2595162,0,0,0
d5b16405c77037e37bd180843c1eba79117da7a6,0.18549696,0,0,0
d3aa5b77428d77f5954e30b14e7385c15f6f398b,0.21893916,0,0,0
83119a80aa1551bea003ea6b9e65b616b7795246,0.29312155,0,0,0
c4de3dd2bb8afb3323fc3aaf394a463aa4222768,0.24584243,0,0,0
f7f4b909d0961528c9b02ca5492b2a57a8df8bbe,0.33585533,0,0,0
bb3d861fcde210e45f3d3ac59d8ee6e1e4086cb9,0.3315936,0,0,0
1e6dceb8ccfd2c97379f78066ef4ad2b9a17b1d5,0.27145866,0,0,0
361b73775230d91b4ad9ed588d6d57f3a049e907,0.30821496,0,0,0
9a2f53d2d56fc58617f2bc7e8ce7f488dd05d47f,0.3449856,0,0,0
6ee118d2a12a4c0bde2c5b828e05ea9b18d4be2d,0.23628071,0,0,0
eef240cfdf77df4d3ec55c2f03dc52112dea7553,0.41530308,0,0,0
0ba5e75432717181296459b9bdc98f9cc3cb2c7d,0.30518746,0,0,0
5d83e4deb81aa7e06e4587809642e70ef9a03662,0.033950813,0,0,0
c635393fb9996ec9d33b32ca27a720d6d5593255,0.30133396,0,0,0
cf4d2789901be233792839384ba76b94dbd25888,0.2878798,0,0,0
46a1c86ab3f4e2068023a1faf1c704443f3f36e9,0.074210316,0,0,0
d31ea317a5fa6cac0e281bf0aec5367ebe45a217,0.2919037,0,0,0
88564caa20e4bee55287b258543cab35e9d3adf6,0.41660663,0,0,0
9f0af0bfee5a92e67ee54c185f49fb7c771c15ff,0.21576737,0,0,0
05f3b74fd581ea5f8946c64edcb293747b4d9a71,0.288938,0,0,0
43e4df85bda71ca1500112912a83d3ed19868c4c,0.4320502,0,0,0
8283d966f47280f682a1407d499346a383d1b1a5,0.4589883,0,0,0
5878adfaf37ce37e6988956e4cd5c833c6ec61be,0.5255638,1,0,0
ace5ba00f7067d517a35713f439344f24144fb79,0.3514216,0,0,0
67e443370e06288fb2702d62c0206221413ab852,0.18072227,0,0,0
9687cf07f34bbf5f67c17e75cadd287b9f6662cb,0.20633732,0,0,0
94cfd56bd9092e0fd8579120630dba0c857b7777,0.41446006,0,0,0
077913c7e9eb8e4cf8863b7545bf53c2923066cc,0.26552156,0,0,0
fbb81a37f80fab1d1e21435782e034eade76114d,0.36230347,0,0,0
278eed3e1f7cfef2d39a25aba53f4478c3ad8c58,0.34015068,0,0,0
73dcea01b19ed9fc9c0d5a8c38e752bfe071c801,0.06122332,0,0,0
54bbca89040ed195b89478713fa4a181cb2bca3d,0.05705157,0,0,0
1fe64733a2a28b795bddb152e9adf7489b6ea7c2,0.34370148,0,0,0
1194c69fb122709872fd634ae9890cecd1d83e90,0.32730106,0,0,0
709aa7bf9c998cc75f6e0be7d258aa5a07ebce8b,0.41178393,0,0,0
cdacd4a987755572bd4d6d328b371644ac07ecd2,0.46772256,0,0,0
ee7ed6e655c08774387f9ee60ce11b84d7901cd1,0.06080076,0,0,0
edd64cfd822ae2ca2faa8dc1c73edc38a6e19f0f,0.40923664,0,0,0
ed085d064c0f80b0bcf382550d10fe6b6fc9f283,0.24885018,0,0,0
4a025d3f8e31bc3e944399990b3a4baedb90e630,0.3594774,0,0,0
157aa8daebcc6a464cfb350de346cc550ac13d15,0.041912943,0,0,0
0dee0324f694b1e035b9c3dcc6923278defe1d3e,0.46727267,0,0,0
136b96c803ce4353f2cca2b24171ddbe74345fe6,0.33833802,0,0,0
99c63edb10e945d466dafcbacbb6fe930f2a31ec,0.31962478,0,0,0
1c8fbeaec2ee80d45b78742d63aeec0c9d0c4e9a,0.24458985,0,0,0
b1162d812eebc9298b7fd62eac1dac119ae5f271,0.2887914,0,0,0
125c820e8d43df150ac09c9da5b38dcc1ea6e03e,0.29830113,0,0,0
680752e1414c07fe4357d5b6fe3052f3d9dfa374,0.25450474,0,0,0
f36d6870f2e1feef7f1d6fffeda056fa72c051f5,0.25660002,0,0,0
62e69cf4f2fcb3ad8bdc44f75f8a9e3e20ca7337,0.037000936,0,0,0
7df57879c92a467cd71860e6cfe14a04a49fd031,0.40310585,0,0,0
fe63f95fbff43495e57ebc37350798dee024cf9a,0.3397889,0,0,0
719d0c56036111d07c46ab5b0f379f62f14ecdc6,0.1847023,0,0,0
4951344fb2ce246e0cc5a2dff90d24cea6eb3a75,0.09448894,0,0,0
c151913ae25d55814c40b7f922886d52c7086787,0.4222109,0,0,0
ba1e716261e055f84baa9a47f9ae2ba959d54390,0.27323663,0,0,0
894fd838fb695d794fbd28cc66c82b80a9688c91,0.046825692,0,0,0
ed7710f41c594c030188917cc773adbb6107383d,0.0447442,0,0,0
11ddae0a3570fdeaa421e4e378ae14bc173598ba,0.038041458,0,0,0
9e8b370391f5b3e71cc349a2ff556d8a3cdf1232,0.03967933,0,0,0
15ee56bd0f91ef807a3e729ab3410a834ef3fcef,0.043396223,0,0,0
72784c46f6a7d7644398db5c7ac8bd3822c523d4,0.07622118,0,0,0
90559c49bae582697906598c735385c19daa6da6,0.5038942,1,0,0
b34856498ed290a4883b077db0d4df2991ba190f,0.13151345,0,0,0
8cc80dd1a449f98924ca9e74970b35f940d43800,0.043589186,0,0,0
84a844af5d30ea41750071dc8140a56e9e146bc8,0.2585735,0,0,0
6f95e26fc92e929fde30d592e7572493d360ea3d,0.32913908,0,0,0
fc3d530961ce4f23fd2c8310f82d6d1fdaae6c16,0.31130287,0,0,0
53c08a37ef81ed2aa3ab57f5933ebbc5db68328b,0.33457837,0,0,0
bd861c0d8009bbd51137bb97d15d5aeb8902eb2f,0.3117065,0,0,0
584a10fda56263ec0ed555f9866a1a82851a83b0,0.3287567,0,0,0
aa0c114ac9636012a941ebee49d69cbd6f6291e6,0.29197055,0,0,0
bae09b4838de43ab6a8be25ee25d0d11f0fe7477,0.3453961,0,0,0
4d8331ef9c3993ae1d3c091a758b24cb9a037fe4,0.28260878,0,0,0
1d1cb74151d6fa0272d607d06ffb85ff4a50e972,0.19838306,0,0,0
6602d00afa7a5f32218784dc54975cae5540a255,0.18627286,0,0,0
cd78c96d225752e3656a2f1a302298370b55a4c9,0.2130168,0,0,0
f27cca133f9a28899e00488ef56b2f8a2700a68e,0.17675358,0,0,0
3fe52d0cd85c01eadc44933df5596d177c3ecebb,0.1681081,0,0,0
81d1982c3cbf56f77e2edf3f063ff84e6e748549,0.22793417,0,0,0
e32f477085a9b6f658463bbbf355405980c515bb,0.23954462,0,0,0
7419cdb1fbff1096edca78bc5db34f7fdb3b7342,0.21510068,0,0,0
ce1f9e29288cdef4fc295ec2d5b4f846f0b732d3,0.208342,0,0,0
60a8028d22b88ee2f2d7cf7657ed35f4046efe79,0.17507792,0,0,0
c779a5ddb807f1a84e1e6a5e43a0f1296dd565cf,0.19341785,0,0,0
c2bfafd4bb8ed95e30dce29e65a9afce26a7d860,0.18885763,0,0,0
e48157a0de54d6b82137d62dde9cdbb4bf5c6f40,0.14867675,0,0,0
6d908d014c25ef3da000789dd56de0b6e7c9ea8e,0.28237417,0,0,0
5bef000847001240749e50239a25ea69485c849b,0.2809077,0,0,0
82c1bee3f786f96fda51243f4cc6d50995bd90b6,0.21015568,0,0,0
5f84693e1db2c35b9b797614e17136655c433335,0.3032873,0,0,0
dc8138a8a9b022d156c4d04b2491b269661db396,0.29461557,0,0,0
233746d8fdb7e71a63b5cddb55421eec87bbcc4f,0.2685542,0,0,0
84daf6aee0175303801e710dd2d326ce252d2f88,0.23518156,0,0,0
6df343df2635e7e0518a09c374532ebf22a30529,0.25631043,0,0,0
6cf4249650d72cf21ae3addacb5202089923ad91,0.033741176,0,0,0
d990feb36764cda778e6b4ce9469654229ac716f,0.27878767,0,0,0
393fa5df9262c339e004e061809c73d7637a909b,0.27026805,0,0,0
59899e1c820cd3fb8789b9cf8648b269b97763be,0.26597598,0,0,0
2ddd54a7ddfead528f2b1de92dc8dd16be7f5f89,0.3375852,0,0,0
c7599fd2a84b3d58473fd16c5df4034a8658e925,0.30403548,0,0,0
82b547ad25147df44f27a3534a5b618755217378,0.28931823,0,0,0
62e56cd3884d224e42cc8b449ef631a0909a19a3,0.40919548,0,0,0
a85fe84ce63f873b760e311f27ec42e05f1b3f42,0.24526577,0,0,0
0a114bbdb01548a69c7a8c155bbdef7785ecb389,0.33723113,0,0,0
5310e25a6cb79eafb21408fabd744f9a76c2a020,0.058976818,0,0,0
8834c8e380b7278fc37a4e6b80a9198a895d8280,0.08893148,0,0,0
b9284992ea3c8c484893517ee9df3b2274296959,0.34770936,0,0,0
939527bcc5b80a1788d876d7e47fb45d71d21424,0.24755473,0,0,0
26e77ea86294f5a9aa929f9acf7dd76a046453bd,0.2930428,0,0,0
3adcd2103d1be4feca870536e8f7a7549f6d492c,0.27723077,0,0,0
2edb7a20f3856723fc715f7c72e10e72ea7df385,0.31085667,0,0,0
9843210e5755d2584efd3496d59e50e721187842,0.27561936,0,0,0
e6cde856d76935ce2ca5323579d2557f5412c774,0.313127,0,0,0
c460996e75df489d6bbcb732763c10d01e62516f,0.49536443,0,0,0
115198b9c94bc66c7a659a04d0e2f65959ce9297,0.17018372,0,0,0
276552d5e73525cdd29d9e809659d35f34c5250e,0.18873979,0,0,0
c0e4ebfbb0f8c38ef672394015f47fd72ba06cda,0.1871449,0,0,0
c61154272699761265a1f2e5282ff1bdaf714b6a,0.41892174,0,0,0
f0b18d27f01492af6874baa8415ad17511eb5d4b,0.49355006,0,0,0
45a0337e1d9d23126dcaeff9c0ad96c5b4011957,0.0527396,0,0,0
90f4139bf75c94aa1ed62c5f64c3ffd78a1441d2,0.07678512,0,0,0
67c51ed7ef1d7acc4010e45eaf8088bd91cb702d,0.3396454,0,0,0
9acc3e824e2efa2e496df8458d207b5fb5722e6d,0.41609192,0,0,0
9dbf8388c5bfa0c7beb15e835b3a5e6fc74ecbf8,0.054141156,0,0,0
f30855735a40daaffda15794d7abbc6ab8c699d8,0.323545,0,0,0
39513f9142cb82b84181a11905b3866a49d5a3c0,0.047756348,0,0,0
289e7a769ec9ab110f85848b281c4c143ba84e57,0.26642713,0,0,0
930015a137f6bc34127d7646b36d0550842fedfb,0.03665084,0,0,0
a270ff62852e62b5ac0f943a7e57292a72b77271,0.038519666,0,0,0
9f0d58985f4588981eefaca0408e767eff1bef73,0.42789555,0,0,0
8f346f9f1263b2fd5923abc0956134df15fd9325,0.41983068,0,0,0
ee851e403b5ab4b6b33713b08f9568e966ace052,0.0708514,0,0,0
55e8eac25d81f07bebb16d812c97edaf1393083f,0.44399384,0,0,0
c8bdf60d1d0be609094e14054be0b9af0fb05521,0.05997515,0,0,0
9d4f2ba886b003980f2c37a4de7a3e6c3c701820,0.112509094,0,0,0
8713af90d540e7bb01f8ba1fd99f6c04e41a7433,0.04527397,0,0,0
eed8a7adb3de7441751e846f4a75d110dd205f23,0.16981043,0,0,0
b9e2a97758ba6c007fcda160c4d8b0528bdbfebd,0.3072996,0,0,0
07de4dd578727555bb94ed421498f455838b317d,0.28627467,0,0,0
641aa1c663ebead0189bf001a06ee56463070ddb,0.37489575,0,0,0
b9522976f462687b0693b7229ba5c7faee0cb74b,0.03794215,0,0,0
2fd2a76110af7ae07712af01708cc00310af64ef,0.34005454,0,0,0
5723ce72d04c8ff7af8f245518cc48291701db0d,0.27565402,0,0,0
611c73889b772dab7315c952902d5c649635126b,0.06743364,0,0,0
b5b45d3260bc83d2432566dfbf22f0897240bece,0.044064436,0,0,0
22daa5f1dd4396e94224841b3bf0e9f226e86695,0.066091105,0,0,0
4a9bcd0f5211c91c4c2f47313c8f8013d0dfe03e,0.105121255,0,0,0
864fda4370a8d1bbd942400dd899653fd5d85244,0.04441454,0,0,0
96eddd6ae1427222986eca344b898b3332792a01,0.24857391,0,0,0
8da9a65b6398931af18febe082299c5c4b932924,0.2575065,0,0,0
8354ffffce024a97ef5e05b7cef4a82c263fc07f,0.19884458,0,0,0
0ca8f9b9feb2d74c6373d1762b1eb4a6b1f7f4b8,0.2898958,0,0,0
13467cbc7f319f7f7e9e9185a673714736e77b83,0.032040387,0,0,0
e63c5361937cc2598a3cd030f79733cc8c22b6fd,0.080267176,0,0,0
bbf65339023bf627a1843073cab699ca1831aa96,0.03927925,0,0,0
56706c8203ed023a3d21784b6e7fab40375eb9d0,0.068001494,0,0,0
274c9c1d37a47ae9bc1cdec1b0b0e4189dd44845,0.47982338,0,0,0
b88b065aa955d7a7d8f74c427b05d2243eda0779,0.14246683,0,0,0
949d74737327f114ae97a18f9bb4a4f5626b59a5,0.3132667,0,0,0
9f1dabed562e5953af25369121fa7fe221a20276,0.46599567,0,0,0
d86509b09672b874de2f933a511a1f74af6814f7,0.17825879,0,0,0
525d1fd7ca383b3426341c58ba9e2d2e886a59ac,0.39661166,0,0,0
a528bcb1ebafb1eeae14fd3e305f3636d6c04717,0.27698633,0,0,0
c4190304baa18d3a376c3c2232f45f63c479a5b8,0.42473766,0,0,0
bce159a0c905f673b8e0e4c9899543a812fb904d,0.3419615,0,0,0
333971caf33dcc05b6f714fada447e9417f6fdc0,0.22854567,0,0,0
9a6e25230eccfa131d40eefbc4f48a13ac31d640,0.2585925,0,0,0
b1c45ac691d46a8c609f2534d2adfa59c0599527,0.44681022,0,0,0
23747116069c150e26e0dd42d61331b1108e1e01,0.13582343,0,0,0
74ad2114700446837ed451f36107a056301a65fc,0.10883428,0,0,0
dc9032be284c70f53d8f9031cc90e01678a0e55f,0.27334952,0,0,0
6b9e6419fc944d3b5eac58187a6cd56e97328c2d,0.27245098,0,0,0
a424d2ff172aa3be9eb5155e732e6f61915d7b5e,0.033403717,0,0,0
004d5e672e9b2734a4c27f0e20504fc615da3476,0.06328822,0,0,0
b6b59b189c1274ae43e844863c7a2468c0e16b4d,0.031101622,0,0,0
73733206b943f8a03d18574eb7585285eeef05b9,0.394195,0,0,0
fff00791ed30f338ffc085f099be5517dc359261,0.58333457,1,0,0
b8ed8bbd5eaaa6d3e463bde3accffdf3dcbb77b7,0.6542885,1,0,0
256420016e2321dfd266f9a2ebf672516cc936ac,0.06618574,0,0,0
c4161ee29051c6e44773fd1837d2080489727dbf,0.36044967,0,0,0
06e7d46a49c5d31abca644fadc2e3ecf6f9001a9,0.034066927,0,0,0
1e8a31f417256b9f555b537a09c13f1135addbf6,0.37201014,0,0,0
2d79319a8d4a3ea256ba1bb6364c1330518134a9,0.043177824,0,0,0
2a491590568140349f776b2a63bcb4ce74d147ce,0.45499954,0,0,0
32080b32a4eed0719b79f4be332ff5a55468ab7f,0.034242306,0,0,0
3f66e516a7f5833be9c87911952465220acef149,0.43265218,0,0,0
2a069edb7e7c46ef3c1f56e8fb6cadb779ed2e42,0.25450647,0,0,0
963757362ab2ff0f1636008815549322fef1148c,0.043269545,0,0,0
9f673d4da60a889ad5fefb6fadba1c40bb3e735d,0.10118536,0,0,0
1688a5a2444b3b636741d5675646b0b74820b4fb,0.09389208,0,0,0
284b6f5477838fce398036497e1acc206b1eaaeb,0.046511553,0,0,0
ffe28c43e0486d443234701ab9d791e703c88071,0.3688077,0,0,0
3761b5514470d3f06c9076b0821430d0c2cb2da7,0.38467735,0,0,0
a36442f0d08bb1a5b964b4c77d4c64eaf251c3e9,0.4031695,0,0,0
2ecede5902f9a132a632b8431a35daf5174e1a80,0.34180126,0,0,0
4a2e49fd8daa81cf2ce331c3a3795844e79814b0,0.041365758,0,0,0
8c44a71208f640835d7a205a7b6e58dc065d8dcc,0.04565854,0,0,0
74abd625bcaaffccddc3ca9faa1402b179c251e7,0.066129945,0,0,0
ea64efd6dc61cd9c9b1207d2da37fdbea14d6b50,0.35243344,0,0,0
530049b41c9f42e11144fbad4d1fec65ff0956e9,0.38635147,0,0,0
66c451d618577c1a1e1bf964ff990574782c3bb5,0.04079397,0,0,0
a10c6b01425a9c21cf687294bac43a63de0a0d3c,0.41463432,0,0,0
f9f92677a92ef76f92c90521904c20b8512b05ff,0.48452172,0,0,0
989135e762d3f00767240e7b42ee9e1cccbe43dd,0.5206645,1,1,0
12cd61925c37177a82d2adc76f6475e662030e12,0.3946292,0,1,0
17f4a06be88ed9c950e562aa72755c7a493b8ae9,0.39898193,0,1,0
c3768b0fba8f2f565118c611f4ced4bd6143d022,0.54158425,1,1,0
16d64a96a0a07468bb8b2d3293d374bd4373cd70,0.2796443,0,0,0
1f0919e28420fbd1568ea1c1fd4cf7b46eca9b04,0.2522643,0,0,0
4e347adfdb1a84535440d6c9f392d134a84969fd,0.23885204,0,0,0
9818f5ce6f76224f0d5d5c8ad583d854b8cc6872,0.3164473,0,0,0
dca231dd1b2629f45e65cf46b6f91803fb448aa2,0.2993492,0,0,0
9930786b2d05890fd071332dd1b9d7d7ad0e1b3d,0.23087132,0,0,0
b367c37c2e92ae652e49b361425bdc7ab3390f25,0.24064578,0,0,0
bbd32a63be1334620c1f52bcf4494de4b1e6931c,0.22839008,0,0,0
6868968abdfb03229bb0dd60e57a502db45394bc,0.2716837,0,0,0
3fcfac543d8e54b93695ea5f32b1820c5e5849dd,0.3710823,0,0,0
af50960c662e2d006dccd4156ca85ba3b2d3d5b9,0.35505936,0,0,0
99d1ccf360643d89b88bdd218fa917d365d95cde,0.29664284,0,0,0
3c32e5384eec3142bb017fde824dd1cc0db48876,0.044163473,0,0,0
b4621118821f29afd3d5ea47eb8a684f4e5ed3ee,0.280147,0,0,0
eb3f760c1c38fe3910d979e75093da67f685e2f5,0.20787287,0,0,0
efb03bdc301d917b746e6716f2a074f54ded723b,0.2895455,0,0,0
3ff71911718c07ca1016ca855aece547061db85e,0.18604794,0,0,0
01f84f2b0d9c13ac82ad471469b6a5692d0f8cbb,0.33528095,0,0,0
a95c1598ef693cbd7d874c33eae82433693b75d4,0.19949803,0,0,0
6fb796db3d138b4e97dc1fceadf6bfdad74a3533,0.2705854,0,0,0
cae430631d5472394441cc82e142103c3a70dc83,0.29726255,0,0,0
47b76cc60f7b73188cbb47a0879aabfa0228be31,0.41942376,0,0,0
c64d12958fc711d667f26d0173bbaf96157d629a,0.3061981,0,0,0
643590426ee7255ee5e1e661b9e2ac8a9052dbed,0.3263918,0,0,0
31ad1256c66f47e58b7ef40955953e4a1c6bdbf0,0.2693965,0,0,0
3c984c22552eda0fb5b200efb3f239213a4a04ca,0.06774425,0,0,0
95db7d0aab9bea25d3a14db42a7787ef77861f45,0.31285697,0,0,0
1d6f5e40ff44f08fa67c6a2b57f7ae4a5e4b0be6,0.0663811,0,0,0
e0270b0562d42658a57c4fcbf0cddfb5673baf5c,0.27931958,0,0,0
6eebee491388abd2ad61a15d3f28b167c9f0f7dd,0.22501355,0,0,0
ae3f537711b1375c4892130d65cb60928549cf58,0.106763154,0,0,0
25ac3249dc2a40bd52ceccc9251c8446b036d197,0.1754461,0,0,0
6ce9662add46e3cf144be07f7ebf18e2d25a7abc,0.111042984,0,0,0
111c4a5e54dbb1bec6537eca02618e2287bd23be,0.453104,0,0,0
e30788367dc7ce4e4e2d8152bc7370af8ac2fd0c,0.4006862,0,0,0
b1875ac1abf9ae86f5a589c5144c8c9902a1dfa2,0.47334945,0,0,0
307ed458578e68e68918d3ccdcf4798c57e084f2,0.5001158,1,0,0
0caff290df54a8a3b653840fe257fea94807d697,0.06436646,0,0,0
b44b3d95b321cef0281cdf130e8c286bfdcd60af,0.048216276,0,0,0
8f77bd63d8b5b2ab593b134fef2bf5e59bed0441,0.3460688,0,0,0
4e410e068b8d367c53766a7da712b1b6f3fd8101,0.060045782,0,0,0
2412c90ba5584fed123fa6a33e752e6c8eaf74e9,0.17774576,0,0,0
47ed0c7cdcb4d516e41769e38a9cd5ef4d01713d,0.07827601,0,0,0
f5ea49326cd5c09f0782b0d1bcbdcde9053ee316,0.37105137,0,0,0
7b0388878e522468f90ea163b15ccfba05616c95,0.041470498,0,0,0
a653374b2871d67f51cbb4ad2083444e9c3afe1c,0.3383994,0,0,0
430f96525f80fe4909208ee4d2aaff81c312aff5,0.32774016,0,0,0
295d46aeedf3660d89d6c578b84c410089f9b1b9,0.3462408,0,0,0
7c05411f80b6748b6b2197d2014bb98c8b0857c0,0.37903252,0,0,0
140846cf81678649b6bc29497c3534aebaa1f6c3,0.36938143,0,0,0
0512bc21bf4d0f1e391e4158adf0ae145d408ee6,0.39160576,0,0,0
283e14cbbdfa5bd246a3ea9dee5739959f64b4c5,0.12758596,0,0,0
354b72afb59ff145afffebbeac8a7478d4140e75,0.2704301,0,0,0
15c72674ebb4bd99790de97b5645f1531a3a7c00,0.32305095,0,0,0
1a3d74470eab60d668859571938b470723726139,0.14920183,0,0,0
330d5cf99c1eefe3fe86dae260a8873068650866,0.3543162,0,0,0
586b6ee15f526d585628a7162d10f08deea6a93e,0.043936815,0,0,0
71491e23d68df50555c52db62ae9bfc0a2543b6a,0.035865966,0,0,0
e56b2b598a2742ae8ac97ada82a97655b538ee94,0.03437704,0,0,0
3d129b7e2f6373f7885336225d3edc93b3f624d2,0.033871368,0,0,0
4d3dc80e4b3f7fd0e034d544345a568d6d5c5d26,0.031749766,0,0,0
269e6693ca1f05bb7e2623c538b9b934fa688f41,0.036720656,0,0,0
c2452a5af3b2f1db542175221dbc19eb492f02f3,0.05661094,0,0,0
9ac217fc697b3afd0963b897edbfac265ba2f571,0.34556508,0,0,0
a5f357667b195f9cbebc1d1de8f70c6e0c28dc3f,0.07353594,0,0,0
c3d13908a2e8ca7b9832fa693ca72bc228a4e92d,0.14171857,0,0,0
283351276ff704df65779624e195701a21f0e25c,0.087643996,0,0,0
38e3e41049464fa3b8ffc1e810f87c18d91a7bc4,0.06437164,0,0,0
49eaf68b54f4114a0176ee56790d8415fd64876a,0.056839027,0,0,0
42308f780fe3d0c2223c121493f97c747226bc17,0.22068587,0,0,0
ce5ead2f93b92c815f1304fd51dc3fd3338cf19b,0.520771,1,0,0
e8ebc1e1dfe2b0bb7b9f549ff35bd2d1a1fcd2f4,0.3005363,0,0,0
a76f39d4b284633c6792d8c7977abf8fb52a017b,0.19993462,0,0,0
97a64af2d6adc157f6ec9e4d4855b2924caa69ac,0.3158,0,0,0
5e2559e3ac936ed985d5fa9d7160a284b9a83644,0.31286663,0,0,0
dbd77cf4fb93996fb7f312bba2aaddb87e5d6a39,0.4299157,0,0,0
1e8be6ff174f1d7027e848d5788d63ef9827c659,0.44335282,0,0,0
0847a34f6d1f15d3d35ddd9f3283d54c1355b299,0.03983853,0,0,0
d1cc91686abf34d073ffc496506da9ef712984b5,0.11361437,0,0,0
0030e4bbbd3cd3cea505bb1e4f1edbfec5986fd1,0.42362386,0,0,0
3b6dec3c581f883cf9dff6f04512011cf277f586,0.40393645,0,0,0
c1ea2007d4f6527bd174869603f53841380b5c31,0.09522125,0,0,0
87361f16b0eb35ab5fe25fe2ce3cb57a96dcedbb,0.047767118,0,0,0
f10f849935076a7c773283789c75a4c35b9e6c03,0.11096666,0,0,0
034be5fcdabeed034bfb562ae7014e021caadd7f,0.35854536,0,0,0
8c52cbf8dcba19310a569a23ad3e940836b5e7ce,0.04103549,0,0,0
9d4e26a501903d404a809acc8ce93df1751a5429,0.47927213,0,0,0
7dbcbaa0d72723a1682dfe340fe05b2f0d3cd3a7,0.42277896,0,0,0
b3240c0b4dec02d8a511b831e07eb0d03094f677,0.07475903,0,0,0
d37a2097286c6385bf8cc757944bb3568672d873,0.16298735,0,0,0
39ed7bdf558cd8286e62492f6c91d2af73f807aa,0.31192172,0,0,0
100bab5d8bdcbf802af6437fcd778e7f2b9bffbb,0.04349479,0,0,0
21892745c86fa03b465cdfabb99554e9659b1941,0.062091623,0,0,0
511499162fc2ea958f3c78b1081225d335b52227,0.34735897,0,0,0
fe718980550f0221041cfdb56f83638c328cfb9d,0.11014308,0,0,0
8f577fbc1c44a4e5e39551cad677978452ea0797,0.47352108,0,0,0
76c125c3b74a390a39cdcd6666cf7e9cea0e5c1d,0.42748752,0,1,0
203918573c29676b179b673aa7e41366dc4215d9,0.44227841,0,1,0
c82fe35c48bd0082c16644d16d82d1be79d6b9d1,0.0788361,0,0,0
158d178c58e892ba87d782ecf436d30c038d464e,0.3162861,0,0,0
e8c09f05be1310ea2ded05bdd808c46a1e4485e2,0.30160227,0,0,0
b184666c1975fa4050121c694e09a88060854eec,0.3237879,0,0,0
b83e111c619232be9ba0a7bba682ebc141b618b8,0.3060992,0,0,0
2a6c6ca711f0f0d6aeef30853d5eb05bc68c2e85,0.3302214,0,0,0
01911a40eaebf2aefbac34cb2760f7f77ccd07a6,0.34837043,0,0,0
ec733cbbf25c103c2c661625717527448a42663d,0.37236574,0,0,0
300578058c7d6db0671648cbc5bfca84fce6285d,0.30012667,0,0,0
63950ad11917411d82d9adbd0ad1ccc4884ebb4d,0.27490613,0,0,0
f9d6655b42d8e1b1071f78cd7f1e38cbaa20350e,0.21807747,0,0,0
858aa75ed257a24acb983df372f634c3fc6c49c7,0.30583575,0,0,0
76a941217f9272693b5484ef360e8cf6491ef3a4,0.34272537,0,0,0
7ff71807ce589931a56ae6f1306af43c6b8632e7,0.21810977,0,0,0
bb1135e50c27938eeeeb6e6c1ffb3882dceb9f1e,0.54460317,1,0,0
f0299220ba7dc33b1865068db0c184147283a9e4,0.10692047,0,0,0
4a6c36401518a45a709ade671d442e061138d3ec,0.11917191,0,0,0
ae5df796be80dfafb523072e4efb30e34dbee46e,0.21736948,0,0,0
7e19596505676c5b300bddc39792289441634f02,0.32505822,0,0,0
55e9d25f779a3ba726a9904641e656de93a1fac3,0.40467864,0,0,0
3b6468ac4f765262f68d3d289d25bea3da521c16,0.40637106,0,0,0
89b1661fde38bd12c4d83b9fbe696db0c8657a78,0.03307201,0,0,0
f054152346cbd7c8afcdcdaf55c39f9967edacf1,0.056905102,0,0,0
346009fc677b252d052e9ee22c6a4cd2be10a032,0.057557493,0,0,0
4c84e204cbce349f3c5722750561b91607d3fcae,0.4695669,0,0,0
c353239c4fd22b8991e1488ce81218b1c9769bf9,0.2563722,0,0,0
516f6889c9153a59110d3ee9bdd907e95e10cc08,0.2274824,0,0,0
7b6bf45d83c3ec028e686318b8d4f1a061723908,0.21394812,0,0,0
817666037d3c09b9138b161964b0fafc76d65998,0.44646606,0,0,0
c3b831fa7e4ad148d8e3abe2a0e3c089029044ed,0.38328096,0,0,0
5a5bbc662104afe8f020d89d6e560f2897678984,0.26116255,0,0,0
f8c39cfd773d797adc1b4ee19aa8fc17268946ec,0.43033814,0,0,0
8ab0ecd0af3932f40b931e1d84b2951f7777a305,0.45410886,0,0,0
599e57b27c19953487dfa3828432b8ecc7cb8b38,0.2224352,0,0,0
68ae60d779e3bf4a46064fc1b537057478a627e4,0.22711778,0,0,0
c600de52e107d1fd3d5a9c1aa1bdbbd6754622a7,0.32148743,0,0,0
8939061a3c0218dd3fd27f96f3e60e48f74622c6,0.40693825,0,0,0
cff360a340b48070d88a48f06e8748a916ce52e9,0.328278,0,0,0
52cfbfd91e60db255c3285c90b94cb6e3a75fdb7,0.41374552,0,0,0
ae31e56476646b33b0c2a1f03bb095145a22097f,0.35586488,0,0,0
0b683acf0a5910fdc4235d3103eccbfdebbb18ff,0.465713,0,0,0
861646b25a39dcdf79bcf5a7643bfeb28e137a8c,0.22282417,0,0,0
3ea4d5d580a78213504a4611fc7bbab58b93db0c,0.351589,0,0,0
b5955f5948a973a248731b774773bd225af39c82,0.35208386,0,0,0
09db9daa292e74b6bcff84edf406aec41ecf536c,0.3475747,0,0,0
410ab04290294dec74180043dc2aa635ca1e4e80,0.03418885,0,0,0
efe3699122699151984e8499da9d42673a42851a,0.47635296,0,0,0
d2f27093d7d95a07da901902f894d88b4ecc3e95,0.039533302,0,0,0
ca30fae3acb59a5caef3c3c21eecae7c928827e0,0.37829205,0,0,0
5ef5bd199a4e3df74479b4b363fa29b0b3092547,0.039671578,0,0,0
9e8eec78a71b7d1274043f55c9a5fc7811d53132,0.46834758,0,0,0
6a0a1876772e74a1d4a7c82669784f8bcca8397e,0.30083504,0,0,0
8c5c6b936ee6d1afb75cc2cbc151887937dbcca5,0.22972669,0,0,0
484698c5415bb578cb480845e2dfa930d3d49d9c,0.3254406,0,0,0
29a7e67999568a5c86b32ef513a90d5d090ad2b2,0.49943167,0,0,0
87f142f5c85c9a7e86d02b4599e3973e773f3d41,0.04315951,0,0,0
d664776d4cf41d7e1e46b92bd8a4e907cd3bd438,0.2967474,0,0,0
847a6d07793a198d28819731e5166f9ed3845164,0.48327443,0,0,0
fea1da48fef9e28026704e9cadaeba3e0ecbf6dd,0.08861289,0,0,0
c7a5a6afd5d2f7d8c3d518ca625b7d8a1445934a,0.3417116,0,0,0
0fdd249cadaecd32a39d25301f5242f9a92ed351,0.3056714,0,0,0
a9690db48eadd3643adc34cafd6ccc5d4a5bf589,0.17366733,0,0,0
e9a2edc877ebf928ad0c056273f64cdc861ba609,0.028159292,0,0,0
74989844d7692245f9e19b0e803d748c73e91e41,0.46721843,0,0,0
4d1c77bae99174b67a462bd5a44950ae08f46796,0.37738636,0,0,0
90211fccfc48dc36b7cd81a1ce18e1506a6f15a7,0.28829053,0,0,0
e246d2ac01f1ac741aa4673aed3d028e08a63c73,0.1420226,0,0,0
36fccb4325f924bf46babd4d8d60226f8dd3f154,0.24474345,0,0,0
5ce931b904d1f2961078b99049c293c11e779fec,0.2241386,0,0,0
cbbeae7719943308494825574a0002ea649b3de3,0.56135094,1,1,0
eec10fcf0c795bdfacef4c9933585f65f953fd58,0.49310642,0,1,0
516c38fd95fff30841f9af370f50cf1f7733c209,0.54907113,1,1,0
33c95771c804abc02223f24a0234343b93ffde56,0.33833402,0,1,0
b88dd3ed853738b8e7fe9652b953db569bf7f79d,0.46401453,0,1,0
a2ba6d54852aceda5e3bf9285730da743ef04e77,0.459824,0,1,0
350f01c78374b4df99c1a84cc32122eeeb48b036,0.53671336,1,1,0
03239b0ea42312c7b5daf4520c1ce1caaf6189fd,0.3059508,0,1,0
a428e428df2766f1d1b2b793b3f812344fa61fdc,0.38505414,0,1,0
f1a582111a26c4044c289d96ced42fc1621212d1,0.39013058,0,1,0
5c9661c300bad40cbacdb391637dacc991f16da6,0.40777904,0,1,0
daa69a5981c7c12e0af5922f0a07653446261b07,0.4978116,0,1,0
1fbb16b037e62c6af90ab89ab3ac8d3633c59a90,0.48492518,0,1,0
03cb05cebcc65b923e03fa9f41d664885bdb38ed,0.24282177,0,0,0
f4b675664a7c633bdd62d5f85fcf3f95d11ade9b,0.25432882,0,0,0
4344ff7331a4f8908478e72c5c232c7a9d5dc403,0.24643303,0,0,0
5375fd9dc55f1dd01e155af8646d1ec67bd6be29,0.23400757,0,0,0
0bc43314c1216a88d0e281e7ed66244c47c57c56,0.3023036,0,0,0
30fce9d42c5675e9cae0db0401181f84a73a293b,0.046294134,0,0,0
abf07558021a0ecc50c265dcbdc5f2f99fdbeb35,0.46344835,0,0,0
3112bc302f32a74c827d672ca84a80091b0700d4,0.5207428,1,0,0
7e89c9cc80bc3fd2aab64f25dd816c6d14790988,0.53046995,1,0,0
2247ff9601374845012558ecf5963ebb7e1066c5,0.49334452,0,0,0
76390c0b54bf145f65532ffe1e7b24639f108247,0.27200532,0,0,0
9a92b8526cd13e092b5185a59c7ff0f68a1ad56e,0.44531524,0,0,0
6ae55beb2d28bd6cf36780b4c58da41854dc8248,0.4092749,0,0,0
d681042e60a3a1e92f4c891ce9dcffd672868e7f,0.2870145,0,0,0
a793612b9e09795feb253aab9a738bd1f7280700,0.41439542,0,0,0
22fe7f3c8b3fa204c2406c3d15811b2581e1b7b5,0.07926752,0,0,0
3856d3f0a0826be3ccc6b160e740d5c7176df743,0.2678258,0,0,0
4cc3f6e7dbee9e3684884780af82822485c4c7c2,0.409391,0,0,0
4d00e14ec8d1e83533a8aeb788437568b417ca88,0.08537231,0,0,0
b6ae1d09c384b57115bb34ed94c90e256e4b66b9,0.32149926,0,0,0
11fcc89fec70aae7eeda710e2bd26d93cb3c05c6,0.2976416,0,0,0
496691bfd82374f1c1bfee8719309343c2fa878d,0.26606688,0,0,0
6f379134ae1807cd404ed6c9579707e5dc6a6df0,0.11285233,0,0,0
db586baee29fc90f79898e9a274cc1bd585b5f53,0.3969266,0,0,0
a67bdc013c9fd965abaca375b9b47554a115f40e,0.37138388,0,0,0
b745af3975a0bb3acddbc59ef85860d08221a010,0.042005472,0,0,0
90a73a4dee53129e33a552e49cb7835ecebb3a5f,0.26888004,0,0,0
31ac0e5f3594a4517ba2be1735b1219cf85c715a,0.06202255,0,0,0
5499fa02b08b8546827a1a055c5af3f0245257d9,0.30348298,0,0,0
1261172afdae9a4b15dc9f691583261a1b020ccc,0.3716119,0,0,0
64573bb2e0bd2c7a7b1282b8a574a4796ae61609,0.05588159,0,0,0
b09b95124bc27f39e27ecfed90ce40947bcbf663,0.041064363,0,0,0
5481dd326025de2da7d89089cb969759972e7a8c,0.07742055,0,0,0
992911d0fcd230497ee3fc50dcf49042b7372a47,0.045689058,0,0,0
d0595b7121f57f1f49fe7fdc384479dd73ad64f5,0.068854414,0,0,0
cd1d329dba95dae161317c123269c24282001a66,0.06543387,0,0,0
3e3a1388368e8e4421fed0b5222904d40a8805ce,0.41626444,0,0,0
9f5af267e8c143e16f8b20fddb02ada096ee9df8,0.079265356,0,0,0
f8a7156259dcc1b3321086939234d80b6ab828c6,0.47051665,0,0,0
661008f8238acb71301b172a6aa9aaa8114d0c9c,0.27982983,0,0,0
469cf4d886f9a184168ba2d179899a600725d4c4,0.39056927,0,0,0
12d9a805a6df7afdccfac94a7061d369cc986efa,0.07963166,0,0,0
e83b4d8484cdb3dcef44ce3aede866663b526158,0.4053106,0,0,0
ff0e842058091b3310340f51a130a65a1cf6f725,0.38623014,0,0,0
a123142d947dbf38fc053c29291b555872c91ff2,0.20708632,0,0,0
45b5e0cb3a4a499ff8b0594c082d490d7b7b7c1d,0.2834987,0,0,0
29ce3e0e9ecc31a5c3cecb19246ff978fc7e7c20,0.30910853,0,0,0
3bf9dad70ea4b93de850312cec2681f3242280c7,0.065691635,0,0,0
90d775ce2270c35a7c514f5638b8a3b23d5a4f3c,0.43519783,0,0,0
0194bb8ca57e5a4a3fd5fe3c39b0ccdeb4711043,0.38647148,0,0,0
f8e33e702ca0570076c58eaa7a83baeefece9553,0.47257507,0,0,0
6c203ab46b24751c285f021caad9d8969cf2f45f,0.22056857,0,0,0
5b56985334a63d63cdd9bbea30f225013302a7d3,0.42486015,0,0,0
bf0dd95b52e0627c10c072f8b05fbad3f86fda71,0.36533034,0,0,0
bfbe9966ab45dc4787fdbc55735241023d826d95,0.36778107,0,0,0
69f38e81872d70705fd7919df3d771f28c22dadc,0.055794448,0,0,0
c5c231e643365485c5805cbca81070a51429de9c,0.31949043,0,0,0
96531689d341eb26103356410280447e94529b5a,0.5316347,1,1,0
da7e55cc7aac7cb806699d234dbb90a455c21502,0.18046774,0,0,0
6913193d33ed83bcb98cbdb94ce410069ce2513e,0.10062896,0,0,0
7f65af524d6b7fa43743a3c5593c3c57fee3e9d6,0.31200093,0,0,0
4493ec15a72045bcea25a4c6c9b4858ad5448b7f,0.28073406,0,0,0
1f207424031bd81af858ffc98e64152b3ce2f22c,0.04375319,0,0,0
cf9cbbdae44b88a7cc982765bed085b434f4816e,0.34056428,0,0,0
00d9578b74a107e3811c407ecc3da2bcdb166f81,0.051747177,0,0,0
3410aed6696622cb6b7b8bec088f9a92ea55227f,0.07366088,0,0,0
8d34352d3ca40ccee76e1473d3e132f7bd8d4a62,0.1919846,0,0,0
a04afd1f20290d0097b1ed9ef2a4f476e0b79ac0,0.050932188,0,0,0
825419f9128cb7bd01ca31b0179bff96bf1a5ce5,0.060658075,0,0,0
6215969d2a1f8d95667c208af868758c8636c234,0.29567322,0,0,0
79f997c1d6976f5327cbe5e80676a65245d961ac,0.40323457,0,0,0
4ec3674e06fd98a10de28be7ba6c6036e64116fe,0.22476584,0,0,0
6eed45b023ff3c609ef423f28fc87b42d0614f79,0.22161542,0,0,0
002e4de0d68ffab9af339283f02659472a1febe7,0.04882443,0,0,0
ef8eb3d269274d2e6e4915875d027ada1efa0470,0.30047953,0,0,0
78b8d323635b47f68a93da04f04d221f3412d9e0,0.28148663,0,0,0
055cbd0d42dfec901c7b2532f7a71f937b1d4756,0.05098638,0,0,0
771841e493ddd9839a4c029db6b217fe19968148,0.28494853,0,0,0
39f6f7fd6333da2b983f7d9001a7a51f31fa9434,0.31270754,0,0,0
6bb1b9a7bcf9d4d1aa0f4c12bb0cbb4cf4e2cc71,0.41348338,0,0,0
4824774675ec1a2c9e7b1469dd93a6bd09854210,0.2828413,0,0,0
717800fc588389b143b5c8ac20a0289a9217715d,0.23600301,0,0,0
0471658da03f5b01537153a72c0ffa7132709900,0.14650032,0,0,0
bc69f94466efb770e78d1bd89a8a1bd460fc437a,0.28808588,0,0,0
7a4fc498fbe96e83af20c5d0576c42a761fe3d95,0.28157085,0,0,0
3e438a80fc5ae21862125b13e9ada9b5c30d27cd,0.23127696,0,0,0
15b4031ba94a60f20b854e6ce2c7964d77086387,0.1976735,0,0,0
543970edafd3f8e08d945612d09663060718ae94,0.46564817,0,0,0
80e4a06124a712fde81bbee093ba2ddd71851c93,0.44721383,0,0,0
454a82cb2ad2853544e641c8c80f5ed34bbeb1c5,0.034444373,0,0,0
a2bde0190da2e32a5925df5aae1f2c37a4498bf0,0.10311874,0,0,0
f9dfa3fa6b9a28439f1226c202c41df9fe2e4380,0.2670074,0,0,0
c50da916c252ab282d978da3f114b81d91ec2912,0.32198614,0,0,0
e0bc1afd7878a91fbc30e79941af8a797637ef22,0.1022521,0,0,0
aa75d3aebeb30d1bb3ab0ecabd60201bfb3aaff4,0.27002308,0,0,0
76f12abd9d81587eda4c50e7816c75607b4b23ee,0.2529866,0,0,0
9900d951d41ceb438be79b2bf1822aa6cfd1f37b,0.35375237,0,0,0
f6dbdcf3acc3009f3ae17d607a2ac898e804395f,0.3682721,0,0,0
110084e432a04d061d71768c23f500f283081e31,0.32688552,0,0,0
656abed01d37434d69881ca1292dee710209bf51,0.33532923,0,0,0
d6d2307a9ca0ecf8c540b3bf7183de5d550ab099,0.334537,0,0,0
801f4f4b10c788212d555729d5eed92ee1a02036,0.32929146,0,0,0
5fa1935c52f3866f0675e9fd64bd04d153b9f225,0.38038254,0,0,0
d728087751d2e6f19504876d7a3f40ee7b1f4d28,0.2693084,0,0,0
e0fc7b4dc80a31bffc8c8f87a2fe4153e6cd0cfb,0.34584713,0,0,0
5b743d5e7270fa41de8b4fd6ced0d82a6e38c38a,0.4869408,0,0,0
dc565c4fc02421b58db9c0f0cb9bfe767d904216,0.32962295,0,0,0
ad56c3889328fed27f021bba3f071f676fc4ffe0,0.063396126,0,0,0
47e13b0fa2ca7fb11e52abd429d538c3c9ab07ed,0.3455278,0,0,0
97c6c963e2045def1f19c650f638b304f6464c19,0.35565275,0,0,0
0b7369cbb67e46586e9e031c693564ce7ca583c7,0.3536613,0,0,0
2fdea0d5f462d48a97aaca3b987a716ca2934f24,0.23691809,0,0,0
2645862ccff2183b731e7d6f1a66df6f2b04a99b,0.46901757,0,0,0
27df5e894a2133e122ca7e78c5de45d26f7210a3,0.2729488,0,0,0
619aa9bff4055f51df04f5f837605785a998e9b8,0.31711328,0,0,0
4c55341a48427f7bc0ce30f0699c673f7e69f63d,0.4276269,0,0,0
27ae87a59cb2f0d06ea21d4a886f3afb9a14247d,0.3866681,0,0,0
962128ce971b2edd3fc9e4a85b417fba01a0246e,0.4184243,0,0,0
287254724ea66841b932fb5f6d8cbe37b04eea81,0.27278373,0,0,0
2b0fdf8fe719f234635f652bce0a5b2abf03bc4b,0.0573552,0,0,0
75d8364771414b52179e7084cad838b6c0a0660a,0.075756,0,0,0
1fdb3a719283209e417d57b2d77ce93540de4cda,0.42300087,0,0,0
174f3ef3f43b680468d7535d5fa8ce3fb3a4d113,0.24851698,0,0,0
8ff705130a6c360e7d2009cb9f1a4d0a307985f5,0.19394572,0,0,0
a61f3728d4e2c6454dd0069148397745b6b3a5bf,0.03259854,0,0,0
f568436033fac9fe4dc9b38342a029f20c79dc96,0.24351922,0,0,0
c0b874406621ebda3c44029ffdf0f6017d6d8c22,0.30122998,0,0,0
52ea3c337615e386507dbafa686d1f02c03a4c82,0.29967353,0,0,0
8688adaee68dce1c54c05b44946635973b37fa06,0.03640151,0,0,0
27f467b4eab7864a4ff799fb2289cddd2c45d30d,0.41949317,0,0,0
1ffdfd2ad15f4f62b9474a2ae72f2ad0a42c6a98,0.030745355,0,0,0
24c8eb250b9c7dace0efe91fd1f36c799b174606,0.30867916,0,0,0
060cfeb90df4fda2d572fa63225c63e304c8615d,0.32797548,0,0,0
3ec04d06cd96131c7d2a508e1526a07f33efb490,0.5813133,1,0,0
ec3d2af993826b57cf47446d809db2c8b49c7a77,0.39629164,0,0,0
f79ba553c602c9cd1a673c30db79edb6b38f0db6,0.5795814,1,0,0
3e6117dacd54430e555a42a5fb8177f4553fdab6,0.5839698,1,0,0
7ee877a4db8c6d6871444abab28e95e9dad7c932,0.54445964,1,0,0
00c3c8dbf20322d372ebdc28c2b9fc25926a766d,0.3153528,0,0,0
07c01318ea4ef19ede234484ed102f94391cdcbe,0.036514655,0,0,0
f56aab06534e643ab1e413c36e367fa25e24621f,0.45548877,0,0,0
6d1c4002aad95031c84bf3bfa777852492d23fa1,0.47372198,0,0,0
7e3c917567dc3163c2228dd01e4ad90dd0b76320,0.41435263,0,0,0
167676d596bbbfe82a52f0dae6847cad025dc095,0.35832682,0,0,0
9c24b00d32acfba096d8b3fc12168bbe0ac4ef55,0.4814559,0,0,0
0e6578069293282865a3dd4843d4f80f52476e7a,0.3394942,0,0,0
81e60b1eb541557f5be44e7f663d5a816fa90227,0.031237898,0,0,0
e25b6fedefdb1967fee9f64e0d0242d6472ad828,0.38498873,0,0,0
7f8236cfa274504e0f59b95285e7fbf2efecda90,0.43618184,0,0,0
ddcfef13549be8395d2c9339632b3ebe80363d49,0.5440639,1,0,0
4a5aeb1abe8ef10eeb5488e04e688e2daaf4eedf,0.36786994,0,0,0
13ce8fe63c8972c54ca717055c231bdc487d479a,0.3607603,0,0,0
8c12ad11eea80440bbe691cb50531c70f53cce95,0.03776492,0,0,0
692be5e1d4326c6e505c10e8dfc3adeb7958bd74,0.20667343,0,0,0
a733b7a87ce7abc0da33a3d56da82b72407683d8,0.32884598,0,1,0
13218943435188789ab706c2d97da8e2aba1770d,0.31908968,0,1,0
581baeaa99864979aad55bdd45f054c8a53c341d,0.33797625,0,1,0
80fced6db6c15d7833e2c06fac4098640ff4c742,0.5659179,1,1,0
0ff845a477db67a485e7a8c1cd8265e520bc8c05,0.5679242,1,1,0
66b24cabe95485abbe4398ff468a57e5ea0e3cf8,0.45365033,0,1,0
5ec70549ae7e7d2eb97d3d56e696dbf0cef7ca35,0.5455557,1,1,0
82c95c5f951ec316a717d72a46e9f1f7792dc818,0.24826229,0,1,0
0a4b1c3b316335a1ee22ea86c28c1cd58b1bb583,0.3255404,0,1,0
3b700639ef337839c69f45ebeea59dcd061d09ca,0.4060512,0,0,0
096155dd316ed242fa3bcf0ccffb207a124e1e4d,0.42167744,0,0,0
cf5e503db4274fd2c060571c982a0fba8b00c09c,0.28208622,0,0,0
60431261912586b5fe0cc5c8b4206e711cb0639a,0.36549968,0,0,0
ee8a2c9ded95d5c77e4e43a2307ac15322d96d3c,0.31766078,0,0,0
89fee834756bbe6d9e060376f95188d66789b1f7,0.08998445,0,0,0
4f804f78e5c0458ddc6dcd9350edc222a6e1a4af,0.21826509,0,0,0
2468492a1aef370c66a6636f976543212371405a,0.27774325,0,0,0
44b5e31cde3e53b3cbeb4ea5b61728d9284d0e31,0.25821418,0,0,0
a6c881f8c42433b49eb378881b9bdd63a1a52202,0.043473095,0,0,0
a780f35fe5d27eac0c0c8aa95eeb22d1587a1687,0.034475874,0,0,0
3ddfcd62e2a1367391595d2dbc182f2dee8d3651,0.3395508,0,0,0
8db6323266dabbddac15052cdafdb02cf5788908,0.35209548,0,0,0
02d88008e65c7b66c91b46ffa80a0692ab156da0,0.308639,0,0,0
a8f8bb545769ebc2dd0adc2071203236870b3f18,0.35226,0,0,0
adb5bacba3fb370e84c6a8317ac01b7efdb011da,0.18503018,0,0,0
6c0db77156cd67b5efb0e00dced7e2daf055ddec,0.34760702,0,0,0
4c2bca77a04633496d7670c00dcdafb787606243,0.4460524,0,0,0
873d9776d7f3e506b8e67721b47315aebe16de67,0.4496588,0,0,0
bcd3845dcc9f26c5bac4094fe6323f03ccf6d87f,0.45105243,0,0,0
d61ec0994e594f0c514c1739e0689f2595d8bfd5,0.3610932,0,0,0
c5e9745b8301bde2bab0e46bab2313423bda7910,0.50130814,1,0,0
8f5c5e892b907ba7d05c2cf5f4dc7adb2dd2702b,0.44343036,0,0,0
5b1e314826a40490ce38b532c4ad36fb01afd37e,0.43931577,0,0,0
6912f621d22ce66e8b94710f0decdcae3354ca76,0.38862437,0,0,0
d2d23c8aa02960549451c58ed3f0e84fd5ab3821,0.33830127,0,0,0
2e6a9131a07ee0e8844e8e79e84460b7f56ae646,0.059406206,0,0,0
875e98d3fb54def645b0339fb43ddc26a72e14cc,0.33886394,0,0,0
40b6fd273de1cccf752fb7e5d1a8470eb5257a9d,0.4512703,0,0,0
7517f7c33543c0232e002ff541db6e4e3a68f52c,0.27307346,0,0,0
93f189e8a8166004e8bce70bac3041a84e389883,0.0588871,0,0,0
38ac95d9bb36722fb9b3e596911aaa7b81caa9e3,0.060382478,0,0,0
b8d387e57c79b252a1ec739c3f466892f80ee49f,0.25775775,0,0,0
90323aa9f6c1cb89337b60e966e743bce82a6fa2,0.142087,0,0,0
36156fcd0e07726a8883a0825799734ac0058559,0.27296183,0,0,0
0970e8f84e95d8662a826f8417141e3feffb18ae,0.39055553,0,0,0
7f1ab60f7c1a30eb09cb06f23d6f010e3a187274,0.049832467,0,0,0
1020c3985dea224ad0ef885ba6d8dabb48816c5f,0.34809658,0,0,0
332a7ffebdb4c69222c75ba1b0a5b462a0e8f467,0.26060387,0,0,0
e91c5e4045a37afe8ef5bac994f9e6f2cd10a9ba,0.26735762,0,0,0
7a401a73688b72f43e4c70ab1c074a3e710b3b53,0.3700977,0,0,0
cb5c4dd73597780fce451e1b643c9b25d4ce7b4c,0.39666605,0,0,0
b6c2d3fd1f70e51aa88f8d12aff006f6b390deb4,0.40699017,0,0,0
9138cc232a21a24e07dd89cbf43b684dced80c00,0.4065863,0,0,0
0916ce72d8cdc6b4dbd213117ecab6f7cf8d5bf1,0.21250062,0,0,0
b45826e3888ec7adbacb4887f4ae1da5520b9d90,0.23102619,0,0,0
965aa7f4fafe59c4f0d09f96f98bb83adc2187fc,0.29544628,0,0,0
bb8acac034b1fcdf91a6b1b066d33f3e38a4c117,0.34018338,0,0,0
ad76167a8ceade7e58ce0ed8658bdf22ea248904,0.41837305,0,0,0
d1c0b0c922855436f3ff54feb822349e97229d78,0.19955152,0,0,0
537607d90533283a42cd1c5bb8b75b62cac684fd,0.4792803,0,0,0
50ebba3d096b49c3d6856f9cda1664be55c222fa,0.30283603,0,0,0
7cec158bc9faa1d2aa267ddd6a02790ac1f2c3ec,0.47887552,0,0,0
2b6f5d7ed93f9975b11ba631eb2f974078c7155e,0.45416257,0,0,0
b829f1e92cf347184d6d184d3c17babda68abc79,0.3353536,0,0,0
f11bea50aa42035f426343e1d0e5058e75e0d928,0.045269538,0,0,0
70a9d5f1e7ea844758ce3ed9b4f5e46a7015431c,0.12436066,0,0,0
44b28a38c3bae21d0530c85b7ac8ed52fe3d8fa9,0.04968648,0,0,0
e9fb730f64a372e05022034429d5450537341a22,0.33914393,0,0,0
5250af878ef0ccd0612cda08e88d341b13dd9f56,0.449694,0,0,0
33f3cfdbd24c4714f8d6a7841430127b33c89118,0.118122526,0,0,0
7b7341a69bd379484d8e073d979b3f9acb465902,0.43321398,0,0,0
2d14965b4eb591ce9e0d6f0557197bc20926171e,0.3810555,0,0,0
1a867ff80af1fdad617d9b5066966b65f481742e,0.28539515,0,0,0
aaa1a0f7156df819896da55e51e17f495717f33b,0.049799174,0,0,0
caa2a94074b6e45fd4ab631408d3d6dd39a1c1fc,0.27293366,0,0,0
b6ea863a2667310b470ae59413204ff6b2719ba9,0.14519861,0,0,0
72a8407bb1272e0b6efe62a284cfb8d9ccad1cf8,0.123061486,0,0,0
3a8a2dd2a4e02616c54804b58250a6b51f9ff746,0.45211634,0,0,0
91b3989b803ac85f06a39751ae282cc5b88d6415,0.059440684,0,0,0
267fc4ed3f2d9f63921f07cb5c12527eadacf73f,0.12111927,0,0,0
f49c113d05845093aca46c22031617a5f2c4997d,0.29640207,0,0,0
4eec965458c88e4cd08783da5a30d775011fbf82,0.24909157,0,0,0
e581de2f71fdfa4b51d024b56bb38f1c70e7a60f,0.03593292,0,0,0
ec767ef3ea627c18a6cb788551f8709d2ccb1cfb,0.21447682,0,0,0
486582e34e95eee6cd9a59c2dd8298f2f39fad09,0.4540487,0,0,0
0e55dab80c10fdee37d2a07f664322fb774bd3ff,0.314333,0,0,0
2a0af129ef96830e46a75eb31464646a8bf3544c,0.4731787,0,0,0
732ff44a4bb3b41e30139901869fa1b72b7c216f,0.36643267,0,0,0
9f9ef9aa0b0063215cf0e6526768fd4bab879ec8,0.4253909,0,0,0
1ae31c786079e0b7eb6585feac71c80baf224a9b,0.32362926,0,0,0
be37c2e2b103aa83de4ccc9aa08c3aa4a1da6c24,0.31670865,0,0,0
90375f06cf8c0154fcfb792aef471964b3cee042,0.36196485,0,0,0
2bc7921b2f2b479a7a391a51054526b716f703d7,0.045145087,0,0,0
00c1cc0cc0b16daaf8b284ac0e7e9328caba5022,0.30236864,0,0,0
1d3cd1285a9f875a4b00c7fa609155288d977c3f,0.4380083,0,0,0
095cc25a6b7bf9b9f99d6afb41f44d41cb41b8e6,0.37952846,0,0,0
d68ceb121842d109b3da0f932bdc8f5b94253f40,0.13877837,0,0,0
d6ae360653de7813c0d15e315d733aaee372df3d,0.33447823,0,0,0
fc195c451f817641319a2668a534e01cca088144,0.3294602,0,0,0
75489a661dac6b1823be5804b78d31023e81e509,0.4311537,0,0,0
1ad2965a54a325d7d11d7daa07d38e0ec575e505,0.032661214,0,0,0
83b8f7860d22f0517373904e9fa7e41e9e23add2,0.0730546,0,0,0
883b6c3b3969eb7f293ee0fcddde528a161fcc89,0.066390835,0,0,0
688f9d20a0ff88c3349f73d8cd912959fc236e4e,0.41672945,0,0,0
cd31d7a1e4ced0ec0700275441563b235c236f95,0.11437313,0,0,0
9790fd24cb14e8861576404587eb2907dedd6bfa,0.3543789,0,0,0
80888f9c55abb7ecb18fc342cddc973ec4f46f70,0.27779996,0,0,0
a6d1cd29574818dc220a3751a9c160633f2998a6,0.3246976,0,0,0
2badad205dd69a9f82edbe150ca5437b0ac0d16b,0.34389937,0,0,0
5e621cb6739ab6718831e6650495096f718b8014,0.2837363,0,0,0
13fc1eca0a4e7e8215541159b93a956615b1c6e8,0.039170172,0,0,0
feecf333cacd2edfa06028db62e5d209f57f0dad,0.27989754,0,0,0
3ac59a1df27a7c34cfda89f6a84b8ceb6f430fd4,0.25516617,0,0,0
55cd95f277b1a6f5f50d0dbf064beeb092fc6019,0.34352386,0,0,0
98befb689ec8a5b034a25bb9936d63d44223acfe,0.38171804,0,0,0
d80f242fcc1f9213c179b4651ffd9b9b7f634917,0.40039605,0,0,0
0cca1bb8bad342b3f6fe085ec6807187faf4016b,0.226559,0,0,0
2c08cd5f0c1203186e9cf67a4c9440b77d54117d,0.33606908,0,0,0
49acf7f8a5caad67560c82043cc1f755c0eee826,0.47262254,0,0,0
02852f48243245666c0ccf4d0b8dd455d2747fd3,0.37795976,0,0,0
c73f626405dc91058ce5cbf4f87acb23384188b1,0.54673487,1,0,0
c321cc96e9b3666035524af0c17767ed8e865bbe,0.41900703,0,0,0
806ab4a928235bd36fab40e23bf450e1db5a8e9a,0.030678902,0,0,0
871c1c1aec516d4d70854e4ee929866bab981a64,0.058428418,0,0,0
6b70a706e2d339ff3b689dfef7441c28d290f725,0.0590631,0,0,0
bb2aeef4bc11b17be9233572b7afcfc3da04b887,0.046709333,0,0,0
e9b70c1841c5b1c1d771bb278b34a17ce31eaffa,0.4550134,0,0,0
3fc9fc01b08334fdec57f18b6f845906246936fc,0.48537782,0,0,0
6d030727fbc3a61ed47a6916074bbeb4ffd30b21,0.3451276,0,0,0
26acd219f08cf99be718f2bc3127a41dc33df6a3,0.45074046,0,1,0
02dc8c7e77db316553699f0e371f3e7803d3efbd,0.48346165,0,1,0
f7c09b93c2386c6928a082e96d1ddd0925a19092,0.43398827,0,1,0
aad6359c39d59176c51e0d4e5ee31def1bc10077,0.45218107,0,1,0
50a7fdcaf8fb9a684a96568ceeb8643b4941c475,0.57919866,1,1,0
32eeb20ee9096257520cded0d1af33d4664f8619,0.25805852,0,1,0
27830ee8c22d74464fd3cae4e662bf0ba97e887b,0.5857526,1,1,0
59ffcad15d220c2bc1f70f01d58bc31dec04b423,0.46122393,0,1,0
41dfac731ef973b03f70d8f9c01afc67bc5f311d,0.45131946,0,1,0
199dd8dfd1cef867ad8712c7565f090f81be0e7f,0.37985718,0,1,0
61bfd7be89e97e204caea839e37c67c6f837a710,0.35697985,0,1,0
8d52f694da0484cb2783a8b35dad845322af0c07,0.48086825,0,1,0
750d338864a92521f4daec993af7ef0aba9d609b,0.25421214,0,1,0
513f20ad26f2e940e9224be387eafd5d9c58556f,0.2765129,0,0,0
bdd455596c53a97ce5edbf616a30f33d278ae41f,0.3396152,0,0,0
9b24a71e9930d7e929f9413c769ecd412fe830e9,0.2528267,0,0,0
def9299707ed1063d249559f0182f0fe559d33be,0.33454224,0,0,0
baba8cc875f5b197c08123b2d9add4cec3772300,0.3305636,0,0,0
55d3cf0ae5dc7b6f5f9f60bae65c1c5abf196b18,0.048215684,0,0,0
19b55afedf54bfc9e3b08c1636251339b2be4c42,0.102978945,0,0,0
a4fc3e9b714e9c91768c04f6268179ed582dd922,0.3388702,0,0,0
84ca5c79e31dd177169f4c074da5cb98fa1cdedd,0.14994496,0,0,0
9a9b83857fd20c38a520642553c9106de548854f,0.15662809,0,0,0
cbff61409d719d08c711baba4e89e03e2397df79,0.25819445,0,0,0
6b47a571b665934d81ea8b3d000a3b56ed1310e5,0.258518,0,0,0
00f2cbe0dfe83947126fbfcbb6fa186899b555aa,0.26568502,0,0,0
5a62c007b8b791c025cf2d4d60bb6da1aad86589,0.34281793,0,0,0
13f756d83675e7bbdf62d3375cddae8bf4bcc599,0.33599058,0,0,0
27c4c88da63eeedf546d6a4df5f8cddd43069537,0.25892875,0,0,0
5509eb7e31b74667950d30d166c77428061d6b4a,0.2701775,0,0,0
c0eb48f7e83987c5ed112b82f0d651aff5149ae4,0.36420402,0,0,0
071dbe7c211380bd4bed252c9b7a767279d112bc,0.441763,0,0,0
82ccf0ccee1b0981198fa67c1899b38656c0efc0,0.036999483,0,0,0
6262740b678153a5f8a4dc2774f51f0691167e87,0.08888666,0,0,0
0c429b4b93406ed5e5877b613c96ff8d81410330,0.037438586,0,0,0
0663e3e8c502118313a6c577758912c326bc19d3,0.09782409,0,0,0
c8bdb9433a203f585ca750f326678423cca328f9,0.03319481,0,0,0
6feec370c38a8776be3f0cb17efa720750377b30,0.05025027,0,0,0
e8db278a29e0b363c8fe22d2cbcdd7db36b614b5,0.2094456,0,0,0
d4e1ad171208fc1a63de63b4a7e4c08e43edc41a,0.5805689,1,0,0
49f8c2a817f811bdc9fc3e7f550a8e0b13503e7f,0.4245141,0,0,0
67325cf97946f053da51dd358a9ffca0a9676c03,0.06142097,0,0,0
0bfb0f2b5ec98b5fd85dd5ab58c6a4dd3c0a821a,0.10997044,0,0,0
2bbdd4e503e69fc06c5d371c15eec14258eac6d8,0.09902811,0,0,0
6af248a09f5ca72a7cdbc6a0c0518026d8963149,0.043847293,0,0,0
c7be7b41fb1a8da249ebba27df1b2f0f4ffcdb17,0.2040171,0,0,0
1ef212e0629d8b19a3b974cbb428a1f000f1c540,0.42306653,0,0,0
56708e632e69a889eec8bf926bb3551ad53ded86,0.053256594,0,0,0
539869352a5f4183028a3e6b33b4e002c5053ba4,0.048117306,0,0,0
6e6cb12471757b4d2edf8ce110855fa6fa7c7329,0.32433173,0,0,0
a5f85b0a383d9983ddf0dcaeb744f7ea6b5c27b7,0.03017869,0,0,0
3c8b03103f9a120be50b9e81f738ec1b903336e9,0.36049607,0,0,0
ce81551eca5b514ad588c020f9e89ef0b9da90a0,0.2894789,0,0,0
a053fefc0e9349ad5e97ff2353e3a8cf6873bfa7,0.042901754,0,0,0
8700816250e849d9f8d0fc402b090aec6ba7ab60,0.45796284,0,0,0
e896a18f4c92b81837982ae7d678a8618d09293f,0.048853602,0,0,0
dea25cad0dc2fe6163dfe78dd0d54a385e2ac676,0.041832037,0,0,0
6c870782ecd20e5d460f8454fff316834710d4f2,0.18720245,0,0,0
2df53eb9e85e7151b0115e3d293398f4b8b6a2b8,0.31723502,0,0,0
2541eb43d2716599ab687bce2a61751a3ebdbe9d,0.03857338,0,0,0
e191b9ca9486f2b4273ed5effba490c27a096ddc,0.3534101,0,0,0
35ea189f533c703906d9f770dff684c4557b18a7,0.25016084,0,0,0
afe78a030b57e3f74825e134d6615ef4878778cc,0.12357568,0,0,0
76e45d6a50da6228c44b04a565dca96432c4b197,0.10687391,0,0,0
5d072ef89fbc2532f621a5a0b4d6791cb926a997,0.04932919,0,0,0
b9c2c119c18dea618854e43639284a6eb799c925,0.30978593,0,0,0
e76397c0c7f7889f82a0a59203ad16a673f1e704,0.45473868,0,0,0
b34408aa82918b6fa8cd4033921d0331d8ef2b5a,0.14188965,0,0,0
57f493adef716d49ed1fd2f4e857febfe0a48aa8,0.048110783,0,0,0
84dcf5f3e54ee40b806108a713fd4c334900834a,0.48410398,0,0,0
344403579a552b26c0a1ab79915b7c91aac4a13c,0.049564477,0,0,0
a9159aba0efda305e6985f904072bfe82ee2a1d1,0.20108831,0,0,0
ee4ce5f4ece734cb6d3d9f0e215e42b565290fdb,0.032014962,0,0,0
c65777acf65ee83967ca394adb6619330be9790f,0.033921227,0,0,0
699d6f0eca65837501d7ab7a92ae2c614f8e6cbf,0.050809737,0,0,0
109a55735e2b93889e6fcc5d8b867451f291e9ef,0.448849,0,0,0
9adf0d7f6ebd27aee0124c73037085abdb048748,0.100185305,0,0,0
fdfbd85433facd2259fa8bbb45bfe2e99bf9f432,0.047284007,0,0,0
c3a83486048dba356a8f6638c5cbd1eb12a93bd3,0.25882545,0,0,0
e23402c1dc133842c1acef0a2d7cd1f386647de7,0.089933954,0,0,0
718b2bfcb7b5d94b6def4d7e89f6ebc49ff11563,0.19554323,0,0,0
22a39cbc721d5c0391dea1ed10e5350f917c79db,0.22947165,0,0,0
b38438075dd34fcc19c8df877446e4014ed8579c,0.23695567,0,0,0
87c5e5377589c4fbbd499010a27b1e345ec38224,0.06509981,0,0,0
fe265088974f937c8a9626052dd5d29b1a207dbd,0.27517977,0,0,0
7b1b3624d78e659e0bf80b061756d8c6e08640c6,0.24487087,0,0,0
b2da444800d4c5d472da58a6b776891621d11718,0.34429273,0,0,0
76c4ec233c1a61b1f46df6d6847b889c0a7a978a,0.40907297,0,0,0
1d031d6eb6e6861f38e228bd587ff74e7f6fcce8,0.37894157,0,0,0
426cd8c52ef1732ad3a57171429bf7704d80bcc0,0.19063942,0,0,0
24df623ed69f86a13a2ec453f480a4e3f93b04ff,0.36457,0,0,0
14a08584c7cf63dfadddaeec102820f9de901c60,0.28729907,0,0,0
d9406824aeba0e977c0692971a6dbb2e62823886,0.37483734,0,0,0
6c3a1bb78c3e92fded50c1c1e9f4c3e2e6e9dd4c,0.29201156,0,0,0
6aa7ba1d927cc57769d4ed589326053849b235ea,0.2617834,0,0,0
3206b41cc6b60ef2854273ab0eee5e406f9f6efa,0.22260766,0,0,0
c1d92d87157b7d5a27aa989eff14e302e15f96d7,0.42915478,0,0,0
842bf6f447aac7d05c75c6143a5affe9e383b3b3,0.43734705,0,0,0
eaeffded81ec88f4d0e7494bd544821412435ce8,0.030346276,0,0,0
59bc597a256f0146b5bb05d951ae2d84963cf3df,0.33364174,0,0,0
81210eb267181b766acaf201a424a80d96bb5bed,0.1545327,0,0,0
209976ee53c9b584c013a9b0b21ec98ef733c6f1,0.307968,0,0,0
5e3359388b0732fd1b3d055036187525eea76521,0.45458692,0,0,0
ab2aa8d6fdcdf5b3d326e7e86ac9d045f4859e98,0.33779374,0,0,0
d6beaa363bca8324c7a699ce797a89698d49ba54,0.42689982,0,0,0
65e1c9c38becbee2f84d822cd65fd7dbce42b903,0.30743915,0,0,0
822bd135f3a54b8fbeb23c313535b13c18198c3a,0.5004062,1,0,0
a7bd568249f9ec20b69b2a700da6a0648e93a842,0.1135154,0,0,0
c5f2e40e7a8234fe48e08d451d3152ba58a03ac6,0.053924497,0,0,0
933796e9330ed5043ad8e76d9fa2cb8b1d3a8e3a,0.34076828,0,0,0
31c0d3a8e94b1016843596acea17a63bed9d4558,0.08710361,0,0,0
e95134229b9066aa2f1d312a53f5a670d271dbfa,0.2947304,0,0,0
45fbfb82fd1f5168a7183e78ece89da7a60e21fe,0.30335873,0,0,0
d675cd1362d502de0a94e0ff4d10e9c4ada579e4,0.34038112,0,0,0
f5c46b9fc80754c601205e6ef13c5b7e9a5003e2,0.039656352,0,0,0
722a5af4f1786599f22e91a34af459883c7a6a8b,0.3637925,0,0,0
5411db017b093f0995a9b7807a6a4dabb0f1e0ea,0.03294893,0,0,0
31e141019010d27dfb3c1a1fb712433268b520f0,0.04364904,0,0,0
419ad3e4aaeb2471c86eec1b6799675a70bc12cb,0.10177139,0,0,0
d357d9d563c4a34fa2ab3cdc68221c851a9de4f5,0.29810438,0,0,0
bfd83b00eb5743ad4ad0d24957f84b61ef9f5f79,0.063003965,0,0,0
3378280035f388157e007a06f7fcb74698b91e3e,0.11916373,0,0,0
41a3e9c52d52f60d121ae99d281881a55e006bca,0.37567487,0,0,0
a64b4cc5329f2275a5513b12622863e99a803a24,0.10571695,0,0,0
c295a589777a35730c90b26f28f7cc938d4053e3,0.21664745,0,0,0
c29e08e98a4d1f12842375cb8fb259b8e5054b0f,0.049438614,0,0,0
d4f28d7ff397386b208823c577180938e15769d3,0.3400623,0,0,0
936b820a4e9b9f96661c961bab87e4ec05ca0574,0.40105084,0,0,0
92a07f9aa109f0f55af963f86e466c80718f9466,0.03335381,0,0,0
8d5c46f420fe3f7365579aabc8b40912a3610957,0.19017039,0,0,0
5899f1eb7239ea26291b9e38490f5922b86158d8,0.40435016,0,0,0
46a2c6bebe30989d51d59e14def38a82e8edfd78,0.3126559,0,0,0
4d5e45cdb44f61202ce439caa3d417813375f9b7,0.04598529,0,0,0
51eb5df8b27103169878575cb421e3181dcfd525,0.13770267,0,0,0
9198e9498fbbb81851048d0eb71251046f16987f,0.027623227,0,0,0
56c60017199b255f38843e33beef95e8d767a10a,0.027284171,0,0,0
73202a1e336eccbf9928bcfb5a780a0b97a49680,0.036786746,0,0,0
bc8773df85d2db0d2d5bd99aa69d7e7c795e7aed,0.032039493,0,0,0
25f3713d9280abd57a49a9979a23d4ebce27732f,0.03100838,0,0,0
2a31bc5fc0282cbeffe8e41c1c8c576314b4eec1,0.030664233,0,0,0
e460f4f93817bea10b2fba8aaddeb892421d2668,0.08811003,0,0,0
36940b6418283806ed10292776c9c4269923e1ca,0.37583882,0,0,0
72499caf6f7905122c97987953a313bf1c95901a,0.17830868,0,0,0
bfe3c22bc3e866fc499433faf57a9239d4f6e1f2,0.23154417,0,0,0
928da12b15c987e16b2481c43614c8e868be1c04,0.25825554,0,0,0
5e223a403e65992d2d18b1b8cab5da2c6c1aa37d,0.1972366,0,0,0
7379cbb2fe7b69aa871127e64a51763c445a570e,0.04035696,0,0,0
0cbb22ddd4cd4bd356dad0e8dca8dfe1080aae0f,0.028498814,0,0,0
d8e8908db227ec91608b386a65b5f8559d92d8c9,0.28018764,0,0,0
06033035f09c662020ffe0300983697c78d3039a,0.08671543,0,0,0
dcf6e82f8610b89075e00711e186792053928c7e,0.06453968,0,0,0
84a0d90783b095775b5d14b2a807497862d80db5,0.07632336,0,0,0
10c8db1b1ae0fd9be8b661dbf24643c0a9012d68,0.0701929,0,0,0
4f50c37506de036bb34094095aaa6d4d831bfbb7,0.07956565,0,0,0
30280a9ba706b330cbf6b18e6f2f6660743c0f16,0.4472332,0,0,0
9cd31226588fa303886b9daac162d5aa753e8e15,0.31037378,0,0,0
2736b6fe0b3fa22ec8e2b4184897ecadb021fc78,0.16667646,0,0,0
d3fc1a2877c165a57949414f5737ef00ffcd867d,0.35097227,0,0,0
459cebc515b11fef06464b711b3b33cbc1dd8c26,0.14028524,0,0,0
947c01f6d8000122a174da3d668208eec877a799,0.08097874,0,0,0
72d00532aa8f0fb96371f01688ace8b9d53b17b8,0.080934614,0,0,0
27fb1044f1f244a9f8841f059392bd7e595797a3,0.4692487,0,0,0
467386105ad855e793a09632142c00cd01c5dd10,0.4342702,0,0,0
9e405ca54138b63a4daff58d14d0527fef1e8e66,0.3374694,0,0,0
0f98e790a43b17ae1bb60d264931fb4f13300762,0.49615726,0,0,0
8f957f527b9048f51aad91b544bed35c48bcf3a9,0.3696169,0,0,0
f03149e07dee90b23369d1cdb7f15c142df5e31d,0.29014805,0,0,0
48f7e179e4c5f4e59afdf0bfb4ec5228692e00ec,0.16989064,0,0,0
91a94d9f47b2bc928eaaf83d7c9dd06c235a2824,0.2632411,0,0,0
b498cda5bc8d834ab311a6a3415e990100d8a81a,0.29023752,0,0,0
276b2825778c0f6286ead1dac0dfe5fca307e77a,0.3350948,0,0,0
e4e03ef4c091f5a35da0d97a6a35224197b8be02,0.33968595,0,0,0
d24dd1a3abc4624be55c0772ae4432686ee18792,0.40389523,0,0,0
71fc2c4c817a8c9bb41650d5b27a89e207a68c39,0.39640597,0,0,0
f0751b65cf680456557aa1bf5c56b12f5c1a0fe0,0.49382102,0,0,0
d08dbbfdbc41cfafa122abf06d39ed543b473464,0.35490492,0,0,0
a4705cc3c310ffb422336b319891f63eef021f1c,0.06595576,0,0,0
e996235aeb7908c74e85fdcdf1369a5e46672169,0.03284958,0,0,0
0aeeb46737c5e4a5d8c21c26e6793956b0296cda,0.26867038,0,0,0
fe38f8892a2e99cfb6b941c48a57e1415d7ab223,0.40810546,0,0,0
9e801d916c3d163a4cfcc822e50dd75ac7cefcc5,0.03584064,0,0,0
ef0fb794d49e9184913581f561c87ba8c62d5e4e,0.29062155,0,0,0
0298305934801cf65136ce20c59dd133d8ee4d17,0.041431647,0,0,0
9ba69d7b9af1ab71e0ca2d0044f464261ae6a199,0.29798165,0,0,0
c6b8a383de96cd0a8e94037a04510f162e4bbc68,0.04235961,0,0,0
7b813b674adc6c94a6c9a19524913c07b7d8bc9c,0.3775773,0,0,0
559de2c461e94ab636c959149c775bb27111fb48,0.62944734,1,0,0
16c983693a235bdc45c6286a1e7b01d8ef58907e,0.39347905,0,0,0
3ad22fe3d689781a76a92908d0bbc119b2c68892,0.31545925,0,0,0
8691eb95522d9421a8b2883bf65e535d581f1a06,0.5296289,1,1,0
eae26f2ed787c88c07ccb83f0e5550689ad47bca,0.063774504,0,0,0
4b6d66fbc021744136d02733ecd375cf1fde2bcf,0.33251008,0,0,0
1cb454d0221a6ea535f1c0ec5c5abcaa3212cf1d,0.2988049,0,0,0
8d4b217045ac12013e9c1986dab89451fceb478e,0.3304093,0,0,0
5c7c7a419f7dbbe738dc40e4e00dff3637b38b13,0.530503,1,0,0
de4356072f1dcbd81f721c17be39625d1f8cdbe5,0.39293355,0,0,0
cbc4aff11a1a1cc5c18efa68877379b9b2bca30d,0.57897604,1,0,0
81b311fd0d2a084a0c29740714076218fb6c2302,0.5834432,1,0,0
f8b79d0c21165faf4dbd620cbc6eae9dcd3ebf42,0.4978191,0,0,0
70f580a56ae8edea6178be6b2188472f87623542,0.5411749,1,0,0
a8b7f6e98ae201787b6a77c00531f83026c6eb4b,0.3245596,0,0,0
f7c21753a9f0e43a08543d43af7e8564b6f33a2c,0.5760173,1,0,0
64b682cb6a0ab5976596065291fd07eb662c5a73,0.41943568,0,0,0
316af191841ab980570d0c3c4f5f91bcef1d45de,0.5212671,1,0,0
1b43f08e9e06f604432e20d5d8feba05afdebd1f,0.3521994,0,0,0
60de0da4acbaf41818ecee2e0930c8e9e9257395,0.5982082,1,0,0
21b8fd06473bc5e6c35b80e4d1633da283236487,0.4526153,0,0,0
19bed73bb2fd71a1be7a7f26b132c47d5c81fa72,0.3709205,0,0,0
77dc36f5644910cbffbedb9dbc7e0b118b14fa66,0.38496602,0,0,0
e2f293ce22aaeff7c467aecbf6a3299e71d37a07,0.37682956,0,0,0
d916c50745b109551d81471f408250a2ec18ec84,0.4821089,0,0,0
dcf5c40f880c86d800a4563dd203e5fb89f3cd8e,0.49620667,0,0,0
07ad5e56818b6937986a1327fdf13102f9baad61,0.42769867,0,0,0
6ba9e778ef1f99a80f8463fbf68b39e02add6797,0.29724443,0,0,0
757057addf72d587387055dd964ecb2a562a2cc3,0.39180943,0,0,0
cafd9c77865ecb86ed9fd71637f2bcc87ce7e2d9,0.5396158,1,0,0
0c0fabddf6dcbf8411689df9c5cc29115da18be1,0.32756436,0,0,0
a2c0152ba2c45680f399a7e4d74f898ae3184f39,0.39065877,0,0,0
106c77756d7e2efff5355d0587d17cc261ae2850,0.40820992,0,0,0
592c9464379f97d67a76747faaab1af2316febae,0.16656764,0,0,0
9b71bf1406e0eb9892915542232211ef47602227,0.3280956,0,0,0
711846e5d03d6743205f8c747ab78c2ea43714f2,0.40662903,0,0,0
d759684b89fdf0d3cbaa033f8596f0a78a466b52,0.533164,1,0,0
c204f7940bc73acd6893bff489fa970edbaeb5aa,0.21163654,0,0,0
96099eec30e81f16efd94f385b45707bed515ed2,0.52798283,1,0,0
0d52823fd924b806857d4a5bec6fa9f5b6ed30d3,0.5288402,1,0,0
5db13dbb9e7e6b28b443017397c8db3f82bacc95,0.34778485,0,0,0
80a819dbb4cd398a8eca38008656ad45550d553d,0.4733269,0,0,0
be38c1853ffb59825df763d61239992b9aff9127,0.047844075,0,0,0
06104090a6edc145cbdc2858ca224c12cbf66aec,0.24627306,0,0,0
509cb24e2c759eb17556fd3d2a158e3fdf60ab69,0.06629235,0,0,0
6eb761413871082d2ea128d8e132dd5ac06bbf4f,0.14689372,0,0,0
046f547b562ba2df5bc03f9a5c0125840a39cb2f,0.5129963,1,0,0
b24e7f33aa4c19352a5aca076dc3880b3924ed61,0.4092178,0,0,0
4f0841e04d88db62129618493ff85b87efec7712,0.37600338,0,0,0
437ab1b6235071e572cb3fd39aea1abb6a9a78cf,0.36508024,0,0,0
251bf6b18f83b8391ef3dfe83157ef5c51148fea,0.16596517,0,0,0
031f8ff3212c426ca7510dc6fd160dff22165be3,0.29278493,0,0,0
29402ee9790273d3957f70bfe9b281d3630d2f38,0.14898169,0,0,0
5faba67982689543f69fd316c38f16b7ce39225b,0.551489,1,0,0
6f6f0f698dd81a0220cc74d6c10f545f23374bf4,0.07057204,0,0,0
de1d783fb598786fb054f05c027f54c79d054eb6,0.0563082,0,0,0
8847e59f64c43651db01a5c066c844940ddbc475,0.044686154,0,0,0
ad21dbcc8d97dbf7b553a3e1cf6c908854ff1ab0,0.42595422,0,0,0
321fd426406b6e60b6ea1bf9bf60857d6484f0f4,0.3029035,0,0,0
35e75829ef4a2cb124718e9a01301621d82ede8b,0.062415686,0,0,0
08233bfb9c8f554fa7b236d3dc7bd622d0ce154e,0.35300198,0,0,0
5155f49df062171fec0a73480485926c1b428e2c,0.52568984,1,0,0
8233b90eb074a0d04c503bc0e23376d4cddf02a4,0.33995533,0,0,0
f8b4e224b0c719e4d9aca6b26c03214963cd6af8,0.37978572,0,0,0
b5dd05b28613314e66cbd20906daf40424433331,0.42242202,0,0,0
b39a4adf6f31875e375435ca720a8d2e06ebcc53,0.33908826,0,0,0
81ec66a027bd860d6da043c3ec4c15500cd77b92,0.51406085,1,0,0
686d4aa79adb4d2b1e62a97e73ac150fb9f8b291,0.2817357,0,0,0
a55b13b7a0aa77d3e194563126f22db057873142,0.4682852,0,0,0
a721a26fad811ba618ff4fbf6371a43f851fb21e,0.27570754,0,0,0
9fb7a6368684ce4f07db72c4310fc380388f120a,0.37126705,0,0,0
a59d8f1b4504e30b36c7a22ef2e087cbd98a7553,0.29331693,0,0,0
c2656e9926477da08cd26d60e55691ba26ee6b9f,0.14524223,0,0,0
8dd45d4129046ac0b4f819e916beba6a699bad23,0.44821638,0,1,0
043a39baa8befc916faa0d4cca714b9fef2c19b3,0.49944776,0,1,0
edad71ad47d5f78d7cc93f2f281bfb3b60c56200,0.12932684,0,0,0
b696e321d599319a4bc94e055af27298c979874f,0.066135734,0,0,0
eb0d74bc8ad21b9ab7f588a9fcf129001ca3d09f,0.05392457,0,0,0
b01e9e0720f663f3e4fd0dd0a03e013957998f84,0.24455282,0,0,0
b03c73b9607fe2c49678d26ba19d9bf1b342e7d5,0.04996914,0,0,0
e4a3737c6c07420ee7c27a968c443b04d71c3eaf,0.14426337,0,0,0
b702664be09458c06c7270520c4500b5764fc036,0.46381965,0,0,0
388dfbd3f2f7ef66e0b8c62797c99305aa964247,0.1161586,0,0,0
e4a6a3ca3a5dcbcbbd65edde61bed03977a75af3,0.17423634,0,0,0
88acd6de3508aa297affb97625acce98877fa98a,0.39269352,0,1,0
eff38bf063fbd052cfe47bca56e4b2d8073b6ce6,0.45869678,0,1,0
aa4861217bd3f6876331309a92dd5eaff303b1d4,0.34673652,0,1,0
9e360ca017b1f639957c799a8b7b64047c286d93,0.6086397,1,1,0
00513a091d6cebf1ed4c5e2b6619dc36a4b5bbc6,0.47515023,0,1,0
58d258c7768cfc3ab47e455549f8e10b8a3bdc0d,0.4206274,0,1,0
6322cd019c486b6b98cd3f94ad9097245be3447d,0.3027906,0,1,0
5c81e7355dfead2da26406b1c787e8a449bb6beb,0.4573161,0,1,0
caa82d3e1b0019b373c55c23168bb8c007fd6100,0.47934246,0,1,0
9e2996fef15bac17b20c641900f4e641c40c6aa0,0.46267372,0,1,0
9e1aa0406b26f67fd021465903a2627b960e8c8b,0.47908688,0,1,0
bd2d4a000c4d5b4377e9a28bb225d3f61d45de31,0.5465939,1,1,0
16e434606776d7961f8b67b7d1062e15f23facf0,0.41276523,0,1,0
d6dff710eee0d56a1df3a761112002e4a1ed5758,0.27719635,0,0,0
83f194c1842b431030b6296fe59ba4eb20ef72c4,0.2672668,0,0,0
2b0270addb3d1f3bade8bdf1cbeb7a5c263de9c1,0.48859355,0,0,0
dd9ed3fa5cd6dec0ab5573e464b2cc5258066695,0.41267085,0,0,0
746133b210300aa581efe5b6a9bcd8969f2447d6,0.46912837,0,0,0
5629107ed8ba0fc170a9cec00980d17dda25354f,0.061932035,0,0,0
93b8e303efe494eb2e62a8d504ca92b7b60bc874,0.12301504,0,0,0
32ab76c1cf4ff1f762364fe10f08a54e43f0cb42,0.042323112,0,0,0
2b9dd184be2aa29b7876b15436e9967a1683d8e1,0.038418073,0,0,0
0b2102cfc42afb2629973a3c0f2b9d614f33be7e,0.38968974,0,0,0
79ab66952eb3f27e99e71a902b482ea3d9553321,0.24608727,0,0,0
50f831cdcfa0c30a5c4403d77c363dc56de11e0f,0.04889575,0,0,0
ebfa9238effab582f48400c371a4b8c07e8d3bf3,0.34174538,0,0,0
6e2d05638b243da413658003647f1a33adb49933,0.062827565,0,0,0
8862e06dc4d4f47e3d7e9e06e8f0581fc4767c61,0.43721473,0,0,0
4779067fb3cea6527ea4fb9aef97b8497c516912,0.0375917,0,0,0
d8f85358851e6f59a50112958c91da7ba5c31c30,0.4967877,0,0,0
cd639652a35026e9e890b3a74dcdd138c3e1f395,0.11064117,0,0,0
dc59b87231431d9b95a2cdce857c7d6d09f34684,0.43235308,0,0,0
df416d3a5a0f688830c1787666b1017981b27233,0.4311365,0,0,0
72f1d8a48a261bb0a15bd879a51559ca059a24dc,0.39230722,0,0,0
75f54c482430c99e107aeb3ef8b6742007fd0544,0.36077055,0,0,0
f070d7c0174e3588c5f1f1347a7baa839c97262c,0.3426016,0,0,0
6ef334bf37cc066387da7cc06d6c1837e3427808,0.32852682,0,0,0
31b4fa6189e23d1bfbeadc4357bc680bb0dbfff7,0.35111213,0,0,0
46d1a118370309516351336a252c09329d51928c,0.42119914,0,0,0
3b0c26329e0d6ecce1d72536268e42db57fe1302,0.5036668,1,0,0
fa2875b53071a837c52a6e6a72bc229176210227,0.15488698,0,0,0
6bc8cb6861de786a8b7b95c4225a6c97ac13a76d,0.3712435,0,0,0
7440d7886c633fd99a994c34f261c2890b3897c0,0.43044752,0,0,0
1f564c2cb6346539416cc094d9bfb9dd50393de6,0.4582026,0,0,0
c4d6e6678a1380ada4e8774e5c66a4592ecdc5fa,0.48693746,0,0,0
2847adbb14c0d6bbbf2d905efd3d507a58424555,0.042117342,0,0,0
f6a5f157cd72d25a2d3da7a384dcf4786f511d42,0.39930555,0,0,0
9aea59329362a8100237a0076e1f071237eb76bd,0.41078606,0,0,0
607627168519405b3727ae869e5f491f65a33163,0.2984821,0,0,0
3a7cac6ea395f6ad28240b4eccb4d3379e622998,0.36400473,0,0,0
5894c4a557f8e760b78e49fd54c0c4a804c0b5ed,0.10343193,0,0,0
0729366497d231d045502806847116324e0b5434,0.15354434,0,0,0
627ca74cf81eb95bfd01d7f036fedd85539ead25,0.21218124,0,0,0
0535fc054080c5d9b8667da41b2dbb3dc88fdd77,0.060210887,0,0,0
563c0c459497a5f07a970068d4e84c835b20a4e0,0.12183997,0,0,0
d6cf5ed96ae5c3d6264057c129353858ea7aadb4,0.19550653,0,0,0
0ac6c73dbdb75e156a3e5c06ea443f371749e144,0.053052537,0,0,0
9cb1dfc36fa3c76c11930a4f6cb7ebc175a77c53,0.34136656,0,0,0
e81d716573a9c986081254aae1526883c37ef498,0.35519922,0,0,0
5e1d3501917aa22b0d40e48235d0a97bb74f1681,0.31341693,0,0,0
f09035290b1cdcf54f40c331e8c84d925eb454b7,0.46731275,0,0,0
ef9974af8ecfc809b18fcf3e238221a61e65b6fc,0.5464207,1,0,0
87e18b1cdd76581940c6c5e1d1eaef6e64eb02fc,0.37917703,0,0,0
b3028cfc9922fb266b2d0da59989b7782532f24d,0.12687735,0,0,0
751461e58213b0e8296dea6dbe04ac650c9ab728,0.33350006,0,0,0
422c4f5d6822a77679a2c70166d72adb7d426c98,0.31195045,0,0,0
f69ebbb0e8323cb635ded0d56bd5ff4b60f631c6,0.05510813,0,0,0
15aca89b0c1308137f66f4e1fa479a4673287335,0.4720941,0,0,0
7af83ae82144e9f7223a24ff96e544ddd1700bd3,0.21768712,0,0,0
4edd8c4a18ee1ac19791c63901a0917dc5224435,0.5286641,1,0,0
d645125364e998b3f0648c6909d1afe62791f836,0.15860127,0,0,0
ca6cabdc42c3394d55a2a20d5c6f8b6fd9f7446c,0.4652854,0,0,0
805f5ff26a689d3d89c64b13b9034d1292b7d3b0,0.21727912,0,0,0
b37c8aacf143318b992154b642f3d04b7b11f327,0.24712701,0,0,0
61d79b7e77f488ea2ebfe6862a29b4149ddf20f7,0.23731637,0,0,0
77986d18d70d7d99777d973f6910b52d84a802e4,0.2595217,0,0,0
2b5e291952f780e50df8c47707bcca2fc8d5b306,0.42336944,0,0,0
ad664ec95daeede3805e086a603971d2600c50b6,0.26112574,0,0,0
d20ae38fb8d7effe60a020efec1b5068a0e2ac8a,0.36807084,0,0,0
20d026bda72139b0b17e892e1ecea53f97e4569b,0.049528122,0,0,0
680d1b95a699e73ee8765ac846887adde681eea4,0.04451072,0,0,0
6860a7efc3c6975bb258fb892b7b0087bf1a14f4,0.120038,0,0,0
86cc1db6887178f4c07cb0ebb190b694900d8cef,0.14882797,0,0,0
459b179d687021a7991475787ba82424001bf863,0.115993984,0,0,0
2579c0909256b6feacc87fb9944c50198fed02ae,0.039426245,0,0,0
296def5ae78622b8c8e6e4fda2d223d76bd251eb,0.31955096,0,0,0
310709eb808205afaafd2eb23f557d9b2b0bedc0,0.33273628,0,0,0
f052896ac6ece2b36c36706604780dbda90b7f41,0.23462139,0,0,0
9912cc90ab10fe23ad633dd87847f170fa443874,0.26219395,0,0,0
165549671cdd9ee81fcc8e4e5ddfd4e62a116548,0.06293601,0,0,0
e48478c8bcaf6720b300b8fcd14475fddb7f5066,0.3207387,0,0,0
f843029843558642c5c29f4788b539a819ac3a59,0.2892965,0,0,0
937365e1a9b2e185ed4d6af9411cbffae837916c,0.27888533,0,0,0
de681e1b13c5af66b1a1f2301d8b094525cf6edf,0.4219924,0,0,0
9b14935315ff59eb62aa2cd19298e19c4de76004,0.28196013,0,0,0
1457605d24601e45a6b21f72078b4063678283cb,0.43362072,0,0,0
2d89208a6d21e28961f0d8057a704fcbb61984ff,0.36716855,0,0,0
31d4e7fae9743ddfe08aa32c8e638af887333425,0.3706068,0,0,0
c77f5bda4f0dacdd5f69d01c2b7b1a4499b381b4,0.038288724,0,0,0
2b238460f659b0bb00f26f45fb9fc60968eb7874,0.04601504,0,0,0
f2afdf33061fb7cf8f3d0d2a0fd75b9751fdbcb5,0.054665193,0,0,0
aa40ebfb5968ec48600d3555fc8bf3b273bb7139,0.11568398,0,0,0
2e511a4809edabd77779939e43c448bfe1a30fdc,0.11038452,0,0,0
4c284fa75377ac279ebf4b06991896e587caefea,0.08721318,0,0,0
dff58f05b8ab7322a6dda1d1e58b54e51f3c916c,0.13370354,0,0,0
ede779611ce2e816b4fba650591f2f4b07ebcff1,0.09156134,0,0,0
24450e97f811ed25a25384f24d7f8a2158abf61a,0.110513866,0,0,0
ac14c89ec0a57fc14f37d709c7eb8f4355402d7c,0.1105466,0,0,0
70e28a6e5b835281b74b3c9d8b39fd4b30c86c31,0.35380536,0,0,0
3101596daf7b37b7db692747a79b20f45c6c61e9,0.28028572,0,0,0
2d7ee256f10ed2b235a533aff73b67166cf41e6f,0.31018397,0,0,0
6cd3352472b99d11549c66326dcd1243c551a4c8,0.29910272,0,0,0
c9bac8cfc4563b5f377ada6db19b0252eb57b4e4,0.33791482,0,0,0
a48323e4877e3466d9847b28d26103457de05719,0.2592381,0,0,0
9758c4f3c61fb0c814e4c54e378812d388e1269e,0.040760465,0,0,0
b93829390d6eb3dd337faf79235bd8eb2efdf17e,0.043190278,0,0,0
a3c33f6ee887789e695f289172bb7a7e7beaea5e,0.42404965,0,0,0
00f44612507728a678f64d8bc3144cb7ec49d0ad,0.08371571,0,0,0
a9bf61161b4343011d51724a505e82339fd9992d,0.34148967,0,0,0
c486706099b3dc4ce34d16e4e0a3173b9de7dd2f,0.4096156,0,0,0
6a46b00a397374989dd5038de9310d292fa88452,0.4468067,0,0,0
04bffa014d7473d62b972a4376748f4381c782fa,0.3998717,0,0,0
c172c147b3c33af78c3d7320939f416188bdaa93,0.3318174,0,0,0
af46d68230bed03777625577374204b2cbe22e9d,0.30389166,0,0,0
0177a34c51bebc5e028af7682a6c6d1ee9c271aa,0.23895639,0,0,0
e8626b9972b23f1902e7e4c0b2ec03c4cfea91b3,0.4979575,0,0,0
fb39a0a1e1bef9e40e9b358278e783fa7d402314,0.040879186,0,0,0
1cf57633c98f5559c203bb48f1d8e2b22dc459ba,0.3515416,0,0,0
621d0f57e3fdd279ef1e8e0e9beda859e9d7be74,0.4516705,0,0,0
4c3b552c6d3e8f08e0cd41577292103a5c549142,0.41805708,0,0,0
fbb560af0395d2ad4674bc6e0f406aa05e3bbf95,0.5692367,1,0,0
c7ec8c54bf2b458a2002f24a3655c17a2bc316a2,0.17192265,0,0,0
7c0f14aa7c14e9397e6cd68683bdab77218a5d92,0.36588463,0,0,0
57370d049dd7b05d35096ceb475b4f80494db5ed,0.17157589,0,0,0
222061e1a92d6abfaabfc9406cd655a5ca8ea2e5,0.109318495,0,0,0
064cecd073953686418d089495eea9d534af9e73,0.09025296,0,0,0
add2c3098953d0766950e8dc78e3484a46bcde7c,0.07702209,0,0,0
430aff38a3c4428ce43d0f30f259ee0b8b80122e,0.06393447,0,0,0
eb4e834b6ae3a17756bd2732ced075ad4a0e5ba6,0.49814433,0,0,0
d3d180e84143f0e801bf73494b1a71f77d2c25f7,0.04755682,0,0,0
2ff50c9e620032456165037fe00f3edb99711d53,0.3879794,0,0,0
71a07dcf9ad6211b83810ec187b617d005b818e7,0.31077164,0,0,0
252254380c6b9ea99fc978b6abc1b3b4fccf9cf9,0.40537405,0,0,0
d34cd289ee1291b6a7d1b4675394248be2b8ea6b,0.34184647,0,0,0
3fffb43ecffcd08fea1f28f6106d5c3c8cd97091,0.04972805,0,0,0
ad548a350635141c415930c70ce31d8173592a0f,0.38999012,0,0,0
3286bf48497f3f831f5034569c8d37da1ed6e76f,0.44387284,0,0,0
38d899e0f288a24173a6c4c5898bb176102ca9b9,0.4369275,0,0,0
e9999fd04a6338058d27421f427304699dc53c29,0.4639922,0,0,0
3e1cc8f9b982bce46c6471475bae47c281be41dc,0.3034457,0,0,0
653ffe15ad341350015201a1ec3188faffb4b9ef,0.288859,0,0,0
176910a51361cbea23194d5483256594d7f09ece,0.5930839,1,0,0
4fd9e0be85d9dbe6b969cfd434dec6eea988228f,0.61737,1,0,0
294b73583fc0dcd548ae95a841829f9ad2ab3ed0,0.68774444,1,1,0
8af453cdab42b5276cec2e89d83ce5c87d70a137,0.32160777,0,1,0
13d84663bc4eedb2e9e4035af75622b0a3cb480e,0.343832,0,1,0
5a04dc554ef53ddc39895a9211286b9fb2e65586,0.36457962,0,1,0
24bed1a9bdbe3a1edd46bc3b2af83ee385e041a9,0.5024216,1,1,0
51f09376456ed8dadc2e801afaa495863fd7ee3b,0.40704614,0,1,0
72562004cfa5106472f61efc5d456788bbc256f9,0.5331174,1,1,0
160a0d35f64a52b9e31a725adc2672498d1f3f29,0.36151356,0,1,0
2ddabf3b84d42184d9781e02a936fa1160177866,0.67652893,1,1,0
ffed230ba8958ba3bc27310b71b0c6df589c3e63,0.42271966,0,0,0
add1d4f07c925b8a9044cb3aa5bb4abdeaf49fc7,0.050756264,0,0,0
6cb6acb44a1cff4136125faf763e67525ea696b1,0.35473177,0,0,0
1ca3222078064fe4bc1f92fc94a58cafa39f2643,0.31283626,0,0,0
f183402ea3aa777fd7fe822eb794837a8e0b3478,0.057517316,0,0,0
4a188d8d13e44b397bb40ce1280279d0c9b1feb1,0.5033637,1,0,0
3d51e770c28b404ac119acd7c108ba174251a929,0.20408297,0,0,0
1e802da3a611eb2953c4ec3c650436278d76b9dc,0.033562344,0,0,0
3c07b123c22a2fecd875e76371afdaa5a1d5b9fe,0.28819335,0,0,0
c6af3ed8a52ddfc3c54c69dab18e36345ba5b92e,0.33707377,0,0,0
e4aa99d3f603e70c7db3a55ae5d59470c1a37f58,0.39208233,0,0,0
4170eeb054ba1414eceb08ec6c0fbdbdb17eb5c2,0.3509351,0,0,0
cc2fa8a4b8f4508dcc05044f97acac50dd49259b,0.17918974,0,0,0
16dba64c31c3eb18ac916d49f1529fe4810fe754,0.43392465,0,0,0
b5284cd9b0d66523f6aa0a57576beace90c86e55,0.49507546,0,0,0
fd61fdad30c073f5b2576d1dc65452c5e4dac657,0.523945,1,0,0
1c7552b1a3c2bbde15f98671c7b7c1424494c128,0.4831552,0,0,0
7cacb1830c3385098d308979ae45e3ea42b9b16c,0.04750083,0,0,0
608d50697c5e19a8249dd9290cd15b652f5f01a1,0.33113208,0,0,0
5068b6f0082a020a6124cd7e652558efe3ec5f37,0.22156873,0,0,0
b5a63d8162d8756e4ae73b80ff125439a1b47613,0.07028138,0,0,0
24664b9397a6dc153251ffd7a4d3c01515988748,0.20974775,0,0,0
2185f5946edfddcca8a5bcb76160212bfe2ef797,0.3643105,0,0,0
8eb1f763d0cb0f98de1f12e3d48d9c516f5ac7a8,0.37206835,0,0,0
77a24a9fcd3b01961f881143e485b4be0826c139,0.048273478,0,0,0
23184e15023157312d7a8afe0adfe30b5d7864a8,0.46305275,0,0,0
b51ecd27cccc520764c9ae53cabcb61d67d46d15,0.55367154,1,0,0
8a2ec5ebd9afa8a299cfdd5d3cd359898346588a,0.10915851,0,0,0
07dfe0f23c3aabdb4dd47d2a7a26bbd75934da5f,0.16246559,0,0,0
b7c533baf4ce8f0fd3d3e7d521cc355e71bca797,0.34947821,0,0,0
daf6bd54af7149e06961607f36e3034aec1e70ef,0.09257726,0,0,0
d3c8c564ceef470411821b5a6c82db17782ea3b2,0.45933646,0,0,0
0a8225712e4b4a4471c5efb1ca11e97e2ddbd71e,0.07868581,0,0,0
9d7bb4b52a78301ea6256ae20279a8db63523e99,0.30278024,0,0,0
2ae95bd6e65f698120eb3a7b774b4a7b252ce168,0.5343201,1,0,0
8205f0d26abda68a740de8c962a32172d2bc7e8b,0.4464205,0,0,0
833ccb78e61f01d1525f6c6af6757ad573d8a78c,0.33558705,0,0,0
b2c982294b90f03d507e3078b0b3bf0a359a29c6,0.042630237,0,0,0
f37f373a04af7de05b089a55bfb4d2d86d055fce,0.30508167,0,0,0
9c2d135bb030213819e40f73c47e7e33d35ab3c6,0.25258467,0,0,0
3dbd158c7b0b1df5785d3a395a3ae058b7867381,0.3315262,0,0,0
2173d87cf4aa84937abe438d0f836c8fdd3ba1c1,0.54304,1,0,0
ebb424989c23060feb869e0cf817a4d5285c853e,0.25092486,0,0,0
ba8c6e130e524fc1454b279ab329b03a9877b13e,0.43158078,0,0,0
e354e067ea6b5d099db609aff76a199a81e92d12,0.3366163,0,0,0
c9621e30ba79b20322f449e24a2f438918ce33fa,0.47336707,0,0,0
4f9c6c24a8b4b03e2836c77fe2e53e38b6519420,0.36984622,0,0,0
67540b32bea000574561485e11f7f033be1dc2cd,0.34394318,0,0,0
e2f82b25d19faa263bbdbdf074948c6537d85e3a,0.5059265,1,0,0
ea7753f06b2fe66df61b63a49558ff80ac3a09bb,0.058992893,0,0,0
0f39df025ff43caff8a6fc0b841ad429379db242,0.27691835,0,0,0
6903248d4ed5a383bf0fa080992c038185221a59,0.45817044,0,0,0
5ed0d65dd3b79a990f8f8c4974c3b20c82964e50,0.3327371,0,0,0
fc996e7530dadf0cb498ba1970a6de5ea6edd817,0.33423778,0,0,0
448ae1c06150d4fd62939b5a31f38c03d9a33c7c,0.33311453,0,0,0
d4db3a650fa40ee89513ff581653dbe2d44cb671,0.47880882,0,0,0
b8f966acb480b84e8076a539b346a1ba6b29af69,0.37803,0,0,0
22e8511f2f68b536a0b1c31b2ec271fab255d5bb,0.24628468,0,0,0
3bbac90fc37d225ff4eefaab018fe6147a5a0937,0.27883026,0,0,0
83d06d95dd70db6e3340afead3bd32fa58d9a396,0.48644367,0,0,0
dc500a7adffbb3cf94604097efe1eb93bc43822d,0.34046346,0,0,0
f944f5cc3dd7874dac049e0c8c4d7212df781452,0.05800638,0,0,0
14845725ea57e4ff110bc5fd838aabe6e6d20c25,0.2390526,0,0,0
94a3ac5fbd184bde121f94895a5bdf22cf034d70,0.3203763,0,0,0
d86d0d56e363a20ffa1ef48deea045851fc49d91,0.2866355,0,0,0
251b167e9a17d29b3da6074933acaf92cf5dec81,0.31352505,0,0,0
d16b6b8ce843e6e931cb8dbc92823f82ab10ce0d,0.429332,0,0,0
3273f2572f79bfcfc9abe1d821a9743108c65ebb,0.42174575,0,0,0
345f3db49a7f4e662d117fb778bc66b49de14dae,0.23817886,0,0,0
81d3805cae760e12ca120b2725a6c31b83da035f,0.3435284,0,0,0
239ea8fb3cab9e2c052d933e8f0ae25648782e95,0.30918723,0,0,0
6128d66eba5b1dfc0a5e047a057c33d00abac6e7,0.34077182,0,0,0
7f6a33d94efdfa9f1db4bd71da6ddff10aace45e,0.33047894,0,0,0
843cd6eea60431ae527164f8fe9b0e054c7f9157,0.25618187,0,0,0
5e44c4e4be97e93f5d13cdc7bd52b7374635398c,0.4415402,0,0,0
36ea4c00124e0a44cc32c9c2d11ff3f77a2da541,0.22576997,0,0,0
583c8311df06e92afcea0f3c89d085a980e2dd9f,0.27245706,0,0,0
1ba982d80ba74544730f36f3cd46cdbe894a9e6a,0.4729216,0,0,0
d41221966cece5ed8c029a7e941b5d621486ddb1,0.48543674,0,0,0
4f72517b0e7881107a0db3046f0247ea2218039d,0.5372907,1,1,0
8a127b81963d28a06bc438c47dd551f860ee8055,0.38909608,0,1,0
80ed7676093c6ee19c271fd9414d360b6a8d1712,0.52447546,1,1,0
eb15183f8f1272ee3cfde61eeaf048c2280f0e23,0.3675933,0,1,0
c96a3e5a40040ef43e0a51935a368458763d3424,0.62952554,1,1,0
e4472979707c9e59ef5edc9f6541902310d3d036,0.4414807,0,1,0
bf30b1f2af61a37d8e1215e1af6022ede913dc2d,0.51523095,1,1,0
03264295028ec1baa23189bdc5b3ddf09c16c94d,0.32441875,0,0,0
5627e45ac3b893b7b8f69566738f8f09167fc87a,0.041891355,0,0,0
d0474edbfad324e68daa95e58d73b670d01ffca1,0.1939277,0,0,0
b227b3b6aa81ad319bdfe91a7611b957f0beffdf,0.4532639,0,0,0
7e303218009724e91ed7d3a008f89e8659567072,0.067518614,0,0,0
06d969a8fe228de6a637e832743cf6df518fceb0,0.3598974,0,0,0
c06fa14c5e96ee1114e701cb522bc84e0e1a1a91,0.2907783,0,0,0
4374b673a2b2ebbc7042c062b4f87ab49dd14930,0.36409047,0,0,0
2ac8f67206fdaf6563b97baa9ef4cb2bbdfb8c70,0.2942069,0,0,0
3d2e4a013b9f1bf0612afcf53eaa996d654860ff,0.32076257,0,0,0
de39dc6e141e79bc5eb87616764247867ca11449,0.2944704,0,0,0
7befe93c8533645ff3b23cddfc7c7eed56b8ed80,0.31028786,0,0,0
e83e010913d19a91ad9ce75adc69815a974f7c0a,0.3826208,0,0,0
97abbb745f31c635c5e2b9a9a4edd8ec7c15430c,0.42436415,0,0,0
04c041211cdc102ec44ca098a7e7ddfee27a0ce8,0.25869602,0,0,0
40448470d6384fd4128840151a62be646f1eb88d,0.3042059,0,0,0
3251bce2d463c4ba51fc24c04904a8e3ac886c3b,0.30526516,0,0,0
07e0698ed6961ac535a8971e52d61e53f877f58e,0.40757906,0,0,0
9b841a30265fe0652e5e94c338ef82970363f4ca,0.2869256,0,0,0
387455c408f9de0a9870a215e1e6b9497bef1eff,0.60567224,1,0,0
81d88e666fd9bdd3424b526be46626704e0b9c7c,0.5398374,1,0,0
4904788fde58204d5570dbf2268d8580a5d8d4cf,0.2737286,0,0,0
cc50f64aa8598728365f282056035cfc094e7bbd,0.31904256,0,0,0
b433eef1c1ae41112791584346558600d134f7a3,0.23904012,0,0,0
1fe62a02c75c1a1af4df78ec1b269837dee69314,0.32644686,0,0,0
100cf21e5b877d160eefebdbe109b331427aff3f,0.43485817,0,0,0
227008cff233f9424ab37044b2c0d7b2d178c330,0.12390043,0,0,0
4b46a1595c4c8688644549b3cd762819f4ccfac0,0.503402,1,0,0
d3bef0558d47861d85ebee02bfbbe09d67a60c3c,0.22242025,0,0,0
475e02f6b0f0e7b650b44929b19cf6d5812ad2de,0.28736854,0,0,0
b5981e07909d4d1626d6f0ca359d3124c932cd60,0.3253549,0,0,0
20a1b9578effdc68ea07870f49e4e93289d86e1c,0.3720775,0,0,0
06827d11a7bddc7a02f2804618219b862f63ecdd,0.4628737,0,0,0
687fd988a316c937698c6c550b3c87507a60e361,0.44154477,0,0,0
53065084d622423dd086efdc6e76729f97d463e2,0.43247685,0,0,0
ee4ed5171c34694edac71add10dfab9abb6b003a,0.22907686,0,0,0
bbdd3e827d23c085d6c669914efa2798313b1b52,0.42458797,0,0,0
aedbfd5bef8442e5559c0439ce157e3b8cc37269,0.37510782,0,0,0
769df5afa88c6ce4eda5c675626077a24827181e,0.37422752,0,0,0
27641679e9fc948bc33ac13dbaabdd831954ca29,0.39061478,0,0,0
70add68322e8145ddcff59c2347a40c0f2e9addd,0.37559763,0,0,0
4a4074b7f330d77f296c16abd82cfe026de31f99,0.37939522,0,0,0
f5b48cb2b84d0cdcfaa99efda564a827f18bb49a,0.39460808,0,0,0
3e7ca122fd7cdd5435b5c8bf83b234b3f68bfb89,0.41851142,0,0,0
241f2ba7aa3225724a80421b56075aef7bfb21a0,0.39384246,0,0,0
92a3a06876fc47d55d189f6483b1efc37b1c59bd,0.23532662,0,0,0
b0017f772daa5e7f05094e38e4bec9bc99e5792f,0.23799789,0,0,0
f1532f0cdd5cfc6c40fdc85bc50d22ef2dba699d,0.0680452,0,0,0
5865fdde89b92235cb080637810e178f21bbfc11,0.10865451,0,0,0
2f2698fa5739eba1cdc3bdf8299a754fb98ae871,0.060224853,0,0,0
b82b8b2cc51220537d247d45133838eb868fe213,0.24695154,0,0,0
e0d62420f7020b7e6a88d6f41b27547eb8ac397b,0.29376236,0,0,0
1a0330f912c0aecdac5a394997932e94a618a4aa,0.37784722,0,0,0
bf18ab3679d025b4da88797bb9759f45b1eb00e5,0.3750189,0,0,0
7f384e85ea9ad0fc7f4cdcbf9451dece694ac63f,0.4156308,0,0,0
3ad097a555013fb78f35643d2c8c201435aef8f2,0.25607896,0,0,0
0da91a3b68d0ab6c28c89bd03057704c35ddec35,0.294011,0,0,0
4aec5c55ff8bd122cd5d8cf093a595de81bbdce8,0.38098678,0,0,0
dc51387cfcd868ea837da2b7d2be87c70bcb8f9a,0.40226278,0,0,0
b24dc73be37f00dc35bb1e41cad90c703c96a13b,0.09427725,0,0,0
c8c91b47da7a68bfd7b335d664934c302332b06d,0.4086389,0,0,0
98b0e857a4e8a54739a10e5016b6ef3b9753af77,0.3274638,0,0,0
8025b2aacf291bf9197171d9ff1f7a693431726a,0.31932274,0,0,0
2106a8ae107fc2df9099b12b23fb89f95d449f27,0.04078951,0,0,0
a94943098d61f48a5508c2ba32996a0e98eb1704,0.30388007,0,0,0
35b06e09dbebf887afb6ba5191451074496571e5,0.39525488,0,0,0
8ec1c52351aba784e90c2cabe8dd3639f233debb,0.28690758,0,0,0
0aa96a17f8cf9c96874c9519c93e9f7723d41adf,0.393506,0,0,0
62950beb8d9ae79097a7651cc3e1fcbd8d5e31f6,0.27248406,0,0,0
bb04d083026dfd018eeebf5139850c34e6b49b1f,0.32950822,0,0,0
6b0c5a3b409511646984f34989ca7826eb4379cd,0.39756587,0,0,0
960febe9458e4213133bb7751c8ab9c3c0b88bc8,0.33708504,0,0,0
a3fc218ad914c8e1de13ec3d5f5fb4a54597bc8d,0.38320756,0,0,0
fdc460dce69c6ef2caaafaf9628ee94d07d17625,0.16039163,0,0,0
7ceb5a6b8236517d708d7965f4873344c5630969,0.18199041,0,0,0
bb9dea37dc558378dfc6559133171f45c6a3b5b7,0.4066024,0,0,0
28d51dace3fbbf8f0bd71f749e5290685b0c5df2,0.32730013,0,0,0
e74df2c0e90e5e4ee92a0d45fcc6f5db5958861a,0.092620835,0,0,0
05b614d6042e1852b8bc14fa0fd66adcbc1406ef,0.3800033,0,0,0
05164d24d77b4f05a309cef5375792b08316f1b6,0.52130026,1,0,0
efc4809b7b73febc18cdd8976ff8e9d6d4537ade,0.34725332,0,0,0
93c12bbb6d22a165a407b6184cdb40545f86c683,0.40511766,0,0,0
54a95d899854ad5a0a7b896f99cd8ba68b89d471,0.5911167,1,0,0
df7a37858bdf7c465d6ba96637558695e42e2fe9,0.059240095,0,0,0
cb9d0a8369704bfc94a84371561d30a6b4317767,0.375525,0,0,0
db1483ae639de19872a023e2af418ac695361500,0.24310902,0,0,0
7a8ff741e0d60d6430be6f8a25bc1bbeb65832a2,0.228527,0,0,0
0d33e877b1642b1bb630415304b8d01de2ce427e,0.09508419,0,0,0
d700649c1748cdec25ce871925d80a1356e3147b,0.3052128,0,0,0
4f30fa5358a7712bbaba7e25d97166d9b4a0f0a0,0.36793852,0,0,0
774228b4c6d5e6f8ec239bc9a3d8f09ca7bfa51b,0.41675985,0,0,0
ae57c74449db1d55abea013eb0274fb9a1f636bf,0.45329088,0,0,0
54567ccc2ec5ca96bf70b0926b56e97659574f4f,0.30169803,0,0,0
2a354150a2193ad32311e675d7452c8059be3bef,0.29360852,0,0,0
db6cf117a225ff973a44972c5fba128b1228a99d,0.38020545,0,0,0
6faa7858155e8311890f14e486f43d5f8cd69835,0.34927496,0,0,0
4790afd48bb04258b01965f601f979f7c71cd472,0.33172765,0,0,0
6535c04c044a9a1ff76410251e43932ebafa6872,0.25229287,0,0,0
69b4784b44ccebceef03b445f420240d07a85062,0.38400024,0,0,0
5cc4b1638d331d9f6bfa9366e26acade4b412202,0.4246625,0,0,0
11b6cb54670ec16f8597851cb010c62c6d3a6578,0.22157916,0,0,0
881af80e8016adc72f7c577bbb88e0aa37c0505f,0.23024161,0,0,0
c1f539ad85e47c5052bf0e123ef7264fbe5d73bd,0.23344243,0,0,0
9fc8dbcd054fd82e8fde73c50b63832b6359f476,0.3543859,0,0,0
a2da1049443db9db3e2c06cff58463fe6cddb978,0.53429806,1,0,0
355dadec5d8729f25fe57408f29c75e64ee65623,0.45858523,0,0,0
41ba47a04626704ef2fc49ba03b0be0939879271,0.04873618,0,0,0
cb497ff3ac18bb0832106b624f43708dcb28e034,0.16782828,0,0,0
70f1e65a1fbd882442829cc377be937db4ee1acc,0.36778194,0,0,0
a1e4f67e9d5480de3d725295f562e98f6c45d79e,0.19068755,0,0,0
60e3bdcbbd3f84654d6df895af97740408ba2bc3,0.44051346,0,0,0
52eab6561b244a4c84572a04bf6bf05144b2033b,0.38200498,0,0,0
dc4746b69a3580443310765eba606be998e2da4d,0.42187268,0,0,0
84e2cf153d888b5f3a73bdeab13c323c6405c1b1,0.36608353,0,0,0
8ea2c18f2b69ca3d9f3a8a1033aa6078df745176,0.41489503,0,0,0
2a7594a7ded5123b99791b0f16265833ad35c81a,0.411523,0,0,0
d8bef16525907af19a253e911c964d630b1737d9,0.23327655,0,0,0
f3bd0b79313c65d41260a7dfec6e041cc5e24674,0.31430572,0,0,0
56d6858f3430e33398976b02f23cc82c25641a4a,0.17453949,0,0,0
7af57e58daa9872f2066d7d521f5c153d7e372db,0.15736489,0,0,0
3ad7450857297ed609c5b568fb55f77dd469d8b9,0.26377687,0,0,0
190dee5fa3b5374f95ae8b3673705802789ed0a7,0.11438852,0,0,0
ed403b6580ed403a814e1c821200f302ffa5805d,0.25525832,0,0,0
03f8b53af1526c038be1e0aa6f519a6c73762758,0.4630737,0,1,0
6114f5479d0bc640390c8f073b40eab94103451f,0.20468459,0,1,0
b925070f3842ac0ae2cd816d7dc99233e7a6ddce,0.20467515,0,1,0
6bc2d25ea6dd424148786f5e0cddeb42ee072e79,0.42072576,0,1,0
2280cbd563332a1b9f3ada9de77af40efc6c97b0,0.40837967,0,1,0
d254cf2bd17588e5111841b0ca0d349a0f4a6fd2,0.39316598,0,1,0
a3cefc2063d220efdc8a42a66164a5ff0bfd690a,0.6037083,1,1,0
d8e760bd13b8a5c9ddd2029f2ddec3fbadc280a2,0.066376,0,0,0
fa2fafcf1e1eae47296fc8ed1d609225ea381971,0.26261303,0,0,0
b0bb65029d1e3dcf57d8a0a56e4ca7cccbd18db4,0.03516999,0,0,0
624cdb14f819ec4ce5a5c02df0293f317cf9737a,0.053698123,0,0,0
a6feb941e5ff8fde22865f981d912c6d5f48546e,0.5248066,1,0,0
cf032314f935892a8cc5ca7a43bcf1c9011f3242,0.5203161,1,0,0
f675cbc93ee4bf7395befd90303cfdc79265cee2,0.43411207,0,0,0
5226462744f1e3c11fe5477b543a60b18a80e548,0.37845418,0,0,0
71841bce6f67b8e58b26caaa49b5c0b1f7269534,0.31933278,0,0,0
33172a83a4eadeb7084486256c57947567ddbf17,0.33420298,0,0,0
ff38c184f7b5e1e2b9ab88b22464041eade680d2,0.31794956,0,0,0
131e4926b7a31fff3c6bead10bbe6dcd15e32bf9,0.3048829,0,0,0
377dd0a46189c53b9af1f89c7e4e9e1bc7698646,0.05855938,0,0,0
79a242ec3ec8208a9187777cb40d8c269f3cdffb,0.46462098,0,0,0
db69349c601fca02ed236064bd7c20c359cd9707,0.23012878,0,0,0
3e65ff983dcaba073337d3a15b21dfbee2eee4c7,0.5023742,1,0,0
86b6c0cef9e1d09db327197ba2cd64f404c22988,0.25000542,0,0,0
83420394a2e397ed46136c40081e437d5af9c2b5,0.13551295,0,0,0
f61244c48d22b86a9c6de16fc4805f10d8d4777b,0.35742173,0,0,0
89d2eb8fab09847c42ca1eb32c62e0d4ef7699e6,0.040041912,0,0,0
661fb0c9c01c87410cdf1abda41d78906656c7e5,0.44119182,0,0,0
71a4e3f5bad9e17e7213368de6af803bc3cfc160,0.40252855,0,0,0
3832b54d4d6f8a45c7283fa42569e59d66ce3d90,0.21583492,0,0,0
53b6258b2465362ccfa3f85a482a9d54425b6d93,0.5931195,1,0,0
a310596a75ce3e0cccf268102f070ce85cf9384b,0.4142231,0,0,0
80d570d77a6f0ff71bea6fddb6519d6bc77f408b,0.49596733,0,0,0
9994ba2cdb0922cc16261cf2a165d9b7a66092dc,0.2886251,0,0,0
10f7c22ac3955b9ec0879367fa76f6c14821f512,0.23479007,0,0,0
19c15bd468dc770e255738fa474956d37b8bad07,0.20802312,0,0,0
2bcd63e545252c308f9d8b51d8f357155639e861,0.28536022,0,0,0
31dac7eb1e2c3683987adf686b0f151925d51b94,0.23544139,0,0,0
b6c1226082e9272a3a5eb37422afc24740e7b75d,0.4004025,0,0,0
1f06856824ecb1896e15059704510455938372ea,0.4378166,0,0,0
41157e7a305acd42d820b0dee0dc6cee228142b9,0.4682431,0,0,0
845fca72fb3736ba07f9f35b138295d77530e500,0.6311172,1,0,0
62e139bfbcbb1c70bd622081932b133d09aa4a62,0.5609023,1,0,0
4f65842c59170271f82f98b5eb3a985f198420a1,0.35490468,0,0,0
2f92ec1b0fa868d2c59270abd6630a3cdf2d02d0,0.34517434,0,0,0
10636cf7f281864685b64efb6b013f57331c4615,0.3662256,0,0,0
3187c92b9b39a2f0663f42d2ec2e1ffa8c45db10,0.43635195,0,0,0
0b10d14e48d1937621edcfebec24a2caa6676184,0.37564754,0,0,0
beb266a7c1a91bea734bebcfcf0768790055e8ce,0.33967543,0,0,0
e45d91d0386a32edde0ed08b57f53ec2cc1de3ea,0.40199363,0,0,0
93b0d6b3acb2d3be277ca8c2799badb005686429,0.51835907,1,0,0
6b436a0dc1c32095698fa777ea1365f5bbfc672f,0.44988027,0,0,0
1d049600404981120633155a69a2effa10b26cfb,0.18200724,0,0,0
29cf07169ebaf45dc8eab6c7e55c0039b31dfa5a,0.493043,0,0,0
b4d173d3519854993014731e8b8c1e73a137379b,0.42943302,0,0,0
7c272bc96e2053ae9960e61769c38696f4f3b854,0.22903004,0,0,0
6658eba6826100e9059186809927f398446e33a4,0.47245523,0,0,0
8fb9b82b186fcf137854e60f48f84bef664f10c1,0.22840413,0,0,0
fe71bba6f74ce54fd2581af15db777772d7d7be2,0.41063926,0,0,0
63379962669775afdacb14cda8a40cf9c4c9a043,0.28679585,0,0,0
9540122871676a511867c3d2ba54bf76401c8a91,0.3565796,0,0,0
064c814833c50fe1f3f87771e6e85dd6b1dfa42a,0.32495564,0,0,0
3f28c60b2ccbd4d3965eddfc2e652eb0027b10c9,0.5246724,1,0,0
9773e41c076aec1cb86f4438d37b01a97b852a3a,0.34697008,0,0,0
75965fd2aaa2ee1c5f34a0ea92b0a444be2cfc85,0.54673445,1,0,0
16f001b4ed6a2507861a50f73f5deed8e86bc6ce,0.34008414,0,0,0
c13bf71d3a1e8eebb624e8a113363998d1664263,0.4033796,0,0,0
cc70e908fcd9b309187789fdbc20249ee3eede3b,0.39502808,0,0,0
25d9407086393ee46fd5c981d8deaa9da2c17be6,0.29514316,0,0,0
0d4bfa919943d2053868ac7a48c2757502c5cdec,0.45227262,0,0,0
88bc781f326d51424680a3fa6955632a7883b7e8,0.34228522,0,0,0
8bcd036741fad3864b785cd424405cc7da6150ce,0.22875203,0,0,0
e9c984fdc9fa6d35744038685698ebc5114df676,0.2900789,0,0,0
56a4b2ae7539c2feb5f1a049634f07f2da082494,0.28268462,0,0,0
53d100817e07683df4932f3dffb94873d3c72602,0.29528636,0,0,0
ad403802e0a705e215b46cfaf4634bd674f6a3ce,0.2692738,0,0,0
773a012cf8b1f125f6a128481bbe2b531beaa023,0.45759156,0,0,0
55965e964deb71b11758bf7e8abdf698ed7dd26d,0.44367963,0,0,0
1ad8fa191c5df90d9f0388d7c483d57724860040,0.3817928,0,0,0
31d3f3456ca68f29b98ce5650dee94e1127dc805,0.4109482,0,0,0
0431fef427b0ccbc8220cc7d90e03b543fb1e98d,0.40007776,0,0,0
23977d0e561b71060b00060ca4d18cf0791ee77e,0.2574032,0,0,0
2c555d3f34cc96ac8d6f6cca07b69ac79cea57f1,0.36135945,0,0,0
de80253102670072f7a4f7e1fbb64b69cd53dd64,0.31450257,0,0,0
4858db950be1536b0645ac6b183a20196cf01770,0.41390958,0,0,0
10784b87b548683a5fd37819ec490f8272b7c806,0.41223225,0,0,0
0e85b8d81e5d8788c3b29e4979d9dd4c50e57c55,0.379298,0,0,0
8bcb17d2e99f7dd4bdd81a103dbf839589635c3c,0.23628207,0,0,0
6c2fac139550b0168d254ee4b925ab206ccf359d,0.23804882,0,0,0
040cc81c32c269fdb4a972db04251c4691f5389d,0.42539418,0,0,0
9f6fd35b16cdd19bf5fa3e8abaed17852bc1dbd8,0.3636306,0,0,0
75c6369189b4ae60c08b21178d0798355b8fa281,0.36181957,0,0,0
cd326abd88b3ef686f566e0b1735b53383c627dc,0.35103825,0,0,0
b3f1cc30d4e1d9627ffe73e0394048dad5af651b,0.1977778,0,0,0
c432a075e7c1bca79a63eb2a8f9d9ef5495c0e48,0.59126866,1,0,0
8672c3560a180a36f854458724ab7b40ee8b9d54,0.39319995,0,0,0
8e1b54f21160ccfdac07039b05f6a4050114b965,0.32493708,0,0,0
6a612f3c67cc92929c236c69e70b0131726c6808,0.4083888,0,0,0
cb48137d5ab27db5da09ee3940c2cf93fa47fcc6,0.39947784,0,0,0
f433a99608baf7ce378478ad212754e9a386d5b5,0.3677331,0,0,0
b572ad1e3f956edc958b0142c0e6d296a9d24c6b,0.29853424,0,0,0
628e21fcc75ddf52ff2ad5c67ee7b4840b6357df,0.30380028,0,0,0
00354024c64400dfaba80873e55fa365d45b1f9f,0.35213014,0,0,0
75199a4d3244bf3f97979024ac15a55728cb0860,0.34637812,0,0,0
0eca91ae405f281e734337024bf499bc2e90c8dc,0.21746859,0,0,0
5ccf73a33230857f217a8e456301c2a0e59d148b,0.44712755,0,0,0
6aa057ff95f0c14a7fcb562020d71bde571c2e87,0.42822984,0,0,0
9eb1e02873e9b56c55ac6b0bd253d5193de15b9c,0.26767218,0,0,0
3df225721c22a5eb7b7b74e774ffe5a0705965d6,0.34188977,0,0,0
16626a9b8fdecf3fa80876a244ff74dd171b06cd,0.47676945,0,0,0
8856608a047f389a40f6d1f409983de139b35850,0.36671183,0,0,0
18e6a973234edce2e46a5c4fd99ab890e8594b31,0.37566605,0,0,0
7908328f012778568c6da95f7081b8c4b9754009,0.4385036,0,0,0
f283f4c4b6183504135a98a3e0d77eb89f391bcf,0.56746984,1,0,0
e45c8fbc3e119e5044bd0143ba253380ec45ecbf,0.30413857,0,0,0
f4bc7cb026b668257dcd5b083282fc6c2f70f2e9,0.375146,0,0,0
11dca5f8746e7b7d43cd62635497946d309fcb60,0.23706745,0,0,0
f05518d99227ade0b7928592c28a67ff1f0b3bf3,0.5096405,1,0,0
b383b9c38090f9eae7ccc7bd82052141a3eeca60,0.44130287,0,0,0
f2e00c0453b286f77872b716acfc3ed75467b159,0.30804026,0,0,0
37daf894acfcb89582e701a36e1695f772fee3a4,0.35014585,0,0,0
e176d65e03aee3135bf91691c0a43f0ef7f24b02,0.44280547,0,0,0
c510b94ad8905d4346980c68af1dec143c0f4813,0.42822158,0,0,0
21d75a867ed4659b6796406ea26510f683f3ee42,0.4611298,0,0,0
63bee061f37d09d409aa02d4de122fdd94b538bd,0.30896792,0,0,0
c5dc98d98d8b1d06585b9e23e04418532a6cb3d8,0.45843607,0,0,0
b7df9811bf66d7f8ae855a82572fc8472b206c5b,0.49540314,0,0,0
99facd0219053f660c43b318b0966de40354d76d,0.41581455,0,0,0
155eac83dbf06ca184a49e35577aca1c0f295299,0.46050444,0,0,0
35a456bb612cdf33cf84a92098ce58ee9a298137,0.21742988,0,0,0
b53521ba1a104bb725b63f5d11c551447b78ea59,0.5031568,1,0,0
d7f3d4f5c6a163f18af993fff9d8e52a2f384aea,0.2660394,0,0,0
6fac1ecfdbc6d088498b1e7a5556c7041c86bbed,0.26479927,0,0,0
c50607e7c834422c7fd926a345b1badebd1a2675,0.39924118,0,0,0
a78ebb040a841a14fa0ab8260977f9d2b92623a9,0.37526345,0,0,0
8e4a56526f342b5ebaf36ea2003a614ddb7e4059,0.4461523,0,0,0
bc4cd88aa7d8343dbb031c65d141f4b021a95d0a,0.4922602,0,0,0
bba1b111e213523054d467c3fe477d0722437a2d,0.38874698,0,0,0
e5707c51408626d40bc07c70e337494386343feb,0.40283984,0,0,0
76c80ad2819c85f71977e584bd1bfb3704ae6fa1,0.31788456,0,0,0
3118343d4ed0c932838acb0f733cf67435653b79,0.23509155,0,0,0
ff6400238181b6d4ceda00c1eec79da6877bb171,0.40674755,0,0,0
d815c27f7652dce234403fd95b55278a0423b5b6,0.31491444,0,0,0
5dd2debd744ac8d57570e05070ad742bd9c82af2,0.39341858,0,0,0
0c3e4e0d3f697fa4113555f440a342e1aecb88ef,0.33804527,0,0,0
eda95607e97ee903c627460456986be9024fb384,0.04592246,0,0,0
6fdbd4f12282791d95d636d427e65b383f46febd,0.0701135,0,0,0
d6819f7cc25aa649682215eeab9d7040b5438560,0.47073537,0,0,0
bc7a3969c039f179d5a73c8aff19cfe19d511503,0.17837614,0,0,0
c2efa4a80ff5bdc422999e3cba6843935aded1a0,0.36882445,0,0,0
af598460ac9990c2a02823b3cfbdaf9f5429ad5e,0.08832603,0,0,0
16c46bdb4330287fa64cbb2b71014c76852e5c8b,0.4199728,0,0,0
749e5b3918721a1143905e1482916d8674128a5e,0.19659516,0,0,0
04e3fe1d2cfd176784f164413010d87a01f1e5c2,0.389192,0,0,0
91fa2dae7647558bc68ded9c3e7eb5a1c1846404,0.3331231,0,0,0
d49d45eba50fae24715a78df93bf5d951c82c6ac,0.052685943,0,0,0
f36ff599a7670c025010ed7d86ea0fbda7e26bee,0.043121304,0,0,0
ebd133cf778dbee92a1fd175443253ba2bebadf3,0.43704897,0,0,0
8d719d4ea9dd0996de476e2c4a9728b1f367fe2b,0.296014,0,0,0
6880e8030b8d26438500842959756b441271ed48,0.22596298,0,0,0
578127901a96327d398a42ee524d9dedcea64dff,0.45145392,0,0,0
4060b8ee3347833490dbb2c065f14c1bd592b527,0.20862865,0,0,0
de62c65578ee43d0f038db757b18954b54c49dbc,0.28460357,0,0,0
11a7aff1b5c38a9cdf056714a20c8c7478925c08,0.42029807,0,0,0
88a02cecca5cde95090603e19624c285e484c23f,0.084642164,0,0,0
3bddc5c5321e492835413bf4e8c9b3caafe4fb68,0.4144286,0,0,0
3d64f608ecf0153c2080374810711428d689cded,0.039278086,0,0,0
fa10cfda08c3e12c5c187c1880f52f89284eb0e6,0.33070898,0,0,0
15e3ba0f7bbf0adec8ca93d6acaf5f488582c949,0.38027766,0,0,0
168a1dfebdd4a10ba593311856d3addcb32696ff,0.41687056,0,0,0
0a2a72eaf5832da87b80fa41008e0b28182d928b,0.44041106,0,1,0
7c3390d0a7cf72afe3ffb3e3748f993e85cce48b,0.047785588,0,0,0
89109b855537050f5b9d125a88d26ca2c1d12f78,0.24615027,0,0,0
27b015e5dfdb67f8530e7c110d36aa55d0e42cb1,0.49689364,0,0,0
c72f418ec98b259673c695ed60fa7290708a1d55,0.03447612,0,0,0
b61eeaf0529f070ba19db904821b517a9e5528dc,0.48030174,0,0,0
3b44781f9514988a31e2748416b1cb7015e2767a,0.5731507,1,0,0
ecd3c598b98212cbd47cd415819b62614496839e,0.29530874,0,0,0
163624a9596298bf80bb41360fcd246a886a0688,0.45048493,0,0,0
4ebfabb194c88fa10db51d6f2db6282a357ae15d,0.367087,0,0,0
c485f5bed92b784a4dd915c6fe5d7b95a9990618,0.5330862,1,0,0
390a4358394c91b08ac7903d69689a62cc8c0fc8,0.15609522,0,0,0
dbe962a24475a2d288e1e1ff681c21ccd05b5cbc,0.05645206,0,0,0
6ee55e92440c2eb8a25bffce9fe0b18e1d49b67c,0.36754,0,0,0
08fb5dd3465bf636093b056b059c8ce2deda42df,0.29820976,0,0,0
c0aa76eb16031973f3e897ea535a0b38bfb7f11f,0.37045604,0,0,0
7a5d7677e6ae10318907876c58727d68bdd72bac,0.37034214,0,0,0
7a56d2484badfbceff130dab0c128f1a581827c0,0.30403158,0,0,0
d555d56324cfa620bba111242931fbb7337bfe4e,0.29616407,0,0,0
1500916bf165064d370c3583a19350010a88e2a1,0.43629918,0,0,0
99894b82ae77290ff43d84eeffe638c3ed55d2d9,0.5906304,1,0,0
170b62aeae48d2cff474edf0b275b0f2bb3a5f88,0.5437774,1,0,0
b26691806891840645059fa5e3a6c86f167f32cb,0.47258395,0,0,0
460f9f5b0f30b4ddd5d568ea4c381779e9dcf6f3,0.06174536,0,0,0
bebc7a8a524e19739f6128437bab06212a35e75b,0.45818698,0,0,0
18c6426d1fbb60f0a52a5a7a021690f62d821955,0.37544465,0,0,0
683d902dc66c21b2353292880a00e0e149e548d4,0.5334921,1,0,0
31af406eb992beebcb8c0f6908df8031ef179aeb,0.45360288,0,0,0
2303e85c5ba9e2aaa72b0e3ea88d589e312df104,0.3718564,0,0,0
1d5ce0051975f0aca46258ba1efe714768589b2d,0.35058904,0,0,0
e3496145d2ee1d147bcf2af176b99c0ad12d43b9,0.2605118,0,0,0
0ae4ec44259ea0e3feec3e76671420438547fdae,0.10464244,0,0,0
bf1165fac897d7d51fd6645a0eb8dfdd4eb4165c,0.23786165,0,0,0
6dc22695d51eb464df4bb27765b1af18ca757b9e,0.31335562,0,0,0
f028a548b933c73c85c1f15a4900fe93fc1c4908,0.45329562,0,0,0
546a1c7d5d40f45e7ce2331255c1763a5b04579e,0.3197935,0,0,0
e66d8cd80c0fd29925050aec9ff96095617dd076,0.058937278,0,0,0
73db5970c0248433d25be914308f76b03fdef175,0.35719997,0,0,0
791e14cb9c8ac13fe4506470f2b8921c3cc542da,0.23743068,0,0,0
5578e731d97d974902d923da646650228a2a1446,0.48538792,0,0,0
b1e2ae4c902691bbce02a90b76c4bee1c6e58455,0.5004979,1,0,0
db7540e045fc07ef39d37163a263615c6e580efe,0.5916326,1,0,0
0a0ebbf02c08e303eacddc45854f8cd6e0e0f9d9,0.3970363,0,0,0
6a8f225173324e4bf593b3ec2bd60015e80d3f08,0.50530916,1,0,0
ccdddfe067274bfa3612d9e866c2f86c2a6c87a7,0.4343389,0,0,0
6e552cf090053ecbb1ab4251528754373d0dd511,0.30453262,0,0,0
c57a14611951a6587f8eaba95b5b6b378997385a,0.38766155,0,0,0
9b4f29d41a71f58e2a0a31d03f1bb8117a9e8d60,0.38735485,0,0,0
e6e6c2d91e0e8b6549b5eda8973e5f3c150a7774,0.18340787,0,0,0
ab40eadf2da890903f4c5d74d0cb6f5459a5f995,0.22231112,0,0,0
7b80edbfe28a488e1bbbe69741ff9f8432a676b8,0.39527404,0,0,0
6e710a1f78a4a733020a4b2d1f07b6fe4c6684f0,0.72433907,1,1,2
951b253fc38c09114d0fe273a3758a15c151a8b4,0.653682,1,1,2
f3539c7eb312b127122084279002d3fd238c9a17,0.6463152,1,1,2
7aa5ba380ef6aea0f2f594873b4c7378adab0f18,0.56706476,1,1,2
def1380280b9be6d166d3938ea4b0254e9b55dc9,0.6143632,1,1,2
cc06ae9bf7a1fb6cee46c40d2a6388ac05d3f5d1,0.63076854,1,1,2
7972f1ac1b85a5174c9f293ad98abc87edfe42e6,0.5845798,1,1,2
bd1c4ff86fa21358949e925274f5b8146f5d02cd,0.53718805,1,1,2
be2aa80bc371d600ab2230c545051ea6454577f5,0.29853117,0,1,2
68b033741b02c3ae54d649e858790732bc5c2d27,0.42860872,0,1,2
4f5d25205a9cec988de300a452d641a155406b79,0.57834363,1,1,2
d1e97bc85338c563f4f732bcf917a08b3cbf4792,0.5748466,1,1,2
d40c01673e866c3c3b5b51bce66e9518924cc31c,0.6081543,1,1,2
5f7d5690a97b2ad95bbe381695638f0c7ca2c4ff,0.7152886,1,1,2
8d340a008767c5d954b7539e825b4c90eb15ab9b,0.69816715,1,1,2
84e490b66f61e11366b62efc42e64b60ae7db35b,0.39103645,0,1,2
fc939bf6838f4bf986e0b42fddee3df6712371a5,0.35889992,0,1,2
5c798eb50aec6040f415b6def1912d4345f8310d,0.39525414,0,1,2
d1758567765117cd395ea47319d3acde7fc663b1,0.40325907,0,1,2
517b8beb06f63301629f0ec3f58f6b667061d3fd,0.39713722,0,1,2
5c715cd84d600c0df0215846efaece2ab4673546,0.38920036,0,1,2
dff4cea14174548f52d6fcc66c9bfd7a339b7336,0.60334384,1,1,2
02ae34d1d3f3c9f9c25160cb14c119958f25af13,0.52319545,1,1,2
8e0e1c32ff1ed1da4f09fc9917812e6457e6fef7,0.5847139,1,0,2
18c5b2536c114c86b810bb3ee94474fec596a462,0.338724,0,0,2
c6e4d8c9f534d3e70e79bf718e40724d56186109,0.19129008,0,0,2
5b5ecff53b50a67179f6245bf60047c59f027e26,0.3350052,0,0,2
46dcd98ceb70720f96d4cfa23b001ff108bdaebe,0.4540434,0,0,2
dcbfc80c4a14b91194fc8b74760b079cc0a4ce42,0.52361846,1,0,2
23492711d234f2fa647bac46997e361bcf985423,0.35151055,0,0,2
f10279a29d47d389a31da907695673a992555adc,0.32451272,0,0,2
8d5925b52b48b4c69934ea5c48aa298a2ec74e84,0.22517689,0,0,2
a30aafa016409048747fe9730d6f7892eb12d7c5,0.58325356,1,0,2
a3611513fc4de7234ef49ae46d646b0795ac7110,0.61045885,1,0,2
d0eb1d1dd1d9aed27c433d78a76962340fcbfc1d,0.41050488,0,0,2
1ae9dfaf45e0a51ee7d604551f7e1932d1787975,0.55472124,1,0,2
1c2d56e8a91b0f64317a9e02cfd4b45b03d3019d,0.060896564,0,0,2
2cd92aa6e3f44df6b0552a28b83022a7f92f8946,0.417982,0,0,2
79ad715f02e02af76da0c6e47c164a80768a01ab,0.35988736,0,0,2
e5b948a1687270192753993c998d61c7a91faf49,0.29252172,0,0,2
b81a48d78dd9be1c3eae57cece4c88df92c30247,0.43929875,0,0,2
0b873b95a840f8cfdb51f4ceea3b524d46d20715,0.22911324,0,0,2
e350a38760c93e373562d6a3e906df5904250146,0.3215846,0,0,2
660431cf4f7e2bda887a0e35ad3a76bdccc14110,0.4156658,0,0,2
f65e9aa63f8f266023a986507834585a9580c555,0.40765718,0,0,2
535cbcd9f20b29b3c5a5d69f654cde57969b3788,0.337488,0,0,2
2d650f890ff1409f2944bc56cdc4b518b35e06f5,0.25681737,0,0,2
1c4f7bde1c8f7d8c0e09484daa626fa4f40e38e6,0.35361072,0,0,2
b9a22fb6f6f460287993d3cf087ae5ff036a6c21,0.46194088,0,0,2
14d6a09601b68f60e6b18142b597a6890e5d581b,0.44802865,0,0,2
54fdc54dd24c9ece2bfc32ca12e88545ec923a96,0.3129121,0,0,2
0ff7c091143e8326eb88dabce078ca76778a587b,0.18977314,0,0,2
32ed6601f216dd1300876719cce837bfa9824e26,0.1380819,0,0,2
7df11e15457e8d8bf4e5730d20ec2412c429e091,0.14050461,0,0,2
15f7f84678a24533e42f2fde230c5f68d1b33035,0.41380325,0,0,2
2499f70cabfc8d17f2c6de124a81fc0940a70fa9,0.07853512,0,0,2
6526a5e83c1fb9644da34e44fdc5a3bb8a357c84,0.2636533,0,0,2
5904d90ade8663f5552b51036740352a9b796892,0.19471835,0,0,2
fdb75911387f77912c37dcee0af4a2f2e0977f3c,0.631082,1,1,2
538a97b115ba4ea44c57898ac7c4fbb77fe0e9b7,0.43219048,0,1,2
fa0478f4f6fb724233dc3e00a9f8dc557ce7cdbf,0.5923949,1,1,2
ec81d7ca5100fd97fe8428db02a2cdde967ac87d,0.40154767,0,1,2
81c40b9820625d3f529b116baf6b4a3d45dd2f75,0.49800268,0,1,2
2b085ae34295d5ae1d7eaea5a55a2df220bf1bed,0.30503306,0,1,2
d6a354e203e4901d3eb6a36b3aba620fdb222da7,0.3495931,0,1,2
37787b96ab21fc226ff267aa26ae58a58b2d20f8,0.46339962,0,1,2
f2f704eabee027175b0c1eaf934c08e7721a9b24,0.53374064,1,1,2
fa8f024d082998c7ae48b21f3eb6f8f2ca56a719,0.7226702,1,1,2
6bce493e47fdac9e64a9ae1cb3c358f31975a43a,0.49908447,0,1,2
9daac904cbc627e4a43e72f72159c552b25caf74,0.6271491,1,1,2
658d5a97c708a926b0425585f9437a0c1fc2b81c,0.64902157,1,1,2
db695fe90b181948f271e4970ec83d4de9348577,0.5630563,1,1,2
9c06ff87decab7357d44d8766f6a277ff887d921,0.7273117,1,1,2
198d448ceab2bc061d18a1a689056bd2b96b76c5,0.59995425,1,1,2
46b15af8c5fbfb026be350ae16eca89fcdc87aac,0.56103724,1,1,2
b7e86cdd772cc47a031d187b79d075af8155c2e0,0.5646879,1,1,2
198e589e62f687a91d4c27057ebad918e9f9bf3f,0.68397886,1,1,2
fa510146c09a498e25e590ef5cc558074337fc4f,0.5925749,1,1,2
badca06dd1c70207215c7186a31955901b637661,0.6040494,1,1,2
91ac1574aae31a29baf883d2cf45e4e1f5aa9bbf,0.52791756,1,1,2
82ca28e2ec8fe9771f01b5aab3386311ecab80df,0.57613647,1,1,2
9f8120beb6b351608652002e057f97f8f6c0dfc3,0.3824881,0,1,2
c66b23747627a2b432e0068561d457cab9f97ead,0.6411161,1,1,2
a6a5e3033d424468cbd3a6af051aabf3b5bd4d00,0.52468204,1,1,2
2902a9a3c07e881dd7aeae0a55189facfab1966c,0.5202181,1,1,2
fe487b3336f8279d8b74eff05c5ebfe6e01281f0,0.6310287,1,1,2
3076802a78f14eb1b4f23831d5a1ccec79b26554,0.46596327,0,1,2
5063d256221e7fe8a8c433401bea988d7ccb0a35,0.4998302,0,1,2
a6b9ca3f71d44dbe2562e13d63e4b30fcaccdf50,0.61784405,1,1,2
81fec3193ad12a0f78eb021c4a1548484595860b,0.4306746,0,1,2
902a680951f318488a4bbe0184a3a223c5709b01,0.40673557,0,1,2
b84f786db6d85cbf9973adfccdf135cb71824b87,0.59696454,1,1,2
a2b5c7a9aa0b5f617502bf6003d43913d507a11f,0.49149323,0,1,2
571725cb7bcf091b5457f1e2a857aa51e8a70f7e,0.60356414,1,1,2
10118c9c1b00d31868d6ab43e8171e3c16efdcfc,0.58450913,1,1,2
ee94e6d82370b6b6086cae2693dc2fe31388fb64,0.37643632,0,1,2
dc58a824466ed492fc6d5ab11960eb86584eff26,0.3782014,0,1,2
56c04300e8f05bdaccc2ec60fc751c09d86b7b68,0.568198,1,1,2
03542311e2a461f0324ec700e98e78b5540bcff8,0.27930993,0,0,2
4746531428aaf9e3ae7d505b5a203350d138ea41,0.033799686,0,0,2
05b14fd01e43ab8a385bcfb53102a270ef2d9375,0.3279701,0,0,2
77868bf772a03d61701bc0d32dfafea63a0382c2,0.025941221,0,0,2
83fcd3e1e220b9f3aacc63aeb4da0a898684dd0b,0.051651232,0,0,2
dcde20001063fc25f622e4b1c7775f735a7255f0,0.04589267,0,0,2
82bd5be8735c01a767fc3ebc3eb92369ac68302d,0.14817579,0,0,2
e1188f368087ba4bcfada44d645e4f8661d7f9b2,0.55015576,1,0,2
2c03505da053d07cd3f729692738912bdfc2a5b7,0.73031867,1,0,2
3fd058c02a1f8881110409be33ad56d3af6386f6,0.08194587,0,0,2
bb3ddfe426cf4ff5390f742d35bdba02a4ce7624,0.42175496,0,0,2
09b1a632c17b34650d2bcf748be14690c9882e52,0.12577075,0,0,2
539e1ee1d68c27defd0aaad09a1a0b68e059de96,0.20048885,0,0,2
da69323b29fe8e373364b9399bc67523dcf2af62,0.19841611,0,0,2
c1ad21bf966d01dc5cceca82f102c0f7843d5617,0.3172538,0,0,2
2f757454dc41f4d130234aea68b348da4f12a0fa,0.031131404,0,0,2
24b5e00be753889e4907473ce57271acb290cb67,0.33325824,0,0,2
7f293a06a0b7ec9b554d51f150991efa9b7dd54e,0.0572495,0,0,2
95a524ea06e546330ec3d95b9c139b7edc599b86,0.37110233,0,0,2
314dfa80d4e815ba3c689cd3ad0d508209665bf6,0.050775662,0,0,2
c07d659cf8f7b16452472da6052a1de326bcb6a4,0.05437141,0,0,2
545536e34f180edd32fbb21b0a5613e6407f0980,0.09890627,0,0,2
225afb8bad88c9bbb70b24d9ac3c28fb21f39465,0.15283254,0,0,2
041e9565ab8b187ad0b88780a5fc0a5ea24f29a1,0.035495024,0,0,2
c4828bfd09ea8c579fa8840cd77733c64b8ebb39,0.22146915,0,0,2
dcaacf4cae54fe199055830f097d4ed504b3238c,0.13671246,0,0,2
6f22f4b49c2a3a59840d28e6cbe0c37a56ab1f90,0.38814232,0,0,2
41fefde64401d2173ff019a896c4dd72b4fa5636,0.03967918,0,0,2
080e96a6cdea2f5fe8727b8249044b89bc54395d,0.3806651,0,0,2
497147e3e6ba0a50c32817e14985ca5bf1041f9d,0.55164504,1,0,2
40708bdf04dae6aa49bf8f3617f2efc16c83c5f8,0.11708662,0,0,2
84ad767a87c69a265e9105c51efdd87ee57b8635,0.05822039,0,0,2
f0e8d41fc8cc746ba9b66b72646db6bd8b25c6fc,0.49164256,0,0,2
df5930892d9c6eda392b96bdae2e7afd342f7866,0.6518743,1,0,2
0cdcb1fd8df9e9185cd3abb128d927d25d7de8b5,0.04317364,0,0,2
cf15c51722dd4b406876dce1ccd52eea787d84b7,0.1881679,0,0,2
b691f81b482175665b45cabc056e58ab0df03ff8,0.14824973,0,0,2
fc8ef4d22c95b13b907ed14b19cea8ff5fd1e653,0.032890122,0,0,2
8054f746bbd6191f5a297cf6f7f26f9fefaba307,0.45427698,0,0,2
fa21d6f7e70f057c42d4af9c40ed47d3d841e5b6,0.4446232,0,0,2
bac647543497f0aa2a9f92fe726e1eb18631b4cc,0.053091433,0,0,2
cc6ace18900eb92606b6a312cb1ac5c4ab5f435e,0.61917347,1,0,2
c947676916c99f2feb5e183aef9629a1b21d863f,0.072142765,0,0,2
1f3dd9ff8a4f8302eb4c0bf4072d2bb7d8aeddd9,0.24616887,0,0,2
ca7f64f016d8354aecd38ef73405e1b3267ca791,0.38369736,0,0,2
06005610265c342b52051b997a43ad6e963c5a0f,0.36803412,0,0,2
4a8068579ea5bf1e637f8bed09a203508abde315,0.35378334,0,0,2
30c217ec400b9175e9490807748ec3e48fe2ba22,0.16186553,0,0,2
d80acb29c04a8e92a3ddbc539b0be8a521098870,0.42257732,0,0,2
e43138b0b5f0912cb358c0e73eb6247b273eba75,0.4526851,0,0,2
1b84f2ee7a41e8ab12faa73130187763ee5858ea,0.24390872,0,0,2
4b5ef21ed6104befc80e1dd501f964e7ca6f1ce6,0.36325812,0,0,2
c6c1971ca1fb5054a0847b0884488165606bd703,0.42248666,0,0,2
68e0a9c71443738b1842e99925d37bf545f5a151,0.40013403,0,0,2
7ebc8107a22038c06c0b0ff095f9f73d854e1422,0.42004034,0,0,2
9003b5b5aa4465e84c934819f45c1ab4365dc51c,0.04410837,0,0,2
4b8647bf6ce2b478e6bc90d0158ce81939a14378,0.16852343,0,0,2
2d1614a2077eab0b981d4a0c4c6e10a7ecda71cf,0.03171443,0,0,2
3631295c437c5b8915afc7b2b259496eb2d5d782,0.37851793,0,0,2
b12610d35e7798c66fc1d9b0811d10aadb87569d,0.22952914,0,0,2
f3a785108f853e327001dcd435e92525d7fba96c,0.04116988,0,0,2
881a4ee8db1e1826b749579d2284ace982c953ca,0.50815696,1,0,2
e91d0f0510ee8d69c76ee89b4e57341418866c6b,0.05173368,0,0,2
8f7c59ce888a687a6c9089caf0c5469984a073b4,0.31697085,0,0,2
3c644cf87ec8c0e6313b3a10b6cfd66279b8093f,0.59307325,1,0,2
fb7e1e265dd9e560b3a3127a6593b6602f60026c,0.059612636,0,0,2
1c9c43c1d4bb76d7e47cdfc9c6681a38305a95e4,0.037230205,0,0,2
18f181ada7826542725fa4a9460307d606695b5d,0.20776199,0,0,2
bb7e8951cb6ef08ca9df5fc036217c3a45c4d33c,0.28723758,0,0,2
e280c8636792c5426e54868d464c9d28287a98fb,0.07434304,0,0,2
54a7796ff234a9cbd2c66f8b1e5621f0898402f1,0.04289315,0,0,2
8e5867eda8328e4cb2e103d098d0c9f3c2fab50e,0.11558461,0,0,2
e42da5d9d21438c220768464b6a1f5b36bad92a5,0.23133539,0,0,2
c823ac5673e9da094a3b24b99987a533c548dac4,0.05558163,0,0,2
7573e9eec065ac1ccc2134aa751a191da3ca3dff,0.2118331,0,0,2
1cdc902f3d7cf877b4db7a31f19eb1dfd2fade3e,0.36721784,0,0,2
e9ea52189a92f7e2ab051e4d75c4e0c872034b18,0.09256734,0,0,2
ab0a2f761f4529daa0a1e7128ffb8ae417a0104d,0.08352891,0,0,2
7ebbaea90e8002f5542e22bbe92075ffb5383d2a,0.037997346,0,0,2
05aae985d9d0e26cf278cdd6f69672ebe3f8ed92,0.044062372,0,0,2
f7222ca6c3b6c1018a52fd649029394e6608f1db,0.54056215,1,0,2
b285f17023da248bdcb3093283e4b9e930bdd09c,0.05732897,0,0,2
af858a6ca224946195b1923a780678b20cb99603,0.5125118,1,0,2
fa027a4685bacd9e32b3bc7d875717b4457f6829,0.03029786,0,0,2
edf56632b8a5413f5e0adfe2d1b65e595b88a1d0,0.21100953,0,0,2
58693fbcb3236a9adb0f47088d88ee3ef7178cb4,0.4661065,0,0,2
91291520cfd5f6c2c91fc242018860c5d1d277e4,0.27715963,0,0,2
7bbba6995a12412cd7cbe1ca693057c5299ab4cb,0.4214063,0,0,2
ea030e732e3556a2a4fa51bcaabc080927ddfa48,0.27110326,0,0,2
310008f48c0a830138d35b3024106560d55b6bd2,0.03332194,0,0,2
ca22dac3f852c7290f60c3c3a5d66fbecfba91f4,0.04202511,0,0,2
bcba29320f5f6f860335266d6be8249418ceaedb,0.09030267,0,0,2
9dc30fddc109504fc80fb62e33554d54cca47faf,0.28268117,0,0,2
764f56955d499fae11db1aed6e7f0d2d0886e6f9,0.084619224,0,0,2
2933e5773b1d64a9348024b2a6e8dc6dc90e6590,0.03548842,0,0,2
0fa8bcc008b6a011d6fe41e64ea4379d0b57f20b,0.036082886,0,0,2
7897aa6a83a5e63da487e72c2735fb042259f6e4,0.1918355,0,0,2
b353d07bcca9fb62ac387d69d3e99004e27f14c0,0.19779107,0,0,2
6b43922648fe2dfcb4cb1aaaf5d795f00a6aa174,0.030965904,0,0,2
b268dfbb824ef307862e489aef7e71bba4cdcac5,0.2580577,0,0,2
b957ee1646d893fd946a8b9a53c779957ae7a240,0.05247355,0,0,2
996c0c164a083c3dc2fbf2768750e3b3a81d77e0,0.05157394,0,0,2
12ddf37f23cd77903729b3e611ffae10e96ded47,0.07159688,0,0,2
7e6304ce63da6c6341cb072abfd08caf0456328e,0.044937015,0,0,2
b9b73fbef5c0f18aaef22ef60442518d7f23ec83,0.04398498,0,0,2
675d4c8fc848ec5438e48deb2e8218b6f0078814,0.09101257,0,0,2
dc666f419e691e6a04342bdd9cf2e899455a8738,0.12346334,0,0,2
9bab875f03ffea0aacd1d92fbbecc96d491c1201,0.029650172,0,0,2
8d3d915dbd0ccf716f0d15b6b2396cff214d9cd3,0.3566792,0,0,2
326beb22c6aa872cbc0ad3706cfbe706bf9eab41,0.30777013,0,0,2
ad882055edb50369bd174ae56a372838aa89cdae,0.04303417,0,0,2
a7363a2ae67b585790896de45f57154474480fc9,0.25308317,0,0,2
2bc9e7ea86a8cc1c3b2436c46115c87080228004,0.19246913,0,0,2
76f154179b8dc6940355d7fe7db468314ca39e84,0.04150769,0,0,2
4080feff61e8dc1cd4af2361990c33c9f1014147,0.40268523,0,0,2
97accb47de63ee5063eda23641c6017e29ab81d7,0.16536342,0,0,2
cde43197f980538e411d851735ac7a63ddd613e1,0.030182187,0,0,2
0dec6e76fb544fa3e8bf5fd17f16314735971dd7,0.30305073,0,0,2
f820d06fc0d1204b0cb386214ffeb42ccec669ec,0.058256436,0,0,2
566c4d59a177be4b65d17540576eeb34d28d24ce,0.060473897,0,0,2
a516976947341e0e18bcc0858d85d34cd0c02cdb,0.10060165,0,0,2
7200c43dea3dbfbd9d38b937c44b6e71744b05c5,0.03822748,0,0,2
596ccd59a11ad5e9fda19ccd0f4fc714d8d3394d,0.055085156,0,0,2
301ad592142079d36f4d33f5309c103c7f4f5dfb,0.4234165,0,0,2
f8a8ea748a0b3015490ccecec7b97f0ab2daf9c4,0.060771096,0,0,2
8aec465b44dedb7deacf80111ea5286914093094,0.06339207,0,0,2
34f3f4196084768b2ef6b3db4608d8eccec50364,0.03527698,0,0,2
c53f2106109153eda10c47a6960a5a579d1530b8,0.06578817,0,0,2
17f52a2e559e68d5c6ccc98fcebb5523161fd0ed,0.4334969,0,0,2
fd7a4362caf2cd69368a38f2f71ffe19706e341c,0.06390565,0,0,2
753f278d10fc0c92e912965379401ac182644101,0.07493748,0,0,2
491786ce4182daa57ea61deaf701f756f57f6f1e,0.38009375,0,0,2
de73ad3115c19d5f0771754d233d74055a2a10bc,0.20802478,0,0,2
d5f586bd4e1a20fc09a33aaa5c2b9320f4a2aa72,0.42257065,0,0,2
8d4fd1dabbae4d7ebc2b273af9275ef8bd0e1ce1,0.3756616,0,0,2
6e5eedb3fcebc5894c41733bd26c8b4d9197873b,0.029476194,0,0,2
3b7d0b95466139a147fc504b7c18897dcc826c65,0.4317386,0,0,2
6a82f92584b36e28798479c82c0d3263c6347b90,0.6370976,1,0,2
b8e9475505fee98aae2819c03a33c7aa3db843d3,0.44196385,0,0,2
a14acdf6395f588dda7597bb4c7810dacaa503d2,0.57045823,1,0,2
85a20aad64be04127106f492e26f6ad6d6c228c8,0.32563594,0,0,2
1325e114108136eea3fe77a4a270a2da7eff98e2,0.48760554,0,0,2
bae46709ecb13f80aaad0d279b3618ab83d09275,0.043651734,0,0,2
dc5f850d1d9b0b952b7f0dabd6778cf0f7675cba,0.056861002,0,0,2
b4abfb93676fb0abbab1d9bac40ba2714a3872f5,0.4650857,0,0,2
9a9e7268162f9fed146c74a8acbd234d9bc2ed84,0.3482849,0,0,2
b262c2359c9ed53dae3ce2ce7a0092273f4eec65,0.046217058,0,0,2
c30b59103b6f1390b0040ee74b985248e8b1b849,0.028750509,0,0,2
0f36265123605cac6af05b7b8c8f4036b58f4da4,0.028795386,0,0,2
cb177b56b7664ab323558545737646896f4d7e70,0.025292015,0,0,2
15bdcc3be2b84f68ddcd822da52ef045ed89e57b,0.30338573,0,0,2
6a8ba1fecb47e5ffd5387654d0cdb7c372ccdc9d,0.34269124,0,0,2
75efbfd6b21ab36fdbc440bc001c133f824bdc3e,0.08342792,0,0,2
f7e42d2ccf949a5893a439227c8c6bafd2598f26,0.036638588,0,0,2
c7fcb448c99ae5fe9db9b217bea1233df3ee6e57,0.20195255,0,0,2
d0721feadc1e0cae6efa3e0d82f523debc5b8d97,0.36630312,0,0,2
5f47ad718e0ffcbbe6cd2f8d32b2e345c4af3a48,0.051153664,0,0,2
745d383af12137ccbcbe1f3cb4c9db73f87a66ca,0.059900448,0,0,2
d746a54c2ee50711283bb49e557f58ca491e1bac,0.24601804,0,0,2
a56d4998cf16ff08f5593fb7d4dda66ca05dc269,0.4583434,0,0,2
03e65c98da2a0b2e27b14713543c2a61d56b1237,0.19164096,0,0,2
0d3545e5f68d024cd4a05724a15746d8dad986d2,0.28560275,0,0,2
6b1b592887d9ce95fb5af1e216bff56b18c7902c,0.5332917,1,0,2
ccd0fd51a5712ef1d85110eb61130c906fe4db13,0.025227865,0,0,2
d98897b11e6f4adf1d0a91591b1bb6be501cd29e,0.3819746,0,0,2
4e08e17ec536038c9c0dd888f77b912cae82816c,0.047172498,0,0,2
86eb3a2fa74988e4ccf3aae7f4b77edb84555320,0.2412752,0,0,2
45df5da2640f8f097915b8a2a0249ef0f6cf514e,0.21061026,0,0,2
76b7413d2b1eb2dc22f05de5b76f9519be5142e0,0.19966757,0,0,2
bfb3cf8bba6aab198c4644e236bbc9f3807111d0,0.054836333,0,0,2
093e3bb2e3cd9992f3f0d14373d406bb9b2ed36e,0.041173458,0,0,2
c440f668aca99266b5379235f6d99d378630c938,0.42643005,0,0,2
a1c5a582760c7f65572d0883fbcedc843332d7eb,0.074636094,0,0,2
0a499402d707bc8cf775d7f9b3840780a7401f7d,0.030442063,0,0,2
8e4e5221515f820108f48396a18ceaed73de8dc1,0.13340664,0,0,2
3a4e18ddf151a624eb5c3596ce8400ca4679ef97,0.28961384,0,0,2
8ed40d530295d819e0ca964b2d4542f6ca6a9929,0.02833089,0,0,2
a6abb8b00355db97486ab5023305c3f4e9e19ad3,0.038533363,0,0,2
b494caa01985c623601735f1bc10871cfb8aa048,0.053370584,0,0,2
5597ed7ea300ae3d08cd893b0133bce26038a7df,0.033855192,0,0,2
002276ea313fd880122502e9840b43f996acd537,0.046353493,0,0,2
bd5afc0b5a977c168cf046e3244477b48fa72c5d,0.4103093,0,0,2
b313ae68888445f4c08521bbc8d19f39310c6890,0.034175973,0,0,2
a675ca7802065f459a96bdbd593d8dc491180cbf,0.060824618,0,0,2
8be87e032a8c05622148357f30bdca3c614a669f,0.2639586,0,0,2
96eb80efe1da48f37846aa899260aa0c84b15944,0.07666907,0,0,2
75c2b24c681e314c4e4e07243b31430ba4e42723,0.047462065,0,0,2
276e22858cdd56f5725e0c2f7a3522df99967973,0.077806324,0,0,2
471e6b078a7891aea99b77f200e828a7b1c9bc00,0.33612758,0,0,2
6d7ee38ceed6b496d70502e276f80be6de618014,0.15782093,0,0,2
5cfd99f0dcd0d10689e480f0854e859079f125d0,0.41710147,0,0,2
ed6c47dd9ebbb2e38fb3e17a2b961f0fcf0e6df3,0.19278568,0,0,2
1fe7a43505aa9d00bd9dde45aee77935a5147561,0.36926267,0,0,2
387880a630c65b955a3329a2f7b987214c41f6da,0.46529102,0,0,2
cf4416a84203ff9d360d4398da3b166e6d0c72b9,0.19959465,0,0,2
a7fe613853516f0abde34821996a0424882bb919,0.25128374,0,0,2
7a8a7783315917b56b6a71c4f28cec4ed1d91a7f,0.40793902,0,0,2
9c545d44a4a703c88d417a6fa43298a80ee67735,0.3510028,0,0,2
4f73871cf40b6dd05c8872d39246c67f798ed915,0.5847578,1,0,2
41f297809965523fcd021bef20b304b3584d9b4f,0.38480955,0,0,2
03178c8b15f1b522b98ded0f83cfb0e79f5ec4d3,0.09182886,0,0,2
f70741c9b216d3836d047c542847920d4778cf9d,0.4366573,0,0,2
5ca0a1c3564d35293a5ecf03e5f32e6f0f6f445c,0.10071412,0,0,2
4c4b3e2e32ddae35e4c1a6ffce1cd2b2eafa958b,0.035714272,0,0,2
72a46babeb0da02071e47425ebd55da915b98178,0.29802692,0,0,2
9c51e5316babbd370bc32aed0fee134216726ec9,0.32779557,0,0,2
392323e2d44bacdac605c1a4f037f06e21dcc239,0.19592634,0,0,2
10dc13c80752b0489d291b54440212ca54c59fee,0.06785999,0,0,2
7b9df59a96adfce979c8c564dc5eaa6a29b7f25f,0.48075756,0,0,2
818533e92bfb1c142ae4ce5be18ab92d1ae17025,0.18489279,0,0,2
47fa07eade06908ded4206651571e71a2fe684a6,0.18647234,0,0,2
46e97d9e04591e8198ff38bd2949fd5514da0d3e,0.39646396,0,0,2
08cc26e70bf145aca293d55fce12aef835263f53,0.08479004,0,0,2
6c21bdb4a107b49e57c9e5d6598d13ce6f85fc5d,0.03836647,0,0,2
18a027b1f04e420c18ae57aebe8fd031b5ff251c,0.035942353,0,0,2
82b84c0fe9054198099752a66575cec0c47524c8,0.03548203,0,0,2
b10b90b0a3947bea98e3646e7d29f853f3b5c6f7,0.40043893,0,0,2
8c141a1705808491f16a27b53e1ff0db0a2807fd,0.54507554,1,0,2
40f969bc9e162deead55967da3c128e2da933dfc,0.40816194,0,0,2
f348d34fb1ef3c968e2981283618aa85db203901,0.5184641,1,0,2
999761ba1bc5da820a1d2527c4aae29d95a7013a,0.3045633,0,0,2
ce131449a4ca0b06c6bb27ee5d8d6d89b1467bbd,0.6126613,1,0,2
924e1e9064f90d958b4f57e9c9c0c543bd19dcfb,0.5389125,1,0,2
f36090e3141cd3cd6fd58f1f46a30af2582559be,0.38048905,0,0,2
6fe2094e30107512e470571bceac91cbedbd21d0,0.30657154,0,0,2
fb0078159d2463da149de54018fca79a9447153e,0.4295654,0,0,2
73351b6adbf403600521505bef288057beb2bdde,0.41005385,0,0,2
079a07fe18f654632b80b274f247775582261e5a,0.38132685,0,0,2
4158323ee456bd412e7357a4a6bc8bf50deb5d9e,0.57299954,1,0,2
2fd6c8fa1e392f985ee860d8ee154a612ddde569,0.47587934,0,0,2
66d0a9a0a00dbb259425f17745f7dddd7e676f71,0.47530603,0,0,2
e14d9ce8e3c57b7352a647c0a8e62eeb88ebfba4,0.49539962,0,0,2
9e0c5ad4b3148f42f3940faf7d67b305e34bef0d,0.49905124,0,0,2
fa1aa44c7623fb2142e588c59eaf56db7bc237eb,0.5156752,1,0,2
8fdda846c4653b6ccd49c47a9586c374bb20a255,0.502863,1,0,2
a94ff90ab6cd2d92ccb2eb1fd7913b4e5256f02b,0.44722843,0,0,2
268bcd622685b28c2d50bcbce64ac38f7e90390b,0.3789135,0,0,2
09e31a01b51d7418fa0034ecd4cc11848436fc18,0.3396333,0,0,2
487ac1980148522d628e1d2aab50b107c372798b,0.5980546,1,0,2
34646ec9b52192a71e52ffc09cf7fefdd506c48c,0.21813841,0,0,2
7afc1c34fc16ec04f82105f9106b7d1e5232c4d0,0.5816881,1,0,2
00439211981af7b5baed495f526ef8ad76ee7c5b,0.4794926,0,0,2
1d635088f697178660b6e1c9a89d2b7d3bbe2d29,0.4495177,0,0,2
a4a62ed7c1e3c7aae09324f0ad1c6078f0fba471,0.5017953,1,0,2
b3a68ca842841c4b9713462d5f01742cf71a6b4a,0.32391042,0,0,2
2d868410eead061d59de524bada4de9e3d2bb442,0.046077225,0,0,2
813aa11d505b9507b6795d36070806cb2d96e5c2,0.45518115,0,0,2
88b29fa46bcf6f56df4213e1ba7810735a28d755,0.12604092,0,0,2
eca374db08ffbb3dd8de746632fbd74acb8f2c92,0.3802542,0,0,2
2ab17f529d07c1f618ea08d968b2fdf3a382a792,0.4316221,0,0,2
9a87c766bb3137a50656871e5dee5a309543bc7d,0.5073986,1,0,2
9ce4e1a371418e5eacc69227885815f9a4221c65,0.41033468,0,0,2
c7f7da754a911302dcaa6935be6fded84e1ac348,0.45224872,0,0,2
4cbb388ba9099be121f81d75000acc3af93bf993,0.40905577,0,0,2
87497c72460c9c58f829a372d741b386fc2ac8f8,0.37332878,0,0,2
921d0d60d40d8fbda29f14a64e848c70026ea32e,0.43274,0,0,2
f9e72000a17eb9d524b38a9f2c982c037dd94891,0.5777933,1,0,2
e34f50dd1083fa8ed9fe25fe701b64bd2ea7efc0,0.57874334,1,0,2
581b474f4b194731eb9cb22cdde7330a1ec81c3b,0.02952697,0,0,2
e0d17fed51f5018fc34578699d824c20efc44368,0.521365,1,0,2
4fc5b3402c58d6a4b317bf23b896ea91d22af6fe,0.032282837,0,0,2
d8e2f892e48423fda73204be3ec239d282e71c65,0.06850695,0,0,2
8d6d088622f8e4ea89e66ccbe097510fb4c932fd,0.039355192,0,0,2
f0943a7242041a16c8f7fca845592e48bb19ac74,0.039000973,0,0,2
d1123894d33922e7c8ca838f9dac9bdceefa3f7a,0.4060226,0,0,2
fb83ba3fdb46537a36832a900f124d4c400f7ed9,0.05858909,0,0,2
e779883b29a67d411493f985de984ffb8088ca05,0.037859175,0,0,2
a71c820baeb91025eaa7f07b172a39500c6f5692,0.03296305,0,0,2
a4eff51bedd73a0ea56afc23b1021187dd03561b,0.031278323,0,0,2
8f6bedeb724fa78583c26423aaece05cfddc04c9,0.0332886,0,0,2
fdc116f0bcda6d1fffbbe505d0687b0406e92fa6,0.06672564,0,0,2
66608db56c41e91ee34fdc1e6157d69b69893fad,0.30678487,0,0,2
5366158572bd88f18df7883ab823ea62b7701d77,0.058208127,0,0,2
2df0a3be66f6fa1067d976d7a05500beff7eda53,0.057416547,0,0,2
e0b2c86c8754312d1e89307fbf84e6efbfa9fe0b,0.05177428,0,0,2
050dfa6f0850174fdf958ce6751d2f06900201f8,0.063836254,0,0,2
7530b4bdceef0ef37af252f0b97978554fb9b99f,0.08753409,0,0,2
a6eda3d8eff423ecb4901aa07339364732c02ddf,0.17064163,0,0,2
a5035d0e1cde068320984d789473e1140adefdc0,0.44659874,0,0,2
dff43a0530a6fbd524e3af24795cf6b92142735c,0.3711856,0,0,2
1d5f8faa87a410fdd1141ad82f270ac238293770,0.5464564,1,0,2
82f4ce516c18ef5fb3096f6a90455fce90a5b290,0.3892171,0,0,2
228b49fe2afea3376c4f30f80bdeb70d083a9206,0.033138655,0,0,2
adfa016f3ef7ff262643e0f0a5a54d3ddb7d7e1d,0.34095985,0,0,2
f72b5e65c0c5210cc0be585959ae84fdbc87aced,0.16009557,0,0,2
26d668f6d5a2f202ef7ff6a73ff3cbd7bbdf4b06,0.037636664,0,0,2
808149305ba26224917e29aa0c0089701bd91936,0.0402552,0,0,2
55fd738c86ea1796d5152d818ab4b5060bb11803,0.03791373,0,0,2
7a8dc00b8be18a9271e2d9c2444ba91077ffafa5,0.05518516,0,0,2
34515698878ff0a4641e72486f0ae8a7e30df0d5,0.31985173,0,0,2
96f2b16b3efb93580e6aeaf1da97d9dffd5e260b,0.06426152,0,0,2
b577805347d56f1927615fad311868a3537a9cb6,0.32135308,0,0,2
e366894658914c0f2fb41cac003392b0dfa6e4b7,0.45352417,0,0,2
3411f29e2377788cdaa5a4eeaddc53355f085a78,0.3295323,0,0,2
880b04814c564ea7a1bb8fe97c15b4735c67e8e9,0.17647864,0,0,2
8ef033be5c92a895139b4f910af5a7048f340cc7,0.048686408,0,0,2
350c477161a0d1df94efa02109ae07e6acbc527e,0.2596179,0,0,2
0880a21c56cec1a2442b5123c3845bfc99e83a7f,0.052490294,0,0,2
84143c462986417ccfc5e8c05481e983cf668e2c,0.2219219,0,0,2
f16d5b1722eb55c2d55eb623999f16799b088b98,0.34063846,0,0,2
ac37165ed7a22cbdeccfe348b10245dc83b414b1,0.14022057,0,0,2
d9ae4e2601d4c0744bbc275b6b4f503477b789ea,0.5853792,1,0,2
7c1a59fa7ab58f5f7cdc124ff2667cc501570a4f,0.060667746,0,0,2
93d35c8f291b8953f8460c0eb02a51cc6d6cac22,0.10956219,0,0,2
b77184a2189c8f91100d148354d1fdf38e83d13f,0.38922346,0,0,2
f81e0465460ff9abd450eda836bbb4f9b13837c7,0.10220854,0,0,2
6fc152e4177e0482450b13eb7fe496de677ce5b6,0.051732387,0,0,2
0c9af5f450ce73da9b791051f861cb9a6420e0f1,0.2784504,0,0,2
11409e628b0461be3c268f81642ce36bc4b0bf84,0.023966178,0,0,2
63a9488f2910434851e98a8fc0ec8c053b24083b,0.107950866,0,0,2
d70736425701b66bd64ad3aab3941bb930a18b66,0.39664385,0,0,2
7331773448c1f2e0b24deae4144db0deec85fc07,0.23345329,0,0,2
11a7e62a898e54d66936d1b8b67cb5e62578ba98,0.37564093,0,0,2
0484bdb3f61d309ff62da4df4be92cf139d19f6b,0.4160001,0,0,2
f9f632e7056cd9d2b3c88bad50fe0597610e2eca,0.31516993,0,0,2
a3fae474e5cf5084c89835fce1950991aa678a41,0.34983423,0,0,2
f3108e2771083bfcf02c9c67ebd70a3ac0ddfca8,0.32697907,0,0,2
521b9b3385d73239b96ab209cb34ceb5c1c1400a,0.4230986,0,0,2
d7a1666f9a89d9a517f5fbaf283e711046fd054e,0.4347477,0,0,2
022a020bde5afba4f2e9b6753c199386e79d7825,0.438627,0,0,2
1b5aef881bb3acdcde5d9fcbb6e43ceed6db145d,0.13674666,0,0,2
0caba0845d4363025e619eb3db6f3138b2c3d394,0.18362863,0,0,2
8e71711c1caaa404d84ec6682f1b7b266064c2e9,0.18671729,0,0,2
363be2fea66f861d7ec4f893a05901fa0c7ecf92,0.45921153,0,0,2
412a8a0ba61c84d71c0cc740ba7e50c10f3bf9ae,0.39870375,0,0,2
03380256795725c7d17db97d882a4c4da3b76b8d,0.030777967,0,0,2
653b46857a4a48252bfb094e39ee9937b2079fa2,0.08649543,0,0,2
748cb609306ee5a046a952a0ca13974ef0b6e770,0.24042861,0,0,2
0f9ce497b0c6841e3aca845336ad095012c41da7,0.33374906,0,1,2
36ee52223387eed452c266490a25b4c62f49abc0,0.5534856,1,1,2
a8c6d43b5a61d8da784f0ac188d40b88a15dad50,0.4240398,0,1,2
8fe2360920a8228c10cd59ba0978df701174c961,0.7149594,1,1,2
a3677db89ef3863e8ac7cf578df499f85d970b76,0.5222258,1,1,2
64c51505a82baf8260a34c7e83652ae3014009e4,0.35336745,0,0,2
ccba0cfc3f1b81dbaffa5153aeb84d48cd7630ff,0.12115589,0,0,2
e7c42ed0fb83faa2b57184cb72f6d9e8b621ccd5,0.41640925,0,0,2
633de29fedf11544f2c3d5052890cb014e612bd5,0.62440586,1,0,2
362ab2bc41697980391c4a61c23cb3ef6bce740c,0.028341835,0,0,2
fc9d93db68a3c33e5ead8c7ecb187fdf0f06cc4f,0.2610078,0,0,2
66a775c9feb7dcf00c28a16b7a365af4372886f8,0.44739625,0,0,2
a6a48cfd370b226955a531e678016db414ebeed9,0.3723056,0,0,2
dccc1255413adc1a212dbe3bf40accb70ccd44ef,0.35692742,0,0,2
83b70a377f79ba90f846b3a720e6c402c63bccc5,0.18659753,0,0,2
819318486d9cfb430749ee33d3c5c4ec4417babc,0.5960729,1,0,2
827d9644c864336fa84f15744375ba7412da047c,0.55398685,1,0,2
af6bbeefbf197f50d194c7f20419c2a4590ad630,0.24825351,0,0,2
ae8f5f04574be75727f5e948e04bc649cbdbbb3b,0.07116739,0,0,2
b9cd3558133ae9f26aec73e0bda3a8f635d137f7,0.4521201,0,0,2
f672e826f51824582273fa1f5b6ec37aa5fdb2fd,0.5034064,1,0,2
72df12fb2ba453afb57cf185d25c502d4daec6d1,0.5692401,1,0,2
7b42d43fa0827557f51cb4111c89fb2a78512c68,0.33240527,0,0,2
af1b5872ab8355acea3197522ddf94972b3c8386,0.3206966,0,0,2
5c753a87c328678f16bf89e0178448f04194f0b4,0.35560736,0,0,2
0956e2d2338531a96f2ff7d4ab405acc1b18421e,0.34885117,0,0,2
6563275706015b000cc5bf14be7fa9322964bf49,0.08132925,0,0,2
e9e76131f35c112046b9f184816683beab605e9c,0.55332917,1,0,2
843267df5a0b44145d5b9ee9153d17aa5e15cce1,0.34119016,0,0,2
cd64fa339a97300c64dfc434483e478a58f507a8,0.46300286,0,0,2
b0b23c179ac55334f760aa29fce262c73a909268,0.040418066,0,0,2
dff1a0953d97d46290750a46d01be1e1519ae698,0.1579436,0,0,2
35e0ba449325e759e04203fcaa71920cf473baef,0.6313454,1,0,2
e508ad09d79302d3cc6b86077d4a6ddb0679a0f5,0.037559498,0,0,2
a27ca511a591caf813c26862a888e90e54af19a9,0.05696364,0,0,2
9be91f380c209f895da36d13c40b99687bb4c8c1,0.50681996,1,0,2
09c55eb8120da36aef1807628f87bde83749428b,0.2328528,0,0,2
05edf06360cc8a1a61fbd1ce5f9abf5d83f9d3f9,0.035061106,0,0,2
9df5e9419d83c11b4a2c3421c5ff7ea1f544366b,0.35957316,0,0,2
ed1ce82d822ffe185875b7b7d38352f20171c096,0.05651924,0,0,2
10e38114032cb4c585b29e946e1d70e05d52a878,0.32758194,0,0,2
d71ead41fb685431dad02d4bb7cb5675e196b8f2,0.0435171,0,0,2
e7b4025ee0b6152f9bbf7a72a317f977402a27f7,0.1873301,0,0,2
0f3648f749b7b67c2c61282297569657ea6220dd,0.04499848,0,0,2
bf915848967a6e35839e5565e98c716079980e18,0.3298574,0,0,2
7f74708201c2ab9f5d1f83c7052487116b8f7114,0.0741042,0,0,2
97dc91d1545a667b4021b6507d927799e53964da,0.49900064,0,0,2
d9979fa97865b7a57b9da975efb6e6c4d80b0cc8,0.34603596,0,0,2
6f27b4ae8f8ecb62698e760ab7df3973874b1f51,0.5975534,1,0,2
67ef6efb61f3c07e1359e083bbac5d90953cfe43,0.66337305,1,0,2
1b53f09c3a9dcd64dd281c1955b062fc28999366,0.3628634,0,0,2
34adc606601cb578486d4a019b4655c5aff607b5,0.42254233,0,0,2
b05bd69cdd841c02a3b645568ee5478fdbfc07d1,0.032283224,0,0,2
e1f30a1c32eb292e51db274adbe2fd6ed09b555b,0.05750427,0,0,2
bd82fe9fc034e7921eb589420bb4b86dc767a11e,0.19039461,0,0,2
13e0ba5aff3fe14eb0e1d748cad4b9f99e681ca0,0.48885152,0,0,2
3b7deb943877b0c2d8627531959948c5d1e4d3ef,0.48585638,0,0,2
b657c914c0005b37e24c1cd74c5f4ce886147606,0.42283463,0,0,2
a61fde99657c1b9d11e8eaa682181ea59e65814b,0.21967496,0,0,2
29c067466ed78c3e7948fcb8f0d25b3d984a1a93,0.5820145,1,0,2
fd86d06ec5d3b009f3882dda7903e9913858ee14,0.34432712,0,0,2
a43b8d68b8b7e6d7f23977a7432880290e6c6933,0.42122322,0,1,2
31e4a6df19cf4a13f8f0e9048198ce7488ad2614,0.37288642,0,1,2
3c0c9d83e27e436f9d3646f177bcb0ac2fecbeab,0.110991456,0,0,2
db7a08583a5ebfab310efde6d0636f2e2fc108ad,0.050240453,0,0,2
015e3cd37d128e4ade9b2d49f74f3b4fc07d82f1,0.46714646,0,0,2
8dba68a38c8bdae91c15e4eab35cd83c427d8e71,0.08362815,0,0,2
bd15dc78c74bd9eede3419b70469511f196a3716,0.46953106,0,0,2
c3ff46e30397bc0355584c593d500d2564c1c515,0.27318427,0,0,2
b2d4b2ac3a738d97e23e53cd459d9c57ee8827c5,0.028851388,0,0,2
3e24c28e68e617735b25791b0bc3f67f31624ebf,0.031601172,0,0,2
b1a8299ad223c3b2552f6d03e51c2ecba5df46ed,0.025564471,0,0,2
4e931386569c0a28b7e47c52d199aa32b6ca32fe,0.45601216,0,0,2
ed98d264cff306f7326db096cddf65cb26ff5498,0.19793904,0,0,2
1f07a0bf70049cb0a2f6b52ea7c261da5adb1abb,0.087176025,0,0,2
60bcdd450d6950da981d70b8b08379bdd744c82d,0.029353853,0,0,2
74133837585f81d1c6434ce32f73fc8694d5f132,0.036155984,0,0,2
0e9f604e87a5b42b27abc13a9328846cadd640f4,0.02772598,0,0,2
53a0a9ff85666348a38054e335f5b4c5355a6419,0.033371568,0,0,2
73f3e2b3d6b3f4a7000187bb3e6a4d82b118d3b9,0.026212296,0,0,2
b295635a87da0c20e5e2495103d4877ef0187d4d,0.031410046,0,0,2
8f88dcfc902b5bc86a239756afffc9f3813d245e,0.026958792,0,0,2
815b269deec60ec69f4e5e5d555afe9b98c18cb9,0.030100232,0,0,2
2b0658c59d6285547a5c6de7ac71c7cb134ce975,0.025849458,0,0,2
364232f781d0cc91cd4b83012e1f49e62fa81190,0.033546586,0,0,2
e972869486f85c3424875a443eb04bda2eeb6bd3,0.025516693,0,0,2
780b2281d86cf89cf5dd717c1cf54bbd48783654,0.026496112,0,0,2
06c27b37ccbde70514e035a50ba0a6ee1ff94ea3,0.026349578,0,0,2
1d1c41945a50a740519131bfff4e1875de69dd6b,0.030571263,0,0,2
71e40d0b30fbef976da3595fef8736a4e1245466,0.032943923,0,0,2
f781fcaf0f19766f7c9105911613f86d22b2091a,0.028197411,0,0,2
cb8cf1574f99fc51c9e67b9456ea4d494fd4cf29,0.026426598,0,0,2
c63413182017e069393963d07570ec69f373ee1b,0.024760038,0,0,2
8bba18089a1acf29f9d2433efc229d5c851f42b1,0.5962411,1,1,2
f295b186fd8f6c619d34a8c69c6a1307f2276779,0.3385219,0,1,2
02c7974c113cc2a51d6741491080058470265899,0.39730203,0,1,2
027c193cf1c012cd5bae06446496136a582c180c,0.5144697,1,1,2
4a10030ee78ea8da944f6d52e3c671799d73b5d2,0.38597807,0,1,2
5166f3dd04980177e46293408d998087040d4c19,0.6228528,1,1,2
d37041ca62ea9eab6e777bffc15ddab49941217a,0.38175306,0,1,2
53e5e3fa8531bbb4d70523197215fd19b89c1a76,0.31048304,0,1,2
62e6242804e4167f5c476ae34acc784009a1af0f,0.37831926,0,1,2
324e8b4d43f0260b4857dafef46e8c5f349f633c,0.47336558,0,1,2
9fbc2a346b86872c397ff891d379115abe5846cf,0.4932341,0,1,2
c5a15b2b66b6b4f018589d8f60cc7acc71861822,0.48756963,0,1,2
ebf108170e9a6215176174d84313a0564ddde0c4,0.47080418,0,1,2
f1984c42b64788a0737c3bd43e4da95e015c19e8,0.5125502,1,1,2
904b790c41d6ec4629921befd1c5286e482fde57,0.41295907,0,1,2
c2abe862ecb7f980260a7b44d907fa116a6bbab9,0.5285622,1,1,2
19a56adb00295d528015045cacd443ff10f7bcb2,0.53985494,1,1,2
e2ea5359798ce8dc77d4b23b0f9b4df33b37f940,0.5235182,1,1,2
ce4385a413dc822f8849678608d0bbac2defbb81,0.53228825,1,1,2
c11215195bed3261d88486d0ad1644080afbb97b,0.35403666,0,1,2
7048667393bc4290f381312243d13688407b9350,0.45120177,0,1,2
b188b5ccc0f1f8702313eab62a5dcc164f817200,0.37198526,0,1,2
4efd950d4dd822f3e087db9830d09cfb3fdcb541,0.55678797,1,0,2
cff6e00097bf7dd97a5404080df3bf7e95813a1d,0.48340154,0,0,2
27214015c725619e0098e227fd29816d0891d4c5,0.30500847,0,0,2
f8fbfc9fdca4b5e9ba1a5608ca17e7b6feb18c3c,0.122759275,0,0,2
0733d7c2ba214415a8d2e4efba5c6e26b61d3291,0.44351542,0,0,2
d8cdd5eeffe9b63949129d09f6b0c7ad2d517e90,0.19551232,0,0,2
e2cf4811ba485b0bb29d7d80bc853666bfbfa958,0.28012225,0,0,2
580e0d1e26ab2a9275f01506f3af56fe8fc32988,0.40656292,0,0,2
3ba27e9f4a29be1922b3a19f9c6c5127f93027ab,0.036188252,0,0,2
8fb1341ad7c460286211f4f2a6be41bb5782653f,0.3705751,0,0,2
041507d3aaf718ae536f9ab66e4eeb4065cb339d,0.30736393,0,0,2
735b1b59862dc1b5f7e60549aa7c33dbcc4095b2,0.44859,0,0,2
60595251eec5979e14540c6d00043e24905a7404,0.23802195,0,0,2
980366284db98e0515dc5e827aaf4f750699bc80,0.22961542,0,0,2
6c2dbf2885fb4602b8e42bd208ebef66df23329b,0.3164249,0,0,2
cb6ee2cbdeadad5d277a6e7293d88bb915090c4f,0.34356332,0,0,2
a00624cf27791193be74a610723a9a0b0980d23f,0.10532993,0,0,2
911d59f46d0dce2e07a93dc0ff705154f568b7ba,0.19011235,0,0,2
1aa543286acbcb3c23aebaba003fa024a54aabb2,0.37729073,0,0,2
f418eed3089d74caa11affaf947a40b774e9c8cb,0.3783734,0,0,2
a13691b5be40d31099d39f7c8f3ee9970ebc20fa,0.36227083,0,0,2
3e8b8aa06bb7742cd1643fad72d7739cda400010,0.029495101,0,0,2
a1db4c96f62eef05fff532b59300edeff3ef21f5,0.4721451,0,0,2
5321c7ff2ed082524bc319e44f0aedf7ed8960cf,0.045411054,0,0,2
9be73347bd09934dd0c99d32bce9c4e12fccf6ce,0.31349295,0,0,2
4362e02ed0404d12ca75ee3476d4a32f9f671811,0.42928308,0,0,2
d3f0ee5e0928122b41ee25e2b4ab09bdca5bd00e,0.28005022,0,0,2
f82b5b57840389fcfdc4f16cb75703361d6ea059,0.3919582,0,0,2
51d564f738b20621e4e14649bc1b15c929668e1a,0.47700328,0,0,2
5bd82306a8e44e2b9ff098f29ebf4c69c195b9ad,0.34360778,0,0,2
9959b3c5a777845aa19040a5a761814e483a6483,0.042420994,0,0,2
a0611b06f05e3c37c622f48a783836f89247c237,0.304659,0,0,2
f02f2e54ac7d88a6b7ee620e45e1bba878c63a56,0.40091294,0,0,2
98d6d15235e046762f3b09294e896994f616627c,0.527735,1,0,2
fca0e6ecf6012ee47fbc92fef4533320c1e3d849,0.27671605,0,0,2
db642a3c3ad93606d27d6e277b529da3a50057e6,0.2534784,0,0,2
1929834c27a931ab505f7a389d38fafd10331d8b,0.4325179,0,0,2
a5cb9a4b4a196bd2048cd21ed2fef175bc1181cf,0.47897965,0,0,2
c2f1b685abecfc11de76ffd0a28771f41b566782,0.055837244,0,0,2
30b6759387b4402987f6f4a6100fdc78e8bf755f,0.08634008,0,0,2
50b126dc0eb075a2193b670eb7ae2089896ba283,0.38478738,0,0,2
6b08874607dd51c9d8f600a96650a330cd9e6b95,0.23742804,0,0,2
c9685cd5e462926aa401fca7321ea23927492006,0.44132107,0,0,2
ce8d0f7a47f7caba8ab937389c59b68b20f6994a,0.49001002,0,0,2
98b8758e761caf659608f48fc5c9e9056f911050,0.55867946,1,0,2
95b2fe97c7f191e43b7fe11e8e027d87eb47f15e,0.4692318,0,0,2
79237dcd2bf537d56ff8d73f897cd639af7bf8f7,0.39398414,0,0,2
181affd5c937755f54ff31ef056a6ec091e95f51,0.52180636,1,0,2
c334a1bca8338c92e76f0f1cf2ef4884e3eb5dbd,0.14149527,0,0,2
efa48b214d30537bb184884ea30ce817bb350153,0.06879291,0,0,2
b45c4bdb496381b5f90df6872edca12e0a2e68ca,0.08967162,0,0,2
f8489499aa6d460a7548b14d516638b0bd7b862b,0.103867784,0,0,2
76a2ac814caa194c46be1cf7a3f5dc129546b1c1,0.053111706,0,0,2
31fb4dfef212791f86f052ce8a3adeabaf830cf2,0.5202849,1,0,2
ccfca8f714055cd9fbd00cf7e847b880132cae69,0.45041558,0,0,2
a29815abf4f0e51b332a8af1b83ad344104c14d9,0.036188044,0,0,2
92e6d716069686583b852a6dcf12af986d6dc694,0.28305942,0,0,2
d105819a0e72765ff5ba4efa5622d727360ee2b8,0.123499915,0,0,2
3aa6f11785a2f1b3b09df328a02a2c28dfa0bb57,0.040495384,0,0,2
b7a82a918f0a595a96047f7eef2672fd95d5626c,0.033464406,0,0,2
52f3240d90f2397cd1850ab11674ba08a0ecb2a0,0.06920396,0,0,2
d70fdbc40195077057a1edb14ccd16a26435d007,0.025173506,0,0,2
0751f97bf6677c3d55aa71542d572dc8fcb9e79a,0.6506615,1,0,2
e505e1fea57e0ab9f1d5edab92546d778a5f41e0,0.48044512,0,0,2
b4380f20059dc9e4ccfe2b709587e8069ac0fa34,0.4541435,0,0,2
32a9c6d42a3a48314d3f9fe2956bfc8bf49ac5d5,0.40589356,0,0,2
80417356f04c5ee1cd6f636e9b043db3f2de24f2,0.44092742,0,0,2
f48bca0510703b0673709b10a806a9d54894a999,0.44683117,0,0,2
f1b54876ab8893a5d9c0e3d7c1a9c884e683dc8a,0.4357715,0,0,2
c82f703768eb8a122546de23e412a037aa1770b2,0.45518047,0,0,2
36a02dc549f32433d7329444455dbb1be2e67f20,0.28673258,0,0,2
fa8957d7939b59e8d391fa17000b34e865de015d,0.48960054,0,0,2
5acc6a5502bffaa66be7e859849856de0ea27acb,0.46389595,0,0,2
b58789c5badc4f9680ec5724568af05a84670e22,0.2931028,0,0,2
9ee3a16179cb65f5fe4170257ab7cde558f1dbeb,0.042314947,0,0,2
4ed0bdf1c73fd82d3080d15085675de96d5be0aa,0.5718672,1,0,2
4950ad86a16e63fa26d51cd709e39666008c5fbc,0.11622821,0,0,2
b61362933f7a564d2ae0b7d6b9723f79f4948769,0.35222793,0,0,2
f28aa71041181867a720134e26b64b03cbccb6ec,0.39835843,0,0,2
720b988fd8d7a50fbe922e6c73a3681b1c566331,0.12565817,0,0,2
9d744f7136f23da9a5f9324432b300b5a68e3b39,0.038039416,0,0,2
98f54c158acb12a26fa6f335b1665accd2aed347,0.036281444,0,0,2
22c6d087012fd55bc65e578a27f2edb66f4d3808,0.36385265,0,0,2
890b387d713d04c22406db6d5a5fc9b51bec2df5,0.39187375,0,0,2
c7d56cffbb4668d0955ef00196e08f42f2efe363,0.3294326,0,0,2
7680fae14c9f544d0585a7b150004a1e48fff53a,0.3228435,0,0,2
136c5ffe80e558a87cde01baebf823b06e3cbe75,0.40100095,0,0,2
8769d0f2cc4b7555dc025b7c0e49a81346a1e2dd,0.2793322,0,0,2
4b5cda5a2c6ca613db5129d50ffffce2604ad9eb,0.32093924,0,0,2
2e62764c0c386632e87ee8d12d0505848df1015e,0.2883842,0,0,2
4590f14e97beb6d10ffb7b5dd312c632af155ed3,0.2831048,0,0,2
079bcd0339f30343c01c5fd3d5521be4b822d30f,0.02853039,0,0,2
29283b775291bf03cd9a7e1aaa496faaa5757578,0.25151893,0,0,2
89321a2dee438328e75a11954e972175c78f0a2a,0.43597555,0,0,2
1f3e72fa069536ae20f37b29575288ff65e66803,0.5160185,1,0,2
c7720ca4c232d317cfc800a04eda4a1d5a44a944,0.39190802,0,0,2
a747456bfe077da467ff036172968a37f3b1e893,0.15683113,0,0,2
2f2c8b1cc6e6e731f7bc52b0988ea8316f475004,0.17908671,0,0,2
013b445ede8d9e7aad4915859d0c869b9b712f8d,0.20409171,0,0,2
f4e754e66e3661274df624bc328991cd88dd03d6,0.050220206,0,0,2
741944332d5bd90112b610a8b5f2eeefe51e08bc,0.37472537,0,0,2
4c7d7523088373be3c7ff203ea895d5a6d84083e,0.43070346,0,0,2
f79c9365d0ee89cb407b90cc084eece8fcf9a8a2,0.39030138,0,0,2
8714dd031647be34d0d27f461894e7b194f25cd7,0.026431544,0,0,2
83406b73e70a251eec5daae34f1bd8d554cdddec,0.045487087,0,0,2
2f956f46580e5b4752173e885d37a20fe31a78d8,0.03898848,0,0,2
3f36b7b50bdda3eeca632ad5440bb82b8e34cb40,0.18640953,0,0,2
9962a0fd02fe2ef06765271605b06729af8b2e59,0.29957992,0,0,2
5294c64b342818e021800b38413f36f426e35b3c,0.39181533,0,0,2
5a45ae3b1deb5117cb9e9a13141eeab1e9ad3d71,0.050931618,0,0,2
efafa61992658eab64c893e9eef49f545d75673c,0.4325242,0,0,2
630830476a6270e317e84229996a6bf92bd903ca,0.2207958,0,0,2
14097c64d243794610788d3ebb2e81ba8fd867c0,0.66701156,1,0,2
f2615d9a611db401cdedc022112c87ad938b5680,0.3412525,0,0,2
a24d624aaabc14a455d18450d9127f88d1b4f8be,0.374655,0,0,2
49169033546d893dae3db903a2fa6af712f125c0,0.3055084,0,0,2
fa7588c4c0f8d403e4815fa72e3b8a3bc98d73ec,0.29698816,0,0,2
367fe13b46a0b4dda56b7f12273d6c9afb1da23f,0.34534198,0,0,2
368588b5c5c4140f39ea8b9a8ceb3d1af0708804,0.3462457,0,0,2
30ee10d2740fe1f28595989c6b21f22b75a147fc,0.39810404,0,0,2
af9fd052d1c208f191fbdf85873f965552465598,0.4665656,0,0,2
0a711ebcec7d32b66ab3c90b2a1f48681201e557,0.23756434,0,0,2
a4acf53336a482f50335d33b4f650a70c9243b7b,0.30149022,0,0,2
c26fa78817f30cc3eb91165b783e07fb80d80f59,0.28870916,0,0,2
944291b748bcfec4e2f3c17623884db7a17b9f21,0.46054843,0,0,2
c44f982e89b63a97190638cd12bd8bee2bafb883,0.0390412,0,0,2
fb46b941f7763314d667c437c06b1675e61c3d38,0.24957259,0,0,2
e9928c94ce1385ec72028336417f19f30ac38ac0,0.46929967,0,0,2
d4021487539b0f7758ec644f2e0d83df95c66bba,0.41601616,0,0,2
ac62c1c29f319a97a2552c39f32c8e6acd70c9e1,0.35034615,0,0,2
dc08bb8ea6cdf01188f6699559e779e6cc296287,0.40607193,0,0,2
82b8ecc3275d7c3578a6531ac3f1da3ffada9dcc,0.045780584,0,0,2
36ce032b612fc0a1156d28bca7327e06337c8815,0.35568357,0,0,2
2f22533ef41533e2b839a6b41b262dca59e6dbf9,0.4689406,0,0,2
39a3cd0f4210dbec1ae8ef39a87d34b76eac91a3,0.4140851,0,0,2
1f470253c46471033048383c027192e757480492,0.041106787,0,0,2
9c40a7bb3c9aca51d17490960c988dfb7b5acebb,0.4571174,0,0,2
7f8e952abc4d2fc4b96c97a51aa25fcf6ed8af02,0.31562442,0,0,2
bd0b5af025fab9cad8f94260138741c252f45fc8,0.46619162,0,0,2
e036d60d8a210d5ac28b2e5c51a45ceb82b58f09,0.38035494,0,0,2
626014eaf093fc2e3b53f5ad00c425bc209e1428,0.41943586,0,0,2
5c85b8dda5f3047732a17b818256b9289274d071,0.3286641,0,0,2
ea402becca436dc1a8e47ac9385a3db475b49355,0.4996075,0,0,2
255f10834a67cf13518316de0e2c8a345677ebbf,0.37431833,0,0,2
044de16c14076019f87763b7b58c45664ee57c11,0.38154835,0,0,2
e54ca615f213f5db6d34d9163c97eec98920d7a7,0.45164585,0,0,2
07a42d3ffd034e467e49b5c449d4f5f81c471cc5,0.34143165,0,0,2
e6da0f682436e1387ad68e86edf7418c0f7cb368,0.35136887,0,0,2
59ec4f018963eb55e32fafc2b924826c39c09682,0.46187094,0,0,2
ece4b70cce24b89483236b4cff079c10597d680a,0.627285,1,0,2
09d28fe7995db1a4da2c651d362007d2082c663c,0.24110588,0,0,2
98c27699cbcf65c3d9d655ecbcd67adcd8b45b05,0.029261526,0,0,2
71cff7c5940b7101ff098601850d46b7a4698180,0.4106632,0,0,2
89e0607cf6470dda1a6a47b46abf37468df4e50f,0.2534558,0,0,2
6fb60857be1fed21bdacc4ce830bbf99103b6fdd,0.35123292,0,0,2
3634821fa515365618209f0452443728e7290fca,0.3916499,0,0,2
2fd62ee4d524c270764e9b91dca72e5cf1a005b7,0.3507651,0,0,2
a703ee75c40e0207f6831c4d48e1c7e62f160305,0.4510815,0,0,2
fd7cfed070c2aab60521afb7dcc633a0b7abea80,0.58146584,1,0,2
1de41ef4baeee1c95e245837299f8be265294445,0.38086092,0,0,2
9491d7a61681f7acc7103a6d1d45efe96f7981d2,0.32425535,0,0,2
2d3203b10cc8edf71a6e3e0822f0d742c9516aa3,0.43482178,0,0,2
d55a572e5867832f6d5755fcd46101da51a38aa4,0.37701514,0,0,2
170cfa758547b4d9be50058ad93cf60ce0da5564,0.033952072,0,0,2
3783ca4476fec8186c867e4e57084e649c318c6b,0.044509,0,0,2
4d996d1bac1bb1886cd9c473ba00e53e3c19cf3e,0.0746451,0,0,2
445cb9dc2f07553f8e1e5f7c1150f00fbb05c63f,0.41876164,0,0,2
ad80bfe559e7380fedd7998daea5f27393ab643b,0.40268013,0,0,2
3d2d4fd1588c8eb3f67f34d75b66967d0c7b06b6,0.42008305,0,0,2
d54fad867da7f762ac4c0d947adffdc1f8f356f1,0.29225987,0,0,2
12bbaf3550d56bc945b50f538b5f18af93bd316a,0.28175128,0,0,2
150c578edb161bdb2e8c039f0914984f570ef8f0,0.3452018,0,0,2
af977adc43a071a09652fea4ce3deba2d5b8d171,0.31575042,0,0,2
e021734b62ea5ac273e516b4ac83727cbb99ec08,0.23515001,0,0,2
b635beb6efc07a97c143775c78a32d42b3b73c8e,0.19813184,0,0,2
3fd2492fcce073f0c36e4d7e23e34881557e6e5e,0.33022475,0,0,2
a918c493296c88da94b36600213c7c188f2589b4,0.4627115,0,0,2
9181e1d536bafedcb3587ca30e5b6e2d66f06bf0,0.29766786,0,0,2
cc8bdf1d13639d12d02170d40cc4890180bbabc5,0.30705056,0,0,2
33ee5497490cbc97f3eabe9ef7a6391e4dbee8bc,0.28094658,0,0,2
dc61e510126aaa1a95a46fe39bf1529f394147e9,0.46155936,0,0,2
d320a457a9de67be25a03f79e1695d549a0145f3,0.61185545,1,0,2
94ae6c84d22ed33e158b3cc822ca4a0484c829c9,0.41433933,0,0,2
e9e36cdc44a68662885e35773187cca00d20239e,0.29346496,0,0,2
7d4041d827aed7d9f3eb14310b824a2faa96b8b4,0.032005765,0,0,2
6f5f99440e7117ee3bb6407e06745fff14bb2a4d,0.039972503,0,0,2
3eb4be60cf00c20e46b75fb72366dd0649700c2f,0.21096724,0,0,2
edbd9842cfca892b10c2e9c8da0384fe005cd67a,0.30667105,0,0,2
bc8e23808b9d8d0c9b67270ef35d04ebd9d89cc8,0.1717242,0,0,2
635e41ea181c5fee8860a7044c84ae3557b51189,0.39935765,0,0,2
c4ddbe6456c9631c301171098a8ac016eb4e582c,0.36366618,0,0,2
63f1d6b83bc10a2880f5ec17a172fab284d2eff5,0.39000416,0,1,2
10e18ae9b47dfe04573884739823d64825105694,0.5384501,1,1,2
d3252a5ca5571e0a97e9a31966ec6b847a3a8574,0.44624585,0,1,2
86c76dd5ea04d1881a52d79113d6dbb1d57c38a6,0.35811168,0,0,2
73a8fba6fb23af45ee77f52f33bb8d791a9caa05,0.07401058,0,0,2
e8db7237a9c347d2225fce9b49ff92bb741adffa,0.041296523,0,0,2
7af67bdd16a4f103bbe6334c5a865436c900adfe,0.3611218,0,0,2
71d7c3264239c55b6e2daf89c44c5685085f26dd,0.04567674,0,0,2
958029bdd45c3e341eb146031ed38b4487d7b0b7,0.048306808,0,0,2
5556026ed1dc17e70946a4a030842ade3a33baeb,0.3361936,0,0,2
3c92830ec51fb6b6e9a7ca2fb8fda324cd33e48a,0.30817148,0,0,2
0fe9685c8a78ba2d780a3ec1e1a323990dc6d218,0.061800938,0,0,2
bd7788b384a87024ddd6bbe6a9bd9a167cf2ec12,0.05169092,0,0,2
dfecbe970917754511a081f8b86efac211e624f6,0.4637581,0,0,2
ef51b068aef14fa347710497cfb67aa9c6e65c0d,0.04968084,0,0,2
173c162a45b4be6fcbf7a30c44d1953062a25086,0.1166809,0,0,2
c4c03a33c8b8b94eaf75d368473bdd10a21cd0df,0.050592124,0,0,2
2fefdc7dc3c9afbbe534ff69db5a754be0716b11,0.045430053,0,0,2
f525bc3ccd9cfb69603bd9778998263a458415d0,0.29051688,0,0,2
9072a7615a54d5e753cf088326d9e14f1a5a6751,0.044670366,0,0,2
11491d355da8a851d6badb6348b10d8c4acc9d8e,0.35444126,0,0,2
2bc2ffde1f4752e7a8c7ea0a51c559faae194786,0.051289883,0,0,2
35f1cc00274122c0274b522d0b544a06faaba931,0.23033218,0,0,2
98817e88f04cc6757c42ae52d653b63cb85af486,0.20700611,0,0,2
83775c432382b9c0367362491d0dc515bf0e131c,0.22968407,0,0,2
a498b87dbcaa0a61c6088d7156258a3cb06638cb,0.3586167,0,0,2
34558845e3777afdc1bf90ebbcb2017ca17aea86,0.072852254,0,0,2
59985b43f0868d9a4a588d9ca1debd03108f8cd9,0.38316205,0,0,2
8ea1aa1e7cc427c28a89878fd2dfcb110c992b20,0.044012982,0,0,2
d4c7f63054e584b69024664bc2f221faf9863519,0.408945,0,0,2
20c733229df741e57b8ac205788ece2d563b2f3d,0.61056,1,0,2
3051264e1bc1d41a29c9dae7935c090568f64af4,0.51125723,1,0,2
db0f2304bd7c3ced65cbdfe9e17e80fe0774c13c,0.037558295,0,0,2
2f67045b9647de10ea5d01d8d1e98ac7de3e1cfb,0.0507489,0,0,2
7ef106b23772995e4307f84afd1bee4e2337ce0c,0.2497724,0,0,2
71f6746f81bb9650f6f228ea204d85ba2c5b7392,0.31135872,0,0,2
2ed96f00f724c3331d6b56b6b5650b9632f43954,0.25973603,0,0,2
3720683699bb830a4aae6fb66a78ce7079ad2c56,0.17033081,0,0,2
df37e605fe4b027406bd9dd85b320526ab12a122,0.23168823,0,0,2
4ad74f449258781e9df189413423ffd6ad95c526,0.28784576,0,0,2
d81ea83a0eb1761bb4e90a91f3b70f23f88a7d2a,0.30793574,0,0,2
e2c0ea4374c02539ad9bc6c4328b74f25eb72405,0.1393022,0,0,2
cf42ae522e12e9b412e1a1f008ea73cfd86a5979,0.029011125,0,0,2
fb7335ab163588fe6ee67ef26d3b3edad5cf4bd5,0.31455228,0,0,2
e580d35e1a07431109a5835411142bd1c1c2b3b7,0.2914303,0,0,2
ea60fbe0633082a131bbb18de94fa60a04eddcc4,0.22854072,0,0,2
90e31fd93fdcaedadcd4b030fbc20f7375672def,0.25319648,0,0,2
52adf52e4669b54399fa50f2624826c06a19cb7e,0.21053497,0,0,2
71e515ab6d2007d34d96df5604f74c6fba92c0d7,0.041888375,0,0,2
6d23e85570fe1139cf5ef3bc9b4e57ea73680b6e,0.041996554,0,0,2
cb83f7cb31e50f265e098c5380b3f0051e257f46,0.030464072,0,0,2
2584b4a0ef536e59bf28ba140844597a093d848d,0.040567603,0,0,2
cac520971206093d32bf17925f880bd06d93f736,0.08996707,0,0,2
6a99050166c945a226d5f8275ce4a9dca3518285,0.47764817,0,0,2
6dbb48c8e685f65f45ad5df9f7684bed910036c8,0.050618634,0,0,2
260e0e0cd21af7b03ab0dae33b4978233db67773,0.06393796,0,0,2
b5749b4f54b30c0c2050e456c12cfcf516434f13,0.09857846,0,0,2
07ec8ad2dd862c8669b2557b995ec5180663d73f,0.043602817,0,0,2
28656559d2fc67193a84d5cbc48d378b2016f74a,0.03439291,0,0,2
0add1e8975336c65513b26123d48b221e2515ddc,0.7758553,1,0,2
8e7ea70a33ecb8db5207849ea6371b4a5a8ffd26,0.062307507,0,0,2
6f653f6bb82757963a87d725808c080109e7e3e8,0.28216764,0,0,2
1974c83561d09cf73a575f992fbd8416e3354d20,0.5555946,1,0,2
37c20df721522b175bc9df3f06a361297010df5e,0.24451354,0,0,2
061450a927ba1cc65f7b984f4ff41866ec2eceac,0.052012064,0,0,2
60b32953a968e5623f82a6b27d6c679bc17c48e5,0.055503123,0,0,2
f175a241c811d2d0843026b2dde5c3ae308cfb95,0.5065557,1,0,2
ea1a69d638d97d5ffc451b32d240479357e02b0a,0.06536171,0,0,2
cae70c10b4451ee3b919764f72dc4a4caf0f6f27,0.03917044,0,0,2
c0c7112dcdeb75b521d55cd47d0c61be66b0499e,0.20540772,0,0,2
8d0214a7417addf790713440f10855dc279876fa,0.035145663,0,0,2
e2ec4f2fdb2bb8d97f64a33e9ac288d52854a530,0.07794952,0,0,2
fc73151cfca36ea2641f340700dbe339b9e1f103,0.058948837,0,0,2
dfc9888860bf192cedde21e5e843bc3caad4b74b,0.56048965,1,0,2
5f9e0851da9e74c12e04f5a62cb7aeb1a8ab7589,0.06395511,0,0,2
7d5a61ed64315bd6570c5cb55c1f53853a3fffa5,0.3525869,0,0,2
82152f41ac8a727c2f0042bd555452dc2dda11b1,0.4588681,0,0,2
474a837858a8e7a98316f97e9ed387d0161015f2,0.27378252,0,0,2
39380da86acc717f419da48f070f8cf7d9f9ec94,0.66476905,1,0,2
0e266204f535aa48f74d4f2480b2268c13e26b22,0.48281536,0,0,2
5b7608d1549989d92dd159392c19d9ba8ce0e62e,0.2795547,0,0,2
e79a590e0cdabd93883aca964db2a862ff3f8490,0.27246547,0,0,2
ec4d8a9a6b783f1d5d603d5272c94deb1e7375ef,0.29206178,0,0,2
507451866c98cf9e2ddff1008fc0152935ed9e20,0.24137853,0,0,2
8ac3334a04928faab627aef4daf4ac51c28a95ef,0.19517611,0,0,2
6bb871786e563ed82e2b8d26314c22772808fe5d,0.06665122,0,0,2
633ce604968078151e03363d5c67042af74310e3,0.04020607,0,0,2
18b3437c15d78c54510964728486831822809d9c,0.54612005,1,1,2
d68f7f5f44924ddee14428e16b7458e2878baef2,0.6494225,1,1,2
a48071b0d489420bfdc0c2ed7254d1dba243f700,0.5407487,1,1,2
5637a5204ffd7b77f569ed28f85610eb782a159e,0.50337446,1,1,2
0611710c619e67affe9e3b6471943d0ccdb9da73,0.04844132,0,0,2
ff3492b06299c0a38c029c8d7a524d0027de357f,0.03640378,0,0,2
0343b4fda87161265acf30d5ee61e525e751358d,0.041165326,0,0,2
756ccc935ef2a8f9f48e96f28c7c622ffb3e6627,0.34772515,0,0,2
612236c8a77d5d8c4755e287f682cf06d773a902,0.038990825,0,0,2
f37f4b68f3343e2b8f8d82c40398f975116102f2,0.32257164,0,0,2
0822b4226f31e50ec244d311e56e3446a8e5811f,0.051291637,0,0,2
06b7cd3a31c4565ceb0a127273ef800a3d084caf,0.02727305,0,0,2
04b55bc7ca0b0ac444fdc8ad01acef8172852a8f,0.07272695,0,0,2
54ff33b2ad26e3969cc59d7f2723563dee3e37dc,0.048669342,0,0,2
54e63005446a2b0a4255ba16838122c5808ef886,0.26666668,0,0,2
1a002c67f2d3c198411a62165e53b31d6b414aa3,0.5057802,1,0,2
ec2fa6bd5695b36435cc66ca4cdd8183d077a0cf,0.17733394,0,0,2
52b46e74dd29eb3eb65a593a872fd57694bc154c,0.06728165,0,0,2
59022fb870c2c45a27e00943003c5acdeddaeec3,0.22971182,0,0,2
03fe88ab71cf2eadaa39654786c3fba713742768,0.041565374,0,0,2
a0b798c27a0312df2a110073bd7888993e56d05c,0.36009127,0,0,2
fb7784fa1472b4c55d329aacae672f416e11a703,0.050295178,0,0,2
5fb158cc05a9ec78e31e49abb654e00a7b65721b,0.3994692,0,0,2
f59a674a26d349b7069158023194ad0d7a38a9e4,0.26580554,0,0,2
fad946a1d79486c5118a596e8ac67ef7d5189070,0.19988048,0,0,2
d190655a97c33c886997b9570697f432e7d3a21a,0.13979547,0,0,2
68acbc803e416a38616bc25505cb88dde81af5ca,0.20093368,0,0,2
e8a2c29721d145c52c970049e5469cfb0dcefd87,0.060780913,0,0,2
00fafe772ceb91c9f26d79f5a2f6c3695a141115,0.119000554,0,0,2
31466db6ecd115aa74616e14a75721b45c0f59f9,0.22184342,0,0,2
6d3796e64bdd5f3f4857bfca6982e6ecf98a2b33,0.13962337,0,0,2
131917a0d3303ca2c38fd1d6765b9bed2c23ff89,0.1859115,0,0,2
51512905c31ff19b91fc67b2cb3ddb5b1fa0fd51,0.312486,0,0,2
56f0e1053c9aa767ffaeee37cf06a6056a221163,0.19222395,0,0,2
04b41e2c97fe5faaf521c2e0581c30e18e2f0c27,0.20014744,0,0,2
84d52919ec3b3c75f28a185ad7cd87603c3cc4cf,0.14929359,0,0,2
18f5f54ca0e78df12586e0750e257058746a5a39,0.10401018,0,0,2
bb76a6848b37cc3f418a370c56f597486618197b,0.035887714,0,0,2
69d4bf883cd7402d13497a40422d20096b2b9aa9,0.14667863,0,0,2
8bb3526317408fba3ae351719feb68703aa5fdbb,0.035972886,0,0,2
b212aa3c6fb91c34a0faccdf783a0a085d40be94,0.036538366,0,0,2
f8b1f6e7456a92b8aeb3e0aa8ef88936873dae00,0.029504718,0,0,2
04a5d83aecc325f87696c83b1a5dba45584ddaa7,0.1950296,0,0,2
c202aa8cec19d80f4671e77370287540a0777b7b,0.4013121,0,0,2
e55aaa5706f031df2e8d68bdf088604c79944246,0.28559807,0,0,2
63374a181393d941c805b6909c2ae5c41159e745,0.25297007,0,0,2
2b15e1f43de16d204a28f72a530abcc24208f4d5,0.33146158,0,0,2
4ceba113050407f10e116df7ecade93b1abcf6fb,0.48965803,0,0,2
5e5ba1b8129fc0d235b149ee699ecb2fdebfd39f,0.049985226,0,0,2
bcc7c0c85878d19735f4eb014e6b17a3c0deb0dc,0.29801577,0,0,2
f3a7cf629c19dc80734b5b6c3933fcc76c8a50a0,0.30497918,0,0,2
a72a5ced53067d3516ffbebf00a633743bbfeb5c,0.06545972,0,0,2
7642423cfa70fc797601afd64ad28ed1609df9d2,0.30510044,0,0,2
04e52eb6155b3cbf5fffc0d52689a3f679e40b19,0.34497774,0,0,2
a1cde6ab707515ae014c2635f9d32ad0ba64e7a0,0.31753606,0,0,2
ff902c15612f2d771483ce6bb06e55609247c34e,0.39440516,0,0,2
3f796bf74666ff9a4a6d31f10dbde4fd5e837d6a,0.38277167,0,0,2
c158713b66856745427f793f14a5dd1fcaf941ee,0.03223892,0,0,2
e8300276291ae634eda52d812e6e8d7cfef2f8eb,0.025813693,0,0,2
fac65b868c549d28b786568636bbc8362d2a78f2,0.061989944,0,0,2
c99a787752770b8952297e24e07bd404cb2f4f74,0.45944723,0,0,2
b877fb9abef4a19eec9cc7329acbd433648b8f7b,0.26314163,0,0,2
2b52dedd56503bf89b28cfbad21f59e3dd4d1d32,0.37021202,0,0,2
bbd1dc343992fde4baaa0309178509dd07eed536,0.41060337,0,0,2
dd5a0e6e1e3edb41afb4b40e4ec2c99e5932e73c,0.3303132,0,0,2
864721d54b8b372808b098e13120abe5c22fb9b1,0.26106137,0,0,2
18b1bc203bdb236bfd9084193aa2d55d4b605139,0.23047942,0,0,2
b2c1afce7eb13ea44fc7d25562cc3bb83cc91b2f,0.07619886,0,0,2
5b223744b49d3ceac9608959d2db82bbadb47897,0.02886189,0,0,2
031f6b082ff21cf1138907a7c666d6ff391bfd72,0.028734773,0,0,2
afedbae8aca69a092d65766640361801bf2b5d9b,0.5430966,1,1,2
fd59e545f4f2d697ea7e197f002c5e8eeca27004,0.41598356,0,1,2
3eddcccba7e0361d6e833407320908187b16ac8d,0.39989108,0,1,2
34a5e7fa91aa7ec9e75a16eb6f3d859d794d399e,0.3462141,0,1,2
fbb5d31a581c24e925c442a7754358d2b62a669d,0.26658946,0,1,2
17e65488113a2dbe9894f824f4321a06ee009e02,0.41228092,0,1,2
9625891a7bbc0a8b11f7cf9c2b4650775ec8ac53,0.4620902,0,1,2
13cd4e0ac3ab76a4dc091eda457f9a111727cba2,0.5568922,1,1,2
8ef8e2a7a5326eef6180951207f65d3c29bce419,0.4718878,0,1,2
844b2901fe4049fba29ce8c6961dfa25966974ef,0.5636329,1,1,2
faeaa303b903139f36c15751c8e48ef982222842,0.4854076,0,1,2
5fef9575646f6583fd2d9ee01368b3deefe6ce82,0.518944,1,1,2
6c687c70a1d5cdbc71c113b7d7402dd89a942849,0.5240009,1,1,2
c049aeeffd41dd9fb8075e719320846c83e5ea91,0.31697437,0,0,2
9bd439b4e0aa69050ef1baa537e552fa4620e5d4,0.36443534,0,0,2
8d6bc0ca625f3a1a98b486541fa613b2fac4b41c,0.48173204,0,0,2
d2fb3b0865a87cc909e4faab7733f993356141e2,0.41164672,0,0,2
10ebb32ce1806821518f52074f0d171fab20b3ea,0.41864058,0,0,2
caaf97ed8804ae3bf6fb17cd98a5814cab834688,0.40134367,0,0,2
ce0c082898e3551d313fb5b73763f399232b3fd5,0.07339236,0,0,2
bd9adbb637a8a4aa5eb61c6fde2c576d0ab3c4fa,0.3699251,0,0,2
e4b7ee81c1773eeb0bb71ca53bf722f046c16a16,0.35935736,0,0,2
aa31bc6c313789c344d715b7c1aeea0cd8de47e2,0.34127846,0,0,2
3899cc6570bd9176c84ad2d5d14febc6c0ddd964,0.08637025,0,0,2
648eebba22d6398a01b0924975bedced8469ac80,0.5547234,1,0,2
8d95ae41975a2307501aa0f4a7eba296c59edce9,0.19780965,0,0,2
1f56bd103d53c8c6ba7502c6586c26be01bfdb80,0.4690495,0,0,2
c7c85ee39892df3ca007c6596c41654865be7e43,0.3724632,0,0,2
c503d742f094dc2048b72c3f78f5e2e6070a44e1,0.113901086,0,0,2
a2d41db55aa46bd4fedb215c978f03e282cf1ffb,0.5955635,1,0,2
5ceb5f57212935386737ef4af0d066e9fd38c5a4,0.09833601,0,0,2
cf6b6d8eb1b524b73cdb74168f3190ab471aa52f,0.21424577,0,0,2
ff8fd9578ee8f66e6f80cd7b9f204767845b7339,0.43017086,0,0,2
ab60f735c721103ac888d8d7b801055921336687,0.397876,0,0,2
a2660687980b36003a612eb89b40d6fdecb4b153,0.37826028,0,0,2
b3c31a379e9ad7cd22cb7f0669b82361ced84992,0.3420472,0,0,2
204ed0048f4812201ef65c9a0c44fa54a7d1e04f,0.36649734,0,0,2
103b64a373256feae6ca85f2bf220e7694e48fa4,0.06802394,0,0,2
9c506279188a90dbbe124386cc52016682d17b5c,0.07658009,0,0,2
8eace0187ea2c0c1a6e3a5b5e24e701f6e23ae94,0.19525176,0,0,2
72bbbbc559992e5e6bf17279d8194aaa80c62e85,0.28088146,0,0,2
feb7ba55120feb5e3ad3f526fae7dee1b5189d9e,0.4551296,0,0,2
bdb074610c87a210ea4c0d91d579cb4558f4b19f,0.38920295,0,0,2
64d820bffae723b9c8669301b246ae199db61b5c,0.053001814,0,0,2
d58d64ddb1f205a54c7eb57fe0cbec9c59cad8d6,0.48078236,0,0,2
d962a2b31c9a7216c2df557eaed3e475b13939f1,0.43429443,0,0,2
db6f7c1d74ba64211221a69cfa9fe7171a9199e8,0.608975,1,0,2
1eecfc948bf6f4cbb9a2481313ca7368ec653056,0.64310396,1,0,2
ac5a216f767c6defa4da720c6ecb3baa05e30254,0.36136454,0,0,2
d9a2c69a9d1db6072e1d7b7ea4fcbd5c15d20b5d,0.031999834,0,0,2
d0f6be9886afaee6080cd4b7cd5d165c767b71f0,0.44701678,0,0,2
8ac857c41ec8ae02e57eb0c1c1a012525e7e14b9,0.14744255,0,0,2
10d2363fcdd6e15568f765ba0dfd5f0cfa0b04eb,0.046078704,0,0,2
8232c096cef785a2ba88a7324b882a7badb0af44,0.136361,0,0,2
5f4249e2ec8cccb17b27a7ffd032c4fc237a6927,0.02865065,0,0,2
86a59601b570585dcb7a1ce3d1ccc8e16008f53a,0.27213597,0,0,2
809e2bed22f02264e0ac58bba070f6d84386cfc5,0.40061572,0,0,2
6423a7665516d738ae50d272e3b4ca72cdb89a9d,0.32781088,0,0,2
8274993e293a79fc75829df398233915a6387a4b,0.32328907,0,0,2
e2dbe55d56bd6c1209276050f527d36717e33e1d,0.07181259,0,0,2
10325422e5a4735aa87a4d47bdb377e09fe963d2,0.39617917,0,0,2
a069c490e8119189fa2b43d3b597b79b3d42a367,0.18640703,0,0,2
a945ecbbdda782b51d5c2c670345fbf4dffacab7,0.5155212,1,0,2
e4c72a5522aabfa6a660088aa9262d849756e464,0.2858685,0,0,2
0095d8adf26b9469115b1be0358cb09d1fcb5fd4,0.70752996,1,0,2
151f2cd3d80c006f4ec228cdf610c3a35feb195d,0.45215002,0,0,2
33884b226454324f27700f9069f4702b44ef8ced,0.07315676,0,0,2
23108b1bd90de315aed37fa3fc1f38f8a56ab9ba,0.04377423,0,0,2
d6644e4fbe3d125eed2d85e58fc7133466042f10,0.24250427,0,0,2
dc53e49b4afa5d59c533cf2b4918402c37411fbd,0.045289624,0,0,2
f9cab271b3bc8c2fb6e2c51449ad3bc07e62e174,0.38022664,0,0,2
383bc8eefae7e17d0bb0349ab2300488c655ec42,0.030503625,0,0,2
eafeca43268f16aa9d4a179e44b9e7747699c1eb,0.41623625,0,0,2
4733cb5b798cd72aed82a9118648b4a86c91539f,0.3214455,0,0,2
9f89fd4626bbb4e34a905835e397bcffbad59307,0.34612924,0,0,2
2dd459003e19e4bbc2811b10d38337f295fc5a19,0.47881314,0,0,2
8d601ab71228f7c3dff950540e7ee6e4043e9053,0.3734646,0,0,2
0f6a292a29fedd49741310cd517ac4ba907bf8d4,0.3553791,0,0,2
011775551ef75d75f81189eb4604fd0f2ed424ba,0.031303488,0,0,2
695342cb1cef42f30fd1a8496f181c92b21ae82d,0.170812,0,0,2
c14890f08b9bb47ab8ad27f4dd4c714e32961d0d,0.38504794,0,0,2
f3d2d55ab9b783af65f2050272cd0318a9ad23a2,0.3792164,0,0,2
c0771cbc3c445a9d1d2a43ac4ce3c0edbc806957,0.4648239,0,0,2
3aface95813003ff75505e2ed7d75b072228d3f8,0.42083776,0,0,2
2c437a12bbc578442daaef85ab486d1e55763853,0.32082096,0,0,2
ab0570e63aae3027239dcd5d22caab95111a5de8,0.044741306,0,0,2
f015fb2b31a5621689a57ce9d2d300e5f32357e1,0.3061869,0,0,2
cf950e7365848130c5c2d57c871652e6f83e96a8,0.04236456,0,0,2
e6b830bf95f712672cb9e77cd852606cd134c5fc,0.27398664,0,0,2
09c52410e62b0e1e221d413d7ab18feefcca6bf7,0.05481533,0,0,2
9dcd87f9c46786f3da54af7ac1ba4696840dffa8,0.23332664,0,0,2
f55530a2ffd3c481f6554d98e9d73f2e8c62ec8d,0.16074152,0,0,2
dfd69e038cc7035031d1807c4ade870d2a7e2ece,0.33003825,0,0,2
a49ea7a65b7990b3e6e625bc8bfff7396ee49300,0.08180666,0,0,2
41bc4cd029fc486b5570ec344cdeae049bbca860,0.32665077,0,0,2
51b2cabf2c3737de06fc889b39d40240d1b134c2,0.22680207,0,0,2
8a05e0b0f640289c32f2f261f35450532cc2a1aa,0.16418879,0,0,2
2cd3f0f10a797b744509903b8eca4fd2fd4ed6f6,0.04742836,0,0,2
8c1a0d2ee1433681958809b4a0fede65f62936e6,0.099971995,0,0,2
a08ec31dbf212a033953dc6916a743dccbb93e37,0.045946535,0,0,2
5556118ad13fbb80a56d7b8de6f960e9ff8255b8,0.172711,0,0,2
f643b4fa939e89348618ddffae20a804f4461363,0.30880922,0,0,2
bd5cc81ed7f91865aee7a5a7febeb237220d0c5a,0.058880053,0,0,2
657704627b297a19a693645cf03c5c70ccd9a8bd,0.0370629,0,0,2
363cbf7908cfcc6a538126bcccf5c955afda6aa1,0.35017508,0,0,2
c636539836ecb541d9ef71f2d347772cf9f6bc52,0.40830776,0,0,2
7cf5e01c2a152a0b612cb19e02213879a57c14d2,0.032108784,0,0,2
e8d861359ade336badcac3211e5aa447097479a6,0.026760545,0,0,2
044367419dd317eb9f9935d8360280b8b8695462,0.4225576,0,0,2
86a082e8be8c51f07079ded82d6d125c9efc1791,0.04026398,0,0,2
ab25f67348d4885620df86497889c1826f013a73,0.1455614,0,0,2
07811434b773b6e1737fe7dd3775aeab8afb18b8,0.37160993,0,0,2
5bdf0a938adb384bfdb6cc494a2781e2ac33b0ea,0.031964988,0,0,2
30c85ad05363767deeefee577063c2c432b971d4,0.38658506,0,0,2
1661e5519c4836a5a940b13b7797263443156fc9,0.39841342,0,0,2
a64153a3710c5035988690f0acf57dd61b711cf4,0.44456154,0,0,2
954ade4c1ae2adc0aaac3a1dbe800495c519520c,0.31949437,0,0,2
4bd982d1a1df87724682c17c39bf27b5cbe389be,0.20467399,0,0,2
a6443e146f825291308319c6a0f2eb82aa34f8c3,0.44279987,0,0,2
914844e1b226a1ac7ba45626ecfdfb56e7b2e263,0.35376182,0,0,2
98fa164cd88d126d0f137f5bcb4a1d180e0c2fc4,0.5358169,1,0,2
c79e6fb8f95bb07d2394221b29b75fcc016f4900,0.36757666,0,0,2
6597c196521af500feef7a02610727eafa7ec1dc,0.2564201,0,0,2
4670a941be92a55fbaaa3b4055d444e07ffcadb0,0.060006917,0,0,2
cde4c529034e182a982fd842252ec410d213c34c,0.05382249,0,0,2
b5f5449cf338376d12404d0190054525987f4276,0.5432004,1,0,2
721a6e59f7e4f5c0f3196d3eb0e81cab5e41d065,0.4590013,0,0,2
c7c424fb9c3a39b6ea036242e44cdca324f7d104,0.026285715,0,0,2
a8f41ec97d139f5d0d7cf161e8484f2bb809facc,0.4896594,0,0,2
0181c8059c081d144cad36d003379bd50fcd9da7,0.5769623,1,0,2
90f0a680adf3eaa95e46e96d28ecd6848c74bfdd,0.4127113,0,0,2
12e597a78cbf9d82414b944a5b285d81a2e27e51,0.38652113,0,0,2
b45435c950e6f6864671bdffde29e26cdc8ce15b,0.32787797,0,0,2
4259a706ab8641f408afc3ce224b1c0ba5a43d17,0.29584885,0,0,2
f0f896ee600ea7ff66c083747f370453b914be48,0.43089637,0,0,2
5482ce61b003726a9476c76a4337e043af4318c0,0.0681324,0,0,2
31a9fa0cce769c976d74cdcb6e6ce8831793db7b,0.5027827,1,0,2
1a20867d01ef8ee5b32b0620125b7c38a10b80c5,0.28668353,0,0,2
1731949116a7278f2b729cbb9e505580c8f56980,0.21488939,0,0,2
b521820b23c45fd068618d10955eceed48801eff,0.17444922,0,0,2
661d16d190708a1a396d8b75ba10738e4574c11d,0.24499208,0,0,2
3c2673e82d33b6c9bef3005a896e5b0d52b108dd,0.34111264,0,0,2
99900ae089cf996bc969f0673349c06c2e6fbf1d,0.33733788,0,0,2
811dbe7226ba0ede04c2062c2dba8f72a1c03e58,0.6400368,1,0,2
9f7d03f09172afcf0a7be40e3262d151ef053b3c,0.051794708,0,0,2
3c89994355f3574078c832b2dcacba0e65e87ed1,0.4368362,0,0,2
d547412bbd2a1ca56769a2bfa13b7ed9547310ca,0.1867828,0,0,2
d3146a545612422d3f8078f10afa00342b327199,0.46831834,0,0,2
8f54030347e31e0b1492fe874a1f1b67b89b836a,0.5012875,1,0,2
f059e5f7fa1ac4a906b5d2e18d72d410bf28fa2d,0.030388236,0,0,2
a5e76ebc404d419651c2a25b1a62199de64cccf5,0.3746846,0,0,2
a91f76da21faf4e8b70f0f69c6db2521409e7d29,0.39683524,0,0,2
5a52446090a67b9b04b67a0b7aec94e73bd21930,0.027447453,0,0,2
82cc24437f43d07880d8883229477735431e5d02,0.43279332,0,0,2
859224ffadb79147088840732236c1fad341d842,0.2688182,0,0,2
314b6b56bec4af56dba667d66a25c1613f4bc800,0.49945945,0,0,2
8cafd87c83f4197f7e8d14de8cba453c844266c0,0.49961066,0,0,2
a060733e63a9cc476342ca190d04ad027a241d33,0.35400534,0,0,2
e685d847b4c70e354e47ea3990cefda3265aa5c6,0.35018182,0,0,2
c8e648b92cc133a604b5e1f4da1ced943788e64b,0.43783242,0,0,2
ece2f255eed8ad9eff6e236152de65e804c6adb5,0.32027867,0,0,2
9766e22b42b7b3f3923cb9c2502dfc2dd5d0a5b0,0.527117,1,0,2
776b86e99a1ce18a5093db457109807b766d49c1,0.13863006,0,0,2
e1bc286245ce5f798b5312d65bba64c71921a3f4,0.24755082,0,0,2
585b1cb97b4b9e81b55d68e04b6c1e1195058a8f,0.6105029,1,0,2
7587431987258e94748d5f2fda1e6ca049a21600,0.6703379,1,0,2
53def501409cd1f9e20ac43edba6f2949bb366c8,0.24944147,0,0,2
7c19a1ff4c217f03c0be62baf1169d689f566825,0.31486678,0,0,2
8cfc1b1207577943d412789765a3a2085f1b3036,0.1503194,0,0,2
577f7b3b5462fdf84c0956a3bec5296bf7821677,0.19565529,0,0,2
65b08c4f91a4e5d78eb645b46d06d7a46f8c62dd,0.3628921,0,0,2
0344ca3f2d43e3732bf16370262303be8761a523,0.16613968,0,0,2
c68285bb3392665827595ac408a5fad828b0351f,0.48386505,0,0,2
18e692478dcf91fdceb9b9fdca7c61a1111d63aa,0.3847798,0,0,2
f2d8493ac44995170ff84bb895e3a73e0127cc68,0.32245716,0,0,2
f5ebb9a649e9dd0773f9bd3457d6ce1895266d59,0.32940993,0,0,2
3e08af573f8b50da5202f55df62c925f88a47f3d,0.6559926,1,0,2
cc94767e7eabdfcf9d1cab1d8d1d8556864394c6,0.4386552,0,0,2
d6ad3f01574b839670d4ea5cf82a601eee7e0c16,0.5147038,1,0,2
a2dce32cdab108e7e281dfc27dd0a394e1419ce1,0.034556676,0,0,2
fdf05fa29babe21e64f9a5b268dc8406d449d4f1,0.24233852,0,0,2
0b70b01a9f1d9664bb5eac737175f58f06979b60,0.4315432,0,0,2
7076b7408f06bc8a277f58e7bb6c2ec3372d5d6f,0.29291812,0,0,2
cc6beb2d05347fba64d933906ae2b712b1a43302,0.04906328,0,0,2
c7554151d3f695718a5bd431e22c7f4c39a0b261,0.035734143,0,0,2
ae862ae116f2056421ab8d6e997e7b64a95828a5,0.3311788,0,0,2
d65b9d2bed09847ef28b9ceb30c9f8a96e0c12fe,0.3218097,0,0,2
36217ee164239391c672fdfc8f5bd080beab5c4b,0.29092333,0,0,2
44854912194177d67cdfa1dc765ba684eb013a4c,0.42931208,0,0,2
fd60085a2a3891ab6db46dd3b75e9dd67a7c734a,0.52119064,1,0,2
f4bfd9c71f51fb541d0fd203f0df2e609632dc62,0.40641952,0,0,2
3b6867fc25b5dbf27925fdced660553ea8289dda,0.13486782,0,0,2
ed94e5a5cce33af89dc1b1475204734b17f64bb0,0.037222244,0,0,2
87eff4c78fac85c1b5f2309887f6be5fa2972537,0.036858484,0,0,2
732ea5e94fdf8fef42b5c21d001983fb24d2842a,0.3006456,0,0,2
09d70ce73dd37544c92621eecb7faf062fccbd5b,0.36503878,0,0,2
060e66bf995177adfc4d73a2a4c9bea70dc5e441,0.02957741,0,0,2
9a7de3974d64a5410e577933e141797928adca71,0.3450544,0,0,2
1e9e36640f762d29c07d8322c361ece163b179fb,0.4199459,0,0,2
c56b87d6efe530590b6d9a07e41ca00af208ce37,0.3619875,0,0,2
07f3694a5c85ff5ee8c556817c0d2ea3504f26f7,0.26617223,0,0,2
5cb988334179b4f04a27c59c1e6a888db0dbfc9c,0.36424753,0,0,2
713c77ceda21d0c3cc9c213341259d64fb46fdc7,0.5030562,1,0,2
729bcc46b503c1574c7c93a65e902f436b4ec6ec,0.32748568,0,0,2
6ea2fc8d38e035bafaa92c7d3b007be38c2e9000,0.46148092,0,0,2
95fce758b0e12837869cae450d8029d7237b0dbb,0.0357266,0,0,2
6ce88517b3af6d48c979b6e984889b69c044561c,0.5030554,1,0,2
b52c69b1b0ba1c542b917247f1f76deb4ce2a42d,0.18004493,0,0,2
125cfb4cab35daebe874a599877d6280b464212b,0.0585626,0,0,2
6f03c0ce11db4a270124b9bf93338d3db9fccf5c,0.06564013,0,0,2
96a1a31d734e663af5c9bcda58c7bb5870e8a363,0.08110588,0,0,2
7aad59482002d0b4bc3546259d33eab20ce76b9e,0.41127297,0,0,2
c1ffdbab58712cca8463b3edc88f9d5a09b0ca9c,0.19349709,0,0,2
758228f691b34c97f421ed92336772531495e0cc,0.57992476,1,0,2
a26c66a8edcf029ca5f94354cee0db267e9ccc20,0.4189181,0,0,2
8dae1f2904b93127f101bd36c1c79e801385a8f7,0.38720036,0,0,2
4f928504ea91c3c1dd43ce696acadf76624240a1,0.3388455,0,0,2
22c30471564c730b02f5f7cedec28fcfe5749fc6,0.5221554,1,0,2
10122741eac52e218771f30c6dc2c0aca54ff006,0.31258243,0,0,2
e863dcb2e7a654af6b8eb5865d8d1d8eee0a6d28,0.31627208,0,0,2
d8ec011d770e1e04ef4f87fba673f3748f363278,0.040250733,0,0,2
f7cbda67518ed7335566ebf942cd170a66746096,0.3811664,0,0,2
7d061e33e59e23dc4b03378f35f50a7d70f033b3,0.22884235,0,0,2
49a876cb1c2a49583b9184ab58a579ac75525986,0.30568573,0,0,2
6dfc3e64037f10b84fe203415e79e2435acff558,0.30541414,0,1,2
5fb74a6618da0ca8b12a3346038164913a5d27d5,0.87456626,1,1,2
f5a9effebd7209f3fa5385f18a5e59e8a09122f2,0.5880957,1,1,2
c614fbcc79615f93d2c60a153db6e82d7474c425,0.5195406,1,1,2
d575057852ab2be41abb39b8de69a35cace5c67d,0.5402628,1,1,2
c8e61afdb89c58ea8ffaf04593da41ff0888d30e,0.470432,0,1,2
c3b1fefbad0c67c8556ba6b4573f135197f87598,0.44872752,0,1,2
60412131f3679b720bcaaaf3dea4be666cefea7a,0.562262,1,1,2
2ce40494073aa4e9bdcba4c39d24727b7141d227,0.46727782,0,1,2
2e9f3a80146262511ca7bcdd3411f095dff4951d,0.45197484,0,1,2
2c0429aabd2632c8c6a242e4a23d5eb6f46035c0,0.21214464,0,1,2
bb3fe2a37975920d1c7b9cf16309d86fe86e1a35,0.47641173,0,1,2
cb686673a70a6f14c35575550c48c37d19a1598b,0.48716834,0,1,2
357fe1378889e5934e8f60c8d35397bf63871991,0.49773365,0,1,2
9c886bd4a188c91301029040b3a839e4b8e2812d,0.4272871,0,1,2
8b62c114cfc5fd347bd8cb5a391fdfa8cb539435,0.5169556,1,1,2
56b7ae44f957aeb884efc797ec74c790a7a3abae,0.551496,1,1,2
17f9d22f334c91e701808808170bf60aae7342f9,0.48656678,0,1,2
9901bf98e4921df1c85e323c4b096b7feb80221e,0.49378383,0,1,2
aff0fae2ec3a7d74356776c183c6986eb9eed520,0.5070792,1,1,2
1415c9a2a6317dbdca6f1fbb530db1f558d9bef5,0.58204585,1,1,2
e51bd89201477092c32c180e4f8d00569db17ac1,0.5482349,1,1,2
efba54d35fa094de5e580b200a8607bfc7bd5a7a,0.5382091,1,1,2
58a8f12b443d7cbc16ec00b8841138ee55ee6630,0.35326427,0,1,2
e7d16c27629722a93a9d36a0b5e0a3a793850544,0.41233405,0,1,2
3fadfdd69f4682f05563ce53e55743f55813f488,0.51802814,1,1,2
bcc4f82a7aca3fe72142bd8d9ab3ac6c9d4d2767,0.3421904,0,1,2
54acb6e10f33d5f71770323e9769d2dcc1130a86,0.41767707,0,1,2
bd4066eba88a772c06394d818d87aedca8bea53c,0.4290631,0,1,2
09ef69c5b51115300da6df43690cd455d83c8027,0.03690293,0,0,2
a5391bb34cbe168f2c5f5f6e8fc3a1eeb9399e13,0.23969813,0,0,2
96cb498f9bb88b534e49f9b8301c9fe7113b2dfe,0.30778325,0,0,2
f4a262df5204221184f1f5008b06957868684a25,0.35948464,0,0,2
81ee0d062c888d8f8bcbc154cd7f0143710f458c,0.03420947,0,0,2
4aa4291ffc143486757617b743c9670001f8a7cd,0.03716323,0,0,2
ae6a24dd439a7b778e35b484a3a6eae1a8eb64d7,0.46320176,0,0,2
9379d0d36acdf78455e81518b3b1476c7691f056,0.041505266,0,0,2
2521d9619fe1f052ced8ea1107851ac98a1b7488,0.047233146,0,0,2
7721302ae5d70d2986d74ae7e7df648bf849997d,0.2816495,0,0,2
1cec9a6fe588c047daa6c711814453840405561b,0.039440244,0,0,2
a36c903d4f1065bc59f5e6d2bb0f9d92a5e71d83,0.040878393,0,0,2
4f4e2b064e98ce1abce98428965f8eed86f4543e,0.03939527,0,0,2
2a11642511a3c69bac5aa1abd83d3219871395e3,0.038944323,0,0,2
ce178d8e87ff6f9a12aea4b217c1e09254936236,0.09744685,0,0,2
9fb4f47f352dc1c1f5f20de80840d39e1eebb985,0.31887865,0,0,2
762641dcdbae9456aa2b72ec8fa1baa0acab942f,0.041071437,0,0,2
47a9ea7c828772625b9e26c0c7a6db494ea626a3,0.24205635,0,0,2
9d090d40ef488c6c8e0784da877b93a05034e339,0.44262683,0,0,2
e7e48da660e17bbe5c0f8959c2cb9f6d60555cab,0.05685062,0,0,2
5d369c4fc53a2ef5c47f16eced9fe917a87146a9,0.30727974,0,0,2
558f84322cefd02246c49666d7e7a3b2e2cddc13,0.35970715,0,0,2
b0580d508bdee2903f05d95d59e6e9a1dc9d710f,0.03551856,0,0,2
32155107dd982360e813d10d0c76f6f7cc2cc7bd,0.099744044,0,0,2
596afd4f5a73c7fc756d9bdc12c6613856ca27aa,0.04404352,0,0,2
7f0046cf4e2161f0145e0e59a1b9684b04061916,0.037194893,0,0,2
1f5e68b5612053cf35b31a13c8b5e8341d892f93,0.40680018,0,0,2
b236d5259f95b755aa5e1d955c8f835312047d77,0.030263262,0,0,2
8fe95aaec201acc964ffca80954e60f7c57d7413,0.091988124,0,0,2
d5b16405c77037e37bd180843c1eba79117da7a6,0.044119943,0,0,2
d3aa5b77428d77f5954e30b14e7385c15f6f398b,0.09487942,0,0,2
83119a80aa1551bea003ea6b9e65b616b7795246,0.10754508,0,0,2
c4de3dd2bb8afb3323fc3aaf394a463aa4222768,0.02613617,0,0,2
f7f4b909d0961528c9b02ca5492b2a57a8df8bbe,0.038996845,0,0,2
bb3d861fcde210e45f3d3ac59d8ee6e1e4086cb9,0.031282756,0,0,2
1e6dceb8ccfd2c97379f78066ef4ad2b9a17b1d5,0.034502525,0,0,2
361b73775230d91b4ad9ed588d6d57f3a049e907,0.0408658,0,0,2
9a2f53d2d56fc58617f2bc7e8ce7f488dd05d47f,0.03442032,0,0,2
6ee118d2a12a4c0bde2c5b828e05ea9b18d4be2d,0.035070162,0,0,2
eef240cfdf77df4d3ec55c2f03dc52112dea7553,0.028608793,0,0,2
0ba5e75432717181296459b9bdc98f9cc3cb2c7d,0.035890024,0,0,2
5d83e4deb81aa7e06e4587809642e70ef9a03662,0.3719964,0,0,2
c635393fb9996ec9d33b32ca27a720d6d5593255,0.030303618,0,0,2
cf4d2789901be233792839384ba76b94dbd25888,0.040871542,0,0,2
46a1c86ab3f4e2068023a1faf1c704443f3f36e9,0.0350141,0,0,2
d31ea317a5fa6cac0e281bf0aec5367ebe45a217,0.41184524,0,0,2
88564caa20e4bee55287b258543cab35e9d3adf6,0.4103545,0,0,2
9f0af0bfee5a92e67ee54c185f49fb7c771c15ff,0.17813292,0,0,2
05f3b74fd581ea5f8946c64edcb293747b4d9a71,0.031036144,0,0,2
43e4df85bda71ca1500112912a83d3ed19868c4c,0.15075096,0,0,2
8283d966f47280f682a1407d499346a383d1b1a5,0.03957172,0,0,2
5878adfaf37ce37e6988956e4cd5c833c6ec61be,0.046898417,0,0,2
ace5ba00f7067d517a35713f439344f24144fb79,0.5013654,1,0,2
67e443370e06288fb2702d62c0206221413ab852,0.46614033,0,0,2
9687cf07f34bbf5f67c17e75cadd287b9f6662cb,0.035001777,0,0,2
94cfd56bd9092e0fd8579120630dba0c857b7777,0.029920446,0,0,2
077913c7e9eb8e4cf8863b7545bf53c2923066cc,0.032377638,0,0,2
fbb81a37f80fab1d1e21435782e034eade76114d,0.042653415,0,0,2
278eed3e1f7cfef2d39a25aba53f4478c3ad8c58,0.034921866,0,0,2
73dcea01b19ed9fc9c0d5a8c38e752bfe071c801,0.036617972,0,0,2
54bbca89040ed195b89478713fa4a181cb2bca3d,0.029023658,0,0,2
1fe64733a2a28b795bddb152e9adf7489b6ea7c2,0.43829626,0,0,2
1194c69fb122709872fd634ae9890cecd1d83e90,0.06814567,0,0,2
709aa7bf9c998cc75f6e0be7d258aa5a07ebce8b,0.37727478,0,0,2
cdacd4a987755572bd4d6d328b371644ac07ecd2,0.038751956,0,0,2
ee7ed6e655c08774387f9ee60ce11b84d7901cd1,0.05734548,0,0,2
edd64cfd822ae2ca2faa8dc1c73edc38a6e19f0f,0.030907005,0,0,2
ed085d064c0f80b0bcf382550d10fe6b6fc9f283,0.44976282,0,0,2
4a025d3f8e31bc3e944399990b3a4baedb90e630,0.4300024,0,0,2
157aa8daebcc6a464cfb350de346cc550ac13d15,0.040661898,0,0,2
0dee0324f694b1e035b9c3dcc6923278defe1d3e,0.08854991,0,0,2
136b96c803ce4353f2cca2b24171ddbe74345fe6,0.3242261,0,0,2
99c63edb10e945d466dafcbacbb6fe930f2a31ec,0.034759257,0,0,2
1c8fbeaec2ee80d45b78742d63aeec0c9d0c4e9a,0.038344063,0,0,2
b1162d812eebc9298b7fd62eac1dac119ae5f271,0.035817422,0,0,2
125c820e8d43df150ac09c9da5b38dcc1ea6e03e,0.25637603,0,0,2
680752e1414c07fe4357d5b6fe3052f3d9dfa374,0.064020745,0,0,2
f36d6870f2e1feef7f1d6fffeda056fa72c051f5,0.02896667,0,0,2
62e69cf4f2fcb3ad8bdc44f75f8a9e3e20ca7337,0.28980267,0,0,2
7df57879c92a467cd71860e6cfe14a04a49fd031,0.30141205,0,0,2
fe63f95fbff43495e57ebc37350798dee024cf9a,0.27869183,0,0,2
719d0c56036111d07c46ab5b0f379f62f14ecdc6,0.36322778,0,0,2
4951344fb2ce246e0cc5a2dff90d24cea6eb3a75,0.038274985,0,0,2
c151913ae25d55814c40b7f922886d52c7086787,0.033230063,0,0,2
ba1e716261e055f84baa9a47f9ae2ba959d54390,0.042231858,0,0,2
894fd838fb695d794fbd28cc66c82b80a9688c91,0.26893255,0,0,2
ed7710f41c594c030188917cc773adbb6107383d,0.039311275,0,0,2
11ddae0a3570fdeaa421e4e378ae14bc173598ba,0.06785873,0,0,2
9e8b370391f5b3e71cc349a2ff556d8a3cdf1232,0.17003667,0,0,2
15ee56bd0f91ef807a3e729ab3410a834ef3fcef,0.14605446,0,0,2
72784c46f6a7d7644398db5c7ac8bd3822c523d4,0.29821426,0,0,2
90559c49bae582697906598c735385c19daa6da6,0.32152036,0,0,2
b34856498ed290a4883b077db0d4df2991ba190f,0.36990866,0,0,2
8cc80dd1a449f98924ca9e74970b35f940d43800,0.33765018,0,0,2
84a844af5d30ea41750071dc8140a56e9e146bc8,0.3412461,0,0,2
6f95e26fc92e929fde30d592e7572493d360ea3d,0.35135895,0,0,2
fc3d530961ce4f23fd2c8310f82d6d1fdaae6c16,0.44730017,0,0,2
53c08a37ef81ed2aa3ab57f5933ebbc5db68328b,0.36883378,0,0,2
bd861c0d8009bbd51137bb97d15d5aeb8902eb2f,0.31106856,0,0,2
584a10fda56263ec0ed555f9866a1a82851a83b0,0.41106385,0,0,2
aa0c114ac9636012a941ebee49d69cbd6f6291e6,0.039231647,0,0,2
bae09b4838de43ab6a8be25ee25d0d11f0fe7477,0.053329486,0,0,2
4d8331ef9c3993ae1d3c091a758b24cb9a037fe4,0.37317556,0,0,2
1d1cb74151d6fa0272d607d06ffb85ff4a50e972,0.37350625,0,0,2
6602d00afa7a5f32218784dc54975cae5540a255,0.31281555,0,0,2
cd78c96d225752e3656a2f1a302298370b55a4c9,0.47295085,0,0,2
f27cca133f9a28899e00488ef56b2f8a2700a68e,0.4396599,0,0,2
3fe52d0cd85c01eadc44933df5596d177c3ecebb,0.2489065,0,0,2
81d1982c3cbf56f77e2edf3f063ff84e6e748549,0.05475989,0,0,2
e32f477085a9b6f658463bbbf355405980c515bb,0.32806128,0,0,2
7419cdb1fbff1096edca78bc5db34f7fdb3b7342,0.12175107,0,0,2
ce1f9e29288cdef4fc295ec2d5b4f846f0b732d3,0.055117168,0,0,2
60a8028d22b88ee2f2d7cf7657ed35f4046efe79,0.05526831,0,0,2
c779a5ddb807f1a84e1e6a5e43a0f1296dd565cf,0.097575426,0,0,2
c2bfafd4bb8ed95e30dce29e65a9afce26a7d860,0.39702696,0,0,2
e48157a0de54d6b82137d62dde9cdbb4bf5c6f40,0.104951434,0,0,2
6d908d014c25ef3da000789dd56de0b6e7c9ea8e,0.036166605,0,0,2
5bef000847001240749e50239a25ea69485c849b,0.2649666,0,0,2
82c1bee3f786f96fda51243f4cc6d50995bd90b6,0.4289135,0,0,2
5f84693e1db2c35b9b797614e17136655c433335,0.03545172,0,0,2
dc8138a8a9b022d156c4d04b2491b269661db396,0.20637673,0,0,2
233746d8fdb7e71a63b5cddb55421eec87bbcc4f,0.03287915,0,0,2
84daf6aee0175303801e710dd2d326ce252d2f88,0.038777694,0,0,2
6df343df2635e7e0518a09c374532ebf22a30529,0.20650165,0,0,2
6cf4249650d72cf21ae3addacb5202089923ad91,0.449025,0,0,2
d990feb36764cda778e6b4ce9469654229ac716f,0.035046224,0,0,2
393fa5df9262c339e004e061809c73d7637a909b,0.027522238,0,0,2
59899e1c820cd3fb8789b9cf8648b269b97763be,0.25857055,0,0,2
2ddd54a7ddfead528f2b1de92dc8dd16be7f5f89,0.37917677,0,0,2
c7599fd2a84b3d58473fd16c5df4034a8658e925,0.044924818,0,0,2
82b547ad25147df44f27a3534a5b618755217378,0.040530298,0,0,2
62e56cd3884d224e42cc8b449ef631a0909a19a3,0.03741565,0,0,2
a85fe84ce63f873b760e311f27ec42e05f1b3f42,0.056070164,0,0,2
0a114bbdb01548a69c7a8c155bbdef7785ecb389,0.035691302,0,0,2
5310e25a6cb79eafb21408fabd744f9a76c2a020,0.38606665,0,0,2
8834c8e380b7278fc37a4e6b80a9198a895d8280,0.03457177,0,0,2
b9284992ea3c8c484893517ee9df3b2274296959,0.04779407,0,0,2
939527bcc5b80a1788d876d7e47fb45d71d21424,0.03352684,0,0,2
26e77ea86294f5a9aa929f9acf7dd76a046453bd,0.32617253,0,0,2
3adcd2103d1be4feca870536e8f7a7549f6d492c,0.04215102,0,0,2
2edb7a20f3856723fc715f7c72e10e72ea7df385,0.053195976,0,0,2
9843210e5755d2584efd3496d59e50e721187842,0.046480183,0,0,2
e6cde856d76935ce2ca5323579d2557f5412c774,0.24282679,0,0,2
c460996e75df489d6bbcb732763c10d01e62516f,0.1598933,0,0,2
115198b9c94bc66c7a659a04d0e2f65959ce9297,0.2129004,0,0,2
276552d5e73525cdd29d9e809659d35f34c5250e,0.28189605,0,0,2
c0e4ebfbb0f8c38ef672394015f47fd72ba06cda,0.33785588,0,0,2
c61154272699761265a1f2e5282ff1bdaf714b6a,0.3272268,0,0,2
f0b18d27f01492af6874baa8415ad17511eb5d4b,0.36650354,0,0,2
45a0337e1d9d23126dcaeff9c0ad96c5b4011957,0.2782909,0,0,2
90f4139bf75c94aa1ed62c5f64c3ffd78a1441d2,0.4288459,0,0,2
67c51ed7ef1d7acc4010e45eaf8088bd91cb702d,0.29628557,0,0,2
9acc3e824e2efa2e496df8458d207b5fb5722e6d,0.12332628,0,0,2
9dbf8388c5bfa0c7beb15e835b3a5e6fc74ecbf8,0.24355757,0,0,2
f30855735a40daaffda15794d7abbc6ab8c699d8,0.26291245,0,0,2
39513f9142cb82b84181a11905b3866a49d5a3c0,0.35930914,0,0,2
289e7a769ec9ab110f85848b281c4c143ba84e57,0.38891456,0,0,2
930015a137f6bc34127d7646b36d0550842fedfb,0.33615083,0,0,2
a270ff62852e62b5ac0f943a7e57292a72b77271,0.1517985,0,0,2
9f0d58985f4588981eefaca0408e767eff1bef73,0.4761427,0,0,2
8f346f9f1263b2fd5923abc0956134df15fd9325,0.25138173,0,0,2
ee851e403b5ab4b6b33713b08f9568e966ace052,0.17375825,0,0,2
55e8eac25d81f07bebb16d812c97edaf1393083f,0.23528908,0,0,2
c8bdf60d1d0be609094e14054be0b9af0fb05521,0.2197734,0,0,2
9d4f2ba886b003980f2c37a4de7a3e6c3c701820,0.22198492,0,0,2
8713af90d540e7bb01f8ba1fd99f6c04e41a7433,0.23590964,0,0,2
eed8a7adb3de7441751e846f4a75d110dd205f23,0.06968178,0,0,2
b9e2a97758ba6c007fcda160c4d8b0528bdbfebd,0.15511538,0,0,2
07de4dd578727555bb94ed421498f455838b317d,0.15597974,0,0,2
641aa1c663ebead0189bf001a06ee56463070ddb,0.18316138,0,0,2
b9522976f462687b0693b7229ba5c7faee0cb74b,0.2151779,0,0,2
2fd2a76110af7ae07712af01708cc00310af64ef,0.19516112,0,0,2
5723ce72d04c8ff7af8f245518cc48291701db0d,0.09335182,0,0,2
611c73889b772dab7315c952902d5c649635126b,0.19097742,0,0,2
b5b45d3260bc83d2432566dfbf22f0897240bece,0.25844616,0,0,2
22daa5f1dd4396e94224841b3bf0e9f226e86695,0.3364605,0,0,2
4a9bcd0f5211c91c4c2f47313c8f8013d0dfe03e,0.1674687,0,0,2
864fda4370a8d1bbd942400dd899653fd5d85244,0.24259259,0,0,2
96eddd6ae1427222986eca344b898b3332792a01,0.1877844,0,0,2
8da9a65b6398931af18febe082299c5c4b932924,0.1908858,0,0,2
8354ffffce024a97ef5e05b7cef4a82c263fc07f,0.17872167,0,0,2
0ca8f9b9feb2d74c6373d1762b1eb4a6b1f7f4b8,0.2737875,0,0,2
13467cbc7f319f7f7e9e9185a673714736e77b83,0.23684563,0,0,2
e63c5361937cc2598a3cd030f79733cc8c22b6fd,0.3645715,0,0,2
bbf65339023bf627a1843073cab699ca1831aa96,0.20724751,0,0,2
56706c8203ed023a3d21784b6e7fab40375eb9d0,0.12669642,0,0,2
274c9c1d37a47ae9bc1cdec1b0b0e4189dd44845,0.1545768,0,0,2
b88b065aa955d7a7d8f74c427b05d2243eda0779,0.161751,0,0,2
949d74737327f114ae97a18f9bb4a4f5626b59a5,0.18300849,0,0,2
9f1dabed562e5953af25369121fa7fe221a20276,0.2070411,0,0,2
d86509b09672b874de2f933a511a1f74af6814f7,0.2664417,0,0,2
525d1fd7ca383b3426341c58ba9e2d2e886a59ac,0.18470007,0,0,2
a528bcb1ebafb1eeae14fd3e305f3636d6c04717,0.18858512,0,0,2
c4190304baa18d3a376c3c2232f45f63c479a5b8,0.23445758,0,0,2
bce159a0c905f673b8e0e4c9899543a812fb904d,0.27338803,0,0,2
333971caf33dcc05b6f714fada447e9417f6fdc0,0.032018673,0,0,2
9a6e25230eccfa131d40eefbc4f48a13ac31d640,0.2400502,0,0,2
b1c45ac691d46a8c609f2534d2adfa59c0599527,0.035917003,0,0,2
23747116069c150e26e0dd42d61331b1108e1e01,0.028001998,0,0,2
74ad2114700446837ed451f36107a056301a65fc,0.029275568,0,0,2
dc9032be284c70f53d8f9031cc90e01678a0e55f,0.27304438,0,0,2
6b9e6419fc944d3b5eac58187a6cd56e97328c2d,0.27072895,0,0,2
a424d2ff172aa3be9eb5155e732e6f61915d7b5e,0.03750706,0,0,2
004d5e672e9b2734a4c27f0e20504fc615da3476,0.037929203,0,0,2
b6b59b189c1274ae43e844863c7a2468c0e16b4d,0.26033357,0,0,2
73733206b943f8a03d18574eb7585285eeef05b9,0.03352104,0,0,2
fff00791ed30f338ffc085f099be5517dc359261,0.31054434,0,0,2
b8ed8bbd5eaaa6d3e463bde3accffdf3dcbb77b7,0.035882916,0,0,2
256420016e2321dfd266f9a2ebf672516cc936ac,0.28807735,0,0,2
c4161ee29051c6e44773fd1837d2080489727dbf,0.38803014,0,0,2
06e7d46a49c5d31abca644fadc2e3ecf6f9001a9,0.03202081,0,0,2
1e8a31f417256b9f555b537a09c13f1135addbf6,0.0292651,0,0,2
2d79319a8d4a3ea256ba1bb6364c1330518134a9,0.030287726,0,0,2
2a491590568140349f776b2a63bcb4ce74d147ce,0.028891316,0,0,2
32080b32a4eed0719b79f4be332ff5a55468ab7f,0.03055156,0,0,2
3f66e516a7f5833be9c87911952465220acef149,0.29380977,0,0,2
2a069edb7e7c46ef3c1f56e8fb6cadb779ed2e42,0.03310242,0,0,2
963757362ab2ff0f1636008815549322fef1148c,0.029652847,0,0,2
9f673d4da60a889ad5fefb6fadba1c40bb3e735d,0.026470983,0,0,2
1688a5a2444b3b636741d5675646b0b74820b4fb,0.0250775,0,0,2
284b6f5477838fce398036497e1acc206b1eaaeb,0.02772673,0,0,2
ffe28c43e0486d443234701ab9d791e703c88071,0.04810701,0,0,2
3761b5514470d3f06c9076b0821430d0c2cb2da7,0.035394713,0,0,2
a36442f0d08bb1a5b964b4c77d4c64eaf251c3e9,0.047443494,0,0,2
2ecede5902f9a132a632b8431a35daf5174e1a80,0.28351477,0,0,2
4a2e49fd8daa81cf2ce331c3a3795844e79814b0,0.22922646,0,0,2
8c44a71208f640835d7a205a7b6e58dc065d8dcc,0.030922003,0,0,2
74abd625bcaaffccddc3ca9faa1402b179c251e7,0.03942089,0,0,2
ea64efd6dc61cd9c9b1207d2da37fdbea14d6b50,0.09921461,0,0,2
530049b41c9f42e11144fbad4d1fec65ff0956e9,0.19420514,0,0,2
66c451d618577c1a1e1bf964ff990574782c3bb5,0.29030037,0,0,2
a10c6b01425a9c21cf687294bac43a63de0a0d3c,0.17137928,0,0,2
f9f92677a92ef76f92c90521904c20b8512b05ff,0.032782074,0,0,2
989135e762d3f00767240e7b42ee9e1cccbe43dd,0.03071534,0,0,2
12cd61925c37177a82d2adc76f6475e662030e12,0.038471732,0,0,2
17f4a06be88ed9c950e562aa72755c7a493b8ae9,0.25500277,0,0,2
c3768b0fba8f2f565118c611f4ced4bd6143d022,0.09076879,0,0,2
16d64a96a0a07468bb8b2d3293d374bd4373cd70,0.056186978,0,0,2
1f0919e28420fbd1568ea1c1fd4cf7b46eca9b04,0.030547192,0,0,2
4e347adfdb1a84535440d6c9f392d134a84969fd,0.03243673,0,0,2
9818f5ce6f76224f0d5d5c8ad583d854b8cc6872,0.29759434,0,0,2
dca231dd1b2629f45e65cf46b6f91803fb448aa2,0.031388815,0,0,2
9930786b2d05890fd071332dd1b9d7d7ad0e1b3d,0.42824537,0,0,2
b367c37c2e92ae652e49b361425bdc7ab3390f25,0.44319224,0,0,2
bbd32a63be1334620c1f52bcf4494de4b1e6931c,0.03733561,0,0,2
6868968abdfb03229bb0dd60e57a502db45394bc,0.039269105,0,0,2
3fcfac543d8e54b93695ea5f32b1820c5e5849dd,0.0329808,0,0,2
af50960c662e2d006dccd4156ca85ba3b2d3d5b9,0.18249245,0,0,2
99d1ccf360643d89b88bdd218fa917d365d95cde,0.030961482,0,0,2
3c32e5384eec3142bb017fde824dd1cc0db48876,0.041679803,0,0,2
b4621118821f29afd3d5ea47eb8a684f4e5ed3ee,0.53663415,1,0,2
eb3f760c1c38fe3910d979e75093da67f685e2f5,0.058463827,0,0,2
efb03bdc301d917b746e6716f2a074f54ded723b,0.049642537,0,0,2
3ff71911718c07ca1016ca855aece547061db85e,0.048080225,0,0,2
01f84f2b0d9c13ac82ad471469b6a5692d0f8cbb,0.033747934,0,0,2
a95c1598ef693cbd7d874c33eae82433693b75d4,0.027503762,0,0,2
6fb796db3d138b4e97dc1fceadf6bfdad74a3533,0.028842129,0,0,2
cae430631d5472394441cc82e142103c3a70dc83,0.039615005,0,0,2
47b76cc60f7b73188cbb47a0879aabfa0228be31,0.02775259,0,0,2
c64d12958fc711d667f26d0173bbaf96157d629a,0.024879929,0,0,2
643590426ee7255ee5e1e661b9e2ac8a9052dbed,0.4122413,0,0,2
31ad1256c66f47e58b7ef40955953e4a1c6bdbf0,0.43800676,0,0,2
3c984c22552eda0fb5b200efb3f239213a4a04ca,0.030659458,0,0,2
95db7d0aab9bea25d3a14db42a7787ef77861f45,0.11736036,0,0,2
1d6f5e40ff44f08fa67c6a2b57f7ae4a5e4b0be6,0.3688476,0,0,2
e0270b0562d42658a57c4fcbf0cddfb5673baf5c,0.29980952,0,0,2
6eebee491388abd2ad61a15d3f28b167c9f0f7dd,0.042429365,0,0,2
ae3f537711b1375c4892130d65cb60928549cf58,0.029676989,0,0,2
25ac3249dc2a40bd52ceccc9251c8446b036d197,0.06843482,0,0,2
6ce9662add46e3cf144be07f7ebf18e2d25a7abc,0.56688756,1,1,2
111c4a5e54dbb1bec6537eca02618e2287bd23be,0.5375666,1,1,2
e30788367dc7ce4e4e2d8152bc7370af8ac2fd0c,0.50147015,1,1,2
b1875ac1abf9ae86f5a589c5144c8c9902a1dfa2,0.45104727,0,0,2
307ed458578e68e68918d3ccdcf4798c57e084f2,0.24970542,0,0,2
0caff290df54a8a3b653840fe257fea94807d697,0.2089325,0,0,2
b44b3d95b321cef0281cdf130e8c286bfdcd60af,0.15434536,0,0,2
8f77bd63d8b5b2ab593b134fef2bf5e59bed0441,0.5149914,1,0,2
4e410e068b8d367c53766a7da712b1b6f3fd8101,0.4653841,0,0,2
2412c90ba5584fed123fa6a33e752e6c8eaf74e9,0.40493166,0,0,2
47ed0c7cdcb4d516e41769e38a9cd5ef4d01713d,0.38779604,0,0,2
f5ea49326cd5c09f0782b0d1bcbdcde9053ee316,0.25024804,0,0,2
7b0388878e522468f90ea163b15ccfba05616c95,0.42671633,0,0,2
a653374b2871d67f51cbb4ad2083444e9c3afe1c,0.3969824,0,0,2
430f96525f80fe4909208ee4d2aaff81c312aff5,0.24290158,0,0,2
295d46aeedf3660d89d6c578b84c410089f9b1b9,0.24234821,0,0,2
7c05411f80b6748b6b2197d2014bb98c8b0857c0,0.26693365,0,0,2
140846cf81678649b6bc29497c3534aebaa1f6c3,0.4449445,0,0,2
0512bc21bf4d0f1e391e4158adf0ae145d408ee6,0.38916194,0,0,2
283e14cbbdfa5bd246a3ea9dee5739959f64b4c5,0.50291973,1,0,2
354b72afb59ff145afffebbeac8a7478d4140e75,0.35117453,0,0,2
15c72674ebb4bd99790de97b5645f1531a3a7c00,0.4446429,0,0,2
1a3d74470eab60d668859571938b470723726139,0.30907527,0,0,2
330d5cf99c1eefe3fe86dae260a8873068650866,0.42757538,0,0,2
586b6ee15f526d585628a7162d10f08deea6a93e,0.42444918,0,0,2
71491e23d68df50555c52db62ae9bfc0a2543b6a,0.28427723,0,0,2
e56b2b598a2742ae8ac97ada82a97655b538ee94,0.29675677,0,0,2
3d129b7e2f6373f7885336225d3edc93b3f624d2,0.3045266,0,0,2
4d3dc80e4b3f7fd0e034d544345a568d6d5c5d26,0.3392629,0,0,2
269e6693ca1f05bb7e2623c538b9b934fa688f41,0.332486,0,0,2
c2452a5af3b2f1db542175221dbc19eb492f02f3,0.44101426,0,0,2
9ac217fc697b3afd0963b897edbfac265ba2f571,0.40068606,0,0,2
a5f357667b195f9cbebc1d1de8f70c6e0c28dc3f,0.4070518,0,0,2
c3d13908a2e8ca7b9832fa693ca72bc228a4e92d,0.3848259,0,0,2
283351276ff704df65779624e195701a21f0e25c,0.2617905,0,0,2
38e3e41049464fa3b8ffc1e810f87c18d91a7bc4,0.29459122,0,0,2
49eaf68b54f4114a0176ee56790d8415fd64876a,0.55822825,1,0,2
42308f780fe3d0c2223c121493f97c747226bc17,0.51096165,1,0,2
ce5ead2f93b92c815f1304fd51dc3fd3338cf19b,0.47484338,0,0,2
e8ebc1e1dfe2b0bb7b9f549ff35bd2d1a1fcd2f4,0.36543655,0,0,2
a76f39d4b284633c6792d8c7977abf8fb52a017b,0.35630116,0,0,2
97a64af2d6adc157f6ec9e4d4855b2924caa69ac,0.41108075,0,0,2
5e2559e3ac936ed985d5fa9d7160a284b9a83644,0.37213573,0,0,2
dbd77cf4fb93996fb7f312bba2aaddb87e5d6a39,0.44267604,0,0,2
1e8be6ff174f1d7027e848d5788d63ef9827c659,0.40572992,0,0,2
0847a34f6d1f15d3d35ddd9f3283d54c1355b299,0.33968344,0,0,2
d1cc91686abf34d073ffc496506da9ef712984b5,0.3657347,0,0,2
0030e4bbbd3cd3cea505bb1e4f1edbfec5986fd1,0.28064376,0,0,2
3b6dec3c581f883cf9dff6f04512011cf277f586,0.4554375,0,0,2
c1ea2007d4f6527bd174869603f53841380b5c31,0.3929929,0,0,2
87361f16b0eb35ab5fe25fe2ce3cb57a96dcedbb,0.36961225,0,0,2
f10f849935076a7c773283789c75a4c35b9e6c03,0.4640345,0,0,2
034be5fcdabeed034bfb562ae7014e021caadd7f,0.43742466,0,0,2
8c52cbf8dcba19310a569a23ad3e940836b5e7ce,0.40075707,0,0,2
9d4e26a501903d404a809acc8ce93df1751a5429,0.57539386,1,0,2
7dbcbaa0d72723a1682dfe340fe05b2f0d3cd3a7,0.5431487,1,0,2
b3240c0b4dec02d8a511b831e07eb0d03094f677,0.5200373,1,0,2
d37a2097286c6385bf8cc757944bb3568672d873,0.04881548,0,0,2
39ed7bdf558cd8286e62492f6c91d2af73f807aa,0.49269065,0,0,2
100bab5d8bdcbf802af6437fcd778e7f2b9bffbb,0.555095,1,0,2
21892745c86fa03b465cdfabb99554e9659b1941,0.09624897,0,0,2
511499162fc2ea958f3c78b1081225d335b52227,0.05385464,0,0,2
fe718980550f0221041cfdb56f83638c328cfb9d,0.513831,1,0,2
8f577fbc1c44a4e5e39551cad677978452ea0797,0.3810705,0,0,2
76c125c3b74a390a39cdcd6666cf7e9cea0e5c1d,0.38076323,0,0,2
203918573c29676b179b673aa7e41366dc4215d9,0.37475586,0,0,2
c82fe35c48bd0082c16644d16d82d1be79d6b9d1,0.24391711,0,0,2
158d178c58e892ba87d782ecf436d30c038d464e,0.5275383,1,0,2
e8c09f05be1310ea2ded05bdd808c46a1e4485e2,0.06848151,0,0,2
b184666c1975fa4050121c694e09a88060854eec,0.04455403,0,0,2
b83e111c619232be9ba0a7bba682ebc141b618b8,0.4867315,0,0,2
2a6c6ca711f0f0d6aeef30853d5eb05bc68c2e85,0.67835057,1,0,2
01911a40eaebf2aefbac34cb2760f7f77ccd07a6,0.19420998,0,0,2
ec733cbbf25c103c2c661625717527448a42663d,0.20589966,0,0,2
300578058c7d6db0671648cbc5bfca84fce6285d,0.41983536,0,0,2
63950ad11917411d82d9adbd0ad1ccc4884ebb4d,0.4722996,0,0,2
f9d6655b42d8e1b1071f78cd7f1e38cbaa20350e,0.29460302,0,0,2
858aa75ed257a24acb983df372f634c3fc6c49c7,0.51477575,1,0,2
76a941217f9272693b5484ef360e8cf6491ef3a4,0.2968647,0,0,2
7ff71807ce589931a56ae6f1306af43c6b8632e7,0.4518496,0,0,2
bb1135e50c27938eeeeb6e6c1ffb3882dceb9f1e,0.48737773,0,0,2
f0299220ba7dc33b1865068db0c184147283a9e4,0.3634989,0,0,2
4a6c36401518a45a709ade671d442e061138d3ec,0.48284656,0,0,2
ae5df796be80dfafb523072e4efb30e34dbee46e,0.50003594,1,0,2
7e19596505676c5b300bddc39792289441634f02,0.2142085,0,0,2
55e9d25f779a3ba726a9904641e656de93a1fac3,0.3816918,0,0,2
3b6468ac4f765262f68d3d289d25bea3da521c16,0.378223,0,0,2
89b1661fde38bd12c4d83b9fbe696db0c8657a78,0.38983956,0,0,2
f054152346cbd7c8afcdcdaf55c39f9967edacf1,0.48547557,0,0,2
346009fc677b252d052e9ee22c6a4cd2be10a032,0.41219836,0,0,2
4c84e204cbce349f3c5722750561b91607d3fcae,0.29955533,0,0,2
c353239c4fd22b8991e1488ce81218b1c9769bf9,0.32655257,0,0,2
516f6889c9153a59110d3ee9bdd907e95e10cc08,0.35222206,0,0,2
7b6bf45d83c3ec028e686318b8d4f1a061723908,0.4573234,0,0,2
817666037d3c09b9138b161964b0fafc76d65998,0.058349583,0,0,2
c3b831fa7e4ad148d8e3abe2a0e3c089029044ed,0.29382363,0,0,2
5a5bbc662104afe8f020d89d6e560f2897678984,0.43905208,0,0,2
f8c39cfd773d797adc1b4ee19aa8fc17268946ec,0.4299742,0,0,2
8ab0ecd0af3932f40b931e1d84b2951f7777a305,0.4739573,0,0,2
599e57b27c19953487dfa3828432b8ecc7cb8b38,0.5278101,1,0,2
68ae60d779e3bf4a46064fc1b537057478a627e4,0.3296127,0,0,2
c600de52e107d1fd3d5a9c1aa1bdbbd6754622a7,0.45521098,0,0,2
8939061a3c0218dd3fd27f96f3e60e48f74622c6,0.474427,0,0,2
cff360a340b48070d88a48f06e8748a916ce52e9,0.26497284,0,0,2
52cfbfd91e60db255c3285c90b94cb6e3a75fdb7,0.044410802,0,0,2
ae31e56476646b33b0c2a1f03bb095145a22097f,0.09798427,0,0,2
0b683acf0a5910fdc4235d3103eccbfdebbb18ff,0.42685634,0,0,2
861646b25a39dcdf79bcf5a7643bfeb28e137a8c,0.05162747,0,0,2
3ea4d5d580a78213504a4611fc7bbab58b93db0c,0.45842984,0,0,2
b5955f5948a973a248731b774773bd225af39c82,0.4650257,0,0,2
09db9daa292e74b6bcff84edf406aec41ecf536c,0.47774577,0,0,2
410ab04290294dec74180043dc2aa635ca1e4e80,0.34564152,0,0,2
efe3699122699151984e8499da9d42673a42851a,0.4233283,0,0,2
d2f27093d7d95a07da901902f894d88b4ecc3e95,0.046086434,0,0,2
ca30fae3acb59a5caef3c3c21eecae7c928827e0,0.4223514,0,0,2
5ef5bd199a4e3df74479b4b363fa29b0b3092547,0.5337619,1,0,2
9e8eec78a71b7d1274043f55c9a5fc7811d53132,0.15225965,0,0,2
6a0a1876772e74a1d4a7c82669784f8bcca8397e,0.15344875,0,0,2
8c5c6b936ee6d1afb75cc2cbc151887937dbcca5,0.04348631,0,0,2
484698c5415bb578cb480845e2dfa930d3d49d9c,0.47240388,0,0,2
29a7e67999568a5c86b32ef513a90d5d090ad2b2,0.321791,0,0,2
87f142f5c85c9a7e86d02b4599e3973e773f3d41,0.53545,1,0,2
d664776d4cf41d7e1e46b92bd8a4e907cd3bd438,0.5048267,1,0,2
847a6d07793a198d28819731e5166f9ed3845164,0.47861296,0,0,2
fea1da48fef9e28026704e9cadaeba3e0ecbf6dd,0.3070793,0,0,2
c7a5a6afd5d2f7d8c3d518ca625b7d8a1445934a,0.2383105,0,0,2
0fdd249cadaecd32a39d25301f5242f9a92ed351,0.39501342,0,0,2
a9690db48eadd3643adc34cafd6ccc5d4a5bf589,0.37874335,0,0,2
e9a2edc877ebf928ad0c056273f64cdc861ba609,0.1918971,0,0,2
74989844d7692245f9e19b0e803d748c73e91e41,0.23102885,0,0,2
4d1c77bae99174b67a462bd5a44950ae08f46796,0.30461577,0,0,2
90211fccfc48dc36b7cd81a1ce18e1506a6f15a7,0.033975113,0,0,2
e246d2ac01f1ac741aa4673aed3d028e08a63c73,0.43329304,0,0,2
36fccb4325f924bf46babd4d8d60226f8dd3f154,0.23440105,0,0,2
5ce931b904d1f2961078b99049c293c11e779fec,0.21537894,0,0,2
cbbeae7719943308494825574a0002ea649b3de3,0.07390989,0,0,2
eec10fcf0c795bdfacef4c9933585f65f953fd58,0.05359534,0,0,2
516c38fd95fff30841f9af370f50cf1f7733c209,0.44557703,0,0,2
33c95771c804abc02223f24a0234343b93ffde56,0.047711514,0,0,2
b88dd3ed853738b8e7fe9652b953db569bf7f79d,0.5650676,1,0,2
a2ba6d54852aceda5e3bf9285730da743ef04e77,0.55281335,1,0,2
350f01c78374b4df99c1a84cc32122eeeb48b036,0.5642415,1,0,2
03239b0ea42312c7b5daf4520c1ce1caaf6189fd,0.638915,1,0,2
a428e428df2766f1d1b2b793b3f812344fa61fdc,0.5568593,1,0,2
f1a582111a26c4044c289d96ced42fc1621212d1,0.41443998,0,0,2
5c9661c300bad40cbacdb391637dacc991f16da6,0.49208134,0,0,2
daa69a5981c7c12e0af5922f0a07653446261b07,0.4578714,0,0,2
1fbb16b037e62c6af90ab89ab3ac8d3633c59a90,0.29315257,0,0,2
03cb05cebcc65b923e03fa9f41d664885bdb38ed,0.23098639,0,0,2
f4b675664a7c633bdd62d5f85fcf3f95d11ade9b,0.32488176,0,0,2
4344ff7331a4f8908478e72c5c232c7a9d5dc403,0.32543242,0,0,2
5375fd9dc55f1dd01e155af8646d1ec67bd6be29,0.29892734,0,0,2
0bc43314c1216a88d0e281e7ed66244c47c57c56,0.23408669,0,0,2
30fce9d42c5675e9cae0db0401181f84a73a293b,0.30565196,0,0,2
abf07558021a0ecc50c265dcbdc5f2f99fdbeb35,0.40511766,0,0,2
3112bc302f32a74c827d672ca84a80091b0700d4,0.44416082,0,0,2
7e89c9cc80bc3fd2aab64f25dd816c6d14790988,0.41626376,0,0,2
2247ff9601374845012558ecf5963ebb7e1066c5,0.7009188,1,0,2
76390c0b54bf145f65532ffe1e7b24639f108247,0.3821958,0,0,2
9a92b8526cd13e092b5185a59c7ff0f68a1ad56e,0.07187499,0,0,2
6ae55beb2d28bd6cf36780b4c58da41854dc8248,0.06464459,0,0,2
d681042e60a3a1e92f4c891ce9dcffd672868e7f,0.05052801,0,0,2
a793612b9e09795feb253aab9a738bd1f7280700,0.39441323,0,0,2
22fe7f3c8b3fa204c2406c3d15811b2581e1b7b5,0.20894668,0,0,2
3856d3f0a0826be3ccc6b160e740d5c7176df743,0.061456416,0,0,2
4cc3f6e7dbee9e3684884780af82822485c4c7c2,0.33417302,0,0,2
4d00e14ec8d1e83533a8aeb788437568b417ca88,0.5755759,1,0,2
b6ae1d09c384b57115bb34ed94c90e256e4b66b9,0.08664094,0,0,2
11fcc89fec70aae7eeda710e2bd26d93cb3c05c6,0.065132044,0,0,2
496691bfd82374f1c1bfee8719309343c2fa878d,0.5629698,1,1,2
6f379134ae1807cd404ed6c9579707e5dc6a6df0,0.5551597,1,1,2
db586baee29fc90f79898e9a274cc1bd585b5f53,0.5479869,1,1,2
a67bdc013c9fd965abaca375b9b47554a115f40e,0.51635414,1,1,2
b745af3975a0bb3acddbc59ef85860d08221a010,0.6999214,1,1,2
90a73a4dee53129e33a552e49cb7835ecebb3a5f,0.48804346,0,1,2
31ac0e5f3594a4517ba2be1735b1219cf85c715a,0.47203565,0,0,2
5499fa02b08b8546827a1a055c5af3f0245257d9,0.5095516,1,0,2
1261172afdae9a4b15dc9f691583261a1b020ccc,0.34627193,0,0,2
64573bb2e0bd2c7a7b1282b8a574a4796ae61609,0.48539847,0,0,2
b09b95124bc27f39e27ecfed90ce40947bcbf663,0.3865954,0,0,2
5481dd326025de2da7d89089cb969759972e7a8c,0.3620583,0,0,2
992911d0fcd230497ee3fc50dcf49042b7372a47,0.38641596,0,0,2
d0595b7121f57f1f49fe7fdc384479dd73ad64f5,0.18148777,0,0,2
cd1d329dba95dae161317c123269c24282001a66,0.06724629,0,0,2
3e3a1388368e8e4421fed0b5222904d40a8805ce,0.39961234,0,0,2
9f5af267e8c143e16f8b20fddb02ada096ee9df8,0.17478874,0,0,2
f8a7156259dcc1b3321086939234d80b6ab828c6,0.45982006,0,0,2
661008f8238acb71301b172a6aa9aaa8114d0c9c,0.22132947,0,0,2
469cf4d886f9a184168ba2d179899a600725d4c4,0.21693565,0,0,2
12d9a805a6df7afdccfac94a7061d369cc986efa,0.40810254,0,0,2
e83b4d8484cdb3dcef44ce3aede866663b526158,0.15824927,0,0,2
ff0e842058091b3310340f51a130a65a1cf6f725,0.45901754,0,0,2
a123142d947dbf38fc053c29291b555872c91ff2,0.37582225,0,0,2
45b5e0cb3a4a499ff8b0594c082d490d7b7b7c1d,0.19355114,0,0,2
29ce3e0e9ecc31a5c3cecb19246ff978fc7e7c20,0.03929338,0,0,2
3bf9dad70ea4b93de850312cec2681f3242280c7,0.23441625,0,0,2
90d775ce2270c35a7c514f5638b8a3b23d5a4f3c,0.3778079,0,0,2
0194bb8ca57e5a4a3fd5fe3c39b0ccdeb4711043,0.0465965,0,0,2
f8e33e702ca0570076c58eaa7a83baeefece9553,0.034724034,0,0,2
6c203ab46b24751c285f021caad9d8969cf2f45f,0.046460435,0,0,2
5b56985334a63d63cdd9bbea30f225013302a7d3,0.041840754,0,0,2
bf0dd95b52e0627c10c072f8b05fbad3f86fda71,0.031253915,0,0,2
bfbe9966ab45dc4787fdbc55735241023d826d95,0.035825416,0,0,2
69f38e81872d70705fd7919df3d771f28c22dadc,0.19447474,0,0,2
c5c231e643365485c5805cbca81070a51429de9c,0.09704405,0,0,2
96531689d341eb26103356410280447e94529b5a,0.03884846,0,0,2
da7e55cc7aac7cb806699d234dbb90a455c21502,0.18011776,0,0,2
6913193d33ed83bcb98cbdb94ce410069ce2513e,0.050055217,0,0,2
7f65af524d6b7fa43743a3c5593c3c57fee3e9d6,0.036729526,0,0,2
4493ec15a72045bcea25a4c6c9b4858ad5448b7f,0.18384057,0,0,2
1f207424031bd81af858ffc98e64152b3ce2f22c,0.041542318,0,0,2
cf9cbbdae44b88a7cc982765bed085b434f4816e,0.29818055,0,0,2
00d9578b74a107e3811c407ecc3da2bcdb166f81,0.07931265,0,0,2
3410aed6696622cb6b7b8bec088f9a92ea55227f,0.3206858,0,0,2
8d34352d3ca40ccee76e1473d3e132f7bd8d4a62,0.038735237,0,0,2
a04afd1f20290d0097b1ed9ef2a4f476e0b79ac0,0.039066922,0,0,2
825419f9128cb7bd01ca31b0179bff96bf1a5ce5,0.044534214,0,0,2
6215969d2a1f8d95667c208af868758c8636c234,0.043863643,0,0,2
79f997c1d6976f5327cbe5e80676a65245d961ac,0.14929865,0,0,2
4ec3674e06fd98a10de28be7ba6c6036e64116fe,0.3538451,0,0,2
6eed45b023ff3c609ef423f28fc87b42d0614f79,0.56241757,1,0,2
002e4de0d68ffab9af339283f02659472a1febe7,0.21844918,0,0,2
ef8eb3d269274d2e6e4915875d027ada1efa0470,0.42168206,0,0,2
78b8d323635b47f68a93da04f04d221f3412d9e0,0.25681362,0,0,2
055cbd0d42dfec901c7b2532f7a71f937b1d4756,0.055653147,0,0,2
771841e493ddd9839a4c029db6b217fe19968148,0.1785459,0,0,2
39f6f7fd6333da2b983f7d9001a7a51f31fa9434,0.04229221,0,0,2
6bb1b9a7bcf9d4d1aa0f4c12bb0cbb4cf4e2cc71,0.056267142,0,0,2
4824774675ec1a2c9e7b1469dd93a6bd09854210,0.040180776,0,0,2
717800fc588389b143b5c8ac20a0289a9217715d,0.42488515,0,0,2
0471658da03f5b01537153a72c0ffa7132709900,0.21107846,0,0,2
bc69f94466efb770e78d1bd89a8a1bd460fc437a,0.44365108,0,0,2
7a4fc498fbe96e83af20c5d0576c42a761fe3d95,0.21499576,0,0,2
3e438a80fc5ae21862125b13e9ada9b5c30d27cd,0.19255891,0,0,2
15b4031ba94a60f20b854e6ce2c7964d77086387,0.37094873,0,0,2
543970edafd3f8e08d945612d09663060718ae94,0.41337565,0,0,2
80e4a06124a712fde81bbee093ba2ddd71851c93,0.17918283,0,0,2
454a82cb2ad2853544e641c8c80f5ed34bbeb1c5,0.030557401,0,0,2
a2bde0190da2e32a5925df5aae1f2c37a4498bf0,0.19961026,0,0,2
f9dfa3fa6b9a28439f1226c202c41df9fe2e4380,0.11203386,0,0,2
c50da916c252ab282d978da3f114b81d91ec2912,0.045338966,0,0,2
e0bc1afd7878a91fbc30e79941af8a797637ef22,0.18903024,0,0,2
aa75d3aebeb30d1bb3ab0ecabd60201bfb3aaff4,0.12831058,0,0,2
76f12abd9d81587eda4c50e7816c75607b4b23ee,0.10548202,0,0,2
9900d951d41ceb438be79b2bf1822aa6cfd1f37b,0.108560145,0,0,2
f6dbdcf3acc3009f3ae17d607a2ac898e804395f,0.1406177,0,0,2
110084e432a04d061d71768c23f500f283081e31,0.12059613,0,0,2
656abed01d37434d69881ca1292dee710209bf51,0.15890811,0,0,2
d6d2307a9ca0ecf8c540b3bf7183de5d550ab099,0.27002817,0,0,2
801f4f4b10c788212d555729d5eed92ee1a02036,0.1980254,0,0,2
5fa1935c52f3866f0675e9fd64bd04d153b9f225,0.028572652,0,0,2
d728087751d2e6f19504876d7a3f40ee7b1f4d28,0.32774043,0,0,2
e0fc7b4dc80a31bffc8c8f87a2fe4153e6cd0cfb,0.31037295,0,0,2
5b743d5e7270fa41de8b4fd6ced0d82a6e38c38a,0.36010265,0,0,2
dc565c4fc02421b58db9c0f0cb9bfe767d904216,0.0923521,0,0,2
ad56c3889328fed27f021bba3f071f676fc4ffe0,0.068397,0,0,2
47e13b0fa2ca7fb11e52abd429d538c3c9ab07ed,0.028786512,0,0,2
97c6c963e2045def1f19c650f638b304f6464c19,0.043134175,0,0,2
0b7369cbb67e46586e9e031c693564ce7ca583c7,0.19228745,0,0,2
2fdea0d5f462d48a97aaca3b987a716ca2934f24,0.0310677,0,0,2
2645862ccff2183b731e7d6f1a66df6f2b04a99b,0.035200607,0,0,2
27df5e894a2133e122ca7e78c5de45d26f7210a3,0.2664006,0,0,2
619aa9bff4055f51df04f5f837605785a998e9b8,0.06559257,0,0,2
4c55341a48427f7bc0ce30f0699c673f7e69f63d,0.04147084,0,0,2
27ae87a59cb2f0d06ea21d4a886f3afb9a14247d,0.14496212,0,0,2
962128ce971b2edd3fc9e4a85b417fba01a0246e,0.0851066,0,0,2
287254724ea66841b932fb5f6d8cbe37b04eea81,0.035608064,0,0,2
2b0fdf8fe719f234635f652bce0a5b2abf03bc4b,0.18912563,0,0,2
75d8364771414b52179e7084cad838b6c0a0660a,0.19958907,0,0,2
1fdb3a719283209e417d57b2d77ce93540de4cda,0.027728088,0,0,2
174f3ef3f43b680468d7535d5fa8ce3fb3a4d113,0.12166437,0,0,2
8ff705130a6c360e7d2009cb9f1a4d0a307985f5,0.18901597,0,0,2
a61f3728d4e2c6454dd0069148397745b6b3a5bf,0.5758889,1,1,2
f568436033fac9fe4dc9b38342a029f20c79dc96,0.4132271,0,1,2
c0b874406621ebda3c44029ffdf0f6017d6d8c22,0.50322104,1,1,2
52ea3c337615e386507dbafa686d1f02c03a4c82,0.4060008,0,0,2
8688adaee68dce1c54c05b44946635973b37fa06,0.48323366,0,0,2
27f467b4eab7864a4ff799fb2289cddd2c45d30d,0.30710772,0,0,2
1ffdfd2ad15f4f62b9474a2ae72f2ad0a42c6a98,0.33380282,0,0,2
24c8eb250b9c7dace0efe91fd1f36c799b174606,0.042311084,0,0,2
060cfeb90df4fda2d572fa63225c63e304c8615d,0.36867106,0,0,2
3ec04d06cd96131c7d2a508e1526a07f33efb490,0.098613106,0,0,2
ec3d2af993826b57cf47446d809db2c8b49c7a77,0.36179677,0,0,2
f79ba553c602c9cd1a673c30db79edb6b38f0db6,0.067628935,0,0,2
3e6117dacd54430e555a42a5fb8177f4553fdab6,0.50138,1,0,2
7ee877a4db8c6d6871444abab28e95e9dad7c932,0.36410153,0,0,2
00c3c8dbf20322d372ebdc28c2b9fc25926a766d,0.27253035,0,0,2
07c01318ea4ef19ede234484ed102f94391cdcbe,0.4144888,0,0,2
f56aab06534e643ab1e413c36e367fa25e24621f,0.26202938,0,0,2
6d1c4002aad95031c84bf3bfa777852492d23fa1,0.35996017,0,0,2
7e3c917567dc3163c2228dd01e4ad90dd0b76320,0.39944497,0,0,2
167676d596bbbfe82a52f0dae6847cad025dc095,0.34322762,0,0,2
9c24b00d32acfba096d8b3fc12168bbe0ac4ef55,0.31022322,0,0,2
0e6578069293282865a3dd4843d4f80f52476e7a,0.31319565,0,0,2
81e60b1eb541557f5be44e7f663d5a816fa90227,0.29977822,0,0,2
e25b6fedefdb1967fee9f64e0d0242d6472ad828,0.50367266,1,0,2
7f8236cfa274504e0f59b95285e7fbf2efecda90,0.3580994,0,0,2
ddcfef13549be8395d2c9339632b3ebe80363d49,0.031414133,0,0,2
4a5aeb1abe8ef10eeb5488e04e688e2daaf4eedf,0.057750046,0,0,2
13ce8fe63c8972c54ca717055c231bdc487d479a,0.045999877,0,0,2
8c12ad11eea80440bbe691cb50531c70f53cce95,0.46115315,0,0,2
692be5e1d4326c6e505c10e8dfc3adeb7958bd74,0.08598878,0,0,2
a733b7a87ce7abc0da33a3d56da82b72407683d8,0.34179044,0,0,2
13218943435188789ab706c2d97da8e2aba1770d,0.6363719,1,0,2
581baeaa99864979aad55bdd45f054c8a53c341d,0.3276961,0,0,2
80fced6db6c15d7833e2c06fac4098640ff4c742,0.48167792,0,0,2
0ff845a477db67a485e7a8c1cd8265e520bc8c05,0.3519185,0,0,2
66b24cabe95485abbe4398ff468a57e5ea0e3cf8,0.44716415,0,0,2
5ec70549ae7e7d2eb97d3d56e696dbf0cef7ca35,0.39668253,0,0,2
82c95c5f951ec316a717d72a46e9f1f7792dc818,0.39034086,0,0,2
0a4b1c3b316335a1ee22ea86c28c1cd58b1bb583,0.038525373,0,0,2
3b700639ef337839c69f45ebeea59dcd061d09ca,0.25282082,0,0,2
096155dd316ed242fa3bcf0ccffb207a124e1e4d,0.17594005,0,0,2
cf5e503db4274fd2c060571c982a0fba8b00c09c,0.28414962,0,0,2
60431261912586b5fe0cc5c8b4206e711cb0639a,0.31205562,0,0,2
ee8a2c9ded95d5c77e4e43a2307ac15322d96d3c,0.5182077,1,0,2
89fee834756bbe6d9e060376f95188d66789b1f7,0.12686461,0,0,2
6e710a1f78a4a733020a4b2d1f07b6fe4c6684f0,0.6649741,1,1,1
951b253fc38c09114d0fe273a3758a15c151a8b4,0.6886329,1,1,1
f3539c7eb312b127122084279002d3fd238c9a17,0.63260895,1,1,1
7aa5ba380ef6aea0f2f594873b4c7378adab0f18,0.6678738,1,1,1
def1380280b9be6d166d3938ea4b0254e9b55dc9,0.66021836,1,1,1
cc06ae9bf7a1fb6cee46c40d2a6388ac05d3f5d1,0.6214515,1,1,1
7972f1ac1b85a5174c9f293ad98abc87edfe42e6,0.71535957,1,1,1
bd1c4ff86fa21358949e925274f5b8146f5d02cd,0.5950947,1,1,1
be2aa80bc371d600ab2230c545051ea6454577f5,0.68128693,1,1,1
68b033741b02c3ae54d649e858790732bc5c2d27,0.7332553,1,1,1
4f5d25205a9cec988de300a452d641a155406b79,0.62836635,1,1,1
d1e97bc85338c563f4f732bcf917a08b3cbf4792,0.7107454,1,1,1
d40c01673e866c3c3b5b51bce66e9518924cc31c,0.61613023,1,1,1
5f7d5690a97b2ad95bbe381695638f0c7ca2c4ff,0.08668968,0,0,1
8d340a008767c5d954b7539e825b4c90eb15ab9b,0.04981838,0,0,1
84e490b66f61e11366b62efc42e64b60ae7db35b,0.67520547,1,0,1
fc939bf6838f4bf986e0b42fddee3df6712371a5,0.06522784,0,0,1
5c798eb50aec6040f415b6def1912d4345f8310d,0.05652546,0,0,1
d1758567765117cd395ea47319d3acde7fc663b1,0.06615099,0,0,1
517b8beb06f63301629f0ec3f58f6b667061d3fd,0.058342922,0,0,1
5c715cd84d600c0df0215846efaece2ab4673546,0.6220881,1,0,1
dff4cea14174548f52d6fcc66c9bfd7a339b7336,0.4649231,0,0,1
02ae34d1d3f3c9f9c25160cb14c119958f25af13,0.10868072,0,0,1
8e0e1c32ff1ed1da4f09fc9917812e6457e6fef7,0.060511973,0,0,1
18c5b2536c114c86b810bb3ee94474fec596a462,0.05821172,0,0,1
c6e4d8c9f534d3e70e79bf718e40724d56186109,0.365286,0,0,1
5b5ecff53b50a67179f6245bf60047c59f027e26,0.07094092,0,0,1
46dcd98ceb70720f96d4cfa23b001ff108bdaebe,0.074936405,0,0,1
dcbfc80c4a14b91194fc8b74760b079cc0a4ce42,0.06968141,0,0,1
23492711d234f2fa647bac46997e361bcf985423,0.09340893,0,0,1
f10279a29d47d389a31da907695673a992555adc,0.12541716,0,0,1
8d5925b52b48b4c69934ea5c48aa298a2ec74e84,0.5700956,1,0,1
a30aafa016409048747fe9730d6f7892eb12d7c5,0.06989964,0,0,1
a3611513fc4de7234ef49ae46d646b0795ac7110,0.07382939,0,0,1
d0eb1d1dd1d9aed27c433d78a76962340fcbfc1d,0.071540855,0,0,1
1ae9dfaf45e0a51ee7d604551f7e1932d1787975,0.064749405,0,0,1
1c2d56e8a91b0f64317a9e02cfd4b45b03d3019d,0.06272254,0,0,1
2cd92aa6e3f44df6b0552a28b83022a7f92f8946,0.062613934,0,0,1
79ad715f02e02af76da0c6e47c164a80768a01ab,0.074307166,0,0,1
e5b948a1687270192753993c998d61c7a91faf49,0.49124175,0,0,1
b81a48d78dd9be1c3eae57cece4c88df92c30247,0.06620014,0,0,1
0b873b95a840f8cfdb51f4ceea3b524d46d20715,0.2861861,0,0,1
e350a38760c93e373562d6a3e906df5904250146,0.5387846,1,0,1
660431cf4f7e2bda887a0e35ad3a76bdccc14110,0.061269626,0,0,1
f65e9aa63f8f266023a986507834585a9580c555,0.04352562,0,0,1
535cbcd9f20b29b3c5a5d69f654cde57969b3788,0.08733096,0,0,1
2d650f890ff1409f2944bc56cdc4b518b35e06f5,0.08561959,0,0,1
1c4f7bde1c8f7d8c0e09484daa626fa4f40e38e6,0.35014433,0,0,1
b9a22fb6f6f460287993d3cf087ae5ff036a6c21,0.5880676,1,0,1
14d6a09601b68f60e6b18142b597a6890e5d581b,0.11059478,0,0,1
54fdc54dd24c9ece2bfc32ca12e88545ec923a96,0.575277,1,0,1
0ff7c091143e8326eb88dabce078ca76778a587b,0.2668566,0,0,1
32ed6601f216dd1300876719cce837bfa9824e26,0.5798006,1,0,1
7df11e15457e8d8bf4e5730d20ec2412c429e091,0.38763246,0,0,1
15f7f84678a24533e42f2fde230c5f68d1b33035,0.5429603,1,0,1
2499f70cabfc8d17f2c6de124a81fc0940a70fa9,0.7552078,1,0,1
6526a5e83c1fb9644da34e44fdc5a3bb8a357c84,0.5579536,1,0,1
5904d90ade8663f5552b51036740352a9b796892,0.550739,1,0,1
fdb75911387f77912c37dcee0af4a2f2e0977f3c,0.5335169,1,0,1
538a97b115ba4ea44c57898ac7c4fbb77fe0e9b7,0.06772832,0,0,1
fa0478f4f6fb724233dc3e00a9f8dc557ce7cdbf,0.48064175,0,0,1
ec81d7ca5100fd97fe8428db02a2cdde967ac87d,0.13356185,0,0,1
81c40b9820625d3f529b116baf6b4a3d45dd2f75,0.31544262,0,0,1
2b085ae34295d5ae1d7eaea5a55a2df220bf1bed,0.068022676,0,0,1
d6a354e203e4901d3eb6a36b3aba620fdb222da7,0.07843599,0,0,1
37787b96ab21fc226ff267aa26ae58a58b2d20f8,0.55675495,1,0,1
f2f704eabee027175b0c1eaf934c08e7721a9b24,0.113506325,0,0,1
fa8f024d082998c7ae48b21f3eb6f8f2ca56a719,0.059514184,0,0,1
6bce493e47fdac9e64a9ae1cb3c358f31975a43a,0.043615256,0,0,1
9daac904cbc627e4a43e72f72159c552b25caf74,0.05598591,0,0,1
658d5a97c708a926b0425585f9437a0c1fc2b81c,0.07153243,0,0,1
db695fe90b181948f271e4970ec83d4de9348577,0.059027687,0,0,1
9c06ff87decab7357d44d8766f6a277ff887d921,0.65632236,1,0,1
198d448ceab2bc061d18a1a689056bd2b96b76c5,0.42747182,0,0,1
46b15af8c5fbfb026be350ae16eca89fcdc87aac,0.07148957,0,0,1
b7e86cdd772cc47a031d187b79d075af8155c2e0,0.4077305,0,0,1
198e589e62f687a91d4c27057ebad918e9f9bf3f,0.37504897,0,0,1
fa510146c09a498e25e590ef5cc558074337fc4f,0.087764114,0,0,1
badca06dd1c70207215c7186a31955901b637661,0.3438327,0,0,1
91ac1574aae31a29baf883d2cf45e4e1f5aa9bbf,0.075720385,0,0,1
82ca28e2ec8fe9771f01b5aab3386311ecab80df,0.05147677,0,0,1
9f8120beb6b351608652002e057f97f8f6c0dfc3,0.055384208,0,0,1
c66b23747627a2b432e0068561d457cab9f97ead,0.057680324,0,0,1
a6a5e3033d424468cbd3a6af051aabf3b5bd4d00,0.6818992,1,0,1
2902a9a3c07e881dd7aeae0a55189facfab1966c,0.087989,0,0,1
fe487b3336f8279d8b74eff05c5ebfe6e01281f0,0.07387335,0,0,1
3076802a78f14eb1b4f23831d5a1ccec79b26554,0.22212021,0,0,1
5063d256221e7fe8a8c433401bea988d7ccb0a35,0.55699843,1,0,1
a6b9ca3f71d44dbe2562e13d63e4b30fcaccdf50,0.5701617,1,0,1
81fec3193ad12a0f78eb021c4a1548484595860b,0.09765027,0,0,1
902a680951f318488a4bbe0184a3a223c5709b01,0.06812613,0,0,1
b84f786db6d85cbf9973adfccdf135cb71824b87,0.09005862,0,0,1
a2b5c7a9aa0b5f617502bf6003d43913d507a11f,0.33914316,0,0,1
571725cb7bcf091b5457f1e2a857aa51e8a70f7e,0.06160542,0,0,1
10118c9c1b00d31868d6ab43e8171e3c16efdcfc,0.05269311,0,0,1
ee94e6d82370b6b6086cae2693dc2fe31388fb64,0.41314906,0,0,1
dc58a824466ed492fc6d5ab11960eb86584eff26,0.104403995,0,0,1
56c04300e8f05bdaccc2ec60fc751c09d86b7b68,0.08161302,0,0,1
03542311e2a461f0324ec700e98e78b5540bcff8,0.42656356,0,0,1
4746531428aaf9e3ae7d505b5a203350d138ea41,0.42978847,0,0,1
05b14fd01e43ab8a385bcfb53102a270ef2d9375,0.064823195,0,0,1
77868bf772a03d61701bc0d32dfafea63a0382c2,0.07758532,0,0,1
83fcd3e1e220b9f3aacc63aeb4da0a898684dd0b,0.04930031,0,0,1
dcde20001063fc25f622e4b1c7775f735a7255f0,0.5781063,1,0,1
82bd5be8735c01a767fc3ebc3eb92369ac68302d,0.69927555,1,0,1
e1188f368087ba4bcfada44d645e4f8661d7f9b2,0.49834928,0,0,1
2c03505da053d07cd3f729692738912bdfc2a5b7,0.55418193,1,0,1
3fd058c02a1f8881110409be33ad56d3af6386f6,0.62985694,1,1,1
bb3ddfe426cf4ff5390f742d35bdba02a4ce7624,0.66402954,1,1,1
09b1a632c17b34650d2bcf748be14690c9882e52,0.63821685,1,1,1
539e1ee1d68c27defd0aaad09a1a0b68e059de96,0.6662328,1,1,1
da69323b29fe8e373364b9399bc67523dcf2af62,0.6533449,1,1,1
c1ad21bf966d01dc5cceca82f102c0f7843d5617,0.5460873,1,1,1
2f757454dc41f4d130234aea68b348da4f12a0fa,0.059769757,0,0,1
24b5e00be753889e4907473ce57271acb290cb67,0.41151354,0,0,1
7f293a06a0b7ec9b554d51f150991efa9b7dd54e,0.20297913,0,0,1
95a524ea06e546330ec3d95b9c139b7edc599b86,0.2973201,0,0,1
314dfa80d4e815ba3c689cd3ad0d508209665bf6,0.084502526,0,0,1
c07d659cf8f7b16452472da6052a1de326bcb6a4,0.0458432,0,0,1
545536e34f180edd32fbb21b0a5613e6407f0980,0.042619362,0,0,1
225afb8bad88c9bbb70b24d9ac3c28fb21f39465,0.5042327,1,0,1
041e9565ab8b187ad0b88780a5fc0a5ea24f29a1,0.21860276,0,0,1
c4828bfd09ea8c579fa8840cd77733c64b8ebb39,0.62345684,1,0,1
dcaacf4cae54fe199055830f097d4ed504b3238c,0.39849022,0,0,1
6f22f4b49c2a3a59840d28e6cbe0c37a56ab1f90,0.05010062,0,0,1
41fefde64401d2173ff019a896c4dd72b4fa5636,0.063171245,0,0,1
080e96a6cdea2f5fe8727b8249044b89bc54395d,0.3120122,0,0,1
497147e3e6ba0a50c32817e14985ca5bf1041f9d,0.5164672,1,0,1
40708bdf04dae6aa49bf8f3617f2efc16c83c5f8,0.06424858,0,0,1
84ad767a87c69a265e9105c51efdd87ee57b8635,0.3653814,0,0,1
f0e8d41fc8cc746ba9b66b72646db6bd8b25c6fc,0.4311588,0,0,1
df5930892d9c6eda392b96bdae2e7afd342f7866,0.06576277,0,0,1
0cdcb1fd8df9e9185cd3abb128d927d25d7de8b5,0.08000224,0,0,1
cf15c51722dd4b406876dce1ccd52eea787d84b7,0.45665193,0,0,1
b691f81b482175665b45cabc056e58ab0df03ff8,0.546355,1,0,1
fc8ef4d22c95b13b907ed14b19cea8ff5fd1e653,0.3017063,0,0,1
8054f746bbd6191f5a297cf6f7f26f9fefaba307,0.41721308,0,0,1
fa21d6f7e70f057c42d4af9c40ed47d3d841e5b6,0.47157392,0,0,1
bac647543497f0aa2a9f92fe726e1eb18631b4cc,0.4172668,0,0,1
cc6ace18900eb92606b6a312cb1ac5c4ab5f435e,0.39742824,0,0,1
c947676916c99f2feb5e183aef9629a1b21d863f,0.64994776,1,0,1
1f3dd9ff8a4f8302eb4c0bf4072d2bb7d8aeddd9,0.055500787,0,0,1
ca7f64f016d8354aecd38ef73405e1b3267ca791,0.120248385,0,0,1
06005610265c342b52051b997a43ad6e963c5a0f,0.23390469,0,0,1
4a8068579ea5bf1e637f8bed09a203508abde315,0.6157176,1,0,1
30c217ec400b9175e9490807748ec3e48fe2ba22,0.17228128,0,0,1
d80acb29c04a8e92a3ddbc539b0be8a521098870,0.4767104,0,0,1
e43138b0b5f0912cb358c0e73eb6247b273eba75,0.07380955,0,0,1
1b84f2ee7a41e8ab12faa73130187763ee5858ea,0.3994417,0,0,1
4b5ef21ed6104befc80e1dd501f964e7ca6f1ce6,0.3237755,0,0,1
c6c1971ca1fb5054a0847b0884488165606bd703,0.05500286,0,0,1
68e0a9c71443738b1842e99925d37bf545f5a151,0.4910981,0,0,1
7ebc8107a22038c06c0b0ff095f9f73d854e1422,0.7046382,1,0,1
9003b5b5aa4465e84c934819f45c1ab4365dc51c,0.43104526,0,0,1
4b8647bf6ce2b478e6bc90d0158ce81939a14378,0.04987334,0,0,1
2d1614a2077eab0b981d4a0c4c6e10a7ecda71cf,0.051945966,0,0,1
3631295c437c5b8915afc7b2b259496eb2d5d782,0.059888896,0,0,1
b12610d35e7798c66fc1d9b0811d10aadb87569d,0.065245606,0,0,1
f3a785108f853e327001dcd435e92525d7fba96c,0.2938725,0,0,1
881a4ee8db1e1826b749579d2284ace982c953ca,0.5093848,1,0,1
e91d0f0510ee8d69c76ee89b4e57341418866c6b,0.112006396,0,0,1
8f7c59ce888a687a6c9089caf0c5469984a073b4,0.4342659,0,0,1
3c644cf87ec8c0e6313b3a10b6cfd66279b8093f,0.60116935,1,0,1
fb7e1e265dd9e560b3a3127a6593b6602f60026c,0.049636632,0,0,1
1c9c43c1d4bb76d7e47cdfc9c6681a38305a95e4,0.5498277,1,0,1
18f181ada7826542725fa4a9460307d606695b5d,0.19220743,0,0,1
bb7e8951cb6ef08ca9df5fc036217c3a45c4d33c,0.068623416,0,0,1
e280c8636792c5426e54868d464c9d28287a98fb,0.07364367,0,0,1
54a7796ff234a9cbd2c66f8b1e5621f0898402f1,0.29041743,0,0,1
8e5867eda8328e4cb2e103d098d0c9f3c2fab50e,0.08747071,0,0,1
e42da5d9d21438c220768464b6a1f5b36bad92a5,0.17430463,0,0,1
c823ac5673e9da094a3b24b99987a533c548dac4,0.80113995,1,1,1
7573e9eec065ac1ccc2134aa751a191da3ca3dff,0.6029838,1,1,1
1cdc902f3d7cf877b4db7a31f19eb1dfd2fade3e,0.62145054,1,1,1
e9ea52189a92f7e2ab051e4d75c4e0c872034b18,0.5650821,1,1,1
ab0a2f761f4529daa0a1e7128ffb8ae417a0104d,0.44875342,0,1,1
7ebbaea90e8002f5542e22bbe92075ffb5383d2a,0.5456533,1,1,1
05aae985d9d0e26cf278cdd6f69672ebe3f8ed92,0.60229474,1,1,1
f7222ca6c3b6c1018a52fd649029394e6608f1db,0.06893141,0,1,1
b285f17023da248bdcb3093283e4b9e930bdd09c,0.57144165,1,0,1
af858a6ca224946195b1923a780678b20cb99603,0.47257644,0,0,1
fa027a4685bacd9e32b3bc7d875717b4457f6829,0.13483828,0,0,1
edf56632b8a5413f5e0adfe2d1b65e595b88a1d0,0.48664954,0,0,1
58693fbcb3236a9adb0f47088d88ee3ef7178cb4,0.082964934,0,0,1
91291520cfd5f6c2c91fc242018860c5d1d277e4,0.31124178,0,0,1
7bbba6995a12412cd7cbe1ca693057c5299ab4cb,0.056599718,0,0,1
ea030e732e3556a2a4fa51bcaabc080927ddfa48,0.3677505,0,0,1
310008f48c0a830138d35b3024106560d55b6bd2,0.33573222,0,0,1
ca22dac3f852c7290f60c3c3a5d66fbecfba91f4,0.5350955,1,0,1
bcba29320f5f6f860335266d6be8249418ceaedb,0.13081315,0,0,1
9dc30fddc109504fc80fb62e33554d54cca47faf,0.63272226,1,0,1
764f56955d499fae11db1aed6e7f0d2d0886e6f9,0.4891158,0,0,1
2933e5773b1d64a9348024b2a6e8dc6dc90e6590,0.45141107,0,0,1
0fa8bcc008b6a011d6fe41e64ea4379d0b57f20b,0.49523574,0,0,1
7897aa6a83a5e63da487e72c2735fb042259f6e4,0.40629107,0,0,1
b353d07bcca9fb62ac387d69d3e99004e27f14c0,0.09586044,0,0,1
6b43922648fe2dfcb4cb1aaaf5d795f00a6aa174,0.07091642,0,0,1
b268dfbb824ef307862e489aef7e71bba4cdcac5,0.047840636,0,0,1
b957ee1646d893fd946a8b9a53c779957ae7a240,0.4858755,0,0,1
996c0c164a083c3dc2fbf2768750e3b3a81d77e0,0.09254046,0,0,1
12ddf37f23cd77903729b3e611ffae10e96ded47,0.08073374,0,0,1
7e6304ce63da6c6341cb072abfd08caf0456328e,0.34974587,0,0,1
b9b73fbef5c0f18aaef22ef60442518d7f23ec83,0.052004986,0,0,1
675d4c8fc848ec5438e48deb2e8218b6f0078814,0.5222775,1,0,1
dc666f419e691e6a04342bdd9cf2e899455a8738,0.16455135,0,0,1
9bab875f03ffea0aacd1d92fbbecc96d491c1201,0.06674558,0,0,1
8d3d915dbd0ccf716f0d15b6b2396cff214d9cd3,0.044907074,0,0,1
326beb22c6aa872cbc0ad3706cfbe706bf9eab41,0.46529716,0,0,1
ad882055edb50369bd174ae56a372838aa89cdae,0.05035076,0,0,1
a7363a2ae67b585790896de45f57154474480fc9,0.15936475,0,0,1
2bc9e7ea86a8cc1c3b2436c46115c87080228004,0.06520975,0,0,1
76f154179b8dc6940355d7fe7db468314ca39e84,0.20303841,0,0,1
4080feff61e8dc1cd4af2361990c33c9f1014147,0.2960853,0,0,1
97accb47de63ee5063eda23641c6017e29ab81d7,0.042577907,0,0,1
cde43197f980538e411d851735ac7a63ddd613e1,0.5090823,1,0,1
0dec6e76fb544fa3e8bf5fd17f16314735971dd7,0.4088642,0,0,1
f820d06fc0d1204b0cb386214ffeb42ccec669ec,0.16575785,0,0,1
566c4d59a177be4b65d17540576eeb34d28d24ce,0.04785834,0,0,1
a516976947341e0e18bcc0858d85d34cd0c02cdb,0.0762437,0,0,1
7200c43dea3dbfbd9d38b937c44b6e71744b05c5,0.15716149,0,0,1
596ccd59a11ad5e9fda19ccd0f4fc714d8d3394d,0.054182705,0,0,1
301ad592142079d36f4d33f5309c103c7f4f5dfb,0.06999611,0,0,1
f8a8ea748a0b3015490ccecec7b97f0ab2daf9c4,0.049921114,0,0,1
8aec465b44dedb7deacf80111ea5286914093094,0.5992486,1,0,1
34f3f4196084768b2ef6b3db4608d8eccec50364,0.052238125,0,0,1
c53f2106109153eda10c47a6960a5a579d1530b8,0.5890984,1,0,1
17f52a2e559e68d5c6ccc98fcebb5523161fd0ed,0.513466,1,1,1
fd7a4362caf2cd69368a38f2f71ffe19706e341c,0.77333397,1,1,1
753f278d10fc0c92e912965379401ac182644101,0.6541133,1,1,1
491786ce4182daa57ea61deaf701f756f57f6f1e,0.441762,0,1,1
de73ad3115c19d5f0771754d233d74055a2a10bc,0.43411198,0,1,1
d5f586bd4e1a20fc09a33aaa5c2b9320f4a2aa72,0.2953884,0,1,1
8d4fd1dabbae4d7ebc2b273af9275ef8bd0e1ce1,0.36148667,0,1,1
6e5eedb3fcebc5894c41733bd26c8b4d9197873b,0.4680303,0,1,1
3b7d0b95466139a147fc504b7c18897dcc826c65,0.38564464,0,1,1
6a82f92584b36e28798479c82c0d3263c6347b90,0.66007656,1,1,1
b8e9475505fee98aae2819c03a33c7aa3db843d3,0.7014505,1,1,1
a14acdf6395f588dda7597bb4c7810dacaa503d2,0.7025348,1,1,1
85a20aad64be04127106f492e26f6ad6d6c228c8,0.5471196,1,1,1
1325e114108136eea3fe77a4a270a2da7eff98e2,0.5360327,1,1,1
bae46709ecb13f80aaad0d279b3618ab83d09275,0.59289324,1,1,1
dc5f850d1d9b0b952b7f0dabd6778cf0f7675cba,0.04757091,0,0,1
b4abfb93676fb0abbab1d9bac40ba2714a3872f5,0.264412,0,0,1
9a9e7268162f9fed146c74a8acbd234d9bc2ed84,0.7265389,1,0,1
b262c2359c9ed53dae3ce2ce7a0092273f4eec65,0.049072493,0,0,1
c30b59103b6f1390b0040ee74b985248e8b1b849,0.043729875,0,0,1
0f36265123605cac6af05b7b8c8f4036b58f4da4,0.038968034,0,0,1
cb177b56b7664ab323558545737646896f4d7e70,0.044935346,0,0,1
15bdcc3be2b84f68ddcd822da52ef045ed89e57b,0.08616762,0,0,1
6a8ba1fecb47e5ffd5387654d0cdb7c372ccdc9d,0.04592772,0,0,1
75efbfd6b21ab36fdbc440bc001c133f824bdc3e,0.067123555,0,0,1
f7e42d2ccf949a5893a439227c8c6bafd2598f26,0.06953383,0,0,1
c7fcb448c99ae5fe9db9b217bea1233df3ee6e57,0.48442498,0,0,1
d0721feadc1e0cae6efa3e0d82f523debc5b8d97,0.44827688,0,0,1
5f47ad718e0ffcbbe6cd2f8d32b2e345c4af3a48,0.07540192,0,0,1
745d383af12137ccbcbe1f3cb4c9db73f87a66ca,0.052829124,0,0,1
d746a54c2ee50711283bb49e557f58ca491e1bac,0.056977466,0,0,1
a56d4998cf16ff08f5593fb7d4dda66ca05dc269,0.04002984,0,0,1
03e65c98da2a0b2e27b14713543c2a61d56b1237,0.038690597,0,0,1
0d3545e5f68d024cd4a05724a15746d8dad986d2,0.4601831,0,0,1
6b1b592887d9ce95fb5af1e216bff56b18c7902c,0.13364857,0,0,1
ccd0fd51a5712ef1d85110eb61130c906fe4db13,0.067752995,0,0,1
d98897b11e6f4adf1d0a91591b1bb6be501cd29e,0.6251597,1,0,1
4e08e17ec536038c9c0dd888f77b912cae82816c,0.051895794,0,0,1
86eb3a2fa74988e4ccf3aae7f4b77edb84555320,0.06412011,0,0,1
45df5da2640f8f097915b8a2a0249ef0f6cf514e,0.2426871,0,0,1
76b7413d2b1eb2dc22f05de5b76f9519be5142e0,0.059202656,0,0,1
bfb3cf8bba6aab198c4644e236bbc9f3807111d0,0.057696424,0,0,1
093e3bb2e3cd9992f3f0d14373d406bb9b2ed36e,0.5009071,1,0,1
c440f668aca99266b5379235f6d99d378630c938,0.39698932,0,0,1
a1c5a582760c7f65572d0883fbcedc843332d7eb,0.2712704,0,0,1
0a499402d707bc8cf775d7f9b3840780a7401f7d,0.4429084,0,0,1
8e4e5221515f820108f48396a18ceaed73de8dc1,0.4173342,0,0,1
3a4e18ddf151a624eb5c3596ce8400ca4679ef97,0.13781013,0,0,1
8ed40d530295d819e0ca964b2d4542f6ca6a9929,0.06925301,0,0,1
a6abb8b00355db97486ab5023305c3f4e9e19ad3,0.053021647,0,0,1
b494caa01985c623601735f1bc10871cfb8aa048,0.36650088,0,0,1
5597ed7ea300ae3d08cd893b0133bce26038a7df,0.5143407,1,0,1
002276ea313fd880122502e9840b43f996acd537,0.14693442,0,0,1
bd5afc0b5a977c168cf046e3244477b48fa72c5d,0.10837974,0,0,1
b313ae68888445f4c08521bbc8d19f39310c6890,0.48769367,0,0,1
a675ca7802065f459a96bdbd593d8dc491180cbf,0.060715698,0,0,1
8be87e032a8c05622148357f30bdca3c614a669f,0.04344961,0,0,1
96eb80efe1da48f37846aa899260aa0c84b15944,0.50986165,1,0,1
75c2b24c681e314c4e4e07243b31430ba4e42723,0.50331914,1,0,1
276e22858cdd56f5725e0c2f7a3522df99967973,0.42547482,0,0,1
471e6b078a7891aea99b77f200e828a7b1c9bc00,0.041865576,0,0,1
6d7ee38ceed6b496d70502e276f80be6de618014,0.04974842,0,0,1
5cfd99f0dcd0d10689e480f0854e859079f125d0,0.039065536,0,0,1
ed6c47dd9ebbb2e38fb3e17a2b961f0fcf0e6df3,0.3678061,0,0,1
1fe7a43505aa9d00bd9dde45aee77935a5147561,0.41284177,0,0,1
387880a630c65b955a3329a2f7b987214c41f6da,0.041118883,0,0,1
cf4416a84203ff9d360d4398da3b166e6d0c72b9,0.54950863,1,0,1
a7fe613853516f0abde34821996a0424882bb919,0.05230218,0,0,1
7a8a7783315917b56b6a71c4f28cec4ed1d91a7f,0.062574275,0,0,1
9c545d44a4a703c88d417a6fa43298a80ee67735,0.046416182,0,0,1
4f73871cf40b6dd05c8872d39246c67f798ed915,0.08544591,0,0,1
41f297809965523fcd021bef20b304b3584d9b4f,0.055271473,0,0,1
03178c8b15f1b522b98ded0f83cfb0e79f5ec4d3,0.3789954,0,0,1
f70741c9b216d3836d047c542847920d4778cf9d,0.5656808,1,1,1
5ca0a1c3564d35293a5ecf03e5f32e6f0f6f445c,0.40214723,0,1,1
4c4b3e2e32ddae35e4c1a6ffce1cd2b2eafa958b,0.68927723,1,1,1
72a46babeb0da02071e47425ebd55da915b98178,0.65154237,1,1,1
9c51e5316babbd370bc32aed0fee134216726ec9,0.66997385,1,1,1
392323e2d44bacdac605c1a4f037f06e21dcc239,0.05030957,0,0,1
10dc13c80752b0489d291b54440212ca54c59fee,0.048921112,0,0,1
7b9df59a96adfce979c8c564dc5eaa6a29b7f25f,0.06599544,0,0,1
818533e92bfb1c142ae4ce5be18ab92d1ae17025,0.06249529,0,0,1
47fa07eade06908ded4206651571e71a2fe684a6,0.051850766,0,0,1
46e97d9e04591e8198ff38bd2949fd5514da0d3e,0.05539741,0,0,1
08cc26e70bf145aca293d55fce12aef835263f53,0.043397687,0,0,1
6c21bdb4a107b49e57c9e5d6598d13ce6f85fc5d,0.06201358,0,0,1
18a027b1f04e420c18ae57aebe8fd031b5ff251c,0.07428218,0,0,1
82b84c0fe9054198099752a66575cec0c47524c8,0.056416716,0,0,1
b10b90b0a3947bea98e3646e7d29f853f3b5c6f7,0.04710392,0,0,1
8c141a1705808491f16a27b53e1ff0db0a2807fd,0.06058988,0,0,1
40f969bc9e162deead55967da3c128e2da933dfc,0.048747417,0,0,1
f348d34fb1ef3c968e2981283618aa85db203901,0.07883832,0,0,1
999761ba1bc5da820a1d2527c4aae29d95a7013a,0.16129795,0,0,1
ce131449a4ca0b06c6bb27ee5d8d6d89b1467bbd,0.18811105,0,0,1
924e1e9064f90d958b4f57e9c9c0c543bd19dcfb,0.1442682,0,0,1
f36090e3141cd3cd6fd58f1f46a30af2582559be,0.05462312,0,0,1
6fe2094e30107512e470571bceac91cbedbd21d0,0.0659791,0,0,1
fb0078159d2463da149de54018fca79a9447153e,0.22057557,0,0,1
73351b6adbf403600521505bef288057beb2bdde,0.06298351,0,0,1
079a07fe18f654632b80b274f247775582261e5a,0.052185133,0,0,1
4158323ee456bd412e7357a4a6bc8bf50deb5d9e,0.46697524,0,0,1
2fd6c8fa1e392f985ee860d8ee154a612ddde569,0.054435074,0,0,1
66d0a9a0a00dbb259425f17745f7dddd7e676f71,0.06354923,0,0,1
e14d9ce8e3c57b7352a647c0a8e62eeb88ebfba4,0.055022556,0,0,1
9e0c5ad4b3148f42f3940faf7d67b305e34bef0d,0.31727025,0,0,1
fa1aa44c7623fb2142e588c59eaf56db7bc237eb,0.053417362,0,0,1
8fdda846c4653b6ccd49c47a9586c374bb20a255,0.05383252,0,0,1
a94ff90ab6cd2d92ccb2eb1fd7913b4e5256f02b,0.05118915,0,0,1
268bcd622685b28c2d50bcbce64ac38f7e90390b,0.047704842,0,0,1
09e31a01b51d7418fa0034ecd4cc11848436fc18,0.051833995,0,0,1
487ac1980148522d628e1d2aab50b107c372798b,0.045731626,0,0,1
34646ec9b52192a71e52ffc09cf7fefdd506c48c,0.0540684,0,0,1
7afc1c34fc16ec04f82105f9106b7d1e5232c4d0,0.051189557,0,0,1
00439211981af7b5baed495f526ef8ad76ee7c5b,0.053523123,0,0,1
1d635088f697178660b6e1c9a89d2b7d3bbe2d29,0.054074932,0,0,1
a4a62ed7c1e3c7aae09324f0ad1c6078f0fba471,0.65175885,1,0,1
b3a68ca842841c4b9713462d5f01742cf71a6b4a,0.7013515,1,0,1
2d868410eead061d59de524bada4de9e3d2bb442,0.69420135,1,0,1
813aa11d505b9507b6795d36070806cb2d96e5c2,0.16102646,0,0,1
88b29fa46bcf6f56df4213e1ba7810735a28d755,0.10067313,0,0,1
eca374db08ffbb3dd8de746632fbd74acb8f2c92,0.06050792,0,0,1
2ab17f529d07c1f618ea08d968b2fdf3a382a792,0.05898772,0,0,1
9a87c766bb3137a50656871e5dee5a309543bc7d,0.044177733,0,0,1
9ce4e1a371418e5eacc69227885815f9a4221c65,0.06688291,0,0,1
c7f7da754a911302dcaa6935be6fded84e1ac348,0.0479588,0,0,1
4cbb388ba9099be121f81d75000acc3af93bf993,0.11001446,0,0,1
87497c72460c9c58f829a372d741b386fc2ac8f8,0.099939525,0,0,1
921d0d60d40d8fbda29f14a64e848c70026ea32e,0.044162862,0,0,1
f9e72000a17eb9d524b38a9f2c982c037dd94891,0.06973892,0,0,1
e34f50dd1083fa8ed9fe25fe701b64bd2ea7efc0,0.056696117,0,0,1
581b474f4b194731eb9cb22cdde7330a1ec81c3b,0.047481954,0,0,1
e0d17fed51f5018fc34578699d824c20efc44368,0.56718284,1,0,1
4fc5b3402c58d6a4b317bf23b896ea91d22af6fe,0.04717712,0,0,1
d8e2f892e48423fda73204be3ec239d282e71c65,0.048483945,0,0,1
8d6d088622f8e4ea89e66ccbe097510fb4c932fd,0.050054513,0,0,1
f0943a7242041a16c8f7fca845592e48bb19ac74,0.047679074,0,0,1
d1123894d33922e7c8ca838f9dac9bdceefa3f7a,0.2935121,0,0,1
fb83ba3fdb46537a36832a900f124d4c400f7ed9,0.44551125,0,0,1
e779883b29a67d411493f985de984ffb8088ca05,0.44533992,0,0,1
a71c820baeb91025eaa7f07b172a39500c6f5692,0.48448995,0,0,1
a4eff51bedd73a0ea56afc23b1021187dd03561b,0.051314797,0,0,1
8f6bedeb724fa78583c26423aaece05cfddc04c9,0.086195484,0,0,1
fdc116f0bcda6d1fffbbe505d0687b0406e92fa6,0.44574296,0,0,1
66608db56c41e91ee34fdc1e6157d69b69893fad,0.32486054,0,0,1
5366158572bd88f18df7883ab823ea62b7701d77,0.07605695,0,0,1
2df0a3be66f6fa1067d976d7a05500beff7eda53,0.048752032,0,0,1
e0b2c86c8754312d1e89307fbf84e6efbfa9fe0b,0.06886578,0,0,1
050dfa6f0850174fdf958ce6751d2f06900201f8,0.046180494,0,0,1
7530b4bdceef0ef37af252f0b97978554fb9b99f,0.0493412,0,0,1
a6eda3d8eff423ecb4901aa07339364732c02ddf,0.049839187,0,0,1
a5035d0e1cde068320984d789473e1140adefdc0,0.06292015,0,0,1
dff43a0530a6fbd524e3af24795cf6b92142735c,0.040436853,0,0,1
1d5f8faa87a410fdd1141ad82f270ac238293770,0.5752816,1,0,1
82f4ce516c18ef5fb3096f6a90455fce90a5b290,0.042195305,0,0,1
228b49fe2afea3376c4f30f80bdeb70d083a9206,0.04541021,0,0,1
adfa016f3ef7ff262643e0f0a5a54d3ddb7d7e1d,0.33082953,0,0,1
f72b5e65c0c5210cc0be585959ae84fdbc87aced,0.24845655,0,0,1
26d668f6d5a2f202ef7ff6a73ff3cbd7bbdf4b06,0.15281886,0,0,1
808149305ba26224917e29aa0c0089701bd91936,0.04580487,0,0,1
55fd738c86ea1796d5152d818ab4b5060bb11803,0.34531644,0,0,1
7a8dc00b8be18a9271e2d9c2444ba91077ffafa5,0.5169204,1,0,1
34515698878ff0a4641e72486f0ae8a7e30df0d5,0.08219803,0,0,1
96f2b16b3efb93580e6aeaf1da97d9dffd5e260b,0.053354092,0,0,1
b577805347d56f1927615fad311868a3537a9cb6,0.04955547,0,0,1
e366894658914c0f2fb41cac003392b0dfa6e4b7,0.07995203,0,0,1
3411f29e2377788cdaa5a4eeaddc53355f085a78,0.04601821,0,0,1
880b04814c564ea7a1bb8fe97c15b4735c67e8e9,0.03935313,0,0,1
8ef033be5c92a895139b4f910af5a7048f340cc7,0.04123881,0,0,1
350c477161a0d1df94efa02109ae07e6acbc527e,0.043039136,0,0,1
0880a21c56cec1a2442b5123c3845bfc99e83a7f,0.06137216,0,0,1
84143c462986417ccfc5e8c05481e983cf668e2c,0.054355748,0,0,1
f16d5b1722eb55c2d55eb623999f16799b088b98,0.17396395,0,0,1
ac37165ed7a22cbdeccfe348b10245dc83b414b1,0.1944271,0,0,1
d9ae4e2601d4c0744bbc275b6b4f503477b789ea,0.5453947,1,0,1
7c1a59fa7ab58f5f7cdc124ff2667cc501570a4f,0.039382406,0,0,1
93d35c8f291b8953f8460c0eb02a51cc6d6cac22,0.03936123,0,0,1
b77184a2189c8f91100d148354d1fdf38e83d13f,0.049049243,0,0,1
f81e0465460ff9abd450eda836bbb4f9b13837c7,0.06742749,0,0,1
6fc152e4177e0482450b13eb7fe496de677ce5b6,0.0524742,0,0,1
0c9af5f450ce73da9b791051f861cb9a6420e0f1,0.05761229,0,0,1
11409e628b0461be3c268f81642ce36bc4b0bf84,0.043172743,0,0,1
63a9488f2910434851e98a8fc0ec8c053b24083b,0.046642948,0,0,1
d70736425701b66bd64ad3aab3941bb930a18b66,0.052502386,0,0,1
7331773448c1f2e0b24deae4144db0deec85fc07,0.04980706,0,0,1
11a7e62a898e54d66936d1b8b67cb5e62578ba98,0.051658608,0,0,1
0484bdb3f61d309ff62da4df4be92cf139d19f6b,0.84821403,1,1,1
f9f632e7056cd9d2b3c88bad50fe0597610e2eca,0.7698417,1,1,1
a3fae474e5cf5084c89835fce1950991aa678a41,0.68885356,1,1,1
f3108e2771083bfcf02c9c67ebd70a3ac0ddfca8,0.6570701,1,1,1
521b9b3385d73239b96ab209cb34ceb5c1c1400a,0.40195322,0,0,1
d7a1666f9a89d9a517f5fbaf283e711046fd054e,0.4571109,0,0,1
022a020bde5afba4f2e9b6753c199386e79d7825,0.3497125,0,0,1
1b5aef881bb3acdcde5d9fcbb6e43ceed6db145d,0.48569757,0,0,1
0caba0845d4363025e619eb3db6f3138b2c3d394,0.38642392,0,0,1
8e71711c1caaa404d84ec6682f1b7b266064c2e9,0.38918072,0,0,1
363be2fea66f861d7ec4f893a05901fa0c7ecf92,0.45904428,0,0,1
412a8a0ba61c84d71c0cc740ba7e50c10f3bf9ae,0.48001683,0,0,1
03380256795725c7d17db97d882a4c4da3b76b8d,0.42521814,0,0,1
653b46857a4a48252bfb094e39ee9937b2079fa2,0.60624814,1,0,1
748cb609306ee5a046a952a0ca13974ef0b6e770,0.6131713,1,0,1
0f9ce497b0c6841e3aca845336ad095012c41da7,0.46870646,0,0,1
36ee52223387eed452c266490a25b4c62f49abc0,0.3345237,0,0,1
a8c6d43b5a61d8da784f0ac188d40b88a15dad50,0.60810095,1,0,1
8fe2360920a8228c10cd59ba0978df701174c961,0.5250185,1,0,1
a3677db89ef3863e8ac7cf578df499f85d970b76,0.07107172,0,0,1
64c51505a82baf8260a34c7e83652ae3014009e4,0.42417827,0,0,1
ccba0cfc3f1b81dbaffa5153aeb84d48cd7630ff,0.6870672,1,0,1
e7c42ed0fb83faa2b57184cb72f6d9e8b621ccd5,0.41897967,0,0,1
633de29fedf11544f2c3d5052890cb014e612bd5,0.5542119,1,0,1
362ab2bc41697980391c4a61c23cb3ef6bce740c,0.2831433,0,0,1
fc9d93db68a3c33e5ead8c7ecb187fdf0f06cc4f,0.08467318,0,0,1
66a775c9feb7dcf00c28a16b7a365af4372886f8,0.08763488,0,0,1
a6a48cfd370b226955a531e678016db414ebeed9,0.16961023,0,0,1
dccc1255413adc1a212dbe3bf40accb70ccd44ef,0.31263193,0,0,1
83b70a377f79ba90f846b3a720e6c402c63bccc5,0.09562387,0,0,1
819318486d9cfb430749ee33d3c5c4ec4417babc,0.3123362,0,0,1
827d9644c864336fa84f15744375ba7412da047c,0.29825738,0,0,1
af6bbeefbf197f50d194c7f20419c2a4590ad630,0.43662354,0,0,1
ae8f5f04574be75727f5e948e04bc649cbdbbb3b,0.09065469,0,0,1
b9cd3558133ae9f26aec73e0bda3a8f635d137f7,0.6682775,1,0,1
f672e826f51824582273fa1f5b6ec37aa5fdb2fd,0.15290038,0,0,1
72df12fb2ba453afb57cf185d25c502d4daec6d1,0.065638475,0,0,1
7b42d43fa0827557f51cb4111c89fb2a78512c68,0.06860844,0,0,1
af1b5872ab8355acea3197522ddf94972b3c8386,0.06604966,0,0,1
5c753a87c328678f16bf89e0178448f04194f0b4,0.074970275,0,0,1
0956e2d2338531a96f2ff7d4ab405acc1b18421e,0.3268349,0,0,1
6563275706015b000cc5bf14be7fa9322964bf49,0.062702164,0,0,1
e9e76131f35c112046b9f184816683beab605e9c,0.08845553,0,0,1
843267df5a0b44145d5b9ee9153d17aa5e15cce1,0.1916413,0,0,1
cd64fa339a97300c64dfc434483e478a58f507a8,0.6648339,1,0,1
b0b23c179ac55334f760aa29fce262c73a909268,0.5009265,1,0,1
dff1a0953d97d46290750a46d01be1e1519ae698,0.06064725,0,0,1
35e0ba449325e759e04203fcaa71920cf473baef,0.49440807,0,0,1
e508ad09d79302d3cc6b86077d4a6ddb0679a0f5,0.06858362,0,0,1
a27ca511a591caf813c26862a888e90e54af19a9,0.14740203,0,0,1
9be91f380c209f895da36d13c40b99687bb4c8c1,0.12498486,0,0,1
09c55eb8120da36aef1807628f87bde83749428b,0.069611475,0,0,1
05edf06360cc8a1a61fbd1ce5f9abf5d83f9d3f9,0.07034435,0,0,1
9df5e9419d83c11b4a2c3421c5ff7ea1f544366b,0.754563,1,0,1
ed1ce82d822ffe185875b7b7d38352f20171c096,0.0714095,0,0,1
10e38114032cb4c585b29e946e1d70e05d52a878,0.10809546,0,0,1
d71ead41fb685431dad02d4bb7cb5675e196b8f2,0.6376725,1,1,1
e7b4025ee0b6152f9bbf7a72a317f977402a27f7,0.6109675,1,1,1
0f3648f749b7b67c2c61282297569657ea6220dd,0.60028684,1,1,1
bf915848967a6e35839e5565e98c716079980e18,0.62558293,1,1,1
7f74708201c2ab9f5d1f83c7052487116b8f7114,0.18688191,0,0,1
97dc91d1545a667b4021b6507d927799e53964da,0.4195374,0,0,1
d9979fa97865b7a57b9da975efb6e6c4d80b0cc8,0.07782901,0,0,1
6f27b4ae8f8ecb62698e760ab7df3973874b1f51,0.5681672,1,0,1
67ef6efb61f3c07e1359e083bbac5d90953cfe43,0.09084621,0,0,1
1b53f09c3a9dcd64dd281c1955b062fc28999366,0.39012223,0,0,1
34adc606601cb578486d4a019b4655c5aff607b5,0.45218778,0,0,1
b05bd69cdd841c02a3b645568ee5478fdbfc07d1,0.38340834,0,0,1
e1f30a1c32eb292e51db274adbe2fd6ed09b555b,0.43805674,0,0,1
bd82fe9fc034e7921eb589420bb4b86dc767a11e,0.48770386,0,0,1
13e0ba5aff3fe14eb0e1d748cad4b9f99e681ca0,0.46315962,0,0,1
3b7deb943877b0c2d8627531959948c5d1e4d3ef,0.6975363,1,0,1
b657c914c0005b37e24c1cd74c5f4ce886147606,0.07959618,0,0,1
a61fde99657c1b9d11e8eaa682181ea59e65814b,0.13393156,0,0,1
29c067466ed78c3e7948fcb8f0d25b3d984a1a93,0.5592391,1,1,1
fd86d06ec5d3b009f3882dda7903e9913858ee14,0.06002588,0,0,1
a43b8d68b8b7e6d7f23977a7432880290e6c6933,0.5489046,1,0,1
31e4a6df19cf4a13f8f0e9048198ce7488ad2614,0.4173533,0,0,1
3c0c9d83e27e436f9d3646f177bcb0ac2fecbeab,0.059161898,0,0,1
db7a08583a5ebfab310efde6d0636f2e2fc108ad,0.08656704,0,0,1
015e3cd37d128e4ade9b2d49f74f3b4fc07d82f1,0.28830597,0,0,1
8dba68a38c8bdae91c15e4eab35cd83c427d8e71,0.5978124,1,0,1
bd15dc78c74bd9eede3419b70469511f196a3716,0.6285123,1,0,1
c3ff46e30397bc0355584c593d500d2564c1c515,0.14964657,0,0,1
b2d4b2ac3a738d97e23e53cd459d9c57ee8827c5,0.07362108,0,0,1
3e24c28e68e617735b25791b0bc3f67f31624ebf,0.6433448,1,1,1
b1a8299ad223c3b2552f6d03e51c2ecba5df46ed,0.6951436,1,1,1
4e931386569c0a28b7e47c52d199aa32b6ca32fe,0.6365641,1,1,1
ed98d264cff306f7326db096cddf65cb26ff5498,0.5300261,1,1,1
1f07a0bf70049cb0a2f6b52ea7c261da5adb1abb,0.5737497,1,1,1
60bcdd450d6950da981d70b8b08379bdd744c82d,0.5597649,1,1,1
74133837585f81d1c6434ce32f73fc8694d5f132,0.57785934,1,1,1
0e9f604e87a5b42b27abc13a9328846cadd640f4,0.33483678,0,0,1
53a0a9ff85666348a38054e335f5b4c5355a6419,0.05681003,0,0,1
73f3e2b3d6b3f4a7000187bb3e6a4d82b118d3b9,0.54165655,1,0,1
b295635a87da0c20e5e2495103d4877ef0187d4d,0.58946675,1,0,1
8f88dcfc902b5bc86a239756afffc9f3813d245e,0.07384874,0,0,1
815b269deec60ec69f4e5e5d555afe9b98c18cb9,0.5782245,1,0,1
2b0658c59d6285547a5c6de7ac71c7cb134ce975,0.056603555,0,0,1
364232f781d0cc91cd4b83012e1f49e62fa81190,0.070384234,0,0,1
e972869486f85c3424875a443eb04bda2eeb6bd3,0.05049925,0,0,1
780b2281d86cf89cf5dd717c1cf54bbd48783654,0.055353846,0,0,1
06c27b37ccbde70514e035a50ba0a6ee1ff94ea3,0.04632768,0,0,1
1d1c41945a50a740519131bfff4e1875de69dd6b,0.07252151,0,0,1
71e40d0b30fbef976da3595fef8736a4e1245466,0.059609234,0,0,1
f781fcaf0f19766f7c9105911613f86d22b2091a,0.07744056,0,0,1
cb8cf1574f99fc51c9e67b9456ea4d494fd4cf29,0.36756068,0,0,1
c63413182017e069393963d07570ec69f373ee1b,0.31411418,0,0,1
8bba18089a1acf29f9d2433efc229d5c851f42b1,0.20905846,0,0,1
f295b186fd8f6c619d34a8c69c6a1307f2276779,0.61651033,1,0,1
02c7974c113cc2a51d6741491080058470265899,0.07590939,0,0,1
027c193cf1c012cd5bae06446496136a582c180c,0.42850214,0,0,1
4a10030ee78ea8da944f6d52e3c671799d73b5d2,0.40895382,0,0,1
5166f3dd04980177e46293408d998087040d4c19,0.25800332,0,0,1
d37041ca62ea9eab6e777bffc15ddab49941217a,0.3722298,0,0,1
53e5e3fa8531bbb4d70523197215fd19b89c1a76,0.4842512,0,0,1
62e6242804e4167f5c476ae34acc784009a1af0f,0.054419667,0,0,1
324e8b4d43f0260b4857dafef46e8c5f349f633c,0.76772237,1,1,1
9fbc2a346b86872c397ff891d379115abe5846cf,0.08014134,0,0,1
c5a15b2b66b6b4f018589d8f60cc7acc71861822,0.31554654,0,0,1
ebf108170e9a6215176174d84313a0564ddde0c4,0.52024305,1,0,1
f1984c42b64788a0737c3bd43e4da95e015c19e8,0.5574235,1,0,1
904b790c41d6ec4629921befd1c5286e482fde57,0.43473998,0,0,1
c2abe862ecb7f980260a7b44d907fa116a6bbab9,0.5413298,1,0,1
19a56adb00295d528015045cacd443ff10f7bcb2,0.4798494,0,0,1
e2ea5359798ce8dc77d4b23b0f9b4df33b37f940,0.40477026,0,0,1
ce4385a413dc822f8849678608d0bbac2defbb81,0.07618935,0,0,1
c11215195bed3261d88486d0ad1644080afbb97b,0.068813406,0,0,1
7048667393bc4290f381312243d13688407b9350,0.58736235,1,1,1
b188b5ccc0f1f8702313eab62a5dcc164f817200,0.6259932,1,1,1
4efd950d4dd822f3e087db9830d09cfb3fdcb541,0.5568444,1,1,1
cff6e00097bf7dd97a5404080df3bf7e95813a1d,0.1608156,0,0,1
27214015c725619e0098e227fd29816d0891d4c5,0.4781428,0,0,1
f8fbfc9fdca4b5e9ba1a5608ca17e7b6feb18c3c,0.3691798,0,0,1
0733d7c2ba214415a8d2e4efba5c6e26b61d3291,0.44544458,0,0,1
d8cdd5eeffe9b63949129d09f6b0c7ad2d517e90,0.40291506,0,0,1
e2cf4811ba485b0bb29d7d80bc853666bfbfa958,0.27649823,0,0,1
580e0d1e26ab2a9275f01506f3af56fe8fc32988,0.5442646,1,0,1
3ba27e9f4a29be1922b3a19f9c6c5127f93027ab,0.38711947,0,0,1
8fb1341ad7c460286211f4f2a6be41bb5782653f,0.104305945,0,0,1
041507d3aaf718ae536f9ab66e4eeb4065cb339d,0.52959746,1,0,1
735b1b59862dc1b5f7e60549aa7c33dbcc4095b2,0.5739527,1,0,1
60595251eec5979e14540c6d00043e24905a7404,0.5792553,1,0,1
980366284db98e0515dc5e827aaf4f750699bc80,0.25040436,0,0,1
6c2dbf2885fb4602b8e42bd208ebef66df23329b,0.07047043,0,0,1
cb6ee2cbdeadad5d277a6e7293d88bb915090c4f,0.4804387,0,0,1
a00624cf27791193be74a610723a9a0b0980d23f,0.60207945,1,0,1
911d59f46d0dce2e07a93dc0ff705154f568b7ba,0.45919213,0,0,1
1aa543286acbcb3c23aebaba003fa024a54aabb2,0.5695052,1,0,1
f418eed3089d74caa11affaf947a40b774e9c8cb,0.14837986,0,0,1
a13691b5be40d31099d39f7c8f3ee9970ebc20fa,0.49740595,0,0,1
3e8b8aa06bb7742cd1643fad72d7739cda400010,0.5195461,1,0,1
a1db4c96f62eef05fff532b59300edeff3ef21f5,0.08551502,0,0,1
5321c7ff2ed082524bc319e44f0aedf7ed8960cf,0.48342878,0,0,1
9be73347bd09934dd0c99d32bce9c4e12fccf6ce,0.08011635,0,0,1
4362e02ed0404d12ca75ee3476d4a32f9f671811,0.56658906,1,0,1
d3f0ee5e0928122b41ee25e2b4ab09bdca5bd00e,0.58809394,1,0,1
f82b5b57840389fcfdc4f16cb75703361d6ea059,0.60658044,1,1,1
51d564f738b20621e4e14649bc1b15c929668e1a,0.6929594,1,0,1
5bd82306a8e44e2b9ff098f29ebf4c69c195b9ad,0.49131948,0,0,1
9959b3c5a777845aa19040a5a761814e483a6483,0.061156634,0,0,1
a0611b06f05e3c37c622f48a783836f89247c237,0.4735816,0,0,1
f02f2e54ac7d88a6b7ee620e45e1bba878c63a56,0.30732578,0,0,1
98d6d15235e046762f3b09294e896994f616627c,0.07381216,0,0,1
fca0e6ecf6012ee47fbc92fef4533320c1e3d849,0.081645496,0,0,1
db642a3c3ad93606d27d6e277b529da3a50057e6,0.07960322,0,0,1
1929834c27a931ab505f7a389d38fafd10331d8b,0.05835001,0,0,1
a5cb9a4b4a196bd2048cd21ed2fef175bc1181cf,0.09032416,0,0,1
c2f1b685abecfc11de76ffd0a28771f41b566782,0.057162262,0,0,1
30b6759387b4402987f6f4a6100fdc78e8bf755f,0.0720667,0,0,1
50b126dc0eb075a2193b670eb7ae2089896ba283,0.06880166,0,0,1
6b08874607dd51c9d8f600a96650a330cd9e6b95,0.37307963,0,0,1
c9685cd5e462926aa401fca7321ea23927492006,0.06115735,0,0,1
ce8d0f7a47f7caba8ab937389c59b68b20f6994a,0.05506417,0,0,1
98b8758e761caf659608f48fc5c9e9056f911050,0.061857577,0,0,1
95b2fe97c7f191e43b7fe11e8e027d87eb47f15e,0.06850666,0,0,1
79237dcd2bf537d56ff8d73f897cd639af7bf8f7,0.049423646,0,0,1
181affd5c937755f54ff31ef056a6ec091e95f51,0.10283549,0,0,1
c334a1bca8338c92e76f0f1cf2ef4884e3eb5dbd,0.15204987,0,0,1
efa48b214d30537bb184884ea30ce817bb350153,0.13778837,0,0,1
b45c4bdb496381b5f90df6872edca12e0a2e68ca,0.06686849,0,0,1
f8489499aa6d460a7548b14d516638b0bd7b862b,0.06136087,0,0,1
76a2ac814caa194c46be1cf7a3f5dc129546b1c1,0.6413628,1,0,1
31fb4dfef212791f86f052ce8a3adeabaf830cf2,0.06259625,0,0,1
ccfca8f714055cd9fbd00cf7e847b880132cae69,0.51081985,1,0,1
a29815abf4f0e51b332a8af1b83ad344104c14d9,0.36843935,0,0,1
92e6d716069686583b852a6dcf12af986d6dc694,0.63746476,1,1,1
d105819a0e72765ff5ba4efa5622d727360ee2b8,0.58619845,1,1,1
3aa6f11785a2f1b3b09df328a02a2c28dfa0bb57,0.6370422,1,1,1
b7a82a918f0a595a96047f7eef2672fd95d5626c,0.6091168,1,1,1
52f3240d90f2397cd1850ab11674ba08a0ecb2a0,0.6335397,1,1,1
d70fdbc40195077057a1edb14ccd16a26435d007,0.57347417,1,0,1
0751f97bf6677c3d55aa71542d572dc8fcb9e79a,0.7342759,1,0,1
e505e1fea57e0ab9f1d5edab92546d778a5f41e0,0.07260069,0,0,1
b4380f20059dc9e4ccfe2b709587e8069ac0fa34,0.14565676,0,0,1
32a9c6d42a3a48314d3f9fe2956bfc8bf49ac5d5,0.0722959,0,0,1
80417356f04c5ee1cd6f636e9b043db3f2de24f2,0.63106245,1,0,1
f48bca0510703b0673709b10a806a9d54894a999,0.6537366,1,0,1
f1b54876ab8893a5d9c0e3d7c1a9c884e683dc8a,0.68491495,1,0,1
c82f703768eb8a122546de23e412a037aa1770b2,0.5103713,1,0,1
36a02dc549f32433d7329444455dbb1be2e67f20,0.66719365,1,0,1
fa8957d7939b59e8d391fa17000b34e865de015d,0.6069434,1,0,1
5acc6a5502bffaa66be7e859849856de0ea27acb,0.54290146,1,0,1
b58789c5badc4f9680ec5724568af05a84670e22,0.67884254,1,0,1
9ee3a16179cb65f5fe4170257ab7cde558f1dbeb,0.47196203,0,0,1
4ed0bdf1c73fd82d3080d15085675de96d5be0aa,0.42830402,0,0,1
4950ad86a16e63fa26d51cd709e39666008c5fbc,0.5309298,1,0,1
b61362933f7a564d2ae0b7d6b9723f79f4948769,0.6221946,1,0,1
f28aa71041181867a720134e26b64b03cbccb6ec,0.68308336,1,0,1
720b988fd8d7a50fbe922e6c73a3681b1c566331,0.32038355,0,0,1
9d744f7136f23da9a5f9324432b300b5a68e3b39,0.5455654,1,0,1
98f54c158acb12a26fa6f335b1665accd2aed347,0.58212733,1,0,1
22c6d087012fd55bc65e578a27f2edb66f4d3808,0.75128704,1,0,1
890b387d713d04c22406db6d5a5fc9b51bec2df5,0.66562784,1,0,1
c7d56cffbb4668d0955ef00196e08f42f2efe363,0.07239822,0,0,1
7680fae14c9f544d0585a7b150004a1e48fff53a,0.10391654,0,0,1
136c5ffe80e558a87cde01baebf823b06e3cbe75,0.05956076,0,0,1
8769d0f2cc4b7555dc025b7c0e49a81346a1e2dd,0.060892377,0,0,1
4b5cda5a2c6ca613db5129d50ffffce2604ad9eb,0.36604148,0,0,1
2e62764c0c386632e87ee8d12d0505848df1015e,0.3592559,0,0,1
4590f14e97beb6d10ffb7b5dd312c632af155ed3,0.59339595,1,0,1
079bcd0339f30343c01c5fd3d5521be4b822d30f,0.06915486,0,0,1
29283b775291bf03cd9a7e1aaa496faaa5757578,0.65141344,1,1,1
89321a2dee438328e75a11954e972175c78f0a2a,0.66820097,1,1,1
1f3e72fa069536ae20f37b29575288ff65e66803,0.5986318,1,1,1
c7720ca4c232d317cfc800a04eda4a1d5a44a944,0.57640994,1,1,1
a747456bfe077da467ff036172968a37f3b1e893,0.7877871,1,1,1
2f2c8b1cc6e6e731f7bc52b0988ea8316f475004,0.7569108,1,1,1
013b445ede8d9e7aad4915859d0c869b9b712f8d,0.6419804,1,1,1
f4e754e66e3661274df624bc328991cd88dd03d6,0.11634742,0,0,1
741944332d5bd90112b610a8b5f2eeefe51e08bc,0.5081968,1,0,1
4c7d7523088373be3c7ff203ea895d5a6d84083e,0.2908221,0,0,1
f79c9365d0ee89cb407b90cc084eece8fcf9a8a2,0.08327951,0,0,1
8714dd031647be34d0d27f461894e7b194f25cd7,0.7128846,1,0,1
83406b73e70a251eec5daae34f1bd8d554cdddec,0.054175045,0,0,1
2f956f46580e5b4752173e885d37a20fe31a78d8,0.058106214,0,0,1
3f36b7b50bdda3eeca632ad5440bb82b8e34cb40,0.4031851,0,0,1
9962a0fd02fe2ef06765271605b06729af8b2e59,0.18468744,0,0,1
5294c64b342818e021800b38413f36f426e35b3c,0.39866602,0,0,1
5a45ae3b1deb5117cb9e9a13141eeab1e9ad3d71,0.36901805,0,0,1
efafa61992658eab64c893e9eef49f545d75673c,0.38744056,0,0,1
630830476a6270e317e84229996a6bf92bd903ca,0.15029372,0,0,1
14097c64d243794610788d3ebb2e81ba8fd867c0,0.15101399,0,0,1
f2615d9a611db401cdedc022112c87ad938b5680,0.29636982,0,0,1
a24d624aaabc14a455d18450d9127f88d1b4f8be,0.61907166,1,0,1
49169033546d893dae3db903a2fa6af712f125c0,0.16650148,0,0,1
fa7588c4c0f8d403e4815fa72e3b8a3bc98d73ec,0.41797346,0,0,1
367fe13b46a0b4dda56b7f12273d6c9afb1da23f,0.5143828,1,0,1
368588b5c5c4140f39ea8b9a8ceb3d1af0708804,0.1499405,0,0,1
30ee10d2740fe1f28595989c6b21f22b75a147fc,0.5271079,1,0,1
af9fd052d1c208f191fbdf85873f965552465598,0.36259174,0,0,1
0a711ebcec7d32b66ab3c90b2a1f48681201e557,0.38766962,0,0,1
a4acf53336a482f50335d33b4f650a70c9243b7b,0.6150908,1,1,1
c26fa78817f30cc3eb91165b783e07fb80d80f59,0.6912449,1,1,1
944291b748bcfec4e2f3c17623884db7a17b9f21,0.5982804,1,1,1
c44f982e89b63a97190638cd12bd8bee2bafb883,0.532212,1,1,1
fb46b941f7763314d667c437c06b1675e61c3d38,0.69695485,1,1,1
e9928c94ce1385ec72028336417f19f30ac38ac0,0.7058005,1,1,1
d4021487539b0f7758ec644f2e0d83df95c66bba,0.72575796,1,1,1
ac62c1c29f319a97a2552c39f32c8e6acd70c9e1,0.47470808,0,1,1
dc08bb8ea6cdf01188f6699559e779e6cc296287,0.6405327,1,1,1
82b8ecc3275d7c3578a6531ac3f1da3ffada9dcc,0.68241745,1,1,1
36ce032b612fc0a1156d28bca7327e06337c8815,0.5863302,1,1,1
2f22533ef41533e2b839a6b41b262dca59e6dbf9,0.62659794,1,1,1
39a3cd0f4210dbec1ae8ef39a87d34b76eac91a3,0.4318443,0,1,1
1f470253c46471033048383c027192e757480492,0.5021961,1,1,1
9c40a7bb3c9aca51d17490960c988dfb7b5acebb,0.32895547,0,1,1
7f8e952abc4d2fc4b96c97a51aa25fcf6ed8af02,0.48747283,0,1,1
bd0b5af025fab9cad8f94260138741c252f45fc8,0.5175092,1,1,1
e036d60d8a210d5ac28b2e5c51a45ceb82b58f09,0.118366025,0,0,1
626014eaf093fc2e3b53f5ad00c425bc209e1428,0.081029356,0,0,1
5c85b8dda5f3047732a17b818256b9289274d071,0.34609723,0,0,1
ea402becca436dc1a8e47ac9385a3db475b49355,0.24278817,0,0,1
255f10834a67cf13518316de0e2c8a345677ebbf,0.47621644,0,0,1
044de16c14076019f87763b7b58c45664ee57c11,0.59832734,1,0,1
e54ca615f213f5db6d34d9163c97eec98920d7a7,0.07781349,0,0,1
07a42d3ffd034e467e49b5c449d4f5f81c471cc5,0.43139398,0,0,1
e6da0f682436e1387ad68e86edf7418c0f7cb368,0.18929774,0,0,1
59ec4f018963eb55e32fafc2b924826c39c09682,0.4457432,0,0,1
ece4b70cce24b89483236b4cff079c10597d680a,0.33173537,0,0,1
09d28fe7995db1a4da2c651d362007d2082c663c,0.41687727,0,0,1
98c27699cbcf65c3d9d655ecbcd67adcd8b45b05,0.487266,0,0,1
71cff7c5940b7101ff098601850d46b7a4698180,0.060032856,0,0,1
89e0607cf6470dda1a6a47b46abf37468df4e50f,0.13808264,0,0,1
6fb60857be1fed21bdacc4ce830bbf99103b6fdd,0.32643652,0,0,1
3634821fa515365618209f0452443728e7290fca,0.6332691,1,0,1
2fd62ee4d524c270764e9b91dca72e5cf1a005b7,0.27411416,0,0,1
a703ee75c40e0207f6831c4d48e1c7e62f160305,0.61585486,1,0,1
fd7cfed070c2aab60521afb7dcc633a0b7abea80,0.28933978,0,0,1
1de41ef4baeee1c95e245837299f8be265294445,0.6182801,1,0,1
9491d7a61681f7acc7103a6d1d45efe96f7981d2,0.6247628,1,0,1
2d3203b10cc8edf71a6e3e0822f0d742c9516aa3,0.52064556,1,0,1
d55a572e5867832f6d5755fcd46101da51a38aa4,0.48646104,0,0,1
170cfa758547b4d9be50058ad93cf60ce0da5564,0.4256497,0,0,1
3783ca4476fec8186c867e4e57084e649c318c6b,0.055737626,0,0,1
4d996d1bac1bb1886cd9c473ba00e53e3c19cf3e,0.2581476,0,0,1
445cb9dc2f07553f8e1e5f7c1150f00fbb05c63f,0.08189313,0,0,1
ad80bfe559e7380fedd7998daea5f27393ab643b,0.24635562,0,0,1
3d2d4fd1588c8eb3f67f34d75b66967d0c7b06b6,0.10356074,0,0,1
d54fad867da7f762ac4c0d947adffdc1f8f356f1,0.055895794,0,0,1
12bbaf3550d56bc945b50f538b5f18af93bd316a,0.3439635,0,0,1
150c578edb161bdb2e8c039f0914984f570ef8f0,0.39744824,0,0,1
af977adc43a071a09652fea4ce3deba2d5b8d171,0.5519553,1,0,1
e021734b62ea5ac273e516b4ac83727cbb99ec08,0.5234835,1,0,1
b635beb6efc07a97c143775c78a32d42b3b73c8e,0.44300762,0,0,1
3fd2492fcce073f0c36e4d7e23e34881557e6e5e,0.3870398,0,0,1
a918c493296c88da94b36600213c7c188f2589b4,0.18354546,0,0,1
9181e1d536bafedcb3587ca30e5b6e2d66f06bf0,0.4713663,0,0,1
cc8bdf1d13639d12d02170d40cc4890180bbabc5,0.5082611,1,0,1
33ee5497490cbc97f3eabe9ef7a6391e4dbee8bc,0.49580055,0,0,1
dc61e510126aaa1a95a46fe39bf1529f394147e9,0.073375255,0,0,1
d320a457a9de67be25a03f79e1695d549a0145f3,0.16011357,0,0,1
94ae6c84d22ed33e158b3cc822ca4a0484c829c9,0.052147325,0,0,1
e9e36cdc44a68662885e35773187cca00d20239e,0.51408905,1,1,1
7d4041d827aed7d9f3eb14310b824a2faa96b8b4,0.5132056,1,1,1
6f5f99440e7117ee3bb6407e06745fff14bb2a4d,0.5288993,1,1,1
3eb4be60cf00c20e46b75fb72366dd0649700c2f,0.4571324,0,1,1
edbd9842cfca892b10c2e9c8da0384fe005cd67a,0.43789375,0,1,1
bc8e23808b9d8d0c9b67270ef35d04ebd9d89cc8,0.4188975,0,0,1
635e41ea181c5fee8860a7044c84ae3557b51189,0.5246648,1,0,1
c4ddbe6456c9631c301171098a8ac016eb4e582c,0.58819133,1,0,1
63f1d6b83bc10a2880f5ec17a172fab284d2eff5,0.5273627,1,0,1
10e18ae9b47dfe04573884739823d64825105694,0.20643248,0,0,1
d3252a5ca5571e0a97e9a31966ec6b847a3a8574,0.4555971,0,0,1
86c76dd5ea04d1881a52d79113d6dbb1d57c38a6,0.5330756,1,0,1
73a8fba6fb23af45ee77f52f33bb8d791a9caa05,0.3605095,0,0,1
e8db7237a9c347d2225fce9b49ff92bb741adffa,0.17596664,0,0,1
7af67bdd16a4f103bbe6334c5a865436c900adfe,0.48979425,0,0,1
71d7c3264239c55b6e2daf89c44c5685085f26dd,0.3955979,0,0,1
958029bdd45c3e341eb146031ed38b4487d7b0b7,0.4461028,0,0,1
5556026ed1dc17e70946a4a030842ade3a33baeb,0.05800075,0,0,1
3c92830ec51fb6b6e9a7ca2fb8fda324cd33e48a,0.4757625,0,0,1
0fe9685c8a78ba2d780a3ec1e1a323990dc6d218,0.32252923,0,1,1
bd7788b384a87024ddd6bbe6a9bd9a167cf2ec12,0.62454075,1,1,1
dfecbe970917754511a081f8b86efac211e624f6,0.66804534,1,1,1
ef51b068aef14fa347710497cfb67aa9c6e65c0d,0.08907515,0,0,1
173c162a45b4be6fcbf7a30c44d1953062a25086,0.11723765,0,0,1
c4c03a33c8b8b94eaf75d368473bdd10a21cd0df,0.39166418,0,0,1
2fefdc7dc3c9afbbe534ff69db5a754be0716b11,0.065285794,0,0,1
f525bc3ccd9cfb69603bd9778998263a458415d0,0.69266784,1,0,1
9072a7615a54d5e753cf088326d9e14f1a5a6751,0.4458274,0,0,1
11491d355da8a851d6badb6348b10d8c4acc9d8e,0.3762278,0,0,1
2bc2ffde1f4752e7a8c7ea0a51c559faae194786,0.5092771,1,0,1
35f1cc00274122c0274b522d0b544a06faaba931,0.5692336,1,0,1
98817e88f04cc6757c42ae52d653b63cb85af486,0.47539735,0,0,1
83775c432382b9c0367362491d0dc515bf0e131c,0.59602904,1,0,1
a498b87dbcaa0a61c6088d7156258a3cb06638cb,0.08584238,0,0,1
34558845e3777afdc1bf90ebbcb2017ca17aea86,0.07420989,0,0,1
59985b43f0868d9a4a588d9ca1debd03108f8cd9,0.58626497,1,0,1
8ea1aa1e7cc427c28a89878fd2dfcb110c992b20,0.51991177,1,0,1
d4c7f63054e584b69024664bc2f221faf9863519,0.08308771,0,0,1
20c733229df741e57b8ac205788ece2d563b2f3d,0.49210536,0,0,1
3051264e1bc1d41a29c9dae7935c090568f64af4,0.087701336,0,0,1
db0f2304bd7c3ced65cbdfe9e17e80fe0774c13c,0.08515555,0,0,1
2f67045b9647de10ea5d01d8d1e98ac7de3e1cfb,0.52716863,1,0,1
7ef106b23772995e4307f84afd1bee4e2337ce0c,0.5677245,1,0,1
71f6746f81bb9650f6f228ea204d85ba2c5b7392,0.64440143,1,0,1
2ed96f00f724c3331d6b56b6b5650b9632f43954,0.3477529,0,0,1
3720683699bb830a4aae6fb66a78ce7079ad2c56,0.5398495,1,0,1
df37e605fe4b027406bd9dd85b320526ab12a122,0.5107703,1,0,1
4ad74f449258781e9df189413423ffd6ad95c526,0.66898227,1,0,1
d81ea83a0eb1761bb4e90a91f3b70f23f88a7d2a,0.5447617,1,0,1
e2c0ea4374c02539ad9bc6c4328b74f25eb72405,0.62515914,1,0,1
cf42ae522e12e9b412e1a1f008ea73cfd86a5979,0.58393025,1,0,1
fb7335ab163588fe6ee67ef26d3b3edad5cf4bd5,0.47908172,0,1,1
e580d35e1a07431109a5835411142bd1c1c2b3b7,0.5551785,1,1,1
ea60fbe0633082a131bbb18de94fa60a04eddcc4,0.7159546,1,1,1
90e31fd93fdcaedadcd4b030fbc20f7375672def,0.6750184,1,1,1
52adf52e4669b54399fa50f2624826c06a19cb7e,0.6635403,1,1,1
71e515ab6d2007d34d96df5604f74c6fba92c0d7,0.29476646,0,0,1
6d23e85570fe1139cf5ef3bc9b4e57ea73680b6e,0.59333736,1,0,1
cb83f7cb31e50f265e098c5380b3f0051e257f46,0.1144871,0,0,1
2584b4a0ef536e59bf28ba140844597a093d848d,0.42703116,0,0,1
cac520971206093d32bf17925f880bd06d93f736,0.7199358,1,0,1
6a99050166c945a226d5f8275ce4a9dca3518285,0.09839176,0,0,1
6dbb48c8e685f65f45ad5df9f7684bed910036c8,0.06909411,0,0,1
260e0e0cd21af7b03ab0dae33b4978233db67773,0.6201248,1,0,1
b5749b4f54b30c0c2050e456c12cfcf516434f13,0.43806717,0,0,1
07ec8ad2dd862c8669b2557b995ec5180663d73f,0.46227634,0,0,1
28656559d2fc67193a84d5cbc48d378b2016f74a,0.57117265,1,0,1
0add1e8975336c65513b26123d48b221e2515ddc,0.7024721,1,0,1
8e7ea70a33ecb8db5207849ea6371b4a5a8ffd26,0.5821545,1,0,1
6f653f6bb82757963a87d725808c080109e7e3e8,0.4233249,0,0,1
1974c83561d09cf73a575f992fbd8416e3354d20,0.13517004,0,0,1
37c20df721522b175bc9df3f06a361297010df5e,0.48544404,0,0,1
061450a927ba1cc65f7b984f4ff41866ec2eceac,0.07392848,0,0,1
60b32953a968e5623f82a6b27d6c679bc17c48e5,0.71686083,1,0,1
f175a241c811d2d0843026b2dde5c3ae308cfb95,0.5879178,1,0,1
ea1a69d638d97d5ffc451b32d240479357e02b0a,0.56471294,1,0,1
cae70c10b4451ee3b919764f72dc4a4caf0f6f27,0.078411095,0,0,1
c0c7112dcdeb75b521d55cd47d0c61be66b0499e,0.54791456,1,0,1
8d0214a7417addf790713440f10855dc279876fa,0.0856786,0,0,1
e2ec4f2fdb2bb8d97f64a33e9ac288d52854a530,0.6586597,1,0,1
fc73151cfca36ea2641f340700dbe339b9e1f103,0.74863774,1,0,1
dfc9888860bf192cedde21e5e843bc3caad4b74b,0.6045751,1,0,1
5f9e0851da9e74c12e04f5a62cb7aeb1a8ab7589,0.54488826,1,0,1
7d5a61ed64315bd6570c5cb55c1f53853a3fffa5,0.59146553,1,0,1
82152f41ac8a727c2f0042bd555452dc2dda11b1,0.48662314,0,0,1
474a837858a8e7a98316f97e9ed387d0161015f2,0.5487331,1,0,1
39380da86acc717f419da48f070f8cf7d9f9ec94,0.18523665,0,0,1
0e266204f535aa48f74d4f2480b2268c13e26b22,0.2198332,0,0,1
5b7608d1549989d92dd159392c19d9ba8ce0e62e,0.11988661,0,0,1
e79a590e0cdabd93883aca964db2a862ff3f8490,0.42318362,0,0,1
ec4d8a9a6b783f1d5d603d5272c94deb1e7375ef,0.11901945,0,0,1
507451866c98cf9e2ddff1008fc0152935ed9e20,0.48873013,0,0,1
8ac3334a04928faab627aef4daf4ac51c28a95ef,0.26259282,0,0,1
6bb871786e563ed82e2b8d26314c22772808fe5d,0.53902483,1,0,1
633ce604968078151e03363d5c67042af74310e3,0.49584943,0,0,1
18b3437c15d78c54510964728486831822809d9c,0.042761426,0,0,1
d68f7f5f44924ddee14428e16b7458e2878baef2,0.38647127,0,0,1
a48071b0d489420bfdc0c2ed7254d1dba243f700,0.12184664,0,0,1
6e710a1f78a4a733020a4b2d1f07b6fe4c6684f0,0.78425825,1,1,3
951b253fc38c09114d0fe273a3758a15c151a8b4,0.8773386,1,1,3
f3539c7eb312b127122084279002d3fd238c9a17,0.79173213,1,1,3
7aa5ba380ef6aea0f2f594873b4c7378adab0f18,0.44811755,0,1,3
def1380280b9be6d166d3938ea4b0254e9b55dc9,0.8078658,1,1,3
cc06ae9bf7a1fb6cee46c40d2a6388ac05d3f5d1,0.77699727,1,1,3
7972f1ac1b85a5174c9f293ad98abc87edfe42e6,0.2287233,0,1,3
bd1c4ff86fa21358949e925274f5b8146f5d02cd,0.76235867,1,0,3
be2aa80bc371d600ab2230c545051ea6454577f5,0.11728399,0,0,3
68b033741b02c3ae54d649e858790732bc5c2d27,0.6484364,1,0,3
4f5d25205a9cec988de300a452d641a155406b79,0.23229064,0,0,3
d1e97bc85338c563f4f732bcf917a08b3cbf4792,0.6069999,1,0,3
d40c01673e866c3c3b5b51bce66e9518924cc31c,0.10397046,0,0,3
5f7d5690a97b2ad95bbe381695638f0c7ca2c4ff,0.07893608,0,0,3
8d340a008767c5d954b7539e825b4c90eb15ab9b,0.65203094,1,0,3
84e490b66f61e11366b62efc42e64b60ae7db35b,0.1229145,0,0,3
fc939bf6838f4bf986e0b42fddee3df6712371a5,0.095864266,0,0,3
5c798eb50aec6040f415b6def1912d4345f8310d,0.52943945,1,0,3
d1758567765117cd395ea47319d3acde7fc663b1,0.6584863,1,0,3
517b8beb06f63301629f0ec3f58f6b667061d3fd,0.3225244,0,0,3
5c715cd84d600c0df0215846efaece2ab4673546,0.5290754,1,0,3
dff4cea14174548f52d6fcc66c9bfd7a339b7336,0.18713711,0,0,3
02ae34d1d3f3c9f9c25160cb14c119958f25af13,0.76844794,1,0,3
8e0e1c32ff1ed1da4f09fc9917812e6457e6fef7,0.7546824,1,0,3
18c5b2536c114c86b810bb3ee94474fec596a462,0.50030667,1,0,3
c6e4d8c9f534d3e70e79bf718e40724d56186109,0.10948773,0,0,3
5b5ecff53b50a67179f6245bf60047c59f027e26,0.21640159,0,0,3
46dcd98ceb70720f96d4cfa23b001ff108bdaebe,0.2911077,0,0,3
dcbfc80c4a14b91194fc8b74760b079cc0a4ce42,0.47930604,0,0,3
23492711d234f2fa647bac46997e361bcf985423,0.7793187,1,0,3
f10279a29d47d389a31da907695673a992555adc,0.1251148,0,0,3
8d5925b52b48b4c69934ea5c48aa298a2ec74e84,0.112684555,0,0,3
a30aafa016409048747fe9730d6f7892eb12d7c5,0.74097157,1,0,3
a3611513fc4de7234ef49ae46d646b0795ac7110,0.18638481,0,0,3
d0eb1d1dd1d9aed27c433d78a76962340fcbfc1d,0.74917525,1,0,3
1ae9dfaf45e0a51ee7d604551f7e1932d1787975,0.7248832,1,0,3
1c2d56e8a91b0f64317a9e02cfd4b45b03d3019d,0.8501962,1,1,3
2cd92aa6e3f44df6b0552a28b83022a7f92f8946,0.5925758,1,1,3
79ad715f02e02af76da0c6e47c164a80768a01ab,0.8519747,1,1,3
e5b948a1687270192753993c998d61c7a91faf49,0.59950024,1,1,3
b81a48d78dd9be1c3eae57cece4c88df92c30247,0.65591836,1,1,3
0b873b95a840f8cfdb51f4ceea3b524d46d20715,0.21667132,0,1,3
e350a38760c93e373562d6a3e906df5904250146,0.82113636,1,1,3
660431cf4f7e2bda887a0e35ad3a76bdccc14110,0.076171696,0,0,3
f65e9aa63f8f266023a986507834585a9580c555,0.2339824,0,0,3
535cbcd9f20b29b3c5a5d69f654cde57969b3788,0.2561397,0,0,3
2d650f890ff1409f2944bc56cdc4b518b35e06f5,0.073498294,0,0,3
1c4f7bde1c8f7d8c0e09484daa626fa4f40e38e6,0.6127111,1,0,3
b9a22fb6f6f460287993d3cf087ae5ff036a6c21,0.09683322,0,0,3
14d6a09601b68f60e6b18142b597a6890e5d581b,0.084877275,0,0,3
54fdc54dd24c9ece2bfc32ca12e88545ec923a96,0.441522,0,0,3
0ff7c091143e8326eb88dabce078ca76778a587b,0.390567,0,0,3
32ed6601f216dd1300876719cce837bfa9824e26,0.111307055,0,0,3
7df11e15457e8d8bf4e5730d20ec2412c429e091,0.15787975,0,0,3
15f7f84678a24533e42f2fde230c5f68d1b33035,0.083175994,0,0,3
2499f70cabfc8d17f2c6de124a81fc0940a70fa9,0.3826301,0,0,3
6526a5e83c1fb9644da34e44fdc5a3bb8a357c84,0.7877647,1,1,3
5904d90ade8663f5552b51036740352a9b796892,0.073608704,0,0,3
fdb75911387f77912c37dcee0af4a2f2e0977f3c,0.36397192,0,0,3
538a97b115ba4ea44c57898ac7c4fbb77fe0e9b7,0.06324618,0,0,3
fa0478f4f6fb724233dc3e00a9f8dc557ce7cdbf,0.06564118,0,0,3
ec81d7ca5100fd97fe8428db02a2cdde967ac87d,0.14082289,0,0,3
81c40b9820625d3f529b116baf6b4a3d45dd2f75,0.58628964,1,0,3
2b085ae34295d5ae1d7eaea5a55a2df220bf1bed,0.19831671,0,0,3
d6a354e203e4901d3eb6a36b3aba620fdb222da7,0.060113657,0,0,3
37787b96ab21fc226ff267aa26ae58a58b2d20f8,0.527275,1,0,3
f2f704eabee027175b0c1eaf934c08e7721a9b24,0.08635073,0,0,3
fa8f024d082998c7ae48b21f3eb6f8f2ca56a719,0.36366266,0,0,3
6bce493e47fdac9e64a9ae1cb3c358f31975a43a,0.39145237,0,0,3
9daac904cbc627e4a43e72f72159c552b25caf74,0.5300759,1,0,3
658d5a97c708a926b0425585f9437a0c1fc2b81c,0.71513945,1,0,3
db695fe90b181948f271e4970ec83d4de9348577,0.49030772,0,0,3
9c06ff87decab7357d44d8766f6a277ff887d921,0.6108771,1,0,3
198d448ceab2bc061d18a1a689056bd2b96b76c5,0.05936169,0,0,3
46b15af8c5fbfb026be350ae16eca89fcdc87aac,0.16007407,0,0,3
b7e86cdd772cc47a031d187b79d075af8155c2e0,0.085460745,0,0,3
198e589e62f687a91d4c27057ebad918e9f9bf3f,0.084503524,0,0,3
fa510146c09a498e25e590ef5cc558074337fc4f,0.08567758,0,0,3
badca06dd1c70207215c7186a31955901b637661,0.7094479,1,1,3
91ac1574aae31a29baf883d2cf45e4e1f5aa9bbf,0.45097804,0,1,3
82ca28e2ec8fe9771f01b5aab3386311ecab80df,0.5548773,1,1,3
9f8120beb6b351608652002e057f97f8f6c0dfc3,0.6694783,1,1,3
c66b23747627a2b432e0068561d457cab9f97ead,0.65493983,1,1,3
a6a5e3033d424468cbd3a6af051aabf3b5bd4d00,0.5367108,1,1,3
2902a9a3c07e881dd7aeae0a55189facfab1966c,0.4435629,0,1,3
fe487b3336f8279d8b74eff05c5ebfe6e01281f0,0.80696136,1,1,3
3076802a78f14eb1b4f23831d5a1ccec79b26554,0.5897986,1,1,3
5063d256221e7fe8a8c433401bea988d7ccb0a35,0.78673494,1,1,3
a6b9ca3f71d44dbe2562e13d63e4b30fcaccdf50,0.7081976,1,1,3
81fec3193ad12a0f78eb021c4a1548484595860b,0.43175146,0,0,3
902a680951f318488a4bbe0184a3a223c5709b01,0.5026038,1,0,3
b84f786db6d85cbf9973adfccdf135cb71824b87,0.11214312,0,0,3
a2b5c7a9aa0b5f617502bf6003d43913d507a11f,0.45111045,0,0,3
571725cb7bcf091b5457f1e2a857aa51e8a70f7e,0.30645305,0,1,3
10118c9c1b00d31868d6ab43e8171e3c16efdcfc,0.66674674,1,1,3
ee94e6d82370b6b6086cae2693dc2fe31388fb64,0.21855766,0,0,3
dc58a824466ed492fc6d5ab11960eb86584eff26,0.6016409,1,0,3
56c04300e8f05bdaccc2ec60fc751c09d86b7b68,0.06829191,0,0,3
03542311e2a461f0324ec700e98e78b5540bcff8,0.08661123,0,0,3
4746531428aaf9e3ae7d505b5a203350d138ea41,0.10764488,0,0,3
05b14fd01e43ab8a385bcfb53102a270ef2d9375,0.07492346,0,0,3
77868bf772a03d61701bc0d32dfafea63a0382c2,0.06426847,0,0,3
83fcd3e1e220b9f3aacc63aeb4da0a898684dd0b,0.05370158,0,0,3
dcde20001063fc25f622e4b1c7775f735a7255f0,0.06619332,0,0,3
82bd5be8735c01a767fc3ebc3eb92369ac68302d,0.11322115,0,0,3
e1188f368087ba4bcfada44d645e4f8661d7f9b2,0.07218903,0,0,3
2c03505da053d07cd3f729692738912bdfc2a5b7,0.2979154,0,0,3
3fd058c02a1f8881110409be33ad56d3af6386f6,0.56999516,1,0,3
bb3ddfe426cf4ff5390f742d35bdba02a4ce7624,0.6757928,1,0,3
09b1a632c17b34650d2bcf748be14690c9882e52,0.77676886,1,1,3
539e1ee1d68c27defd0aaad09a1a0b68e059de96,0.57184243,1,0,3
da69323b29fe8e373364b9399bc67523dcf2af62,0.77601963,1,0,3
c1ad21bf966d01dc5cceca82f102c0f7843d5617,0.09741716,0,0,3
2f757454dc41f4d130234aea68b348da4f12a0fa,0.46891716,0,0,3
24b5e00be753889e4907473ce57271acb290cb67,0.09668281,0,0,3
7f293a06a0b7ec9b554d51f150991efa9b7dd54e,0.5225944,1,0,3
95a524ea06e546330ec3d95b9c139b7edc599b86,0.39317524,0,0,3
314dfa80d4e815ba3c689cd3ad0d508209665bf6,0.071687035,0,0,3
c07d659cf8f7b16452472da6052a1de326bcb6a4,0.262919,0,0,3
545536e34f180edd32fbb21b0a5613e6407f0980,0.08606804,0,0,3
225afb8bad88c9bbb70b24d9ac3c28fb21f39465,0.09285383,0,0,3
041e9565ab8b187ad0b88780a5fc0a5ea24f29a1,0.0898736,0,0,3
c4828bfd09ea8c579fa8840cd77733c64b8ebb39,0.36116955,0,0,3
dcaacf4cae54fe199055830f097d4ed504b3238c,0.2011866,0,0,3
6f22f4b49c2a3a59840d28e6cbe0c37a56ab1f90,0.11023502,0,0,3
41fefde64401d2173ff019a896c4dd72b4fa5636,0.0710049,0,0,3
080e96a6cdea2f5fe8727b8249044b89bc54395d,0.59847385,1,0,3
497147e3e6ba0a50c32817e14985ca5bf1041f9d,0.14010705,0,0,3
40708bdf04dae6aa49bf8f3617f2efc16c83c5f8,0.4976534,0,0,3
84ad767a87c69a265e9105c51efdd87ee57b8635,0.22058366,0,0,3
f0e8d41fc8cc746ba9b66b72646db6bd8b25c6fc,0.515553,1,0,3
df5930892d9c6eda392b96bdae2e7afd342f7866,0.21834081,0,0,3
0cdcb1fd8df9e9185cd3abb128d927d25d7de8b5,0.69813436,1,0,3
cf15c51722dd4b406876dce1ccd52eea787d84b7,0.54498726,1,1,3
b691f81b482175665b45cabc056e58ab0df03ff8,0.7098913,1,1,3
fc8ef4d22c95b13b907ed14b19cea8ff5fd1e653,0.68574965,1,1,3
8054f746bbd6191f5a297cf6f7f26f9fefaba307,0.57617575,1,1,3
fa21d6f7e70f057c42d4af9c40ed47d3d841e5b6,0.42662492,0,0,3
bac647543497f0aa2a9f92fe726e1eb18631b4cc,0.7535789,1,0,3
cc6ace18900eb92606b6a312cb1ac5c4ab5f435e,0.42974856,0,0,3
c947676916c99f2feb5e183aef9629a1b21d863f,0.4536785,0,0,3
1f3dd9ff8a4f8302eb4c0bf4072d2bb7d8aeddd9,0.718668,1,1,3
ca7f64f016d8354aecd38ef73405e1b3267ca791,0.637103,1,0,3
06005610265c342b52051b997a43ad6e963c5a0f,0.124097236,0,0,3
4a8068579ea5bf1e637f8bed09a203508abde315,0.7522838,1,1,3
30c217ec400b9175e9490807748ec3e48fe2ba22,0.8212178,1,1,3
d80acb29c04a8e92a3ddbc539b0be8a521098870,0.83881176,1,1,3
e43138b0b5f0912cb358c0e73eb6247b273eba75,0.8306997,1,1,3
1b84f2ee7a41e8ab12faa73130187763ee5858ea,0.666144,1,1,3
4b5ef21ed6104befc80e1dd501f964e7ca6f1ce6,0.59679735,1,1,3
c6c1971ca1fb5054a0847b0884488165606bd703,0.23941961,0,0,3
68e0a9c71443738b1842e99925d37bf545f5a151,0.12444222,0,0,3
7ebc8107a22038c06c0b0ff095f9f73d854e1422,0.5911495,1,0,3
9003b5b5aa4465e84c934819f45c1ab4365dc51c,0.68761957,1,1,3
4b8647bf6ce2b478e6bc90d0158ce81939a14378,0.35033843,0,0,3
2d1614a2077eab0b981d4a0c4c6e10a7ecda71cf,0.16250212,0,0,3
3631295c437c5b8915afc7b2b259496eb2d5d782,0.13238135,0,0,3
b12610d35e7798c66fc1d9b0811d10aadb87569d,0.27994472,0,0,3
f3a785108f853e327001dcd435e92525d7fba96c,0.13586344,0,0,3
881a4ee8db1e1826b749579d2284ace982c953ca,0.07816285,0,0,3
e91d0f0510ee8d69c76ee89b4e57341418866c6b,0.4163212,0,0,3
8f7c59ce888a687a6c9089caf0c5469984a073b4,0.07746969,0,0,3
3c644cf87ec8c0e6313b3a10b6cfd66279b8093f,0.08214446,0,0,3
fb7e1e265dd9e560b3a3127a6593b6602f60026c,0.52235055,1,0,3
1c9c43c1d4bb76d7e47cdfc9c6681a38305a95e4,0.856635,1,1,3
18f181ada7826542725fa4a9460307d606695b5d,0.8759249,1,1,3
bb7e8951cb6ef08ca9df5fc036217c3a45c4d33c,0.84225374,1,1,3
e280c8636792c5426e54868d464c9d28287a98fb,0.69767183,1,1,3
54a7796ff234a9cbd2c66f8b1e5621f0898402f1,0.06954873,0,0,3
8e5867eda8328e4cb2e103d098d0c9f3c2fab50e,0.12370727,0,0,3
e42da5d9d21438c220768464b6a1f5b36bad92a5,0.73730004,1,0,3
c823ac5673e9da094a3b24b99987a533c548dac4,0.8249315,1,0,3
7573e9eec065ac1ccc2134aa751a191da3ca3dff,0.15487272,0,0,3
1cdc902f3d7cf877b4db7a31f19eb1dfd2fade3e,0.08960507,0,0,3
e9ea52189a92f7e2ab051e4d75c4e0c872034b18,0.37516624,0,0,3
ab0a2f761f4529daa0a1e7128ffb8ae417a0104d,0.7153455,1,0,3
7ebbaea90e8002f5542e22bbe92075ffb5383d2a,0.48844856,0,0,3
05aae985d9d0e26cf278cdd6f69672ebe3f8ed92,0.7043525,1,0,3
f7222ca6c3b6c1018a52fd649029394e6608f1db,0.7238154,1,0,3
b285f17023da248bdcb3093283e4b9e930bdd09c,0.24647883,0,0,3
af858a6ca224946195b1923a780678b20cb99603,0.1570724,0,0,3
fa027a4685bacd9e32b3bc7d875717b4457f6829,0.5959117,1,0,3
edf56632b8a5413f5e0adfe2d1b65e595b88a1d0,0.68622154,1,0,3
58693fbcb3236a9adb0f47088d88ee3ef7178cb4,0.85432494,1,0,3
91291520cfd5f6c2c91fc242018860c5d1d277e4,0.7345042,1,1,3
7bbba6995a12412cd7cbe1ca693057c5299ab4cb,0.84334064,1,1,3
ea030e732e3556a2a4fa51bcaabc080927ddfa48,0.88023245,1,1,3
310008f48c0a830138d35b3024106560d55b6bd2,0.7819404,1,1,3
ca22dac3f852c7290f60c3c3a5d66fbecfba91f4,0.82698506,1,1,3
bcba29320f5f6f860335266d6be8249418ceaedb,0.8877317,1,1,3
9dc30fddc109504fc80fb62e33554d54cca47faf,0.8693156,1,1,3
764f56955d499fae11db1aed6e7f0d2d0886e6f9,0.5819342,1,0,3
2933e5773b1d64a9348024b2a6e8dc6dc90e6590,0.2719544,0,0,3
0fa8bcc008b6a011d6fe41e64ea4379d0b57f20b,0.72655815,1,0,3
7897aa6a83a5e63da487e72c2735fb042259f6e4,0.3653801,0,0,3
b353d07bcca9fb62ac387d69d3e99004e27f14c0,0.8213595,1,0,3
6b43922648fe2dfcb4cb1aaaf5d795f00a6aa174,0.50351876,1,0,3
b268dfbb824ef307862e489aef7e71bba4cdcac5,0.11974454,0,0,3
b957ee1646d893fd946a8b9a53c779957ae7a240,0.7295396,1,0,3
996c0c164a083c3dc2fbf2768750e3b3a81d77e0,0.7080167,1,0,3
12ddf37f23cd77903729b3e611ffae10e96ded47,0.13110133,0,0,3
7e6304ce63da6c6341cb072abfd08caf0456328e,0.7611218,1,0,3
b9b73fbef5c0f18aaef22ef60442518d7f23ec83,0.2762443,0,0,3
675d4c8fc848ec5438e48deb2e8218b6f0078814,0.5078051,1,0,3
dc666f419e691e6a04342bdd9cf2e899455a8738,0.08362948,0,0,3
9bab875f03ffea0aacd1d92fbbecc96d491c1201,0.25343075,0,0,3
8d3d915dbd0ccf716f0d15b6b2396cff214d9cd3,0.47838074,0,0,3
326beb22c6aa872cbc0ad3706cfbe706bf9eab41,0.79905653,1,1,3
ad882055edb50369bd174ae56a372838aa89cdae,0.8462892,1,1,3
a7363a2ae67b585790896de45f57154474480fc9,0.7076177,1,0,3
2bc9e7ea86a8cc1c3b2436c46115c87080228004,0.7106674,1,0,3
76f154179b8dc6940355d7fe7db468314ca39e84,0.18230633,0,0,3
4080feff61e8dc1cd4af2361990c33c9f1014147,0.52440536,1,0,3
97accb47de63ee5063eda23641c6017e29ab81d7,0.685319,1,1,3
cde43197f980538e411d851735ac7a63ddd613e1,0.43217617,0,1,3
0dec6e76fb544fa3e8bf5fd17f16314735971dd7,0.45665202,0,0,3
f820d06fc0d1204b0cb386214ffeb42ccec669ec,0.79721904,1,0,3
566c4d59a177be4b65d17540576eeb34d28d24ce,0.41598696,0,0,3
a516976947341e0e18bcc0858d85d34cd0c02cdb,0.45925337,0,0,3
7200c43dea3dbfbd9d38b937c44b6e71744b05c5,0.5558245,1,0,3
596ccd59a11ad5e9fda19ccd0f4fc714d8d3394d,0.65103316,1,0,3
301ad592142079d36f4d33f5309c103c7f4f5dfb,0.31499937,0,0,3
f8a8ea748a0b3015490ccecec7b97f0ab2daf9c4,0.057445314,0,0,3
8aec465b44dedb7deacf80111ea5286914093094,0.6758793,1,0,3
34f3f4196084768b2ef6b3db4608d8eccec50364,0.6090679,1,0,3
c53f2106109153eda10c47a6960a5a579d1530b8,0.4324574,0,0,3
