commit_hash,prob,prediction_label,true_label,cluster
6e710a1f78a4a733020a4b2d1f07b6fe4c6684f0,0.43783605,0,1,0
951b253fc38c09114d0fe273a3758a15c151a8b4,0.5713951,1,1,0
f3539c7eb312b127122084279002d3fd238c9a17,0.37530395,0,1,0
7aa5ba380ef6aea0f2f594873b4c7378adab0f18,0.55601424,1,1,0
def1380280b9be6d166d3938ea4b0254e9b55dc9,0.57300645,1,1,0
cc06ae9bf7a1fb6cee46c40d2a6388ac05d3f5d1,0.47399116,0,1,0
7972f1ac1b85a5174c9f293ad98abc87edfe42e6,0.35580802,0,1,0
bd1c4ff86fa21358949e925274f5b8146f5d02cd,0.3820443,0,1,0
be2aa80bc371d600ab2230c545051ea6454577f5,0.48868692,0,1,0
68b033741b02c3ae54d649e858790732bc5c2d27,0.33154237,0,1,0
4f5d25205a9cec988de300a452d641a155406b79,0.39580566,0,1,0
d1e97bc85338c563f4f732bcf917a08b3cbf4792,0.49382237,0,1,0
d40c01673e866c3c3b5b51bce66e9518924cc31c,0.474532,0,1,0
5f7d5690a97b2ad95bbe381695638f0c7ca2c4ff,0.28982702,0,1,0
8d340a008767c5d954b7539e825b4c90eb15ab9b,0.5311068,1,1,0
84e490b66f61e11366b62efc42e64b60ae7db35b,0.438284,0,1,0
fc939bf6838f4bf986e0b42fddee3df6712371a5,0.18090463,0,1,0
5c798eb50aec6040f415b6def1912d4345f8310d,0.35093057,0,1,0
d1758567765117cd395ea47319d3acde7fc663b1,0.48922363,0,1,0
517b8beb06f63301629f0ec3f58f6b667061d3fd,0.5143581,1,1,0
5c715cd84d600c0df0215846efaece2ab4673546,0.3683736,0,1,0
dff4cea14174548f52d6fcc66c9bfd7a339b7336,0.49269006,0,1,0
02ae34d1d3f3c9f9c25160cb14c119958f25af13,0.2165928,0,1,0
8e0e1c32ff1ed1da4f09fc9917812e6457e6fef7,0.5847797,1,1,0
18c5b2536c114c86b810bb3ee94474fec596a462,0.1386782,0,0,0
c6e4d8c9f534d3e70e79bf718e40724d56186109,0.52077556,1,0,0
5b5ecff53b50a67179f6245bf60047c59f027e26,0.3084103,0,0,0
46dcd98ceb70720f96d4cfa23b001ff108bdaebe,0.2980051,0,0,0
dcbfc80c4a14b91194fc8b74760b079cc0a4ce42,0.2740695,0,0,0
23492711d234f2fa647bac46997e361bcf985423,0.460774,0,0,0
f10279a29d47d389a31da907695673a992555adc,0.5831942,1,0,0
8d5925b52b48b4c69934ea5c48aa298a2ec74e84,0.34603614,0,0,0
a30aafa016409048747fe9730d6f7892eb12d7c5,0.35516873,0,0,0
a3611513fc4de7234ef49ae46d646b0795ac7110,0.23536275,0,0,0
d0eb1d1dd1d9aed27c433d78a76962340fcbfc1d,0.34886453,0,0,0
1ae9dfaf45e0a51ee7d604551f7e1932d1787975,0.3024436,0,0,0
1c2d56e8a91b0f64317a9e02cfd4b45b03d3019d,0.23324998,0,0,0
2cd92aa6e3f44df6b0552a28b83022a7f92f8946,0.32426172,0,0,0
79ad715f02e02af76da0c6e47c164a80768a01ab,0.3275359,0,0,0
e5b948a1687270192753993c998d61c7a91faf49,0.2607297,0,0,0
b81a48d78dd9be1c3eae57cece4c88df92c30247,0.21446307,0,0,0
0b873b95a840f8cfdb51f4ceea3b524d46d20715,0.21455377,0,0,0
e350a38760c93e373562d6a3e906df5904250146,0.5844166,1,0,0
660431cf4f7e2bda887a0e35ad3a76bdccc14110,0.3004739,0,0,0
f65e9aa63f8f266023a986507834585a9580c555,0.051756687,0,0,0
535cbcd9f20b29b3c5a5d69f654cde57969b3788,0.050116587,0,0,0
2d650f890ff1409f2944bc56cdc4b518b35e06f5,0.053695742,0,0,0
1c4f7bde1c8f7d8c0e09484daa626fa4f40e38e6,0.05191114,0,0,0
b9a22fb6f6f460287993d3cf087ae5ff036a6c21,0.2957318,0,0,0
14d6a09601b68f60e6b18142b597a6890e5d581b,0.23006558,0,0,0
54fdc54dd24c9ece2bfc32ca12e88545ec923a96,0.27714452,0,0,0
0ff7c091143e8326eb88dabce078ca76778a587b,0.34067228,0,0,0
32ed6601f216dd1300876719cce837bfa9824e26,0.26901343,0,0,0
7df11e15457e8d8bf4e5730d20ec2412c429e091,0.50028676,1,0,0
15f7f84678a24533e42f2fde230c5f68d1b33035,0.34206066,0,0,0
2499f70cabfc8d17f2c6de124a81fc0940a70fa9,0.38685778,0,0,0
6526a5e83c1fb9644da34e44fdc5a3bb8a357c84,0.44439542,0,0,0
5904d90ade8663f5552b51036740352a9b796892,0.035506126,0,0,0
fdb75911387f77912c37dcee0af4a2f2e0977f3c,0.060787704,0,0,0
538a97b115ba4ea44c57898ac7c4fbb77fe0e9b7,0.4392601,0,0,0
fa0478f4f6fb724233dc3e00a9f8dc557ce7cdbf,0.34356976,0,0,0
ec81d7ca5100fd97fe8428db02a2cdde967ac87d,0.43861783,0,0,0
81c40b9820625d3f529b116baf6b4a3d45dd2f75,0.28189436,0,0,0
2b085ae34295d5ae1d7eaea5a55a2df220bf1bed,0.046160452,0,0,0
d6a354e203e4901d3eb6a36b3aba620fdb222da7,0.061138064,0,0,0
37787b96ab21fc226ff267aa26ae58a58b2d20f8,0.074255176,0,0,0
f2f704eabee027175b0c1eaf934c08e7721a9b24,0.45600343,0,0,0
e1fc87d2d57c2d7ee941e651f33b582fb000dd73,0.057158176,0,0,0
fa8f024d082998c7ae48b21f3eb6f8f2ca56a719,0.106027916,0,0,0
6bce493e47fdac9e64a9ae1cb3c358f31975a43a,0.46885797,0,0,0
9daac904cbc627e4a43e72f72159c552b25caf74,0.28508943,0,0,0
658d5a97c708a926b0425585f9437a0c1fc2b81c,0.37274632,0,0,0
db695fe90b181948f271e4970ec83d4de9348577,0.5531008,1,0,0
9c06ff87decab7357d44d8766f6a277ff887d921,0.33957273,0,0,0
198d448ceab2bc061d18a1a689056bd2b96b76c5,0.033419322,0,0,0
46b15af8c5fbfb026be350ae16eca89fcdc87aac,0.0910025,0,0,0
b7e86cdd772cc47a031d187b79d075af8155c2e0,0.26063368,0,0,0
198e589e62f687a91d4c27057ebad918e9f9bf3f,0.3133126,0,0,0
fa510146c09a498e25e590ef5cc558074337fc4f,0.35780102,0,0,0
badca06dd1c70207215c7186a31955901b637661,0.30745354,0,0,0
91ac1574aae31a29baf883d2cf45e4e1f5aa9bbf,0.40577003,0,0,0
82ca28e2ec8fe9771f01b5aab3386311ecab80df,0.26766568,0,0,0
9f8120beb6b351608652002e057f97f8f6c0dfc3,0.5302523,1,0,0
c66b23747627a2b432e0068561d457cab9f97ead,0.2746709,0,0,0
a6a5e3033d424468cbd3a6af051aabf3b5bd4d00,0.51071805,1,0,0
2902a9a3c07e881dd7aeae0a55189facfab1966c,0.23865466,0,0,0
fe487b3336f8279d8b74eff05c5ebfe6e01281f0,0.30956352,0,0,0
3076802a78f14eb1b4f23831d5a1ccec79b26554,0.25892174,0,0,0
5063d256221e7fe8a8c433401bea988d7ccb0a35,0.44200277,0,0,0
a6b9ca3f71d44dbe2562e13d63e4b30fcaccdf50,0.3961539,0,0,0
81fec3193ad12a0f78eb021c4a1548484595860b,0.50038797,1,0,0
902a680951f318488a4bbe0184a3a223c5709b01,0.42355853,0,0,0
b84f786db6d85cbf9973adfccdf135cb71824b87,0.4013617,0,0,0
a2b5c7a9aa0b5f617502bf6003d43913d507a11f,0.5371002,1,0,0
571725cb7bcf091b5457f1e2a857aa51e8a70f7e,0.050636675,0,0,0
10118c9c1b00d31868d6ab43e8171e3c16efdcfc,0.28658298,0,0,0
ee94e6d82370b6b6086cae2693dc2fe31388fb64,0.5282852,1,0,0
dc58a824466ed492fc6d5ab11960eb86584eff26,0.47216126,0,0,0
56c04300e8f05bdaccc2ec60fc751c09d86b7b68,0.31968188,0,0,0
03542311e2a461f0324ec700e98e78b5540bcff8,0.02751579,0,0,0
4746531428aaf9e3ae7d505b5a203350d138ea41,0.45733607,0,0,0
05b14fd01e43ab8a385bcfb53102a270ef2d9375,0.39500213,0,0,0
77868bf772a03d61701bc0d32dfafea63a0382c2,0.32273343,0,0,0
83fcd3e1e220b9f3aacc63aeb4da0a898684dd0b,0.060863156,0,0,0
dcde20001063fc25f622e4b1c7775f735a7255f0,0.02804766,0,0,0
82bd5be8735c01a767fc3ebc3eb92369ac68302d,0.3732123,0,0,0
e1188f368087ba4bcfada44d645e4f8661d7f9b2,0.48869967,0,0,0
2c03505da053d07cd3f729692738912bdfc2a5b7,0.4281493,0,0,0
3fd058c02a1f8881110409be33ad56d3af6386f6,0.41536424,0,0,0
bb3ddfe426cf4ff5390f742d35bdba02a4ce7624,0.31861287,0,0,0
09b1a632c17b34650d2bcf748be14690c9882e52,0.35673153,0,0,0
539e1ee1d68c27defd0aaad09a1a0b68e059de96,0.11432059,0,0,0
da69323b29fe8e373364b9399bc67523dcf2af62,0.04948487,0,0,0
c1ad21bf966d01dc5cceca82f102c0f7843d5617,0.055306256,0,0,0
efa756288e712849c78c4230df05c2d1abeba91e,0.05842455,0,0,0
2f757454dc41f4d130234aea68b348da4f12a0fa,0.20446579,0,0,0
24b5e00be753889e4907473ce57271acb290cb67,0.34725574,0,0,0
7f293a06a0b7ec9b554d51f150991efa9b7dd54e,0.076973975,0,0,0
95a524ea06e546330ec3d95b9c139b7edc599b86,0.068316184,0,0,0
314dfa80d4e815ba3c689cd3ad0d508209665bf6,0.13940012,0,0,0
c07d659cf8f7b16452472da6052a1de326bcb6a4,0.059265725,0,0,0
545536e34f180edd32fbb21b0a5613e6407f0980,0.057298947,0,0,0
225afb8bad88c9bbb70b24d9ac3c28fb21f39465,0.3527184,0,0,0
041e9565ab8b187ad0b88780a5fc0a5ea24f29a1,0.30561784,0,0,0
c4828bfd09ea8c579fa8840cd77733c64b8ebb39,0.050650835,0,0,0
dcaacf4cae54fe199055830f097d4ed504b3238c,0.030466784,0,0,0
6f22f4b49c2a3a59840d28e6cbe0c37a56ab1f90,0.25718313,0,0,0
41fefde64401d2173ff019a896c4dd72b4fa5636,0.46095952,0,0,0
080e96a6cdea2f5fe8727b8249044b89bc54395d,0.33606225,0,0,0
497147e3e6ba0a50c32817e14985ca5bf1041f9d,0.03817466,0,0,0
40708bdf04dae6aa49bf8f3617f2efc16c83c5f8,0.050836984,0,0,0
84ad767a87c69a265e9105c51efdd87ee57b8635,0.040817358,0,0,0
f0e8d41fc8cc746ba9b66b72646db6bd8b25c6fc,0.28035513,0,0,0
df5930892d9c6eda392b96bdae2e7afd342f7866,0.046373937,0,0,0
0cdcb1fd8df9e9185cd3abb128d927d25d7de8b5,0.43775654,0,0,0
cf15c51722dd4b406876dce1ccd52eea787d84b7,0.46632758,0,0,0
b691f81b482175665b45cabc056e58ab0df03ff8,0.027011363,0,0,0
fc8ef4d22c95b13b907ed14b19cea8ff5fd1e653,0.20063464,0,0,0
8054f746bbd6191f5a297cf6f7f26f9fefaba307,0.027012344,0,0,0
fa21d6f7e70f057c42d4af9c40ed47d3d841e5b6,0.3068209,0,0,0
bac647543497f0aa2a9f92fe726e1eb18631b4cc,0.37135115,0,0,0
cc6ace18900eb92606b6a312cb1ac5c4ab5f435e,0.39800748,0,0,0
c947676916c99f2feb5e183aef9629a1b21d863f,0.5996369,1,0,0
1f3dd9ff8a4f8302eb4c0bf4072d2bb7d8aeddd9,0.269868,0,0,0
ca7f64f016d8354aecd38ef73405e1b3267ca791,0.26810363,0,0,0
06005610265c342b52051b997a43ad6e963c5a0f,0.29650405,0,0,0
4a8068579ea5bf1e637f8bed09a203508abde315,0.039933994,0,0,0
30c217ec400b9175e9490807748ec3e48fe2ba22,0.038757987,0,0,0
d80acb29c04a8e92a3ddbc539b0be8a521098870,0.028862651,0,0,0
e43138b0b5f0912cb358c0e73eb6247b273eba75,0.19956501,0,0,0
1b84f2ee7a41e8ab12faa73130187763ee5858ea,0.03690039,0,0,0
4b5ef21ed6104befc80e1dd501f964e7ca6f1ce6,0.45668006,0,0,0
c6c1971ca1fb5054a0847b0884488165606bd703,0.3225531,0,0,0
68e0a9c71443738b1842e99925d37bf545f5a151,0.45516953,0,0,0
7ebc8107a22038c06c0b0ff095f9f73d854e1422,0.40098944,0,0,0
9003b5b5aa4465e84c934819f45c1ab4365dc51c,0.36030713,0,0,0
4b8647bf6ce2b478e6bc90d0158ce81939a14378,0.5045544,1,1,0
2d1614a2077eab0b981d4a0c4c6e10a7ecda71cf,0.44613194,0,1,0
3631295c437c5b8915afc7b2b259496eb2d5d782,0.5506119,1,1,0
b12610d35e7798c66fc1d9b0811d10aadb87569d,0.4183228,0,1,0
f3a785108f853e327001dcd435e92525d7fba96c,0.5794548,1,1,0
881a4ee8db1e1826b749579d2284ace982c953ca,0.4733268,0,1,0
e91d0f0510ee8d69c76ee89b4e57341418866c6b,0.4035044,0,1,0
8f7c59ce888a687a6c9089caf0c5469984a073b4,0.47384912,0,1,0
3c644cf87ec8c0e6313b3a10b6cfd66279b8093f,0.54901487,1,1,0
fb7e1e265dd9e560b3a3127a6593b6602f60026c,0.5407601,1,1,0
1c9c43c1d4bb76d7e47cdfc9c6681a38305a95e4,0.5298809,1,1,0
18f181ada7826542725fa4a9460307d606695b5d,0.4056721,0,1,0
bb7e8951cb6ef08ca9df5fc036217c3a45c4d33c,0.20259617,0,1,0
e280c8636792c5426e54868d464c9d28287a98fb,0.27604294,0,1,0
54a7796ff234a9cbd2c66f8b1e5621f0898402f1,0.06556112,0,0,0
8e5867eda8328e4cb2e103d098d0c9f3c2fab50e,0.05866361,0,0,0
e42da5d9d21438c220768464b6a1f5b36bad92a5,0.3960033,0,0,0
c823ac5673e9da094a3b24b99987a533c548dac4,0.38622046,0,0,0
7573e9eec065ac1ccc2134aa751a191da3ca3dff,0.26594174,0,0,0
1cdc902f3d7cf877b4db7a31f19eb1dfd2fade3e,0.44185755,0,0,0
e9ea52189a92f7e2ab051e4d75c4e0c872034b18,0.27436513,0,0,0
ab0a2f761f4529daa0a1e7128ffb8ae417a0104d,0.26971796,0,0,0
7ebbaea90e8002f5542e22bbe92075ffb5383d2a,0.4448306,0,0,0
721730b00b1dc2ea616a3e7958e4ad15134de975,0.39003056,0,0,0
05aae985d9d0e26cf278cdd6f69672ebe3f8ed92,0.33916533,0,0,0
f7222ca6c3b6c1018a52fd649029394e6608f1db,0.2585855,0,0,0
b285f17023da248bdcb3093283e4b9e930bdd09c,0.056485534,0,0,0
af858a6ca224946195b1923a780678b20cb99603,0.53341836,1,0,0
fa027a4685bacd9e32b3bc7d875717b4457f6829,0.049095515,0,0,0
edf56632b8a5413f5e0adfe2d1b65e595b88a1d0,0.32178348,0,0,0
58693fbcb3236a9adb0f47088d88ee3ef7178cb4,0.05726808,0,0,0
91291520cfd5f6c2c91fc242018860c5d1d277e4,0.24304718,0,0,0
7bbba6995a12412cd7cbe1ca693057c5299ab4cb,0.0641262,0,0,0
ea030e732e3556a2a4fa51bcaabc080927ddfa48,0.31048262,0,0,0
310008f48c0a830138d35b3024106560d55b6bd2,0.13927953,0,0,0
ca22dac3f852c7290f60c3c3a5d66fbecfba91f4,0.14122072,0,0,0
bcba29320f5f6f860335266d6be8249418ceaedb,0.08560264,0,0,0
9dc30fddc109504fc80fb62e33554d54cca47faf,0.19886899,0,0,0
764f56955d499fae11db1aed6e7f0d2d0886e6f9,0.29998595,0,0,0
2933e5773b1d64a9348024b2a6e8dc6dc90e6590,0.18049012,0,0,0
0fa8bcc008b6a011d6fe41e64ea4379d0b57f20b,0.039191026,0,0,0
7897aa6a83a5e63da487e72c2735fb042259f6e4,0.557076,1,0,0
3b501993588d27d91ad526a436e3a10ecc8d6e8b,0.23059629,0,0,0
b353d07bcca9fb62ac387d69d3e99004e27f14c0,0.3892411,0,0,0
6b43922648fe2dfcb4cb1aaaf5d795f00a6aa174,0.14595436,0,0,0
b268dfbb824ef307862e489aef7e71bba4cdcac5,0.23370664,0,0,0
b957ee1646d893fd946a8b9a53c779957ae7a240,0.28128707,0,0,0
996c0c164a083c3dc2fbf2768750e3b3a81d77e0,0.039079376,0,0,0
12ddf37f23cd77903729b3e611ffae10e96ded47,0.33845538,0,0,0
7e6304ce63da6c6341cb072abfd08caf0456328e,0.29136318,0,0,0
b9b73fbef5c0f18aaef22ef60442518d7f23ec83,0.1904307,0,0,0
675d4c8fc848ec5438e48deb2e8218b6f0078814,0.034559853,0,0,0
dc666f419e691e6a04342bdd9cf2e899455a8738,0.35884735,0,0,0
9bab875f03ffea0aacd1d92fbbecc96d491c1201,0.070305765,0,0,0
8d3d915dbd0ccf716f0d15b6b2396cff214d9cd3,0.28852805,0,0,0
326beb22c6aa872cbc0ad3706cfbe706bf9eab41,0.039427157,0,0,0
ad882055edb50369bd174ae56a372838aa89cdae,0.49717754,0,0,0
a7363a2ae67b585790896de45f57154474480fc9,0.09879557,0,0,0
2bc9e7ea86a8cc1c3b2436c46115c87080228004,0.41299984,0,0,0
76f154179b8dc6940355d7fe7db468314ca39e84,0.062720805,0,0,0
4080feff61e8dc1cd4af2361990c33c9f1014147,0.059028193,0,0,0
97accb47de63ee5063eda23641c6017e29ab81d7,0.44607043,0,0,0
cde43197f980538e411d851735ac7a63ddd613e1,0.32835165,0,0,0
0dec6e76fb544fa3e8bf5fd17f16314735971dd7,0.033651862,0,0,0
f820d06fc0d1204b0cb386214ffeb42ccec669ec,0.2193024,0,0,0
566c4d59a177be4b65d17540576eeb34d28d24ce,0.39635232,0,0,0
a516976947341e0e18bcc0858d85d34cd0c02cdb,0.19100627,0,0,0
7200c43dea3dbfbd9d38b937c44b6e71744b05c5,0.22961627,0,0,0
596ccd59a11ad5e9fda19ccd0f4fc714d8d3394d,0.046983447,0,0,0
301ad592142079d36f4d33f5309c103c7f4f5dfb,0.35875753,0,0,0
f8a8ea748a0b3015490ccecec7b97f0ab2daf9c4,0.03256993,0,0,0
8aec465b44dedb7deacf80111ea5286914093094,0.2722064,0,0,0
34f3f4196084768b2ef6b3db4608d8eccec50364,0.22424704,0,0,0
c53f2106109153eda10c47a6960a5a579d1530b8,0.25751445,0,0,0
17f52a2e559e68d5c6ccc98fcebb5523161fd0ed,0.31379762,0,0,0
fd7a4362caf2cd69368a38f2f71ffe19706e341c,0.4688371,0,0,0
753f278d10fc0c92e912965379401ac182644101,0.22061239,0,0,0
491786ce4182daa57ea61deaf701f756f57f6f1e,0.049766444,0,0,0
de73ad3115c19d5f0771754d233d74055a2a10bc,0.043633312,0,0,0
d5f586bd4e1a20fc09a33aaa5c2b9320f4a2aa72,0.33165923,0,0,0
8d4fd1dabbae4d7ebc2b273af9275ef8bd0e1ce1,0.18279716,0,0,0
6e5eedb3fcebc5894c41733bd26c8b4d9197873b,0.26405197,0,0,0
3b7d0b95466139a147fc504b7c18897dcc826c65,0.3155591,0,0,0
6a82f92584b36e28798479c82c0d3263c6347b90,0.3119305,0,0,0
b8e9475505fee98aae2819c03a33c7aa3db843d3,0.24804772,0,0,0
a14acdf6395f588dda7597bb4c7810dacaa503d2,0.2852109,0,0,0
85a20aad64be04127106f492e26f6ad6d6c228c8,0.4432772,0,0,0
1325e114108136eea3fe77a4a270a2da7eff98e2,0.07801783,0,0,0
bae46709ecb13f80aaad0d279b3618ab83d09275,0.04670756,0,0,0
dc5f850d1d9b0b952b7f0dabd6778cf0f7675cba,0.28995737,0,0,0
b4abfb93676fb0abbab1d9bac40ba2714a3872f5,0.0825516,0,0,0
9a9e7268162f9fed146c74a8acbd234d9bc2ed84,0.13520736,0,0,0
b262c2359c9ed53dae3ce2ce7a0092273f4eec65,0.28217572,0,0,0
c30b59103b6f1390b0040ee74b985248e8b1b849,0.16779833,0,0,0
0f36265123605cac6af05b7b8c8f4036b58f4da4,0.25420764,0,0,0
cb177b56b7664ab323558545737646896f4d7e70,0.22323935,0,0,0
15bdcc3be2b84f68ddcd822da52ef045ed89e57b,0.3299807,0,0,0
6a8ba1fecb47e5ffd5387654d0cdb7c372ccdc9d,0.06591612,0,0,0
75efbfd6b21ab36fdbc440bc001c133f824bdc3e,0.325157,0,0,0
f7e42d2ccf949a5893a439227c8c6bafd2598f26,0.47194144,0,0,0
c7fcb448c99ae5fe9db9b217bea1233df3ee6e57,0.29466066,0,0,0
d0721feadc1e0cae6efa3e0d82f523debc5b8d97,0.27171484,0,0,0
5f47ad718e0ffcbbe6cd2f8d32b2e345c4af3a48,0.2550994,0,0,0
745d383af12137ccbcbe1f3cb4c9db73f87a66ca,0.05363471,0,0,0
d746a54c2ee50711283bb49e557f58ca491e1bac,0.034285776,0,0,0
a56d4998cf16ff08f5593fb7d4dda66ca05dc269,0.05311728,0,0,0
03e65c98da2a0b2e27b14713543c2a61d56b1237,0.044351745,0,0,0
0d3545e5f68d024cd4a05724a15746d8dad986d2,0.31742692,0,0,0
6b1b592887d9ce95fb5af1e216bff56b18c7902c,0.16651288,0,0,0
ccd0fd51a5712ef1d85110eb61130c906fe4db13,0.36404112,0,0,0
d98897b11e6f4adf1d0a91591b1bb6be501cd29e,0.38278323,0,0,0
4e08e17ec536038c9c0dd888f77b912cae82816c,0.059228197,0,0,0
86eb3a2fa74988e4ccf3aae7f4b77edb84555320,0.034068987,0,0,0
45df5da2640f8f097915b8a2a0249ef0f6cf514e,0.34026268,0,0,0
76b7413d2b1eb2dc22f05de5b76f9519be5142e0,0.41997015,0,0,0
bfb3cf8bba6aab198c4644e236bbc9f3807111d0,0.22210886,0,0,0
093e3bb2e3cd9992f3f0d14373d406bb9b2ed36e,0.35996652,0,0,0
c440f668aca99266b5379235f6d99d378630c938,0.4817194,0,0,0
a1c5a582760c7f65572d0883fbcedc843332d7eb,0.30750734,0,0,0
0a499402d707bc8cf775d7f9b3840780a7401f7d,0.07594783,0,0,0
8e4e5221515f820108f48396a18ceaed73de8dc1,0.23064268,0,0,0
3a4e18ddf151a624eb5c3596ce8400ca4679ef97,0.32115513,0,0,0
8ed40d530295d819e0ca964b2d4542f6ca6a9929,0.29372865,0,0,0
a6abb8b00355db97486ab5023305c3f4e9e19ad3,0.18805896,0,0,0
b494caa01985c623601735f1bc10871cfb8aa048,0.08194439,0,0,0
5597ed7ea300ae3d08cd893b0133bce26038a7df,0.05842809,0,0,0
002276ea313fd880122502e9840b43f996acd537,0.13859051,0,0,0
bd5afc0b5a977c168cf046e3244477b48fa72c5d,0.36250663,0,0,0
b313ae68888445f4c08521bbc8d19f39310c6890,0.22819409,0,0,0
a675ca7802065f459a96bdbd593d8dc491180cbf,0.4228591,0,0,0
8be87e032a8c05622148357f30bdca3c614a669f,0.32694724,0,0,0
96eb80efe1da48f37846aa899260aa0c84b15944,0.03729009,0,0,0
75c2b24c681e314c4e4e07243b31430ba4e42723,0.39289108,0,0,0
276e22858cdd56f5725e0c2f7a3522df99967973,0.057188895,0,0,0
471e6b078a7891aea99b77f200e828a7b1c9bc00,0.044993985,0,0,0
6d7ee38ceed6b496d70502e276f80be6de618014,0.10653402,0,0,0
5cfd99f0dcd0d10689e480f0854e859079f125d0,0.04234575,0,0,0
ed6c47dd9ebbb2e38fb3e17a2b961f0fcf0e6df3,0.038574085,0,0,0
1fe7a43505aa9d00bd9dde45aee77935a5147561,0.4716327,0,0,0
387880a630c65b955a3329a2f7b987214c41f6da,0.30487922,0,0,0
cf4416a84203ff9d360d4398da3b166e6d0c72b9,0.13156722,0,0,0
a7fe613853516f0abde34821996a0424882bb919,0.07111774,0,0,0
7a8a7783315917b56b6a71c4f28cec4ed1d91a7f,0.46757272,0,0,0
9c545d44a4a703c88d417a6fa43298a80ee67735,0.3086552,0,0,0
4f73871cf40b6dd05c8872d39246c67f798ed915,0.31732515,0,0,0
41f297809965523fcd021bef20b304b3584d9b4f,0.10464059,0,0,0
03178c8b15f1b522b98ded0f83cfb0e79f5ec4d3,0.045837287,0,0,0
f70741c9b216d3836d047c542847920d4778cf9d,0.058982328,0,0,0
5ca0a1c3564d35293a5ecf03e5f32e6f0f6f445c,0.33391273,0,0,0
4c4b3e2e32ddae35e4c1a6ffce1cd2b2eafa958b,0.04639851,0,0,0
72a46babeb0da02071e47425ebd55da915b98178,0.41156766,0,0,0
9c51e5316babbd370bc32aed0fee134216726ec9,0.09852682,0,0,0
392323e2d44bacdac605c1a4f037f06e21dcc239,0.42860696,0,0,0
10dc13c80752b0489d291b54440212ca54c59fee,0.42048565,0,0,0
7b9df59a96adfce979c8c564dc5eaa6a29b7f25f,0.34183004,0,0,0
818533e92bfb1c142ae4ce5be18ab92d1ae17025,0.06929332,0,0,0
47fa07eade06908ded4206651571e71a2fe684a6,0.4333096,0,0,0
46e97d9e04591e8198ff38bd2949fd5514da0d3e,0.056203138,0,0,0
08cc26e70bf145aca293d55fce12aef835263f53,0.22352012,0,0,0
6c21bdb4a107b49e57c9e5d6598d13ce6f85fc5d,0.044891994,0,0,0
18a027b1f04e420c18ae57aebe8fd031b5ff251c,0.04506345,0,0,0
82b84c0fe9054198099752a66575cec0c47524c8,0.15964049,0,0,0
b10b90b0a3947bea98e3646e7d29f853f3b5c6f7,0.14998448,0,0,0
8c141a1705808491f16a27b53e1ff0db0a2807fd,0.061264515,0,0,0
40f969bc9e162deead55967da3c128e2da933dfc,0.052381437,0,0,0
f348d34fb1ef3c968e2981283618aa85db203901,0.04591539,0,0,0
999761ba1bc5da820a1d2527c4aae29d95a7013a,0.28076044,0,0,0
ce131449a4ca0b06c6bb27ee5d8d6d89b1467bbd,0.5920326,1,0,0
924e1e9064f90d958b4f57e9c9c0c543bd19dcfb,0.4085363,0,0,0
f36090e3141cd3cd6fd58f1f46a30af2582559be,0.46754578,0,0,0
6fe2094e30107512e470571bceac91cbedbd21d0,0.16039619,0,0,0
fb0078159d2463da149de54018fca79a9447153e,0.04853698,0,0,0
73351b6adbf403600521505bef288057beb2bdde,0.35946712,0,0,0
079a07fe18f654632b80b274f247775582261e5a,0.33623695,0,0,0
4158323ee456bd412e7357a4a6bc8bf50deb5d9e,0.17692095,0,0,0
2fd6c8fa1e392f985ee860d8ee154a612ddde569,0.38813066,0,0,0
66d0a9a0a00dbb259425f17745f7dddd7e676f71,0.09941199,0,0,0
e14d9ce8e3c57b7352a647c0a8e62eeb88ebfba4,0.042810187,0,0,0
9e0c5ad4b3148f42f3940faf7d67b305e34bef0d,0.049077053,0,0,0
fa1aa44c7623fb2142e588c59eaf56db7bc237eb,0.047387358,0,0,0
8fdda846c4653b6ccd49c47a9586c374bb20a255,0.285124,0,0,0
a94ff90ab6cd2d92ccb2eb1fd7913b4e5256f02b,0.05295418,0,0,0
268bcd622685b28c2d50bcbce64ac38f7e90390b,0.3558681,0,0,0
09e31a01b51d7418fa0034ecd4cc11848436fc18,0.20013638,0,0,0
487ac1980148522d628e1d2aab50b107c372798b,0.33629993,0,0,0
34646ec9b52192a71e52ffc09cf7fefdd506c48c,0.17251989,0,0,0
7afc1c34fc16ec04f82105f9106b7d1e5232c4d0,0.18892379,0,0,0
00439211981af7b5baed495f526ef8ad76ee7c5b,0.062857024,0,0,0
1d635088f697178660b6e1c9a89d2b7d3bbe2d29,0.06344088,0,0,0
a4a62ed7c1e3c7aae09324f0ad1c6078f0fba471,0.056718543,0,0,0
b3a68ca842841c4b9713462d5f01742cf71a6b4a,0.03889837,0,0,0
2d868410eead061d59de524bada4de9e3d2bb442,0.05618771,0,0,0
813aa11d505b9507b6795d36070806cb2d96e5c2,0.4545578,0,0,0
88b29fa46bcf6f56df4213e1ba7810735a28d755,0.49808794,0,0,0
eca374db08ffbb3dd8de746632fbd74acb8f2c92,0.177587,0,0,0
2ab17f529d07c1f618ea08d968b2fdf3a382a792,0.18976489,0,0,0
9a87c766bb3137a50656871e5dee5a309543bc7d,0.2929117,0,0,0
9ce4e1a371418e5eacc69227885815f9a4221c65,0.33176666,0,0,0
c7f7da754a911302dcaa6935be6fded84e1ac348,0.37594387,0,0,0
4cbb388ba9099be121f81d75000acc3af93bf993,0.059451483,0,0,0
87497c72460c9c58f829a372d741b386fc2ac8f8,0.11782283,0,0,0
921d0d60d40d8fbda29f14a64e848c70026ea32e,0.13817053,0,0,0
f9e72000a17eb9d524b38a9f2c982c037dd94891,0.30236268,0,0,0
e34f50dd1083fa8ed9fe25fe701b64bd2ea7efc0,0.21657325,0,0,0
581b474f4b194731eb9cb22cdde7330a1ec81c3b,0.29870427,0,0,0
e0d17fed51f5018fc34578699d824c20efc44368,0.3028269,0,0,0
4fc5b3402c58d6a4b317bf23b896ea91d22af6fe,0.2699907,0,0,0
d8e2f892e48423fda73204be3ec239d282e71c65,0.30557197,0,0,0
8d6d088622f8e4ea89e66ccbe097510fb4c932fd,0.2026142,0,0,0
f0943a7242041a16c8f7fca845592e48bb19ac74,0.2134107,0,0,0
d1123894d33922e7c8ca838f9dac9bdceefa3f7a,0.37590307,0,0,0
fb83ba3fdb46537a36832a900f124d4c400f7ed9,0.3850491,0,0,0
e779883b29a67d411493f985de984ffb8088ca05,0.30184913,0,0,0
a71c820baeb91025eaa7f07b172a39500c6f5692,0.3366543,0,0,0
a4eff51bedd73a0ea56afc23b1021187dd03561b,0.3193469,0,0,0
8f6bedeb724fa78583c26423aaece05cfddc04c9,0.29932812,0,0,0
fdc116f0bcda6d1fffbbe505d0687b0406e92fa6,0.13144757,0,0,0
66608db56c41e91ee34fdc1e6157d69b69893fad,0.03630839,0,0,0
5366158572bd88f18df7883ab823ea62b7701d77,0.098349415,0,0,0
2df0a3be66f6fa1067d976d7a05500beff7eda53,0.037349813,0,0,0
e0b2c86c8754312d1e89307fbf84e6efbfa9fe0b,0.33599702,0,0,0
050dfa6f0850174fdf958ce6751d2f06900201f8,0.30323237,0,0,0
7530b4bdceef0ef37af252f0b97978554fb9b99f,0.3281547,0,0,0
a6eda3d8eff423ecb4901aa07339364732c02ddf,0.35624325,0,0,0
a5035d0e1cde068320984d789473e1140adefdc0,0.41919088,0,0,0
dff43a0530a6fbd524e3af24795cf6b92142735c,0.30269483,0,0,0
1d5f8faa87a410fdd1141ad82f270ac238293770,0.27441975,0,0,0
82f4ce516c18ef5fb3096f6a90455fce90a5b290,0.054936014,0,0,0
228b49fe2afea3376c4f30f80bdeb70d083a9206,0.32084402,0,0,0
adfa016f3ef7ff262643e0f0a5a54d3ddb7d7e1d,0.46260244,0,0,0
f72b5e65c0c5210cc0be585959ae84fdbc87aced,0.53135014,1,0,0
26d668f6d5a2f202ef7ff6a73ff3cbd7bbdf4b06,0.32361627,0,0,0
808149305ba26224917e29aa0c0089701bd91936,0.035062324,0,0,0
55fd738c86ea1796d5152d818ab4b5060bb11803,0.29031068,0,0,0
7a8dc00b8be18a9271e2d9c2444ba91077ffafa5,0.045437228,0,0,0
34515698878ff0a4641e72486f0ae8a7e30df0d5,0.35932514,0,0,0
96f2b16b3efb93580e6aeaf1da97d9dffd5e260b,0.3737707,0,0,0
b577805347d56f1927615fad311868a3537a9cb6,0.38854077,0,0,0
e366894658914c0f2fb41cac003392b0dfa6e4b7,0.30721113,0,0,0
3411f29e2377788cdaa5a4eeaddc53355f085a78,0.047769245,0,0,0
880b04814c564ea7a1bb8fe97c15b4735c67e8e9,0.21602358,0,0,0
8ef033be5c92a895139b4f910af5a7048f340cc7,0.03291725,0,0,0
350c477161a0d1df94efa02109ae07e6acbc527e,0.43332228,0,0,0
0880a21c56cec1a2442b5123c3845bfc99e83a7f,0.044143043,0,0,0
84143c462986417ccfc5e8c05481e983cf668e2c,0.041249324,0,0,0
f16d5b1722eb55c2d55eb623999f16799b088b98,0.4836314,0,0,0
ac37165ed7a22cbdeccfe348b10245dc83b414b1,0.5029645,1,0,0
d9ae4e2601d4c0744bbc275b6b4f503477b789ea,0.042494874,0,0,0
7c1a59fa7ab58f5f7cdc124ff2667cc501570a4f,0.24789068,0,0,0
93d35c8f291b8953f8460c0eb02a51cc6d6cac22,0.4401114,0,0,0
b77184a2189c8f91100d148354d1fdf38e83d13f,0.44139153,0,0,0
f81e0465460ff9abd450eda836bbb4f9b13837c7,0.39828822,0,0,0
6fc152e4177e0482450b13eb7fe496de677ce5b6,0.36014652,0,0,0
0c9af5f450ce73da9b791051f861cb9a6420e0f1,0.33978942,0,0,0
11409e628b0461be3c268f81642ce36bc4b0bf84,0.3093051,0,0,0
63a9488f2910434851e98a8fc0ec8c053b24083b,0.04511754,0,0,0
d70736425701b66bd64ad3aab3941bb930a18b66,0.039135,0,0,0
7331773448c1f2e0b24deae4144db0deec85fc07,0.2624571,0,0,0
11a7e62a898e54d66936d1b8b67cb5e62578ba98,0.28578985,0,0,0
0484bdb3f61d309ff62da4df4be92cf139d19f6b,0.27857277,0,0,0
f9f632e7056cd9d2b3c88bad50fe0597610e2eca,0.32056713,0,0,0
a3fae474e5cf5084c89835fce1950991aa678a41,0.26630712,0,0,0
f3108e2771083bfcf02c9c67ebd70a3ac0ddfca8,0.22048283,0,0,0
521b9b3385d73239b96ab209cb34ceb5c1c1400a,0.30832618,0,0,0
d7a1666f9a89d9a517f5fbaf283e711046fd054e,0.28001115,0,0,0
022a020bde5afba4f2e9b6753c199386e79d7825,0.29433203,0,0,0
1b5aef881bb3acdcde5d9fcbb6e43ceed6db145d,0.26397514,0,0,0
0caba0845d4363025e619eb3db6f3138b2c3d394,0.38209125,0,0,0
8e71711c1caaa404d84ec6682f1b7b266064c2e9,0.25792497,0,0,0
363be2fea66f861d7ec4f893a05901fa0c7ecf92,0.524044,1,0,0
412a8a0ba61c84d71c0cc740ba7e50c10f3bf9ae,0.05739082,0,0,0
03380256795725c7d17db97d882a4c4da3b76b8d,0.24366035,0,0,0
653b46857a4a48252bfb094e39ee9937b2079fa2,0.15322989,0,0,0
748cb609306ee5a046a952a0ca13974ef0b6e770,0.23825409,0,0,0
0f9ce497b0c6841e3aca845336ad095012c41da7,0.36363584,0,0,0
36ee52223387eed452c266490a25b4c62f49abc0,0.32015318,0,0,0
a8c6d43b5a61d8da784f0ac188d40b88a15dad50,0.23849957,0,0,0
8fe2360920a8228c10cd59ba0978df701174c961,0.2157001,0,0,0
a3677db89ef3863e8ac7cf578df499f85d970b76,0.044002548,0,0,0
64c51505a82baf8260a34c7e83652ae3014009e4,0.25408006,0,0,0
ccba0cfc3f1b81dbaffa5153aeb84d48cd7630ff,0.14726435,0,0,0
e7c42ed0fb83faa2b57184cb72f6d9e8b621ccd5,0.24390668,0,0,0
633de29fedf11544f2c3d5052890cb014e612bd5,0.27438223,0,0,0
362ab2bc41697980391c4a61c23cb3ef6bce740c,0.28670642,0,0,0
fc9d93db68a3c33e5ead8c7ecb187fdf0f06cc4f,0.32221806,0,0,0
66a775c9feb7dcf00c28a16b7a365af4372886f8,0.4318417,0,0,0
a6a48cfd370b226955a531e678016db414ebeed9,0.3448418,0,0,0
dccc1255413adc1a212dbe3bf40accb70ccd44ef,0.28131583,0,0,0
83b70a377f79ba90f846b3a720e6c402c63bccc5,0.048552595,0,0,0
819318486d9cfb430749ee33d3c5c4ec4417babc,0.046120137,0,0,0
827d9644c864336fa84f15744375ba7412da047c,0.04131978,0,0,0
af6bbeefbf197f50d194c7f20419c2a4590ad630,0.42329115,0,0,0
ae8f5f04574be75727f5e948e04bc649cbdbbb3b,0.09397479,0,0,0
b9cd3558133ae9f26aec73e0bda3a8f635d137f7,0.10503436,0,0,0
f672e826f51824582273fa1f5b6ec37aa5fdb2fd,0.12029739,0,0,0
72df12fb2ba453afb57cf185d25c502d4daec6d1,0.39863527,0,0,0
7b42d43fa0827557f51cb4111c89fb2a78512c68,0.35066676,0,0,0
af1b5872ab8355acea3197522ddf94972b3c8386,0.040925447,0,0,0
5c753a87c328678f16bf89e0178448f04194f0b4,0.089956604,0,0,0
0956e2d2338531a96f2ff7d4ab405acc1b18421e,0.07879535,0,0,0
6563275706015b000cc5bf14be7fa9322964bf49,0.067902744,0,0,0
e9e76131f35c112046b9f184816683beab605e9c,0.03714739,0,0,0
843267df5a0b44145d5b9ee9153d17aa5e15cce1,0.030806264,0,0,0
cd64fa339a97300c64dfc434483e478a58f507a8,0.19100694,0,0,0
b0b23c179ac55334f760aa29fce262c73a909268,0.11707629,0,0,0
dff1a0953d97d46290750a46d01be1e1519ae698,0.28991875,0,0,0
35e0ba449325e759e04203fcaa71920cf473baef,0.051229037,0,0,0
e508ad09d79302d3cc6b86077d4a6ddb0679a0f5,0.36245027,0,0,0
a27ca511a591caf813c26862a888e90e54af19a9,0.13935305,0,0,0
9be91f380c209f895da36d13c40b99687bb4c8c1,0.24687746,0,0,0
09c55eb8120da36aef1807628f87bde83749428b,0.22027501,0,0,0
05edf06360cc8a1a61fbd1ce5f9abf5d83f9d3f9,0.2819859,0,0,0
9df5e9419d83c11b4a2c3421c5ff7ea1f544366b,0.04198586,0,0,0
ed1ce82d822ffe185875b7b7d38352f20171c096,0.043056987,0,0,0
10e38114032cb4c585b29e946e1d70e05d52a878,0.049968086,0,0,0
d71ead41fb685431dad02d4bb7cb5675e196b8f2,0.2010238,0,0,0
e7b4025ee0b6152f9bbf7a72a317f977402a27f7,0.18706182,0,0,0
0f3648f749b7b67c2c61282297569657ea6220dd,0.03115827,0,0,0
bf915848967a6e35839e5565e98c716079980e18,0.16332711,0,0,0
7f74708201c2ab9f5d1f83c7052487116b8f7114,0.3606203,0,0,0
97dc91d1545a667b4021b6507d927799e53964da,0.20031023,0,0,0
d9979fa97865b7a57b9da975efb6e6c4d80b0cc8,0.14792643,0,0,0
6f27b4ae8f8ecb62698e760ab7df3973874b1f51,0.04162332,0,0,0
67ef6efb61f3c07e1359e083bbac5d90953cfe43,0.31040028,0,0,0
1b53f09c3a9dcd64dd281c1955b062fc28999366,0.27248546,0,0,0
34adc606601cb578486d4a019b4655c5aff607b5,0.06102783,0,0,0
b05bd69cdd841c02a3b645568ee5478fdbfc07d1,0.32908404,0,0,0
e1f30a1c32eb292e51db274adbe2fd6ed09b555b,0.3437648,0,0,0
bd82fe9fc034e7921eb589420bb4b86dc767a11e,0.033762358,0,0,0
13e0ba5aff3fe14eb0e1d748cad4b9f99e681ca0,0.2619228,0,0,0
3b7deb943877b0c2d8627531959948c5d1e4d3ef,0.03768988,0,0,0
b657c914c0005b37e24c1cd74c5f4ce886147606,0.0456773,0,0,0
a61fde99657c1b9d11e8eaa682181ea59e65814b,0.33178326,0,0,0
29c067466ed78c3e7948fcb8f0d25b3d984a1a93,0.057541363,0,0,0
fd86d06ec5d3b009f3882dda7903e9913858ee14,0.04228291,0,0,0
a43b8d68b8b7e6d7f23977a7432880290e6c6933,0.21372546,0,0,0
31e4a6df19cf4a13f8f0e9048198ce7488ad2614,0.044731908,0,0,0
3c0c9d83e27e436f9d3646f177bcb0ac2fecbeab,0.30196097,0,0,0
db7a08583a5ebfab310efde6d0636f2e2fc108ad,0.21755208,0,0,0
015e3cd37d128e4ade9b2d49f74f3b4fc07d82f1,0.21720998,0,0,0
8dba68a38c8bdae91c15e4eab35cd83c427d8e71,0.19013424,0,0,0
bd15dc78c74bd9eede3419b70469511f196a3716,0.24638094,0,0,0
c3ff46e30397bc0355584c593d500d2564c1c515,0.43930876,0,0,0
b2d4b2ac3a738d97e23e53cd459d9c57ee8827c5,0.49076506,0,0,0
3e24c28e68e617735b25791b0bc3f67f31624ebf,0.2318281,0,0,0
b1a8299ad223c3b2552f6d03e51c2ecba5df46ed,0.3197351,0,0,0
4e931386569c0a28b7e47c52d199aa32b6ca32fe,0.039671905,0,0,0
ed98d264cff306f7326db096cddf65cb26ff5498,0.030676974,0,0,0
1f07a0bf70049cb0a2f6b52ea7c261da5adb1abb,0.41959736,0,0,0
60bcdd450d6950da981d70b8b08379bdd744c82d,0.39459786,0,0,0
74133837585f81d1c6434ce32f73fc8694d5f132,0.03120519,0,0,0
0e9f604e87a5b42b27abc13a9328846cadd640f4,0.032981772,0,0,0
53a0a9ff85666348a38054e335f5b4c5355a6419,0.030892631,0,0,0
73f3e2b3d6b3f4a7000187bb3e6a4d82b118d3b9,0.31622225,0,0,0
b295635a87da0c20e5e2495103d4877ef0187d4d,0.051407896,0,0,0
8f88dcfc902b5bc86a239756afffc9f3813d245e,0.042519234,0,0,0
815b269deec60ec69f4e5e5d555afe9b98c18cb9,0.30854395,0,1,0
2b0658c59d6285547a5c6de7ac71c7cb134ce975,0.42744616,0,1,0
364232f781d0cc91cd4b83012e1f49e62fa81190,0.5165514,1,1,0
e972869486f85c3424875a443eb04bda2eeb6bd3,0.43647346,0,1,0
780b2281d86cf89cf5dd717c1cf54bbd48783654,0.49859586,0,1,0
06c27b37ccbde70514e035a50ba0a6ee1ff94ea3,0.10766474,0,0,0
1d1c41945a50a740519131bfff4e1875de69dd6b,0.28858218,0,0,0
71e40d0b30fbef976da3595fef8736a4e1245466,0.29622772,0,0,0
f781fcaf0f19766f7c9105911613f86d22b2091a,0.22453916,0,0,0
cb8cf1574f99fc51c9e67b9456ea4d494fd4cf29,0.05686251,0,0,0
c63413182017e069393963d07570ec69f373ee1b,0.033240847,0,0,0
8bba18089a1acf29f9d2433efc229d5c851f42b1,0.35724437,0,0,0
f295b186fd8f6c619d34a8c69c6a1307f2276779,0.03218968,0,0,0
02c7974c113cc2a51d6741491080058470265899,0.27925813,0,0,0
027c193cf1c012cd5bae06446496136a582c180c,0.034872096,0,0,0
4a10030ee78ea8da944f6d52e3c671799d73b5d2,0.2629595,0,0,0
5166f3dd04980177e46293408d998087040d4c19,0.22368816,0,0,0
d37041ca62ea9eab6e777bffc15ddab49941217a,0.5328832,1,0,0
53e5e3fa8531bbb4d70523197215fd19b89c1a76,0.30220714,0,0,0
62e6242804e4167f5c476ae34acc784009a1af0f,0.24187349,0,0,0
324e8b4d43f0260b4857dafef46e8c5f349f633c,0.039470848,0,0,0
9fbc2a346b86872c397ff891d379115abe5846cf,0.05354302,0,0,0
c5a15b2b66b6b4f018589d8f60cc7acc71861822,0.035013553,0,0,0
ebf108170e9a6215176174d84313a0564ddde0c4,0.23829167,0,0,0
f1984c42b64788a0737c3bd43e4da95e015c19e8,0.055669364,0,0,0
904b790c41d6ec4629921befd1c5286e482fde57,0.033022936,0,0,0
c2abe862ecb7f980260a7b44d907fa116a6bbab9,0.03297662,0,0,0
19a56adb00295d528015045cacd443ff10f7bcb2,0.051530413,0,0,0
e2ea5359798ce8dc77d4b23b0f9b4df33b37f940,0.48698506,0,0,0
ce4385a413dc822f8849678608d0bbac2defbb81,0.029823517,0,0,0
c11215195bed3261d88486d0ad1644080afbb97b,0.058094785,0,0,0
7048667393bc4290f381312243d13688407b9350,0.030332027,0,0,0
b188b5ccc0f1f8702313eab62a5dcc164f817200,0.04435602,0,0,0
4efd950d4dd822f3e087db9830d09cfb3fdcb541,0.037298106,0,0,0
cff6e00097bf7dd97a5404080df3bf7e95813a1d,0.04381524,0,0,0
27214015c725619e0098e227fd29816d0891d4c5,0.047739353,0,0,0
f8fbfc9fdca4b5e9ba1a5608ca17e7b6feb18c3c,0.43518487,0,0,0
0733d7c2ba214415a8d2e4efba5c6e26b61d3291,0.22692089,0,0,0
d8cdd5eeffe9b63949129d09f6b0c7ad2d517e90,0.030860933,0,0,0
e2cf4811ba485b0bb29d7d80bc853666bfbfa958,0.03600155,0,0,0
580e0d1e26ab2a9275f01506f3af56fe8fc32988,0.037892573,0,0,0
3ba27e9f4a29be1922b3a19f9c6c5127f93027ab,0.044625863,0,0,0
8fb1341ad7c460286211f4f2a6be41bb5782653f,0.027928399,0,0,0
041507d3aaf718ae536f9ab66e4eeb4065cb339d,0.0333947,0,0,0
735b1b59862dc1b5f7e60549aa7c33dbcc4095b2,0.44140774,0,0,0
60595251eec5979e14540c6d00043e24905a7404,0.035824325,0,0,0
980366284db98e0515dc5e827aaf4f750699bc80,0.048942305,0,0,0
6c2dbf2885fb4602b8e42bd208ebef66df23329b,0.14586824,0,0,0
cb6ee2cbdeadad5d277a6e7293d88bb915090c4f,0.048740625,0,0,0
a00624cf27791193be74a610723a9a0b0980d23f,0.06316986,0,0,0
911d59f46d0dce2e07a93dc0ff705154f568b7ba,0.27771163,0,0,0
1aa543286acbcb3c23aebaba003fa024a54aabb2,0.19559807,0,0,0
f418eed3089d74caa11affaf947a40b774e9c8cb,0.37072617,0,0,0
a13691b5be40d31099d39f7c8f3ee9970ebc20fa,0.061101995,0,0,0
3e8b8aa06bb7742cd1643fad72d7739cda400010,0.3094465,0,0,0
a1db4c96f62eef05fff532b59300edeff3ef21f5,0.10985087,0,0,0
5321c7ff2ed082524bc319e44f0aedf7ed8960cf,0.26043978,0,0,0
9be73347bd09934dd0c99d32bce9c4e12fccf6ce,0.25997669,0,0,0
4362e02ed0404d12ca75ee3476d4a32f9f671811,0.03654466,0,0,0
d3f0ee5e0928122b41ee25e2b4ab09bdca5bd00e,0.34312826,0,0,0
f82b5b57840389fcfdc4f16cb75703361d6ea059,0.042341903,0,0,0
51d564f738b20621e4e14649bc1b15c929668e1a,0.20122403,0,0,0
5bd82306a8e44e2b9ff098f29ebf4c69c195b9ad,0.046053797,0,0,0
9959b3c5a777845aa19040a5a761814e483a6483,0.11260489,0,0,0
a0611b06f05e3c37c622f48a783836f89247c237,0.096499205,0,0,0
f02f2e54ac7d88a6b7ee620e45e1bba878c63a56,0.039848797,0,0,0
98d6d15235e046762f3b09294e896994f616627c,0.4294101,0,0,0
fca0e6ecf6012ee47fbc92fef4533320c1e3d849,0.48797998,0,0,0
db642a3c3ad93606d27d6e277b529da3a50057e6,0.20201647,0,0,0
1929834c27a931ab505f7a389d38fafd10331d8b,0.3001791,0,0,0
a5cb9a4b4a196bd2048cd21ed2fef175bc1181cf,0.053396087,0,0,0
c2f1b685abecfc11de76ffd0a28771f41b566782,0.046986584,0,0,0
30b6759387b4402987f6f4a6100fdc78e8bf755f,0.43945637,0,0,0
50b126dc0eb075a2193b670eb7ae2089896ba283,0.4344621,0,0,0
6b08874607dd51c9d8f600a96650a330cd9e6b95,0.048108593,0,0,0
c9685cd5e462926aa401fca7321ea23927492006,0.041387096,0,0,0
ce8d0f7a47f7caba8ab937389c59b68b20f6994a,0.13549078,0,0,0
98b8758e761caf659608f48fc5c9e9056f911050,0.044986095,0,0,0
95b2fe97c7f191e43b7fe11e8e027d87eb47f15e,0.02914165,0,0,0
79237dcd2bf537d56ff8d73f897cd639af7bf8f7,0.4512158,0,0,0
181affd5c937755f54ff31ef056a6ec091e95f51,0.35081282,0,1,0
c334a1bca8338c92e76f0f1cf2ef4884e3eb5dbd,0.44583133,0,1,0
efa48b214d30537bb184884ea30ce817bb350153,0.556125,1,1,0
b45c4bdb496381b5f90df6872edca12e0a2e68ca,0.5448302,1,1,0
f8489499aa6d460a7548b14d516638b0bd7b862b,0.5292336,1,1,0
76a2ac814caa194c46be1cf7a3f5dc129546b1c1,0.51880604,1,1,0
31fb4dfef212791f86f052ce8a3adeabaf830cf2,0.44396403,0,0,0
ccfca8f714055cd9fbd00cf7e847b880132cae69,0.31809062,0,0,0
a29815abf4f0e51b332a8af1b83ad344104c14d9,0.060960274,0,0,0
92e6d716069686583b852a6dcf12af986d6dc694,0.3372198,0,0,0
d105819a0e72765ff5ba4efa5622d727360ee2b8,0.21626182,0,0,0
3aa6f11785a2f1b3b09df328a02a2c28dfa0bb57,0.31591853,0,0,0
b7a82a918f0a595a96047f7eef2672fd95d5626c,0.35301343,0,0,0
52f3240d90f2397cd1850ab11674ba08a0ecb2a0,0.10749326,0,0,0
d70fdbc40195077057a1edb14ccd16a26435d007,0.25861233,0,0,0
0751f97bf6677c3d55aa71542d572dc8fcb9e79a,0.17962113,0,0,0
e505e1fea57e0ab9f1d5edab92546d778a5f41e0,0.034599394,0,0,0
b4380f20059dc9e4ccfe2b709587e8069ac0fa34,0.36943343,0,0,0
32a9c6d42a3a48314d3f9fe2956bfc8bf49ac5d5,0.4164046,0,0,0
80417356f04c5ee1cd6f636e9b043db3f2de24f2,0.041967586,0,0,0
f48bca0510703b0673709b10a806a9d54894a999,0.30591732,0,0,0
f1b54876ab8893a5d9c0e3d7c1a9c884e683dc8a,0.084906615,0,0,0
c82f703768eb8a122546de23e412a037aa1770b2,0.058888014,0,0,0
36a02dc549f32433d7329444455dbb1be2e67f20,0.09622844,0,0,0
fa8957d7939b59e8d391fa17000b34e865de015d,0.37326258,0,0,0
5acc6a5502bffaa66be7e859849856de0ea27acb,0.2708324,0,0,0
b58789c5badc4f9680ec5724568af05a84670e22,0.444101,0,0,0
9ee3a16179cb65f5fe4170257ab7cde558f1dbeb,0.38732955,0,0,0
4ed0bdf1c73fd82d3080d15085675de96d5be0aa,0.046516716,0,0,0
4950ad86a16e63fa26d51cd709e39666008c5fbc,0.03700345,0,0,0
b61362933f7a564d2ae0b7d6b9723f79f4948769,0.25432464,0,0,0
f28aa71041181867a720134e26b64b03cbccb6ec,0.092595,0,0,0
720b988fd8d7a50fbe922e6c73a3681b1c566331,0.13323656,0,0,0
9d744f7136f23da9a5f9324432b300b5a68e3b39,0.22182205,0,0,0
98f54c158acb12a26fa6f335b1665accd2aed347,0.03661826,0,0,0
22c6d087012fd55bc65e578a27f2edb66f4d3808,0.2116431,0,0,0
890b387d713d04c22406db6d5a5fc9b51bec2df5,0.1098632,0,0,0
c7d56cffbb4668d0955ef00196e08f42f2efe363,0.42162356,0,0,0
7680fae14c9f544d0585a7b150004a1e48fff53a,0.31962377,0,0,0
136c5ffe80e558a87cde01baebf823b06e3cbe75,0.23145545,0,0,0
8769d0f2cc4b7555dc025b7c0e49a81346a1e2dd,0.3921342,0,0,0
4b5cda5a2c6ca613db5129d50ffffce2604ad9eb,0.3877426,0,0,0
2e62764c0c386632e87ee8d12d0505848df1015e,0.07041302,0,0,0
4590f14e97beb6d10ffb7b5dd312c632af155ed3,0.03473213,0,0,0
079bcd0339f30343c01c5fd3d5521be4b822d30f,0.030145327,0,0,0
29283b775291bf03cd9a7e1aaa496faaa5757578,0.38861415,0,0,0
89321a2dee438328e75a11954e972175c78f0a2a,0.08575176,0,0,0
1f3e72fa069536ae20f37b29575288ff65e66803,0.09799274,0,0,0
c7720ca4c232d317cfc800a04eda4a1d5a44a944,0.42357954,0,0,0
a747456bfe077da467ff036172968a37f3b1e893,0.386245,0,0,0
2f2c8b1cc6e6e731f7bc52b0988ea8316f475004,0.26222757,0,0,0
013b445ede8d9e7aad4915859d0c869b9b712f8d,0.4341288,0,0,0
f4e754e66e3661274df624bc328991cd88dd03d6,0.36017865,0,0,0
741944332d5bd90112b610a8b5f2eeefe51e08bc,0.35909402,0,0,0
4c7d7523088373be3c7ff203ea895d5a6d84083e,0.4303077,0,0,0
f79c9365d0ee89cb407b90cc084eece8fcf9a8a2,0.106454104,0,0,0
8714dd031647be34d0d27f461894e7b194f25cd7,0.051460687,0,0,0
83406b73e70a251eec5daae34f1bd8d554cdddec,0.35755077,0,0,0
2f956f46580e5b4752173e885d37a20fe31a78d8,0.58545333,1,0,0
3f36b7b50bdda3eeca632ad5440bb82b8e34cb40,0.03906883,0,0,0
9962a0fd02fe2ef06765271605b06729af8b2e59,0.07296901,0,0,0
5294c64b342818e021800b38413f36f426e35b3c,0.033837367,0,0,0
5a45ae3b1deb5117cb9e9a13141eeab1e9ad3d71,0.09700138,0,0,0
efafa61992658eab64c893e9eef49f545d75673c,0.07055742,0,0,0
630830476a6270e317e84229996a6bf92bd903ca,0.22495104,0,0,0
14097c64d243794610788d3ebb2e81ba8fd867c0,0.06332519,0,0,0
f2615d9a611db401cdedc022112c87ad938b5680,0.0351922,0,0,0
a24d624aaabc14a455d18450d9127f88d1b4f8be,0.35584018,0,0,0
49169033546d893dae3db903a2fa6af712f125c0,0.4719727,0,0,0
fa7588c4c0f8d403e4815fa72e3b8a3bc98d73ec,0.44319046,0,0,0
367fe13b46a0b4dda56b7f12273d6c9afb1da23f,0.04369657,0,0,0
368588b5c5c4140f39ea8b9a8ceb3d1af0708804,0.29159582,0,0,0
30ee10d2740fe1f28595989c6b21f22b75a147fc,0.30446932,0,0,0
af9fd052d1c208f191fbdf85873f965552465598,0.032762446,0,0,0
0a711ebcec7d32b66ab3c90b2a1f48681201e557,0.036998674,0,0,0
a4acf53336a482f50335d33b4f650a70c9243b7b,0.3315892,0,0,0
c26fa78817f30cc3eb91165b783e07fb80d80f59,0.057987235,0,0,0
944291b748bcfec4e2f3c17623884db7a17b9f21,0.48519206,0,0,0
c44f982e89b63a97190638cd12bd8bee2bafb883,0.37165934,0,0,0
fb46b941f7763314d667c437c06b1675e61c3d38,0.067882344,0,0,0
e9928c94ce1385ec72028336417f19f30ac38ac0,0.5020301,1,0,0
d4021487539b0f7758ec644f2e0d83df95c66bba,0.35027766,0,0,0
ac62c1c29f319a97a2552c39f32c8e6acd70c9e1,0.4524711,0,0,0
dc08bb8ea6cdf01188f6699559e779e6cc296287,0.39871478,0,0,0
82b8ecc3275d7c3578a6531ac3f1da3ffada9dcc,0.39404985,0,0,0
36ce032b612fc0a1156d28bca7327e06337c8815,0.04629188,0,0,0
2f22533ef41533e2b839a6b41b262dca59e6dbf9,0.08419077,0,0,0
39a3cd0f4210dbec1ae8ef39a87d34b76eac91a3,0.27194908,0,0,0
1f470253c46471033048383c027192e757480492,0.45309347,0,0,0
9c40a7bb3c9aca51d17490960c988dfb7b5acebb,0.06766682,0,0,0
7f8e952abc4d2fc4b96c97a51aa25fcf6ed8af02,0.51605064,1,0,0
bd0b5af025fab9cad8f94260138741c252f45fc8,0.2466116,0,0,0
e036d60d8a210d5ac28b2e5c51a45ceb82b58f09,0.38187227,0,0,0
626014eaf093fc2e3b53f5ad00c425bc209e1428,0.046038676,0,0,0
5c85b8dda5f3047732a17b818256b9289274d071,0.47848,0,0,0
ea402becca436dc1a8e47ac9385a3db475b49355,0.3694739,0,0,0
255f10834a67cf13518316de0e2c8a345677ebbf,0.443806,0,0,0
044de16c14076019f87763b7b58c45664ee57c11,0.036053024,0,0,0
e54ca615f213f5db6d34d9163c97eec98920d7a7,0.1015396,0,0,0
07a42d3ffd034e467e49b5c449d4f5f81c471cc5,0.04497972,0,0,0
e6da0f682436e1387ad68e86edf7418c0f7cb368,0.34427688,0,0,0
59ec4f018963eb55e32fafc2b924826c39c09682,0.5242565,1,0,0
ece4b70cce24b89483236b4cff079c10597d680a,0.09373359,0,0,0
09d28fe7995db1a4da2c651d362007d2082c663c,0.33381587,0,0,0
98c27699cbcf65c3d9d655ecbcd67adcd8b45b05,0.3687879,0,0,0
71cff7c5940b7101ff098601850d46b7a4698180,0.049152836,0,0,0
89e0607cf6470dda1a6a47b46abf37468df4e50f,0.03610386,0,0,0
6fb60857be1fed21bdacc4ce830bbf99103b6fdd,0.31994975,0,0,0
3634821fa515365618209f0452443728e7290fca,0.30537802,0,0,0
2fd62ee4d524c270764e9b91dca72e5cf1a005b7,0.031089377,0,0,0
a703ee75c40e0207f6831c4d48e1c7e62f160305,0.035468373,0,0,0
fd7cfed070c2aab60521afb7dcc633a0b7abea80,0.40961632,0,0,0
1de41ef4baeee1c95e245837299f8be265294445,0.04027001,0,0,0
9491d7a61681f7acc7103a6d1d45efe96f7981d2,0.33978397,0,0,0
2d3203b10cc8edf71a6e3e0822f0d742c9516aa3,0.33501858,0,0,0
d55a572e5867832f6d5755fcd46101da51a38aa4,0.07022672,0,0,0
170cfa758547b4d9be50058ad93cf60ce0da5564,0.4377953,0,0,0
3783ca4476fec8186c867e4e57084e649c318c6b,0.029121906,0,0,0
4d996d1bac1bb1886cd9c473ba00e53e3c19cf3e,0.38934845,0,0,0
445cb9dc2f07553f8e1e5f7c1150f00fbb05c63f,0.39461955,0,0,0
ad80bfe559e7380fedd7998daea5f27393ab643b,0.33680233,0,0,0
3d2d4fd1588c8eb3f67f34d75b66967d0c7b06b6,0.4564864,0,0,0
d54fad867da7f762ac4c0d947adffdc1f8f356f1,0.29604733,0,0,0
12bbaf3550d56bc945b50f538b5f18af93bd316a,0.44821048,0,0,0
150c578edb161bdb2e8c039f0914984f570ef8f0,0.19390798,0,0,0
af977adc43a071a09652fea4ce3deba2d5b8d171,0.293106,0,0,0
e021734b62ea5ac273e516b4ac83727cbb99ec08,0.046210174,0,0,0
b635beb6efc07a97c143775c78a32d42b3b73c8e,0.045357615,0,0,0
3fd2492fcce073f0c36e4d7e23e34881557e6e5e,0.37109366,0,0,0
a918c493296c88da94b36600213c7c188f2589b4,0.04789804,0,0,0
9181e1d536bafedcb3587ca30e5b6e2d66f06bf0,0.32278538,0,0,0
cc8bdf1d13639d12d02170d40cc4890180bbabc5,0.042738438,0,0,0
33ee5497490cbc97f3eabe9ef7a6391e4dbee8bc,0.08106163,0,0,0
dc61e510126aaa1a95a46fe39bf1529f394147e9,0.18262205,0,0,0
d320a457a9de67be25a03f79e1695d549a0145f3,0.052374776,0,0,0
94ae6c84d22ed33e158b3cc822ca4a0484c829c9,0.04250184,0,0,0
e9e36cdc44a68662885e35773187cca00d20239e,0.035493243,0,0,0
7d4041d827aed7d9f3eb14310b824a2faa96b8b4,0.5349305,1,1,0
6f5f99440e7117ee3bb6407e06745fff14bb2a4d,0.3184033,0,1,0
3eb4be60cf00c20e46b75fb72366dd0649700c2f,0.46261567,0,1,0
edbd9842cfca892b10c2e9c8da0384fe005cd67a,0.29230833,0,1,0
bc8e23808b9d8d0c9b67270ef35d04ebd9d89cc8,0.5935768,1,1,0
635e41ea181c5fee8860a7044c84ae3557b51189,0.45618218,0,1,0
c4ddbe6456c9631c301171098a8ac016eb4e582c,0.489256,0,1,0
63f1d6b83bc10a2880f5ec17a172fab284d2eff5,0.52453846,1,1,0
10e18ae9b47dfe04573884739823d64825105694,0.36972967,0,1,0
d3252a5ca5571e0a97e9a31966ec6b847a3a8574,0.44615832,0,1,0
86c76dd5ea04d1881a52d79113d6dbb1d57c38a6,0.5415244,1,1,0
73a8fba6fb23af45ee77f52f33bb8d791a9caa05,0.5224057,1,1,0
e8db7237a9c347d2225fce9b49ff92bb741adffa,0.427169,0,1,0
7af67bdd16a4f103bbe6334c5a865436c900adfe,0.2649484,0,1,0
71d7c3264239c55b6e2daf89c44c5685085f26dd,0.32573828,0,1,0
958029bdd45c3e341eb146031ed38b4487d7b0b7,0.26429367,0,1,0
5556026ed1dc17e70946a4a030842ade3a33baeb,0.40493453,0,1,0
3c92830ec51fb6b6e9a7ca2fb8fda324cd33e48a,0.48140162,0,1,0
0fe9685c8a78ba2d780a3ec1e1a323990dc6d218,0.5293822,1,1,0
bd7788b384a87024ddd6bbe6a9bd9a167cf2ec12,0.29636243,0,1,0
dfecbe970917754511a081f8b86efac211e624f6,0.49504152,0,1,0
ef51b068aef14fa347710497cfb67aa9c6e65c0d,0.34352055,0,0,0
173c162a45b4be6fcbf7a30c44d1953062a25086,0.3221766,0,0,0
c4c03a33c8b8b94eaf75d368473bdd10a21cd0df,0.10193353,0,0,0
2fefdc7dc3c9afbbe534ff69db5a754be0716b11,0.3167778,0,0,0
f525bc3ccd9cfb69603bd9778998263a458415d0,0.36026272,0,0,0
9072a7615a54d5e753cf088326d9e14f1a5a6751,0.27624083,0,0,0
11491d355da8a851d6badb6348b10d8c4acc9d8e,0.27589083,0,0,0
2bc2ffde1f4752e7a8c7ea0a51c559faae194786,0.30939263,0,0,0
35f1cc00274122c0274b522d0b544a06faaba931,0.37631893,0,0,0
98817e88f04cc6757c42ae52d653b63cb85af486,0.25428164,0,0,0
83775c432382b9c0367362491d0dc515bf0e131c,0.23006715,0,0,0
a498b87dbcaa0a61c6088d7156258a3cb06638cb,0.03035317,0,0,0
34558845e3777afdc1bf90ebbcb2017ca17aea86,0.06690906,0,0,0
59985b43f0868d9a4a588d9ca1debd03108f8cd9,0.33554476,0,0,0
8ea1aa1e7cc427c28a89878fd2dfcb110c992b20,0.25520313,0,0,0
d4c7f63054e584b69024664bc2f221faf9863519,0.055205517,0,0,0
20c733229df741e57b8ac205788ece2d563b2f3d,0.45809254,0,0,0
3051264e1bc1d41a29c9dae7935c090568f64af4,0.050383914,0,0,0
db0f2304bd7c3ced65cbdfe9e17e80fe0774c13c,0.1599025,0,0,0
2f67045b9647de10ea5d01d8d1e98ac7de3e1cfb,0.17853418,0,0,0
7ef106b23772995e4307f84afd1bee4e2337ce0c,0.040669683,0,0,0
71f6746f81bb9650f6f228ea204d85ba2c5b7392,0.034062464,0,0,0
2ed96f00f724c3331d6b56b6b5650b9632f43954,0.03644633,0,0,0
3720683699bb830a4aae6fb66a78ce7079ad2c56,0.042701717,0,0,0
df37e605fe4b027406bd9dd85b320526ab12a122,0.21386224,0,0,0
4ad74f449258781e9df189413423ffd6ad95c526,0.035306662,0,0,0
d81ea83a0eb1761bb4e90a91f3b70f23f88a7d2a,0.2551828,0,0,0
e2c0ea4374c02539ad9bc6c4328b74f25eb72405,0.05789465,0,0,0
cf42ae522e12e9b412e1a1f008ea73cfd86a5979,0.027989935,0,0,0
fb7335ab163588fe6ee67ef26d3b3edad5cf4bd5,0.44760182,0,0,0
e580d35e1a07431109a5835411142bd1c1c2b3b7,0.035194594,0,0,0
ea60fbe0633082a131bbb18de94fa60a04eddcc4,0.12829034,0,0,0
90e31fd93fdcaedadcd4b030fbc20f7375672def,0.032449704,0,0,0
52adf52e4669b54399fa50f2624826c06a19cb7e,0.079996645,0,0,0
71e515ab6d2007d34d96df5604f74c6fba92c0d7,0.15023653,0,0,0
6d23e85570fe1139cf5ef3bc9b4e57ea73680b6e,0.19590692,0,0,0
cb83f7cb31e50f265e098c5380b3f0051e257f46,0.041958343,0,0,0
2584b4a0ef536e59bf28ba140844597a093d848d,0.04687518,0,0,0
cac520971206093d32bf17925f880bd06d93f736,0.49419567,0,0,0
6a99050166c945a226d5f8275ce4a9dca3518285,0.26240113,0,0,0
6dbb48c8e685f65f45ad5df9f7684bed910036c8,0.029598132,0,0,0
260e0e0cd21af7b03ab0dae33b4978233db67773,0.060600486,0,0,0
b5749b4f54b30c0c2050e456c12cfcf516434f13,0.14871582,0,0,0
07ec8ad2dd862c8669b2557b995ec5180663d73f,0.04634865,0,0,0
28656559d2fc67193a84d5cbc48d378b2016f74a,0.5153221,1,0,0
0add1e8975336c65513b26123d48b221e2515ddc,0.45479482,0,0,0
8e7ea70a33ecb8db5207849ea6371b4a5a8ffd26,0.25956842,0,0,0
6f653f6bb82757963a87d725808c080109e7e3e8,0.06360405,0,0,0
1974c83561d09cf73a575f992fbd8416e3354d20,0.08769458,0,0,0
37c20df721522b175bc9df3f06a361297010df5e,0.21864478,0,0,0
061450a927ba1cc65f7b984f4ff41866ec2eceac,0.5500248,1,0,0
60b32953a968e5623f82a6b27d6c679bc17c48e5,0.35948113,0,0,0
f175a241c811d2d0843026b2dde5c3ae308cfb95,0.03730901,0,0,0
ea1a69d638d97d5ffc451b32d240479357e02b0a,0.028758343,0,0,0
cae70c10b4451ee3b919764f72dc4a4caf0f6f27,0.027652968,0,0,0
c0c7112dcdeb75b521d55cd47d0c61be66b0499e,0.083212584,0,0,0
8d0214a7417addf790713440f10855dc279876fa,0.41476545,0,0,0
e2ec4f2fdb2bb8d97f64a33e9ac288d52854a530,0.4010178,0,0,0
fc73151cfca36ea2641f340700dbe339b9e1f103,0.049520884,0,0,0
dfc9888860bf192cedde21e5e843bc3caad4b74b,0.41592398,0,0,0
5f9e0851da9e74c12e04f5a62cb7aeb1a8ab7589,0.031774983,0,0,0
7d5a61ed64315bd6570c5cb55c1f53853a3fffa5,0.15249893,0,0,0
82152f41ac8a727c2f0042bd555452dc2dda11b1,0.3894781,0,0,0
474a837858a8e7a98316f97e9ed387d0161015f2,0.058260113,0,0,0
39380da86acc717f419da48f070f8cf7d9f9ec94,0.28151718,0,0,0
0e266204f535aa48f74d4f2480b2268c13e26b22,0.06331283,0,0,0
5b7608d1549989d92dd159392c19d9ba8ce0e62e,0.05510166,0,0,0
e79a590e0cdabd93883aca964db2a862ff3f8490,0.040693033,0,0,0
ec4d8a9a6b783f1d5d603d5272c94deb1e7375ef,0.030035784,0,0,0
507451866c98cf9e2ddff1008fc0152935ed9e20,0.1166929,0,0,0
8ac3334a04928faab627aef4daf4ac51c28a95ef,0.45545828,0,0,0
6bb871786e563ed82e2b8d26314c22772808fe5d,0.032545254,0,0,0
633ce604968078151e03363d5c67042af74310e3,0.07389396,0,0,0
18b3437c15d78c54510964728486831822809d9c,0.47957462,0,0,0
d68f7f5f44924ddee14428e16b7458e2878baef2,0.028351745,0,0,0
a48071b0d489420bfdc0c2ed7254d1dba243f700,0.044841483,0,0,0
5637a5204ffd7b77f569ed28f85610eb782a159e,0.07166899,0,0,0
0611710c619e67affe9e3b6471943d0ccdb9da73,0.39551103,0,0,0
ff3492b06299c0a38c029c8d7a524d0027de357f,0.2771629,0,0,0
0343b4fda87161265acf30d5ee61e525e751358d,0.048049506,0,0,0
756ccc935ef2a8f9f48e96f28c7c622ffb3e6627,0.18588443,0,0,0
612236c8a77d5d8c4755e287f682cf06d773a902,0.06350668,0,0,0
f37f4b68f3343e2b8f8d82c40398f975116102f2,0.02743556,0,0,0
0822b4226f31e50ec244d311e56e3446a8e5811f,0.028196335,0,0,0
06b7cd3a31c4565ceb0a127273ef800a3d084caf,0.033519223,0,0,0
04b55bc7ca0b0ac444fdc8ad01acef8172852a8f,0.31720832,0,0,0
54ff33b2ad26e3969cc59d7f2723563dee3e37dc,0.07420802,0,0,0
54e63005446a2b0a4255ba16838122c5808ef886,0.055656984,0,0,0
1a002c67f2d3c198411a62165e53b31d6b414aa3,0.043359105,0,0,0
ec2fa6bd5695b36435cc66ca4cdd8183d077a0cf,0.09901414,0,0,0
52b46e74dd29eb3eb65a593a872fd57694bc154c,0.047993086,0,0,0
59022fb870c2c45a27e00943003c5acdeddaeec3,0.043657094,0,0,0
03fe88ab71cf2eadaa39654786c3fba713742768,0.05444141,0,0,0
a0b798c27a0312df2a110073bd7888993e56d05c,0.07000766,0,0,0
fb7784fa1472b4c55d329aacae672f416e11a703,0.23390938,0,0,0
5fb158cc05a9ec78e31e49abb654e00a7b65721b,0.38613108,0,0,0
f59a674a26d349b7069158023194ad0d7a38a9e4,0.41972584,0,0,0
fad946a1d79486c5118a596e8ac67ef7d5189070,0.25166476,0,0,0
d190655a97c33c886997b9570697f432e7d3a21a,0.041718114,0,0,0
68acbc803e416a38616bc25505cb88dde81af5ca,0.032343395,0,0,0
e8a2c29721d145c52c970049e5469cfb0dcefd87,0.07853255,0,0,0
00fafe772ceb91c9f26d79f5a2f6c3695a141115,0.05766242,0,0,0
31466db6ecd115aa74616e14a75721b45c0f59f9,0.036948632,0,0,0
6d3796e64bdd5f3f4857bfca6982e6ecf98a2b33,0.33745724,0,0,0
131917a0d3303ca2c38fd1d6765b9bed2c23ff89,0.10223282,0,0,0
51512905c31ff19b91fc67b2cb3ddb5b1fa0fd51,0.31263214,0,0,0
56f0e1053c9aa767ffaeee37cf06a6056a221163,0.22736253,0,0,0
04b41e2c97fe5faaf521c2e0581c30e18e2f0c27,0.5046004,1,0,0
84d52919ec3b3c75f28a185ad7cd87603c3cc4cf,0.45039526,0,0,0
18f5f54ca0e78df12586e0750e257058746a5a39,0.66039926,1,0,0
bb76a6848b37cc3f418a370c56f597486618197b,0.66065365,1,0,0
69d4bf883cd7402d13497a40422d20096b2b9aa9,0.33783627,0,0,0
8bb3526317408fba3ae351719feb68703aa5fdbb,0.35135776,0,0,0
b212aa3c6fb91c34a0faccdf783a0a085d40be94,0.3409762,0,0,0
f8b1f6e7456a92b8aeb3e0aa8ef88936873dae00,0.04092088,0,0,0
04a5d83aecc325f87696c83b1a5dba45584ddaa7,0.03138517,0,0,0
c202aa8cec19d80f4671e77370287540a0777b7b,0.28477612,0,0,0
e55aaa5706f031df2e8d68bdf088604c79944246,0.04323879,0,0,0
63374a181393d941c805b6909c2ae5c41159e745,0.381295,0,0,0
2b15e1f43de16d204a28f72a530abcc24208f4d5,0.31122413,0,0,0
4ceba113050407f10e116df7ecade93b1abcf6fb,0.3313879,0,0,0
5e5ba1b8129fc0d235b149ee699ecb2fdebfd39f,0.27514026,0,0,0
bcc7c0c85878d19735f4eb014e6b17a3c0deb0dc,0.4640759,0,0,0
f3a7cf629c19dc80734b5b6c3933fcc76c8a50a0,0.5116523,1,0,0
a72a5ced53067d3516ffbebf00a633743bbfeb5c,0.5658885,1,0,0
7642423cfa70fc797601afd64ad28ed1609df9d2,0.043836042,0,0,0
04e52eb6155b3cbf5fffc0d52689a3f679e40b19,0.50023305,1,0,0
a1cde6ab707515ae014c2635f9d32ad0ba64e7a0,0.04315845,0,0,0
ff902c15612f2d771483ce6bb06e55609247c34e,0.44497234,0,0,0
3f796bf74666ff9a4a6d31f10dbde4fd5e837d6a,0.031510815,0,0,0
c158713b66856745427f793f14a5dd1fcaf941ee,0.033434145,0,0,0
e8300276291ae634eda52d812e6e8d7cfef2f8eb,0.03280101,0,0,0
fac65b868c549d28b786568636bbc8362d2a78f2,0.06414885,0,0,0
c99a787752770b8952297e24e07bd404cb2f4f74,0.057065967,0,0,0
b877fb9abef4a19eec9cc7329acbd433648b8f7b,0.084150225,0,0,0
2b52dedd56503bf89b28cfbad21f59e3dd4d1d32,0.030034067,0,0,0
bbd1dc343992fde4baaa0309178509dd07eed536,0.40602323,0,0,0
dd5a0e6e1e3edb41afb4b40e4ec2c99e5932e73c,0.04895221,0,0,0
864721d54b8b372808b098e13120abe5c22fb9b1,0.07719868,0,0,0
18b1bc203bdb236bfd9084193aa2d55d4b605139,0.40276873,0,0,0
b2c1afce7eb13ea44fc7d25562cc3bb83cc91b2f,0.48816,0,0,0
5b223744b49d3ceac9608959d2db82bbadb47897,0.4984964,0,0,0
031f6b082ff21cf1138907a7c666d6ff391bfd72,0.3051408,0,0,0
afedbae8aca69a092d65766640361801bf2b5d9b,0.53165436,1,0,0
fd59e545f4f2d697ea7e197f002c5e8eeca27004,0.03836339,0,0,0
3eddcccba7e0361d6e833407320908187b16ac8d,0.035040252,0,0,0
34a5e7fa91aa7ec9e75a16eb6f3d859d794d399e,0.048369683,0,0,0
fbb5d31a581c24e925c442a7754358d2b62a669d,0.05418466,0,0,0
17e65488113a2dbe9894f824f4321a06ee009e02,0.03457881,0,0,0
9625891a7bbc0a8b11f7cf9c2b4650775ec8ac53,0.2464715,0,0,0
13cd4e0ac3ab76a4dc091eda457f9a111727cba2,0.052218787,0,0,0
8ef8e2a7a5326eef6180951207f65d3c29bce419,0.2910273,0,0,0
844b2901fe4049fba29ce8c6961dfa25966974ef,0.4295522,0,0,0
faeaa303b903139f36c15751c8e48ef982222842,0.41063234,0,0,0
5fef9575646f6583fd2d9ee01368b3deefe6ce82,0.06873134,0,0,0
6c687c70a1d5cdbc71c113b7d7402dd89a942849,0.467007,0,0,0
c049aeeffd41dd9fb8075e719320846c83e5ea91,0.055239294,0,0,0
9bd439b4e0aa69050ef1baa537e552fa4620e5d4,0.139026,0,0,0
8d6bc0ca625f3a1a98b486541fa613b2fac4b41c,0.08318776,0,0,0
d2fb3b0865a87cc909e4faab7733f993356141e2,0.028560678,0,0,0
10ebb32ce1806821518f52074f0d171fab20b3ea,0.3609212,0,0,0
caaf97ed8804ae3bf6fb17cd98a5814cab834688,0.4071735,0,0,0
ce0c082898e3551d313fb5b73763f399232b3fd5,0.3486604,0,0,0
bd9adbb637a8a4aa5eb61c6fde2c576d0ab3c4fa,0.44070944,0,0,0
e4b7ee81c1773eeb0bb71ca53bf722f046c16a16,0.29946417,0,0,0
aa31bc6c313789c344d715b7c1aeea0cd8de47e2,0.33559033,0,0,0
3899cc6570bd9176c84ad2d5d14febc6c0ddd964,0.27495205,0,0,0
648eebba22d6398a01b0924975bedced8469ac80,0.3388024,0,0,0
8d95ae41975a2307501aa0f4a7eba296c59edce9,0.04660326,0,0,0
1f56bd103d53c8c6ba7502c6586c26be01bfdb80,0.041375592,0,0,0
c7c85ee39892df3ca007c6596c41654865be7e43,0.35055777,0,0,0
c503d742f094dc2048b72c3f78f5e2e6070a44e1,0.15370855,0,0,0
a2d41db55aa46bd4fedb215c978f03e282cf1ffb,0.28077248,0,0,0
5ceb5f57212935386737ef4af0d066e9fd38c5a4,0.3223803,0,0,0
cf6b6d8eb1b524b73cdb74168f3190ab471aa52f,0.25384262,0,0,0
ff8fd9578ee8f66e6f80cd7b9f204767845b7339,0.21771975,0,0,0
ab60f735c721103ac888d8d7b801055921336687,0.25876164,0,0,0
a2660687980b36003a612eb89b40d6fdecb4b153,0.079144076,0,0,0
b3c31a379e9ad7cd22cb7f0669b82361ced84992,0.5312789,1,0,0
204ed0048f4812201ef65c9a0c44fa54a7d1e04f,0.06657434,0,0,0
103b64a373256feae6ca85f2bf220e7694e48fa4,0.44475436,0,0,0
9c506279188a90dbbe124386cc52016682d17b5c,0.1841885,0,0,0
8eace0187ea2c0c1a6e3a5b5e24e701f6e23ae94,0.26791406,0,0,0
72bbbbc559992e5e6bf17279d8194aaa80c62e85,0.27776343,0,0,0
feb7ba55120feb5e3ad3f526fae7dee1b5189d9e,0.32653642,0,0,0
bdb074610c87a210ea4c0d91d579cb4558f4b19f,0.068652175,0,0,0
64d820bffae723b9c8669301b246ae199db61b5c,0.05651224,0,0,0
d58d64ddb1f205a54c7eb57fe0cbec9c59cad8d6,0.25271615,0,0,0
d962a2b31c9a7216c2df557eaed3e475b13939f1,0.47243613,0,0,0
db6f7c1d74ba64211221a69cfa9fe7171a9199e8,0.49072877,0,0,0
1eecfc948bf6f4cbb9a2481313ca7368ec653056,0.3780479,0,0,0
ac5a216f767c6defa4da720c6ecb3baa05e30254,0.033343088,0,0,0
d9a2c69a9d1db6072e1d7b7ea4fcbd5c15d20b5d,0.040274613,0,0,0
d0f6be9886afaee6080cd4b7cd5d165c767b71f0,0.2742188,0,0,0
8ac857c41ec8ae02e57eb0c1c1a012525e7e14b9,0.03261377,0,0,0
10d2363fcdd6e15568f765ba0dfd5f0cfa0b04eb,0.044702724,0,0,0
8232c096cef785a2ba88a7324b882a7badb0af44,0.036638577,0,0,0
5f4249e2ec8cccb17b27a7ffd032c4fc237a6927,0.030328533,0,0,0
86a59601b570585dcb7a1ce3d1ccc8e16008f53a,0.28674272,0,0,0
809e2bed22f02264e0ac58bba070f6d84386cfc5,0.12637734,0,0,0
6423a7665516d738ae50d272e3b4ca72cdb89a9d,0.40089816,0,0,0
8274993e293a79fc75829df398233915a6387a4b,0.13498682,0,0,0
e2dbe55d56bd6c1209276050f527d36717e33e1d,0.08011731,0,0,0
10325422e5a4735aa87a4d47bdb377e09fe963d2,0.04931846,0,0,0
a069c490e8119189fa2b43d3b597b79b3d42a367,0.6154211,1,0,0
a945ecbbdda782b51d5c2c670345fbf4dffacab7,0.37578332,0,0,0
e4c72a5522aabfa6a660088aa9262d849756e464,0.35295305,0,0,0
0095d8adf26b9469115b1be0358cb09d1fcb5fd4,0.060502075,0,0,0
151f2cd3d80c006f4ec228cdf610c3a35feb195d,0.47270182,0,0,0
33884b226454324f27700f9069f4702b44ef8ced,0.30163857,0,0,0
23108b1bd90de315aed37fa3fc1f38f8a56ab9ba,0.04706842,0,0,0
d6644e4fbe3d125eed2d85e58fc7133466042f10,0.2800363,0,0,0
dc53e49b4afa5d59c533cf2b4918402c37411fbd,0.3636191,0,0,0
f9cab271b3bc8c2fb6e2c51449ad3bc07e62e174,0.5075627,1,0,0
383bc8eefae7e17d0bb0349ab2300488c655ec42,0.36555785,0,0,0
eafeca43268f16aa9d4a179e44b9e7747699c1eb,0.29983288,0,0,0
4733cb5b798cd72aed82a9118648b4a86c91539f,0.44263285,0,0,0
9f89fd4626bbb4e34a905835e397bcffbad59307,0.057039782,0,0,0
2dd459003e19e4bbc2811b10d38337f295fc5a19,0.03582244,0,0,0
8d601ab71228f7c3dff950540e7ee6e4043e9053,0.04634973,0,0,0
0f6a292a29fedd49741310cd517ac4ba907bf8d4,0.03970343,0,0,0
011775551ef75d75f81189eb4604fd0f2ed424ba,0.05527283,0,0,0
695342cb1cef42f30fd1a8496f181c92b21ae82d,0.47152144,0,0,0
c14890f08b9bb47ab8ad27f4dd4c714e32961d0d,0.4941382,0,0,0
f3d2d55ab9b783af65f2050272cd0318a9ad23a2,0.520273,1,0,0
c0771cbc3c445a9d1d2a43ac4ce3c0edbc806957,0.10297639,0,0,0
3aface95813003ff75505e2ed7d75b072228d3f8,0.17504984,0,0,0
2c437a12bbc578442daaef85ab486d1e55763853,0.09374456,0,0,0
ab0570e63aae3027239dcd5d22caab95111a5de8,0.29296282,0,0,0
f015fb2b31a5621689a57ce9d2d300e5f32357e1,0.14403777,0,0,0
cf950e7365848130c5c2d57c871652e6f83e96a8,0.3574863,0,0,0
e6b830bf95f712672cb9e77cd852606cd134c5fc,0.3842584,0,0,0
09c52410e62b0e1e221d413d7ab18feefcca6bf7,0.17088322,0,0,0
9dcd87f9c46786f3da54af7ac1ba4696840dffa8,0.48324424,0,0,0
f55530a2ffd3c481f6554d98e9d73f2e8c62ec8d,0.48539078,0,0,0
dfd69e038cc7035031d1807c4ade870d2a7e2ece,0.3839838,0,0,0
a49ea7a65b7990b3e6e625bc8bfff7396ee49300,0.039128494,0,0,0
41bc4cd029fc486b5570ec344cdeae049bbca860,0.030181525,0,0,0
51b2cabf2c3737de06fc889b39d40240d1b134c2,0.045471203,0,0,0
8a05e0b0f640289c32f2f261f35450532cc2a1aa,0.061588183,0,0,0
2cd3f0f10a797b744509903b8eca4fd2fd4ed6f6,0.2526647,0,0,0
8c1a0d2ee1433681958809b4a0fede65f62936e6,0.11530275,0,0,0
a08ec31dbf212a033953dc6916a743dccbb93e37,0.05662399,0,0,0
795fe5d869594bde53f8490d75eedef6185b6c37,0.061782375,0,0,0
5556118ad13fbb80a56d7b8de6f960e9ff8255b8,0.07110379,0,0,0
f643b4fa939e89348618ddffae20a804f4461363,0.08541216,0,0,0
bd5cc81ed7f91865aee7a5a7febeb237220d0c5a,0.052911628,0,0,0
657704627b297a19a693645cf03c5c70ccd9a8bd,0.22065072,0,0,0
363cbf7908cfcc6a538126bcccf5c955afda6aa1,0.03204791,0,0,0
c636539836ecb541d9ef71f2d347772cf9f6bc52,0.03269097,0,0,0
7cf5e01c2a152a0b612cb19e02213879a57c14d2,0.35186297,0,0,0
e8d861359ade336badcac3211e5aa447097479a6,0.045310907,0,0,0
044367419dd317eb9f9935d8360280b8b8695462,0.22484295,0,0,0
86a082e8be8c51f07079ded82d6d125c9efc1791,0.25446302,0,0,0
ab25f67348d4885620df86497889c1826f013a73,0.0414128,0,0,0
07811434b773b6e1737fe7dd3775aeab8afb18b8,0.24794482,0,0,0
5bdf0a938adb384bfdb6cc494a2781e2ac33b0ea,0.09181471,0,0,0
30c85ad05363767deeefee577063c2c432b971d4,0.39586422,0,0,0
1661e5519c4836a5a940b13b7797263443156fc9,0.041148797,0,0,0
a64153a3710c5035988690f0acf57dd61b711cf4,0.3299346,0,0,0
954ade4c1ae2adc0aaac3a1dbe800495c519520c,0.3687093,0,0,0
4bd982d1a1df87724682c17c39bf27b5cbe389be,0.04741856,0,0,0
a6443e146f825291308319c6a0f2eb82aa34f8c3,0.2969366,0,0,0
914844e1b226a1ac7ba45626ecfdfb56e7b2e263,0.17709982,0,0,0
98fa164cd88d126d0f137f5bcb4a1d180e0c2fc4,0.053502563,0,0,0
c79e6fb8f95bb07d2394221b29b75fcc016f4900,0.13883245,0,0,0
6597c196521af500feef7a02610727eafa7ec1dc,0.05668278,0,0,0
4670a941be92a55fbaaa3b4055d444e07ffcadb0,0.044655792,0,0,0
cde4c529034e182a982fd842252ec410d213c34c,0.51249796,1,0,0
b5f5449cf338376d12404d0190054525987f4276,0.06116648,0,0,0
721a6e59f7e4f5c0f3196d3eb0e81cab5e41d065,0.031667255,0,0,0
c7c424fb9c3a39b6ea036242e44cdca324f7d104,0.032165907,0,0,0
a8f41ec97d139f5d0d7cf161e8484f2bb809facc,0.46485204,0,0,0
0181c8059c081d144cad36d003379bd50fcd9da7,0.036325503,0,0,0
90f0a680adf3eaa95e46e96d28ecd6848c74bfdd,0.06373094,0,0,0
12e597a78cbf9d82414b944a5b285d81a2e27e51,0.09211679,0,0,0
b45435c950e6f6864671bdffde29e26cdc8ce15b,0.07980846,0,0,0
4259a706ab8641f408afc3ce224b1c0ba5a43d17,0.37696254,0,0,0
f0f896ee600ea7ff66c083747f370453b914be48,0.10248661,0,0,0
5482ce61b003726a9476c76a4337e043af4318c0,0.03201714,0,0,0
31a9fa0cce769c976d74cdcb6e6ce8831793db7b,0.033664983,0,0,0
1a20867d01ef8ee5b32b0620125b7c38a10b80c5,0.04172343,0,0,0
1731949116a7278f2b729cbb9e505580c8f56980,0.18601406,0,0,0
b521820b23c45fd068618d10955eceed48801eff,0.043950398,0,0,0
661d16d190708a1a396d8b75ba10738e4574c11d,0.04329325,0,0,0
3c2673e82d33b6c9bef3005a896e5b0d52b108dd,0.03187213,0,0,0
99900ae089cf996bc969f0673349c06c2e6fbf1d,0.035399973,0,0,0
811dbe7226ba0ede04c2062c2dba8f72a1c03e58,0.36241704,0,0,0
9f7d03f09172afcf0a7be40e3262d151ef053b3c,0.29044765,0,0,0
3c89994355f3574078c832b2dcacba0e65e87ed1,0.47426566,0,0,0
d547412bbd2a1ca56769a2bfa13b7ed9547310ca,0.32447547,0,0,0
d3146a545612422d3f8078f10afa00342b327199,0.45415294,0,0,0
8f54030347e31e0b1492fe874a1f1b67b89b836a,0.4725809,0,0,0
f059e5f7fa1ac4a906b5d2e18d72d410bf28fa2d,0.41705635,0,0,0
a5e76ebc404d419651c2a25b1a62199de64cccf5,0.15343928,0,0,0
a91f76da21faf4e8b70f0f69c6db2521409e7d29,0.063744426,0,0,0
5a52446090a67b9b04b67a0b7aec94e73bd21930,0.033190947,0,0,0
82cc24437f43d07880d8883229477735431e5d02,0.09173522,0,0,0
859224ffadb79147088840732236c1fad341d842,0.058447033,0,0,0
314b6b56bec4af56dba667d66a25c1613f4bc800,0.49702212,0,0,0
8cafd87c83f4197f7e8d14de8cba453c844266c0,0.2648525,0,0,0
a060733e63a9cc476342ca190d04ad027a241d33,0.042189803,0,0,0
e685d847b4c70e354e47ea3990cefda3265aa5c6,0.076974906,0,0,0
c8e648b92cc133a604b5e1f4da1ced943788e64b,0.24664374,0,0,0
ece2f255eed8ad9eff6e236152de65e804c6adb5,0.034175742,0,0,0
9766e22b42b7b3f3923cb9c2502dfc2dd5d0a5b0,0.030941905,0,0,0
776b86e99a1ce18a5093db457109807b766d49c1,0.03426081,0,0,0
e1bc286245ce5f798b5312d65bba64c71921a3f4,0.1765629,0,0,0
585b1cb97b4b9e81b55d68e04b6c1e1195058a8f,0.035465706,0,0,0
7587431987258e94748d5f2fda1e6ca049a21600,0.040083587,0,0,0
53def501409cd1f9e20ac43edba6f2949bb366c8,0.09234869,0,0,0
7c19a1ff4c217f03c0be62baf1169d689f566825,0.23239253,0,0,0
8cfc1b1207577943d412789765a3a2085f1b3036,0.13630049,0,0,0
577f7b3b5462fdf84c0956a3bec5296bf7821677,0.22414215,0,0,0
65b08c4f91a4e5d78eb645b46d06d7a46f8c62dd,0.27093154,0,0,0
0344ca3f2d43e3732bf16370262303be8761a523,0.33938438,0,0,0
c68285bb3392665827595ac408a5fad828b0351f,0.26475787,0,0,0
18e692478dcf91fdceb9b9fdca7c61a1111d63aa,0.2222529,0,0,0
f2d8493ac44995170ff84bb895e3a73e0127cc68,0.26527432,0,0,0
f5ebb9a649e9dd0773f9bd3457d6ce1895266d59,0.04276549,0,0,0
3e08af573f8b50da5202f55df62c925f88a47f3d,0.3977647,0,0,0
cc94767e7eabdfcf9d1cab1d8d1d8556864394c6,0.082222365,0,0,0
d6ad3f01574b839670d4ea5cf82a601eee7e0c16,0.37680218,0,0,0
a2dce32cdab108e7e281dfc27dd0a394e1419ce1,0.03484279,0,0,0
fdf05fa29babe21e64f9a5b268dc8406d449d4f1,0.045273192,0,0,0
0b70b01a9f1d9664bb5eac737175f58f06979b60,0.036861114,0,0,0
7076b7408f06bc8a277f58e7bb6c2ec3372d5d6f,0.37583074,0,0,0
cc6beb2d05347fba64d933906ae2b712b1a43302,0.053782474,0,0,0
c7554151d3f695718a5bd431e22c7f4c39a0b261,0.036493197,0,0,0
ae862ae116f2056421ab8d6e997e7b64a95828a5,0.18405172,0,0,0
d65b9d2bed09847ef28b9ceb30c9f8a96e0c12fe,0.056933515,0,0,0
36217ee164239391c672fdfc8f5bd080beab5c4b,0.28880244,0,0,0
44854912194177d67cdfa1dc765ba684eb013a4c,0.5379682,1,0,0
fd60085a2a3891ab6db46dd3b75e9dd67a7c734a,0.5031611,1,0,0
f4bfd9c71f51fb541d0fd203f0df2e609632dc62,0.33885446,0,0,0
3b6867fc25b5dbf27925fdced660553ea8289dda,0.36149517,0,0,0
ed94e5a5cce33af89dc1b1475204734b17f64bb0,0.38443142,0,0,0
87eff4c78fac85c1b5f2309887f6be5fa2972537,0.14550759,0,0,0
732ea5e94fdf8fef42b5c21d001983fb24d2842a,0.03114981,0,0,0
09d70ce73dd37544c92621eecb7faf062fccbd5b,0.24770391,0,0,0
060e66bf995177adfc4d73a2a4c9bea70dc5e441,0.3755402,0,0,0
9a7de3974d64a5410e577933e141797928adca71,0.41710836,0,0,0
1e9e36640f762d29c07d8322c361ece163b179fb,0.17205718,0,0,0
c56b87d6efe530590b6d9a07e41ca00af208ce37,0.37792665,0,0,0
07f3694a5c85ff5ee8c556817c0d2ea3504f26f7,0.3636834,0,0,0
5cb988334179b4f04a27c59c1e6a888db0dbfc9c,0.46303144,0,0,0
713c77ceda21d0c3cc9c213341259d64fb46fdc7,0.4457983,0,0,0
729bcc46b503c1574c7c93a65e902f436b4ec6ec,0.03313131,0,0,0
6ea2fc8d38e035bafaa92c7d3b007be38c2e9000,0.042176075,0,0,0
95fce758b0e12837869cae450d8029d7237b0dbb,0.033552177,0,0,0
6ce88517b3af6d48c979b6e984889b69c044561c,0.033079244,0,0,0
b52c69b1b0ba1c542b917247f1f76deb4ce2a42d,0.03982398,0,0,0
125cfb4cab35daebe874a599877d6280b464212b,0.027569285,0,0,0
6f03c0ce11db4a270124b9bf93338d3db9fccf5c,0.035573334,0,0,0
96a1a31d734e663af5c9bcda58c7bb5870e8a363,0.028248752,0,0,0
7aad59482002d0b4bc3546259d33eab20ce76b9e,0.30835563,0,0,0
c1ffdbab58712cca8463b3edc88f9d5a09b0ca9c,0.14359784,0,0,0
758228f691b34c97f421ed92336772531495e0cc,0.035842042,0,0,0
a26c66a8edcf029ca5f94354cee0db267e9ccc20,0.077852115,0,0,0
8dae1f2904b93127f101bd36c1c79e801385a8f7,0.17601244,0,0,0
4f928504ea91c3c1dd43ce696acadf76624240a1,0.2836123,0,0,0
22c30471564c730b02f5f7cedec28fcfe5749fc6,0.03961522,0,0,0
10122741eac52e218771f30c6dc2c0aca54ff006,0.037420467,0,0,0
e863dcb2e7a654af6b8eb5865d8d1d8eee0a6d28,0.42709714,0,0,0
d8ec011d770e1e04ef4f87fba673f3748f363278,0.046523713,0,0,0
f7cbda67518ed7335566ebf942cd170a66746096,0.25106308,0,0,0
7d061e33e59e23dc4b03378f35f50a7d70f033b3,0.04682745,0,0,0
49a876cb1c2a49583b9184ab58a579ac75525986,0.34968355,0,0,0
6dfc3e64037f10b84fe203415e79e2435acff558,0.33825588,0,0,0
5fb74a6618da0ca8b12a3346038164913a5d27d5,0.36189315,0,0,0
f5a9effebd7209f3fa5385f18a5e59e8a09122f2,0.36033472,0,0,0
c614fbcc79615f93d2c60a153db6e82d7474c425,0.045088675,0,0,0
d575057852ab2be41abb39b8de69a35cace5c67d,0.4417436,0,0,0
c8e61afdb89c58ea8ffaf04593da41ff0888d30e,0.26444906,0,0,0
c3b1fefbad0c67c8556ba6b4573f135197f87598,0.2879598,0,0,0
60412131f3679b720bcaaaf3dea4be666cefea7a,0.054036256,0,0,0
2ce40494073aa4e9bdcba4c39d24727b7141d227,0.037930105,0,0,0
2e9f3a80146262511ca7bcdd3411f095dff4951d,0.039983697,0,0,0
2c0429aabd2632c8c6a242e4a23d5eb6f46035c0,0.42844865,0,0,0
bb3fe2a37975920d1c7b9cf16309d86fe86e1a35,0.41244012,0,0,0
cb686673a70a6f14c35575550c48c37d19a1598b,0.04547157,0,0,0
357fe1378889e5934e8f60c8d35397bf63871991,0.18823901,0,0,0
9c886bd4a188c91301029040b3a839e4b8e2812d,0.24615456,0,0,0
8b62c114cfc5fd347bd8cb5a391fdfa8cb539435,0.10014162,0,0,0
56b7ae44f957aeb884efc797ec74c790a7a3abae,0.037232395,0,0,0
17f9d22f334c91e701808808170bf60aae7342f9,0.03199218,0,0,0
9901bf98e4921df1c85e323c4b096b7feb80221e,0.34207276,0,0,0
aff0fae2ec3a7d74356776c183c6986eb9eed520,0.03820988,0,0,0
1415c9a2a6317dbdca6f1fbb530db1f558d9bef5,0.059263334,0,0,0
e51bd89201477092c32c180e4f8d00569db17ac1,0.043289397,0,0,0
efba54d35fa094de5e580b200a8607bfc7bd5a7a,0.04374002,0,0,0
58a8f12b443d7cbc16ec00b8841138ee55ee6630,0.28803796,0,0,0
e7d16c27629722a93a9d36a0b5e0a3a793850544,0.03818177,0,0,0
3fadfdd69f4682f05563ce53e55743f55813f488,0.047863908,0,0,0
bcc4f82a7aca3fe72142bd8d9ab3ac6c9d4d2767,0.4390552,0,0,0
54acb6e10f33d5f71770323e9769d2dcc1130a86,0.032240167,0,0,0
bd4066eba88a772c06394d818d87aedca8bea53c,0.03470869,0,0,0
09ef69c5b51115300da6df43690cd455d83c8027,0.09840045,0,0,0
a5391bb34cbe168f2c5f5f6e8fc3a1eeb9399e13,0.43366322,0,0,0
96cb498f9bb88b534e49f9b8301c9fe7113b2dfe,0.42622676,0,0,0
f4a262df5204221184f1f5008b06957868684a25,0.3996818,0,0,0
81ee0d062c888d8f8bcbc154cd7f0143710f458c,0.4036292,0,0,0
4aa4291ffc143486757617b743c9670001f8a7cd,0.2730309,0,0,0
ae6a24dd439a7b778e35b484a3a6eae1a8eb64d7,0.3622568,0,0,0
9379d0d36acdf78455e81518b3b1476c7691f056,0.043411966,0,0,0
2521d9619fe1f052ced8ea1107851ac98a1b7488,0.04279076,0,0,0
7721302ae5d70d2986d74ae7e7df648bf849997d,0.04763213,0,0,0
1cec9a6fe588c047daa6c711814453840405561b,0.04721348,0,0,0
a36c903d4f1065bc59f5e6d2bb0f9d92a5e71d83,0.2700869,0,0,0
08aa21f9217df0a28d48be5be5db03ddf4867140,0.04995833,0,0,0
4f4e2b064e98ce1abce98428965f8eed86f4543e,0.31623563,0,0,0
2a11642511a3c69bac5aa1abd83d3219871395e3,0.04489271,0,0,0
ce178d8e87ff6f9a12aea4b217c1e09254936236,0.16035451,0,0,0
9fb4f47f352dc1c1f5f20de80840d39e1eebb985,0.23771073,0,0,0
762641dcdbae9456aa2b72ec8fa1baa0acab942f,0.029556558,0,0,0
47a9ea7c828772625b9e26c0c7a6db494ea626a3,0.035032157,0,0,0
9d090d40ef488c6c8e0784da877b93a05034e339,0.47455886,0,1,0
e7e48da660e17bbe5c0f8959c2cb9f6d60555cab,0.06269926,0,0,0
5d369c4fc53a2ef5c47f16eced9fe917a87146a9,0.16330592,0,0,0
558f84322cefd02246c49666d7e7a3b2e2cddc13,0.26504162,0,0,0
b0580d508bdee2903f05d95d59e6e9a1dc9d710f,0.62415564,1,1,0
32155107dd982360e813d10d0c76f6f7cc2cc7bd,0.23413768,0,1,0
596afd4f5a73c7fc756d9bdc12c6613856ca27aa,0.62876076,1,1,0
7f0046cf4e2161f0145e0e59a1b9684b04061916,0.22471014,0,0,0
1f5e68b5612053cf35b31a13c8b5e8341d892f93,0.029146614,0,0,0
b236d5259f95b755aa5e1d955c8f835312047d77,0.21930462,0,0,0
8fe95aaec201acc964ffca80954e60f7c57d7413,0.20506735,0,0,0
d5b16405c77037e37bd180843c1eba79117da7a6,0.21121474,0,0,0
d3aa5b77428d77f5954e30b14e7385c15f6f398b,0.19559439,0,0,0
83119a80aa1551bea003ea6b9e65b616b7795246,0.28262544,0,0,0
c4de3dd2bb8afb3323fc3aaf394a463aa4222768,0.23142499,0,0,0
f7f4b909d0961528c9b02ca5492b2a57a8df8bbe,0.34432593,0,0,0
bb3d861fcde210e45f3d3ac59d8ee6e1e4086cb9,0.25525922,0,0,0
1e6dceb8ccfd2c97379f78066ef4ad2b9a17b1d5,0.23767646,0,0,0
361b73775230d91b4ad9ed588d6d57f3a049e907,0.3108236,0,0,0
9a2f53d2d56fc58617f2bc7e8ce7f488dd05d47f,0.2842398,0,0,0
6ee118d2a12a4c0bde2c5b828e05ea9b18d4be2d,0.18081382,0,0,0
eef240cfdf77df4d3ec55c2f03dc52112dea7553,0.43847618,0,0,0
0ba5e75432717181296459b9bdc98f9cc3cb2c7d,0.32773063,0,0,0
5d83e4deb81aa7e06e4587809642e70ef9a03662,0.02763632,0,0,0
c635393fb9996ec9d33b32ca27a720d6d5593255,0.27885595,0,0,0
cf4d2789901be233792839384ba76b94dbd25888,0.23626946,0,0,0
46a1c86ab3f4e2068023a1faf1c704443f3f36e9,0.03153257,0,0,0
d31ea317a5fa6cac0e281bf0aec5367ebe45a217,0.34480104,0,0,0
88564caa20e4bee55287b258543cab35e9d3adf6,0.34895837,0,0,0
9f0af0bfee5a92e67ee54c185f49fb7c771c15ff,0.13752732,0,0,0
05f3b74fd581ea5f8946c64edcb293747b4d9a71,0.3260717,0,0,0
43e4df85bda71ca1500112912a83d3ed19868c4c,0.37265906,0,0,0
8283d966f47280f682a1407d499346a383d1b1a5,0.40561798,0,0,0
5878adfaf37ce37e6988956e4cd5c833c6ec61be,0.40828502,0,0,0
ace5ba00f7067d517a35713f439344f24144fb79,0.3011523,0,0,0
67e443370e06288fb2702d62c0206221413ab852,0.17060225,0,0,0
9687cf07f34bbf5f67c17e75cadd287b9f6662cb,0.18482326,0,0,0
94cfd56bd9092e0fd8579120630dba0c857b7777,0.3557534,0,0,0
077913c7e9eb8e4cf8863b7545bf53c2923066cc,0.19185296,0,0,0
fbb81a37f80fab1d1e21435782e034eade76114d,0.28483877,0,0,0
278eed3e1f7cfef2d39a25aba53f4478c3ad8c58,0.24989276,0,0,0
73dcea01b19ed9fc9c0d5a8c38e752bfe071c801,0.052392203,0,0,0
54bbca89040ed195b89478713fa4a181cb2bca3d,0.050915506,0,0,0
1fe64733a2a28b795bddb152e9adf7489b6ea7c2,0.27762008,0,0,0
1194c69fb122709872fd634ae9890cecd1d83e90,0.35785976,0,0,0
709aa7bf9c998cc75f6e0be7d258aa5a07ebce8b,0.32520208,0,0,0
cdacd4a987755572bd4d6d328b371644ac07ecd2,0.45092887,0,0,0
ee7ed6e655c08774387f9ee60ce11b84d7901cd1,0.14953205,0,0,0
edd64cfd822ae2ca2faa8dc1c73edc38a6e19f0f,0.43322015,0,0,0
ed085d064c0f80b0bcf382550d10fe6b6fc9f283,0.1457061,0,0,0
4a025d3f8e31bc3e944399990b3a4baedb90e630,0.24980661,0,0,0
157aa8daebcc6a464cfb350de346cc550ac13d15,0.028176462,0,0,0
0dee0324f694b1e035b9c3dcc6923278defe1d3e,0.4096592,0,0,0
136b96c803ce4353f2cca2b24171ddbe74345fe6,0.34082833,0,0,0
99c63edb10e945d466dafcbacbb6fe930f2a31ec,0.299951,0,0,0
1c8fbeaec2ee80d45b78742d63aeec0c9d0c4e9a,0.2984722,0,0,0
b1162d812eebc9298b7fd62eac1dac119ae5f271,0.25175944,0,0,0
125c820e8d43df150ac09c9da5b38dcc1ea6e03e,0.25912333,0,0,0
680752e1414c07fe4357d5b6fe3052f3d9dfa374,0.2097043,0,0,0
f36d6870f2e1feef7f1d6fffeda056fa72c051f5,0.1700365,0,0,0
62e69cf4f2fcb3ad8bdc44f75f8a9e3e20ca7337,0.029642763,0,0,0
7df57879c92a467cd71860e6cfe14a04a49fd031,0.45520303,0,0,0
fe63f95fbff43495e57ebc37350798dee024cf9a,0.32943422,0,0,0
719d0c56036111d07c46ab5b0f379f62f14ecdc6,0.100023665,0,0,0
4951344fb2ce246e0cc5a2dff90d24cea6eb3a75,0.039900698,0,0,0
c151913ae25d55814c40b7f922886d52c7086787,0.10496213,0,0,0
ba1e716261e055f84baa9a47f9ae2ba959d54390,0.16397937,0,0,0
894fd838fb695d794fbd28cc66c82b80a9688c91,0.047201447,0,0,0
ed7710f41c594c030188917cc773adbb6107383d,0.030918749,0,0,0
11ddae0a3570fdeaa421e4e378ae14bc173598ba,0.03161114,0,0,0
9e8b370391f5b3e71cc349a2ff556d8a3cdf1232,0.0344134,0,0,0
15ee56bd0f91ef807a3e729ab3410a834ef3fcef,0.037286326,0,0,0
72784c46f6a7d7644398db5c7ac8bd3822c523d4,0.052773926,0,0,0
90559c49bae582697906598c735385c19daa6da6,0.50637287,1,0,0
b34856498ed290a4883b077db0d4df2991ba190f,0.118126035,0,0,0
8cc80dd1a449f98924ca9e74970b35f940d43800,0.032706097,0,0,0
84a844af5d30ea41750071dc8140a56e9e146bc8,0.22151718,0,0,0
6f95e26fc92e929fde30d592e7572493d360ea3d,0.26702824,0,0,0
fc3d530961ce4f23fd2c8310f82d6d1fdaae6c16,0.3080722,0,0,0
53c08a37ef81ed2aa3ab57f5933ebbc5db68328b,0.32940108,0,0,0
bd861c0d8009bbd51137bb97d15d5aeb8902eb2f,0.30798525,0,0,0
584a10fda56263ec0ed555f9866a1a82851a83b0,0.37338227,0,0,0
aa0c114ac9636012a941ebee49d69cbd6f6291e6,0.31360084,0,0,0
bae09b4838de43ab6a8be25ee25d0d11f0fe7477,0.3539276,0,0,0
4d8331ef9c3993ae1d3c091a758b24cb9a037fe4,0.21248311,0,0,0
1d1cb74151d6fa0272d607d06ffb85ff4a50e972,0.23576671,0,0,0
6602d00afa7a5f32218784dc54975cae5540a255,0.118623905,0,0,0
cd78c96d225752e3656a2f1a302298370b55a4c9,0.23560482,0,0,0
f27cca133f9a28899e00488ef56b2f8a2700a68e,0.21098083,0,0,0
3fe52d0cd85c01eadc44933df5596d177c3ecebb,0.17105998,0,0,0
81d1982c3cbf56f77e2edf3f063ff84e6e748549,0.21040548,0,0,0
e32f477085a9b6f658463bbbf355405980c515bb,0.1938732,0,0,0
7419cdb1fbff1096edca78bc5db34f7fdb3b7342,0.24440466,0,0,0
ce1f9e29288cdef4fc295ec2d5b4f846f0b732d3,0.21174128,0,0,0
60a8028d22b88ee2f2d7cf7657ed35f4046efe79,0.19157048,0,0,0
c779a5ddb807f1a84e1e6a5e43a0f1296dd565cf,0.19721489,0,0,0
c2bfafd4bb8ed95e30dce29e65a9afce26a7d860,0.18002859,0,0,0
e48157a0de54d6b82137d62dde9cdbb4bf5c6f40,0.20802408,0,0,0
6d908d014c25ef3da000789dd56de0b6e7c9ea8e,0.1848919,0,0,0
5bef000847001240749e50239a25ea69485c849b,0.20592523,0,0,0
82c1bee3f786f96fda51243f4cc6d50995bd90b6,0.21265218,0,0,0
5f84693e1db2c35b9b797614e17136655c433335,0.22203907,0,0,0
dc8138a8a9b022d156c4d04b2491b269661db396,0.23778245,0,0,0
233746d8fdb7e71a63b5cddb55421eec87bbcc4f,0.23920381,0,0,0
84daf6aee0175303801e710dd2d326ce252d2f88,0.22711785,0,0,0
6df343df2635e7e0518a09c374532ebf22a30529,0.24054237,0,0,0
6cf4249650d72cf21ae3addacb5202089923ad91,0.031300213,0,0,0
d990feb36764cda778e6b4ce9469654229ac716f,0.20659663,0,0,0
393fa5df9262c339e004e061809c73d7637a909b,0.23033851,0,0,0
59899e1c820cd3fb8789b9cf8648b269b97763be,0.22443077,0,0,0
2ddd54a7ddfead528f2b1de92dc8dd16be7f5f89,0.25524276,0,0,0
c7599fd2a84b3d58473fd16c5df4034a8658e925,0.2075302,0,0,0
82b547ad25147df44f27a3534a5b618755217378,0.24986945,0,0,0
62e56cd3884d224e42cc8b449ef631a0909a19a3,0.33821207,0,0,0
a85fe84ce63f873b760e311f27ec42e05f1b3f42,0.15701307,0,0,0
0a114bbdb01548a69c7a8c155bbdef7785ecb389,0.3674301,0,0,0
5310e25a6cb79eafb21408fabd744f9a76c2a020,0.04813845,0,0,0
8834c8e380b7278fc37a4e6b80a9198a895d8280,0.040806178,0,0,0
b9284992ea3c8c484893517ee9df3b2274296959,0.29464087,0,0,0
939527bcc5b80a1788d876d7e47fb45d71d21424,0.17909093,0,0,0
26e77ea86294f5a9aa929f9acf7dd76a046453bd,0.2752237,0,0,0
3adcd2103d1be4feca870536e8f7a7549f6d492c,0.31116638,0,0,0
2edb7a20f3856723fc715f7c72e10e72ea7df385,0.31373915,0,0,0
9843210e5755d2584efd3496d59e50e721187842,0.24911936,0,0,0
e6cde856d76935ce2ca5323579d2557f5412c774,0.3264654,0,0,0
c460996e75df489d6bbcb732763c10d01e62516f,0.4884274,0,0,0
115198b9c94bc66c7a659a04d0e2f65959ce9297,0.1417747,0,0,0
276552d5e73525cdd29d9e809659d35f34c5250e,0.14925914,0,0,0
c0e4ebfbb0f8c38ef672394015f47fd72ba06cda,0.12109523,0,0,0
c61154272699761265a1f2e5282ff1bdaf714b6a,0.3936311,0,0,0
f0b18d27f01492af6874baa8415ad17511eb5d4b,0.48213726,0,0,0
45a0337e1d9d23126dcaeff9c0ad96c5b4011957,0.038423244,0,0,0
90f4139bf75c94aa1ed62c5f64c3ffd78a1441d2,0.042035237,0,0,0
67c51ed7ef1d7acc4010e45eaf8088bd91cb702d,0.3737902,0,0,0
9acc3e824e2efa2e496df8458d207b5fb5722e6d,0.27793226,0,0,0
9dbf8388c5bfa0c7beb15e835b3a5e6fc74ecbf8,0.03918305,0,0,0
f30855735a40daaffda15794d7abbc6ab8c699d8,0.20968366,0,0,0
39513f9142cb82b84181a11905b3866a49d5a3c0,0.15042196,0,0,0
289e7a769ec9ab110f85848b281c4c143ba84e57,0.23375581,0,0,0
930015a137f6bc34127d7646b36d0550842fedfb,0.033246957,0,0,0
a270ff62852e62b5ac0f943a7e57292a72b77271,0.037369806,0,0,0
9f0d58985f4588981eefaca0408e767eff1bef73,0.4614245,0,0,0
8f346f9f1263b2fd5923abc0956134df15fd9325,0.49350047,0,0,0
ee851e403b5ab4b6b33713b08f9568e966ace052,0.04876414,0,0,0
55e8eac25d81f07bebb16d812c97edaf1393083f,0.4500014,0,0,0
c8bdf60d1d0be609094e14054be0b9af0fb05521,0.039069418,0,0,0
9d4f2ba886b003980f2c37a4de7a3e6c3c701820,0.042143445,0,0,0
8713af90d540e7bb01f8ba1fd99f6c04e41a7433,0.036860924,0,0,0
eed8a7adb3de7441751e846f4a75d110dd205f23,0.105523646,0,0,0
b9e2a97758ba6c007fcda160c4d8b0528bdbfebd,0.19946936,0,0,0
07de4dd578727555bb94ed421498f455838b317d,0.2540894,0,0,0
641aa1c663ebead0189bf001a06ee56463070ddb,0.18781249,0,0,0
b9522976f462687b0693b7229ba5c7faee0cb74b,0.03138979,0,0,0
2fd2a76110af7ae07712af01708cc00310af64ef,0.3727773,0,0,0
5723ce72d04c8ff7af8f245518cc48291701db0d,0.2659894,0,0,0
611c73889b772dab7315c952902d5c649635126b,0.06041034,0,0,0
b5b45d3260bc83d2432566dfbf22f0897240bece,0.04306453,0,0,0
22daa5f1dd4396e94224841b3bf0e9f226e86695,0.041778345,0,0,0
4a9bcd0f5211c91c4c2f47313c8f8013d0dfe03e,0.043981973,0,0,0
864fda4370a8d1bbd942400dd899653fd5d85244,0.04160805,0,0,0
96eddd6ae1427222986eca344b898b3332792a01,0.21612227,0,0,0
8da9a65b6398931af18febe082299c5c4b932924,0.22510485,0,0,0
8354ffffce024a97ef5e05b7cef4a82c263fc07f,0.11918478,0,0,0
0ca8f9b9feb2d74c6373d1762b1eb4a6b1f7f4b8,0.23595075,0,0,0
13467cbc7f319f7f7e9e9185a673714736e77b83,0.028500905,0,0,0
e63c5361937cc2598a3cd030f79733cc8c22b6fd,0.05481957,0,0,0
bbf65339023bf627a1843073cab699ca1831aa96,0.03511484,0,0,0
56706c8203ed023a3d21784b6e7fab40375eb9d0,0.04246457,0,0,0
274c9c1d37a47ae9bc1cdec1b0b0e4189dd44845,0.40370154,0,0,0
b88b065aa955d7a7d8f74c427b05d2243eda0779,0.04454218,0,0,0
949d74737327f114ae97a18f9bb4a4f5626b59a5,0.27391568,0,0,0
9f1dabed562e5953af25369121fa7fe221a20276,0.30103305,0,0,0
d86509b09672b874de2f933a511a1f74af6814f7,0.23283398,0,0,0
525d1fd7ca383b3426341c58ba9e2d2e886a59ac,0.44502136,0,0,0
a528bcb1ebafb1eeae14fd3e305f3636d6c04717,0.1595885,0,0,0
c4190304baa18d3a376c3c2232f45f63c479a5b8,0.32185432,0,0,0
bce159a0c905f673b8e0e4c9899543a812fb904d,0.31364027,0,0,0
333971caf33dcc05b6f714fada447e9417f6fdc0,0.21382019,0,0,0
9a6e25230eccfa131d40eefbc4f48a13ac31d640,0.3241752,0,0,0
b1c45ac691d46a8c609f2534d2adfa59c0599527,0.40776843,0,0,0
23747116069c150e26e0dd42d61331b1108e1e01,0.062469646,0,0,0
74ad2114700446837ed451f36107a056301a65fc,0.043618575,0,0,0
dc9032be284c70f53d8f9031cc90e01678a0e55f,0.26641536,0,0,0
6b9e6419fc944d3b5eac58187a6cd56e97328c2d,0.28840083,0,0,0
a424d2ff172aa3be9eb5155e732e6f61915d7b5e,0.029749103,0,0,0
004d5e672e9b2734a4c27f0e20504fc615da3476,0.08055504,0,0,0
b6b59b189c1274ae43e844863c7a2468c0e16b4d,0.02949893,0,0,0
73733206b943f8a03d18574eb7585285eeef05b9,0.3874912,0,0,0
fff00791ed30f338ffc085f099be5517dc359261,0.50660026,1,0,0
b8ed8bbd5eaaa6d3e463bde3accffdf3dcbb77b7,0.5672497,1,0,0
256420016e2321dfd266f9a2ebf672516cc936ac,0.05486972,0,0,0
c4161ee29051c6e44773fd1837d2080489727dbf,0.27772143,0,0,0
06e7d46a49c5d31abca644fadc2e3ecf6f9001a9,0.036105417,0,0,0
1e8a31f417256b9f555b537a09c13f1135addbf6,0.38992047,0,0,0
2d79319a8d4a3ea256ba1bb6364c1330518134a9,0.038542703,0,0,0
2a491590568140349f776b2a63bcb4ce74d147ce,0.39462802,0,0,0
32080b32a4eed0719b79f4be332ff5a55468ab7f,0.028455604,0,0,0
3f66e516a7f5833be9c87911952465220acef149,0.34135324,0,0,0
2a069edb7e7c46ef3c1f56e8fb6cadb779ed2e42,0.20175636,0,0,0
963757362ab2ff0f1636008815549322fef1148c,0.03847451,0,0,0
9f673d4da60a889ad5fefb6fadba1c40bb3e735d,0.106375806,0,0,0
1688a5a2444b3b636741d5675646b0b74820b4fb,0.055018764,0,0,0
284b6f5477838fce398036497e1acc206b1eaaeb,0.040407777,0,0,0
ffe28c43e0486d443234701ab9d791e703c88071,0.30099148,0,0,0
3761b5514470d3f06c9076b0821430d0c2cb2da7,0.2908938,0,0,0
a36442f0d08bb1a5b964b4c77d4c64eaf251c3e9,0.31623203,0,0,0
2ecede5902f9a132a632b8431a35daf5174e1a80,0.24974313,0,0,0
4a2e49fd8daa81cf2ce331c3a3795844e79814b0,0.042347047,0,0,0
8c44a71208f640835d7a205a7b6e58dc065d8dcc,0.040548973,0,0,0
74abd625bcaaffccddc3ca9faa1402b179c251e7,0.064775065,0,0,0
ea64efd6dc61cd9c9b1207d2da37fdbea14d6b50,0.29591307,0,0,0
530049b41c9f42e11144fbad4d1fec65ff0956e9,0.2969759,0,0,0
66c451d618577c1a1e1bf964ff990574782c3bb5,0.036876585,0,0,0
a10c6b01425a9c21cf687294bac43a63de0a0d3c,0.27738574,0,0,0
f9f92677a92ef76f92c90521904c20b8512b05ff,0.4626569,0,0,0
989135e762d3f00767240e7b42ee9e1cccbe43dd,0.5778935,1,1,0
12cd61925c37177a82d2adc76f6475e662030e12,0.41143015,0,1,0
17f4a06be88ed9c950e562aa72755c7a493b8ae9,0.41186365,0,1,0
c3768b0fba8f2f565118c611f4ced4bd6143d022,0.39268076,0,1,0
16d64a96a0a07468bb8b2d3293d374bd4373cd70,0.20459794,0,0,0
1f0919e28420fbd1568ea1c1fd4cf7b46eca9b04,0.19142058,0,0,0
4e347adfdb1a84535440d6c9f392d134a84969fd,0.24178708,0,0,0
9818f5ce6f76224f0d5d5c8ad583d854b8cc6872,0.19388308,0,0,0
dca231dd1b2629f45e65cf46b6f91803fb448aa2,0.23231602,0,0,0
9930786b2d05890fd071332dd1b9d7d7ad0e1b3d,0.12699564,0,0,0
b367c37c2e92ae652e49b361425bdc7ab3390f25,0.12273298,0,0,0
bbd32a63be1334620c1f52bcf4494de4b1e6931c,0.14909175,0,0,0
6868968abdfb03229bb0dd60e57a502db45394bc,0.19296664,0,0,0
3fcfac543d8e54b93695ea5f32b1820c5e5849dd,0.1774867,0,0,0
af50960c662e2d006dccd4156ca85ba3b2d3d5b9,0.09969073,0,0,0
99d1ccf360643d89b88bdd218fa917d365d95cde,0.14541577,0,0,0
3c32e5384eec3142bb017fde824dd1cc0db48876,0.028927814,0,0,0
b4621118821f29afd3d5ea47eb8a684f4e5ed3ee,0.077911995,0,0,0
eb3f760c1c38fe3910d979e75093da67f685e2f5,0.06940273,0,0,0
efb03bdc301d917b746e6716f2a074f54ded723b,0.09331905,0,0,0
3ff71911718c07ca1016ca855aece547061db85e,0.096775584,0,0,0
01f84f2b0d9c13ac82ad471469b6a5692d0f8cbb,0.24505886,0,0,0
a95c1598ef693cbd7d874c33eae82433693b75d4,0.14248173,0,0,0
6fb796db3d138b4e97dc1fceadf6bfdad74a3533,0.26935318,0,0,0
cae430631d5472394441cc82e142103c3a70dc83,0.21073118,0,0,0
47b76cc60f7b73188cbb47a0879aabfa0228be31,0.11718993,0,0,0
c64d12958fc711d667f26d0173bbaf96157d629a,0.20669904,0,0,0
643590426ee7255ee5e1e661b9e2ac8a9052dbed,0.19282901,0,0,0
31ad1256c66f47e58b7ef40955953e4a1c6bdbf0,0.21641937,0,0,0
3c984c22552eda0fb5b200efb3f239213a4a04ca,0.029516844,0,0,0
95db7d0aab9bea25d3a14db42a7787ef77861f45,0.21400777,0,0,0
1d6f5e40ff44f08fa67c6a2b57f7ae4a5e4b0be6,0.05422542,0,0,0
e0270b0562d42658a57c4fcbf0cddfb5673baf5c,0.16561928,0,0,0
6eebee491388abd2ad61a15d3f28b167c9f0f7dd,0.18460205,0,0,0
ae3f537711b1375c4892130d65cb60928549cf58,0.04474871,0,0,0
25ac3249dc2a40bd52ceccc9251c8446b036d197,0.052332606,0,0,0
6ce9662add46e3cf144be07f7ebf18e2d25a7abc,0.045106366,0,0,0
111c4a5e54dbb1bec6537eca02618e2287bd23be,0.05361141,0,0,0
e30788367dc7ce4e4e2d8152bc7370af8ac2fd0c,0.3053082,0,0,0
b1875ac1abf9ae86f5a589c5144c8c9902a1dfa2,0.4796478,0,0,0
307ed458578e68e68918d3ccdcf4798c57e084f2,0.5718667,1,0,0
0caff290df54a8a3b653840fe257fea94807d697,0.046586145,0,0,0
b44b3d95b321cef0281cdf130e8c286bfdcd60af,0.037058897,0,0,0
8f77bd63d8b5b2ab593b134fef2bf5e59bed0441,0.2863003,0,0,0
4e410e068b8d367c53766a7da712b1b6f3fd8101,0.051220264,0,0,0
2412c90ba5584fed123fa6a33e752e6c8eaf74e9,0.08503827,0,0,0
47ed0c7cdcb4d516e41769e38a9cd5ef4d01713d,0.045369677,0,0,0
f5ea49326cd5c09f0782b0d1bcbdcde9053ee316,0.30532062,0,0,0
7b0388878e522468f90ea163b15ccfba05616c95,0.040781565,0,0,0
a653374b2871d67f51cbb4ad2083444e9c3afe1c,0.29777974,0,0,0
430f96525f80fe4909208ee4d2aaff81c312aff5,0.25271383,0,0,0
295d46aeedf3660d89d6c578b84c410089f9b1b9,0.29935214,0,0,0
7c05411f80b6748b6b2197d2014bb98c8b0857c0,0.34744808,0,0,0
140846cf81678649b6bc29497c3534aebaa1f6c3,0.38751492,0,0,0
0512bc21bf4d0f1e391e4158adf0ae145d408ee6,0.38217053,0,0,0
283e14cbbdfa5bd246a3ea9dee5739959f64b4c5,0.11557798,0,0,0
354b72afb59ff145afffebbeac8a7478d4140e75,0.2535489,0,0,0
15c72674ebb4bd99790de97b5645f1531a3a7c00,0.25969973,0,0,0
1a3d74470eab60d668859571938b470723726139,0.04023466,0,0,0
330d5cf99c1eefe3fe86dae260a8873068650866,0.3078961,0,0,0
586b6ee15f526d585628a7162d10f08deea6a93e,0.031879816,0,0,0
71491e23d68df50555c52db62ae9bfc0a2543b6a,0.035068486,0,0,0
e56b2b598a2742ae8ac97ada82a97655b538ee94,0.032204784,0,0,0
3d129b7e2f6373f7885336225d3edc93b3f624d2,0.036050852,0,0,0
4d3dc80e4b3f7fd0e034d544345a568d6d5c5d26,0.039911497,0,0,0
269e6693ca1f05bb7e2623c538b9b934fa688f41,0.034019265,0,0,0
c2452a5af3b2f1db542175221dbc19eb492f02f3,0.044522207,0,0,0
9ac217fc697b3afd0963b897edbfac265ba2f571,0.27871242,0,0,0
a5f357667b195f9cbebc1d1de8f70c6e0c28dc3f,0.03504559,0,0,0
c3d13908a2e8ca7b9832fa693ca72bc228a4e92d,0.20006987,0,0,0
283351276ff704df65779624e195701a21f0e25c,0.05476236,0,0,0
38e3e41049464fa3b8ffc1e810f87c18d91a7bc4,0.032827757,0,0,0
49eaf68b54f4114a0176ee56790d8415fd64876a,0.064716786,0,0,0
42308f780fe3d0c2223c121493f97c747226bc17,0.16475125,0,0,0
ce5ead2f93b92c815f1304fd51dc3fd3338cf19b,0.5625127,1,0,0
e8ebc1e1dfe2b0bb7b9f549ff35bd2d1a1fcd2f4,0.22306515,0,0,0
a76f39d4b284633c6792d8c7977abf8fb52a017b,0.18232161,0,0,0
97a64af2d6adc157f6ec9e4d4855b2924caa69ac,0.35434073,0,0,0
5e2559e3ac936ed985d5fa9d7160a284b9a83644,0.25955385,0,0,0
dbd77cf4fb93996fb7f312bba2aaddb87e5d6a39,0.398297,0,0,0
1e8be6ff174f1d7027e848d5788d63ef9827c659,0.3812361,0,0,0
0847a34f6d1f15d3d35ddd9f3283d54c1355b299,0.046288997,0,0,0
d1cc91686abf34d073ffc496506da9ef712984b5,0.105004914,0,0,0
0030e4bbbd3cd3cea505bb1e4f1edbfec5986fd1,0.3498496,0,0,0
3b6dec3c581f883cf9dff6f04512011cf277f586,0.24998474,0,0,0
c1ea2007d4f6527bd174869603f53841380b5c31,0.08925205,0,0,0
87361f16b0eb35ab5fe25fe2ce3cb57a96dcedbb,0.042883724,0,0,0
f10f849935076a7c773283789c75a4c35b9e6c03,0.08611826,0,0,0
034be5fcdabeed034bfb562ae7014e021caadd7f,0.26856816,0,0,0
8c52cbf8dcba19310a569a23ad3e940836b5e7ce,0.039207462,0,0,0
9d4e26a501903d404a809acc8ce93df1751a5429,0.3941109,0,0,0
7dbcbaa0d72723a1682dfe340fe05b2f0d3cd3a7,0.32449713,0,0,0
b3240c0b4dec02d8a511b831e07eb0d03094f677,0.06360687,0,0,0
d37a2097286c6385bf8cc757944bb3568672d873,0.09036907,0,0,0
39ed7bdf558cd8286e62492f6c91d2af73f807aa,0.29687247,0,0,0
100bab5d8bdcbf802af6437fcd778e7f2b9bffbb,0.034518447,0,0,0
21892745c86fa03b465cdfabb99554e9659b1941,0.048757773,0,0,0
511499162fc2ea958f3c78b1081225d335b52227,0.30196607,0,0,0
fe718980550f0221041cfdb56f83638c328cfb9d,0.044300616,0,0,0
8f577fbc1c44a4e5e39551cad677978452ea0797,0.40382788,0,0,0
76c125c3b74a390a39cdcd6666cf7e9cea0e5c1d,0.44060385,0,1,0
203918573c29676b179b673aa7e41366dc4215d9,0.4598833,0,1,0
c82fe35c48bd0082c16644d16d82d1be79d6b9d1,0.044951875,0,0,0
158d178c58e892ba87d782ecf436d30c038d464e,0.22547689,0,0,0
e8c09f05be1310ea2ded05bdd808c46a1e4485e2,0.28921297,0,0,0
b184666c1975fa4050121c694e09a88060854eec,0.26167297,0,0,0
b83e111c619232be9ba0a7bba682ebc141b618b8,0.1741775,0,0,0
2a6c6ca711f0f0d6aeef30853d5eb05bc68c2e85,0.35242745,0,0,0
01911a40eaebf2aefbac34cb2760f7f77ccd07a6,0.29519367,0,0,0
ec733cbbf25c103c2c661625717527448a42663d,0.41741046,0,0,0
300578058c7d6db0671648cbc5bfca84fce6285d,0.25885624,0,0,0
63950ad11917411d82d9adbd0ad1ccc4884ebb4d,0.2611134,0,0,0
f9d6655b42d8e1b1071f78cd7f1e38cbaa20350e,0.20341878,0,0,0
858aa75ed257a24acb983df372f634c3fc6c49c7,0.26652998,0,0,0
76a941217f9272693b5484ef360e8cf6491ef3a4,0.4150111,0,0,0
7ff71807ce589931a56ae6f1306af43c6b8632e7,0.22795004,0,0,0
bb1135e50c27938eeeeb6e6c1ffb3882dceb9f1e,0.5336542,1,0,0
f0299220ba7dc33b1865068db0c184147283a9e4,0.07042589,0,0,0
4a6c36401518a45a709ade671d442e061138d3ec,0.054712,0,0,0
ae5df796be80dfafb523072e4efb30e34dbee46e,0.15049261,0,0,0
7e19596505676c5b300bddc39792289441634f02,0.2952816,0,0,0
55e9d25f779a3ba726a9904641e656de93a1fac3,0.36666986,0,0,0
3b6468ac4f765262f68d3d289d25bea3da521c16,0.31496245,0,0,0
89b1661fde38bd12c4d83b9fbe696db0c8657a78,0.02764491,0,0,0
f054152346cbd7c8afcdcdaf55c39f9967edacf1,0.032315377,0,0,0
346009fc677b252d052e9ee22c6a4cd2be10a032,0.056297682,0,0,0
4c84e204cbce349f3c5722750561b91607d3fcae,0.47613612,0,0,0
c353239c4fd22b8991e1488ce81218b1c9769bf9,0.21322748,0,0,0
516f6889c9153a59110d3ee9bdd907e95e10cc08,0.20981768,0,0,0
7b6bf45d83c3ec028e686318b8d4f1a061723908,0.1708054,0,0,0
817666037d3c09b9138b161964b0fafc76d65998,0.4068911,0,0,0
c3b831fa7e4ad148d8e3abe2a0e3c089029044ed,0.32021534,0,0,0
5a5bbc662104afe8f020d89d6e560f2897678984,0.26812854,0,0,0
f8c39cfd773d797adc1b4ee19aa8fc17268946ec,0.41118345,0,0,0
8ab0ecd0af3932f40b931e1d84b2951f7777a305,0.32593197,0,0,0
599e57b27c19953487dfa3828432b8ecc7cb8b38,0.20406719,0,0,0
68ae60d779e3bf4a46064fc1b537057478a627e4,0.17308733,0,0,0
c600de52e107d1fd3d5a9c1aa1bdbbd6754622a7,0.29233396,0,0,0
8939061a3c0218dd3fd27f96f3e60e48f74622c6,0.37855953,0,0,0
cff360a340b48070d88a48f06e8748a916ce52e9,0.27231798,0,0,0
52cfbfd91e60db255c3285c90b94cb6e3a75fdb7,0.36846292,0,0,0
ae31e56476646b33b0c2a1f03bb095145a22097f,0.29384974,0,0,0
0b683acf0a5910fdc4235d3103eccbfdebbb18ff,0.37522742,0,0,0
861646b25a39dcdf79bcf5a7643bfeb28e137a8c,0.17322846,0,0,0
3ea4d5d580a78213504a4611fc7bbab58b93db0c,0.32518873,0,0,0
b5955f5948a973a248731b774773bd225af39c82,0.18656859,0,0,0
09db9daa292e74b6bcff84edf406aec41ecf536c,0.40690008,0,0,0
410ab04290294dec74180043dc2aa635ca1e4e80,0.03547682,0,0,0
efe3699122699151984e8499da9d42673a42851a,0.47338775,0,0,0
d2f27093d7d95a07da901902f894d88b4ecc3e95,0.04344847,0,0,0
ca30fae3acb59a5caef3c3c21eecae7c928827e0,0.32147205,0,0,0
5ef5bd199a4e3df74479b4b363fa29b0b3092547,0.03776811,0,0,0
9e8eec78a71b7d1274043f55c9a5fc7811d53132,0.51900244,1,0,0
6a0a1876772e74a1d4a7c82669784f8bcca8397e,0.25962013,0,0,0
8c5c6b936ee6d1afb75cc2cbc151887937dbcca5,0.22224987,0,0,0
484698c5415bb578cb480845e2dfa930d3d49d9c,0.3540349,0,0,0
29a7e67999568a5c86b32ef513a90d5d090ad2b2,0.595639,1,0,0
87f142f5c85c9a7e86d02b4599e3973e773f3d41,0.039727412,0,0,0
d664776d4cf41d7e1e46b92bd8a4e907cd3bd438,0.26042545,0,0,0
847a6d07793a198d28819731e5166f9ed3845164,0.21784355,0,0,0
fea1da48fef9e28026704e9cadaeba3e0ecbf6dd,0.056825824,0,0,0
c7a5a6afd5d2f7d8c3d518ca625b7d8a1445934a,0.34437385,0,0,0
0fdd249cadaecd32a39d25301f5242f9a92ed351,0.28597388,0,0,0
a9690db48eadd3643adc34cafd6ccc5d4a5bf589,0.18667547,0,0,0
e9a2edc877ebf928ad0c056273f64cdc861ba609,0.05432349,0,0,0
74989844d7692245f9e19b0e803d748c73e91e41,0.5247908,1,0,0
4d1c77bae99174b67a462bd5a44950ae08f46796,0.38502443,0,0,0
90211fccfc48dc36b7cd81a1ce18e1506a6f15a7,0.2560438,0,0,0
e246d2ac01f1ac741aa4673aed3d028e08a63c73,0.14643343,0,0,0
36fccb4325f924bf46babd4d8d60226f8dd3f154,0.20258968,0,0,0
5ce931b904d1f2961078b99049c293c11e779fec,0.15756823,0,0,0
cbbeae7719943308494825574a0002ea649b3de3,0.57350606,1,1,0
eec10fcf0c795bdfacef4c9933585f65f953fd58,0.46528772,0,1,0
516c38fd95fff30841f9af370f50cf1f7733c209,0.59935105,1,1,0
33c95771c804abc02223f24a0234343b93ffde56,0.28336087,0,1,0
b88dd3ed853738b8e7fe9652b953db569bf7f79d,0.450624,0,1,0
a2ba6d54852aceda5e3bf9285730da743ef04e77,0.47378072,0,1,0
350f01c78374b4df99c1a84cc32122eeeb48b036,0.5011085,1,1,0
03239b0ea42312c7b5daf4520c1ce1caaf6189fd,0.23789662,0,1,0
a428e428df2766f1d1b2b793b3f812344fa61fdc,0.37810087,0,1,0
f1a582111a26c4044c289d96ced42fc1621212d1,0.42379087,0,1,0
5c9661c300bad40cbacdb391637dacc991f16da6,0.41275156,0,1,0
daa69a5981c7c12e0af5922f0a07653446261b07,0.5571015,1,1,0
1fbb16b037e62c6af90ab89ab3ac8d3633c59a90,0.50859135,1,1,0
03cb05cebcc65b923e03fa9f41d664885bdb38ed,0.25967944,0,0,0
f4b675664a7c633bdd62d5f85fcf3f95d11ade9b,0.26990694,0,0,0
4344ff7331a4f8908478e72c5c232c7a9d5dc403,0.19138655,0,0,0
5375fd9dc55f1dd01e155af8646d1ec67bd6be29,0.19921368,0,0,0
0bc43314c1216a88d0e281e7ed66244c47c57c56,0.2836239,0,0,0
30fce9d42c5675e9cae0db0401181f84a73a293b,0.04817031,0,0,0
abf07558021a0ecc50c265dcbdc5f2f99fdbeb35,0.46488068,0,0,0
3112bc302f32a74c827d672ca84a80091b0700d4,0.42587468,0,0,0
7e89c9cc80bc3fd2aab64f25dd816c6d14790988,0.07284958,0,0,0
2247ff9601374845012558ecf5963ebb7e1066c5,0.30183697,0,0,0
76390c0b54bf145f65532ffe1e7b24639f108247,0.23767993,0,0,0
9a92b8526cd13e092b5185a59c7ff0f68a1ad56e,0.47926226,0,0,0
6ae55beb2d28bd6cf36780b4c58da41854dc8248,0.34787482,0,0,0
d681042e60a3a1e92f4c891ce9dcffd672868e7f,0.1455436,0,0,0
a793612b9e09795feb253aab9a738bd1f7280700,0.42149776,0,0,0
22fe7f3c8b3fa204c2406c3d15811b2581e1b7b5,0.06843698,0,0,0
3856d3f0a0826be3ccc6b160e740d5c7176df743,0.18622193,0,0,0
4cc3f6e7dbee9e3684884780af82822485c4c7c2,0.32035363,0,0,0
4d00e14ec8d1e83533a8aeb788437568b417ca88,0.061666157,0,0,0
b6ae1d09c384b57115bb34ed94c90e256e4b66b9,0.10718692,0,0,0
11fcc89fec70aae7eeda710e2bd26d93cb3c05c6,0.21320935,0,0,0
496691bfd82374f1c1bfee8719309343c2fa878d,0.23938927,0,0,0
6f379134ae1807cd404ed6c9579707e5dc6a6df0,0.10226793,0,0,0
db586baee29fc90f79898e9a274cc1bd585b5f53,0.33888727,0,0,0
a67bdc013c9fd965abaca375b9b47554a115f40e,0.58957255,1,0,0
b745af3975a0bb3acddbc59ef85860d08221a010,0.030517183,0,0,0
90a73a4dee53129e33a552e49cb7835ecebb3a5f,0.08497103,0,0,0
31ac0e5f3594a4517ba2be1735b1219cf85c715a,0.033567626,0,0,0
5499fa02b08b8546827a1a055c5af3f0245257d9,0.2983459,0,0,0
1261172afdae9a4b15dc9f691583261a1b020ccc,0.24186245,0,0,0
64573bb2e0bd2c7a7b1282b8a574a4796ae61609,0.04076325,0,0,0
b09b95124bc27f39e27ecfed90ce40947bcbf663,0.034265377,0,0,0
5481dd326025de2da7d89089cb969759972e7a8c,0.07519183,0,0,0
992911d0fcd230497ee3fc50dcf49042b7372a47,0.042491905,0,0,0
d0595b7121f57f1f49fe7fdc384479dd73ad64f5,0.037208695,0,0,0
cd1d329dba95dae161317c123269c24282001a66,0.043517847,0,0,0
3e3a1388368e8e4421fed0b5222904d40a8805ce,0.32838258,0,0,0
9f5af267e8c143e16f8b20fddb02ada096ee9df8,0.033008818,0,0,0
f8a7156259dcc1b3321086939234d80b6ab828c6,0.5036057,1,0,0
661008f8238acb71301b172a6aa9aaa8114d0c9c,0.24659571,0,0,0
469cf4d886f9a184168ba2d179899a600725d4c4,0.4548899,0,0,0
12d9a805a6df7afdccfac94a7061d369cc986efa,0.035585914,0,0,0
e83b4d8484cdb3dcef44ce3aede866663b526158,0.39988932,0,0,0
ff0e842058091b3310340f51a130a65a1cf6f725,0.3920857,0,0,0
a123142d947dbf38fc053c29291b555872c91ff2,0.09102717,0,0,0
45b5e0cb3a4a499ff8b0594c082d490d7b7b7c1d,0.22756775,0,0,0
29ce3e0e9ecc31a5c3cecb19246ff978fc7e7c20,0.33230937,0,0,0
3bf9dad70ea4b93de850312cec2681f3242280c7,0.051419485,0,0,0
90d775ce2270c35a7c514f5638b8a3b23d5a4f3c,0.45517343,0,0,0
0194bb8ca57e5a4a3fd5fe3c39b0ccdeb4711043,0.42623767,0,0,0
f8e33e702ca0570076c58eaa7a83baeefece9553,0.43552428,0,0,0
6c203ab46b24751c285f021caad9d8969cf2f45f,0.2654754,0,0,0
5b56985334a63d63cdd9bbea30f225013302a7d3,0.34420693,0,0,0
bf0dd95b52e0627c10c072f8b05fbad3f86fda71,0.38363692,0,0,0
bfbe9966ab45dc4787fdbc55735241023d826d95,0.49029234,0,0,0
69f38e81872d70705fd7919df3d771f28c22dadc,0.04118017,0,0,0
c5c231e643365485c5805cbca81070a51429de9c,0.3789204,0,0,0
96531689d341eb26103356410280447e94529b5a,0.50290805,1,1,0
da7e55cc7aac7cb806699d234dbb90a455c21502,0.16950959,0,0,0
6913193d33ed83bcb98cbdb94ce410069ce2513e,0.12298823,0,0,0
7f65af524d6b7fa43743a3c5593c3c57fee3e9d6,0.22140138,0,0,0
4493ec15a72045bcea25a4c6c9b4858ad5448b7f,0.2641792,0,0,0
1f207424031bd81af858ffc98e64152b3ce2f22c,0.045533102,0,0,0
cf9cbbdae44b88a7cc982765bed085b434f4816e,0.340312,0,0,0
00d9578b74a107e3811c407ecc3da2bcdb166f81,0.044030584,0,0,0
3410aed6696622cb6b7b8bec088f9a92ea55227f,0.08148486,0,0,0
8d34352d3ca40ccee76e1473d3e132f7bd8d4a62,0.15846696,0,0,0
a04afd1f20290d0097b1ed9ef2a4f476e0b79ac0,0.041921873,0,0,0
825419f9128cb7bd01ca31b0179bff96bf1a5ce5,0.043511398,0,0,0
6215969d2a1f8d95667c208af868758c8636c234,0.29288933,0,0,0
79f997c1d6976f5327cbe5e80676a65245d961ac,0.37942642,0,0,0
4ec3674e06fd98a10de28be7ba6c6036e64116fe,0.30130294,0,0,0
6eed45b023ff3c609ef423f28fc87b42d0614f79,0.11541582,0,0,0
002e4de0d68ffab9af339283f02659472a1febe7,0.058425467,0,0,0
ef8eb3d269274d2e6e4915875d027ada1efa0470,0.19463708,0,0,0
78b8d323635b47f68a93da04f04d221f3412d9e0,0.32228082,0,0,0
055cbd0d42dfec901c7b2532f7a71f937b1d4756,0.035780925,0,0,0
771841e493ddd9839a4c029db6b217fe19968148,0.26040894,0,0,0
39f6f7fd6333da2b983f7d9001a7a51f31fa9434,0.31901276,0,0,0
6bb1b9a7bcf9d4d1aa0f4c12bb0cbb4cf4e2cc71,0.29651278,0,0,0
4824774675ec1a2c9e7b1469dd93a6bd09854210,0.29761645,0,0,0
717800fc588389b143b5c8ac20a0289a9217715d,0.17772633,0,0,0
0471658da03f5b01537153a72c0ffa7132709900,0.14485896,0,0,0
bc69f94466efb770e78d1bd89a8a1bd460fc437a,0.26886195,0,0,0
7a4fc498fbe96e83af20c5d0576c42a761fe3d95,0.2164246,0,0,0
3e438a80fc5ae21862125b13e9ada9b5c30d27cd,0.16561884,0,0,0
15b4031ba94a60f20b854e6ce2c7964d77086387,0.23738667,0,0,0
543970edafd3f8e08d945612d09663060718ae94,0.5233915,1,0,0
80e4a06124a712fde81bbee093ba2ddd71851c93,0.4234239,0,0,0
454a82cb2ad2853544e641c8c80f5ed34bbeb1c5,0.027615733,0,0,0
a2bde0190da2e32a5925df5aae1f2c37a4498bf0,0.103636526,0,0,0
f9dfa3fa6b9a28439f1226c202c41df9fe2e4380,0.29806784,0,0,0
c50da916c252ab282d978da3f114b81d91ec2912,0.22141793,0,0,0
e0bc1afd7878a91fbc30e79941af8a797637ef22,0.057627954,0,0,0
aa75d3aebeb30d1bb3ab0ecabd60201bfb3aaff4,0.19228972,0,0,0
76f12abd9d81587eda4c50e7816c75607b4b23ee,0.24140151,0,0,0
9900d951d41ceb438be79b2bf1822aa6cfd1f37b,0.36903685,0,0,0
f6dbdcf3acc3009f3ae17d607a2ac898e804395f,0.36168483,0,0,0
110084e432a04d061d71768c23f500f283081e31,0.31750244,0,0,0
656abed01d37434d69881ca1292dee710209bf51,0.3453584,0,0,0
d6d2307a9ca0ecf8c540b3bf7183de5d550ab099,0.34709486,0,0,0
801f4f4b10c788212d555729d5eed92ee1a02036,0.3179559,0,0,0
5fa1935c52f3866f0675e9fd64bd04d153b9f225,0.35518467,0,0,0
d728087751d2e6f19504876d7a3f40ee7b1f4d28,0.24419904,0,0,0
e0fc7b4dc80a31bffc8c8f87a2fe4153e6cd0cfb,0.32566044,0,0,0
5b743d5e7270fa41de8b4fd6ced0d82a6e38c38a,0.45861,0,0,0
dc565c4fc02421b58db9c0f0cb9bfe767d904216,0.31024775,0,0,0
ad56c3889328fed27f021bba3f071f676fc4ffe0,0.050101567,0,0,0
47e13b0fa2ca7fb11e52abd429d538c3c9ab07ed,0.32577983,0,0,0
97c6c963e2045def1f19c650f638b304f6464c19,0.34855136,0,0,0
0b7369cbb67e46586e9e031c693564ce7ca583c7,0.23704438,0,0,0
2fdea0d5f462d48a97aaca3b987a716ca2934f24,0.29868528,0,0,0
2645862ccff2183b731e7d6f1a66df6f2b04a99b,0.43791,0,0,0
27df5e894a2133e122ca7e78c5de45d26f7210a3,0.19781889,0,0,0
619aa9bff4055f51df04f5f837605785a998e9b8,0.29793322,0,0,0
4c55341a48427f7bc0ce30f0699c673f7e69f63d,0.42304435,0,0,0
27ae87a59cb2f0d06ea21d4a886f3afb9a14247d,0.42984062,0,0,0
962128ce971b2edd3fc9e4a85b417fba01a0246e,0.47922984,0,0,0
287254724ea66841b932fb5f6d8cbe37b04eea81,0.28166428,0,0,0
2b0fdf8fe719f234635f652bce0a5b2abf03bc4b,0.036249746,0,0,0
75d8364771414b52179e7084cad838b6c0a0660a,0.1479433,0,0,0
1fdb3a719283209e417d57b2d77ce93540de4cda,0.37161478,0,0,0
174f3ef3f43b680468d7535d5fa8ce3fb3a4d113,0.26974586,0,0,0
8ff705130a6c360e7d2009cb9f1a4d0a307985f5,0.25871482,0,0,0
a61f3728d4e2c6454dd0069148397745b6b3a5bf,0.030755974,0,0,0
f568436033fac9fe4dc9b38342a029f20c79dc96,0.16048111,0,0,0
c0b874406621ebda3c44029ffdf0f6017d6d8c22,0.33343762,0,0,0
52ea3c337615e386507dbafa686d1f02c03a4c82,0.20980012,0,0,0
8688adaee68dce1c54c05b44946635973b37fa06,0.031299848,0,0,0
27f467b4eab7864a4ff799fb2289cddd2c45d30d,0.43251604,0,0,0
1ffdfd2ad15f4f62b9474a2ae72f2ad0a42c6a98,0.02398179,0,0,0
24c8eb250b9c7dace0efe91fd1f36c799b174606,0.30755496,0,0,0
060cfeb90df4fda2d572fa63225c63e304c8615d,0.22547917,0,0,0
3ec04d06cd96131c7d2a508e1526a07f33efb490,0.6049557,1,0,0
ec3d2af993826b57cf47446d809db2c8b49c7a77,0.45098308,0,0,0
f79ba553c602c9cd1a673c30db79edb6b38f0db6,0.566297,1,0,0
3e6117dacd54430e555a42a5fb8177f4553fdab6,0.4897613,0,0,0
7ee877a4db8c6d6871444abab28e95e9dad7c932,0.38771912,0,0,0
00c3c8dbf20322d372ebdc28c2b9fc25926a766d,0.21933758,0,0,0
07c01318ea4ef19ede234484ed102f94391cdcbe,0.03262933,0,0,0
f56aab06534e643ab1e413c36e367fa25e24621f,0.4873291,0,0,0
6d1c4002aad95031c84bf3bfa777852492d23fa1,0.28414878,0,0,0
7e3c917567dc3163c2228dd01e4ad90dd0b76320,0.43338066,0,0,0
167676d596bbbfe82a52f0dae6847cad025dc095,0.27995157,0,0,0
9c24b00d32acfba096d8b3fc12168bbe0ac4ef55,0.4125418,0,0,0
0e6578069293282865a3dd4843d4f80f52476e7a,0.14456673,0,0,0
81e60b1eb541557f5be44e7f663d5a816fa90227,0.02859385,0,0,0
e25b6fedefdb1967fee9f64e0d0242d6472ad828,0.45517048,0,0,0
7f8236cfa274504e0f59b95285e7fbf2efecda90,0.47167623,0,0,0
ddcfef13549be8395d2c9339632b3ebe80363d49,0.41436335,0,0,0
4a5aeb1abe8ef10eeb5488e04e688e2daaf4eedf,0.34113976,0,0,0
13ce8fe63c8972c54ca717055c231bdc487d479a,0.3786097,0,0,0
8c12ad11eea80440bbe691cb50531c70f53cce95,0.032980323,0,0,0
692be5e1d4326c6e505c10e8dfc3adeb7958bd74,0.058670983,0,0,0
a733b7a87ce7abc0da33a3d56da82b72407683d8,0.27468455,0,1,0
13218943435188789ab706c2d97da8e2aba1770d,0.2694522,0,1,0
581baeaa99864979aad55bdd45f054c8a53c341d,0.3473283,0,1,0
80fced6db6c15d7833e2c06fac4098640ff4c742,0.5489585,1,1,0
0ff845a477db67a485e7a8c1cd8265e520bc8c05,0.5559536,1,1,0
66b24cabe95485abbe4398ff468a57e5ea0e3cf8,0.48560017,0,1,0
5ec70549ae7e7d2eb97d3d56e696dbf0cef7ca35,0.4839316,0,1,0
82c95c5f951ec316a717d72a46e9f1f7792dc818,0.2541065,0,1,0
0a4b1c3b316335a1ee22ea86c28c1cd58b1bb583,0.29102084,0,1,0
3b700639ef337839c69f45ebeea59dcd061d09ca,0.31513226,0,0,0
096155dd316ed242fa3bcf0ccffb207a124e1e4d,0.30215886,0,0,0
cf5e503db4274fd2c060571c982a0fba8b00c09c,0.22005628,0,0,0
60431261912586b5fe0cc5c8b4206e711cb0639a,0.34613454,0,0,0
ee8a2c9ded95d5c77e4e43a2307ac15322d96d3c,0.32719353,0,0,0
89fee834756bbe6d9e060376f95188d66789b1f7,0.042118832,0,0,0
4f804f78e5c0458ddc6dcd9350edc222a6e1a4af,0.16529582,0,0,0
2468492a1aef370c66a6636f976543212371405a,0.31802157,0,0,0
44b5e31cde3e53b3cbeb4ea5b61728d9284d0e31,0.23581311,0,0,0
a6c881f8c42433b49eb378881b9bdd63a1a52202,0.037458796,0,0,0
a780f35fe5d27eac0c0c8aa95eeb22d1587a1687,0.029117657,0,0,0
3ddfcd62e2a1367391595d2dbc182f2dee8d3651,0.35887873,0,0,0
8db6323266dabbddac15052cdafdb02cf5788908,0.35590294,0,0,0
02d88008e65c7b66c91b46ffa80a0692ab156da0,0.23705885,0,0,0
a8f8bb545769ebc2dd0adc2071203236870b3f18,0.32263568,0,0,0
adb5bacba3fb370e84c6a8317ac01b7efdb011da,0.20418946,0,0,0
6c0db77156cd67b5efb0e00dced7e2daf055ddec,0.3218914,0,0,0
4c2bca77a04633496d7670c00dcdafb787606243,0.41674447,0,0,0
873d9776d7f3e506b8e67721b47315aebe16de67,0.5263124,1,0,0
bcd3845dcc9f26c5bac4094fe6323f03ccf6d87f,0.50911504,1,0,0
d61ec0994e594f0c514c1739e0689f2595d8bfd5,0.47276992,0,0,0
c5e9745b8301bde2bab0e46bab2313423bda7910,0.4926766,0,0,0
8f5c5e892b907ba7d05c2cf5f4dc7adb2dd2702b,0.3765021,0,0,0
5b1e314826a40490ce38b532c4ad36fb01afd37e,0.52544343,1,0,0
6912f621d22ce66e8b94710f0decdcae3354ca76,0.38621193,0,0,0
d2d23c8aa02960549451c58ed3f0e84fd5ab3821,0.29599452,0,0,0
2e6a9131a07ee0e8844e8e79e84460b7f56ae646,0.040080763,0,0,0
875e98d3fb54def645b0339fb43ddc26a72e14cc,0.3054798,0,0,0
40b6fd273de1cccf752fb7e5d1a8470eb5257a9d,0.04756701,0,0,0
7517f7c33543c0232e002ff541db6e4e3a68f52c,0.21580268,0,0,0
93f189e8a8166004e8bce70bac3041a84e389883,0.042749185,0,0,0
38ac95d9bb36722fb9b3e596911aaa7b81caa9e3,0.040101025,0,0,0
b8d387e57c79b252a1ec739c3f466892f80ee49f,0.1891022,0,0,0
90323aa9f6c1cb89337b60e966e743bce82a6fa2,0.090687245,0,0,0
36156fcd0e07726a8883a0825799734ac0058559,0.31585887,0,0,0
0970e8f84e95d8662a826f8417141e3feffb18ae,0.46601933,0,0,0
7f1ab60f7c1a30eb09cb06f23d6f010e3a187274,0.039987825,0,0,0
1020c3985dea224ad0ef885ba6d8dabb48816c5f,0.26541245,0,0,0
332a7ffebdb4c69222c75ba1b0a5b462a0e8f467,0.2445084,0,0,0
e91c5e4045a37afe8ef5bac994f9e6f2cd10a9ba,0.23238975,0,0,0
7a401a73688b72f43e4c70ab1c074a3e710b3b53,0.3098961,0,0,0
cb5c4dd73597780fce451e1b643c9b25d4ce7b4c,0.38733742,0,0,0
b6c2d3fd1f70e51aa88f8d12aff006f6b390deb4,0.43244317,0,0,0
9138cc232a21a24e07dd89cbf43b684dced80c00,0.38166946,0,0,0
0916ce72d8cdc6b4dbd213117ecab6f7cf8d5bf1,0.16117892,0,0,0
b45826e3888ec7adbacb4887f4ae1da5520b9d90,0.2421932,0,0,0
965aa7f4fafe59c4f0d09f96f98bb83adc2187fc,0.20070784,0,0,0
bb8acac034b1fcdf91a6b1b066d33f3e38a4c117,0.3707996,0,0,0
ad76167a8ceade7e58ce0ed8658bdf22ea248904,0.4427315,0,0,0
d1c0b0c922855436f3ff54feb822349e97229d78,0.17545228,0,0,0
537607d90533283a42cd1c5bb8b75b62cac684fd,0.46036524,0,0,0
50ebba3d096b49c3d6856f9cda1664be55c222fa,0.2718031,0,0,0
7cec158bc9faa1d2aa267ddd6a02790ac1f2c3ec,0.45514756,0,0,0
2b6f5d7ed93f9975b11ba631eb2f974078c7155e,0.46098396,0,0,0
b829f1e92cf347184d6d184d3c17babda68abc79,0.23873605,0,0,0
f11bea50aa42035f426343e1d0e5058e75e0d928,0.037709285,0,0,0
70a9d5f1e7ea844758ce3ed9b4f5e46a7015431c,0.06650503,0,0,0
44b28a38c3bae21d0530c85b7ac8ed52fe3d8fa9,0.05304999,0,0,0
e9fb730f64a372e05022034429d5450537341a22,0.31479838,0,0,0
5250af878ef0ccd0612cda08e88d341b13dd9f56,0.38790604,0,0,0
33f3cfdbd24c4714f8d6a7841430127b33c89118,0.03771027,0,0,0
7b7341a69bd379484d8e073d979b3f9acb465902,0.5128852,1,0,0
2d14965b4eb591ce9e0d6f0557197bc20926171e,0.36941788,0,0,0
1a867ff80af1fdad617d9b5066966b65f481742e,0.29662055,0,0,0
aaa1a0f7156df819896da55e51e17f495717f33b,0.034417693,0,0,0
caa2a94074b6e45fd4ab631408d3d6dd39a1c1fc,0.2609982,0,0,0
b6ea863a2667310b470ae59413204ff6b2719ba9,0.0701688,0,0,0
72a8407bb1272e0b6efe62a284cfb8d9ccad1cf8,0.09301671,0,0,0
3a8a2dd2a4e02616c54804b58250a6b51f9ff746,0.37668058,0,0,0
91b3989b803ac85f06a39751ae282cc5b88d6415,0.040324975,0,0,0
267fc4ed3f2d9f63921f07cb5c12527eadacf73f,0.07072575,0,0,0
f49c113d05845093aca46c22031617a5f2c4997d,0.27969974,0,0,0
4eec965458c88e4cd08783da5a30d775011fbf82,0.12364143,0,0,0
e581de2f71fdfa4b51d024b56bb38f1c70e7a60f,0.06373356,0,0,0
ec767ef3ea627c18a6cb788551f8709d2ccb1cfb,0.10517174,0,0,0
486582e34e95eee6cd9a59c2dd8298f2f39fad09,0.42480615,0,0,0
0e55dab80c10fdee37d2a07f664322fb774bd3ff,0.25683612,0,0,0
2a0af129ef96830e46a75eb31464646a8bf3544c,0.44791043,0,0,0
732ff44a4bb3b41e30139901869fa1b72b7c216f,0.3496158,0,0,0
9f9ef9aa0b0063215cf0e6526768fd4bab879ec8,0.42990115,0,0,0
1ae31c786079e0b7eb6585feac71c80baf224a9b,0.2956542,0,0,0
be37c2e2b103aa83de4ccc9aa08c3aa4a1da6c24,0.28646898,0,0,0
90375f06cf8c0154fcfb792aef471964b3cee042,0.3360796,0,0,0
2bc7921b2f2b479a7a391a51054526b716f703d7,0.039087154,0,0,0
00c1cc0cc0b16daaf8b284ac0e7e9328caba5022,0.30105236,0,0,0
1d3cd1285a9f875a4b00c7fa609155288d977c3f,0.36157012,0,0,0
095cc25a6b7bf9b9f99d6afb41f44d41cb41b8e6,0.27278683,0,0,0
d68ceb121842d109b3da0f932bdc8f5b94253f40,0.14083482,0,0,0
d6ae360653de7813c0d15e315d733aaee372df3d,0.3385455,0,0,0
fc195c451f817641319a2668a534e01cca088144,0.22903569,0,0,0
75489a661dac6b1823be5804b78d31023e81e509,0.3222861,0,0,0
1ad2965a54a325d7d11d7daa07d38e0ec575e505,0.027965965,0,0,0
83b8f7860d22f0517373904e9fa7e41e9e23add2,0.067806415,0,0,0
883b6c3b3969eb7f293ee0fcddde528a161fcc89,0.038335238,0,0,0
688f9d20a0ff88c3349f73d8cd912959fc236e4e,0.35219947,0,0,0
cd31d7a1e4ced0ec0700275441563b235c236f95,0.03528286,0,0,0
9790fd24cb14e8861576404587eb2907dedd6bfa,0.32358316,0,0,0
80888f9c55abb7ecb18fc342cddc973ec4f46f70,0.26651713,0,0,0
a6d1cd29574818dc220a3751a9c160633f2998a6,0.27899328,0,0,0
2badad205dd69a9f82edbe150ca5437b0ac0d16b,0.36623973,0,0,0
5e621cb6739ab6718831e6650495096f718b8014,0.35712877,0,0,0
13fc1eca0a4e7e8215541159b93a956615b1c6e8,0.03758297,0,0,0
feecf333cacd2edfa06028db62e5d209f57f0dad,0.304157,0,0,0
3ac59a1df27a7c34cfda89f6a84b8ceb6f430fd4,0.14984863,0,0,0
55cd95f277b1a6f5f50d0dbf064beeb092fc6019,0.39359826,0,0,0
98befb689ec8a5b034a25bb9936d63d44223acfe,0.31800732,0,0,0
d80f242fcc1f9213c179b4651ffd9b9b7f634917,0.45055693,0,0,0
0cca1bb8bad342b3f6fe085ec6807187faf4016b,0.20122525,0,0,0
2c08cd5f0c1203186e9cf67a4c9440b77d54117d,0.2967078,0,0,0
49acf7f8a5caad67560c82043cc1f755c0eee826,0.49172038,0,0,0
02852f48243245666c0ccf4d0b8dd455d2747fd3,0.34217307,0,0,0
c73f626405dc91058ce5cbf4f87acb23384188b1,0.48272413,0,0,0
c321cc96e9b3666035524af0c17767ed8e865bbe,0.460252,0,0,0
806ab4a928235bd36fab40e23bf450e1db5a8e9a,0.03492681,0,0,0
871c1c1aec516d4d70854e4ee929866bab981a64,0.048897516,0,0,0
6b70a706e2d339ff3b689dfef7441c28d290f725,0.042280015,0,0,0
bb2aeef4bc11b17be9233572b7afcfc3da04b887,0.032502484,0,0,0
e9b70c1841c5b1c1d771bb278b34a17ce31eaffa,0.45891947,0,0,0
3fc9fc01b08334fdec57f18b6f845906246936fc,0.5443973,1,0,0
6d030727fbc3a61ed47a6916074bbeb4ffd30b21,0.40210375,0,0,0
26acd219f08cf99be718f2bc3127a41dc33df6a3,0.42853943,0,1,0
02dc8c7e77db316553699f0e371f3e7803d3efbd,0.39753467,0,1,0
f7c09b93c2386c6928a082e96d1ddd0925a19092,0.23063672,0,1,0
aad6359c39d59176c51e0d4e5ee31def1bc10077,0.39114955,0,1,0
50a7fdcaf8fb9a684a96568ceeb8643b4941c475,0.55919474,1,1,0
32eeb20ee9096257520cded0d1af33d4664f8619,0.24622408,0,1,0
27830ee8c22d74464fd3cae4e662bf0ba97e887b,0.5169148,1,1,0
59ffcad15d220c2bc1f70f01d58bc31dec04b423,0.4625526,0,1,0
41dfac731ef973b03f70d8f9c01afc67bc5f311d,0.49271095,0,1,0
199dd8dfd1cef867ad8712c7565f090f81be0e7f,0.4093349,0,1,0
61bfd7be89e97e204caea839e37c67c6f837a710,0.3684836,0,1,0
8d52f694da0484cb2783a8b35dad845322af0c07,0.4606388,0,1,0
750d338864a92521f4daec993af7ef0aba9d609b,0.21469992,0,1,0
513f20ad26f2e940e9224be387eafd5d9c58556f,0.20555224,0,0,0
bdd455596c53a97ce5edbf616a30f33d278ae41f,0.2746669,0,0,0
9b24a71e9930d7e929f9413c769ecd412fe830e9,0.2102212,0,0,0
def9299707ed1063d249559f0182f0fe559d33be,0.13163602,0,0,0
baba8cc875f5b197c08123b2d9add4cec3772300,0.3608556,0,0,0
55d3cf0ae5dc7b6f5f9f60bae65c1c5abf196b18,0.05440606,0,0,0
19b55afedf54bfc9e3b08c1636251339b2be4c42,0.063699186,0,0,0
a4fc3e9b714e9c91768c04f6268179ed582dd922,0.28947893,0,0,0
84ca5c79e31dd177169f4c074da5cb98fa1cdedd,0.12378237,0,0,0
9a9b83857fd20c38a520642553c9106de548854f,0.13809627,0,0,0
cbff61409d719d08c711baba4e89e03e2397df79,0.33270633,0,0,0
6b47a571b665934d81ea8b3d000a3b56ed1310e5,0.2678186,0,0,0
00f2cbe0dfe83947126fbfcbb6fa186899b555aa,0.24295792,0,0,0
5a62c007b8b791c025cf2d4d60bb6da1aad86589,0.33071473,0,0,0
13f756d83675e7bbdf62d3375cddae8bf4bcc599,0.3468782,0,0,0
27c4c88da63eeedf546d6a4df5f8cddd43069537,0.20584656,0,0,0
5509eb7e31b74667950d30d166c77428061d6b4a,0.25518522,0,0,0
c0eb48f7e83987c5ed112b82f0d651aff5149ae4,0.38070488,0,0,0
071dbe7c211380bd4bed252c9b7a767279d112bc,0.4081441,0,0,0
82ccf0ccee1b0981198fa67c1899b38656c0efc0,0.041010942,0,0,0
6262740b678153a5f8a4dc2774f51f0691167e87,0.042098388,0,0,0
0c429b4b93406ed5e5877b613c96ff8d81410330,0.03985586,0,0,0
0663e3e8c502118313a6c577758912c326bc19d3,0.037498627,0,0,0
c8bdb9433a203f585ca750f326678423cca328f9,0.031918775,0,0,0
6feec370c38a8776be3f0cb17efa720750377b30,0.03769178,0,0,0
e8db278a29e0b363c8fe22d2cbcdd7db36b614b5,0.18029626,0,0,0
d4e1ad171208fc1a63de63b4a7e4c08e43edc41a,0.57850283,1,0,0
49f8c2a817f811bdc9fc3e7f550a8e0b13503e7f,0.21347342,0,0,0
67325cf97946f053da51dd358a9ffca0a9676c03,0.030998029,0,0,0
0bfb0f2b5ec98b5fd85dd5ab58c6a4dd3c0a821a,0.07574332,0,0,0
2bbdd4e503e69fc06c5d371c15eec14258eac6d8,0.08706983,0,0,0
6af248a09f5ca72a7cdbc6a0c0518026d8963149,0.038193848,0,0,0
c7be7b41fb1a8da249ebba27df1b2f0f4ffcdb17,0.22589594,0,0,0
1ef212e0629d8b19a3b974cbb428a1f000f1c540,0.2988088,0,0,0
56708e632e69a889eec8bf926bb3551ad53ded86,0.049210522,0,0,0
539869352a5f4183028a3e6b33b4e002c5053ba4,0.041815996,0,0,0
6e6cb12471757b4d2edf8ce110855fa6fa7c7329,0.26380667,0,0,0
a5f85b0a383d9983ddf0dcaeb744f7ea6b5c27b7,0.031650692,0,0,0
3c8b03103f9a120be50b9e81f738ec1b903336e9,0.37446973,0,0,0
ce81551eca5b514ad588c020f9e89ef0b9da90a0,0.35813758,0,0,0
a053fefc0e9349ad5e97ff2353e3a8cf6873bfa7,0.041718896,0,0,0
8700816250e849d9f8d0fc402b090aec6ba7ab60,0.5009757,1,0,0
e896a18f4c92b81837982ae7d678a8618d09293f,0.044058688,0,0,0
dea25cad0dc2fe6163dfe78dd0d54a385e2ac676,0.04845094,0,0,0
6c870782ecd20e5d460f8454fff316834710d4f2,0.279672,0,0,0
2df53eb9e85e7151b0115e3d293398f4b8b6a2b8,0.23577774,0,0,0
2541eb43d2716599ab687bce2a61751a3ebdbe9d,0.033906844,0,0,0
e191b9ca9486f2b4273ed5effba490c27a096ddc,0.4041257,0,0,0
35ea189f533c703906d9f770dff684c4557b18a7,0.24243078,0,0,0
afe78a030b57e3f74825e134d6615ef4878778cc,0.04579089,0,0,0
76e45d6a50da6228c44b04a565dca96432c4b197,0.04477517,0,0,0
5d072ef89fbc2532f621a5a0b4d6791cb926a997,0.04162945,0,0,0
b9c2c119c18dea618854e43639284a6eb799c925,0.29693398,0,0,0
e76397c0c7f7889f82a0a59203ad16a673f1e704,0.42027792,0,0,0
b34408aa82918b6fa8cd4033921d0331d8ef2b5a,0.12974839,0,0,0
57f493adef716d49ed1fd2f4e857febfe0a48aa8,0.033667583,0,0,0
84dcf5f3e54ee40b806108a713fd4c334900834a,0.32486537,0,0,0
344403579a552b26c0a1ab79915b7c91aac4a13c,0.050923966,0,0,0
a9159aba0efda305e6985f904072bfe82ee2a1d1,0.20571981,0,0,0
ee4ce5f4ece734cb6d3d9f0e215e42b565290fdb,0.03845742,0,0,0
c65777acf65ee83967ca394adb6619330be9790f,0.034391653,0,0,0
699d6f0eca65837501d7ab7a92ae2c614f8e6cbf,0.04731982,0,0,0
109a55735e2b93889e6fcc5d8b867451f291e9ef,0.46421972,0,0,0
9adf0d7f6ebd27aee0124c73037085abdb048748,0.038145248,0,0,0
fdfbd85433facd2259fa8bbb45bfe2e99bf9f432,0.032690912,0,0,0
c3a83486048dba356a8f6638c5cbd1eb12a93bd3,0.06121354,0,0,0
e23402c1dc133842c1acef0a2d7cd1f386647de7,0.06698707,0,0,0
718b2bfcb7b5d94b6def4d7e89f6ebc49ff11563,0.082697466,0,0,0
22a39cbc721d5c0391dea1ed10e5350f917c79db,0.07642234,0,0,0
b38438075dd34fcc19c8df877446e4014ed8579c,0.27879128,0,0,0
87c5e5377589c4fbbd499010a27b1e345ec38224,0.034842364,0,0,0
fe265088974f937c8a9626052dd5d29b1a207dbd,0.23297729,0,0,0
7b1b3624d78e659e0bf80b061756d8c6e08640c6,0.29291543,0,0,0
b2da444800d4c5d472da58a6b776891621d11718,0.34927747,0,0,0
76c4ec233c1a61b1f46df6d6847b889c0a7a978a,0.5139776,1,0,0
1d031d6eb6e6861f38e228bd587ff74e7f6fcce8,0.3512817,0,0,0
426cd8c52ef1732ad3a57171429bf7704d80bcc0,0.16521187,0,0,0
24df623ed69f86a13a2ec453f480a4e3f93b04ff,0.3706184,0,0,0
14a08584c7cf63dfadddaeec102820f9de901c60,0.26003543,0,0,0
d9406824aeba0e977c0692971a6dbb2e62823886,0.4172229,0,0,0
6c3a1bb78c3e92fded50c1c1e9f4c3e2e6e9dd4c,0.30570662,0,0,0
6aa7ba1d927cc57769d4ed589326053849b235ea,0.32110575,0,0,0
3206b41cc6b60ef2854273ab0eee5e406f9f6efa,0.1889948,0,0,0
c1d92d87157b7d5a27aa989eff14e302e15f96d7,0.42584032,0,0,0
842bf6f447aac7d05c75c6143a5affe9e383b3b3,0.34981424,0,0,0
eaeffded81ec88f4d0e7494bd544821412435ce8,0.03278444,0,0,0
59bc597a256f0146b5bb05d951ae2d84963cf3df,0.27601647,0,0,0
81210eb267181b766acaf201a424a80d96bb5bed,0.15578157,0,0,0
209976ee53c9b584c013a9b0b21ec98ef733c6f1,0.29622427,0,0,0
5e3359388b0732fd1b3d055036187525eea76521,0.1953903,0,0,0
ab2aa8d6fdcdf5b3d326e7e86ac9d045f4859e98,0.2376924,0,0,0
d6beaa363bca8324c7a699ce797a89698d49ba54,0.45165008,0,0,0
65e1c9c38becbee2f84d822cd65fd7dbce42b903,0.27550918,0,0,0
822bd135f3a54b8fbeb23c313535b13c18198c3a,0.36820018,0,0,0
a7bd568249f9ec20b69b2a700da6a0648e93a842,0.058026142,0,0,0
c5f2e40e7a8234fe48e08d451d3152ba58a03ac6,0.05212191,0,0,0
933796e9330ed5043ad8e76d9fa2cb8b1d3a8e3a,0.31133246,0,0,0
31c0d3a8e94b1016843596acea17a63bed9d4558,0.057284147,0,0,0
e95134229b9066aa2f1d312a53f5a670d271dbfa,0.21823989,0,0,0
45fbfb82fd1f5168a7183e78ece89da7a60e21fe,0.25973216,0,0,0
d675cd1362d502de0a94e0ff4d10e9c4ada579e4,0.16471232,0,0,0
f5c46b9fc80754c601205e6ef13c5b7e9a5003e2,0.037327427,0,0,0
722a5af4f1786599f22e91a34af459883c7a6a8b,0.28159222,0,0,0
5411db017b093f0995a9b7807a6a4dabb0f1e0ea,0.03274333,0,0,0
31e141019010d27dfb3c1a1fb712433268b520f0,0.03164229,0,0,0
419ad3e4aaeb2471c86eec1b6799675a70bc12cb,0.06432162,0,0,0
d357d9d563c4a34fa2ab3cdc68221c851a9de4f5,0.2847281,0,0,0
bfd83b00eb5743ad4ad0d24957f84b61ef9f5f79,0.051493302,0,0,0
3378280035f388157e007a06f7fcb74698b91e3e,0.055836566,0,0,0
41a3e9c52d52f60d121ae99d281881a55e006bca,0.41416553,0,0,0
a64b4cc5329f2275a5513b12622863e99a803a24,0.06819837,0,0,0
c295a589777a35730c90b26f28f7cc938d4053e3,0.13095583,0,0,0
c29e08e98a4d1f12842375cb8fb259b8e5054b0f,0.033997443,0,0,0
d4f28d7ff397386b208823c577180938e15769d3,0.27630872,0,0,0
936b820a4e9b9f96661c961bab87e4ec05ca0574,0.43996313,0,0,0
92a07f9aa109f0f55af963f86e466c80718f9466,0.032666456,0,0,0
8d5c46f420fe3f7365579aabc8b40912a3610957,0.08704592,0,0,0
5899f1eb7239ea26291b9e38490f5922b86158d8,0.489712,0,0,0
46a2c6bebe30989d51d59e14def38a82e8edfd78,0.34051138,0,0,0
4d5e45cdb44f61202ce439caa3d417813375f9b7,0.029436221,0,0,0
51eb5df8b27103169878575cb421e3181dcfd525,0.19059867,0,0,0
9198e9498fbbb81851048d0eb71251046f16987f,0.03740774,0,0,0
56c60017199b255f38843e33beef95e8d767a10a,0.030355792,0,0,0
73202a1e336eccbf9928bcfb5a780a0b97a49680,0.0378307,0,0,0
bc8773df85d2db0d2d5bd99aa69d7e7c795e7aed,0.046151184,0,0,0
25f3713d9280abd57a49a9979a23d4ebce27732f,0.041762754,0,0,0
d654978ff5a8980c0efe10632f55218f4de4e6b3,0.058632303,0,0,0
2a31bc5fc0282cbeffe8e41c1c8c576314b4eec1,0.044314157,0,0,0
e460f4f93817bea10b2fba8aaddeb892421d2668,0.03490169,0,0,0
36940b6418283806ed10292776c9c4269923e1ca,0.3274259,0,0,0
72499caf6f7905122c97987953a313bf1c95901a,0.12925999,0,0,0
bfe3c22bc3e866fc499433faf57a9239d4f6e1f2,0.19879201,0,0,0
928da12b15c987e16b2481c43614c8e868be1c04,0.12369875,0,0,0
5e223a403e65992d2d18b1b8cab5da2c6c1aa37d,0.17167109,0,0,0
7379cbb2fe7b69aa871127e64a51763c445a570e,0.03894006,0,0,0
0cbb22ddd4cd4bd356dad0e8dca8dfe1080aae0f,0.02862706,0,0,0
d8e8908db227ec91608b386a65b5f8559d92d8c9,0.27979884,0,0,0
06033035f09c662020ffe0300983697c78d3039a,0.045335524,0,0,0
dcf6e82f8610b89075e00711e186792053928c7e,0.036359593,0,0,0
84a0d90783b095775b5d14b2a807497862d80db5,0.04982093,0,0,0
10c8db1b1ae0fd9be8b661dbf24643c0a9012d68,0.04316567,0,0,0
4f50c37506de036bb34094095aaa6d4d831bfbb7,0.04718021,0,0,0
30280a9ba706b330cbf6b18e6f2f6660743c0f16,0.41776493,0,0,0
9cd31226588fa303886b9daac162d5aa753e8e15,0.30710322,0,0,0
2736b6fe0b3fa22ec8e2b4184897ecadb021fc78,0.054384973,0,0,0
d3fc1a2877c165a57949414f5737ef00ffcd867d,0.24001893,0,0,0
459cebc515b11fef06464b711b3b33cbc1dd8c26,0.087303855,0,0,0
947c01f6d8000122a174da3d668208eec877a799,0.05978613,0,0,0
72d00532aa8f0fb96371f01688ace8b9d53b17b8,0.059345923,0,0,0
27fb1044f1f244a9f8841f059392bd7e595797a3,0.49562046,0,0,0
467386105ad855e793a09632142c00cd01c5dd10,0.4688867,0,0,0
9e405ca54138b63a4daff58d14d0527fef1e8e66,0.3227216,0,0,0
0f98e790a43b17ae1bb60d264931fb4f13300762,0.51488113,1,0,0
8f957f527b9048f51aad91b544bed35c48bcf3a9,0.4100488,0,0,0
f03149e07dee90b23369d1cdb7f15c142df5e31d,0.22633126,0,0,0
48f7e179e4c5f4e59afdf0bfb4ec5228692e00ec,0.11718241,0,0,0
91a94d9f47b2bc928eaaf83d7c9dd06c235a2824,0.2857611,0,0,0
b498cda5bc8d834ab311a6a3415e990100d8a81a,0.21836117,0,0,0
276b2825778c0f6286ead1dac0dfe5fca307e77a,0.34888476,0,0,0
e4e03ef4c091f5a35da0d97a6a35224197b8be02,0.079600826,0,0,0
d24dd1a3abc4624be55c0772ae4432686ee18792,0.33643082,0,0,0
71fc2c4c817a8c9bb41650d5b27a89e207a68c39,0.42069954,0,0,0
f0751b65cf680456557aa1bf5c56b12f5c1a0fe0,0.41969514,0,0,0
d08dbbfdbc41cfafa122abf06d39ed543b473464,0.31124824,0,0,0
a4705cc3c310ffb422336b319891f63eef021f1c,0.041326568,0,0,0
e996235aeb7908c74e85fdcdf1369a5e46672169,0.026964482,0,0,0
0aeeb46737c5e4a5d8c21c26e6793956b0296cda,0.31560296,0,0,0
fe38f8892a2e99cfb6b941c48a57e1415d7ab223,0.45313993,0,0,0
9e801d916c3d163a4cfcc822e50dd75ac7cefcc5,0.03456246,0,0,0
ef0fb794d49e9184913581f561c87ba8c62d5e4e,0.18006684,0,0,0
0298305934801cf65136ce20c59dd133d8ee4d17,0.033680476,0,0,0
9ba69d7b9af1ab71e0ca2d0044f464261ae6a199,0.26020274,0,0,0
c6b8a383de96cd0a8e94037a04510f162e4bbc68,0.046020433,0,0,0
7b813b674adc6c94a6c9a19524913c07b7d8bc9c,0.26025137,0,0,0
559de2c461e94ab636c959149c775bb27111fb48,0.5008135,1,0,0
16c983693a235bdc45c6286a1e7b01d8ef58907e,0.42555067,0,0,0
3ad22fe3d689781a76a92908d0bbc119b2c68892,0.32620752,0,0,0
8691eb95522d9421a8b2883bf65e535d581f1a06,0.42861545,0,1,0
eae26f2ed787c88c07ccb83f0e5550689ad47bca,0.057612162,0,0,0
4b6d66fbc021744136d02733ecd375cf1fde2bcf,0.27209133,0,0,0
1cb454d0221a6ea535f1c0ec5c5abcaa3212cf1d,0.24458118,0,0,0
8d4b217045ac12013e9c1986dab89451fceb478e,0.2629343,0,0,0
5c7c7a419f7dbbe738dc40e4e00dff3637b38b13,0.49452233,0,0,0
de4356072f1dcbd81f721c17be39625d1f8cdbe5,0.34482473,0,0,0
cbc4aff11a1a1cc5c18efa68877379b9b2bca30d,0.5233129,1,0,0
81b311fd0d2a084a0c29740714076218fb6c2302,0.5705427,1,0,0
f8b79d0c21165faf4dbd620cbc6eae9dcd3ebf42,0.43473777,0,0,0
70f580a56ae8edea6178be6b2188472f87623542,0.46540105,0,0,0
a8b7f6e98ae201787b6a77c00531f83026c6eb4b,0.2258213,0,0,0
f7c21753a9f0e43a08543d43af7e8564b6f33a2c,0.53554744,1,0,0
64b682cb6a0ab5976596065291fd07eb662c5a73,0.44817537,0,0,0
316af191841ab980570d0c3c4f5f91bcef1d45de,0.4917374,0,0,0
1b43f08e9e06f604432e20d5d8feba05afdebd1f,0.2833844,0,0,0
60de0da4acbaf41818ecee2e0930c8e9e9257395,0.6050067,1,0,0
21b8fd06473bc5e6c35b80e4d1633da283236487,0.43924436,0,0,0
19bed73bb2fd71a1be7a7f26b132c47d5c81fa72,0.2948168,0,0,0
77dc36f5644910cbffbedb9dbc7e0b118b14fa66,0.44351697,0,0,0
e2f293ce22aaeff7c467aecbf6a3299e71d37a07,0.34742755,0,0,0
d916c50745b109551d81471f408250a2ec18ec84,0.5604412,1,0,0
dcf5c40f880c86d800a4563dd203e5fb89f3cd8e,0.5547998,1,0,0
07ad5e56818b6937986a1327fdf13102f9baad61,0.084263295,0,0,0
6ba9e778ef1f99a80f8463fbf68b39e02add6797,0.3083208,0,0,0
757057addf72d587387055dd964ecb2a562a2cc3,0.41724214,0,0,0
cafd9c77865ecb86ed9fd71637f2bcc87ce7e2d9,0.5012097,1,0,0
0c0fabddf6dcbf8411689df9c5cc29115da18be1,0.37452593,0,0,0
a2c0152ba2c45680f399a7e4d74f898ae3184f39,0.38285294,0,0,0
106c77756d7e2efff5355d0587d17cc261ae2850,0.42717475,0,0,0
592c9464379f97d67a76747faaab1af2316febae,0.12510741,0,0,0
9b71bf1406e0eb9892915542232211ef47602227,0.33938363,0,0,0
711846e5d03d6743205f8c747ab78c2ea43714f2,0.3496623,0,0,0
d759684b89fdf0d3cbaa033f8596f0a78a466b52,0.40440434,0,0,0
c204f7940bc73acd6893bff489fa970edbaeb5aa,0.12606746,0,0,0
96099eec30e81f16efd94f385b45707bed515ed2,0.5251743,1,0,0
0d52823fd924b806857d4a5bec6fa9f5b6ed30d3,0.4580772,0,0,0
5db13dbb9e7e6b28b443017397c8db3f82bacc95,0.34543025,0,0,0
80a819dbb4cd398a8eca38008656ad45550d553d,0.50883484,1,0,0
be38c1853ffb59825df763d61239992b9aff9127,0.04255855,0,0,0
06104090a6edc145cbdc2858ca224c12cbf66aec,0.10399863,0,0,0
509cb24e2c759eb17556fd3d2a158e3fdf60ab69,0.071851104,0,0,0
6eb761413871082d2ea128d8e132dd5ac06bbf4f,0.063523635,0,0,0
046f547b562ba2df5bc03f9a5c0125840a39cb2f,0.50254494,1,0,0
b24e7f33aa4c19352a5aca076dc3880b3924ed61,0.3600314,0,0,0
4f0841e04d88db62129618493ff85b87efec7712,0.4682301,0,0,0
437ab1b6235071e572cb3fd39aea1abb6a9a78cf,0.3762681,0,0,0
251bf6b18f83b8391ef3dfe83157ef5c51148fea,0.055057574,0,0,0
031f8ff3212c426ca7510dc6fd160dff22165be3,0.26469764,0,0,0
29402ee9790273d3957f70bfe9b281d3630d2f38,0.050814923,0,0,0
5faba67982689543f69fd316c38f16b7ce39225b,0.54371107,1,0,0
6f6f0f698dd81a0220cc74d6c10f545f23374bf4,0.04603142,0,0,0
de1d783fb598786fb054f05c027f54c79d054eb6,0.03844753,0,0,0
8847e59f64c43651db01a5c066c844940ddbc475,0.0347817,0,0,0
ad21dbcc8d97dbf7b553a3e1cf6c908854ff1ab0,0.34737006,0,0,0
321fd426406b6e60b6ea1bf9bf60857d6484f0f4,0.09433093,0,0,0
35e75829ef4a2cb124718e9a01301621d82ede8b,0.048644576,0,0,0
08233bfb9c8f554fa7b236d3dc7bd622d0ce154e,0.3912811,0,0,0
5155f49df062171fec0a73480485926c1b428e2c,0.4769115,0,0,0
8233b90eb074a0d04c503bc0e23376d4cddf02a4,0.24670629,0,0,0
f8b4e224b0c719e4d9aca6b26c03214963cd6af8,0.42959568,0,0,0
b5dd05b28613314e66cbd20906daf40424433331,0.42481294,0,0,0
b39a4adf6f31875e375435ca720a8d2e06ebcc53,0.4107604,0,0,0
81ec66a027bd860d6da043c3ec4c15500cd77b92,0.55923927,1,0,0
686d4aa79adb4d2b1e62a97e73ac150fb9f8b291,0.21173011,0,0,0
a55b13b7a0aa77d3e194563126f22db057873142,0.3636293,0,0,0
a721a26fad811ba618ff4fbf6371a43f851fb21e,0.3023163,0,0,0
9fb7a6368684ce4f07db72c4310fc380388f120a,0.3741645,0,0,0
a59d8f1b4504e30b36c7a22ef2e087cbd98a7553,0.20216298,0,0,0
c2656e9926477da08cd26d60e55691ba26ee6b9f,0.057049576,0,0,0
8dd45d4129046ac0b4f819e916beba6a699bad23,0.51202863,1,1,0
043a39baa8befc916faa0d4cca714b9fef2c19b3,0.44647396,0,1,0
edad71ad47d5f78d7cc93f2f281bfb3b60c56200,0.058122106,0,0,0
b696e321d599319a4bc94e055af27298c979874f,0.045332156,0,0,0
eb0d74bc8ad21b9ab7f588a9fcf129001ca3d09f,0.033967216,0,0,0
b01e9e0720f663f3e4fd0dd0a03e013957998f84,0.26066428,0,0,0
b03c73b9607fe2c49678d26ba19d9bf1b342e7d5,0.029790174,0,0,0
e4a3737c6c07420ee7c27a968c443b04d71c3eaf,0.17751892,0,0,0
b702664be09458c06c7270520c4500b5764fc036,0.4152006,0,0,0
388dfbd3f2f7ef66e0b8c62797c99305aa964247,0.15110154,0,0,0
e4a6a3ca3a5dcbcbbd65edde61bed03977a75af3,0.16129991,0,0,0
88acd6de3508aa297affb97625acce98877fa98a,0.3163532,0,1,0
eff38bf063fbd052cfe47bca56e4b2d8073b6ce6,0.44759113,0,1,0
aa4861217bd3f6876331309a92dd5eaff303b1d4,0.3396805,0,1,0
9e360ca017b1f639957c799a8b7b64047c286d93,0.5655426,1,1,0
00513a091d6cebf1ed4c5e2b6619dc36a4b5bbc6,0.45699432,0,1,0
58d258c7768cfc3ab47e455549f8e10b8a3bdc0d,0.42736965,0,1,0
6322cd019c486b6b98cd3f94ad9097245be3447d,0.26346177,0,1,0
5c81e7355dfead2da26406b1c787e8a449bb6beb,0.4472052,0,1,0
caa82d3e1b0019b373c55c23168bb8c007fd6100,0.40832326,0,1,0
9e2996fef15bac17b20c641900f4e641c40c6aa0,0.43513405,0,1,0
9e1aa0406b26f67fd021465903a2627b960e8c8b,0.37921804,0,1,0
bd2d4a000c4d5b4377e9a28bb225d3f61d45de31,0.55633754,1,1,0
16e434606776d7961f8b67b7d1062e15f23facf0,0.27717543,0,1,0
d6dff710eee0d56a1df3a761112002e4a1ed5758,0.24209245,0,0,0
83f194c1842b431030b6296fe59ba4eb20ef72c4,0.2148547,0,0,0
2b0270addb3d1f3bade8bdf1cbeb7a5c263de9c1,0.49312252,0,0,0
dd9ed3fa5cd6dec0ab5573e464b2cc5258066695,0.21162081,0,0,0
746133b210300aa581efe5b6a9bcd8969f2447d6,0.505858,1,0,0
5629107ed8ba0fc170a9cec00980d17dda25354f,0.03167515,0,0,0
93b8e303efe494eb2e62a8d504ca92b7b60bc874,0.047452923,0,0,0
32ab76c1cf4ff1f762364fe10f08a54e43f0cb42,0.04274182,0,0,0
2b9dd184be2aa29b7876b15436e9967a1683d8e1,0.033021484,0,0,0
0b2102cfc42afb2629973a3c0f2b9d614f33be7e,0.47251293,0,0,0
79ab66952eb3f27e99e71a902b482ea3d9553321,0.20335218,0,0,0
50f831cdcfa0c30a5c4403d77c363dc56de11e0f,0.039020088,0,0,0
ebfa9238effab582f48400c371a4b8c07e8d3bf3,0.2851729,0,0,0
6e2d05638b243da413658003647f1a33adb49933,0.059054077,0,0,0
8862e06dc4d4f47e3d7e9e06e8f0581fc4767c61,0.44705662,0,0,0
4779067fb3cea6527ea4fb9aef97b8497c516912,0.042260602,0,0,0
d8f85358851e6f59a50112958c91da7ba5c31c30,0.53232175,1,0,0
cd639652a35026e9e890b3a74dcdd138c3e1f395,0.06834275,0,0,0
dc59b87231431d9b95a2cdce857c7d6d09f34684,0.38583857,0,0,0
df416d3a5a0f688830c1787666b1017981b27233,0.44374627,0,0,0
72f1d8a48a261bb0a15bd879a51559ca059a24dc,0.38263324,0,0,0
75f54c482430c99e107aeb3ef8b6742007fd0544,0.15998544,0,0,0
f070d7c0174e3588c5f1f1347a7baa839c97262c,0.28177956,0,0,0
6ef334bf37cc066387da7cc06d6c1837e3427808,0.31175566,0,0,0
31b4fa6189e23d1bfbeadc4357bc680bb0dbfff7,0.3249076,0,0,0
46d1a118370309516351336a252c09329d51928c,0.30537012,0,0,0
3b0c26329e0d6ecce1d72536268e42db57fe1302,0.35463923,0,0,0
fa2875b53071a837c52a6e6a72bc229176210227,0.06232103,0,0,0
6bc8cb6861de786a8b7b95c4225a6c97ac13a76d,0.2997773,0,0,0
7440d7886c633fd99a994c34f261c2890b3897c0,0.3538413,0,0,0
1f564c2cb6346539416cc094d9bfb9dd50393de6,0.42599732,0,0,0
c4d6e6678a1380ada4e8774e5c66a4592ecdc5fa,0.47836113,0,0,0
2847adbb14c0d6bbbf2d905efd3d507a58424555,0.031018656,0,0,0
f6a5f157cd72d25a2d3da7a384dcf4786f511d42,0.32787007,0,0,0
9aea59329362a8100237a0076e1f071237eb76bd,0.35787302,0,0,0
607627168519405b3727ae869e5f491f65a33163,0.27121493,0,0,0
3a7cac6ea395f6ad28240b4eccb4d3379e622998,0.3734007,0,0,0
5894c4a557f8e760b78e49fd54c0c4a804c0b5ed,0.032880668,0,0,0
0729366497d231d045502806847116324e0b5434,0.11282576,0,0,0
627ca74cf81eb95bfd01d7f036fedd85539ead25,0.051033344,0,0,0
0535fc054080c5d9b8667da41b2dbb3dc88fdd77,0.04959576,0,0,0
563c0c459497a5f07a970068d4e84c835b20a4e0,0.06047094,0,0,0
d6cf5ed96ae5c3d6264057c129353858ea7aadb4,0.12844066,0,0,0
0ac6c73dbdb75e156a3e5c06ea443f371749e144,0.042510964,0,0,0
9cb1dfc36fa3c76c11930a4f6cb7ebc175a77c53,0.2568765,0,0,0
e81d716573a9c986081254aae1526883c37ef498,0.3276473,0,0,0
5e1d3501917aa22b0d40e48235d0a97bb74f1681,0.3228758,0,0,0
f09035290b1cdcf54f40c331e8c84d925eb454b7,0.5256718,1,0,0
ef9974af8ecfc809b18fcf3e238221a61e65b6fc,0.55484414,1,0,0
87e18b1cdd76581940c6c5e1d1eaef6e64eb02fc,0.3884024,0,0,0
b3028cfc9922fb266b2d0da59989b7782532f24d,0.045108408,0,0,0
751461e58213b0e8296dea6dbe04ac650c9ab728,0.30392227,0,0,0
422c4f5d6822a77679a2c70166d72adb7d426c98,0.3009739,0,0,0
f69ebbb0e8323cb635ded0d56bd5ff4b60f631c6,0.048412867,0,0,0
15aca89b0c1308137f66f4e1fa479a4673287335,0.4965253,0,0,0
7af83ae82144e9f7223a24ff96e544ddd1700bd3,0.12109705,0,0,0
4edd8c4a18ee1ac19791c63901a0917dc5224435,0.5711239,1,0,0
d645125364e998b3f0648c6909d1afe62791f836,0.097375534,0,0,0
ca6cabdc42c3394d55a2a20d5c6f8b6fd9f7446c,0.4709898,0,0,0
805f5ff26a689d3d89c64b13b9034d1292b7d3b0,0.09649392,0,0,0
b37c8aacf143318b992154b642f3d04b7b11f327,0.24387556,0,0,0
61d79b7e77f488ea2ebfe6862a29b4149ddf20f7,0.21005094,0,0,0
77986d18d70d7d99777d973f6910b52d84a802e4,0.2805838,0,0,0
2b5e291952f780e50df8c47707bcca2fc8d5b306,0.41438386,0,0,0
ad664ec95daeede3805e086a603971d2600c50b6,0.26418352,0,0,0
d20ae38fb8d7effe60a020efec1b5068a0e2ac8a,0.32874355,0,0,0
20d026bda72139b0b17e892e1ecea53f97e4569b,0.037874587,0,0,0
680d1b95a699e73ee8765ac846887adde681eea4,0.036206003,0,0,0
6860a7efc3c6975bb258fb892b7b0087bf1a14f4,0.084439635,0,0,0
86cc1db6887178f4c07cb0ebb190b694900d8cef,0.11454519,0,0,0
459b179d687021a7991475787ba82424001bf863,0.06646726,0,0,0
2579c0909256b6feacc87fb9944c50198fed02ae,0.033523235,0,0,0
296def5ae78622b8c8e6e4fda2d223d76bd251eb,0.21874632,0,0,0
310709eb808205afaafd2eb23f557d9b2b0bedc0,0.29270416,0,0,0
f052896ac6ece2b36c36706604780dbda90b7f41,0.13111775,0,0,0
9912cc90ab10fe23ad633dd87847f170fa443874,0.1303159,0,0,0
165549671cdd9ee81fcc8e4e5ddfd4e62a116548,0.039691884,0,0,0
e48478c8bcaf6720b300b8fcd14475fddb7f5066,0.3600979,0,0,0
f843029843558642c5c29f4788b539a819ac3a59,0.25786552,0,0,0
937365e1a9b2e185ed4d6af9411cbffae837916c,0.26161295,0,0,0
de681e1b13c5af66b1a1f2301d8b094525cf6edf,0.40105432,0,0,0
9b14935315ff59eb62aa2cd19298e19c4de76004,0.2643859,0,0,0
1457605d24601e45a6b21f72078b4063678283cb,0.4370273,0,0,0
2d89208a6d21e28961f0d8057a704fcbb61984ff,0.3185883,0,0,0
31d4e7fae9743ddfe08aa32c8e638af887333425,0.38356787,0,0,0
c77f5bda4f0dacdd5f69d01c2b7b1a4499b381b4,0.036568843,0,0,0
2b238460f659b0bb00f26f45fb9fc60968eb7874,0.05255487,0,0,0
f2afdf33061fb7cf8f3d0d2a0fd75b9751fdbcb5,0.0348674,0,0,0
aa40ebfb5968ec48600d3555fc8bf3b273bb7139,0.098474614,0,0,0
2e511a4809edabd77779939e43c448bfe1a30fdc,0.098060146,0,0,0
4c284fa75377ac279ebf4b06991896e587caefea,0.09003908,0,0,0
dff58f05b8ab7322a6dda1d1e58b54e51f3c916c,0.10618129,0,0,0
ede779611ce2e816b4fba650591f2f4b07ebcff1,0.10108713,0,0,0
24450e97f811ed25a25384f24d7f8a2158abf61a,0.09812203,0,0,0
ac14c89ec0a57fc14f37d709c7eb8f4355402d7c,0.09813767,0,0,0
70e28a6e5b835281b74b3c9d8b39fd4b30c86c31,0.30039787,0,0,0
3101596daf7b37b7db692747a79b20f45c6c61e9,0.067623444,0,0,0
2d7ee256f10ed2b235a533aff73b67166cf41e6f,0.22537512,0,0,0
6cd3352472b99d11549c66326dcd1243c551a4c8,0.16225284,0,0,0
c9bac8cfc4563b5f377ada6db19b0252eb57b4e4,0.34539363,0,0,0
a48323e4877e3466d9847b28d26103457de05719,0.24738891,0,0,0
9758c4f3c61fb0c814e4c54e378812d388e1269e,0.03338841,0,0,0
b93829390d6eb3dd337faf79235bd8eb2efdf17e,0.032725476,0,0,0
a3c33f6ee887789e695f289172bb7a7e7beaea5e,0.4171944,0,0,0
00f44612507728a678f64d8bc3144cb7ec49d0ad,0.058505133,0,0,0
a9bf61161b4343011d51724a505e82339fd9992d,0.14677419,0,0,0
c486706099b3dc4ce34d16e4e0a3173b9de7dd2f,0.34944636,0,0,0
6a46b00a397374989dd5038de9310d292fa88452,0.3167313,0,0,0
04bffa014d7473d62b972a4376748f4381c782fa,0.37716028,0,0,0
c172c147b3c33af78c3d7320939f416188bdaa93,0.12695111,0,0,0
af46d68230bed03777625577374204b2cbe22e9d,0.24857569,0,0,0
0177a34c51bebc5e028af7682a6c6d1ee9c271aa,0.13599415,0,0,0
e8626b9972b23f1902e7e4c0b2ec03c4cfea91b3,0.5684132,1,0,0
fb39a0a1e1bef9e40e9b358278e783fa7d402314,0.03522188,0,0,0
1cf57633c98f5559c203bb48f1d8e2b22dc459ba,0.20833881,0,0,0
621d0f57e3fdd279ef1e8e0e9beda859e9d7be74,0.47410548,0,0,0
4c3b552c6d3e8f08e0cd41577292103a5c549142,0.3866944,0,0,0
fbb560af0395d2ad4674bc6e0f406aa05e3bbf95,0.4639296,0,0,0
c7ec8c54bf2b458a2002f24a3655c17a2bc316a2,0.11769478,0,0,0
7c0f14aa7c14e9397e6cd68683bdab77218a5d92,0.2902181,0,0,0
57370d049dd7b05d35096ceb475b4f80494db5ed,0.112690106,0,0,0
222061e1a92d6abfaabfc9406cd655a5ca8ea2e5,0.05400888,0,0,0
064cecd073953686418d089495eea9d534af9e73,0.04684133,0,0,0
add2c3098953d0766950e8dc78e3484a46bcde7c,0.0413337,0,0,0
430aff38a3c4428ce43d0f30f259ee0b8b80122e,0.03995479,0,0,0
eb4e834b6ae3a17756bd2732ced075ad4a0e5ba6,0.45301548,0,0,0
d3d180e84143f0e801bf73494b1a71f77d2c25f7,0.038601313,0,0,0
2ff50c9e620032456165037fe00f3edb99711d53,0.3157303,0,0,0
71a07dcf9ad6211b83810ec187b617d005b818e7,0.31002414,0,0,0
252254380c6b9ea99fc978b6abc1b3b4fccf9cf9,0.3480324,0,0,0
d34cd289ee1291b6a7d1b4675394248be2b8ea6b,0.38097116,0,0,0
3fffb43ecffcd08fea1f28f6106d5c3c8cd97091,0.040649306,0,0,0
ad548a350635141c415930c70ce31d8173592a0f,0.42829692,0,0,0
3286bf48497f3f831f5034569c8d37da1ed6e76f,0.39885864,0,0,0
38d899e0f288a24173a6c4c5898bb176102ca9b9,0.50660753,1,0,0
e9999fd04a6338058d27421f427304699dc53c29,0.4828857,0,0,0
3e1cc8f9b982bce46c6471475bae47c281be41dc,0.2628385,0,0,0
653ffe15ad341350015201a1ec3188faffb4b9ef,0.29660723,0,0,0
176910a51361cbea23194d5483256594d7f09ece,0.5608289,1,0,0
4fd9e0be85d9dbe6b969cfd434dec6eea988228f,0.6067936,1,0,0
294b73583fc0dcd548ae95a841829f9ad2ab3ed0,0.59581465,1,1,0
8af453cdab42b5276cec2e89d83ce5c87d70a137,0.34901613,0,1,0
13d84663bc4eedb2e9e4035af75622b0a3cb480e,0.22554663,0,1,0
5a04dc554ef53ddc39895a9211286b9fb2e65586,0.28658107,0,1,0
24bed1a9bdbe3a1edd46bc3b2af83ee385e041a9,0.47084382,0,1,0
51f09376456ed8dadc2e801afaa495863fd7ee3b,0.38613683,0,1,0
72562004cfa5106472f61efc5d456788bbc256f9,0.5244111,1,1,0
160a0d35f64a52b9e31a725adc2672498d1f3f29,0.28547767,0,1,0
2ddabf3b84d42184d9781e02a936fa1160177866,0.6385873,1,1,0
ffed230ba8958ba3bc27310b71b0c6df589c3e63,0.34674594,0,0,0
add1d4f07c925b8a9044cb3aa5bb4abdeaf49fc7,0.04686033,0,0,0
6cb6acb44a1cff4136125faf763e67525ea696b1,0.30954793,0,0,0
1ca3222078064fe4bc1f92fc94a58cafa39f2643,0.22137512,0,0,0
f183402ea3aa777fd7fe822eb794837a8e0b3478,0.05587958,0,0,0
4a188d8d13e44b397bb40ce1280279d0c9b1feb1,0.40876094,0,0,0
3d51e770c28b404ac119acd7c108ba174251a929,0.138063,0,0,0
1e802da3a611eb2953c4ec3c650436278d76b9dc,0.03200615,0,0,0
3c07b123c22a2fecd875e76371afdaa5a1d5b9fe,0.2410381,0,0,0
c6af3ed8a52ddfc3c54c69dab18e36345ba5b92e,0.1908513,0,0,0
e4aa99d3f603e70c7db3a55ae5d59470c1a37f58,0.31027946,0,0,0
4170eeb054ba1414eceb08ec6c0fbdbdb17eb5c2,0.32739338,0,0,0
cc2fa8a4b8f4508dcc05044f97acac50dd49259b,0.11482476,0,0,0
16dba64c31c3eb18ac916d49f1529fe4810fe754,0.49115264,0,0,0
b5284cd9b0d66523f6aa0a57576beace90c86e55,0.5092698,1,0,0
fd61fdad30c073f5b2576d1dc65452c5e4dac657,0.50329894,1,0,0
1c7552b1a3c2bbde15f98671c7b7c1424494c128,0.48940897,0,0,0
7cacb1830c3385098d308979ae45e3ea42b9b16c,0.04065575,0,0,0
608d50697c5e19a8249dd9290cd15b652f5f01a1,0.30498853,0,0,0
fe87b23fbd86d8f978142dc326231ea6bd4a61f0,0.30017737,0,0,0
5068b6f0082a020a6124cd7e652558efe3ec5f37,0.257913,0,0,0
b5a63d8162d8756e4ae73b80ff125439a1b47613,0.04225043,0,0,0
24664b9397a6dc153251ffd7a4d3c01515988748,0.25251895,0,0,0
2185f5946edfddcca8a5bcb76160212bfe2ef797,0.3962791,0,0,0
8eb1f763d0cb0f98de1f12e3d48d9c516f5ac7a8,0.11628746,0,0,0
77a24a9fcd3b01961f881143e485b4be0826c139,0.04480001,0,0,0
23184e15023157312d7a8afe0adfe30b5d7864a8,0.43979764,0,0,0
b51ecd27cccc520764c9ae53cabcb61d67d46d15,0.51301223,1,0,0
8a2ec5ebd9afa8a299cfdd5d3cd359898346588a,0.055939455,0,0,0
07dfe0f23c3aabdb4dd47d2a7a26bbd75934da5f,0.14071575,0,0,0
b7c533baf4ce8f0fd3d3e7d521cc355e71bca797,0.25978154,0,0,0
daf6bd54af7149e06961607f36e3034aec1e70ef,0.039653175,0,0,0
d3c8c564ceef470411821b5a6c82db17782ea3b2,0.37466893,0,0,0
0a8225712e4b4a4471c5efb1ca11e97e2ddbd71e,0.045358703,0,0,0
9d7bb4b52a78301ea6256ae20279a8db63523e99,0.22876482,0,0,0
2ae95bd6e65f698120eb3a7b774b4a7b252ce168,0.45091295,0,0,0
8205f0d26abda68a740de8c962a32172d2bc7e8b,0.4672044,0,0,0
833ccb78e61f01d1525f6c6af6757ad573d8a78c,0.25022125,0,0,0
b2c982294b90f03d507e3078b0b3bf0a359a29c6,0.049890082,0,0,0
f37f373a04af7de05b089a55bfb4d2d86d055fce,0.3611712,0,0,0
9c2d135bb030213819e40f73c47e7e33d35ab3c6,0.24202874,0,0,0
3dbd158c7b0b1df5785d3a395a3ae058b7867381,0.38436726,0,0,0
2173d87cf4aa84937abe438d0f836c8fdd3ba1c1,0.41518587,0,0,0
ebb424989c23060feb869e0cf817a4d5285c853e,0.29734582,0,0,0
ba8c6e130e524fc1454b279ab329b03a9877b13e,0.42191675,0,0,0
e354e067ea6b5d099db609aff76a199a81e92d12,0.38155666,0,0,0
c9621e30ba79b20322f449e24a2f438918ce33fa,0.4725048,0,0,0
4f9c6c24a8b4b03e2836c77fe2e53e38b6519420,0.29848862,0,0,0
67540b32bea000574561485e11f7f033be1dc2cd,0.38770902,0,0,0
e2f82b25d19faa263bbdbdf074948c6537d85e3a,0.39919302,0,0,0
ea7753f06b2fe66df61b63a49558ff80ac3a09bb,0.049500957,0,0,0
0f39df025ff43caff8a6fc0b841ad429379db242,0.27007663,0,0,0
6903248d4ed5a383bf0fa080992c038185221a59,0.45151147,0,0,0
5ed0d65dd3b79a990f8f8c4974c3b20c82964e50,0.3329836,0,0,0
fc996e7530dadf0cb498ba1970a6de5ea6edd817,0.3228347,0,0,0
448ae1c06150d4fd62939b5a31f38c03d9a33c7c,0.32660884,0,0,0
d4db3a650fa40ee89513ff581653dbe2d44cb671,0.39445806,0,0,0
b8f966acb480b84e8076a539b346a1ba6b29af69,0.3730176,0,0,0
22e8511f2f68b536a0b1c31b2ec271fab255d5bb,0.27311188,0,0,0
3bbac90fc37d225ff4eefaab018fe6147a5a0937,0.21255352,0,0,0
83d06d95dd70db6e3340afead3bd32fa58d9a396,0.42873085,0,0,0
dc500a7adffbb3cf94604097efe1eb93bc43822d,0.31179598,0,0,0
f944f5cc3dd7874dac049e0c8c4d7212df781452,0.049311668,0,0,0
14845725ea57e4ff110bc5fd838aabe6e6d20c25,0.21730483,0,0,0
94a3ac5fbd184bde121f94895a5bdf22cf034d70,0.18084832,0,0,0
d86d0d56e363a20ffa1ef48deea045851fc49d91,0.2077367,0,0,0
251b167e9a17d29b3da6074933acaf92cf5dec81,0.3240593,0,0,0
d16b6b8ce843e6e931cb8dbc92823f82ab10ce0d,0.414001,0,0,0
3273f2572f79bfcfc9abe1d821a9743108c65ebb,0.4161892,0,0,0
345f3db49a7f4e662d117fb778bc66b49de14dae,0.23367187,0,0,0
81d3805cae760e12ca120b2725a6c31b83da035f,0.3376025,0,0,0
239ea8fb3cab9e2c052d933e8f0ae25648782e95,0.2716849,0,0,0
6128d66eba5b1dfc0a5e047a057c33d00abac6e7,0.26457566,0,0,0
7f6a33d94efdfa9f1db4bd71da6ddff10aace45e,0.32107684,0,0,0
843cd6eea60431ae527164f8fe9b0e054c7f9157,0.20403872,0,0,0
5e44c4e4be97e93f5d13cdc7bd52b7374635398c,0.41979578,0,0,0
36ea4c00124e0a44cc32c9c2d11ff3f77a2da541,0.19254059,0,0,0
583c8311df06e92afcea0f3c89d085a980e2dd9f,0.24723528,0,0,0
1ba982d80ba74544730f36f3cd46cdbe894a9e6a,0.3794922,0,0,0
d41221966cece5ed8c029a7e941b5d621486ddb1,0.4645649,0,0,0
4f72517b0e7881107a0db3046f0247ea2218039d,0.47170866,0,1,0
8a127b81963d28a06bc438c47dd551f860ee8055,0.36954102,0,1,0
80ed7676093c6ee19c271fd9414d360b6a8d1712,0.53272045,1,1,0
eb15183f8f1272ee3cfde61eeaf048c2280f0e23,0.32662275,0,1,0
c96a3e5a40040ef43e0a51935a368458763d3424,0.6372996,1,1,0
e4472979707c9e59ef5edc9f6541902310d3d036,0.4547031,0,1,0
bf30b1f2af61a37d8e1215e1af6022ede913dc2d,0.3910009,0,1,0
03264295028ec1baa23189bdc5b3ddf09c16c94d,0.15791677,0,0,0
5627e45ac3b893b7b8f69566738f8f09167fc87a,0.045311317,0,0,0
d0474edbfad324e68daa95e58d73b670d01ffca1,0.16454625,0,0,0
b227b3b6aa81ad319bdfe91a7611b957f0beffdf,0.35811776,0,0,0
7e303218009724e91ed7d3a008f89e8659567072,0.04212026,0,0,0
06d969a8fe228de6a637e832743cf6df518fceb0,0.33127555,0,0,0
c06fa14c5e96ee1114e701cb522bc84e0e1a1a91,0.262586,0,0,0
4374b673a2b2ebbc7042c062b4f87ab49dd14930,0.36071786,0,0,0
2ac8f67206fdaf6563b97baa9ef4cb2bbdfb8c70,0.2882543,0,0,0
3d2e4a013b9f1bf0612afcf53eaa996d654860ff,0.29246637,0,0,0
de39dc6e141e79bc5eb87616764247867ca11449,0.2738328,0,0,0
7befe93c8533645ff3b23cddfc7c7eed56b8ed80,0.23147386,0,0,0
e83e010913d19a91ad9ce75adc69815a974f7c0a,0.37832436,0,0,0
97abbb745f31c635c5e2b9a9a4edd8ec7c15430c,0.34580287,0,0,0
04c041211cdc102ec44ca098a7e7ddfee27a0ce8,0.17465428,0,0,0
40448470d6384fd4128840151a62be646f1eb88d,0.30240807,0,0,0
3251bce2d463c4ba51fc24c04904a8e3ac886c3b,0.12725902,0,0,0
07e0698ed6961ac535a8971e52d61e53f877f58e,0.34729132,0,0,0
9b841a30265fe0652e5e94c338ef82970363f4ca,0.17596036,0,0,0
387455c408f9de0a9870a215e1e6b9497bef1eff,0.56297284,1,0,0
81d88e666fd9bdd3424b526be46626704e0b9c7c,0.45957527,0,0,0
4904788fde58204d5570dbf2268d8580a5d8d4cf,0.13598639,0,0,0
cc50f64aa8598728365f282056035cfc094e7bbd,0.20445119,0,0,0
b433eef1c1ae41112791584346558600d134f7a3,0.15996708,0,0,0
1fe62a02c75c1a1af4df78ec1b269837dee69314,0.22461894,0,0,0
100cf21e5b877d160eefebdbe109b331427aff3f,0.4825333,0,0,0
227008cff233f9424ab37044b2c0d7b2d178c330,0.03822768,0,0,0
4b46a1595c4c8688644549b3cd762819f4ccfac0,0.4865722,0,0,0
d3bef0558d47861d85ebee02bfbbe09d67a60c3c,0.12845132,0,0,0
475e02f6b0f0e7b650b44929b19cf6d5812ad2de,0.20821977,0,0,0
b5981e07909d4d1626d6f0ca359d3124c932cd60,0.28524774,0,0,0
20a1b9578effdc68ea07870f49e4e93289d86e1c,0.26867834,0,0,0
06827d11a7bddc7a02f2804618219b862f63ecdd,0.44896185,0,0,0
687fd988a316c937698c6c550b3c87507a60e361,0.34742123,0,0,0
53065084d622423dd086efdc6e76729f97d463e2,0.3171896,0,0,0
ee4ed5171c34694edac71add10dfab9abb6b003a,0.115522064,0,0,0
bbdd3e827d23c085d6c669914efa2798313b1b52,0.27971876,0,0,0
aedbfd5bef8442e5559c0439ce157e3b8cc37269,0.26339817,0,0,0
769df5afa88c6ce4eda5c675626077a24827181e,0.262614,0,0,0
27641679e9fc948bc33ac13dbaabdd831954ca29,0.26816243,0,0,0
70add68322e8145ddcff59c2347a40c0f2e9addd,0.26294813,0,0,0
4a4074b7f330d77f296c16abd82cfe026de31f99,0.26482105,0,0,0
f5b48cb2b84d0cdcfaa99efda564a827f18bb49a,0.2691386,0,0,0
3e7ca122fd7cdd5435b5c8bf83b234b3f68bfb89,0.39621827,0,0,0
241f2ba7aa3225724a80421b56075aef7bfb21a0,0.23068795,0,0,0
92a3a06876fc47d55d189f6483b1efc37b1c59bd,0.2593545,0,0,0
b0017f772daa5e7f05094e38e4bec9bc99e5792f,0.23599897,0,0,0
f1532f0cdd5cfc6c40fdc85bc50d22ef2dba699d,0.039831016,0,0,0
5865fdde89b92235cb080637810e178f21bbfc11,0.039493885,0,0,0
2f2698fa5739eba1cdc3bdf8299a754fb98ae871,0.05026994,0,0,0
b82b8b2cc51220537d247d45133838eb868fe213,0.17763084,0,0,0
e0d62420f7020b7e6a88d6f41b27547eb8ac397b,0.25473854,0,0,0
1a0330f912c0aecdac5a394997932e94a618a4aa,0.28005445,0,0,0
bf18ab3679d025b4da88797bb9759f45b1eb00e5,0.32722807,0,0,0
7f384e85ea9ad0fc7f4cdcbf9451dece694ac63f,0.36397427,0,0,0
3ad097a555013fb78f35643d2c8c201435aef8f2,0.21768968,0,0,0
0da91a3b68d0ab6c28c89bd03057704c35ddec35,0.30842832,0,0,0
4aec5c55ff8bd122cd5d8cf093a595de81bbdce8,0.3458077,0,0,0
dc51387cfcd868ea837da2b7d2be87c70bcb8f9a,0.29145172,0,0,0
b24dc73be37f00dc35bb1e41cad90c703c96a13b,0.071375675,0,0,0
c8c91b47da7a68bfd7b335d664934c302332b06d,0.3263485,0,0,0
98b0e857a4e8a54739a10e5016b6ef3b9753af77,0.2739538,0,0,0
8025b2aacf291bf9197171d9ff1f7a693431726a,0.19296749,0,0,0
2106a8ae107fc2df9099b12b23fb89f95d449f27,0.03355301,0,0,0
a94943098d61f48a5508c2ba32996a0e98eb1704,0.23181316,0,0,0
35b06e09dbebf887afb6ba5191451074496571e5,0.13577795,0,0,0
8ec1c52351aba784e90c2cabe8dd3639f233debb,0.20171066,0,0,0
0aa96a17f8cf9c96874c9519c93e9f7723d41adf,0.35667542,0,0,0
62950beb8d9ae79097a7651cc3e1fcbd8d5e31f6,0.2547147,0,0,0
bb04d083026dfd018eeebf5139850c34e6b49b1f,0.3359224,0,0,0
6b0c5a3b409511646984f34989ca7826eb4379cd,0.37745166,0,0,0
960febe9458e4213133bb7751c8ab9c3c0b88bc8,0.30650708,0,0,0
a3fc218ad914c8e1de13ec3d5f5fb4a54597bc8d,0.40365243,0,0,0
fdc460dce69c6ef2caaafaf9628ee94d07d17625,0.04949094,0,0,0
7ceb5a6b8236517d708d7965f4873344c5630969,0.105710514,0,0,0
bb9dea37dc558378dfc6559133171f45c6a3b5b7,0.32455269,0,0,0
28d51dace3fbbf8f0bd71f749e5290685b0c5df2,0.23729946,0,0,0
e74df2c0e90e5e4ee92a0d45fcc6f5db5958861a,0.039415836,0,0,0
05b614d6042e1852b8bc14fa0fd66adcbc1406ef,0.3719923,0,0,0
05164d24d77b4f05a309cef5375792b08316f1b6,0.20609185,0,0,0
efc4809b7b73febc18cdd8976ff8e9d6d4537ade,0.31522286,0,0,0
93c12bbb6d22a165a407b6184cdb40545f86c683,0.43493718,0,0,0
54a95d899854ad5a0a7b896f99cd8ba68b89d471,0.5903385,1,0,0
df7a37858bdf7c465d6ba96637558695e42e2fe9,0.07254764,0,0,0
cb9d0a8369704bfc94a84371561d30a6b4317767,0.27247387,0,0,0
db1483ae639de19872a023e2af418ac695361500,0.21113192,0,0,0
7a8ff741e0d60d6430be6f8a25bc1bbeb65832a2,0.19027281,0,0,0
0d33e877b1642b1bb630415304b8d01de2ce427e,0.06426277,0,0,0
d700649c1748cdec25ce871925d80a1356e3147b,0.1823074,0,0,0
4f30fa5358a7712bbaba7e25d97166d9b4a0f0a0,0.38796616,0,0,0
774228b4c6d5e6f8ec239bc9a3d8f09ca7bfa51b,0.3136828,0,0,0
ae57c74449db1d55abea013eb0274fb9a1f636bf,0.4848608,0,0,0
54567ccc2ec5ca96bf70b0926b56e97659574f4f,0.30856776,0,0,0
2a354150a2193ad32311e675d7452c8059be3bef,0.3051998,0,0,0
db6cf117a225ff973a44972c5fba128b1228a99d,0.31939632,0,0,0
6faa7858155e8311890f14e486f43d5f8cd69835,0.25255778,0,0,0
4790afd48bb04258b01965f601f979f7c71cd472,0.2970112,0,0,0
6535c04c044a9a1ff76410251e43932ebafa6872,0.078501575,0,0,0
69b4784b44ccebceef03b445f420240d07a85062,0.35324964,0,0,0
5cc4b1638d331d9f6bfa9366e26acade4b412202,0.26878616,0,0,0
11b6cb54670ec16f8597851cb010c62c6d3a6578,0.18877435,0,0,0
881af80e8016adc72f7c577bbb88e0aa37c0505f,0.21697278,0,0,0
c1f539ad85e47c5052bf0e123ef7264fbe5d73bd,0.22608088,0,0,0
9fc8dbcd054fd82e8fde73c50b63832b6359f476,0.21163449,0,0,0
a2da1049443db9db3e2c06cff58463fe6cddb978,0.541282,1,0,0
355dadec5d8729f25fe57408f29c75e64ee65623,0.45690393,0,0,0
41ba47a04626704ef2fc49ba03b0be0939879271,0.066727415,0,0,0
cb497ff3ac18bb0832106b624f43708dcb28e034,0.10602408,0,0,0
70f1e65a1fbd882442829cc377be937db4ee1acc,0.387753,0,0,0
a1e4f67e9d5480de3d725295f562e98f6c45d79e,0.14142488,0,0,0
60e3bdcbbd3f84654d6df895af97740408ba2bc3,0.44483143,0,0,0
52eab6561b244a4c84572a04bf6bf05144b2033b,0.37750316,0,0,0
dc4746b69a3580443310765eba606be998e2da4d,0.4403002,0,0,0
84e2cf153d888b5f3a73bdeab13c323c6405c1b1,0.29778323,0,0,0
8ea2c18f2b69ca3d9f3a8a1033aa6078df745176,0.42592984,0,0,0
2a7594a7ded5123b99791b0f16265833ad35c81a,0.37019733,0,0,0
d8bef16525907af19a253e911c964d630b1737d9,0.17881617,0,0,0
f3bd0b79313c65d41260a7dfec6e041cc5e24674,0.21207576,0,0,0
56d6858f3430e33398976b02f23cc82c25641a4a,0.09014021,0,0,0
7af57e58daa9872f2066d7d521f5c153d7e372db,0.15141225,0,0,0
3ad7450857297ed609c5b568fb55f77dd469d8b9,0.21606536,0,0,0
190dee5fa3b5374f95ae8b3673705802789ed0a7,0.08706108,0,0,0
ed403b6580ed403a814e1c821200f302ffa5805d,0.18223234,0,0,0
03f8b53af1526c038be1e0aa6f519a6c73762758,0.43102202,0,1,0
6114f5479d0bc640390c8f073b40eab94103451f,0.2250792,0,1,0
b925070f3842ac0ae2cd816d7dc99233e7a6ddce,0.22489499,0,1,0
6bc2d25ea6dd424148786f5e0cddeb42ee072e79,0.38412628,0,1,0
2280cbd563332a1b9f3ada9de77af40efc6c97b0,0.20374249,0,1,0
d254cf2bd17588e5111841b0ca0d349a0f4a6fd2,0.35062683,0,1,0
a3cefc2063d220efdc8a42a66164a5ff0bfd690a,0.63383514,1,1,0
d8e760bd13b8a5c9ddd2029f2ddec3fbadc280a2,0.05947804,0,0,0
fa2fafcf1e1eae47296fc8ed1d609225ea381971,0.24253465,0,0,0
b0bb65029d1e3dcf57d8a0a56e4ca7cccbd18db4,0.02560947,0,0,0
624cdb14f819ec4ce5a5c02df0293f317cf9737a,0.042159002,0,0,0
a6feb941e5ff8fde22865f981d912c6d5f48546e,0.551614,1,0,0
cf032314f935892a8cc5ca7a43bcf1c9011f3242,0.512749,1,0,0
f675cbc93ee4bf7395befd90303cfdc79265cee2,0.477761,0,0,0
5226462744f1e3c11fe5477b543a60b18a80e548,0.3630358,0,0,0
71841bce6f67b8e58b26caaa49b5c0b1f7269534,0.12915717,0,0,0
33172a83a4eadeb7084486256c57947567ddbf17,0.32808414,0,0,0
ff38c184f7b5e1e2b9ab88b22464041eade680d2,0.2525882,0,0,0
131e4926b7a31fff3c6bead10bbe6dcd15e32bf9,0.29575908,0,0,0
377dd0a46189c53b9af1f89c7e4e9e1bc7698646,0.0658578,0,0,0
79a242ec3ec8208a9187777cb40d8c269f3cdffb,0.49623662,0,0,0
db69349c601fca02ed236064bd7c20c359cd9707,0.21907587,0,0,0
3e65ff983dcaba073337d3a15b21dfbee2eee4c7,0.45067227,0,0,0
86b6c0cef9e1d09db327197ba2cd64f404c22988,0.24435847,0,0,0
83420394a2e397ed46136c40081e437d5af9c2b5,0.099560656,0,0,0
f61244c48d22b86a9c6de16fc4805f10d8d4777b,0.2546509,0,0,0
89d2eb8fab09847c42ca1eb32c62e0d4ef7699e6,0.036459148,0,0,0
661fb0c9c01c87410cdf1abda41d78906656c7e5,0.44770595,0,0,0
71a4e3f5bad9e17e7213368de6af803bc3cfc160,0.41916656,0,0,0
3832b54d4d6f8a45c7283fa42569e59d66ce3d90,0.19951597,0,0,0
53b6258b2465362ccfa3f85a482a9d54425b6d93,0.4148281,0,0,0
a310596a75ce3e0cccf268102f070ce85cf9384b,0.3655314,0,0,0
80d570d77a6f0ff71bea6fddb6519d6bc77f408b,0.4694488,0,0,0
9994ba2cdb0922cc16261cf2a165d9b7a66092dc,0.22423251,0,0,0
10f7c22ac3955b9ec0879367fa76f6c14821f512,0.23952374,0,0,0
19c15bd468dc770e255738fa474956d37b8bad07,0.19494909,0,0,0
2bcd63e545252c308f9d8b51d8f357155639e861,0.32576844,0,0,0
31dac7eb1e2c3683987adf686b0f151925d51b94,0.25595412,0,0,0
b6c1226082e9272a3a5eb37422afc24740e7b75d,0.36877376,0,0,0
1f06856824ecb1896e15059704510455938372ea,0.44615415,0,0,0
41157e7a305acd42d820b0dee0dc6cee228142b9,0.3204666,0,0,0
845fca72fb3736ba07f9f35b138295d77530e500,0.46261963,0,0,0
62e139bfbcbb1c70bd622081932b133d09aa4a62,0.5390539,1,0,0
4f65842c59170271f82f98b5eb3a985f198420a1,0.31613854,0,0,0
2f92ec1b0fa868d2c59270abd6630a3cdf2d02d0,0.20935704,0,0,0
10636cf7f281864685b64efb6b013f57331c4615,0.24136978,0,0,0
3187c92b9b39a2f0663f42d2ec2e1ffa8c45db10,0.37559515,0,0,0
0b10d14e48d1937621edcfebec24a2caa6676184,0.40199304,0,0,0
beb266a7c1a91bea734bebcfcf0768790055e8ce,0.33365977,0,0,0
e45d91d0386a32edde0ed08b57f53ec2cc1de3ea,0.40704003,0,0,0
93b0d6b3acb2d3be277ca8c2799badb005686429,0.4729247,0,0,0
6b436a0dc1c32095698fa777ea1365f5bbfc672f,0.3579886,0,0,0
1d049600404981120633155a69a2effa10b26cfb,0.08249059,0,0,0
29cf07169ebaf45dc8eab6c7e55c0039b31dfa5a,0.4443669,0,0,0
b4d173d3519854993014731e8b8c1e73a137379b,0.3593789,0,0,0
7c272bc96e2053ae9960e61769c38696f4f3b854,0.21754043,0,0,0
6658eba6826100e9059186809927f398446e33a4,0.44412547,0,0,0
8fb9b82b186fcf137854e60f48f84bef664f10c1,0.15378362,0,0,0
fe71bba6f74ce54fd2581af15db777772d7d7be2,0.36499643,0,0,0
63379962669775afdacb14cda8a40cf9c4c9a043,0.11913442,0,0,0
9540122871676a511867c3d2ba54bf76401c8a91,0.3165181,0,0,0
064c814833c50fe1f3f87771e6e85dd6b1dfa42a,0.11490488,0,0,0
3f28c60b2ccbd4d3965eddfc2e652eb0027b10c9,0.5030311,1,0,0
9773e41c076aec1cb86f4438d37b01a97b852a3a,0.30781883,0,0,0
75965fd2aaa2ee1c5f34a0ea92b0a444be2cfc85,0.5055919,1,0,0
16f001b4ed6a2507861a50f73f5deed8e86bc6ce,0.22452222,0,0,0
c13bf71d3a1e8eebb624e8a113363998d1664263,0.4554978,0,0,0
cc70e908fcd9b309187789fdbc20249ee3eede3b,0.3517453,0,0,0
25d9407086393ee46fd5c981d8deaa9da2c17be6,0.34286895,0,0,0
0d4bfa919943d2053868ac7a48c2757502c5cdec,0.4204131,0,0,0
88bc781f326d51424680a3fa6955632a7883b7e8,0.3286792,0,0,0
8bcd036741fad3864b785cd424405cc7da6150ce,0.31012803,0,0,0
e9c984fdc9fa6d35744038685698ebc5114df676,0.16866626,0,0,0
56a4b2ae7539c2feb5f1a049634f07f2da082494,0.21384382,0,0,0
53d100817e07683df4932f3dffb94873d3c72602,0.26621568,0,0,0
ad403802e0a705e215b46cfaf4634bd674f6a3ce,0.16893224,0,0,0
773a012cf8b1f125f6a128481bbe2b531beaa023,0.44283175,0,0,0
55965e964deb71b11758bf7e8abdf698ed7dd26d,0.4223846,0,0,0
1ad8fa191c5df90d9f0388d7c483d57724860040,0.34279662,0,0,0
31d3f3456ca68f29b98ce5650dee94e1127dc805,0.40852407,0,0,0
0431fef427b0ccbc8220cc7d90e03b543fb1e98d,0.33873773,0,0,0
23977d0e561b71060b00060ca4d18cf0791ee77e,0.2080066,0,0,0
2c555d3f34cc96ac8d6f6cca07b69ac79cea57f1,0.3155586,0,0,0
de80253102670072f7a4f7e1fbb64b69cd53dd64,0.30275768,0,0,0
4858db950be1536b0645ac6b183a20196cf01770,0.41101092,0,0,0
10784b87b548683a5fd37819ec490f8272b7c806,0.2928389,0,0,0
0e85b8d81e5d8788c3b29e4979d9dd4c50e57c55,0.37943974,0,0,0
8bcb17d2e99f7dd4bdd81a103dbf839589635c3c,0.1508937,0,0,0
6c2fac139550b0168d254ee4b925ab206ccf359d,0.17009647,0,0,0
040cc81c32c269fdb4a972db04251c4691f5389d,0.48410028,0,0,0
9f6fd35b16cdd19bf5fa3e8abaed17852bc1dbd8,0.24921136,0,0,0
75c6369189b4ae60c08b21178d0798355b8fa281,0.2907888,0,0,0
cd326abd88b3ef686f566e0b1735b53383c627dc,0.3537272,0,0,0
b3f1cc30d4e1d9627ffe73e0394048dad5af651b,0.17890841,0,0,0
c432a075e7c1bca79a63eb2a8f9d9ef5495c0e48,0.46981937,0,0,0
8672c3560a180a36f854458724ab7b40ee8b9d54,0.29643872,0,0,0
8e1b54f21160ccfdac07039b05f6a4050114b965,0.3033128,0,0,0
6a612f3c67cc92929c236c69e70b0131726c6808,0.37275904,0,0,0
cb48137d5ab27db5da09ee3940c2cf93fa47fcc6,0.350849,0,0,0
f433a99608baf7ce378478ad212754e9a386d5b5,0.35001653,0,0,0
b572ad1e3f956edc958b0142c0e6d296a9d24c6b,0.26880795,0,0,0
628e21fcc75ddf52ff2ad5c67ee7b4840b6357df,0.25357902,0,0,0
00354024c64400dfaba80873e55fa365d45b1f9f,0.24523653,0,0,0
75199a4d3244bf3f97979024ac15a55728cb0860,0.3337665,0,0,0
0eca91ae405f281e734337024bf499bc2e90c8dc,0.214377,0,0,0
5ccf73a33230857f217a8e456301c2a0e59d148b,0.27860987,0,0,0
6aa057ff95f0c14a7fcb562020d71bde571c2e87,0.441446,0,0,0
9eb1e02873e9b56c55ac6b0bd253d5193de15b9c,0.14879525,0,0,0
3df225721c22a5eb7b7b74e774ffe5a0705965d6,0.44485492,0,0,0
16626a9b8fdecf3fa80876a244ff74dd171b06cd,0.3980693,0,0,0
8856608a047f389a40f6d1f409983de139b35850,0.31801912,0,0,0
18e6a973234edce2e46a5c4fd99ab890e8594b31,0.33981827,0,0,0
7908328f012778568c6da95f7081b8c4b9754009,0.3602827,0,0,0
f283f4c4b6183504135a98a3e0d77eb89f391bcf,0.48784563,0,0,0
e45c8fbc3e119e5044bd0143ba253380ec45ecbf,0.3743975,0,0,0
f4bc7cb026b668257dcd5b083282fc6c2f70f2e9,0.41150385,0,0,0
11dca5f8746e7b7d43cd62635497946d309fcb60,0.1611555,0,0,0
f05518d99227ade0b7928592c28a67ff1f0b3bf3,0.1599016,0,0,0
b383b9c38090f9eae7ccc7bd82052141a3eeca60,0.38188648,0,0,0
f2e00c0453b286f77872b716acfc3ed75467b159,0.2721074,0,0,0
37daf894acfcb89582e701a36e1695f772fee3a4,0.2709964,0,0,0
e176d65e03aee3135bf91691c0a43f0ef7f24b02,0.3842491,0,0,0
c510b94ad8905d4346980c68af1dec143c0f4813,0.3240575,0,0,0
21d75a867ed4659b6796406ea26510f683f3ee42,0.14332482,0,0,0
63bee061f37d09d409aa02d4de122fdd94b538bd,0.29581058,0,0,0
c5dc98d98d8b1d06585b9e23e04418532a6cb3d8,0.29794005,0,0,0
b7df9811bf66d7f8ae855a82572fc8472b206c5b,0.48206148,0,0,0
99facd0219053f660c43b318b0966de40354d76d,0.3693173,0,0,0
155eac83dbf06ca184a49e35577aca1c0f295299,0.40474105,0,0,0
35a456bb612cdf33cf84a92098ce58ee9a298137,0.21394703,0,0,0
b53521ba1a104bb725b63f5d11c551447b78ea59,0.41936535,0,0,0
d7f3d4f5c6a163f18af993fff9d8e52a2f384aea,0.18493271,0,0,0
6fac1ecfdbc6d088498b1e7a5556c7041c86bbed,0.22330096,0,0,0
c50607e7c834422c7fd926a345b1badebd1a2675,0.3447189,0,0,0
a78ebb040a841a14fa0ab8260977f9d2b92623a9,0.26752216,0,0,0
8e4a56526f342b5ebaf36ea2003a614ddb7e4059,0.43080688,0,0,0
bc4cd88aa7d8343dbb031c65d141f4b021a95d0a,0.41411793,0,0,0
bba1b111e213523054d467c3fe477d0722437a2d,0.29902577,0,0,0
e5707c51408626d40bc07c70e337494386343feb,0.41422254,0,0,0
76c80ad2819c85f71977e584bd1bfb3704ae6fa1,0.27078387,0,0,0
3118343d4ed0c932838acb0f733cf67435653b79,0.2074141,0,0,0
ff6400238181b6d4ceda00c1eec79da6877bb171,0.3621213,0,0,0
d815c27f7652dce234403fd95b55278a0423b5b6,0.29775748,0,0,0
5dd2debd744ac8d57570e05070ad742bd9c82af2,0.38142687,0,0,0
0c3e4e0d3f697fa4113555f440a342e1aecb88ef,0.24715367,0,0,0
eda95607e97ee903c627460456986be9024fb384,0.03854167,0,0,0
6fdbd4f12282791d95d636d427e65b383f46febd,0.041538835,0,0,0
d6819f7cc25aa649682215eeab9d7040b5438560,0.39791682,0,0,0
bc7a3969c039f179d5a73c8aff19cfe19d511503,0.06864459,0,0,0
c2efa4a80ff5bdc422999e3cba6843935aded1a0,0.39070696,0,0,0
af598460ac9990c2a02823b3cfbdaf9f5429ad5e,0.045611463,0,0,0
16c46bdb4330287fa64cbb2b71014c76852e5c8b,0.46370578,0,0,0
749e5b3918721a1143905e1482916d8674128a5e,0.16840793,0,0,0
04e3fe1d2cfd176784f164413010d87a01f1e5c2,0.3295101,0,0,0
91fa2dae7647558bc68ded9c3e7eb5a1c1846404,0.3622036,0,0,0
d49d45eba50fae24715a78df93bf5d951c82c6ac,0.046655152,0,0,0
f36ff599a7670c025010ed7d86ea0fbda7e26bee,0.035256077,0,0,0
ebd133cf778dbee92a1fd175443253ba2bebadf3,0.41709828,0,0,0
8d719d4ea9dd0996de476e2c4a9728b1f367fe2b,0.25410622,0,0,0
6880e8030b8d26438500842959756b441271ed48,0.1141684,0,0,0
578127901a96327d398a42ee524d9dedcea64dff,0.42478988,0,0,0
4060b8ee3347833490dbb2c065f14c1bd592b527,0.19912295,0,0,0
de62c65578ee43d0f038db757b18954b54c49dbc,0.1996429,0,0,0
11a7aff1b5c38a9cdf056714a20c8c7478925c08,0.4007889,0,0,0
88a02cecca5cde95090603e19624c285e484c23f,0.04767252,0,0,0
3bddc5c5321e492835413bf4e8c9b3caafe4fb68,0.29381505,0,0,0
3d64f608ecf0153c2080374810711428d689cded,0.0406082,0,0,0
fa10cfda08c3e12c5c187c1880f52f89284eb0e6,0.23497257,0,0,0
15e3ba0f7bbf0adec8ca93d6acaf5f488582c949,0.31198943,0,0,0
168a1dfebdd4a10ba593311856d3addcb32696ff,0.42628393,0,0,0
0a2a72eaf5832da87b80fa41008e0b28182d928b,0.44676834,0,1,0
7c3390d0a7cf72afe3ffb3e3748f993e85cce48b,0.05345723,0,0,0
89109b855537050f5b9d125a88d26ca2c1d12f78,0.06955053,0,0,0
27b015e5dfdb67f8530e7c110d36aa55d0e42cb1,0.509409,1,0,0
c72f418ec98b259673c695ed60fa7290708a1d55,0.03987184,0,0,0
b61eeaf0529f070ba19db904821b517a9e5528dc,0.3934936,0,0,0
3b44781f9514988a31e2748416b1cb7015e2767a,0.5261493,1,0,0
ecd3c598b98212cbd47cd415819b62614496839e,0.24725175,0,0,0
163624a9596298bf80bb41360fcd246a886a0688,0.37733737,0,0,0
4ebfabb194c88fa10db51d6f2db6282a357ae15d,0.289012,0,0,0
c485f5bed92b784a4dd915c6fe5d7b95a9990618,0.4387352,0,0,0
390a4358394c91b08ac7903d69689a62cc8c0fc8,0.09633812,0,0,0
dbe962a24475a2d288e1e1ff681c21ccd05b5cbc,0.06755193,0,0,0
6ee55e92440c2eb8a25bffce9fe0b18e1d49b67c,0.3132914,0,0,0
08fb5dd3465bf636093b056b059c8ce2deda42df,0.1528032,0,0,0
c0aa76eb16031973f3e897ea535a0b38bfb7f11f,0.38472992,0,0,0
7a5d7677e6ae10318907876c58727d68bdd72bac,0.14454605,0,0,0
7a56d2484badfbceff130dab0c128f1a581827c0,0.22021028,0,0,0
d555d56324cfa620bba111242931fbb7337bfe4e,0.20837547,0,0,0
1500916bf165064d370c3583a19350010a88e2a1,0.4825845,0,0,0
99894b82ae77290ff43d84eeffe638c3ed55d2d9,0.06140737,0,0,0
170b62aeae48d2cff474edf0b275b0f2bb3a5f88,0.5432227,1,0,0
b26691806891840645059fa5e3a6c86f167f32cb,0.46568337,0,0,0
460f9f5b0f30b4ddd5d568ea4c381779e9dcf6f3,0.07088898,0,0,0
bebc7a8a524e19739f6128437bab06212a35e75b,0.4211234,0,0,0
18c6426d1fbb60f0a52a5a7a021690f62d821955,0.31132758,0,0,0
683d902dc66c21b2353292880a00e0e149e548d4,0.53088814,1,0,0
31af406eb992beebcb8c0f6908df8031ef179aeb,0.44302812,0,0,0
2303e85c5ba9e2aaa72b0e3ea88d589e312df104,0.30067614,0,0,0
1d5ce0051975f0aca46258ba1efe714768589b2d,0.29528096,0,0,0
e3496145d2ee1d147bcf2af176b99c0ad12d43b9,0.21034008,0,0,0
0ae4ec44259ea0e3feec3e76671420438547fdae,0.09266601,0,0,0
bf1165fac897d7d51fd6645a0eb8dfdd4eb4165c,0.18886982,0,0,0
6dc22695d51eb464df4bb27765b1af18ca757b9e,0.21221082,0,0,0
f028a548b933c73c85c1f15a4900fe93fc1c4908,0.39804798,0,0,0
546a1c7d5d40f45e7ce2331255c1763a5b04579e,0.33550507,0,0,0
e66d8cd80c0fd29925050aec9ff96095617dd076,0.037658777,0,0,0
73db5970c0248433d25be914308f76b03fdef175,0.38561493,0,0,0
3dada3ae68d58491197deb8a3c1cc3f5504a48f8,0.5171829,1,0,0
791e14cb9c8ac13fe4506470f2b8921c3cc542da,0.31753662,0,0,0
5578e731d97d974902d923da646650228a2a1446,0.30673674,0,0,0
b1e2ae4c902691bbce02a90b76c4bee1c6e58455,0.3806657,0,0,0
db7540e045fc07ef39d37163a263615c6e580efe,0.60454875,1,0,0
0a0ebbf02c08e303eacddc45854f8cd6e0e0f9d9,0.43956378,0,0,0
6a8f225173324e4bf593b3ec2bd60015e80d3f08,0.23707724,0,0,0
ccdddfe067274bfa3612d9e866c2f86c2a6c87a7,0.47767666,0,0,0
6e552cf090053ecbb1ab4251528754373d0dd511,0.40162677,0,0,0
c57a14611951a6587f8eaba95b5b6b378997385a,0.38449967,0,0,0
9b4f29d41a71f58e2a0a31d03f1bb8117a9e8d60,0.3754961,0,0,0
e6e6c2d91e0e8b6549b5eda8973e5f3c150a7774,0.08779831,0,0,0
ab40eadf2da890903f4c5d74d0cb6f5459a5f995,0.16888458,0,0,0
7b80edbfe28a488e1bbbe69741ff9f8432a676b8,0.38781014,0,0,0
6e710a1f78a4a733020a4b2d1f07b6fe4c6684f0,0.6309822,1,1,2
951b253fc38c09114d0fe273a3758a15c151a8b4,0.62627894,1,1,2
f3539c7eb312b127122084279002d3fd238c9a17,0.5865734,1,1,2
7aa5ba380ef6aea0f2f594873b4c7378adab0f18,0.60797787,1,1,2
def1380280b9be6d166d3938ea4b0254e9b55dc9,0.5856096,1,1,2
cc06ae9bf7a1fb6cee46c40d2a6388ac05d3f5d1,0.5525616,1,1,2
7972f1ac1b85a5174c9f293ad98abc87edfe42e6,0.4601375,0,1,2
bd1c4ff86fa21358949e925274f5b8146f5d02cd,0.509713,1,1,2
be2aa80bc371d600ab2230c545051ea6454577f5,0.29910246,0,1,2
68b033741b02c3ae54d649e858790732bc5c2d27,0.42374888,0,1,2
4f5d25205a9cec988de300a452d641a155406b79,0.48492807,0,1,2
d1e97bc85338c563f4f732bcf917a08b3cbf4792,0.57793164,1,1,2
d40c01673e866c3c3b5b51bce66e9518924cc31c,0.559005,1,1,2
5f7d5690a97b2ad95bbe381695638f0c7ca2c4ff,0.6154687,1,1,2
8d340a008767c5d954b7539e825b4c90eb15ab9b,0.64520466,1,1,2
84e490b66f61e11366b62efc42e64b60ae7db35b,0.31275958,0,1,2
fc939bf6838f4bf986e0b42fddee3df6712371a5,0.2936916,0,1,2
5c798eb50aec6040f415b6def1912d4345f8310d,0.3552239,0,1,2
d1758567765117cd395ea47319d3acde7fc663b1,0.37586606,0,1,2
517b8beb06f63301629f0ec3f58f6b667061d3fd,0.33858728,0,1,2
5c715cd84d600c0df0215846efaece2ab4673546,0.38273892,0,1,2
dff4cea14174548f52d6fcc66c9bfd7a339b7336,0.52161115,1,1,2
02ae34d1d3f3c9f9c25160cb14c119958f25af13,0.4884724,0,1,2
8e0e1c32ff1ed1da4f09fc9917812e6457e6fef7,0.5877175,1,0,2
18c5b2536c114c86b810bb3ee94474fec596a462,0.26805052,0,0,2
c6e4d8c9f534d3e70e79bf718e40724d56186109,0.16912651,0,0,2
5b5ecff53b50a67179f6245bf60047c59f027e26,0.26751816,0,0,2
46dcd98ceb70720f96d4cfa23b001ff108bdaebe,0.38773996,0,0,2
dcbfc80c4a14b91194fc8b74760b079cc0a4ce42,0.46330398,0,0,2
23492711d234f2fa647bac46997e361bcf985423,0.274123,0,0,2
f10279a29d47d389a31da907695673a992555adc,0.263282,0,0,2
8d5925b52b48b4c69934ea5c48aa298a2ec74e84,0.18366855,0,0,2
a30aafa016409048747fe9730d6f7892eb12d7c5,0.5234151,1,0,2
a3611513fc4de7234ef49ae46d646b0795ac7110,0.5653399,1,0,2
d0eb1d1dd1d9aed27c433d78a76962340fcbfc1d,0.43732473,0,0,2
1ae9dfaf45e0a51ee7d604551f7e1932d1787975,0.58736336,1,0,2
1c2d56e8a91b0f64317a9e02cfd4b45b03d3019d,0.051881224,0,0,2
2cd92aa6e3f44df6b0552a28b83022a7f92f8946,0.3888771,0,0,2
79ad715f02e02af76da0c6e47c164a80768a01ab,0.3930612,0,0,2
e5b948a1687270192753993c998d61c7a91faf49,0.23100454,0,0,2
b81a48d78dd9be1c3eae57cece4c88df92c30247,0.42967153,0,0,2
0b873b95a840f8cfdb51f4ceea3b524d46d20715,0.2910194,0,0,2
e350a38760c93e373562d6a3e906df5904250146,0.26360184,0,0,2
660431cf4f7e2bda887a0e35ad3a76bdccc14110,0.39002553,0,0,2
f65e9aa63f8f266023a986507834585a9580c555,0.32359704,0,0,2
535cbcd9f20b29b3c5a5d69f654cde57969b3788,0.27755982,0,0,2
2d650f890ff1409f2944bc56cdc4b518b35e06f5,0.2615034,0,0,2
1c4f7bde1c8f7d8c0e09484daa626fa4f40e38e6,0.32314342,0,0,2
b9a22fb6f6f460287993d3cf087ae5ff036a6c21,0.38251624,0,0,2
14d6a09601b68f60e6b18142b597a6890e5d581b,0.4581283,0,0,2
54fdc54dd24c9ece2bfc32ca12e88545ec923a96,0.3719045,0,0,2
0ff7c091143e8326eb88dabce078ca76778a587b,0.17534608,0,0,2
32ed6601f216dd1300876719cce837bfa9824e26,0.17800161,0,0,2
7df11e15457e8d8bf4e5730d20ec2412c429e091,0.17329136,0,0,2
15f7f84678a24533e42f2fde230c5f68d1b33035,0.44191355,0,0,2
2499f70cabfc8d17f2c6de124a81fc0940a70fa9,0.062942885,0,0,2
6526a5e83c1fb9644da34e44fdc5a3bb8a357c84,0.20005083,0,0,2
5904d90ade8663f5552b51036740352a9b796892,0.15896374,0,0,2
fdb75911387f77912c37dcee0af4a2f2e0977f3c,0.5579796,1,1,2
538a97b115ba4ea44c57898ac7c4fbb77fe0e9b7,0.37181824,0,1,2
fa0478f4f6fb724233dc3e00a9f8dc557ce7cdbf,0.5069627,1,1,2
ec81d7ca5100fd97fe8428db02a2cdde967ac87d,0.36247337,0,1,2
81c40b9820625d3f529b116baf6b4a3d45dd2f75,0.50094306,1,1,2
2b085ae34295d5ae1d7eaea5a55a2df220bf1bed,0.21104342,0,1,2
d6a354e203e4901d3eb6a36b3aba620fdb222da7,0.3365699,0,1,2
37787b96ab21fc226ff267aa26ae58a58b2d20f8,0.47836822,0,1,2
f2f704eabee027175b0c1eaf934c08e7721a9b24,0.5269195,1,1,2
e1fc87d2d57c2d7ee941e651f33b582fb000dd73,0.66724694,1,1,2
fa8f024d082998c7ae48b21f3eb6f8f2ca56a719,0.58050627,1,1,2
6bce493e47fdac9e64a9ae1cb3c358f31975a43a,0.5138559,1,1,2
9daac904cbc627e4a43e72f72159c552b25caf74,0.5805867,1,1,2
658d5a97c708a926b0425585f9437a0c1fc2b81c,0.5551717,1,1,2
db695fe90b181948f271e4970ec83d4de9348577,0.6285643,1,1,2
9c06ff87decab7357d44d8766f6a277ff887d921,0.61056423,1,1,2
198d448ceab2bc061d18a1a689056bd2b96b76c5,0.5512776,1,1,2
46b15af8c5fbfb026be350ae16eca89fcdc87aac,0.6013051,1,1,2
b7e86cdd772cc47a031d187b79d075af8155c2e0,0.6142945,1,1,2
198e589e62f687a91d4c27057ebad918e9f9bf3f,0.5157163,1,1,2
fa510146c09a498e25e590ef5cc558074337fc4f,0.6139929,1,1,2
badca06dd1c70207215c7186a31955901b637661,0.49959967,0,1,2
91ac1574aae31a29baf883d2cf45e4e1f5aa9bbf,0.50256586,1,1,2
82ca28e2ec8fe9771f01b5aab3386311ecab80df,0.3604106,0,1,2
9f8120beb6b351608652002e057f97f8f6c0dfc3,0.54793996,1,1,2
c66b23747627a2b432e0068561d457cab9f97ead,0.38828915,0,1,2
a6a5e3033d424468cbd3a6af051aabf3b5bd4d00,0.6021377,1,1,2
2902a9a3c07e881dd7aeae0a55189facfab1966c,0.5614323,1,1,2
fe487b3336f8279d8b74eff05c5ebfe6e01281f0,0.40449274,0,1,2
3076802a78f14eb1b4f23831d5a1ccec79b26554,0.3921403,0,1,2
5063d256221e7fe8a8c433401bea988d7ccb0a35,0.65043557,1,1,2
a6b9ca3f71d44dbe2562e13d63e4b30fcaccdf50,0.47736788,0,1,2
81fec3193ad12a0f78eb021c4a1548484595860b,0.43617377,0,1,2
902a680951f318488a4bbe0184a3a223c5709b01,0.6615816,1,1,2
b84f786db6d85cbf9973adfccdf135cb71824b87,0.44985765,0,1,2
a2b5c7a9aa0b5f617502bf6003d43913d507a11f,0.630167,1,1,2
571725cb7bcf091b5457f1e2a857aa51e8a70f7e,0.5371081,1,1,2
10118c9c1b00d31868d6ab43e8171e3c16efdcfc,0.35207844,0,1,2
ee94e6d82370b6b6086cae2693dc2fe31388fb64,0.32941577,0,1,2
dc58a824466ed492fc6d5ab11960eb86584eff26,0.54049534,1,1,2
56c04300e8f05bdaccc2ec60fc751c09d86b7b68,0.31379503,0,0,2
03542311e2a461f0324ec700e98e78b5540bcff8,0.04510237,0,0,2
4746531428aaf9e3ae7d505b5a203350d138ea41,0.26873648,0,0,2
05b14fd01e43ab8a385bcfb53102a270ef2d9375,0.03357824,0,0,2
77868bf772a03d61701bc0d32dfafea63a0382c2,0.11473619,0,0,2
83fcd3e1e220b9f3aacc63aeb4da0a898684dd0b,0.04730351,0,0,2
dcde20001063fc25f622e4b1c7775f735a7255f0,0.07942467,0,0,2
82bd5be8735c01a767fc3ebc3eb92369ac68302d,0.39369428,0,0,2
e1188f368087ba4bcfada44d645e4f8661d7f9b2,0.54891366,1,0,2
2c03505da053d07cd3f729692738912bdfc2a5b7,0.061491605,0,0,2
3fd058c02a1f8881110409be33ad56d3af6386f6,0.5084784,1,0,2
bb3ddfe426cf4ff5390f742d35bdba02a4ce7624,0.08120598,0,0,2
09b1a632c17b34650d2bcf748be14690c9882e52,0.1058465,0,0,2
539e1ee1d68c27defd0aaad09a1a0b68e059de96,0.21160637,0,0,2
da69323b29fe8e373364b9399bc67523dcf2af62,0.31493556,0,0,2
c1ad21bf966d01dc5cceca82f102c0f7843d5617,0.034827463,0,0,2
efa756288e712849c78c4230df05c2d1abeba91e,0.3281554,0,0,2
2f757454dc41f4d130234aea68b348da4f12a0fa,0.06080603,0,0,2
24b5e00be753889e4907473ce57271acb290cb67,0.37575725,0,0,2
7f293a06a0b7ec9b554d51f150991efa9b7dd54e,0.05062215,0,0,2
95a524ea06e546330ec3d95b9c139b7edc599b86,0.045328494,0,0,2
314dfa80d4e815ba3c689cd3ad0d508209665bf6,0.04116492,0,0,2
c07d659cf8f7b16452472da6052a1de326bcb6a4,0.051358007,0,0,2
545536e34f180edd32fbb21b0a5613e6407f0980,0.040713917,0,0,2
225afb8bad88c9bbb70b24d9ac3c28fb21f39465,0.090816975,0,0,2
041e9565ab8b187ad0b88780a5fc0a5ea24f29a1,0.07038235,0,0,2
c4828bfd09ea8c579fa8840cd77733c64b8ebb39,0.4214057,0,0,2
dcaacf4cae54fe199055830f097d4ed504b3238c,0.050730333,0,0,2
6f22f4b49c2a3a59840d28e6cbe0c37a56ab1f90,0.3573393,0,0,2
41fefde64401d2173ff019a896c4dd72b4fa5636,0.5638065,1,0,2
080e96a6cdea2f5fe8727b8249044b89bc54395d,0.08902581,0,0,2
497147e3e6ba0a50c32817e14985ca5bf1041f9d,0.06326784,0,0,2
40708bdf04dae6aa49bf8f3617f2efc16c83c5f8,0.35872716,0,0,2
84ad767a87c69a265e9105c51efdd87ee57b8635,0.6510939,1,0,2
f0e8d41fc8cc746ba9b66b72646db6bd8b25c6fc,0.1323551,0,0,2
df5930892d9c6eda392b96bdae2e7afd342f7866,0.21795234,0,0,2
0cdcb1fd8df9e9185cd3abb128d927d25d7de8b5,0.10759183,0,0,2
cf15c51722dd4b406876dce1ccd52eea787d84b7,0.030639619,0,0,2
b691f81b482175665b45cabc056e58ab0df03ff8,0.4440407,0,0,2
fc8ef4d22c95b13b907ed14b19cea8ff5fd1e653,0.114454836,0,0,2
8054f746bbd6191f5a297cf6f7f26f9fefaba307,0.054023825,0,0,2
fa21d6f7e70f057c42d4af9c40ed47d3d841e5b6,0.07556488,0,0,2
bac647543497f0aa2a9f92fe726e1eb18631b4cc,0.063636854,0,0,2
cc6ace18900eb92606b6a312cb1ac5c4ab5f435e,0.09690837,0,0,2
c947676916c99f2feb5e183aef9629a1b21d863f,0.45618263,0,0,2
1f3dd9ff8a4f8302eb4c0bf4072d2bb7d8aeddd9,0.40222222,0,0,2
ca7f64f016d8354aecd38ef73405e1b3267ca791,0.3270299,0,0,2
06005610265c342b52051b997a43ad6e963c5a0f,0.16539957,0,0,2
4a8068579ea5bf1e637f8bed09a203508abde315,0.4284537,0,0,2
30c217ec400b9175e9490807748ec3e48fe2ba22,0.46242023,0,0,2
d80acb29c04a8e92a3ddbc539b0be8a521098870,0.28025636,0,0,2
e43138b0b5f0912cb358c0e73eb6247b273eba75,0.37250945,0,0,2
1b84f2ee7a41e8ab12faa73130187763ee5858ea,0.33697447,0,0,2
4b5ef21ed6104befc80e1dd501f964e7ca6f1ce6,0.35558248,0,0,2
c6c1971ca1fb5054a0847b0884488165606bd703,0.3519872,0,0,2
68e0a9c71443738b1842e99925d37bf545f5a151,0.0762764,0,0,2
7ebc8107a22038c06c0b0ff095f9f73d854e1422,0.20026273,0,0,2
9003b5b5aa4465e84c934819f45c1ab4365dc51c,0.041952815,0,0,2
4b8647bf6ce2b478e6bc90d0158ce81939a14378,0.4440919,0,0,2
2d1614a2077eab0b981d4a0c4c6e10a7ecda71cf,0.24668114,0,0,2
3631295c437c5b8915afc7b2b259496eb2d5d782,0.052559473,0,0,2
b12610d35e7798c66fc1d9b0811d10aadb87569d,0.4977032,0,0,2
f3a785108f853e327001dcd435e92525d7fba96c,0.094272375,0,0,2
881a4ee8db1e1826b749579d2284ace982c953ca,0.34879863,0,0,2
e91d0f0510ee8d69c76ee89b4e57341418866c6b,0.0911628,0,0,2
8f7c59ce888a687a6c9089caf0c5469984a073b4,0.03919129,0,0,2
3c644cf87ec8c0e6313b3a10b6cfd66279b8093f,0.0819417,0,0,2
fb7e1e265dd9e560b3a3127a6593b6602f60026c,0.22270198,0,0,2
1c9c43c1d4bb76d7e47cdfc9c6681a38305a95e4,0.32665974,0,0,2
18f181ada7826542725fa4a9460307d606695b5d,0.090446,0,0,2
bb7e8951cb6ef08ca9df5fc036217c3a45c4d33c,0.04086041,0,0,2
e280c8636792c5426e54868d464c9d28287a98fb,0.10607747,0,0,2
54a7796ff234a9cbd2c66f8b1e5621f0898402f1,0.28961673,0,0,2
8e5867eda8328e4cb2e103d098d0c9f3c2fab50e,0.05239507,0,0,2
e42da5d9d21438c220768464b6a1f5b36bad92a5,0.1738231,0,0,2
c823ac5673e9da094a3b24b99987a533c548dac4,0.34488806,0,0,2
7573e9eec065ac1ccc2134aa751a191da3ca3dff,0.04157667,0,0,2
1cdc902f3d7cf877b4db7a31f19eb1dfd2fade3e,0.07910586,0,0,2
e9ea52189a92f7e2ab051e4d75c4e0c872034b18,0.04763845,0,0,2
ab0a2f761f4529daa0a1e7128ffb8ae417a0104d,0.049717467,0,0,2
7ebbaea90e8002f5542e22bbe92075ffb5383d2a,0.41875273,0,0,2
721730b00b1dc2ea616a3e7958e4ad15134de975,0.044969246,0,0,2
05aae985d9d0e26cf278cdd6f69672ebe3f8ed92,0.4992141,0,0,2
f7222ca6c3b6c1018a52fd649029394e6608f1db,0.036580976,0,0,2
b285f17023da248bdcb3093283e4b9e930bdd09c,0.19031204,0,0,2
af858a6ca224946195b1923a780678b20cb99603,0.36048606,0,0,2
fa027a4685bacd9e32b3bc7d875717b4457f6829,0.2498852,0,0,2
edf56632b8a5413f5e0adfe2d1b65e595b88a1d0,0.34027737,0,0,2
58693fbcb3236a9adb0f47088d88ee3ef7178cb4,0.27143547,0,0,2
91291520cfd5f6c2c91fc242018860c5d1d277e4,0.046136502,0,0,2
7bbba6995a12412cd7cbe1ca693057c5299ab4cb,0.046320666,0,0,2
ea030e732e3556a2a4fa51bcaabc080927ddfa48,0.05817042,0,0,2
310008f48c0a830138d35b3024106560d55b6bd2,0.33501756,0,0,2
ca22dac3f852c7290f60c3c3a5d66fbecfba91f4,0.060347393,0,0,2
bcba29320f5f6f860335266d6be8249418ceaedb,0.04968971,0,0,2
9dc30fddc109504fc80fb62e33554d54cca47faf,0.051669337,0,0,2
764f56955d499fae11db1aed6e7f0d2d0886e6f9,0.070143,0,0,2
2933e5773b1d64a9348024b2a6e8dc6dc90e6590,0.16184877,0,0,2
0fa8bcc008b6a011d6fe41e64ea4379d0b57f20b,0.04320292,0,0,2
7897aa6a83a5e63da487e72c2735fb042259f6e4,0.093635604,0,0,2
3b501993588d27d91ad526a436e3a10ecc8d6e8b,0.26199055,0,0,2
b353d07bcca9fb62ac387d69d3e99004e27f14c0,0.051805846,0,0,2
6b43922648fe2dfcb4cb1aaaf5d795f00a6aa174,0.05682291,0,0,2
b268dfbb824ef307862e489aef7e71bba4cdcac5,0.07879743,0,0,2
b957ee1646d893fd946a8b9a53c779957ae7a240,0.05155785,0,0,2
996c0c164a083c3dc2fbf2768750e3b3a81d77e0,0.20006888,0,0,2
12ddf37f23cd77903729b3e611ffae10e96ded47,0.07545339,0,0,2
7e6304ce63da6c6341cb072abfd08caf0456328e,0.03456992,0,0,2
b9b73fbef5c0f18aaef22ef60442518d7f23ec83,0.2751264,0,0,2
675d4c8fc848ec5438e48deb2e8218b6f0078814,0.21137127,0,0,2
dc666f419e691e6a04342bdd9cf2e899455a8738,0.06271776,0,0,2
9bab875f03ffea0aacd1d92fbbecc96d491c1201,0.20297053,0,0,2
8d3d915dbd0ccf716f0d15b6b2396cff214d9cd3,0.22681849,0,0,2
326beb22c6aa872cbc0ad3706cfbe706bf9eab41,0.047278304,0,0,2
ad882055edb50369bd174ae56a372838aa89cdae,0.31349316,0,0,2
a7363a2ae67b585790896de45f57154474480fc9,0.093143605,0,0,2
2bc9e7ea86a8cc1c3b2436c46115c87080228004,0.03745071,0,0,2
76f154179b8dc6940355d7fe7db468314ca39e84,0.114830665,0,0,2
4080feff61e8dc1cd4af2361990c33c9f1014147,0.059070878,0,0,2
97accb47de63ee5063eda23641c6017e29ab81d7,0.079832874,0,0,2
cde43197f980538e411d851735ac7a63ddd613e1,0.174623,0,0,2
0dec6e76fb544fa3e8bf5fd17f16314735971dd7,0.03935595,0,0,2
f820d06fc0d1204b0cb386214ffeb42ccec669ec,0.17498614,0,0,2
566c4d59a177be4b65d17540576eeb34d28d24ce,0.45301303,0,0,2
a516976947341e0e18bcc0858d85d34cd0c02cdb,0.042155508,0,0,2
7200c43dea3dbfbd9d38b937c44b6e71744b05c5,0.07488981,0,0,2
596ccd59a11ad5e9fda19ccd0f4fc714d8d3394d,0.05697394,0,0,2
301ad592142079d36f4d33f5309c103c7f4f5dfb,0.054973584,0,0,2
f8a8ea748a0b3015490ccecec7b97f0ab2daf9c4,0.35327703,0,0,2
8aec465b44dedb7deacf80111ea5286914093094,0.117130436,0,0,2
34f3f4196084768b2ef6b3db4608d8eccec50364,0.050854933,0,0,2
c53f2106109153eda10c47a6960a5a579d1530b8,0.35391453,0,0,2
17f52a2e559e68d5c6ccc98fcebb5523161fd0ed,0.23076534,0,0,2
fd7a4362caf2cd69368a38f2f71ffe19706e341c,0.244357,0,0,2
753f278d10fc0c92e912965379401ac182644101,0.25253794,0,0,2
491786ce4182daa57ea61deaf701f756f57f6f1e,0.03484279,0,0,2
de73ad3115c19d5f0771754d233d74055a2a10bc,0.36401203,0,0,2
d5f586bd4e1a20fc09a33aaa5c2b9320f4a2aa72,0.60697806,1,0,2
8d4fd1dabbae4d7ebc2b273af9275ef8bd0e1ce1,0.4810807,0,0,2
6e5eedb3fcebc5894c41733bd26c8b4d9197873b,0.6087758,1,0,2
3b7d0b95466139a147fc504b7c18897dcc826c65,0.3492143,0,0,2
6a82f92584b36e28798479c82c0d3263c6347b90,0.5490324,1,0,2
b8e9475505fee98aae2819c03a33c7aa3db843d3,0.0459556,0,0,2
a14acdf6395f588dda7597bb4c7810dacaa503d2,0.04980094,0,0,2
85a20aad64be04127106f492e26f6ad6d6c228c8,0.45215142,0,0,2
1325e114108136eea3fe77a4a270a2da7eff98e2,0.3034871,0,0,2
bae46709ecb13f80aaad0d279b3618ab83d09275,0.03875346,0,0,2
dc5f850d1d9b0b952b7f0dabd6778cf0f7675cba,0.039239466,0,0,2
b4abfb93676fb0abbab1d9bac40ba2714a3872f5,0.030761052,0,0,2
9a9e7268162f9fed146c74a8acbd234d9bc2ed84,0.028272627,0,0,2
b262c2359c9ed53dae3ce2ce7a0092273f4eec65,0.29290962,0,0,2
c30b59103b6f1390b0040ee74b985248e8b1b849,0.4284167,0,0,2
0f36265123605cac6af05b7b8c8f4036b58f4da4,0.045471493,0,0,2
cb177b56b7664ab323558545737646896f4d7e70,0.044550177,0,0,2
15bdcc3be2b84f68ddcd822da52ef045ed89e57b,0.21181993,0,0,2
6a8ba1fecb47e5ffd5387654d0cdb7c372ccdc9d,0.40525317,0,0,2
75efbfd6b21ab36fdbc440bc001c133f824bdc3e,0.26424852,0,0,2
f7e42d2ccf949a5893a439227c8c6bafd2598f26,0.055893958,0,0,2
c7fcb448c99ae5fe9db9b217bea1233df3ee6e57,0.2528169,0,0,2
d0721feadc1e0cae6efa3e0d82f523debc5b8d97,0.44127306,0,0,2
5f47ad718e0ffcbbe6cd2f8d32b2e345c4af3a48,0.14501582,0,0,2
745d383af12137ccbcbe1f3cb4c9db73f87a66ca,0.26932716,0,0,2
d746a54c2ee50711283bb49e557f58ca491e1bac,0.06109264,0,0,2
a56d4998cf16ff08f5593fb7d4dda66ca05dc269,0.032978263,0,0,2
03e65c98da2a0b2e27b14713543c2a61d56b1237,0.27398357,0,0,2
0d3545e5f68d024cd4a05724a15746d8dad986d2,0.045781013,0,0,2
6b1b592887d9ce95fb5af1e216bff56b18c7902c,0.32444414,0,0,2
ccd0fd51a5712ef1d85110eb61130c906fe4db13,0.09090162,0,0,2
d98897b11e6f4adf1d0a91591b1bb6be501cd29e,0.09383529,0,0,2
4e08e17ec536038c9c0dd888f77b912cae82816c,0.058164604,0,0,2
86eb3a2fa74988e4ccf3aae7f4b77edb84555320,0.050711207,0,0,2
45df5da2640f8f097915b8a2a0249ef0f6cf514e,0.42316738,0,0,2
76b7413d2b1eb2dc22f05de5b76f9519be5142e0,0.06716631,0,0,2
bfb3cf8bba6aab198c4644e236bbc9f3807111d0,0.048909247,0,0,2
093e3bb2e3cd9992f3f0d14373d406bb9b2ed36e,0.24709208,0,0,2
c440f668aca99266b5379235f6d99d378630c938,0.17024101,0,0,2
a1c5a582760c7f65572d0883fbcedc843332d7eb,0.040145025,0,0,2
0a499402d707bc8cf775d7f9b3840780a7401f7d,0.05728282,0,0,2
8e4e5221515f820108f48396a18ceaed73de8dc1,0.045660928,0,0,2
3a4e18ddf151a624eb5c3596ce8400ca4679ef97,0.05708616,0,0,2
8ed40d530295d819e0ca964b2d4542f6ca6a9929,0.04761908,0,0,2
a6abb8b00355db97486ab5023305c3f4e9e19ad3,0.3782616,0,0,2
b494caa01985c623601735f1bc10871cfb8aa048,0.04053596,0,0,2
5597ed7ea300ae3d08cd893b0133bce26038a7df,0.0424772,0,0,2
002276ea313fd880122502e9840b43f996acd537,0.19768018,0,0,2
bd5afc0b5a977c168cf046e3244477b48fa72c5d,0.07897498,0,0,2
b313ae68888445f4c08521bbc8d19f39310c6890,0.040270947,0,0,2
a675ca7802065f459a96bdbd593d8dc491180cbf,0.05286871,0,0,2
8be87e032a8c05622148357f30bdca3c614a669f,0.35742995,0,0,2
96eb80efe1da48f37846aa899260aa0c84b15944,0.19048291,0,0,2
75c2b24c681e314c4e4e07243b31430ba4e42723,0.45218715,0,0,2
276e22858cdd56f5725e0c2f7a3522df99967973,0.30308545,0,0,2
471e6b078a7891aea99b77f200e828a7b1c9bc00,0.3575596,0,0,2
6d7ee38ceed6b496d70502e276f80be6de618014,0.4284109,0,0,2
5cfd99f0dcd0d10689e480f0854e859079f125d0,0.27459872,0,0,2
ed6c47dd9ebbb2e38fb3e17a2b961f0fcf0e6df3,0.29367524,0,0,2
1fe7a43505aa9d00bd9dde45aee77935a5147561,0.34806976,0,0,2
387880a630c65b955a3329a2f7b987214c41f6da,0.3458925,0,0,2
cf4416a84203ff9d360d4398da3b166e6d0c72b9,0.4383669,0,0,2
a7fe613853516f0abde34821996a0424882bb919,0.37187648,0,0,2
7a8a7783315917b56b6a71c4f28cec4ed1d91a7f,0.037507273,0,0,2
9c545d44a4a703c88d417a6fa43298a80ee67735,0.35102418,0,0,2
4f73871cf40b6dd05c8872d39246c67f798ed915,0.16320223,0,0,2
41f297809965523fcd021bef20b304b3584d9b4f,0.038788103,0,0,2
03178c8b15f1b522b98ded0f83cfb0e79f5ec4d3,0.2903222,0,0,2
f70741c9b216d3836d047c542847920d4778cf9d,0.2600495,0,0,2
5ca0a1c3564d35293a5ecf03e5f32e6f0f6f445c,0.18251596,0,0,2
4c4b3e2e32ddae35e4c1a6ffce1cd2b2eafa958b,0.06865707,0,0,2
72a46babeb0da02071e47425ebd55da915b98178,0.37904087,0,0,2
9c51e5316babbd370bc32aed0fee134216726ec9,0.2325646,0,0,2
392323e2d44bacdac605c1a4f037f06e21dcc239,0.17554729,0,0,2
10dc13c80752b0489d291b54440212ca54c59fee,0.24547732,0,0,2
7b9df59a96adfce979c8c564dc5eaa6a29b7f25f,0.068404146,0,0,2
818533e92bfb1c142ae4ce5be18ab92d1ae17025,0.043689586,0,0,2
47fa07eade06908ded4206651571e71a2fe684a6,0.042072527,0,0,2
46e97d9e04591e8198ff38bd2949fd5514da0d3e,0.045310576,0,0,2
08cc26e70bf145aca293d55fce12aef835263f53,0.43575862,0,0,2
6c21bdb4a107b49e57c9e5d6598d13ce6f85fc5d,0.5722874,1,0,2
18a027b1f04e420c18ae57aebe8fd031b5ff251c,0.3158349,0,0,2
82b84c0fe9054198099752a66575cec0c47524c8,0.4985431,0,0,2
b10b90b0a3947bea98e3646e7d29f853f3b5c6f7,0.2837172,0,0,2
8c141a1705808491f16a27b53e1ff0db0a2807fd,0.6094147,1,0,2
40f969bc9e162deead55967da3c128e2da933dfc,0.5365764,1,0,2
f348d34fb1ef3c968e2981283618aa85db203901,0.3293263,0,0,2
999761ba1bc5da820a1d2527c4aae29d95a7013a,0.25806904,0,0,2
ce131449a4ca0b06c6bb27ee5d8d6d89b1467bbd,0.38636327,0,0,2
924e1e9064f90d958b4f57e9c9c0c543bd19dcfb,0.41724932,0,0,2
f36090e3141cd3cd6fd58f1f46a30af2582559be,0.45061222,0,0,2
6fe2094e30107512e470571bceac91cbedbd21d0,0.47060063,0,0,2
fb0078159d2463da149de54018fca79a9447153e,0.39204687,0,0,2
73351b6adbf403600521505bef288057beb2bdde,0.4197597,0,0,2
079a07fe18f654632b80b274f247775582261e5a,0.4517769,0,0,2
4158323ee456bd412e7357a4a6bc8bf50deb5d9e,0.4080548,0,0,2
2fd6c8fa1e392f985ee860d8ee154a612ddde569,0.34353077,0,0,2
66d0a9a0a00dbb259425f17745f7dddd7e676f71,0.4646045,0,0,2
e14d9ce8e3c57b7352a647c0a8e62eeb88ebfba4,0.37634996,0,0,2
9e0c5ad4b3148f42f3940faf7d67b305e34bef0d,0.33918592,0,0,2
fa1aa44c7623fb2142e588c59eaf56db7bc237eb,0.29783106,0,0,2
8fdda846c4653b6ccd49c47a9586c374bb20a255,0.5360397,1,0,2
a94ff90ab6cd2d92ccb2eb1fd7913b4e5256f02b,0.2033359,0,0,2
268bcd622685b28c2d50bcbce64ac38f7e90390b,0.50072956,1,0,2
09e31a01b51d7418fa0034ecd4cc11848436fc18,0.38536754,0,0,2
487ac1980148522d628e1d2aab50b107c372798b,0.44526258,0,0,2
34646ec9b52192a71e52ffc09cf7fefdd506c48c,0.44293472,0,0,2
7afc1c34fc16ec04f82105f9106b7d1e5232c4d0,0.3096006,0,0,2
00439211981af7b5baed495f526ef8ad76ee7c5b,0.14566408,0,0,2
1d635088f697178660b6e1c9a89d2b7d3bbe2d29,0.47379687,0,0,2
a4a62ed7c1e3c7aae09324f0ad1c6078f0fba471,0.19112827,0,0,2
b3a68ca842841c4b9713462d5f01742cf71a6b4a,0.39266863,0,0,2
2d868410eead061d59de524bada4de9e3d2bb442,0.40939987,0,0,2
813aa11d505b9507b6795d36070806cb2d96e5c2,0.46269262,0,0,2
88b29fa46bcf6f56df4213e1ba7810735a28d755,0.3723791,0,0,2
eca374db08ffbb3dd8de746632fbd74acb8f2c92,0.481435,0,0,2
2ab17f529d07c1f618ea08d968b2fdf3a382a792,0.38463157,0,0,2
9a87c766bb3137a50656871e5dee5a309543bc7d,0.34639904,0,0,2
9ce4e1a371418e5eacc69227885815f9a4221c65,0.48325443,0,0,2
c7f7da754a911302dcaa6935be6fded84e1ac348,0.6175934,1,0,2
4cbb388ba9099be121f81d75000acc3af93bf993,0.5199437,1,0,2
87497c72460c9c58f829a372d741b386fc2ac8f8,0.04269035,0,0,2
921d0d60d40d8fbda29f14a64e848c70026ea32e,0.47081327,0,0,2
f9e72000a17eb9d524b38a9f2c982c037dd94891,0.038435113,0,0,2
e34f50dd1083fa8ed9fe25fe701b64bd2ea7efc0,0.10509655,0,0,2
581b474f4b194731eb9cb22cdde7330a1ec81c3b,0.051994693,0,0,2
e0d17fed51f5018fc34578699d824c20efc44368,0.05293692,0,0,2
4fc5b3402c58d6a4b317bf23b896ea91d22af6fe,0.3190459,0,0,2
d8e2f892e48423fda73204be3ec239d282e71c65,0.04299988,0,0,2
8d6d088622f8e4ea89e66ccbe097510fb4c932fd,0.06737682,0,0,2
f0943a7242041a16c8f7fca845592e48bb19ac74,0.0570567,0,0,2
d1123894d33922e7c8ca838f9dac9bdceefa3f7a,0.05906745,0,0,2
fb83ba3fdb46537a36832a900f124d4c400f7ed9,0.06788281,0,0,2
e779883b29a67d411493f985de984ffb8088ca05,0.06310212,0,0,2
a71c820baeb91025eaa7f07b172a39500c6f5692,0.3676572,0,0,2
a4eff51bedd73a0ea56afc23b1021187dd03561b,0.08490539,0,0,2
8f6bedeb724fa78583c26423aaece05cfddc04c9,0.07966403,0,0,2
fdc116f0bcda6d1fffbbe505d0687b0406e92fa6,0.08731516,0,0,2
66608db56c41e91ee34fdc1e6157d69b69893fad,0.09231036,0,0,2
5366158572bd88f18df7883ab823ea62b7701d77,0.091328174,0,0,2
2df0a3be66f6fa1067d976d7a05500beff7eda53,0.1490803,0,0,2
e0b2c86c8754312d1e89307fbf84e6efbfa9fe0b,0.042500034,0,0,2
050dfa6f0850174fdf958ce6751d2f06900201f8,0.36986685,0,0,2
7530b4bdceef0ef37af252f0b97978554fb9b99f,0.5675156,1,0,2
a6eda3d8eff423ecb4901aa07339364732c02ddf,0.29714006,0,0,2
a5035d0e1cde068320984d789473e1140adefdc0,0.036784526,0,0,2
dff43a0530a6fbd524e3af24795cf6b92142735c,0.34160307,0,0,2
1d5f8faa87a410fdd1141ad82f270ac238293770,0.05911726,0,0,2
82f4ce516c18ef5fb3096f6a90455fce90a5b290,0.06680146,0,0,2
228b49fe2afea3376c4f30f80bdeb70d083a9206,0.06908396,0,0,2
adfa016f3ef7ff262643e0f0a5a54d3ddb7d7e1d,0.070735216,0,0,2
f72b5e65c0c5210cc0be585959ae84fdbc87aced,0.08795442,0,0,2
26d668f6d5a2f202ef7ff6a73ff3cbd7bbdf4b06,0.30230117,0,0,2
808149305ba26224917e29aa0c0089701bd91936,0.079569995,0,0,2
55fd738c86ea1796d5152d818ab4b5060bb11803,0.12996164,0,0,2
7a8dc00b8be18a9271e2d9c2444ba91077ffafa5,0.34579343,0,0,2
34515698878ff0a4641e72486f0ae8a7e30df0d5,0.31679693,0,0,2
96f2b16b3efb93580e6aeaf1da97d9dffd5e260b,0.097715,0,0,2
b577805347d56f1927615fad311868a3537a9cb6,0.04777021,0,0,2
e366894658914c0f2fb41cac003392b0dfa6e4b7,0.2738875,0,0,2
3411f29e2377788cdaa5a4eeaddc53355f085a78,0.15126573,0,0,2
880b04814c564ea7a1bb8fe97c15b4735c67e8e9,0.34734333,0,0,2
8ef033be5c92a895139b4f910af5a7048f340cc7,0.3333648,0,0,2
350c477161a0d1df94efa02109ae07e6acbc527e,0.2879142,0,0,2
0880a21c56cec1a2442b5123c3845bfc99e83a7f,0.59820527,1,0,2
84143c462986417ccfc5e8c05481e983cf668e2c,0.052206017,0,0,2
f16d5b1722eb55c2d55eb623999f16799b088b98,0.06688512,0,0,2
ac37165ed7a22cbdeccfe348b10245dc83b414b1,0.24740301,0,0,2
d9ae4e2601d4c0744bbc275b6b4f503477b789ea,0.13861914,0,0,2
7c1a59fa7ab58f5f7cdc124ff2667cc501570a4f,0.047785547,0,0,2
93d35c8f291b8953f8460c0eb02a51cc6d6cac22,0.2848594,0,0,2
b77184a2189c8f91100d148354d1fdf38e83d13f,0.026580218,0,0,2
f81e0465460ff9abd450eda836bbb4f9b13837c7,0.03964963,0,0,2
6fc152e4177e0482450b13eb7fe496de677ce5b6,0.4400717,0,0,2
0c9af5f450ce73da9b791051f861cb9a6420e0f1,0.13692604,0,0,2
11409e628b0461be3c268f81642ce36bc4b0bf84,0.34999204,0,0,2
63a9488f2910434851e98a8fc0ec8c053b24083b,0.33580673,0,0,2
d70736425701b66bd64ad3aab3941bb930a18b66,0.22634587,0,0,2
7331773448c1f2e0b24deae4144db0deec85fc07,0.35136694,0,0,2
11a7e62a898e54d66936d1b8b67cb5e62578ba98,0.3286805,0,0,2
0484bdb3f61d309ff62da4df4be92cf139d19f6b,0.3488016,0,0,2
f9f632e7056cd9d2b3c88bad50fe0597610e2eca,0.44719666,0,0,2
a3fae474e5cf5084c89835fce1950991aa678a41,0.35411406,0,0,2
f3108e2771083bfcf02c9c67ebd70a3ac0ddfca8,0.13764308,0,0,2
521b9b3385d73239b96ab209cb34ceb5c1c1400a,0.12931283,0,0,2
d7a1666f9a89d9a517f5fbaf283e711046fd054e,0.15379137,0,0,2
022a020bde5afba4f2e9b6753c199386e79d7825,0.1937184,0,0,2
1b5aef881bb3acdcde5d9fcbb6e43ceed6db145d,0.31473064,0,0,2
0caba0845d4363025e619eb3db6f3138b2c3d394,0.03297668,0,0,2
8e71711c1caaa404d84ec6682f1b7b266064c2e9,0.06539322,0,0,2
363be2fea66f861d7ec4f893a05901fa0c7ecf92,0.08359593,0,0,2
412a8a0ba61c84d71c0cc740ba7e50c10f3bf9ae,0.22411269,0,1,2
03380256795725c7d17db97d882a4c4da3b76b8d,0.50236195,1,1,2
653b46857a4a48252bfb094e39ee9937b2079fa2,0.3176217,0,1,2
748cb609306ee5a046a952a0ca13974ef0b6e770,0.64619005,1,1,2
0f9ce497b0c6841e3aca845336ad095012c41da7,0.45543262,0,1,2
36ee52223387eed452c266490a25b4c62f49abc0,0.42299962,0,0,2
a8c6d43b5a61d8da784f0ac188d40b88a15dad50,0.05898198,0,0,2
8fe2360920a8228c10cd59ba0978df701174c961,0.35218215,0,0,2
a3677db89ef3863e8ac7cf578df499f85d970b76,0.09794407,0,0,2
64c51505a82baf8260a34c7e83652ae3014009e4,0.025571795,0,0,2
ccba0cfc3f1b81dbaffa5153aeb84d48cd7630ff,0.23302098,0,0,2
e7c42ed0fb83faa2b57184cb72f6d9e8b621ccd5,0.35254702,0,0,2
633de29fedf11544f2c3d5052890cb014e612bd5,0.37498942,0,0,2
362ab2bc41697980391c4a61c23cb3ef6bce740c,0.3373069,0,0,2
fc9d93db68a3c33e5ead8c7ecb187fdf0f06cc4f,0.19119495,0,0,2
66a775c9feb7dcf00c28a16b7a365af4372886f8,0.57828283,1,0,2
a6a48cfd370b226955a531e678016db414ebeed9,0.44995615,0,0,2
dccc1255413adc1a212dbe3bf40accb70ccd44ef,0.13880737,0,0,2
83b70a377f79ba90f846b3a720e6c402c63bccc5,0.13538036,0,0,2
819318486d9cfb430749ee33d3c5c4ec4417babc,0.37062606,0,0,2
827d9644c864336fa84f15744375ba7412da047c,0.46955955,0,0,2
af6bbeefbf197f50d194c7f20419c2a4590ad630,0.62161875,1,0,2
ae8f5f04574be75727f5e948e04bc649cbdbbb3b,0.32807192,0,0,2
b9cd3558133ae9f26aec73e0bda3a8f635d137f7,0.33035824,0,0,2
f672e826f51824582273fa1f5b6ec37aa5fdb2fd,0.282997,0,0,2
72df12fb2ba453afb57cf185d25c502d4daec6d1,0.36319476,0,0,2
7b42d43fa0827557f51cb4111c89fb2a78512c68,0.07984279,0,0,2
af1b5872ab8355acea3197522ddf94972b3c8386,0.49707612,0,0,2
5c753a87c328678f16bf89e0178448f04194f0b4,0.3478052,0,0,2
0956e2d2338531a96f2ff7d4ab405acc1b18421e,0.3718782,0,0,2
6563275706015b000cc5bf14be7fa9322964bf49,0.047279518,0,0,2
e9e76131f35c112046b9f184816683beab605e9c,0.2509086,0,0,2
843267df5a0b44145d5b9ee9153d17aa5e15cce1,0.66242766,1,0,2
cd64fa339a97300c64dfc434483e478a58f507a8,0.046230648,0,0,2
b0b23c179ac55334f760aa29fce262c73a909268,0.054120567,0,0,2
dff1a0953d97d46290750a46d01be1e1519ae698,0.4423323,0,0,2
35e0ba449325e759e04203fcaa71920cf473baef,0.15307347,0,0,2
e508ad09d79302d3cc6b86077d4a6ddb0679a0f5,0.03668221,0,0,2
a27ca511a591caf813c26862a888e90e54af19a9,0.3631095,0,0,2
9be91f380c209f895da36d13c40b99687bb4c8c1,0.058321863,0,0,2
09c55eb8120da36aef1807628f87bde83749428b,0.2405205,0,0,2
05edf06360cc8a1a61fbd1ce5f9abf5d83f9d3f9,0.035015702,0,0,2
9df5e9419d83c11b4a2c3421c5ff7ea1f544366b,0.08625064,0,0,2
ed1ce82d822ffe185875b7b7d38352f20171c096,0.039464954,0,0,2
10e38114032cb4c585b29e946e1d70e05d52a878,0.31828785,0,0,2
d71ead41fb685431dad02d4bb7cb5675e196b8f2,0.119497545,0,0,2
e7b4025ee0b6152f9bbf7a72a317f977402a27f7,0.43192807,0,0,2
0f3648f749b7b67c2c61282297569657ea6220dd,0.32738855,0,0,2
bf915848967a6e35839e5565e98c716079980e18,0.4853641,0,0,2
7f74708201c2ab9f5d1f83c7052487116b8f7114,0.5946506,1,0,2
97dc91d1545a667b4021b6507d927799e53964da,0.38120624,0,0,2
d9979fa97865b7a57b9da975efb6e6c4d80b0cc8,0.3701814,0,0,2
6f27b4ae8f8ecb62698e760ab7df3973874b1f51,0.091822796,0,0,2
67ef6efb61f3c07e1359e083bbac5d90953cfe43,0.034227867,0,0,2
1b53f09c3a9dcd64dd281c1955b062fc28999366,0.15521523,0,0,2
34adc606601cb578486d4a019b4655c5aff607b5,0.070645705,0,0,2
b05bd69cdd841c02a3b645568ee5478fdbfc07d1,0.41974616,0,0,2
e1f30a1c32eb292e51db274adbe2fd6ed09b555b,0.38725194,0,0,2
bd82fe9fc034e7921eb589420bb4b86dc767a11e,0.135559,0,0,2
13e0ba5aff3fe14eb0e1d748cad4b9f99e681ca0,0.5523528,1,0,2
3b7deb943877b0c2d8627531959948c5d1e4d3ef,0.3876942,0,0,2
b657c914c0005b37e24c1cd74c5f4ce886147606,0.466817,0,1,2
a61fde99657c1b9d11e8eaa682181ea59e65814b,0.19392765,0,1,2
29c067466ed78c3e7948fcb8f0d25b3d984a1a93,0.061254837,0,0,2
fd86d06ec5d3b009f3882dda7903e9913858ee14,0.040791698,0,0,2
a43b8d68b8b7e6d7f23977a7432880290e6c6933,0.37878138,0,0,2
31e4a6df19cf4a13f8f0e9048198ce7488ad2614,0.07266207,0,0,2
3c0c9d83e27e436f9d3646f177bcb0ac2fecbeab,0.3727871,0,0,2
db7a08583a5ebfab310efde6d0636f2e2fc108ad,0.3288828,0,0,2
015e3cd37d128e4ade9b2d49f74f3b4fc07d82f1,0.025918007,0,0,2
8dba68a38c8bdae91c15e4eab35cd83c427d8e71,0.03275652,0,0,2
bd15dc78c74bd9eede3419b70469511f196a3716,0.03774403,0,0,2
c3ff46e30397bc0355584c593d500d2564c1c515,0.49042386,0,0,2
b2d4b2ac3a738d97e23e53cd459d9c57ee8827c5,0.1906829,0,0,2
3e24c28e68e617735b25791b0bc3f67f31624ebf,0.15603292,0,0,2
b1a8299ad223c3b2552f6d03e51c2ecba5df46ed,0.052690916,0,0,2
4e931386569c0a28b7e47c52d199aa32b6ca32fe,0.06605885,0,0,2
ed98d264cff306f7326db096cddf65cb26ff5498,0.028560326,0,0,2
1f07a0bf70049cb0a2f6b52ea7c261da5adb1abb,0.037249386,0,0,2
60bcdd450d6950da981d70b8b08379bdd744c82d,0.029035704,0,0,2
74133837585f81d1c6434ce32f73fc8694d5f132,0.035514962,0,0,2
0e9f604e87a5b42b27abc13a9328846cadd640f4,0.0324082,0,0,2
53a0a9ff85666348a38054e335f5b4c5355a6419,0.032137416,0,0,2
73f3e2b3d6b3f4a7000187bb3e6a4d82b118d3b9,0.025317295,0,0,2
b295635a87da0c20e5e2495103d4877ef0187d4d,0.033151474,0,0,2
8f88dcfc902b5bc86a239756afffc9f3813d245e,0.032110136,0,0,2
815b269deec60ec69f4e5e5d555afe9b98c18cb9,0.028842198,0,0,2
2b0658c59d6285547a5c6de7ac71c7cb134ce975,0.02974838,0,0,2
364232f781d0cc91cd4b83012e1f49e62fa81190,0.038613524,0,0,2
e972869486f85c3424875a443eb04bda2eeb6bd3,0.034680124,0,0,2
780b2281d86cf89cf5dd717c1cf54bbd48783654,0.028878387,0,0,2
06c27b37ccbde70514e035a50ba0a6ee1ff94ea3,0.029047573,0,0,2
1d1c41945a50a740519131bfff4e1875de69dd6b,0.025847156,0,0,2
71e40d0b30fbef976da3595fef8736a4e1245466,0.5374635,1,1,2
f781fcaf0f19766f7c9105911613f86d22b2091a,0.32468322,0,1,2
cb8cf1574f99fc51c9e67b9456ea4d494fd4cf29,0.38421053,0,1,2
c63413182017e069393963d07570ec69f373ee1b,0.46101472,0,1,2
8bba18089a1acf29f9d2433efc229d5c851f42b1,0.28250465,0,1,2
f295b186fd8f6c619d34a8c69c6a1307f2276779,0.6368925,1,1,2
02c7974c113cc2a51d6741491080058470265899,0.40727052,0,1,2
027c193cf1c012cd5bae06446496136a582c180c,0.32294494,0,1,2
4a10030ee78ea8da944f6d52e3c671799d73b5d2,0.37560698,0,1,2
5166f3dd04980177e46293408d998087040d4c19,0.4052385,0,1,2
d37041ca62ea9eab6e777bffc15ddab49941217a,0.5141757,1,1,2
53e5e3fa8531bbb4d70523197215fd19b89c1a76,0.3988444,0,1,2
62e6242804e4167f5c476ae34acc784009a1af0f,0.49374145,0,1,2
324e8b4d43f0260b4857dafef46e8c5f349f633c,0.4427043,0,1,2
9fbc2a346b86872c397ff891d379115abe5846cf,0.34875298,0,1,2
c5a15b2b66b6b4f018589d8f60cc7acc71861822,0.5214485,1,1,2
ebf108170e9a6215176174d84313a0564ddde0c4,0.50152665,1,1,2
f1984c42b64788a0737c3bd43e4da95e015c19e8,0.485532,0,1,2
904b790c41d6ec4629921befd1c5286e482fde57,0.5286721,1,1,2
c2abe862ecb7f980260a7b44d907fa116a6bbab9,0.374432,0,1,2
19a56adb00295d528015045cacd443ff10f7bcb2,0.34171095,0,1,2
e2ea5359798ce8dc77d4b23b0f9b4df33b37f940,0.34368762,0,1,2
ce4385a413dc822f8849678608d0bbac2defbb81,0.47480685,0,0,2
c11215195bed3261d88486d0ad1644080afbb97b,0.43115905,0,0,2
7048667393bc4290f381312243d13688407b9350,0.29554418,0,0,2
b188b5ccc0f1f8702313eab62a5dcc164f817200,0.05685645,0,0,2
4efd950d4dd822f3e087db9830d09cfb3fdcb541,0.35757676,0,0,2
cff6e00097bf7dd97a5404080df3bf7e95813a1d,0.21899591,0,0,2
27214015c725619e0098e227fd29816d0891d4c5,0.2339742,0,0,2
f8fbfc9fdca4b5e9ba1a5608ca17e7b6feb18c3c,0.38637733,0,0,2
0733d7c2ba214415a8d2e4efba5c6e26b61d3291,0.040424865,0,0,2
d8cdd5eeffe9b63949129d09f6b0c7ad2d517e90,0.29510844,0,0,2
e2cf4811ba485b0bb29d7d80bc853666bfbfa958,0.26354682,0,0,2
580e0d1e26ab2a9275f01506f3af56fe8fc32988,0.45437676,0,0,2
3ba27e9f4a29be1922b3a19f9c6c5127f93027ab,0.21473885,0,0,2
8fb1341ad7c460286211f4f2a6be41bb5782653f,0.21043569,0,0,2
041507d3aaf718ae536f9ab66e4eeb4065cb339d,0.30106628,0,0,2
735b1b59862dc1b5f7e60549aa7c33dbcc4095b2,0.31617478,0,0,2
60595251eec5979e14540c6d00043e24905a7404,0.1083845,0,0,2
980366284db98e0515dc5e827aaf4f750699bc80,0.18966949,0,0,2
6c2dbf2885fb4602b8e42bd208ebef66df23329b,0.41221476,0,0,2
cb6ee2cbdeadad5d277a6e7293d88bb915090c4f,0.40882802,0,0,2
a00624cf27791193be74a610723a9a0b0980d23f,0.37746447,0,0,2
911d59f46d0dce2e07a93dc0ff705154f568b7ba,0.035580613,0,0,2
1aa543286acbcb3c23aebaba003fa024a54aabb2,0.4171711,0,0,2
f418eed3089d74caa11affaf947a40b774e9c8cb,0.040053837,0,0,2
a13691b5be40d31099d39f7c8f3ee9970ebc20fa,0.29209235,0,0,2
3e8b8aa06bb7742cd1643fad72d7739cda400010,0.48062596,0,0,2
a1db4c96f62eef05fff532b59300edeff3ef21f5,0.27654085,0,0,2
5321c7ff2ed082524bc319e44f0aedf7ed8960cf,0.33772874,0,0,2
9be73347bd09934dd0c99d32bce9c4e12fccf6ce,0.3919132,0,0,2
4362e02ed0404d12ca75ee3476d4a32f9f671811,0.40174174,0,0,2
d3f0ee5e0928122b41ee25e2b4ab09bdca5bd00e,0.04584148,0,0,2
f82b5b57840389fcfdc4f16cb75703361d6ea059,0.30823386,0,0,2
51d564f738b20621e4e14649bc1b15c929668e1a,0.3609271,0,0,2
5bd82306a8e44e2b9ff098f29ebf4c69c195b9ad,0.43624303,0,0,2
9959b3c5a777845aa19040a5a761814e483a6483,0.18910185,0,0,2
a0611b06f05e3c37c622f48a783836f89247c237,0.26816323,0,0,2
f02f2e54ac7d88a6b7ee620e45e1bba878c63a56,0.44675702,0,0,2
98d6d15235e046762f3b09294e896994f616627c,0.49202922,0,0,2
fca0e6ecf6012ee47fbc92fef4533320c1e3d849,0.033199914,0,0,2
db642a3c3ad93606d27d6e277b529da3a50057e6,0.105227254,0,0,2
1929834c27a931ab505f7a389d38fafd10331d8b,0.38901052,0,0,2
a5cb9a4b4a196bd2048cd21ed2fef175bc1181cf,0.24063845,0,0,2
c2f1b685abecfc11de76ffd0a28771f41b566782,0.46724394,0,0,2
30b6759387b4402987f6f4a6100fdc78e8bf755f,0.49579698,0,0,2
50b126dc0eb075a2193b670eb7ae2089896ba283,0.5437736,1,0,2
6b08874607dd51c9d8f600a96650a330cd9e6b95,0.45915005,0,0,2
c9685cd5e462926aa401fca7321ea23927492006,0.40968353,0,0,2
ce8d0f7a47f7caba8ab937389c59b68b20f6994a,0.4617264,0,0,2
98b8758e761caf659608f48fc5c9e9056f911050,0.09970108,0,0,2
95b2fe97c7f191e43b7fe11e8e027d87eb47f15e,0.037999317,0,0,2
79237dcd2bf537d56ff8d73f897cd639af7bf8f7,0.036900144,0,0,2
181affd5c937755f54ff31ef056a6ec091e95f51,0.043167517,0,0,2
c334a1bca8338c92e76f0f1cf2ef4884e3eb5dbd,0.041259423,0,0,2
efa48b214d30537bb184884ea30ce817bb350153,0.42544764,0,0,2
b45c4bdb496381b5f90df6872edca12e0a2e68ca,0.50969523,1,0,2
f8489499aa6d460a7548b14d516638b0bd7b862b,0.029645951,0,0,2
76a2ac814caa194c46be1cf7a3f5dc129546b1c1,0.054195255,0,0,2
31fb4dfef212791f86f052ce8a3adeabaf830cf2,0.04653622,0,0,2
ccfca8f714055cd9fbd00cf7e847b880132cae69,0.03765292,0,0,2
a29815abf4f0e51b332a8af1b83ad344104c14d9,0.033919133,0,0,2
92e6d716069686583b852a6dcf12af986d6dc694,0.08945392,0,0,2
d105819a0e72765ff5ba4efa5622d727360ee2b8,0.025173593,0,0,2
3aa6f11785a2f1b3b09df328a02a2c28dfa0bb57,0.09639644,0,0,2
b7a82a918f0a595a96047f7eef2672fd95d5626c,0.45138747,0,0,2
52f3240d90f2397cd1850ab11674ba08a0ecb2a0,0.47822687,0,0,2
d70fdbc40195077057a1edb14ccd16a26435d007,0.5157609,1,0,2
0751f97bf6677c3d55aa71542d572dc8fcb9e79a,0.478292,0,0,2
e505e1fea57e0ab9f1d5edab92546d778a5f41e0,0.44645056,0,0,2
b4380f20059dc9e4ccfe2b709587e8069ac0fa34,0.4425383,0,0,2
32a9c6d42a3a48314d3f9fe2956bfc8bf49ac5d5,0.45503488,0,0,2
80417356f04c5ee1cd6f636e9b043db3f2de24f2,0.2473403,0,0,2
f48bca0510703b0673709b10a806a9d54894a999,0.48328885,0,0,2
f1b54876ab8893a5d9c0e3d7c1a9c884e683dc8a,0.36994722,0,0,2
c82f703768eb8a122546de23e412a037aa1770b2,0.26594764,0,0,2
36a02dc549f32433d7329444455dbb1be2e67f20,0.041919693,0,0,2
fa8957d7939b59e8d391fa17000b34e865de015d,0.56239724,1,0,2
5acc6a5502bffaa66be7e859849856de0ea27acb,0.16906811,0,0,2
b58789c5badc4f9680ec5724568af05a84670e22,0.31880093,0,0,2
9ee3a16179cb65f5fe4170257ab7cde558f1dbeb,0.3845226,0,0,2
4ed0bdf1c73fd82d3080d15085675de96d5be0aa,0.14536406,0,0,2
4950ad86a16e63fa26d51cd709e39666008c5fbc,0.032546386,0,0,2
b61362933f7a564d2ae0b7d6b9723f79f4948769,0.02944066,0,0,2
f28aa71041181867a720134e26b64b03cbccb6ec,0.27722746,0,0,2
720b988fd8d7a50fbe922e6c73a3681b1c566331,0.367665,0,0,2
9d744f7136f23da9a5f9324432b300b5a68e3b39,0.3742259,0,0,2
98f54c158acb12a26fa6f335b1665accd2aed347,0.31651145,0,0,2
22c6d087012fd55bc65e578a27f2edb66f4d3808,0.35532448,0,0,2
890b387d713d04c22406db6d5a5fc9b51bec2df5,0.24205065,0,0,2
c7d56cffbb4668d0955ef00196e08f42f2efe363,0.3155032,0,0,2
7680fae14c9f544d0585a7b150004a1e48fff53a,0.20339178,0,0,2
136c5ffe80e558a87cde01baebf823b06e3cbe75,0.27513295,0,0,2
8769d0f2cc4b7555dc025b7c0e49a81346a1e2dd,0.026790975,0,0,2
4b5cda5a2c6ca613db5129d50ffffce2604ad9eb,0.25126335,0,0,2
2e62764c0c386632e87ee8d12d0505848df1015e,0.39625734,0,0,2
4590f14e97beb6d10ffb7b5dd312c632af155ed3,0.49365997,0,0,2
079bcd0339f30343c01c5fd3d5521be4b822d30f,0.4310574,0,0,2
29283b775291bf03cd9a7e1aaa496faaa5757578,0.14804547,0,0,2
89321a2dee438328e75a11954e972175c78f0a2a,0.27358425,0,0,2
1f3e72fa069536ae20f37b29575288ff65e66803,0.24499173,0,0,2
c7720ca4c232d317cfc800a04eda4a1d5a44a944,0.06709792,0,0,2
a747456bfe077da467ff036172968a37f3b1e893,0.25049073,0,0,2
2f2c8b1cc6e6e731f7bc52b0988ea8316f475004,0.29702452,0,0,2
013b445ede8d9e7aad4915859d0c869b9b712f8d,0.4382696,0,0,2
f4e754e66e3661274df624bc328991cd88dd03d6,0.026899789,0,0,2
741944332d5bd90112b610a8b5f2eeefe51e08bc,0.026532002,0,0,2
4c7d7523088373be3c7ff203ea895d5a6d84083e,0.042834125,0,0,2
f79c9365d0ee89cb407b90cc084eece8fcf9a8a2,0.2306517,0,0,2
8714dd031647be34d0d27f461894e7b194f25cd7,0.28802165,0,0,2
83406b73e70a251eec5daae34f1bd8d554cdddec,0.34116036,0,0,2
2f956f46580e5b4752173e885d37a20fe31a78d8,0.07604284,0,0,2
3f36b7b50bdda3eeca632ad5440bb82b8e34cb40,0.50017196,1,0,2
9962a0fd02fe2ef06765271605b06729af8b2e59,0.22465527,0,0,2
5294c64b342818e021800b38413f36f426e35b3c,0.5474512,1,0,2
5a45ae3b1deb5117cb9e9a13141eeab1e9ad3d71,0.3490055,0,0,2
efafa61992658eab64c893e9eef49f545d75673c,0.27846533,0,0,2
630830476a6270e317e84229996a6bf92bd903ca,0.24714857,0,0,2
14097c64d243794610788d3ebb2e81ba8fd867c0,0.2637079,0,0,2
f2615d9a611db401cdedc022112c87ad938b5680,0.39899698,0,0,2
a24d624aaabc14a455d18450d9127f88d1b4f8be,0.4106331,0,0,2
49169033546d893dae3db903a2fa6af712f125c0,0.4589683,0,0,2
fa7588c4c0f8d403e4815fa72e3b8a3bc98d73ec,0.4837846,0,0,2
367fe13b46a0b4dda56b7f12273d6c9afb1da23f,0.09377515,0,0,2
368588b5c5c4140f39ea8b9a8ceb3d1af0708804,0.3674199,0,0,2
30ee10d2740fe1f28595989c6b21f22b75a147fc,0.31719723,0,0,2
af9fd052d1c208f191fbdf85873f965552465598,0.44003758,0,0,2
0a711ebcec7d32b66ab3c90b2a1f48681201e557,0.03917237,0,0,2
a4acf53336a482f50335d33b4f650a70c9243b7b,0.27925003,0,0,2
c26fa78817f30cc3eb91165b783e07fb80d80f59,0.47970945,0,0,2
944291b748bcfec4e2f3c17623884db7a17b9f21,0.41869584,0,0,2
c44f982e89b63a97190638cd12bd8bee2bafb883,0.32304302,0,0,2
fb46b941f7763314d667c437c06b1675e61c3d38,0.359547,0,0,2
e9928c94ce1385ec72028336417f19f30ac38ac0,0.061359547,0,0,2
d4021487539b0f7758ec644f2e0d83df95c66bba,0.35224745,0,0,2
ac62c1c29f319a97a2552c39f32c8e6acd70c9e1,0.47519895,0,0,2
dc08bb8ea6cdf01188f6699559e779e6cc296287,0.42109144,0,0,2
82b8ecc3275d7c3578a6531ac3f1da3ffada9dcc,0.042164262,0,0,2
36ce032b612fc0a1156d28bca7327e06337c8815,0.47503355,0,0,2
2f22533ef41533e2b839a6b41b262dca59e6dbf9,0.35842067,0,0,2
39a3cd0f4210dbec1ae8ef39a87d34b76eac91a3,0.44398996,0,0,2
1f470253c46471033048383c027192e757480492,0.35504377,0,0,2
9c40a7bb3c9aca51d17490960c988dfb7b5acebb,0.4201587,0,0,2
7f8e952abc4d2fc4b96c97a51aa25fcf6ed8af02,0.26581892,0,0,2
bd0b5af025fab9cad8f94260138741c252f45fc8,0.47667333,0,0,2
e036d60d8a210d5ac28b2e5c51a45ceb82b58f09,0.36580583,0,0,2
626014eaf093fc2e3b53f5ad00c425bc209e1428,0.37555,0,0,2
5c85b8dda5f3047732a17b818256b9289274d071,0.44655904,0,0,2
ea402becca436dc1a8e47ac9385a3db475b49355,0.4110322,0,0,2
255f10834a67cf13518316de0e2c8a345677ebbf,0.31057224,0,0,2
044de16c14076019f87763b7b58c45664ee57c11,0.41405162,0,0,2
e54ca615f213f5db6d34d9163c97eec98920d7a7,0.5783257,1,0,2
07a42d3ffd034e467e49b5c449d4f5f81c471cc5,0.28038713,0,0,2
e6da0f682436e1387ad68e86edf7418c0f7cb368,0.027944779,0,0,2
59ec4f018963eb55e32fafc2b924826c39c09682,0.41797268,0,0,2
ece4b70cce24b89483236b4cff079c10597d680a,0.29109126,0,0,2
09d28fe7995db1a4da2c651d362007d2082c663c,0.15764056,0,0,2
98c27699cbcf65c3d9d655ecbcd67adcd8b45b05,0.3873614,0,0,2
71cff7c5940b7101ff098601850d46b7a4698180,0.33537012,0,0,2
89e0607cf6470dda1a6a47b46abf37468df4e50f,0.47313693,0,0,2
6fb60857be1fed21bdacc4ce830bbf99103b6fdd,0.53575385,1,0,2
3634821fa515365618209f0452443728e7290fca,0.3114962,0,0,2
2fd62ee4d524c270764e9b91dca72e5cf1a005b7,0.36897156,0,0,2
a703ee75c40e0207f6831c4d48e1c7e62f160305,0.34367412,0,0,2
fd7cfed070c2aab60521afb7dcc633a0b7abea80,0.39432788,0,0,2
1de41ef4baeee1c95e245837299f8be265294445,0.03260396,0,0,2
9491d7a61681f7acc7103a6d1d45efe96f7981d2,0.042501766,0,0,2
2d3203b10cc8edf71a6e3e0822f0d742c9516aa3,0.03218085,0,0,2
d55a572e5867832f6d5755fcd46101da51a38aa4,0.32629964,0,0,2
170cfa758547b4d9be50058ad93cf60ce0da5564,0.3877664,0,0,2
3783ca4476fec8186c867e4e57084e649c318c6b,0.48043793,0,0,2
4d996d1bac1bb1886cd9c473ba00e53e3c19cf3e,0.27692956,0,0,2
445cb9dc2f07553f8e1e5f7c1150f00fbb05c63f,0.326353,0,0,2
ad80bfe559e7380fedd7998daea5f27393ab643b,0.2918786,0,0,2
3d2d4fd1588c8eb3f67f34d75b66967d0c7b06b6,0.2848664,0,0,2
d54fad867da7f762ac4c0d947adffdc1f8f356f1,0.22571202,0,0,2
12bbaf3550d56bc945b50f538b5f18af93bd316a,0.21182343,0,0,2
150c578edb161bdb2e8c039f0914984f570ef8f0,0.27771544,0,0,2
af977adc43a071a09652fea4ce3deba2d5b8d171,0.37415478,0,0,2
e021734b62ea5ac273e516b4ac83727cbb99ec08,0.2588876,0,0,2
b635beb6efc07a97c143775c78a32d42b3b73c8e,0.29368,0,0,2
3fd2492fcce073f0c36e4d7e23e34881557e6e5e,0.3562009,0,0,2
a918c493296c88da94b36600213c7c188f2589b4,0.41904882,0,0,2
9181e1d536bafedcb3587ca30e5b6e2d66f06bf0,0.56974334,1,0,2
cc8bdf1d13639d12d02170d40cc4890180bbabc5,0.4015731,0,0,2
33ee5497490cbc97f3eabe9ef7a6391e4dbee8bc,0.30313653,0,0,2
dc61e510126aaa1a95a46fe39bf1529f394147e9,0.03666973,0,0,2
d320a457a9de67be25a03f79e1695d549a0145f3,0.038622376,0,0,2
94ae6c84d22ed33e158b3cc822ca4a0484c829c9,0.20902492,0,0,2
e9e36cdc44a68662885e35773187cca00d20239e,0.43552405,0,0,2
7d4041d827aed7d9f3eb14310b824a2faa96b8b4,0.26844892,0,0,2
6f5f99440e7117ee3bb6407e06745fff14bb2a4d,0.40506545,0,0,2
3eb4be60cf00c20e46b75fb72366dd0649700c2f,0.23696482,0,0,2
edbd9842cfca892b10c2e9c8da0384fe005cd67a,0.33834612,0,1,2
bc8e23808b9d8d0c9b67270ef35d04ebd9d89cc8,0.4935157,0,1,2
635e41ea181c5fee8860a7044c84ae3557b51189,0.4213013,0,1,2
c4ddbe6456c9631c301171098a8ac016eb4e582c,0.3167049,0,0,2
63f1d6b83bc10a2880f5ec17a172fab284d2eff5,0.062310483,0,0,2
10e18ae9b47dfe04573884739823d64825105694,0.0383811,0,0,2
d3252a5ca5571e0a97e9a31966ec6b847a3a8574,0.19177076,0,0,2
86c76dd5ea04d1881a52d79113d6dbb1d57c38a6,0.042486396,0,0,2
73a8fba6fb23af45ee77f52f33bb8d791a9caa05,0.04003353,0,0,2
e8db7237a9c347d2225fce9b49ff92bb741adffa,0.2691765,0,0,2
7af67bdd16a4f103bbe6334c5a865436c900adfe,0.19379348,0,0,2
71d7c3264239c55b6e2daf89c44c5685085f26dd,0.06328508,0,0,2
958029bdd45c3e341eb146031ed38b4487d7b0b7,0.061746035,0,0,2
5556026ed1dc17e70946a4a030842ade3a33baeb,0.38971412,0,0,2
3c92830ec51fb6b6e9a7ca2fb8fda324cd33e48a,0.041038595,0,0,2
0fe9685c8a78ba2d780a3ec1e1a323990dc6d218,0.04398396,0,0,2
bd7788b384a87024ddd6bbe6a9bd9a167cf2ec12,0.0339941,0,0,2
dfecbe970917754511a081f8b86efac211e624f6,0.03487772,0,0,2
ef51b068aef14fa347710497cfb67aa9c6e65c0d,0.23047285,0,0,2
173c162a45b4be6fcbf7a30c44d1953062a25086,0.04418707,0,0,2
c4c03a33c8b8b94eaf75d368473bdd10a21cd0df,0.2192239,0,0,2
2fefdc7dc3c9afbbe534ff69db5a754be0716b11,0.051842455,0,0,2
f525bc3ccd9cfb69603bd9778998263a458415d0,0.06216921,0,0,2
9072a7615a54d5e753cf088326d9e14f1a5a6751,0.0641961,0,0,2
11491d355da8a851d6badb6348b10d8c4acc9d8e,0.12492533,0,0,2
2bc2ffde1f4752e7a8c7ea0a51c559faae194786,0.30549207,0,0,2
35f1cc00274122c0274b522d0b544a06faaba931,0.049029317,0,0,2
98817e88f04cc6757c42ae52d653b63cb85af486,0.33687603,0,0,2
83775c432382b9c0367362491d0dc515bf0e131c,0.03599011,0,0,2
a498b87dbcaa0a61c6088d7156258a3cb06638cb,0.3781959,0,0,2
34558845e3777afdc1bf90ebbcb2017ca17aea86,0.46361065,0,0,2
59985b43f0868d9a4a588d9ca1debd03108f8cd9,0.4565464,0,0,2
8ea1aa1e7cc427c28a89878fd2dfcb110c992b20,0.037909072,0,0,2
d4c7f63054e584b69024664bc2f221faf9863519,0.046742484,0,0,2
20c733229df741e57b8ac205788ece2d563b2f3d,0.21390125,0,0,2
3051264e1bc1d41a29c9dae7935c090568f64af4,0.19383149,0,0,2
db0f2304bd7c3ced65cbdfe9e17e80fe0774c13c,0.19308303,0,0,2
2f67045b9647de10ea5d01d8d1e98ac7de3e1cfb,0.07428763,0,0,2
7ef106b23772995e4307f84afd1bee4e2337ce0c,0.18662426,0,0,2
71f6746f81bb9650f6f228ea204d85ba2c5b7392,0.275965,0,0,2
2ed96f00f724c3331d6b56b6b5650b9632f43954,0.2585058,0,0,2
3720683699bb830a4aae6fb66a78ce7079ad2c56,0.08414741,0,0,2
df37e605fe4b027406bd9dd85b320526ab12a122,0.02886904,0,0,2
4ad74f449258781e9df189413423ffd6ad95c526,0.2827066,0,0,2
d81ea83a0eb1761bb4e90a91f3b70f23f88a7d2a,0.22134642,0,0,2
e2c0ea4374c02539ad9bc6c4328b74f25eb72405,0.18451492,0,0,2
cf42ae522e12e9b412e1a1f008ea73cfd86a5979,0.20359077,0,0,2
fb7335ab163588fe6ee67ef26d3b3edad5cf4bd5,0.20092605,0,0,2
e580d35e1a07431109a5835411142bd1c1c2b3b7,0.038415372,0,0,2
ea60fbe0633082a131bbb18de94fa60a04eddcc4,0.034671728,0,0,2
90e31fd93fdcaedadcd4b030fbc20f7375672def,0.02623975,0,0,2
52adf52e4669b54399fa50f2624826c06a19cb7e,0.037613075,0,0,2
71e515ab6d2007d34d96df5604f74c6fba92c0d7,0.058171187,0,0,2
6d23e85570fe1139cf5ef3bc9b4e57ea73680b6e,0.41582158,0,0,2
cb83f7cb31e50f265e098c5380b3f0051e257f46,0.04612598,0,0,2
2584b4a0ef536e59bf28ba140844597a093d848d,0.056816243,0,0,2
cac520971206093d32bf17925f880bd06d93f736,0.062298674,0,0,2
6a99050166c945a226d5f8275ce4a9dca3518285,0.039275274,0,0,2
6dbb48c8e685f65f45ad5df9f7684bed910036c8,0.027276836,0,0,2
260e0e0cd21af7b03ab0dae33b4978233db67773,0.65265846,1,0,2
b5749b4f54b30c0c2050e456c12cfcf516434f13,0.058513455,0,0,2
07ec8ad2dd862c8669b2557b995ec5180663d73f,0.24975595,0,0,2
28656559d2fc67193a84d5cbc48d378b2016f74a,0.37179196,0,0,2
0add1e8975336c65513b26123d48b221e2515ddc,0.22846901,0,0,2
8e7ea70a33ecb8db5207849ea6371b4a5a8ffd26,0.04865552,0,0,2
6f653f6bb82757963a87d725808c080109e7e3e8,0.050861612,0,0,2
1974c83561d09cf73a575f992fbd8416e3354d20,0.31158772,0,0,2
37c20df721522b175bc9df3f06a361297010df5e,0.052881796,0,0,2
061450a927ba1cc65f7b984f4ff41866ec2eceac,0.03148756,0,0,2
60b32953a968e5623f82a6b27d6c679bc17c48e5,0.32838118,0,0,2
f175a241c811d2d0843026b2dde5c3ae308cfb95,0.046379723,0,0,2
ea1a69d638d97d5ffc451b32d240479357e02b0a,0.08196925,0,0,2
cae70c10b4451ee3b919764f72dc4a4caf0f6f27,0.047594197,0,0,2
c0c7112dcdeb75b521d55cd47d0c61be66b0499e,0.3125664,0,0,2
8d0214a7417addf790713440f10855dc279876fa,0.055403456,0,0,2
e2ec4f2fdb2bb8d97f64a33e9ac288d52854a530,0.3091317,0,0,2
fc73151cfca36ea2641f340700dbe339b9e1f103,0.48232284,0,0,2
dfc9888860bf192cedde21e5e843bc3caad4b74b,0.16874996,0,0,2
5f9e0851da9e74c12e04f5a62cb7aeb1a8ab7589,0.5922997,1,0,2
7d5a61ed64315bd6570c5cb55c1f53853a3fffa5,0.42394018,0,0,2
82152f41ac8a727c2f0042bd555452dc2dda11b1,0.20724852,0,0,2
474a837858a8e7a98316f97e9ed387d0161015f2,0.44913435,0,0,2
39380da86acc717f419da48f070f8cf7d9f9ec94,0.31378043,0,0,2
0e266204f535aa48f74d4f2480b2268c13e26b22,0.1600395,0,0,2
5b7608d1549989d92dd159392c19d9ba8ce0e62e,0.20813227,0,0,2
e79a590e0cdabd93883aca964db2a862ff3f8490,0.06325169,0,0,2
ec4d8a9a6b783f1d5d603d5272c94deb1e7375ef,0.046354372,0,0,2
507451866c98cf9e2ddff1008fc0152935ed9e20,0.44206512,0,1,2
8ac3334a04928faab627aef4daf4ac51c28a95ef,0.5539406,1,1,2
6bb871786e563ed82e2b8d26314c22772808fe5d,0.5524694,1,1,2
633ce604968078151e03363d5c67042af74310e3,0.54239625,1,1,2
18b3437c15d78c54510964728486831822809d9c,0.04557239,0,0,2
d68f7f5f44924ddee14428e16b7458e2878baef2,0.02479545,0,0,2
a48071b0d489420bfdc0c2ed7254d1dba243f700,0.041483484,0,0,2
5637a5204ffd7b77f569ed28f85610eb782a159e,0.27724278,0,0,2
0611710c619e67affe9e3b6471943d0ccdb9da73,0.040068768,0,0,2
ff3492b06299c0a38c029c8d7a524d0027de357f,0.31617868,0,0,2
0343b4fda87161265acf30d5ee61e525e751358d,0.039060682,0,0,2
756ccc935ef2a8f9f48e96f28c7c622ffb3e6627,0.030995768,0,0,2
612236c8a77d5d8c4755e287f682cf06d773a902,0.06938072,0,0,2
f37f4b68f3343e2b8f8d82c40398f975116102f2,0.048941817,0,0,2
0822b4226f31e50ec244d311e56e3446a8e5811f,0.27852395,0,0,2
06b7cd3a31c4565ceb0a127273ef800a3d084caf,0.31195962,0,0,2
04b55bc7ca0b0ac444fdc8ad01acef8172852a8f,0.23083864,0,0,2
54ff33b2ad26e3969cc59d7f2723563dee3e37dc,0.08012957,0,0,2
54e63005446a2b0a4255ba16838122c5808ef886,0.25271913,0,0,2
1a002c67f2d3c198411a62165e53b31d6b414aa3,0.039674513,0,0,2
ec2fa6bd5695b36435cc66ca4cdd8183d077a0cf,0.35716444,0,0,2
52b46e74dd29eb3eb65a593a872fd57694bc154c,0.04988686,0,0,2
59022fb870c2c45a27e00943003c5acdeddaeec3,0.33989212,0,0,2
03fe88ab71cf2eadaa39654786c3fba713742768,0.19890699,0,0,2
a0b798c27a0312df2a110073bd7888993e56d05c,0.18171315,0,0,2
fb7784fa1472b4c55d329aacae672f416e11a703,0.05348391,0,0,2
5fb158cc05a9ec78e31e49abb654e00a7b65721b,0.21308252,0,0,2
f59a674a26d349b7069158023194ad0d7a38a9e4,0.06519082,0,0,2
fad946a1d79486c5118a596e8ac67ef7d5189070,0.06585237,0,0,2
d190655a97c33c886997b9570697f432e7d3a21a,0.20948361,0,0,2
68acbc803e416a38616bc25505cb88dde81af5ca,0.16952968,0,0,2
e8a2c29721d145c52c970049e5469cfb0dcefd87,0.18679777,0,0,2
00fafe772ceb91c9f26d79f5a2f6c3695a141115,0.262294,0,0,2
31466db6ecd115aa74616e14a75721b45c0f59f9,0.20903775,0,0,2
6d3796e64bdd5f3f4857bfca6982e6ecf98a2b33,0.15798758,0,0,2
131917a0d3303ca2c38fd1d6765b9bed2c23ff89,0.2023958,0,0,2
51512905c31ff19b91fc67b2cb3ddb5b1fa0fd51,0.14344892,0,0,2
56f0e1053c9aa767ffaeee37cf06a6056a221163,0.06864538,0,0,2
04b41e2c97fe5faaf521c2e0581c30e18e2f0c27,0.21065904,0,0,2
84d52919ec3b3c75f28a185ad7cd87603c3cc4cf,0.03289116,0,0,2
18f5f54ca0e78df12586e0750e257058746a5a39,0.035458148,0,0,2
bb76a6848b37cc3f418a370c56f597486618197b,0.033952575,0,0,2
69d4bf883cd7402d13497a40422d20096b2b9aa9,0.20730978,0,0,2
8bb3526317408fba3ae351719feb68703aa5fdbb,0.33709615,0,0,2
b212aa3c6fb91c34a0faccdf783a0a085d40be94,0.2918579,0,0,2
f8b1f6e7456a92b8aeb3e0aa8ef88936873dae00,0.1724012,0,0,2
04a5d83aecc325f87696c83b1a5dba45584ddaa7,0.26177043,0,0,2
c202aa8cec19d80f4671e77370287540a0777b7b,0.31488028,0,0,2
e55aaa5706f031df2e8d68bdf088604c79944246,0.077088006,0,0,2
63374a181393d941c805b6909c2ae5c41159e745,0.2321148,0,0,2
2b15e1f43de16d204a28f72a530abcc24208f4d5,0.30979452,0,0,2
4ceba113050407f10e116df7ecade93b1abcf6fb,0.04277695,0,0,2
5e5ba1b8129fc0d235b149ee699ecb2fdebfd39f,0.27015853,0,0,2
bcc7c0c85878d19735f4eb014e6b17a3c0deb0dc,0.31289688,0,0,2
f3a7cf629c19dc80734b5b6c3933fcc76c8a50a0,0.32938847,0,0,2
a72a5ced53067d3516ffbebf00a633743bbfeb5c,0.36312798,0,0,2
7642423cfa70fc797601afd64ad28ed1609df9d2,0.37021163,0,0,2
04e52eb6155b3cbf5fffc0d52689a3f679e40b19,0.028182,0,0,2
a1cde6ab707515ae014c2635f9d32ad0ba64e7a0,0.026206344,0,0,2
ff902c15612f2d771483ce6bb06e55609247c34e,0.03738056,0,0,2
3f796bf74666ff9a4a6d31f10dbde4fd5e837d6a,0.42990354,0,0,2
c158713b66856745427f793f14a5dd1fcaf941ee,0.28721157,0,0,2
e8300276291ae634eda52d812e6e8d7cfef2f8eb,0.41234288,0,0,2
fac65b868c549d28b786568636bbc8362d2a78f2,0.37857738,0,0,2
c99a787752770b8952297e24e07bd404cb2f4f74,0.29207134,0,0,2
b877fb9abef4a19eec9cc7329acbd433648b8f7b,0.24796978,0,0,2
2b52dedd56503bf89b28cfbad21f59e3dd4d1d32,0.22156535,0,0,2
bbd1dc343992fde4baaa0309178509dd07eed536,0.061468303,0,0,2
dd5a0e6e1e3edb41afb4b40e4ec2c99e5932e73c,0.028962495,0,0,2
864721d54b8b372808b098e13120abe5c22fb9b1,0.03113483,0,0,2
18b1bc203bdb236bfd9084193aa2d55d4b605139,0.5612113,1,1,2
b2c1afce7eb13ea44fc7d25562cc3bb83cc91b2f,0.45102486,0,1,2
5b223744b49d3ceac9608959d2db82bbadb47897,0.336626,0,1,2
031f6b082ff21cf1138907a7c666d6ff391bfd72,0.32662338,0,1,2
afedbae8aca69a092d65766640361801bf2b5d9b,0.2617785,0,1,2
fd59e545f4f2d697ea7e197f002c5e8eeca27004,0.4296664,0,1,2
3eddcccba7e0361d6e833407320908187b16ac8d,0.44760394,0,1,2
34a5e7fa91aa7ec9e75a16eb6f3d859d794d399e,0.53109527,1,1,2
fbb5d31a581c24e925c442a7754358d2b62a669d,0.4528278,0,1,2
17e65488113a2dbe9894f824f4321a06ee009e02,0.48121968,0,1,2
9625891a7bbc0a8b11f7cf9c2b4650775ec8ac53,0.5111849,1,1,2
13cd4e0ac3ab76a4dc091eda457f9a111727cba2,0.48423207,0,1,2
8ef8e2a7a5326eef6180951207f65d3c29bce419,0.5821875,1,1,2
844b2901fe4049fba29ce8c6961dfa25966974ef,0.37909076,0,0,2
faeaa303b903139f36c15751c8e48ef982222842,0.34124723,0,0,2
5fef9575646f6583fd2d9ee01368b3deefe6ce82,0.31870624,0,0,2
6c687c70a1d5cdbc71c113b7d7402dd89a942849,0.38751432,0,0,2
c049aeeffd41dd9fb8075e719320846c83e5ea91,0.3763971,0,0,2
9bd439b4e0aa69050ef1baa537e552fa4620e5d4,0.3457754,0,0,2
8d6bc0ca625f3a1a98b486541fa613b2fac4b41c,0.07550193,0,0,2
d2fb3b0865a87cc909e4faab7733f993356141e2,0.13005675,0,0,2
10ebb32ce1806821518f52074f0d171fab20b3ea,0.40698108,0,0,2
caaf97ed8804ae3bf6fb17cd98a5814cab834688,0.4177229,0,0,2
ce0c082898e3551d313fb5b73763f399232b3fd5,0.12972192,0,0,2
bd9adbb637a8a4aa5eb61c6fde2c576d0ab3c4fa,0.59892756,1,0,2
e4b7ee81c1773eeb0bb71ca53bf722f046c16a16,0.25367457,0,0,2
aa31bc6c313789c344d715b7c1aeea0cd8de47e2,0.44914705,0,0,2
3899cc6570bd9176c84ad2d5d14febc6c0ddd964,0.31114465,0,0,2
648eebba22d6398a01b0924975bedced8469ac80,0.058587592,0,0,2
8d95ae41975a2307501aa0f4a7eba296c59edce9,0.61707133,1,0,2
1f56bd103d53c8c6ba7502c6586c26be01bfdb80,0.06740997,0,0,2
c7c85ee39892df3ca007c6596c41654865be7e43,0.199459,0,0,2
c503d742f094dc2048b72c3f78f5e2e6070a44e1,0.37907746,0,0,2
a2d41db55aa46bd4fedb215c978f03e282cf1ffb,0.43310678,0,0,2
5ceb5f57212935386737ef4af0d066e9fd38c5a4,0.3265131,0,0,2
cf6b6d8eb1b524b73cdb74168f3190ab471aa52f,0.2795602,0,0,2
ff8fd9578ee8f66e6f80cd7b9f204767845b7339,0.39543524,0,0,2
ab60f735c721103ac888d8d7b801055921336687,0.08111391,0,0,2
a2660687980b36003a612eb89b40d6fdecb4b153,0.08408612,0,0,2
b3c31a379e9ad7cd22cb7f0669b82361ced84992,0.2895458,0,0,2
204ed0048f4812201ef65c9a0c44fa54a7d1e04f,0.29051775,0,0,2
103b64a373256feae6ca85f2bf220e7694e48fa4,0.51191175,1,0,2
9c506279188a90dbbe124386cc52016682d17b5c,0.22427471,0,0,2
8eace0187ea2c0c1a6e3a5b5e24e701f6e23ae94,0.047094855,0,0,2
72bbbbc559992e5e6bf17279d8194aaa80c62e85,0.50278425,1,0,2
feb7ba55120feb5e3ad3f526fae7dee1b5189d9e,0.48075244,0,0,2
bdb074610c87a210ea4c0d91d579cb4558f4b19f,0.55712503,1,0,2
64d820bffae723b9c8669301b246ae199db61b5c,0.60169995,1,0,2
d58d64ddb1f205a54c7eb57fe0cbec9c59cad8d6,0.31904492,0,0,2
d962a2b31c9a7216c2df557eaed3e475b13939f1,0.039868616,0,0,2
db6f7c1d74ba64211221a69cfa9fe7171a9199e8,0.51197666,1,0,2
1eecfc948bf6f4cbb9a2481313ca7368ec653056,0.14394239,0,0,2
ac5a216f767c6defa4da720c6ecb3baa05e30254,0.056791637,0,0,2
d9a2c69a9d1db6072e1d7b7ea4fcbd5c15d20b5d,0.14222984,0,0,2
d0f6be9886afaee6080cd4b7cd5d165c767b71f0,0.03149186,0,0,2
8ac857c41ec8ae02e57eb0c1c1a012525e7e14b9,0.3391619,0,0,2
10d2363fcdd6e15568f765ba0dfd5f0cfa0b04eb,0.39687496,0,0,2
8232c096cef785a2ba88a7324b882a7badb0af44,0.35551456,0,0,2
5f4249e2ec8cccb17b27a7ffd032c4fc237a6927,0.34002745,0,0,2
86a59601b570585dcb7a1ce3d1ccc8e16008f53a,0.160305,0,0,2
809e2bed22f02264e0ac58bba070f6d84386cfc5,0.38775983,0,0,2
6423a7665516d738ae50d272e3b4ca72cdb89a9d,0.16486308,0,0,2
8274993e293a79fc75829df398233915a6387a4b,0.48203942,0,0,2
e2dbe55d56bd6c1209276050f527d36717e33e1d,0.37395957,0,0,2
10325422e5a4735aa87a4d47bdb377e09fe963d2,0.6149997,1,0,2
a069c490e8119189fa2b43d3b597b79b3d42a367,0.4470108,0,0,2
a945ecbbdda782b51d5c2c670345fbf4dffacab7,0.060611125,0,0,2
e4c72a5522aabfa6a660088aa9262d849756e464,0.045486495,0,0,2
0095d8adf26b9469115b1be0358cb09d1fcb5fd4,0.056861766,0,0,2
151f2cd3d80c006f4ec228cdf610c3a35feb195d,0.04642341,0,0,2
33884b226454324f27700f9069f4702b44ef8ced,0.34939697,0,0,2
23108b1bd90de315aed37fa3fc1f38f8a56ab9ba,0.03382974,0,0,2
d6644e4fbe3d125eed2d85e58fc7133466042f10,0.44244748,0,0,2
dc53e49b4afa5d59c533cf2b4918402c37411fbd,0.3055594,0,0,2
f9cab271b3bc8c2fb6e2c51449ad3bc07e62e174,0.39568174,0,0,2
383bc8eefae7e17d0bb0349ab2300488c655ec42,0.449677,0,0,2
eafeca43268f16aa9d4a179e44b9e7747699c1eb,0.45342794,0,0,2
4733cb5b798cd72aed82a9118648b4a86c91539f,0.39665526,0,0,2
9f89fd4626bbb4e34a905835e397bcffbad59307,0.029688561,0,0,2
2dd459003e19e4bbc2811b10d38337f295fc5a19,0.2221039,0,0,2
8d601ab71228f7c3dff950540e7ee6e4043e9053,0.4339826,0,0,2
0f6a292a29fedd49741310cd517ac4ba907bf8d4,0.40585268,0,0,2
011775551ef75d75f81189eb4604fd0f2ed424ba,0.3804523,0,0,2
695342cb1cef42f30fd1a8496f181c92b21ae82d,0.41006756,0,0,2
c14890f08b9bb47ab8ad27f4dd4c714e32961d0d,0.32539362,0,0,2
f3d2d55ab9b783af65f2050272cd0318a9ad23a2,0.050145194,0,0,2
c0771cbc3c445a9d1d2a43ac4ce3c0edbc806957,0.3295865,0,0,2
3aface95813003ff75505e2ed7d75b072228d3f8,0.06659712,0,0,2
2c437a12bbc578442daaef85ab486d1e55763853,0.35196528,0,0,2
ab0570e63aae3027239dcd5d22caab95111a5de8,0.07282057,0,0,2
f015fb2b31a5621689a57ce9d2d300e5f32357e1,0.18717441,0,0,2
cf950e7365848130c5c2d57c871652e6f83e96a8,0.18637827,0,0,2
e6b830bf95f712672cb9e77cd852606cd134c5fc,0.40598074,0,0,2
09c52410e62b0e1e221d413d7ab18feefcca6bf7,0.08211378,0,0,2
9dcd87f9c46786f3da54af7ac1ba4696840dffa8,0.39305812,0,0,2
f55530a2ffd3c481f6554d98e9d73f2e8c62ec8d,0.30322677,0,0,2
dfd69e038cc7035031d1807c4ade870d2a7e2ece,0.21712151,0,0,2
a49ea7a65b7990b3e6e625bc8bfff7396ee49300,0.043805543,0,0,2
41bc4cd029fc486b5570ec344cdeae049bbca860,0.19155076,0,0,2
51b2cabf2c3737de06fc889b39d40240d1b134c2,0.054759964,0,0,2
8a05e0b0f640289c32f2f261f35450532cc2a1aa,0.27787346,0,0,2
2cd3f0f10a797b744509903b8eca4fd2fd4ed6f6,0.32999662,0,0,2
8c1a0d2ee1433681958809b4a0fede65f62936e6,0.078230366,0,0,2
a08ec31dbf212a033953dc6916a743dccbb93e37,0.044460014,0,0,2
795fe5d869594bde53f8490d75eedef6185b6c37,0.33202207,0,0,2
5556118ad13fbb80a56d7b8de6f960e9ff8255b8,0.38265434,0,0,2
f643b4fa939e89348618ddffae20a804f4461363,0.0419445,0,0,2
bd5cc81ed7f91865aee7a5a7febeb237220d0c5a,0.03683259,0,0,2
657704627b297a19a693645cf03c5c70ccd9a8bd,0.43212706,0,0,2
363cbf7908cfcc6a538126bcccf5c955afda6aa1,0.06439044,0,0,2
c636539836ecb541d9ef71f2d347772cf9f6bc52,0.2413539,0,0,2
7cf5e01c2a152a0b612cb19e02213879a57c14d2,0.4467886,0,0,2
e8d861359ade336badcac3211e5aa447097479a6,0.038160007,0,0,2
044367419dd317eb9f9935d8360280b8b8695462,0.34642488,0,0,2
86a082e8be8c51f07079ded82d6d125c9efc1791,0.34695184,0,0,2
ab25f67348d4885620df86497889c1826f013a73,0.4919342,0,0,2
07811434b773b6e1737fe7dd3775aeab8afb18b8,0.14513613,0,0,2
5bdf0a938adb384bfdb6cc494a2781e2ac33b0ea,0.17118019,0,0,2
30c85ad05363767deeefee577063c2c432b971d4,0.38134888,0,0,2
1661e5519c4836a5a940b13b7797263443156fc9,0.3772317,0,0,2
a64153a3710c5035988690f0acf57dd61b711cf4,0.5649446,1,0,2
954ade4c1ae2adc0aaac3a1dbe800495c519520c,0.40408853,0,0,2
4bd982d1a1df87724682c17c39bf27b5cbe389be,0.27989912,0,0,2
a6443e146f825291308319c6a0f2eb82aa34f8c3,0.0825315,0,0,2
914844e1b226a1ac7ba45626ecfdfb56e7b2e263,0.057541575,0,0,2
98fa164cd88d126d0f137f5bcb4a1d180e0c2fc4,0.534948,1,0,2
c79e6fb8f95bb07d2394221b29b75fcc016f4900,0.4565473,0,0,2
6597c196521af500feef7a02610727eafa7ec1dc,0.03381116,0,0,2
4670a941be92a55fbaaa3b4055d444e07ffcadb0,0.5386287,1,0,2
cde4c529034e182a982fd842252ec410d213c34c,0.482555,0,0,2
b5f5449cf338376d12404d0190054525987f4276,0.3558312,0,0,2
721a6e59f7e4f5c0f3196d3eb0e81cab5e41d065,0.40060976,0,0,2
c7c424fb9c3a39b6ea036242e44cdca324f7d104,0.3500816,0,0,2
a8f41ec97d139f5d0d7cf161e8484f2bb809facc,0.33152595,0,0,2
0181c8059c081d144cad36d003379bd50fcd9da7,0.5301714,1,0,2
90f0a680adf3eaa95e46e96d28ecd6848c74bfdd,0.06042206,0,0,2
12e597a78cbf9d82414b944a5b285d81a2e27e51,0.5553073,1,0,2
b45435c950e6f6864671bdffde29e26cdc8ce15b,0.32030162,0,0,2
4259a706ab8641f408afc3ce224b1c0ba5a43d17,0.19208987,0,0,2
f0f896ee600ea7ff66c083747f370453b914be48,0.2798029,0,0,2
5482ce61b003726a9476c76a4337e043af4318c0,0.25493822,0,0,2
31a9fa0cce769c976d74cdcb6e6ce8831793db7b,0.33419177,0,0,2
1a20867d01ef8ee5b32b0620125b7c38a10b80c5,0.34676203,0,0,2
1731949116a7278f2b729cbb9e505580c8f56980,0.6817073,1,0,2
b521820b23c45fd068618d10955eceed48801eff,0.05184406,0,0,2
661d16d190708a1a396d8b75ba10738e4574c11d,0.38765585,0,0,2
3c2673e82d33b6c9bef3005a896e5b0d52b108dd,0.09263332,0,0,2
99900ae089cf996bc969f0673349c06c2e6fbf1d,0.40863013,0,0,2
811dbe7226ba0ede04c2062c2dba8f72a1c03e58,0.51407105,1,0,2
9f7d03f09172afcf0a7be40e3262d151ef053b3c,0.028991185,0,0,2
3c89994355f3574078c832b2dcacba0e65e87ed1,0.40308893,0,0,2
d547412bbd2a1ca56769a2bfa13b7ed9547310ca,0.33715048,0,0,2
d3146a545612422d3f8078f10afa00342b327199,0.041071925,0,0,2
8f54030347e31e0b1492fe874a1f1b67b89b836a,0.30814266,0,0,2
f059e5f7fa1ac4a906b5d2e18d72d410bf28fa2d,0.27430952,0,0,2
a5e76ebc404d419651c2a25b1a62199de64cccf5,0.4282454,0,0,2
a91f76da21faf4e8b70f0f69c6db2521409e7d29,0.4598954,0,0,2
5a52446090a67b9b04b67a0b7aec94e73bd21930,0.3691034,0,0,2
82cc24437f43d07880d8883229477735431e5d02,0.34885827,0,0,2
859224ffadb79147088840732236c1fad341d842,0.41387546,0,0,2
314b6b56bec4af56dba667d66a25c1613f4bc800,0.30403993,0,0,2
8cafd87c83f4197f7e8d14de8cba453c844266c0,0.4643523,0,0,2
a060733e63a9cc476342ca190d04ad027a241d33,0.08068774,0,0,2
e685d847b4c70e354e47ea3990cefda3265aa5c6,0.18245663,0,0,2
c8e648b92cc133a604b5e1f4da1ced943788e64b,0.5491452,1,0,2
ece2f255eed8ad9eff6e236152de65e804c6adb5,0.6217138,1,0,2
9766e22b42b7b3f3923cb9c2502dfc2dd5d0a5b0,0.24798796,0,0,2
776b86e99a1ce18a5093db457109807b766d49c1,0.28136408,0,0,2
e1bc286245ce5f798b5312d65bba64c71921a3f4,0.28718305,0,0,2
585b1cb97b4b9e81b55d68e04b6c1e1195058a8f,0.24617638,0,0,2
7587431987258e94748d5f2fda1e6ca049a21600,0.44346473,0,0,2
53def501409cd1f9e20ac43edba6f2949bb366c8,0.14811292,0,0,2
7c19a1ff4c217f03c0be62baf1169d689f566825,0.44840646,0,0,2
8cfc1b1207577943d412789765a3a2085f1b3036,0.3339872,0,0,2
577f7b3b5462fdf84c0956a3bec5296bf7821677,0.37884313,0,0,2
65b08c4f91a4e5d78eb645b46d06d7a46f8c62dd,0.40072045,0,0,2
0344ca3f2d43e3732bf16370262303be8761a523,0.5674873,1,0,2
c68285bb3392665827595ac408a5fad828b0351f,0.3766503,0,0,2
18e692478dcf91fdceb9b9fdca7c61a1111d63aa,0.50121206,1,0,2
f2d8493ac44995170ff84bb895e3a73e0127cc68,0.04813665,0,0,2
f5ebb9a649e9dd0773f9bd3457d6ce1895266d59,0.30443394,0,0,2
3e08af573f8b50da5202f55df62c925f88a47f3d,0.43812656,0,0,2
cc94767e7eabdfcf9d1cab1d8d1d8556864394c6,0.26019964,0,0,2
d6ad3f01574b839670d4ea5cf82a601eee7e0c16,0.088704064,0,0,2
a2dce32cdab108e7e281dfc27dd0a394e1419ce1,0.037803967,0,0,2
fdf05fa29babe21e64f9a5b268dc8406d449d4f1,0.33134815,0,0,2
0b70b01a9f1d9664bb5eac737175f58f06979b60,0.36845022,0,0,2
7076b7408f06bc8a277f58e7bb6c2ec3372d5d6f,0.2963807,0,0,2
cc6beb2d05347fba64d933906ae2b712b1a43302,0.35513648,0,0,2
c7554151d3f695718a5bd431e22c7f4c39a0b261,0.44167003,0,0,2
ae862ae116f2056421ab8d6e997e7b64a95828a5,0.38035274,0,0,2
d65b9d2bed09847ef28b9ceb30c9f8a96e0c12fe,0.2512161,0,0,2
36217ee164239391c672fdfc8f5bd080beab5c4b,0.0398052,0,0,2
44854912194177d67cdfa1dc765ba684eb013a4c,0.052659754,0,0,2
fd60085a2a3891ab6db46dd3b75e9dd67a7c734a,0.20627105,0,0,2
f4bfd9c71f51fb541d0fd203f0df2e609632dc62,0.3555858,0,0,2
3b6867fc25b5dbf27925fdced660553ea8289dda,0.037169136,0,0,2
ed94e5a5cce33af89dc1b1475204734b17f64bb0,0.36470655,0,0,2
87eff4c78fac85c1b5f2309887f6be5fa2972537,0.38045546,0,0,2
732ea5e94fdf8fef42b5c21d001983fb24d2842a,0.41973087,0,0,2
09d70ce73dd37544c92621eecb7faf062fccbd5b,0.05299801,0,0,2
060e66bf995177adfc4d73a2a4c9bea70dc5e441,0.4120518,0,0,2
9a7de3974d64a5410e577933e141797928adca71,0.51838046,1,0,2
1e9e36640f762d29c07d8322c361ece163b179fb,0.35363767,0,0,2
c56b87d6efe530590b6d9a07e41ca00af208ce37,0.44498244,0,0,2
07f3694a5c85ff5ee8c556817c0d2ea3504f26f7,0.052517213,0,0,2
5cb988334179b4f04a27c59c1e6a888db0dbfc9c,0.5289674,1,0,2
713c77ceda21d0c3cc9c213341259d64fb46fdc7,0.23658837,0,0,2
729bcc46b503c1574c7c93a65e902f436b4ec6ec,0.075071655,0,0,2
6ea2fc8d38e035bafaa92c7d3b007be38c2e9000,0.08694992,0,0,2
95fce758b0e12837869cae450d8029d7237b0dbb,0.058101803,0,0,2
6ce88517b3af6d48c979b6e984889b69c044561c,0.2624328,0,0,2
b52c69b1b0ba1c542b917247f1f76deb4ce2a42d,0.18784669,0,0,2
125cfb4cab35daebe874a599877d6280b464212b,0.61402303,1,0,2
6f03c0ce11db4a270124b9bf93338d3db9fccf5c,0.4640069,0,0,2
96a1a31d734e663af5c9bcda58c7bb5870e8a363,0.43506756,0,0,2
7aad59482002d0b4bc3546259d33eab20ce76b9e,0.38358563,0,0,2
c1ffdbab58712cca8463b3edc88f9d5a09b0ca9c,0.53901374,1,0,2
758228f691b34c97f421ed92336772531495e0cc,0.3508147,0,0,2
a26c66a8edcf029ca5f94354cee0db267e9ccc20,0.35257038,0,0,2
8dae1f2904b93127f101bd36c1c79e801385a8f7,0.0503053,0,0,2
4f928504ea91c3c1dd43ce696acadf76624240a1,0.13711658,0,0,2
22c30471564c730b02f5f7cedec28fcfe5749fc6,0.23903175,0,0,2
10122741eac52e218771f30c6dc2c0aca54ff006,0.38719538,0,0,2
e863dcb2e7a654af6b8eb5865d8d1d8eee0a6d28,0.32358134,0,1,2
d8ec011d770e1e04ef4f87fba673f3748f363278,0.7072738,1,1,2
f7cbda67518ed7335566ebf942cd170a66746096,0.62565625,1,1,2
7d061e33e59e23dc4b03378f35f50a7d70f033b3,0.53133833,1,1,2
49a876cb1c2a49583b9184ab58a579ac75525986,0.42222774,0,1,2
6dfc3e64037f10b84fe203415e79e2435acff558,0.42784056,0,1,2
5fb74a6618da0ca8b12a3346038164913a5d27d5,0.4362993,0,1,2
f5a9effebd7209f3fa5385f18a5e59e8a09122f2,0.5062854,1,1,2
c614fbcc79615f93d2c60a153db6e82d7474c425,0.47756273,0,1,2
d575057852ab2be41abb39b8de69a35cace5c67d,0.47971404,0,1,2
c8e61afdb89c58ea8ffaf04593da41ff0888d30e,0.1538175,0,1,2
c3b1fefbad0c67c8556ba6b4573f135197f87598,0.4954123,0,1,2
60412131f3679b720bcaaaf3dea4be666cefea7a,0.5738036,1,1,2
2ce40494073aa4e9bdcba4c39d24727b7141d227,0.47575244,0,1,2
2e9f3a80146262511ca7bcdd3411f095dff4951d,0.36871442,0,1,2
2c0429aabd2632c8c6a242e4a23d5eb6f46035c0,0.51620847,1,1,2
bb3fe2a37975920d1c7b9cf16309d86fe86e1a35,0.5260138,1,1,2
cb686673a70a6f14c35575550c48c37d19a1598b,0.45028642,0,1,2
357fe1378889e5934e8f60c8d35397bf63871991,0.5310904,1,1,2
9c886bd4a188c91301029040b3a839e4b8e2812d,0.44719905,0,1,2
8b62c114cfc5fd347bd8cb5a391fdfa8cb539435,0.529888,1,1,2
56b7ae44f957aeb884efc797ec74c790a7a3abae,0.48072925,0,1,2
17f9d22f334c91e701808808170bf60aae7342f9,0.6093984,1,1,2
9901bf98e4921df1c85e323c4b096b7feb80221e,0.39058334,0,1,2
aff0fae2ec3a7d74356776c183c6986eb9eed520,0.40295336,0,1,2
1415c9a2a6317dbdca6f1fbb530db1f558d9bef5,0.48040438,0,1,2
e51bd89201477092c32c180e4f8d00569db17ac1,0.33767265,0,1,2
efba54d35fa094de5e580b200a8607bfc7bd5a7a,0.44521224,0,1,2
58a8f12b443d7cbc16ec00b8841138ee55ee6630,0.47798413,0,1,2
e7d16c27629722a93a9d36a0b5e0a3a793850544,0.041008506,0,0,2
3fadfdd69f4682f05563ce53e55743f55813f488,0.21825708,0,0,2
bcc4f82a7aca3fe72142bd8d9ab3ac6c9d4d2767,0.251391,0,0,2
54acb6e10f33d5f71770323e9769d2dcc1130a86,0.35210764,0,0,2
bd4066eba88a772c06394d818d87aedca8bea53c,0.057754077,0,0,2
09ef69c5b51115300da6df43690cd455d83c8027,0.041525465,0,0,2
a5391bb34cbe168f2c5f5f6e8fc3a1eeb9399e13,0.34866205,0,0,2
96cb498f9bb88b534e49f9b8301c9fe7113b2dfe,0.046775617,0,0,2
f4a262df5204221184f1f5008b06957868684a25,0.06608826,0,0,2
81ee0d062c888d8f8bcbc154cd7f0143710f458c,0.24434134,0,0,2
4aa4291ffc143486757617b743c9670001f8a7cd,0.059041075,0,0,2
ae6a24dd439a7b778e35b484a3a6eae1a8eb64d7,0.038624004,0,0,2
9379d0d36acdf78455e81518b3b1476c7691f056,0.04929563,0,0,2
2521d9619fe1f052ced8ea1107851ac98a1b7488,0.036768615,0,0,2
7721302ae5d70d2986d74ae7e7df648bf849997d,0.10552567,0,0,2
1cec9a6fe588c047daa6c711814453840405561b,0.3101609,0,0,2
a36c903d4f1065bc59f5e6d2bb0f9d92a5e71d83,0.03830155,0,0,2
08aa21f9217df0a28d48be5be5db03ddf4867140,0.26511994,0,0,2
4f4e2b064e98ce1abce98428965f8eed86f4543e,0.15993746,0,0,2
2a11642511a3c69bac5aa1abd83d3219871395e3,0.059207797,0,0,2
ce178d8e87ff6f9a12aea4b217c1e09254936236,0.26035973,0,0,2
9fb4f47f352dc1c1f5f20de80840d39e1eebb985,0.36740923,0,0,2
762641dcdbae9456aa2b72ec8fa1baa0acab942f,0.04370775,0,0,2
47a9ea7c828772625b9e26c0c7a6db494ea626a3,0.095699556,0,0,2
9d090d40ef488c6c8e0784da877b93a05034e339,0.048629273,0,0,2
e7e48da660e17bbe5c0f8959c2cb9f6d60555cab,0.04801708,0,0,2
5d369c4fc53a2ef5c47f16eced9fe917a87146a9,0.39773372,0,0,2
558f84322cefd02246c49666d7e7a3b2e2cddc13,0.0329983,0,0,2
b0580d508bdee2903f05d95d59e6e9a1dc9d710f,0.123984106,0,0,2
32155107dd982360e813d10d0c76f6f7cc2cc7bd,0.05820823,0,0,2
596afd4f5a73c7fc756d9bdc12c6613856ca27aa,0.12379634,0,0,2
7f0046cf4e2161f0145e0e59a1b9684b04061916,0.13625008,0,0,2
1f5e68b5612053cf35b31a13c8b5e8341d892f93,0.03172103,0,0,2
b236d5259f95b755aa5e1d955c8f835312047d77,0.049151298,0,0,2
8fe95aaec201acc964ffca80954e60f7c57d7413,0.04222918,0,0,2
d5b16405c77037e37bd180843c1eba79117da7a6,0.035386577,0,0,2
d3aa5b77428d77f5954e30b14e7385c15f6f398b,0.046684887,0,0,2
83119a80aa1551bea003ea6b9e65b616b7795246,0.038717147,0,0,2
c4de3dd2bb8afb3323fc3aaf394a463aa4222768,0.05202885,0,0,2
f7f4b909d0961528c9b02ca5492b2a57a8df8bbe,0.03686405,0,0,2
bb3d861fcde210e45f3d3ac59d8ee6e1e4086cb9,0.041248117,0,0,2
1e6dceb8ccfd2c97379f78066ef4ad2b9a17b1d5,0.34697127,0,0,2
361b73775230d91b4ad9ed588d6d57f3a049e907,0.04178688,0,0,2
9a2f53d2d56fc58617f2bc7e8ce7f488dd05d47f,0.04260268,0,0,2
6ee118d2a12a4c0bde2c5b828e05ea9b18d4be2d,0.038756352,0,0,2
eef240cfdf77df4d3ec55c2f03dc52112dea7553,0.52327436,1,0,2
0ba5e75432717181296459b9bdc98f9cc3cb2c7d,0.3857738,0,0,2
5d83e4deb81aa7e06e4587809642e70ef9a03662,0.21040957,0,0,2
c635393fb9996ec9d33b32ca27a720d6d5593255,0.04100258,0,0,2
cf4d2789901be233792839384ba76b94dbd25888,0.24374236,0,0,2
46a1c86ab3f4e2068023a1faf1c704443f3f36e9,0.036273174,0,0,2
d31ea317a5fa6cac0e281bf0aec5367ebe45a217,0.06209555,0,0,2
88564caa20e4bee55287b258543cab35e9d3adf6,0.5102312,1,0,2
9f0af0bfee5a92e67ee54c185f49fb7c771c15ff,0.41877043,0,0,2
05f3b74fd581ea5f8946c64edcb293747b4d9a71,0.04376293,0,0,2
43e4df85bda71ca1500112912a83d3ed19868c4c,0.03725149,0,0,2
8283d966f47280f682a1407d499346a383d1b1a5,0.039594863,0,0,2
5878adfaf37ce37e6988956e4cd5c833c6ec61be,0.04050265,0,0,2
ace5ba00f7067d517a35713f439344f24144fb79,0.03768666,0,0,2
67e443370e06288fb2702d62c0206221413ab852,0.058050755,0,0,2
9687cf07f34bbf5f67c17e75cadd287b9f6662cb,0.03087556,0,0,2
94cfd56bd9092e0fd8579120630dba0c857b7777,0.42397097,0,0,2
077913c7e9eb8e4cf8863b7545bf53c2923066cc,0.057689644,0,0,2
fbb81a37f80fab1d1e21435782e034eade76114d,0.3778631,0,0,2
278eed3e1f7cfef2d39a25aba53f4478c3ad8c58,0.047328178,0,0,2
73dcea01b19ed9fc9c0d5a8c38e752bfe071c801,0.20291132,0,0,2
54bbca89040ed195b89478713fa4a181cb2bca3d,0.038466007,0,0,2
1fe64733a2a28b795bddb152e9adf7489b6ea7c2,0.40991524,0,0,2
1194c69fb122709872fd634ae9890cecd1d83e90,0.48155874,0,0,2
709aa7bf9c998cc75f6e0be7d258aa5a07ebce8b,0.06289518,0,0,2
cdacd4a987755572bd4d6d328b371644ac07ecd2,0.061815545,0,0,2
ee7ed6e655c08774387f9ee60ce11b84d7901cd1,0.23760033,0,0,2
edd64cfd822ae2ca2faa8dc1c73edc38a6e19f0f,0.0341982,0,0,2
ed085d064c0f80b0bcf382550d10fe6b6fc9f283,0.052482143,0,0,2
4a025d3f8e31bc3e944399990b3a4baedb90e630,0.049974155,0,0,2
157aa8daebcc6a464cfb350de346cc550ac13d15,0.25267524,0,0,2
0dee0324f694b1e035b9c3dcc6923278defe1d3e,0.055213116,0,0,2
136b96c803ce4353f2cca2b24171ddbe74345fe6,0.033253506,0,0,2
99c63edb10e945d466dafcbacbb6fe930f2a31ec,0.20881204,0,0,2
1c8fbeaec2ee80d45b78742d63aeec0c9d0c4e9a,0.25071424,0,0,2
b1162d812eebc9298b7fd62eac1dac119ae5f271,0.32336122,0,0,2
125c820e8d43df150ac09c9da5b38dcc1ea6e03e,0.14961438,0,0,2
680752e1414c07fe4357d5b6fe3052f3d9dfa374,0.036303386,0,0,2
f36d6870f2e1feef7f1d6fffeda056fa72c051f5,0.042286515,0,0,2
62e69cf4f2fcb3ad8bdc44f75f8a9e3e20ca7337,0.053573,0,0,2
7df57879c92a467cd71860e6cfe14a04a49fd031,0.35126808,0,0,2
fe63f95fbff43495e57ebc37350798dee024cf9a,0.046764042,0,0,2
719d0c56036111d07c46ab5b0f379f62f14ecdc6,0.13596019,0,0,2
4951344fb2ce246e0cc5a2dff90d24cea6eb3a75,0.16034539,0,0,2
c151913ae25d55814c40b7f922886d52c7086787,0.22803915,0,0,2
ba1e716261e055f84baa9a47f9ae2ba959d54390,0.31040102,0,0,2
894fd838fb695d794fbd28cc66c82b80a9688c91,0.31528416,0,0,2
ed7710f41c594c030188917cc773adbb6107383d,0.3531475,0,0,2
11ddae0a3570fdeaa421e4e378ae14bc173598ba,0.30213672,0,0,2
9e8b370391f5b3e71cc349a2ff556d8a3cdf1232,0.32049683,0,0,2
15ee56bd0f91ef807a3e729ab3410a834ef3fcef,0.32627487,0,0,2
72784c46f6a7d7644398db5c7ac8bd3822c523d4,0.42283762,0,0,2
90559c49bae582697906598c735385c19daa6da6,0.43216315,0,0,2
b34856498ed290a4883b077db0d4df2991ba190f,0.26388177,0,0,2
8cc80dd1a449f98924ca9e74970b35f940d43800,0.4238322,0,0,2
84a844af5d30ea41750071dc8140a56e9e146bc8,0.044766564,0,0,2
6f95e26fc92e929fde30d592e7572493d360ea3d,0.043927904,0,0,2
fc3d530961ce4f23fd2c8310f82d6d1fdaae6c16,0.33580098,0,0,2
53c08a37ef81ed2aa3ab57f5933ebbc5db68328b,0.36270675,0,0,2
bd861c0d8009bbd51137bb97d15d5aeb8902eb2f,0.30669352,0,0,2
584a10fda56263ec0ed555f9866a1a82851a83b0,0.4400226,0,0,2
aa0c114ac9636012a941ebee49d69cbd6f6291e6,0.41750005,0,0,2
bae09b4838de43ab6a8be25ee25d0d11f0fe7477,0.22327249,0,0,2
4d8331ef9c3993ae1d3c091a758b24cb9a037fe4,0.05644734,0,0,2
1d1cb74151d6fa0272d607d06ffb85ff4a50e972,0.33086044,0,0,2
6602d00afa7a5f32218784dc54975cae5540a255,0.08783811,0,0,2
cd78c96d225752e3656a2f1a302298370b55a4c9,0.049923588,0,0,2
f27cca133f9a28899e00488ef56b2f8a2700a68e,0.057235576,0,0,2
3fe52d0cd85c01eadc44933df5596d177c3ecebb,0.17045908,0,0,2
81d1982c3cbf56f77e2edf3f063ff84e6e748549,0.30842572,0,0,2
e32f477085a9b6f658463bbbf355405980c515bb,0.079212286,0,0,2
7419cdb1fbff1096edca78bc5db34f7fdb3b7342,0.051828314,0,0,2
ce1f9e29288cdef4fc295ec2d5b4f846f0b732d3,0.30764234,0,0,2
60a8028d22b88ee2f2d7cf7657ed35f4046efe79,0.4444679,0,0,2
c779a5ddb807f1a84e1e6a5e43a0f1296dd565cf,0.03726535,0,0,2
c2bfafd4bb8ed95e30dce29e65a9afce26a7d860,0.17283711,0,0,2
e48157a0de54d6b82137d62dde9cdbb4bf5c6f40,0.034817126,0,0,2
6d908d014c25ef3da000789dd56de0b6e7c9ea8e,0.044668395,0,0,2
5bef000847001240749e50239a25ea69485c849b,0.17316517,0,0,2
82c1bee3f786f96fda51243f4cc6d50995bd90b6,0.47230563,0,0,2
5f84693e1db2c35b9b797614e17136655c433335,0.040234305,0,0,2
dc8138a8a9b022d156c4d04b2491b269661db396,0.031649712,0,0,2
233746d8fdb7e71a63b5cddb55421eec87bbcc4f,0.33184433,0,0,2
84daf6aee0175303801e710dd2d326ce252d2f88,0.4709161,0,0,2
6df343df2635e7e0518a09c374532ebf22a30529,0.043669537,0,0,2
6cf4249650d72cf21ae3addacb5202089923ad91,0.0463701,0,0,2
d990feb36764cda778e6b4ce9469654229ac716f,0.044320792,0,0,2
393fa5df9262c339e004e061809c73d7637a909b,0.05049439,0,0,2
59899e1c820cd3fb8789b9cf8648b269b97763be,0.035633754,0,0,2
2ddd54a7ddfead528f2b1de92dc8dd16be7f5f89,0.3151748,0,0,2
c7599fd2a84b3d58473fd16c5df4034a8658e925,0.048448037,0,0,2
82b547ad25147df44f27a3534a5b618755217378,0.046870448,0,0,2
62e56cd3884d224e42cc8b449ef631a0909a19a3,0.028654084,0,0,2
a85fe84ce63f873b760e311f27ec42e05f1b3f42,0.33266953,0,0,2
0a114bbdb01548a69c7a8c155bbdef7785ecb389,0.04079384,0,0,2
5310e25a6cb79eafb21408fabd744f9a76c2a020,0.05280435,0,0,2
8834c8e380b7278fc37a4e6b80a9198a895d8280,0.045826726,0,0,2
b9284992ea3c8c484893517ee9df3b2274296959,0.18793958,0,0,2
939527bcc5b80a1788d876d7e47fb45d71d21424,0.16313529,0,0,2
26e77ea86294f5a9aa929f9acf7dd76a046453bd,0.31217745,0,0,2
3adcd2103d1be4feca870536e8f7a7549f6d492c,0.22088495,0,0,2
2edb7a20f3856723fc715f7c72e10e72ea7df385,0.29576737,0,0,2
9843210e5755d2584efd3496d59e50e721187842,0.23526703,0,0,2
e6cde856d76935ce2ca5323579d2557f5412c774,0.25259557,0,0,2
c460996e75df489d6bbcb732763c10d01e62516f,0.21668513,0,0,2
115198b9c94bc66c7a659a04d0e2f65959ce9297,0.36741158,0,0,2
276552d5e73525cdd29d9e809659d35f34c5250e,0.30646482,0,0,2
c0e4ebfbb0f8c38ef672394015f47fd72ba06cda,0.116049394,0,0,2
c61154272699761265a1f2e5282ff1bdaf714b6a,0.21097647,0,0,2
f0b18d27f01492af6874baa8415ad17511eb5d4b,0.12232534,0,0,2
45a0337e1d9d23126dcaeff9c0ad96c5b4011957,0.33889604,0,0,2
90f4139bf75c94aa1ed62c5f64c3ffd78a1441d2,0.45658562,0,0,2
67c51ed7ef1d7acc4010e45eaf8088bd91cb702d,0.36374244,0,0,2
9acc3e824e2efa2e496df8458d207b5fb5722e6d,0.19975817,0,0,2
9dbf8388c5bfa0c7beb15e835b3a5e6fc74ecbf8,0.53162736,1,0,2
f30855735a40daaffda15794d7abbc6ab8c699d8,0.21552648,0,0,2
39513f9142cb82b84181a11905b3866a49d5a3c0,0.1670958,0,0,2
289e7a769ec9ab110f85848b281c4c143ba84e57,0.25151923,0,0,2
930015a137f6bc34127d7646b36d0550842fedfb,0.22536841,0,0,2
a270ff62852e62b5ac0f943a7e57292a72b77271,0.18356997,0,0,2
9f0d58985f4588981eefaca0408e767eff1bef73,0.16526578,0,0,2
8f346f9f1263b2fd5923abc0956134df15fd9325,0.085403666,0,0,2
ee851e403b5ab4b6b33713b08f9568e966ace052,0.17190279,0,0,2
55e8eac25d81f07bebb16d812c97edaf1393083f,0.16919489,0,0,2
c8bdf60d1d0be609094e14054be0b9af0fb05521,0.27330828,0,0,2
9d4f2ba886b003980f2c37a4de7a3e6c3c701820,0.17847325,0,0,2
8713af90d540e7bb01f8ba1fd99f6c04e41a7433,0.19863041,0,0,2
eed8a7adb3de7441751e846f4a75d110dd205f23,0.13787667,0,0,2
b9e2a97758ba6c007fcda160c4d8b0528bdbfebd,0.17497616,0,0,2
07de4dd578727555bb94ed421498f455838b317d,0.27569267,0,0,2
641aa1c663ebead0189bf001a06ee56463070ddb,0.38531718,0,0,2
b9522976f462687b0693b7229ba5c7faee0cb74b,0.17915453,0,0,2
2fd2a76110af7ae07712af01708cc00310af64ef,0.2566742,0,0,2
5723ce72d04c8ff7af8f245518cc48291701db0d,0.22813483,0,0,2
611c73889b772dab7315c952902d5c649635126b,0.23150271,0,0,2
b5b45d3260bc83d2432566dfbf22f0897240bece,0.13007303,0,0,2
22daa5f1dd4396e94224841b3bf0e9f226e86695,0.28593716,0,0,2
4a9bcd0f5211c91c4c2f47313c8f8013d0dfe03e,0.26524207,0,0,2
864fda4370a8d1bbd942400dd899653fd5d85244,0.42795736,0,0,2
96eddd6ae1427222986eca344b898b3332792a01,0.23418605,0,0,2
8da9a65b6398931af18febe082299c5c4b932924,0.14867452,0,0,2
8354ffffce024a97ef5e05b7cef4a82c263fc07f,0.16842473,0,0,2
0ca8f9b9feb2d74c6373d1762b1eb4a6b1f7f4b8,0.14086436,0,0,2
13467cbc7f319f7f7e9e9185a673714736e77b83,0.25119027,0,0,2
e63c5361937cc2598a3cd030f79733cc8c22b6fd,0.21250366,0,0,2
bbf65339023bf627a1843073cab699ca1831aa96,0.24863899,0,0,2
56706c8203ed023a3d21784b6e7fab40375eb9d0,0.14853342,0,0,2
274c9c1d37a47ae9bc1cdec1b0b0e4189dd44845,0.1824855,0,0,2
b88b065aa955d7a7d8f74c427b05d2243eda0779,0.21945092,0,0,2
949d74737327f114ae97a18f9bb4a4f5626b59a5,0.15512607,0,0,2
9f1dabed562e5953af25369121fa7fe221a20276,0.0362722,0,0,2
d86509b09672b874de2f933a511a1f74af6814f7,0.24925461,0,0,2
525d1fd7ca383b3426341c58ba9e2d2e886a59ac,0.037032586,0,0,2
a528bcb1ebafb1eeae14fd3e305f3636d6c04717,0.036699183,0,0,2
c4190304baa18d3a376c3c2232f45f63c479a5b8,0.04923881,0,0,2
bce159a0c905f673b8e0e4c9899543a812fb904d,0.27006176,0,0,2
333971caf33dcc05b6f714fada447e9417f6fdc0,0.363226,0,0,2
9a6e25230eccfa131d40eefbc4f48a13ac31d640,0.04920065,0,0,2
b1c45ac691d46a8c609f2534d2adfa59c0599527,0.048548277,0,0,2
23747116069c150e26e0dd42d61331b1108e1e01,0.33963114,0,0,2
74ad2114700446837ed451f36107a056301a65fc,0.04349191,0,0,2
dc9032be284c70f53d8f9031cc90e01678a0e55f,0.20528384,0,0,2
6b9e6419fc944d3b5eac58187a6cd56e97328c2d,0.03861626,0,0,2
a424d2ff172aa3be9eb5155e732e6f61915d7b5e,0.32532936,0,0,2
004d5e672e9b2734a4c27f0e20504fc615da3476,0.47201928,0,0,2
b6b59b189c1274ae43e844863c7a2468c0e16b4d,0.0448279,0,0,2
73733206b943f8a03d18574eb7585285eeef05b9,0.040519033,0,0,2
fff00791ed30f338ffc085f099be5517dc359261,0.03377211,0,0,2
b8ed8bbd5eaaa6d3e463bde3accffdf3dcbb77b7,0.030376242,0,0,2
256420016e2321dfd266f9a2ebf672516cc936ac,0.036183547,0,0,2
c4161ee29051c6e44773fd1837d2080489727dbf,0.2928136,0,0,2
06e7d46a49c5d31abca644fadc2e3ecf6f9001a9,0.03448804,0,0,2
1e8a31f417256b9f555b537a09c13f1135addbf6,0.03330226,0,0,2
2d79319a8d4a3ea256ba1bb6364c1330518134a9,0.031755235,0,0,2
2a491590568140349f776b2a63bcb4ce74d147ce,0.030530624,0,0,2
32080b32a4eed0719b79f4be332ff5a55468ab7f,0.03542434,0,0,2
3f66e516a7f5833be9c87911952465220acef149,0.057126913,0,0,2
2a069edb7e7c46ef3c1f56e8fb6cadb779ed2e42,0.04884495,0,0,2
963757362ab2ff0f1636008815549322fef1148c,0.06738262,0,0,2
9f673d4da60a889ad5fefb6fadba1c40bb3e735d,0.20059094,0,0,2
1688a5a2444b3b636741d5675646b0b74820b4fb,0.24248861,0,0,2
284b6f5477838fce398036497e1acc206b1eaaeb,0.039731674,0,0,2
ffe28c43e0486d443234701ab9d791e703c88071,0.037496004,0,0,2
3761b5514470d3f06c9076b0821430d0c2cb2da7,0.14607993,0,0,2
a36442f0d08bb1a5b964b4c77d4c64eaf251c3e9,0.17530999,0,0,2
2ecede5902f9a132a632b8431a35daf5174e1a80,0.26565298,0,0,2
4a2e49fd8daa81cf2ce331c3a3795844e79814b0,0.18980709,0,0,2
8c44a71208f640835d7a205a7b6e58dc065d8dcc,0.07032275,0,0,2
74abd625bcaaffccddc3ca9faa1402b179c251e7,0.03637732,0,0,2
ea64efd6dc61cd9c9b1207d2da37fdbea14d6b50,0.07059475,0,0,2
530049b41c9f42e11144fbad4d1fec65ff0956e9,0.27902064,0,0,2
66c451d618577c1a1e1bf964ff990574782c3bb5,0.069032334,0,0,2
a10c6b01425a9c21cf687294bac43a63de0a0d3c,0.053435285,0,0,2
f9f92677a92ef76f92c90521904c20b8512b05ff,0.042807706,0,0,2
989135e762d3f00767240e7b42ee9e1cccbe43dd,0.0476262,0,0,2
12cd61925c37177a82d2adc76f6475e662030e12,0.1911222,0,0,2
17f4a06be88ed9c950e562aa72755c7a493b8ae9,0.035433777,0,0,2
c3768b0fba8f2f565118c611f4ced4bd6143d022,0.15734251,0,0,2
16d64a96a0a07468bb8b2d3293d374bd4373cd70,0.10785501,0,0,2
1f0919e28420fbd1568ea1c1fd4cf7b46eca9b04,0.09908077,0,0,2
4e347adfdb1a84535440d6c9f392d134a84969fd,0.045385234,0,0,2
9818f5ce6f76224f0d5d5c8ad583d854b8cc6872,0.04430437,0,0,2
dca231dd1b2629f45e65cf46b6f91803fb448aa2,0.2029618,0,0,2
9930786b2d05890fd071332dd1b9d7d7ad0e1b3d,0.043967962,0,0,2
b367c37c2e92ae652e49b361425bdc7ab3390f25,0.037562132,0,0,2
bbd32a63be1334620c1f52bcf4494de4b1e6931c,0.5612728,1,0,2
6868968abdfb03229bb0dd60e57a502db45394bc,0.03882894,0,0,2
3fcfac543d8e54b93695ea5f32b1820c5e5849dd,0.04581262,0,0,2
af50960c662e2d006dccd4156ca85ba3b2d3d5b9,0.035625804,0,0,2
99d1ccf360643d89b88bdd218fa917d365d95cde,0.03685399,0,0,2
3c32e5384eec3142bb017fde824dd1cc0db48876,0.037609022,0,0,2
b4621118821f29afd3d5ea47eb8a684f4e5ed3ee,0.03279573,0,0,2
eb3f760c1c38fe3910d979e75093da67f685e2f5,0.047558036,0,0,2
efb03bdc301d917b746e6716f2a074f54ded723b,0.039218474,0,0,2
3ff71911718c07ca1016ca855aece547061db85e,0.03317463,0,0,2
01f84f2b0d9c13ac82ad471469b6a5692d0f8cbb,0.21089332,0,0,2
a95c1598ef693cbd7d874c33eae82433693b75d4,0.45321897,0,0,2
6fb796db3d138b4e97dc1fceadf6bfdad74a3533,0.039892115,0,0,2
cae430631d5472394441cc82e142103c3a70dc83,0.043674596,0,0,2
47b76cc60f7b73188cbb47a0879aabfa0228be31,0.39766735,0,0,2
c64d12958fc711d667f26d0173bbaf96157d629a,0.25747344,0,0,2
643590426ee7255ee5e1e661b9e2ac8a9052dbed,0.043104615,0,0,2
31ad1256c66f47e58b7ef40955953e4a1c6bdbf0,0.039888673,0,0,2
3c984c22552eda0fb5b200efb3f239213a4a04ca,0.061271932,0,0,2
95db7d0aab9bea25d3a14db42a7787ef77861f45,0.44274536,0,1,2
1d6f5e40ff44f08fa67c6a2b57f7ae4a5e4b0be6,0.48818523,0,1,2
e0270b0562d42658a57c4fcbf0cddfb5673baf5c,0.5212706,1,1,2
6eebee491388abd2ad61a15d3f28b167c9f0f7dd,0.3454553,0,0,2
ae3f537711b1375c4892130d65cb60928549cf58,0.22907342,0,0,2
25ac3249dc2a40bd52ceccc9251c8446b036d197,0.28622493,0,0,2
6ce9662add46e3cf144be07f7ebf18e2d25a7abc,0.18168458,0,0,2
111c4a5e54dbb1bec6537eca02618e2287bd23be,0.4468664,0,0,2
e30788367dc7ce4e4e2d8152bc7370af8ac2fd0c,0.42206705,0,0,2
b1875ac1abf9ae86f5a589c5144c8c9902a1dfa2,0.3173815,0,0,2
307ed458578e68e68918d3ccdcf4798c57e084f2,0.25794882,0,0,2
0caff290df54a8a3b653840fe257fea94807d697,0.22942981,0,0,2
b44b3d95b321cef0281cdf130e8c286bfdcd60af,0.31441122,0,0,2
8f77bd63d8b5b2ab593b134fef2bf5e59bed0441,0.38616684,0,0,2
4e410e068b8d367c53766a7da712b1b6f3fd8101,0.30026,0,0,2
2412c90ba5584fed123fa6a33e752e6c8eaf74e9,0.29493943,0,0,2
47ed0c7cdcb4d516e41769e38a9cd5ef4d01713d,0.31725818,0,0,2
f5ea49326cd5c09f0782b0d1bcbdcde9053ee316,0.36560684,0,0,2
7b0388878e522468f90ea163b15ccfba05616c95,0.26409882,0,0,2
a653374b2871d67f51cbb4ad2083444e9c3afe1c,0.43609208,0,0,2
430f96525f80fe4909208ee4d2aaff81c312aff5,0.32920226,0,0,2
295d46aeedf3660d89d6c578b84c410089f9b1b9,0.43729,0,0,2
7c05411f80b6748b6b2197d2014bb98c8b0857c0,0.31082347,0,0,2
140846cf81678649b6bc29497c3534aebaa1f6c3,0.3673539,0,0,2
0512bc21bf4d0f1e391e4158adf0ae145d408ee6,0.3606134,0,0,2
283e14cbbdfa5bd246a3ea9dee5739959f64b4c5,0.33774987,0,0,2
354b72afb59ff145afffebbeac8a7478d4140e75,0.23979416,0,0,2
15c72674ebb4bd99790de97b5645f1531a3a7c00,0.30192146,0,0,2
1a3d74470eab60d668859571938b470723726139,0.28803128,0,0,2
330d5cf99c1eefe3fe86dae260a8873068650866,0.35388687,0,0,2
586b6ee15f526d585628a7162d10f08deea6a93e,0.34363845,0,0,2
71491e23d68df50555c52db62ae9bfc0a2543b6a,0.3887101,0,0,2
e56b2b598a2742ae8ac97ada82a97655b538ee94,0.2588142,0,0,2
3d129b7e2f6373f7885336225d3edc93b3f624d2,0.25034082,0,0,2
4d3dc80e4b3f7fd0e034d544345a568d6d5c5d26,0.21402313,0,0,2
269e6693ca1f05bb7e2623c538b9b934fa688f41,0.2990228,0,0,2
c2452a5af3b2f1db542175221dbc19eb492f02f3,0.4424219,0,0,2
9ac217fc697b3afd0963b897edbfac265ba2f571,0.41377345,0,0,2
a5f357667b195f9cbebc1d1de8f70c6e0c28dc3f,0.3997131,0,0,2
c3d13908a2e8ca7b9832fa693ca72bc228a4e92d,0.3178853,0,0,2
283351276ff704df65779624e195701a21f0e25c,0.40469903,0,0,2
38e3e41049464fa3b8ffc1e810f87c18d91a7bc4,0.42457214,0,0,2
49eaf68b54f4114a0176ee56790d8415fd64876a,0.2629844,0,0,2
42308f780fe3d0c2223c121493f97c747226bc17,0.33753118,0,0,2
ce5ead2f93b92c815f1304fd51dc3fd3338cf19b,0.2918928,0,0,2
e8ebc1e1dfe2b0bb7b9f549ff35bd2d1a1fcd2f4,0.35932574,0,0,2
a76f39d4b284633c6792d8c7977abf8fb52a017b,0.24928029,0,0,2
97a64af2d6adc157f6ec9e4d4855b2924caa69ac,0.29927564,0,0,2
5e2559e3ac936ed985d5fa9d7160a284b9a83644,0.34012458,0,0,2
dbd77cf4fb93996fb7f312bba2aaddb87e5d6a39,0.31160712,0,0,2
1e8be6ff174f1d7027e848d5788d63ef9827c659,0.41065395,0,0,2
0847a34f6d1f15d3d35ddd9f3283d54c1355b299,0.40693587,0,0,2
d1cc91686abf34d073ffc496506da9ef712984b5,0.41014993,0,0,2
0030e4bbbd3cd3cea505bb1e4f1edbfec5986fd1,0.29837677,0,0,2
3b6dec3c581f883cf9dff6f04512011cf277f586,0.51431024,1,0,2
c1ea2007d4f6527bd174869603f53841380b5c31,0.5560144,1,0,2
87361f16b0eb35ab5fe25fe2ce3cb57a96dcedbb,0.36789623,0,0,2
f10f849935076a7c773283789c75a4c35b9e6c03,0.061156347,0,0,2
034be5fcdabeed034bfb562ae7014e021caadd7f,0.35667747,0,0,2
8c52cbf8dcba19310a569a23ad3e940836b5e7ce,0.5171887,1,0,2
9d4e26a501903d404a809acc8ce93df1751a5429,0.10734618,0,0,2
7dbcbaa0d72723a1682dfe340fe05b2f0d3cd3a7,0.040422563,0,0,2
b3240c0b4dec02d8a511b831e07eb0d03094f677,0.4260998,0,0,2
d37a2097286c6385bf8cc757944bb3568672d873,0.34646404,0,0,2
39ed7bdf558cd8286e62492f6c91d2af73f807aa,0.27412084,0,0,2
100bab5d8bdcbf802af6437fcd778e7f2b9bffbb,0.30909443,0,0,2
21892745c86fa03b465cdfabb99554e9659b1941,0.24397568,0,0,2
511499162fc2ea958f3c78b1081225d335b52227,0.44049338,0,0,2
fe718980550f0221041cfdb56f83638c328cfb9d,0.0638112,0,0,2
8f577fbc1c44a4e5e39551cad677978452ea0797,0.05066683,0,0,2
76c125c3b74a390a39cdcd6666cf7e9cea0e5c1d,0.42529765,0,0,2
203918573c29676b179b673aa7e41366dc4215d9,0.554583,1,0,2
c82fe35c48bd0082c16644d16d82d1be79d6b9d1,0.17714687,0,0,2
158d178c58e892ba87d782ecf436d30c038d464e,0.1874714,0,0,2
e8c09f05be1310ea2ded05bdd808c46a1e4485e2,0.35290185,0,0,2
b184666c1975fa4050121c694e09a88060854eec,0.4403034,0,0,2
b83e111c619232be9ba0a7bba682ebc141b618b8,0.22761846,0,0,2
2a6c6ca711f0f0d6aeef30853d5eb05bc68c2e85,0.39442092,0,0,2
01911a40eaebf2aefbac34cb2760f7f77ccd07a6,0.303621,0,0,2
ec733cbbf25c103c2c661625717527448a42663d,0.331354,0,0,2
300578058c7d6db0671648cbc5bfca84fce6285d,0.39786997,0,0,2
63950ad11917411d82d9adbd0ad1ccc4884ebb4d,0.32561004,0,0,2
f9d6655b42d8e1b1071f78cd7f1e38cbaa20350e,0.35153446,0,0,2
858aa75ed257a24acb983df372f634c3fc6c49c7,0.33505526,0,0,2
76a941217f9272693b5484ef360e8cf6491ef3a4,0.35110596,0,0,2
7ff71807ce589931a56ae6f1306af43c6b8632e7,0.33738986,0,0,2
bb1135e50c27938eeeeb6e6c1ffb3882dceb9f1e,0.2203326,0,0,2
f0299220ba7dc33b1865068db0c184147283a9e4,0.3447312,0,0,2
4a6c36401518a45a709ade671d442e061138d3ec,0.4183297,0,0,2
ae5df796be80dfafb523072e4efb30e34dbee46e,0.38736466,0,0,2
7e19596505676c5b300bddc39792289441634f02,0.3663293,0,0,2
55e9d25f779a3ba726a9904641e656de93a1fac3,0.3061126,0,0,2
3b6468ac4f765262f68d3d289d25bea3da521c16,0.30377963,0,0,2
89b1661fde38bd12c4d83b9fbe696db0c8657a78,0.3205247,0,0,2
f054152346cbd7c8afcdcdaf55c39f9967edacf1,0.19292895,0,0,2
346009fc677b252d052e9ee22c6a4cd2be10a032,0.18886305,0,0,2
4c84e204cbce349f3c5722750561b91607d3fcae,0.44447994,0,0,2
c353239c4fd22b8991e1488ce81218b1c9769bf9,0.3923426,0,0,2
516f6889c9153a59110d3ee9bdd907e95e10cc08,0.37417603,0,0,2
7b6bf45d83c3ec028e686318b8d4f1a061723908,0.50449234,1,0,2
817666037d3c09b9138b161964b0fafc76d65998,0.23233378,0,0,2
c3b831fa7e4ad148d8e3abe2a0e3c089029044ed,0.38345033,0,0,2
5a5bbc662104afe8f020d89d6e560f2897678984,0.42743388,0,0,2
f8c39cfd773d797adc1b4ee19aa8fc17268946ec,0.11711481,0,0,2
8ab0ecd0af3932f40b931e1d84b2951f7777a305,0.061471865,0,0,2
599e57b27c19953487dfa3828432b8ecc7cb8b38,0.14130466,0,0,2
68ae60d779e3bf4a46064fc1b537057478a627e4,0.40307972,0,0,2
c600de52e107d1fd3d5a9c1aa1bdbbd6754622a7,0.074096985,0,0,2
8939061a3c0218dd3fd27f96f3e60e48f74622c6,0.22504678,0,0,2
cff360a340b48070d88a48f06e8748a916ce52e9,0.43145603,0,0,2
52cfbfd91e60db255c3285c90b94cb6e3a75fdb7,0.38803595,0,0,2
ae31e56476646b33b0c2a1f03bb095145a22097f,0.26390722,0,0,2
0b683acf0a5910fdc4235d3103eccbfdebbb18ff,0.25887004,0,0,2
861646b25a39dcdf79bcf5a7643bfeb28e137a8c,0.09172431,0,0,2
3ea4d5d580a78213504a4611fc7bbab58b93db0c,0.33678114,0,0,2
b5955f5948a973a248731b774773bd225af39c82,0.39176264,0,0,2
09db9daa292e74b6bcff84edf406aec41ecf536c,0.11095723,0,0,2
410ab04290294dec74180043dc2aa635ca1e4e80,0.14772929,0,0,2
efe3699122699151984e8499da9d42673a42851a,0.043737765,0,0,2
d2f27093d7d95a07da901902f894d88b4ecc3e95,0.40837997,0,0,2
ca30fae3acb59a5caef3c3c21eecae7c928827e0,0.30382985,0,0,2
5ef5bd199a4e3df74479b4b363fa29b0b3092547,0.44746616,0,0,2
9e8eec78a71b7d1274043f55c9a5fc7811d53132,0.43637037,0,0,2
6a0a1876772e74a1d4a7c82669784f8bcca8397e,0.3409296,0,0,2
8c5c6b936ee6d1afb75cc2cbc151887937dbcca5,0.20995742,0,0,2
484698c5415bb578cb480845e2dfa930d3d49d9c,0.33782944,0,0,2
29a7e67999568a5c86b32ef513a90d5d090ad2b2,0.2472091,0,0,2
87f142f5c85c9a7e86d02b4599e3973e773f3d41,0.30062595,0,0,2
d664776d4cf41d7e1e46b92bd8a4e907cd3bd438,0.13910763,0,0,2
847a6d07793a198d28819731e5166f9ed3845164,0.2639837,0,0,2
fea1da48fef9e28026704e9cadaeba3e0ecbf6dd,0.30355862,0,0,2
c7a5a6afd5d2f7d8c3d518ca625b7d8a1445934a,0.043237813,0,0,2
0fdd249cadaecd32a39d25301f5242f9a92ed351,0.34719336,0,0,2
a9690db48eadd3643adc34cafd6ccc5d4a5bf589,0.25787228,0,0,2
e9a2edc877ebf928ad0c056273f64cdc861ba609,0.19669744,0,0,2
74989844d7692245f9e19b0e803d748c73e91e41,0.06719867,0,0,2
4d1c77bae99174b67a462bd5a44950ae08f46796,0.050576735,0,0,2
90211fccfc48dc36b7cd81a1ce18e1506a6f15a7,0.27073374,0,0,2
e246d2ac01f1ac741aa4673aed3d028e08a63c73,0.050023396,0,0,2
36fccb4325f924bf46babd4d8d60226f8dd3f154,0.4805607,0,0,2
5ce931b904d1f2961078b99049c293c11e779fec,0.4072157,0,0,2
cbbeae7719943308494825574a0002ea649b3de3,0.47776416,0,0,2
eec10fcf0c795bdfacef4c9933585f65f953fd58,0.5629595,1,0,2
516c38fd95fff30841f9af370f50cf1f7733c209,0.48157516,0,0,2
33c95771c804abc02223f24a0234343b93ffde56,0.34839693,0,0,2
b88dd3ed853738b8e7fe9652b953db569bf7f79d,0.28158024,0,0,2
a2ba6d54852aceda5e3bf9285730da743ef04e77,0.49026108,0,0,2
350f01c78374b4df99c1a84cc32122eeeb48b036,0.24705237,0,0,2
03239b0ea42312c7b5daf4520c1ce1caaf6189fd,0.20145291,0,0,2
a428e428df2766f1d1b2b793b3f812344fa61fdc,0.25701684,0,0,2
f1a582111a26c4044c289d96ced42fc1621212d1,0.23288776,0,0,2
5c9661c300bad40cbacdb391637dacc991f16da6,0.20161484,0,0,2
daa69a5981c7c12e0af5922f0a07653446261b07,0.26745433,0,0,2
1fbb16b037e62c6af90ab89ab3ac8d3633c59a90,0.3155348,0,0,2
03cb05cebcc65b923e03fa9f41d664885bdb38ed,0.33127826,0,0,2
f4b675664a7c633bdd62d5f85fcf3f95d11ade9b,0.3056741,0,0,2
4344ff7331a4f8908478e72c5c232c7a9d5dc403,0.26265243,0,0,2
5375fd9dc55f1dd01e155af8646d1ec67bd6be29,0.6455928,1,0,2
0bc43314c1216a88d0e281e7ed66244c47c57c56,0.35419673,0,0,2
30fce9d42c5675e9cae0db0401181f84a73a293b,0.060819685,0,0,2
abf07558021a0ecc50c265dcbdc5f2f99fdbeb35,0.060045987,0,0,2
3112bc302f32a74c827d672ca84a80091b0700d4,0.049165674,0,0,2
7e89c9cc80bc3fd2aab64f25dd816c6d14790988,0.2826449,0,0,2
2247ff9601374845012558ecf5963ebb7e1066c5,0.07827614,0,0,2
76390c0b54bf145f65532ffe1e7b24639f108247,0.10908541,0,0,2
9a92b8526cd13e092b5185a59c7ff0f68a1ad56e,0.21228747,0,0,2
6ae55beb2d28bd6cf36780b4c58da41854dc8248,0.46885693,0,0,2
d681042e60a3a1e92f4c891ce9dcffd672868e7f,0.07620742,0,0,2
a793612b9e09795feb253aab9a738bd1f7280700,0.094859086,0,0,2
22fe7f3c8b3fa204c2406c3d15811b2581e1b7b5,0.5187306,1,1,2
3856d3f0a0826be3ccc6b160e740d5c7176df743,0.43237126,0,1,2
4cc3f6e7dbee9e3684884780af82822485c4c7c2,0.43065473,0,1,2
4d00e14ec8d1e83533a8aeb788437568b417ca88,0.5284756,1,1,2
b6ae1d09c384b57115bb34ed94c90e256e4b66b9,0.68019325,1,1,2
11fcc89fec70aae7eeda710e2bd26d93cb3c05c6,0.52926964,1,1,2
496691bfd82374f1c1bfee8719309343c2fa878d,0.3049875,0,0,2
6f379134ae1807cd404ed6c9579707e5dc6a6df0,0.3817767,0,0,2
db586baee29fc90f79898e9a274cc1bd585b5f53,0.23458748,0,0,2
a67bdc013c9fd965abaca375b9b47554a115f40e,0.18351167,0,0,2
b745af3975a0bb3acddbc59ef85860d08221a010,0.2723028,0,0,2
90a73a4dee53129e33a552e49cb7835ecebb3a5f,0.20904109,0,0,2
31ac0e5f3594a4517ba2be1735b1219cf85c715a,0.40086216,0,0,2
5499fa02b08b8546827a1a055c5af3f0245257d9,0.31807667,0,0,2
1261172afdae9a4b15dc9f691583261a1b020ccc,0.15952824,0,0,2
64573bb2e0bd2c7a7b1282b8a574a4796ae61609,0.41185918,0,0,2
b09b95124bc27f39e27ecfed90ce40947bcbf663,0.28215918,0,0,2
5481dd326025de2da7d89089cb969759972e7a8c,0.50420505,1,0,2
992911d0fcd230497ee3fc50dcf49042b7372a47,0.26953986,0,0,2
d0595b7121f57f1f49fe7fdc384479dd73ad64f5,0.36017963,0,0,2
cd1d329dba95dae161317c123269c24282001a66,0.417252,0,0,2
3e3a1388368e8e4421fed0b5222904d40a8805ce,0.23739697,0,0,2
9f5af267e8c143e16f8b20fddb02ada096ee9df8,0.48011106,0,0,2
f8a7156259dcc1b3321086939234d80b6ab828c6,0.3669796,0,0,2
661008f8238acb71301b172a6aa9aaa8114d0c9c,0.23347226,0,0,2
469cf4d886f9a184168ba2d179899a600725d4c4,0.042105675,0,0,2
12d9a805a6df7afdccfac94a7061d369cc986efa,0.21754102,0,0,2
e83b4d8484cdb3dcef44ce3aede866663b526158,0.3749646,0,0,2
ff0e842058091b3310340f51a130a65a1cf6f725,0.030524261,0,0,2
a123142d947dbf38fc053c29291b555872c91ff2,0.051422708,0,0,2
45b5e0cb3a4a499ff8b0594c082d490d7b7b7c1d,0.043054793,0,0,2
29ce3e0e9ecc31a5c3cecb19246ff978fc7e7c20,0.05562083,0,0,2
3bf9dad70ea4b93de850312cec2681f3242280c7,0.035968214,0,0,2
90d775ce2270c35a7c514f5638b8a3b23d5a4f3c,0.038256314,0,0,2
0194bb8ca57e5a4a3fd5fe3c39b0ccdeb4711043,0.2573493,0,0,2
f8e33e702ca0570076c58eaa7a83baeefece9553,0.039843533,0,0,2
6c203ab46b24751c285f021caad9d8969cf2f45f,0.035451557,0,0,2
5b56985334a63d63cdd9bbea30f225013302a7d3,0.24602705,0,0,2
bf0dd95b52e0627c10c072f8b05fbad3f86fda71,0.061036516,0,0,2
bfbe9966ab45dc4787fdbc55735241023d826d95,0.028171651,0,0,2
69f38e81872d70705fd7919df3d771f28c22dadc,0.16703683,0,0,2
c5c231e643365485c5805cbca81070a51429de9c,0.034253146,0,0,2
96531689d341eb26103356410280447e94529b5a,0.25902677,0,0,2
da7e55cc7aac7cb806699d234dbb90a455c21502,0.16757937,0,0,2
6913193d33ed83bcb98cbdb94ce410069ce2513e,0.36844033,0,0,2
7f65af524d6b7fa43743a3c5593c3c57fee3e9d6,0.044257488,0,0,2
4493ec15a72045bcea25a4c6c9b4858ad5448b7f,0.029267302,0,0,2
1f207424031bd81af858ffc98e64152b3ce2f22c,0.033355154,0,0,2
cf9cbbdae44b88a7cc982765bed085b434f4816e,0.037344843,0,0,2
00d9578b74a107e3811c407ecc3da2bcdb166f81,0.25802243,0,0,2
3410aed6696622cb6b7b8bec088f9a92ea55227f,0.3274907,0,0,2
8d34352d3ca40ccee76e1473d3e132f7bd8d4a62,0.5668452,1,0,2
a04afd1f20290d0097b1ed9ef2a4f476e0b79ac0,0.26753685,0,0,2
825419f9128cb7bd01ca31b0179bff96bf1a5ce5,0.43268493,0,0,2
6215969d2a1f8d95667c208af868758c8636c234,0.30572182,0,0,2
79f997c1d6976f5327cbe5e80676a65245d961ac,0.049826078,0,0,2
4ec3674e06fd98a10de28be7ba6c6036e64116fe,0.29752135,0,0,2
6eed45b023ff3c609ef423f28fc87b42d0614f79,0.036221504,0,0,2
002e4de0d68ffab9af339283f02659472a1febe7,0.04782404,0,0,2
ef8eb3d269274d2e6e4915875d027ada1efa0470,0.05545615,0,0,2
78b8d323635b47f68a93da04f04d221f3412d9e0,0.44703114,0,0,2
055cbd0d42dfec901c7b2532f7a71f937b1d4756,0.27651098,0,0,2
771841e493ddd9839a4c029db6b217fe19968148,0.46361208,0,0,2
39f6f7fd6333da2b983f7d9001a7a51f31fa9434,0.2670291,0,0,2
6bb1b9a7bcf9d4d1aa0f4c12bb0cbb4cf4e2cc71,0.25384146,0,0,2
4824774675ec1a2c9e7b1469dd93a6bd09854210,0.39272246,0,0,2
717800fc588389b143b5c8ac20a0289a9217715d,0.4350869,0,0,2
0471658da03f5b01537153a72c0ffa7132709900,0.27440026,0,0,2
bc69f94466efb770e78d1bd89a8a1bd460fc437a,0.04500967,0,0,2
7a4fc498fbe96e83af20c5d0576c42a761fe3d95,0.28443533,0,0,2
3e438a80fc5ae21862125b13e9ada9b5c30d27cd,0.1265778,0,0,2
15b4031ba94a60f20b854e6ce2c7964d77086387,0.039971326,0,0,2
543970edafd3f8e08d945612d09663060718ae94,0.29036292,0,0,2
80e4a06124a712fde81bbee093ba2ddd71851c93,0.18954071,0,0,2
454a82cb2ad2853544e641c8c80f5ed34bbeb1c5,0.17381138,0,0,2
a2bde0190da2e32a5925df5aae1f2c37a4498bf0,0.16574371,0,0,2
f9dfa3fa6b9a28439f1226c202c41df9fe2e4380,0.19324611,0,0,2
c50da916c252ab282d978da3f114b81d91ec2912,0.20228022,0,0,2
e0bc1afd7878a91fbc30e79941af8a797637ef22,0.17652515,0,0,2
aa75d3aebeb30d1bb3ab0ecabd60201bfb3aaff4,0.33839646,0,0,2
76f12abd9d81587eda4c50e7816c75607b4b23ee,0.28105336,0,0,2
9900d951d41ceb438be79b2bf1822aa6cfd1f37b,0.03349796,0,0,2
f6dbdcf3acc3009f3ae17d607a2ac898e804395f,0.29399365,0,0,2
110084e432a04d061d71768c23f500f283081e31,0.30690652,0,0,2
656abed01d37434d69881ca1292dee710209bf51,0.3940695,0,0,2
d6d2307a9ca0ecf8c540b3bf7183de5d550ab099,0.13432612,0,0,2
801f4f4b10c788212d555729d5eed92ee1a02036,0.061403226,0,0,2
5fa1935c52f3866f0675e9fd64bd04d153b9f225,0.046814978,0,0,2
d728087751d2e6f19504876d7a3f40ee7b1f4d28,0.055009786,0,0,2
e0fc7b4dc80a31bffc8c8f87a2fe4153e6cd0cfb,0.26763082,0,0,2
5b743d5e7270fa41de8b4fd6ced0d82a6e38c38a,0.041563608,0,0,2
dc565c4fc02421b58db9c0f0cb9bfe767d904216,0.038498137,0,0,2
ad56c3889328fed27f021bba3f071f676fc4ffe0,0.30921274,0,0,2
47e13b0fa2ca7fb11e52abd429d538c3c9ab07ed,0.04304546,0,0,2
97c6c963e2045def1f19c650f638b304f6464c19,0.036869287,0,0,2
0b7369cbb67e46586e9e031c693564ce7ca583c7,0.20807222,0,0,2
2fdea0d5f462d48a97aaca3b987a716ca2934f24,0.06574658,0,0,2
2645862ccff2183b731e7d6f1a66df6f2b04a99b,0.04873314,0,0,2
27df5e894a2133e122ca7e78c5de45d26f7210a3,0.21739484,0,0,2
619aa9bff4055f51df04f5f837605785a998e9b8,0.23834594,0,0,2
4c55341a48427f7bc0ce30f0699c673f7e69f63d,0.03397341,0,0,2
27ae87a59cb2f0d06ea21d4a886f3afb9a14247d,0.21473241,0,0,2
962128ce971b2edd3fc9e4a85b417fba01a0246e,0.23403154,0,0,2
287254724ea66841b932fb5f6d8cbe37b04eea81,0.57087344,1,1,2
2b0fdf8fe719f234635f652bce0a5b2abf03bc4b,0.33132356,0,1,2
75d8364771414b52179e7084cad838b6c0a0660a,0.41357428,0,1,2
1fdb3a719283209e417d57b2d77ce93540de4cda,0.33279547,0,0,2
174f3ef3f43b680468d7535d5fa8ce3fb3a4d113,0.4239382,0,0,2
8ff705130a6c360e7d2009cb9f1a4d0a307985f5,0.27397147,0,0,2
a61f3728d4e2c6454dd0069148397745b6b3a5bf,0.3324401,0,0,2
f568436033fac9fe4dc9b38342a029f20c79dc96,0.029713651,0,0,2
c0b874406621ebda3c44029ffdf0f6017d6d8c22,0.29084095,0,0,2
52ea3c337615e386507dbafa686d1f02c03a4c82,0.07143471,0,0,2
8688adaee68dce1c54c05b44946635973b37fa06,0.27581927,0,0,2
27f467b4eab7864a4ff799fb2289cddd2c45d30d,0.03104196,0,0,2
1ffdfd2ad15f4f62b9474a2ae72f2ad0a42c6a98,0.5014045,1,0,2
24c8eb250b9c7dace0efe91fd1f36c799b174606,0.37021935,0,0,2
060cfeb90df4fda2d572fa63225c63e304c8615d,0.29577762,0,0,2
3ec04d06cd96131c7d2a508e1526a07f33efb490,0.35300437,0,0,2
ec3d2af993826b57cf47446d809db2c8b49c7a77,0.24271348,0,0,2
f79ba553c602c9cd1a673c30db79edb6b38f0db6,0.2677968,0,0,2
3e6117dacd54430e555a42a5fb8177f4553fdab6,0.30152985,0,0,2
7ee877a4db8c6d6871444abab28e95e9dad7c932,0.32762364,0,0,2
00c3c8dbf20322d372ebdc28c2b9fc25926a766d,0.23997626,0,0,2
07c01318ea4ef19ede234484ed102f94391cdcbe,0.26551798,0,0,2
f56aab06534e643ab1e413c36e367fa25e24621f,0.2844132,0,0,2
6d1c4002aad95031c84bf3bfa777852492d23fa1,0.35237753,0,0,2
7e3c917567dc3163c2228dd01e4ad90dd0b76320,0.2563724,0,0,2
167676d596bbbfe82a52f0dae6847cad025dc095,0.02860474,0,0,2
9c24b00d32acfba096d8b3fc12168bbe0ac4ef55,0.0516478,0,0,2
0e6578069293282865a3dd4843d4f80f52476e7a,0.051888578,0,0,2
81e60b1eb541557f5be44e7f663d5a816fa90227,0.46353093,0,0,2
e25b6fedefdb1967fee9f64e0d0242d6472ad828,0.11596634,0,0,2
7f8236cfa274504e0f59b95285e7fbf2efecda90,0.27409428,0,0,2
ddcfef13549be8395d2c9339632b3ebe80363d49,0.435522,0,0,2
4a5aeb1abe8ef10eeb5488e04e688e2daaf4eedf,0.2641874,0,0,2
13ce8fe63c8972c54ca717055c231bdc487d479a,0.3973076,0,0,2
8c12ad11eea80440bbe691cb50531c70f53cce95,0.28044054,0,0,2
692be5e1d4326c6e505c10e8dfc3adeb7958bd74,0.090550736,0,0,2
a733b7a87ce7abc0da33a3d56da82b72407683d8,0.36240733,0,0,2
13218943435188789ab706c2d97da8e2aba1770d,0.32238337,0,0,2
581baeaa99864979aad55bdd45f054c8a53c341d,0.039928403,0,0,2
80fced6db6c15d7833e2c06fac4098640ff4c742,0.19884796,0,0,2
0ff845a477db67a485e7a8c1cd8265e520bc8c05,0.1524528,0,0,2
66b24cabe95485abbe4398ff468a57e5ea0e3cf8,0.25233176,0,0,2
5ec70549ae7e7d2eb97d3d56e696dbf0cef7ca35,0.21952195,0,0,2
82c95c5f951ec316a717d72a46e9f1f7792dc818,0.3399481,0,0,2
0a4b1c3b316335a1ee22ea86c28c1cd58b1bb583,0.085808724,0,0,2
6e710a1f78a4a733020a4b2d1f07b6fe4c6684f0,0.72368205,1,1,3
951b253fc38c09114d0fe273a3758a15c151a8b4,0.67689645,1,1,3
f3539c7eb312b127122084279002d3fd238c9a17,0.63012797,1,1,3
7aa5ba380ef6aea0f2f594873b4c7378adab0f18,0.64549524,1,1,3
def1380280b9be6d166d3938ea4b0254e9b55dc9,0.67464185,1,1,3
cc06ae9bf7a1fb6cee46c40d2a6388ac05d3f5d1,0.68451434,1,1,3
7972f1ac1b85a5174c9f293ad98abc87edfe42e6,0.721879,1,1,3
bd1c4ff86fa21358949e925274f5b8146f5d02cd,0.575515,1,1,3
be2aa80bc371d600ab2230c545051ea6454577f5,0.71293306,1,1,3
68b033741b02c3ae54d649e858790732bc5c2d27,0.7213851,1,1,3
4f5d25205a9cec988de300a452d641a155406b79,0.5823477,1,1,3
d1e97bc85338c563f4f732bcf917a08b3cbf4792,0.67543006,1,1,3
d40c01673e866c3c3b5b51bce66e9518924cc31c,0.6732448,1,1,3
5f7d5690a97b2ad95bbe381695638f0c7ca2c4ff,0.11195732,0,0,3
8d340a008767c5d954b7539e825b4c90eb15ab9b,0.05787165,0,0,3
84e490b66f61e11366b62efc42e64b60ae7db35b,0.14149415,0,0,3
fc939bf6838f4bf986e0b42fddee3df6712371a5,0.06565307,0,0,3
5c798eb50aec6040f415b6def1912d4345f8310d,0.05793463,0,0,3
d1758567765117cd395ea47319d3acde7fc663b1,0.06338125,0,0,3
517b8beb06f63301629f0ec3f58f6b667061d3fd,0.04887142,0,0,3
5c715cd84d600c0df0215846efaece2ab4673546,0.21376953,0,0,3
dff4cea14174548f52d6fcc66c9bfd7a339b7336,0.48904622,0,0,3
02ae34d1d3f3c9f9c25160cb14c119958f25af13,0.096813954,0,0,3
8e0e1c32ff1ed1da4f09fc9917812e6457e6fef7,0.07554793,0,0,3
18c5b2536c114c86b810bb3ee94474fec596a462,0.05818769,0,0,3
c6e4d8c9f534d3e70e79bf718e40724d56186109,0.16661206,0,0,3
5b5ecff53b50a67179f6245bf60047c59f027e26,0.08715229,0,0,3
46dcd98ceb70720f96d4cfa23b001ff108bdaebe,0.089933455,0,0,3
dcbfc80c4a14b91194fc8b74760b079cc0a4ce42,0.05969498,0,0,3
23492711d234f2fa647bac46997e361bcf985423,0.19850005,0,0,3
f10279a29d47d389a31da907695673a992555adc,0.16187616,0,0,3
8d5925b52b48b4c69934ea5c48aa298a2ec74e84,0.5208113,1,0,3
a30aafa016409048747fe9730d6f7892eb12d7c5,0.064089164,0,0,3
a3611513fc4de7234ef49ae46d646b0795ac7110,0.07989539,0,0,3
d0eb1d1dd1d9aed27c433d78a76962340fcbfc1d,0.0906713,0,0,3
1ae9dfaf45e0a51ee7d604551f7e1932d1787975,0.084421836,0,0,3
1c2d56e8a91b0f64317a9e02cfd4b45b03d3019d,0.062128384,0,0,3
2cd92aa6e3f44df6b0552a28b83022a7f92f8946,0.09631177,0,0,3
79ad715f02e02af76da0c6e47c164a80768a01ab,0.2799521,0,0,3
e5b948a1687270192753993c998d61c7a91faf49,0.074642695,0,0,3
b81a48d78dd9be1c3eae57cece4c88df92c30247,0.08554719,0,0,3
0b873b95a840f8cfdb51f4ceea3b524d46d20715,0.43435618,0,0,3
e350a38760c93e373562d6a3e906df5904250146,0.055852853,0,0,3
660431cf4f7e2bda887a0e35ad3a76bdccc14110,0.055326812,0,0,3
f65e9aa63f8f266023a986507834585a9580c555,0.07377661,0,0,3
535cbcd9f20b29b3c5a5d69f654cde57969b3788,0.093056165,0,0,3
2d650f890ff1409f2944bc56cdc4b518b35e06f5,0.32704738,0,0,3
1c4f7bde1c8f7d8c0e09484daa626fa4f40e38e6,0.5888617,1,0,3
b9a22fb6f6f460287993d3cf087ae5ff036a6c21,0.1491591,0,0,3
14d6a09601b68f60e6b18142b597a6890e5d581b,0.49051172,0,0,3
54fdc54dd24c9ece2bfc32ca12e88545ec923a96,0.13012217,0,0,3
0ff7c091143e8326eb88dabce078ca76778a587b,0.5762807,1,0,3
32ed6601f216dd1300876719cce837bfa9824e26,0.4992582,0,0,3
7df11e15457e8d8bf4e5730d20ec2412c429e091,0.44389412,0,0,3
15f7f84678a24533e42f2fde230c5f68d1b33035,0.48322672,0,0,3
2499f70cabfc8d17f2c6de124a81fc0940a70fa9,0.48595035,0,0,3
6526a5e83c1fb9644da34e44fdc5a3bb8a357c84,0.5041268,1,0,3
5904d90ade8663f5552b51036740352a9b796892,0.64191234,1,0,3
fdb75911387f77912c37dcee0af4a2f2e0977f3c,0.053187907,0,0,3
538a97b115ba4ea44c57898ac7c4fbb77fe0e9b7,0.5029115,1,0,3
fa0478f4f6fb724233dc3e00a9f8dc557ce7cdbf,0.11621006,0,0,3
ec81d7ca5100fd97fe8428db02a2cdde967ac87d,0.07369867,0,0,3
81c40b9820625d3f529b116baf6b4a3d45dd2f75,0.067182265,0,0,3
2b085ae34295d5ae1d7eaea5a55a2df220bf1bed,0.30256435,0,0,3
d6a354e203e4901d3eb6a36b3aba620fdb222da7,0.5818783,1,0,3
37787b96ab21fc226ff267aa26ae58a58b2d20f8,0.11730833,0,0,3
f2f704eabee027175b0c1eaf934c08e7721a9b24,0.05942981,0,0,3
e1fc87d2d57c2d7ee941e651f33b582fb000dd73,0.054830007,0,0,3
fa8f024d082998c7ae48b21f3eb6f8f2ca56a719,0.07440469,0,0,3
6bce493e47fdac9e64a9ae1cb3c358f31975a43a,0.08760402,0,0,3
9daac904cbc627e4a43e72f72159c552b25caf74,0.625706,1,0,3
658d5a97c708a926b0425585f9437a0c1fc2b81c,0.30073553,0,0,3
db695fe90b181948f271e4970ec83d4de9348577,0.08450064,0,0,3
9c06ff87decab7357d44d8766f6a277ff887d921,0.42700794,0,0,3
198d448ceab2bc061d18a1a689056bd2b96b76c5,0.4529045,0,0,3
46b15af8c5fbfb026be350ae16eca89fcdc87aac,0.224743,0,0,3
b7e86cdd772cc47a031d187b79d075af8155c2e0,0.3931929,0,0,3
198e589e62f687a91d4c27057ebad918e9f9bf3f,0.06199739,0,0,3
fa510146c09a498e25e590ef5cc558074337fc4f,0.0474362,0,0,3
badca06dd1c70207215c7186a31955901b637661,0.051723722,0,0,3
91ac1574aae31a29baf883d2cf45e4e1f5aa9bbf,0.051098075,0,0,3
82ca28e2ec8fe9771f01b5aab3386311ecab80df,0.5845708,1,0,3
9f8120beb6b351608652002e057f97f8f6c0dfc3,0.09814997,0,0,3
c66b23747627a2b432e0068561d457cab9f97ead,0.0881169,0,0,3
a6a5e3033d424468cbd3a6af051aabf3b5bd4d00,0.12664658,0,0,3
2902a9a3c07e881dd7aeae0a55189facfab1966c,0.44143033,0,0,3
fe487b3336f8279d8b74eff05c5ebfe6e01281f0,0.5995219,1,0,3
3076802a78f14eb1b4f23831d5a1ccec79b26554,0.06838391,0,0,3
5063d256221e7fe8a8c433401bea988d7ccb0a35,0.07200251,0,0,3
a6b9ca3f71d44dbe2562e13d63e4b30fcaccdf50,0.10473367,0,0,3
81fec3193ad12a0f78eb021c4a1548484595860b,0.34708208,0,0,3
902a680951f318488a4bbe0184a3a223c5709b01,0.2542361,0,0,3
b84f786db6d85cbf9973adfccdf135cb71824b87,0.06340647,0,0,3
a2b5c7a9aa0b5f617502bf6003d43913d507a11f,0.45805043,0,0,3
571725cb7bcf091b5457f1e2a857aa51e8a70f7e,0.121054135,0,0,3
10118c9c1b00d31868d6ab43e8171e3c16efdcfc,0.109375805,0,0,3
ee94e6d82370b6b6086cae2693dc2fe31388fb64,0.48935765,0,0,3
dc58a824466ed492fc6d5ab11960eb86584eff26,0.52076524,1,0,3
56c04300e8f05bdaccc2ec60fc751c09d86b7b68,0.06541509,0,0,3
03542311e2a461f0324ec700e98e78b5540bcff8,0.11936141,0,0,3
4746531428aaf9e3ae7d505b5a203350d138ea41,0.048397273,0,0,3
05b14fd01e43ab8a385bcfb53102a270ef2d9375,0.53822064,1,0,3
77868bf772a03d61701bc0d32dfafea63a0382c2,0.6370414,1,0,3
83fcd3e1e220b9f3aacc63aeb4da0a898684dd0b,0.558346,1,0,3
dcde20001063fc25f622e4b1c7775f735a7255f0,0.5923915,1,0,3
82bd5be8735c01a767fc3ebc3eb92369ac68302d,0.5408824,1,1,3
e1188f368087ba4bcfada44d645e4f8661d7f9b2,0.6658879,1,1,3
2c03505da053d07cd3f729692738912bdfc2a5b7,0.63198817,1,1,3
3fd058c02a1f8881110409be33ad56d3af6386f6,0.68902826,1,1,3
bb3ddfe426cf4ff5390f742d35bdba02a4ce7624,0.6585667,1,1,3
09b1a632c17b34650d2bcf748be14690c9882e52,0.31113645,0,1,3
539e1ee1d68c27defd0aaad09a1a0b68e059de96,0.052342065,0,0,3
da69323b29fe8e373364b9399bc67523dcf2af62,0.10220865,0,0,3
c1ad21bf966d01dc5cceca82f102c0f7843d5617,0.10196329,0,0,3
efa756288e712849c78c4230df05c2d1abeba91e,0.045492172,0,0,3
2f757454dc41f4d130234aea68b348da4f12a0fa,0.065876,0,0,3
24b5e00be753889e4907473ce57271acb290cb67,0.2281049,0,0,3
7f293a06a0b7ec9b554d51f150991efa9b7dd54e,0.18524855,0,0,3
95a524ea06e546330ec3d95b9c139b7edc599b86,0.40092835,0,0,3
314dfa80d4e815ba3c689cd3ad0d508209665bf6,0.40495887,0,0,3
c07d659cf8f7b16452472da6052a1de326bcb6a4,0.055697273,0,0,3
545536e34f180edd32fbb21b0a5613e6407f0980,0.06321076,0,0,3
225afb8bad88c9bbb70b24d9ac3c28fb21f39465,0.36715695,0,0,3
041e9565ab8b187ad0b88780a5fc0a5ea24f29a1,0.47496557,0,0,3
c4828bfd09ea8c579fa8840cd77733c64b8ebb39,0.060516603,0,0,3
dcaacf4cae54fe199055830f097d4ed504b3238c,0.46467933,0,0,3
6f22f4b49c2a3a59840d28e6cbe0c37a56ab1f90,0.38208434,0,0,3
41fefde64401d2173ff019a896c4dd72b4fa5636,0.064930156,0,0,3
080e96a6cdea2f5fe8727b8249044b89bc54395d,0.09154771,0,0,3
497147e3e6ba0a50c32817e14985ca5bf1041f9d,0.39168838,0,0,3
40708bdf04dae6aa49bf8f3617f2efc16c83c5f8,0.48301554,0,0,3
84ad767a87c69a265e9105c51efdd87ee57b8635,0.2946087,0,0,3
f0e8d41fc8cc746ba9b66b72646db6bd8b25c6fc,0.3832323,0,0,3
df5930892d9c6eda392b96bdae2e7afd342f7866,0.32053778,0,0,3
0cdcb1fd8df9e9185cd3abb128d927d25d7de8b5,0.24079268,0,0,3
cf15c51722dd4b406876dce1ccd52eea787d84b7,0.36996728,0,0,3
b691f81b482175665b45cabc056e58ab0df03ff8,0.07517383,0,0,3
fc8ef4d22c95b13b907ed14b19cea8ff5fd1e653,0.052910466,0,0,3
8054f746bbd6191f5a297cf6f7f26f9fefaba307,0.15906192,0,0,3
fa21d6f7e70f057c42d4af9c40ed47d3d841e5b6,0.060848165,0,0,3
bac647543497f0aa2a9f92fe726e1eb18631b4cc,0.50351465,1,0,3
cc6ace18900eb92606b6a312cb1ac5c4ab5f435e,0.15712544,0,0,3
c947676916c99f2feb5e183aef9629a1b21d863f,0.07704455,0,0,3
1f3dd9ff8a4f8302eb4c0bf4072d2bb7d8aeddd9,0.065545276,0,0,3
ca7f64f016d8354aecd38ef73405e1b3267ca791,0.38604096,0,0,3
06005610265c342b52051b997a43ad6e963c5a0f,0.33914673,0,0,3
4a8068579ea5bf1e637f8bed09a203508abde315,0.055022556,0,0,3
30c217ec400b9175e9490807748ec3e48fe2ba22,0.4758102,0,0,3
d80acb29c04a8e92a3ddbc539b0be8a521098870,0.67854744,1,0,3
e43138b0b5f0912cb358c0e73eb6247b273eba75,0.33686894,0,0,3
1b84f2ee7a41e8ab12faa73130187763ee5858ea,0.054199208,0,0,3
4b5ef21ed6104befc80e1dd501f964e7ca6f1ce6,0.05329329,0,0,3
c6c1971ca1fb5054a0847b0884488165606bd703,0.06046398,0,0,3
68e0a9c71443738b1842e99925d37bf545f5a151,0.06340868,0,0,3
7ebc8107a22038c06c0b0ff095f9f73d854e1422,0.39861488,0,0,3
9003b5b5aa4465e84c934819f45c1ab4365dc51c,0.3588066,0,0,3
4b8647bf6ce2b478e6bc90d0158ce81939a14378,0.10178728,0,0,3
2d1614a2077eab0b981d4a0c4c6e10a7ecda71cf,0.37339905,0,0,3
3631295c437c5b8915afc7b2b259496eb2d5d782,0.5935478,1,0,3
b12610d35e7798c66fc1d9b0811d10aadb87569d,0.056957126,0,0,3
f3a785108f853e327001dcd435e92525d7fba96c,0.5139443,1,0,3
881a4ee8db1e1826b749579d2284ace982c953ca,0.07059871,0,0,3
e91d0f0510ee8d69c76ee89b4e57341418866c6b,0.070970245,0,0,3
8f7c59ce888a687a6c9089caf0c5469984a073b4,0.0982956,0,0,3
3c644cf87ec8c0e6313b3a10b6cfd66279b8093f,0.2409182,0,0,3
fb7e1e265dd9e560b3a3127a6593b6602f60026c,0.079805486,0,0,3
1c9c43c1d4bb76d7e47cdfc9c6681a38305a95e4,0.14900766,0,0,3
18f181ada7826542725fa4a9460307d606695b5d,0.813077,1,1,3
bb7e8951cb6ef08ca9df5fc036217c3a45c4d33c,0.62359774,1,1,3
e280c8636792c5426e54868d464c9d28287a98fb,0.5522263,1,1,3
54a7796ff234a9cbd2c66f8b1e5621f0898402f1,0.5289178,1,1,3
8e5867eda8328e4cb2e103d098d0c9f3c2fab50e,0.48168102,0,1,3
e42da5d9d21438c220768464b6a1f5b36bad92a5,0.5802128,1,1,3
c823ac5673e9da094a3b24b99987a533c548dac4,0.6659821,1,1,3
7573e9eec065ac1ccc2134aa751a191da3ca3dff,0.5958993,1,1,3
1cdc902f3d7cf877b4db7a31f19eb1dfd2fade3e,0.57458586,1,0,3
e9ea52189a92f7e2ab051e4d75c4e0c872034b18,0.5774366,1,0,3
ab0a2f761f4529daa0a1e7128ffb8ae417a0104d,0.1974278,0,0,3
7ebbaea90e8002f5542e22bbe92075ffb5383d2a,0.45758754,0,0,3
721730b00b1dc2ea616a3e7958e4ad15134de975,0.106246315,0,0,3
05aae985d9d0e26cf278cdd6f69672ebe3f8ed92,0.2904681,0,0,3
f7222ca6c3b6c1018a52fd649029394e6608f1db,0.075962655,0,0,3
b285f17023da248bdcb3093283e4b9e930bdd09c,0.33610186,0,0,3
af858a6ca224946195b1923a780678b20cb99603,0.3399805,0,0,3
fa027a4685bacd9e32b3bc7d875717b4457f6829,0.4219002,0,0,3
edf56632b8a5413f5e0adfe2d1b65e595b88a1d0,0.11537831,0,0,3
58693fbcb3236a9adb0f47088d88ee3ef7178cb4,0.6574878,1,0,3
91291520cfd5f6c2c91fc242018860c5d1d277e4,0.5575445,1,0,3
7bbba6995a12412cd7cbe1ca693057c5299ab4cb,0.44476086,0,0,3
ea030e732e3556a2a4fa51bcaabc080927ddfa48,0.55106485,1,0,3
310008f48c0a830138d35b3024106560d55b6bd2,0.40143618,0,0,3
ca22dac3f852c7290f60c3c3a5d66fbecfba91f4,0.11038007,0,0,3
bcba29320f5f6f860335266d6be8249418ceaedb,0.07936772,0,0,3
9dc30fddc109504fc80fb62e33554d54cca47faf,0.05244934,0,0,3
764f56955d499fae11db1aed6e7f0d2d0886e6f9,0.068660855,0,0,3
2933e5773b1d64a9348024b2a6e8dc6dc90e6590,0.49786046,0,0,3
0fa8bcc008b6a011d6fe41e64ea4379d0b57f20b,0.078804485,0,0,3
7897aa6a83a5e63da487e72c2735fb042259f6e4,0.3544502,0,0,3
3b501993588d27d91ad526a436e3a10ecc8d6e8b,0.046582792,0,0,3
b353d07bcca9fb62ac387d69d3e99004e27f14c0,0.5569733,1,0,3
6b43922648fe2dfcb4cb1aaaf5d795f00a6aa174,0.15671027,0,0,3
b268dfbb824ef307862e489aef7e71bba4cdcac5,0.07271095,0,0,3
b957ee1646d893fd946a8b9a53c779957ae7a240,0.041230876,0,0,3
996c0c164a083c3dc2fbf2768750e3b3a81d77e0,0.56195474,1,0,3
12ddf37f23cd77903729b3e611ffae10e96ded47,0.32743245,0,0,3
7e6304ce63da6c6341cb072abfd08caf0456328e,0.16402984,0,0,3
b9b73fbef5c0f18aaef22ef60442518d7f23ec83,0.08529997,0,0,3
675d4c8fc848ec5438e48deb2e8218b6f0078814,0.24859658,0,0,3
dc666f419e691e6a04342bdd9cf2e899455a8738,0.13243106,0,0,3
9bab875f03ffea0aacd1d92fbbecc96d491c1201,0.06717641,0,0,3
8d3d915dbd0ccf716f0d15b6b2396cff214d9cd3,0.38911492,0,0,3
326beb22c6aa872cbc0ad3706cfbe706bf9eab41,0.42158207,0,0,3
ad882055edb50369bd174ae56a372838aa89cdae,0.276857,0,0,3
a7363a2ae67b585790896de45f57154474480fc9,0.056176852,0,0,3
2bc9e7ea86a8cc1c3b2436c46115c87080228004,0.09554902,0,0,3
76f154179b8dc6940355d7fe7db468314ca39e84,0.16853447,0,0,3
4080feff61e8dc1cd4af2361990c33c9f1014147,0.068678305,0,0,3
97accb47de63ee5063eda23641c6017e29ab81d7,0.06003945,0,0,3
cde43197f980538e411d851735ac7a63ddd613e1,0.048416544,0,0,3
0dec6e76fb544fa3e8bf5fd17f16314735971dd7,0.60217434,1,0,3
f820d06fc0d1204b0cb386214ffeb42ccec669ec,0.047410913,0,0,3
566c4d59a177be4b65d17540576eeb34d28d24ce,0.6069663,1,0,3
a516976947341e0e18bcc0858d85d34cd0c02cdb,0.5548327,1,1,3
7200c43dea3dbfbd9d38b937c44b6e71744b05c5,0.7552919,1,1,3
596ccd59a11ad5e9fda19ccd0f4fc714d8d3394d,0.6791935,1,1,3
301ad592142079d36f4d33f5309c103c7f4f5dfb,0.48189065,0,1,3
f8a8ea748a0b3015490ccecec7b97f0ab2daf9c4,0.5588808,1,1,3
8aec465b44dedb7deacf80111ea5286914093094,0.3095125,0,1,3
34f3f4196084768b2ef6b3db4608d8eccec50364,0.4681053,0,1,3
c53f2106109153eda10c47a6960a5a579d1530b8,0.43055898,0,1,3
17f52a2e559e68d5c6ccc98fcebb5523161fd0ed,0.35515428,0,1,3
fd7a4362caf2cd69368a38f2f71ffe19706e341c,0.68405503,1,1,3
753f278d10fc0c92e912965379401ac182644101,0.73682445,1,1,3
491786ce4182daa57ea61deaf701f756f57f6f1e,0.73633164,1,1,3
de73ad3115c19d5f0771754d233d74055a2a10bc,0.5034825,1,1,3
d5f586bd4e1a20fc09a33aaa5c2b9320f4a2aa72,0.50924087,1,1,3
8d4fd1dabbae4d7ebc2b273af9275ef8bd0e1ce1,0.63634586,1,1,3
6e5eedb3fcebc5894c41733bd26c8b4d9197873b,0.050486106,0,0,3
3b7d0b95466139a147fc504b7c18897dcc826c65,0.13116483,0,0,3
6a82f92584b36e28798479c82c0d3263c6347b90,0.4763671,0,0,3
b8e9475505fee98aae2819c03a33c7aa3db843d3,0.07565174,0,0,3
a14acdf6395f588dda7597bb4c7810dacaa503d2,0.057092838,0,0,3
85a20aad64be04127106f492e26f6ad6d6c228c8,0.044735532,0,0,3
1325e114108136eea3fe77a4a270a2da7eff98e2,0.08533618,0,0,3
bae46709ecb13f80aaad0d279b3618ab83d09275,0.10360683,0,0,3
dc5f850d1d9b0b952b7f0dabd6778cf0f7675cba,0.050047897,0,0,3
b4abfb93676fb0abbab1d9bac40ba2714a3872f5,0.06104545,0,0,3
9a9e7268162f9fed146c74a8acbd234d9bc2ed84,0.10177667,0,0,3
b262c2359c9ed53dae3ce2ce7a0092273f4eec65,0.4378698,0,0,3
c30b59103b6f1390b0040ee74b985248e8b1b849,0.45235205,0,0,3
0f36265123605cac6af05b7b8c8f4036b58f4da4,0.08755688,0,0,3
cb177b56b7664ab323558545737646896f4d7e70,0.06460364,0,0,3
15bdcc3be2b84f68ddcd822da52ef045ed89e57b,0.06770937,0,0,3
6a8ba1fecb47e5ffd5387654d0cdb7c372ccdc9d,0.047430426,0,0,3
75efbfd6b21ab36fdbc440bc001c133f824bdc3e,0.03963518,0,0,3
f7e42d2ccf949a5893a439227c8c6bafd2598f26,0.10047179,0,0,3
c7fcb448c99ae5fe9db9b217bea1233df3ee6e57,0.06796634,0,0,3
d0721feadc1e0cae6efa3e0d82f523debc5b8d97,0.27826703,0,0,3
5f47ad718e0ffcbbe6cd2f8d32b2e345c4af3a48,0.6495649,1,0,3
745d383af12137ccbcbe1f3cb4c9db73f87a66ca,0.049186412,0,0,3
d746a54c2ee50711283bb49e557f58ca491e1bac,0.068799414,0,0,3
a56d4998cf16ff08f5593fb7d4dda66ca05dc269,0.17328647,0,0,3
03e65c98da2a0b2e27b14713543c2a61d56b1237,0.14617476,0,0,3
0d3545e5f68d024cd4a05724a15746d8dad986d2,0.07080078,0,0,3
6b1b592887d9ce95fb5af1e216bff56b18c7902c,0.4952699,0,0,3
ccd0fd51a5712ef1d85110eb61130c906fe4db13,0.4687732,0,0,3
d98897b11e6f4adf1d0a91591b1bb6be501cd29e,0.19747368,0,0,3
4e08e17ec536038c9c0dd888f77b912cae82816c,0.44484067,0,0,3
86eb3a2fa74988e4ccf3aae7f4b77edb84555320,0.34484464,0,0,3
45df5da2640f8f097915b8a2a0249ef0f6cf514e,0.34768867,0,0,3
76b7413d2b1eb2dc22f05de5b76f9519be5142e0,0.072169706,0,0,3
bfb3cf8bba6aab198c4644e236bbc9f3807111d0,0.057050627,0,0,3
093e3bb2e3cd9992f3f0d14373d406bb9b2ed36e,0.115470365,0,0,3
c440f668aca99266b5379235f6d99d378630c938,0.06117841,0,0,3
a1c5a582760c7f65572d0883fbcedc843332d7eb,0.13845402,0,0,3
0a499402d707bc8cf775d7f9b3840780a7401f7d,0.13770324,0,0,3
8e4e5221515f820108f48396a18ceaed73de8dc1,0.5122895,1,0,3
3a4e18ddf151a624eb5c3596ce8400ca4679ef97,0.17574364,0,0,3
8ed40d530295d819e0ca964b2d4542f6ca6a9929,0.04207462,0,0,3
a6abb8b00355db97486ab5023305c3f4e9e19ad3,0.56049705,1,0,3
b494caa01985c623601735f1bc10871cfb8aa048,0.4681748,0,0,3
5597ed7ea300ae3d08cd893b0133bce26038a7df,0.5964771,1,0,3
002276ea313fd880122502e9840b43f996acd537,0.035599977,0,0,3
bd5afc0b5a977c168cf046e3244477b48fa72c5d,0.08728749,0,0,3
b313ae68888445f4c08521bbc8d19f39310c6890,0.036649972,0,0,3
a675ca7802065f459a96bdbd593d8dc491180cbf,0.36994487,0,0,3
8be87e032a8c05622148357f30bdca3c614a669f,0.41947344,0,0,3
96eb80efe1da48f37846aa899260aa0c84b15944,0.038965475,0,0,3
75c2b24c681e314c4e4e07243b31430ba4e42723,0.5200835,1,0,3
276e22858cdd56f5725e0c2f7a3522df99967973,0.054450814,0,0,3
471e6b078a7891aea99b77f200e828a7b1c9bc00,0.07077114,0,0,3
6d7ee38ceed6b496d70502e276f80be6de618014,0.069627956,0,0,3
5cfd99f0dcd0d10689e480f0854e859079f125d0,0.117592685,0,0,3
ed6c47dd9ebbb2e38fb3e17a2b961f0fcf0e6df3,0.079796806,0,0,3
1fe7a43505aa9d00bd9dde45aee77935a5147561,0.4533428,0,0,3
387880a630c65b955a3329a2f7b987214c41f6da,0.56106836,1,1,3
cf4416a84203ff9d360d4398da3b166e6d0c72b9,0.42646042,0,1,3
a7fe613853516f0abde34821996a0424882bb919,0.7229128,1,1,3
7a8a7783315917b56b6a71c4f28cec4ed1d91a7f,0.6634446,1,1,3
9c545d44a4a703c88d417a6fa43298a80ee67735,0.63710725,1,1,3
4f73871cf40b6dd05c8872d39246c67f798ed915,0.048972946,0,0,3
41f297809965523fcd021bef20b304b3584d9b4f,0.06809916,0,0,3
03178c8b15f1b522b98ded0f83cfb0e79f5ec4d3,0.043818634,0,0,3
f70741c9b216d3836d047c542847920d4778cf9d,0.049558703,0,0,3
5ca0a1c3564d35293a5ecf03e5f32e6f0f6f445c,0.054976307,0,0,3
4c4b3e2e32ddae35e4c1a6ffce1cd2b2eafa958b,0.063066326,0,0,3
72a46babeb0da02071e47425ebd55da915b98178,0.041885454,0,0,3
9c51e5316babbd370bc32aed0fee134216726ec9,0.058527265,0,0,3
392323e2d44bacdac605c1a4f037f06e21dcc239,0.075143665,0,0,3
10dc13c80752b0489d291b54440212ca54c59fee,0.057781633,0,0,3
7b9df59a96adfce979c8c564dc5eaa6a29b7f25f,0.046798754,0,0,3
818533e92bfb1c142ae4ce5be18ab92d1ae17025,0.07885378,0,0,3
47fa07eade06908ded4206651571e71a2fe684a6,0.046489216,0,0,3
46e97d9e04591e8198ff38bd2949fd5514da0d3e,0.048433762,0,0,3
08cc26e70bf145aca293d55fce12aef835263f53,0.09323622,0,0,3
6c21bdb4a107b49e57c9e5d6598d13ce6f85fc5d,0.07203017,0,0,3
18a027b1f04e420c18ae57aebe8fd031b5ff251c,0.14479642,0,0,3
82b84c0fe9054198099752a66575cec0c47524c8,0.046737313,0,0,3
b10b90b0a3947bea98e3646e7d29f853f3b5c6f7,0.044419568,0,0,3
8c141a1705808491f16a27b53e1ff0db0a2807fd,0.08831725,0,0,3
40f969bc9e162deead55967da3c128e2da933dfc,0.091692865,0,0,3
f348d34fb1ef3c968e2981283618aa85db203901,0.049681697,0,0,3
999761ba1bc5da820a1d2527c4aae29d95a7013a,0.5502124,1,0,3
ce131449a4ca0b06c6bb27ee5d8d6d89b1467bbd,0.04663453,0,0,3
924e1e9064f90d958b4f57e9c9c0c543bd19dcfb,0.06482866,0,0,3
f36090e3141cd3cd6fd58f1f46a30af2582559be,0.045492563,0,0,3
6fe2094e30107512e470571bceac91cbedbd21d0,0.21793641,0,0,3
fb0078159d2463da149de54018fca79a9447153e,0.047171626,0,0,3
73351b6adbf403600521505bef288057beb2bdde,0.047508974,0,0,3
079a07fe18f654632b80b274f247775582261e5a,0.04496465,0,0,3
4158323ee456bd412e7357a4a6bc8bf50deb5d9e,0.05082178,0,0,3
2fd6c8fa1e392f985ee860d8ee154a612ddde569,0.043976963,0,0,3
66d0a9a0a00dbb259425f17745f7dddd7e676f71,0.05610105,0,0,3
e14d9ce8e3c57b7352a647c0a8e62eeb88ebfba4,0.0975792,0,0,3
9e0c5ad4b3148f42f3940faf7d67b305e34bef0d,0.2652986,0,0,3
fa1aa44c7623fb2142e588c59eaf56db7bc237eb,0.09970626,0,0,3
8fdda846c4653b6ccd49c47a9586c374bb20a255,0.049850013,0,0,3
a94ff90ab6cd2d92ccb2eb1fd7913b4e5256f02b,0.6893508,1,0,3
268bcd622685b28c2d50bcbce64ac38f7e90390b,0.7026638,1,0,3
09e31a01b51d7418fa0034ecd4cc11848436fc18,0.67541397,1,0,3
487ac1980148522d628e1d2aab50b107c372798b,0.058210634,0,0,3
34646ec9b52192a71e52ffc09cf7fefdd506c48c,0.08068533,0,0,3
7afc1c34fc16ec04f82105f9106b7d1e5232c4d0,0.053642713,0,0,3
00439211981af7b5baed495f526ef8ad76ee7c5b,0.057260443,0,0,3
1d635088f697178660b6e1c9a89d2b7d3bbe2d29,0.05990673,0,0,3
a4a62ed7c1e3c7aae09324f0ad1c6078f0fba471,0.073893234,0,0,3
b3a68ca842841c4b9713462d5f01742cf71a6b4a,0.051689778,0,0,3
2d868410eead061d59de524bada4de9e3d2bb442,0.06107093,0,0,3
813aa11d505b9507b6795d36070806cb2d96e5c2,0.0974253,0,0,3
88b29fa46bcf6f56df4213e1ba7810735a28d755,0.048709955,0,0,3
eca374db08ffbb3dd8de746632fbd74acb8f2c92,0.059244696,0,0,3
2ab17f529d07c1f618ea08d968b2fdf3a382a792,0.05272015,0,0,3
9a87c766bb3137a50656871e5dee5a309543bc7d,0.040853675,0,0,3
9ce4e1a371418e5eacc69227885815f9a4221c65,0.59107685,1,0,3
c7f7da754a911302dcaa6935be6fded84e1ac348,0.04656737,0,0,3
4cbb388ba9099be121f81d75000acc3af93bf993,0.05117695,0,0,3
87497c72460c9c58f829a372d741b386fc2ac8f8,0.057389006,0,0,3
921d0d60d40d8fbda29f14a64e848c70026ea32e,0.047803883,0,0,3
f9e72000a17eb9d524b38a9f2c982c037dd94891,0.2892952,0,0,3
e34f50dd1083fa8ed9fe25fe701b64bd2ea7efc0,0.36785802,0,0,3
581b474f4b194731eb9cb22cdde7330a1ec81c3b,0.45318183,0,0,3
e0d17fed51f5018fc34578699d824c20efc44368,0.42490298,0,0,3
4fc5b3402c58d6a4b317bf23b896ea91d22af6fe,0.059060737,0,0,3
d8e2f892e48423fda73204be3ec239d282e71c65,0.15396275,0,0,3
8d6d088622f8e4ea89e66ccbe097510fb4c932fd,0.51201093,1,0,3
f0943a7242041a16c8f7fca845592e48bb19ac74,0.17279868,0,0,3
d1123894d33922e7c8ca838f9dac9bdceefa3f7a,0.075582005,0,0,3
fb83ba3fdb46537a36832a900f124d4c400f7ed9,0.04448259,0,0,3
e779883b29a67d411493f985de984ffb8088ca05,0.057422984,0,0,3
a71c820baeb91025eaa7f07b172a39500c6f5692,0.057138704,0,0,3
a4eff51bedd73a0ea56afc23b1021187dd03561b,0.05334996,0,0,3
8f6bedeb724fa78583c26423aaece05cfddc04c9,0.065228045,0,0,3
fdc116f0bcda6d1fffbbe505d0687b0406e92fa6,0.036965545,0,0,3
66608db56c41e91ee34fdc1e6157d69b69893fad,0.57540447,1,0,3
5366158572bd88f18df7883ab823ea62b7701d77,0.045954645,0,0,3
2df0a3be66f6fa1067d976d7a05500beff7eda53,0.044709485,0,0,3
e0b2c86c8754312d1e89307fbf84e6efbfa9fe0b,0.34482014,0,0,3
050dfa6f0850174fdf958ce6751d2f06900201f8,0.28135222,0,0,3
7530b4bdceef0ef37af252f0b97978554fb9b99f,0.2669935,0,0,3
a6eda3d8eff423ecb4901aa07339364732c02ddf,0.04483323,0,0,3
a5035d0e1cde068320984d789473e1140adefdc0,0.32564116,0,0,3
dff43a0530a6fbd524e3af24795cf6b92142735c,0.5442546,1,0,3
1d5f8faa87a410fdd1141ad82f270ac238293770,0.18525368,0,0,3
82f4ce516c18ef5fb3096f6a90455fce90a5b290,0.062338043,0,0,3
228b49fe2afea3376c4f30f80bdeb70d083a9206,0.068246335,0,0,3
adfa016f3ef7ff262643e0f0a5a54d3ddb7d7e1d,0.055352736,0,0,3
f72b5e65c0c5210cc0be585959ae84fdbc87aced,0.043741025,0,0,3
26d668f6d5a2f202ef7ff6a73ff3cbd7bbdf4b06,0.049805924,0,0,3
808149305ba26224917e29aa0c0089701bd91936,0.048032988,0,0,3
55fd738c86ea1796d5152d818ab4b5060bb11803,0.04131513,0,0,3
7a8dc00b8be18a9271e2d9c2444ba91077ffafa5,0.062629566,0,0,3
34515698878ff0a4641e72486f0ae8a7e30df0d5,0.04463956,0,0,3
96f2b16b3efb93580e6aeaf1da97d9dffd5e260b,0.4290225,0,0,3
b577805347d56f1927615fad311868a3537a9cb6,0.26804042,0,0,3
e366894658914c0f2fb41cac003392b0dfa6e4b7,0.5794399,1,0,3
3411f29e2377788cdaa5a4eeaddc53355f085a78,0.05383268,0,0,3
880b04814c564ea7a1bb8fe97c15b4735c67e8e9,0.04819738,0,0,3
8ef033be5c92a895139b4f910af5a7048f340cc7,0.077552184,0,0,3
350c477161a0d1df94efa02109ae07e6acbc527e,0.043921225,0,0,3
0880a21c56cec1a2442b5123c3845bfc99e83a7f,0.04086654,0,0,3
84143c462986417ccfc5e8c05481e983cf668e2c,0.035021544,0,0,3
f16d5b1722eb55c2d55eb623999f16799b088b98,0.030462265,0,0,3
ac37165ed7a22cbdeccfe348b10245dc83b414b1,0.04228349,0,0,3
d9ae4e2601d4c0744bbc275b6b4f503477b789ea,0.052684642,0,0,3
7c1a59fa7ab58f5f7cdc124ff2667cc501570a4f,0.03427808,0,0,3
93d35c8f291b8953f8460c0eb02a51cc6d6cac22,0.836641,1,1,3
b77184a2189c8f91100d148354d1fdf38e83d13f,0.71443695,1,1,3
f81e0465460ff9abd450eda836bbb4f9b13837c7,0.7192321,1,1,3
6fc152e4177e0482450b13eb7fe496de677ce5b6,0.7126145,1,1,3
0c9af5f450ce73da9b791051f861cb9a6420e0f1,0.38309947,0,0,3
11409e628b0461be3c268f81642ce36bc4b0bf84,0.37431052,0,0,3
63a9488f2910434851e98a8fc0ec8c053b24083b,0.2952435,0,0,3
d70736425701b66bd64ad3aab3941bb930a18b66,0.37148446,0,0,3
7331773448c1f2e0b24deae4144db0deec85fc07,0.2880112,0,0,3
11a7e62a898e54d66936d1b8b67cb5e62578ba98,0.3962827,0,0,3
0484bdb3f61d309ff62da4df4be92cf139d19f6b,0.37285048,0,0,3
f9f632e7056cd9d2b3c88bad50fe0597610e2eca,0.315281,0,0,3
a3fae474e5cf5084c89835fce1950991aa678a41,0.25696483,0,0,3
f3108e2771083bfcf02c9c67ebd70a3ac0ddfca8,0.56661797,1,0,3
521b9b3385d73239b96ab209cb34ceb5c1c1400a,0.5074249,1,0,3
d7a1666f9a89d9a517f5fbaf283e711046fd054e,0.4491608,0,0,3
022a020bde5afba4f2e9b6753c199386e79d7825,0.24742197,0,0,3
1b5aef881bb3acdcde5d9fcbb6e43ceed6db145d,0.6278289,1,0,3
0caba0845d4363025e619eb3db6f3138b2c3d394,0.46222362,0,0,3
8e71711c1caaa404d84ec6682f1b7b266064c2e9,0.21308887,0,0,3
363be2fea66f861d7ec4f893a05901fa0c7ecf92,0.35410273,0,0,3
412a8a0ba61c84d71c0cc740ba7e50c10f3bf9ae,0.7040233,1,0,3
03380256795725c7d17db97d882a4c4da3b76b8d,0.3812965,0,0,3
653b46857a4a48252bfb094e39ee9937b2079fa2,0.46284872,0,0,3
748cb609306ee5a046a952a0ca13974ef0b6e770,0.25036502,0,0,3
0f9ce497b0c6841e3aca845336ad095012c41da7,0.06599822,0,0,3
36ee52223387eed452c266490a25b4c62f49abc0,0.11867465,0,0,3
a8c6d43b5a61d8da784f0ac188d40b88a15dad50,0.16058505,0,0,3
8fe2360920a8228c10cd59ba0978df701174c961,0.2158536,0,0,3
a3677db89ef3863e8ac7cf578df499f85d970b76,0.074188225,0,0,3
64c51505a82baf8260a34c7e83652ae3014009e4,0.35916606,0,0,3
ccba0cfc3f1b81dbaffa5153aeb84d48cd7630ff,0.33738747,0,0,3
e7c42ed0fb83faa2b57184cb72f6d9e8b621ccd5,0.32745776,0,0,3
633de29fedf11544f2c3d5052890cb014e612bd5,0.08964789,0,0,3
362ab2bc41697980391c4a61c23cb3ef6bce740c,0.64530087,1,0,3
fc9d93db68a3c33e5ead8c7ecb187fdf0f06cc4f,0.13456693,0,0,3
66a775c9feb7dcf00c28a16b7a365af4372886f8,0.057709478,0,0,3
a6a48cfd370b226955a531e678016db414ebeed9,0.05712248,0,0,3
dccc1255413adc1a212dbe3bf40accb70ccd44ef,0.064619586,0,0,3
83b70a377f79ba90f846b3a720e6c402c63bccc5,0.06630811,0,0,3
819318486d9cfb430749ee33d3c5c4ec4417babc,0.23820521,0,0,3
827d9644c864336fa84f15744375ba7412da047c,0.052127566,0,0,3
af6bbeefbf197f50d194c7f20419c2a4590ad630,0.091441736,0,0,3
ae8f5f04574be75727f5e948e04bc649cbdbbb3b,0.15344764,0,0,3
b9cd3558133ae9f26aec73e0bda3a8f635d137f7,0.6624056,1,0,3
f672e826f51824582273fa1f5b6ec37aa5fdb2fd,0.37841895,0,0,3
72df12fb2ba453afb57cf185d25c502d4daec6d1,0.05793936,0,0,3
7b42d43fa0827557f51cb4111c89fb2a78512c68,0.49507427,0,0,3
af1b5872ab8355acea3197522ddf94972b3c8386,0.07467086,0,0,3
5c753a87c328678f16bf89e0178448f04194f0b4,0.14746675,0,0,3
0956e2d2338531a96f2ff7d4ab405acc1b18421e,0.1382805,0,0,3
6563275706015b000cc5bf14be7fa9322964bf49,0.07096625,0,0,3
e9e76131f35c112046b9f184816683beab605e9c,0.070518315,0,0,3
843267df5a0b44145d5b9ee9153d17aa5e15cce1,0.73250085,1,0,3
cd64fa339a97300c64dfc434483e478a58f507a8,0.064649254,0,0,3
b0b23c179ac55334f760aa29fce262c73a909268,0.11587484,0,0,3
dff1a0953d97d46290750a46d01be1e1519ae698,0.69518256,1,1,3
35e0ba449325e759e04203fcaa71920cf473baef,0.6186636,1,1,3
e508ad09d79302d3cc6b86077d4a6ddb0679a0f5,0.51777476,1,1,3
a27ca511a591caf813c26862a888e90e54af19a9,0.67075485,1,1,3
9be91f380c209f895da36d13c40b99687bb4c8c1,0.17557986,0,0,3
09c55eb8120da36aef1807628f87bde83749428b,0.29577103,0,0,3
05edf06360cc8a1a61fbd1ce5f9abf5d83f9d3f9,0.061908808,0,0,3
9df5e9419d83c11b4a2c3421c5ff7ea1f544366b,0.51179457,1,0,3
ed1ce82d822ffe185875b7b7d38352f20171c096,0.10783757,0,0,3
10e38114032cb4c585b29e946e1d70e05d52a878,0.38970158,0,0,3
d71ead41fb685431dad02d4bb7cb5675e196b8f2,0.42189005,0,0,3
e7b4025ee0b6152f9bbf7a72a317f977402a27f7,0.34490174,0,0,3
0f3648f749b7b67c2c61282297569657ea6220dd,0.3788106,0,0,3
bf915848967a6e35839e5565e98c716079980e18,0.463096,0,0,3
7f74708201c2ab9f5d1f83c7052487116b8f7114,0.3387664,0,0,3
97dc91d1545a667b4021b6507d927799e53964da,0.75466985,1,0,3
d9979fa97865b7a57b9da975efb6e6c4d80b0cc8,0.09901673,0,0,3
6f27b4ae8f8ecb62698e760ab7df3973874b1f51,0.27445465,0,0,3
67ef6efb61f3c07e1359e083bbac5d90953cfe43,0.6097263,1,1,3
1b53f09c3a9dcd64dd281c1955b062fc28999366,0.045881957,0,0,3
34adc606601cb578486d4a019b4655c5aff607b5,0.47638807,0,0,3
b05bd69cdd841c02a3b645568ee5478fdbfc07d1,0.3124881,0,0,3
e1f30a1c32eb292e51db274adbe2fd6ed09b555b,0.058850635,0,0,3
bd82fe9fc034e7921eb589420bb4b86dc767a11e,0.07175581,0,0,3
13e0ba5aff3fe14eb0e1d748cad4b9f99e681ca0,0.522931,1,0,3
3b7deb943877b0c2d8627531959948c5d1e4d3ef,0.570065,1,0,3
b657c914c0005b37e24c1cd74c5f4ce886147606,0.46353307,0,0,3
a61fde99657c1b9d11e8eaa682181ea59e65814b,0.1297866,0,0,3
29c067466ed78c3e7948fcb8f0d25b3d984a1a93,0.06583759,0,0,3
fd86d06ec5d3b009f3882dda7903e9913858ee14,0.690372,1,1,3
a43b8d68b8b7e6d7f23977a7432880290e6c6933,0.735965,1,1,3
31e4a6df19cf4a13f8f0e9048198ce7488ad2614,0.6369153,1,1,3
3c0c9d83e27e436f9d3646f177bcb0ac2fecbeab,0.55825263,1,1,3
db7a08583a5ebfab310efde6d0636f2e2fc108ad,0.57745355,1,1,3
015e3cd37d128e4ade9b2d49f74f3b4fc07d82f1,0.55645317,1,1,3
8dba68a38c8bdae91c15e4eab35cd83c427d8e71,0.50589585,1,1,3
bd15dc78c74bd9eede3419b70469511f196a3716,0.43265355,0,0,3
c3ff46e30397bc0355584c593d500d2564c1c515,0.06868296,0,0,3
b2d4b2ac3a738d97e23e53cd459d9c57ee8827c5,0.35759914,0,0,3
3e24c28e68e617735b25791b0bc3f67f31624ebf,0.5513299,1,0,3
b1a8299ad223c3b2552f6d03e51c2ecba5df46ed,0.087022826,0,0,3
4e931386569c0a28b7e47c52d199aa32b6ca32fe,0.5217493,1,0,3
ed98d264cff306f7326db096cddf65cb26ff5498,0.05599579,0,0,3
1f07a0bf70049cb0a2f6b52ea7c261da5adb1abb,0.06607178,0,0,3
60bcdd450d6950da981d70b8b08379bdd744c82d,0.054627597,0,0,3
74133837585f81d1c6434ce32f73fc8694d5f132,0.052994933,0,0,3
0e9f604e87a5b42b27abc13a9328846cadd640f4,0.04145822,0,0,3
53a0a9ff85666348a38054e335f5b4c5355a6419,0.056146406,0,0,3
73f3e2b3d6b3f4a7000187bb3e6a4d82b118d3b9,0.08356684,0,0,3
b295635a87da0c20e5e2495103d4877ef0187d4d,0.064435646,0,0,3
8f88dcfc902b5bc86a239756afffc9f3813d245e,0.4381545,0,0,3
815b269deec60ec69f4e5e5d555afe9b98c18cb9,0.31941664,0,0,3
2b0658c59d6285547a5c6de7ac71c7cb134ce975,0.26452357,0,0,3
364232f781d0cc91cd4b83012e1f49e62fa81190,0.6492408,1,0,3
e972869486f85c3424875a443eb04bda2eeb6bd3,0.055654354,0,0,3
780b2281d86cf89cf5dd717c1cf54bbd48783654,0.3825416,0,0,3
06c27b37ccbde70514e035a50ba0a6ee1ff94ea3,0.20494235,0,0,3
1d1c41945a50a740519131bfff4e1875de69dd6b,0.4105253,0,0,3
71e40d0b30fbef976da3595fef8736a4e1245466,0.3951725,0,0,3
f781fcaf0f19766f7c9105911613f86d22b2091a,0.3598984,0,0,3
cb8cf1574f99fc51c9e67b9456ea4d494fd4cf29,0.06473463,0,0,3
c63413182017e069393963d07570ec69f373ee1b,0.7427225,1,1,3
8bba18089a1acf29f9d2433efc229d5c851f42b1,0.3333069,0,0,3
f295b186fd8f6c619d34a8c69c6a1307f2276779,0.13950706,0,0,3
02c7974c113cc2a51d6741491080058470265899,0.45953965,0,0,3
027c193cf1c012cd5bae06446496136a582c180c,0.47027376,0,0,3
4a10030ee78ea8da944f6d52e3c671799d73b5d2,0.39558896,0,0,3
5166f3dd04980177e46293408d998087040d4c19,0.5578611,1,0,3
d37041ca62ea9eab6e777bffc15ddab49941217a,0.4765136,0,0,3
53e5e3fa8531bbb4d70523197215fd19b89c1a76,0.52302337,1,0,3
62e6242804e4167f5c476ae34acc784009a1af0f,0.074219234,0,0,3
324e8b4d43f0260b4857dafef46e8c5f349f633c,0.07197879,0,0,3
9fbc2a346b86872c397ff891d379115abe5846cf,0.588831,1,1,3
c5a15b2b66b6b4f018589d8f60cc7acc71861822,0.5628328,1,1,3
ebf108170e9a6215176174d84313a0564ddde0c4,0.48101223,0,1,3
f1984c42b64788a0737c3bd43e4da95e015c19e8,0.20373781,0,0,3
904b790c41d6ec4629921befd1c5286e482fde57,0.39717382,0,0,3
c2abe862ecb7f980260a7b44d907fa116a6bbab9,0.3181916,0,0,3
19a56adb00295d528015045cacd443ff10f7bcb2,0.14110185,0,0,3
e2ea5359798ce8dc77d4b23b0f9b4df33b37f940,0.57435584,1,0,3
ce4385a413dc822f8849678608d0bbac2defbb81,0.11971539,0,0,3
c11215195bed3261d88486d0ad1644080afbb97b,0.5992844,1,0,3
7048667393bc4290f381312243d13688407b9350,0.3182881,0,0,3
b188b5ccc0f1f8702313eab62a5dcc164f817200,0.21527025,0,0,3
4efd950d4dd822f3e087db9830d09cfb3fdcb541,0.33546185,0,0,3
cff6e00097bf7dd97a5404080df3bf7e95813a1d,0.53767794,1,0,3
27214015c725619e0098e227fd29816d0891d4c5,0.5609075,1,0,3
f8fbfc9fdca4b5e9ba1a5608ca17e7b6feb18c3c,0.26258963,0,0,3
0733d7c2ba214415a8d2e4efba5c6e26b61d3291,0.111191265,0,0,3
d8cdd5eeffe9b63949129d09f6b0c7ad2d517e90,0.3653183,0,0,3
e2cf4811ba485b0bb29d7d80bc853666bfbfa958,0.6075128,1,0,3
580e0d1e26ab2a9275f01506f3af56fe8fc32988,0.41850173,0,0,3
3ba27e9f4a29be1922b3a19f9c6c5127f93027ab,0.58764154,1,0,3
8fb1341ad7c460286211f4f2a6be41bb5782653f,0.041155662,0,0,3
041507d3aaf718ae536f9ab66e4eeb4065cb339d,0.33047056,0,0,3
735b1b59862dc1b5f7e60549aa7c33dbcc4095b2,0.46854216,0,0,3
60595251eec5979e14540c6d00043e24905a7404,0.18550175,0,0,3
980366284db98e0515dc5e827aaf4f750699bc80,0.5299844,1,0,3
6c2dbf2885fb4602b8e42bd208ebef66df23329b,0.2269567,0,0,3
cb6ee2cbdeadad5d277a6e7293d88bb915090c4f,0.6247257,1,0,3
a00624cf27791193be74a610723a9a0b0980d23f,0.60312515,1,0,3
911d59f46d0dce2e07a93dc0ff705154f568b7ba,0.61200804,1,1,3
1aa543286acbcb3c23aebaba003fa024a54aabb2,0.60225236,1,0,3
f418eed3089d74caa11affaf947a40b774e9c8cb,0.48542574,0,0,3
a13691b5be40d31099d39f7c8f3ee9970ebc20fa,0.082878366,0,0,3
3e8b8aa06bb7742cd1643fad72d7739cda400010,0.38139766,0,0,3
a1db4c96f62eef05fff532b59300edeff3ef21f5,0.21618314,0,0,3
5321c7ff2ed082524bc319e44f0aedf7ed8960cf,0.12053569,0,0,3
9be73347bd09934dd0c99d32bce9c4e12fccf6ce,0.07716116,0,0,3
4362e02ed0404d12ca75ee3476d4a32f9f671811,0.06972547,0,0,3
d3f0ee5e0928122b41ee25e2b4ab09bdca5bd00e,0.070724554,0,0,3
f82b5b57840389fcfdc4f16cb75703361d6ea059,0.09363346,0,0,3
51d564f738b20621e4e14649bc1b15c929668e1a,0.061905205,0,0,3
5bd82306a8e44e2b9ff098f29ebf4c69c195b9ad,0.08050685,0,0,3
9959b3c5a777845aa19040a5a761814e483a6483,0.07856079,0,0,3
a0611b06f05e3c37c622f48a783836f89247c237,0.35190138,0,0,3
f02f2e54ac7d88a6b7ee620e45e1bba878c63a56,0.052038148,0,0,3
98d6d15235e046762f3b09294e896994f616627c,0.07776784,0,0,3
fca0e6ecf6012ee47fbc92fef4533320c1e3d849,0.07877164,0,0,3
db642a3c3ad93606d27d6e277b529da3a50057e6,0.1336281,0,0,3
1929834c27a931ab505f7a389d38fafd10331d8b,0.12817167,0,0,3
a5cb9a4b4a196bd2048cd21ed2fef175bc1181cf,0.19336665,0,0,3
c2f1b685abecfc11de76ffd0a28771f41b566782,0.06836048,0,0,3
30b6759387b4402987f6f4a6100fdc78e8bf755f,0.061902683,0,0,3
50b126dc0eb075a2193b670eb7ae2089896ba283,0.119246885,0,0,3
6b08874607dd51c9d8f600a96650a330cd9e6b95,0.6142827,1,0,3
c9685cd5e462926aa401fca7321ea23927492006,0.07044544,0,0,3
ce8d0f7a47f7caba8ab937389c59b68b20f6994a,0.54084975,1,0,3
98b8758e761caf659608f48fc5c9e9056f911050,0.2540625,0,0,3
95b2fe97c7f191e43b7fe11e8e027d87eb47f15e,0.61702913,1,1,3
79237dcd2bf537d56ff8d73f897cd639af7bf8f7,0.5813024,1,1,3
181affd5c937755f54ff31ef056a6ec091e95f51,0.639839,1,1,3
c334a1bca8338c92e76f0f1cf2ef4884e3eb5dbd,0.56651664,1,1,3
efa48b214d30537bb184884ea30ce817bb350153,0.6363482,1,1,3
b45c4bdb496381b5f90df6872edca12e0a2e68ca,0.5896406,1,0,3
f8489499aa6d460a7548b14d516638b0bd7b862b,0.733925,1,0,3
76a2ac814caa194c46be1cf7a3f5dc129546b1c1,0.10795394,0,0,3
31fb4dfef212791f86f052ce8a3adeabaf830cf2,0.080509655,0,0,3
ccfca8f714055cd9fbd00cf7e847b880132cae69,0.06969025,0,0,3
a29815abf4f0e51b332a8af1b83ad344104c14d9,0.69432795,1,0,3
92e6d716069686583b852a6dcf12af986d6dc694,0.63047254,1,0,3
d105819a0e72765ff5ba4efa5622d727360ee2b8,0.70850074,1,0,3
3aa6f11785a2f1b3b09df328a02a2c28dfa0bb57,0.49935567,0,0,3
b7a82a918f0a595a96047f7eef2672fd95d5626c,0.69253373,1,0,3
52f3240d90f2397cd1850ab11674ba08a0ecb2a0,0.7174779,1,0,3
d70fdbc40195077057a1edb14ccd16a26435d007,0.5990681,1,0,3
0751f97bf6677c3d55aa71542d572dc8fcb9e79a,0.65592325,1,0,3
e505e1fea57e0ab9f1d5edab92546d778a5f41e0,0.4793279,0,0,3
b4380f20059dc9e4ccfe2b709587e8069ac0fa34,0.4851382,0,0,3
32a9c6d42a3a48314d3f9fe2956bfc8bf49ac5d5,0.47536945,0,0,3
80417356f04c5ee1cd6f636e9b043db3f2de24f2,0.61584026,1,0,3
f48bca0510703b0673709b10a806a9d54894a999,0.7050206,1,0,3
f1b54876ab8893a5d9c0e3d7c1a9c884e683dc8a,0.18020228,0,0,3
c82f703768eb8a122546de23e412a037aa1770b2,0.6634263,1,0,3
36a02dc549f32433d7329444455dbb1be2e67f20,0.68452084,1,0,3
fa8957d7939b59e8d391fa17000b34e865de015d,0.77164125,1,0,3
5acc6a5502bffaa66be7e859849856de0ea27acb,0.7007634,1,0,3
b58789c5badc4f9680ec5724568af05a84670e22,0.071097836,0,0,3
9ee3a16179cb65f5fe4170257ab7cde558f1dbeb,0.16379644,0,0,3
4ed0bdf1c73fd82d3080d15085675de96d5be0aa,0.046862964,0,0,3
4950ad86a16e63fa26d51cd709e39666008c5fbc,0.052019376,0,0,3
b61362933f7a564d2ae0b7d6b9723f79f4948769,0.19510356,0,0,3
f28aa71041181867a720134e26b64b03cbccb6ec,0.24997237,0,0,3
720b988fd8d7a50fbe922e6c73a3681b1c566331,0.52992904,1,0,3
9d744f7136f23da9a5f9324432b300b5a68e3b39,0.08914176,0,0,3
98f54c158acb12a26fa6f335b1665accd2aed347,0.5533262,1,1,3
22c6d087012fd55bc65e578a27f2edb66f4d3808,0.57979834,1,1,3
890b387d713d04c22406db6d5a5fc9b51bec2df5,0.54753935,1,1,3
c7d56cffbb4668d0955ef00196e08f42f2efe363,0.49470478,0,1,3
7680fae14c9f544d0585a7b150004a1e48fff53a,0.7963248,1,1,3
136c5ffe80e558a87cde01baebf823b06e3cbe75,0.78685826,1,1,3
8769d0f2cc4b7555dc025b7c0e49a81346a1e2dd,0.7350228,1,1,3
4b5cda5a2c6ca613db5129d50ffffce2604ad9eb,0.13849048,0,0,3
2e62764c0c386632e87ee8d12d0505848df1015e,0.4253356,0,0,3
4590f14e97beb6d10ffb7b5dd312c632af155ed3,0.23862445,0,0,3
079bcd0339f30343c01c5fd3d5521be4b822d30f,0.08458813,0,0,3
29283b775291bf03cd9a7e1aaa496faaa5757578,0.6745732,1,0,3
89321a2dee438328e75a11954e972175c78f0a2a,0.05799381,0,0,3
1f3e72fa069536ae20f37b29575288ff65e66803,0.055357896,0,0,3
c7720ca4c232d317cfc800a04eda4a1d5a44a944,0.35701978,0,0,3
a747456bfe077da467ff036172968a37f3b1e893,0.3110376,0,0,3
2f2c8b1cc6e6e731f7bc52b0988ea8316f475004,0.33402917,0,0,3
013b445ede8d9e7aad4915859d0c869b9b712f8d,0.32821068,0,0,3
f4e754e66e3661274df624bc328991cd88dd03d6,0.3637831,0,0,3
741944332d5bd90112b610a8b5f2eeefe51e08bc,0.14904805,0,0,3
4c7d7523088373be3c7ff203ea895d5a6d84083e,0.20920642,0,0,3
f79c9365d0ee89cb407b90cc084eece8fcf9a8a2,0.2631985,0,0,3
8714dd031647be34d0d27f461894e7b194f25cd7,0.6307882,1,0,3
83406b73e70a251eec5daae34f1bd8d554cdddec,0.089831494,0,0,3
2f956f46580e5b4752173e885d37a20fe31a78d8,0.32518697,0,0,3
3f36b7b50bdda3eeca632ad5440bb82b8e34cb40,0.48207232,0,0,3
9962a0fd02fe2ef06765271605b06729af8b2e59,0.08774363,0,0,3
5294c64b342818e021800b38413f36f426e35b3c,0.5545733,1,0,3
5a45ae3b1deb5117cb9e9a13141eeab1e9ad3d71,0.17326942,0,0,3
efafa61992658eab64c893e9eef49f545d75673c,0.47431934,0,0,3
630830476a6270e317e84229996a6bf92bd903ca,0.68378973,1,1,3
14097c64d243794610788d3ebb2e81ba8fd867c0,0.6882434,1,1,3
f2615d9a611db401cdedc022112c87ad938b5680,0.6300107,1,1,3
a24d624aaabc14a455d18450d9127f88d1b4f8be,0.5490119,1,1,3
49169033546d893dae3db903a2fa6af712f125c0,0.7228762,1,1,3
fa7588c4c0f8d403e4815fa72e3b8a3bc98d73ec,0.69165057,1,1,3
367fe13b46a0b4dda56b7f12273d6c9afb1da23f,0.61879367,1,1,3
368588b5c5c4140f39ea8b9a8ceb3d1af0708804,0.47775066,0,1,3
30ee10d2740fe1f28595989c6b21f22b75a147fc,0.6211539,1,1,3
af9fd052d1c208f191fbdf85873f965552465598,0.6914475,1,1,3
0a711ebcec7d32b66ab3c90b2a1f48681201e557,0.55914986,1,1,3
a4acf53336a482f50335d33b4f650a70c9243b7b,0.63214415,1,1,3
c26fa78817f30cc3eb91165b783e07fb80d80f59,0.61390674,1,1,3
944291b748bcfec4e2f3c17623884db7a17b9f21,0.36581495,0,1,3
c44f982e89b63a97190638cd12bd8bee2bafb883,0.3893923,0,1,3
fb46b941f7763314d667c437c06b1675e61c3d38,0.54722935,1,1,3
e9928c94ce1385ec72028336417f19f30ac38ac0,0.5699311,1,1,3
d4021487539b0f7758ec644f2e0d83df95c66bba,0.1463539,0,0,3
ac62c1c29f319a97a2552c39f32c8e6acd70c9e1,0.10074578,0,0,3
dc08bb8ea6cdf01188f6699559e779e6cc296287,0.6516767,1,0,3
82b8ecc3275d7c3578a6531ac3f1da3ffada9dcc,0.35100323,0,0,3
36ce032b612fc0a1156d28bca7327e06337c8815,0.41971686,0,0,3
2f22533ef41533e2b839a6b41b262dca59e6dbf9,0.55747384,1,0,3
39a3cd0f4210dbec1ae8ef39a87d34b76eac91a3,0.16534837,0,0,3
1f470253c46471033048383c027192e757480492,0.4775264,0,0,3
9c40a7bb3c9aca51d17490960c988dfb7b5acebb,0.39740187,0,0,3
7f8e952abc4d2fc4b96c97a51aa25fcf6ed8af02,0.38382784,0,0,3
bd0b5af025fab9cad8f94260138741c252f45fc8,0.46355274,0,0,3
e036d60d8a210d5ac28b2e5c51a45ceb82b58f09,0.27444014,0,0,3
626014eaf093fc2e3b53f5ad00c425bc209e1428,0.55017143,1,0,3
5c85b8dda5f3047732a17b818256b9289274d071,0.06338597,0,0,3
ea402becca436dc1a8e47ac9385a3db475b49355,0.2182356,0,0,3
255f10834a67cf13518316de0e2c8a345677ebbf,0.56505203,1,0,3
044de16c14076019f87763b7b58c45664ee57c11,0.35022387,0,0,3
e54ca615f213f5db6d34d9163c97eec98920d7a7,0.5781025,1,0,3
07a42d3ffd034e467e49b5c449d4f5f81c471cc5,0.37923577,0,0,3
e6da0f682436e1387ad68e86edf7418c0f7cb368,0.18922254,0,0,3
59ec4f018963eb55e32fafc2b924826c39c09682,0.615279,1,0,3
ece4b70cce24b89483236b4cff079c10597d680a,0.52861816,1,0,3
09d28fe7995db1a4da2c651d362007d2082c663c,0.3346517,0,0,3
98c27699cbcf65c3d9d655ecbcd67adcd8b45b05,0.38106507,0,0,3
71cff7c5940b7101ff098601850d46b7a4698180,0.05449229,0,0,3
89e0607cf6470dda1a6a47b46abf37468df4e50f,0.35430616,0,0,3
6fb60857be1fed21bdacc4ce830bbf99103b6fdd,0.09110352,0,0,3
3634821fa515365618209f0452443728e7290fca,0.4680031,0,0,3
2fd62ee4d524c270764e9b91dca72e5cf1a005b7,0.2988899,0,0,3
a703ee75c40e0207f6831c4d48e1c7e62f160305,0.057459325,0,0,3
fd7cfed070c2aab60521afb7dcc633a0b7abea80,0.48955446,0,0,3
1de41ef4baeee1c95e245837299f8be265294445,0.5795566,1,0,3
9491d7a61681f7acc7103a6d1d45efe96f7981d2,0.5575694,1,0,3
2d3203b10cc8edf71a6e3e0822f0d742c9516aa3,0.5118436,1,0,3
d55a572e5867832f6d5755fcd46101da51a38aa4,0.42493767,0,0,3
170cfa758547b4d9be50058ad93cf60ce0da5564,0.39386207,0,0,3
3783ca4476fec8186c867e4e57084e649c318c6b,0.3882568,0,0,3
4d996d1bac1bb1886cd9c473ba00e53e3c19cf3e,0.56909555,1,0,3
445cb9dc2f07553f8e1e5f7c1150f00fbb05c63f,0.49712154,0,0,3
ad80bfe559e7380fedd7998daea5f27393ab643b,0.37233382,0,0,3
3d2d4fd1588c8eb3f67f34d75b66967d0c7b06b6,0.069559745,0,0,3
d54fad867da7f762ac4c0d947adffdc1f8f356f1,0.5747643,1,0,3
12bbaf3550d56bc945b50f538b5f18af93bd316a,0.048962563,0,0,3
150c578edb161bdb2e8c039f0914984f570ef8f0,0.4077347,0,1,3
af977adc43a071a09652fea4ce3deba2d5b8d171,0.4902367,0,1,3
e021734b62ea5ac273e516b4ac83727cbb99ec08,0.56201386,1,1,3
b635beb6efc07a97c143775c78a32d42b3b73c8e,0.4239526,0,1,3
3fd2492fcce073f0c36e4d7e23e34881557e6e5e,0.3693342,0,1,3
a918c493296c88da94b36600213c7c188f2589b4,0.37259674,0,0,3
9181e1d536bafedcb3587ca30e5b6e2d66f06bf0,0.5582682,1,0,3
cc8bdf1d13639d12d02170d40cc4890180bbabc5,0.4220995,0,0,3
33ee5497490cbc97f3eabe9ef7a6391e4dbee8bc,0.41635388,0,0,3
dc61e510126aaa1a95a46fe39bf1529f394147e9,0.21979725,0,0,3
d320a457a9de67be25a03f79e1695d549a0145f3,0.44651693,0,0,3
94ae6c84d22ed33e158b3cc822ca4a0484c829c9,0.46131656,0,0,3
e9e36cdc44a68662885e35773187cca00d20239e,0.4186594,0,0,3
7d4041d827aed7d9f3eb14310b824a2faa96b8b4,0.23473315,0,0,3
6f5f99440e7117ee3bb6407e06745fff14bb2a4d,0.31581977,0,0,3
3eb4be60cf00c20e46b75fb72366dd0649700c2f,0.4763905,0,0,3
edbd9842cfca892b10c2e9c8da0384fe005cd67a,0.37436756,0,0,3
bc8e23808b9d8d0c9b67270ef35d04ebd9d89cc8,0.08202672,0,0,3
635e41ea181c5fee8860a7044c84ae3557b51189,0.3682813,0,0,3
c4ddbe6456c9631c301171098a8ac016eb4e582c,0.34029087,0,1,3
63f1d6b83bc10a2880f5ec17a172fab284d2eff5,0.47556052,0,1,3
10e18ae9b47dfe04573884739823d64825105694,0.64467096,1,1,3
d3252a5ca5571e0a97e9a31966ec6b847a3a8574,0.10428245,0,0,3
86c76dd5ea04d1881a52d79113d6dbb1d57c38a6,0.100248195,0,0,3
73a8fba6fb23af45ee77f52f33bb8d791a9caa05,0.66383606,1,0,3
e8db7237a9c347d2225fce9b49ff92bb741adffa,0.066866405,0,0,3
7af67bdd16a4f103bbe6334c5a865436c900adfe,0.79005677,1,0,3
71d7c3264239c55b6e2daf89c44c5685085f26dd,0.50286,1,0,3
958029bdd45c3e341eb146031ed38b4487d7b0b7,0.4113788,0,0,3
5556026ed1dc17e70946a4a030842ade3a33baeb,0.5591989,1,0,3
3c92830ec51fb6b6e9a7ca2fb8fda324cd33e48a,0.5016225,1,0,3
0fe9685c8a78ba2d780a3ec1e1a323990dc6d218,0.46915454,0,0,3
bd7788b384a87024ddd6bbe6a9bd9a167cf2ec12,0.59172094,1,0,3
dfecbe970917754511a081f8b86efac211e624f6,0.13262479,0,0,3
ef51b068aef14fa347710497cfb67aa9c6e65c0d,0.12873213,0,0,3
173c162a45b4be6fcbf7a30c44d1953062a25086,0.63177973,1,0,3
c4c03a33c8b8b94eaf75d368473bdd10a21cd0df,0.5421528,1,0,3
2fefdc7dc3c9afbbe534ff69db5a754be0716b11,0.07809057,0,0,3
f525bc3ccd9cfb69603bd9778998263a458415d0,0.57162344,1,0,3
9072a7615a54d5e753cf088326d9e14f1a5a6751,0.10376024,0,0,3
11491d355da8a851d6badb6348b10d8c4acc9d8e,0.07198279,0,0,3
2bc2ffde1f4752e7a8c7ea0a51c559faae194786,0.5496895,1,0,3
35f1cc00274122c0274b522d0b544a06faaba931,0.6545104,1,0,3
98817e88f04cc6757c42ae52d653b63cb85af486,0.6953769,1,0,3
83775c432382b9c0367362491d0dc515bf0e131c,0.46529955,0,0,3
a498b87dbcaa0a61c6088d7156258a3cb06638cb,0.57973814,1,0,3
34558845e3777afdc1bf90ebbcb2017ca17aea86,0.51714325,1,0,3
59985b43f0868d9a4a588d9ca1debd03108f8cd9,0.7564931,1,0,3
8ea1aa1e7cc427c28a89878fd2dfcb110c992b20,0.45626682,0,0,3
d4c7f63054e584b69024664bc2f221faf9863519,0.57647127,1,0,3
20c733229df741e57b8ac205788ece2d563b2f3d,0.6863623,1,0,3
3051264e1bc1d41a29c9dae7935c090568f64af4,0.48235452,0,1,3
db0f2304bd7c3ced65cbdfe9e17e80fe0774c13c,0.5237736,1,1,3
2f67045b9647de10ea5d01d8d1e98ac7de3e1cfb,0.7730072,1,1,3
7ef106b23772995e4307f84afd1bee4e2337ce0c,0.61616117,1,1,3
71f6746f81bb9650f6f228ea204d85ba2c5b7392,0.7233829,1,1,3
2ed96f00f724c3331d6b56b6b5650b9632f43954,0.2788248,0,0,3
3720683699bb830a4aae6fb66a78ce7079ad2c56,0.49633527,0,0,3
df37e605fe4b027406bd9dd85b320526ab12a122,0.27500412,0,0,3
4ad74f449258781e9df189413423ffd6ad95c526,0.21716294,0,0,3
d81ea83a0eb1761bb4e90a91f3b70f23f88a7d2a,0.7121677,1,0,3
e2c0ea4374c02539ad9bc6c4328b74f25eb72405,0.11902676,0,0,3
cf42ae522e12e9b412e1a1f008ea73cfd86a5979,0.0746746,0,0,3
fb7335ab163588fe6ee67ef26d3b3edad5cf4bd5,0.08472925,0,0,3
e580d35e1a07431109a5835411142bd1c1c2b3b7,0.74991,1,0,3
ea60fbe0633082a131bbb18de94fa60a04eddcc4,0.20368087,0,0,3
90e31fd93fdcaedadcd4b030fbc20f7375672def,0.5437563,1,0,3
52adf52e4669b54399fa50f2624826c06a19cb7e,0.6979086,1,0,3
71e515ab6d2007d34d96df5604f74c6fba92c0d7,0.60490453,1,0,3
6d23e85570fe1139cf5ef3bc9b4e57ea73680b6e,0.22633097,0,0,3
cb83f7cb31e50f265e098c5380b3f0051e257f46,0.1384758,0,0,3
2584b4a0ef536e59bf28ba140844597a093d848d,0.5396462,1,0,3
cac520971206093d32bf17925f880bd06d93f736,0.08858507,0,0,3
6a99050166c945a226d5f8275ce4a9dca3518285,0.7177443,1,0,3
6dbb48c8e685f65f45ad5df9f7684bed910036c8,0.60065734,1,0,3
260e0e0cd21af7b03ab0dae33b4978233db67773,0.66546875,1,0,3
b5749b4f54b30c0c2050e456c12cfcf516434f13,0.10851025,0,0,3
07ec8ad2dd862c8669b2557b995ec5180663d73f,0.57508653,1,0,3
28656559d2fc67193a84d5cbc48d378b2016f74a,0.11727884,0,0,3
0add1e8975336c65513b26123d48b221e2515ddc,0.66516083,1,0,3
8e7ea70a33ecb8db5207849ea6371b4a5a8ffd26,0.7732476,1,0,3
6f653f6bb82757963a87d725808c080109e7e3e8,0.66441166,1,0,3
1974c83561d09cf73a575f992fbd8416e3354d20,0.57180995,1,0,3
37c20df721522b175bc9df3f06a361297010df5e,0.6036999,1,0,3
061450a927ba1cc65f7b984f4ff41866ec2eceac,0.5910429,1,0,3
60b32953a968e5623f82a6b27d6c679bc17c48e5,0.22785991,0,0,3
f175a241c811d2d0843026b2dde5c3ae308cfb95,0.5923912,1,0,3
ea1a69d638d97d5ffc451b32d240479357e02b0a,0.44149733,0,0,3
cae70c10b4451ee3b919764f72dc4a4caf0f6f27,0.42465243,0,0,3
c0c7112dcdeb75b521d55cd47d0c61be66b0499e,0.08054594,0,0,3
8d0214a7417addf790713440f10855dc279876fa,0.47786093,0,0,3
e2ec4f2fdb2bb8d97f64a33e9ac288d52854a530,0.4623857,0,0,3
fc73151cfca36ea2641f340700dbe339b9e1f103,0.46052426,0,0,3
dfc9888860bf192cedde21e5e843bc3caad4b74b,0.38259917,0,0,3
5f9e0851da9e74c12e04f5a62cb7aeb1a8ab7589,0.049368106,0,0,3
7d5a61ed64315bd6570c5cb55c1f53853a3fffa5,0.3994284,0,0,3
82152f41ac8a727c2f0042bd555452dc2dda11b1,0.15843564,0,0,3
6e710a1f78a4a733020a4b2d1f07b6fe4c6684f0,0.82844234,1,1,1
951b253fc38c09114d0fe273a3758a15c151a8b4,0.83661985,1,1,1
f3539c7eb312b127122084279002d3fd238c9a17,0.72779566,1,1,1
7aa5ba380ef6aea0f2f594873b4c7378adab0f18,0.5271862,1,1,1
def1380280b9be6d166d3938ea4b0254e9b55dc9,0.770131,1,1,1
cc06ae9bf7a1fb6cee46c40d2a6388ac05d3f5d1,0.65668774,1,1,1
7972f1ac1b85a5174c9f293ad98abc87edfe42e6,0.21342988,0,1,1
bd1c4ff86fa21358949e925274f5b8146f5d02cd,0.79121196,1,0,1
be2aa80bc371d600ab2230c545051ea6454577f5,0.38387245,0,0,1
68b033741b02c3ae54d649e858790732bc5c2d27,0.6746628,1,0,1
4f5d25205a9cec988de300a452d641a155406b79,0.39632788,0,0,1
d1e97bc85338c563f4f732bcf917a08b3cbf4792,0.70353353,1,0,1
d40c01673e866c3c3b5b51bce66e9518924cc31c,0.11169757,0,0,1
5f7d5690a97b2ad95bbe381695638f0c7ca2c4ff,0.100807786,0,0,1
8d340a008767c5d954b7539e825b4c90eb15ab9b,0.5773717,1,0,1
84e490b66f61e11366b62efc42e64b60ae7db35b,0.12671977,0,0,1
fc939bf6838f4bf986e0b42fddee3df6712371a5,0.589726,1,0,1
5c798eb50aec6040f415b6def1912d4345f8310d,0.60084766,1,0,1
d1758567765117cd395ea47319d3acde7fc663b1,0.58389115,1,0,1
517b8beb06f63301629f0ec3f58f6b667061d3fd,0.5410921,1,0,1
5c715cd84d600c0df0215846efaece2ab4673546,0.72310996,1,0,1
dff4cea14174548f52d6fcc66c9bfd7a339b7336,0.15220988,0,0,1
02ae34d1d3f3c9f9c25160cb14c119958f25af13,0.7704444,1,0,1
8e0e1c32ff1ed1da4f09fc9917812e6457e6fef7,0.6883044,1,0,1
18c5b2536c114c86b810bb3ee94474fec596a462,0.49770093,0,0,1
c6e4d8c9f534d3e70e79bf718e40724d56186109,0.10584711,0,0,1
5b5ecff53b50a67179f6245bf60047c59f027e26,0.33577183,0,0,1
46dcd98ceb70720f96d4cfa23b001ff108bdaebe,0.7080917,1,0,1
dcbfc80c4a14b91194fc8b74760b079cc0a4ce42,0.6221165,1,0,1
23492711d234f2fa647bac46997e361bcf985423,0.7819451,1,0,1
f10279a29d47d389a31da907695673a992555adc,0.09661501,0,0,1
8d5925b52b48b4c69934ea5c48aa298a2ec74e84,0.17513573,0,0,1
a30aafa016409048747fe9730d6f7892eb12d7c5,0.7333047,1,0,1
a3611513fc4de7234ef49ae46d646b0795ac7110,0.19850282,0,0,1
d0eb1d1dd1d9aed27c433d78a76962340fcbfc1d,0.21674132,0,0,1
1ae9dfaf45e0a51ee7d604551f7e1932d1787975,0.71114224,1,0,1
1c2d56e8a91b0f64317a9e02cfd4b45b03d3019d,0.7534217,1,1,1
2cd92aa6e3f44df6b0552a28b83022a7f92f8946,0.6402208,1,1,1
79ad715f02e02af76da0c6e47c164a80768a01ab,0.80133295,1,1,1
e5b948a1687270192753993c998d61c7a91faf49,0.5062601,1,1,1
b81a48d78dd9be1c3eae57cece4c88df92c30247,0.49095097,0,1,1
0b873b95a840f8cfdb51f4ceea3b524d46d20715,0.34869948,0,1,1
e350a38760c93e373562d6a3e906df5904250146,0.69092476,1,1,1
660431cf4f7e2bda887a0e35ad3a76bdccc14110,0.11502375,0,0,1
f65e9aa63f8f266023a986507834585a9580c555,0.35991913,0,0,1
535cbcd9f20b29b3c5a5d69f654cde57969b3788,0.36343503,0,0,1
2d650f890ff1409f2944bc56cdc4b518b35e06f5,0.070819825,0,0,1
1c4f7bde1c8f7d8c0e09484daa626fa4f40e38e6,0.60597503,1,0,1
b9a22fb6f6f460287993d3cf087ae5ff036a6c21,0.10141922,0,0,1
14d6a09601b68f60e6b18142b597a6890e5d581b,0.1082657,0,0,1
54fdc54dd24c9ece2bfc32ca12e88545ec923a96,0.3281454,0,0,1
0ff7c091143e8326eb88dabce078ca76778a587b,0.642345,1,0,1
32ed6601f216dd1300876719cce837bfa9824e26,0.11367274,0,0,1
7df11e15457e8d8bf4e5730d20ec2412c429e091,0.123463035,0,0,1
15f7f84678a24533e42f2fde230c5f68d1b33035,0.079871625,0,0,1
2499f70cabfc8d17f2c6de124a81fc0940a70fa9,0.56731004,1,0,1
6526a5e83c1fb9644da34e44fdc5a3bb8a357c84,0.69619954,1,1,1
5904d90ade8663f5552b51036740352a9b796892,0.09481367,0,0,1
fdb75911387f77912c37dcee0af4a2f2e0977f3c,0.54444283,1,0,1
538a97b115ba4ea44c57898ac7c4fbb77fe0e9b7,0.08312559,0,0,1
fa0478f4f6fb724233dc3e00a9f8dc557ce7cdbf,0.090958625,0,0,1
ec81d7ca5100fd97fe8428db02a2cdde967ac87d,0.57251024,1,0,1
81c40b9820625d3f529b116baf6b4a3d45dd2f75,0.6568556,1,0,1
2b085ae34295d5ae1d7eaea5a55a2df220bf1bed,0.25161138,0,0,1
d6a354e203e4901d3eb6a36b3aba620fdb222da7,0.119982965,0,0,1
37787b96ab21fc226ff267aa26ae58a58b2d20f8,0.47076708,0,0,1
f2f704eabee027175b0c1eaf934c08e7721a9b24,0.094099514,0,0,1
e1fc87d2d57c2d7ee941e651f33b582fb000dd73,0.36691347,0,0,1
fa8f024d082998c7ae48b21f3eb6f8f2ca56a719,0.5839603,1,0,1
6bce493e47fdac9e64a9ae1cb3c358f31975a43a,0.5401447,1,0,1
9daac904cbc627e4a43e72f72159c552b25caf74,0.6877846,1,0,1
658d5a97c708a926b0425585f9437a0c1fc2b81c,0.55641466,1,0,1
db695fe90b181948f271e4970ec83d4de9348577,0.6710852,1,0,1
9c06ff87decab7357d44d8766f6a277ff887d921,0.40345308,0,0,1
198d448ceab2bc061d18a1a689056bd2b96b76c5,0.15466431,0,0,1
46b15af8c5fbfb026be350ae16eca89fcdc87aac,0.093871556,0,0,1
b7e86cdd772cc47a031d187b79d075af8155c2e0,0.0760767,0,0,1
198e589e62f687a91d4c27057ebad918e9f9bf3f,0.094544664,0,0,1
fa510146c09a498e25e590ef5cc558074337fc4f,0.82000834,1,1,1
badca06dd1c70207215c7186a31955901b637661,0.39373815,0,1,1
91ac1574aae31a29baf883d2cf45e4e1f5aa9bbf,0.58934546,1,1,1
82ca28e2ec8fe9771f01b5aab3386311ecab80df,0.6156723,1,1,1
9f8120beb6b351608652002e057f97f8f6c0dfc3,0.6325008,1,1,1
c66b23747627a2b432e0068561d457cab9f97ead,0.62590265,1,1,1
a6a5e3033d424468cbd3a6af051aabf3b5bd4d00,0.609933,1,1,1
2902a9a3c07e881dd7aeae0a55189facfab1966c,0.7289106,1,1,1
fe487b3336f8279d8b74eff05c5ebfe6e01281f0,0.69198275,1,1,1
3076802a78f14eb1b4f23831d5a1ccec79b26554,0.77808094,1,1,1
5063d256221e7fe8a8c433401bea988d7ccb0a35,0.73048055,1,1,1
a6b9ca3f71d44dbe2562e13d63e4b30fcaccdf50,0.45926803,0,0,1
81fec3193ad12a0f78eb021c4a1548484595860b,0.44113114,0,0,1
902a680951f318488a4bbe0184a3a223c5709b01,0.14929283,0,0,1
b84f786db6d85cbf9973adfccdf135cb71824b87,0.52840465,1,0,1
a2b5c7a9aa0b5f617502bf6003d43913d507a11f,0.58829355,1,1,1
571725cb7bcf091b5457f1e2a857aa51e8a70f7e,0.6930698,1,1,1
10118c9c1b00d31868d6ab43e8171e3c16efdcfc,0.36545336,0,0,1
ee94e6d82370b6b6086cae2693dc2fe31388fb64,0.4439412,0,0,1
dc58a824466ed492fc6d5ab11960eb86584eff26,0.0924234,0,0,1
56c04300e8f05bdaccc2ec60fc751c09d86b7b68,0.1909777,0,0,1
03542311e2a461f0324ec700e98e78b5540bcff8,0.09491791,0,0,1
4746531428aaf9e3ae7d505b5a203350d138ea41,0.07308985,0,0,1
05b14fd01e43ab8a385bcfb53102a270ef2d9375,0.08882158,0,0,1
77868bf772a03d61701bc0d32dfafea63a0382c2,0.062763326,0,0,1
83fcd3e1e220b9f3aacc63aeb4da0a898684dd0b,0.062073994,0,0,1
dcde20001063fc25f622e4b1c7775f735a7255f0,0.07774432,0,0,1
82bd5be8735c01a767fc3ebc3eb92369ac68302d,0.07006799,0,0,1
e1188f368087ba4bcfada44d645e4f8661d7f9b2,0.13163494,0,0,1
2c03505da053d07cd3f729692738912bdfc2a5b7,0.29742688,0,0,1
3fd058c02a1f8881110409be33ad56d3af6386f6,0.6719446,1,0,1
bb3ddfe426cf4ff5390f742d35bdba02a4ce7624,0.6491089,1,1,1
09b1a632c17b34650d2bcf748be14690c9882e52,0.4893492,0,0,1
539e1ee1d68c27defd0aaad09a1a0b68e059de96,0.68944734,1,0,1
da69323b29fe8e373364b9399bc67523dcf2af62,0.09382557,0,0,1
c1ad21bf966d01dc5cceca82f102c0f7843d5617,0.4268005,0,0,1
efa756288e712849c78c4230df05c2d1abeba91e,0.09884556,0,0,1
2f757454dc41f4d130234aea68b348da4f12a0fa,0.32522878,0,0,1
24b5e00be753889e4907473ce57271acb290cb67,0.36627603,0,0,1
7f293a06a0b7ec9b554d51f150991efa9b7dd54e,0.05962321,0,0,1
95a524ea06e546330ec3d95b9c139b7edc599b86,0.58385324,1,0,1
314dfa80d4e815ba3c689cd3ad0d508209665bf6,0.091329314,0,0,1
c07d659cf8f7b16452472da6052a1de326bcb6a4,0.31314343,0,0,1
545536e34f180edd32fbb21b0a5613e6407f0980,0.30274156,0,0,1
225afb8bad88c9bbb70b24d9ac3c28fb21f39465,0.4579978,0,0,1
041e9565ab8b187ad0b88780a5fc0a5ea24f29a1,0.41509637,0,0,1
c4828bfd09ea8c579fa8840cd77733c64b8ebb39,0.22241248,0,0,1
dcaacf4cae54fe199055830f097d4ed504b3238c,0.06754713,0,0,1
6f22f4b49c2a3a59840d28e6cbe0c37a56ab1f90,0.3077479,0,0,1
41fefde64401d2173ff019a896c4dd72b4fa5636,0.42193052,0,0,1
080e96a6cdea2f5fe8727b8249044b89bc54395d,0.48388967,0,0,1
497147e3e6ba0a50c32817e14985ca5bf1041f9d,0.59390867,1,0,1
40708bdf04dae6aa49bf8f3617f2efc16c83c5f8,0.2714128,0,0,1
84ad767a87c69a265e9105c51efdd87ee57b8635,0.43512762,0,0,1
f0e8d41fc8cc746ba9b66b72646db6bd8b25c6fc,0.6577346,1,0,1
df5930892d9c6eda392b96bdae2e7afd342f7866,0.70350236,1,1,1
0cdcb1fd8df9e9185cd3abb128d927d25d7de8b5,0.5954103,1,1,1
cf15c51722dd4b406876dce1ccd52eea787d84b7,0.5297768,1,1,1
b691f81b482175665b45cabc056e58ab0df03ff8,0.51720876,1,1,1
fc8ef4d22c95b13b907ed14b19cea8ff5fd1e653,0.4155626,0,0,1
8054f746bbd6191f5a297cf6f7f26f9fefaba307,0.6473859,1,0,1
fa21d6f7e70f057c42d4af9c40ed47d3d841e5b6,0.5616855,1,0,1
bac647543497f0aa2a9f92fe726e1eb18631b4cc,0.53862464,1,0,1
cc6ace18900eb92606b6a312cb1ac5c4ab5f435e,0.7170994,1,1,1
c947676916c99f2feb5e183aef9629a1b21d863f,0.70162797,1,0,1
1f3dd9ff8a4f8302eb4c0bf4072d2bb7d8aeddd9,0.30541104,0,0,1
ca7f64f016d8354aecd38ef73405e1b3267ca791,0.73594856,1,1,1
06005610265c342b52051b997a43ad6e963c5a0f,0.5492727,1,1,1
4a8068579ea5bf1e637f8bed09a203508abde315,0.73208284,1,1,1
30c217ec400b9175e9490807748ec3e48fe2ba22,0.78045964,1,1,1
d80acb29c04a8e92a3ddbc539b0be8a521098870,0.6513042,1,1,1
e43138b0b5f0912cb358c0e73eb6247b273eba75,0.51968044,1,1,1
1b84f2ee7a41e8ab12faa73130187763ee5858ea,0.11742207,0,0,1
4b5ef21ed6104befc80e1dd501f964e7ca6f1ce6,0.08397981,0,0,1
c6c1971ca1fb5054a0847b0884488165606bd703,0.5217685,1,0,1
68e0a9c71443738b1842e99925d37bf545f5a151,0.6937522,1,1,1
7ebc8107a22038c06c0b0ff095f9f73d854e1422,0.4299203,0,0,1
9003b5b5aa4465e84c934819f45c1ab4365dc51c,0.183877,0,0,1
4b8647bf6ce2b478e6bc90d0158ce81939a14378,0.09328272,0,0,1
2d1614a2077eab0b981d4a0c4c6e10a7ecda71cf,0.11985797,0,0,1
3631295c437c5b8915afc7b2b259496eb2d5d782,0.1116221,0,0,1
b12610d35e7798c66fc1d9b0811d10aadb87569d,0.088866554,0,0,1
f3a785108f853e327001dcd435e92525d7fba96c,0.26630402,0,0,1
881a4ee8db1e1826b749579d2284ace982c953ca,0.09588785,0,0,1
e91d0f0510ee8d69c76ee89b4e57341418866c6b,0.11179912,0,0,1
8f7c59ce888a687a6c9089caf0c5469984a073b4,0.6376177,1,0,1
3c644cf87ec8c0e6313b3a10b6cfd66279b8093f,0.75192106,1,1,1
fb7e1e265dd9e560b3a3127a6593b6602f60026c,0.7733519,1,1,1
1c9c43c1d4bb76d7e47cdfc9c6681a38305a95e4,0.7544484,1,1,1
18f181ada7826542725fa4a9460307d606695b5d,0.559542,1,1,1
bb7e8951cb6ef08ca9df5fc036217c3a45c4d33c,0.06234783,0,0,1
e280c8636792c5426e54868d464c9d28287a98fb,0.111984625,0,0,1
54a7796ff234a9cbd2c66f8b1e5621f0898402f1,0.57962275,1,0,1
8e5867eda8328e4cb2e103d098d0c9f3c2fab50e,0.5489218,1,0,1
e42da5d9d21438c220768464b6a1f5b36bad92a5,0.07572469,0,0,1
c823ac5673e9da094a3b24b99987a533c548dac4,0.07239974,0,0,1
7573e9eec065ac1ccc2134aa751a191da3ca3dff,0.27480307,0,0,1
1cdc902f3d7cf877b4db7a31f19eb1dfd2fade3e,0.59606665,1,0,1
e9ea52189a92f7e2ab051e4d75c4e0c872034b18,0.5508229,1,0,1
ab0a2f761f4529daa0a1e7128ffb8ae417a0104d,0.57119894,1,0,1
7ebbaea90e8002f5542e22bbe92075ffb5383d2a,0.7066937,1,0,1
721730b00b1dc2ea616a3e7958e4ad15134de975,0.34383413,0,0,1
05aae985d9d0e26cf278cdd6f69672ebe3f8ed92,0.46281332,0,0,1
f7222ca6c3b6c1018a52fd649029394e6608f1db,0.58261085,1,0,1
b285f17023da248bdcb3093283e4b9e930bdd09c,0.3880501,0,0,1
af858a6ca224946195b1923a780678b20cb99603,0.4667304,0,0,1
fa027a4685bacd9e32b3bc7d875717b4457f6829,0.71744007,1,1,1
edf56632b8a5413f5e0adfe2d1b65e595b88a1d0,0.70994693,1,1,1
58693fbcb3236a9adb0f47088d88ee3ef7178cb4,0.83734995,1,1,1
91291520cfd5f6c2c91fc242018860c5d1d277e4,0.73825693,1,1,1
7bbba6995a12412cd7cbe1ca693057c5299ab4cb,0.75744116,1,1,1
ea030e732e3556a2a4fa51bcaabc080927ddfa48,0.7485953,1,1,1
310008f48c0a830138d35b3024106560d55b6bd2,0.75820494,1,1,1
ca22dac3f852c7290f60c3c3a5d66fbecfba91f4,0.3571748,0,0,1
bcba29320f5f6f860335266d6be8249418ceaedb,0.23298302,0,0,1
9dc30fddc109504fc80fb62e33554d54cca47faf,0.4777333,0,0,1
764f56955d499fae11db1aed6e7f0d2d0886e6f9,0.15995727,0,0,1
2933e5773b1d64a9348024b2a6e8dc6dc90e6590,0.7104084,1,0,1
0fa8bcc008b6a011d6fe41e64ea4379d0b57f20b,0.46016654,0,0,1
7897aa6a83a5e63da487e72c2735fb042259f6e4,0.18889439,0,0,1
3b501993588d27d91ad526a436e3a10ecc8d6e8b,0.5997355,1,0,1
b353d07bcca9fb62ac387d69d3e99004e27f14c0,0.51405835,1,0,1
6b43922648fe2dfcb4cb1aaaf5d795f00a6aa174,0.30292448,0,0,1
b268dfbb824ef307862e489aef7e71bba4cdcac5,0.7559921,1,0,1
b957ee1646d893fd946a8b9a53c779957ae7a240,0.15696132,0,0,1
996c0c164a083c3dc2fbf2768750e3b3a81d77e0,0.6529413,1,0,1
12ddf37f23cd77903729b3e611ffae10e96ded47,0.096249655,0,0,1
7e6304ce63da6c6341cb072abfd08caf0456328e,0.5942255,1,0,1
b9b73fbef5c0f18aaef22ef60442518d7f23ec83,0.47755137,0,0,1
675d4c8fc848ec5438e48deb2e8218b6f0078814,0.70538884,1,1,1
dc666f419e691e6a04342bdd9cf2e899455a8738,0.8119732,1,1,1
9bab875f03ffea0aacd1d92fbbecc96d491c1201,0.64368415,1,0,1
8d3d915dbd0ccf716f0d15b6b2396cff214d9cd3,0.7738805,1,0,1
326beb22c6aa872cbc0ad3706cfbe706bf9eab41,0.18030328,0,0,1
ad882055edb50369bd174ae56a372838aa89cdae,0.6828142,1,0,1
a7363a2ae67b585790896de45f57154474480fc9,0.6354399,1,1,1
2bc9e7ea86a8cc1c3b2436c46115c87080228004,0.6647145,1,1,1
76f154179b8dc6940355d7fe7db468314ca39e84,0.6423862,1,0,1
4080feff61e8dc1cd4af2361990c33c9f1014147,0.35666743,0,0,1
97accb47de63ee5063eda23641c6017e29ab81d7,0.6014582,1,0,1
cde43197f980538e411d851735ac7a63ddd613e1,0.60527337,1,0,1
0dec6e76fb544fa3e8bf5fd17f16314735971dd7,0.47337946,0,0,1
f820d06fc0d1204b0cb386214ffeb42ccec669ec,0.61699224,1,0,1
566c4d59a177be4b65d17540576eeb34d28d24ce,0.5377459,1,0,1
a516976947341e0e18bcc0858d85d34cd0c02cdb,0.120780505,0,0,1
7200c43dea3dbfbd9d38b937c44b6e71744b05c5,0.6866319,1,0,1
596ccd59a11ad5e9fda19ccd0f4fc714d8d3394d,0.47158518,0,0,1
301ad592142079d36f4d33f5309c103c7f4f5dfb,0.5697684,1,0,1
