commit_hash,prob,prediction_label,true_label,cluster
6e710a1f78a4a733020a4b2d1f07b6fe4c6684f0,0.4668886,0,1,0
951b253fc38c09114d0fe273a3758a15c151a8b4,0.61320376,1,1,0
f3539c7eb312b127122084279002d3fd238c9a17,0.339623,0,1,0
7aa5ba380ef6aea0f2f594873b4c7378adab0f18,0.598239,1,1,0
def1380280b9be6d166d3938ea4b0254e9b55dc9,0.6007041,1,1,0
cc06ae9bf7a1fb6cee46c40d2a6388ac05d3f5d1,0.46964523,0,1,0
7972f1ac1b85a5174c9f293ad98abc87edfe42e6,0.3936549,0,1,0
bd1c4ff86fa21358949e925274f5b8146f5d02cd,0.37515438,0,1,0
be2aa80bc371d600ab2230c545051ea6454577f5,0.5759764,1,1,0
68b033741b02c3ae54d649e858790732bc5c2d27,0.34930184,0,1,0
4f5d25205a9cec988de300a452d641a155406b79,0.39217034,0,1,0
d1e97bc85338c563f4f732bcf917a08b3cbf4792,0.6015547,1,1,0
d40c01673e866c3c3b5b51bce66e9518924cc31c,0.44079092,0,1,0
5f7d5690a97b2ad95bbe381695638f0c7ca2c4ff,0.30386898,0,1,0
8d340a008767c5d954b7539e825b4c90eb15ab9b,0.55629003,1,1,0
84e490b66f61e11366b62efc42e64b60ae7db35b,0.47098154,0,1,0
fc939bf6838f4bf986e0b42fddee3df6712371a5,0.2075932,0,1,0
5c798eb50aec6040f415b6def1912d4345f8310d,0.30812195,0,1,0
d1758567765117cd395ea47319d3acde7fc663b1,0.5417363,1,1,0
517b8beb06f63301629f0ec3f58f6b667061d3fd,0.5798441,1,1,0
5c715cd84d600c0df0215846efaece2ab4673546,0.37254667,0,1,0
dff4cea14174548f52d6fcc66c9bfd7a339b7336,0.48551548,0,1,0
02ae34d1d3f3c9f9c25160cb14c119958f25af13,0.24506204,0,1,0
8e0e1c32ff1ed1da4f09fc9917812e6457e6fef7,0.6143872,1,1,0
18c5b2536c114c86b810bb3ee94474fec596a462,0.17250714,0,0,0
c6e4d8c9f534d3e70e79bf718e40724d56186109,0.54985803,1,0,0
5b5ecff53b50a67179f6245bf60047c59f027e26,0.32568225,0,0,0
46dcd98ceb70720f96d4cfa23b001ff108bdaebe,0.31362742,0,0,0
dcbfc80c4a14b91194fc8b74760b079cc0a4ce42,0.2841861,0,0,0
23492711d234f2fa647bac46997e361bcf985423,0.47145328,0,0,0
f10279a29d47d389a31da907695673a992555adc,0.62039447,1,0,0
8d5925b52b48b4c69934ea5c48aa298a2ec74e84,0.29094464,0,0,0
a30aafa016409048747fe9730d6f7892eb12d7c5,0.400405,0,0,0
a3611513fc4de7234ef49ae46d646b0795ac7110,0.22216986,0,0,0
d0eb1d1dd1d9aed27c433d78a76962340fcbfc1d,0.3635691,0,0,0
1ae9dfaf45e0a51ee7d604551f7e1932d1787975,0.3138542,0,0,0
1c2d56e8a91b0f64317a9e02cfd4b45b03d3019d,0.22214288,0,0,0
2cd92aa6e3f44df6b0552a28b83022a7f92f8946,0.34989512,0,0,0
79ad715f02e02af76da0c6e47c164a80768a01ab,0.30813453,0,0,0
e5b948a1687270192753993c998d61c7a91faf49,0.29341167,0,0,0
b81a48d78dd9be1c3eae57cece4c88df92c30247,0.18142916,0,0,0
0b873b95a840f8cfdb51f4ceea3b524d46d20715,0.20756409,0,0,0
e350a38760c93e373562d6a3e906df5904250146,0.61419266,1,0,0
660431cf4f7e2bda887a0e35ad3a76bdccc14110,0.30746344,0,0,0
f65e9aa63f8f266023a986507834585a9580c555,0.049953613,0,0,0
535cbcd9f20b29b3c5a5d69f654cde57969b3788,0.04883135,0,0,0
2d650f890ff1409f2944bc56cdc4b518b35e06f5,0.052207943,0,0,0
1c4f7bde1c8f7d8c0e09484daa626fa4f40e38e6,0.05168047,0,0,0
b9a22fb6f6f460287993d3cf087ae5ff036a6c21,0.30292958,0,0,0
14d6a09601b68f60e6b18142b597a6890e5d581b,0.21608046,0,0,0
54fdc54dd24c9ece2bfc32ca12e88545ec923a96,0.2868104,0,0,0
0ff7c091143e8326eb88dabce078ca76778a587b,0.37120435,0,0,0
32ed6601f216dd1300876719cce837bfa9824e26,0.28826973,0,0,0
7df11e15457e8d8bf4e5730d20ec2412c429e091,0.4994991,0,0,0
15f7f84678a24533e42f2fde230c5f68d1b33035,0.36130476,0,0,0
2499f70cabfc8d17f2c6de124a81fc0940a70fa9,0.3925112,0,0,0
6526a5e83c1fb9644da34e44fdc5a3bb8a357c84,0.40613714,0,0,0
5904d90ade8663f5552b51036740352a9b796892,0.029392676,0,0,0
fdb75911387f77912c37dcee0af4a2f2e0977f3c,0.059186757,0,0,0
538a97b115ba4ea44c57898ac7c4fbb77fe0e9b7,0.4209151,0,0,0
fa0478f4f6fb724233dc3e00a9f8dc557ce7cdbf,0.34544143,0,0,0
ec81d7ca5100fd97fe8428db02a2cdde967ac87d,0.45476866,0,0,0
81c40b9820625d3f529b116baf6b4a3d45dd2f75,0.25247344,0,0,0
2b085ae34295d5ae1d7eaea5a55a2df220bf1bed,0.041072894,0,0,0
d6a354e203e4901d3eb6a36b3aba620fdb222da7,0.05776643,0,0,0
37787b96ab21fc226ff267aa26ae58a58b2d20f8,0.06122849,0,0,0
f2f704eabee027175b0c1eaf934c08e7721a9b24,0.420739,0,0,0
e1fc87d2d57c2d7ee941e651f33b582fb000dd73,0.053703297,0,0,0
fa8f024d082998c7ae48b21f3eb6f8f2ca56a719,0.099093415,0,0,0
6bce493e47fdac9e64a9ae1cb3c358f31975a43a,0.40930733,0,0,0
9daac904cbc627e4a43e72f72159c552b25caf74,0.24790098,0,0,0
658d5a97c708a926b0425585f9437a0c1fc2b81c,0.4076812,0,0,0
db695fe90b181948f271e4970ec83d4de9348577,0.44751954,0,0,0
9c06ff87decab7357d44d8766f6a277ff887d921,0.37919134,0,0,0
198d448ceab2bc061d18a1a689056bd2b96b76c5,0.025937384,0,0,0
46b15af8c5fbfb026be350ae16eca89fcdc87aac,0.08461378,0,0,0
b7e86cdd772cc47a031d187b79d075af8155c2e0,0.27025566,0,0,0
198e589e62f687a91d4c27057ebad918e9f9bf3f,0.29399106,0,0,0
fa510146c09a498e25e590ef5cc558074337fc4f,0.33357257,0,0,0
badca06dd1c70207215c7186a31955901b637661,0.30422917,0,0,0
91ac1574aae31a29baf883d2cf45e4e1f5aa9bbf,0.4234239,0,0,0
82ca28e2ec8fe9771f01b5aab3386311ecab80df,0.26513594,0,0,0
9f8120beb6b351608652002e057f97f8f6c0dfc3,0.5616496,1,0,0
c66b23747627a2b432e0068561d457cab9f97ead,0.31785747,0,0,0
a6a5e3033d424468cbd3a6af051aabf3b5bd4d00,0.5189402,1,0,0
2902a9a3c07e881dd7aeae0a55189facfab1966c,0.24224457,0,0,0
fe487b3336f8279d8b74eff05c5ebfe6e01281f0,0.30661017,0,0,0
3076802a78f14eb1b4f23831d5a1ccec79b26554,0.27900234,0,0,0
5063d256221e7fe8a8c433401bea988d7ccb0a35,0.4847869,0,0,0
a6b9ca3f71d44dbe2562e13d63e4b30fcaccdf50,0.34524488,0,0,0
81fec3193ad12a0f78eb021c4a1548484595860b,0.4864454,0,0,0
902a680951f318488a4bbe0184a3a223c5709b01,0.43252382,0,0,0
b84f786db6d85cbf9973adfccdf135cb71824b87,0.39190942,0,0,0
a2b5c7a9aa0b5f617502bf6003d43913d507a11f,0.5328692,1,0,0
571725cb7bcf091b5457f1e2a857aa51e8a70f7e,0.050492566,0,0,0
10118c9c1b00d31868d6ab43e8171e3c16efdcfc,0.26600167,0,0,0
ee94e6d82370b6b6086cae2693dc2fe31388fb64,0.48424092,0,0,0
dc58a824466ed492fc6d5ab11960eb86584eff26,0.4643884,0,0,0
56c04300e8f05bdaccc2ec60fc751c09d86b7b68,0.33066642,0,0,0
03542311e2a461f0324ec700e98e78b5540bcff8,0.022119377,0,0,0
4746531428aaf9e3ae7d505b5a203350d138ea41,0.51500976,1,0,0
05b14fd01e43ab8a385bcfb53102a270ef2d9375,0.39627838,0,0,0
77868bf772a03d61701bc0d32dfafea63a0382c2,0.326571,0,0,0
83fcd3e1e220b9f3aacc63aeb4da0a898684dd0b,0.058874987,0,0,0
dcde20001063fc25f622e4b1c7775f735a7255f0,0.022741579,0,0,0
82bd5be8735c01a767fc3ebc3eb92369ac68302d,0.46855074,0,0,0
e1188f368087ba4bcfada44d645e4f8661d7f9b2,0.48979715,0,0,0
2c03505da053d07cd3f729692738912bdfc2a5b7,0.42256942,0,0,0
3fd058c02a1f8881110409be33ad56d3af6386f6,0.3422234,0,0,0
bb3ddfe426cf4ff5390f742d35bdba02a4ce7624,0.30794275,0,0,0
09b1a632c17b34650d2bcf748be14690c9882e52,0.3204525,0,0,0
539e1ee1d68c27defd0aaad09a1a0b68e059de96,0.10821892,0,0,0
da69323b29fe8e373364b9399bc67523dcf2af62,0.039740935,0,0,0
c1ad21bf966d01dc5cceca82f102c0f7843d5617,0.049419187,0,0,0
efa756288e712849c78c4230df05c2d1abeba91e,0.05875825,0,0,0
2f757454dc41f4d130234aea68b348da4f12a0fa,0.22457623,0,0,0
24b5e00be753889e4907473ce57271acb290cb67,0.30176997,0,0,0
7f293a06a0b7ec9b554d51f150991efa9b7dd54e,0.0743838,0,0,0
95a524ea06e546330ec3d95b9c139b7edc599b86,0.056516394,0,0,0
314dfa80d4e815ba3c689cd3ad0d508209665bf6,0.1185425,0,0,0
c07d659cf8f7b16452472da6052a1de326bcb6a4,0.059183575,0,0,0
545536e34f180edd32fbb21b0a5613e6407f0980,0.055395734,0,0,0
225afb8bad88c9bbb70b24d9ac3c28fb21f39465,0.3868173,0,0,0
041e9565ab8b187ad0b88780a5fc0a5ea24f29a1,0.3052866,0,0,0
c4828bfd09ea8c579fa8840cd77733c64b8ebb39,0.03834475,0,0,0
dcaacf4cae54fe199055830f097d4ed504b3238c,0.024012364,0,0,0
6f22f4b49c2a3a59840d28e6cbe0c37a56ab1f90,0.2852728,0,0,0
41fefde64401d2173ff019a896c4dd72b4fa5636,0.44754404,0,0,0
080e96a6cdea2f5fe8727b8249044b89bc54395d,0.38653025,0,0,0
497147e3e6ba0a50c32817e14985ca5bf1041f9d,0.03653292,0,0,0
40708bdf04dae6aa49bf8f3617f2efc16c83c5f8,0.052070398,0,0,0
84ad767a87c69a265e9105c51efdd87ee57b8635,0.035011128,0,0,0
f0e8d41fc8cc746ba9b66b72646db6bd8b25c6fc,0.29459307,0,0,0
df5930892d9c6eda392b96bdae2e7afd342f7866,0.046082392,0,0,0
0cdcb1fd8df9e9185cd3abb128d927d25d7de8b5,0.42698288,0,0,0
cf15c51722dd4b406876dce1ccd52eea787d84b7,0.4891958,0,0,0
b691f81b482175665b45cabc056e58ab0df03ff8,0.021195255,0,0,0
fc8ef4d22c95b13b907ed14b19cea8ff5fd1e653,0.22408424,0,0,0
8054f746bbd6191f5a297cf6f7f26f9fefaba307,0.021978728,0,0,0
fa21d6f7e70f057c42d4af9c40ed47d3d841e5b6,0.29843435,0,0,0
bac647543497f0aa2a9f92fe726e1eb18631b4cc,0.30087247,0,0,0
cc6ace18900eb92606b6a312cb1ac5c4ab5f435e,0.32715786,0,0,0
c947676916c99f2feb5e183aef9629a1b21d863f,0.65332675,1,0,0
1f3dd9ff8a4f8302eb4c0bf4072d2bb7d8aeddd9,0.28064632,0,0,0
ca7f64f016d8354aecd38ef73405e1b3267ca791,0.25652114,0,0,0
06005610265c342b52051b997a43ad6e963c5a0f,0.37122965,0,0,0
4a8068579ea5bf1e637f8bed09a203508abde315,0.036484957,0,0,0
30c217ec400b9175e9490807748ec3e48fe2ba22,0.03492126,0,0,0
d80acb29c04a8e92a3ddbc539b0be8a521098870,0.022892645,0,0,0
e43138b0b5f0912cb358c0e73eb6247b273eba75,0.1980005,0,0,0
1b84f2ee7a41e8ab12faa73130187763ee5858ea,0.0375518,0,0,0
4b5ef21ed6104befc80e1dd501f964e7ca6f1ce6,0.5227041,1,0,0
c6c1971ca1fb5054a0847b0884488165606bd703,0.3596089,0,0,0
68e0a9c71443738b1842e99925d37bf545f5a151,0.44713393,0,0,0
7ebc8107a22038c06c0b0ff095f9f73d854e1422,0.3357926,0,0,0
9003b5b5aa4465e84c934819f45c1ab4365dc51c,0.34213334,0,0,0
4b8647bf6ce2b478e6bc90d0158ce81939a14378,0.5136159,1,1,0
2d1614a2077eab0b981d4a0c4c6e10a7ecda71cf,0.4387307,0,1,0
3631295c437c5b8915afc7b2b259496eb2d5d782,0.62061644,1,1,0
b12610d35e7798c66fc1d9b0811d10aadb87569d,0.4648232,0,1,0
f3a785108f853e327001dcd435e92525d7fba96c,0.6079536,1,1,0
881a4ee8db1e1826b749579d2284ace982c953ca,0.5479457,1,1,0
e91d0f0510ee8d69c76ee89b4e57341418866c6b,0.48027644,0,1,0
8f7c59ce888a687a6c9089caf0c5469984a073b4,0.5006723,1,1,0
3c644cf87ec8c0e6313b3a10b6cfd66279b8093f,0.4899685,0,1,0
fb7e1e265dd9e560b3a3127a6593b6602f60026c,0.5088335,1,1,0
1c9c43c1d4bb76d7e47cdfc9c6681a38305a95e4,0.53926873,1,1,0
18f181ada7826542725fa4a9460307d606695b5d,0.4536447,0,1,0
bb7e8951cb6ef08ca9df5fc036217c3a45c4d33c,0.19657873,0,1,0
e280c8636792c5426e54868d464c9d28287a98fb,0.30574802,0,1,0
54a7796ff234a9cbd2c66f8b1e5621f0898402f1,0.07553859,0,0,0
8e5867eda8328e4cb2e103d098d0c9f3c2fab50e,0.061942536,0,0,0
e42da5d9d21438c220768464b6a1f5b36bad92a5,0.41984186,0,0,0
c823ac5673e9da094a3b24b99987a533c548dac4,0.37366024,0,0,0
7573e9eec065ac1ccc2134aa751a191da3ca3dff,0.2608476,0,0,0
1cdc902f3d7cf877b4db7a31f19eb1dfd2fade3e,0.52332383,1,0,0
e9ea52189a92f7e2ab051e4d75c4e0c872034b18,0.34358752,0,0,0
ab0a2f761f4529daa0a1e7128ffb8ae417a0104d,0.23485596,0,0,0
7ebbaea90e8002f5542e22bbe92075ffb5383d2a,0.40500024,0,0,0
721730b00b1dc2ea616a3e7958e4ad15134de975,0.4442695,0,0,0
05aae985d9d0e26cf278cdd6f69672ebe3f8ed92,0.3637692,0,0,0
f7222ca6c3b6c1018a52fd649029394e6608f1db,0.3059412,0,0,0
b285f17023da248bdcb3093283e4b9e930bdd09c,0.06331774,0,0,0
af858a6ca224946195b1923a780678b20cb99603,0.563351,1,0,0
fa027a4685bacd9e32b3bc7d875717b4457f6829,0.051476233,0,0,0
edf56632b8a5413f5e0adfe2d1b65e595b88a1d0,0.28643143,0,0,0
58693fbcb3236a9adb0f47088d88ee3ef7178cb4,0.060293384,0,0,0
91291520cfd5f6c2c91fc242018860c5d1d277e4,0.300575,0,0,0
7bbba6995a12412cd7cbe1ca693057c5299ab4cb,0.06889378,0,0,0
ea030e732e3556a2a4fa51bcaabc080927ddfa48,0.37380764,0,0,0
310008f48c0a830138d35b3024106560d55b6bd2,0.19006522,0,0,0
ca22dac3f852c7290f60c3c3a5d66fbecfba91f4,0.16363074,0,0,0
bcba29320f5f6f860335266d6be8249418ceaedb,0.075078815,0,0,0
9dc30fddc109504fc80fb62e33554d54cca47faf,0.18895806,0,0,0
764f56955d499fae11db1aed6e7f0d2d0886e6f9,0.3613732,0,0,0
2933e5773b1d64a9348024b2a6e8dc6dc90e6590,0.25576192,0,0,0
0fa8bcc008b6a011d6fe41e64ea4379d0b57f20b,0.04065363,0,0,0
7897aa6a83a5e63da487e72c2735fb042259f6e4,0.5518207,1,0,0
3b501993588d27d91ad526a436e3a10ecc8d6e8b,0.25643376,0,0,0
b353d07bcca9fb62ac387d69d3e99004e27f14c0,0.39964944,0,0,0
6b43922648fe2dfcb4cb1aaaf5d795f00a6aa174,0.13821416,0,0,0
b268dfbb824ef307862e489aef7e71bba4cdcac5,0.27608386,0,0,0
b957ee1646d893fd946a8b9a53c779957ae7a240,0.31084946,0,0,0
996c0c164a083c3dc2fbf2768750e3b3a81d77e0,0.03695394,0,0,0
12ddf37f23cd77903729b3e611ffae10e96ded47,0.4016662,0,0,0
7e6304ce63da6c6341cb072abfd08caf0456328e,0.3191343,0,0,0
b9b73fbef5c0f18aaef22ef60442518d7f23ec83,0.22183934,0,0,0
675d4c8fc848ec5438e48deb2e8218b6f0078814,0.031046264,0,0,0
dc666f419e691e6a04342bdd9cf2e899455a8738,0.43438888,0,0,0
9bab875f03ffea0aacd1d92fbbecc96d491c1201,0.07392997,0,0,0
8d3d915dbd0ccf716f0d15b6b2396cff214d9cd3,0.31824628,0,0,0
326beb22c6aa872cbc0ad3706cfbe706bf9eab41,0.034930177,0,0,0
ad882055edb50369bd174ae56a372838aa89cdae,0.50306296,1,0,0
a7363a2ae67b585790896de45f57154474480fc9,0.11980139,0,0,0
2bc9e7ea86a8cc1c3b2436c46115c87080228004,0.4281148,0,0,0
76f154179b8dc6940355d7fe7db468314ca39e84,0.059855312,0,0,0
4080feff61e8dc1cd4af2361990c33c9f1014147,0.06726375,0,0,0
97accb47de63ee5063eda23641c6017e29ab81d7,0.44064888,0,0,0
cde43197f980538e411d851735ac7a63ddd613e1,0.3374199,0,0,0
0dec6e76fb544fa3e8bf5fd17f16314735971dd7,0.028601838,0,0,0
f820d06fc0d1204b0cb386214ffeb42ccec669ec,0.23160395,0,0,0
566c4d59a177be4b65d17540576eeb34d28d24ce,0.44373366,0,0,0
a516976947341e0e18bcc0858d85d34cd0c02cdb,0.19806817,0,0,0
7200c43dea3dbfbd9d38b937c44b6e71744b05c5,0.27582356,0,0,0
596ccd59a11ad5e9fda19ccd0f4fc714d8d3394d,0.049058575,0,0,0
301ad592142079d36f4d33f5309c103c7f4f5dfb,0.4162286,0,0,0
f8a8ea748a0b3015490ccecec7b97f0ab2daf9c4,0.02850373,0,0,0
8aec465b44dedb7deacf80111ea5286914093094,0.28775078,0,0,0
34f3f4196084768b2ef6b3db4608d8eccec50364,0.24251793,0,0,0
c53f2106109153eda10c47a6960a5a579d1530b8,0.30917206,0,0,0
17f52a2e559e68d5c6ccc98fcebb5523161fd0ed,0.29045776,0,0,0
fd7a4362caf2cd69368a38f2f71ffe19706e341c,0.56004083,1,0,0
753f278d10fc0c92e912965379401ac182644101,0.28683394,0,0,0
491786ce4182daa57ea61deaf701f756f57f6f1e,0.04648456,0,0,0
de73ad3115c19d5f0771754d233d74055a2a10bc,0.044433758,0,0,0
d5f586bd4e1a20fc09a33aaa5c2b9320f4a2aa72,0.4044676,0,0,0
8d4fd1dabbae4d7ebc2b273af9275ef8bd0e1ce1,0.15704097,0,0,0
6e5eedb3fcebc5894c41733bd26c8b4d9197873b,0.22962286,0,0,0
3b7d0b95466139a147fc504b7c18897dcc826c65,0.3517643,0,0,0
6a82f92584b36e28798479c82c0d3263c6347b90,0.29029408,0,0,0
b8e9475505fee98aae2819c03a33c7aa3db843d3,0.25135168,0,0,0
a14acdf6395f588dda7597bb4c7810dacaa503d2,0.28395963,0,0,0
85a20aad64be04127106f492e26f6ad6d6c228c8,0.39287806,0,0,0
1325e114108136eea3fe77a4a270a2da7eff98e2,0.081926666,0,0,0
bae46709ecb13f80aaad0d279b3618ab83d09275,0.04256987,0,0,0
dc5f850d1d9b0b952b7f0dabd6778cf0f7675cba,0.31295112,0,0,0
b4abfb93676fb0abbab1d9bac40ba2714a3872f5,0.06724762,0,0,0
9a9e7268162f9fed146c74a8acbd234d9bc2ed84,0.11735436,0,0,0
b262c2359c9ed53dae3ce2ce7a0092273f4eec65,0.2702859,0,0,0
c30b59103b6f1390b0040ee74b985248e8b1b849,0.19223951,0,0,0
0f36265123605cac6af05b7b8c8f4036b58f4da4,0.30586222,0,0,0
cb177b56b7664ab323558545737646896f4d7e70,0.22918254,0,0,0
15bdcc3be2b84f68ddcd822da52ef045ed89e57b,0.31474012,0,0,0
6a8ba1fecb47e5ffd5387654d0cdb7c372ccdc9d,0.073277004,0,0,0
75efbfd6b21ab36fdbc440bc001c133f824bdc3e,0.3614499,0,0,0
f7e42d2ccf949a5893a439227c8c6bafd2598f26,0.4893129,0,0,0
c7fcb448c99ae5fe9db9b217bea1233df3ee6e57,0.27098644,0,0,0
d0721feadc1e0cae6efa3e0d82f523debc5b8d97,0.29371664,0,0,0
5f47ad718e0ffcbbe6cd2f8d32b2e345c4af3a48,0.27968863,0,0,0
745d383af12137ccbcbe1f3cb4c9db73f87a66ca,0.051398918,0,0,0
d746a54c2ee50711283bb49e557f58ca491e1bac,0.026006212,0,0,0
a56d4998cf16ff08f5593fb7d4dda66ca05dc269,0.04712207,0,0,0
03e65c98da2a0b2e27b14713543c2a61d56b1237,0.043271646,0,0,0
0d3545e5f68d024cd4a05724a15746d8dad986d2,0.37276348,0,0,0
6b1b592887d9ce95fb5af1e216bff56b18c7902c,0.13239333,0,0,0
ccd0fd51a5712ef1d85110eb61130c906fe4db13,0.28341743,0,0,0
d98897b11e6f4adf1d0a91591b1bb6be501cd29e,0.32253128,0,0,0
4e08e17ec536038c9c0dd888f77b912cae82816c,0.06299729,0,0,0
86eb3a2fa74988e4ccf3aae7f4b77edb84555320,0.026200352,0,0,0
45df5da2640f8f097915b8a2a0249ef0f6cf514e,0.40038612,0,0,0
76b7413d2b1eb2dc22f05de5b76f9519be5142e0,0.50952923,1,0,0
bfb3cf8bba6aab198c4644e236bbc9f3807111d0,0.2546895,0,0,0
093e3bb2e3cd9992f3f0d14373d406bb9b2ed36e,0.34978002,0,0,0
c440f668aca99266b5379235f6d99d378630c938,0.4328267,0,0,0
a1c5a582760c7f65572d0883fbcedc843332d7eb,0.317874,0,0,0
0a499402d707bc8cf775d7f9b3840780a7401f7d,0.073556066,0,0,0
8e4e5221515f820108f48396a18ceaed73de8dc1,0.26395664,0,0,0
3a4e18ddf151a624eb5c3596ce8400ca4679ef97,0.33062503,0,0,0
8ed40d530295d819e0ca964b2d4542f6ca6a9929,0.25985754,0,0,0
a6abb8b00355db97486ab5023305c3f4e9e19ad3,0.20166959,0,0,0
b494caa01985c623601735f1bc10871cfb8aa048,0.08285981,0,0,0
5597ed7ea300ae3d08cd893b0133bce26038a7df,0.064101376,0,0,0
002276ea313fd880122502e9840b43f996acd537,0.15524474,0,0,0
bd5afc0b5a977c168cf046e3244477b48fa72c5d,0.3769362,0,0,0
b313ae68888445f4c08521bbc8d19f39310c6890,0.29958895,0,0,0
a675ca7802065f459a96bdbd593d8dc491180cbf,0.37342444,0,0,0
8be87e032a8c05622148357f30bdca3c614a669f,0.3268025,0,0,0
96eb80efe1da48f37846aa899260aa0c84b15944,0.039130386,0,0,0
75c2b24c681e314c4e4e07243b31430ba4e42723,0.4321804,0,0,0
276e22858cdd56f5725e0c2f7a3522df99967973,0.056149248,0,0,0
471e6b078a7891aea99b77f200e828a7b1c9bc00,0.040495664,0,0,0
6d7ee38ceed6b496d70502e276f80be6de618014,0.11338629,0,0,0
5cfd99f0dcd0d10689e480f0854e859079f125d0,0.039545756,0,0,0
ed6c47dd9ebbb2e38fb3e17a2b961f0fcf0e6df3,0.03342082,0,0,0
1fe7a43505aa9d00bd9dde45aee77935a5147561,0.4079298,0,0,0
387880a630c65b955a3329a2f7b987214c41f6da,0.26051104,0,0,0
cf4416a84203ff9d360d4398da3b166e6d0c72b9,0.121072136,0,0,0
a7fe613853516f0abde34821996a0424882bb919,0.06628375,0,0,0
7a8a7783315917b56b6a71c4f28cec4ed1d91a7f,0.39349815,0,0,0
9c545d44a4a703c88d417a6fa43298a80ee67735,0.3113204,0,0,0
4f73871cf40b6dd05c8872d39246c67f798ed915,0.31574363,0,0,0
41f297809965523fcd021bef20b304b3584d9b4f,0.11464462,0,0,0
03178c8b15f1b522b98ded0f83cfb0e79f5ec4d3,0.041209318,0,0,0
f70741c9b216d3836d047c542847920d4778cf9d,0.053680457,0,0,0
5ca0a1c3564d35293a5ecf03e5f32e6f0f6f445c,0.36986947,0,0,0
4c4b3e2e32ddae35e4c1a6ffce1cd2b2eafa958b,0.040133715,0,0,0
72a46babeb0da02071e47425ebd55da915b98178,0.37421098,0,0,0
9c51e5316babbd370bc32aed0fee134216726ec9,0.09033535,0,0,0
392323e2d44bacdac605c1a4f037f06e21dcc239,0.35631296,0,0,0
10dc13c80752b0489d291b54440212ca54c59fee,0.36402935,0,0,0
7b9df59a96adfce979c8c564dc5eaa6a29b7f25f,0.27069607,0,0,0
818533e92bfb1c142ae4ce5be18ab92d1ae17025,0.072957896,0,0,0
47fa07eade06908ded4206651571e71a2fe684a6,0.35746962,0,0,0
46e97d9e04591e8198ff38bd2949fd5514da0d3e,0.05438367,0,0,0
08cc26e70bf145aca293d55fce12aef835263f53,0.1789645,0,0,0
6c21bdb4a107b49e57c9e5d6598d13ce6f85fc5d,0.039271396,0,0,0
18a027b1f04e420c18ae57aebe8fd031b5ff251c,0.039385166,0,0,0
82b84c0fe9054198099752a66575cec0c47524c8,0.14212525,0,0,0
b10b90b0a3947bea98e3646e7d29f853f3b5c6f7,0.12739019,0,0,0
8c141a1705808491f16a27b53e1ff0db0a2807fd,0.057661537,0,0,0
40f969bc9e162deead55967da3c128e2da933dfc,0.04985645,0,0,0
f348d34fb1ef3c968e2981283618aa85db203901,0.0432255,0,0,0
999761ba1bc5da820a1d2527c4aae29d95a7013a,0.31459302,0,0,0
ce131449a4ca0b06c6bb27ee5d8d6d89b1467bbd,0.6364536,1,0,0
924e1e9064f90d958b4f57e9c9c0c543bd19dcfb,0.3916269,0,0,0
f36090e3141cd3cd6fd58f1f46a30af2582559be,0.452044,0,0,0
6fe2094e30107512e470571bceac91cbedbd21d0,0.16618308,0,0,0
fb0078159d2463da149de54018fca79a9447153e,0.04127211,0,0,0
73351b6adbf403600521505bef288057beb2bdde,0.31928787,0,0,0
079a07fe18f654632b80b274f247775582261e5a,0.3086695,0,0,0
4158323ee456bd412e7357a4a6bc8bf50deb5d9e,0.17287678,0,0,0
2fd6c8fa1e392f985ee860d8ee154a612ddde569,0.34102386,0,0,0
66d0a9a0a00dbb259425f17745f7dddd7e676f71,0.10330252,0,0,0
e14d9ce8e3c57b7352a647c0a8e62eeb88ebfba4,0.042241085,0,0,0
9e0c5ad4b3148f42f3940faf7d67b305e34bef0d,0.049130257,0,0,0
fa1aa44c7623fb2142e588c59eaf56db7bc237eb,0.04339731,0,0,0
8fdda846c4653b6ccd49c47a9586c374bb20a255,0.2739227,0,0,0
a94ff90ab6cd2d92ccb2eb1fd7913b4e5256f02b,0.053006433,0,0,0
268bcd622685b28c2d50bcbce64ac38f7e90390b,0.31281877,0,0,0
09e31a01b51d7418fa0034ecd4cc11848436fc18,0.17993817,0,0,0
487ac1980148522d628e1d2aab50b107c372798b,0.35872287,0,0,0
34646ec9b52192a71e52ffc09cf7fefdd506c48c,0.1957508,0,0,0
7afc1c34fc16ec04f82105f9106b7d1e5232c4d0,0.21826722,0,0,0
00439211981af7b5baed495f526ef8ad76ee7c5b,0.06101618,0,0,0
1d635088f697178660b6e1c9a89d2b7d3bbe2d29,0.058086187,0,0,0
a4a62ed7c1e3c7aae09324f0ad1c6078f0fba471,0.04908719,0,0,0
b3a68ca842841c4b9713462d5f01742cf71a6b4a,0.03144433,0,0,0
2d868410eead061d59de524bada4de9e3d2bb442,0.045636665,0,0,0
813aa11d505b9507b6795d36070806cb2d96e5c2,0.42941982,0,0,0
88b29fa46bcf6f56df4213e1ba7810735a28d755,0.49420592,0,0,0
eca374db08ffbb3dd8de746632fbd74acb8f2c92,0.17380114,0,0,0
2ab17f529d07c1f618ea08d968b2fdf3a382a792,0.19598477,0,0,0
9a87c766bb3137a50656871e5dee5a309543bc7d,0.3000284,0,0,0
9ce4e1a371418e5eacc69227885815f9a4221c65,0.29618755,0,0,0
c7f7da754a911302dcaa6935be6fded84e1ac348,0.3776234,0,0,0
4cbb388ba9099be121f81d75000acc3af93bf993,0.060734954,0,0,0
87497c72460c9c58f829a372d741b386fc2ac8f8,0.13341732,0,0,0
921d0d60d40d8fbda29f14a64e848c70026ea32e,0.16387857,0,0,0
f9e72000a17eb9d524b38a9f2c982c037dd94891,0.24532524,0,0,0
e34f50dd1083fa8ed9fe25fe701b64bd2ea7efc0,0.18530826,0,0,0
581b474f4b194731eb9cb22cdde7330a1ec81c3b,0.30803722,0,0,0
e0d17fed51f5018fc34578699d824c20efc44368,0.3062415,0,0,0
4fc5b3402c58d6a4b317bf23b896ea91d22af6fe,0.27549487,0,0,0
d8e2f892e48423fda73204be3ec239d282e71c65,0.27381387,0,0,0
8d6d088622f8e4ea89e66ccbe097510fb4c932fd,0.18809913,0,0,0
f0943a7242041a16c8f7fca845592e48bb19ac74,0.310627,0,0,0
d1123894d33922e7c8ca838f9dac9bdceefa3f7a,0.37293994,0,0,0
fb83ba3fdb46537a36832a900f124d4c400f7ed9,0.37142196,0,0,0
e779883b29a67d411493f985de984ffb8088ca05,0.25739682,0,0,0
a71c820baeb91025eaa7f07b172a39500c6f5692,0.27274987,0,0,0
a4eff51bedd73a0ea56afc23b1021187dd03561b,0.2980854,0,0,0
8f6bedeb724fa78583c26423aaece05cfddc04c9,0.3418994,0,0,0
fdc116f0bcda6d1fffbbe505d0687b0406e92fa6,0.10975948,0,0,0
66608db56c41e91ee34fdc1e6157d69b69893fad,0.029833311,0,0,0
5366158572bd88f18df7883ab823ea62b7701d77,0.087858416,0,0,0
2df0a3be66f6fa1067d976d7a05500beff7eda53,0.029489348,0,0,0
e0b2c86c8754312d1e89307fbf84e6efbfa9fe0b,0.36020362,0,0,0
050dfa6f0850174fdf958ce6751d2f06900201f8,0.27712026,0,0,0
7530b4bdceef0ef37af252f0b97978554fb9b99f,0.3021289,0,0,0
a6eda3d8eff423ecb4901aa07339364732c02ddf,0.35806268,0,0,0
a5035d0e1cde068320984d789473e1140adefdc0,0.43305457,0,0,0
dff43a0530a6fbd524e3af24795cf6b92142735c,0.34964842,0,0,0
1d5f8faa87a410fdd1141ad82f270ac238293770,0.27192298,0,0,0
82f4ce516c18ef5fb3096f6a90455fce90a5b290,0.051852677,0,0,0
228b49fe2afea3376c4f30f80bdeb70d083a9206,0.3219005,0,0,0
adfa016f3ef7ff262643e0f0a5a54d3ddb7d7e1d,0.42109305,0,0,0
f72b5e65c0c5210cc0be585959ae84fdbc87aced,0.48298556,0,0,0
26d668f6d5a2f202ef7ff6a73ff3cbd7bbdf4b06,0.3171064,0,0,0
808149305ba26224917e29aa0c0089701bd91936,0.027628062,0,0,0
55fd738c86ea1796d5152d818ab4b5060bb11803,0.3089856,0,0,0
7a8dc00b8be18a9271e2d9c2444ba91077ffafa5,0.04077677,0,0,0
34515698878ff0a4641e72486f0ae8a7e30df0d5,0.39691904,0,0,0
96f2b16b3efb93580e6aeaf1da97d9dffd5e260b,0.34481862,0,0,0
b577805347d56f1927615fad311868a3537a9cb6,0.37798917,0,0,0
e366894658914c0f2fb41cac003392b0dfa6e4b7,0.37279487,0,0,0
3411f29e2377788cdaa5a4eeaddc53355f085a78,0.04702998,0,0,0
880b04814c564ea7a1bb8fe97c15b4735c67e8e9,0.226026,0,0,0
8ef033be5c92a895139b4f910af5a7048f340cc7,0.025199456,0,0,0
350c477161a0d1df94efa02109ae07e6acbc527e,0.4413804,0,0,0
0880a21c56cec1a2442b5123c3845bfc99e83a7f,0.0390807,0,0,0
84143c462986417ccfc5e8c05481e983cf668e2c,0.032272268,0,0,0
f16d5b1722eb55c2d55eb623999f16799b088b98,0.48591807,0,0,0
ac37165ed7a22cbdeccfe348b10245dc83b414b1,0.49013743,0,0,0
d9ae4e2601d4c0744bbc275b6b4f503477b789ea,0.033651482,0,0,0
7c1a59fa7ab58f5f7cdc124ff2667cc501570a4f,0.27000177,0,0,0
93d35c8f291b8953f8460c0eb02a51cc6d6cac22,0.5265592,1,0,0
b77184a2189c8f91100d148354d1fdf38e83d13f,0.5285689,1,0,0
f81e0465460ff9abd450eda836bbb4f9b13837c7,0.44354802,0,0,0
6fc152e4177e0482450b13eb7fe496de677ce5b6,0.4096301,0,0,0
0c9af5f450ce73da9b791051f861cb9a6420e0f1,0.4016536,0,0,0
11409e628b0461be3c268f81642ce36bc4b0bf84,0.35516784,0,0,0
63a9488f2910434851e98a8fc0ec8c053b24083b,0.041889828,0,0,0
d70736425701b66bd64ad3aab3941bb930a18b66,0.032417234,0,0,0
7331773448c1f2e0b24deae4144db0deec85fc07,0.31130472,0,0,0
11a7e62a898e54d66936d1b8b67cb5e62578ba98,0.34226206,0,0,0
0484bdb3f61d309ff62da4df4be92cf139d19f6b,0.32236344,0,0,0
f9f632e7056cd9d2b3c88bad50fe0597610e2eca,0.33160973,0,0,0
a3fae474e5cf5084c89835fce1950991aa678a41,0.30959967,0,0,0
f3108e2771083bfcf02c9c67ebd70a3ac0ddfca8,0.24746658,0,0,0
521b9b3385d73239b96ab209cb34ceb5c1c1400a,0.33317506,0,0,0
d7a1666f9a89d9a517f5fbaf283e711046fd054e,0.3191818,0,0,0
022a020bde5afba4f2e9b6753c199386e79d7825,0.3330792,0,0,0
1b5aef881bb3acdcde5d9fcbb6e43ceed6db145d,0.3088851,0,0,0
0caba0845d4363025e619eb3db6f3138b2c3d394,0.415213,0,0,0
8e71711c1caaa404d84ec6682f1b7b266064c2e9,0.30426842,0,0,0
363be2fea66f861d7ec4f893a05901fa0c7ecf92,0.53907436,1,0,0
412a8a0ba61c84d71c0cc740ba7e50c10f3bf9ae,0.05873029,0,0,0
03380256795725c7d17db97d882a4c4da3b76b8d,0.23146017,0,0,0
653b46857a4a48252bfb094e39ee9937b2079fa2,0.15596749,0,0,0
748cb609306ee5a046a952a0ca13974ef0b6e770,0.27408305,0,0,0
0f9ce497b0c6841e3aca845336ad095012c41da7,0.3675378,0,0,0
36ee52223387eed452c266490a25b4c62f49abc0,0.3420325,0,0,0
a8c6d43b5a61d8da784f0ac188d40b88a15dad50,0.25817117,0,0,0
8fe2360920a8228c10cd59ba0978df701174c961,0.2986832,0,0,0
a3677db89ef3863e8ac7cf578df499f85d970b76,0.035251502,0,0,0
64c51505a82baf8260a34c7e83652ae3014009e4,0.29799372,0,0,0
ccba0cfc3f1b81dbaffa5153aeb84d48cd7630ff,0.17682937,0,0,0
e7c42ed0fb83faa2b57184cb72f6d9e8b621ccd5,0.25191286,0,0,0
633de29fedf11544f2c3d5052890cb014e612bd5,0.25872716,0,0,0
362ab2bc41697980391c4a61c23cb3ef6bce740c,0.26456198,0,0,0
fc9d93db68a3c33e5ead8c7ecb187fdf0f06cc4f,0.29808038,0,0,0
66a775c9feb7dcf00c28a16b7a365af4372886f8,0.4285249,0,0,0
a6a48cfd370b226955a531e678016db414ebeed9,0.3319384,0,0,0
dccc1255413adc1a212dbe3bf40accb70ccd44ef,0.27057478,0,0,0
83b70a377f79ba90f846b3a720e6c402c63bccc5,0.047613434,0,0,0
819318486d9cfb430749ee33d3c5c4ec4417babc,0.038547076,0,0,0
827d9644c864336fa84f15744375ba7412da047c,0.034872275,0,0,0
af6bbeefbf197f50d194c7f20419c2a4590ad630,0.48263347,0,0,0
ae8f5f04574be75727f5e948e04bc649cbdbbb3b,0.080539055,0,0,0
b9cd3558133ae9f26aec73e0bda3a8f635d137f7,0.10660335,0,0,0
f672e826f51824582273fa1f5b6ec37aa5fdb2fd,0.12890996,0,0,0
72df12fb2ba453afb57cf185d25c502d4daec6d1,0.40675834,0,0,0
7b42d43fa0827557f51cb4111c89fb2a78512c68,0.41843426,0,0,0
af1b5872ab8355acea3197522ddf94972b3c8386,0.03788957,0,0,0
5c753a87c328678f16bf89e0178448f04194f0b4,0.09043926,0,0,0
0956e2d2338531a96f2ff7d4ab405acc1b18421e,0.07800386,0,0,0
6563275706015b000cc5bf14be7fa9322964bf49,0.06017907,0,0,0
e9e76131f35c112046b9f184816683beab605e9c,0.02956021,0,0,0
843267df5a0b44145d5b9ee9153d17aa5e15cce1,0.025975611,0,0,0
cd64fa339a97300c64dfc434483e478a58f507a8,0.19119325,0,0,0
b0b23c179ac55334f760aa29fce262c73a909268,0.13260533,0,0,0
dff1a0953d97d46290750a46d01be1e1519ae698,0.33235168,0,0,0
35e0ba449325e759e04203fcaa71920cf473baef,0.047580548,0,0,0
e508ad09d79302d3cc6b86077d4a6ddb0679a0f5,0.36112365,0,0,0
a27ca511a591caf813c26862a888e90e54af19a9,0.16975117,0,0,0
9be91f380c209f895da36d13c40b99687bb4c8c1,0.31875888,0,0,0
09c55eb8120da36aef1807628f87bde83749428b,0.28776386,0,0,0
05edf06360cc8a1a61fbd1ce5f9abf5d83f9d3f9,0.3743702,0,0,0
9df5e9419d83c11b4a2c3421c5ff7ea1f544366b,0.037075493,0,0,0
ed1ce82d822ffe185875b7b7d38352f20171c096,0.042413976,0,0,0
10e38114032cb4c585b29e946e1d70e05d52a878,0.055986084,0,0,0
d71ead41fb685431dad02d4bb7cb5675e196b8f2,0.24225126,0,0,0
e7b4025ee0b6152f9bbf7a72a317f977402a27f7,0.18140692,0,0,0
0f3648f749b7b67c2c61282297569657ea6220dd,0.026222903,0,0,0
bf915848967a6e35839e5565e98c716079980e18,0.15807672,0,0,0
7f74708201c2ab9f5d1f83c7052487116b8f7114,0.4077576,0,0,0
97dc91d1545a667b4021b6507d927799e53964da,0.19692445,0,0,0
d9979fa97865b7a57b9da975efb6e6c4d80b0cc8,0.15929283,0,0,0
6f27b4ae8f8ecb62698e760ab7df3973874b1f51,0.04175349,0,0,0
67ef6efb61f3c07e1359e083bbac5d90953cfe43,0.3907492,0,0,0
1b53f09c3a9dcd64dd281c1955b062fc28999366,0.31251803,0,0,0
34adc606601cb578486d4a019b4655c5aff607b5,0.055712737,0,0,0
b05bd69cdd841c02a3b645568ee5478fdbfc07d1,0.3257315,0,0,0
e1f30a1c32eb292e51db274adbe2fd6ed09b555b,0.36388862,0,0,0
bd82fe9fc034e7921eb589420bb4b86dc767a11e,0.03415985,0,0,0
13e0ba5aff3fe14eb0e1d748cad4b9f99e681ca0,0.30551836,0,0,0
3b7deb943877b0c2d8627531959948c5d1e4d3ef,0.03418499,0,0,0
b657c914c0005b37e24c1cd74c5f4ce886147606,0.043446697,0,0,0
a61fde99657c1b9d11e8eaa682181ea59e65814b,0.34969497,0,0,0
29c067466ed78c3e7948fcb8f0d25b3d984a1a93,0.06478639,0,0,0
fd86d06ec5d3b009f3882dda7903e9913858ee14,0.043362923,0,0,0
a43b8d68b8b7e6d7f23977a7432880290e6c6933,0.25394732,0,0,0
31e4a6df19cf4a13f8f0e9048198ce7488ad2614,0.04314891,0,0,0
3c0c9d83e27e436f9d3646f177bcb0ac2fecbeab,0.3513729,0,0,0
db7a08583a5ebfab310efde6d0636f2e2fc108ad,0.24272604,0,0,0
015e3cd37d128e4ade9b2d49f74f3b4fc07d82f1,0.2421322,0,0,0
8dba68a38c8bdae91c15e4eab35cd83c427d8e71,0.22343308,0,0,0
bd15dc78c74bd9eede3419b70469511f196a3716,0.2985515,0,0,0
c3ff46e30397bc0355584c593d500d2564c1c515,0.437065,0,0,0
b2d4b2ac3a738d97e23e53cd459d9c57ee8827c5,0.51482844,1,0,0
3e24c28e68e617735b25791b0bc3f67f31624ebf,0.25391558,0,0,0
b1a8299ad223c3b2552f6d03e51c2ecba5df46ed,0.39118516,0,0,0
4e931386569c0a28b7e47c52d199aa32b6ca32fe,0.039686132,0,0,0
ed98d264cff306f7326db096cddf65cb26ff5498,0.026716292,0,0,0
1f07a0bf70049cb0a2f6b52ea7c261da5adb1abb,0.41025504,0,0,0
60bcdd450d6950da981d70b8b08379bdd744c82d,0.4034627,0,0,0
74133837585f81d1c6434ce32f73fc8694d5f132,0.027748615,0,0,0
0e9f604e87a5b42b27abc13a9328846cadd640f4,0.029129395,0,0,0
53a0a9ff85666348a38054e335f5b4c5355a6419,0.024808876,0,0,0
73f3e2b3d6b3f4a7000187bb3e6a4d82b118d3b9,0.37246734,0,0,0
b295635a87da0c20e5e2495103d4877ef0187d4d,0.05185237,0,0,0
8f88dcfc902b5bc86a239756afffc9f3813d245e,0.042515922,0,0,0
815b269deec60ec69f4e5e5d555afe9b98c18cb9,0.32842344,0,1,0
2b0658c59d6285547a5c6de7ac71c7cb134ce975,0.43464786,0,1,0
364232f781d0cc91cd4b83012e1f49e62fa81190,0.54040116,1,1,0
e972869486f85c3424875a443eb04bda2eeb6bd3,0.46961075,0,1,0
780b2281d86cf89cf5dd717c1cf54bbd48783654,0.558044,1,1,0
06c27b37ccbde70514e035a50ba0a6ee1ff94ea3,0.10321446,0,0,0
1d1c41945a50a740519131bfff4e1875de69dd6b,0.29617295,0,0,0
71e40d0b30fbef976da3595fef8736a4e1245466,0.3317887,0,0,0
f781fcaf0f19766f7c9105911613f86d22b2091a,0.24434847,0,0,0
cb8cf1574f99fc51c9e67b9456ea4d494fd4cf29,0.05750396,0,0,0
c63413182017e069393963d07570ec69f373ee1b,0.029194787,0,0,0
8bba18089a1acf29f9d2433efc229d5c851f42b1,0.38086686,0,0,0
f295b186fd8f6c619d34a8c69c6a1307f2276779,0.030617332,0,0,0
02c7974c113cc2a51d6741491080058470265899,0.30427518,0,0,0
027c193cf1c012cd5bae06446496136a582c180c,0.033200126,0,0,0
4a10030ee78ea8da944f6d52e3c671799d73b5d2,0.29388064,0,0,0
5166f3dd04980177e46293408d998087040d4c19,0.25816882,0,0,0
d37041ca62ea9eab6e777bffc15ddab49941217a,0.5852245,1,0,0
53e5e3fa8531bbb4d70523197215fd19b89c1a76,0.32364184,0,0,0
62e6242804e4167f5c476ae34acc784009a1af0f,0.27854863,0,0,0
324e8b4d43f0260b4857dafef46e8c5f349f633c,0.036527656,0,0,0
9fbc2a346b86872c397ff891d379115abe5846cf,0.05188399,0,0,0
c5a15b2b66b6b4f018589d8f60cc7acc71861822,0.028194994,0,0,0
ebf108170e9a6215176174d84313a0564ddde0c4,0.33799714,0,0,0
f1984c42b64788a0737c3bd43e4da95e015c19e8,0.056621302,0,0,0
904b790c41d6ec4629921befd1c5286e482fde57,0.026797019,0,0,0
c2abe862ecb7f980260a7b44d907fa116a6bbab9,0.026712952,0,0,0
19a56adb00295d528015045cacd443ff10f7bcb2,0.052009396,0,0,0
e2ea5359798ce8dc77d4b23b0f9b4df33b37f940,0.4889118,0,0,0
ce4385a413dc822f8849678608d0bbac2defbb81,0.023460686,0,0,0
c11215195bed3261d88486d0ad1644080afbb97b,0.0551134,0,0,0
7048667393bc4290f381312243d13688407b9350,0.02442094,0,0,0
b188b5ccc0f1f8702313eab62a5dcc164f817200,0.043350738,0,0,0
4efd950d4dd822f3e087db9830d09cfb3fdcb541,0.031385906,0,0,0
cff6e00097bf7dd97a5404080df3bf7e95813a1d,0.043993425,0,0,0
27214015c725619e0098e227fd29816d0891d4c5,0.049643345,0,0,0
f8fbfc9fdca4b5e9ba1a5608ca17e7b6feb18c3c,0.415955,0,0,0
0733d7c2ba214415a8d2e4efba5c6e26b61d3291,0.22751988,0,0,0
d8cdd5eeffe9b63949129d09f6b0c7ad2d517e90,0.023423057,0,0,0
e2cf4811ba485b0bb29d7d80bc853666bfbfa958,0.03333243,0,0,0
580e0d1e26ab2a9275f01506f3af56fe8fc32988,0.038182136,0,0,0
3ba27e9f4a29be1922b3a19f9c6c5127f93027ab,0.044472508,0,0,0
8fb1341ad7c460286211f4f2a6be41bb5782653f,0.021783488,0,0,0
041507d3aaf718ae536f9ab66e4eeb4065cb339d,0.02920638,0,0,0
735b1b59862dc1b5f7e60549aa7c33dbcc4095b2,0.40041986,0,0,0
60595251eec5979e14540c6d00043e24905a7404,0.03352138,0,0,0
980366284db98e0515dc5e827aaf4f750699bc80,0.04662394,0,0,0
6c2dbf2885fb4602b8e42bd208ebef66df23329b,0.19353358,0,0,0
cb6ee2cbdeadad5d277a6e7293d88bb915090c4f,0.044898402,0,0,0
a00624cf27791193be74a610723a9a0b0980d23f,0.06614104,0,0,0
911d59f46d0dce2e07a93dc0ff705154f568b7ba,0.3137884,0,0,0
1aa543286acbcb3c23aebaba003fa024a54aabb2,0.2235367,0,0,0
f418eed3089d74caa11affaf947a40b774e9c8cb,0.39388558,0,0,0
a13691b5be40d31099d39f7c8f3ee9970ebc20fa,0.06317809,0,0,0
3e8b8aa06bb7742cd1643fad72d7739cda400010,0.3803967,0,0,0
a1db4c96f62eef05fff532b59300edeff3ef21f5,0.12850602,0,0,0
5321c7ff2ed082524bc319e44f0aedf7ed8960cf,0.29704392,0,0,0
9be73347bd09934dd0c99d32bce9c4e12fccf6ce,0.28037602,0,0,0
4362e02ed0404d12ca75ee3476d4a32f9f671811,0.033577822,0,0,0
d3f0ee5e0928122b41ee25e2b4ab09bdca5bd00e,0.41362092,0,0,0
f82b5b57840389fcfdc4f16cb75703361d6ea059,0.042951494,0,0,0
51d564f738b20621e4e14649bc1b15c929668e1a,0.28209883,0,0,0
5bd82306a8e44e2b9ff098f29ebf4c69c195b9ad,0.043577995,0,0,0
9959b3c5a777845aa19040a5a761814e483a6483,0.11134548,0,0,0
a0611b06f05e3c37c622f48a783836f89247c237,0.094544336,0,0,0
f02f2e54ac7d88a6b7ee620e45e1bba878c63a56,0.03594826,0,0,0
98d6d15235e046762f3b09294e896994f616627c,0.41402304,0,0,0
fca0e6ecf6012ee47fbc92fef4533320c1e3d849,0.47703364,0,0,0
db642a3c3ad93606d27d6e277b529da3a50057e6,0.2263422,0,0,0
1929834c27a931ab505f7a389d38fafd10331d8b,0.32747287,0,0,0
a5cb9a4b4a196bd2048cd21ed2fef175bc1181cf,0.052562445,0,0,0
c2f1b685abecfc11de76ffd0a28771f41b566782,0.04478951,0,0,0
30b6759387b4402987f6f4a6100fdc78e8bf755f,0.41437477,0,0,0
50b126dc0eb075a2193b670eb7ae2089896ba283,0.45280072,0,0,0
6b08874607dd51c9d8f600a96650a330cd9e6b95,0.051087663,0,0,0
c9685cd5e462926aa401fca7321ea23927492006,0.041723315,0,0,0
ce8d0f7a47f7caba8ab937389c59b68b20f6994a,0.1651876,0,0,0
98b8758e761caf659608f48fc5c9e9056f911050,0.04563619,0,0,0
95b2fe97c7f191e43b7fe11e8e027d87eb47f15e,0.024213219,0,0,0
79237dcd2bf537d56ff8d73f897cd639af7bf8f7,0.43788055,0,0,0
181affd5c937755f54ff31ef056a6ec091e95f51,0.44900736,0,1,0
c334a1bca8338c92e76f0f1cf2ef4884e3eb5dbd,0.5062513,1,1,0
efa48b214d30537bb184884ea30ce817bb350153,0.65964097,1,1,0
b45c4bdb496381b5f90df6872edca12e0a2e68ca,0.6472137,1,1,0
f8489499aa6d460a7548b14d516638b0bd7b862b,0.573766,1,1,0
76a2ac814caa194c46be1cf7a3f5dc129546b1c1,0.557664,1,1,0
31fb4dfef212791f86f052ce8a3adeabaf830cf2,0.5293839,1,0,0
ccfca8f714055cd9fbd00cf7e847b880132cae69,0.37362516,0,0,0
a29815abf4f0e51b332a8af1b83ad344104c14d9,0.062213074,0,0,0
92e6d716069686583b852a6dcf12af986d6dc694,0.4146092,0,0,0
d105819a0e72765ff5ba4efa5622d727360ee2b8,0.2884031,0,0,0
3aa6f11785a2f1b3b09df328a02a2c28dfa0bb57,0.38831982,0,0,0
b7a82a918f0a595a96047f7eef2672fd95d5626c,0.38478732,0,0,0
52f3240d90f2397cd1850ab11674ba08a0ecb2a0,0.13029616,0,0,0
d70fdbc40195077057a1edb14ccd16a26435d007,0.2707758,0,0,0
0751f97bf6677c3d55aa71542d572dc8fcb9e79a,0.17749472,0,0,0
e505e1fea57e0ab9f1d5edab92546d778a5f41e0,0.03497196,0,0,0
b4380f20059dc9e4ccfe2b709587e8069ac0fa34,0.44197324,0,0,0
32a9c6d42a3a48314d3f9fe2956bfc8bf49ac5d5,0.40903208,0,0,0
80417356f04c5ee1cd6f636e9b043db3f2de24f2,0.045034837,0,0,0
f48bca0510703b0673709b10a806a9d54894a999,0.37127623,0,0,0
f1b54876ab8893a5d9c0e3d7c1a9c884e683dc8a,0.11133472,0,0,0
c82f703768eb8a122546de23e412a037aa1770b2,0.07208767,0,0,0
36a02dc549f32433d7329444455dbb1be2e67f20,0.1939548,0,0,0
fa8957d7939b59e8d391fa17000b34e865de015d,0.41132525,0,0,0
5acc6a5502bffaa66be7e859849856de0ea27acb,0.35687226,0,0,0
b58789c5badc4f9680ec5724568af05a84670e22,0.47563678,0,0,0
9ee3a16179cb65f5fe4170257ab7cde558f1dbeb,0.40787497,0,0,0
4ed0bdf1c73fd82d3080d15085675de96d5be0aa,0.04882382,0,0,0
4950ad86a16e63fa26d51cd709e39666008c5fbc,0.037000414,0,0,0
b61362933f7a564d2ae0b7d6b9723f79f4948769,0.34896582,0,0,0
f28aa71041181867a720134e26b64b03cbccb6ec,0.11685642,0,0,0
720b988fd8d7a50fbe922e6c73a3681b1c566331,0.16239053,0,0,0
9d744f7136f23da9a5f9324432b300b5a68e3b39,0.3078326,0,0,0
98f54c158acb12a26fa6f335b1665accd2aed347,0.037137926,0,0,0
22c6d087012fd55bc65e578a27f2edb66f4d3808,0.2896683,0,0,0
890b387d713d04c22406db6d5a5fc9b51bec2df5,0.13369226,0,0,0
c7d56cffbb4668d0955ef00196e08f42f2efe363,0.4376477,0,0,0
7680fae14c9f544d0585a7b150004a1e48fff53a,0.36120883,0,0,0
136c5ffe80e558a87cde01baebf823b06e3cbe75,0.29629758,0,0,0
8769d0f2cc4b7555dc025b7c0e49a81346a1e2dd,0.4845908,0,0,0
4b5cda5a2c6ca613db5129d50ffffce2604ad9eb,0.42929873,0,0,0
2e62764c0c386632e87ee8d12d0505848df1015e,0.07462186,0,0,0
4590f14e97beb6d10ffb7b5dd312c632af155ed3,0.03411711,0,0,0
079bcd0339f30343c01c5fd3d5521be4b822d30f,0.023314595,0,0,0
29283b775291bf03cd9a7e1aaa496faaa5757578,0.43970457,0,0,0
89321a2dee438328e75a11954e972175c78f0a2a,0.09610254,0,0,0
1f3e72fa069536ae20f37b29575288ff65e66803,0.11414476,0,0,0
c7720ca4c232d317cfc800a04eda4a1d5a44a944,0.47355947,0,0,0
a747456bfe077da467ff036172968a37f3b1e893,0.45553565,0,0,0
2f2c8b1cc6e6e731f7bc52b0988ea8316f475004,0.29938003,0,0,0
013b445ede8d9e7aad4915859d0c869b9b712f8d,0.46077055,0,0,0
f4e754e66e3661274df624bc328991cd88dd03d6,0.46215528,0,0,0
741944332d5bd90112b610a8b5f2eeefe51e08bc,0.3883464,0,0,0
4c7d7523088373be3c7ff203ea895d5a6d84083e,0.5682657,1,0,0
f79c9365d0ee89cb407b90cc084eece8fcf9a8a2,0.14717034,0,0,0
8714dd031647be34d0d27f461894e7b194f25cd7,0.052589174,0,0,0
83406b73e70a251eec5daae34f1bd8d554cdddec,0.42596024,0,0,0
2f956f46580e5b4752173e885d37a20fe31a78d8,0.6378873,1,0,0
3f36b7b50bdda3eeca632ad5440bb82b8e34cb40,0.04100361,0,0,0
9962a0fd02fe2ef06765271605b06729af8b2e59,0.08799581,0,0,0
5294c64b342818e021800b38413f36f426e35b3c,0.032482382,0,0,0
5a45ae3b1deb5117cb9e9a13141eeab1e9ad3d71,0.12524128,0,0,0
efafa61992658eab64c893e9eef49f545d75673c,0.08662599,0,0,0
630830476a6270e317e84229996a6bf92bd903ca,0.29815066,0,0,0
14097c64d243794610788d3ebb2e81ba8fd867c0,0.06284714,0,0,0
f2615d9a611db401cdedc022112c87ad938b5680,0.037046768,0,0,0
a24d624aaabc14a455d18450d9127f88d1b4f8be,0.39921656,0,0,0
49169033546d893dae3db903a2fa6af712f125c0,0.520071,1,0,0
fa7588c4c0f8d403e4815fa72e3b8a3bc98d73ec,0.44171658,0,0,0
367fe13b46a0b4dda56b7f12273d6c9afb1da23f,0.043266684,0,0,0
368588b5c5c4140f39ea8b9a8ceb3d1af0708804,0.36832443,0,0,0
30ee10d2740fe1f28595989c6b21f22b75a147fc,0.39833853,0,0,0
af9fd052d1c208f191fbdf85873f965552465598,0.032823924,0,0,0
0a711ebcec7d32b66ab3c90b2a1f48681201e557,0.039549228,0,0,0
a4acf53336a482f50335d33b4f650a70c9243b7b,0.39675122,0,0,0
c26fa78817f30cc3eb91165b783e07fb80d80f59,0.06017675,0,0,0
944291b748bcfec4e2f3c17623884db7a17b9f21,0.4954219,0,0,0
c44f982e89b63a97190638cd12bd8bee2bafb883,0.348896,0,0,0
fb46b941f7763314d667c437c06b1675e61c3d38,0.075628065,0,0,0
e9928c94ce1385ec72028336417f19f30ac38ac0,0.4964208,0,0,0
d4021487539b0f7758ec644f2e0d83df95c66bba,0.42334047,0,0,0
ac62c1c29f319a97a2552c39f32c8e6acd70c9e1,0.47145838,0,0,0
dc08bb8ea6cdf01188f6699559e779e6cc296287,0.4263423,0,0,0
82b8ecc3275d7c3578a6531ac3f1da3ffada9dcc,0.4458173,0,0,0
36ce032b612fc0a1156d28bca7327e06337c8815,0.048883554,0,0,0
2f22533ef41533e2b839a6b41b262dca59e6dbf9,0.11615999,0,0,0
39a3cd0f4210dbec1ae8ef39a87d34b76eac91a3,0.31769553,0,0,0
1f470253c46471033048383c027192e757480492,0.47785723,0,0,0
9c40a7bb3c9aca51d17490960c988dfb7b5acebb,0.08018415,0,0,0
7f8e952abc4d2fc4b96c97a51aa25fcf6ed8af02,0.5839442,1,0,0
bd0b5af025fab9cad8f94260138741c252f45fc8,0.33179098,0,0,0
e036d60d8a210d5ac28b2e5c51a45ceb82b58f09,0.49171266,0,0,0
626014eaf093fc2e3b53f5ad00c425bc209e1428,0.058020342,0,0,0
5c85b8dda5f3047732a17b818256b9289274d071,0.53673136,1,0,0
ea402becca436dc1a8e47ac9385a3db475b49355,0.40757668,0,0,0
255f10834a67cf13518316de0e2c8a345677ebbf,0.5038898,1,0,0
044de16c14076019f87763b7b58c45664ee57c11,0.039575264,0,0,0
e54ca615f213f5db6d34d9163c97eec98920d7a7,0.11625303,0,0,0
07a42d3ffd034e467e49b5c449d4f5f81c471cc5,0.047705147,0,0,0
e6da0f682436e1387ad68e86edf7418c0f7cb368,0.45427018,0,0,0
59ec4f018963eb55e32fafc2b924826c39c09682,0.5929612,1,0,0
ece4b70cce24b89483236b4cff079c10597d680a,0.11498046,0,0,0
09d28fe7995db1a4da2c651d362007d2082c663c,0.40795597,0,0,0
98c27699cbcf65c3d9d655ecbcd67adcd8b45b05,0.48002777,0,0,0
71cff7c5940b7101ff098601850d46b7a4698180,0.049928837,0,0,0
89e0607cf6470dda1a6a47b46abf37468df4e50f,0.03952136,0,0,0
6fb60857be1fed21bdacc4ce830bbf99103b6fdd,0.34875292,0,0,0
3634821fa515365618209f0452443728e7290fca,0.35343027,0,0,0
2fd62ee4d524c270764e9b91dca72e5cf1a005b7,0.02908246,0,0,0
a703ee75c40e0207f6831c4d48e1c7e62f160305,0.036193173,0,0,0
fd7cfed070c2aab60521afb7dcc633a0b7abea80,0.4931861,0,0,0
1de41ef4baeee1c95e245837299f8be265294445,0.04074405,0,0,0
9491d7a61681f7acc7103a6d1d45efe96f7981d2,0.3859599,0,0,0
2d3203b10cc8edf71a6e3e0822f0d742c9516aa3,0.43961754,0,0,0
d55a572e5867832f6d5755fcd46101da51a38aa4,0.082810394,0,0,0
170cfa758547b4d9be50058ad93cf60ce0da5564,0.48305726,0,0,0
3783ca4476fec8186c867e4e57084e649c318c6b,0.027824454,0,0,0
4d996d1bac1bb1886cd9c473ba00e53e3c19cf3e,0.45275155,0,0,0
445cb9dc2f07553f8e1e5f7c1150f00fbb05c63f,0.48459768,0,0,0
ad80bfe559e7380fedd7998daea5f27393ab643b,0.41886467,0,0,0
3d2d4fd1588c8eb3f67f34d75b66967d0c7b06b6,0.49982363,0,0,0
d54fad867da7f762ac4c0d947adffdc1f8f356f1,0.34292293,0,0,0
12bbaf3550d56bc945b50f538b5f18af93bd316a,0.51201665,1,0,0
150c578edb161bdb2e8c039f0914984f570ef8f0,0.2292974,0,0,0
af977adc43a071a09652fea4ce3deba2d5b8d171,0.3854633,0,0,0
e021734b62ea5ac273e516b4ac83727cbb99ec08,0.050298925,0,0,0
b635beb6efc07a97c143775c78a32d42b3b73c8e,0.0484352,0,0,0
3fd2492fcce073f0c36e4d7e23e34881557e6e5e,0.5019933,1,0,0
a918c493296c88da94b36600213c7c188f2589b4,0.05569815,0,0,0
9181e1d536bafedcb3587ca30e5b6e2d66f06bf0,0.41358572,0,0,0
cc8bdf1d13639d12d02170d40cc4890180bbabc5,0.043844987,0,0,0
33ee5497490cbc97f3eabe9ef7a6391e4dbee8bc,0.11004374,0,0,0
dc61e510126aaa1a95a46fe39bf1529f394147e9,0.2283935,0,0,0
d320a457a9de67be25a03f79e1695d549a0145f3,0.056019966,0,0,0
94ae6c84d22ed33e158b3cc822ca4a0484c829c9,0.045597456,0,0,0
e9e36cdc44a68662885e35773187cca00d20239e,0.03620792,0,0,0
7d4041d827aed7d9f3eb14310b824a2faa96b8b4,0.5163079,1,1,0
6f5f99440e7117ee3bb6407e06745fff14bb2a4d,0.32774714,0,1,0
3eb4be60cf00c20e46b75fb72366dd0649700c2f,0.47991735,0,1,0
edbd9842cfca892b10c2e9c8da0384fe005cd67a,0.38700065,0,1,0
bc8e23808b9d8d0c9b67270ef35d04ebd9d89cc8,0.60470515,1,1,0
635e41ea181c5fee8860a7044c84ae3557b51189,0.57387817,1,1,0
c4ddbe6456c9631c301171098a8ac016eb4e582c,0.598485,1,1,0
63f1d6b83bc10a2880f5ec17a172fab284d2eff5,0.5702197,1,1,0
10e18ae9b47dfe04573884739823d64825105694,0.42963263,0,1,0
d3252a5ca5571e0a97e9a31966ec6b847a3a8574,0.49901846,0,1,0
86c76dd5ea04d1881a52d79113d6dbb1d57c38a6,0.6408756,1,1,0
73a8fba6fb23af45ee77f52f33bb8d791a9caa05,0.5327354,1,1,0
e8db7237a9c347d2225fce9b49ff92bb741adffa,0.41918215,0,1,0
7af67bdd16a4f103bbe6334c5a865436c900adfe,0.2837257,0,1,0
71d7c3264239c55b6e2daf89c44c5685085f26dd,0.35079303,0,1,0
958029bdd45c3e341eb146031ed38b4487d7b0b7,0.38510117,0,1,0
5556026ed1dc17e70946a4a030842ade3a33baeb,0.45918408,0,1,0
3c92830ec51fb6b6e9a7ca2fb8fda324cd33e48a,0.5990836,1,1,0
0fe9685c8a78ba2d780a3ec1e1a323990dc6d218,0.58293504,1,1,0
bd7788b384a87024ddd6bbe6a9bd9a167cf2ec12,0.33712325,0,1,0
dfecbe970917754511a081f8b86efac211e624f6,0.5049629,1,1,0
ef51b068aef14fa347710497cfb67aa9c6e65c0d,0.32079083,0,0,0
173c162a45b4be6fcbf7a30c44d1953062a25086,0.2800435,0,0,0
c4c03a33c8b8b94eaf75d368473bdd10a21cd0df,0.094056375,0,0,0
2fefdc7dc3c9afbbe534ff69db5a754be0716b11,0.35906714,0,0,0
f525bc3ccd9cfb69603bd9778998263a458415d0,0.3952881,0,0,0
9072a7615a54d5e753cf088326d9e14f1a5a6751,0.28593192,0,0,0
11491d355da8a851d6badb6348b10d8c4acc9d8e,0.23293479,0,0,0
2bc2ffde1f4752e7a8c7ea0a51c559faae194786,0.33368722,0,0,0
35f1cc00274122c0274b522d0b544a06faaba931,0.37449744,0,0,0
98817e88f04cc6757c42ae52d653b63cb85af486,0.3187883,0,0,0
83775c432382b9c0367362491d0dc515bf0e131c,0.24205208,0,0,0
a498b87dbcaa0a61c6088d7156258a3cb06638cb,0.02799538,0,0,0
34558845e3777afdc1bf90ebbcb2017ca17aea86,0.061920464,0,0,0
59985b43f0868d9a4a588d9ca1debd03108f8cd9,0.39692393,0,0,0
8ea1aa1e7cc427c28a89878fd2dfcb110c992b20,0.30536523,0,0,0
d4c7f63054e584b69024664bc2f221faf9863519,0.054736376,0,0,0
20c733229df741e57b8ac205788ece2d563b2f3d,0.4259304,0,0,0
3051264e1bc1d41a29c9dae7935c090568f64af4,0.052715387,0,0,0
db0f2304bd7c3ced65cbdfe9e17e80fe0774c13c,0.15678528,0,0,0
2f67045b9647de10ea5d01d8d1e98ac7de3e1cfb,0.17205916,0,0,0
7ef106b23772995e4307f84afd1bee4e2337ce0c,0.040684346,0,0,0
71f6746f81bb9650f6f228ea204d85ba2c5b7392,0.029867643,0,0,0
2ed96f00f724c3331d6b56b6b5650b9632f43954,0.032229546,0,0,0
3720683699bb830a4aae6fb66a78ce7079ad2c56,0.03841531,0,0,0
df37e605fe4b027406bd9dd85b320526ab12a122,0.24513133,0,0,0
4ad74f449258781e9df189413423ffd6ad95c526,0.03329745,0,0,0
d81ea83a0eb1761bb4e90a91f3b70f23f88a7d2a,0.29054993,0,0,0
e2c0ea4374c02539ad9bc6c4328b74f25eb72405,0.055513673,0,0,0
cf42ae522e12e9b412e1a1f008ea73cfd86a5979,0.022234617,0,0,0
fb7335ab163588fe6ee67ef26d3b3edad5cf4bd5,0.4633758,0,0,0
e580d35e1a07431109a5835411142bd1c1c2b3b7,0.03210899,0,0,0
ea60fbe0633082a131bbb18de94fa60a04eddcc4,0.15008385,0,0,0
90e31fd93fdcaedadcd4b030fbc20f7375672def,0.029718358,0,0,0
52adf52e4669b54399fa50f2624826c06a19cb7e,0.07796225,0,0,0
71e515ab6d2007d34d96df5604f74c6fba92c0d7,0.22077952,0,0,0
6d23e85570fe1139cf5ef3bc9b4e57ea73680b6e,0.20007092,0,0,0
cb83f7cb31e50f265e098c5380b3f0051e257f46,0.036200702,0,0,0
2584b4a0ef536e59bf28ba140844597a093d848d,0.041882504,0,0,0
cac520971206093d32bf17925f880bd06d93f736,0.4571847,0,0,0
6a99050166c945a226d5f8275ce4a9dca3518285,0.2077191,0,0,0
6dbb48c8e685f65f45ad5df9f7684bed910036c8,0.025142955,0,0,0
260e0e0cd21af7b03ab0dae33b4978233db67773,0.068230025,0,0,0
b5749b4f54b30c0c2050e456c12cfcf516434f13,0.18114606,0,0,0
07ec8ad2dd862c8669b2557b995ec5180663d73f,0.043357898,0,0,0
28656559d2fc67193a84d5cbc48d378b2016f74a,0.52330923,1,0,0
0add1e8975336c65513b26123d48b221e2515ddc,0.52155167,1,0,0
8e7ea70a33ecb8db5207849ea6371b4a5a8ffd26,0.27741987,0,0,0
6f653f6bb82757963a87d725808c080109e7e3e8,0.06657904,0,0,0
1974c83561d09cf73a575f992fbd8416e3354d20,0.080049895,0,0,0
37c20df721522b175bc9df3f06a361297010df5e,0.26129565,0,0,0
061450a927ba1cc65f7b984f4ff41866ec2eceac,0.48927072,0,0,0
60b32953a968e5623f82a6b27d6c679bc17c48e5,0.32564154,0,0,0
f175a241c811d2d0843026b2dde5c3ae308cfb95,0.033036955,0,0,0
ea1a69d638d97d5ffc451b32d240479357e02b0a,0.026126508,0,0,0
cae70c10b4451ee3b919764f72dc4a4caf0f6f27,0.025267169,0,0,0
c0c7112dcdeb75b521d55cd47d0c61be66b0499e,0.08049576,0,0,0
8d0214a7417addf790713440f10855dc279876fa,0.42004138,0,0,0
e2ec4f2fdb2bb8d97f64a33e9ac288d52854a530,0.3559155,0,0,0
fc73151cfca36ea2641f340700dbe339b9e1f103,0.054456353,0,0,0
dfc9888860bf192cedde21e5e843bc3caad4b74b,0.42632622,0,0,0
5f9e0851da9e74c12e04f5a62cb7aeb1a8ab7589,0.027296834,0,0,0
7d5a61ed64315bd6570c5cb55c1f53853a3fffa5,0.13580796,0,0,0
82152f41ac8a727c2f0042bd555452dc2dda11b1,0.43251368,0,0,0
474a837858a8e7a98316f97e9ed387d0161015f2,0.054736126,0,0,0
39380da86acc717f419da48f070f8cf7d9f9ec94,0.31010374,0,0,0
0e266204f535aa48f74d4f2480b2268c13e26b22,0.054389615,0,0,0
5b7608d1549989d92dd159392c19d9ba8ce0e62e,0.05556301,0,0,0
e79a590e0cdabd93883aca964db2a862ff3f8490,0.04185687,0,0,0
ec4d8a9a6b783f1d5d603d5272c94deb1e7375ef,0.02631469,0,0,0
507451866c98cf9e2ddff1008fc0152935ed9e20,0.113537595,0,0,0
8ac3334a04928faab627aef4daf4ac51c28a95ef,0.41262132,0,0,0
6bb871786e563ed82e2b8d26314c22772808fe5d,0.029981095,0,0,0
633ce604968078151e03363d5c67042af74310e3,0.06949448,0,0,0
18b3437c15d78c54510964728486831822809d9c,0.46925512,0,0,0
d68f7f5f44924ddee14428e16b7458e2878baef2,0.02395151,0,0,0
a48071b0d489420bfdc0c2ed7254d1dba243f700,0.043201976,0,0,0
5637a5204ffd7b77f569ed28f85610eb782a159e,0.071613766,0,0,0
0611710c619e67affe9e3b6471943d0ccdb9da73,0.4028623,0,0,0
ff3492b06299c0a38c029c8d7a524d0027de357f,0.29293475,0,0,0
0343b4fda87161265acf30d5ee61e525e751358d,0.045085967,0,0,0
756ccc935ef2a8f9f48e96f28c7c622ffb3e6627,0.18557845,0,0,0
612236c8a77d5d8c4755e287f682cf06d773a902,0.05565771,0,0,0
f37f4b68f3343e2b8f8d82c40398f975116102f2,0.022908123,0,0,0
0822b4226f31e50ec244d311e56e3446a8e5811f,0.023939205,0,0,0
06b7cd3a31c4565ceb0a127273ef800a3d084caf,0.032686763,0,0,0
04b55bc7ca0b0ac444fdc8ad01acef8172852a8f,0.35005638,0,0,0
54ff33b2ad26e3969cc59d7f2723563dee3e37dc,0.06775236,0,0,0
54e63005446a2b0a4255ba16838122c5808ef886,0.052402362,0,0,0
1a002c67f2d3c198411a62165e53b31d6b414aa3,0.04135757,0,0,0
ec2fa6bd5695b36435cc66ca4cdd8183d077a0cf,0.11270706,0,0,0
52b46e74dd29eb3eb65a593a872fd57694bc154c,0.04899826,0,0,0
59022fb870c2c45a27e00943003c5acdeddaeec3,0.04411686,0,0,0
03fe88ab71cf2eadaa39654786c3fba713742768,0.05479795,0,0,0
a0b798c27a0312df2a110073bd7888993e56d05c,0.079198204,0,0,0
fb7784fa1472b4c55d329aacae672f416e11a703,0.27169555,0,0,0
5fb158cc05a9ec78e31e49abb654e00a7b65721b,0.40851328,0,0,0
f59a674a26d349b7069158023194ad0d7a38a9e4,0.40454027,0,0,0
fad946a1d79486c5118a596e8ac67ef7d5189070,0.22180739,0,0,0
d190655a97c33c886997b9570697f432e7d3a21a,0.040056553,0,0,0
68acbc803e416a38616bc25505cb88dde81af5ca,0.027327457,0,0,0
e8a2c29721d145c52c970049e5469cfb0dcefd87,0.07817828,0,0,0
00fafe772ceb91c9f26d79f5a2f6c3695a141115,0.051627953,0,0,0
31466db6ecd115aa74616e14a75721b45c0f59f9,0.034948852,0,0,0
6d3796e64bdd5f3f4857bfca6982e6ecf98a2b33,0.4882639,0,0,0
131917a0d3303ca2c38fd1d6765b9bed2c23ff89,0.09830031,0,0,0
51512905c31ff19b91fc67b2cb3ddb5b1fa0fd51,0.2740726,0,0,0
56f0e1053c9aa767ffaeee37cf06a6056a221163,0.27414066,0,0,0
04b41e2c97fe5faaf521c2e0581c30e18e2f0c27,0.5529339,1,0,0
84d52919ec3b3c75f28a185ad7cd87603c3cc4cf,0.47483262,0,0,0
18f5f54ca0e78df12586e0750e257058746a5a39,0.66221976,1,0,0
bb76a6848b37cc3f418a370c56f597486618197b,0.66804737,1,0,0
69d4bf883cd7402d13497a40422d20096b2b9aa9,0.25431606,0,0,0
8bb3526317408fba3ae351719feb68703aa5fdbb,0.3897571,0,0,0
b212aa3c6fb91c34a0faccdf783a0a085d40be94,0.36157757,0,0,0
f8b1f6e7456a92b8aeb3e0aa8ef88936873dae00,0.037584126,0,0,0
04a5d83aecc325f87696c83b1a5dba45584ddaa7,0.02860157,0,0,0
c202aa8cec19d80f4671e77370287540a0777b7b,0.37781662,0,0,0
e55aaa5706f031df2e8d68bdf088604c79944246,0.041929487,0,0,0
63374a181393d941c805b6909c2ae5c41159e745,0.35367092,0,0,0
2b15e1f43de16d204a28f72a530abcc24208f4d5,0.2956193,0,0,0
4ceba113050407f10e116df7ecade93b1abcf6fb,0.31646305,0,0,0
5e5ba1b8129fc0d235b149ee699ecb2fdebfd39f,0.31642243,0,0,0
bcc7c0c85878d19735f4eb014e6b17a3c0deb0dc,0.43436193,0,0,0
f3a7cf629c19dc80734b5b6c3933fcc76c8a50a0,0.49974453,0,0,0
a72a5ced53067d3516ffbebf00a633743bbfeb5c,0.58733946,1,0,0
7642423cfa70fc797601afd64ad28ed1609df9d2,0.047264025,0,0,0
04e52eb6155b3cbf5fffc0d52689a3f679e40b19,0.61403203,1,0,0
a1cde6ab707515ae014c2635f9d32ad0ba64e7a0,0.038704157,0,0,0
ff902c15612f2d771483ce6bb06e55609247c34e,0.4142831,0,0,0
3f796bf74666ff9a4a6d31f10dbde4fd5e837d6a,0.02690161,0,0,0
c158713b66856745427f793f14a5dd1fcaf941ee,0.02631543,0,0,0
e8300276291ae634eda52d812e6e8d7cfef2f8eb,0.026522515,0,0,0
fac65b868c549d28b786568636bbc8362d2a78f2,0.064051606,0,0,0
c99a787752770b8952297e24e07bd404cb2f4f74,0.057968777,0,0,0
b877fb9abef4a19eec9cc7329acbd433648b8f7b,0.08811446,0,0,0
2b52dedd56503bf89b28cfbad21f59e3dd4d1d32,0.025373857,0,0,0
bbd1dc343992fde4baaa0309178509dd07eed536,0.41722143,0,0,0
dd5a0e6e1e3edb41afb4b40e4ec2c99e5932e73c,0.04476103,0,0,0
864721d54b8b372808b098e13120abe5c22fb9b1,0.08180297,0,0,0
18b1bc203bdb236bfd9084193aa2d55d4b605139,0.3945149,0,0,0
b2c1afce7eb13ea44fc7d25562cc3bb83cc91b2f,0.4977677,0,0,0
5b223744b49d3ceac9608959d2db82bbadb47897,0.4906377,0,0,0
031f6b082ff21cf1138907a7c666d6ff391bfd72,0.42485625,0,0,0
afedbae8aca69a092d65766640361801bf2b5d9b,0.5209747,1,0,0
fd59e545f4f2d697ea7e197f002c5e8eeca27004,0.036831684,0,0,0
3eddcccba7e0361d6e833407320908187b16ac8d,0.02913717,0,0,0
34a5e7fa91aa7ec9e75a16eb6f3d859d794d399e,0.04547007,0,0,0
fbb5d31a581c24e925c442a7754358d2b62a669d,0.05257288,0,0,0
17e65488113a2dbe9894f824f4321a06ee009e02,0.030082563,0,0,0
9625891a7bbc0a8b11f7cf9c2b4650775ec8ac53,0.24033338,0,0,0
13cd4e0ac3ab76a4dc091eda457f9a111727cba2,0.05557248,0,0,0
8ef8e2a7a5326eef6180951207f65d3c29bce419,0.3369902,0,0,0
844b2901fe4049fba29ce8c6961dfa25966974ef,0.40868962,0,0,0
faeaa303b903139f36c15751c8e48ef982222842,0.41639018,0,0,0
5fef9575646f6583fd2d9ee01368b3deefe6ce82,0.071210645,0,0,0
6c687c70a1d5cdbc71c113b7d7402dd89a942849,0.45693514,0,0,0
c049aeeffd41dd9fb8075e719320846c83e5ea91,0.050678186,0,0,0
9bd439b4e0aa69050ef1baa537e552fa4620e5d4,0.15550378,0,0,0
8d6bc0ca625f3a1a98b486541fa613b2fac4b41c,0.08074691,0,0,0
d2fb3b0865a87cc909e4faab7733f993356141e2,0.024924058,0,0,0
10ebb32ce1806821518f52074f0d171fab20b3ea,0.41335896,0,0,0
caaf97ed8804ae3bf6fb17cd98a5814cab834688,0.45227867,0,0,0
ce0c082898e3551d313fb5b73763f399232b3fd5,0.31318218,0,0,0
bd9adbb637a8a4aa5eb61c6fde2c576d0ab3c4fa,0.5173911,1,0,0
e4b7ee81c1773eeb0bb71ca53bf722f046c16a16,0.3375367,0,0,0
aa31bc6c313789c344d715b7c1aeea0cd8de47e2,0.34860578,0,0,0
3899cc6570bd9176c84ad2d5d14febc6c0ddd964,0.29264683,0,0,0
648eebba22d6398a01b0924975bedced8469ac80,0.37484002,0,0,0
8d95ae41975a2307501aa0f4a7eba296c59edce9,0.049510896,0,0,0
1f56bd103d53c8c6ba7502c6586c26be01bfdb80,0.043089896,0,0,0
c7c85ee39892df3ca007c6596c41654865be7e43,0.38101664,0,0,0
c503d742f094dc2048b72c3f78f5e2e6070a44e1,0.21704997,0,0,0
a2d41db55aa46bd4fedb215c978f03e282cf1ffb,0.3174376,0,0,0
5ceb5f57212935386737ef4af0d066e9fd38c5a4,0.32936645,0,0,0
cf6b6d8eb1b524b73cdb74168f3190ab471aa52f,0.28616664,0,0,0
ff8fd9578ee8f66e6f80cd7b9f204767845b7339,0.23955953,0,0,0
ab60f735c721103ac888d8d7b801055921336687,0.2799153,0,0,0
a2660687980b36003a612eb89b40d6fdecb4b153,0.08839067,0,0,0
b3c31a379e9ad7cd22cb7f0669b82361ced84992,0.5811693,1,0,0
204ed0048f4812201ef65c9a0c44fa54a7d1e04f,0.064260475,0,0,0
103b64a373256feae6ca85f2bf220e7694e48fa4,0.4916398,0,0,0
9c506279188a90dbbe124386cc52016682d17b5c,0.2359894,0,0,0
8eace0187ea2c0c1a6e3a5b5e24e701f6e23ae94,0.26257017,0,0,0
72bbbbc559992e5e6bf17279d8194aaa80c62e85,0.325781,0,0,0
feb7ba55120feb5e3ad3f526fae7dee1b5189d9e,0.3374663,0,0,0
bdb074610c87a210ea4c0d91d579cb4558f4b19f,0.07101282,0,0,0
64d820bffae723b9c8669301b246ae199db61b5c,0.055363473,0,0,0
d58d64ddb1f205a54c7eb57fe0cbec9c59cad8d6,0.25377366,0,0,0
d962a2b31c9a7216c2df557eaed3e475b13939f1,0.44562608,0,0,0
db6f7c1d74ba64211221a69cfa9fe7171a9199e8,0.519359,1,0,0
1eecfc948bf6f4cbb9a2481313ca7368ec653056,0.4265162,0,0,0
ac5a216f767c6defa4da720c6ecb3baa05e30254,0.028787758,0,0,0
d9a2c69a9d1db6072e1d7b7ea4fcbd5c15d20b5d,0.037270445,0,0,0
d0f6be9886afaee6080cd4b7cd5d165c767b71f0,0.33595538,0,0,0
8ac857c41ec8ae02e57eb0c1c1a012525e7e14b9,0.026385808,0,0,0
10d2363fcdd6e15568f765ba0dfd5f0cfa0b04eb,0.036573004,0,0,0
8232c096cef785a2ba88a7324b882a7badb0af44,0.02951098,0,0,0
5f4249e2ec8cccb17b27a7ffd032c4fc237a6927,0.028161077,0,0,0
86a59601b570585dcb7a1ce3d1ccc8e16008f53a,0.31319013,0,0,0
809e2bed22f02264e0ac58bba070f6d84386cfc5,0.12242711,0,0,0
6423a7665516d738ae50d272e3b4ca72cdb89a9d,0.45355973,0,0,0
8274993e293a79fc75829df398233915a6387a4b,0.1481906,0,0,0
e2dbe55d56bd6c1209276050f527d36717e33e1d,0.071333565,0,0,0
10325422e5a4735aa87a4d47bdb377e09fe963d2,0.051666208,0,0,0
a069c490e8119189fa2b43d3b597b79b3d42a367,0.6474287,1,0,0
a945ecbbdda782b51d5c2c670345fbf4dffacab7,0.41526398,0,0,0
e4c72a5522aabfa6a660088aa9262d849756e464,0.29651144,0,0,0
0095d8adf26b9469115b1be0358cb09d1fcb5fd4,0.06613225,0,0,0
151f2cd3d80c006f4ec228cdf610c3a35feb195d,0.46342316,0,0,0
33884b226454324f27700f9069f4702b44ef8ced,0.2897716,0,0,0
23108b1bd90de315aed37fa3fc1f38f8a56ab9ba,0.04869026,0,0,0
d6644e4fbe3d125eed2d85e58fc7133466042f10,0.33506787,0,0,0
dc53e49b4afa5d59c533cf2b4918402c37411fbd,0.34858465,0,0,0
f9cab271b3bc8c2fb6e2c51449ad3bc07e62e174,0.48589817,0,0,0
383bc8eefae7e17d0bb0349ab2300488c655ec42,0.3909705,0,0,0
eafeca43268f16aa9d4a179e44b9e7747699c1eb,0.28127328,0,0,0
4733cb5b798cd72aed82a9118648b4a86c91539f,0.5288797,1,0,0
9f89fd4626bbb4e34a905835e397bcffbad59307,0.05123512,0,0,0
2dd459003e19e4bbc2811b10d38337f295fc5a19,0.03131834,0,0,0
8d601ab71228f7c3dff950540e7ee6e4043e9053,0.046064295,0,0,0
0f6a292a29fedd49741310cd517ac4ba907bf8d4,0.037306555,0,0,0
011775551ef75d75f81189eb4604fd0f2ed424ba,0.053602677,0,0,0
695342cb1cef42f30fd1a8496f181c92b21ae82d,0.50687385,1,0,0
c14890f08b9bb47ab8ad27f4dd4c714e32961d0d,0.5323245,1,0,0
f3d2d55ab9b783af65f2050272cd0318a9ad23a2,0.54661256,1,0,0
c0771cbc3c445a9d1d2a43ac4ce3c0edbc806957,0.09531824,0,0,0
3aface95813003ff75505e2ed7d75b072228d3f8,0.19260596,0,0,0
2c437a12bbc578442daaef85ab486d1e55763853,0.08921463,0,0,0
ab0570e63aae3027239dcd5d22caab95111a5de8,0.33562782,0,0,0
f015fb2b31a5621689a57ce9d2d300e5f32357e1,0.116098836,0,0,0
cf950e7365848130c5c2d57c871652e6f83e96a8,0.3893688,0,0,0
e6b830bf95f712672cb9e77cd852606cd134c5fc,0.4549477,0,0,0
09c52410e62b0e1e221d413d7ab18feefcca6bf7,0.16927777,0,0,0
9dcd87f9c46786f3da54af7ac1ba4696840dffa8,0.4953038,0,0,0
f55530a2ffd3c481f6554d98e9d73f2e8c62ec8d,0.5019715,1,0,0
dfd69e038cc7035031d1807c4ade870d2a7e2ece,0.3562062,0,0,0
a49ea7a65b7990b3e6e625bc8bfff7396ee49300,0.033297494,0,0,0
41bc4cd029fc486b5570ec344cdeae049bbca860,0.025523849,0,0,0
51b2cabf2c3737de06fc889b39d40240d1b134c2,0.045160618,0,0,0
8a05e0b0f640289c32f2f261f35450532cc2a1aa,0.05598738,0,0,0
2cd3f0f10a797b744509903b8eca4fd2fd4ed6f6,0.2879918,0,0,0
8c1a0d2ee1433681958809b4a0fede65f62936e6,0.10136043,0,0,0
a08ec31dbf212a033953dc6916a743dccbb93e37,0.060084738,0,0,0
795fe5d869594bde53f8490d75eedef6185b6c37,0.07451344,0,0,0
5556118ad13fbb80a56d7b8de6f960e9ff8255b8,0.06264811,0,0,0
f643b4fa939e89348618ddffae20a804f4461363,0.08231585,0,0,0
bd5cc81ed7f91865aee7a5a7febeb237220d0c5a,0.05451539,0,0,0
657704627b297a19a693645cf03c5c70ccd9a8bd,0.20606075,0,0,0
363cbf7908cfcc6a538126bcccf5c955afda6aa1,0.028650323,0,0,0
c636539836ecb541d9ef71f2d347772cf9f6bc52,0.028648261,0,0,0
7cf5e01c2a152a0b612cb19e02213879a57c14d2,0.34318262,0,0,0
e8d861359ade336badcac3211e5aa447097479a6,0.047310863,0,0,0
044367419dd317eb9f9935d8360280b8b8695462,0.24934795,0,0,0
86a082e8be8c51f07079ded82d6d125c9efc1791,0.29249036,0,0,0
ab25f67348d4885620df86497889c1826f013a73,0.037182804,0,0,0
07811434b773b6e1737fe7dd3775aeab8afb18b8,0.24337202,0,0,0
5bdf0a938adb384bfdb6cc494a2781e2ac33b0ea,0.09032628,0,0,0
30c85ad05363767deeefee577063c2c432b971d4,0.4531741,0,0,0
1661e5519c4836a5a940b13b7797263443156fc9,0.04172524,0,0,0
a64153a3710c5035988690f0acf57dd61b711cf4,0.32534555,0,0,0
954ade4c1ae2adc0aaac3a1dbe800495c519520c,0.452475,0,0,0
4bd982d1a1df87724682c17c39bf27b5cbe389be,0.05113155,0,0,0
a6443e146f825291308319c6a0f2eb82aa34f8c3,0.38845107,0,0,0
914844e1b226a1ac7ba45626ecfdfb56e7b2e263,0.22493382,0,0,0
98fa164cd88d126d0f137f5bcb4a1d180e0c2fc4,0.05116947,0,0,0
c79e6fb8f95bb07d2394221b29b75fcc016f4900,0.14730738,0,0,0
6597c196521af500feef7a02610727eafa7ec1dc,0.066483505,0,0,0
4670a941be92a55fbaaa3b4055d444e07ffcadb0,0.043773606,0,0,0
cde4c529034e182a982fd842252ec410d213c34c,0.4812349,0,0,0
b5f5449cf338376d12404d0190054525987f4276,0.058095075,0,0,0
721a6e59f7e4f5c0f3196d3eb0e81cab5e41d065,0.027234271,0,0,0
c7c424fb9c3a39b6ea036242e44cdca324f7d104,0.029111369,0,0,0
a8f41ec97d139f5d0d7cf161e8484f2bb809facc,0.43991736,0,0,0
0181c8059c081d144cad36d003379bd50fcd9da7,0.032890003,0,0,0
90f0a680adf3eaa95e46e96d28ecd6848c74bfdd,0.06888263,0,0,0
12e597a78cbf9d82414b944a5b285d81a2e27e51,0.10303553,0,0,0
b45435c950e6f6864671bdffde29e26cdc8ce15b,0.083175175,0,0,0
4259a706ab8641f408afc3ce224b1c0ba5a43d17,0.40618047,0,0,0
f0f896ee600ea7ff66c083747f370453b914be48,0.10038173,0,0,0
5482ce61b003726a9476c76a4337e043af4318c0,0.031138802,0,0,0
31a9fa0cce769c976d74cdcb6e6ce8831793db7b,0.031061232,0,0,0
1a20867d01ef8ee5b32b0620125b7c38a10b80c5,0.039571416,0,0,0
1731949116a7278f2b729cbb9e505580c8f56980,0.13303939,0,0,0
b521820b23c45fd068618d10955eceed48801eff,0.04419241,0,0,0
661d16d190708a1a396d8b75ba10738e4574c11d,0.04407651,0,0,0
3c2673e82d33b6c9bef3005a896e5b0d52b108dd,0.026773544,0,0,0
99900ae089cf996bc969f0673349c06c2e6fbf1d,0.03131484,0,0,0
811dbe7226ba0ede04c2062c2dba8f72a1c03e58,0.44599825,0,0,0
9f7d03f09172afcf0a7be40e3262d151ef053b3c,0.32895496,0,0,0
3c89994355f3574078c832b2dcacba0e65e87ed1,0.4582853,0,0,0
d547412bbd2a1ca56769a2bfa13b7ed9547310ca,0.38933694,0,0,0
d3146a545612422d3f8078f10afa00342b327199,0.46072266,0,0,0
8f54030347e31e0b1492fe874a1f1b67b89b836a,0.4713829,0,0,0
f059e5f7fa1ac4a906b5d2e18d72d410bf28fa2d,0.40579045,0,0,0
a5e76ebc404d419651c2a25b1a62199de64cccf5,0.17731231,0,0,0
a91f76da21faf4e8b70f0f69c6db2521409e7d29,0.05772111,0,0,0
5a52446090a67b9b04b67a0b7aec94e73bd21930,0.029110199,0,0,0
82cc24437f43d07880d8883229477735431e5d02,0.111648485,0,0,0
859224ffadb79147088840732236c1fad341d842,0.065906614,0,0,0
314b6b56bec4af56dba667d66a25c1613f4bc800,0.4761423,0,0,0
8cafd87c83f4197f7e8d14de8cba453c844266c0,0.31481707,0,0,0
a060733e63a9cc476342ca190d04ad027a241d33,0.045186657,0,0,0
e685d847b4c70e354e47ea3990cefda3265aa5c6,0.07318771,0,0,0
c8e648b92cc133a604b5e1f4da1ced943788e64b,0.25821638,0,0,0
ece2f255eed8ad9eff6e236152de65e804c6adb5,0.030196946,0,0,0
9766e22b42b7b3f3923cb9c2502dfc2dd5d0a5b0,0.02730331,0,0,0
776b86e99a1ce18a5093db457109807b766d49c1,0.033778735,0,0,0
e1bc286245ce5f798b5312d65bba64c71921a3f4,0.18912663,0,0,0
585b1cb97b4b9e81b55d68e04b6c1e1195058a8f,0.03525456,0,0,0
7587431987258e94748d5f2fda1e6ca049a21600,0.041109547,0,0,0
53def501409cd1f9e20ac43edba6f2949bb366c8,0.10926631,0,0,0
7c19a1ff4c217f03c0be62baf1169d689f566825,0.33856323,0,0,0
8cfc1b1207577943d412789765a3a2085f1b3036,0.119434975,0,0,0
577f7b3b5462fdf84c0956a3bec5296bf7821677,0.2205485,0,0,0
65b08c4f91a4e5d78eb645b46d06d7a46f8c62dd,0.30132547,0,0,0
0344ca3f2d43e3732bf16370262303be8761a523,0.36319804,0,0,0
c68285bb3392665827595ac408a5fad828b0351f,0.2919332,0,0,0
18e692478dcf91fdceb9b9fdca7c61a1111d63aa,0.33174288,0,0,0
f2d8493ac44995170ff84bb895e3a73e0127cc68,0.31873178,0,0,0
f5ebb9a649e9dd0773f9bd3457d6ce1895266d59,0.04616398,0,0,0
3e08af573f8b50da5202f55df62c925f88a47f3d,0.45981625,0,0,0
cc94767e7eabdfcf9d1cab1d8d1d8556864394c6,0.08527482,0,0,0
d6ad3f01574b839670d4ea5cf82a601eee7e0c16,0.43735746,0,0,0
a2dce32cdab108e7e281dfc27dd0a394e1419ce1,0.033605054,0,0,0
fdf05fa29babe21e64f9a5b268dc8406d449d4f1,0.041664064,0,0,0
0b70b01a9f1d9664bb5eac737175f58f06979b60,0.037852775,0,0,0
7076b7408f06bc8a277f58e7bb6c2ec3372d5d6f,0.35235384,0,0,0
cc6beb2d05347fba64d933906ae2b712b1a43302,0.05288797,0,0,0
c7554151d3f695718a5bd431e22c7f4c39a0b261,0.03444454,0,0,0
ae862ae116f2056421ab8d6e997e7b64a95828a5,0.18751891,0,0,0
d65b9d2bed09847ef28b9ceb30c9f8a96e0c12fe,0.060599335,0,0,0
36217ee164239391c672fdfc8f5bd080beab5c4b,0.3988408,0,0,0
44854912194177d67cdfa1dc765ba684eb013a4c,0.57382935,1,0,0
fd60085a2a3891ab6db46dd3b75e9dd67a7c734a,0.5864303,1,0,0
f4bfd9c71f51fb541d0fd203f0df2e609632dc62,0.4428227,0,0,0
3b6867fc25b5dbf27925fdced660553ea8289dda,0.46259853,0,0,0
ed94e5a5cce33af89dc1b1475204734b17f64bb0,0.47766167,0,0,0
87eff4c78fac85c1b5f2309887f6be5fa2972537,0.10728952,0,0,0
732ea5e94fdf8fef42b5c21d001983fb24d2842a,0.029283354,0,0,0
09d70ce73dd37544c92621eecb7faf062fccbd5b,0.19474053,0,0,0
060e66bf995177adfc4d73a2a4c9bea70dc5e441,0.3556607,0,0,0
9a7de3974d64a5410e577933e141797928adca71,0.43481407,0,0,0
1e9e36640f762d29c07d8322c361ece163b179fb,0.24141502,0,0,0
c56b87d6efe530590b6d9a07e41ca00af208ce37,0.40597886,0,0,0
07f3694a5c85ff5ee8c556817c0d2ea3504f26f7,0.43732595,0,0,0
5cb988334179b4f04a27c59c1e6a888db0dbfc9c,0.5623881,1,0,0
713c77ceda21d0c3cc9c213341259d64fb46fdc7,0.53016734,1,0,0
729bcc46b503c1574c7c93a65e902f436b4ec6ec,0.033871572,0,0,0
6ea2fc8d38e035bafaa92c7d3b007be38c2e9000,0.044173777,0,0,0
95fce758b0e12837869cae450d8029d7237b0dbb,0.029799683,0,0,0
6ce88517b3af6d48c979b6e984889b69c044561c,0.029616833,0,0,0
b52c69b1b0ba1c542b917247f1f76deb4ce2a42d,0.036644638,0,0,0
125cfb4cab35daebe874a599877d6280b464212b,0.024548113,0,0,0
6f03c0ce11db4a270124b9bf93338d3db9fccf5c,0.035028715,0,0,0
96a1a31d734e663af5c9bcda58c7bb5870e8a363,0.025297187,0,0,0
7aad59482002d0b4bc3546259d33eab20ce76b9e,0.34208918,0,0,0
c1ffdbab58712cca8463b3edc88f9d5a09b0ca9c,0.16851023,0,0,0
758228f691b34c97f421ed92336772531495e0cc,0.03523161,0,0,0
a26c66a8edcf029ca5f94354cee0db267e9ccc20,0.07385936,0,0,0
8dae1f2904b93127f101bd36c1c79e801385a8f7,0.20045042,0,0,0
4f928504ea91c3c1dd43ce696acadf76624240a1,0.29188183,0,0,0
22c30471564c730b02f5f7cedec28fcfe5749fc6,0.03841939,0,0,0
10122741eac52e218771f30c6dc2c0aca54ff006,0.03518111,0,0,0
e863dcb2e7a654af6b8eb5865d8d1d8eee0a6d28,0.5003092,1,0,0
d8ec011d770e1e04ef4f87fba673f3748f363278,0.049024973,0,0,0
f7cbda67518ed7335566ebf942cd170a66746096,0.38932574,0,0,0
7d061e33e59e23dc4b03378f35f50a7d70f033b3,0.047697663,0,0,0
49a876cb1c2a49583b9184ab58a579ac75525986,0.35440832,0,0,0
6dfc3e64037f10b84fe203415e79e2435acff558,0.3554136,0,0,0
5fb74a6618da0ca8b12a3346038164913a5d27d5,0.39326072,0,0,0
f5a9effebd7209f3fa5385f18a5e59e8a09122f2,0.35232535,0,0,0
c614fbcc79615f93d2c60a153db6e82d7474c425,0.04412992,0,0,0
d575057852ab2be41abb39b8de69a35cace5c67d,0.50695527,1,0,0
c8e61afdb89c58ea8ffaf04593da41ff0888d30e,0.35729927,0,0,0
c3b1fefbad0c67c8556ba6b4573f135197f87598,0.36544025,0,0,0
60412131f3679b720bcaaaf3dea4be666cefea7a,0.059630387,0,0,0
2ce40494073aa4e9bdcba4c39d24727b7141d227,0.035396792,0,0,0
2e9f3a80146262511ca7bcdd3411f095dff4951d,0.042533495,0,0,0
2c0429aabd2632c8c6a242e4a23d5eb6f46035c0,0.44470295,0,0,0
bb3fe2a37975920d1c7b9cf16309d86fe86e1a35,0.4259173,0,0,0
cb686673a70a6f14c35575550c48c37d19a1598b,0.050847597,0,0,0
357fe1378889e5934e8f60c8d35397bf63871991,0.18655427,0,0,0
9c886bd4a188c91301029040b3a839e4b8e2812d,0.30559158,0,0,0
8b62c114cfc5fd347bd8cb5a391fdfa8cb539435,0.124678366,0,0,0
56b7ae44f957aeb884efc797ec74c790a7a3abae,0.03601382,0,0,0
17f9d22f334c91e701808808170bf60aae7342f9,0.028710848,0,0,0
9901bf98e4921df1c85e323c4b096b7feb80221e,0.3208309,0,0,0
aff0fae2ec3a7d74356776c183c6986eb9eed520,0.037174486,0,0,0
1415c9a2a6317dbdca6f1fbb530db1f558d9bef5,0.057296187,0,0,0
e51bd89201477092c32c180e4f8d00569db17ac1,0.04182408,0,0,0
efba54d35fa094de5e580b200a8607bfc7bd5a7a,0.046898417,0,0,0
58a8f12b443d7cbc16ec00b8841138ee55ee6630,0.32491145,0,0,0
e7d16c27629722a93a9d36a0b5e0a3a793850544,0.037857898,0,0,0
3fadfdd69f4682f05563ce53e55743f55813f488,0.054755595,0,0,0
bcc4f82a7aca3fe72142bd8d9ab3ac6c9d4d2767,0.4436153,0,0,0
54acb6e10f33d5f71770323e9769d2dcc1130a86,0.03016988,0,0,0
bd4066eba88a772c06394d818d87aedca8bea53c,0.035793833,0,0,0
09ef69c5b51115300da6df43690cd455d83c8027,0.119730115,0,0,0
a5391bb34cbe168f2c5f5f6e8fc3a1eeb9399e13,0.49055976,0,0,0
96cb498f9bb88b534e49f9b8301c9fe7113b2dfe,0.47999853,0,0,0
f4a262df5204221184f1f5008b06957868684a25,0.47588503,0,0,0
81ee0d062c888d8f8bcbc154cd7f0143710f458c,0.40102643,0,0,0
4aa4291ffc143486757617b743c9670001f8a7cd,0.32440138,0,0,0
ae6a24dd439a7b778e35b484a3a6eae1a8eb64d7,0.43836102,0,0,0
9379d0d36acdf78455e81518b3b1476c7691f056,0.04571156,0,0,0
2521d9619fe1f052ced8ea1107851ac98a1b7488,0.045143925,0,0,0
7721302ae5d70d2986d74ae7e7df648bf849997d,0.053753506,0,0,0
1cec9a6fe588c047daa6c711814453840405561b,0.044628084,0,0,0
a36c903d4f1065bc59f5e6d2bb0f9d92a5e71d83,0.3077807,0,0,0
08aa21f9217df0a28d48be5be5db03ddf4867140,0.052307706,0,0,0
4f4e2b064e98ce1abce98428965f8eed86f4543e,0.37390998,0,0,0
2a11642511a3c69bac5aa1abd83d3219871395e3,0.04614255,0,0,0
ce178d8e87ff6f9a12aea4b217c1e09254936236,0.1678347,0,0,0
9fb4f47f352dc1c1f5f20de80840d39e1eebb985,0.2199686,0,0,0
762641dcdbae9456aa2b72ec8fa1baa0acab942f,0.028512083,0,0,0
47a9ea7c828772625b9e26c0c7a6db494ea626a3,0.034465875,0,0,0
9d090d40ef488c6c8e0784da877b93a05034e339,0.54523754,1,1,0
e7e48da660e17bbe5c0f8959c2cb9f6d60555cab,0.047820654,0,0,0
5d369c4fc53a2ef5c47f16eced9fe917a87146a9,0.15846366,0,0,0
558f84322cefd02246c49666d7e7a3b2e2cddc13,0.28190112,0,0,0
b0580d508bdee2903f05d95d59e6e9a1dc9d710f,0.62579435,1,1,0
32155107dd982360e813d10d0c76f6f7cc2cc7bd,0.24281065,0,1,0
596afd4f5a73c7fc756d9bdc12c6613856ca27aa,0.7216253,1,1,0
7f0046cf4e2161f0145e0e59a1b9684b04061916,0.1828012,0,0,0
1f5e68b5612053cf35b31a13c8b5e8341d892f93,0.022953335,0,0,0
b236d5259f95b755aa5e1d955c8f835312047d77,0.19271043,0,0,0
8fe95aaec201acc964ffca80954e60f7c57d7413,0.19464345,0,0,0
d5b16405c77037e37bd180843c1eba79117da7a6,0.19336578,0,0,0
d3aa5b77428d77f5954e30b14e7385c15f6f398b,0.17499363,0,0,0
83119a80aa1551bea003ea6b9e65b616b7795246,0.31651703,0,0,0
c4de3dd2bb8afb3323fc3aaf394a463aa4222768,0.24673997,0,0,0
f7f4b909d0961528c9b02ca5492b2a57a8df8bbe,0.35849112,0,0,0
bb3d861fcde210e45f3d3ac59d8ee6e1e4086cb9,0.22775201,0,0,0
1e6dceb8ccfd2c97379f78066ef4ad2b9a17b1d5,0.25380245,0,0,0
361b73775230d91b4ad9ed588d6d57f3a049e907,0.2746452,0,0,0
9a2f53d2d56fc58617f2bc7e8ce7f488dd05d47f,0.20952918,0,0,0
6ee118d2a12a4c0bde2c5b828e05ea9b18d4be2d,0.18444254,0,0,0
eef240cfdf77df4d3ec55c2f03dc52112dea7553,0.5116871,1,0,0
0ba5e75432717181296459b9bdc98f9cc3cb2c7d,0.29993322,0,0,0
5d83e4deb81aa7e06e4587809642e70ef9a03662,0.021837594,0,0,0
c635393fb9996ec9d33b32ca27a720d6d5593255,0.22739902,0,0,0
cf4d2789901be233792839384ba76b94dbd25888,0.20221157,0,0,0
46a1c86ab3f4e2068023a1faf1c704443f3f36e9,0.028041344,0,0,0
d31ea317a5fa6cac0e281bf0aec5367ebe45a217,0.29414165,0,0,0
88564caa20e4bee55287b258543cab35e9d3adf6,0.41378686,0,0,0
9f0af0bfee5a92e67ee54c185f49fb7c771c15ff,0.14439978,0,0,0
05f3b74fd581ea5f8946c64edcb293747b4d9a71,0.34018174,0,0,0
43e4df85bda71ca1500112912a83d3ed19868c4c,0.40540147,0,0,0
8283d966f47280f682a1407d499346a383d1b1a5,0.43024865,0,0,0
5878adfaf37ce37e6988956e4cd5c833c6ec61be,0.4328647,0,0,0
ace5ba00f7067d517a35713f439344f24144fb79,0.28672227,0,0,0
67e443370e06288fb2702d62c0206221413ab852,0.1785933,0,0,0
9687cf07f34bbf5f67c17e75cadd287b9f6662cb,0.14595155,0,0,0
94cfd56bd9092e0fd8579120630dba0c857b7777,0.40516195,0,0,0
077913c7e9eb8e4cf8863b7545bf53c2923066cc,0.17928012,0,0,0
fbb81a37f80fab1d1e21435782e034eade76114d,0.27105463,0,0,0
278eed3e1f7cfef2d39a25aba53f4478c3ad8c58,0.24901985,0,0,0
73dcea01b19ed9fc9c0d5a8c38e752bfe071c801,0.05525982,0,0,0
54bbca89040ed195b89478713fa4a181cb2bca3d,0.05521422,0,0,0
1fe64733a2a28b795bddb152e9adf7489b6ea7c2,0.31316295,0,0,0
1194c69fb122709872fd634ae9890cecd1d83e90,0.34942895,0,0,0
709aa7bf9c998cc75f6e0be7d258aa5a07ebce8b,0.35139912,0,0,0
cdacd4a987755572bd4d6d328b371644ac07ecd2,0.4395696,0,0,0
ee7ed6e655c08774387f9ee60ce11b84d7901cd1,0.15151559,0,0,0
edd64cfd822ae2ca2faa8dc1c73edc38a6e19f0f,0.41522437,0,0,0
ed085d064c0f80b0bcf382550d10fe6b6fc9f283,0.19900359,0,0,0
4a025d3f8e31bc3e944399990b3a4baedb90e630,0.29109776,0,0,0
157aa8daebcc6a464cfb350de346cc550ac13d15,0.02306549,0,0,0
0dee0324f694b1e035b9c3dcc6923278defe1d3e,0.4232646,0,0,0
136b96c803ce4353f2cca2b24171ddbe74345fe6,0.33968294,0,0,0
99c63edb10e945d466dafcbacbb6fe930f2a31ec,0.28967255,0,0,0
1c8fbeaec2ee80d45b78742d63aeec0c9d0c4e9a,0.27681285,0,0,0
b1162d812eebc9298b7fd62eac1dac119ae5f271,0.26735684,0,0,0
125c820e8d43df150ac09c9da5b38dcc1ea6e03e,0.27014625,0,0,0
680752e1414c07fe4357d5b6fe3052f3d9dfa374,0.18528977,0,0,0
f36d6870f2e1feef7f1d6fffeda056fa72c051f5,0.15210593,0,0,0
62e69cf4f2fcb3ad8bdc44f75f8a9e3e20ca7337,0.022699455,0,0,0
7df57879c92a467cd71860e6cfe14a04a49fd031,0.43120542,0,0,0
fe63f95fbff43495e57ebc37350798dee024cf9a,0.32444355,0,0,0
719d0c56036111d07c46ab5b0f379f62f14ecdc6,0.104919694,0,0,0
4951344fb2ce246e0cc5a2dff90d24cea6eb3a75,0.036557306,0,0,0
c151913ae25d55814c40b7f922886d52c7086787,0.10928641,0,0,0
ba1e716261e055f84baa9a47f9ae2ba959d54390,0.15748355,0,0,0
894fd838fb695d794fbd28cc66c82b80a9688c91,0.048287913,0,0,0
ed7710f41c594c030188917cc773adbb6107383d,0.026247311,0,0,0
11ddae0a3570fdeaa421e4e378ae14bc173598ba,0.025724651,0,0,0
9e8b370391f5b3e71cc349a2ff556d8a3cdf1232,0.030063223,0,0,0
15ee56bd0f91ef807a3e729ab3410a834ef3fcef,0.030565973,0,0,0
72784c46f6a7d7644398db5c7ac8bd3822c523d4,0.05531748,0,0,0
90559c49bae582697906598c735385c19daa6da6,0.5008812,1,0,0
b34856498ed290a4883b077db0d4df2991ba190f,0.09805512,0,0,0
8cc80dd1a449f98924ca9e74970b35f940d43800,0.028449222,0,0,0
84a844af5d30ea41750071dc8140a56e9e146bc8,0.18879005,0,0,0
6f95e26fc92e929fde30d592e7572493d360ea3d,0.22376509,0,0,0
fc3d530961ce4f23fd2c8310f82d6d1fdaae6c16,0.27304462,0,0,0
53c08a37ef81ed2aa3ab57f5933ebbc5db68328b,0.29423544,0,0,0
bd861c0d8009bbd51137bb97d15d5aeb8902eb2f,0.27301872,0,0,0
584a10fda56263ec0ed555f9866a1a82851a83b0,0.32798308,0,0,0
aa0c114ac9636012a941ebee49d69cbd6f6291e6,0.2308759,0,0,0
bae09b4838de43ab6a8be25ee25d0d11f0fe7477,0.30890948,0,0,0
4d8331ef9c3993ae1d3c091a758b24cb9a037fe4,0.17451338,0,0,0
1d1cb74151d6fa0272d607d06ffb85ff4a50e972,0.19149803,0,0,0
6602d00afa7a5f32218784dc54975cae5540a255,0.09748748,0,0,0
cd78c96d225752e3656a2f1a302298370b55a4c9,0.20008151,0,0,0
f27cca133f9a28899e00488ef56b2f8a2700a68e,0.18395713,0,0,0
3fe52d0cd85c01eadc44933df5596d177c3ecebb,0.124284,0,0,0
81d1982c3cbf56f77e2edf3f063ff84e6e748549,0.17373751,0,0,0
e32f477085a9b6f658463bbbf355405980c515bb,0.16029061,0,0,0
7419cdb1fbff1096edca78bc5db34f7fdb3b7342,0.19911464,0,0,0
ce1f9e29288cdef4fc295ec2d5b4f846f0b732d3,0.17539896,0,0,0
60a8028d22b88ee2f2d7cf7657ed35f4046efe79,0.14409332,0,0,0
c779a5ddb807f1a84e1e6a5e43a0f1296dd565cf,0.1485613,0,0,0
c2bfafd4bb8ed95e30dce29e65a9afce26a7d860,0.13143435,0,0,0
e48157a0de54d6b82137d62dde9cdbb4bf5c6f40,0.15504313,0,0,0
6d908d014c25ef3da000789dd56de0b6e7c9ea8e,0.14872493,0,0,0
5bef000847001240749e50239a25ea69485c849b,0.17124212,0,0,0
82c1bee3f786f96fda51243f4cc6d50995bd90b6,0.17543456,0,0,0
5f84693e1db2c35b9b797614e17136655c433335,0.19616953,0,0,0
dc8138a8a9b022d156c4d04b2491b269661db396,0.22456944,0,0,0
233746d8fdb7e71a63b5cddb55421eec87bbcc4f,0.21354014,0,0,0
84daf6aee0175303801e710dd2d326ce252d2f88,0.18222648,0,0,0
6df343df2635e7e0518a09c374532ebf22a30529,0.20118123,0,0,0
6cf4249650d72cf21ae3addacb5202089923ad91,0.0259553,0,0,0
d990feb36764cda778e6b4ce9469654229ac716f,0.21468657,0,0,0
393fa5df9262c339e004e061809c73d7637a909b,0.22268584,0,0,0
59899e1c820cd3fb8789b9cf8648b269b97763be,0.20901808,0,0,0
2ddd54a7ddfead528f2b1de92dc8dd16be7f5f89,0.26628846,0,0,0
c7599fd2a84b3d58473fd16c5df4034a8658e925,0.15583405,0,0,0
82b547ad25147df44f27a3534a5b618755217378,0.2678964,0,0,0
62e56cd3884d224e42cc8b449ef631a0909a19a3,0.33787054,0,0,0
a85fe84ce63f873b760e311f27ec42e05f1b3f42,0.1745391,0,0,0
0a114bbdb01548a69c7a8c155bbdef7785ecb389,0.3712673,0,0,0
5310e25a6cb79eafb21408fabd744f9a76c2a020,0.046416372,0,0,0
8834c8e380b7278fc37a4e6b80a9198a895d8280,0.034137614,0,0,0
b9284992ea3c8c484893517ee9df3b2274296959,0.30389494,0,0,0
939527bcc5b80a1788d876d7e47fb45d71d21424,0.19887258,0,0,0
26e77ea86294f5a9aa929f9acf7dd76a046453bd,0.22278762,0,0,0
3adcd2103d1be4feca870536e8f7a7549f6d492c,0.24860542,0,0,0
2edb7a20f3856723fc715f7c72e10e72ea7df385,0.2646609,0,0,0
9843210e5755d2584efd3496d59e50e721187842,0.22892506,0,0,0
e6cde856d76935ce2ca5323579d2557f5412c774,0.285358,0,0,0
c460996e75df489d6bbcb732763c10d01e62516f,0.3895083,0,0,0
115198b9c94bc66c7a659a04d0e2f65959ce9297,0.14204259,0,0,0
276552d5e73525cdd29d9e809659d35f34c5250e,0.15157746,0,0,0
c0e4ebfbb0f8c38ef672394015f47fd72ba06cda,0.11301033,0,0,0
c61154272699761265a1f2e5282ff1bdaf714b6a,0.32847893,0,0,0
f0b18d27f01492af6874baa8415ad17511eb5d4b,0.44361332,0,0,0
45a0337e1d9d23126dcaeff9c0ad96c5b4011957,0.03757323,0,0,0
90f4139bf75c94aa1ed62c5f64c3ffd78a1441d2,0.04485439,0,0,0
67c51ed7ef1d7acc4010e45eaf8088bd91cb702d,0.4009266,0,0,0
9acc3e824e2efa2e496df8458d207b5fb5722e6d,0.35193694,0,0,0
9dbf8388c5bfa0c7beb15e835b3a5e6fc74ecbf8,0.037401572,0,0,0
f30855735a40daaffda15794d7abbc6ab8c699d8,0.22306924,0,0,0
39513f9142cb82b84181a11905b3866a49d5a3c0,0.17096159,0,0,0
289e7a769ec9ab110f85848b281c4c143ba84e57,0.22558779,0,0,0
930015a137f6bc34127d7646b36d0550842fedfb,0.030936792,0,0,0
a270ff62852e62b5ac0f943a7e57292a72b77271,0.033960927,0,0,0
9f0d58985f4588981eefaca0408e767eff1bef73,0.40693623,0,0,0
8f346f9f1263b2fd5923abc0956134df15fd9325,0.43453676,0,0,0
ee851e403b5ab4b6b33713b08f9568e966ace052,0.04232473,0,0,0
55e8eac25d81f07bebb16d812c97edaf1393083f,0.45783293,0,0,0
c8bdf60d1d0be609094e14054be0b9af0fb05521,0.034580976,0,0,0
9d4f2ba886b003980f2c37a4de7a3e6c3c701820,0.03863308,0,0,0
8713af90d540e7bb01f8ba1fd99f6c04e41a7433,0.03383927,0,0,0
eed8a7adb3de7441751e846f4a75d110dd205f23,0.10056867,0,0,0
b9e2a97758ba6c007fcda160c4d8b0528bdbfebd,0.15042168,0,0,0
07de4dd578727555bb94ed421498f455838b317d,0.25482607,0,0,0
641aa1c663ebead0189bf001a06ee56463070ddb,0.2232915,0,0,0
b9522976f462687b0693b7229ba5c7faee0cb74b,0.025825165,0,0,0
2fd2a76110af7ae07712af01708cc00310af64ef,0.37163067,0,0,0
5723ce72d04c8ff7af8f245518cc48291701db0d,0.28864324,0,0,0
611c73889b772dab7315c952902d5c649635126b,0.059036933,0,0,0
b5b45d3260bc83d2432566dfbf22f0897240bece,0.041433968,0,0,0
22daa5f1dd4396e94224841b3bf0e9f226e86695,0.042019833,0,0,0
4a9bcd0f5211c91c4c2f47313c8f8013d0dfe03e,0.04172064,0,0,0
864fda4370a8d1bbd942400dd899653fd5d85244,0.03413414,0,0,0
96eddd6ae1427222986eca344b898b3332792a01,0.22221078,0,0,0
8da9a65b6398931af18febe082299c5c4b932924,0.23501445,0,0,0
8354ffffce024a97ef5e05b7cef4a82c263fc07f,0.12160306,0,0,0
0ca8f9b9feb2d74c6373d1762b1eb4a6b1f7f4b8,0.27294335,0,0,0
13467cbc7f319f7f7e9e9185a673714736e77b83,0.021581477,0,0,0
e63c5361937cc2598a3cd030f79733cc8c22b6fd,0.047347747,0,0,0
bbf65339023bf627a1843073cab699ca1831aa96,0.03126293,0,0,0
56706c8203ed023a3d21784b6e7fab40375eb9d0,0.03812722,0,0,0
274c9c1d37a47ae9bc1cdec1b0b0e4189dd44845,0.41830966,0,0,0
b88b065aa955d7a7d8f74c427b05d2243eda0779,0.04378303,0,0,0
949d74737327f114ae97a18f9bb4a4f5626b59a5,0.26816276,0,0,0
9f1dabed562e5953af25369121fa7fe221a20276,0.2598467,0,0,0
d86509b09672b874de2f933a511a1f74af6814f7,0.25852808,0,0,0
525d1fd7ca383b3426341c58ba9e2d2e886a59ac,0.38423964,0,0,0
a528bcb1ebafb1eeae14fd3e305f3636d6c04717,0.14189862,0,0,0
c4190304baa18d3a376c3c2232f45f63c479a5b8,0.3961777,0,0,0
bce159a0c905f673b8e0e4c9899543a812fb904d,0.34882656,0,0,0
333971caf33dcc05b6f714fada447e9417f6fdc0,0.25478923,0,0,0
9a6e25230eccfa131d40eefbc4f48a13ac31d640,0.29263118,0,0,0
b1c45ac691d46a8c609f2534d2adfa59c0599527,0.41072565,0,0,0
23747116069c150e26e0dd42d61331b1108e1e01,0.060211796,0,0,0
74ad2114700446837ed451f36107a056301a65fc,0.039392542,0,0,0
dc9032be284c70f53d8f9031cc90e01678a0e55f,0.20806633,0,0,0
6b9e6419fc944d3b5eac58187a6cd56e97328c2d,0.27282536,0,0,0
a424d2ff172aa3be9eb5155e732e6f61915d7b5e,0.022533108,0,0,0
004d5e672e9b2734a4c27f0e20504fc615da3476,0.0771858,0,0,0
b6b59b189c1274ae43e844863c7a2468c0e16b4d,0.020806054,0,0,0
73733206b943f8a03d18574eb7585285eeef05b9,0.34431905,0,0,0
fff00791ed30f338ffc085f099be5517dc359261,0.49982667,0,0,0
b8ed8bbd5eaaa6d3e463bde3accffdf3dcbb77b7,0.6108188,1,0,0
256420016e2321dfd266f9a2ebf672516cc936ac,0.055651896,0,0,0
c4161ee29051c6e44773fd1837d2080489727dbf,0.20006804,0,0,0
06e7d46a49c5d31abca644fadc2e3ecf6f9001a9,0.026703028,0,0,0
1e8a31f417256b9f555b537a09c13f1135addbf6,0.3476224,0,0,0
2d79319a8d4a3ea256ba1bb6364c1330518134a9,0.02974628,0,0,0
2a491590568140349f776b2a63bcb4ce74d147ce,0.3910288,0,0,0
32080b32a4eed0719b79f4be332ff5a55468ab7f,0.022510003,0,0,0
3f66e516a7f5833be9c87911952465220acef149,0.32085216,0,0,0
2a069edb7e7c46ef3c1f56e8fb6cadb779ed2e42,0.18328255,0,0,0
963757362ab2ff0f1636008815549322fef1148c,0.029516373,0,0,0
9f673d4da60a889ad5fefb6fadba1c40bb3e735d,0.09200592,0,0,0
1688a5a2444b3b636741d5675646b0b74820b4fb,0.047440667,0,0,0
284b6f5477838fce398036497e1acc206b1eaaeb,0.04030497,0,0,0
ffe28c43e0486d443234701ab9d791e703c88071,0.26101294,0,0,0
3761b5514470d3f06c9076b0821430d0c2cb2da7,0.2937261,0,0,0
a36442f0d08bb1a5b964b4c77d4c64eaf251c3e9,0.3535565,0,0,0
2ecede5902f9a132a632b8431a35daf5174e1a80,0.25048965,0,0,0
4a2e49fd8daa81cf2ce331c3a3795844e79814b0,0.037588265,0,0,0
8c44a71208f640835d7a205a7b6e58dc065d8dcc,0.034391247,0,0,0
74abd625bcaaffccddc3ca9faa1402b179c251e7,0.0529116,0,0,0
ea64efd6dc61cd9c9b1207d2da37fdbea14d6b50,0.24205713,0,0,0
530049b41c9f42e11144fbad4d1fec65ff0956e9,0.2524144,0,0,0
66c451d618577c1a1e1bf964ff990574782c3bb5,0.032442737,0,0,0
a10c6b01425a9c21cf687294bac43a63de0a0d3c,0.21101192,0,0,0
f9f92677a92ef76f92c90521904c20b8512b05ff,0.43595466,0,0,0
989135e762d3f00767240e7b42ee9e1cccbe43dd,0.5833397,1,1,0
12cd61925c37177a82d2adc76f6475e662030e12,0.4390258,0,1,0
17f4a06be88ed9c950e562aa72755c7a493b8ae9,0.487097,0,1,0
c3768b0fba8f2f565118c611f4ced4bd6143d022,0.46432564,0,1,0
16d64a96a0a07468bb8b2d3293d374bd4373cd70,0.17962435,0,0,0
1f0919e28420fbd1568ea1c1fd4cf7b46eca9b04,0.14919819,0,0,0
4e347adfdb1a84535440d6c9f392d134a84969fd,0.19133101,0,0,0
9818f5ce6f76224f0d5d5c8ad583d854b8cc6872,0.14514261,0,0,0
dca231dd1b2629f45e65cf46b6f91803fb448aa2,0.20725738,0,0,0
9930786b2d05890fd071332dd1b9d7d7ad0e1b3d,0.107680574,0,0,0
b367c37c2e92ae652e49b361425bdc7ab3390f25,0.09759758,0,0,0
bbd32a63be1334620c1f52bcf4494de4b1e6931c,0.12594166,0,0,0
6868968abdfb03229bb0dd60e57a502db45394bc,0.16298297,0,0,0
3fcfac543d8e54b93695ea5f32b1820c5e5849dd,0.20030844,0,0,0
af50960c662e2d006dccd4156ca85ba3b2d3d5b9,0.09933944,0,0,0
99d1ccf360643d89b88bdd218fa917d365d95cde,0.120183855,0,0,0
3c32e5384eec3142bb017fde824dd1cc0db48876,0.02268741,0,0,0
b4621118821f29afd3d5ea47eb8a684f4e5ed3ee,0.06705168,0,0,0
eb3f760c1c38fe3910d979e75093da67f685e2f5,0.05774591,0,0,0
efb03bdc301d917b746e6716f2a074f54ded723b,0.08020725,0,0,0
3ff71911718c07ca1016ca855aece547061db85e,0.07553313,0,0,0
01f84f2b0d9c13ac82ad471469b6a5692d0f8cbb,0.23401253,0,0,0
a95c1598ef693cbd7d874c33eae82433693b75d4,0.10575386,0,0,0
6fb796db3d138b4e97dc1fceadf6bfdad74a3533,0.13108121,0,0,0
cae430631d5472394441cc82e142103c3a70dc83,0.17299064,0,0,0
47b76cc60f7b73188cbb47a0879aabfa0228be31,0.08947476,0,0,0
c64d12958fc711d667f26d0173bbaf96157d629a,0.18719487,0,0,0
643590426ee7255ee5e1e661b9e2ac8a9052dbed,0.18202649,0,0,0
31ad1256c66f47e58b7ef40955953e4a1c6bdbf0,0.19214448,0,0,0
3c984c22552eda0fb5b200efb3f239213a4a04ca,0.023027426,0,0,0
95db7d0aab9bea25d3a14db42a7787ef77861f45,0.1945316,0,0,0
1d6f5e40ff44f08fa67c6a2b57f7ae4a5e4b0be6,0.051585898,0,0,0
e0270b0562d42658a57c4fcbf0cddfb5673baf5c,0.16483779,0,0,0
6eebee491388abd2ad61a15d3f28b167c9f0f7dd,0.16398329,0,0,0
ae3f537711b1375c4892130d65cb60928549cf58,0.040194415,0,0,0
25ac3249dc2a40bd52ceccc9251c8446b036d197,0.048996136,0,0,0
6ce9662add46e3cf144be07f7ebf18e2d25a7abc,0.042575497,0,0,0
111c4a5e54dbb1bec6537eca02618e2287bd23be,0.048788056,0,0,0
e30788367dc7ce4e4e2d8152bc7370af8ac2fd0c,0.29685095,0,0,0
b1875ac1abf9ae86f5a589c5144c8c9902a1dfa2,0.40220562,0,0,0
307ed458578e68e68918d3ccdcf4798c57e084f2,0.5150985,1,0,0
0caff290df54a8a3b653840fe257fea94807d697,0.041781373,0,0,0
b44b3d95b321cef0281cdf130e8c286bfdcd60af,0.03193474,0,0,0
8f77bd63d8b5b2ab593b134fef2bf5e59bed0441,0.3022043,0,0,0
4e410e068b8d367c53766a7da712b1b6f3fd8101,0.047752004,0,0,0
2412c90ba5584fed123fa6a33e752e6c8eaf74e9,0.080187164,0,0,0
47ed0c7cdcb4d516e41769e38a9cd5ef4d01713d,0.040411483,0,0,0
f5ea49326cd5c09f0782b0d1bcbdcde9053ee316,0.3527059,0,0,0
7b0388878e522468f90ea163b15ccfba05616c95,0.036296833,0,0,0
a653374b2871d67f51cbb4ad2083444e9c3afe1c,0.28431436,0,0,0
430f96525f80fe4909208ee4d2aaff81c312aff5,0.24846642,0,0,0
295d46aeedf3660d89d6c578b84c410089f9b1b9,0.2842937,0,0,0
7c05411f80b6748b6b2197d2014bb98c8b0857c0,0.30485532,0,0,0
140846cf81678649b6bc29497c3534aebaa1f6c3,0.32445216,0,0,0
0512bc21bf4d0f1e391e4158adf0ae145d408ee6,0.35406208,0,0,0
283e14cbbdfa5bd246a3ea9dee5739959f64b4c5,0.083707556,0,0,0
354b72afb59ff145afffebbeac8a7478d4140e75,0.22621106,0,0,0
15c72674ebb4bd99790de97b5645f1531a3a7c00,0.25535247,0,0,0
1a3d74470eab60d668859571938b470723726139,0.032761768,0,0,0
330d5cf99c1eefe3fe86dae260a8873068650866,0.29453647,0,0,0
586b6ee15f526d585628a7162d10f08deea6a93e,0.023717517,0,0,0
71491e23d68df50555c52db62ae9bfc0a2543b6a,0.024635684,0,0,0
e56b2b598a2742ae8ac97ada82a97655b538ee94,0.024681294,0,0,0
3d129b7e2f6373f7885336225d3edc93b3f624d2,0.02844219,0,0,0
4d3dc80e4b3f7fd0e034d544345a568d6d5c5d26,0.031095425,0,0,0
269e6693ca1f05bb7e2623c538b9b934fa688f41,0.029252125,0,0,0
c2452a5af3b2f1db542175221dbc19eb492f02f3,0.042433783,0,0,0
9ac217fc697b3afd0963b897edbfac265ba2f571,0.28877378,0,0,0
a5f357667b195f9cbebc1d1de8f70c6e0c28dc3f,0.028101433,0,0,0
c3d13908a2e8ca7b9832fa693ca72bc228a4e92d,0.18372047,0,0,0
283351276ff704df65779624e195701a21f0e25c,0.050121818,0,0,0
38e3e41049464fa3b8ffc1e810f87c18d91a7bc4,0.027999805,0,0,0
49eaf68b54f4114a0176ee56790d8415fd64876a,0.05737931,0,0,0
42308f780fe3d0c2223c121493f97c747226bc17,0.1453335,0,0,0
ce5ead2f93b92c815f1304fd51dc3fd3338cf19b,0.52289367,1,0,0
e8ebc1e1dfe2b0bb7b9f549ff35bd2d1a1fcd2f4,0.18938029,0,0,0
a76f39d4b284633c6792d8c7977abf8fb52a017b,0.1734938,0,0,0
97a64af2d6adc157f6ec9e4d4855b2924caa69ac,0.34511748,0,0,0
5e2559e3ac936ed985d5fa9d7160a284b9a83644,0.23777385,0,0,0
dbd77cf4fb93996fb7f312bba2aaddb87e5d6a39,0.33695948,0,0,0
1e8be6ff174f1d7027e848d5788d63ef9827c659,0.4114901,0,0,0
0847a34f6d1f15d3d35ddd9f3283d54c1355b299,0.03729551,0,0,0
d1cc91686abf34d073ffc496506da9ef712984b5,0.07418168,0,0,0
0030e4bbbd3cd3cea505bb1e4f1edbfec5986fd1,0.2750208,0,0,0
3b6dec3c581f883cf9dff6f04512011cf277f586,0.2746535,0,0,0
c1ea2007d4f6527bd174869603f53841380b5c31,0.10034922,0,0,0
87361f16b0eb35ab5fe25fe2ce3cb57a96dcedbb,0.03620819,0,0,0
f10f849935076a7c773283789c75a4c35b9e6c03,0.09091754,0,0,0
034be5fcdabeed034bfb562ae7014e021caadd7f,0.25782523,0,0,0
8c52cbf8dcba19310a569a23ad3e940836b5e7ce,0.03141667,0,0,0
9d4e26a501903d404a809acc8ce93df1751a5429,0.35620427,0,0,0
7dbcbaa0d72723a1682dfe340fe05b2f0d3cd3a7,0.27920502,0,0,0
b3240c0b4dec02d8a511b831e07eb0d03094f677,0.0638206,0,0,0
d37a2097286c6385bf8cc757944bb3568672d873,0.08159923,0,0,0
39ed7bdf558cd8286e62492f6c91d2af73f807aa,0.29989687,0,0,0
100bab5d8bdcbf802af6437fcd778e7f2b9bffbb,0.027730143,0,0,0
21892745c86fa03b465cdfabb99554e9659b1941,0.046654243,0,0,0
511499162fc2ea958f3c78b1081225d335b52227,0.31663924,0,0,0
fe718980550f0221041cfdb56f83638c328cfb9d,0.041613985,0,0,0
8f577fbc1c44a4e5e39551cad677978452ea0797,0.35128626,0,0,0
76c125c3b74a390a39cdcd6666cf7e9cea0e5c1d,0.43509546,0,1,0
203918573c29676b179b673aa7e41366dc4215d9,0.4477207,0,1,0
c82fe35c48bd0082c16644d16d82d1be79d6b9d1,0.044436492,0,0,0
158d178c58e892ba87d782ecf436d30c038d464e,0.2563924,0,0,0
e8c09f05be1310ea2ded05bdd808c46a1e4485e2,0.24582359,0,0,0
b184666c1975fa4050121c694e09a88060854eec,0.21289071,0,0,0
b83e111c619232be9ba0a7bba682ebc141b618b8,0.1489304,0,0,0
2a6c6ca711f0f0d6aeef30853d5eb05bc68c2e85,0.318667,0,0,0
01911a40eaebf2aefbac34cb2760f7f77ccd07a6,0.27510637,0,0,0
ec733cbbf25c103c2c661625717527448a42663d,0.3900262,0,0,0
300578058c7d6db0671648cbc5bfca84fce6285d,0.24307995,0,0,0
63950ad11917411d82d9adbd0ad1ccc4884ebb4d,0.24970287,0,0,0
f9d6655b42d8e1b1071f78cd7f1e38cbaa20350e,0.20431638,0,0,0
858aa75ed257a24acb983df372f634c3fc6c49c7,0.2654193,0,0,0
76a941217f9272693b5484ef360e8cf6491ef3a4,0.39053014,0,0,0
7ff71807ce589931a56ae6f1306af43c6b8632e7,0.25692075,0,0,0
bb1135e50c27938eeeeb6e6c1ffb3882dceb9f1e,0.5895811,1,0,0
f0299220ba7dc33b1865068db0c184147283a9e4,0.06368728,0,0,0
4a6c36401518a45a709ade671d442e061138d3ec,0.04190486,0,0,0
ae5df796be80dfafb523072e4efb30e34dbee46e,0.13535182,0,0,0
7e19596505676c5b300bddc39792289441634f02,0.29684916,0,0,0
55e9d25f779a3ba726a9904641e656de93a1fac3,0.3604299,0,0,0
3b6468ac4f765262f68d3d289d25bea3da521c16,0.2883571,0,0,0
89b1661fde38bd12c4d83b9fbe696db0c8657a78,0.021329708,0,0,0
f054152346cbd7c8afcdcdaf55c39f9967edacf1,0.028188666,0,0,0
346009fc677b252d052e9ee22c6a4cd2be10a032,0.051182125,0,0,0
4c84e204cbce349f3c5722750561b91607d3fcae,0.4849199,0,0,0
c353239c4fd22b8991e1488ce81218b1c9769bf9,0.20495626,0,0,0
516f6889c9153a59110d3ee9bdd907e95e10cc08,0.19656463,0,0,0
7b6bf45d83c3ec028e686318b8d4f1a061723908,0.15907599,0,0,0
817666037d3c09b9138b161964b0fafc76d65998,0.54208565,1,0,0
c3b831fa7e4ad148d8e3abe2a0e3c089029044ed,0.32667834,0,0,0
5a5bbc662104afe8f020d89d6e560f2897678984,0.24817139,0,0,0
f8c39cfd773d797adc1b4ee19aa8fc17268946ec,0.35060835,0,0,0
8ab0ecd0af3932f40b931e1d84b2951f7777a305,0.4040277,0,0,0
599e57b27c19953487dfa3828432b8ecc7cb8b38,0.1949882,0,0,0
68ae60d779e3bf4a46064fc1b537057478a627e4,0.18546079,0,0,0
c600de52e107d1fd3d5a9c1aa1bdbbd6754622a7,0.32839763,0,0,0
8939061a3c0218dd3fd27f96f3e60e48f74622c6,0.37950704,0,0,0
cff360a340b48070d88a48f06e8748a916ce52e9,0.24487138,0,0,0
52cfbfd91e60db255c3285c90b94cb6e3a75fdb7,0.3331864,0,0,0
ae31e56476646b33b0c2a1f03bb095145a22097f,0.27411422,0,0,0
0b683acf0a5910fdc4235d3103eccbfdebbb18ff,0.38700888,0,0,0
861646b25a39dcdf79bcf5a7643bfeb28e137a8c,0.147581,0,0,0
3ea4d5d580a78213504a4611fc7bbab58b93db0c,0.31370884,0,0,0
b5955f5948a973a248731b774773bd225af39c82,0.1899945,0,0,0
09db9daa292e74b6bcff84edf406aec41ecf536c,0.38026294,0,0,0
410ab04290294dec74180043dc2aa635ca1e4e80,0.028879158,0,0,0
efe3699122699151984e8499da9d42673a42851a,0.5040546,1,0,0
d2f27093d7d95a07da901902f894d88b4ecc3e95,0.036488913,0,0,0
ca30fae3acb59a5caef3c3c21eecae7c928827e0,0.36199936,0,0,0
5ef5bd199a4e3df74479b4b363fa29b0b3092547,0.034061253,0,0,0
9e8eec78a71b7d1274043f55c9a5fc7811d53132,0.5414689,1,0,0
6a0a1876772e74a1d4a7c82669784f8bcca8397e,0.2456852,0,0,0
8c5c6b936ee6d1afb75cc2cbc151887937dbcca5,0.23519595,0,0,0
484698c5415bb578cb480845e2dfa930d3d49d9c,0.3357034,0,0,0
29a7e67999568a5c86b32ef513a90d5d090ad2b2,0.5661994,1,0,0
87f142f5c85c9a7e86d02b4599e3973e773f3d41,0.038965907,0,0,0
d664776d4cf41d7e1e46b92bd8a4e907cd3bd438,0.24039909,0,0,0
847a6d07793a198d28819731e5166f9ed3845164,0.2760592,0,0,0
fea1da48fef9e28026704e9cadaeba3e0ecbf6dd,0.047090877,0,0,0
c7a5a6afd5d2f7d8c3d518ca625b7d8a1445934a,0.34829262,0,0,0
0fdd249cadaecd32a39d25301f5242f9a92ed351,0.3189945,0,0,0
a9690db48eadd3643adc34cafd6ccc5d4a5bf589,0.2030538,0,0,0
e9a2edc877ebf928ad0c056273f64cdc861ba609,0.049895383,0,0,0
74989844d7692245f9e19b0e803d748c73e91e41,0.47508037,0,0,0
4d1c77bae99174b67a462bd5a44950ae08f46796,0.34992373,0,0,0
90211fccfc48dc36b7cd81a1ce18e1506a6f15a7,0.2533729,0,0,0
e246d2ac01f1ac741aa4673aed3d028e08a63c73,0.14373761,0,0,0
36fccb4325f924bf46babd4d8d60226f8dd3f154,0.24442773,0,0,0
5ce931b904d1f2961078b99049c293c11e779fec,0.16564627,0,0,0
cbbeae7719943308494825574a0002ea649b3de3,0.6652382,1,1,0
eec10fcf0c795bdfacef4c9933585f65f953fd58,0.4568925,0,1,0
516c38fd95fff30841f9af370f50cf1f7733c209,0.5855397,1,1,0
33c95771c804abc02223f24a0234343b93ffde56,0.32780665,0,1,0
b88dd3ed853738b8e7fe9652b953db569bf7f79d,0.47676587,0,1,0
a2ba6d54852aceda5e3bf9285730da743ef04e77,0.48897263,0,1,0
350f01c78374b4df99c1a84cc32122eeeb48b036,0.55694985,1,1,0
03239b0ea42312c7b5daf4520c1ce1caaf6189fd,0.21831203,0,1,0
a428e428df2766f1d1b2b793b3f812344fa61fdc,0.34928307,0,1,0
f1a582111a26c4044c289d96ced42fc1621212d1,0.4298572,0,1,0
5c9661c300bad40cbacdb391637dacc991f16da6,0.4058203,0,1,0
daa69a5981c7c12e0af5922f0a07653446261b07,0.56357074,1,1,0
1fbb16b037e62c6af90ab89ab3ac8d3633c59a90,0.52827173,1,1,0
03cb05cebcc65b923e03fa9f41d664885bdb38ed,0.267107,0,0,0
f4b675664a7c633bdd62d5f85fcf3f95d11ade9b,0.24390815,0,0,0
4344ff7331a4f8908478e72c5c232c7a9d5dc403,0.1714821,0,0,0
5375fd9dc55f1dd01e155af8646d1ec67bd6be29,0.19372195,0,0,0
0bc43314c1216a88d0e281e7ed66244c47c57c56,0.32406512,0,0,0
30fce9d42c5675e9cae0db0401181f84a73a293b,0.045577478,0,0,0
abf07558021a0ecc50c265dcbdc5f2f99fdbeb35,0.5160628,1,0,0
3112bc302f32a74c827d672ca84a80091b0700d4,0.48533604,0,0,0
7e89c9cc80bc3fd2aab64f25dd816c6d14790988,0.076371215,0,0,0
2247ff9601374845012558ecf5963ebb7e1066c5,0.38305965,0,0,0
76390c0b54bf145f65532ffe1e7b24639f108247,0.22300293,0,0,0
9a92b8526cd13e092b5185a59c7ff0f68a1ad56e,0.4284919,0,0,0
6ae55beb2d28bd6cf36780b4c58da41854dc8248,0.34375006,0,0,0
d681042e60a3a1e92f4c891ce9dcffd672868e7f,0.1521497,0,0,0
a793612b9e09795feb253aab9a738bd1f7280700,0.4378207,0,0,0
22fe7f3c8b3fa204c2406c3d15811b2581e1b7b5,0.06786812,0,0,0
3856d3f0a0826be3ccc6b160e740d5c7176df743,0.20924285,0,0,0
4cc3f6e7dbee9e3684884780af82822485c4c7c2,0.3408087,0,0,0
4d00e14ec8d1e83533a8aeb788437568b417ca88,0.0662145,0,0,0
b6ae1d09c384b57115bb34ed94c90e256e4b66b9,0.13415888,0,0,0
11fcc89fec70aae7eeda710e2bd26d93cb3c05c6,0.2287233,0,0,0
496691bfd82374f1c1bfee8719309343c2fa878d,0.27162063,0,0,0
6f379134ae1807cd404ed6c9579707e5dc6a6df0,0.0973082,0,0,0
db586baee29fc90f79898e9a274cc1bd585b5f53,0.36780986,0,0,0
a67bdc013c9fd965abaca375b9b47554a115f40e,0.61315393,1,0,0
b745af3975a0bb3acddbc59ef85860d08221a010,0.025889153,0,0,0
90a73a4dee53129e33a552e49cb7835ecebb3a5f,0.08247779,0,0,0
31ac0e5f3594a4517ba2be1735b1219cf85c715a,0.029717766,0,0,0
5499fa02b08b8546827a1a055c5af3f0245257d9,0.32678115,0,0,0
1261172afdae9a4b15dc9f691583261a1b020ccc,0.23364714,0,0,0
64573bb2e0bd2c7a7b1282b8a574a4796ae61609,0.03588697,0,0,0
b09b95124bc27f39e27ecfed90ce40947bcbf663,0.028414326,0,0,0
5481dd326025de2da7d89089cb969759972e7a8c,0.080262125,0,0,0
992911d0fcd230497ee3fc50dcf49042b7372a47,0.03523802,0,0,0
d0595b7121f57f1f49fe7fdc384479dd73ad64f5,0.036925655,0,0,0
cd1d329dba95dae161317c123269c24282001a66,0.04270126,0,0,0
3e3a1388368e8e4421fed0b5222904d40a8805ce,0.35924205,0,0,0
9f5af267e8c143e16f8b20fddb02ada096ee9df8,0.028324978,0,0,0
f8a7156259dcc1b3321086939234d80b6ab828c6,0.4797159,0,0,0
661008f8238acb71301b172a6aa9aaa8114d0c9c,0.24093606,0,0,0
469cf4d886f9a184168ba2d179899a600725d4c4,0.4712033,0,0,0
12d9a805a6df7afdccfac94a7061d369cc986efa,0.031598274,0,0,0
e83b4d8484cdb3dcef44ce3aede866663b526158,0.40828538,0,0,0
ff0e842058091b3310340f51a130a65a1cf6f725,0.37638512,0,0,0
a123142d947dbf38fc053c29291b555872c91ff2,0.07424943,0,0,0
45b5e0cb3a4a499ff8b0594c082d490d7b7b7c1d,0.22565182,0,0,0
29ce3e0e9ecc31a5c3cecb19246ff978fc7e7c20,0.3622365,0,0,0
3bf9dad70ea4b93de850312cec2681f3242280c7,0.04940795,0,0,0
90d775ce2270c35a7c514f5638b8a3b23d5a4f3c,0.45346376,0,0,0
0194bb8ca57e5a4a3fd5fe3c39b0ccdeb4711043,0.3861813,0,0,0
f8e33e702ca0570076c58eaa7a83baeefece9553,0.46281996,0,0,0
6c203ab46b24751c285f021caad9d8969cf2f45f,0.24872996,0,0,0
5b56985334a63d63cdd9bbea30f225013302a7d3,0.38858175,0,0,0
bf0dd95b52e0627c10c072f8b05fbad3f86fda71,0.3981908,0,0,0
bfbe9966ab45dc4787fdbc55735241023d826d95,0.45215312,0,0,0
69f38e81872d70705fd7919df3d771f28c22dadc,0.04483364,0,0,0
c5c231e643365485c5805cbca81070a51429de9c,0.4356527,0,0,0
96531689d341eb26103356410280447e94529b5a,0.54435605,1,1,0
da7e55cc7aac7cb806699d234dbb90a455c21502,0.15543632,0,0,0
6913193d33ed83bcb98cbdb94ce410069ce2513e,0.09931026,0,0,0
7f65af524d6b7fa43743a3c5593c3c57fee3e9d6,0.21312033,0,0,0
4493ec15a72045bcea25a4c6c9b4858ad5448b7f,0.25604972,0,0,0
1f207424031bd81af858ffc98e64152b3ce2f22c,0.041332483,0,0,0
cf9cbbdae44b88a7cc982765bed085b434f4816e,0.3401117,0,0,0
00d9578b74a107e3811c407ecc3da2bcdb166f81,0.040491734,0,0,0
3410aed6696622cb6b7b8bec088f9a92ea55227f,0.08014991,0,0,0
8d34352d3ca40ccee76e1473d3e132f7bd8d4a62,0.17545107,0,0,0
a04afd1f20290d0097b1ed9ef2a4f476e0b79ac0,0.040022507,0,0,0
825419f9128cb7bd01ca31b0179bff96bf1a5ce5,0.04105129,0,0,0
6215969d2a1f8d95667c208af868758c8636c234,0.2776013,0,0,0
79f997c1d6976f5327cbe5e80676a65245d961ac,0.2641027,0,0,0
4ec3674e06fd98a10de28be7ba6c6036e64116fe,0.3015558,0,0,0
6eed45b023ff3c609ef423f28fc87b42d0614f79,0.09601951,0,0,0
002e4de0d68ffab9af339283f02659472a1febe7,0.060427547,0,0,0
ef8eb3d269274d2e6e4915875d027ada1efa0470,0.1853729,0,0,0
78b8d323635b47f68a93da04f04d221f3412d9e0,0.27050295,0,0,0
055cbd0d42dfec901c7b2532f7a71f937b1d4756,0.032310672,0,0,0
771841e493ddd9839a4c029db6b217fe19968148,0.26516485,0,0,0
39f6f7fd6333da2b983f7d9001a7a51f31fa9434,0.27724394,0,0,0
6bb1b9a7bcf9d4d1aa0f4c12bb0cbb4cf4e2cc71,0.2925652,0,0,0
4824774675ec1a2c9e7b1469dd93a6bd09854210,0.26676235,0,0,0
717800fc588389b143b5c8ac20a0289a9217715d,0.20549697,0,0,0
0471658da03f5b01537153a72c0ffa7132709900,0.12786698,0,0,0
bc69f94466efb770e78d1bd89a8a1bd460fc437a,0.28216144,0,0,0
7a4fc498fbe96e83af20c5d0576c42a761fe3d95,0.17540643,0,0,0
3e438a80fc5ae21862125b13e9ada9b5c30d27cd,0.17057927,0,0,0
15b4031ba94a60f20b854e6ce2c7964d77086387,0.26270816,0,0,0
543970edafd3f8e08d945612d09663060718ae94,0.45618957,0,0,0
80e4a06124a712fde81bbee093ba2ddd71851c93,0.43946075,0,0,0
454a82cb2ad2853544e641c8c80f5ed34bbeb1c5,0.020664446,0,0,0
a2bde0190da2e32a5925df5aae1f2c37a4498bf0,0.07954922,0,0,0
f9dfa3fa6b9a28439f1226c202c41df9fe2e4380,0.25877666,0,0,0
c50da916c252ab282d978da3f114b81d91ec2912,0.24313352,0,0,0
e0bc1afd7878a91fbc30e79941af8a797637ef22,0.05215866,0,0,0
aa75d3aebeb30d1bb3ab0ecabd60201bfb3aaff4,0.18545708,0,0,0
76f12abd9d81587eda4c50e7816c75607b4b23ee,0.27156666,0,0,0
9900d951d41ceb438be79b2bf1822aa6cfd1f37b,0.34380442,0,0,0
f6dbdcf3acc3009f3ae17d607a2ac898e804395f,0.31360388,0,0,0
110084e432a04d061d71768c23f500f283081e31,0.2969948,0,0,0
656abed01d37434d69881ca1292dee710209bf51,0.29961222,0,0,0
d6d2307a9ca0ecf8c540b3bf7183de5d550ab099,0.352983,0,0,0
801f4f4b10c788212d555729d5eed92ee1a02036,0.27040356,0,0,0
5fa1935c52f3866f0675e9fd64bd04d153b9f225,0.33582678,0,0,0
d728087751d2e6f19504876d7a3f40ee7b1f4d28,0.24302678,0,0,0
e0fc7b4dc80a31bffc8c8f87a2fe4153e6cd0cfb,0.2850588,0,0,0
5b743d5e7270fa41de8b4fd6ced0d82a6e38c38a,0.48805737,0,0,0
dc565c4fc02421b58db9c0f0cb9bfe767d904216,0.30512217,0,0,0
ad56c3889328fed27f021bba3f071f676fc4ffe0,0.05483428,0,0,0
47e13b0fa2ca7fb11e52abd429d538c3c9ab07ed,0.2769087,0,0,0
97c6c963e2045def1f19c650f638b304f6464c19,0.28599072,0,0,0
0b7369cbb67e46586e9e031c693564ce7ca583c7,0.2888813,0,0,0
2fdea0d5f462d48a97aaca3b987a716ca2934f24,0.33111793,0,0,0
2645862ccff2183b731e7d6f1a66df6f2b04a99b,0.5310858,1,0,0
27df5e894a2133e122ca7e78c5de45d26f7210a3,0.17327806,0,0,0
619aa9bff4055f51df04f5f837605785a998e9b8,0.25302947,0,0,0
4c55341a48427f7bc0ce30f0699c673f7e69f63d,0.37094846,0,0,0
27ae87a59cb2f0d06ea21d4a886f3afb9a14247d,0.35636687,0,0,0
962128ce971b2edd3fc9e4a85b417fba01a0246e,0.3876131,0,0,0
287254724ea66841b932fb5f6d8cbe37b04eea81,0.3268708,0,0,0
2b0fdf8fe719f234635f652bce0a5b2abf03bc4b,0.03065279,0,0,0
75d8364771414b52179e7084cad838b6c0a0660a,0.17404565,0,0,0
1fdb3a719283209e417d57b2d77ce93540de4cda,0.32442728,0,0,0
174f3ef3f43b680468d7535d5fa8ce3fb3a4d113,0.28830388,0,0,0
8ff705130a6c360e7d2009cb9f1a4d0a307985f5,0.22559579,0,0,0
a61f3728d4e2c6454dd0069148397745b6b3a5bf,0.022509752,0,0,0
f568436033fac9fe4dc9b38342a029f20c79dc96,0.11809203,0,0,0
c0b874406621ebda3c44029ffdf0f6017d6d8c22,0.2840941,0,0,0
52ea3c337615e386507dbafa686d1f02c03a4c82,0.18328315,0,0,0
8688adaee68dce1c54c05b44946635973b37fa06,0.024187496,0,0,0
27f467b4eab7864a4ff799fb2289cddd2c45d30d,0.33038235,0,0,0
1ffdfd2ad15f4f62b9474a2ae72f2ad0a42c6a98,0.01703733,0,0,0
24c8eb250b9c7dace0efe91fd1f36c799b174606,0.28264844,0,0,0
060cfeb90df4fda2d572fa63225c63e304c8615d,0.24408163,0,0,0
3ec04d06cd96131c7d2a508e1526a07f33efb490,0.61033225,1,0,0
ec3d2af993826b57cf47446d809db2c8b49c7a77,0.4607503,0,0,0
f79ba553c602c9cd1a673c30db79edb6b38f0db6,0.52616733,1,0,0
3e6117dacd54430e555a42a5fb8177f4553fdab6,0.49809244,0,0,0
7ee877a4db8c6d6871444abab28e95e9dad7c932,0.40961456,0,0,0
00c3c8dbf20322d372ebdc28c2b9fc25926a766d,0.22905876,0,0,0
07c01318ea4ef19ede234484ed102f94391cdcbe,0.026648138,0,0,0
f56aab06534e643ab1e413c36e367fa25e24621f,0.4556213,0,0,0
6d1c4002aad95031c84bf3bfa777852492d23fa1,0.26123586,0,0,0
7e3c917567dc3163c2228dd01e4ad90dd0b76320,0.4380131,0,0,0
167676d596bbbfe82a52f0dae6847cad025dc095,0.2902456,0,0,0
9c24b00d32acfba096d8b3fc12168bbe0ac4ef55,0.3708495,0,0,0
0e6578069293282865a3dd4843d4f80f52476e7a,0.13496906,0,0,0
81e60b1eb541557f5be44e7f663d5a816fa90227,0.02072259,0,0,0
e25b6fedefdb1967fee9f64e0d0242d6472ad828,0.4169937,0,0,0
7f8236cfa274504e0f59b95285e7fbf2efecda90,0.4088258,0,0,0
ddcfef13549be8395d2c9339632b3ebe80363d49,0.41335145,0,0,0
4a5aeb1abe8ef10eeb5488e04e688e2daaf4eedf,0.35632128,0,0,0
13ce8fe63c8972c54ca717055c231bdc487d479a,0.3653682,0,0,0
8c12ad11eea80440bbe691cb50531c70f53cce95,0.026968548,0,0,0
692be5e1d4326c6e505c10e8dfc3adeb7958bd74,0.055202633,0,0,0
a733b7a87ce7abc0da33a3d56da82b72407683d8,0.27213323,0,1,0
13218943435188789ab706c2d97da8e2aba1770d,0.3072689,0,1,0
581baeaa99864979aad55bdd45f054c8a53c341d,0.32993507,0,1,0
80fced6db6c15d7833e2c06fac4098640ff4c742,0.5905261,1,1,0
0ff845a477db67a485e7a8c1cd8265e520bc8c05,0.589631,1,1,0
66b24cabe95485abbe4398ff468a57e5ea0e3cf8,0.5065725,1,1,0
5ec70549ae7e7d2eb97d3d56e696dbf0cef7ca35,0.4137223,0,1,0
82c95c5f951ec316a717d72a46e9f1f7792dc818,0.2717553,0,1,0
0a4b1c3b316335a1ee22ea86c28c1cd58b1bb583,0.3232662,0,1,0
3b700639ef337839c69f45ebeea59dcd061d09ca,0.29818442,0,0,0
096155dd316ed242fa3bcf0ccffb207a124e1e4d,0.26151937,0,0,0
cf5e503db4274fd2c060571c982a0fba8b00c09c,0.20725442,0,0,0
60431261912586b5fe0cc5c8b4206e711cb0639a,0.32358575,0,0,0
ee8a2c9ded95d5c77e4e43a2307ac15322d96d3c,0.32658803,0,0,0
89fee834756bbe6d9e060376f95188d66789b1f7,0.039128903,0,0,0
4f804f78e5c0458ddc6dcd9350edc222a6e1a4af,0.15130039,0,0,0
2468492a1aef370c66a6636f976543212371405a,0.33451274,0,0,0
44b5e31cde3e53b3cbeb4ea5b61728d9284d0e31,0.24574679,0,0,0
a6c881f8c42433b49eb378881b9bdd63a1a52202,0.02741412,0,0,0
a780f35fe5d27eac0c0c8aa95eeb22d1587a1687,0.026475215,0,0,0
3ddfcd62e2a1367391595d2dbc182f2dee8d3651,0.343349,0,0,0
8db6323266dabbddac15052cdafdb02cf5788908,0.36144498,0,0,0
02d88008e65c7b66c91b46ffa80a0692ab156da0,0.28541908,0,0,0
a8f8bb545769ebc2dd0adc2071203236870b3f18,0.29518303,0,0,0
adb5bacba3fb370e84c6a8317ac01b7efdb011da,0.22424085,0,0,0
6c0db77156cd67b5efb0e00dced7e2daf055ddec,0.33832303,0,0,0
4c2bca77a04633496d7670c00dcdafb787606243,0.39974025,0,0,0
873d9776d7f3e506b8e67721b47315aebe16de67,0.44844756,0,0,0
bcd3845dcc9f26c5bac4094fe6323f03ccf6d87f,0.44687945,0,0,0
d61ec0994e594f0c514c1739e0689f2595d8bfd5,0.42665383,0,0,0
c5e9745b8301bde2bab0e46bab2313423bda7910,0.4742306,0,0,0
8f5c5e892b907ba7d05c2cf5f4dc7adb2dd2702b,0.4414886,0,0,0
5b1e314826a40490ce38b532c4ad36fb01afd37e,0.46391016,0,0,0
6912f621d22ce66e8b94710f0decdcae3354ca76,0.35155958,0,0,0
d2d23c8aa02960549451c58ed3f0e84fd5ab3821,0.3534399,0,0,0
2e6a9131a07ee0e8844e8e79e84460b7f56ae646,0.03338931,0,0,0
875e98d3fb54def645b0339fb43ddc26a72e14cc,0.3807742,0,0,0
40b6fd273de1cccf752fb7e5d1a8470eb5257a9d,0.043588195,0,0,0
7517f7c33543c0232e002ff541db6e4e3a68f52c,0.22177374,0,0,0
93f189e8a8166004e8bce70bac3041a84e389883,0.044387672,0,0,0
38ac95d9bb36722fb9b3e596911aaa7b81caa9e3,0.03770404,0,0,0
b8d387e57c79b252a1ec739c3f466892f80ee49f,0.22193255,0,0,0
90323aa9f6c1cb89337b60e966e743bce82a6fa2,0.09752398,0,0,0
36156fcd0e07726a8883a0825799734ac0058559,0.28258276,0,0,0
0970e8f84e95d8662a826f8417141e3feffb18ae,0.4391407,0,0,0
7f1ab60f7c1a30eb09cb06f23d6f010e3a187274,0.037768543,0,0,0
1020c3985dea224ad0ef885ba6d8dabb48816c5f,0.29225308,0,0,0
332a7ffebdb4c69222c75ba1b0a5b462a0e8f467,0.23559636,0,0,0
e91c5e4045a37afe8ef5bac994f9e6f2cd10a9ba,0.22714652,0,0,0
7a401a73688b72f43e4c70ab1c074a3e710b3b53,0.30412498,0,0,0
cb5c4dd73597780fce451e1b643c9b25d4ce7b4c,0.4386426,0,0,0
b6c2d3fd1f70e51aa88f8d12aff006f6b390deb4,0.4339871,0,0,0
9138cc232a21a24e07dd89cbf43b684dced80c00,0.3591734,0,0,0
0916ce72d8cdc6b4dbd213117ecab6f7cf8d5bf1,0.1512906,0,0,0
b45826e3888ec7adbacb4887f4ae1da5520b9d90,0.22344874,0,0,0
965aa7f4fafe59c4f0d09f96f98bb83adc2187fc,0.15898474,0,0,0
bb8acac034b1fcdf91a6b1b066d33f3e38a4c117,0.37271425,0,0,0
ad76167a8ceade7e58ce0ed8658bdf22ea248904,0.38854504,0,0,0
d1c0b0c922855436f3ff54feb822349e97229d78,0.16168822,0,0,0
537607d90533283a42cd1c5bb8b75b62cac684fd,0.46728247,0,0,0
50ebba3d096b49c3d6856f9cda1664be55c222fa,0.30391476,0,0,0
7cec158bc9faa1d2aa267ddd6a02790ac1f2c3ec,0.38066322,0,0,0
2b6f5d7ed93f9975b11ba631eb2f974078c7155e,0.3744014,0,0,0
b829f1e92cf347184d6d184d3c17babda68abc79,0.29058132,0,0,0
f11bea50aa42035f426343e1d0e5058e75e0d928,0.034932274,0,0,0
70a9d5f1e7ea844758ce3ed9b4f5e46a7015431c,0.060353123,0,0,0
44b28a38c3bae21d0530c85b7ac8ed52fe3d8fa9,0.050155737,0,0,0
e9fb730f64a372e05022034429d5450537341a22,0.30125135,0,0,0
5250af878ef0ccd0612cda08e88d341b13dd9f56,0.44453093,0,0,0
33f3cfdbd24c4714f8d6a7841430127b33c89118,0.031241925,0,0,0
7b7341a69bd379484d8e073d979b3f9acb465902,0.5555296,1,0,0
2d14965b4eb591ce9e0d6f0557197bc20926171e,0.38281646,0,0,0
1a867ff80af1fdad617d9b5066966b65f481742e,0.25760192,0,0,0
aaa1a0f7156df819896da55e51e17f495717f33b,0.027821379,0,0,0
caa2a94074b6e45fd4ab631408d3d6dd39a1c1fc,0.27428192,0,0,0
b6ea863a2667310b470ae59413204ff6b2719ba9,0.067862846,0,0,0
72a8407bb1272e0b6efe62a284cfb8d9ccad1cf8,0.090223305,0,0,0
3a8a2dd2a4e02616c54804b58250a6b51f9ff746,0.40542412,0,0,0
91b3989b803ac85f06a39751ae282cc5b88d6415,0.035242114,0,0,0
267fc4ed3f2d9f63921f07cb5c12527eadacf73f,0.055914767,0,0,0
f49c113d05845093aca46c22031617a5f2c4997d,0.24442467,0,0,0
4eec965458c88e4cd08783da5a30d775011fbf82,0.12164119,0,0,0
e581de2f71fdfa4b51d024b56bb38f1c70e7a60f,0.05973534,0,0,0
ec767ef3ea627c18a6cb788551f8709d2ccb1cfb,0.10605581,0,0,0
486582e34e95eee6cd9a59c2dd8298f2f39fad09,0.3715541,0,0,0
0e55dab80c10fdee37d2a07f664322fb774bd3ff,0.2651441,0,0,0
2a0af129ef96830e46a75eb31464646a8bf3544c,0.37047607,0,0,0
732ff44a4bb3b41e30139901869fa1b72b7c216f,0.29229885,0,0,0
9f9ef9aa0b0063215cf0e6526768fd4bab879ec8,0.39351082,0,0,0
1ae31c786079e0b7eb6585feac71c80baf224a9b,0.32715595,0,0,0
be37c2e2b103aa83de4ccc9aa08c3aa4a1da6c24,0.32599762,0,0,0
90375f06cf8c0154fcfb792aef471964b3cee042,0.31693596,0,0,0
2bc7921b2f2b479a7a391a51054526b716f703d7,0.03425172,0,0,0
00c1cc0cc0b16daaf8b284ac0e7e9328caba5022,0.32128438,0,0,0
1d3cd1285a9f875a4b00c7fa609155288d977c3f,0.28600907,0,0,0
095cc25a6b7bf9b9f99d6afb41f44d41cb41b8e6,0.23645823,0,0,0
d68ceb121842d109b3da0f932bdc8f5b94253f40,0.14504802,0,0,0
d6ae360653de7813c0d15e315d733aaee372df3d,0.32183257,0,0,0
fc195c451f817641319a2668a534e01cca088144,0.2900736,0,0,0
75489a661dac6b1823be5804b78d31023e81e509,0.31978914,0,0,0
1ad2965a54a325d7d11d7daa07d38e0ec575e505,0.023137622,0,0,0
83b8f7860d22f0517373904e9fa7e41e9e23add2,0.059145954,0,0,0
883b6c3b3969eb7f293ee0fcddde528a161fcc89,0.038813334,0,0,0
688f9d20a0ff88c3349f73d8cd912959fc236e4e,0.31684965,0,0,0
cd31d7a1e4ced0ec0700275441563b235c236f95,0.03100525,0,0,0
9790fd24cb14e8861576404587eb2907dedd6bfa,0.3228746,0,0,0
80888f9c55abb7ecb18fc342cddc973ec4f46f70,0.26721174,0,0,0
a6d1cd29574818dc220a3751a9c160633f2998a6,0.26212838,0,0,0
2badad205dd69a9f82edbe150ca5437b0ac0d16b,0.39640892,0,0,0
5e621cb6739ab6718831e6650495096f718b8014,0.3054683,0,0,0
13fc1eca0a4e7e8215541159b93a956615b1c6e8,0.031499438,0,0,0
feecf333cacd2edfa06028db62e5d209f57f0dad,0.30598998,0,0,0
3ac59a1df27a7c34cfda89f6a84b8ceb6f430fd4,0.13387808,0,0,0
55cd95f277b1a6f5f50d0dbf064beeb092fc6019,0.3805076,0,0,0
98befb689ec8a5b034a25bb9936d63d44223acfe,0.2684589,0,0,0
d80f242fcc1f9213c179b4651ffd9b9b7f634917,0.4159773,0,0,0
0cca1bb8bad342b3f6fe085ec6807187faf4016b,0.21269087,0,0,0
2c08cd5f0c1203186e9cf67a4c9440b77d54117d,0.2559514,0,0,0
49acf7f8a5caad67560c82043cc1f755c0eee826,0.42980346,0,0,0
02852f48243245666c0ccf4d0b8dd455d2747fd3,0.3409934,0,0,0
c73f626405dc91058ce5cbf4f87acb23384188b1,0.51799434,1,0,0
c321cc96e9b3666035524af0c17767ed8e865bbe,0.38920194,0,0,0
806ab4a928235bd36fab40e23bf450e1db5a8e9a,0.02756495,0,0,0
871c1c1aec516d4d70854e4ee929866bab981a64,0.042971678,0,0,0
6b70a706e2d339ff3b689dfef7441c28d290f725,0.043362632,0,0,0
bb2aeef4bc11b17be9233572b7afcfc3da04b887,0.028694397,0,0,0
e9b70c1841c5b1c1d771bb278b34a17ce31eaffa,0.49647468,0,0,0
3fc9fc01b08334fdec57f18b6f845906246936fc,0.5066641,1,0,0
6d030727fbc3a61ed47a6916074bbeb4ffd30b21,0.3368738,0,0,0
26acd219f08cf99be718f2bc3127a41dc33df6a3,0.47202343,0,1,0
02dc8c7e77db316553699f0e371f3e7803d3efbd,0.394731,0,1,0
f7c09b93c2386c6928a082e96d1ddd0925a19092,0.3128254,0,1,0
aad6359c39d59176c51e0d4e5ee31def1bc10077,0.40227437,0,1,0
50a7fdcaf8fb9a684a96568ceeb8643b4941c475,0.5954217,1,1,0
32eeb20ee9096257520cded0d1af33d4664f8619,0.2830045,0,1,0
27830ee8c22d74464fd3cae4e662bf0ba97e887b,0.52978116,1,1,0
59ffcad15d220c2bc1f70f01d58bc31dec04b423,0.4608401,0,1,0
41dfac731ef973b03f70d8f9c01afc67bc5f311d,0.54839367,1,1,0
199dd8dfd1cef867ad8712c7565f090f81be0e7f,0.40741247,0,1,0
61bfd7be89e97e204caea839e37c67c6f837a710,0.30740717,0,1,0
8d52f694da0484cb2783a8b35dad845322af0c07,0.53562444,1,1,0
750d338864a92521f4daec993af7ef0aba9d609b,0.22849965,0,1,0
513f20ad26f2e940e9224be387eafd5d9c58556f,0.18670437,0,0,0
bdd455596c53a97ce5edbf616a30f33d278ae41f,0.2980686,0,0,0
9b24a71e9930d7e929f9413c769ecd412fe830e9,0.19693178,0,0,0
def9299707ed1063d249559f0182f0fe559d33be,0.1262441,0,0,0
baba8cc875f5b197c08123b2d9add4cec3772300,0.39750695,0,0,0
55d3cf0ae5dc7b6f5f9f60bae65c1c5abf196b18,0.051354624,0,0,0
19b55afedf54bfc9e3b08c1636251339b2be4c42,0.06956924,0,0,0
a4fc3e9b714e9c91768c04f6268179ed582dd922,0.33657482,0,0,0
84ca5c79e31dd177169f4c074da5cb98fa1cdedd,0.113483444,0,0,0
9a9b83857fd20c38a520642553c9106de548854f,0.12922275,0,0,0
cbff61409d719d08c711baba4e89e03e2397df79,0.33542082,0,0,0
6b47a571b665934d81ea8b3d000a3b56ed1310e5,0.2745409,0,0,0
00f2cbe0dfe83947126fbfcbb6fa186899b555aa,0.2446348,0,0,0
5a62c007b8b791c025cf2d4d60bb6da1aad86589,0.32676435,0,0,0
13f756d83675e7bbdf62d3375cddae8bf4bcc599,0.35222265,0,0,0
27c4c88da63eeedf546d6a4df5f8cddd43069537,0.21461618,0,0,0
5509eb7e31b74667950d30d166c77428061d6b4a,0.25547057,0,0,0
c0eb48f7e83987c5ed112b82f0d651aff5149ae4,0.3575613,0,0,0
071dbe7c211380bd4bed252c9b7a767279d112bc,0.4671299,0,0,0
82ccf0ccee1b0981198fa67c1899b38656c0efc0,0.030665113,0,0,0
6262740b678153a5f8a4dc2774f51f0691167e87,0.035465013,0,0,0
0c429b4b93406ed5e5877b613c96ff8d81410330,0.032893058,0,0,0
0663e3e8c502118313a6c577758912c326bc19d3,0.028871944,0,0,0
c8bdb9433a203f585ca750f326678423cca328f9,0.023716385,0,0,0
6feec370c38a8776be3f0cb17efa720750377b30,0.034692153,0,0,0
e8db278a29e0b363c8fe22d2cbcdd7db36b614b5,0.17661154,0,0,0
d4e1ad171208fc1a63de63b4a7e4c08e43edc41a,0.55846745,1,0,0
49f8c2a817f811bdc9fc3e7f550a8e0b13503e7f,0.24695241,0,0,0
67325cf97946f053da51dd358a9ffca0a9676c03,0.025047416,0,0,0
0bfb0f2b5ec98b5fd85dd5ab58c6a4dd3c0a821a,0.07205897,0,0,0
2bbdd4e503e69fc06c5d371c15eec14258eac6d8,0.07711035,0,0,0
6af248a09f5ca72a7cdbc6a0c0518026d8963149,0.033996616,0,0,0
c7be7b41fb1a8da249ebba27df1b2f0f4ffcdb17,0.1904905,0,0,0
1ef212e0629d8b19a3b974cbb428a1f000f1c540,0.34054953,0,0,0
56708e632e69a889eec8bf926bb3551ad53ded86,0.042874355,0,0,0
539869352a5f4183028a3e6b33b4e002c5053ba4,0.03678657,0,0,0
6e6cb12471757b4d2edf8ce110855fa6fa7c7329,0.24523799,0,0,0
a5f85b0a383d9983ddf0dcaeb744f7ea6b5c27b7,0.023728002,0,0,0
3c8b03103f9a120be50b9e81f738ec1b903336e9,0.3474416,0,0,0
ce81551eca5b514ad588c020f9e89ef0b9da90a0,0.39891598,0,0,0
a053fefc0e9349ad5e97ff2353e3a8cf6873bfa7,0.040077295,0,0,0
8700816250e849d9f8d0fc402b090aec6ba7ab60,0.478978,0,0,0
e896a18f4c92b81837982ae7d678a8618d09293f,0.042574078,0,0,0
dea25cad0dc2fe6163dfe78dd0d54a385e2ac676,0.042086452,0,0,0
6c870782ecd20e5d460f8454fff316834710d4f2,0.27493304,0,0,0
2df53eb9e85e7151b0115e3d293398f4b8b6a2b8,0.23064955,0,0,0
2541eb43d2716599ab687bce2a61751a3ebdbe9d,0.0281677,0,0,0
e191b9ca9486f2b4273ed5effba490c27a096ddc,0.39863065,0,0,0
35ea189f533c703906d9f770dff684c4557b18a7,0.2515672,0,0,0
afe78a030b57e3f74825e134d6615ef4878778cc,0.039140712,0,0,0
76e45d6a50da6228c44b04a565dca96432c4b197,0.040676203,0,0,0
5d072ef89fbc2532f621a5a0b4d6791cb926a997,0.036253862,0,0,0
b9c2c119c18dea618854e43639284a6eb799c925,0.27980724,0,0,0
e76397c0c7f7889f82a0a59203ad16a673f1e704,0.47151455,0,0,0
b34408aa82918b6fa8cd4033921d0331d8ef2b5a,0.11843004,0,0,0
57f493adef716d49ed1fd2f4e857febfe0a48aa8,0.02839075,0,0,0
84dcf5f3e54ee40b806108a713fd4c334900834a,0.26571488,0,0,0
344403579a552b26c0a1ab79915b7c91aac4a13c,0.04720191,0,0,0
a9159aba0efda305e6985f904072bfe82ee2a1d1,0.14690427,0,0,0
ee4ce5f4ece734cb6d3d9f0e215e42b565290fdb,0.030403523,0,0,0
c65777acf65ee83967ca394adb6619330be9790f,0.027739052,0,0,0
699d6f0eca65837501d7ab7a92ae2c614f8e6cbf,0.04376531,0,0,0
109a55735e2b93889e6fcc5d8b867451f291e9ef,0.41322488,0,0,0
9adf0d7f6ebd27aee0124c73037085abdb048748,0.030732477,0,0,0
fdfbd85433facd2259fa8bbb45bfe2e99bf9f432,0.025183361,0,0,0
c3a83486048dba356a8f6638c5cbd1eb12a93bd3,0.051437784,0,0,0
e23402c1dc133842c1acef0a2d7cd1f386647de7,0.0628499,0,0,0
718b2bfcb7b5d94b6def4d7e89f6ebc49ff11563,0.08582391,0,0,0
22a39cbc721d5c0391dea1ed10e5350f917c79db,0.06413083,0,0,0
b38438075dd34fcc19c8df877446e4014ed8579c,0.24554086,0,0,0
87c5e5377589c4fbbd499010a27b1e345ec38224,0.028412469,0,0,0
fe265088974f937c8a9626052dd5d29b1a207dbd,0.19375512,0,0,0
7b1b3624d78e659e0bf80b061756d8c6e08640c6,0.3195135,0,0,0
b2da444800d4c5d472da58a6b776891621d11718,0.36848485,0,0,0
76c4ec233c1a61b1f46df6d6847b889c0a7a978a,0.46878147,0,0,0
1d031d6eb6e6861f38e228bd587ff74e7f6fcce8,0.33656085,0,0,0
426cd8c52ef1732ad3a57171429bf7704d80bcc0,0.1478845,0,0,0
24df623ed69f86a13a2ec453f480a4e3f93b04ff,0.34291306,0,0,0
14a08584c7cf63dfadddaeec102820f9de901c60,0.24094768,0,0,0
d9406824aeba0e977c0692971a6dbb2e62823886,0.3922929,0,0,0
6c3a1bb78c3e92fded50c1c1e9f4c3e2e6e9dd4c,0.3197806,0,0,0
6aa7ba1d927cc57769d4ed589326053849b235ea,0.36009452,0,0,0
3206b41cc6b60ef2854273ab0eee5e406f9f6efa,0.19398297,0,0,0
c1d92d87157b7d5a27aa989eff14e302e15f96d7,0.35508212,0,0,0
842bf6f447aac7d05c75c6143a5affe9e383b3b3,0.37367928,0,0,0
eaeffded81ec88f4d0e7494bd544821412435ce8,0.027064191,0,0,0
59bc597a256f0146b5bb05d951ae2d84963cf3df,0.25890478,0,0,0
81210eb267181b766acaf201a424a80d96bb5bed,0.16035044,0,0,0
209976ee53c9b584c013a9b0b21ec98ef733c6f1,0.3428554,0,0,0
5e3359388b0732fd1b3d055036187525eea76521,0.24834532,0,0,0
ab2aa8d6fdcdf5b3d326e7e86ac9d045f4859e98,0.3212363,0,0,0
d6beaa363bca8324c7a699ce797a89698d49ba54,0.43939036,0,0,0
65e1c9c38becbee2f84d822cd65fd7dbce42b903,0.3260401,0,0,0
822bd135f3a54b8fbeb23c313535b13c18198c3a,0.33407873,0,0,0
a7bd568249f9ec20b69b2a700da6a0648e93a842,0.053665522,0,0,0
c5f2e40e7a8234fe48e08d451d3152ba58a03ac6,0.0495146,0,0,0
933796e9330ed5043ad8e76d9fa2cb8b1d3a8e3a,0.27629513,0,0,0
31c0d3a8e94b1016843596acea17a63bed9d4558,0.058977522,0,0,0
e95134229b9066aa2f1d312a53f5a670d271dbfa,0.1874499,0,0,0
45fbfb82fd1f5168a7183e78ece89da7a60e21fe,0.2819758,0,0,0
d675cd1362d502de0a94e0ff4d10e9c4ada579e4,0.13119017,0,0,0
f5c46b9fc80754c601205e6ef13c5b7e9a5003e2,0.027100928,0,0,0
722a5af4f1786599f22e91a34af459883c7a6a8b,0.26355547,0,0,0
5411db017b093f0995a9b7807a6a4dabb0f1e0ea,0.02482644,0,0,0
31e141019010d27dfb3c1a1fb712433268b520f0,0.02502489,0,0,0
419ad3e4aaeb2471c86eec1b6799675a70bc12cb,0.05024569,0,0,0
d357d9d563c4a34fa2ab3cdc68221c851a9de4f5,0.30268195,0,0,0
bfd83b00eb5743ad4ad0d24957f84b61ef9f5f79,0.051912572,0,0,0
3378280035f388157e007a06f7fcb74698b91e3e,0.051657353,0,0,0
41a3e9c52d52f60d121ae99d281881a55e006bca,0.4187461,0,0,0
a64b4cc5329f2275a5513b12622863e99a803a24,0.061085336,0,0,0
c295a589777a35730c90b26f28f7cc938d4053e3,0.10770878,0,0,0
c29e08e98a4d1f12842375cb8fb259b8e5054b0f,0.027512986,0,0,0
d4f28d7ff397386b208823c577180938e15769d3,0.29879037,0,0,0
936b820a4e9b9f96661c961bab87e4ec05ca0574,0.45747623,0,0,0
92a07f9aa109f0f55af963f86e466c80718f9466,0.026456127,0,0,0
8d5c46f420fe3f7365579aabc8b40912a3610957,0.085506395,0,0,0
5899f1eb7239ea26291b9e38490f5922b86158d8,0.45362255,0,0,0
46a2c6bebe30989d51d59e14def38a82e8edfd78,0.33155388,0,0,0
4d5e45cdb44f61202ce439caa3d417813375f9b7,0.023036389,0,0,0
51eb5df8b27103169878575cb421e3181dcfd525,0.17308682,0,0,0
9198e9498fbbb81851048d0eb71251046f16987f,0.030245349,0,0,0
56c60017199b255f38843e33beef95e8d767a10a,0.022976182,0,0,0
73202a1e336eccbf9928bcfb5a780a0b97a49680,0.030995587,0,0,0
bc8773df85d2db0d2d5bd99aa69d7e7c795e7aed,0.040318236,0,0,0
25f3713d9280abd57a49a9979a23d4ebce27732f,0.03688948,0,0,0
d654978ff5a8980c0efe10632f55218f4de4e6b3,0.057079837,0,0,0
2a31bc5fc0282cbeffe8e41c1c8c576314b4eec1,0.03580128,0,0,0
e460f4f93817bea10b2fba8aaddeb892421d2668,0.028416906,0,0,0
36940b6418283806ed10292776c9c4269923e1ca,0.30478528,0,0,0
72499caf6f7905122c97987953a313bf1c95901a,0.10744422,0,0,0
bfe3c22bc3e866fc499433faf57a9239d4f6e1f2,0.21279384,0,0,0
928da12b15c987e16b2481c43614c8e868be1c04,0.13205439,0,0,0
5e223a403e65992d2d18b1b8cab5da2c6c1aa37d,0.15303935,0,0,0
7379cbb2fe7b69aa871127e64a51763c445a570e,0.032903794,0,0,0
0cbb22ddd4cd4bd356dad0e8dca8dfe1080aae0f,0.023404168,0,0,0
d8e8908db227ec91608b386a65b5f8559d92d8c9,0.31536385,0,0,0
06033035f09c662020ffe0300983697c78d3039a,0.04312367,0,0,0
dcf6e82f8610b89075e00711e186792053928c7e,0.030797662,0,0,0
84a0d90783b095775b5d14b2a807497862d80db5,0.046112366,0,0,0
10c8db1b1ae0fd9be8b661dbf24643c0a9012d68,0.042292614,0,0,0
4f50c37506de036bb34094095aaa6d4d831bfbb7,0.046183553,0,0,0
30280a9ba706b330cbf6b18e6f2f6660743c0f16,0.38874385,0,0,0
9cd31226588fa303886b9daac162d5aa753e8e15,0.30866608,0,0,0
2736b6fe0b3fa22ec8e2b4184897ecadb021fc78,0.053202234,0,0,0
d3fc1a2877c165a57949414f5737ef00ffcd867d,0.26626536,0,0,0
459cebc515b11fef06464b711b3b33cbc1dd8c26,0.08796658,0,0,0
947c01f6d8000122a174da3d668208eec877a799,0.05971605,0,0,0
72d00532aa8f0fb96371f01688ace8b9d53b17b8,0.059169002,0,0,0
27fb1044f1f244a9f8841f059392bd7e595797a3,0.4420199,0,0,0
467386105ad855e793a09632142c00cd01c5dd10,0.43115267,0,0,0
9e405ca54138b63a4daff58d14d0527fef1e8e66,0.32844493,0,0,0
0f98e790a43b17ae1bb60d264931fb4f13300762,0.49782723,0,0,0
8f957f527b9048f51aad91b544bed35c48bcf3a9,0.4067871,0,0,0
f03149e07dee90b23369d1cdb7f15c142df5e31d,0.1979567,0,0,0
48f7e179e4c5f4e59afdf0bfb4ec5228692e00ec,0.105050474,0,0,0
91a94d9f47b2bc928eaaf83d7c9dd06c235a2824,0.2488621,0,0,0
b498cda5bc8d834ab311a6a3415e990100d8a81a,0.24406223,0,0,0
276b2825778c0f6286ead1dac0dfe5fca307e77a,0.32751152,0,0,0
e4e03ef4c091f5a35da0d97a6a35224197b8be02,0.076634474,0,0,0
d24dd1a3abc4624be55c0772ae4432686ee18792,0.3106866,0,0,0
71fc2c4c817a8c9bb41650d5b27a89e207a68c39,0.43357956,0,0,0
f0751b65cf680456557aa1bf5c56b12f5c1a0fe0,0.45302296,0,0,0
d08dbbfdbc41cfafa122abf06d39ed543b473464,0.32657278,0,0,0
a4705cc3c310ffb422336b319891f63eef021f1c,0.0359682,0,0,0
e996235aeb7908c74e85fdcdf1369a5e46672169,0.021919388,0,0,0
0aeeb46737c5e4a5d8c21c26e6793956b0296cda,0.3029836,0,0,0
fe38f8892a2e99cfb6b941c48a57e1415d7ab223,0.46136567,0,0,0
9e801d916c3d163a4cfcc822e50dd75ac7cefcc5,0.026906198,0,0,0
ef0fb794d49e9184913581f561c87ba8c62d5e4e,0.20274138,0,0,0
0298305934801cf65136ce20c59dd133d8ee4d17,0.03068821,0,0,0
9ba69d7b9af1ab71e0ca2d0044f464261ae6a199,0.25568092,0,0,0
c6b8a383de96cd0a8e94037a04510f162e4bbc68,0.043778937,0,0,0
7b813b674adc6c94a6c9a19524913c07b7d8bc9c,0.2980134,0,0,0
559de2c461e94ab636c959149c775bb27111fb48,0.5295804,1,0,0
16c983693a235bdc45c6286a1e7b01d8ef58907e,0.44889513,0,0,0
3ad22fe3d689781a76a92908d0bbc119b2c68892,0.29199588,0,0,0
8691eb95522d9421a8b2883bf65e535d581f1a06,0.40283194,0,1,0
eae26f2ed787c88c07ccb83f0e5550689ad47bca,0.061175395,0,0,0
4b6d66fbc021744136d02733ecd375cf1fde2bcf,0.27319416,0,0,0
1cb454d0221a6ea535f1c0ec5c5abcaa3212cf1d,0.22626641,0,0,0
8d4b217045ac12013e9c1986dab89451fceb478e,0.27934992,0,0,0
5c7c7a419f7dbbe738dc40e4e00dff3637b38b13,0.571419,1,0,0
de4356072f1dcbd81f721c17be39625d1f8cdbe5,0.2522022,0,0,0
cbc4aff11a1a1cc5c18efa68877379b9b2bca30d,0.5562725,1,0,0
81b311fd0d2a084a0c29740714076218fb6c2302,0.592083,1,0,0
f8b79d0c21165faf4dbd620cbc6eae9dcd3ebf42,0.46258795,0,0,0
70f580a56ae8edea6178be6b2188472f87623542,0.5047048,1,0,0
a8b7f6e98ae201787b6a77c00531f83026c6eb4b,0.26312125,0,0,0
f7c21753a9f0e43a08543d43af7e8564b6f33a2c,0.5821795,1,0,0
64b682cb6a0ab5976596065291fd07eb662c5a73,0.41632867,0,0,0
316af191841ab980570d0c3c4f5f91bcef1d45de,0.5421884,1,0,0
1b43f08e9e06f604432e20d5d8feba05afdebd1f,0.30170342,0,0,0
60de0da4acbaf41818ecee2e0930c8e9e9257395,0.6392865,1,0,0
21b8fd06473bc5e6c35b80e4d1633da283236487,0.36943382,0,0,0
19bed73bb2fd71a1be7a7f26b132c47d5c81fa72,0.32139456,0,0,0
77dc36f5644910cbffbedb9dbc7e0b118b14fa66,0.41913986,0,0,0
e2f293ce22aaeff7c467aecbf6a3299e71d37a07,0.39593184,0,0,0
d916c50745b109551d81471f408250a2ec18ec84,0.5111922,1,0,0
dcf5c40f880c86d800a4563dd203e5fb89f3cd8e,0.5511505,1,0,0
07ad5e56818b6937986a1327fdf13102f9baad61,0.08702641,0,0,0
6ba9e778ef1f99a80f8463fbf68b39e02add6797,0.24577075,0,0,0
757057addf72d587387055dd964ecb2a562a2cc3,0.38906485,0,0,0
cafd9c77865ecb86ed9fd71637f2bcc87ce7e2d9,0.54274964,1,0,0
0c0fabddf6dcbf8411689df9c5cc29115da18be1,0.35665962,0,0,0
a2c0152ba2c45680f399a7e4d74f898ae3184f39,0.3482198,0,0,0
106c77756d7e2efff5355d0587d17cc261ae2850,0.37568012,0,0,0
592c9464379f97d67a76747faaab1af2316febae,0.12138606,0,0,0
9b71bf1406e0eb9892915542232211ef47602227,0.3482131,0,0,0
711846e5d03d6743205f8c747ab78c2ea43714f2,0.37730289,0,0,0
d759684b89fdf0d3cbaa033f8596f0a78a466b52,0.45512217,0,0,0
c204f7940bc73acd6893bff489fa970edbaeb5aa,0.12697499,0,0,0
96099eec30e81f16efd94f385b45707bed515ed2,0.5098488,1,0,0
0d52823fd924b806857d4a5bec6fa9f5b6ed30d3,0.5462328,1,0,0
5db13dbb9e7e6b28b443017397c8db3f82bacc95,0.39819998,0,0,0
80a819dbb4cd398a8eca38008656ad45550d553d,0.5221203,1,0,0
be38c1853ffb59825df763d61239992b9aff9127,0.040422883,0,0,0
06104090a6edc145cbdc2858ca224c12cbf66aec,0.10904143,0,0,0
509cb24e2c759eb17556fd3d2a158e3fdf60ab69,0.06650103,0,0,0
6eb761413871082d2ea128d8e132dd5ac06bbf4f,0.0601129,0,0,0
046f547b562ba2df5bc03f9a5c0125840a39cb2f,0.4435814,0,0,0
b24e7f33aa4c19352a5aca076dc3880b3924ed61,0.28254986,0,0,0
4f0841e04d88db62129618493ff85b87efec7712,0.4166674,0,0,0
437ab1b6235071e572cb3fd39aea1abb6a9a78cf,0.3223917,0,0,0
251bf6b18f83b8391ef3dfe83157ef5c51148fea,0.049401123,0,0,0
031f8ff3212c426ca7510dc6fd160dff22165be3,0.25779822,0,0,0
29402ee9790273d3957f70bfe9b281d3630d2f38,0.045251194,0,0,0
5faba67982689543f69fd316c38f16b7ce39225b,0.5719641,1,0,0
6f6f0f698dd81a0220cc74d6c10f545f23374bf4,0.040135726,0,0,0
de1d783fb598786fb054f05c027f54c79d054eb6,0.034328327,0,0,0
8847e59f64c43651db01a5c066c844940ddbc475,0.025117265,0,0,0
ad21dbcc8d97dbf7b553a3e1cf6c908854ff1ab0,0.35709095,0,0,0
321fd426406b6e60b6ea1bf9bf60857d6484f0f4,0.08200434,0,0,0
35e75829ef4a2cb124718e9a01301621d82ede8b,0.043624066,0,0,0
08233bfb9c8f554fa7b236d3dc7bd622d0ce154e,0.3821639,0,0,0
5155f49df062171fec0a73480485926c1b428e2c,0.50446904,1,0,0
8233b90eb074a0d04c503bc0e23376d4cddf02a4,0.28464225,0,0,0
f8b4e224b0c719e4d9aca6b26c03214963cd6af8,0.42673743,0,0,0
b5dd05b28613314e66cbd20906daf40424433331,0.36916906,0,0,0
b39a4adf6f31875e375435ca720a8d2e06ebcc53,0.38337946,0,0,0
81ec66a027bd860d6da043c3ec4c15500cd77b92,0.5655045,1,0,0
686d4aa79adb4d2b1e62a97e73ac150fb9f8b291,0.23358253,0,0,0
a55b13b7a0aa77d3e194563126f22db057873142,0.40121543,0,0,0
a721a26fad811ba618ff4fbf6371a43f851fb21e,0.2754019,0,0,0
9fb7a6368684ce4f07db72c4310fc380388f120a,0.33400586,0,0,0
a59d8f1b4504e30b36c7a22ef2e087cbd98a7553,0.15419619,0,0,0
c2656e9926477da08cd26d60e55691ba26ee6b9f,0.05297827,0,0,0
8dd45d4129046ac0b4f819e916beba6a699bad23,0.45799166,0,1,0
043a39baa8befc916faa0d4cca714b9fef2c19b3,0.46962568,0,1,0
edad71ad47d5f78d7cc93f2f281bfb3b60c56200,0.06265735,0,0,0
b696e321d599319a4bc94e055af27298c979874f,0.04888329,0,0,0
eb0d74bc8ad21b9ab7f588a9fcf129001ca3d09f,0.030596327,0,0,0
b01e9e0720f663f3e4fd0dd0a03e013957998f84,0.32568228,0,0,0
b03c73b9607fe2c49678d26ba19d9bf1b342e7d5,0.024645831,0,0,0
e4a3737c6c07420ee7c27a968c443b04d71c3eaf,0.1704582,0,0,0
b702664be09458c06c7270520c4500b5764fc036,0.35996014,0,0,0
388dfbd3f2f7ef66e0b8c62797c99305aa964247,0.12785234,0,0,0
e4a6a3ca3a5dcbcbbd65edde61bed03977a75af3,0.20560639,0,0,0
88acd6de3508aa297affb97625acce98877fa98a,0.3021601,0,1,0
eff38bf063fbd052cfe47bca56e4b2d8073b6ce6,0.38561824,0,1,0
aa4861217bd3f6876331309a92dd5eaff303b1d4,0.2935038,0,1,0
9e360ca017b1f639957c799a8b7b64047c286d93,0.56161,1,1,0
00513a091d6cebf1ed4c5e2b6619dc36a4b5bbc6,0.40065667,0,1,0
58d258c7768cfc3ab47e455549f8e10b8a3bdc0d,0.45847285,0,1,0
6322cd019c486b6b98cd3f94ad9097245be3447d,0.24414079,0,1,0
5c81e7355dfead2da26406b1c787e8a449bb6beb,0.4081708,0,1,0
caa82d3e1b0019b373c55c23168bb8c007fd6100,0.45587823,0,1,0
9e2996fef15bac17b20c641900f4e641c40c6aa0,0.4353319,0,1,0
9e1aa0406b26f67fd021465903a2627b960e8c8b,0.44537842,0,1,0
bd2d4a000c4d5b4377e9a28bb225d3f61d45de31,0.52811694,1,1,0
16e434606776d7961f8b67b7d1062e15f23facf0,0.36617142,0,1,0
d6dff710eee0d56a1df3a761112002e4a1ed5758,0.23792216,0,0,0
83f194c1842b431030b6296fe59ba4eb20ef72c4,0.23879847,0,0,0
2b0270addb3d1f3bade8bdf1cbeb7a5c263de9c1,0.48528942,0,0,0
dd9ed3fa5cd6dec0ab5573e464b2cc5258066695,0.22241572,0,0,0
746133b210300aa581efe5b6a9bcd8969f2447d6,0.53305745,1,0,0
5629107ed8ba0fc170a9cec00980d17dda25354f,0.023597334,0,0,0
93b8e303efe494eb2e62a8d504ca92b7b60bc874,0.044834383,0,0,0
32ab76c1cf4ff1f762364fe10f08a54e43f0cb42,0.0351611,0,0,0
2b9dd184be2aa29b7876b15436e9967a1683d8e1,0.028112577,0,0,0
0b2102cfc42afb2629973a3c0f2b9d614f33be7e,0.4189484,0,0,0
79ab66952eb3f27e99e71a902b482ea3d9553321,0.17687273,0,0,0
50f831cdcfa0c30a5c4403d77c363dc56de11e0f,0.028451089,0,0,0
ebfa9238effab582f48400c371a4b8c07e8d3bf3,0.2783745,0,0,0
6e2d05638b243da413658003647f1a33adb49933,0.048155703,0,0,0
8862e06dc4d4f47e3d7e9e06e8f0581fc4767c61,0.40068692,0,0,0
4779067fb3cea6527ea4fb9aef97b8497c516912,0.03351728,0,0,0
d8f85358851e6f59a50112958c91da7ba5c31c30,0.47097653,0,0,0
cd639652a35026e9e890b3a74dcdd138c3e1f395,0.05562718,0,0,0
dc59b87231431d9b95a2cdce857c7d6d09f34684,0.37405393,0,0,0
df416d3a5a0f688830c1787666b1017981b27233,0.39551023,0,0,0
72f1d8a48a261bb0a15bd879a51559ca059a24dc,0.32072774,0,0,0
75f54c482430c99e107aeb3ef8b6742007fd0544,0.16993676,0,0,0
f070d7c0174e3588c5f1f1347a7baa839c97262c,0.28817064,0,0,0
6ef334bf37cc066387da7cc06d6c1837e3427808,0.28835472,0,0,0
31b4fa6189e23d1bfbeadc4357bc680bb0dbfff7,0.37652683,0,0,0
46d1a118370309516351336a252c09329d51928c,0.3941703,0,0,0
3b0c26329e0d6ecce1d72536268e42db57fe1302,0.36826742,0,0,0
fa2875b53071a837c52a6e6a72bc229176210227,0.05277294,0,0,0
6bc8cb6861de786a8b7b95c4225a6c97ac13a76d,0.2992753,0,0,0
7440d7886c633fd99a994c34f261c2890b3897c0,0.32150215,0,0,0
1f564c2cb6346539416cc094d9bfb9dd50393de6,0.4719039,0,0,0
c4d6e6678a1380ada4e8774e5c66a4592ecdc5fa,0.43256992,0,0,0
2847adbb14c0d6bbbf2d905efd3d507a58424555,0.023574788,0,0,0
f6a5f157cd72d25a2d3da7a384dcf4786f511d42,0.31189063,0,0,0
9aea59329362a8100237a0076e1f071237eb76bd,0.31602702,0,0,0
607627168519405b3727ae869e5f491f65a33163,0.28116417,0,0,0
3a7cac6ea395f6ad28240b4eccb4d3379e622998,0.37988594,0,0,0
5894c4a557f8e760b78e49fd54c0c4a804c0b5ed,0.026983486,0,0,0
0729366497d231d045502806847116324e0b5434,0.116532065,0,0,0
627ca74cf81eb95bfd01d7f036fedd85539ead25,0.050913278,0,0,0
0535fc054080c5d9b8667da41b2dbb3dc88fdd77,0.047076263,0,0,0
563c0c459497a5f07a970068d4e84c835b20a4e0,0.055167515,0,0,0
d6cf5ed96ae5c3d6264057c129353858ea7aadb4,0.11909419,0,0,0
0ac6c73dbdb75e156a3e5c06ea443f371749e144,0.041238237,0,0,0
9cb1dfc36fa3c76c11930a4f6cb7ebc175a77c53,0.31839377,0,0,0
e81d716573a9c986081254aae1526883c37ef498,0.31007227,0,0,0
5e1d3501917aa22b0d40e48235d0a97bb74f1681,0.35932687,0,0,0
f09035290b1cdcf54f40c331e8c84d925eb454b7,0.4383111,0,0,0
ef9974af8ecfc809b18fcf3e238221a61e65b6fc,0.50731856,1,0,0
87e18b1cdd76581940c6c5e1d1eaef6e64eb02fc,0.36891535,0,0,0
b3028cfc9922fb266b2d0da59989b7782532f24d,0.043441247,0,0,0
751461e58213b0e8296dea6dbe04ac650c9ab728,0.31695363,0,0,0
422c4f5d6822a77679a2c70166d72adb7d426c98,0.30628514,0,0,0
f69ebbb0e8323cb635ded0d56bd5ff4b60f631c6,0.046399996,0,0,0
15aca89b0c1308137f66f4e1fa479a4673287335,0.47385985,0,0,0
7af83ae82144e9f7223a24ff96e544ddd1700bd3,0.10603483,0,0,0
4edd8c4a18ee1ac19791c63901a0917dc5224435,0.56813073,1,0,0
d645125364e998b3f0648c6909d1afe62791f836,0.088332035,0,0,0
ca6cabdc42c3394d55a2a20d5c6f8b6fd9f7446c,0.46361488,0,0,0
805f5ff26a689d3d89c64b13b9034d1292b7d3b0,0.08275914,0,0,0
b37c8aacf143318b992154b642f3d04b7b11f327,0.27548304,0,0,0
61d79b7e77f488ea2ebfe6862a29b4149ddf20f7,0.24396725,0,0,0
77986d18d70d7d99777d973f6910b52d84a802e4,0.32845637,0,0,0
2b5e291952f780e50df8c47707bcca2fc8d5b306,0.39697647,0,0,0
ad664ec95daeede3805e086a603971d2600c50b6,0.23876475,0,0,0
d20ae38fb8d7effe60a020efec1b5068a0e2ac8a,0.32183605,0,0,0
20d026bda72139b0b17e892e1ecea53f97e4569b,0.038433608,0,0,0
680d1b95a699e73ee8765ac846887adde681eea4,0.038785115,0,0,0
6860a7efc3c6975bb258fb892b7b0087bf1a14f4,0.07955017,0,0,0
86cc1db6887178f4c07cb0ebb190b694900d8cef,0.10775151,0,0,0
459b179d687021a7991475787ba82424001bf863,0.059860423,0,0,0
2579c0909256b6feacc87fb9944c50198fed02ae,0.030242572,0,0,0
296def5ae78622b8c8e6e4fda2d223d76bd251eb,0.218181,0,0,0
310709eb808205afaafd2eb23f557d9b2b0bedc0,0.2533186,0,0,0
f052896ac6ece2b36c36706604780dbda90b7f41,0.12401282,0,0,0
9912cc90ab10fe23ad633dd87847f170fa443874,0.106563956,0,0,0
165549671cdd9ee81fcc8e4e5ddfd4e62a116548,0.03028935,0,0,0
e48478c8bcaf6720b300b8fcd14475fddb7f5066,0.405864,0,0,0
f843029843558642c5c29f4788b539a819ac3a59,0.27014914,0,0,0
937365e1a9b2e185ed4d6af9411cbffae837916c,0.23457551,0,0,0
de681e1b13c5af66b1a1f2301d8b094525cf6edf,0.3586198,0,0,0
9b14935315ff59eb62aa2cd19298e19c4de76004,0.23681706,0,0,0
1457605d24601e45a6b21f72078b4063678283cb,0.41794842,0,0,0
2d89208a6d21e28961f0d8057a704fcbb61984ff,0.29295772,0,0,0
31d4e7fae9743ddfe08aa32c8e638af887333425,0.32689595,0,0,0
c77f5bda4f0dacdd5f69d01c2b7b1a4499b381b4,0.028947959,0,0,0
2b238460f659b0bb00f26f45fb9fc60968eb7874,0.042352762,0,0,0
f2afdf33061fb7cf8f3d0d2a0fd75b9751fdbcb5,0.027519077,0,0,0
aa40ebfb5968ec48600d3555fc8bf3b273bb7139,0.091543086,0,0,0
2e511a4809edabd77779939e43c448bfe1a30fdc,0.08957726,0,0,0
4c284fa75377ac279ebf4b06991896e587caefea,0.08066426,0,0,0
dff58f05b8ab7322a6dda1d1e58b54e51f3c916c,0.096557505,0,0,0
ede779611ce2e816b4fba650591f2f4b07ebcff1,0.08741229,0,0,0
24450e97f811ed25a25384f24d7f8a2158abf61a,0.08972925,0,0,0
ac14c89ec0a57fc14f37d709c7eb8f4355402d7c,0.08976756,0,0,0
70e28a6e5b835281b74b3c9d8b39fd4b30c86c31,0.32280245,0,0,0
3101596daf7b37b7db692747a79b20f45c6c61e9,0.06241494,0,0,0
2d7ee256f10ed2b235a533aff73b67166cf41e6f,0.22084132,0,0,0
6cd3352472b99d11549c66326dcd1243c551a4c8,0.15355182,0,0,0
c9bac8cfc4563b5f377ada6db19b0252eb57b4e4,0.3217161,0,0,0
a48323e4877e3466d9847b28d26103457de05719,0.22422503,0,0,0
9758c4f3c61fb0c814e4c54e378812d388e1269e,0.026834903,0,0,0
b93829390d6eb3dd337faf79235bd8eb2efdf17e,0.026535468,0,0,0
a3c33f6ee887789e695f289172bb7a7e7beaea5e,0.35856622,0,0,0
00f44612507728a678f64d8bc3144cb7ec49d0ad,0.06333619,0,0,0
a9bf61161b4343011d51724a505e82339fd9992d,0.14411914,0,0,0
c486706099b3dc4ce34d16e4e0a3173b9de7dd2f,0.3175591,0,0,0
6a46b00a397374989dd5038de9310d292fa88452,0.31488162,0,0,0
04bffa014d7473d62b972a4376748f4381c782fa,0.36191577,0,0,0
c172c147b3c33af78c3d7320939f416188bdaa93,0.115847595,0,0,0
af46d68230bed03777625577374204b2cbe22e9d,0.25370058,0,0,0
0177a34c51bebc5e028af7682a6c6d1ee9c271aa,0.15232609,0,0,0
e8626b9972b23f1902e7e4c0b2ec03c4cfea91b3,0.49376523,0,0,0
fb39a0a1e1bef9e40e9b358278e783fa7d402314,0.028536709,0,0,0
1cf57633c98f5559c203bb48f1d8e2b22dc459ba,0.25295457,0,0,0
621d0f57e3fdd279ef1e8e0e9beda859e9d7be74,0.42103115,0,0,0
4c3b552c6d3e8f08e0cd41577292103a5c549142,0.4127962,0,0,0
fbb560af0395d2ad4674bc6e0f406aa05e3bbf95,0.53236705,1,0,0
c7ec8c54bf2b458a2002f24a3655c17a2bc316a2,0.11677407,0,0,0
7c0f14aa7c14e9397e6cd68683bdab77218a5d92,0.27422288,0,0,0
57370d049dd7b05d35096ceb475b4f80494db5ed,0.11355446,0,0,0
222061e1a92d6abfaabfc9406cd655a5ca8ea2e5,0.050327536,0,0,0
064cecd073953686418d089495eea9d534af9e73,0.037855294,0,0,0
add2c3098953d0766950e8dc78e3484a46bcde7c,0.03131524,0,0,0
430aff38a3c4428ce43d0f30f259ee0b8b80122e,0.031623147,0,0,0
eb4e834b6ae3a17756bd2732ced075ad4a0e5ba6,0.51947063,1,0,0
d3d180e84143f0e801bf73494b1a71f77d2c25f7,0.03411675,0,0,0
2ff50c9e620032456165037fe00f3edb99711d53,0.27962956,0,0,0
71a07dcf9ad6211b83810ec187b617d005b818e7,0.24510354,0,0,0
252254380c6b9ea99fc978b6abc1b3b4fccf9cf9,0.38741955,0,0,0
d34cd289ee1291b6a7d1b4675394248be2b8ea6b,0.3567978,0,0,0
3fffb43ecffcd08fea1f28f6106d5c3c8cd97091,0.03645938,0,0,0
ad548a350635141c415930c70ce31d8173592a0f,0.4341525,0,0,0
3286bf48497f3f831f5034569c8d37da1ed6e76f,0.37751883,0,0,0
38d899e0f288a24173a6c4c5898bb176102ca9b9,0.44327247,0,0,0
e9999fd04a6338058d27421f427304699dc53c29,0.40791303,0,0,0
3e1cc8f9b982bce46c6471475bae47c281be41dc,0.2555571,0,0,0
653ffe15ad341350015201a1ec3188faffb4b9ef,0.29298514,0,0,0
176910a51361cbea23194d5483256594d7f09ece,0.60876644,1,0,0
4fd9e0be85d9dbe6b969cfd434dec6eea988228f,0.63273877,1,0,0
294b73583fc0dcd548ae95a841829f9ad2ab3ed0,0.69365233,1,1,0
8af453cdab42b5276cec2e89d83ce5c87d70a137,0.3207514,0,1,0
13d84663bc4eedb2e9e4035af75622b0a3cb480e,0.23309192,0,1,0
5a04dc554ef53ddc39895a9211286b9fb2e65586,0.31185916,0,1,0
24bed1a9bdbe3a1edd46bc3b2af83ee385e041a9,0.5187807,1,1,0
51f09376456ed8dadc2e801afaa495863fd7ee3b,0.38498735,0,1,0
72562004cfa5106472f61efc5d456788bbc256f9,0.54337114,1,1,0
160a0d35f64a52b9e31a725adc2672498d1f3f29,0.34233415,0,1,0
2ddabf3b84d42184d9781e02a936fa1160177866,0.7134037,1,1,0
ffed230ba8958ba3bc27310b71b0c6df589c3e63,0.38022152,0,0,0
add1d4f07c925b8a9044cb3aa5bb4abdeaf49fc7,0.05061477,0,0,0
6cb6acb44a1cff4136125faf763e67525ea696b1,0.3145663,0,0,0
1ca3222078064fe4bc1f92fc94a58cafa39f2643,0.2573814,0,0,0
f183402ea3aa777fd7fe822eb794837a8e0b3478,0.05707765,0,0,0
4a188d8d13e44b397bb40ce1280279d0c9b1feb1,0.44248268,0,0,0
3d51e770c28b404ac119acd7c108ba174251a929,0.14264928,0,0,0
1e802da3a611eb2953c4ec3c650436278d76b9dc,0.028405808,0,0,0
3c07b123c22a2fecd875e76371afdaa5a1d5b9fe,0.2385407,0,0,0
c6af3ed8a52ddfc3c54c69dab18e36345ba5b92e,0.21934617,0,0,0
e4aa99d3f603e70c7db3a55ae5d59470c1a37f58,0.28773832,0,0,0
4170eeb054ba1414eceb08ec6c0fbdbdb17eb5c2,0.3276254,0,0,0
cc2fa8a4b8f4508dcc05044f97acac50dd49259b,0.12773885,0,0,0
16dba64c31c3eb18ac916d49f1529fe4810fe754,0.5429722,1,0,0
b5284cd9b0d66523f6aa0a57576beace90c86e55,0.5777524,1,0,0
fd61fdad30c073f5b2576d1dc65452c5e4dac657,0.60558903,1,0,0
1c7552b1a3c2bbde15f98671c7b7c1424494c128,0.52517736,1,0,0
7cacb1830c3385098d308979ae45e3ea42b9b16c,0.038182057,0,0,0
608d50697c5e19a8249dd9290cd15b652f5f01a1,0.3106649,0,0,0
fe87b23fbd86d8f978142dc326231ea6bd4a61f0,0.31983387,0,0,0
5068b6f0082a020a6124cd7e652558efe3ec5f37,0.25409678,0,0,0
b5a63d8162d8756e4ae73b80ff125439a1b47613,0.035950933,0,0,0
24664b9397a6dc153251ffd7a4d3c01515988748,0.23669064,0,0,0
2185f5946edfddcca8a5bcb76160212bfe2ef797,0.37337145,0,0,0
8eb1f763d0cb0f98de1f12e3d48d9c516f5ac7a8,0.112286836,0,0,0
77a24a9fcd3b01961f881143e485b4be0826c139,0.043151133,0,0,0
23184e15023157312d7a8afe0adfe30b5d7864a8,0.4436068,0,0,0
b51ecd27cccc520764c9ae53cabcb61d67d46d15,0.55603427,1,0,0
8a2ec5ebd9afa8a299cfdd5d3cd359898346588a,0.052456036,0,0,0
07dfe0f23c3aabdb4dd47d2a7a26bbd75934da5f,0.1501625,0,0,0
b7c533baf4ce8f0fd3d3e7d521cc355e71bca797,0.3583909,0,0,0
daf6bd54af7149e06961607f36e3034aec1e70ef,0.03456345,0,0,0
d3c8c564ceef470411821b5a6c82db17782ea3b2,0.41831017,0,0,0
0a8225712e4b4a4471c5efb1ca11e97e2ddbd71e,0.046202175,0,0,0
9d7bb4b52a78301ea6256ae20279a8db63523e99,0.268423,0,0,0
2ae95bd6e65f698120eb3a7b774b4a7b252ce168,0.4993809,0,0,0
8205f0d26abda68a740de8c962a32172d2bc7e8b,0.4830065,0,0,0
833ccb78e61f01d1525f6c6af6757ad573d8a78c,0.31008735,0,0,0
b2c982294b90f03d507e3078b0b3bf0a359a29c6,0.043150667,0,0,0
f37f373a04af7de05b089a55bfb4d2d86d055fce,0.31182572,0,0,0
9c2d135bb030213819e40f73c47e7e33d35ab3c6,0.26491243,0,0,0
3dbd158c7b0b1df5785d3a395a3ae058b7867381,0.45325717,0,0,0
2173d87cf4aa84937abe438d0f836c8fdd3ba1c1,0.46104613,0,0,0
ebb424989c23060feb869e0cf817a4d5285c853e,0.32157624,0,0,0
ba8c6e130e524fc1454b279ab329b03a9877b13e,0.47835252,0,0,0
e354e067ea6b5d099db609aff76a199a81e92d12,0.38268507,0,0,0
c9621e30ba79b20322f449e24a2f438918ce33fa,0.48119727,0,0,0
4f9c6c24a8b4b03e2836c77fe2e53e38b6519420,0.3047709,0,0,0
67540b32bea000574561485e11f7f033be1dc2cd,0.35133716,0,0,0
e2f82b25d19faa263bbdbdf074948c6537d85e3a,0.47150305,0,0,0
ea7753f06b2fe66df61b63a49558ff80ac3a09bb,0.053492203,0,0,0
0f39df025ff43caff8a6fc0b841ad429379db242,0.28492728,0,0,0
6903248d4ed5a383bf0fa080992c038185221a59,0.48667282,0,0,0
5ed0d65dd3b79a990f8f8c4974c3b20c82964e50,0.32858923,0,0,0
fc996e7530dadf0cb498ba1970a6de5ea6edd817,0.31981647,0,0,0
448ae1c06150d4fd62939b5a31f38c03d9a33c7c,0.3323183,0,0,0
d4db3a650fa40ee89513ff581653dbe2d44cb671,0.43389544,0,0,0
b8f966acb480b84e8076a539b346a1ba6b29af69,0.36163434,0,0,0
22e8511f2f68b536a0b1c31b2ec271fab255d5bb,0.26630116,0,0,0
3bbac90fc37d225ff4eefaab018fe6147a5a0937,0.21827926,0,0,0
83d06d95dd70db6e3340afead3bd32fa58d9a396,0.4879039,0,0,0
dc500a7adffbb3cf94604097efe1eb93bc43822d,0.34901854,0,0,0
f944f5cc3dd7874dac049e0c8c4d7212df781452,0.047171574,0,0,0
14845725ea57e4ff110bc5fd838aabe6e6d20c25,0.23668252,0,0,0
94a3ac5fbd184bde121f94895a5bdf22cf034d70,0.19998585,0,0,0
d86d0d56e363a20ffa1ef48deea045851fc49d91,0.20483212,0,0,0
251b167e9a17d29b3da6074933acaf92cf5dec81,0.309334,0,0,0
d16b6b8ce843e6e931cb8dbc92823f82ab10ce0d,0.46171242,0,0,0
3273f2572f79bfcfc9abe1d821a9743108c65ebb,0.45418426,0,0,0
345f3db49a7f4e662d117fb778bc66b49de14dae,0.24477582,0,0,0
81d3805cae760e12ca120b2725a6c31b83da035f,0.34490204,0,0,0
239ea8fb3cab9e2c052d933e8f0ae25648782e95,0.27574295,0,0,0
6128d66eba5b1dfc0a5e047a057c33d00abac6e7,0.30742955,0,0,0
7f6a33d94efdfa9f1db4bd71da6ddff10aace45e,0.30269995,0,0,0
843cd6eea60431ae527164f8fe9b0e054c7f9157,0.1936177,0,0,0
5e44c4e4be97e93f5d13cdc7bd52b7374635398c,0.42649156,0,0,0
36ea4c00124e0a44cc32c9c2d11ff3f77a2da541,0.23402518,0,0,0
583c8311df06e92afcea0f3c89d085a980e2dd9f,0.24706547,0,0,0
1ba982d80ba74544730f36f3cd46cdbe894a9e6a,0.39611784,0,0,0
d41221966cece5ed8c029a7e941b5d621486ddb1,0.52139485,1,0,0
4f72517b0e7881107a0db3046f0247ea2218039d,0.46056503,0,1,0
8a127b81963d28a06bc438c47dd551f860ee8055,0.328693,0,1,0
80ed7676093c6ee19c271fd9414d360b6a8d1712,0.5271898,1,1,0
eb15183f8f1272ee3cfde61eeaf048c2280f0e23,0.32609886,0,1,0
c96a3e5a40040ef43e0a51935a368458763d3424,0.6814255,1,1,0
e4472979707c9e59ef5edc9f6541902310d3d036,0.43152314,0,1,0
bf30b1f2af61a37d8e1215e1af6022ede913dc2d,0.4684443,0,1,0
03264295028ec1baa23189bdc5b3ddf09c16c94d,0.18480667,0,0,0
5627e45ac3b893b7b8f69566738f8f09167fc87a,0.038026124,0,0,0
d0474edbfad324e68daa95e58d73b670d01ffca1,0.15055281,0,0,0
b227b3b6aa81ad319bdfe91a7611b957f0beffdf,0.40832153,0,0,0
7e303218009724e91ed7d3a008f89e8659567072,0.034275018,0,0,0
06d969a8fe228de6a637e832743cf6df518fceb0,0.3547433,0,0,0
c06fa14c5e96ee1114e701cb522bc84e0e1a1a91,0.30521715,0,0,0
4374b673a2b2ebbc7042c062b4f87ab49dd14930,0.36297476,0,0,0
2ac8f67206fdaf6563b97baa9ef4cb2bbdfb8c70,0.28641236,0,0,0
3d2e4a013b9f1bf0612afcf53eaa996d654860ff,0.27493796,0,0,0
de39dc6e141e79bc5eb87616764247867ca11449,0.282547,0,0,0
7befe93c8533645ff3b23cddfc7c7eed56b8ed80,0.28495044,0,0,0
e83e010913d19a91ad9ce75adc69815a974f7c0a,0.3324266,0,0,0
97abbb745f31c635c5e2b9a9a4edd8ec7c15430c,0.36872742,0,0,0
04c041211cdc102ec44ca098a7e7ddfee27a0ce8,0.17946807,0,0,0
40448470d6384fd4128840151a62be646f1eb88d,0.28072152,0,0,0
3251bce2d463c4ba51fc24c04904a8e3ac886c3b,0.18322225,0,0,0
07e0698ed6961ac535a8971e52d61e53f877f58e,0.39967713,0,0,0
9b841a30265fe0652e5e94c338ef82970363f4ca,0.19169423,0,0,0
387455c408f9de0a9870a215e1e6b9497bef1eff,0.59296256,1,0,0
81d88e666fd9bdd3424b526be46626704e0b9c7c,0.47734618,0,0,0
4904788fde58204d5570dbf2268d8580a5d8d4cf,0.12925676,0,0,0
cc50f64aa8598728365f282056035cfc094e7bbd,0.22086795,0,0,0
b433eef1c1ae41112791584346558600d134f7a3,0.17043337,0,0,0
1fe62a02c75c1a1af4df78ec1b269837dee69314,0.25016007,0,0,0
100cf21e5b877d160eefebdbe109b331427aff3f,0.4909126,0,0,0
227008cff233f9424ab37044b2c0d7b2d178c330,0.0346963,0,0,0
4b46a1595c4c8688644549b3cd762819f4ccfac0,0.53247243,1,0,0
d3bef0558d47861d85ebee02bfbbe09d67a60c3c,0.12934336,0,0,0
475e02f6b0f0e7b650b44929b19cf6d5812ad2de,0.23089044,0,0,0
b5981e07909d4d1626d6f0ca359d3124c932cd60,0.2767996,0,0,0
20a1b9578effdc68ea07870f49e4e93289d86e1c,0.24230249,0,0,0
06827d11a7bddc7a02f2804618219b862f63ecdd,0.4395454,0,0,0
687fd988a316c937698c6c550b3c87507a60e361,0.34971532,0,0,0
53065084d622423dd086efdc6e76729f97d463e2,0.29547194,0,0,0
ee4ed5171c34694edac71add10dfab9abb6b003a,0.091561094,0,0,0
bbdd3e827d23c085d6c669914efa2798313b1b52,0.2511988,0,0,0
aedbfd5bef8442e5559c0439ce157e3b8cc37269,0.221535,0,0,0
769df5afa88c6ce4eda5c675626077a24827181e,0.22066523,0,0,0
27641679e9fc948bc33ac13dbaabdd831954ca29,0.22736283,0,0,0
70add68322e8145ddcff59c2347a40c0f2e9addd,0.22114079,0,0,0
4a4074b7f330d77f296c16abd82cfe026de31f99,0.22337465,0,0,0
f5b48cb2b84d0cdcfaa99efda564a827f18bb49a,0.22869347,0,0,0
3e7ca122fd7cdd5435b5c8bf83b234b3f68bfb89,0.3027799,0,0,0
241f2ba7aa3225724a80421b56075aef7bfb21a0,0.23650433,0,0,0
92a3a06876fc47d55d189f6483b1efc37b1c59bd,0.23096912,0,0,0
b0017f772daa5e7f05094e38e4bec9bc99e5792f,0.21101277,0,0,0
f1532f0cdd5cfc6c40fdc85bc50d22ef2dba699d,0.03237022,0,0,0
5865fdde89b92235cb080637810e178f21bbfc11,0.029681673,0,0,0
2f2698fa5739eba1cdc3bdf8299a754fb98ae871,0.05036076,0,0,0
b82b8b2cc51220537d247d45133838eb868fe213,0.18723471,0,0,0
e0d62420f7020b7e6a88d6f41b27547eb8ac397b,0.2621361,0,0,0
1a0330f912c0aecdac5a394997932e94a618a4aa,0.24649957,0,0,0
bf18ab3679d025b4da88797bb9759f45b1eb00e5,0.28265467,0,0,0
7f384e85ea9ad0fc7f4cdcbf9451dece694ac63f,0.29800442,0,0,0
3ad097a555013fb78f35643d2c8c201435aef8f2,0.17583376,0,0,0
0da91a3b68d0ab6c28c89bd03057704c35ddec35,0.2699661,0,0,0
4aec5c55ff8bd122cd5d8cf093a595de81bbdce8,0.3001045,0,0,0
dc51387cfcd868ea837da2b7d2be87c70bcb8f9a,0.22334068,0,0,0
b24dc73be37f00dc35bb1e41cad90c703c96a13b,0.06347893,0,0,0
c8c91b47da7a68bfd7b335d664934c302332b06d,0.32614908,0,0,0
98b0e857a4e8a54739a10e5016b6ef3b9753af77,0.2098741,0,0,0
8025b2aacf291bf9197171d9ff1f7a693431726a,0.18657161,0,0,0
2106a8ae107fc2df9099b12b23fb89f95d449f27,0.025018843,0,0,0
a94943098d61f48a5508c2ba32996a0e98eb1704,0.17391045,0,0,0
35b06e09dbebf887afb6ba5191451074496571e5,0.13367294,0,0,0
8ec1c52351aba784e90c2cabe8dd3639f233debb,0.25421625,0,0,0
0aa96a17f8cf9c96874c9519c93e9f7723d41adf,0.38249904,0,0,0
62950beb8d9ae79097a7651cc3e1fcbd8d5e31f6,0.23475789,0,0,0
bb04d083026dfd018eeebf5139850c34e6b49b1f,0.32655424,0,0,0
6b0c5a3b409511646984f34989ca7826eb4379cd,0.37955832,0,0,0
960febe9458e4213133bb7751c8ab9c3c0b88bc8,0.3013595,0,0,0
a3fc218ad914c8e1de13ec3d5f5fb4a54597bc8d,0.37605023,0,0,0
fdc460dce69c6ef2caaafaf9628ee94d07d17625,0.048529845,0,0,0
7ceb5a6b8236517d708d7965f4873344c5630969,0.11529576,0,0,0
bb9dea37dc558378dfc6559133171f45c6a3b5b7,0.30759126,0,0,0
28d51dace3fbbf8f0bd71f749e5290685b0c5df2,0.25839552,0,0,0
e74df2c0e90e5e4ee92a0d45fcc6f5db5958861a,0.034155462,0,0,0
05b614d6042e1852b8bc14fa0fd66adcbc1406ef,0.30413106,0,0,0
05164d24d77b4f05a309cef5375792b08316f1b6,0.22191902,0,0,0
efc4809b7b73febc18cdd8976ff8e9d6d4537ade,0.31920812,0,0,0
93c12bbb6d22a165a407b6184cdb40545f86c683,0.4229066,0,0,0
54a95d899854ad5a0a7b896f99cd8ba68b89d471,0.6300957,1,0,0
df7a37858bdf7c465d6ba96637558695e42e2fe9,0.067730986,0,0,0
cb9d0a8369704bfc94a84371561d30a6b4317767,0.27339834,0,0,0
db1483ae639de19872a023e2af418ac695361500,0.20222236,0,0,0
7a8ff741e0d60d6430be6f8a25bc1bbeb65832a2,0.22031528,0,0,0
0d33e877b1642b1bb630415304b8d01de2ce427e,0.062199496,0,0,0
d700649c1748cdec25ce871925d80a1356e3147b,0.18226129,0,0,0
4f30fa5358a7712bbaba7e25d97166d9b4a0f0a0,0.35246477,0,0,0
774228b4c6d5e6f8ec239bc9a3d8f09ca7bfa51b,0.31217858,0,0,0
ae57c74449db1d55abea013eb0274fb9a1f636bf,0.438438,0,0,0
54567ccc2ec5ca96bf70b0926b56e97659574f4f,0.3122671,0,0,0
2a354150a2193ad32311e675d7452c8059be3bef,0.30602622,0,0,0
db6cf117a225ff973a44972c5fba128b1228a99d,0.32657167,0,0,0
6faa7858155e8311890f14e486f43d5f8cd69835,0.2863139,0,0,0
4790afd48bb04258b01965f601f979f7c71cd472,0.30284867,0,0,0
6535c04c044a9a1ff76410251e43932ebafa6872,0.07113031,0,0,0
69b4784b44ccebceef03b445f420240d07a85062,0.35640284,0,0,0
5cc4b1638d331d9f6bfa9366e26acade4b412202,0.279599,0,0,0
11b6cb54670ec16f8597851cb010c62c6d3a6578,0.1823668,0,0,0
881af80e8016adc72f7c577bbb88e0aa37c0505f,0.21659222,0,0,0
c1f539ad85e47c5052bf0e123ef7264fbe5d73bd,0.2258041,0,0,0
9fc8dbcd054fd82e8fde73c50b63832b6359f476,0.26971567,0,0,0
a2da1049443db9db3e2c06cff58463fe6cddb978,0.5371832,1,0,0
355dadec5d8729f25fe57408f29c75e64ee65623,0.41994652,0,0,0
41ba47a04626704ef2fc49ba03b0be0939879271,0.052423395,0,0,0
cb497ff3ac18bb0832106b624f43708dcb28e034,0.09404579,0,0,0
70f1e65a1fbd882442829cc377be937db4ee1acc,0.30080104,0,0,0
a1e4f67e9d5480de3d725295f562e98f6c45d79e,0.15689377,0,0,0
60e3bdcbbd3f84654d6df895af97740408ba2bc3,0.39985743,0,0,0
52eab6561b244a4c84572a04bf6bf05144b2033b,0.33940172,0,0,0
dc4746b69a3580443310765eba606be998e2da4d,0.38963675,0,0,0
84e2cf153d888b5f3a73bdeab13c323c6405c1b1,0.31030816,0,0,0
8ea2c18f2b69ca3d9f3a8a1033aa6078df745176,0.40914088,0,0,0
2a7594a7ded5123b99791b0f16265833ad35c81a,0.42072743,0,0,0
d8bef16525907af19a253e911c964d630b1737d9,0.21796758,0,0,0
f3bd0b79313c65d41260a7dfec6e041cc5e24674,0.24103256,0,0,0
56d6858f3430e33398976b02f23cc82c25641a4a,0.09680798,0,0,0
7af57e58daa9872f2066d7d521f5c153d7e372db,0.13942033,0,0,0
3ad7450857297ed609c5b568fb55f77dd469d8b9,0.23018864,0,0,0
190dee5fa3b5374f95ae8b3673705802789ed0a7,0.08049612,0,0,0
ed403b6580ed403a814e1c821200f302ffa5805d,0.1751051,0,0,0
03f8b53af1526c038be1e0aa6f519a6c73762758,0.38334307,0,1,0
6114f5479d0bc640390c8f073b40eab94103451f,0.22185092,0,1,0
b925070f3842ac0ae2cd816d7dc99233e7a6ddce,0.22181062,0,1,0
6bc2d25ea6dd424148786f5e0cddeb42ee072e79,0.3670916,0,1,0
2280cbd563332a1b9f3ada9de77af40efc6c97b0,0.34699476,0,1,0
d254cf2bd17588e5111841b0ca0d349a0f4a6fd2,0.39191726,0,1,0
a3cefc2063d220efdc8a42a66164a5ff0bfd690a,0.65041786,1,1,0
d8e760bd13b8a5c9ddd2029f2ddec3fbadc280a2,0.05253255,0,0,0
fa2fafcf1e1eae47296fc8ed1d609225ea381971,0.24833749,0,0,0
b0bb65029d1e3dcf57d8a0a56e4ca7cccbd18db4,0.019068409,0,0,0
624cdb14f819ec4ce5a5c02df0293f317cf9737a,0.036445837,0,0,0
a6feb941e5ff8fde22865f981d912c6d5f48546e,0.53332627,1,0,0
cf032314f935892a8cc5ca7a43bcf1c9011f3242,0.5035008,1,0,0
f675cbc93ee4bf7395befd90303cfdc79265cee2,0.43626404,0,0,0
5226462744f1e3c11fe5477b543a60b18a80e548,0.34662902,0,0,0
71841bce6f67b8e58b26caaa49b5c0b1f7269534,0.117479555,0,0,0
33172a83a4eadeb7084486256c57947567ddbf17,0.30355388,0,0,0
ff38c184f7b5e1e2b9ab88b22464041eade680d2,0.23430683,0,0,0
131e4926b7a31fff3c6bead10bbe6dcd15e32bf9,0.27476028,0,0,0
377dd0a46189c53b9af1f89c7e4e9e1bc7698646,0.061056662,0,0,0
79a242ec3ec8208a9187777cb40d8c269f3cdffb,0.4596975,0,0,0
db69349c601fca02ed236064bd7c20c359cd9707,0.20221162,0,0,0
3e65ff983dcaba073337d3a15b21dfbee2eee4c7,0.3905362,0,0,0
86b6c0cef9e1d09db327197ba2cd64f404c22988,0.18395469,0,0,0
83420394a2e397ed46136c40081e437d5af9c2b5,0.08479077,0,0,0
f61244c48d22b86a9c6de16fc4805f10d8d4777b,0.19635981,0,0,0
89d2eb8fab09847c42ca1eb32c62e0d4ef7699e6,0.031092849,0,0,0
661fb0c9c01c87410cdf1abda41d78906656c7e5,0.37099147,0,0,0
71a4e3f5bad9e17e7213368de6af803bc3cfc160,0.30253518,0,0,0
3832b54d4d6f8a45c7283fa42569e59d66ce3d90,0.20364958,0,0,0
53b6258b2465362ccfa3f85a482a9d54425b6d93,0.44394907,0,0,0
a310596a75ce3e0cccf268102f070ce85cf9384b,0.29923895,0,0,0
80d570d77a6f0ff71bea6fddb6519d6bc77f408b,0.3782472,0,0,0
9994ba2cdb0922cc16261cf2a165d9b7a66092dc,0.18202737,0,0,0
10f7c22ac3955b9ec0879367fa76f6c14821f512,0.20702589,0,0,0
19c15bd468dc770e255738fa474956d37b8bad07,0.17919023,0,0,0
2bcd63e545252c308f9d8b51d8f357155639e861,0.31469637,0,0,0
31dac7eb1e2c3683987adf686b0f151925d51b94,0.24544664,0,0,0
b6c1226082e9272a3a5eb37422afc24740e7b75d,0.3428939,0,0,0
1f06856824ecb1896e15059704510455938372ea,0.42284718,0,0,0
41157e7a305acd42d820b0dee0dc6cee228142b9,0.28430444,0,0,0
845fca72fb3736ba07f9f35b138295d77530e500,0.51110274,1,0,0
62e139bfbcbb1c70bd622081932b133d09aa4a62,0.5370995,1,0,0
4f65842c59170271f82f98b5eb3a985f198420a1,0.2782362,0,0,0
2f92ec1b0fa868d2c59270abd6630a3cdf2d02d0,0.23832858,0,0,0
10636cf7f281864685b64efb6b013f57331c4615,0.26660892,0,0,0
3187c92b9b39a2f0663f42d2ec2e1ffa8c45db10,0.29347262,0,0,0
0b10d14e48d1937621edcfebec24a2caa6676184,0.36582217,0,0,0
beb266a7c1a91bea734bebcfcf0768790055e8ce,0.2716406,0,0,0
e45d91d0386a32edde0ed08b57f53ec2cc1de3ea,0.35881424,0,0,0
93b0d6b3acb2d3be277ca8c2799badb005686429,0.4938233,0,0,0
6b436a0dc1c32095698fa777ea1365f5bbfc672f,0.35886803,0,0,0
1d049600404981120633155a69a2effa10b26cfb,0.08338438,0,0,0
29cf07169ebaf45dc8eab6c7e55c0039b31dfa5a,0.39538002,0,0,0
b4d173d3519854993014731e8b8c1e73a137379b,0.37114477,0,0,0
7c272bc96e2053ae9960e61769c38696f4f3b854,0.18952541,0,0,0
6658eba6826100e9059186809927f398446e33a4,0.41463158,0,0,0
8fb9b82b186fcf137854e60f48f84bef664f10c1,0.2111342,0,0,0
fe71bba6f74ce54fd2581af15db777772d7d7be2,0.32896948,0,0,0
63379962669775afdacb14cda8a40cf9c4c9a043,0.09737774,0,0,0
9540122871676a511867c3d2ba54bf76401c8a91,0.30299577,0,0,0
064c814833c50fe1f3f87771e6e85dd6b1dfa42a,0.09590707,0,0,0
3f28c60b2ccbd4d3965eddfc2e652eb0027b10c9,0.46069363,0,0,0
9773e41c076aec1cb86f4438d37b01a97b852a3a,0.22862566,0,0,0
75965fd2aaa2ee1c5f34a0ea92b0a444be2cfc85,0.5017223,1,0,0
16f001b4ed6a2507861a50f73f5deed8e86bc6ce,0.28611982,0,0,0
c13bf71d3a1e8eebb624e8a113363998d1664263,0.35143927,0,0,0
cc70e908fcd9b309187789fdbc20249ee3eede3b,0.35036805,0,0,0
25d9407086393ee46fd5c981d8deaa9da2c17be6,0.28916672,0,0,0
0d4bfa919943d2053868ac7a48c2757502c5cdec,0.31848338,0,0,0
88bc781f326d51424680a3fa6955632a7883b7e8,0.30026358,0,0,0
8bcd036741fad3864b785cd424405cc7da6150ce,0.31894812,0,0,0
e9c984fdc9fa6d35744038685698ebc5114df676,0.16353601,0,0,0
56a4b2ae7539c2feb5f1a049634f07f2da082494,0.18061507,0,0,0
53d100817e07683df4932f3dffb94873d3c72602,0.26402885,0,0,0
ad403802e0a705e215b46cfaf4634bd674f6a3ce,0.1671484,0,0,0
773a012cf8b1f125f6a128481bbe2b531beaa023,0.41082135,0,0,0
55965e964deb71b11758bf7e8abdf698ed7dd26d,0.34270158,0,0,0
1ad8fa191c5df90d9f0388d7c483d57724860040,0.34947094,0,0,0
31d3f3456ca68f29b98ce5650dee94e1127dc805,0.30215308,0,0,0
0431fef427b0ccbc8220cc7d90e03b543fb1e98d,0.3405704,0,0,0
23977d0e561b71060b00060ca4d18cf0791ee77e,0.19601093,0,0,0
2c555d3f34cc96ac8d6f6cca07b69ac79cea57f1,0.2637679,0,0,0
de80253102670072f7a4f7e1fbb64b69cd53dd64,0.26883018,0,0,0
4858db950be1536b0645ac6b183a20196cf01770,0.35292405,0,0,0
10784b87b548683a5fd37819ec490f8272b7c806,0.31306368,0,0,0
0e85b8d81e5d8788c3b29e4979d9dd4c50e57c55,0.30800283,0,0,0
8bcb17d2e99f7dd4bdd81a103dbf839589635c3c,0.13350476,0,0,0
6c2fac139550b0168d254ee4b925ab206ccf359d,0.13877457,0,0,0
040cc81c32c269fdb4a972db04251c4691f5389d,0.44061047,0,0,0
9f6fd35b16cdd19bf5fa3e8abaed17852bc1dbd8,0.24347602,0,0,0
75c6369189b4ae60c08b21178d0798355b8fa281,0.27810252,0,0,0
cd326abd88b3ef686f566e0b1735b53383c627dc,0.3352776,0,0,0
b3f1cc30d4e1d9627ffe73e0394048dad5af651b,0.15698704,0,0,0
c432a075e7c1bca79a63eb2a8f9d9ef5495c0e48,0.49236763,0,0,0
8672c3560a180a36f854458724ab7b40ee8b9d54,0.26185593,0,0,0
8e1b54f21160ccfdac07039b05f6a4050114b965,0.26551622,0,0,0
6a612f3c67cc92929c236c69e70b0131726c6808,0.35458046,0,0,0
cb48137d5ab27db5da09ee3940c2cf93fa47fcc6,0.3010945,0,0,0
f433a99608baf7ce378478ad212754e9a386d5b5,0.31926772,0,0,0
b572ad1e3f956edc958b0142c0e6d296a9d24c6b,0.2575784,0,0,0
628e21fcc75ddf52ff2ad5c67ee7b4840b6357df,0.24424562,0,0,0
00354024c64400dfaba80873e55fa365d45b1f9f,0.19916952,0,0,0
75199a4d3244bf3f97979024ac15a55728cb0860,0.2565366,0,0,0
0eca91ae405f281e734337024bf499bc2e90c8dc,0.23526691,0,0,0
5ccf73a33230857f217a8e456301c2a0e59d148b,0.22046317,0,0,0
6aa057ff95f0c14a7fcb562020d71bde571c2e87,0.3779715,0,0,0
9eb1e02873e9b56c55ac6b0bd253d5193de15b9c,0.1339159,0,0,0
3df225721c22a5eb7b7b74e774ffe5a0705965d6,0.36092556,0,0,0
16626a9b8fdecf3fa80876a244ff74dd171b06cd,0.37241566,0,0,0
8856608a047f389a40f6d1f409983de139b35850,0.33323723,0,0,0
18e6a973234edce2e46a5c4fd99ab890e8594b31,0.31789207,0,0,0
7908328f012778568c6da95f7081b8c4b9754009,0.3646631,0,0,0
f283f4c4b6183504135a98a3e0d77eb89f391bcf,0.54124886,1,0,0
e45c8fbc3e119e5044bd0143ba253380ec45ecbf,0.36648473,0,0,0
f4bc7cb026b668257dcd5b083282fc6c2f70f2e9,0.39873776,0,0,0
11dca5f8746e7b7d43cd62635497946d309fcb60,0.13846542,0,0,0
f05518d99227ade0b7928592c28a67ff1f0b3bf3,0.15506963,0,0,0
b383b9c38090f9eae7ccc7bd82052141a3eeca60,0.3662222,0,0,0
f2e00c0453b286f77872b716acfc3ed75467b159,0.27994892,0,0,0
37daf894acfcb89582e701a36e1695f772fee3a4,0.27929705,0,0,0
e176d65e03aee3135bf91691c0a43f0ef7f24b02,0.38004214,0,0,0
c510b94ad8905d4346980c68af1dec143c0f4813,0.28227824,0,0,0
21d75a867ed4659b6796406ea26510f683f3ee42,0.1954405,0,0,0
63bee061f37d09d409aa02d4de122fdd94b538bd,0.30213562,0,0,0
c5dc98d98d8b1d06585b9e23e04418532a6cb3d8,0.381814,0,0,0
b7df9811bf66d7f8ae855a82572fc8472b206c5b,0.4751023,0,0,0
99facd0219053f660c43b318b0966de40354d76d,0.39796785,0,0,0
155eac83dbf06ca184a49e35577aca1c0f295299,0.4659467,0,0,0
35a456bb612cdf33cf84a92098ce58ee9a298137,0.20194393,0,0,0
b53521ba1a104bb725b63f5d11c551447b78ea59,0.5207859,1,0,0
d7f3d4f5c6a163f18af993fff9d8e52a2f384aea,0.16994826,0,0,0
6fac1ecfdbc6d088498b1e7a5556c7041c86bbed,0.25058705,0,0,0
c50607e7c834422c7fd926a345b1badebd1a2675,0.33352014,0,0,0
a78ebb040a841a14fa0ab8260977f9d2b92623a9,0.22578582,0,0,0
8e4a56526f342b5ebaf36ea2003a614ddb7e4059,0.36141157,0,0,0
bc4cd88aa7d8343dbb031c65d141f4b021a95d0a,0.36004537,0,0,0
bba1b111e213523054d467c3fe477d0722437a2d,0.2597828,0,0,0
e5707c51408626d40bc07c70e337494386343feb,0.37314075,0,0,0
76c80ad2819c85f71977e584bd1bfb3704ae6fa1,0.28676364,0,0,0
3118343d4ed0c932838acb0f733cf67435653b79,0.18802948,0,0,0
ff6400238181b6d4ceda00c1eec79da6877bb171,0.37695673,0,0,0
d815c27f7652dce234403fd95b55278a0423b5b6,0.2916953,0,0,0
5dd2debd744ac8d57570e05070ad742bd9c82af2,0.33598804,0,0,0
0c3e4e0d3f697fa4113555f440a342e1aecb88ef,0.23603064,0,0,0
eda95607e97ee903c627460456986be9024fb384,0.034131538,0,0,0
6fdbd4f12282791d95d636d427e65b383f46febd,0.041981608,0,0,0
d6819f7cc25aa649682215eeab9d7040b5438560,0.4314641,0,0,0
bc7a3969c039f179d5a73c8aff19cfe19d511503,0.0697933,0,0,0
c2efa4a80ff5bdc422999e3cba6843935aded1a0,0.3550683,0,0,0
af598460ac9990c2a02823b3cfbdaf9f5429ad5e,0.04178286,0,0,0
16c46bdb4330287fa64cbb2b71014c76852e5c8b,0.48161852,0,0,0
749e5b3918721a1143905e1482916d8674128a5e,0.16169293,0,0,0
04e3fe1d2cfd176784f164413010d87a01f1e5c2,0.36224616,0,0,0
91fa2dae7647558bc68ded9c3e7eb5a1c1846404,0.29904425,0,0,0
d49d45eba50fae24715a78df93bf5d951c82c6ac,0.044051297,0,0,0
f36ff599a7670c025010ed7d86ea0fbda7e26bee,0.026654536,0,0,0
ebd133cf778dbee92a1fd175443253ba2bebadf3,0.38381642,0,0,0
8d719d4ea9dd0996de476e2c4a9728b1f367fe2b,0.2593128,0,0,0
6880e8030b8d26438500842959756b441271ed48,0.099919155,0,0,0
578127901a96327d398a42ee524d9dedcea64dff,0.42990023,0,0,0
4060b8ee3347833490dbb2c065f14c1bd592b527,0.17864415,0,0,0
de62c65578ee43d0f038db757b18954b54c49dbc,0.20475525,0,0,0
11a7aff1b5c38a9cdf056714a20c8c7478925c08,0.3695579,0,0,0
88a02cecca5cde95090603e19624c285e484c23f,0.04336458,0,0,0
3bddc5c5321e492835413bf4e8c9b3caafe4fb68,0.29535815,0,0,0
3d64f608ecf0153c2080374810711428d689cded,0.033558052,0,0,0
fa10cfda08c3e12c5c187c1880f52f89284eb0e6,0.2533612,0,0,0
15e3ba0f7bbf0adec8ca93d6acaf5f488582c949,0.34723663,0,0,0
168a1dfebdd4a10ba593311856d3addcb32696ff,0.38500997,0,0,0
0a2a72eaf5832da87b80fa41008e0b28182d928b,0.43365532,0,1,0
7c3390d0a7cf72afe3ffb3e3748f993e85cce48b,0.05326372,0,0,0
89109b855537050f5b9d125a88d26ca2c1d12f78,0.062582836,0,0,0
27b015e5dfdb67f8530e7c110d36aa55d0e42cb1,0.49872628,0,0,0
c72f418ec98b259673c695ed60fa7290708a1d55,0.031686325,0,0,0
b61eeaf0529f070ba19db904821b517a9e5528dc,0.36938486,0,0,0
3b44781f9514988a31e2748416b1cb7015e2767a,0.5238885,1,0,0
ecd3c598b98212cbd47cd415819b62614496839e,0.28307223,0,0,0
163624a9596298bf80bb41360fcd246a886a0688,0.37487713,0,0,0
4ebfabb194c88fa10db51d6f2db6282a357ae15d,0.25428554,0,0,0
c485f5bed92b784a4dd915c6fe5d7b95a9990618,0.45585543,0,0,0
390a4358394c91b08ac7903d69689a62cc8c0fc8,0.0828042,0,0,0
dbe962a24475a2d288e1e1ff681c21ccd05b5cbc,0.05861955,0,0,0
6ee55e92440c2eb8a25bffce9fe0b18e1d49b67c,0.3050481,0,0,0
08fb5dd3465bf636093b056b059c8ce2deda42df,0.15867412,0,0,0
c0aa76eb16031973f3e897ea535a0b38bfb7f11f,0.32440007,0,0,0
7a5d7677e6ae10318907876c58727d68bdd72bac,0.14332512,0,0,0
7a56d2484badfbceff130dab0c128f1a581827c0,0.18638867,0,0,0
d555d56324cfa620bba111242931fbb7337bfe4e,0.17409596,0,0,0
1500916bf165064d370c3583a19350010a88e2a1,0.4344692,0,0,0
99894b82ae77290ff43d84eeffe638c3ed55d2d9,0.06103757,0,0,0
170b62aeae48d2cff474edf0b275b0f2bb3a5f88,0.52337,1,0,0
b26691806891840645059fa5e3a6c86f167f32cb,0.41175908,0,0,0
460f9f5b0f30b4ddd5d568ea4c381779e9dcf6f3,0.06341233,0,0,0
bebc7a8a524e19739f6128437bab06212a35e75b,0.39236063,0,0,0
18c6426d1fbb60f0a52a5a7a021690f62d821955,0.3172707,0,0,0
683d902dc66c21b2353292880a00e0e149e548d4,0.48862037,0,0,0
31af406eb992beebcb8c0f6908df8031ef179aeb,0.38807085,0,0,0
2303e85c5ba9e2aaa72b0e3ea88d589e312df104,0.23586689,0,0,0
1d5ce0051975f0aca46258ba1efe714768589b2d,0.32257986,0,0,0
e3496145d2ee1d147bcf2af176b99c0ad12d43b9,0.21745534,0,0,0
0ae4ec44259ea0e3feec3e76671420438547fdae,0.1115409,0,0,0
bf1165fac897d7d51fd6645a0eb8dfdd4eb4165c,0.2150182,0,0,0
6dc22695d51eb464df4bb27765b1af18ca757b9e,0.23223202,0,0,0
f028a548b933c73c85c1f15a4900fe93fc1c4908,0.41883516,0,0,0
546a1c7d5d40f45e7ce2331255c1763a5b04579e,0.36075014,0,0,0
e66d8cd80c0fd29925050aec9ff96095617dd076,0.030302001,0,0,0
73db5970c0248433d25be914308f76b03fdef175,0.43019605,0,0,0
3dada3ae68d58491197deb8a3c1cc3f5504a48f8,0.5300986,1,0,0
791e14cb9c8ac13fe4506470f2b8921c3cc542da,0.31196523,0,0,0
5578e731d97d974902d923da646650228a2a1446,0.3918162,0,0,0
b1e2ae4c902691bbce02a90b76c4bee1c6e58455,0.38486704,0,0,0
db7540e045fc07ef39d37163a263615c6e580efe,0.63087165,1,0,0
0a0ebbf02c08e303eacddc45854f8cd6e0e0f9d9,0.43408555,0,0,0
6a8f225173324e4bf593b3ec2bd60015e80d3f08,0.2610899,0,0,0
ccdddfe067274bfa3612d9e866c2f86c2a6c87a7,0.47716683,0,0,0
6e552cf090053ecbb1ab4251528754373d0dd511,0.3799642,0,0,0
c57a14611951a6587f8eaba95b5b6b378997385a,0.37092972,0,0,0
9b4f29d41a71f58e2a0a31d03f1bb8117a9e8d60,0.40971956,0,0,0
e6e6c2d91e0e8b6549b5eda8973e5f3c150a7774,0.07278959,0,0,0
ab40eadf2da890903f4c5d74d0cb6f5459a5f995,0.17338641,0,0,0
7b80edbfe28a488e1bbbe69741ff9f8432a676b8,0.4525882,0,0,0
6e710a1f78a4a733020a4b2d1f07b6fe4c6684f0,0.6739558,1,1,2
951b253fc38c09114d0fe273a3758a15c151a8b4,0.67317706,1,1,2
f3539c7eb312b127122084279002d3fd238c9a17,0.63024354,1,1,2
7aa5ba380ef6aea0f2f594873b4c7378adab0f18,0.62999964,1,1,2
def1380280b9be6d166d3938ea4b0254e9b55dc9,0.6274839,1,1,2
cc06ae9bf7a1fb6cee46c40d2a6388ac05d3f5d1,0.60037804,1,1,2
7972f1ac1b85a5174c9f293ad98abc87edfe42e6,0.5057464,1,1,2
bd1c4ff86fa21358949e925274f5b8146f5d02cd,0.5381192,1,1,2
be2aa80bc371d600ab2230c545051ea6454577f5,0.31037965,0,1,2
68b033741b02c3ae54d649e858790732bc5c2d27,0.444776,0,1,2
4f5d25205a9cec988de300a452d641a155406b79,0.55513245,1,1,2
d1e97bc85338c563f4f732bcf917a08b3cbf4792,0.6194951,1,1,2
d40c01673e866c3c3b5b51bce66e9518924cc31c,0.60780996,1,1,2
5f7d5690a97b2ad95bbe381695638f0c7ca2c4ff,0.6770615,1,1,2
8d340a008767c5d954b7539e825b4c90eb15ab9b,0.69480324,1,1,2
84e490b66f61e11366b62efc42e64b60ae7db35b,0.3175637,0,1,2
fc939bf6838f4bf986e0b42fddee3df6712371a5,0.29790398,0,1,2
5c798eb50aec6040f415b6def1912d4345f8310d,0.37883395,0,1,2
d1758567765117cd395ea47319d3acde7fc663b1,0.39738756,0,1,2
517b8beb06f63301629f0ec3f58f6b667061d3fd,0.3640032,0,1,2
5c715cd84d600c0df0215846efaece2ab4673546,0.39494234,0,1,2
dff4cea14174548f52d6fcc66c9bfd7a339b7336,0.5790714,1,1,2
02ae34d1d3f3c9f9c25160cb14c119958f25af13,0.53414726,1,1,2
8e0e1c32ff1ed1da4f09fc9917812e6457e6fef7,0.62512505,1,0,2
18c5b2536c114c86b810bb3ee94474fec596a462,0.27081987,0,0,2
c6e4d8c9f534d3e70e79bf718e40724d56186109,0.16278008,0,0,2
5b5ecff53b50a67179f6245bf60047c59f027e26,0.27092576,0,0,2
46dcd98ceb70720f96d4cfa23b001ff108bdaebe,0.40125352,0,0,2
dcbfc80c4a14b91194fc8b74760b079cc0a4ce42,0.4916277,0,0,2
23492711d234f2fa647bac46997e361bcf985423,0.29017255,0,0,2
f10279a29d47d389a31da907695673a992555adc,0.27574626,0,0,2
8d5925b52b48b4c69934ea5c48aa298a2ec74e84,0.19065529,0,0,2
a30aafa016409048747fe9730d6f7892eb12d7c5,0.55410224,1,0,2
a3611513fc4de7234ef49ae46d646b0795ac7110,0.5880942,1,0,2
d0eb1d1dd1d9aed27c433d78a76962340fcbfc1d,0.4617102,0,0,2
1ae9dfaf45e0a51ee7d604551f7e1932d1787975,0.6103843,1,0,2
1c2d56e8a91b0f64317a9e02cfd4b45b03d3019d,0.05986268,0,0,2
2cd92aa6e3f44df6b0552a28b83022a7f92f8946,0.4216062,0,0,2
79ad715f02e02af76da0c6e47c164a80768a01ab,0.40073898,0,0,2
e5b948a1687270192753993c998d61c7a91faf49,0.239983,0,0,2
b81a48d78dd9be1c3eae57cece4c88df92c30247,0.4515466,0,0,2
0b873b95a840f8cfdb51f4ceea3b524d46d20715,0.30521083,0,0,2
e350a38760c93e373562d6a3e906df5904250146,0.27596745,0,0,2
660431cf4f7e2bda887a0e35ad3a76bdccc14110,0.4197973,0,0,2
f65e9aa63f8f266023a986507834585a9580c555,0.3453785,0,0,2
535cbcd9f20b29b3c5a5d69f654cde57969b3788,0.28806412,0,0,2
2d650f890ff1409f2944bc56cdc4b518b35e06f5,0.27247322,0,0,2
1c4f7bde1c8f7d8c0e09484daa626fa4f40e38e6,0.3635434,0,0,2
b9a22fb6f6f460287993d3cf087ae5ff036a6c21,0.41345394,0,0,2
14d6a09601b68f60e6b18142b597a6890e5d581b,0.4843788,0,0,2
54fdc54dd24c9ece2bfc32ca12e88545ec923a96,0.37713453,0,0,2
0ff7c091143e8326eb88dabce078ca76778a587b,0.17019317,0,0,2
32ed6601f216dd1300876719cce837bfa9824e26,0.18058631,0,0,2
7df11e15457e8d8bf4e5730d20ec2412c429e091,0.16646914,0,0,2
15f7f84678a24533e42f2fde230c5f68d1b33035,0.46375468,0,0,2
2499f70cabfc8d17f2c6de124a81fc0940a70fa9,0.07127693,0,0,2
6526a5e83c1fb9644da34e44fdc5a3bb8a357c84,0.1934649,0,0,2
5904d90ade8663f5552b51036740352a9b796892,0.14920752,0,0,2
fdb75911387f77912c37dcee0af4a2f2e0977f3c,0.59082246,1,1,2
538a97b115ba4ea44c57898ac7c4fbb77fe0e9b7,0.38750702,0,1,2
fa0478f4f6fb724233dc3e00a9f8dc557ce7cdbf,0.5487147,1,1,2
ec81d7ca5100fd97fe8428db02a2cdde967ac87d,0.36953688,0,1,2
81c40b9820625d3f529b116baf6b4a3d45dd2f75,0.51642954,1,1,2
2b085ae34295d5ae1d7eaea5a55a2df220bf1bed,0.22918585,0,1,2
d6a354e203e4901d3eb6a36b3aba620fdb222da7,0.3478532,0,1,2
37787b96ab21fc226ff267aa26ae58a58b2d20f8,0.49675304,0,1,2
f2f704eabee027175b0c1eaf934c08e7721a9b24,0.55359477,1,1,2
e1fc87d2d57c2d7ee941e651f33b582fb000dd73,0.695306,1,1,2
fa8f024d082998c7ae48b21f3eb6f8f2ca56a719,0.62217575,1,1,2
6bce493e47fdac9e64a9ae1cb3c358f31975a43a,0.52856606,1,1,2
9daac904cbc627e4a43e72f72159c552b25caf74,0.6153824,1,1,2
658d5a97c708a926b0425585f9437a0c1fc2b81c,0.58402705,1,1,2
db695fe90b181948f271e4970ec83d4de9348577,0.67671764,1,1,2
9c06ff87decab7357d44d8766f6a277ff887d921,0.64472127,1,1,2
198d448ceab2bc061d18a1a689056bd2b96b76c5,0.5988464,1,1,2
46b15af8c5fbfb026be350ae16eca89fcdc87aac,0.6282938,1,1,2
b7e86cdd772cc47a031d187b79d075af8155c2e0,0.6512878,1,1,2
198e589e62f687a91d4c27057ebad918e9f9bf3f,0.56283176,1,1,2
fa510146c09a498e25e590ef5cc558074337fc4f,0.6409566,1,1,2
badca06dd1c70207215c7186a31955901b637661,0.54515105,1,1,2
91ac1574aae31a29baf883d2cf45e4e1f5aa9bbf,0.54109216,1,1,2
82ca28e2ec8fe9771f01b5aab3386311ecab80df,0.38397166,0,1,2
9f8120beb6b351608652002e057f97f8f6c0dfc3,0.5968653,1,1,2
c66b23747627a2b432e0068561d457cab9f97ead,0.4353679,0,1,2
a6a5e3033d424468cbd3a6af051aabf3b5bd4d00,0.6427287,1,1,2
2902a9a3c07e881dd7aeae0a55189facfab1966c,0.59362084,1,1,2
fe487b3336f8279d8b74eff05c5ebfe6e01281f0,0.43051797,0,1,2
3076802a78f14eb1b4f23831d5a1ccec79b26554,0.43761304,0,1,2
5063d256221e7fe8a8c433401bea988d7ccb0a35,0.6768956,1,1,2
a6b9ca3f71d44dbe2562e13d63e4b30fcaccdf50,0.49504197,0,1,2
81fec3193ad12a0f78eb021c4a1548484595860b,0.4534317,0,1,2
902a680951f318488a4bbe0184a3a223c5709b01,0.67932045,1,1,2
b84f786db6d85cbf9973adfccdf135cb71824b87,0.47005606,0,1,2
a2b5c7a9aa0b5f617502bf6003d43913d507a11f,0.6631696,1,1,2
571725cb7bcf091b5457f1e2a857aa51e8a70f7e,0.5786782,1,1,2
10118c9c1b00d31868d6ab43e8171e3c16efdcfc,0.3795518,0,1,2
ee94e6d82370b6b6086cae2693dc2fe31388fb64,0.35739237,0,1,2
dc58a824466ed492fc6d5ab11960eb86584eff26,0.60215324,1,1,2
56c04300e8f05bdaccc2ec60fc751c09d86b7b68,0.32279834,0,0,2
03542311e2a461f0324ec700e98e78b5540bcff8,0.04448095,0,0,2
4746531428aaf9e3ae7d505b5a203350d138ea41,0.28152952,0,0,2
05b14fd01e43ab8a385bcfb53102a270ef2d9375,0.032304287,0,0,2
77868bf772a03d61701bc0d32dfafea63a0382c2,0.12475209,0,0,2
83fcd3e1e220b9f3aacc63aeb4da0a898684dd0b,0.04944102,0,0,2
dcde20001063fc25f622e4b1c7775f735a7255f0,0.08356203,0,0,2
82bd5be8735c01a767fc3ebc3eb92369ac68302d,0.43231833,0,0,2
e1188f368087ba4bcfada44d645e4f8661d7f9b2,0.6063888,1,0,2
2c03505da053d07cd3f729692738912bdfc2a5b7,0.06240148,0,0,2
3fd058c02a1f8881110409be33ad56d3af6386f6,0.51531416,1,0,2
bb3ddfe426cf4ff5390f742d35bdba02a4ce7624,0.082144044,0,0,2
09b1a632c17b34650d2bcf748be14690c9882e52,0.108749144,0,0,2
539e1ee1d68c27defd0aaad09a1a0b68e059de96,0.20530833,0,0,2
da69323b29fe8e373364b9399bc67523dcf2af62,0.31684837,0,0,2
c1ad21bf966d01dc5cceca82f102c0f7843d5617,0.034312975,0,0,2
efa756288e712849c78c4230df05c2d1abeba91e,0.3448404,0,0,2
2f757454dc41f4d130234aea68b348da4f12a0fa,0.062407244,0,0,2
24b5e00be753889e4907473ce57271acb290cb67,0.4025975,0,0,2
7f293a06a0b7ec9b554d51f150991efa9b7dd54e,0.05286852,0,0,2
95a524ea06e546330ec3d95b9c139b7edc599b86,0.04573067,0,0,2
314dfa80d4e815ba3c689cd3ad0d508209665bf6,0.041641977,0,0,2
c07d659cf8f7b16452472da6052a1de326bcb6a4,0.052229878,0,0,2
545536e34f180edd32fbb21b0a5613e6407f0980,0.039971564,0,0,2
225afb8bad88c9bbb70b24d9ac3c28fb21f39465,0.09301395,0,0,2
041e9565ab8b187ad0b88780a5fc0a5ea24f29a1,0.07455673,0,0,2
c4828bfd09ea8c579fa8840cd77733c64b8ebb39,0.447579,0,0,2
dcaacf4cae54fe199055830f097d4ed504b3238c,0.05255013,0,0,2
6f22f4b49c2a3a59840d28e6cbe0c37a56ab1f90,0.3708052,0,0,2
41fefde64401d2173ff019a896c4dd72b4fa5636,0.5765293,1,0,2
080e96a6cdea2f5fe8727b8249044b89bc54395d,0.09544679,0,0,2
497147e3e6ba0a50c32817e14985ca5bf1041f9d,0.06077157,0,0,2
40708bdf04dae6aa49bf8f3617f2efc16c83c5f8,0.39538693,0,0,2
84ad767a87c69a265e9105c51efdd87ee57b8635,0.68878084,1,0,2
f0e8d41fc8cc746ba9b66b72646db6bd8b25c6fc,0.14142115,0,0,2
df5930892d9c6eda392b96bdae2e7afd342f7866,0.22132273,0,0,2
0cdcb1fd8df9e9185cd3abb128d927d25d7de8b5,0.11376773,0,0,2
cf15c51722dd4b406876dce1ccd52eea787d84b7,0.030998409,0,0,2
b691f81b482175665b45cabc056e58ab0df03ff8,0.47802848,0,0,2
fc8ef4d22c95b13b907ed14b19cea8ff5fd1e653,0.12575257,0,0,2
8054f746bbd6191f5a297cf6f7f26f9fefaba307,0.05487499,0,0,2
fa21d6f7e70f057c42d4af9c40ed47d3d841e5b6,0.07864763,0,0,2
bac647543497f0aa2a9f92fe726e1eb18631b4cc,0.06616126,0,0,2
cc6ace18900eb92606b6a312cb1ac5c4ab5f435e,0.10529514,0,0,2
c947676916c99f2feb5e183aef9629a1b21d863f,0.48203066,0,0,2
1f3dd9ff8a4f8302eb4c0bf4072d2bb7d8aeddd9,0.42774832,0,0,2
ca7f64f016d8354aecd38ef73405e1b3267ca791,0.35142374,0,0,2
06005610265c342b52051b997a43ad6e963c5a0f,0.14887002,0,0,2
4a8068579ea5bf1e637f8bed09a203508abde315,0.4460119,0,0,2
30c217ec400b9175e9490807748ec3e48fe2ba22,0.4794401,0,0,2
d80acb29c04a8e92a3ddbc539b0be8a521098870,0.29059756,0,0,2
e43138b0b5f0912cb358c0e73eb6247b273eba75,0.39811182,0,0,2
1b84f2ee7a41e8ab12faa73130187763ee5858ea,0.3605343,0,0,2
4b5ef21ed6104befc80e1dd501f964e7ca6f1ce6,0.35629773,0,0,2
c6c1971ca1fb5054a0847b0884488165606bd703,0.37764153,0,0,2
68e0a9c71443738b1842e99925d37bf545f5a151,0.0758839,0,0,2
7ebc8107a22038c06c0b0ff095f9f73d854e1422,0.18651077,0,0,2
9003b5b5aa4465e84c934819f45c1ab4365dc51c,0.042370025,0,0,2
4b8647bf6ce2b478e6bc90d0158ce81939a14378,0.47494793,0,0,2
2d1614a2077eab0b981d4a0c4c6e10a7ecda71cf,0.24365078,0,0,2
3631295c437c5b8915afc7b2b259496eb2d5d782,0.053427078,0,0,2
b12610d35e7798c66fc1d9b0811d10aadb87569d,0.5388426,1,0,2
f3a785108f853e327001dcd435e92525d7fba96c,0.09624717,0,0,2
881a4ee8db1e1826b749579d2284ace982c953ca,0.35802984,0,0,2
e91d0f0510ee8d69c76ee89b4e57341418866c6b,0.09661834,0,0,2
8f7c59ce888a687a6c9089caf0c5469984a073b4,0.03998798,0,0,2
3c644cf87ec8c0e6313b3a10b6cfd66279b8093f,0.08095104,0,0,2
fb7e1e265dd9e560b3a3127a6593b6602f60026c,0.22629243,0,0,2
1c9c43c1d4bb76d7e47cdfc9c6681a38305a95e4,0.33182085,0,0,2
18f181ada7826542725fa4a9460307d606695b5d,0.094533406,0,0,2
bb7e8951cb6ef08ca9df5fc036217c3a45c4d33c,0.040121455,0,0,2
e280c8636792c5426e54868d464c9d28287a98fb,0.1037416,0,0,2
54a7796ff234a9cbd2c66f8b1e5621f0898402f1,0.27826884,0,0,2
8e5867eda8328e4cb2e103d098d0c9f3c2fab50e,0.05345272,0,0,2
e42da5d9d21438c220768464b6a1f5b36bad92a5,0.16975993,0,0,2
c823ac5673e9da094a3b24b99987a533c548dac4,0.32876784,0,0,2
7573e9eec065ac1ccc2134aa751a191da3ca3dff,0.042565227,0,0,2
1cdc902f3d7cf877b4db7a31f19eb1dfd2fade3e,0.08121685,0,0,2
e9ea52189a92f7e2ab051e4d75c4e0c872034b18,0.047512386,0,0,2
ab0a2f761f4529daa0a1e7128ffb8ae417a0104d,0.049096797,0,0,2
7ebbaea90e8002f5542e22bbe92075ffb5383d2a,0.46925652,0,0,2
721730b00b1dc2ea616a3e7958e4ad15134de975,0.046010412,0,0,2
05aae985d9d0e26cf278cdd6f69672ebe3f8ed92,0.5361567,1,0,2
f7222ca6c3b6c1018a52fd649029394e6608f1db,0.036568344,0,0,2
b285f17023da248bdcb3093283e4b9e930bdd09c,0.17600907,0,0,2
af858a6ca224946195b1923a780678b20cb99603,0.38608292,0,0,2
fa027a4685bacd9e32b3bc7d875717b4457f6829,0.24286863,0,0,2
edf56632b8a5413f5e0adfe2d1b65e595b88a1d0,0.3497337,0,0,2
58693fbcb3236a9adb0f47088d88ee3ef7178cb4,0.28627622,0,0,2
91291520cfd5f6c2c91fc242018860c5d1d277e4,0.045702733,0,0,2
7bbba6995a12412cd7cbe1ca693057c5299ab4cb,0.048278153,0,0,2
ea030e732e3556a2a4fa51bcaabc080927ddfa48,0.05996516,0,0,2
310008f48c0a830138d35b3024106560d55b6bd2,0.33986786,0,0,2
ca22dac3f852c7290f60c3c3a5d66fbecfba91f4,0.06432073,0,0,2
bcba29320f5f6f860335266d6be8249418ceaedb,0.049201023,0,0,2
9dc30fddc109504fc80fb62e33554d54cca47faf,0.05198444,0,0,2
764f56955d499fae11db1aed6e7f0d2d0886e6f9,0.07297712,0,0,2
2933e5773b1d64a9348024b2a6e8dc6dc90e6590,0.15485328,0,0,2
0fa8bcc008b6a011d6fe41e64ea4379d0b57f20b,0.043646306,0,0,2
7897aa6a83a5e63da487e72c2735fb042259f6e4,0.09877913,0,0,2
3b501993588d27d91ad526a436e3a10ecc8d6e8b,0.2890048,0,0,2
b353d07bcca9fb62ac387d69d3e99004e27f14c0,0.05195409,0,0,2
6b43922648fe2dfcb4cb1aaaf5d795f00a6aa174,0.06126224,0,0,2
b268dfbb824ef307862e489aef7e71bba4cdcac5,0.08279596,0,0,2
b957ee1646d893fd946a8b9a53c779957ae7a240,0.05225991,0,0,2
996c0c164a083c3dc2fbf2768750e3b3a81d77e0,0.22679904,0,0,2
12ddf37f23cd77903729b3e611ffae10e96ded47,0.079640366,0,0,2
7e6304ce63da6c6341cb072abfd08caf0456328e,0.033563927,0,0,2
b9b73fbef5c0f18aaef22ef60442518d7f23ec83,0.2783894,0,0,2
675d4c8fc848ec5438e48deb2e8218b6f0078814,0.2112069,0,0,2
dc666f419e691e6a04342bdd9cf2e899455a8738,0.063595004,0,0,2
9bab875f03ffea0aacd1d92fbbecc96d491c1201,0.21636456,0,0,2
8d3d915dbd0ccf716f0d15b6b2396cff214d9cd3,0.22427584,0,0,2
326beb22c6aa872cbc0ad3706cfbe706bf9eab41,0.04750853,0,0,2
ad882055edb50369bd174ae56a372838aa89cdae,0.33510563,0,0,2
a7363a2ae67b585790896de45f57154474480fc9,0.09657184,0,0,2
2bc9e7ea86a8cc1c3b2436c46115c87080228004,0.03921984,0,0,2
76f154179b8dc6940355d7fe7db468314ca39e84,0.121097274,0,0,2
4080feff61e8dc1cd4af2361990c33c9f1014147,0.06006179,0,0,2
97accb47de63ee5063eda23641c6017e29ab81d7,0.08664372,0,0,2
cde43197f980538e411d851735ac7a63ddd613e1,0.1817549,0,0,2
0dec6e76fb544fa3e8bf5fd17f16314735971dd7,0.041329924,0,0,2
f820d06fc0d1204b0cb386214ffeb42ccec669ec,0.18350771,0,0,2
566c4d59a177be4b65d17540576eeb34d28d24ce,0.4786448,0,0,2
a516976947341e0e18bcc0858d85d34cd0c02cdb,0.04232931,0,0,2
7200c43dea3dbfbd9d38b937c44b6e71744b05c5,0.076572955,0,0,2
596ccd59a11ad5e9fda19ccd0f4fc714d8d3394d,0.058257375,0,0,2
301ad592142079d36f4d33f5309c103c7f4f5dfb,0.056472573,0,0,2
f8a8ea748a0b3015490ccecec7b97f0ab2daf9c4,0.39299214,0,0,2
8aec465b44dedb7deacf80111ea5286914093094,0.12594254,0,0,2
34f3f4196084768b2ef6b3db4608d8eccec50364,0.05228938,0,0,2
c53f2106109153eda10c47a6960a5a579d1530b8,0.36338174,0,0,2
17f52a2e559e68d5c6ccc98fcebb5523161fd0ed,0.22879337,0,0,2
fd7a4362caf2cd69368a38f2f71ffe19706e341c,0.266896,0,0,2
753f278d10fc0c92e912965379401ac182644101,0.24712364,0,0,2
491786ce4182daa57ea61deaf701f756f57f6f1e,0.034394946,0,0,2
de73ad3115c19d5f0771754d233d74055a2a10bc,0.40053537,0,0,2
d5f586bd4e1a20fc09a33aaa5c2b9320f4a2aa72,0.62785244,1,0,2
8d4fd1dabbae4d7ebc2b273af9275ef8bd0e1ce1,0.5031086,1,0,2
6e5eedb3fcebc5894c41733bd26c8b4d9197873b,0.6420702,1,0,2
3b7d0b95466139a147fc504b7c18897dcc826c65,0.36422524,0,0,2
6a82f92584b36e28798479c82c0d3263c6347b90,0.55941445,1,0,2
b8e9475505fee98aae2819c03a33c7aa3db843d3,0.04567027,0,0,2
a14acdf6395f588dda7597bb4c7810dacaa503d2,0.051360935,0,0,2
85a20aad64be04127106f492e26f6ad6d6c228c8,0.50430363,1,0,2
1325e114108136eea3fe77a4a270a2da7eff98e2,0.3208648,0,0,2
bae46709ecb13f80aaad0d279b3618ab83d09275,0.037706044,0,0,2
dc5f850d1d9b0b952b7f0dabd6778cf0f7675cba,0.03864103,0,0,2
b4abfb93676fb0abbab1d9bac40ba2714a3872f5,0.030162118,0,0,2
9a9e7268162f9fed146c74a8acbd234d9bc2ed84,0.02749254,0,0,2
b262c2359c9ed53dae3ce2ce7a0092273f4eec65,0.29175347,0,0,2
c30b59103b6f1390b0040ee74b985248e8b1b849,0.4388904,0,0,2
0f36265123605cac6af05b7b8c8f4036b58f4da4,0.047361042,0,0,2
cb177b56b7664ab323558545737646896f4d7e70,0.04615983,0,0,2
15bdcc3be2b84f68ddcd822da52ef045ed89e57b,0.19639833,0,0,2
6a8ba1fecb47e5ffd5387654d0cdb7c372ccdc9d,0.42171547,0,0,2
75efbfd6b21ab36fdbc440bc001c133f824bdc3e,0.2728623,0,0,2
f7e42d2ccf949a5893a439227c8c6bafd2598f26,0.057062633,0,0,2
c7fcb448c99ae5fe9db9b217bea1233df3ee6e57,0.2504433,0,0,2
d0721feadc1e0cae6efa3e0d82f523debc5b8d97,0.46389967,0,0,2
5f47ad718e0ffcbbe6cd2f8d32b2e345c4af3a48,0.13629086,0,0,2
745d383af12137ccbcbe1f3cb4c9db73f87a66ca,0.25663173,0,0,2
d746a54c2ee50711283bb49e557f58ca491e1bac,0.06285014,0,0,2
a56d4998cf16ff08f5593fb7d4dda66ca05dc269,0.03577246,0,0,2
03e65c98da2a0b2e27b14713543c2a61d56b1237,0.2666211,0,0,2
0d3545e5f68d024cd4a05724a15746d8dad986d2,0.046088148,0,0,2
6b1b592887d9ce95fb5af1e216bff56b18c7902c,0.31527725,0,0,2
ccd0fd51a5712ef1d85110eb61130c906fe4db13,0.094219774,0,0,2
d98897b11e6f4adf1d0a91591b1bb6be501cd29e,0.09665582,0,0,2
4e08e17ec536038c9c0dd888f77b912cae82816c,0.060166776,0,0,2
86eb3a2fa74988e4ccf3aae7f4b77edb84555320,0.050155934,0,0,2
45df5da2640f8f097915b8a2a0249ef0f6cf514e,0.43365532,0,0,2
76b7413d2b1eb2dc22f05de5b76f9519be5142e0,0.06969836,0,0,2
bfb3cf8bba6aab198c4644e236bbc9f3807111d0,0.051296536,0,0,2
093e3bb2e3cd9992f3f0d14373d406bb9b2ed36e,0.23934829,0,0,2
c440f668aca99266b5379235f6d99d378630c938,0.16808721,0,0,2
a1c5a582760c7f65572d0883fbcedc843332d7eb,0.040111963,0,0,2
0a499402d707bc8cf775d7f9b3840780a7401f7d,0.05693908,0,0,2
8e4e5221515f820108f48396a18ceaed73de8dc1,0.044566594,0,0,2
3a4e18ddf151a624eb5c3596ce8400ca4679ef97,0.05596665,0,0,2
8ed40d530295d819e0ca964b2d4542f6ca6a9929,0.04660868,0,0,2
a6abb8b00355db97486ab5023305c3f4e9e19ad3,0.40713963,0,0,2
b494caa01985c623601735f1bc10871cfb8aa048,0.042346112,0,0,2
5597ed7ea300ae3d08cd893b0133bce26038a7df,0.043733824,0,0,2
002276ea313fd880122502e9840b43f996acd537,0.182456,0,0,2
bd5afc0b5a977c168cf046e3244477b48fa72c5d,0.08498712,0,0,2
b313ae68888445f4c08521bbc8d19f39310c6890,0.04101553,0,0,2
a675ca7802065f459a96bdbd593d8dc491180cbf,0.052170675,0,0,2
8be87e032a8c05622148357f30bdca3c614a669f,0.36015606,0,0,2
96eb80efe1da48f37846aa899260aa0c84b15944,0.19526114,0,0,2
75c2b24c681e314c4e4e07243b31430ba4e42723,0.47473073,0,0,2
276e22858cdd56f5725e0c2f7a3522df99967973,0.31133276,0,0,2
471e6b078a7891aea99b77f200e828a7b1c9bc00,0.3585598,0,0,2
6d7ee38ceed6b496d70502e276f80be6de618014,0.4624194,0,0,2
5cfd99f0dcd0d10689e480f0854e859079f125d0,0.2546386,0,0,2
ed6c47dd9ebbb2e38fb3e17a2b961f0fcf0e6df3,0.2866076,0,0,2
1fe7a43505aa9d00bd9dde45aee77935a5147561,0.3723616,0,0,2
387880a630c65b955a3329a2f7b987214c41f6da,0.34082988,0,0,2
cf4416a84203ff9d360d4398da3b166e6d0c72b9,0.48371676,0,0,2
a7fe613853516f0abde34821996a0424882bb919,0.3780022,0,0,2
7a8a7783315917b56b6a71c4f28cec4ed1d91a7f,0.039097022,0,0,2
9c545d44a4a703c88d417a6fa43298a80ee67735,0.37074873,0,0,2
4f73871cf40b6dd05c8872d39246c67f798ed915,0.16679175,0,0,2
41f297809965523fcd021bef20b304b3584d9b4f,0.039605398,0,0,2
03178c8b15f1b522b98ded0f83cfb0e79f5ec4d3,0.29305682,0,0,2
f70741c9b216d3836d047c542847920d4778cf9d,0.27063695,0,0,2
5ca0a1c3564d35293a5ecf03e5f32e6f0f6f445c,0.1838766,0,0,2
4c4b3e2e32ddae35e4c1a6ffce1cd2b2eafa958b,0.07375424,0,0,2
72a46babeb0da02071e47425ebd55da915b98178,0.39537832,0,0,2
9c51e5316babbd370bc32aed0fee134216726ec9,0.22194934,0,0,2
392323e2d44bacdac605c1a4f037f06e21dcc239,0.17202379,0,0,2
10dc13c80752b0489d291b54440212ca54c59fee,0.2632705,0,0,2
7b9df59a96adfce979c8c564dc5eaa6a29b7f25f,0.068133794,0,0,2
818533e92bfb1c142ae4ce5be18ab92d1ae17025,0.0445107,0,0,2
47fa07eade06908ded4206651571e71a2fe684a6,0.043227065,0,0,2
46e97d9e04591e8198ff38bd2949fd5514da0d3e,0.04608864,0,0,2
08cc26e70bf145aca293d55fce12aef835263f53,0.45703468,0,0,2
6c21bdb4a107b49e57c9e5d6598d13ce6f85fc5d,0.59923935,1,0,2
18a027b1f04e420c18ae57aebe8fd031b5ff251c,0.3236265,0,0,2
82b84c0fe9054198099752a66575cec0c47524c8,0.5212235,1,0,2
b10b90b0a3947bea98e3646e7d29f853f3b5c6f7,0.2986861,0,0,2
8c141a1705808491f16a27b53e1ff0db0a2807fd,0.6433969,1,0,2
40f969bc9e162deead55967da3c128e2da933dfc,0.5669629,1,0,2
f348d34fb1ef3c968e2981283618aa85db203901,0.33771315,0,0,2
999761ba1bc5da820a1d2527c4aae29d95a7013a,0.25029913,0,0,2
ce131449a4ca0b06c6bb27ee5d8d6d89b1467bbd,0.40085125,0,0,2
924e1e9064f90d958b4f57e9c9c0c543bd19dcfb,0.43862286,0,0,2
f36090e3141cd3cd6fd58f1f46a30af2582559be,0.47252885,0,0,2
6fe2094e30107512e470571bceac91cbedbd21d0,0.5007056,1,0,2
fb0078159d2463da149de54018fca79a9447153e,0.4116179,0,0,2
73351b6adbf403600521505bef288057beb2bdde,0.4396475,0,0,2
079a07fe18f654632b80b274f247775582261e5a,0.47334838,0,0,2
4158323ee456bd412e7357a4a6bc8bf50deb5d9e,0.44026658,0,0,2
2fd6c8fa1e392f985ee860d8ee154a612ddde569,0.37137017,0,0,2
66d0a9a0a00dbb259425f17745f7dddd7e676f71,0.49632117,0,0,2
e14d9ce8e3c57b7352a647c0a8e62eeb88ebfba4,0.39452046,0,0,2
9e0c5ad4b3148f42f3940faf7d67b305e34bef0d,0.33376253,0,0,2
fa1aa44c7623fb2142e588c59eaf56db7bc237eb,0.31278658,0,0,2
8fdda846c4653b6ccd49c47a9586c374bb20a255,0.57895786,1,0,2
a94ff90ab6cd2d92ccb2eb1fd7913b4e5256f02b,0.194726,0,0,2
268bcd622685b28c2d50bcbce64ac38f7e90390b,0.5244758,1,0,2
09e31a01b51d7418fa0034ecd4cc11848436fc18,0.42201763,0,0,2
487ac1980148522d628e1d2aab50b107c372798b,0.47238234,0,0,2
34646ec9b52192a71e52ffc09cf7fefdd506c48c,0.47948352,0,0,2
7afc1c34fc16ec04f82105f9106b7d1e5232c4d0,0.31403142,0,0,2
00439211981af7b5baed495f526ef8ad76ee7c5b,0.15539755,0,0,2
1d635088f697178660b6e1c9a89d2b7d3bbe2d29,0.4886269,0,0,2
a4a62ed7c1e3c7aae09324f0ad1c6078f0fba471,0.20498192,0,0,2
b3a68ca842841c4b9713462d5f01742cf71a6b4a,0.4071682,0,0,2
2d868410eead061d59de524bada4de9e3d2bb442,0.43302363,0,0,2
813aa11d505b9507b6795d36070806cb2d96e5c2,0.49481612,0,0,2
88b29fa46bcf6f56df4213e1ba7810735a28d755,0.40524986,0,0,2
eca374db08ffbb3dd8de746632fbd74acb8f2c92,0.52485627,1,0,2
2ab17f529d07c1f618ea08d968b2fdf3a382a792,0.3956236,0,0,2
9a87c766bb3137a50656871e5dee5a309543bc7d,0.35335952,0,0,2
9ce4e1a371418e5eacc69227885815f9a4221c65,0.49001798,0,0,2
c7f7da754a911302dcaa6935be6fded84e1ac348,0.63828796,1,0,2
4cbb388ba9099be121f81d75000acc3af93bf993,0.5675739,1,0,2
87497c72460c9c58f829a372d741b386fc2ac8f8,0.04214563,0,0,2
921d0d60d40d8fbda29f14a64e848c70026ea32e,0.49198782,0,0,2
f9e72000a17eb9d524b38a9f2c982c037dd94891,0.038067173,0,0,2
e34f50dd1083fa8ed9fe25fe701b64bd2ea7efc0,0.10701335,0,0,2
581b474f4b194731eb9cb22cdde7330a1ec81c3b,0.05280071,0,0,2
e0d17fed51f5018fc34578699d824c20efc44368,0.052905053,0,0,2
4fc5b3402c58d6a4b317bf23b896ea91d22af6fe,0.33989638,0,0,2
d8e2f892e48423fda73204be3ec239d282e71c65,0.04238182,0,0,2
8d6d088622f8e4ea89e66ccbe097510fb4c932fd,0.06584983,0,0,2
f0943a7242041a16c8f7fca845592e48bb19ac74,0.055085327,0,0,2
d1123894d33922e7c8ca838f9dac9bdceefa3f7a,0.05758967,0,0,2
fb83ba3fdb46537a36832a900f124d4c400f7ed9,0.067099236,0,0,2
e779883b29a67d411493f985de984ffb8088ca05,0.065835245,0,0,2
a71c820baeb91025eaa7f07b172a39500c6f5692,0.35955322,0,0,2
a4eff51bedd73a0ea56afc23b1021187dd03561b,0.07694673,0,0,2
8f6bedeb724fa78583c26423aaece05cfddc04c9,0.073693566,0,0,2
fdc116f0bcda6d1fffbbe505d0687b0406e92fa6,0.08111594,0,0,2
66608db56c41e91ee34fdc1e6157d69b69893fad,0.084539704,0,0,2
5366158572bd88f18df7883ab823ea62b7701d77,0.086778216,0,0,2
2df0a3be66f6fa1067d976d7a05500beff7eda53,0.15470804,0,0,2
e0b2c86c8754312d1e89307fbf84e6efbfa9fe0b,0.042236447,0,0,2
050dfa6f0850174fdf958ce6751d2f06900201f8,0.382056,0,0,2
7530b4bdceef0ef37af252f0b97978554fb9b99f,0.59594554,1,0,2
a6eda3d8eff423ecb4901aa07339364732c02ddf,0.31110385,0,0,2
a5035d0e1cde068320984d789473e1140adefdc0,0.03656021,0,0,2
dff43a0530a6fbd524e3af24795cf6b92142735c,0.3468994,0,0,2
1d5f8faa87a410fdd1141ad82f270ac238293770,0.061231658,0,0,2
82f4ce516c18ef5fb3096f6a90455fce90a5b290,0.06469279,0,0,2
228b49fe2afea3376c4f30f80bdeb70d083a9206,0.067589924,0,0,2
adfa016f3ef7ff262643e0f0a5a54d3ddb7d7e1d,0.06917589,0,0,2
f72b5e65c0c5210cc0be585959ae84fdbc87aced,0.088497095,0,0,2
26d668f6d5a2f202ef7ff6a73ff3cbd7bbdf4b06,0.31584674,0,0,2
808149305ba26224917e29aa0c0089701bd91936,0.08099922,0,0,2
55fd738c86ea1796d5152d818ab4b5060bb11803,0.13852435,0,0,2
7a8dc00b8be18a9271e2d9c2444ba91077ffafa5,0.38384295,0,0,2
34515698878ff0a4641e72486f0ae8a7e30df0d5,0.30866945,0,0,2
96f2b16b3efb93580e6aeaf1da97d9dffd5e260b,0.10358987,0,0,2
b577805347d56f1927615fad311868a3537a9cb6,0.047843445,0,0,2
e366894658914c0f2fb41cac003392b0dfa6e4b7,0.27520904,0,0,2
3411f29e2377788cdaa5a4eeaddc53355f085a78,0.156985,0,0,2
880b04814c564ea7a1bb8fe97c15b4735c67e8e9,0.33155778,0,0,2
8ef033be5c92a895139b4f910af5a7048f340cc7,0.3297731,0,0,2
350c477161a0d1df94efa02109ae07e6acbc527e,0.30370426,0,0,2
0880a21c56cec1a2442b5123c3845bfc99e83a7f,0.62721765,1,0,2
84143c462986417ccfc5e8c05481e983cf668e2c,0.050363325,0,0,2
f16d5b1722eb55c2d55eb623999f16799b088b98,0.06840723,0,0,2
ac37165ed7a22cbdeccfe348b10245dc83b414b1,0.28109416,0,0,2
d9ae4e2601d4c0744bbc275b6b4f503477b789ea,0.14691302,0,0,2
7c1a59fa7ab58f5f7cdc124ff2667cc501570a4f,0.048244316,0,0,2
93d35c8f291b8953f8460c0eb02a51cc6d6cac22,0.278316,0,0,2
b77184a2189c8f91100d148354d1fdf38e83d13f,0.026329258,0,0,2
f81e0465460ff9abd450eda836bbb4f9b13837c7,0.03791064,0,0,2
6fc152e4177e0482450b13eb7fe496de677ce5b6,0.44743013,0,0,2
0c9af5f450ce73da9b791051f861cb9a6420e0f1,0.14058965,0,0,2
11409e628b0461be3c268f81642ce36bc4b0bf84,0.36792552,0,0,2
63a9488f2910434851e98a8fc0ec8c053b24083b,0.3458266,0,0,2
d70736425701b66bd64ad3aab3941bb930a18b66,0.23640004,0,0,2
7331773448c1f2e0b24deae4144db0deec85fc07,0.35969338,0,0,2
11a7e62a898e54d66936d1b8b67cb5e62578ba98,0.33312908,0,0,2
0484bdb3f61d309ff62da4df4be92cf139d19f6b,0.35624307,0,0,2
f9f632e7056cd9d2b3c88bad50fe0597610e2eca,0.46314007,0,0,2
a3fae474e5cf5084c89835fce1950991aa678a41,0.36229858,0,0,2
f3108e2771083bfcf02c9c67ebd70a3ac0ddfca8,0.13681038,0,0,2
521b9b3385d73239b96ab209cb34ceb5c1c1400a,0.12290896,0,0,2
d7a1666f9a89d9a517f5fbaf283e711046fd054e,0.15099388,0,0,2
022a020bde5afba4f2e9b6753c199386e79d7825,0.20912659,0,0,2
1b5aef881bb3acdcde5d9fcbb6e43ceed6db145d,0.31997243,0,0,2
0caba0845d4363025e619eb3db6f3138b2c3d394,0.032932017,0,0,2
8e71711c1caaa404d84ec6682f1b7b266064c2e9,0.06735842,0,0,2
363be2fea66f861d7ec4f893a05901fa0c7ecf92,0.08544349,0,0,2
412a8a0ba61c84d71c0cc740ba7e50c10f3bf9ae,0.23665832,0,1,2
03380256795725c7d17db97d882a4c4da3b76b8d,0.5367438,1,1,2
653b46857a4a48252bfb094e39ee9937b2079fa2,0.34811223,0,1,2
748cb609306ee5a046a952a0ca13974ef0b6e770,0.6795867,1,1,2
0f9ce497b0c6841e3aca845336ad095012c41da7,0.49267572,0,1,2
36ee52223387eed452c266490a25b4c62f49abc0,0.43653098,0,0,2
a8c6d43b5a61d8da784f0ac188d40b88a15dad50,0.06340331,0,0,2
8fe2360920a8228c10cd59ba0978df701174c961,0.39855263,0,0,2
a3677db89ef3863e8ac7cf578df499f85d970b76,0.10575578,0,0,2
64c51505a82baf8260a34c7e83652ae3014009e4,0.026189653,0,0,2
ccba0cfc3f1b81dbaffa5153aeb84d48cd7630ff,0.2561883,0,0,2
e7c42ed0fb83faa2b57184cb72f6d9e8b621ccd5,0.37372202,0,0,2
633de29fedf11544f2c3d5052890cb014e612bd5,0.3860165,0,0,2
362ab2bc41697980391c4a61c23cb3ef6bce740c,0.3533366,0,0,2
fc9d93db68a3c33e5ead8c7ecb187fdf0f06cc4f,0.2020389,0,0,2
66a775c9feb7dcf00c28a16b7a365af4372886f8,0.61690766,1,0,2
a6a48cfd370b226955a531e678016db414ebeed9,0.5017389,1,0,2
dccc1255413adc1a212dbe3bf40accb70ccd44ef,0.15369466,0,0,2
83b70a377f79ba90f846b3a720e6c402c63bccc5,0.15167761,0,0,2
819318486d9cfb430749ee33d3c5c4ec4417babc,0.40611786,0,0,2
827d9644c864336fa84f15744375ba7412da047c,0.5011623,1,0,2
af6bbeefbf197f50d194c7f20419c2a4590ad630,0.6464002,1,0,2
ae8f5f04574be75727f5e948e04bc649cbdbbb3b,0.33927798,0,0,2
b9cd3558133ae9f26aec73e0bda3a8f635d137f7,0.3428841,0,0,2
f672e826f51824582273fa1f5b6ec37aa5fdb2fd,0.33516017,0,0,2
72df12fb2ba453afb57cf185d25c502d4daec6d1,0.3713469,0,0,2
7b42d43fa0827557f51cb4111c89fb2a78512c68,0.08511805,0,0,2
af1b5872ab8355acea3197522ddf94972b3c8386,0.52995783,1,0,2
5c753a87c328678f16bf89e0178448f04194f0b4,0.35348955,0,0,2
0956e2d2338531a96f2ff7d4ab405acc1b18421e,0.41686136,0,0,2
6563275706015b000cc5bf14be7fa9322964bf49,0.049248632,0,0,2
e9e76131f35c112046b9f184816683beab605e9c,0.3039451,0,0,2
843267df5a0b44145d5b9ee9153d17aa5e15cce1,0.68895817,1,0,2
cd64fa339a97300c64dfc434483e478a58f507a8,0.048336916,0,0,2
b0b23c179ac55334f760aa29fce262c73a909268,0.0520446,0,0,2
dff1a0953d97d46290750a46d01be1e1519ae698,0.47060555,0,0,2
35e0ba449325e759e04203fcaa71920cf473baef,0.16781318,0,0,2
e508ad09d79302d3cc6b86077d4a6ddb0679a0f5,0.037525795,0,0,2
a27ca511a591caf813c26862a888e90e54af19a9,0.37921652,0,0,2
9be91f380c209f895da36d13c40b99687bb4c8c1,0.06156486,0,0,2
09c55eb8120da36aef1807628f87bde83749428b,0.24640992,0,0,2
05edf06360cc8a1a61fbd1ce5f9abf5d83f9d3f9,0.034855153,0,0,2
9df5e9419d83c11b4a2c3421c5ff7ea1f544366b,0.08320327,0,0,2
ed1ce82d822ffe185875b7b7d38352f20171c096,0.040442854,0,0,2
10e38114032cb4c585b29e946e1d70e05d52a878,0.32595956,0,0,2
d71ead41fb685431dad02d4bb7cb5675e196b8f2,0.12806162,0,0,2
e7b4025ee0b6152f9bbf7a72a317f977402a27f7,0.48800462,0,0,2
0f3648f749b7b67c2c61282297569657ea6220dd,0.3197147,0,0,2
bf915848967a6e35839e5565e98c716079980e18,0.50050706,1,0,2
7f74708201c2ab9f5d1f83c7052487116b8f7114,0.6457502,1,0,2
97dc91d1545a667b4021b6507d927799e53964da,0.39720073,0,0,2
d9979fa97865b7a57b9da975efb6e6c4d80b0cc8,0.3837867,0,0,2
6f27b4ae8f8ecb62698e760ab7df3973874b1f51,0.09711305,0,0,2
67ef6efb61f3c07e1359e083bbac5d90953cfe43,0.0337551,0,0,2
1b53f09c3a9dcd64dd281c1955b062fc28999366,0.15100732,0,0,2
34adc606601cb578486d4a019b4655c5aff607b5,0.07678768,0,0,2
b05bd69cdd841c02a3b645568ee5478fdbfc07d1,0.4357248,0,0,2
e1f30a1c32eb292e51db274adbe2fd6ed09b555b,0.41879746,0,0,2
bd82fe9fc034e7921eb589420bb4b86dc767a11e,0.13290295,0,0,2
13e0ba5aff3fe14eb0e1d748cad4b9f99e681ca0,0.58120614,1,0,2
3b7deb943877b0c2d8627531959948c5d1e4d3ef,0.42594466,0,0,2
b657c914c0005b37e24c1cd74c5f4ce886147606,0.48193228,0,1,2
a61fde99657c1b9d11e8eaa682181ea59e65814b,0.20935252,0,1,2
29c067466ed78c3e7948fcb8f0d25b3d984a1a93,0.061804447,0,0,2
fd86d06ec5d3b009f3882dda7903e9913858ee14,0.040591516,0,0,2
a43b8d68b8b7e6d7f23977a7432880290e6c6933,0.3846611,0,0,2
31e4a6df19cf4a13f8f0e9048198ce7488ad2614,0.07700231,0,0,2
3c0c9d83e27e436f9d3646f177bcb0ac2fecbeab,0.4083267,0,0,2
db7a08583a5ebfab310efde6d0636f2e2fc108ad,0.33173564,0,0,2
015e3cd37d128e4ade9b2d49f74f3b4fc07d82f1,0.02552558,0,0,2
8dba68a38c8bdae91c15e4eab35cd83c427d8e71,0.03440158,0,0,2
bd15dc78c74bd9eede3419b70469511f196a3716,0.037361808,0,0,2
c3ff46e30397bc0355584c593d500d2564c1c515,0.49781922,0,0,2
b2d4b2ac3a738d97e23e53cd459d9c57ee8827c5,0.18005256,0,0,2
3e24c28e68e617735b25791b0bc3f67f31624ebf,0.14372602,0,0,2
b1a8299ad223c3b2552f6d03e51c2ecba5df46ed,0.049218193,0,0,2
4e931386569c0a28b7e47c52d199aa32b6ca32fe,0.06506299,0,0,2
ed98d264cff306f7326db096cddf65cb26ff5498,0.028396307,0,0,2
1f07a0bf70049cb0a2f6b52ea7c261da5adb1abb,0.037906058,0,0,2
60bcdd450d6950da981d70b8b08379bdd744c82d,0.028669972,0,0,2
74133837585f81d1c6434ce32f73fc8694d5f132,0.035612773,0,0,2
0e9f604e87a5b42b27abc13a9328846cadd640f4,0.031971015,0,0,2
53a0a9ff85666348a38054e335f5b4c5355a6419,0.032205958,0,0,2
73f3e2b3d6b3f4a7000187bb3e6a4d82b118d3b9,0.024551665,0,0,2
b295635a87da0c20e5e2495103d4877ef0187d4d,0.033202857,0,0,2
8f88dcfc902b5bc86a239756afffc9f3813d245e,0.031485163,0,0,2
815b269deec60ec69f4e5e5d555afe9b98c18cb9,0.028200332,0,0,2
2b0658c59d6285547a5c6de7ac71c7cb134ce975,0.029210133,0,0,2
364232f781d0cc91cd4b83012e1f49e62fa81190,0.037721723,0,0,2
e972869486f85c3424875a443eb04bda2eeb6bd3,0.03427264,0,0,2
780b2281d86cf89cf5dd717c1cf54bbd48783654,0.02819084,0,0,2
06c27b37ccbde70514e035a50ba0a6ee1ff94ea3,0.028120326,0,0,2
1d1c41945a50a740519131bfff4e1875de69dd6b,0.025144858,0,0,2
71e40d0b30fbef976da3595fef8736a4e1245466,0.5678265,1,1,2
f781fcaf0f19766f7c9105911613f86d22b2091a,0.3424844,0,1,2
cb8cf1574f99fc51c9e67b9456ea4d494fd4cf29,0.39337522,0,1,2
c63413182017e069393963d07570ec69f373ee1b,0.49192512,0,1,2
8bba18089a1acf29f9d2433efc229d5c851f42b1,0.29872668,0,1,2
f295b186fd8f6c619d34a8c69c6a1307f2276779,0.676817,1,1,2
02c7974c113cc2a51d6741491080058470265899,0.41447112,0,1,2
027c193cf1c012cd5bae06446496136a582c180c,0.3341824,0,1,2
4a10030ee78ea8da944f6d52e3c671799d73b5d2,0.3880769,0,1,2
5166f3dd04980177e46293408d998087040d4c19,0.43194062,0,1,2
d37041ca62ea9eab6e777bffc15ddab49941217a,0.5271621,1,1,2
53e5e3fa8531bbb4d70523197215fd19b89c1a76,0.43090266,0,1,2
62e6242804e4167f5c476ae34acc784009a1af0f,0.50917363,1,1,2
324e8b4d43f0260b4857dafef46e8c5f349f633c,0.47202525,0,1,2
9fbc2a346b86872c397ff891d379115abe5846cf,0.36558118,0,1,2
c5a15b2b66b6b4f018589d8f60cc7acc71861822,0.55629957,1,1,2
ebf108170e9a6215176174d84313a0564ddde0c4,0.5127134,1,1,2
f1984c42b64788a0737c3bd43e4da95e015c19e8,0.5117797,1,1,2
904b790c41d6ec4629921befd1c5286e482fde57,0.5331643,1,1,2
c2abe862ecb7f980260a7b44d907fa116a6bbab9,0.38258368,0,1,2
19a56adb00295d528015045cacd443ff10f7bcb2,0.3485354,0,1,2
e2ea5359798ce8dc77d4b23b0f9b4df33b37f940,0.35637814,0,1,2
ce4385a413dc822f8849678608d0bbac2defbb81,0.51763403,1,0,2
c11215195bed3261d88486d0ad1644080afbb97b,0.4624287,0,0,2
7048667393bc4290f381312243d13688407b9350,0.30581036,0,0,2
b188b5ccc0f1f8702313eab62a5dcc164f817200,0.061420094,0,0,2
4efd950d4dd822f3e087db9830d09cfb3fdcb541,0.37893233,0,0,2
cff6e00097bf7dd97a5404080df3bf7e95813a1d,0.2114027,0,0,2
27214015c725619e0098e227fd29816d0891d4c5,0.23516093,0,0,2
f8fbfc9fdca4b5e9ba1a5608ca17e7b6feb18c3c,0.41455323,0,0,2
0733d7c2ba214415a8d2e4efba5c6e26b61d3291,0.04091905,0,0,2
d8cdd5eeffe9b63949129d09f6b0c7ad2d517e90,0.3100525,0,0,2
e2cf4811ba485b0bb29d7d80bc853666bfbfa958,0.2627941,0,0,2
580e0d1e26ab2a9275f01506f3af56fe8fc32988,0.4859244,0,0,2
3ba27e9f4a29be1922b3a19f9c6c5127f93027ab,0.22157645,0,0,2
8fb1341ad7c460286211f4f2a6be41bb5782653f,0.21789804,0,0,2
041507d3aaf718ae536f9ab66e4eeb4065cb339d,0.31679285,0,0,2
735b1b59862dc1b5f7e60549aa7c33dbcc4095b2,0.3403795,0,0,2
60595251eec5979e14540c6d00043e24905a7404,0.11298592,0,0,2
980366284db98e0515dc5e827aaf4f750699bc80,0.19593498,0,0,2
6c2dbf2885fb4602b8e42bd208ebef66df23329b,0.4201123,0,0,2
cb6ee2cbdeadad5d277a6e7293d88bb915090c4f,0.42385262,0,0,2
a00624cf27791193be74a610723a9a0b0980d23f,0.39463148,0,0,2
911d59f46d0dce2e07a93dc0ff705154f568b7ba,0.035520192,0,0,2
1aa543286acbcb3c23aebaba003fa024a54aabb2,0.44709736,0,0,2
f418eed3089d74caa11affaf947a40b774e9c8cb,0.04181022,0,0,2
a13691b5be40d31099d39f7c8f3ee9970ebc20fa,0.29507554,0,0,2
3e8b8aa06bb7742cd1643fad72d7739cda400010,0.4876828,0,0,2
a1db4c96f62eef05fff532b59300edeff3ef21f5,0.26753077,0,0,2
5321c7ff2ed082524bc319e44f0aedf7ed8960cf,0.35124302,0,0,2
9be73347bd09934dd0c99d32bce9c4e12fccf6ce,0.434275,0,0,2
4362e02ed0404d12ca75ee3476d4a32f9f671811,0.39544773,0,0,2
d3f0ee5e0928122b41ee25e2b4ab09bdca5bd00e,0.04843176,0,0,2
f82b5b57840389fcfdc4f16cb75703361d6ea059,0.32647398,0,0,2
51d564f738b20621e4e14649bc1b15c929668e1a,0.39157924,0,0,2
5bd82306a8e44e2b9ff098f29ebf4c69c195b9ad,0.46961886,0,0,2
9959b3c5a777845aa19040a5a761814e483a6483,0.19915849,0,0,2
a0611b06f05e3c37c622f48a783836f89247c237,0.27274832,0,0,2
f02f2e54ac7d88a6b7ee620e45e1bba878c63a56,0.462676,0,0,2
98d6d15235e046762f3b09294e896994f616627c,0.5171503,1,0,2
fca0e6ecf6012ee47fbc92fef4533320c1e3d849,0.03419714,0,0,2
db642a3c3ad93606d27d6e277b529da3a50057e6,0.11423255,0,0,2
1929834c27a931ab505f7a389d38fafd10331d8b,0.40545732,0,0,2
a5cb9a4b4a196bd2048cd21ed2fef175bc1181cf,0.24090257,0,0,2
c2f1b685abecfc11de76ffd0a28771f41b566782,0.4771951,0,0,2
30b6759387b4402987f6f4a6100fdc78e8bf755f,0.5181902,1,0,2
50b126dc0eb075a2193b670eb7ae2089896ba283,0.57642287,1,0,2
6b08874607dd51c9d8f600a96650a330cd9e6b95,0.48251054,0,0,2
c9685cd5e462926aa401fca7321ea23927492006,0.43163416,0,0,2
ce8d0f7a47f7caba8ab937389c59b68b20f6994a,0.5018221,1,0,2
98b8758e761caf659608f48fc5c9e9056f911050,0.10689832,0,0,2
95b2fe97c7f191e43b7fe11e8e027d87eb47f15e,0.038967542,0,0,2
79237dcd2bf537d56ff8d73f897cd639af7bf8f7,0.037231077,0,0,2
181affd5c937755f54ff31ef056a6ec091e95f51,0.043443907,0,0,2
c334a1bca8338c92e76f0f1cf2ef4884e3eb5dbd,0.04333571,0,0,2
efa48b214d30537bb184884ea30ce817bb350153,0.44960433,0,0,2
b45c4bdb496381b5f90df6872edca12e0a2e68ca,0.5209634,1,0,2
f8489499aa6d460a7548b14d516638b0bd7b862b,0.029998625,0,0,2
76a2ac814caa194c46be1cf7a3f5dc129546b1c1,0.05573375,0,0,2
31fb4dfef212791f86f052ce8a3adeabaf830cf2,0.04774059,0,0,2
ccfca8f714055cd9fbd00cf7e847b880132cae69,0.038387258,0,0,2
a29815abf4f0e51b332a8af1b83ad344104c14d9,0.034827277,0,0,2
92e6d716069686583b852a6dcf12af986d6dc694,0.09242475,0,0,2
d105819a0e72765ff5ba4efa5622d727360ee2b8,0.025870914,0,0,2
3aa6f11785a2f1b3b09df328a02a2c28dfa0bb57,0.10696784,0,0,2
b7a82a918f0a595a96047f7eef2672fd95d5626c,0.46822992,0,0,2
52f3240d90f2397cd1850ab11674ba08a0ecb2a0,0.5065521,1,0,2
d70fdbc40195077057a1edb14ccd16a26435d007,0.5366864,1,0,2
0751f97bf6677c3d55aa71542d572dc8fcb9e79a,0.48426127,0,0,2
e505e1fea57e0ab9f1d5edab92546d778a5f41e0,0.47043833,0,0,2
b4380f20059dc9e4ccfe2b709587e8069ac0fa34,0.47168773,0,0,2
32a9c6d42a3a48314d3f9fe2956bfc8bf49ac5d5,0.47676677,0,0,2
80417356f04c5ee1cd6f636e9b043db3f2de24f2,0.2652082,0,0,2
f48bca0510703b0673709b10a806a9d54894a999,0.5144599,1,0,2
f1b54876ab8893a5d9c0e3d7c1a9c884e683dc8a,0.41104499,0,0,2
c82f703768eb8a122546de23e412a037aa1770b2,0.2819139,0,0,2
36a02dc549f32433d7329444455dbb1be2e67f20,0.042939752,0,0,2
fa8957d7939b59e8d391fa17000b34e865de015d,0.5817802,1,0,2
5acc6a5502bffaa66be7e859849856de0ea27acb,0.18964878,0,0,2
b58789c5badc4f9680ec5724568af05a84670e22,0.32602865,0,0,2
9ee3a16179cb65f5fe4170257ab7cde558f1dbeb,0.4092904,0,0,2
4ed0bdf1c73fd82d3080d15085675de96d5be0aa,0.14375123,0,0,2
4950ad86a16e63fa26d51cd709e39666008c5fbc,0.033021495,0,0,2
b61362933f7a564d2ae0b7d6b9723f79f4948769,0.029574003,0,0,2
f28aa71041181867a720134e26b64b03cbccb6ec,0.27077034,0,0,2
720b988fd8d7a50fbe922e6c73a3681b1c566331,0.35627094,0,0,2
9d744f7136f23da9a5f9324432b300b5a68e3b39,0.36924142,0,0,2
98f54c158acb12a26fa6f335b1665accd2aed347,0.34140414,0,0,2
22c6d087012fd55bc65e578a27f2edb66f4d3808,0.3635207,0,0,2
890b387d713d04c22406db6d5a5fc9b51bec2df5,0.24830009,0,0,2
c7d56cffbb4668d0955ef00196e08f42f2efe363,0.32162136,0,0,2
7680fae14c9f544d0585a7b150004a1e48fff53a,0.21661875,0,0,2
136c5ffe80e558a87cde01baebf823b06e3cbe75,0.28262568,0,0,2
8769d0f2cc4b7555dc025b7c0e49a81346a1e2dd,0.027382882,0,0,2
4b5cda5a2c6ca613db5129d50ffffce2604ad9eb,0.25110427,0,0,2
2e62764c0c386632e87ee8d12d0505848df1015e,0.42030692,0,0,2
4590f14e97beb6d10ffb7b5dd312c632af155ed3,0.5167527,1,0,2
079bcd0339f30343c01c5fd3d5521be4b822d30f,0.43884546,0,0,2
29283b775291bf03cd9a7e1aaa496faaa5757578,0.13573405,0,0,2
89321a2dee438328e75a11954e972175c78f0a2a,0.25443783,0,0,2
1f3e72fa069536ae20f37b29575288ff65e66803,0.22291033,0,0,2
c7720ca4c232d317cfc800a04eda4a1d5a44a944,0.065266035,0,0,2
a747456bfe077da467ff036172968a37f3b1e893,0.272313,0,0,2
2f2c8b1cc6e6e731f7bc52b0988ea8316f475004,0.31062832,0,0,2
013b445ede8d9e7aad4915859d0c869b9b712f8d,0.4535378,0,0,2
f4e754e66e3661274df624bc328991cd88dd03d6,0.026674837,0,0,2
741944332d5bd90112b610a8b5f2eeefe51e08bc,0.026292795,0,0,2
4c7d7523088373be3c7ff203ea895d5a6d84083e,0.04623167,0,0,2
f79c9365d0ee89cb407b90cc084eece8fcf9a8a2,0.24097258,0,0,2
8714dd031647be34d0d27f461894e7b194f25cd7,0.30147812,0,0,2
83406b73e70a251eec5daae34f1bd8d554cdddec,0.36491,0,0,2
2f956f46580e5b4752173e885d37a20fe31a78d8,0.0752918,0,0,2
3f36b7b50bdda3eeca632ad5440bb82b8e34cb40,0.51743305,1,0,2
9962a0fd02fe2ef06765271605b06729af8b2e59,0.23708205,0,0,2
5294c64b342818e021800b38413f36f426e35b3c,0.58991516,1,0,2
5a45ae3b1deb5117cb9e9a13141eeab1e9ad3d71,0.35610953,0,0,2
efafa61992658eab64c893e9eef49f545d75673c,0.29090673,0,0,2
630830476a6270e317e84229996a6bf92bd903ca,0.26930746,0,0,2
14097c64d243794610788d3ebb2e81ba8fd867c0,0.2777703,0,0,2
f2615d9a611db401cdedc022112c87ad938b5680,0.41989076,0,0,2
a24d624aaabc14a455d18450d9127f88d1b4f8be,0.41099337,0,0,2
49169033546d893dae3db903a2fa6af712f125c0,0.46392888,0,0,2
fa7588c4c0f8d403e4815fa72e3b8a3bc98d73ec,0.49486822,0,0,2
367fe13b46a0b4dda56b7f12273d6c9afb1da23f,0.10113708,0,0,2
368588b5c5c4140f39ea8b9a8ceb3d1af0708804,0.36295697,0,0,2
30ee10d2740fe1f28595989c6b21f22b75a147fc,0.3066899,0,0,2
af9fd052d1c208f191fbdf85873f965552465598,0.45855945,0,0,2
0a711ebcec7d32b66ab3c90b2a1f48681201e557,0.04142966,0,0,2
a4acf53336a482f50335d33b4f650a70c9243b7b,0.28238413,0,0,2
c26fa78817f30cc3eb91165b783e07fb80d80f59,0.501084,1,0,2
944291b748bcfec4e2f3c17623884db7a17b9f21,0.4494933,0,0,2
c44f982e89b63a97190638cd12bd8bee2bafb883,0.33228827,0,0,2
fb46b941f7763314d667c437c06b1675e61c3d38,0.36758375,0,0,2
e9928c94ce1385ec72028336417f19f30ac38ac0,0.06578506,0,0,2
d4021487539b0f7758ec644f2e0d83df95c66bba,0.36846313,0,0,2
ac62c1c29f319a97a2552c39f32c8e6acd70c9e1,0.5048823,1,0,2
dc08bb8ea6cdf01188f6699559e779e6cc296287,0.4371419,0,0,2
82b8ecc3275d7c3578a6531ac3f1da3ffada9dcc,0.044073172,0,0,2
36ce032b612fc0a1156d28bca7327e06337c8815,0.4986211,0,0,2
2f22533ef41533e2b839a6b41b262dca59e6dbf9,0.35979834,0,0,2
39a3cd0f4210dbec1ae8ef39a87d34b76eac91a3,0.48519453,0,0,2
1f470253c46471033048383c027192e757480492,0.37571728,0,0,2
9c40a7bb3c9aca51d17490960c988dfb7b5acebb,0.4300283,0,0,2
7f8e952abc4d2fc4b96c97a51aa25fcf6ed8af02,0.26734802,0,0,2
bd0b5af025fab9cad8f94260138741c252f45fc8,0.50656253,1,0,2
e036d60d8a210d5ac28b2e5c51a45ceb82b58f09,0.3809901,0,0,2
626014eaf093fc2e3b53f5ad00c425bc209e1428,0.39181876,0,0,2
5c85b8dda5f3047732a17b818256b9289274d071,0.46541074,0,0,2
ea402becca436dc1a8e47ac9385a3db475b49355,0.41627198,0,0,2
255f10834a67cf13518316de0e2c8a345677ebbf,0.31399655,0,0,2
044de16c14076019f87763b7b58c45664ee57c11,0.44823256,0,0,2
e54ca615f213f5db6d34d9163c97eec98920d7a7,0.6026843,1,0,2
07a42d3ffd034e467e49b5c449d4f5f81c471cc5,0.2860178,0,0,2
e6da0f682436e1387ad68e86edf7418c0f7cb368,0.028404415,0,0,2
59ec4f018963eb55e32fafc2b924826c39c09682,0.4446381,0,0,2
ece4b70cce24b89483236b4cff079c10597d680a,0.28507194,0,0,2
09d28fe7995db1a4da2c651d362007d2082c663c,0.16970174,0,0,2
98c27699cbcf65c3d9d655ecbcd67adcd8b45b05,0.40770078,0,0,2
71cff7c5940b7101ff098601850d46b7a4698180,0.34010896,0,0,2
89e0607cf6470dda1a6a47b46abf37468df4e50f,0.50061,1,0,2
6fb60857be1fed21bdacc4ce830bbf99103b6fdd,0.5620972,1,0,2
3634821fa515365618209f0452443728e7290fca,0.32432896,0,0,2
2fd62ee4d524c270764e9b91dca72e5cf1a005b7,0.38257793,0,0,2
a703ee75c40e0207f6831c4d48e1c7e62f160305,0.3526232,0,0,2
fd7cfed070c2aab60521afb7dcc633a0b7abea80,0.4149312,0,0,2
1de41ef4baeee1c95e245837299f8be265294445,0.033145256,0,0,2
9491d7a61681f7acc7103a6d1d45efe96f7981d2,0.045437176,0,0,2
2d3203b10cc8edf71a6e3e0822f0d742c9516aa3,0.032537717,0,0,2
d55a572e5867832f6d5755fcd46101da51a38aa4,0.35036865,0,0,2
170cfa758547b4d9be50058ad93cf60ce0da5564,0.40452152,0,0,2
3783ca4476fec8186c867e4e57084e649c318c6b,0.49759844,0,0,2
4d996d1bac1bb1886cd9c473ba00e53e3c19cf3e,0.2985715,0,0,2
445cb9dc2f07553f8e1e5f7c1150f00fbb05c63f,0.35006824,0,0,2
ad80bfe559e7380fedd7998daea5f27393ab643b,0.31804234,0,0,2
3d2d4fd1588c8eb3f67f34d75b66967d0c7b06b6,0.30422026,0,0,2
d54fad867da7f762ac4c0d947adffdc1f8f356f1,0.24278283,0,0,2
12bbaf3550d56bc945b50f538b5f18af93bd316a,0.21470676,0,0,2
150c578edb161bdb2e8c039f0914984f570ef8f0,0.2958494,0,0,2
af977adc43a071a09652fea4ce3deba2d5b8d171,0.40445563,0,0,2
e021734b62ea5ac273e516b4ac83727cbb99ec08,0.26038533,0,0,2
b635beb6efc07a97c143775c78a32d42b3b73c8e,0.30587578,0,0,2
3fd2492fcce073f0c36e4d7e23e34881557e6e5e,0.36309817,0,0,2
a918c493296c88da94b36600213c7c188f2589b4,0.44745544,0,0,2
9181e1d536bafedcb3587ca30e5b6e2d66f06bf0,0.59705526,1,0,2
cc8bdf1d13639d12d02170d40cc4890180bbabc5,0.42300266,0,0,2
33ee5497490cbc97f3eabe9ef7a6391e4dbee8bc,0.31530482,0,0,2
dc61e510126aaa1a95a46fe39bf1529f394147e9,0.03837029,0,0,2
d320a457a9de67be25a03f79e1695d549a0145f3,0.038665615,0,0,2
94ae6c84d22ed33e158b3cc822ca4a0484c829c9,0.21690522,0,0,2
e9e36cdc44a68662885e35773187cca00d20239e,0.43455258,0,0,2
7d4041d827aed7d9f3eb14310b824a2faa96b8b4,0.27038068,0,0,2
6f5f99440e7117ee3bb6407e06745fff14bb2a4d,0.4279847,0,0,2
3eb4be60cf00c20e46b75fb72366dd0649700c2f,0.2396496,0,0,2
edbd9842cfca892b10c2e9c8da0384fe005cd67a,0.35429934,0,1,2
bc8e23808b9d8d0c9b67270ef35d04ebd9d89cc8,0.51748884,1,1,2
635e41ea181c5fee8860a7044c84ae3557b51189,0.4372418,0,1,2
c4ddbe6456c9631c301171098a8ac016eb4e582c,0.32142767,0,0,2
63f1d6b83bc10a2880f5ec17a172fab284d2eff5,0.06680013,0,0,2
10e18ae9b47dfe04573884739823d64825105694,0.0397779,0,0,2
d3252a5ca5571e0a97e9a31966ec6b847a3a8574,0.199284,0,0,2
86c76dd5ea04d1881a52d79113d6dbb1d57c38a6,0.044502202,0,0,2
73a8fba6fb23af45ee77f52f33bb8d791a9caa05,0.041132227,0,0,2
e8db7237a9c347d2225fce9b49ff92bb741adffa,0.2631481,0,0,2
7af67bdd16a4f103bbe6334c5a865436c900adfe,0.19113871,0,0,2
71d7c3264239c55b6e2daf89c44c5685085f26dd,0.067868784,0,0,2
958029bdd45c3e341eb146031ed38b4487d7b0b7,0.06577874,0,0,2
5556026ed1dc17e70946a4a030842ade3a33baeb,0.40152672,0,0,2
3c92830ec51fb6b6e9a7ca2fb8fda324cd33e48a,0.043389853,0,0,2
0fe9685c8a78ba2d780a3ec1e1a323990dc6d218,0.047413807,0,0,2
bd7788b384a87024ddd6bbe6a9bd9a167cf2ec12,0.03603557,0,0,2
dfecbe970917754511a081f8b86efac211e624f6,0.036505908,0,0,2
ef51b068aef14fa347710497cfb67aa9c6e65c0d,0.23293604,0,0,2
173c162a45b4be6fcbf7a30c44d1953062a25086,0.04617831,0,0,2
c4c03a33c8b8b94eaf75d368473bdd10a21cd0df,0.23126203,0,0,2
2fefdc7dc3c9afbbe534ff69db5a754be0716b11,0.056566283,0,0,2
f525bc3ccd9cfb69603bd9778998263a458415d0,0.06782854,0,0,2
9072a7615a54d5e753cf088326d9e14f1a5a6751,0.069648005,0,0,2
11491d355da8a851d6badb6348b10d8c4acc9d8e,0.13398822,0,0,2
2bc2ffde1f4752e7a8c7ea0a51c559faae194786,0.31410357,0,0,2
35f1cc00274122c0274b522d0b544a06faaba931,0.053643014,0,0,2
98817e88f04cc6757c42ae52d653b63cb85af486,0.33936283,0,0,2
83775c432382b9c0367362491d0dc515bf0e131c,0.037815247,0,0,2
a498b87dbcaa0a61c6088d7156258a3cb06638cb,0.38760728,0,0,2
34558845e3777afdc1bf90ebbcb2017ca17aea86,0.49311593,0,0,2
59985b43f0868d9a4a588d9ca1debd03108f8cd9,0.47538912,0,0,2
8ea1aa1e7cc427c28a89878fd2dfcb110c992b20,0.040181767,0,0,2
d4c7f63054e584b69024664bc2f221faf9863519,0.048884235,0,0,2
20c733229df741e57b8ac205788ece2d563b2f3d,0.20683457,0,0,2
3051264e1bc1d41a29c9dae7935c090568f64af4,0.19184856,0,0,2
db0f2304bd7c3ced65cbdfe9e17e80fe0774c13c,0.19547422,0,0,2
2f67045b9647de10ea5d01d8d1e98ac7de3e1cfb,0.07351223,0,0,2
7ef106b23772995e4307f84afd1bee4e2337ce0c,0.18922628,0,0,2
71f6746f81bb9650f6f228ea204d85ba2c5b7392,0.27252215,0,0,2
2ed96f00f724c3331d6b56b6b5650b9632f43954,0.26942277,0,0,2
3720683699bb830a4aae6fb66a78ce7079ad2c56,0.09018183,0,0,2
df37e605fe4b027406bd9dd85b320526ab12a122,0.028873645,0,0,2
4ad74f449258781e9df189413423ffd6ad95c526,0.2906887,0,0,2
d81ea83a0eb1761bb4e90a91f3b70f23f88a7d2a,0.22811635,0,0,2
e2c0ea4374c02539ad9bc6c4328b74f25eb72405,0.19130076,0,0,2
cf42ae522e12e9b412e1a1f008ea73cfd86a5979,0.22394972,0,0,2
fb7335ab163588fe6ee67ef26d3b3edad5cf4bd5,0.20370366,0,0,2
e580d35e1a07431109a5835411142bd1c1c2b3b7,0.039681792,0,0,2
ea60fbe0633082a131bbb18de94fa60a04eddcc4,0.035897683,0,0,2
90e31fd93fdcaedadcd4b030fbc20f7375672def,0.026976388,0,0,2
52adf52e4669b54399fa50f2624826c06a19cb7e,0.03836518,0,0,2
71e515ab6d2007d34d96df5604f74c6fba92c0d7,0.06207117,0,0,2
6d23e85570fe1139cf5ef3bc9b4e57ea73680b6e,0.4226056,0,0,2
cb83f7cb31e50f265e098c5380b3f0051e257f46,0.047097538,0,0,2
2584b4a0ef536e59bf28ba140844597a093d848d,0.05939595,0,0,2
cac520971206093d32bf17925f880bd06d93f736,0.06521537,0,0,2
6a99050166c945a226d5f8275ce4a9dca3518285,0.041174013,0,0,2
6dbb48c8e685f65f45ad5df9f7684bed910036c8,0.027924323,0,0,2
260e0e0cd21af7b03ab0dae33b4978233db67773,0.6907824,1,0,2
b5749b4f54b30c0c2050e456c12cfcf516434f13,0.06242961,0,0,2
07ec8ad2dd862c8669b2557b995ec5180663d73f,0.24627435,0,0,2
28656559d2fc67193a84d5cbc48d378b2016f74a,0.39347756,0,0,2
0add1e8975336c65513b26123d48b221e2515ddc,0.24169724,0,0,2
8e7ea70a33ecb8db5207849ea6371b4a5a8ffd26,0.049653437,0,0,2
6f653f6bb82757963a87d725808c080109e7e3e8,0.053779498,0,0,2
1974c83561d09cf73a575f992fbd8416e3354d20,0.3278453,0,0,2
37c20df721522b175bc9df3f06a361297010df5e,0.055895112,0,0,2
061450a927ba1cc65f7b984f4ff41866ec2eceac,0.032936186,0,0,2
60b32953a968e5623f82a6b27d6c679bc17c48e5,0.3344635,0,0,2
f175a241c811d2d0843026b2dde5c3ae308cfb95,0.047097888,0,0,2
ea1a69d638d97d5ffc451b32d240479357e02b0a,0.08175889,0,0,2
cae70c10b4451ee3b919764f72dc4a4caf0f6f27,0.04928343,0,0,2
c0c7112dcdeb75b521d55cd47d0c61be66b0499e,0.34739593,0,0,2
8d0214a7417addf790713440f10855dc279876fa,0.059220612,0,0,2
e2ec4f2fdb2bb8d97f64a33e9ac288d52854a530,0.32860783,0,0,2
fc73151cfca36ea2641f340700dbe339b9e1f103,0.49654797,0,0,2
dfc9888860bf192cedde21e5e843bc3caad4b74b,0.1641371,0,0,2
5f9e0851da9e74c12e04f5a62cb7aeb1a8ab7589,0.621251,1,0,2
7d5a61ed64315bd6570c5cb55c1f53853a3fffa5,0.42768344,0,0,2
82152f41ac8a727c2f0042bd555452dc2dda11b1,0.20587301,0,0,2
474a837858a8e7a98316f97e9ed387d0161015f2,0.47414583,0,0,2
39380da86acc717f419da48f070f8cf7d9f9ec94,0.31937623,0,0,2
0e266204f535aa48f74d4f2480b2268c13e26b22,0.15802664,0,0,2
5b7608d1549989d92dd159392c19d9ba8ce0e62e,0.21638854,0,0,2
e79a590e0cdabd93883aca964db2a862ff3f8490,0.06498316,0,0,2
ec4d8a9a6b783f1d5d603d5272c94deb1e7375ef,0.04853188,0,0,2
507451866c98cf9e2ddff1008fc0152935ed9e20,0.46988896,0,1,2
8ac3334a04928faab627aef4daf4ac51c28a95ef,0.6017641,1,1,2
6bb871786e563ed82e2b8d26314c22772808fe5d,0.57561433,1,1,2
633ce604968078151e03363d5c67042af74310e3,0.56952864,1,1,2
18b3437c15d78c54510964728486831822809d9c,0.047642298,0,0,2
d68f7f5f44924ddee14428e16b7458e2878baef2,0.02486696,0,0,2
a48071b0d489420bfdc0c2ed7254d1dba243f700,0.043377303,0,0,2
5637a5204ffd7b77f569ed28f85610eb782a159e,0.2749193,0,0,2
0611710c619e67affe9e3b6471943d0ccdb9da73,0.04098657,0,0,2
ff3492b06299c0a38c029c8d7a524d0027de357f,0.32633442,0,0,2
0343b4fda87161265acf30d5ee61e525e751358d,0.039547272,0,0,2
756ccc935ef2a8f9f48e96f28c7c622ffb3e6627,0.03168106,0,0,2
612236c8a77d5d8c4755e287f682cf06d773a902,0.074524604,0,0,2
f37f4b68f3343e2b8f8d82c40398f975116102f2,0.049870014,0,0,2
0822b4226f31e50ec244d311e56e3446a8e5811f,0.2778806,0,0,2
06b7cd3a31c4565ceb0a127273ef800a3d084caf,0.33510232,0,0,2
04b55bc7ca0b0ac444fdc8ad01acef8172852a8f,0.23469955,0,0,2
54ff33b2ad26e3969cc59d7f2723563dee3e37dc,0.080856755,0,0,2
54e63005446a2b0a4255ba16838122c5808ef886,0.2513127,0,0,2
1a002c67f2d3c198411a62165e53b31d6b414aa3,0.041059084,0,0,2
ec2fa6bd5695b36435cc66ca4cdd8183d077a0cf,0.3541121,0,0,2
52b46e74dd29eb3eb65a593a872fd57694bc154c,0.051183067,0,0,2
59022fb870c2c45a27e00943003c5acdeddaeec3,0.3769794,0,0,2
03fe88ab71cf2eadaa39654786c3fba713742768,0.2028284,0,0,2
a0b798c27a0312df2a110073bd7888993e56d05c,0.19931027,0,0,2
fb7784fa1472b4c55d329aacae672f416e11a703,0.054369368,0,0,2
5fb158cc05a9ec78e31e49abb654e00a7b65721b,0.22367947,0,0,2
f59a674a26d349b7069158023194ad0d7a38a9e4,0.06791057,0,0,2
fad946a1d79486c5118a596e8ac67ef7d5189070,0.06759384,0,0,2
d190655a97c33c886997b9570697f432e7d3a21a,0.21430403,0,0,2
68acbc803e416a38616bc25505cb88dde81af5ca,0.16130488,0,0,2
e8a2c29721d145c52c970049e5469cfb0dcefd87,0.18576546,0,0,2
00fafe772ceb91c9f26d79f5a2f6c3695a141115,0.2740087,0,0,2
31466db6ecd115aa74616e14a75721b45c0f59f9,0.20597471,0,0,2
6d3796e64bdd5f3f4857bfca6982e6ecf98a2b33,0.15772665,0,0,2
131917a0d3303ca2c38fd1d6765b9bed2c23ff89,0.19426744,0,0,2
51512905c31ff19b91fc67b2cb3ddb5b1fa0fd51,0.13973364,0,0,2
56f0e1053c9aa767ffaeee37cf06a6056a221163,0.06525723,0,0,2
04b41e2c97fe5faaf521c2e0581c30e18e2f0c27,0.22898395,0,0,2
84d52919ec3b3c75f28a185ad7cd87603c3cc4cf,0.032037344,0,0,2
18f5f54ca0e78df12586e0750e257058746a5a39,0.035472948,0,0,2
bb76a6848b37cc3f418a370c56f597486618197b,0.035454314,0,0,2
69d4bf883cd7402d13497a40422d20096b2b9aa9,0.20231329,0,0,2
8bb3526317408fba3ae351719feb68703aa5fdbb,0.3464839,0,0,2
b212aa3c6fb91c34a0faccdf783a0a085d40be94,0.29382968,0,0,2
f8b1f6e7456a92b8aeb3e0aa8ef88936873dae00,0.16480629,0,0,2
04a5d83aecc325f87696c83b1a5dba45584ddaa7,0.26783937,0,0,2
c202aa8cec19d80f4671e77370287540a0777b7b,0.35328746,0,0,2
e55aaa5706f031df2e8d68bdf088604c79944246,0.07666827,0,0,2
63374a181393d941c805b6909c2ae5c41159e745,0.24267511,0,0,2
2b15e1f43de16d204a28f72a530abcc24208f4d5,0.3101138,0,0,2
4ceba113050407f10e116df7ecade93b1abcf6fb,0.045020737,0,0,2
5e5ba1b8129fc0d235b149ee699ecb2fdebfd39f,0.26870975,0,0,2
bcc7c0c85878d19735f4eb014e6b17a3c0deb0dc,0.32621735,0,0,2
f3a7cf629c19dc80734b5b6c3933fcc76c8a50a0,0.3294064,0,0,2
a72a5ced53067d3516ffbebf00a633743bbfeb5c,0.3562109,0,0,2
7642423cfa70fc797601afd64ad28ed1609df9d2,0.38896272,0,0,2
04e52eb6155b3cbf5fffc0d52689a3f679e40b19,0.027748695,0,0,2
a1cde6ab707515ae014c2635f9d32ad0ba64e7a0,0.026546746,0,0,2
ff902c15612f2d771483ce6bb06e55609247c34e,0.037406903,0,0,2
3f796bf74666ff9a4a6d31f10dbde4fd5e837d6a,0.44317743,0,0,2
c158713b66856745427f793f14a5dd1fcaf941ee,0.27629212,0,0,2
e8300276291ae634eda52d812e6e8d7cfef2f8eb,0.41534144,0,0,2
fac65b868c549d28b786568636bbc8362d2a78f2,0.39456254,0,0,2
c99a787752770b8952297e24e07bd404cb2f4f74,0.28893507,0,0,2
b877fb9abef4a19eec9cc7329acbd433648b8f7b,0.24697387,0,0,2
2b52dedd56503bf89b28cfbad21f59e3dd4d1d32,0.22004345,0,0,2
bbd1dc343992fde4baaa0309178509dd07eed536,0.062327422,0,0,2
dd5a0e6e1e3edb41afb4b40e4ec2c99e5932e73c,0.028352356,0,0,2
864721d54b8b372808b098e13120abe5c22fb9b1,0.030719766,0,0,2
18b1bc203bdb236bfd9084193aa2d55d4b605139,0.58010966,1,1,2
b2c1afce7eb13ea44fc7d25562cc3bb83cc91b2f,0.467834,0,1,2
5b223744b49d3ceac9608959d2db82bbadb47897,0.34431124,0,1,2
031f6b082ff21cf1138907a7c666d6ff391bfd72,0.3406631,0,1,2
afedbae8aca69a092d65766640361801bf2b5d9b,0.24851622,0,1,2
fd59e545f4f2d697ea7e197f002c5e8eeca27004,0.44696534,0,1,2
3eddcccba7e0361d6e833407320908187b16ac8d,0.44885793,0,1,2
34a5e7fa91aa7ec9e75a16eb6f3d859d794d399e,0.5605578,1,1,2
fbb5d31a581c24e925c442a7754358d2b62a669d,0.4417019,0,1,2
17e65488113a2dbe9894f824f4321a06ee009e02,0.5102541,1,1,2
9625891a7bbc0a8b11f7cf9c2b4650775ec8ac53,0.5319968,1,1,2
13cd4e0ac3ab76a4dc091eda457f9a111727cba2,0.51435494,1,1,2
8ef8e2a7a5326eef6180951207f65d3c29bce419,0.58902794,1,1,2
844b2901fe4049fba29ce8c6961dfa25966974ef,0.3741035,0,0,2
faeaa303b903139f36c15751c8e48ef982222842,0.35246545,0,0,2
5fef9575646f6583fd2d9ee01368b3deefe6ce82,0.36040223,0,0,2
6c687c70a1d5cdbc71c113b7d7402dd89a942849,0.40500414,0,0,2
c049aeeffd41dd9fb8075e719320846c83e5ea91,0.39914334,0,0,2
9bd439b4e0aa69050ef1baa537e552fa4620e5d4,0.36863023,0,0,2
8d6bc0ca625f3a1a98b486541fa613b2fac4b41c,0.0802721,0,0,2
d2fb3b0865a87cc909e4faab7733f993356141e2,0.13503323,0,0,2
10ebb32ce1806821518f52074f0d171fab20b3ea,0.4360626,0,0,2
caaf97ed8804ae3bf6fb17cd98a5814cab834688,0.43306533,0,0,2
ce0c082898e3551d313fb5b73763f399232b3fd5,0.12148349,0,0,2
bd9adbb637a8a4aa5eb61c6fde2c576d0ab3c4fa,0.62283033,1,0,2
e4b7ee81c1773eeb0bb71ca53bf722f046c16a16,0.26038313,0,0,2
aa31bc6c313789c344d715b7c1aeea0cd8de47e2,0.47169167,0,0,2
3899cc6570bd9176c84ad2d5d14febc6c0ddd964,0.3407264,0,0,2
648eebba22d6398a01b0924975bedced8469ac80,0.06032207,0,0,2
8d95ae41975a2307501aa0f4a7eba296c59edce9,0.63360244,1,0,2
1f56bd103d53c8c6ba7502c6586c26be01bfdb80,0.07060337,0,0,2
c7c85ee39892df3ca007c6596c41654865be7e43,0.19447616,0,0,2
c503d742f094dc2048b72c3f78f5e2e6070a44e1,0.38813916,0,0,2
a2d41db55aa46bd4fedb215c978f03e282cf1ffb,0.44549167,0,0,2
5ceb5f57212935386737ef4af0d066e9fd38c5a4,0.33431217,0,0,2
cf6b6d8eb1b524b73cdb74168f3190ab471aa52f,0.2888178,0,0,2
ff8fd9578ee8f66e6f80cd7b9f204767845b7339,0.41070035,0,0,2
ab60f735c721103ac888d8d7b801055921336687,0.080544725,0,0,2
a2660687980b36003a612eb89b40d6fdecb4b153,0.08426552,0,0,2
b3c31a379e9ad7cd22cb7f0669b82361ced84992,0.29274258,0,0,2
204ed0048f4812201ef65c9a0c44fa54a7d1e04f,0.29205742,0,0,2
103b64a373256feae6ca85f2bf220e7694e48fa4,0.5289248,1,0,2
9c506279188a90dbbe124386cc52016682d17b5c,0.22595435,0,0,2
8eace0187ea2c0c1a6e3a5b5e24e701f6e23ae94,0.04907524,0,0,2
72bbbbc559992e5e6bf17279d8194aaa80c62e85,0.5249022,1,0,2
feb7ba55120feb5e3ad3f526fae7dee1b5189d9e,0.4920688,0,0,2
bdb074610c87a210ea4c0d91d579cb4558f4b19f,0.59002495,1,0,2
64d820bffae723b9c8669301b246ae199db61b5c,0.6432281,1,0,2
d58d64ddb1f205a54c7eb57fe0cbec9c59cad8d6,0.3197064,0,0,2
d962a2b31c9a7216c2df557eaed3e475b13939f1,0.041212097,0,0,2
db6f7c1d74ba64211221a69cfa9fe7171a9199e8,0.53383243,1,0,2
1eecfc948bf6f4cbb9a2481313ca7368ec653056,0.14836524,0,0,2
ac5a216f767c6defa4da720c6ecb3baa05e30254,0.0596829,0,0,2
d9a2c69a9d1db6072e1d7b7ea4fcbd5c15d20b5d,0.13344724,0,0,2
d0f6be9886afaee6080cd4b7cd5d165c767b71f0,0.031752795,0,0,2
8ac857c41ec8ae02e57eb0c1c1a012525e7e14b9,0.345369,0,0,2
10d2363fcdd6e15568f765ba0dfd5f0cfa0b04eb,0.40185022,0,0,2
8232c096cef785a2ba88a7324b882a7badb0af44,0.36440083,0,0,2
5f4249e2ec8cccb17b27a7ffd032c4fc237a6927,0.3472183,0,0,2
86a59601b570585dcb7a1ce3d1ccc8e16008f53a,0.16603427,0,0,2
809e2bed22f02264e0ac58bba070f6d84386cfc5,0.39772642,0,0,2
6423a7665516d738ae50d272e3b4ca72cdb89a9d,0.1766596,0,0,2
8274993e293a79fc75829df398233915a6387a4b,0.5223142,1,0,2
e2dbe55d56bd6c1209276050f527d36717e33e1d,0.38748053,0,0,2
10325422e5a4735aa87a4d47bdb377e09fe963d2,0.6471398,1,0,2
a069c490e8119189fa2b43d3b597b79b3d42a367,0.4715153,0,0,2
a945ecbbdda782b51d5c2c670345fbf4dffacab7,0.062158745,0,0,2
e4c72a5522aabfa6a660088aa9262d849756e464,0.046669807,0,0,2
0095d8adf26b9469115b1be0358cb09d1fcb5fd4,0.058295637,0,0,2
151f2cd3d80c006f4ec228cdf610c3a35feb195d,0.04764033,0,0,2
33884b226454324f27700f9069f4702b44ef8ced,0.36440966,0,0,2
23108b1bd90de315aed37fa3fc1f38f8a56ab9ba,0.03466422,0,0,2
d6644e4fbe3d125eed2d85e58fc7133466042f10,0.4560159,0,0,2
dc53e49b4afa5d59c533cf2b4918402c37411fbd,0.30409455,0,0,2
f9cab271b3bc8c2fb6e2c51449ad3bc07e62e174,0.40102676,0,0,2
383bc8eefae7e17d0bb0349ab2300488c655ec42,0.47851178,0,0,2
eafeca43268f16aa9d4a179e44b9e7747699c1eb,0.45392975,0,0,2
4733cb5b798cd72aed82a9118648b4a86c91539f,0.40040627,0,0,2
9f89fd4626bbb4e34a905835e397bcffbad59307,0.029136105,0,0,2
2dd459003e19e4bbc2811b10d38337f295fc5a19,0.22894073,0,0,2
8d601ab71228f7c3dff950540e7ee6e4043e9053,0.44367304,0,0,2
0f6a292a29fedd49741310cd517ac4ba907bf8d4,0.41479313,0,0,2
011775551ef75d75f81189eb4604fd0f2ed424ba,0.41346973,0,0,2
695342cb1cef42f30fd1a8496f181c92b21ae82d,0.4232906,0,0,2
c14890f08b9bb47ab8ad27f4dd4c714e32961d0d,0.3299123,0,0,2
f3d2d55ab9b783af65f2050272cd0318a9ad23a2,0.050764177,0,0,2
c0771cbc3c445a9d1d2a43ac4ce3c0edbc806957,0.3378011,0,0,2
3aface95813003ff75505e2ed7d75b072228d3f8,0.06807027,0,0,2
2c437a12bbc578442daaef85ab486d1e55763853,0.35330778,0,0,2
ab0570e63aae3027239dcd5d22caab95111a5de8,0.07376834,0,0,2
f015fb2b31a5621689a57ce9d2d300e5f32357e1,0.2005236,0,0,2
cf950e7365848130c5c2d57c871652e6f83e96a8,0.19706859,0,0,2
e6b830bf95f712672cb9e77cd852606cd134c5fc,0.41588217,0,0,2
09c52410e62b0e1e221d413d7ab18feefcca6bf7,0.08708488,0,0,2
9dcd87f9c46786f3da54af7ac1ba4696840dffa8,0.3926695,0,0,2
f55530a2ffd3c481f6554d98e9d73f2e8c62ec8d,0.29700083,0,0,2
dfd69e038cc7035031d1807c4ade870d2a7e2ece,0.2073721,0,0,2
a49ea7a65b7990b3e6e625bc8bfff7396ee49300,0.045052115,0,0,2
41bc4cd029fc486b5570ec344cdeae049bbca860,0.18272349,0,0,2
51b2cabf2c3737de06fc889b39d40240d1b134c2,0.056245368,0,0,2
8a05e0b0f640289c32f2f261f35450532cc2a1aa,0.26894954,0,0,2
2cd3f0f10a797b744509903b8eca4fd2fd4ed6f6,0.33103725,0,0,2
8c1a0d2ee1433681958809b4a0fede65f62936e6,0.07955792,0,0,2
a08ec31dbf212a033953dc6916a743dccbb93e37,0.04512879,0,0,2
795fe5d869594bde53f8490d75eedef6185b6c37,0.32812098,0,0,2
5556118ad13fbb80a56d7b8de6f960e9ff8255b8,0.4146454,0,0,2
f643b4fa939e89348618ddffae20a804f4461363,0.042284545,0,0,2
bd5cc81ed7f91865aee7a5a7febeb237220d0c5a,0.037467223,0,0,2
657704627b297a19a693645cf03c5c70ccd9a8bd,0.43812943,0,0,2
363cbf7908cfcc6a538126bcccf5c955afda6aa1,0.06595482,0,0,2
c636539836ecb541d9ef71f2d347772cf9f6bc52,0.23226705,0,0,2
7cf5e01c2a152a0b612cb19e02213879a57c14d2,0.45008942,0,0,2
e8d861359ade336badcac3211e5aa447097479a6,0.038712926,0,0,2
044367419dd317eb9f9935d8360280b8b8695462,0.36124805,0,0,2
86a082e8be8c51f07079ded82d6d125c9efc1791,0.36188766,0,0,2
ab25f67348d4885620df86497889c1826f013a73,0.5031384,1,0,2
07811434b773b6e1737fe7dd3775aeab8afb18b8,0.15032263,0,0,2
5bdf0a938adb384bfdb6cc494a2781e2ac33b0ea,0.17207678,0,0,2
30c85ad05363767deeefee577063c2c432b971d4,0.39462492,0,0,2
1661e5519c4836a5a940b13b7797263443156fc9,0.3742493,0,0,2
a64153a3710c5035988690f0acf57dd61b711cf4,0.58108795,1,0,2
954ade4c1ae2adc0aaac3a1dbe800495c519520c,0.41056958,0,0,2
4bd982d1a1df87724682c17c39bf27b5cbe389be,0.2781586,0,0,2
a6443e146f825291308319c6a0f2eb82aa34f8c3,0.08137226,0,0,2
914844e1b226a1ac7ba45626ecfdfb56e7b2e263,0.059372764,0,0,2
98fa164cd88d126d0f137f5bcb4a1d180e0c2fc4,0.54888684,1,0,2
c79e6fb8f95bb07d2394221b29b75fcc016f4900,0.4765545,0,0,2
6597c196521af500feef7a02610727eafa7ec1dc,0.034182712,0,0,2
4670a941be92a55fbaaa3b4055d444e07ffcadb0,0.5481485,1,0,2
cde4c529034e182a982fd842252ec410d213c34c,0.515579,1,0,2
b5f5449cf338376d12404d0190054525987f4276,0.36448815,0,0,2
721a6e59f7e4f5c0f3196d3eb0e81cab5e41d065,0.41812226,0,0,2
c7c424fb9c3a39b6ea036242e44cdca324f7d104,0.34959298,0,0,2
a8f41ec97d139f5d0d7cf161e8484f2bb809facc,0.3269321,0,0,2
0181c8059c081d144cad36d003379bd50fcd9da7,0.5357152,1,0,2
90f0a680adf3eaa95e46e96d28ecd6848c74bfdd,0.061605897,0,0,2
12e597a78cbf9d82414b944a5b285d81a2e27e51,0.5658686,1,0,2
b45435c950e6f6864671bdffde29e26cdc8ce15b,0.315106,0,0,2
4259a706ab8641f408afc3ce224b1c0ba5a43d17,0.19590765,0,0,2
f0f896ee600ea7ff66c083747f370453b914be48,0.28943795,0,0,2
5482ce61b003726a9476c76a4337e043af4318c0,0.25299144,0,0,2
31a9fa0cce769c976d74cdcb6e6ce8831793db7b,0.33370134,0,0,2
1a20867d01ef8ee5b32b0620125b7c38a10b80c5,0.3450768,0,0,2
1731949116a7278f2b729cbb9e505580c8f56980,0.70132613,1,0,2
b521820b23c45fd068618d10955eceed48801eff,0.0525317,0,0,2
661d16d190708a1a396d8b75ba10738e4574c11d,0.4008219,0,0,2
3c2673e82d33b6c9bef3005a896e5b0d52b108dd,0.10057977,0,0,2
99900ae089cf996bc969f0673349c06c2e6fbf1d,0.39349136,0,0,2
811dbe7226ba0ede04c2062c2dba8f72a1c03e58,0.5213854,1,0,2
9f7d03f09172afcf0a7be40e3262d151ef053b3c,0.029034125,0,0,2
3c89994355f3574078c832b2dcacba0e65e87ed1,0.4039163,0,0,2
d547412bbd2a1ca56769a2bfa13b7ed9547310ca,0.32728416,0,0,2
d3146a545612422d3f8078f10afa00342b327199,0.040951226,0,0,2
8f54030347e31e0b1492fe874a1f1b67b89b836a,0.31709167,0,0,2
f059e5f7fa1ac4a906b5d2e18d72d410bf28fa2d,0.26251835,0,0,2
a5e76ebc404d419651c2a25b1a62199de64cccf5,0.4557607,0,0,2
a91f76da21faf4e8b70f0f69c6db2521409e7d29,0.47475058,0,0,2
5a52446090a67b9b04b67a0b7aec94e73bd21930,0.36845323,0,0,2
82cc24437f43d07880d8883229477735431e5d02,0.3654933,0,0,2
859224ffadb79147088840732236c1fad341d842,0.42475346,0,0,2
314b6b56bec4af56dba667d66a25c1613f4bc800,0.30853325,0,0,2
8cafd87c83f4197f7e8d14de8cba453c844266c0,0.47854954,0,0,2
a060733e63a9cc476342ca190d04ad027a241d33,0.08119234,0,0,2
e685d847b4c70e354e47ea3990cefda3265aa5c6,0.20776932,0,0,2
c8e648b92cc133a604b5e1f4da1ced943788e64b,0.57363826,1,0,2
ece2f255eed8ad9eff6e236152de65e804c6adb5,0.6487886,1,0,2
9766e22b42b7b3f3923cb9c2502dfc2dd5d0a5b0,0.23880078,0,0,2
776b86e99a1ce18a5093db457109807b766d49c1,0.27377993,0,0,2
e1bc286245ce5f798b5312d65bba64c71921a3f4,0.28616342,0,0,2
585b1cb97b4b9e81b55d68e04b6c1e1195058a8f,0.24282913,0,0,2
7587431987258e94748d5f2fda1e6ca049a21600,0.44211245,0,0,2
53def501409cd1f9e20ac43edba6f2949bb366c8,0.14034367,0,0,2
7c19a1ff4c217f03c0be62baf1169d689f566825,0.4610402,0,0,2
8cfc1b1207577943d412789765a3a2085f1b3036,0.33722845,0,0,2
577f7b3b5462fdf84c0956a3bec5296bf7821677,0.37775445,0,0,2
65b08c4f91a4e5d78eb645b46d06d7a46f8c62dd,0.39577466,0,0,2
0344ca3f2d43e3732bf16370262303be8761a523,0.588553,1,0,2
c68285bb3392665827595ac408a5fad828b0351f,0.39889553,0,0,2
18e692478dcf91fdceb9b9fdca7c61a1111d63aa,0.52871776,1,0,2
f2d8493ac44995170ff84bb895e3a73e0127cc68,0.048840143,0,0,2
f5ebb9a649e9dd0773f9bd3457d6ce1895266d59,0.30893004,0,0,2
3e08af573f8b50da5202f55df62c925f88a47f3d,0.45555162,0,0,2
cc94767e7eabdfcf9d1cab1d8d1d8556864394c6,0.26054564,0,0,2
d6ad3f01574b839670d4ea5cf82a601eee7e0c16,0.09083726,0,0,2
a2dce32cdab108e7e281dfc27dd0a394e1419ce1,0.03779538,0,0,2
fdf05fa29babe21e64f9a5b268dc8406d449d4f1,0.32969233,0,0,2
0b70b01a9f1d9664bb5eac737175f58f06979b60,0.37529954,0,0,2
7076b7408f06bc8a277f58e7bb6c2ec3372d5d6f,0.28860873,0,0,2
cc6beb2d05347fba64d933906ae2b712b1a43302,0.37603113,0,0,2
c7554151d3f695718a5bd431e22c7f4c39a0b261,0.47165883,0,0,2
ae862ae116f2056421ab8d6e997e7b64a95828a5,0.39640173,0,0,2
d65b9d2bed09847ef28b9ceb30c9f8a96e0c12fe,0.24599154,0,0,2
36217ee164239391c672fdfc8f5bd080beab5c4b,0.040201515,0,0,2
44854912194177d67cdfa1dc765ba684eb013a4c,0.054204658,0,0,2
fd60085a2a3891ab6db46dd3b75e9dd67a7c734a,0.21625564,0,0,2
f4bfd9c71f51fb541d0fd203f0df2e609632dc62,0.36022863,0,0,2
3b6867fc25b5dbf27925fdced660553ea8289dda,0.038195044,0,0,2
ed94e5a5cce33af89dc1b1475204734b17f64bb0,0.37214097,0,0,2
87eff4c78fac85c1b5f2309887f6be5fa2972537,0.3959434,0,0,2
732ea5e94fdf8fef42b5c21d001983fb24d2842a,0.41883507,0,0,2
09d70ce73dd37544c92621eecb7faf062fccbd5b,0.054786567,0,0,2
060e66bf995177adfc4d73a2a4c9bea70dc5e441,0.41461685,0,0,2
9a7de3974d64a5410e577933e141797928adca71,0.54973656,1,0,2
1e9e36640f762d29c07d8322c361ece163b179fb,0.35901707,0,0,2
c56b87d6efe530590b6d9a07e41ca00af208ce37,0.45185846,0,0,2
07f3694a5c85ff5ee8c556817c0d2ea3504f26f7,0.054099306,0,0,2
5cb988334179b4f04a27c59c1e6a888db0dbfc9c,0.53921604,1,0,2
713c77ceda21d0c3cc9c213341259d64fb46fdc7,0.22517732,0,0,2
729bcc46b503c1574c7c93a65e902f436b4ec6ec,0.079323255,0,0,2
6ea2fc8d38e035bafaa92c7d3b007be38c2e9000,0.09271311,0,0,2
95fce758b0e12837869cae450d8029d7237b0dbb,0.060027365,0,0,2
6ce88517b3af6d48c979b6e984889b69c044561c,0.27045706,0,0,2
b52c69b1b0ba1c542b917247f1f76deb4ce2a42d,0.1869148,0,0,2
125cfb4cab35daebe874a599877d6280b464212b,0.6244506,1,0,2
6f03c0ce11db4a270124b9bf93338d3db9fccf5c,0.48415047,0,0,2
96a1a31d734e663af5c9bcda58c7bb5870e8a363,0.44196236,0,0,2
7aad59482002d0b4bc3546259d33eab20ce76b9e,0.40040904,0,0,2
c1ffdbab58712cca8463b3edc88f9d5a09b0ca9c,0.560161,1,0,2
758228f691b34c97f421ed92336772531495e0cc,0.3532606,0,0,2
a26c66a8edcf029ca5f94354cee0db267e9ccc20,0.35110307,0,0,2
8dae1f2904b93127f101bd36c1c79e801385a8f7,0.050255705,0,0,2
4f928504ea91c3c1dd43ce696acadf76624240a1,0.1411714,0,0,2
22c30471564c730b02f5f7cedec28fcfe5749fc6,0.22036584,0,0,2
10122741eac52e218771f30c6dc2c0aca54ff006,0.38072664,0,0,2
e863dcb2e7a654af6b8eb5865d8d1d8eee0a6d28,0.33680764,0,1,2
d8ec011d770e1e04ef4f87fba673f3748f363278,0.76141715,1,1,2
f7cbda67518ed7335566ebf942cd170a66746096,0.6466911,1,1,2
7d061e33e59e23dc4b03378f35f50a7d70f033b3,0.57661915,1,1,2
49a876cb1c2a49583b9184ab58a579ac75525986,0.44917423,0,1,2
6dfc3e64037f10b84fe203415e79e2435acff558,0.43700883,0,1,2
5fb74a6618da0ca8b12a3346038164913a5d27d5,0.45998135,0,1,2
f5a9effebd7209f3fa5385f18a5e59e8a09122f2,0.5406444,1,1,2
c614fbcc79615f93d2c60a153db6e82d7474c425,0.50266176,1,1,2
d575057852ab2be41abb39b8de69a35cace5c67d,0.49537727,0,1,2
c8e61afdb89c58ea8ffaf04593da41ff0888d30e,0.16957599,0,1,2
c3b1fefbad0c67c8556ba6b4573f135197f87598,0.53835714,1,1,2
60412131f3679b720bcaaaf3dea4be666cefea7a,0.6016075,1,1,2
2ce40494073aa4e9bdcba4c39d24727b7141d227,0.4991336,0,1,2
2e9f3a80146262511ca7bcdd3411f095dff4951d,0.392808,0,1,2
2c0429aabd2632c8c6a242e4a23d5eb6f46035c0,0.54150313,1,1,2
bb3fe2a37975920d1c7b9cf16309d86fe86e1a35,0.54882747,1,1,2
cb686673a70a6f14c35575550c48c37d19a1598b,0.47520486,0,1,2
357fe1378889e5934e8f60c8d35397bf63871991,0.5351148,1,1,2
9c886bd4a188c91301029040b3a839e4b8e2812d,0.47634706,0,1,2
8b62c114cfc5fd347bd8cb5a391fdfa8cb539435,0.5825642,1,1,2
56b7ae44f957aeb884efc797ec74c790a7a3abae,0.48959413,0,1,2
17f9d22f334c91e701808808170bf60aae7342f9,0.6238734,1,1,2
9901bf98e4921df1c85e323c4b096b7feb80221e,0.4147989,0,1,2
aff0fae2ec3a7d74356776c183c6986eb9eed520,0.41065085,0,1,2
1415c9a2a6317dbdca6f1fbb530db1f558d9bef5,0.4995903,0,1,2
e51bd89201477092c32c180e4f8d00569db17ac1,0.3503507,0,1,2
efba54d35fa094de5e580b200a8607bfc7bd5a7a,0.47206238,0,1,2
58a8f12b443d7cbc16ec00b8841138ee55ee6630,0.5059201,1,1,2
e7d16c27629722a93a9d36a0b5e0a3a793850544,0.041057326,0,0,2
3fadfdd69f4682f05563ce53e55743f55813f488,0.21150246,0,0,2
bcc4f82a7aca3fe72142bd8d9ab3ac6c9d4d2767,0.26473597,0,0,2
54acb6e10f33d5f71770323e9769d2dcc1130a86,0.35115984,0,0,2
bd4066eba88a772c06394d818d87aedca8bea53c,0.05729661,0,0,2
09ef69c5b51115300da6df43690cd455d83c8027,0.041530948,0,0,2
a5391bb34cbe168f2c5f5f6e8fc3a1eeb9399e13,0.35527062,0,0,2
96cb498f9bb88b534e49f9b8301c9fe7113b2dfe,0.044774223,0,0,2
f4a262df5204221184f1f5008b06957868684a25,0.06653973,0,0,2
81ee0d062c888d8f8bcbc154cd7f0143710f458c,0.24260712,0,0,2
4aa4291ffc143486757617b743c9670001f8a7cd,0.0592629,0,0,2
ae6a24dd439a7b778e35b484a3a6eae1a8eb64d7,0.038617827,0,0,2
9379d0d36acdf78455e81518b3b1476c7691f056,0.050026294,0,0,2
2521d9619fe1f052ced8ea1107851ac98a1b7488,0.036959145,0,0,2
7721302ae5d70d2986d74ae7e7df648bf849997d,0.104283325,0,0,2
1cec9a6fe588c047daa6c711814453840405561b,0.29982677,0,0,2
a36c903d4f1065bc59f5e6d2bb0f9d92a5e71d83,0.03719767,0,0,2
08aa21f9217df0a28d48be5be5db03ddf4867140,0.25916028,0,0,2
4f4e2b064e98ce1abce98428965f8eed86f4543e,0.17170371,0,0,2
2a11642511a3c69bac5aa1abd83d3219871395e3,0.059874177,0,0,2
ce178d8e87ff6f9a12aea4b217c1e09254936236,0.24462049,0,0,2
9fb4f47f352dc1c1f5f20de80840d39e1eebb985,0.35923916,0,0,2
762641dcdbae9456aa2b72ec8fa1baa0acab942f,0.04188973,0,0,2
47a9ea7c828772625b9e26c0c7a6db494ea626a3,0.09944092,0,0,2
9d090d40ef488c6c8e0784da877b93a05034e339,0.04955518,0,0,2
e7e48da660e17bbe5c0f8959c2cb9f6d60555cab,0.049397253,0,0,2
5d369c4fc53a2ef5c47f16eced9fe917a87146a9,0.39048856,0,0,2
558f84322cefd02246c49666d7e7a3b2e2cddc13,0.03370932,0,0,2
b0580d508bdee2903f05d95d59e6e9a1dc9d710f,0.12881191,0,0,2
32155107dd982360e813d10d0c76f6f7cc2cc7bd,0.055635687,0,0,2
596afd4f5a73c7fc756d9bdc12c6613856ca27aa,0.12935494,0,0,2
7f0046cf4e2161f0145e0e59a1b9684b04061916,0.13755074,0,0,2
1f5e68b5612053cf35b31a13c8b5e8341d892f93,0.032382067,0,0,2
b236d5259f95b755aa5e1d955c8f835312047d77,0.05092353,0,0,2
8fe95aaec201acc964ffca80954e60f7c57d7413,0.04237261,0,0,2
d5b16405c77037e37bd180843c1eba79117da7a6,0.035296936,0,0,2
d3aa5b77428d77f5954e30b14e7385c15f6f398b,0.04585871,0,0,2
83119a80aa1551bea003ea6b9e65b616b7795246,0.03849151,0,0,2
c4de3dd2bb8afb3323fc3aaf394a463aa4222768,0.053406674,0,0,2
f7f4b909d0961528c9b02ca5492b2a57a8df8bbe,0.03829226,0,0,2
bb3d861fcde210e45f3d3ac59d8ee6e1e4086cb9,0.041298345,0,0,2
1e6dceb8ccfd2c97379f78066ef4ad2b9a17b1d5,0.3482616,0,0,2
361b73775230d91b4ad9ed588d6d57f3a049e907,0.042945996,0,0,2
9a2f53d2d56fc58617f2bc7e8ce7f488dd05d47f,0.04245766,0,0,2
6ee118d2a12a4c0bde2c5b828e05ea9b18d4be2d,0.038830616,0,0,2
eef240cfdf77df4d3ec55c2f03dc52112dea7553,0.52531165,1,0,2
0ba5e75432717181296459b9bdc98f9cc3cb2c7d,0.38108766,0,0,2
5d83e4deb81aa7e06e4587809642e70ef9a03662,0.2145702,0,0,2
c635393fb9996ec9d33b32ca27a720d6d5593255,0.04198509,0,0,2
cf4d2789901be233792839384ba76b94dbd25888,0.24844779,0,0,2
46a1c86ab3f4e2068023a1faf1c704443f3f36e9,0.03611288,0,0,2
d31ea317a5fa6cac0e281bf0aec5367ebe45a217,0.06419994,0,0,2
88564caa20e4bee55287b258543cab35e9d3adf6,0.5226812,1,0,2
9f0af0bfee5a92e67ee54c185f49fb7c771c15ff,0.43390262,0,0,2
05f3b74fd581ea5f8946c64edcb293747b4d9a71,0.042790785,0,0,2
43e4df85bda71ca1500112912a83d3ed19868c4c,0.03793485,0,0,2
8283d966f47280f682a1407d499346a383d1b1a5,0.03873844,0,0,2
5878adfaf37ce37e6988956e4cd5c833c6ec61be,0.04108656,0,0,2
ace5ba00f7067d517a35713f439344f24144fb79,0.03747225,0,0,2
67e443370e06288fb2702d62c0206221413ab852,0.060660083,0,0,2
9687cf07f34bbf5f67c17e75cadd287b9f6662cb,0.031555835,0,0,2
94cfd56bd9092e0fd8579120630dba0c857b7777,0.43980065,0,0,2
077913c7e9eb8e4cf8863b7545bf53c2923066cc,0.05874134,0,0,2
fbb81a37f80fab1d1e21435782e034eade76114d,0.37414983,0,0,2
278eed3e1f7cfef2d39a25aba53f4478c3ad8c58,0.04840835,0,0,2
73dcea01b19ed9fc9c0d5a8c38e752bfe071c801,0.2254943,0,0,2
54bbca89040ed195b89478713fa4a181cb2bca3d,0.038920507,0,0,2
1fe64733a2a28b795bddb152e9adf7489b6ea7c2,0.40837497,0,0,2
1194c69fb122709872fd634ae9890cecd1d83e90,0.4903569,0,0,2
709aa7bf9c998cc75f6e0be7d258aa5a07ebce8b,0.06452936,0,0,2
cdacd4a987755572bd4d6d328b371644ac07ecd2,0.065980494,0,0,2
ee7ed6e655c08774387f9ee60ce11b84d7901cd1,0.22561479,0,0,2
edd64cfd822ae2ca2faa8dc1c73edc38a6e19f0f,0.03397702,0,0,2
ed085d064c0f80b0bcf382550d10fe6b6fc9f283,0.054887645,0,0,2
4a025d3f8e31bc3e944399990b3a4baedb90e630,0.04932043,0,0,2
157aa8daebcc6a464cfb350de346cc550ac13d15,0.25488412,0,0,2
0dee0324f694b1e035b9c3dcc6923278defe1d3e,0.05475476,0,0,2
136b96c803ce4353f2cca2b24171ddbe74345fe6,0.034438618,0,0,2
99c63edb10e945d466dafcbacbb6fe930f2a31ec,0.19092464,0,0,2
1c8fbeaec2ee80d45b78742d63aeec0c9d0c4e9a,0.23358466,0,0,2
b1162d812eebc9298b7fd62eac1dac119ae5f271,0.3247378,0,0,2
125c820e8d43df150ac09c9da5b38dcc1ea6e03e,0.1533396,0,0,2
680752e1414c07fe4357d5b6fe3052f3d9dfa374,0.036235332,0,0,2
f36d6870f2e1feef7f1d6fffeda056fa72c051f5,0.041760914,0,0,2
62e69cf4f2fcb3ad8bdc44f75f8a9e3e20ca7337,0.05611882,0,0,2
7df57879c92a467cd71860e6cfe14a04a49fd031,0.35805428,0,0,2
fe63f95fbff43495e57ebc37350798dee024cf9a,0.048976142,0,0,2
719d0c56036111d07c46ab5b0f379f62f14ecdc6,0.14243351,0,0,2
4951344fb2ce246e0cc5a2dff90d24cea6eb3a75,0.16782728,0,0,2
c151913ae25d55814c40b7f922886d52c7086787,0.23098703,0,0,2
ba1e716261e055f84baa9a47f9ae2ba959d54390,0.31376225,0,0,2
894fd838fb695d794fbd28cc66c82b80a9688c91,0.31510785,0,0,2
ed7710f41c594c030188917cc773adbb6107383d,0.36292103,0,0,2
11ddae0a3570fdeaa421e4e378ae14bc173598ba,0.3074272,0,0,2
9e8b370391f5b3e71cc349a2ff556d8a3cdf1232,0.32115364,0,0,2
15ee56bd0f91ef807a3e729ab3410a834ef3fcef,0.3322117,0,0,2
72784c46f6a7d7644398db5c7ac8bd3822c523d4,0.43366754,0,0,2
90559c49bae582697906598c735385c19daa6da6,0.4324244,0,0,2
b34856498ed290a4883b077db0d4df2991ba190f,0.26345706,0,0,2
8cc80dd1a449f98924ca9e74970b35f940d43800,0.4531317,0,0,2
84a844af5d30ea41750071dc8140a56e9e146bc8,0.046731893,0,0,2
6f95e26fc92e929fde30d592e7572493d360ea3d,0.04354917,0,0,2
fc3d530961ce4f23fd2c8310f82d6d1fdaae6c16,0.34336013,0,0,2
53c08a37ef81ed2aa3ab57f5933ebbc5db68328b,0.37009963,0,0,2
bd861c0d8009bbd51137bb97d15d5aeb8902eb2f,0.31295294,0,0,2
584a10fda56263ec0ed555f9866a1a82851a83b0,0.4563955,0,0,2
aa0c114ac9636012a941ebee49d69cbd6f6291e6,0.40416595,0,0,2
bae09b4838de43ab6a8be25ee25d0d11f0fe7477,0.22337025,0,0,2
4d8331ef9c3993ae1d3c091a758b24cb9a037fe4,0.05717734,0,0,2
1d1cb74151d6fa0272d607d06ffb85ff4a50e972,0.32258835,0,0,2
6602d00afa7a5f32218784dc54975cae5540a255,0.090386935,0,0,2
cd78c96d225752e3656a2f1a302298370b55a4c9,0.05078182,0,0,2
f27cca133f9a28899e00488ef56b2f8a2700a68e,0.057944387,0,0,2
3fe52d0cd85c01eadc44933df5596d177c3ecebb,0.1731664,0,0,2
81d1982c3cbf56f77e2edf3f063ff84e6e748549,0.3004833,0,0,2
e32f477085a9b6f658463bbbf355405980c515bb,0.07981526,0,0,2
7419cdb1fbff1096edca78bc5db34f7fdb3b7342,0.05203451,0,0,2
ce1f9e29288cdef4fc295ec2d5b4f846f0b732d3,0.29580343,0,0,2
60a8028d22b88ee2f2d7cf7657ed35f4046efe79,0.43817458,0,0,2
c779a5ddb807f1a84e1e6a5e43a0f1296dd565cf,0.037085105,0,0,2
c2bfafd4bb8ed95e30dce29e65a9afce26a7d860,0.15816301,0,0,2
e48157a0de54d6b82137d62dde9cdbb4bf5c6f40,0.033559468,0,0,2
6d908d014c25ef3da000789dd56de0b6e7c9ea8e,0.04535365,0,0,2
5bef000847001240749e50239a25ea69485c849b,0.15845682,0,0,2
82c1bee3f786f96fda51243f4cc6d50995bd90b6,0.48525557,0,0,2
5f84693e1db2c35b9b797614e17136655c433335,0.03932461,0,0,2
dc8138a8a9b022d156c4d04b2491b269661db396,0.031297073,0,0,2
233746d8fdb7e71a63b5cddb55421eec87bbcc4f,0.3172114,0,0,2
84daf6aee0175303801e710dd2d326ce252d2f88,0.45737037,0,0,2
6df343df2635e7e0518a09c374532ebf22a30529,0.04252758,0,0,2
6cf4249650d72cf21ae3addacb5202089923ad91,0.04541931,0,0,2
d990feb36764cda778e6b4ce9469654229ac716f,0.043143395,0,0,2
393fa5df9262c339e004e061809c73d7637a909b,0.05004644,0,0,2
59899e1c820cd3fb8789b9cf8648b269b97763be,0.034856647,0,0,2
2ddd54a7ddfead528f2b1de92dc8dd16be7f5f89,0.29971367,0,0,2
c7599fd2a84b3d58473fd16c5df4034a8658e925,0.04702763,0,0,2
82b547ad25147df44f27a3534a5b618755217378,0.046152737,0,0,2
62e56cd3884d224e42cc8b449ef631a0909a19a3,0.027230209,0,0,2
a85fe84ce63f873b760e311f27ec42e05f1b3f42,0.32238692,0,0,2
0a114bbdb01548a69c7a8c155bbdef7785ecb389,0.039395746,0,0,2
5310e25a6cb79eafb21408fabd744f9a76c2a020,0.050565176,0,0,2
8834c8e380b7278fc37a4e6b80a9198a895d8280,0.044114757,0,0,2
b9284992ea3c8c484893517ee9df3b2274296959,0.17420094,0,0,2
939527bcc5b80a1788d876d7e47fb45d71d21424,0.14958422,0,0,2
26e77ea86294f5a9aa929f9acf7dd76a046453bd,0.28717306,0,0,2
3adcd2103d1be4feca870536e8f7a7549f6d492c,0.22305045,0,0,2
2edb7a20f3856723fc715f7c72e10e72ea7df385,0.29694235,0,0,2
9843210e5755d2584efd3496d59e50e721187842,0.23915051,0,0,2
e6cde856d76935ce2ca5323579d2557f5412c774,0.2518868,0,0,2
c460996e75df489d6bbcb732763c10d01e62516f,0.22332199,0,0,2
115198b9c94bc66c7a659a04d0e2f65959ce9297,0.39383847,0,0,2
276552d5e73525cdd29d9e809659d35f34c5250e,0.3110813,0,0,2
c0e4ebfbb0f8c38ef672394015f47fd72ba06cda,0.11771711,0,0,2
c61154272699761265a1f2e5282ff1bdaf714b6a,0.19850995,0,0,2
f0b18d27f01492af6874baa8415ad17511eb5d4b,0.121444434,0,0,2
45a0337e1d9d23126dcaeff9c0ad96c5b4011957,0.34490538,0,0,2
90f4139bf75c94aa1ed62c5f64c3ffd78a1441d2,0.46768042,0,0,2
67c51ed7ef1d7acc4010e45eaf8088bd91cb702d,0.3681224,0,0,2
9acc3e824e2efa2e496df8458d207b5fb5722e6d,0.19443391,0,0,2
9dbf8388c5bfa0c7beb15e835b3a5e6fc74ecbf8,0.5479887,1,0,2
f30855735a40daaffda15794d7abbc6ab8c699d8,0.21142884,0,0,2
39513f9142cb82b84181a11905b3866a49d5a3c0,0.15067242,0,0,2
289e7a769ec9ab110f85848b281c4c143ba84e57,0.22797306,0,0,2
930015a137f6bc34127d7646b36d0550842fedfb,0.22910249,0,0,2
a270ff62852e62b5ac0f943a7e57292a72b77271,0.17735404,0,0,2
9f0d58985f4588981eefaca0408e767eff1bef73,0.15291315,0,0,2
8f346f9f1263b2fd5923abc0956134df15fd9325,0.08439531,0,0,2
ee851e403b5ab4b6b33713b08f9568e966ace052,0.15496537,0,0,2
55e8eac25d81f07bebb16d812c97edaf1393083f,0.15272923,0,0,2
c8bdf60d1d0be609094e14054be0b9af0fb05521,0.25115588,0,0,2
9d4f2ba886b003980f2c37a4de7a3e6c3c701820,0.16408835,0,0,2
8713af90d540e7bb01f8ba1fd99f6c04e41a7433,0.18622942,0,0,2
eed8a7adb3de7441751e846f4a75d110dd205f23,0.12083869,0,0,2
b9e2a97758ba6c007fcda160c4d8b0528bdbfebd,0.16222878,0,0,2
07de4dd578727555bb94ed421498f455838b317d,0.27221066,0,0,2
641aa1c663ebead0189bf001a06ee56463070ddb,0.37997437,0,0,2
b9522976f462687b0693b7229ba5c7faee0cb74b,0.16419135,0,0,2
2fd2a76110af7ae07712af01708cc00310af64ef,0.23817924,0,0,2
5723ce72d04c8ff7af8f245518cc48291701db0d,0.20806277,0,0,2
611c73889b772dab7315c952902d5c649635126b,0.2115586,0,0,2
b5b45d3260bc83d2432566dfbf22f0897240bece,0.11536741,0,0,2
22daa5f1dd4396e94224841b3bf0e9f226e86695,0.28160864,0,0,2
4a9bcd0f5211c91c4c2f47313c8f8013d0dfe03e,0.26045835,0,0,2
864fda4370a8d1bbd942400dd899653fd5d85244,0.4329506,0,0,2
96eddd6ae1427222986eca344b898b3332792a01,0.22592807,0,0,2
8da9a65b6398931af18febe082299c5c4b932924,0.13167588,0,0,2
8354ffffce024a97ef5e05b7cef4a82c263fc07f,0.15244558,0,0,2
0ca8f9b9feb2d74c6373d1762b1eb4a6b1f7f4b8,0.1247669,0,0,2
13467cbc7f319f7f7e9e9185a673714736e77b83,0.23361224,0,0,2
e63c5361937cc2598a3cd030f79733cc8c22b6fd,0.19439402,0,0,2
bbf65339023bf627a1843073cab699ca1831aa96,0.246067,0,0,2
56706c8203ed023a3d21784b6e7fab40375eb9d0,0.13764061,0,0,2
274c9c1d37a47ae9bc1cdec1b0b0e4189dd44845,0.175049,0,0,2
b88b065aa955d7a7d8f74c427b05d2243eda0779,0.20565301,0,0,2
949d74737327f114ae97a18f9bb4a4f5626b59a5,0.16508584,0,0,2
9f1dabed562e5953af25369121fa7fe221a20276,0.035955213,0,0,2
d86509b09672b874de2f933a511a1f74af6814f7,0.26094067,0,0,2
525d1fd7ca383b3426341c58ba9e2d2e886a59ac,0.036830153,0,0,2
a528bcb1ebafb1eeae14fd3e305f3636d6c04717,0.036095466,0,0,2
c4190304baa18d3a376c3c2232f45f63c479a5b8,0.050011534,0,0,2
bce159a0c905f673b8e0e4c9899543a812fb904d,0.26179612,0,0,2
333971caf33dcc05b6f714fada447e9417f6fdc0,0.35228702,0,0,2
9a6e25230eccfa131d40eefbc4f48a13ac31d640,0.048333514,0,0,2
b1c45ac691d46a8c609f2534d2adfa59c0599527,0.04814372,0,0,2
23747116069c150e26e0dd42d61331b1108e1e01,0.32590702,0,0,2
74ad2114700446837ed451f36107a056301a65fc,0.042333968,0,0,2
dc9032be284c70f53d8f9031cc90e01678a0e55f,0.20767426,0,0,2
6b9e6419fc944d3b5eac58187a6cd56e97328c2d,0.03777761,0,0,2
a424d2ff172aa3be9eb5155e732e6f61915d7b5e,0.31547445,0,0,2
004d5e672e9b2734a4c27f0e20504fc615da3476,0.46726954,0,0,2
b6b59b189c1274ae43e844863c7a2468c0e16b4d,0.044386033,0,0,2
73733206b943f8a03d18574eb7585285eeef05b9,0.039990664,0,0,2
fff00791ed30f338ffc085f099be5517dc359261,0.03287248,0,0,2
b8ed8bbd5eaaa6d3e463bde3accffdf3dcbb77b7,0.029671662,0,0,2
256420016e2321dfd266f9a2ebf672516cc936ac,0.035658434,0,0,2
c4161ee29051c6e44773fd1837d2080489727dbf,0.27758366,0,0,2
06e7d46a49c5d31abca644fadc2e3ecf6f9001a9,0.034077752,0,0,2
1e8a31f417256b9f555b537a09c13f1135addbf6,0.03283102,0,0,2
2d79319a8d4a3ea256ba1bb6364c1330518134a9,0.03166045,0,0,2
2a491590568140349f776b2a63bcb4ce74d147ce,0.030363858,0,0,2
32080b32a4eed0719b79f4be332ff5a55468ab7f,0.035685334,0,0,2
3f66e516a7f5833be9c87911952465220acef149,0.057220396,0,0,2
2a069edb7e7c46ef3c1f56e8fb6cadb779ed2e42,0.049816847,0,0,2
963757362ab2ff0f1636008815549322fef1148c,0.06892702,0,0,2
9f673d4da60a889ad5fefb6fadba1c40bb3e735d,0.18956442,0,0,2
1688a5a2444b3b636741d5675646b0b74820b4fb,0.23851672,0,0,2
284b6f5477838fce398036497e1acc206b1eaaeb,0.040346712,0,0,2
ffe28c43e0486d443234701ab9d791e703c88071,0.036845107,0,0,2
3761b5514470d3f06c9076b0821430d0c2cb2da7,0.15798083,0,0,2
a36442f0d08bb1a5b964b4c77d4c64eaf251c3e9,0.153859,0,0,2
2ecede5902f9a132a632b8431a35daf5174e1a80,0.27161208,0,0,2
4a2e49fd8daa81cf2ce331c3a3795844e79814b0,0.17120118,0,0,2
8c44a71208f640835d7a205a7b6e58dc065d8dcc,0.0692727,0,0,2
74abd625bcaaffccddc3ca9faa1402b179c251e7,0.036293242,0,0,2
ea64efd6dc61cd9c9b1207d2da37fdbea14d6b50,0.07237499,0,0,2
530049b41c9f42e11144fbad4d1fec65ff0956e9,0.28841436,0,0,2
66c451d618577c1a1e1bf964ff990574782c3bb5,0.069851585,0,0,2
a10c6b01425a9c21cf687294bac43a63de0a0d3c,0.052867755,0,0,2
f9f92677a92ef76f92c90521904c20b8512b05ff,0.041056108,0,0,2
989135e762d3f00767240e7b42ee9e1cccbe43dd,0.047681365,0,0,2
12cd61925c37177a82d2adc76f6475e662030e12,0.20294346,0,0,2
17f4a06be88ed9c950e562aa72755c7a493b8ae9,0.035943206,0,0,2
c3768b0fba8f2f565118c611f4ced4bd6143d022,0.1670776,0,0,2
16d64a96a0a07468bb8b2d3293d374bd4373cd70,0.10590403,0,0,2
1f0919e28420fbd1568ea1c1fd4cf7b46eca9b04,0.10057792,0,0,2
4e347adfdb1a84535440d6c9f392d134a84969fd,0.044808753,0,0,2
9818f5ce6f76224f0d5d5c8ad583d854b8cc6872,0.043698285,0,0,2
dca231dd1b2629f45e65cf46b6f91803fb448aa2,0.1817294,0,0,2
9930786b2d05890fd071332dd1b9d7d7ad0e1b3d,0.04277778,0,0,2
b367c37c2e92ae652e49b361425bdc7ab3390f25,0.03631786,0,0,2
bbd32a63be1334620c1f52bcf4494de4b1e6931c,0.5806087,1,0,2
6868968abdfb03229bb0dd60e57a502db45394bc,0.03831831,0,0,2
3fcfac543d8e54b93695ea5f32b1820c5e5849dd,0.04668708,0,0,2
af50960c662e2d006dccd4156ca85ba3b2d3d5b9,0.03529047,0,0,2
99d1ccf360643d89b88bdd218fa917d365d95cde,0.036588892,0,0,2
3c32e5384eec3142bb017fde824dd1cc0db48876,0.03761151,0,0,2
b4621118821f29afd3d5ea47eb8a684f4e5ed3ee,0.031890817,0,0,2
eb3f760c1c38fe3910d979e75093da67f685e2f5,0.046869427,0,0,2
efb03bdc301d917b746e6716f2a074f54ded723b,0.03991856,0,0,2
3ff71911718c07ca1016ca855aece547061db85e,0.032568987,0,0,2
01f84f2b0d9c13ac82ad471469b6a5692d0f8cbb,0.22910775,0,0,2
a95c1598ef693cbd7d874c33eae82433693b75d4,0.49097693,0,0,2
6fb796db3d138b4e97dc1fceadf6bfdad74a3533,0.039911233,0,0,2
cae430631d5472394441cc82e142103c3a70dc83,0.042811282,0,0,2
47b76cc60f7b73188cbb47a0879aabfa0228be31,0.4018662,0,0,2
c64d12958fc711d667f26d0173bbaf96157d629a,0.24995287,0,0,2
643590426ee7255ee5e1e661b9e2ac8a9052dbed,0.04182497,0,0,2
31ad1256c66f47e58b7ef40955953e4a1c6bdbf0,0.042749085,0,0,2
3c984c22552eda0fb5b200efb3f239213a4a04ca,0.060889024,0,0,2
95db7d0aab9bea25d3a14db42a7787ef77861f45,0.5042656,1,1,2
1d6f5e40ff44f08fa67c6a2b57f7ae4a5e4b0be6,0.51532775,1,1,2
e0270b0562d42658a57c4fcbf0cddfb5673baf5c,0.55768985,1,1,2
6eebee491388abd2ad61a15d3f28b167c9f0f7dd,0.37783417,0,0,2
ae3f537711b1375c4892130d65cb60928549cf58,0.22779383,0,0,2
25ac3249dc2a40bd52ceccc9251c8446b036d197,0.27400145,0,0,2
6ce9662add46e3cf144be07f7ebf18e2d25a7abc,0.17743544,0,0,2
111c4a5e54dbb1bec6537eca02618e2287bd23be,0.49106282,0,0,2
e30788367dc7ce4e4e2d8152bc7370af8ac2fd0c,0.44369173,0,0,2
b1875ac1abf9ae86f5a589c5144c8c9902a1dfa2,0.31862816,0,0,2
307ed458578e68e68918d3ccdcf4798c57e084f2,0.27435288,0,0,2
0caff290df54a8a3b653840fe257fea94807d697,0.22816369,0,0,2
b44b3d95b321cef0281cdf130e8c286bfdcd60af,0.34014916,0,0,2
8f77bd63d8b5b2ab593b134fef2bf5e59bed0441,0.43674016,0,0,2
4e410e068b8d367c53766a7da712b1b6f3fd8101,0.31103346,0,0,2
2412c90ba5584fed123fa6a33e752e6c8eaf74e9,0.2988632,0,0,2
47ed0c7cdcb4d516e41769e38a9cd5ef4d01713d,0.32097867,0,0,2
f5ea49326cd5c09f0782b0d1bcbdcde9053ee316,0.39212957,0,0,2
7b0388878e522468f90ea163b15ccfba05616c95,0.276119,0,0,2
a653374b2871d67f51cbb4ad2083444e9c3afe1c,0.49873412,0,0,2
430f96525f80fe4909208ee4d2aaff81c312aff5,0.3474521,0,0,2
295d46aeedf3660d89d6c578b84c410089f9b1b9,0.45045847,0,0,2
7c05411f80b6748b6b2197d2014bb98c8b0857c0,0.3245575,0,0,2
140846cf81678649b6bc29497c3534aebaa1f6c3,0.38329753,0,0,2
0512bc21bf4d0f1e391e4158adf0ae145d408ee6,0.38393697,0,0,2
283e14cbbdfa5bd246a3ea9dee5739959f64b4c5,0.35153273,0,0,2
354b72afb59ff145afffebbeac8a7478d4140e75,0.23867019,0,0,2
15c72674ebb4bd99790de97b5645f1531a3a7c00,0.2985908,0,0,2
1a3d74470eab60d668859571938b470723726139,0.29252332,0,0,2
330d5cf99c1eefe3fe86dae260a8873068650866,0.35588455,0,0,2
586b6ee15f526d585628a7162d10f08deea6a93e,0.36047444,0,0,2
71491e23d68df50555c52db62ae9bfc0a2543b6a,0.44769064,0,0,2
e56b2b598a2742ae8ac97ada82a97655b538ee94,0.2715901,0,0,2
3d129b7e2f6373f7885336225d3edc93b3f624d2,0.266181,0,0,2
4d3dc80e4b3f7fd0e034d544345a568d6d5c5d26,0.21020831,0,0,2
269e6693ca1f05bb7e2623c538b9b934fa688f41,0.2886086,0,0,2
c2452a5af3b2f1db542175221dbc19eb492f02f3,0.47047073,0,0,2
9ac217fc697b3afd0963b897edbfac265ba2f571,0.47495115,0,0,2
a5f357667b195f9cbebc1d1de8f70c6e0c28dc3f,0.43433136,0,0,2
c3d13908a2e8ca7b9832fa693ca72bc228a4e92d,0.32434365,0,0,2
283351276ff704df65779624e195701a21f0e25c,0.418671,0,0,2
38e3e41049464fa3b8ffc1e810f87c18d91a7bc4,0.4528989,0,0,2
49eaf68b54f4114a0176ee56790d8415fd64876a,0.28042808,0,0,2
42308f780fe3d0c2223c121493f97c747226bc17,0.37033895,0,0,2
ce5ead2f93b92c815f1304fd51dc3fd3338cf19b,0.30484247,0,0,2
e8ebc1e1dfe2b0bb7b9f549ff35bd2d1a1fcd2f4,0.3793503,0,0,2
a76f39d4b284633c6792d8c7977abf8fb52a017b,0.2649068,0,0,2
97a64af2d6adc157f6ec9e4d4855b2924caa69ac,0.3150362,0,0,2
5e2559e3ac936ed985d5fa9d7160a284b9a83644,0.38552803,0,0,2
dbd77cf4fb93996fb7f312bba2aaddb87e5d6a39,0.31223127,0,0,2
1e8be6ff174f1d7027e848d5788d63ef9827c659,0.41973343,0,0,2
0847a34f6d1f15d3d35ddd9f3283d54c1355b299,0.4288338,0,0,2
d1cc91686abf34d073ffc496506da9ef712984b5,0.43139344,0,0,2
0030e4bbbd3cd3cea505bb1e4f1edbfec5986fd1,0.31795368,0,0,2
3b6dec3c581f883cf9dff6f04512011cf277f586,0.55848324,1,0,2
c1ea2007d4f6527bd174869603f53841380b5c31,0.58581847,1,0,2
87361f16b0eb35ab5fe25fe2ce3cb57a96dcedbb,0.40907314,0,0,2
f10f849935076a7c773283789c75a4c35b9e6c03,0.06631379,0,0,2
034be5fcdabeed034bfb562ae7014e021caadd7f,0.3823417,0,0,2
8c52cbf8dcba19310a569a23ad3e940836b5e7ce,0.58004767,1,0,2
9d4e26a501903d404a809acc8ce93df1751a5429,0.12172458,0,0,2
7dbcbaa0d72723a1682dfe340fe05b2f0d3cd3a7,0.04189281,0,0,2
b3240c0b4dec02d8a511b831e07eb0d03094f677,0.44428006,0,0,2
d37a2097286c6385bf8cc757944bb3568672d873,0.35175174,0,0,2
39ed7bdf558cd8286e62492f6c91d2af73f807aa,0.29046172,0,0,2
100bab5d8bdcbf802af6437fcd778e7f2b9bffbb,0.33323523,0,0,2
21892745c86fa03b465cdfabb99554e9659b1941,0.23743567,0,0,2
511499162fc2ea958f3c78b1081225d335b52227,0.48003,0,0,2
fe718980550f0221041cfdb56f83638c328cfb9d,0.069805175,0,0,2
8f577fbc1c44a4e5e39551cad677978452ea0797,0.053945653,0,0,2
76c125c3b74a390a39cdcd6666cf7e9cea0e5c1d,0.45248374,0,0,2
203918573c29676b179b673aa7e41366dc4215d9,0.60576564,1,0,2
c82fe35c48bd0082c16644d16d82d1be79d6b9d1,0.17778301,0,0,2
158d178c58e892ba87d782ecf436d30c038d464e,0.19109872,0,0,2
e8c09f05be1310ea2ded05bdd808c46a1e4485e2,0.36960122,0,0,2
b184666c1975fa4050121c694e09a88060854eec,0.46402547,0,0,2
b83e111c619232be9ba0a7bba682ebc141b618b8,0.23062003,0,0,2
2a6c6ca711f0f0d6aeef30853d5eb05bc68c2e85,0.4285033,0,0,2
01911a40eaebf2aefbac34cb2760f7f77ccd07a6,0.299162,0,0,2
ec733cbbf25c103c2c661625717527448a42663d,0.37792712,0,0,2
300578058c7d6db0671648cbc5bfca84fce6285d,0.41900763,0,0,2
63950ad11917411d82d9adbd0ad1ccc4884ebb4d,0.3346049,0,0,2
f9d6655b42d8e1b1071f78cd7f1e38cbaa20350e,0.40068763,0,0,2
858aa75ed257a24acb983df372f634c3fc6c49c7,0.36625215,0,0,2
76a941217f9272693b5484ef360e8cf6491ef3a4,0.36712867,0,0,2
7ff71807ce589931a56ae6f1306af43c6b8632e7,0.36213115,0,0,2
bb1135e50c27938eeeeb6e6c1ffb3882dceb9f1e,0.25135523,0,0,2
f0299220ba7dc33b1865068db0c184147283a9e4,0.3598392,0,0,2
4a6c36401518a45a709ade671d442e061138d3ec,0.44037232,0,0,2
ae5df796be80dfafb523072e4efb30e34dbee46e,0.40426502,0,0,2
7e19596505676c5b300bddc39792289441634f02,0.38531247,0,0,2
55e9d25f779a3ba726a9904641e656de93a1fac3,0.28908533,0,0,2
3b6468ac4f765262f68d3d289d25bea3da521c16,0.31750962,0,0,2
89b1661fde38bd12c4d83b9fbe696db0c8657a78,0.35727388,0,0,2
f054152346cbd7c8afcdcdaf55c39f9967edacf1,0.21004547,0,0,2
346009fc677b252d052e9ee22c6a4cd2be10a032,0.19014283,0,0,2
4c84e204cbce349f3c5722750561b91607d3fcae,0.4742737,0,0,2
c353239c4fd22b8991e1488ce81218b1c9769bf9,0.40797353,0,0,2
516f6889c9153a59110d3ee9bdd907e95e10cc08,0.42211187,0,0,2
7b6bf45d83c3ec028e686318b8d4f1a061723908,0.5331277,1,0,2
817666037d3c09b9138b161964b0fafc76d65998,0.235973,0,0,2
c3b831fa7e4ad148d8e3abe2a0e3c089029044ed,0.41044754,0,0,2
5a5bbc662104afe8f020d89d6e560f2897678984,0.45908186,0,0,2
f8c39cfd773d797adc1b4ee19aa8fc17268946ec,0.11925681,0,0,2
8ab0ecd0af3932f40b931e1d84b2951f7777a305,0.06395566,0,0,2
599e57b27c19953487dfa3828432b8ecc7cb8b38,0.1566946,0,0,2
68ae60d779e3bf4a46064fc1b537057478a627e4,0.42423597,0,0,2
c600de52e107d1fd3d5a9c1aa1bdbbd6754622a7,0.079785384,0,0,2
8939061a3c0218dd3fd27f96f3e60e48f74622c6,0.25807685,0,0,2
cff360a340b48070d88a48f06e8748a916ce52e9,0.44244194,0,0,2
52cfbfd91e60db255c3285c90b94cb6e3a75fdb7,0.4280007,0,0,2
ae31e56476646b33b0c2a1f03bb095145a22097f,0.28984293,0,0,2
0b683acf0a5910fdc4235d3103eccbfdebbb18ff,0.27891335,0,0,2
861646b25a39dcdf79bcf5a7643bfeb28e137a8c,0.09430465,0,0,2
3ea4d5d580a78213504a4611fc7bbab58b93db0c,0.38856885,0,0,2
b5955f5948a973a248731b774773bd225af39c82,0.42779207,0,0,2
09db9daa292e74b6bcff84edf406aec41ecf536c,0.11961866,0,0,2
410ab04290294dec74180043dc2aa635ca1e4e80,0.14830998,0,0,2
efe3699122699151984e8499da9d42673a42851a,0.04372235,0,0,2
d2f27093d7d95a07da901902f894d88b4ecc3e95,0.4250874,0,0,2
ca30fae3acb59a5caef3c3c21eecae7c928827e0,0.32608098,0,0,2
5ef5bd199a4e3df74479b4b363fa29b0b3092547,0.5068584,1,0,2
9e8eec78a71b7d1274043f55c9a5fc7811d53132,0.4811266,0,0,2
6a0a1876772e74a1d4a7c82669784f8bcca8397e,0.39422736,0,0,2
8c5c6b936ee6d1afb75cc2cbc151887937dbcca5,0.20505644,0,0,2
484698c5415bb578cb480845e2dfa930d3d49d9c,0.3327017,0,0,2
29a7e67999568a5c86b32ef513a90d5d090ad2b2,0.2516503,0,0,2
87f142f5c85c9a7e86d02b4599e3973e773f3d41,0.34309566,0,0,2
d664776d4cf41d7e1e46b92bd8a4e907cd3bd438,0.16237882,0,0,2
847a6d07793a198d28819731e5166f9ed3845164,0.25879925,0,0,2
fea1da48fef9e28026704e9cadaeba3e0ecbf6dd,0.29240105,0,0,2
c7a5a6afd5d2f7d8c3d518ca625b7d8a1445934a,0.044321414,0,0,2
0fdd249cadaecd32a39d25301f5242f9a92ed351,0.36996916,0,0,2
a9690db48eadd3643adc34cafd6ccc5d4a5bf589,0.2714912,0,0,2
e9a2edc877ebf928ad0c056273f64cdc861ba609,0.2073084,0,0,2
74989844d7692245f9e19b0e803d748c73e91e41,0.07654676,0,0,2
4d1c77bae99174b67a462bd5a44950ae08f46796,0.056445774,0,0,2
90211fccfc48dc36b7cd81a1ce18e1506a6f15a7,0.3156624,0,0,2
e246d2ac01f1ac741aa4673aed3d028e08a63c73,0.0588791,0,0,2
36fccb4325f924bf46babd4d8d60226f8dd3f154,0.5269346,1,0,2
5ce931b904d1f2961078b99049c293c11e779fec,0.48871213,0,0,2
cbbeae7719943308494825574a0002ea649b3de3,0.5162846,1,0,2
eec10fcf0c795bdfacef4c9933585f65f953fd58,0.6069156,1,0,2
516c38fd95fff30841f9af370f50cf1f7733c209,0.5155953,1,0,2
33c95771c804abc02223f24a0234343b93ffde56,0.36195603,0,0,2
b88dd3ed853738b8e7fe9652b953db569bf7f79d,0.3271419,0,0,2
a2ba6d54852aceda5e3bf9285730da743ef04e77,0.546131,1,0,2
350f01c78374b4df99c1a84cc32122eeeb48b036,0.25258607,0,0,2
03239b0ea42312c7b5daf4520c1ce1caaf6189fd,0.21783067,0,0,2
a428e428df2766f1d1b2b793b3f812344fa61fdc,0.26997584,0,0,2
f1a582111a26c4044c289d96ced42fc1621212d1,0.25422305,0,0,2
5c9661c300bad40cbacdb391637dacc991f16da6,0.22222194,0,0,2
daa69a5981c7c12e0af5922f0a07653446261b07,0.2760799,0,0,2
1fbb16b037e62c6af90ab89ab3ac8d3633c59a90,0.33827198,0,0,2
03cb05cebcc65b923e03fa9f41d664885bdb38ed,0.34298044,0,0,2
f4b675664a7c633bdd62d5f85fcf3f95d11ade9b,0.34713662,0,0,2
4344ff7331a4f8908478e72c5c232c7a9d5dc403,0.2864268,0,0,2
5375fd9dc55f1dd01e155af8646d1ec67bd6be29,0.70225745,1,0,2
0bc43314c1216a88d0e281e7ed66244c47c57c56,0.38400757,0,0,2
30fce9d42c5675e9cae0db0401181f84a73a293b,0.06685918,0,0,2
abf07558021a0ecc50c265dcbdc5f2f99fdbeb35,0.06821077,0,0,2
3112bc302f32a74c827d672ca84a80091b0700d4,0.055304036,0,0,2
7e89c9cc80bc3fd2aab64f25dd816c6d14790988,0.30878758,0,0,2
2247ff9601374845012558ecf5963ebb7e1066c5,0.08899068,0,0,2
76390c0b54bf145f65532ffe1e7b24639f108247,0.118697144,0,0,2
9a92b8526cd13e092b5185a59c7ff0f68a1ad56e,0.23053536,0,0,2
6ae55beb2d28bd6cf36780b4c58da41854dc8248,0.53050613,1,0,2
d681042e60a3a1e92f4c891ce9dcffd672868e7f,0.08111146,0,0,2
a793612b9e09795feb253aab9a738bd1f7280700,0.10043983,0,0,2
22fe7f3c8b3fa204c2406c3d15811b2581e1b7b5,0.5404262,1,1,2
3856d3f0a0826be3ccc6b160e740d5c7176df743,0.4707162,0,1,2
4cc3f6e7dbee9e3684884780af82822485c4c7c2,0.46406716,0,1,2
4d00e14ec8d1e83533a8aeb788437568b417ca88,0.54628175,1,1,2
b6ae1d09c384b57115bb34ed94c90e256e4b66b9,0.7084517,1,1,2
11fcc89fec70aae7eeda710e2bd26d93cb3c05c6,0.53703225,1,1,2
496691bfd82374f1c1bfee8719309343c2fa878d,0.3271009,0,0,2
6f379134ae1807cd404ed6c9579707e5dc6a6df0,0.4169671,0,0,2
db586baee29fc90f79898e9a274cc1bd585b5f53,0.23890516,0,0,2
a67bdc013c9fd965abaca375b9b47554a115f40e,0.20176165,0,0,2
b745af3975a0bb3acddbc59ef85860d08221a010,0.29187068,0,0,2
90a73a4dee53129e33a552e49cb7835ecebb3a5f,0.20332766,0,0,2
31ac0e5f3594a4517ba2be1735b1219cf85c715a,0.40614146,0,0,2
5499fa02b08b8546827a1a055c5af3f0245257d9,0.36009988,0,0,2
1261172afdae9a4b15dc9f691583261a1b020ccc,0.17972478,0,0,2
64573bb2e0bd2c7a7b1282b8a574a4796ae61609,0.43391547,0,0,2
b09b95124bc27f39e27ecfed90ce40947bcbf663,0.28793928,0,0,2
5481dd326025de2da7d89089cb969759972e7a8c,0.5188018,1,0,2
992911d0fcd230497ee3fc50dcf49042b7372a47,0.26602742,0,0,2
d0595b7121f57f1f49fe7fdc384479dd73ad64f5,0.39443097,0,0,2
cd1d329dba95dae161317c123269c24282001a66,0.43041563,0,0,2
3e3a1388368e8e4421fed0b5222904d40a8805ce,0.24469247,0,0,2
9f5af267e8c143e16f8b20fddb02ada096ee9df8,0.49448186,0,0,2
f8a7156259dcc1b3321086939234d80b6ab828c6,0.37639287,0,0,2
661008f8238acb71301b172a6aa9aaa8114d0c9c,0.2454294,0,0,2
469cf4d886f9a184168ba2d179899a600725d4c4,0.042605363,0,0,2
12d9a805a6df7afdccfac94a7061d369cc986efa,0.23262556,0,0,2
e83b4d8484cdb3dcef44ce3aede866663b526158,0.3762321,0,0,2
ff0e842058091b3310340f51a130a65a1cf6f725,0.029860685,0,0,2
a123142d947dbf38fc053c29291b555872c91ff2,0.053246625,0,0,2
45b5e0cb3a4a499ff8b0594c082d490d7b7b7c1d,0.042146236,0,0,2
29ce3e0e9ecc31a5c3cecb19246ff978fc7e7c20,0.05634541,0,0,2
3bf9dad70ea4b93de850312cec2681f3242280c7,0.036189858,0,0,2
90d775ce2270c35a7c514f5638b8a3b23d5a4f3c,0.0390777,0,0,2
0194bb8ca57e5a4a3fd5fe3c39b0ccdeb4711043,0.26338983,0,0,2
f8e33e702ca0570076c58eaa7a83baeefece9553,0.040746626,0,0,2
6c203ab46b24751c285f021caad9d8969cf2f45f,0.03577006,0,0,2
5b56985334a63d63cdd9bbea30f225013302a7d3,0.2643709,0,0,2
bf0dd95b52e0627c10c072f8b05fbad3f86fda71,0.063440375,0,0,2
bfbe9966ab45dc4787fdbc55735241023d826d95,0.027413098,0,0,2
69f38e81872d70705fd7919df3d771f28c22dadc,0.15830803,0,0,2
c5c231e643365485c5805cbca81070a51429de9c,0.034150247,0,0,2
96531689d341eb26103356410280447e94529b5a,0.27740526,0,0,2
da7e55cc7aac7cb806699d234dbb90a455c21502,0.15432666,0,0,2
6913193d33ed83bcb98cbdb94ce410069ce2513e,0.38710615,0,0,2
7f65af524d6b7fa43743a3c5593c3c57fee3e9d6,0.045497507,0,0,2
4493ec15a72045bcea25a4c6c9b4858ad5448b7f,0.02861141,0,0,2
1f207424031bd81af858ffc98e64152b3ce2f22c,0.03264529,0,0,2
cf9cbbdae44b88a7cc982765bed085b434f4816e,0.03769877,0,0,2
00d9578b74a107e3811c407ecc3da2bcdb166f81,0.26217833,0,0,2
3410aed6696622cb6b7b8bec088f9a92ea55227f,0.33133477,0,0,2
8d34352d3ca40ccee76e1473d3e132f7bd8d4a62,0.5806845,1,0,2
a04afd1f20290d0097b1ed9ef2a4f476e0b79ac0,0.28203177,0,0,2
825419f9128cb7bd01ca31b0179bff96bf1a5ce5,0.4448236,0,0,2
6215969d2a1f8d95667c208af868758c8636c234,0.30021065,0,0,2
79f997c1d6976f5327cbe5e80676a65245d961ac,0.048552647,0,0,2
4ec3674e06fd98a10de28be7ba6c6036e64116fe,0.33146924,0,0,2
6eed45b023ff3c609ef423f28fc87b42d0614f79,0.036231626,0,0,2
002e4de0d68ffab9af339283f02659472a1febe7,0.047825724,0,0,2
ef8eb3d269274d2e6e4915875d027ada1efa0470,0.056195006,0,0,2
78b8d323635b47f68a93da04f04d221f3412d9e0,0.4424298,0,0,2
055cbd0d42dfec901c7b2532f7a71f937b1d4756,0.27526373,0,0,2
771841e493ddd9839a4c029db6b217fe19968148,0.48220956,0,0,2
39f6f7fd6333da2b983f7d9001a7a51f31fa9434,0.27317655,0,0,2
6bb1b9a7bcf9d4d1aa0f4c12bb0cbb4cf4e2cc71,0.26281318,0,0,2
4824774675ec1a2c9e7b1469dd93a6bd09854210,0.40015453,0,0,2
717800fc588389b143b5c8ac20a0289a9217715d,0.44825304,0,0,2
0471658da03f5b01537153a72c0ffa7132709900,0.2834461,0,0,2
bc69f94466efb770e78d1bd89a8a1bd460fc437a,0.04553933,0,0,2
7a4fc498fbe96e83af20c5d0576c42a761fe3d95,0.2902207,0,0,2
3e438a80fc5ae21862125b13e9ada9b5c30d27cd,0.13417543,0,0,2
15b4031ba94a60f20b854e6ce2c7964d77086387,0.040428214,0,0,2
543970edafd3f8e08d945612d09663060718ae94,0.31520304,0,0,2
80e4a06124a712fde81bbee093ba2ddd71851c93,0.20137244,0,0,2
454a82cb2ad2853544e641c8c80f5ed34bbeb1c5,0.17916828,0,0,2
a2bde0190da2e32a5925df5aae1f2c37a4498bf0,0.17508358,0,0,2
f9dfa3fa6b9a28439f1226c202c41df9fe2e4380,0.20375594,0,0,2
c50da916c252ab282d978da3f114b81d91ec2912,0.21016473,0,0,2
e0bc1afd7878a91fbc30e79941af8a797637ef22,0.18378504,0,0,2
aa75d3aebeb30d1bb3ab0ecabd60201bfb3aaff4,0.34514034,0,0,2
76f12abd9d81587eda4c50e7816c75607b4b23ee,0.29650185,0,0,2
9900d951d41ceb438be79b2bf1822aa6cfd1f37b,0.033166014,0,0,2
f6dbdcf3acc3009f3ae17d607a2ac898e804395f,0.3043084,0,0,2
110084e432a04d061d71768c23f500f283081e31,0.30394056,0,0,2
656abed01d37434d69881ca1292dee710209bf51,0.39130405,0,0,2
d6d2307a9ca0ecf8c540b3bf7183de5d550ab099,0.13182291,0,0,2
801f4f4b10c788212d555729d5eed92ee1a02036,0.06366794,0,0,2
5fa1935c52f3866f0675e9fd64bd04d153b9f225,0.04728621,0,0,2
d728087751d2e6f19504876d7a3f40ee7b1f4d28,0.056871917,0,0,2
e0fc7b4dc80a31bffc8c8f87a2fe4153e6cd0cfb,0.2572146,0,0,2
5b743d5e7270fa41de8b4fd6ced0d82a6e38c38a,0.04218122,0,0,2
dc565c4fc02421b58db9c0f0cb9bfe767d904216,0.038396437,0,0,2
ad56c3889328fed27f021bba3f071f676fc4ffe0,0.3193509,0,0,2
47e13b0fa2ca7fb11e52abd429d538c3c9ab07ed,0.043647878,0,0,2
97c6c963e2045def1f19c650f638b304f6464c19,0.0364245,0,0,2
0b7369cbb67e46586e9e031c693564ce7ca583c7,0.21509717,0,0,2
2fdea0d5f462d48a97aaca3b987a716ca2934f24,0.06367335,0,0,2
2645862ccff2183b731e7d6f1a66df6f2b04a99b,0.04902373,0,0,2
27df5e894a2133e122ca7e78c5de45d26f7210a3,0.2222047,0,0,2
619aa9bff4055f51df04f5f837605785a998e9b8,0.2563638,0,0,2
4c55341a48427f7bc0ce30f0699c673f7e69f63d,0.034394633,0,0,2
27ae87a59cb2f0d06ea21d4a886f3afb9a14247d,0.2234281,0,0,2
962128ce971b2edd3fc9e4a85b417fba01a0246e,0.24524872,0,0,2
287254724ea66841b932fb5f6d8cbe37b04eea81,0.5905786,1,1,2
2b0fdf8fe719f234635f652bce0a5b2abf03bc4b,0.3634868,0,1,2
75d8364771414b52179e7084cad838b6c0a0660a,0.43741935,0,1,2
1fdb3a719283209e417d57b2d77ce93540de4cda,0.34397513,0,0,2
174f3ef3f43b680468d7535d5fa8ce3fb3a4d113,0.4381555,0,0,2
8ff705130a6c360e7d2009cb9f1a4d0a307985f5,0.2904248,0,0,2
a61f3728d4e2c6454dd0069148397745b6b3a5bf,0.3544232,0,0,2
f568436033fac9fe4dc9b38342a029f20c79dc96,0.030702,0,0,2
c0b874406621ebda3c44029ffdf0f6017d6d8c22,0.31881052,0,0,2
52ea3c337615e386507dbafa686d1f02c03a4c82,0.0828786,0,0,2
8688adaee68dce1c54c05b44946635973b37fa06,0.2874187,0,0,2
27f467b4eab7864a4ff799fb2289cddd2c45d30d,0.03204237,0,0,2
1ffdfd2ad15f4f62b9474a2ae72f2ad0a42c6a98,0.5209838,1,0,2
24c8eb250b9c7dace0efe91fd1f36c799b174606,0.39559576,0,0,2
060cfeb90df4fda2d572fa63225c63e304c8615d,0.31336486,0,0,2
3ec04d06cd96131c7d2a508e1526a07f33efb490,0.3571761,0,0,2
ec3d2af993826b57cf47446d809db2c8b49c7a77,0.23355246,0,0,2
f79ba553c602c9cd1a673c30db79edb6b38f0db6,0.2671031,0,0,2
3e6117dacd54430e555a42a5fb8177f4553fdab6,0.31967306,0,0,2
7ee877a4db8c6d6871444abab28e95e9dad7c932,0.34442717,0,0,2
00c3c8dbf20322d372ebdc28c2b9fc25926a766d,0.24844581,0,0,2
07c01318ea4ef19ede234484ed102f94391cdcbe,0.2696329,0,0,2
f56aab06534e643ab1e413c36e367fa25e24621f,0.28922594,0,0,2
6d1c4002aad95031c84bf3bfa777852492d23fa1,0.3878486,0,0,2
7e3c917567dc3163c2228dd01e4ad90dd0b76320,0.26818594,0,0,2
167676d596bbbfe82a52f0dae6847cad025dc095,0.029154044,0,0,2
9c24b00d32acfba096d8b3fc12168bbe0ac4ef55,0.054378446,0,0,2
0e6578069293282865a3dd4843d4f80f52476e7a,0.0571695,0,0,2
81e60b1eb541557f5be44e7f663d5a816fa90227,0.47826165,0,0,2
e25b6fedefdb1967fee9f64e0d0242d6472ad828,0.1227973,0,0,2
7f8236cfa274504e0f59b95285e7fbf2efecda90,0.2858217,0,0,2
ddcfef13549be8395d2c9339632b3ebe80363d49,0.48369777,0,0,2
4a5aeb1abe8ef10eeb5488e04e688e2daaf4eedf,0.2722292,0,0,2
13ce8fe63c8972c54ca717055c231bdc487d479a,0.39211258,0,0,2
8c12ad11eea80440bbe691cb50531c70f53cce95,0.28866702,0,0,2
692be5e1d4326c6e505c10e8dfc3adeb7958bd74,0.100841776,0,0,2
a733b7a87ce7abc0da33a3d56da82b72407683d8,0.36925644,0,0,2
13218943435188789ab706c2d97da8e2aba1770d,0.3613763,0,0,2
581baeaa99864979aad55bdd45f054c8a53c341d,0.042818032,0,0,2
80fced6db6c15d7833e2c06fac4098640ff4c742,0.20782284,0,0,2
0ff845a477db67a485e7a8c1cd8265e520bc8c05,0.14716189,0,0,2
66b24cabe95485abbe4398ff468a57e5ea0e3cf8,0.24912284,0,0,2
5ec70549ae7e7d2eb97d3d56e696dbf0cef7ca35,0.23820248,0,0,2
82c95c5f951ec316a717d72a46e9f1f7792dc818,0.3746498,0,0,2
0a4b1c3b316335a1ee22ea86c28c1cd58b1bb583,0.09160839,0,0,2
6e710a1f78a4a733020a4b2d1f07b6fe4c6684f0,0.80075634,1,1,3
951b253fc38c09114d0fe273a3758a15c151a8b4,0.76886994,1,1,3
f3539c7eb312b127122084279002d3fd238c9a17,0.8152497,1,1,3
7aa5ba380ef6aea0f2f594873b4c7378adab0f18,0.7453959,1,1,3
def1380280b9be6d166d3938ea4b0254e9b55dc9,0.82355446,1,1,3
cc06ae9bf7a1fb6cee46c40d2a6388ac05d3f5d1,0.8425454,1,1,3
7972f1ac1b85a5174c9f293ad98abc87edfe42e6,0.85094863,1,1,3
bd1c4ff86fa21358949e925274f5b8146f5d02cd,0.757654,1,1,3
be2aa80bc371d600ab2230c545051ea6454577f5,0.76295805,1,1,3
68b033741b02c3ae54d649e858790732bc5c2d27,0.77152044,1,1,3
4f5d25205a9cec988de300a452d641a155406b79,0.6852074,1,1,3
d1e97bc85338c563f4f732bcf917a08b3cbf4792,0.72347665,1,1,3
d40c01673e866c3c3b5b51bce66e9518924cc31c,0.7041961,1,1,3
5f7d5690a97b2ad95bbe381695638f0c7ca2c4ff,0.1367733,0,0,3
8d340a008767c5d954b7539e825b4c90eb15ab9b,0.07155105,0,0,3
84e490b66f61e11366b62efc42e64b60ae7db35b,0.17378932,0,0,3
fc939bf6838f4bf986e0b42fddee3df6712371a5,0.07058369,0,0,3
5c798eb50aec6040f415b6def1912d4345f8310d,0.07423797,0,0,3
d1758567765117cd395ea47319d3acde7fc663b1,0.07518769,0,0,3
517b8beb06f63301629f0ec3f58f6b667061d3fd,0.05745136,0,0,3
5c715cd84d600c0df0215846efaece2ab4673546,0.1736636,0,0,3
dff4cea14174548f52d6fcc66c9bfd7a339b7336,0.5287975,1,0,3
02ae34d1d3f3c9f9c25160cb14c119958f25af13,0.12558351,0,0,3
8e0e1c32ff1ed1da4f09fc9917812e6457e6fef7,0.09537478,0,0,3
18c5b2536c114c86b810bb3ee94474fec596a462,0.07111745,0,0,3
c6e4d8c9f534d3e70e79bf718e40724d56186109,0.13981967,0,0,3
5b5ecff53b50a67179f6245bf60047c59f027e26,0.10732461,0,0,3
46dcd98ceb70720f96d4cfa23b001ff108bdaebe,0.124163955,0,0,3
dcbfc80c4a14b91194fc8b74760b079cc0a4ce42,0.05850135,0,0,3
23492711d234f2fa647bac46997e361bcf985423,0.15716662,0,0,3
f10279a29d47d389a31da907695673a992555adc,0.16606742,0,0,3
8d5925b52b48b4c69934ea5c48aa298a2ec74e84,0.4902162,0,0,3
a30aafa016409048747fe9730d6f7892eb12d7c5,0.07276872,0,0,3
a3611513fc4de7234ef49ae46d646b0795ac7110,0.11558193,0,0,3
d0eb1d1dd1d9aed27c433d78a76962340fcbfc1d,0.14397511,0,0,3
1ae9dfaf45e0a51ee7d604551f7e1932d1787975,0.098194115,0,0,3
1c2d56e8a91b0f64317a9e02cfd4b45b03d3019d,0.072915204,0,0,3
2cd92aa6e3f44df6b0552a28b83022a7f92f8946,0.15670338,0,0,3
79ad715f02e02af76da0c6e47c164a80768a01ab,0.30737025,0,0,3
e5b948a1687270192753993c998d61c7a91faf49,0.098459415,0,0,3
b81a48d78dd9be1c3eae57cece4c88df92c30247,0.09621529,0,0,3
0b873b95a840f8cfdb51f4ceea3b524d46d20715,0.4722045,0,0,3
e350a38760c93e373562d6a3e906df5904250146,0.053654626,0,0,3
660431cf4f7e2bda887a0e35ad3a76bdccc14110,0.065908946,0,0,3
f65e9aa63f8f266023a986507834585a9580c555,0.07198288,0,0,3
535cbcd9f20b29b3c5a5d69f654cde57969b3788,0.111545466,0,0,3
2d650f890ff1409f2944bc56cdc4b518b35e06f5,0.20132953,0,0,3
1c4f7bde1c8f7d8c0e09484daa626fa4f40e38e6,0.64836013,1,0,3
b9a22fb6f6f460287993d3cf087ae5ff036a6c21,0.14976329,0,0,3
14d6a09601b68f60e6b18142b597a6890e5d581b,0.6354992,1,0,3
54fdc54dd24c9ece2bfc32ca12e88545ec923a96,0.13964291,0,0,3
0ff7c091143e8326eb88dabce078ca76778a587b,0.55001634,1,0,3
32ed6601f216dd1300876719cce837bfa9824e26,0.41028684,0,0,3
7df11e15457e8d8bf4e5730d20ec2412c429e091,0.31605604,0,0,3
15f7f84678a24533e42f2fde230c5f68d1b33035,0.41799477,0,0,3
2499f70cabfc8d17f2c6de124a81fc0940a70fa9,0.59997356,1,0,3
6526a5e83c1fb9644da34e44fdc5a3bb8a357c84,0.43446907,0,0,3
5904d90ade8663f5552b51036740352a9b796892,0.78158534,1,0,3
fdb75911387f77912c37dcee0af4a2f2e0977f3c,0.067117594,0,0,3
538a97b115ba4ea44c57898ac7c4fbb77fe0e9b7,0.5322468,1,0,3
fa0478f4f6fb724233dc3e00a9f8dc557ce7cdbf,0.16804591,0,0,3
ec81d7ca5100fd97fe8428db02a2cdde967ac87d,0.061044883,0,0,3
81c40b9820625d3f529b116baf6b4a3d45dd2f75,0.098074935,0,0,3
2b085ae34295d5ae1d7eaea5a55a2df220bf1bed,0.36199874,0,0,3
d6a354e203e4901d3eb6a36b3aba620fdb222da7,0.62362576,1,0,3
37787b96ab21fc226ff267aa26ae58a58b2d20f8,0.18948475,0,0,3
f2f704eabee027175b0c1eaf934c08e7721a9b24,0.07441504,0,0,3
e1fc87d2d57c2d7ee941e651f33b582fb000dd73,0.07426011,0,0,3
fa8f024d082998c7ae48b21f3eb6f8f2ca56a719,0.07951268,0,0,3
6bce493e47fdac9e64a9ae1cb3c358f31975a43a,0.10768644,0,0,3
9daac904cbc627e4a43e72f72159c552b25caf74,0.616745,1,0,3
658d5a97c708a926b0425585f9437a0c1fc2b81c,0.3960159,0,0,3
db695fe90b181948f271e4970ec83d4de9348577,0.058341566,0,0,3
9c06ff87decab7357d44d8766f6a277ff887d921,0.49806127,0,0,3
198d448ceab2bc061d18a1a689056bd2b96b76c5,0.32413748,0,0,3
46b15af8c5fbfb026be350ae16eca89fcdc87aac,0.089735694,0,0,3
b7e86cdd772cc47a031d187b79d075af8155c2e0,0.44506308,0,0,3
198e589e62f687a91d4c27057ebad918e9f9bf3f,0.049782123,0,0,3
fa510146c09a498e25e590ef5cc558074337fc4f,0.04285031,0,0,3
badca06dd1c70207215c7186a31955901b637661,0.05080959,0,0,3
91ac1574aae31a29baf883d2cf45e4e1f5aa9bbf,0.054203168,0,0,3
82ca28e2ec8fe9771f01b5aab3386311ecab80df,0.67758733,1,0,3
9f8120beb6b351608652002e057f97f8f6c0dfc3,0.098577216,0,0,3
c66b23747627a2b432e0068561d457cab9f97ead,0.07117197,0,0,3
a6a5e3033d424468cbd3a6af051aabf3b5bd4d00,0.12626493,0,0,3
2902a9a3c07e881dd7aeae0a55189facfab1966c,0.5171964,1,0,3
fe487b3336f8279d8b74eff05c5ebfe6e01281f0,0.6420495,1,0,3
3076802a78f14eb1b4f23831d5a1ccec79b26554,0.05445127,0,0,3
5063d256221e7fe8a8c433401bea988d7ccb0a35,0.054723583,0,0,3
a6b9ca3f71d44dbe2562e13d63e4b30fcaccdf50,0.10550529,0,0,3
81fec3193ad12a0f78eb021c4a1548484595860b,0.40203038,0,0,3
902a680951f318488a4bbe0184a3a223c5709b01,0.24260244,0,0,3
b84f786db6d85cbf9973adfccdf135cb71824b87,0.06090281,0,0,3
a2b5c7a9aa0b5f617502bf6003d43913d507a11f,0.28420073,0,0,3
571725cb7bcf091b5457f1e2a857aa51e8a70f7e,0.10522629,0,0,3
10118c9c1b00d31868d6ab43e8171e3c16efdcfc,0.07038044,0,0,3
ee94e6d82370b6b6086cae2693dc2fe31388fb64,0.36611205,0,0,3
dc58a824466ed492fc6d5ab11960eb86584eff26,0.4222348,0,0,3
56c04300e8f05bdaccc2ec60fc751c09d86b7b68,0.045284003,0,0,3
03542311e2a461f0324ec700e98e78b5540bcff8,0.099020585,0,0,3
4746531428aaf9e3ae7d505b5a203350d138ea41,0.044501442,0,0,3
05b14fd01e43ab8a385bcfb53102a270ef2d9375,0.50004685,1,0,3
77868bf772a03d61701bc0d32dfafea63a0382c2,0.5355411,1,0,3
83fcd3e1e220b9f3aacc63aeb4da0a898684dd0b,0.6893241,1,0,3
dcde20001063fc25f622e4b1c7775f735a7255f0,0.62258804,1,0,3
82bd5be8735c01a767fc3ebc3eb92369ac68302d,0.57753587,1,1,3
e1188f368087ba4bcfada44d645e4f8661d7f9b2,0.7258835,1,1,3
2c03505da053d07cd3f729692738912bdfc2a5b7,0.7357931,1,1,3
3fd058c02a1f8881110409be33ad56d3af6386f6,0.76127106,1,1,3
bb3ddfe426cf4ff5390f742d35bdba02a4ce7624,0.6995098,1,1,3
09b1a632c17b34650d2bcf748be14690c9882e52,0.18909715,0,1,3
539e1ee1d68c27defd0aaad09a1a0b68e059de96,0.04592268,0,0,3
da69323b29fe8e373364b9399bc67523dcf2af62,0.10473172,0,0,3
c1ad21bf966d01dc5cceca82f102c0f7843d5617,0.12998705,0,0,3
efa756288e712849c78c4230df05c2d1abeba91e,0.038897756,0,0,3
2f757454dc41f4d130234aea68b348da4f12a0fa,0.04353617,0,0,3
24b5e00be753889e4907473ce57271acb290cb67,0.2252231,0,0,3
7f293a06a0b7ec9b554d51f150991efa9b7dd54e,0.0987275,0,0,3
95a524ea06e546330ec3d95b9c139b7edc599b86,0.24174668,0,0,3
314dfa80d4e815ba3c689cd3ad0d508209665bf6,0.363498,0,0,3
c07d659cf8f7b16452472da6052a1de326bcb6a4,0.037231155,0,0,3
545536e34f180edd32fbb21b0a5613e6407f0980,0.052124824,0,0,3
225afb8bad88c9bbb70b24d9ac3c28fb21f39465,0.34424964,0,0,3
041e9565ab8b187ad0b88780a5fc0a5ea24f29a1,0.33896652,0,0,3
c4828bfd09ea8c579fa8840cd77733c64b8ebb39,0.05644068,0,0,3
dcaacf4cae54fe199055830f097d4ed504b3238c,0.31377476,0,0,3
6f22f4b49c2a3a59840d28e6cbe0c37a56ab1f90,0.42776904,0,0,3
41fefde64401d2173ff019a896c4dd72b4fa5636,0.05950531,0,0,3
080e96a6cdea2f5fe8727b8249044b89bc54395d,0.07513248,0,0,3
497147e3e6ba0a50c32817e14985ca5bf1041f9d,0.2879723,0,0,3
40708bdf04dae6aa49bf8f3617f2efc16c83c5f8,0.39921343,0,0,3
84ad767a87c69a265e9105c51efdd87ee57b8635,0.22908966,0,0,3
f0e8d41fc8cc746ba9b66b72646db6bd8b25c6fc,0.47652334,0,0,3
df5930892d9c6eda392b96bdae2e7afd342f7866,0.2261971,0,0,3
0cdcb1fd8df9e9185cd3abb128d927d25d7de8b5,0.13570867,0,0,3
cf15c51722dd4b406876dce1ccd52eea787d84b7,0.22011128,0,0,3
b691f81b482175665b45cabc056e58ab0df03ff8,0.06890374,0,0,3
fc8ef4d22c95b13b907ed14b19cea8ff5fd1e653,0.048803072,0,0,3
8054f746bbd6191f5a297cf6f7f26f9fefaba307,0.104977645,0,0,3
fa21d6f7e70f057c42d4af9c40ed47d3d841e5b6,0.050472997,0,0,3
bac647543497f0aa2a9f92fe726e1eb18631b4cc,0.46969804,0,0,3
cc6ace18900eb92606b6a312cb1ac5c4ab5f435e,0.1695251,0,0,3
c947676916c99f2feb5e183aef9629a1b21d863f,0.07896905,0,0,3
1f3dd9ff8a4f8302eb4c0bf4072d2bb7d8aeddd9,0.05063087,0,0,3
ca7f64f016d8354aecd38ef73405e1b3267ca791,0.25091437,0,0,3
06005610265c342b52051b997a43ad6e963c5a0f,0.35971412,0,0,3
4a8068579ea5bf1e637f8bed09a203508abde315,0.048270058,0,0,3
30c217ec400b9175e9490807748ec3e48fe2ba22,0.5248222,1,0,3
d80acb29c04a8e92a3ddbc539b0be8a521098870,0.59555644,1,0,3
e43138b0b5f0912cb358c0e73eb6247b273eba75,0.42276552,0,0,3
1b84f2ee7a41e8ab12faa73130187763ee5858ea,0.05966642,0,0,3
4b5ef21ed6104befc80e1dd501f964e7ca6f1ce6,0.05217598,0,0,3
c6c1971ca1fb5054a0847b0884488165606bd703,0.05322944,0,0,3
68e0a9c71443738b1842e99925d37bf545f5a151,0.07520191,0,0,3
7ebc8107a22038c06c0b0ff095f9f73d854e1422,0.30116102,0,0,3
9003b5b5aa4465e84c934819f45c1ab4365dc51c,0.33857313,0,0,3
4b8647bf6ce2b478e6bc90d0158ce81939a14378,0.081738986,0,0,3
2d1614a2077eab0b981d4a0c4c6e10a7ecda71cf,0.36892378,0,0,3
3631295c437c5b8915afc7b2b259496eb2d5d782,0.63446146,1,0,3
b12610d35e7798c66fc1d9b0811d10aadb87569d,0.074322596,0,0,3
f3a785108f853e327001dcd435e92525d7fba96c,0.4644212,0,0,3
881a4ee8db1e1826b749579d2284ace982c953ca,0.09078448,0,0,3
e91d0f0510ee8d69c76ee89b4e57341418866c6b,0.054898582,0,0,3
8f7c59ce888a687a6c9089caf0c5469984a073b4,0.06958977,0,0,3
3c644cf87ec8c0e6313b3a10b6cfd66279b8093f,0.2584118,0,0,3
fb7e1e265dd9e560b3a3127a6593b6602f60026c,0.07306472,0,0,3
1c9c43c1d4bb76d7e47cdfc9c6681a38305a95e4,0.15807429,0,0,3
18f181ada7826542725fa4a9460307d606695b5d,0.8631388,1,1,3
bb7e8951cb6ef08ca9df5fc036217c3a45c4d33c,0.71030676,1,1,3
e280c8636792c5426e54868d464c9d28287a98fb,0.58166975,1,1,3
54a7796ff234a9cbd2c66f8b1e5621f0898402f1,0.63769424,1,1,3
8e5867eda8328e4cb2e103d098d0c9f3c2fab50e,0.3817048,0,1,3
e42da5d9d21438c220768464b6a1f5b36bad92a5,0.6129749,1,1,3
c823ac5673e9da094a3b24b99987a533c548dac4,0.6099375,1,1,3
7573e9eec065ac1ccc2134aa751a191da3ca3dff,0.53822917,1,1,3
1cdc902f3d7cf877b4db7a31f19eb1dfd2fade3e,0.6789826,1,0,3
e9ea52189a92f7e2ab051e4d75c4e0c872034b18,0.5353401,1,0,3
ab0a2f761f4529daa0a1e7128ffb8ae417a0104d,0.0991362,0,0,3
7ebbaea90e8002f5542e22bbe92075ffb5383d2a,0.3042455,0,0,3
721730b00b1dc2ea616a3e7958e4ad15134de975,0.0708168,0,0,3
05aae985d9d0e26cf278cdd6f69672ebe3f8ed92,0.32896692,0,0,3
f7222ca6c3b6c1018a52fd649029394e6608f1db,0.061807375,0,0,3
b285f17023da248bdcb3093283e4b9e930bdd09c,0.17959201,0,0,3
af858a6ca224946195b1923a780678b20cb99603,0.13075395,0,0,3
fa027a4685bacd9e32b3bc7d875717b4457f6829,0.40786248,0,0,3
edf56632b8a5413f5e0adfe2d1b65e595b88a1d0,0.12298151,0,0,3
58693fbcb3236a9adb0f47088d88ee3ef7178cb4,0.5700743,1,0,3
91291520cfd5f6c2c91fc242018860c5d1d277e4,0.46019557,0,0,3
7bbba6995a12412cd7cbe1ca693057c5299ab4cb,0.20691565,0,0,3
ea030e732e3556a2a4fa51bcaabc080927ddfa48,0.37143332,0,0,3
310008f48c0a830138d35b3024106560d55b6bd2,0.29979742,0,0,3
ca22dac3f852c7290f60c3c3a5d66fbecfba91f4,0.10398759,0,0,3
bcba29320f5f6f860335266d6be8249418ceaedb,0.06618024,0,0,3
9dc30fddc109504fc80fb62e33554d54cca47faf,0.037140854,0,0,3
764f56955d499fae11db1aed6e7f0d2d0886e6f9,0.046468966,0,0,3
2933e5773b1d64a9348024b2a6e8dc6dc90e6590,0.3615793,0,0,3
0fa8bcc008b6a011d6fe41e64ea4379d0b57f20b,0.055843376,0,0,3
7897aa6a83a5e63da487e72c2735fb042259f6e4,0.1790671,0,0,3
3b501993588d27d91ad526a436e3a10ecc8d6e8b,0.036464237,0,0,3
b353d07bcca9fb62ac387d69d3e99004e27f14c0,0.6479091,1,0,3
6b43922648fe2dfcb4cb1aaaf5d795f00a6aa174,0.058790226,0,0,3
b268dfbb824ef307862e489aef7e71bba4cdcac5,0.054020137,0,0,3
b957ee1646d893fd946a8b9a53c779957ae7a240,0.031105947,0,0,3
996c0c164a083c3dc2fbf2768750e3b3a81d77e0,0.6037596,1,0,3
12ddf37f23cd77903729b3e611ffae10e96ded47,0.122744635,0,0,3
7e6304ce63da6c6341cb072abfd08caf0456328e,0.12932035,0,0,3
b9b73fbef5c0f18aaef22ef60442518d7f23ec83,0.0602595,0,0,3
675d4c8fc848ec5438e48deb2e8218b6f0078814,0.079915136,0,0,3
dc666f419e691e6a04342bdd9cf2e899455a8738,0.15332352,0,0,3
9bab875f03ffea0aacd1d92fbbecc96d491c1201,0.042748027,0,0,3
8d3d915dbd0ccf716f0d15b6b2396cff214d9cd3,0.44407356,0,0,3
326beb22c6aa872cbc0ad3706cfbe706bf9eab41,0.55391747,1,0,3
ad882055edb50369bd174ae56a372838aa89cdae,0.11790501,0,0,3
a7363a2ae67b585790896de45f57154474480fc9,0.05294794,0,0,3
2bc9e7ea86a8cc1c3b2436c46115c87080228004,0.081564285,0,0,3
76f154179b8dc6940355d7fe7db468314ca39e84,0.14680603,0,0,3
4080feff61e8dc1cd4af2361990c33c9f1014147,0.046911657,0,0,3
97accb47de63ee5063eda23641c6017e29ab81d7,0.036967494,0,0,3
cde43197f980538e411d851735ac7a63ddd613e1,0.03602547,0,0,3
0dec6e76fb544fa3e8bf5fd17f16314735971dd7,0.68948793,1,0,3
f820d06fc0d1204b0cb386214ffeb42ccec669ec,0.034794845,0,0,3
566c4d59a177be4b65d17540576eeb34d28d24ce,0.63350654,1,0,3
a516976947341e0e18bcc0858d85d34cd0c02cdb,0.6202862,1,1,3
7200c43dea3dbfbd9d38b937c44b6e71744b05c5,0.730947,1,1,3
596ccd59a11ad5e9fda19ccd0f4fc714d8d3394d,0.72347295,1,1,3
301ad592142079d36f4d33f5309c103c7f4f5dfb,0.44595277,0,1,3
f8a8ea748a0b3015490ccecec7b97f0ab2daf9c4,0.6184077,1,1,3
8aec465b44dedb7deacf80111ea5286914093094,0.2536466,0,1,3
34f3f4196084768b2ef6b3db4608d8eccec50364,0.40506455,0,1,3
c53f2106109153eda10c47a6960a5a579d1530b8,0.52499133,1,1,3
17f52a2e559e68d5c6ccc98fcebb5523161fd0ed,0.55345684,1,1,3
fd7a4362caf2cd69368a38f2f71ffe19706e341c,0.8339767,1,1,3
753f278d10fc0c92e912965379401ac182644101,0.6836494,1,1,3
491786ce4182daa57ea61deaf701f756f57f6f1e,0.69146127,1,1,3
de73ad3115c19d5f0771754d233d74055a2a10bc,0.56333166,1,1,3
d5f586bd4e1a20fc09a33aaa5c2b9320f4a2aa72,0.56106,1,1,3
8d4fd1dabbae4d7ebc2b273af9275ef8bd0e1ce1,0.7263024,1,1,3
6e5eedb3fcebc5894c41733bd26c8b4d9197873b,0.04081186,0,0,3
3b7d0b95466139a147fc504b7c18897dcc826c65,0.16912584,0,0,3
6a82f92584b36e28798479c82c0d3263c6347b90,0.31828493,0,0,3
b8e9475505fee98aae2819c03a33c7aa3db843d3,0.063992366,0,0,3
a14acdf6395f588dda7597bb4c7810dacaa503d2,0.040704608,0,0,3
85a20aad64be04127106f492e26f6ad6d6c228c8,0.034931026,0,0,3
1325e114108136eea3fe77a4a270a2da7eff98e2,0.042612508,0,0,3
bae46709ecb13f80aaad0d279b3618ab83d09275,0.12451894,0,0,3
dc5f850d1d9b0b952b7f0dabd6778cf0f7675cba,0.032594945,0,0,3
b4abfb93676fb0abbab1d9bac40ba2714a3872f5,0.043415885,0,0,3
9a9e7268162f9fed146c74a8acbd234d9bc2ed84,0.1136816,0,0,3
b262c2359c9ed53dae3ce2ce7a0092273f4eec65,0.5124642,1,0,3
c30b59103b6f1390b0040ee74b985248e8b1b849,0.5652573,1,0,3
0f36265123605cac6af05b7b8c8f4036b58f4da4,0.07094723,0,0,3
cb177b56b7664ab323558545737646896f4d7e70,0.058905885,0,0,3
15bdcc3be2b84f68ddcd822da52ef045ed89e57b,0.049239583,0,0,3
6a8ba1fecb47e5ffd5387654d0cdb7c372ccdc9d,0.044378582,0,0,3
75efbfd6b21ab36fdbc440bc001c133f824bdc3e,0.034692843,0,0,3
f7e42d2ccf949a5893a439227c8c6bafd2598f26,0.0914248,0,0,3
c7fcb448c99ae5fe9db9b217bea1233df3ee6e57,0.057811134,0,0,3
d0721feadc1e0cae6efa3e0d82f523debc5b8d97,0.16112463,0,0,3
5f47ad718e0ffcbbe6cd2f8d32b2e345c4af3a48,0.6913659,1,0,3
745d383af12137ccbcbe1f3cb4c9db73f87a66ca,0.04034725,0,0,3
d746a54c2ee50711283bb49e557f58ca491e1bac,0.045406077,0,0,3
a56d4998cf16ff08f5593fb7d4dda66ca05dc269,0.08945559,0,0,3
03e65c98da2a0b2e27b14713543c2a61d56b1237,0.07473258,0,0,3
0d3545e5f68d024cd4a05724a15746d8dad986d2,0.04547835,0,0,3
6b1b592887d9ce95fb5af1e216bff56b18c7902c,0.5355782,1,0,3
ccd0fd51a5712ef1d85110eb61130c906fe4db13,0.61327404,1,0,3
d98897b11e6f4adf1d0a91591b1bb6be501cd29e,0.09536974,0,0,3
4e08e17ec536038c9c0dd888f77b912cae82816c,0.5503304,1,0,3
86eb3a2fa74988e4ccf3aae7f4b77edb84555320,0.4527501,0,0,3
45df5da2640f8f097915b8a2a0249ef0f6cf514e,0.2100619,0,0,3
76b7413d2b1eb2dc22f05de5b76f9519be5142e0,0.055595852,0,0,3
bfb3cf8bba6aab198c4644e236bbc9f3807111d0,0.04361068,0,0,3
093e3bb2e3cd9992f3f0d14373d406bb9b2ed36e,0.06332046,0,0,3
c440f668aca99266b5379235f6d99d378630c938,0.07632848,0,0,3
a1c5a582760c7f65572d0883fbcedc843332d7eb,0.078218415,0,0,3
0a499402d707bc8cf775d7f9b3840780a7401f7d,0.13213567,0,0,3
8e4e5221515f820108f48396a18ceaed73de8dc1,0.49612355,0,0,3
3a4e18ddf151a624eb5c3596ce8400ca4679ef97,0.123308726,0,0,3
8ed40d530295d819e0ca964b2d4542f6ca6a9929,0.033118784,0,0,3
a6abb8b00355db97486ab5023305c3f4e9e19ad3,0.43818232,0,0,3
b494caa01985c623601735f1bc10871cfb8aa048,0.574837,1,0,3
5597ed7ea300ae3d08cd893b0133bce26038a7df,0.39277437,0,0,3
002276ea313fd880122502e9840b43f996acd537,0.021393785,0,0,3
bd5afc0b5a977c168cf046e3244477b48fa72c5d,0.05958445,0,0,3
b313ae68888445f4c08521bbc8d19f39310c6890,0.02895839,0,0,3
a675ca7802065f459a96bdbd593d8dc491180cbf,0.35729897,0,0,3
8be87e032a8c05622148357f30bdca3c614a669f,0.43961442,0,0,3
96eb80efe1da48f37846aa899260aa0c84b15944,0.042529512,0,0,3
75c2b24c681e314c4e4e07243b31430ba4e42723,0.5812692,1,0,3
276e22858cdd56f5725e0c2f7a3522df99967973,0.042322334,0,0,3
471e6b078a7891aea99b77f200e828a7b1c9bc00,0.05013222,0,0,3
6d7ee38ceed6b496d70502e276f80be6de618014,0.05686012,0,0,3
5cfd99f0dcd0d10689e480f0854e859079f125d0,0.07753135,0,0,3
ed6c47dd9ebbb2e38fb3e17a2b961f0fcf0e6df3,0.05943547,0,0,3
1fe7a43505aa9d00bd9dde45aee77935a5147561,0.42048928,0,0,3
387880a630c65b955a3329a2f7b987214c41f6da,0.5973493,1,1,3
cf4416a84203ff9d360d4398da3b166e6d0c72b9,0.5408001,1,1,3
a7fe613853516f0abde34821996a0424882bb919,0.8084809,1,1,3
7a8a7783315917b56b6a71c4f28cec4ed1d91a7f,0.66720533,1,1,3
9c545d44a4a703c88d417a6fa43298a80ee67735,0.7016254,1,1,3
4f73871cf40b6dd05c8872d39246c67f798ed915,0.044191387,0,0,3
41f297809965523fcd021bef20b304b3584d9b4f,0.06200031,0,0,3
03178c8b15f1b522b98ded0f83cfb0e79f5ec4d3,0.0438155,0,0,3
f70741c9b216d3836d047c542847920d4778cf9d,0.049786676,0,0,3
5ca0a1c3564d35293a5ecf03e5f32e6f0f6f445c,0.049999207,0,0,3
4c4b3e2e32ddae35e4c1a6ffce1cd2b2eafa958b,0.0521235,0,0,3
72a46babeb0da02071e47425ebd55da915b98178,0.036433857,0,0,3
9c51e5316babbd370bc32aed0fee134216726ec9,0.05102946,0,0,3
392323e2d44bacdac605c1a4f037f06e21dcc239,0.06610546,0,0,3
10dc13c80752b0489d291b54440212ca54c59fee,0.039092276,0,0,3
7b9df59a96adfce979c8c564dc5eaa6a29b7f25f,0.042026907,0,0,3
818533e92bfb1c142ae4ce5be18ab92d1ae17025,0.08618332,0,0,3
47fa07eade06908ded4206651571e71a2fe684a6,0.041221138,0,0,3
46e97d9e04591e8198ff38bd2949fd5514da0d3e,0.054366007,0,0,3
08cc26e70bf145aca293d55fce12aef835263f53,0.10301459,0,0,3
6c21bdb4a107b49e57c9e5d6598d13ce6f85fc5d,0.09416179,0,0,3
18a027b1f04e420c18ae57aebe8fd031b5ff251c,0.09703551,0,0,3
82b84c0fe9054198099752a66575cec0c47524c8,0.04125749,0,0,3
b10b90b0a3947bea98e3646e7d29f853f3b5c6f7,0.042246066,0,0,3
8c141a1705808491f16a27b53e1ff0db0a2807fd,0.06782359,0,0,3
40f969bc9e162deead55967da3c128e2da933dfc,0.077289216,0,0,3
f348d34fb1ef3c968e2981283618aa85db203901,0.03972978,0,0,3
999761ba1bc5da820a1d2527c4aae29d95a7013a,0.7037798,1,0,3
ce131449a4ca0b06c6bb27ee5d8d6d89b1467bbd,0.04182388,0,0,3
924e1e9064f90d958b4f57e9c9c0c543bd19dcfb,0.062318183,0,0,3
f36090e3141cd3cd6fd58f1f46a30af2582559be,0.036745105,0,0,3
6fe2094e30107512e470571bceac91cbedbd21d0,0.19545622,0,0,3
fb0078159d2463da149de54018fca79a9447153e,0.041164424,0,0,3
73351b6adbf403600521505bef288057beb2bdde,0.041852456,0,0,3
079a07fe18f654632b80b274f247775582261e5a,0.04404131,0,0,3
4158323ee456bd412e7357a4a6bc8bf50deb5d9e,0.04412306,0,0,3
2fd6c8fa1e392f985ee860d8ee154a612ddde569,0.037346236,0,0,3
66d0a9a0a00dbb259425f17745f7dddd7e676f71,0.051509023,0,0,3
e14d9ce8e3c57b7352a647c0a8e62eeb88ebfba4,0.0875319,0,0,3
9e0c5ad4b3148f42f3940faf7d67b305e34bef0d,0.17419706,0,0,3
fa1aa44c7623fb2142e588c59eaf56db7bc237eb,0.088111565,0,0,3
8fdda846c4653b6ccd49c47a9586c374bb20a255,0.051848937,0,0,3
a94ff90ab6cd2d92ccb2eb1fd7913b4e5256f02b,0.7327935,1,0,3
268bcd622685b28c2d50bcbce64ac38f7e90390b,0.7203537,1,0,3
09e31a01b51d7418fa0034ecd4cc11848436fc18,0.66219425,1,0,3
487ac1980148522d628e1d2aab50b107c372798b,0.082783274,0,0,3
34646ec9b52192a71e52ffc09cf7fefdd506c48c,0.09261757,0,0,3
7afc1c34fc16ec04f82105f9106b7d1e5232c4d0,0.051071133,0,0,3
00439211981af7b5baed495f526ef8ad76ee7c5b,0.048818428,0,0,3
1d635088f697178660b6e1c9a89d2b7d3bbe2d29,0.07647482,0,0,3
a4a62ed7c1e3c7aae09324f0ad1c6078f0fba471,0.09477411,0,0,3
b3a68ca842841c4b9713462d5f01742cf71a6b4a,0.056585386,0,0,3
2d868410eead061d59de524bada4de9e3d2bb442,0.07786734,0,0,3
813aa11d505b9507b6795d36070806cb2d96e5c2,0.09786589,0,0,3
88b29fa46bcf6f56df4213e1ba7810735a28d755,0.040703014,0,0,3
eca374db08ffbb3dd8de746632fbd74acb8f2c92,0.050202005,0,0,3
2ab17f529d07c1f618ea08d968b2fdf3a382a792,0.045257017,0,0,3
9a87c766bb3137a50656871e5dee5a309543bc7d,0.044061046,0,0,3
9ce4e1a371418e5eacc69227885815f9a4221c65,0.5305582,1,0,3
c7f7da754a911302dcaa6935be6fded84e1ac348,0.040390622,0,0,3
4cbb388ba9099be121f81d75000acc3af93bf993,0.050992172,0,0,3
87497c72460c9c58f829a372d741b386fc2ac8f8,0.053219024,0,0,3
921d0d60d40d8fbda29f14a64e848c70026ea32e,0.037127417,0,0,3
f9e72000a17eb9d524b38a9f2c982c037dd94891,0.2358627,0,0,3
e34f50dd1083fa8ed9fe25fe701b64bd2ea7efc0,0.26516023,0,0,3
581b474f4b194731eb9cb22cdde7330a1ec81c3b,0.5603296,1,0,3
e0d17fed51f5018fc34578699d824c20efc44368,0.55198747,1,0,3
4fc5b3402c58d6a4b317bf23b896ea91d22af6fe,0.05543982,0,0,3
d8e2f892e48423fda73204be3ec239d282e71c65,0.07122231,0,0,3
8d6d088622f8e4ea89e66ccbe097510fb4c932fd,0.2789271,0,0,3
f0943a7242041a16c8f7fca845592e48bb19ac74,0.0916588,0,0,3
d1123894d33922e7c8ca838f9dac9bdceefa3f7a,0.06631726,0,0,3
fb83ba3fdb46537a36832a900f124d4c400f7ed9,0.03544062,0,0,3
e779883b29a67d411493f985de984ffb8088ca05,0.048020612,0,0,3
a71c820baeb91025eaa7f07b172a39500c6f5692,0.057805236,0,0,3
a4eff51bedd73a0ea56afc23b1021187dd03561b,0.04886225,0,0,3
8f6bedeb724fa78583c26423aaece05cfddc04c9,0.04929518,0,0,3
fdc116f0bcda6d1fffbbe505d0687b0406e92fa6,0.025185691,0,0,3
66608db56c41e91ee34fdc1e6157d69b69893fad,0.6648965,1,0,3
5366158572bd88f18df7883ab823ea62b7701d77,0.04475616,0,0,3
2df0a3be66f6fa1067d976d7a05500beff7eda53,0.046657655,0,0,3
e0b2c86c8754312d1e89307fbf84e6efbfa9fe0b,0.19839941,0,0,3
050dfa6f0850174fdf958ce6751d2f06900201f8,0.23850521,0,0,3
7530b4bdceef0ef37af252f0b97978554fb9b99f,0.18552867,0,0,3
a6eda3d8eff423ecb4901aa07339364732c02ddf,0.038455162,0,0,3
a5035d0e1cde068320984d789473e1140adefdc0,0.30740723,0,0,3
dff43a0530a6fbd524e3af24795cf6b92142735c,0.6152872,1,0,3
1d5f8faa87a410fdd1141ad82f270ac238293770,0.06832829,0,0,3
82f4ce516c18ef5fb3096f6a90455fce90a5b290,0.06632739,0,0,3
228b49fe2afea3376c4f30f80bdeb70d083a9206,0.050893016,0,0,3
adfa016f3ef7ff262643e0f0a5a54d3ddb7d7e1d,0.041035753,0,0,3
f72b5e65c0c5210cc0be585959ae84fdbc87aced,0.033840146,0,0,3
26d668f6d5a2f202ef7ff6a73ff3cbd7bbdf4b06,0.049485903,0,0,3
808149305ba26224917e29aa0c0089701bd91936,0.04680399,0,0,3
55fd738c86ea1796d5152d818ab4b5060bb11803,0.03519177,0,0,3
7a8dc00b8be18a9271e2d9c2444ba91077ffafa5,0.051721502,0,0,3
34515698878ff0a4641e72486f0ae8a7e30df0d5,0.036899928,0,0,3
96f2b16b3efb93580e6aeaf1da97d9dffd5e260b,0.2693166,0,0,3
b577805347d56f1927615fad311868a3537a9cb6,0.1355834,0,0,3
e366894658914c0f2fb41cac003392b0dfa6e4b7,0.451462,0,0,3
3411f29e2377788cdaa5a4eeaddc53355f085a78,0.044434417,0,0,3
880b04814c564ea7a1bb8fe97c15b4735c67e8e9,0.0421891,0,0,3
8ef033be5c92a895139b4f910af5a7048f340cc7,0.029275453,0,0,3
350c477161a0d1df94efa02109ae07e6acbc527e,0.0281895,0,0,3
0880a21c56cec1a2442b5123c3845bfc99e83a7f,0.03210597,0,0,3
84143c462986417ccfc5e8c05481e983cf668e2c,0.024908274,0,0,3
f16d5b1722eb55c2d55eb623999f16799b088b98,0.024640394,0,0,3
ac37165ed7a22cbdeccfe348b10245dc83b414b1,0.029993767,0,0,3
d9ae4e2601d4c0744bbc275b6b4f503477b789ea,0.04274616,0,0,3
7c1a59fa7ab58f5f7cdc124ff2667cc501570a4f,0.026169164,0,0,3
93d35c8f291b8953f8460c0eb02a51cc6d6cac22,0.8712705,1,1,3
b77184a2189c8f91100d148354d1fdf38e83d13f,0.79437274,1,1,3
f81e0465460ff9abd450eda836bbb4f9b13837c7,0.76012504,1,1,3
6fc152e4177e0482450b13eb7fe496de677ce5b6,0.76334554,1,1,3
0c9af5f450ce73da9b791051f861cb9a6420e0f1,0.27816325,0,0,3
11409e628b0461be3c268f81642ce36bc4b0bf84,0.4358215,0,0,3
63a9488f2910434851e98a8fc0ec8c053b24083b,0.35576764,0,0,3
d70736425701b66bd64ad3aab3941bb930a18b66,0.48819104,0,0,3
7331773448c1f2e0b24deae4144db0deec85fc07,0.27073443,0,0,3
11a7e62a898e54d66936d1b8b67cb5e62578ba98,0.34383318,0,0,3
0484bdb3f61d309ff62da4df4be92cf139d19f6b,0.3484781,0,0,3
f9f632e7056cd9d2b3c88bad50fe0597610e2eca,0.33332074,0,0,3
a3fae474e5cf5084c89835fce1950991aa678a41,0.24315217,0,0,3
f3108e2771083bfcf02c9c67ebd70a3ac0ddfca8,0.6454634,1,0,3
521b9b3385d73239b96ab209cb34ceb5c1c1400a,0.56312793,1,0,3
d7a1666f9a89d9a517f5fbaf283e711046fd054e,0.4494845,0,0,3
022a020bde5afba4f2e9b6753c199386e79d7825,0.23502629,0,0,3
1b5aef881bb3acdcde5d9fcbb6e43ceed6db145d,0.6864655,1,0,3
0caba0845d4363025e619eb3db6f3138b2c3d394,0.42116687,0,0,3
8e71711c1caaa404d84ec6682f1b7b266064c2e9,0.16866247,0,0,3
363be2fea66f861d7ec4f893a05901fa0c7ecf92,0.3473824,0,0,3
412a8a0ba61c84d71c0cc740ba7e50c10f3bf9ae,0.62064517,1,0,3
03380256795725c7d17db97d882a4c4da3b76b8d,0.19585264,0,0,3
653b46857a4a48252bfb094e39ee9937b2079fa2,0.5343925,1,0,3
748cb609306ee5a046a952a0ca13974ef0b6e770,0.2986936,0,0,3
0f9ce497b0c6841e3aca845336ad095012c41da7,0.0574099,0,0,3
36ee52223387eed452c266490a25b4c62f49abc0,0.09766555,0,0,3
a8c6d43b5a61d8da784f0ac188d40b88a15dad50,0.07070424,0,0,3
8fe2360920a8228c10cd59ba0978df701174c961,0.14014532,0,0,3
a3677db89ef3863e8ac7cf578df499f85d970b76,0.051168878,0,0,3
64c51505a82baf8260a34c7e83652ae3014009e4,0.22789498,0,0,3
ccba0cfc3f1b81dbaffa5153aeb84d48cd7630ff,0.1970632,0,0,3
e7c42ed0fb83faa2b57184cb72f6d9e8b621ccd5,0.31615308,0,0,3
633de29fedf11544f2c3d5052890cb014e612bd5,0.13177711,0,0,3
362ab2bc41697980391c4a61c23cb3ef6bce740c,0.5523456,1,0,3
fc9d93db68a3c33e5ead8c7ecb187fdf0f06cc4f,0.11773564,0,0,3
66a775c9feb7dcf00c28a16b7a365af4372886f8,0.05950241,0,0,3
a6a48cfd370b226955a531e678016db414ebeed9,0.04415508,0,0,3
dccc1255413adc1a212dbe3bf40accb70ccd44ef,0.057234094,0,0,3
83b70a377f79ba90f846b3a720e6c402c63bccc5,0.07027241,0,0,3
819318486d9cfb430749ee33d3c5c4ec4417babc,0.15701592,0,0,3
827d9644c864336fa84f15744375ba7412da047c,0.05164841,0,0,3
af6bbeefbf197f50d194c7f20419c2a4590ad630,0.072963946,0,0,3
ae8f5f04574be75727f5e948e04bc649cbdbbb3b,0.07963608,0,0,3
b9cd3558133ae9f26aec73e0bda3a8f635d137f7,0.68288755,1,0,3
f672e826f51824582273fa1f5b6ec37aa5fdb2fd,0.24748985,0,0,3
72df12fb2ba453afb57cf185d25c502d4daec6d1,0.046794154,0,0,3
7b42d43fa0827557f51cb4111c89fb2a78512c68,0.40395176,0,0,3
af1b5872ab8355acea3197522ddf94972b3c8386,0.04472922,0,0,3
5c753a87c328678f16bf89e0178448f04194f0b4,0.14995638,0,0,3
0956e2d2338531a96f2ff7d4ab405acc1b18421e,0.14105037,0,0,3
6563275706015b000cc5bf14be7fa9322964bf49,0.0727753,0,0,3
e9e76131f35c112046b9f184816683beab605e9c,0.058512844,0,0,3
843267df5a0b44145d5b9ee9153d17aa5e15cce1,0.6096091,1,0,3
cd64fa339a97300c64dfc434483e478a58f507a8,0.062100638,0,0,3
b0b23c179ac55334f760aa29fce262c73a909268,0.12426012,0,0,3
dff1a0953d97d46290750a46d01be1e1519ae698,0.81790054,1,1,3
35e0ba449325e759e04203fcaa71920cf473baef,0.78210574,1,1,3
e508ad09d79302d3cc6b86077d4a6ddb0679a0f5,0.6718955,1,1,3
a27ca511a591caf813c26862a888e90e54af19a9,0.78051156,1,1,3
9be91f380c209f895da36d13c40b99687bb4c8c1,0.18013231,0,0,3
09c55eb8120da36aef1807628f87bde83749428b,0.25458005,0,0,3
05edf06360cc8a1a61fbd1ce5f9abf5d83f9d3f9,0.050843496,0,0,3
9df5e9419d83c11b4a2c3421c5ff7ea1f544366b,0.5210649,1,0,3
ed1ce82d822ffe185875b7b7d38352f20171c096,0.13609925,0,0,3
10e38114032cb4c585b29e946e1d70e05d52a878,0.48441312,0,0,3
d71ead41fb685431dad02d4bb7cb5675e196b8f2,0.4050504,0,0,3
e7b4025ee0b6152f9bbf7a72a317f977402a27f7,0.39572412,0,0,3
0f3648f749b7b67c2c61282297569657ea6220dd,0.24496102,0,0,3
bf915848967a6e35839e5565e98c716079980e18,0.3549489,0,0,3
7f74708201c2ab9f5d1f83c7052487116b8f7114,0.4195995,0,0,3
97dc91d1545a667b4021b6507d927799e53964da,0.7847579,1,0,3
d9979fa97865b7a57b9da975efb6e6c4d80b0cc8,0.116178036,0,0,3
6f27b4ae8f8ecb62698e760ab7df3973874b1f51,0.34336665,0,0,3
67ef6efb61f3c07e1359e083bbac5d90953cfe43,0.53289235,1,1,3
1b53f09c3a9dcd64dd281c1955b062fc28999366,0.048770677,0,0,3
34adc606601cb578486d4a019b4655c5aff607b5,0.33717448,0,0,3
b05bd69cdd841c02a3b645568ee5478fdbfc07d1,0.3162395,0,0,3
e1f30a1c32eb292e51db274adbe2fd6ed09b555b,0.058478847,0,0,3
bd82fe9fc034e7921eb589420bb4b86dc767a11e,0.09102011,0,0,3
13e0ba5aff3fe14eb0e1d748cad4b9f99e681ca0,0.49681523,0,0,3
3b7deb943877b0c2d8627531959948c5d1e4d3ef,0.5793011,1,0,3
b657c914c0005b37e24c1cd74c5f4ce886147606,0.2394779,0,0,3
a61fde99657c1b9d11e8eaa682181ea59e65814b,0.064451896,0,0,3
29c067466ed78c3e7948fcb8f0d25b3d984a1a93,0.07286085,0,0,3
fd86d06ec5d3b009f3882dda7903e9913858ee14,0.77561927,1,1,3
a43b8d68b8b7e6d7f23977a7432880290e6c6933,0.7728416,1,1,3
31e4a6df19cf4a13f8f0e9048198ce7488ad2614,0.6663124,1,1,3
3c0c9d83e27e436f9d3646f177bcb0ac2fecbeab,0.64875793,1,1,3
db7a08583a5ebfab310efde6d0636f2e2fc108ad,0.5228481,1,1,3
015e3cd37d128e4ade9b2d49f74f3b4fc07d82f1,0.42882502,0,1,3
8dba68a38c8bdae91c15e4eab35cd83c427d8e71,0.51337516,1,1,3
bd15dc78c74bd9eede3419b70469511f196a3716,0.42397174,0,0,3
c3ff46e30397bc0355584c593d500d2564c1c515,0.06727828,0,0,3
b2d4b2ac3a738d97e23e53cd459d9c57ee8827c5,0.39291677,0,0,3
3e24c28e68e617735b25791b0bc3f67f31624ebf,0.5346504,1,0,3
b1a8299ad223c3b2552f6d03e51c2ecba5df46ed,0.07831918,0,0,3
4e931386569c0a28b7e47c52d199aa32b6ca32fe,0.5740441,1,0,3
ed98d264cff306f7326db096cddf65cb26ff5498,0.051610615,0,0,3
1f07a0bf70049cb0a2f6b52ea7c261da5adb1abb,0.07614452,0,0,3
60bcdd450d6950da981d70b8b08379bdd744c82d,0.042186595,0,0,3
74133837585f81d1c6434ce32f73fc8694d5f132,0.041152306,0,0,3
0e9f604e87a5b42b27abc13a9328846cadd640f4,0.03622435,0,0,3
53a0a9ff85666348a38054e335f5b4c5355a6419,0.03843929,0,0,3
73f3e2b3d6b3f4a7000187bb3e6a4d82b118d3b9,0.076538704,0,0,3
b295635a87da0c20e5e2495103d4877ef0187d4d,0.055374157,0,0,3
8f88dcfc902b5bc86a239756afffc9f3813d245e,0.42238823,0,0,3
815b269deec60ec69f4e5e5d555afe9b98c18cb9,0.26703873,0,0,3
2b0658c59d6285547a5c6de7ac71c7cb134ce975,0.2256372,0,0,3
364232f781d0cc91cd4b83012e1f49e62fa81190,0.63898,1,0,3
e972869486f85c3424875a443eb04bda2eeb6bd3,0.05887532,0,0,3
780b2281d86cf89cf5dd717c1cf54bbd48783654,0.35710186,0,0,3
06c27b37ccbde70514e035a50ba0a6ee1ff94ea3,0.12627293,0,0,3
1d1c41945a50a740519131bfff4e1875de69dd6b,0.32455963,0,0,3
71e40d0b30fbef976da3595fef8736a4e1245466,0.4826325,0,0,3
f781fcaf0f19766f7c9105911613f86d22b2091a,0.18165159,0,0,3
cb8cf1574f99fc51c9e67b9456ea4d494fd4cf29,0.045182236,0,0,3
c63413182017e069393963d07570ec69f373ee1b,0.8086988,1,1,3
8bba18089a1acf29f9d2433efc229d5c851f42b1,0.18345432,0,0,3
f295b186fd8f6c619d34a8c69c6a1307f2276779,0.100086614,0,0,3
02c7974c113cc2a51d6741491080058470265899,0.45350268,0,0,3
027c193cf1c012cd5bae06446496136a582c180c,0.44942954,0,0,3
4a10030ee78ea8da944f6d52e3c671799d73b5d2,0.46713725,0,0,3
5166f3dd04980177e46293408d998087040d4c19,0.3161654,0,0,3
d37041ca62ea9eab6e777bffc15ddab49941217a,0.5711132,1,0,3
53e5e3fa8531bbb4d70523197215fd19b89c1a76,0.4080923,0,0,3
62e6242804e4167f5c476ae34acc784009a1af0f,0.06442838,0,0,3
324e8b4d43f0260b4857dafef46e8c5f349f633c,0.071589485,0,0,3
9fbc2a346b86872c397ff891d379115abe5846cf,0.678158,1,1,3
c5a15b2b66b6b4f018589d8f60cc7acc71861822,0.50558007,1,1,3
ebf108170e9a6215176174d84313a0564ddde0c4,0.6560713,1,1,3
f1984c42b64788a0737c3bd43e4da95e015c19e8,0.13020162,0,0,3
904b790c41d6ec4629921befd1c5286e482fde57,0.37367967,0,0,3
c2abe862ecb7f980260a7b44d907fa116a6bbab9,0.21614774,0,0,3
19a56adb00295d528015045cacd443ff10f7bcb2,0.14303105,0,0,3
e2ea5359798ce8dc77d4b23b0f9b4df33b37f940,0.46324944,0,0,3
ce4385a413dc822f8849678608d0bbac2defbb81,0.10335001,0,0,3
c11215195bed3261d88486d0ad1644080afbb97b,0.5026933,1,0,3
7048667393bc4290f381312243d13688407b9350,0.2799317,0,0,3
b188b5ccc0f1f8702313eab62a5dcc164f817200,0.1391385,0,0,3
4efd950d4dd822f3e087db9830d09cfb3fdcb541,0.19372945,0,0,3
cff6e00097bf7dd97a5404080df3bf7e95813a1d,0.51258034,1,0,3
27214015c725619e0098e227fd29816d0891d4c5,0.54063296,1,0,3
f8fbfc9fdca4b5e9ba1a5608ca17e7b6feb18c3c,0.20959125,0,0,3
0733d7c2ba214415a8d2e4efba5c6e26b61d3291,0.08027017,0,0,3
d8cdd5eeffe9b63949129d09f6b0c7ad2d517e90,0.23348838,0,0,3
e2cf4811ba485b0bb29d7d80bc853666bfbfa958,0.6091842,1,0,3
580e0d1e26ab2a9275f01506f3af56fe8fc32988,0.4360744,0,0,3
3ba27e9f4a29be1922b3a19f9c6c5127f93027ab,0.6292589,1,0,3
8fb1341ad7c460286211f4f2a6be41bb5782653f,0.032862194,0,0,3
041507d3aaf718ae536f9ab66e4eeb4065cb339d,0.26127902,0,0,3
735b1b59862dc1b5f7e60549aa7c33dbcc4095b2,0.4041255,0,0,3
60595251eec5979e14540c6d00043e24905a7404,0.112733126,0,0,3
980366284db98e0515dc5e827aaf4f750699bc80,0.62446594,1,0,3
6c2dbf2885fb4602b8e42bd208ebef66df23329b,0.14692086,0,0,3
cb6ee2cbdeadad5d277a6e7293d88bb915090c4f,0.67900604,1,0,3
a00624cf27791193be74a610723a9a0b0980d23f,0.64465463,1,0,3
911d59f46d0dce2e07a93dc0ff705154f568b7ba,0.6447006,1,1,3
1aa543286acbcb3c23aebaba003fa024a54aabb2,0.61392164,1,0,3
f418eed3089d74caa11affaf947a40b774e9c8cb,0.5046953,1,0,3
a13691b5be40d31099d39f7c8f3ee9970ebc20fa,0.090506315,0,0,3
3e8b8aa06bb7742cd1643fad72d7739cda400010,0.38020125,0,0,3
a1db4c96f62eef05fff532b59300edeff3ef21f5,0.28626242,0,0,3
5321c7ff2ed082524bc319e44f0aedf7ed8960cf,0.059777457,0,0,3
9be73347bd09934dd0c99d32bce9c4e12fccf6ce,0.0703412,0,0,3
4362e02ed0404d12ca75ee3476d4a32f9f671811,0.057564635,0,0,3
d3f0ee5e0928122b41ee25e2b4ab09bdca5bd00e,0.0642798,0,0,3
f82b5b57840389fcfdc4f16cb75703361d6ea059,0.08236097,0,0,3
51d564f738b20621e4e14649bc1b15c929668e1a,0.071047604,0,0,3
5bd82306a8e44e2b9ff098f29ebf4c69c195b9ad,0.09776066,0,0,3
9959b3c5a777845aa19040a5a761814e483a6483,0.065171644,0,0,3
a0611b06f05e3c37c622f48a783836f89247c237,0.21795353,0,0,3
f02f2e54ac7d88a6b7ee620e45e1bba878c63a56,0.04712887,0,0,3
98d6d15235e046762f3b09294e896994f616627c,0.055776477,0,0,3
fca0e6ecf6012ee47fbc92fef4533320c1e3d849,0.05824102,0,0,3
db642a3c3ad93606d27d6e277b529da3a50057e6,0.075818405,0,0,3
1929834c27a931ab505f7a389d38fafd10331d8b,0.05899256,0,0,3
a5cb9a4b4a196bd2048cd21ed2fef175bc1181cf,0.09244346,0,0,3
c2f1b685abecfc11de76ffd0a28771f41b566782,0.06628869,0,0,3
30b6759387b4402987f6f4a6100fdc78e8bf755f,0.05358553,0,0,3
50b126dc0eb075a2193b670eb7ae2089896ba283,0.08246724,0,0,3
6b08874607dd51c9d8f600a96650a330cd9e6b95,0.493533,0,0,3
c9685cd5e462926aa401fca7321ea23927492006,0.0686134,0,0,3
ce8d0f7a47f7caba8ab937389c59b68b20f6994a,0.4592842,0,0,3
98b8758e761caf659608f48fc5c9e9056f911050,0.31104854,0,0,3
95b2fe97c7f191e43b7fe11e8e027d87eb47f15e,0.67808586,1,1,3
79237dcd2bf537d56ff8d73f897cd639af7bf8f7,0.6548984,1,1,3
181affd5c937755f54ff31ef056a6ec091e95f51,0.8393613,1,1,3
c334a1bca8338c92e76f0f1cf2ef4884e3eb5dbd,0.68218595,1,1,3
efa48b214d30537bb184884ea30ce817bb350153,0.76194465,1,1,3
b45c4bdb496381b5f90df6872edca12e0a2e68ca,0.49490026,0,0,3
f8489499aa6d460a7548b14d516638b0bd7b862b,0.8196492,1,0,3
76a2ac814caa194c46be1cf7a3f5dc129546b1c1,0.089870974,0,0,3
31fb4dfef212791f86f052ce8a3adeabaf830cf2,0.10680499,0,0,3
ccfca8f714055cd9fbd00cf7e847b880132cae69,0.0694001,0,0,3
a29815abf4f0e51b332a8af1b83ad344104c14d9,0.7598466,1,0,3
92e6d716069686583b852a6dcf12af986d6dc694,0.5655467,1,0,3
d105819a0e72765ff5ba4efa5622d727360ee2b8,0.8090431,1,0,3
3aa6f11785a2f1b3b09df328a02a2c28dfa0bb57,0.463472,0,0,3
b7a82a918f0a595a96047f7eef2672fd95d5626c,0.76640475,1,0,3
52f3240d90f2397cd1850ab11674ba08a0ecb2a0,0.7850609,1,0,3
d70fdbc40195077057a1edb14ccd16a26435d007,0.6951378,1,0,3
0751f97bf6677c3d55aa71542d572dc8fcb9e79a,0.7298001,1,0,3
e505e1fea57e0ab9f1d5edab92546d778a5f41e0,0.6106038,1,0,3
b4380f20059dc9e4ccfe2b709587e8069ac0fa34,0.5010896,1,0,3
32a9c6d42a3a48314d3f9fe2956bfc8bf49ac5d5,0.69013804,1,0,3
80417356f04c5ee1cd6f636e9b043db3f2de24f2,0.6315609,1,0,3
f48bca0510703b0673709b10a806a9d54894a999,0.78178716,1,0,3
f1b54876ab8893a5d9c0e3d7c1a9c884e683dc8a,0.17411965,0,0,3
c82f703768eb8a122546de23e412a037aa1770b2,0.76796466,1,0,3
36a02dc549f32433d7329444455dbb1be2e67f20,0.72887874,1,0,3
fa8957d7939b59e8d391fa17000b34e865de015d,0.79562587,1,0,3
5acc6a5502bffaa66be7e859849856de0ea27acb,0.7821273,1,0,3
b58789c5badc4f9680ec5724568af05a84670e22,0.060622025,0,0,3
9ee3a16179cb65f5fe4170257ab7cde558f1dbeb,0.10460305,0,0,3
4ed0bdf1c73fd82d3080d15085675de96d5be0aa,0.049372524,0,0,3
4950ad86a16e63fa26d51cd709e39666008c5fbc,0.060774542,0,0,3
b61362933f7a564d2ae0b7d6b9723f79f4948769,0.13486151,0,0,3
f28aa71041181867a720134e26b64b03cbccb6ec,0.117424,0,0,3
720b988fd8d7a50fbe922e6c73a3681b1c566331,0.31477836,0,0,3
9d744f7136f23da9a5f9324432b300b5a68e3b39,0.07439567,0,0,3
98f54c158acb12a26fa6f335b1665accd2aed347,0.49205035,0,1,3
22c6d087012fd55bc65e578a27f2edb66f4d3808,0.42195234,0,1,3
890b387d713d04c22406db6d5a5fc9b51bec2df5,0.56644833,1,1,3
c7d56cffbb4668d0955ef00196e08f42f2efe363,0.5018629,1,1,3
7680fae14c9f544d0585a7b150004a1e48fff53a,0.8617489,1,1,3
136c5ffe80e558a87cde01baebf823b06e3cbe75,0.82272714,1,1,3
8769d0f2cc4b7555dc025b7c0e49a81346a1e2dd,0.7994829,1,1,3
4b5cda5a2c6ca613db5129d50ffffce2604ad9eb,0.12120032,0,0,3
2e62764c0c386632e87ee8d12d0505848df1015e,0.45366412,0,0,3
4590f14e97beb6d10ffb7b5dd312c632af155ed3,0.093194626,0,0,3
079bcd0339f30343c01c5fd3d5521be4b822d30f,0.057533123,0,0,3
29283b775291bf03cd9a7e1aaa496faaa5757578,0.73832875,1,0,3
89321a2dee438328e75a11954e972175c78f0a2a,0.06343274,0,0,3
1f3e72fa069536ae20f37b29575288ff65e66803,0.048003174,0,0,3
c7720ca4c232d317cfc800a04eda4a1d5a44a944,0.39659464,0,0,3
a747456bfe077da467ff036172968a37f3b1e893,0.14506342,0,0,3
2f2c8b1cc6e6e731f7bc52b0988ea8316f475004,0.20459424,0,0,3
013b445ede8d9e7aad4915859d0c869b9b712f8d,0.2774805,0,0,3
f4e754e66e3661274df624bc328991cd88dd03d6,0.2261588,0,0,3
741944332d5bd90112b610a8b5f2eeefe51e08bc,0.09839505,0,0,3
4c7d7523088373be3c7ff203ea895d5a6d84083e,0.13927309,0,0,3
f79c9365d0ee89cb407b90cc084eece8fcf9a8a2,0.21123558,0,0,3
8714dd031647be34d0d27f461894e7b194f25cd7,0.6178286,1,0,3
83406b73e70a251eec5daae34f1bd8d554cdddec,0.07439826,0,0,3
2f956f46580e5b4752173e885d37a20fe31a78d8,0.47927585,0,0,3
3f36b7b50bdda3eeca632ad5440bb82b8e34cb40,0.4165237,0,0,3
9962a0fd02fe2ef06765271605b06729af8b2e59,0.079467244,0,0,3
5294c64b342818e021800b38413f36f426e35b3c,0.51598036,1,0,3
5a45ae3b1deb5117cb9e9a13141eeab1e9ad3d71,0.11657199,0,0,3
efafa61992658eab64c893e9eef49f545d75673c,0.53938586,1,0,3
630830476a6270e317e84229996a6bf92bd903ca,0.54488266,1,1,3
14097c64d243794610788d3ebb2e81ba8fd867c0,0.74767333,1,1,3
f2615d9a611db401cdedc022112c87ad938b5680,0.79794586,1,1,3
a24d624aaabc14a455d18450d9127f88d1b4f8be,0.62584466,1,1,3
49169033546d893dae3db903a2fa6af712f125c0,0.7927029,1,1,3
fa7588c4c0f8d403e4815fa72e3b8a3bc98d73ec,0.7514539,1,1,3
367fe13b46a0b4dda56b7f12273d6c9afb1da23f,0.5788821,1,1,3
368588b5c5c4140f39ea8b9a8ceb3d1af0708804,0.50471,1,1,3
30ee10d2740fe1f28595989c6b21f22b75a147fc,0.7395207,1,1,3
af9fd052d1c208f191fbdf85873f965552465598,0.68651384,1,1,3
0a711ebcec7d32b66ab3c90b2a1f48681201e557,0.68243176,1,1,3
a4acf53336a482f50335d33b4f650a70c9243b7b,0.7601808,1,1,3
c26fa78817f30cc3eb91165b783e07fb80d80f59,0.7301186,1,1,3
944291b748bcfec4e2f3c17623884db7a17b9f21,0.49686426,0,1,3
c44f982e89b63a97190638cd12bd8bee2bafb883,0.49944273,0,1,3
fb46b941f7763314d667c437c06b1675e61c3d38,0.67899835,1,1,3
e9928c94ce1385ec72028336417f19f30ac38ac0,0.6550334,1,1,3
d4021487539b0f7758ec644f2e0d83df95c66bba,0.12127758,0,0,3
ac62c1c29f319a97a2552c39f32c8e6acd70c9e1,0.12343205,0,0,3
dc08bb8ea6cdf01188f6699559e779e6cc296287,0.75171036,1,0,3
82b8ecc3275d7c3578a6531ac3f1da3ffada9dcc,0.2076734,0,0,3
36ce032b612fc0a1156d28bca7327e06337c8815,0.5409604,1,0,3
2f22533ef41533e2b839a6b41b262dca59e6dbf9,0.5658795,1,0,3
39a3cd0f4210dbec1ae8ef39a87d34b76eac91a3,0.094599076,0,0,3
1f470253c46471033048383c027192e757480492,0.37666246,0,0,3
9c40a7bb3c9aca51d17490960c988dfb7b5acebb,0.39899993,0,0,3
7f8e952abc4d2fc4b96c97a51aa25fcf6ed8af02,0.40200254,0,0,3
bd0b5af025fab9cad8f94260138741c252f45fc8,0.5976906,1,0,3
e036d60d8a210d5ac28b2e5c51a45ceb82b58f09,0.35131168,0,0,3
626014eaf093fc2e3b53f5ad00c425bc209e1428,0.59686,1,0,3
5c85b8dda5f3047732a17b818256b9289274d071,0.06702879,0,0,3
ea402becca436dc1a8e47ac9385a3db475b49355,0.13645646,0,0,3
255f10834a67cf13518316de0e2c8a345677ebbf,0.57676065,1,0,3
044de16c14076019f87763b7b58c45664ee57c11,0.39303848,0,0,3
e54ca615f213f5db6d34d9163c97eec98920d7a7,0.6384182,1,0,3
07a42d3ffd034e467e49b5c449d4f5f81c471cc5,0.35556293,0,0,3
e6da0f682436e1387ad68e86edf7418c0f7cb368,0.1554254,0,0,3
59ec4f018963eb55e32fafc2b924826c39c09682,0.6737762,1,0,3
ece4b70cce24b89483236b4cff079c10597d680a,0.44615594,0,0,3
09d28fe7995db1a4da2c651d362007d2082c663c,0.46002448,0,0,3
98c27699cbcf65c3d9d655ecbcd67adcd8b45b05,0.3321743,0,0,3
71cff7c5940b7101ff098601850d46b7a4698180,0.050148387,0,0,3
89e0607cf6470dda1a6a47b46abf37468df4e50f,0.28116912,0,0,3
6fb60857be1fed21bdacc4ce830bbf99103b6fdd,0.083362944,0,0,3
3634821fa515365618209f0452443728e7290fca,0.29780936,0,0,3
2fd62ee4d524c270764e9b91dca72e5cf1a005b7,0.23017026,0,0,3
a703ee75c40e0207f6831c4d48e1c7e62f160305,0.041564677,0,0,3
fd7cfed070c2aab60521afb7dcc633a0b7abea80,0.5113031,1,0,3
1de41ef4baeee1c95e245837299f8be265294445,0.61107606,1,0,3
9491d7a61681f7acc7103a6d1d45efe96f7981d2,0.55361146,1,0,3
2d3203b10cc8edf71a6e3e0822f0d742c9516aa3,0.4315378,0,0,3
d55a572e5867832f6d5755fcd46101da51a38aa4,0.47103545,0,0,3
170cfa758547b4d9be50058ad93cf60ce0da5564,0.54237384,1,0,3
3783ca4476fec8186c867e4e57084e649c318c6b,0.3091908,0,0,3
4d996d1bac1bb1886cd9c473ba00e53e3c19cf3e,0.48347008,0,0,3
445cb9dc2f07553f8e1e5f7c1150f00fbb05c63f,0.5799796,1,0,3
ad80bfe559e7380fedd7998daea5f27393ab643b,0.2848192,0,0,3
3d2d4fd1588c8eb3f67f34d75b66967d0c7b06b6,0.06449851,0,0,3
d54fad867da7f762ac4c0d947adffdc1f8f356f1,0.34169823,0,0,3
12bbaf3550d56bc945b50f538b5f18af93bd316a,0.038016185,0,0,3
150c578edb161bdb2e8c039f0914984f570ef8f0,0.44750595,0,1,3
af977adc43a071a09652fea4ce3deba2d5b8d171,0.6414078,1,1,3
e021734b62ea5ac273e516b4ac83727cbb99ec08,0.6269773,1,1,3
b635beb6efc07a97c143775c78a32d42b3b73c8e,0.50472593,1,1,3
3fd2492fcce073f0c36e4d7e23e34881557e6e5e,0.42855301,0,1,3
a918c493296c88da94b36600213c7c188f2589b4,0.26071495,0,0,3
9181e1d536bafedcb3587ca30e5b6e2d66f06bf0,0.496793,0,0,3
cc8bdf1d13639d12d02170d40cc4890180bbabc5,0.5599685,1,0,3
33ee5497490cbc97f3eabe9ef7a6391e4dbee8bc,0.32322088,0,0,3
dc61e510126aaa1a95a46fe39bf1529f394147e9,0.13414213,0,0,3
d320a457a9de67be25a03f79e1695d549a0145f3,0.54983485,1,0,3
94ae6c84d22ed33e158b3cc822ca4a0484c829c9,0.4348813,0,0,3
e9e36cdc44a68662885e35773187cca00d20239e,0.37706658,0,0,3
7d4041d827aed7d9f3eb14310b824a2faa96b8b4,0.15766187,0,0,3
6f5f99440e7117ee3bb6407e06745fff14bb2a4d,0.2507216,0,0,3
3eb4be60cf00c20e46b75fb72366dd0649700c2f,0.50966895,1,0,3
edbd9842cfca892b10c2e9c8da0384fe005cd67a,0.42235267,0,0,3
bc8e23808b9d8d0c9b67270ef35d04ebd9d89cc8,0.07090513,0,0,3
635e41ea181c5fee8860a7044c84ae3557b51189,0.5331426,1,0,3
c4ddbe6456c9631c301171098a8ac016eb4e582c,0.36028746,0,1,3
63f1d6b83bc10a2880f5ec17a172fab284d2eff5,0.6735377,1,1,3
10e18ae9b47dfe04573884739823d64825105694,0.69053316,1,1,3
d3252a5ca5571e0a97e9a31966ec6b847a3a8574,0.105345055,0,0,3
86c76dd5ea04d1881a52d79113d6dbb1d57c38a6,0.11403986,0,0,3
73a8fba6fb23af45ee77f52f33bb8d791a9caa05,0.7116518,1,0,3
e8db7237a9c347d2225fce9b49ff92bb741adffa,0.060409416,0,0,3
7af67bdd16a4f103bbe6334c5a865436c900adfe,0.7603472,1,0,3
71d7c3264239c55b6e2daf89c44c5685085f26dd,0.3840257,0,0,3
958029bdd45c3e341eb146031ed38b4487d7b0b7,0.3015655,0,0,3
5556026ed1dc17e70946a4a030842ade3a33baeb,0.4248418,0,0,3
3c92830ec51fb6b6e9a7ca2fb8fda324cd33e48a,0.528349,1,0,3
0fe9685c8a78ba2d780a3ec1e1a323990dc6d218,0.33426356,0,0,3
bd7788b384a87024ddd6bbe6a9bd9a167cf2ec12,0.5616439,1,0,3
dfecbe970917754511a081f8b86efac211e624f6,0.11848716,0,0,3
ef51b068aef14fa347710497cfb67aa9c6e65c0d,0.13497521,0,0,3
173c162a45b4be6fcbf7a30c44d1953062a25086,0.6014085,1,0,3
c4c03a33c8b8b94eaf75d368473bdd10a21cd0df,0.5663037,1,0,3
2fefdc7dc3c9afbbe534ff69db5a754be0716b11,0.076875925,0,0,3
f525bc3ccd9cfb69603bd9778998263a458415d0,0.6096984,1,0,3
9072a7615a54d5e753cf088326d9e14f1a5a6751,0.089025475,0,0,3
11491d355da8a851d6badb6348b10d8c4acc9d8e,0.07232185,0,0,3
2bc2ffde1f4752e7a8c7ea0a51c559faae194786,0.6793947,1,0,3
35f1cc00274122c0274b522d0b544a06faaba931,0.7999889,1,0,3
98817e88f04cc6757c42ae52d653b63cb85af486,0.7825325,1,0,3
83775c432382b9c0367362491d0dc515bf0e131c,0.26466402,0,0,3
a498b87dbcaa0a61c6088d7156258a3cb06638cb,0.6591884,1,0,3
34558845e3777afdc1bf90ebbcb2017ca17aea86,0.5003584,1,0,3
59985b43f0868d9a4a588d9ca1debd03108f8cd9,0.7557743,1,0,3
8ea1aa1e7cc427c28a89878fd2dfcb110c992b20,0.586871,1,0,3
d4c7f63054e584b69024664bc2f221faf9863519,0.5054715,1,0,3
20c733229df741e57b8ac205788ece2d563b2f3d,0.7208225,1,0,3
3051264e1bc1d41a29c9dae7935c090568f64af4,0.62736475,1,1,3
db0f2304bd7c3ced65cbdfe9e17e80fe0774c13c,0.545523,1,1,3
2f67045b9647de10ea5d01d8d1e98ac7de3e1cfb,0.834505,1,1,3
7ef106b23772995e4307f84afd1bee4e2337ce0c,0.6898509,1,1,3
71f6746f81bb9650f6f228ea204d85ba2c5b7392,0.81276304,1,1,3
2ed96f00f724c3331d6b56b6b5650b9632f43954,0.26979735,0,0,3
3720683699bb830a4aae6fb66a78ce7079ad2c56,0.47090328,0,0,3
df37e605fe4b027406bd9dd85b320526ab12a122,0.1579544,0,0,3
4ad74f449258781e9df189413423ffd6ad95c526,0.14760767,0,0,3
d81ea83a0eb1761bb4e90a91f3b70f23f88a7d2a,0.5868331,1,0,3
e2c0ea4374c02539ad9bc6c4328b74f25eb72405,0.10523977,0,0,3
cf42ae522e12e9b412e1a1f008ea73cfd86a5979,0.08635216,0,0,3
fb7335ab163588fe6ee67ef26d3b3edad5cf4bd5,0.07609006,0,0,3
e580d35e1a07431109a5835411142bd1c1c2b3b7,0.60520566,1,0,3
ea60fbe0633082a131bbb18de94fa60a04eddcc4,0.13157484,0,0,3
90e31fd93fdcaedadcd4b030fbc20f7375672def,0.47727302,0,0,3
52adf52e4669b54399fa50f2624826c06a19cb7e,0.49974656,0,0,3
71e515ab6d2007d34d96df5604f74c6fba92c0d7,0.7165871,1,0,3
6d23e85570fe1139cf5ef3bc9b4e57ea73680b6e,0.11870375,0,0,3
cb83f7cb31e50f265e098c5380b3f0051e257f46,0.13275513,0,0,3
2584b4a0ef536e59bf28ba140844597a093d848d,0.46606869,0,0,3
cac520971206093d32bf17925f880bd06d93f736,0.087316126,0,0,3
6a99050166c945a226d5f8275ce4a9dca3518285,0.76619416,1,0,3
6dbb48c8e685f65f45ad5df9f7684bed910036c8,0.7289614,1,0,3
260e0e0cd21af7b03ab0dae33b4978233db67773,0.7128179,1,0,3
b5749b4f54b30c0c2050e456c12cfcf516434f13,0.06286204,0,0,3
07ec8ad2dd862c8669b2557b995ec5180663d73f,0.42096147,0,0,3
28656559d2fc67193a84d5cbc48d378b2016f74a,0.09207597,0,0,3
0add1e8975336c65513b26123d48b221e2515ddc,0.6958011,1,0,3
8e7ea70a33ecb8db5207849ea6371b4a5a8ffd26,0.8009418,1,0,3
6f653f6bb82757963a87d725808c080109e7e3e8,0.70147556,1,0,3
1974c83561d09cf73a575f992fbd8416e3354d20,0.53923935,1,0,3
37c20df721522b175bc9df3f06a361297010df5e,0.58049226,1,0,3
061450a927ba1cc65f7b984f4ff41866ec2eceac,0.41677478,0,0,3
60b32953a968e5623f82a6b27d6c679bc17c48e5,0.21845502,0,0,3
f175a241c811d2d0843026b2dde5c3ae308cfb95,0.669967,1,0,3
ea1a69d638d97d5ffc451b32d240479357e02b0a,0.38261342,0,0,3
cae70c10b4451ee3b919764f72dc4a4caf0f6f27,0.38987747,0,0,3
c0c7112dcdeb75b521d55cd47d0c61be66b0499e,0.0762957,0,0,3
8d0214a7417addf790713440f10855dc279876fa,0.60465425,1,0,3
e2ec4f2fdb2bb8d97f64a33e9ac288d52854a530,0.27257514,0,0,3
fc73151cfca36ea2641f340700dbe339b9e1f103,0.51778615,1,0,3
dfc9888860bf192cedde21e5e843bc3caad4b74b,0.12614267,0,0,3
5f9e0851da9e74c12e04f5a62cb7aeb1a8ab7589,0.044455137,0,0,3
7d5a61ed64315bd6570c5cb55c1f53853a3fffa5,0.18134013,0,0,3
82152f41ac8a727c2f0042bd555452dc2dda11b1,0.07453847,0,0,3
6e710a1f78a4a733020a4b2d1f07b6fe4c6684f0,0.86272913,1,1,1
951b253fc38c09114d0fe273a3758a15c151a8b4,0.8561661,1,1,1
f3539c7eb312b127122084279002d3fd238c9a17,0.76486045,1,1,1
7aa5ba380ef6aea0f2f594873b4c7378adab0f18,0.5089111,1,1,1
def1380280b9be6d166d3938ea4b0254e9b55dc9,0.8039008,1,1,1
cc06ae9bf7a1fb6cee46c40d2a6388ac05d3f5d1,0.75260174,1,1,1
7972f1ac1b85a5174c9f293ad98abc87edfe42e6,0.17116459,0,1,1
bd1c4ff86fa21358949e925274f5b8146f5d02cd,0.8408034,1,0,1
be2aa80bc371d600ab2230c545051ea6454577f5,0.22892204,0,0,1
68b033741b02c3ae54d649e858790732bc5c2d27,0.6917237,1,0,1
4f5d25205a9cec988de300a452d641a155406b79,0.32102,0,0,1
d1e97bc85338c563f4f732bcf917a08b3cbf4792,0.6668202,1,0,1
d40c01673e866c3c3b5b51bce66e9518924cc31c,0.10851053,0,0,1
5f7d5690a97b2ad95bbe381695638f0c7ca2c4ff,0.08933361,0,0,1
8d340a008767c5d954b7539e825b4c90eb15ab9b,0.6600088,1,0,1
84e490b66f61e11366b62efc42e64b60ae7db35b,0.1172271,0,0,1
fc939bf6838f4bf986e0b42fddee3df6712371a5,0.4812253,0,0,1
5c798eb50aec6040f415b6def1912d4345f8310d,0.58855194,1,0,1
d1758567765117cd395ea47319d3acde7fc663b1,0.6023963,1,0,1
517b8beb06f63301629f0ec3f58f6b667061d3fd,0.5884849,1,0,1
5c715cd84d600c0df0215846efaece2ab4673546,0.74820286,1,0,1
dff4cea14174548f52d6fcc66c9bfd7a339b7336,0.13645577,0,0,1
02ae34d1d3f3c9f9c25160cb14c119958f25af13,0.7892915,1,0,1
8e0e1c32ff1ed1da4f09fc9917812e6457e6fef7,0.6827409,1,0,1
18c5b2536c114c86b810bb3ee94474fec596a462,0.51367825,1,0,1
c6e4d8c9f534d3e70e79bf718e40724d56186109,0.09833623,0,0,1
5b5ecff53b50a67179f6245bf60047c59f027e26,0.22203071,0,0,1
46dcd98ceb70720f96d4cfa23b001ff108bdaebe,0.74472123,1,0,1
dcbfc80c4a14b91194fc8b74760b079cc0a4ce42,0.6573797,1,0,1
23492711d234f2fa647bac46997e361bcf985423,0.7948344,1,0,1
f10279a29d47d389a31da907695673a992555adc,0.09179643,0,0,1
8d5925b52b48b4c69934ea5c48aa298a2ec74e84,0.129963,0,0,1
a30aafa016409048747fe9730d6f7892eb12d7c5,0.68531203,1,0,1
a3611513fc4de7234ef49ae46d646b0795ac7110,0.17793584,0,0,1
d0eb1d1dd1d9aed27c433d78a76962340fcbfc1d,0.20474753,0,0,1
1ae9dfaf45e0a51ee7d604551f7e1932d1787975,0.77412033,1,0,1
1c2d56e8a91b0f64317a9e02cfd4b45b03d3019d,0.7699473,1,1,1
2cd92aa6e3f44df6b0552a28b83022a7f92f8946,0.6542264,1,1,1
79ad715f02e02af76da0c6e47c164a80768a01ab,0.82786196,1,1,1
e5b948a1687270192753993c998d61c7a91faf49,0.6310069,1,1,1
b81a48d78dd9be1c3eae57cece4c88df92c30247,0.6258301,1,1,1
0b873b95a840f8cfdb51f4ceea3b524d46d20715,0.31765848,0,1,1
e350a38760c93e373562d6a3e906df5904250146,0.78991485,1,1,1
660431cf4f7e2bda887a0e35ad3a76bdccc14110,0.10639733,0,0,1
f65e9aa63f8f266023a986507834585a9580c555,0.34260836,0,0,1
535cbcd9f20b29b3c5a5d69f654cde57969b3788,0.35399184,0,0,1
2d650f890ff1409f2944bc56cdc4b518b35e06f5,0.0750321,0,0,1
1c4f7bde1c8f7d8c0e09484daa626fa4f40e38e6,0.65260714,1,0,1
b9a22fb6f6f460287993d3cf087ae5ff036a6c21,0.09578114,0,0,1
14d6a09601b68f60e6b18142b597a6890e5d581b,0.09157831,0,0,1
54fdc54dd24c9ece2bfc32ca12e88545ec923a96,0.3954212,0,0,1
0ff7c091143e8326eb88dabce078ca76778a587b,0.6688597,1,0,1
32ed6601f216dd1300876719cce837bfa9824e26,0.108232185,0,0,1
7df11e15457e8d8bf4e5730d20ec2412c429e091,0.12886429,0,0,1
15f7f84678a24533e42f2fde230c5f68d1b33035,0.074157625,0,0,1
2499f70cabfc8d17f2c6de124a81fc0940a70fa9,0.65860915,1,0,1
6526a5e83c1fb9644da34e44fdc5a3bb8a357c84,0.7408845,1,1,1
5904d90ade8663f5552b51036740352a9b796892,0.078455694,0,0,1
fdb75911387f77912c37dcee0af4a2f2e0977f3c,0.49018005,0,0,1
538a97b115ba4ea44c57898ac7c4fbb77fe0e9b7,0.06945753,0,0,1
fa0478f4f6fb724233dc3e00a9f8dc557ce7cdbf,0.06826113,0,0,1
ec81d7ca5100fd97fe8428db02a2cdde967ac87d,0.4339301,0,0,1
81c40b9820625d3f529b116baf6b4a3d45dd2f75,0.61115634,1,0,1
2b085ae34295d5ae1d7eaea5a55a2df220bf1bed,0.19240856,0,0,1
d6a354e203e4901d3eb6a36b3aba620fdb222da7,0.09006806,0,0,1
37787b96ab21fc226ff267aa26ae58a58b2d20f8,0.41366214,0,0,1
f2f704eabee027175b0c1eaf934c08e7721a9b24,0.083698004,0,0,1
e1fc87d2d57c2d7ee941e651f33b582fb000dd73,0.32525098,0,0,1
fa8f024d082998c7ae48b21f3eb6f8f2ca56a719,0.5009478,1,0,1
6bce493e47fdac9e64a9ae1cb3c358f31975a43a,0.44318596,0,0,1
9daac904cbc627e4a43e72f72159c552b25caf74,0.6835344,1,0,1
658d5a97c708a926b0425585f9437a0c1fc2b81c,0.5682339,1,0,1
db695fe90b181948f271e4970ec83d4de9348577,0.6716685,1,0,1
9c06ff87decab7357d44d8766f6a277ff887d921,0.28753468,0,0,1
198d448ceab2bc061d18a1a689056bd2b96b76c5,0.12997459,0,0,1
46b15af8c5fbfb026be350ae16eca89fcdc87aac,0.0923384,0,0,1
b7e86cdd772cc47a031d187b79d075af8155c2e0,0.06910642,0,0,1
198e589e62f687a91d4c27057ebad918e9f9bf3f,0.083288625,0,0,1
fa510146c09a498e25e590ef5cc558074337fc4f,0.85020864,1,1,1
badca06dd1c70207215c7186a31955901b637661,0.36319065,0,1,1
91ac1574aae31a29baf883d2cf45e4e1f5aa9bbf,0.5899998,1,1,1
82ca28e2ec8fe9771f01b5aab3386311ecab80df,0.67540956,1,1,1
9f8120beb6b351608652002e057f97f8f6c0dfc3,0.69429934,1,1,1
c66b23747627a2b432e0068561d457cab9f97ead,0.63392586,1,1,1
a6a5e3033d424468cbd3a6af051aabf3b5bd4d00,0.5620043,1,1,1
2902a9a3c07e881dd7aeae0a55189facfab1966c,0.711209,1,1,1
fe487b3336f8279d8b74eff05c5ebfe6e01281f0,0.7498787,1,1,1
3076802a78f14eb1b4f23831d5a1ccec79b26554,0.7757911,1,1,1
5063d256221e7fe8a8c433401bea988d7ccb0a35,0.759006,1,1,1
a6b9ca3f71d44dbe2562e13d63e4b30fcaccdf50,0.43826386,0,0,1
81fec3193ad12a0f78eb021c4a1548484595860b,0.4794361,0,0,1
902a680951f318488a4bbe0184a3a223c5709b01,0.13096063,0,0,1
b84f786db6d85cbf9973adfccdf135cb71824b87,0.56860816,1,0,1
a2b5c7a9aa0b5f617502bf6003d43913d507a11f,0.64630455,1,1,1
571725cb7bcf091b5457f1e2a857aa51e8a70f7e,0.73423445,1,1,1
10118c9c1b00d31868d6ab43e8171e3c16efdcfc,0.2991029,0,0,1
ee94e6d82370b6b6086cae2693dc2fe31388fb64,0.54991215,1,0,1
dc58a824466ed492fc6d5ab11960eb86584eff26,0.08067536,0,0,1
56c04300e8f05bdaccc2ec60fc751c09d86b7b68,0.13030167,0,0,1
03542311e2a461f0324ec700e98e78b5540bcff8,0.09084145,0,0,1
4746531428aaf9e3ae7d505b5a203350d138ea41,0.06731859,0,0,1
05b14fd01e43ab8a385bcfb53102a270ef2d9375,0.083699815,0,0,1
77868bf772a03d61701bc0d32dfafea63a0382c2,0.06036014,0,0,1
83fcd3e1e220b9f3aacc63aeb4da0a898684dd0b,0.055718582,0,0,1
dcde20001063fc25f622e4b1c7775f735a7255f0,0.07526628,0,0,1
82bd5be8735c01a767fc3ebc3eb92369ac68302d,0.06517836,0,0,1
e1188f368087ba4bcfada44d645e4f8661d7f9b2,0.12686932,0,0,1
2c03505da053d07cd3f729692738912bdfc2a5b7,0.21789744,0,0,1
3fd058c02a1f8881110409be33ad56d3af6386f6,0.71120304,1,0,1
bb3ddfe426cf4ff5390f742d35bdba02a4ce7624,0.6910731,1,1,1
09b1a632c17b34650d2bcf748be14690c9882e52,0.57883453,1,0,1
539e1ee1d68c27defd0aaad09a1a0b68e059de96,0.7591138,1,0,1
da69323b29fe8e373364b9399bc67523dcf2af62,0.089509346,0,0,1
c1ad21bf966d01dc5cceca82f102c0f7843d5617,0.4867172,0,0,1
efa756288e712849c78c4230df05c2d1abeba91e,0.08358979,0,0,1
2f757454dc41f4d130234aea68b348da4f12a0fa,0.3905903,0,0,1
24b5e00be753889e4907473ce57271acb290cb67,0.37678626,0,0,1
7f293a06a0b7ec9b554d51f150991efa9b7dd54e,0.062026992,0,0,1
95a524ea06e546330ec3d95b9c139b7edc599b86,0.6824733,1,0,1
314dfa80d4e815ba3c689cd3ad0d508209665bf6,0.087676086,0,0,1
c07d659cf8f7b16452472da6052a1de326bcb6a4,0.36397636,0,0,1
545536e34f180edd32fbb21b0a5613e6407f0980,0.21574451,0,0,1
225afb8bad88c9bbb70b24d9ac3c28fb21f39465,0.3644999,0,0,1
041e9565ab8b187ad0b88780a5fc0a5ea24f29a1,0.26561663,0,0,1
c4828bfd09ea8c579fa8840cd77733c64b8ebb39,0.16669717,0,0,1
dcaacf4cae54fe199055830f097d4ed504b3238c,0.070911594,0,0,1
6f22f4b49c2a3a59840d28e6cbe0c37a56ab1f90,0.2113565,0,0,1
41fefde64401d2173ff019a896c4dd72b4fa5636,0.3134336,0,0,1
080e96a6cdea2f5fe8727b8249044b89bc54395d,0.5170469,1,0,1
497147e3e6ba0a50c32817e14985ca5bf1041f9d,0.59114486,1,0,1
40708bdf04dae6aa49bf8f3617f2efc16c83c5f8,0.33779225,0,0,1
84ad767a87c69a265e9105c51efdd87ee57b8635,0.45501158,0,0,1
f0e8d41fc8cc746ba9b66b72646db6bd8b25c6fc,0.72335637,1,0,1
df5930892d9c6eda392b96bdae2e7afd342f7866,0.7662213,1,1,1
0cdcb1fd8df9e9185cd3abb128d927d25d7de8b5,0.6686496,1,1,1
cf15c51722dd4b406876dce1ccd52eea787d84b7,0.58214194,1,1,1
b691f81b482175665b45cabc056e58ab0df03ff8,0.58805996,1,1,1
fc8ef4d22c95b13b907ed14b19cea8ff5fd1e653,0.4550582,0,0,1
8054f746bbd6191f5a297cf6f7f26f9fefaba307,0.7674746,1,0,1
fa21d6f7e70f057c42d4af9c40ed47d3d841e5b6,0.48353115,0,0,1
bac647543497f0aa2a9f92fe726e1eb18631b4cc,0.47679514,0,0,1
cc6ace18900eb92606b6a312cb1ac5c4ab5f435e,0.7768168,1,1,1
c947676916c99f2feb5e183aef9629a1b21d863f,0.6798106,1,0,1
1f3dd9ff8a4f8302eb4c0bf4072d2bb7d8aeddd9,0.21045959,0,0,1
ca7f64f016d8354aecd38ef73405e1b3267ca791,0.7741372,1,1,1
06005610265c342b52051b997a43ad6e963c5a0f,0.60493594,1,1,1
4a8068579ea5bf1e637f8bed09a203508abde315,0.7651733,1,1,1
30c217ec400b9175e9490807748ec3e48fe2ba22,0.7889309,1,1,1
d80acb29c04a8e92a3ddbc539b0be8a521098870,0.71317035,1,1,1
e43138b0b5f0912cb358c0e73eb6247b273eba75,0.6073966,1,1,1
1b84f2ee7a41e8ab12faa73130187763ee5858ea,0.10912995,0,0,1
4b5ef21ed6104befc80e1dd501f964e7ca6f1ce6,0.08864163,0,0,1
c6c1971ca1fb5054a0847b0884488165606bd703,0.4456956,0,0,1
68e0a9c71443738b1842e99925d37bf545f5a151,0.7572769,1,1,1
7ebc8107a22038c06c0b0ff095f9f73d854e1422,0.464425,0,0,1
9003b5b5aa4465e84c934819f45c1ab4365dc51c,0.18902592,0,0,1
4b8647bf6ce2b478e6bc90d0158ce81939a14378,0.09367679,0,0,1
2d1614a2077eab0b981d4a0c4c6e10a7ecda71cf,0.114774875,0,0,1
3631295c437c5b8915afc7b2b259496eb2d5d782,0.12270815,0,0,1
b12610d35e7798c66fc1d9b0811d10aadb87569d,0.08651727,0,0,1
f3a785108f853e327001dcd435e92525d7fba96c,0.31413355,0,0,1
881a4ee8db1e1826b749579d2284ace982c953ca,0.078249626,0,0,1
e91d0f0510ee8d69c76ee89b4e57341418866c6b,0.091316044,0,0,1
8f7c59ce888a687a6c9089caf0c5469984a073b4,0.6246808,1,0,1
3c644cf87ec8c0e6313b3a10b6cfd66279b8093f,0.8165955,1,1,1
fb7e1e265dd9e560b3a3127a6593b6602f60026c,0.75889474,1,1,1
1c9c43c1d4bb76d7e47cdfc9c6681a38305a95e4,0.81289756,1,1,1
18f181ada7826542725fa4a9460307d606695b5d,0.5468517,1,1,1
bb7e8951cb6ef08ca9df5fc036217c3a45c4d33c,0.0562123,0,0,1
e280c8636792c5426e54868d464c9d28287a98fb,0.10579253,0,0,1
54a7796ff234a9cbd2c66f8b1e5621f0898402f1,0.54230833,1,0,1
8e5867eda8328e4cb2e103d098d0c9f3c2fab50e,0.45946527,0,0,1
e42da5d9d21438c220768464b6a1f5b36bad92a5,0.06762474,0,0,1
c823ac5673e9da094a3b24b99987a533c548dac4,0.06808886,0,0,1
7573e9eec065ac1ccc2134aa751a191da3ca3dff,0.3920879,0,0,1
1cdc902f3d7cf877b4db7a31f19eb1dfd2fade3e,0.7030418,1,0,1
e9ea52189a92f7e2ab051e4d75c4e0c872034b18,0.50374633,1,0,1
ab0a2f761f4529daa0a1e7128ffb8ae417a0104d,0.7045916,1,0,1
7ebbaea90e8002f5542e22bbe92075ffb5383d2a,0.7292878,1,0,1
721730b00b1dc2ea616a3e7958e4ad15134de975,0.23846821,0,0,1
05aae985d9d0e26cf278cdd6f69672ebe3f8ed92,0.43764555,0,0,1
f7222ca6c3b6c1018a52fd649029394e6608f1db,0.4670711,0,0,1
b285f17023da248bdcb3093283e4b9e930bdd09c,0.22036129,0,0,1
af858a6ca224946195b1923a780678b20cb99603,0.33173183,0,0,1
fa027a4685bacd9e32b3bc7d875717b4457f6829,0.7658479,1,1,1
edf56632b8a5413f5e0adfe2d1b65e595b88a1d0,0.8201898,1,1,1
58693fbcb3236a9adb0f47088d88ee3ef7178cb4,0.8613049,1,1,1
91291520cfd5f6c2c91fc242018860c5d1d277e4,0.7694722,1,1,1
7bbba6995a12412cd7cbe1ca693057c5299ab4cb,0.80906814,1,1,1
ea030e732e3556a2a4fa51bcaabc080927ddfa48,0.75470895,1,1,1
310008f48c0a830138d35b3024106560d55b6bd2,0.77736056,1,1,1
ca22dac3f852c7290f60c3c3a5d66fbecfba91f4,0.24644983,0,0,1
bcba29320f5f6f860335266d6be8249418ceaedb,0.19139731,0,0,1
9dc30fddc109504fc80fb62e33554d54cca47faf,0.34726316,0,0,1
764f56955d499fae11db1aed6e7f0d2d0886e6f9,0.15601392,0,0,1
2933e5773b1d64a9348024b2a6e8dc6dc90e6590,0.7630361,1,0,1
0fa8bcc008b6a011d6fe41e64ea4379d0b57f20b,0.44793653,0,0,1
7897aa6a83a5e63da487e72c2735fb042259f6e4,0.12530667,0,0,1
3b501993588d27d91ad526a436e3a10ecc8d6e8b,0.482994,0,0,1
b353d07bcca9fb62ac387d69d3e99004e27f14c0,0.42802384,0,0,1
6b43922648fe2dfcb4cb1aaaf5d795f00a6aa174,0.25958008,0,0,1
b268dfbb824ef307862e489aef7e71bba4cdcac5,0.77523834,1,0,1
b957ee1646d893fd946a8b9a53c779957ae7a240,0.13883613,0,0,1
996c0c164a083c3dc2fbf2768750e3b3a81d77e0,0.6705847,1,0,1
12ddf37f23cd77903729b3e611ffae10e96ded47,0.07567451,0,0,1
7e6304ce63da6c6341cb072abfd08caf0456328e,0.4636788,0,0,1
b9b73fbef5c0f18aaef22ef60442518d7f23ec83,0.44652632,0,0,1
675d4c8fc848ec5438e48deb2e8218b6f0078814,0.8289654,1,1,1
dc666f419e691e6a04342bdd9cf2e899455a8738,0.74133813,1,1,1
9bab875f03ffea0aacd1d92fbbecc96d491c1201,0.72485435,1,0,1
8d3d915dbd0ccf716f0d15b6b2396cff214d9cd3,0.8125686,1,0,1
326beb22c6aa872cbc0ad3706cfbe706bf9eab41,0.15483882,0,0,1
ad882055edb50369bd174ae56a372838aa89cdae,0.7490016,1,0,1
a7363a2ae67b585790896de45f57154474480fc9,0.6709936,1,1,1
2bc9e7ea86a8cc1c3b2436c46115c87080228004,0.72625214,1,1,1
76f154179b8dc6940355d7fe7db468314ca39e84,0.6255071,1,0,1
4080feff61e8dc1cd4af2361990c33c9f1014147,0.28400072,0,0,1
97accb47de63ee5063eda23641c6017e29ab81d7,0.5112834,1,0,1
cde43197f980538e411d851735ac7a63ddd613e1,0.6360738,1,0,1
0dec6e76fb544fa3e8bf5fd17f16314735971dd7,0.5242061,1,0,1
f820d06fc0d1204b0cb386214ffeb42ccec669ec,0.659268,1,0,1
566c4d59a177be4b65d17540576eeb34d28d24ce,0.5372385,1,0,1
a516976947341e0e18bcc0858d85d34cd0c02cdb,0.088672414,0,0,1
7200c43dea3dbfbd9d38b937c44b6e71744b05c5,0.7453967,1,0,1
596ccd59a11ad5e9fda19ccd0f4fc714d8d3394d,0.4488879,0,0,1
301ad592142079d36f4d33f5309c103c7f4f5dfb,0.6272927,1,0,1
