commit_hash,prob,prediction_label,true_label,cluster
6e710a1f78a4a733020a4b2d1f07b6fe4c6684f0,0.47353327,0,1,0
951b253fc38c09114d0fe273a3758a15c151a8b4,0.6505667,1,1,0
f3539c7eb312b127122084279002d3fd238c9a17,0.339623,0,1,0
7aa5ba380ef6aea0f2f594873b4c7378adab0f18,0.59735274,1,1,0
def1380280b9be6d166d3938ea4b0254e9b55dc9,0.60329837,1,1,0
cc06ae9bf7a1fb6cee46c40d2a6388ac05d3f5d1,0.46113428,0,1,0
7972f1ac1b85a5174c9f293ad98abc87edfe42e6,0.39816013,0,1,0
bd1c4ff86fa21358949e925274f5b8146f5d02cd,0.3894129,0,1,0
be2aa80bc371d600ab2230c545051ea6454577f5,0.5528113,1,1,0
68b033741b02c3ae54d649e858790732bc5c2d27,0.33176288,0,1,0
4f5d25205a9cec988de300a452d641a155406b79,0.3841166,0,1,0
d1e97bc85338c563f4f732bcf917a08b3cbf4792,0.57231605,1,1,0
d40c01673e866c3c3b5b51bce66e9518924cc31c,0.44237927,0,1,0
5f7d5690a97b2ad95bbe381695638f0c7ca2c4ff,0.30386895,0,1,0
8d340a008767c5d954b7539e825b4c90eb15ab9b,0.5821818,1,1,0
84e490b66f61e11366b62efc42e64b60ae7db35b,0.481352,0,1,0
fc939bf6838f4bf986e0b42fddee3df6712371a5,0.25039446,0,1,0
5c798eb50aec6040f415b6def1912d4345f8310d,0.29523417,0,1,0
d1758567765117cd395ea47319d3acde7fc663b1,0.5431206,1,1,0
517b8beb06f63301629f0ec3f58f6b667061d3fd,0.5927577,1,1,0
5c715cd84d600c0df0215846efaece2ab4673546,0.37127855,0,1,0
dff4cea14174548f52d6fcc66c9bfd7a339b7336,0.48941007,0,1,0
02ae34d1d3f3c9f9c25160cb14c119958f25af13,0.25647485,0,1,0
8e0e1c32ff1ed1da4f09fc9917812e6457e6fef7,0.58465093,1,1,0
18c5b2536c114c86b810bb3ee94474fec596a462,0.27714595,0,0,0
c6e4d8c9f534d3e70e79bf718e40724d56186109,0.5442315,1,0,0
5b5ecff53b50a67179f6245bf60047c59f027e26,0.33616883,0,0,0
46dcd98ceb70720f96d4cfa23b001ff108bdaebe,0.31362742,0,0,0
dcbfc80c4a14b91194fc8b74760b079cc0a4ce42,0.28418612,0,0,0
23492711d234f2fa647bac46997e361bcf985423,0.5040475,1,0,0
f10279a29d47d389a31da907695673a992555adc,0.6342238,1,0,0
8d5925b52b48b4c69934ea5c48aa298a2ec74e84,0.29094458,0,0,0
a30aafa016409048747fe9730d6f7892eb12d7c5,0.42035094,0,0,0
a3611513fc4de7234ef49ae46d646b0795ac7110,0.2221699,0,0,0
d0eb1d1dd1d9aed27c433d78a76962340fcbfc1d,0.3635691,0,0,0
1ae9dfaf45e0a51ee7d604551f7e1932d1787975,0.2758882,0,0,0
1c2d56e8a91b0f64317a9e02cfd4b45b03d3019d,0.22214295,0,0,0
2cd92aa6e3f44df6b0552a28b83022a7f92f8946,0.3574438,0,0,0
79ad715f02e02af76da0c6e47c164a80768a01ab,0.3081345,0,0,0
e5b948a1687270192753993c998d61c7a91faf49,0.2934116,0,0,0
b81a48d78dd9be1c3eae57cece4c88df92c30247,0.16676137,0,0,0
0b873b95a840f8cfdb51f4ceea3b524d46d20715,0.1921261,0,0,0
e350a38760c93e373562d6a3e906df5904250146,0.6126848,1,0,0
660431cf4f7e2bda887a0e35ad3a76bdccc14110,0.3074634,0,0,0
f65e9aa63f8f266023a986507834585a9580c555,0.05460372,0,0,0
535cbcd9f20b29b3c5a5d69f654cde57969b3788,0.05255552,0,0,0
2d650f890ff1409f2944bc56cdc4b518b35e06f5,0.050416578,0,0,0
1c4f7bde1c8f7d8c0e09484daa626fa4f40e38e6,0.04295324,0,0,0
b9a22fb6f6f460287993d3cf087ae5ff036a6c21,0.30292952,0,0,0
14d6a09601b68f60e6b18142b597a6890e5d581b,0.23535907,0,0,0
54fdc54dd24c9ece2bfc32ca12e88545ec923a96,0.29034862,0,0,0
0ff7c091143e8326eb88dabce078ca76778a587b,0.31963763,0,0,0
32ed6601f216dd1300876719cce837bfa9824e26,0.2882697,0,0,0
7df11e15457e8d8bf4e5730d20ec2412c429e091,0.49372765,0,0,0
15f7f84678a24533e42f2fde230c5f68d1b33035,0.35647446,0,0,0
2499f70cabfc8d17f2c6de124a81fc0940a70fa9,0.39869374,0,0,0
6526a5e83c1fb9644da34e44fdc5a3bb8a357c84,0.42259854,0,0,0
5904d90ade8663f5552b51036740352a9b796892,0.030915096,0,0,0
fdb75911387f77912c37dcee0af4a2f2e0977f3c,0.06402665,0,0,0
538a97b115ba4ea44c57898ac7c4fbb77fe0e9b7,0.41260532,0,0,0
fa0478f4f6fb724233dc3e00a9f8dc557ce7cdbf,0.3946262,0,0,0
ec81d7ca5100fd97fe8428db02a2cdde967ac87d,0.4559559,0,0,0
81c40b9820625d3f529b116baf6b4a3d45dd2f75,0.25247344,0,0,0
2b085ae34295d5ae1d7eaea5a55a2df220bf1bed,0.042193547,0,0,0
d6a354e203e4901d3eb6a36b3aba620fdb222da7,0.05994849,0,0,0
37787b96ab21fc226ff267aa26ae58a58b2d20f8,0.0698071,0,0,0
f2f704eabee027175b0c1eaf934c08e7721a9b24,0.41677323,0,0,0
e1fc87d2d57c2d7ee941e651f33b582fb000dd73,0.0530366,0,0,0
fa8f024d082998c7ae48b21f3eb6f8f2ca56a719,0.08630139,0,0,0
6bce493e47fdac9e64a9ae1cb3c358f31975a43a,0.43166384,0,0,0
9daac904cbc627e4a43e72f72159c552b25caf74,0.2349967,0,0,0
658d5a97c708a926b0425585f9437a0c1fc2b81c,0.40357623,0,0,0
db695fe90b181948f271e4970ec83d4de9348577,0.45723665,0,0,0
9c06ff87decab7357d44d8766f6a277ff887d921,0.37719792,0,0,0
198d448ceab2bc061d18a1a689056bd2b96b76c5,0.024915522,0,0,0
46b15af8c5fbfb026be350ae16eca89fcdc87aac,0.0846137,0,0,0
b7e86cdd772cc47a031d187b79d075af8155c2e0,0.2702557,0,0,0
198e589e62f687a91d4c27057ebad918e9f9bf3f,0.29862642,0,0,0
fa510146c09a498e25e590ef5cc558074337fc4f,0.29761618,0,0,0
badca06dd1c70207215c7186a31955901b637661,0.30422917,0,0,0
91ac1574aae31a29baf883d2cf45e4e1f5aa9bbf,0.40713128,0,0,0
82ca28e2ec8fe9771f01b5aab3386311ecab80df,0.26513588,0,0,0
9f8120beb6b351608652002e057f97f8f6c0dfc3,0.55821455,1,0,0
c66b23747627a2b432e0068561d457cab9f97ead,0.34995994,0,0,0
a6a5e3033d424468cbd3a6af051aabf3b5bd4d00,0.54369843,1,0,0
2902a9a3c07e881dd7aeae0a55189facfab1966c,0.22929232,0,0,0
fe487b3336f8279d8b74eff05c5ebfe6e01281f0,0.30661017,0,0,0
3076802a78f14eb1b4f23831d5a1ccec79b26554,0.27900237,0,0,0
5063d256221e7fe8a8c433401bea988d7ccb0a35,0.46562228,0,0,0
a6b9ca3f71d44dbe2562e13d63e4b30fcaccdf50,0.3452449,0,0,0
81fec3193ad12a0f78eb021c4a1548484595860b,0.4646292,0,0,0
902a680951f318488a4bbe0184a3a223c5709b01,0.43270817,0,0,0
b84f786db6d85cbf9973adfccdf135cb71824b87,0.42506963,0,0,0
a2b5c7a9aa0b5f617502bf6003d43913d507a11f,0.4888309,0,0,0
571725cb7bcf091b5457f1e2a857aa51e8a70f7e,0.051095903,0,0,0
10118c9c1b00d31868d6ab43e8171e3c16efdcfc,0.30474016,0,0,0
ee94e6d82370b6b6086cae2693dc2fe31388fb64,0.4938316,0,0,0
dc58a824466ed492fc6d5ab11960eb86584eff26,0.46808964,0,0,0
56c04300e8f05bdaccc2ec60fc751c09d86b7b68,0.3306664,0,0,0
03542311e2a461f0324ec700e98e78b5540bcff8,0.024995461,0,0,0
4746531428aaf9e3ae7d505b5a203350d138ea41,0.4718765,0,0,0
05b14fd01e43ab8a385bcfb53102a270ef2d9375,0.40499157,0,0,0
77868bf772a03d61701bc0d32dfafea63a0382c2,0.37125745,0,0,0
83fcd3e1e220b9f3aacc63aeb4da0a898684dd0b,0.056444712,0,0,0
dcde20001063fc25f622e4b1c7775f735a7255f0,0.024052136,0,0,0
82bd5be8735c01a767fc3ebc3eb92369ac68302d,0.43957973,0,0,0
e1188f368087ba4bcfada44d645e4f8661d7f9b2,0.45720324,0,0,0
2c03505da053d07cd3f729692738912bdfc2a5b7,0.41895255,0,0,0
3fd058c02a1f8881110409be33ad56d3af6386f6,0.32595256,0,0,0
bb3ddfe426cf4ff5390f742d35bdba02a4ce7624,0.3106575,0,0,0
09b1a632c17b34650d2bcf748be14690c9882e52,0.31588677,0,0,0
539e1ee1d68c27defd0aaad09a1a0b68e059de96,0.12057802,0,0,0
da69323b29fe8e373364b9399bc67523dcf2af62,0.04393937,0,0,0
c1ad21bf966d01dc5cceca82f102c0f7843d5617,0.049173716,0,0,0
efa756288e712849c78c4230df05c2d1abeba91e,0.054226648,0,0,0
2f757454dc41f4d130234aea68b348da4f12a0fa,0.08132691,0,0,0
24b5e00be753889e4907473ce57271acb290cb67,0.2987041,0,0,0
7f293a06a0b7ec9b554d51f150991efa9b7dd54e,0.09100579,0,0,0
95a524ea06e546330ec3d95b9c139b7edc599b86,0.056516383,0,0,0
314dfa80d4e815ba3c689cd3ad0d508209665bf6,0.122220844,0,0,0
c07d659cf8f7b16452472da6052a1de326bcb6a4,0.05216193,0,0,0
545536e34f180edd32fbb21b0a5613e6407f0980,0.05326699,0,0,0
225afb8bad88c9bbb70b24d9ac3c28fb21f39465,0.37645543,0,0,0
041e9565ab8b187ad0b88780a5fc0a5ea24f29a1,0.30528665,0,0,0
c4828bfd09ea8c579fa8840cd77733c64b8ebb39,0.037146743,0,0,0
dcaacf4cae54fe199055830f097d4ed504b3238c,0.024104185,0,0,0
6f22f4b49c2a3a59840d28e6cbe0c37a56ab1f90,0.3090699,0,0,0
41fefde64401d2173ff019a896c4dd72b4fa5636,0.44693467,0,0,0
080e96a6cdea2f5fe8727b8249044b89bc54395d,0.38653046,0,0,0
497147e3e6ba0a50c32817e14985ca5bf1041f9d,0.03835204,0,0,0
40708bdf04dae6aa49bf8f3617f2efc16c83c5f8,0.050394595,0,0,0
84ad767a87c69a265e9105c51efdd87ee57b8635,0.040197376,0,0,0
f0e8d41fc8cc746ba9b66b72646db6bd8b25c6fc,0.29796338,0,0,0
df5930892d9c6eda392b96bdae2e7afd342f7866,0.044817396,0,0,0
0cdcb1fd8df9e9185cd3abb128d927d25d7de8b5,0.46371084,0,0,0
cf15c51722dd4b406876dce1ccd52eea787d84b7,0.48601106,0,0,0
b691f81b482175665b45cabc056e58ab0df03ff8,0.022351205,0,0,0
fc8ef4d22c95b13b907ed14b19cea8ff5fd1e653,0.2240841,0,0,0
8054f746bbd6191f5a297cf6f7f26f9fefaba307,0.021978728,0,0,0
fa21d6f7e70f057c42d4af9c40ed47d3d841e5b6,0.3114744,0,0,0
bac647543497f0aa2a9f92fe726e1eb18631b4cc,0.28322998,0,0,0
cc6ace18900eb92606b6a312cb1ac5c4ab5f435e,0.28278625,0,0,0
c947676916c99f2feb5e183aef9629a1b21d863f,0.6380633,1,0,0
1f3dd9ff8a4f8302eb4c0bf4072d2bb7d8aeddd9,0.28064626,0,0,0
ca7f64f016d8354aecd38ef73405e1b3267ca791,0.25652117,0,0,0
06005610265c342b52051b997a43ad6e963c5a0f,0.35902423,0,0,0
4a8068579ea5bf1e637f8bed09a203508abde315,0.03587386,0,0,0
30c217ec400b9175e9490807748ec3e48fe2ba22,0.034321062,0,0,0
d80acb29c04a8e92a3ddbc539b0be8a521098870,0.022584228,0,0,0
e43138b0b5f0912cb358c0e73eb6247b273eba75,0.19800043,0,0,0
1b84f2ee7a41e8ab12faa73130187763ee5858ea,0.040549718,0,0,0
4b5ef21ed6104befc80e1dd501f964e7ca6f1ce6,0.5555951,1,0,0
c6c1971ca1fb5054a0847b0884488165606bd703,0.38573003,0,0,0
68e0a9c71443738b1842e99925d37bf545f5a151,0.43270814,0,0,0
7ebc8107a22038c06c0b0ff095f9f73d854e1422,0.36745462,0,0,0
9003b5b5aa4465e84c934819f45c1ab4365dc51c,0.34213325,0,0,0
4b8647bf6ce2b478e6bc90d0158ce81939a14378,0.5355367,1,1,0
2d1614a2077eab0b981d4a0c4c6e10a7ecda71cf,0.45782503,0,1,0
3631295c437c5b8915afc7b2b259496eb2d5d782,0.5662374,1,1,0
b12610d35e7798c66fc1d9b0811d10aadb87569d,0.45168203,0,1,0
f3a785108f853e327001dcd435e92525d7fba96c,0.6107607,1,1,0
881a4ee8db1e1826b749579d2284ace982c953ca,0.5381987,1,1,0
e91d0f0510ee8d69c76ee89b4e57341418866c6b,0.5125794,1,1,0
8f7c59ce888a687a6c9089caf0c5469984a073b4,0.45774174,0,1,0
3c644cf87ec8c0e6313b3a10b6cfd66279b8093f,0.5008075,1,1,0
fb7e1e265dd9e560b3a3127a6593b6602f60026c,0.49678642,0,1,0
1c9c43c1d4bb76d7e47cdfc9c6681a38305a95e4,0.5569529,1,1,0
18f181ada7826542725fa4a9460307d606695b5d,0.43156826,0,1,0
bb7e8951cb6ef08ca9df5fc036217c3a45c4d33c,0.1980354,0,1,0
e280c8636792c5426e54868d464c9d28287a98fb,0.30574802,0,1,0
54a7796ff234a9cbd2c66f8b1e5621f0898402f1,0.056421988,0,0,0
8e5867eda8328e4cb2e103d098d0c9f3c2fab50e,0.059494212,0,0,0
e42da5d9d21438c220768464b6a1f5b36bad92a5,0.41593117,0,0,0
c823ac5673e9da094a3b24b99987a533c548dac4,0.32555056,0,0,0
7573e9eec065ac1ccc2134aa751a191da3ca3dff,0.2608476,0,0,0
1cdc902f3d7cf877b4db7a31f19eb1dfd2fade3e,0.35155576,0,0,0
e9ea52189a92f7e2ab051e4d75c4e0c872034b18,0.29664043,0,0,0
ab0a2f761f4529daa0a1e7128ffb8ae417a0104d,0.29402912,0,0,0
7ebbaea90e8002f5542e22bbe92075ffb5383d2a,0.37693948,0,0,0
721730b00b1dc2ea616a3e7958e4ad15134de975,0.40015143,0,0,0
05aae985d9d0e26cf278cdd6f69672ebe3f8ed92,0.35629272,0,0,0
f7222ca6c3b6c1018a52fd649029394e6608f1db,0.35331118,0,0,0
b285f17023da248bdcb3093283e4b9e930bdd09c,0.064799175,0,0,0
af858a6ca224946195b1923a780678b20cb99603,0.5434172,1,0,0
fa027a4685bacd9e32b3bc7d875717b4457f6829,0.06407893,0,0,0
edf56632b8a5413f5e0adfe2d1b65e595b88a1d0,0.319093,0,0,0
58693fbcb3236a9adb0f47088d88ee3ef7178cb4,0.05360437,0,0,0
91291520cfd5f6c2c91fc242018860c5d1d277e4,0.30003813,0,0,0
7bbba6995a12412cd7cbe1ca693057c5299ab4cb,0.06641285,0,0,0
ea030e732e3556a2a4fa51bcaabc080927ddfa48,0.45889652,0,0,0
310008f48c0a830138d35b3024106560d55b6bd2,0.27295682,0,0,0
ca22dac3f852c7290f60c3c3a5d66fbecfba91f4,0.16232762,0,0,0
bcba29320f5f6f860335266d6be8249418ceaedb,0.061934706,0,0,0
9dc30fddc109504fc80fb62e33554d54cca47faf,0.18895808,0,0,0
764f56955d499fae11db1aed6e7f0d2d0886e6f9,0.34271908,0,0,0
2933e5773b1d64a9348024b2a6e8dc6dc90e6590,0.27049625,0,0,0
0fa8bcc008b6a011d6fe41e64ea4379d0b57f20b,0.043311033,0,0,0
7897aa6a83a5e63da487e72c2735fb042259f6e4,0.56111944,1,0,0
3b501993588d27d91ad526a436e3a10ecc8d6e8b,0.2485824,0,0,0
b353d07bcca9fb62ac387d69d3e99004e27f14c0,0.5894492,1,0,0
6b43922648fe2dfcb4cb1aaaf5d795f00a6aa174,0.14692989,0,0,0
b268dfbb824ef307862e489aef7e71bba4cdcac5,0.27608386,0,0,0
b957ee1646d893fd946a8b9a53c779957ae7a240,0.31084943,0,0,0
996c0c164a083c3dc2fbf2768750e3b3a81d77e0,0.04219326,0,0,0
12ddf37f23cd77903729b3e611ffae10e96ded47,0.4035284,0,0,0
7e6304ce63da6c6341cb072abfd08caf0456328e,0.30595952,0,0,0
b9b73fbef5c0f18aaef22ef60442518d7f23ec83,0.28621185,0,0,0
675d4c8fc848ec5438e48deb2e8218b6f0078814,0.03104629,0,0,0
dc666f419e691e6a04342bdd9cf2e899455a8738,0.39815477,0,0,0
9bab875f03ffea0aacd1d92fbbecc96d491c1201,0.081965074,0,0,0
8d3d915dbd0ccf716f0d15b6b2396cff214d9cd3,0.3131275,0,0,0
326beb22c6aa872cbc0ad3706cfbe706bf9eab41,0.038942844,0,0,0
ad882055edb50369bd174ae56a372838aa89cdae,0.48431382,0,0,0
a7363a2ae67b585790896de45f57154474480fc9,0.099734716,0,0,0
2bc9e7ea86a8cc1c3b2436c46115c87080228004,0.41216126,0,0,0
76f154179b8dc6940355d7fe7db468314ca39e84,0.051361047,0,0,0
4080feff61e8dc1cd4af2361990c33c9f1014147,0.06700393,0,0,0
97accb47de63ee5063eda23641c6017e29ab81d7,0.4722793,0,0,0
cde43197f980538e411d851735ac7a63ddd613e1,0.35643277,0,0,0
0dec6e76fb544fa3e8bf5fd17f16314735971dd7,0.028049367,0,0,0
f820d06fc0d1204b0cb386214ffeb42ccec669ec,0.21713555,0,0,0
566c4d59a177be4b65d17540576eeb34d28d24ce,0.42846698,0,0,0
a516976947341e0e18bcc0858d85d34cd0c02cdb,0.19806798,0,0,0
7200c43dea3dbfbd9d38b937c44b6e71744b05c5,0.27582353,0,0,0
596ccd59a11ad5e9fda19ccd0f4fc714d8d3394d,0.048216432,0,0,0
301ad592142079d36f4d33f5309c103c7f4f5dfb,0.41622853,0,0,0
f8a8ea748a0b3015490ccecec7b97f0ab2daf9c4,0.03359973,0,0,0
8aec465b44dedb7deacf80111ea5286914093094,0.29185408,0,0,0
34f3f4196084768b2ef6b3db4608d8eccec50364,0.22583166,0,0,0
c53f2106109153eda10c47a6960a5a579d1530b8,0.29347464,0,0,0
17f52a2e559e68d5c6ccc98fcebb5523161fd0ed,0.2904578,0,0,0
fd7a4362caf2cd69368a38f2f71ffe19706e341c,0.7249835,1,0,0
753f278d10fc0c92e912965379401ac182644101,0.06520536,0,0,0
491786ce4182daa57ea61deaf701f756f57f6f1e,0.081081346,0,0,0
de73ad3115c19d5f0771754d233d74055a2a10bc,0.045686804,0,0,0
d5f586bd4e1a20fc09a33aaa5c2b9320f4a2aa72,0.38927028,0,0,0
8d4fd1dabbae4d7ebc2b273af9275ef8bd0e1ce1,0.15341684,0,0,0
6e5eedb3fcebc5894c41733bd26c8b4d9197873b,0.22962275,0,0,0
3b7d0b95466139a147fc504b7c18897dcc826c65,0.3517643,0,0,0
6a82f92584b36e28798479c82c0d3263c6347b90,0.31349838,0,0,0
b8e9475505fee98aae2819c03a33c7aa3db843d3,0.25135162,0,0,0
a14acdf6395f588dda7597bb4c7810dacaa503d2,0.28395957,0,0,0
85a20aad64be04127106f492e26f6ad6d6c228c8,0.4033264,0,0,0
1325e114108136eea3fe77a4a270a2da7eff98e2,0.07931761,0,0,0
bae46709ecb13f80aaad0d279b3618ab83d09275,0.040850647,0,0,0
dc5f850d1d9b0b952b7f0dabd6778cf0f7675cba,0.29482228,0,0,0
b4abfb93676fb0abbab1d9bac40ba2714a3872f5,0.0699992,0,0,0
9a9e7268162f9fed146c74a8acbd234d9bc2ed84,0.10676695,0,0,0
b262c2359c9ed53dae3ce2ce7a0092273f4eec65,0.24913928,0,0,0
c30b59103b6f1390b0040ee74b985248e8b1b849,0.1722022,0,0,0
0f36265123605cac6af05b7b8c8f4036b58f4da4,0.25820065,0,0,0
cb177b56b7664ab323558545737646896f4d7e70,0.22737645,0,0,0
15bdcc3be2b84f68ddcd822da52ef045ed89e57b,0.31937128,0,0,0
6a8ba1fecb47e5ffd5387654d0cdb7c372ccdc9d,0.07063295,0,0,0
75efbfd6b21ab36fdbc440bc001c133f824bdc3e,0.3374894,0,0,0
f7e42d2ccf949a5893a439227c8c6bafd2598f26,0.47758448,0,0,0
c7fcb448c99ae5fe9db9b217bea1233df3ee6e57,0.2602062,0,0,0
d0721feadc1e0cae6efa3e0d82f523debc5b8d97,0.29371673,0,0,0
5f47ad718e0ffcbbe6cd2f8d32b2e345c4af3a48,0.25547454,0,0,0
745d383af12137ccbcbe1f3cb4c9db73f87a66ca,0.050614893,0,0,0
d746a54c2ee50711283bb49e557f58ca491e1bac,0.025542477,0,0,0
a56d4998cf16ff08f5593fb7d4dda66ca05dc269,0.038702253,0,0,0
03e65c98da2a0b2e27b14713543c2a61d56b1237,0.044184044,0,0,0
0d3545e5f68d024cd4a05724a15746d8dad986d2,0.35594815,0,0,0
6b1b592887d9ce95fb5af1e216bff56b18c7902c,0.13239336,0,0,0
ccd0fd51a5712ef1d85110eb61130c906fe4db13,0.28172493,0,0,0
d98897b11e6f4adf1d0a91591b1bb6be501cd29e,0.31986243,0,0,0
4e08e17ec536038c9c0dd888f77b912cae82816c,0.06579458,0,0,0
86eb3a2fa74988e4ccf3aae7f4b77edb84555320,0.026200347,0,0,0
45df5da2640f8f097915b8a2a0249ef0f6cf514e,0.35792354,0,0,0
76b7413d2b1eb2dc22f05de5b76f9519be5142e0,0.5092811,1,0,0
bfb3cf8bba6aab198c4644e236bbc9f3807111d0,0.2546895,0,0,0
093e3bb2e3cd9992f3f0d14373d406bb9b2ed36e,0.37705544,0,0,0
c440f668aca99266b5379235f6d99d378630c938,0.43373668,0,0,0
a1c5a582760c7f65572d0883fbcedc843332d7eb,0.31787404,0,0,0
0a499402d707bc8cf775d7f9b3840780a7401f7d,0.0710501,0,0,0
8e4e5221515f820108f48396a18ceaed73de8dc1,0.24883854,0,0,0
3a4e18ddf151a624eb5c3596ce8400ca4679ef97,0.3393808,0,0,0
8ed40d530295d819e0ca964b2d4542f6ca6a9929,0.25985754,0,0,0
a6abb8b00355db97486ab5023305c3f4e9e19ad3,0.07421193,0,0,0
b494caa01985c623601735f1bc10871cfb8aa048,0.082859926,0,0,0
5597ed7ea300ae3d08cd893b0133bce26038a7df,0.09104045,0,0,0
002276ea313fd880122502e9840b43f996acd537,0.083809294,0,0,0
bd5afc0b5a977c168cf046e3244477b48fa72c5d,0.3723107,0,0,0
b313ae68888445f4c08521bbc8d19f39310c6890,0.3253075,0,0,0
a675ca7802065f459a96bdbd593d8dc491180cbf,0.38056648,0,0,0
8be87e032a8c05622148357f30bdca3c614a669f,0.3089588,0,0,0
96eb80efe1da48f37846aa899260aa0c84b15944,0.038446672,0,0,0
75c2b24c681e314c4e4e07243b31430ba4e42723,0.4447389,0,0,0
276e22858cdd56f5725e0c2f7a3522df99967973,0.05133133,0,0,0
471e6b078a7891aea99b77f200e828a7b1c9bc00,0.036617022,0,0,0
6d7ee38ceed6b496d70502e276f80be6de618014,0.05481828,0,0,0
5cfd99f0dcd0d10689e480f0854e859079f125d0,0.03913088,0,0,0
ed6c47dd9ebbb2e38fb3e17a2b961f0fcf0e6df3,0.034164965,0,0,0
1fe7a43505aa9d00bd9dde45aee77935a5147561,0.3797096,0,0,0
387880a630c65b955a3329a2f7b987214c41f6da,0.24483551,0,0,0
cf4416a84203ff9d360d4398da3b166e6d0c72b9,0.0443576,0,0,0
a7fe613853516f0abde34821996a0424882bb919,0.07294479,0,0,0
7a8a7783315917b56b6a71c4f28cec4ed1d91a7f,0.34108722,0,0,0
9c545d44a4a703c88d417a6fa43298a80ee67735,0.30964366,0,0,0
4f73871cf40b6dd05c8872d39246c67f798ed915,0.31574348,0,0,0
41f297809965523fcd021bef20b304b3584d9b4f,0.116390474,0,0,0
03178c8b15f1b522b98ded0f83cfb0e79f5ec4d3,0.042125173,0,0,0
f70741c9b216d3836d047c542847920d4778cf9d,0.05356216,0,0,0
5ca0a1c3564d35293a5ecf03e5f32e6f0f6f445c,0.41282082,0,0,0
4c4b3e2e32ddae35e4c1a6ffce1cd2b2eafa958b,0.03643285,0,0,0
72a46babeb0da02071e47425ebd55da915b98178,0.39186585,0,0,0
9c51e5316babbd370bc32aed0fee134216726ec9,0.059430566,0,0,0
392323e2d44bacdac605c1a4f037f06e21dcc239,0.36916444,0,0,0
10dc13c80752b0489d291b54440212ca54c59fee,0.37362587,0,0,0
7b9df59a96adfce979c8c564dc5eaa6a29b7f25f,0.26011613,0,0,0
818533e92bfb1c142ae4ce5be18ab92d1ae17025,0.07296559,0,0,0
47fa07eade06908ded4206651571e71a2fe684a6,0.35012347,0,0,0
46e97d9e04591e8198ff38bd2949fd5514da0d3e,0.052074593,0,0,0
08cc26e70bf145aca293d55fce12aef835263f53,0.17896459,0,0,0
6c21bdb4a107b49e57c9e5d6598d13ce6f85fc5d,0.044657398,0,0,0
18a027b1f04e420c18ae57aebe8fd031b5ff251c,0.04056972,0,0,0
82b84c0fe9054198099752a66575cec0c47524c8,0.1421252,0,0,0
b10b90b0a3947bea98e3646e7d29f853f3b5c6f7,0.12739028,0,0,0
8c141a1705808491f16a27b53e1ff0db0a2807fd,0.052289218,0,0,0
40f969bc9e162deead55967da3c128e2da933dfc,0.05468015,0,0,0
f348d34fb1ef3c968e2981283618aa85db203901,0.043308847,0,0,0
999761ba1bc5da820a1d2527c4aae29d95a7013a,0.2891365,0,0,0
ce131449a4ca0b06c6bb27ee5d8d6d89b1467bbd,0.615444,1,0,0
924e1e9064f90d958b4f57e9c9c0c543bd19dcfb,0.40019846,0,0,0
f36090e3141cd3cd6fd58f1f46a30af2582559be,0.45819277,0,0,0
6fe2094e30107512e470571bceac91cbedbd21d0,0.16618313,0,0,0
fb0078159d2463da149de54018fca79a9447153e,0.039944418,0,0,0
73351b6adbf403600521505bef288057beb2bdde,0.29350033,0,0,0
079a07fe18f654632b80b274f247775582261e5a,0.31677765,0,0,0
4158323ee456bd412e7357a4a6bc8bf50deb5d9e,0.17225689,0,0,0
2fd6c8fa1e392f985ee860d8ee154a612ddde569,0.37541258,0,0,0
66d0a9a0a00dbb259425f17745f7dddd7e676f71,0.111331515,0,0,0
e14d9ce8e3c57b7352a647c0a8e62eeb88ebfba4,0.03845311,0,0,0
9e0c5ad4b3148f42f3940faf7d67b305e34bef0d,0.044413023,0,0,0
fa1aa44c7623fb2142e588c59eaf56db7bc237eb,0.044647433,0,0,0
8fdda846c4653b6ccd49c47a9586c374bb20a255,0.2690294,0,0,0
a94ff90ab6cd2d92ccb2eb1fd7913b4e5256f02b,0.05431233,0,0,0
268bcd622685b28c2d50bcbce64ac38f7e90390b,0.31469905,0,0,0
09e31a01b51d7418fa0034ecd4cc11848436fc18,0.17993818,0,0,0
487ac1980148522d628e1d2aab50b107c372798b,0.33229282,0,0,0
34646ec9b52192a71e52ffc09cf7fefdd506c48c,0.19575077,0,0,0
7afc1c34fc16ec04f82105f9106b7d1e5232c4d0,0.2182673,0,0,0
00439211981af7b5baed495f526ef8ad76ee7c5b,0.054647923,0,0,0
1d635088f697178660b6e1c9a89d2b7d3bbe2d29,0.05825747,0,0,0
a4a62ed7c1e3c7aae09324f0ad1c6078f0fba471,0.04908719,0,0,0
b3a68ca842841c4b9713462d5f01742cf71a6b4a,0.028832814,0,0,0
2d868410eead061d59de524bada4de9e3d2bb442,0.046108827,0,0,0
813aa11d505b9507b6795d36070806cb2d96e5c2,0.42977867,0,0,0
88b29fa46bcf6f56df4213e1ba7810735a28d755,0.48518252,0,0,0
eca374db08ffbb3dd8de746632fbd74acb8f2c92,0.17380106,0,0,0
2ab17f529d07c1f618ea08d968b2fdf3a382a792,0.15609206,0,0,0
9a87c766bb3137a50656871e5dee5a309543bc7d,0.2997636,0,0,0
9ce4e1a371418e5eacc69227885815f9a4221c65,0.26445064,0,0,0
c7f7da754a911302dcaa6935be6fded84e1ac348,0.3523543,0,0,0
4cbb388ba9099be121f81d75000acc3af93bf993,0.064950615,0,0,0
87497c72460c9c58f829a372d741b386fc2ac8f8,0.16258736,0,0,0
921d0d60d40d8fbda29f14a64e848c70026ea32e,0.17552593,0,0,0
f9e72000a17eb9d524b38a9f2c982c037dd94891,0.2238012,0,0,0
e34f50dd1083fa8ed9fe25fe701b64bd2ea7efc0,0.18530829,0,0,0
581b474f4b194731eb9cb22cdde7330a1ec81c3b,0.29164413,0,0,0
e0d17fed51f5018fc34578699d824c20efc44368,0.31504434,0,0,0
4fc5b3402c58d6a4b317bf23b896ea91d22af6fe,0.28965014,0,0,0
d8e2f892e48423fda73204be3ec239d282e71c65,0.29277027,0,0,0
8d6d088622f8e4ea89e66ccbe097510fb4c932fd,0.18809919,0,0,0
f0943a7242041a16c8f7fca845592e48bb19ac74,0.29171768,0,0,0
d1123894d33922e7c8ca838f9dac9bdceefa3f7a,0.35706472,0,0,0
fb83ba3fdb46537a36832a900f124d4c400f7ed9,0.36834025,0,0,0
e779883b29a67d411493f985de984ffb8088ca05,0.27231583,0,0,0
a71c820baeb91025eaa7f07b172a39500c6f5692,0.27274984,0,0,0
a4eff51bedd73a0ea56afc23b1021187dd03561b,0.2845834,0,0,0
8f6bedeb724fa78583c26423aaece05cfddc04c9,0.34675127,0,0,0
fdc116f0bcda6d1fffbbe505d0687b0406e92fa6,0.14264293,0,0,0
66608db56c41e91ee34fdc1e6157d69b69893fad,0.02983329,0,0,0
5366158572bd88f18df7883ab823ea62b7701d77,0.083089784,0,0,0
2df0a3be66f6fa1067d976d7a05500beff7eda53,0.029237831,0,0,0
e0b2c86c8754312d1e89307fbf84e6efbfa9fe0b,0.37330878,0,0,0
050dfa6f0850174fdf958ce6751d2f06900201f8,0.2771201,0,0,0
7530b4bdceef0ef37af252f0b97978554fb9b99f,0.30222324,0,0,0
a6eda3d8eff423ecb4901aa07339364732c02ddf,0.3861644,0,0,0
a5035d0e1cde068320984d789473e1140adefdc0,0.42833447,0,0,0
dff43a0530a6fbd524e3af24795cf6b92142735c,0.36227474,0,0,0
1d5f8faa87a410fdd1141ad82f270ac238293770,0.30249763,0,0,0
82f4ce516c18ef5fb3096f6a90455fce90a5b290,0.05382175,0,0,0
228b49fe2afea3376c4f30f80bdeb70d083a9206,0.30911106,0,0,0
adfa016f3ef7ff262643e0f0a5a54d3ddb7d7e1d,0.43986616,0,0,0
f72b5e65c0c5210cc0be585959ae84fdbc87aced,0.4756329,0,0,0
26d668f6d5a2f202ef7ff6a73ff3cbd7bbdf4b06,0.3216891,0,0,0
808149305ba26224917e29aa0c0089701bd91936,0.026013833,0,0,0
55fd738c86ea1796d5152d818ab4b5060bb11803,0.3088586,0,0,0
7a8dc00b8be18a9271e2d9c2444ba91077ffafa5,0.03702857,0,0,0
34515698878ff0a4641e72486f0ae8a7e30df0d5,0.40196517,0,0,0
96f2b16b3efb93580e6aeaf1da97d9dffd5e260b,0.34937006,0,0,0
b577805347d56f1927615fad311868a3537a9cb6,0.37236947,0,0,0
e366894658914c0f2fb41cac003392b0dfa6e4b7,0.3684444,0,0,0
3411f29e2377788cdaa5a4eeaddc53355f085a78,0.04761755,0,0,0
880b04814c564ea7a1bb8fe97c15b4735c67e8e9,0.23391919,0,0,0
8ef033be5c92a895139b4f910af5a7048f340cc7,0.024446523,0,0,0
350c477161a0d1df94efa02109ae07e6acbc527e,0.4438805,0,0,0
0880a21c56cec1a2442b5123c3845bfc99e83a7f,0.0408328,0,0,0
84143c462986417ccfc5e8c05481e983cf668e2c,0.029747242,0,0,0
f16d5b1722eb55c2d55eb623999f16799b088b98,0.46225578,0,0,0
ac37165ed7a22cbdeccfe348b10245dc83b414b1,0.5017797,1,0,0
d9ae4e2601d4c0744bbc275b6b4f503477b789ea,0.03258649,0,0,0
7c1a59fa7ab58f5f7cdc124ff2667cc501570a4f,0.27000174,0,0,0
93d35c8f291b8953f8460c0eb02a51cc6d6cac22,0.09458595,0,0,0
b77184a2189c8f91100d148354d1fdf38e83d13f,0.09527876,0,0,0
f81e0465460ff9abd450eda836bbb4f9b13837c7,0.4441818,0,0,0
6fc152e4177e0482450b13eb7fe496de677ce5b6,0.40984464,0,0,0
0c9af5f450ce73da9b791051f861cb9a6420e0f1,0.40319705,0,0,0
11409e628b0461be3c268f81642ce36bc4b0bf84,0.3641631,0,0,0
63a9488f2910434851e98a8fc0ec8c053b24083b,0.04163616,0,0,0
d70736425701b66bd64ad3aab3941bb930a18b66,0.03540187,0,0,0
7331773448c1f2e0b24deae4144db0deec85fc07,0.31726658,0,0,0
11a7e62a898e54d66936d1b8b67cb5e62578ba98,0.36538926,0,0,0
0484bdb3f61d309ff62da4df4be92cf139d19f6b,0.3498785,0,0,0
f9f632e7056cd9d2b3c88bad50fe0597610e2eca,0.3337734,0,0,0
a3fae474e5cf5084c89835fce1950991aa678a41,0.3022693,0,0,0
f3108e2771083bfcf02c9c67ebd70a3ac0ddfca8,0.2507222,0,0,0
521b9b3385d73239b96ab209cb34ceb5c1c1400a,0.33907524,0,0,0
d7a1666f9a89d9a517f5fbaf283e711046fd054e,0.29283926,0,0,0
022a020bde5afba4f2e9b6753c199386e79d7825,0.33598062,0,0,0
1b5aef881bb3acdcde5d9fcbb6e43ceed6db145d,0.29578146,0,0,0
0caba0845d4363025e619eb3db6f3138b2c3d394,0.4090268,0,0,0
8e71711c1caaa404d84ec6682f1b7b266064c2e9,0.36584607,0,0,0
363be2fea66f861d7ec4f893a05901fa0c7ecf92,0.531173,1,0,0
412a8a0ba61c84d71c0cc740ba7e50c10f3bf9ae,0.05162154,0,0,0
03380256795725c7d17db97d882a4c4da3b76b8d,0.24015445,0,0,0
653b46857a4a48252bfb094e39ee9937b2079fa2,0.1559674,0,0,0
748cb609306ee5a046a952a0ca13974ef0b6e770,0.29007053,0,0,0
0f9ce497b0c6841e3aca845336ad095012c41da7,0.35928205,0,0,0
36ee52223387eed452c266490a25b4c62f49abc0,0.36280024,0,0,0
a8c6d43b5a61d8da784f0ac188d40b88a15dad50,0.23771231,0,0,0
8fe2360920a8228c10cd59ba0978df701174c961,0.48636088,0,0,0
a3677db89ef3863e8ac7cf578df499f85d970b76,0.03713371,0,0,0
64c51505a82baf8260a34c7e83652ae3014009e4,0.2979937,0,0,0
ccba0cfc3f1b81dbaffa5153aeb84d48cd7630ff,0.18079501,0,0,0
e7c42ed0fb83faa2b57184cb72f6d9e8b621ccd5,0.2519128,0,0,0
633de29fedf11544f2c3d5052890cb014e612bd5,0.25872716,0,0,0
362ab2bc41697980391c4a61c23cb3ef6bce740c,0.27620324,0,0,0
fc9d93db68a3c33e5ead8c7ecb187fdf0f06cc4f,0.30819565,0,0,0
66a775c9feb7dcf00c28a16b7a365af4372886f8,0.38276568,0,0,0
a6a48cfd370b226955a531e678016db414ebeed9,0.3127827,0,0,0
dccc1255413adc1a212dbe3bf40accb70ccd44ef,0.25916162,0,0,0
83b70a377f79ba90f846b3a720e6c402c63bccc5,0.057847567,0,0,0
819318486d9cfb430749ee33d3c5c4ec4417babc,0.03868867,0,0,0
827d9644c864336fa84f15744375ba7412da047c,0.034872275,0,0,0
af6bbeefbf197f50d194c7f20419c2a4590ad630,0.5108173,1,0,0
ae8f5f04574be75727f5e948e04bc649cbdbbb3b,0.08922046,0,0,0
b9cd3558133ae9f26aec73e0bda3a8f635d137f7,0.09364012,0,0,0
f672e826f51824582273fa1f5b6ec37aa5fdb2fd,0.11999958,0,0,0
72df12fb2ba453afb57cf185d25c502d4daec6d1,0.39864415,0,0,0
7b42d43fa0827557f51cb4111c89fb2a78512c68,0.43058354,0,0,0
af1b5872ab8355acea3197522ddf94972b3c8386,0.038322896,0,0,0
5c753a87c328678f16bf89e0178448f04194f0b4,0.080004945,0,0,0
0956e2d2338531a96f2ff7d4ab405acc1b18421e,0.08471633,0,0,0
6563275706015b000cc5bf14be7fa9322964bf49,0.060179085,0,0,0
e9e76131f35c112046b9f184816683beab605e9c,0.029560225,0,0,0
843267df5a0b44145d5b9ee9153d17aa5e15cce1,0.027949281,0,0,0
cd64fa339a97300c64dfc434483e478a58f507a8,0.18329628,0,0,0
b0b23c179ac55334f760aa29fce262c73a909268,0.058617692,0,0,0
dff1a0953d97d46290750a46d01be1e1519ae698,0.33235165,0,0,0
35e0ba449325e759e04203fcaa71920cf473baef,0.05077561,0,0,0
e508ad09d79302d3cc6b86077d4a6ddb0679a0f5,0.35636777,0,0,0
a27ca511a591caf813c26862a888e90e54af19a9,0.16975133,0,0,0
9be91f380c209f895da36d13c40b99687bb4c8c1,0.29979616,0,0,0
09c55eb8120da36aef1807628f87bde83749428b,0.31133202,0,0,0
05edf06360cc8a1a61fbd1ce5f9abf5d83f9d3f9,0.35211992,0,0,0
9df5e9419d83c11b4a2c3421c5ff7ea1f544366b,0.03895665,0,0,0
ed1ce82d822ffe185875b7b7d38352f20171c096,0.042033106,0,0,0
10e38114032cb4c585b29e946e1d70e05d52a878,0.058274284,0,0,0
d71ead41fb685431dad02d4bb7cb5675e196b8f2,0.22773427,0,0,0
e7b4025ee0b6152f9bbf7a72a317f977402a27f7,0.18140692,0,0,0
0f3648f749b7b67c2c61282297569657ea6220dd,0.027769001,0,0,0
bf915848967a6e35839e5565e98c716079980e18,0.1580767,0,0,0
7f74708201c2ab9f5d1f83c7052487116b8f7114,0.40608254,0,0,0
97dc91d1545a667b4021b6507d927799e53964da,0.19692452,0,0,0
d9979fa97865b7a57b9da975efb6e6c4d80b0cc8,0.15861106,0,0,0
6f27b4ae8f8ecb62698e760ab7df3973874b1f51,0.037708417,0,0,0
67ef6efb61f3c07e1359e083bbac5d90953cfe43,0.38176644,0,0,0
1b53f09c3a9dcd64dd281c1955b062fc28999366,0.31251806,0,0,0
34adc606601cb578486d4a019b4655c5aff607b5,0.05765262,0,0,0
b05bd69cdd841c02a3b645568ee5478fdbfc07d1,0.31367195,0,0,0
e1f30a1c32eb292e51db274adbe2fd6ed09b555b,0.3708466,0,0,0
bd82fe9fc034e7921eb589420bb4b86dc767a11e,0.030916547,0,0,0
13e0ba5aff3fe14eb0e1d748cad4b9f99e681ca0,0.29044798,0,0,0
3b7deb943877b0c2d8627531959948c5d1e4d3ef,0.036536857,0,0,0
b657c914c0005b37e24c1cd74c5f4ce886147606,0.04035011,0,0,0
a61fde99657c1b9d11e8eaa682181ea59e65814b,0.35063308,0,0,0
29c067466ed78c3e7948fcb8f0d25b3d984a1a93,0.05811856,0,0,0
fd86d06ec5d3b009f3882dda7903e9913858ee14,0.04395169,0,0,0
a43b8d68b8b7e6d7f23977a7432880290e6c6933,0.25221577,0,0,0
31e4a6df19cf4a13f8f0e9048198ce7488ad2614,0.058045305,0,0,0
3c0c9d83e27e436f9d3646f177bcb0ac2fecbeab,0.33670396,0,0,0
db7a08583a5ebfab310efde6d0636f2e2fc108ad,0.24272607,0,0,0
015e3cd37d128e4ade9b2d49f74f3b4fc07d82f1,0.2421322,0,0,0
8dba68a38c8bdae91c15e4eab35cd83c427d8e71,0.21859296,0,0,0
bd15dc78c74bd9eede3419b70469511f196a3716,0.28024572,0,0,0
c3ff46e30397bc0355584c593d500d2564c1c515,0.41731012,0,0,0
b2d4b2ac3a738d97e23e53cd459d9c57ee8827c5,0.5249237,1,0,0
3e24c28e68e617735b25791b0bc3f67f31624ebf,0.25391537,0,0,0
b1a8299ad223c3b2552f6d03e51c2ecba5df46ed,0.33957446,0,0,0
4e931386569c0a28b7e47c52d199aa32b6ca32fe,0.039552275,0,0,0
ed98d264cff306f7326db096cddf65cb26ff5498,0.026939884,0,0,0
1f07a0bf70049cb0a2f6b52ea7c261da5adb1abb,0.3971444,0,0,0
60bcdd450d6950da981d70b8b08379bdd744c82d,0.4021925,0,0,0
74133837585f81d1c6434ce32f73fc8694d5f132,0.026806826,0,0,0
0e9f604e87a5b42b27abc13a9328846cadd640f4,0.029586965,0,0,0
53a0a9ff85666348a38054e335f5b4c5355a6419,0.023990285,0,0,0
73f3e2b3d6b3f4a7000187bb3e6a4d82b118d3b9,0.33576393,0,0,0
b295635a87da0c20e5e2495103d4877ef0187d4d,0.05770967,0,0,0
8f88dcfc902b5bc86a239756afffc9f3813d245e,0.04443049,0,0,0
815b269deec60ec69f4e5e5d555afe9b98c18cb9,0.32842353,0,1,0
2b0658c59d6285547a5c6de7ac71c7cb134ce975,0.43464777,0,1,0
364232f781d0cc91cd4b83012e1f49e62fa81190,0.5325828,1,1,0
e972869486f85c3424875a443eb04bda2eeb6bd3,0.47168827,0,1,0
780b2281d86cf89cf5dd717c1cf54bbd48783654,0.5622706,1,1,0
06c27b37ccbde70514e035a50ba0a6ee1ff94ea3,0.08461599,0,0,0
1d1c41945a50a740519131bfff4e1875de69dd6b,0.28851068,0,0,0
71e40d0b30fbef976da3595fef8736a4e1245466,0.33178875,0,0,0
f781fcaf0f19766f7c9105911613f86d22b2091a,0.25372496,0,0,0
cb8cf1574f99fc51c9e67b9456ea4d494fd4cf29,0.052468214,0,0,0
c63413182017e069393963d07570ec69f373ee1b,0.028394796,0,0,0
8bba18089a1acf29f9d2433efc229d5c851f42b1,0.3840456,0,0,0
f295b186fd8f6c619d34a8c69c6a1307f2276779,0.028181313,0,0,0
02c7974c113cc2a51d6741491080058470265899,0.30427518,0,0,0
027c193cf1c012cd5bae06446496136a582c180c,0.03554751,0,0,0
4a10030ee78ea8da944f6d52e3c671799d73b5d2,0.29388064,0,0,0
5166f3dd04980177e46293408d998087040d4c19,0.29148164,0,0,0
d37041ca62ea9eab6e777bffc15ddab49941217a,0.5551102,1,0,0
53e5e3fa8531bbb4d70523197215fd19b89c1a76,0.3253368,0,0,0
62e6242804e4167f5c476ae34acc784009a1af0f,0.28075314,0,0,0
324e8b4d43f0260b4857dafef46e8c5f349f633c,0.036764402,0,0,0
9fbc2a346b86872c397ff891d379115abe5846cf,0.053671487,0,0,0
c5a15b2b66b6b4f018589d8f60cc7acc71861822,0.024396181,0,0,0
ebf108170e9a6215176174d84313a0564ddde0c4,0.2812124,0,0,0
f1984c42b64788a0737c3bd43e4da95e015c19e8,0.05290652,0,0,0
904b790c41d6ec4629921befd1c5286e482fde57,0.026740326,0,0,0
c2abe862ecb7f980260a7b44d907fa116a6bbab9,0.028578084,0,0,0
19a56adb00295d528015045cacd443ff10f7bcb2,0.05134015,0,0,0
e2ea5359798ce8dc77d4b23b0f9b4df33b37f940,0.49697098,0,0,0
ce4385a413dc822f8849678608d0bbac2defbb81,0.02320303,0,0,0
c11215195bed3261d88486d0ad1644080afbb97b,0.05143377,0,0,0
7048667393bc4290f381312243d13688407b9350,0.024776708,0,0,0
b188b5ccc0f1f8702313eab62a5dcc164f817200,0.04969418,0,0,0
4efd950d4dd822f3e087db9830d09cfb3fdcb541,0.031385925,0,0,0
cff6e00097bf7dd97a5404080df3bf7e95813a1d,0.04488179,0,0,0
27214015c725619e0098e227fd29816d0891d4c5,0.0441269,0,0,0
f8fbfc9fdca4b5e9ba1a5608ca17e7b6feb18c3c,0.43388838,0,0,0
0733d7c2ba214415a8d2e4efba5c6e26b61d3291,0.24079624,0,0,0
d8cdd5eeffe9b63949129d09f6b0c7ad2d517e90,0.022900682,0,0,0
e2cf4811ba485b0bb29d7d80bc853666bfbfa958,0.0500912,0,0,0
580e0d1e26ab2a9275f01506f3af56fe8fc32988,0.04281861,0,0,0
3ba27e9f4a29be1922b3a19f9c6c5127f93027ab,0.04132522,0,0,0
8fb1341ad7c460286211f4f2a6be41bb5782653f,0.02100966,0,0,0
041507d3aaf718ae536f9ab66e4eeb4065cb339d,0.031081015,0,0,0
735b1b59862dc1b5f7e60549aa7c33dbcc4095b2,0.40463343,0,0,0
60595251eec5979e14540c6d00043e24905a7404,0.0334054,0,0,0
980366284db98e0515dc5e827aaf4f750699bc80,0.049587496,0,0,0
6c2dbf2885fb4602b8e42bd208ebef66df23329b,0.06403953,0,0,0
cb6ee2cbdeadad5d277a6e7293d88bb915090c4f,0.047836386,0,0,0
a00624cf27791193be74a610723a9a0b0980d23f,0.03540079,0,0,0
911d59f46d0dce2e07a93dc0ff705154f568b7ba,0.33091787,0,0,0
1aa543286acbcb3c23aebaba003fa024a54aabb2,0.21702929,0,0,0
f418eed3089d74caa11affaf947a40b774e9c8cb,0.38920197,0,0,0
a13691b5be40d31099d39f7c8f3ee9970ebc20fa,0.05513211,0,0,0
3e8b8aa06bb7742cd1643fad72d7739cda400010,0.34805477,0,0,0
a1db4c96f62eef05fff532b59300edeff3ef21f5,0.09464184,0,0,0
5321c7ff2ed082524bc319e44f0aedf7ed8960cf,0.29704398,0,0,0
9be73347bd09934dd0c99d32bce9c4e12fccf6ce,0.28037593,0,0,0
4362e02ed0404d12ca75ee3476d4a32f9f671811,0.04034014,0,0,0
d3f0ee5e0928122b41ee25e2b4ab09bdca5bd00e,0.41959488,0,0,0
f82b5b57840389fcfdc4f16cb75703361d6ea059,0.047524676,0,0,0
51d564f738b20621e4e14649bc1b15c929668e1a,0.2820987,0,0,0
5bd82306a8e44e2b9ff098f29ebf4c69c195b9ad,0.045191772,0,0,0
9959b3c5a777845aa19040a5a761814e483a6483,0.11522466,0,0,0
a0611b06f05e3c37c622f48a783836f89247c237,0.09095371,0,0,0
f02f2e54ac7d88a6b7ee620e45e1bba878c63a56,0.03683686,0,0,0
98d6d15235e046762f3b09294e896994f616627c,0.41483837,0,0,0
fca0e6ecf6012ee47fbc92fef4533320c1e3d849,0.4919708,0,0,0
db642a3c3ad93606d27d6e277b529da3a50057e6,0.21604897,0,0,0
1929834c27a931ab505f7a389d38fafd10331d8b,0.32320684,0,0,0
a5cb9a4b4a196bd2048cd21ed2fef175bc1181cf,0.052522432,0,0,0
c2f1b685abecfc11de76ffd0a28771f41b566782,0.033410236,0,0,0
30b6759387b4402987f6f4a6100fdc78e8bf755f,0.38195023,0,0,0
50b126dc0eb075a2193b670eb7ae2089896ba283,0.44416398,0,0,0
6b08874607dd51c9d8f600a96650a330cd9e6b95,0.060639907,0,0,0
c9685cd5e462926aa401fca7321ea23927492006,0.040614296,0,0,0
ce8d0f7a47f7caba8ab937389c59b68b20f6994a,0.08559161,0,0,0
98b8758e761caf659608f48fc5c9e9056f911050,0.044454228,0,0,0
95b2fe97c7f191e43b7fe11e8e027d87eb47f15e,0.025874315,0,0,0
79237dcd2bf537d56ff8d73f897cd639af7bf8f7,0.44210482,0,0,0
181affd5c937755f54ff31ef056a6ec091e95f51,0.44900742,0,1,0
c334a1bca8338c92e76f0f1cf2ef4884e3eb5dbd,0.47544494,0,1,0
efa48b214d30537bb184884ea30ce817bb350153,0.63656706,1,1,0
b45c4bdb496381b5f90df6872edca12e0a2e68ca,0.64852625,1,1,0
f8489499aa6d460a7548b14d516638b0bd7b862b,0.5513631,1,1,0
76a2ac814caa194c46be1cf7a3f5dc129546b1c1,0.5351005,1,1,0
31fb4dfef212791f86f052ce8a3adeabaf830cf2,0.47353378,0,0,0
ccfca8f714055cd9fbd00cf7e847b880132cae69,0.37903935,0,0,0
a29815abf4f0e51b332a8af1b83ad344104c14d9,0.060429428,0,0,0
92e6d716069686583b852a6dcf12af986d6dc694,0.43759137,0,0,0
d105819a0e72765ff5ba4efa5622d727360ee2b8,0.28840306,0,0,0
3aa6f11785a2f1b3b09df328a02a2c28dfa0bb57,0.40255505,0,0,0
b7a82a918f0a595a96047f7eef2672fd95d5626c,0.39707258,0,0,0
52f3240d90f2397cd1850ab11674ba08a0ecb2a0,0.13477409,0,0,0
d70fdbc40195077057a1edb14ccd16a26435d007,0.27077585,0,0,0
0751f97bf6677c3d55aa71542d572dc8fcb9e79a,0.17749465,0,0,0
e505e1fea57e0ab9f1d5edab92546d778a5f41e0,0.0430736,0,0,0
b4380f20059dc9e4ccfe2b709587e8069ac0fa34,0.3936748,0,0,0
32a9c6d42a3a48314d3f9fe2956bfc8bf49ac5d5,0.42541936,0,0,0
80417356f04c5ee1cd6f636e9b043db3f2de24f2,0.04667384,0,0,0
f48bca0510703b0673709b10a806a9d54894a999,0.34893847,0,0,0
f1b54876ab8893a5d9c0e3d7c1a9c884e683dc8a,0.12894991,0,0,0
c82f703768eb8a122546de23e412a037aa1770b2,0.053812332,0,0,0
36a02dc549f32433d7329444455dbb1be2e67f20,0.14995222,0,0,0
fa8957d7939b59e8d391fa17000b34e865de015d,0.41132525,0,0,0
5acc6a5502bffaa66be7e859849856de0ea27acb,0.35687226,0,0,0
b58789c5badc4f9680ec5724568af05a84670e22,0.47197106,0,0,0
9ee3a16179cb65f5fe4170257ab7cde558f1dbeb,0.38873628,0,0,0
4ed0bdf1c73fd82d3080d15085675de96d5be0aa,0.046799395,0,0,0
4950ad86a16e63fa26d51cd709e39666008c5fbc,0.037322156,0,0,0
b61362933f7a564d2ae0b7d6b9723f79f4948769,0.3489658,0,0,0
f28aa71041181867a720134e26b64b03cbccb6ec,0.12595928,0,0,0
720b988fd8d7a50fbe922e6c73a3681b1c566331,0.06510978,0,0,0
9d744f7136f23da9a5f9324432b300b5a68e3b39,0.30783263,0,0,0
98f54c158acb12a26fa6f335b1665accd2aed347,0.039769877,0,0,0
22c6d087012fd55bc65e578a27f2edb66f4d3808,0.28966835,0,0,0
890b387d713d04c22406db6d5a5fc9b51bec2df5,0.14770962,0,0,0
c7d56cffbb4668d0955ef00196e08f42f2efe363,0.43521225,0,0,0
7680fae14c9f544d0585a7b150004a1e48fff53a,0.36120892,0,0,0
136c5ffe80e558a87cde01baebf823b06e3cbe75,0.29629758,0,0,0
8769d0f2cc4b7555dc025b7c0e49a81346a1e2dd,0.4906934,0,0,0
4b5cda5a2c6ca613db5129d50ffffce2604ad9eb,0.42482874,0,0,0
2e62764c0c386632e87ee8d12d0505848df1015e,0.100483425,0,0,0
4590f14e97beb6d10ffb7b5dd312c632af155ed3,0.0350378,0,0,0
079bcd0339f30343c01c5fd3d5521be4b822d30f,0.02415873,0,0,0
29283b775291bf03cd9a7e1aaa496faaa5757578,0.44525737,0,0,0
89321a2dee438328e75a11954e972175c78f0a2a,0.10417452,0,0,0
1f3e72fa069536ae20f37b29575288ff65e66803,0.11756594,0,0,0
c7720ca4c232d317cfc800a04eda4a1d5a44a944,0.47742155,0,0,0
a747456bfe077da467ff036172968a37f3b1e893,0.47207668,0,0,0
2f2c8b1cc6e6e731f7bc52b0988ea8316f475004,0.2542837,0,0,0
013b445ede8d9e7aad4915859d0c869b9b712f8d,0.4571829,0,0,0
f4e754e66e3661274df624bc328991cd88dd03d6,0.4621553,0,0,0
741944332d5bd90112b610a8b5f2eeefe51e08bc,0.38270265,0,0,0
4c7d7523088373be3c7ff203ea895d5a6d84083e,0.5399693,1,0,0
f79c9365d0ee89cb407b90cc084eece8fcf9a8a2,0.18147573,0,0,0
8714dd031647be34d0d27f461894e7b194f25cd7,0.04958719,0,0,0
83406b73e70a251eec5daae34f1bd8d554cdddec,0.43178096,0,0,0
2f956f46580e5b4752173e885d37a20fe31a78d8,0.6095712,1,0,0
3f36b7b50bdda3eeca632ad5440bb82b8e34cb40,0.042551953,0,0,0
9962a0fd02fe2ef06765271605b06729af8b2e59,0.08734149,0,0,0
5294c64b342818e021800b38413f36f426e35b3c,0.031278916,0,0,0
5a45ae3b1deb5117cb9e9a13141eeab1e9ad3d71,0.04749522,0,0,0
efafa61992658eab64c893e9eef49f545d75673c,0.13891147,0,0,0
630830476a6270e317e84229996a6bf92bd903ca,0.2981507,0,0,0
14097c64d243794610788d3ebb2e81ba8fd867c0,0.05812519,0,0,0
f2615d9a611db401cdedc022112c87ad938b5680,0.035842124,0,0,0
a24d624aaabc14a455d18450d9127f88d1b4f8be,0.4023588,0,0,0
49169033546d893dae3db903a2fa6af712f125c0,0.5222364,1,0,0
fa7588c4c0f8d403e4815fa72e3b8a3bc98d73ec,0.43507138,0,0,0
367fe13b46a0b4dda56b7f12273d6c9afb1da23f,0.04023288,0,0,0
368588b5c5c4140f39ea8b9a8ceb3d1af0708804,0.3683244,0,0,0
30ee10d2740fe1f28595989c6b21f22b75a147fc,0.39861122,0,0,0
af9fd052d1c208f191fbdf85873f965552465598,0.03381865,0,0,0
0a711ebcec7d32b66ab3c90b2a1f48681201e557,0.040306095,0,0,0
a4acf53336a482f50335d33b4f650a70c9243b7b,0.39207974,0,0,0
c26fa78817f30cc3eb91165b783e07fb80d80f59,0.04615968,0,0,0
944291b748bcfec4e2f3c17623884db7a17b9f21,0.5100163,1,0,0
c44f982e89b63a97190638cd12bd8bee2bafb883,0.35323557,0,0,0
fb46b941f7763314d667c437c06b1675e61c3d38,0.08037163,0,0,0
e9928c94ce1385ec72028336417f19f30ac38ac0,0.48994127,0,0,0
d4021487539b0f7758ec644f2e0d83df95c66bba,0.3920255,0,0,0
ac62c1c29f319a97a2552c39f32c8e6acd70c9e1,0.45875683,0,0,0
dc08bb8ea6cdf01188f6699559e779e6cc296287,0.43281832,0,0,0
82b8ecc3275d7c3578a6531ac3f1da3ffada9dcc,0.47107968,0,0,0
36ce032b612fc0a1156d28bca7327e06337c8815,0.054259773,0,0,0
2f22533ef41533e2b839a6b41b262dca59e6dbf9,0.103980795,0,0,0
39a3cd0f4210dbec1ae8ef39a87d34b76eac91a3,0.31769544,0,0,0
1f470253c46471033048383c027192e757480492,0.45414016,0,0,0
9c40a7bb3c9aca51d17490960c988dfb7b5acebb,0.07444974,0,0,0
7f8e952abc4d2fc4b96c97a51aa25fcf6ed8af02,0.5769118,1,0,0
bd0b5af025fab9cad8f94260138741c252f45fc8,0.25774604,0,0,0
e036d60d8a210d5ac28b2e5c51a45ceb82b58f09,0.49673715,0,0,0
626014eaf093fc2e3b53f5ad00c425bc209e1428,0.05868445,0,0,0
5c85b8dda5f3047732a17b818256b9289274d071,0.51588994,1,0,0
ea402becca436dc1a8e47ac9385a3db475b49355,0.4193802,0,0,0
255f10834a67cf13518316de0e2c8a345677ebbf,0.5086965,1,0,0
044de16c14076019f87763b7b58c45664ee57c11,0.041707944,0,0,0
e54ca615f213f5db6d34d9163c97eec98920d7a7,0.11189233,0,0,0
07a42d3ffd034e467e49b5c449d4f5f81c471cc5,0.045233462,0,0,0
e6da0f682436e1387ad68e86edf7418c0f7cb368,0.44583687,0,0,0
59ec4f018963eb55e32fafc2b924826c39c09682,0.57112193,1,0,0
ece4b70cce24b89483236b4cff079c10597d680a,0.11062466,0,0,0
09d28fe7995db1a4da2c651d362007d2082c663c,0.41927347,0,0,0
98c27699cbcf65c3d9d655ecbcd67adcd8b45b05,0.48002654,0,0,0
71cff7c5940b7101ff098601850d46b7a4698180,0.059515975,0,0,0
89e0607cf6470dda1a6a47b46abf37468df4e50f,0.0654855,0,0,0
6fb60857be1fed21bdacc4ce830bbf99103b6fdd,0.34875298,0,0,0
3634821fa515365618209f0452443728e7290fca,0.3534304,0,0,0
2fd62ee4d524c270764e9b91dca72e5cf1a005b7,0.028977167,0,0,0
a703ee75c40e0207f6831c4d48e1c7e62f160305,0.034617435,0,0,0
fd7cfed070c2aab60521afb7dcc633a0b7abea80,0.523342,1,0,0
1de41ef4baeee1c95e245837299f8be265294445,0.043334268,0,0,0
9491d7a61681f7acc7103a6d1d45efe96f7981d2,0.3869931,0,0,0
2d3203b10cc8edf71a6e3e0822f0d742c9516aa3,0.45153627,0,0,0
d55a572e5867832f6d5755fcd46101da51a38aa4,0.09767028,0,0,0
170cfa758547b4d9be50058ad93cf60ce0da5564,0.4977456,0,0,0
3783ca4476fec8186c867e4e57084e649c318c6b,0.027824469,0,0,0
4d996d1bac1bb1886cd9c473ba00e53e3c19cf3e,0.44184822,0,0,0
445cb9dc2f07553f8e1e5f7c1150f00fbb05c63f,0.4712735,0,0,0
ad80bfe559e7380fedd7998daea5f27393ab643b,0.4188646,0,0,0
3d2d4fd1588c8eb3f67f34d75b66967d0c7b06b6,0.46654937,0,0,0
d54fad867da7f762ac4c0d947adffdc1f8f356f1,0.34338468,0,0,0
12bbaf3550d56bc945b50f538b5f18af93bd316a,0.51303864,1,0,0
150c578edb161bdb2e8c039f0914984f570ef8f0,0.22929733,0,0,0
af977adc43a071a09652fea4ce3deba2d5b8d171,0.3185887,0,0,0
e021734b62ea5ac273e516b4ac83727cbb99ec08,0.051595576,0,0,0
b635beb6efc07a97c143775c78a32d42b3b73c8e,0.046698492,0,0,0
3fd2492fcce073f0c36e4d7e23e34881557e6e5e,0.5019933,1,0,0
a918c493296c88da94b36600213c7c188f2589b4,0.044532344,0,0,0
9181e1d536bafedcb3587ca30e5b6e2d66f06bf0,0.41607118,0,0,0
cc8bdf1d13639d12d02170d40cc4890180bbabc5,0.036262408,0,0,0
33ee5497490cbc97f3eabe9ef7a6391e4dbee8bc,0.09435698,0,0,0
dc61e510126aaa1a95a46fe39bf1529f394147e9,0.22839352,0,0,0
d320a457a9de67be25a03f79e1695d549a0145f3,0.056137398,0,0,0
94ae6c84d22ed33e158b3cc822ca4a0484c829c9,0.04329895,0,0,0
e9e36cdc44a68662885e35773187cca00d20239e,0.037399497,0,0,0
7d4041d827aed7d9f3eb14310b824a2faa96b8b4,0.49302503,0,1,0
6f5f99440e7117ee3bb6407e06745fff14bb2a4d,0.3515046,0,1,0
3eb4be60cf00c20e46b75fb72366dd0649700c2f,0.50747097,1,1,0
edbd9842cfca892b10c2e9c8da0384fe005cd67a,0.3870006,0,1,0
bc8e23808b9d8d0c9b67270ef35d04ebd9d89cc8,0.60838014,1,1,0
635e41ea181c5fee8860a7044c84ae3557b51189,0.5779499,1,1,0
c4ddbe6456c9631c301171098a8ac016eb4e582c,0.62483126,1,1,0
63f1d6b83bc10a2880f5ec17a172fab284d2eff5,0.553631,1,1,0
10e18ae9b47dfe04573884739823d64825105694,0.38705355,0,1,0
d3252a5ca5571e0a97e9a31966ec6b847a3a8574,0.47457552,0,1,0
86c76dd5ea04d1881a52d79113d6dbb1d57c38a6,0.64657706,1,1,0
73a8fba6fb23af45ee77f52f33bb8d791a9caa05,0.54474497,1,1,0
e8db7237a9c347d2225fce9b49ff92bb741adffa,0.42377383,0,1,0
7af67bdd16a4f103bbe6334c5a865436c900adfe,0.28372568,0,1,0
71d7c3264239c55b6e2daf89c44c5685085f26dd,0.36759236,0,1,0
958029bdd45c3e341eb146031ed38b4487d7b0b7,0.39332464,0,1,0
5556026ed1dc17e70946a4a030842ade3a33baeb,0.43240196,0,1,0
3c92830ec51fb6b6e9a7ca2fb8fda324cd33e48a,0.5852493,1,1,0
0fe9685c8a78ba2d780a3ec1e1a323990dc6d218,0.5836891,1,1,0
bd7788b384a87024ddd6bbe6a9bd9a167cf2ec12,0.32094386,0,1,0
dfecbe970917754511a081f8b86efac211e624f6,0.53105253,1,1,0
ef51b068aef14fa347710497cfb67aa9c6e65c0d,0.32079092,0,0,0
173c162a45b4be6fcbf7a30c44d1953062a25086,0.2800435,0,0,0
c4c03a33c8b8b94eaf75d368473bdd10a21cd0df,0.10181768,0,0,0
2fefdc7dc3c9afbbe534ff69db5a754be0716b11,0.3667262,0,0,0
f525bc3ccd9cfb69603bd9778998263a458415d0,0.38464478,0,0,0
9072a7615a54d5e753cf088326d9e14f1a5a6751,0.2921263,0,0,0
11491d355da8a851d6badb6348b10d8c4acc9d8e,0.23293471,0,0,0
2bc2ffde1f4752e7a8c7ea0a51c559faae194786,0.3336873,0,0,0
35f1cc00274122c0274b522d0b544a06faaba931,0.41254783,0,0,0
98817e88f04cc6757c42ae52d653b63cb85af486,0.03599582,0,0,0
83775c432382b9c0367362491d0dc515bf0e131c,0.22407551,0,0,0
a498b87dbcaa0a61c6088d7156258a3cb06638cb,0.03720484,0,0,0
34558845e3777afdc1bf90ebbcb2017ca17aea86,0.06192042,0,0,0
59985b43f0868d9a4a588d9ca1debd03108f8cd9,0.39491403,0,0,0
8ea1aa1e7cc427c28a89878fd2dfcb110c992b20,0.3053653,0,0,0
d4c7f63054e584b69024664bc2f221faf9863519,0.05262273,0,0,0
20c733229df741e57b8ac205788ece2d563b2f3d,0.4281421,0,0,0
3051264e1bc1d41a29c9dae7935c090568f64af4,0.04725288,0,0,0
db0f2304bd7c3ced65cbdfe9e17e80fe0774c13c,0.1567852,0,0,0
2f67045b9647de10ea5d01d8d1e98ac7de3e1cfb,0.17205913,0,0,0
7ef106b23772995e4307f84afd1bee4e2337ce0c,0.040694665,0,0,0
71f6746f81bb9650f6f228ea204d85ba2c5b7392,0.02843909,0,0,0
2ed96f00f724c3331d6b56b6b5650b9632f43954,0.032188565,0,0,0
3720683699bb830a4aae6fb66a78ce7079ad2c56,0.03835644,0,0,0
df37e605fe4b027406bd9dd85b320526ab12a122,0.24513139,0,0,0
4ad74f449258781e9df189413423ffd6ad95c526,0.03329745,0,0,0
d81ea83a0eb1761bb4e90a91f3b70f23f88a7d2a,0.29055,0,0,0
e2c0ea4374c02539ad9bc6c4328b74f25eb72405,0.05458808,0,0,0
cf42ae522e12e9b412e1a1f008ea73cfd86a5979,0.022511525,0,0,0
fb7335ab163588fe6ee67ef26d3b3edad5cf4bd5,0.44831306,0,0,0
e580d35e1a07431109a5835411142bd1c1c2b3b7,0.03140911,0,0,0
ea60fbe0633082a131bbb18de94fa60a04eddcc4,0.18458186,0,0,0
90e31fd93fdcaedadcd4b030fbc20f7375672def,0.029964335,0,0,0
52adf52e4669b54399fa50f2624826c06a19cb7e,0.07018302,0,0,0
71e515ab6d2007d34d96df5604f74c6fba92c0d7,0.22858718,0,0,0
6d23e85570fe1139cf5ef3bc9b4e57ea73680b6e,0.20007096,0,0,0
cb83f7cb31e50f265e098c5380b3f0051e257f46,0.03548336,0,0,0
2584b4a0ef536e59bf28ba140844597a093d848d,0.027593464,0,0,0
cac520971206093d32bf17925f880bd06d93f736,0.4301873,0,0,0
6a99050166c945a226d5f8275ce4a9dca3518285,0.19701518,0,0,0
6dbb48c8e685f65f45ad5df9f7684bed910036c8,0.026520476,0,0,0
260e0e0cd21af7b03ab0dae33b4978233db67773,0.06472104,0,0,0
b5749b4f54b30c0c2050e456c12cfcf516434f13,0.06665125,0,0,0
07ec8ad2dd862c8669b2557b995ec5180663d73f,0.04710658,0,0,0
28656559d2fc67193a84d5cbc48d378b2016f74a,0.4988026,0,0,0
0add1e8975336c65513b26123d48b221e2515ddc,0.5537414,1,0,0
8e7ea70a33ecb8db5207849ea6371b4a5a8ffd26,0.27741984,0,0,0
6f653f6bb82757963a87d725808c080109e7e3e8,0.06706191,0,0,0
1974c83561d09cf73a575f992fbd8416e3354d20,0.049599867,0,0,0
37c20df721522b175bc9df3f06a361297010df5e,0.26129565,0,0,0
061450a927ba1cc65f7b984f4ff41866ec2eceac,0.5095723,1,0,0
60b32953a968e5623f82a6b27d6c679bc17c48e5,0.32564145,0,0,0
f175a241c811d2d0843026b2dde5c3ae308cfb95,0.02948361,0,0,0
ea1a69d638d97d5ffc451b32d240479357e02b0a,0.026673544,0,0,0
cae70c10b4451ee3b919764f72dc4a4caf0f6f27,0.025737418,0,0,0
c0c7112dcdeb75b521d55cd47d0c61be66b0499e,0.04973443,0,0,0
8d0214a7417addf790713440f10855dc279876fa,0.40041494,0,0,0
e2ec4f2fdb2bb8d97f64a33e9ac288d52854a530,0.35107657,0,0,0
fc73151cfca36ea2641f340700dbe339b9e1f103,0.043811813,0,0,0
dfc9888860bf192cedde21e5e843bc3caad4b74b,0.4059814,0,0,0
5f9e0851da9e74c12e04f5a62cb7aeb1a8ab7589,0.027029563,0,0,0
7d5a61ed64315bd6570c5cb55c1f53853a3fffa5,0.15243834,0,0,0
82152f41ac8a727c2f0042bd555452dc2dda11b1,0.41924924,0,0,0
474a837858a8e7a98316f97e9ed387d0161015f2,0.049208794,0,0,0
39380da86acc717f419da48f070f8cf7d9f9ec94,0.30932936,0,0,0
0e266204f535aa48f74d4f2480b2268c13e26b22,0.054389603,0,0,0
5b7608d1549989d92dd159392c19d9ba8ce0e62e,0.059605747,0,0,0
e79a590e0cdabd93883aca964db2a862ff3f8490,0.043967612,0,0,0
ec4d8a9a6b783f1d5d603d5272c94deb1e7375ef,0.026519954,0,0,0
507451866c98cf9e2ddff1008fc0152935ed9e20,0.11353757,0,0,0
8ac3334a04928faab627aef4daf4ac51c28a95ef,0.41754684,0,0,0
6bb871786e563ed82e2b8d26314c22772808fe5d,0.029929949,0,0,0
633ce604968078151e03363d5c67042af74310e3,0.05753866,0,0,0
18b3437c15d78c54510964728486831822809d9c,0.46856803,0,0,0
d68f7f5f44924ddee14428e16b7458e2878baef2,0.024111649,0,0,0
a48071b0d489420bfdc0c2ed7254d1dba243f700,0.04014903,0,0,0
5637a5204ffd7b77f569ed28f85610eb782a159e,0.060243994,0,0,0
0611710c619e67affe9e3b6471943d0ccdb9da73,0.40286228,0,0,0
ff3492b06299c0a38c029c8d7a524d0027de357f,0.2728707,0,0,0
0343b4fda87161265acf30d5ee61e525e751358d,0.040579334,0,0,0
756ccc935ef2a8f9f48e96f28c7c622ffb3e6627,0.18557851,0,0,0
612236c8a77d5d8c4755e287f682cf06d773a902,0.056887586,0,0,0
f37f4b68f3343e2b8f8d82c40398f975116102f2,0.022746412,0,0,0
0822b4226f31e50ec244d311e56e3446a8e5811f,0.02327618,0,0,0
06b7cd3a31c4565ceb0a127273ef800a3d084caf,0.037634455,0,0,0
04b55bc7ca0b0ac444fdc8ad01acef8172852a8f,0.34716678,0,0,0
54ff33b2ad26e3969cc59d7f2723563dee3e37dc,0.07590786,0,0,0
54e63005446a2b0a4255ba16838122c5808ef886,0.051206872,0,0,0
1a002c67f2d3c198411a62165e53b31d6b414aa3,0.046295438,0,0,0
ec2fa6bd5695b36435cc66ca4cdd8183d077a0cf,0.05195718,0,0,0
52b46e74dd29eb3eb65a593a872fd57694bc154c,0.047343865,0,0,0
59022fb870c2c45a27e00943003c5acdeddaeec3,0.041837316,0,0,0
03fe88ab71cf2eadaa39654786c3fba713742768,0.04913049,0,0,0
a0b798c27a0312df2a110073bd7888993e56d05c,0.08470919,0,0,0
fb7784fa1472b4c55d329aacae672f416e11a703,0.27169558,0,0,0
5fb158cc05a9ec78e31e49abb654e00a7b65721b,0.401712,0,0,0
f59a674a26d349b7069158023194ad0d7a38a9e4,0.39068577,0,0,0
fad946a1d79486c5118a596e8ac67ef7d5189070,0.22180732,0,0,0
d190655a97c33c886997b9570697f432e7d3a21a,0.037771307,0,0,0
68acbc803e416a38616bc25505cb88dde81af5ca,0.027149888,0,0,0
e8a2c29721d145c52c970049e5469cfb0dcefd87,0.06351557,0,0,0
00fafe772ceb91c9f26d79f5a2f6c3695a141115,0.05185087,0,0,0
31466db6ecd115aa74616e14a75721b45c0f59f9,0.036833435,0,0,0
6d3796e64bdd5f3f4857bfca6982e6ecf98a2b33,0.49124673,0,0,0
131917a0d3303ca2c38fd1d6765b9bed2c23ff89,0.11259313,0,0,0
51512905c31ff19b91fc67b2cb3ddb5b1fa0fd51,0.2688329,0,0,0
56f0e1053c9aa767ffaeee37cf06a6056a221163,0.25992602,0,0,0
04b41e2c97fe5faaf521c2e0581c30e18e2f0c27,0.5443464,1,0,0
84d52919ec3b3c75f28a185ad7cd87603c3cc4cf,0.47802106,0,0,0
18f5f54ca0e78df12586e0750e257058746a5a39,0.6045448,1,0,0
bb76a6848b37cc3f418a370c56f597486618197b,0.59530085,1,0,0
69d4bf883cd7402d13497a40422d20096b2b9aa9,0.27942103,0,0,0
8bb3526317408fba3ae351719feb68703aa5fdbb,0.3897572,0,0,0
b212aa3c6fb91c34a0faccdf783a0a085d40be94,0.32763562,0,0,0
f8b1f6e7456a92b8aeb3e0aa8ef88936873dae00,0.03792026,0,0,0
04a5d83aecc325f87696c83b1a5dba45584ddaa7,0.028601585,0,0,0
c202aa8cec19d80f4671e77370287540a0777b7b,0.37781656,0,0,0
e55aaa5706f031df2e8d68bdf088604c79944246,0.041248173,0,0,0
63374a181393d941c805b6909c2ae5c41159e745,0.38741526,0,0,0
2b15e1f43de16d204a28f72a530abcc24208f4d5,0.29561922,0,0,0
4ceba113050407f10e116df7ecade93b1abcf6fb,0.32150102,0,0,0
5e5ba1b8129fc0d235b149ee699ecb2fdebfd39f,0.24400237,0,0,0
bcc7c0c85878d19735f4eb014e6b17a3c0deb0dc,0.41605553,0,0,0
f3a7cf629c19dc80734b5b6c3933fcc76c8a50a0,0.46172932,0,0,0
a72a5ced53067d3516ffbebf00a633743bbfeb5c,0.5954687,1,0,0
7642423cfa70fc797601afd64ad28ed1609df9d2,0.04540386,0,0,0
04e52eb6155b3cbf5fffc0d52689a3f679e40b19,0.64882,1,0,0
a1cde6ab707515ae014c2635f9d32ad0ba64e7a0,0.03786727,0,0,0
ff902c15612f2d771483ce6bb06e55609247c34e,0.44711986,0,0,0
3f796bf74666ff9a4a6d31f10dbde4fd5e837d6a,0.02661788,0,0,0
c158713b66856745427f793f14a5dd1fcaf941ee,0.026973492,0,0,0
e8300276291ae634eda52d812e6e8d7cfef2f8eb,0.02611347,0,0,0
fac65b868c549d28b786568636bbc8362d2a78f2,0.065499716,0,0,0
c99a787752770b8952297e24e07bd404cb2f4f74,0.060837828,0,0,0
b877fb9abef4a19eec9cc7329acbd433648b8f7b,0.08734727,0,0,0
2b52dedd56503bf89b28cfbad21f59e3dd4d1d32,0.02439729,0,0,0
bbd1dc343992fde4baaa0309178509dd07eed536,0.40720755,0,0,0
dd5a0e6e1e3edb41afb4b40e4ec2c99e5932e73c,0.044757307,0,0,0
864721d54b8b372808b098e13120abe5c22fb9b1,0.075188436,0,0,0
18b1bc203bdb236bfd9084193aa2d55d4b605139,0.38098705,0,0,0
b2c1afce7eb13ea44fc7d25562cc3bb83cc91b2f,0.50461316,1,0,0
5b223744b49d3ceac9608959d2db82bbadb47897,0.4916789,0,0,0
031f6b082ff21cf1138907a7c666d6ff391bfd72,0.42485633,0,0,0
afedbae8aca69a092d65766640361801bf2b5d9b,0.52749246,1,0,0
fd59e545f4f2d697ea7e197f002c5e8eeca27004,0.036961183,0,0,0
3eddcccba7e0361d6e833407320908187b16ac8d,0.028759494,0,0,0
34a5e7fa91aa7ec9e75a16eb6f3d859d794d399e,0.045289233,0,0,0
fbb5d31a581c24e925c442a7754358d2b62a669d,0.04875432,0,0,0
17e65488113a2dbe9894f824f4321a06ee009e02,0.03008255,0,0,0
9625891a7bbc0a8b11f7cf9c2b4650775ec8ac53,0.24033333,0,0,0
13cd4e0ac3ab76a4dc091eda457f9a111727cba2,0.051411536,0,0,0
8ef8e2a7a5326eef6180951207f65d3c29bce419,0.3369903,0,0,0
844b2901fe4049fba29ce8c6961dfa25966974ef,0.38429436,0,0,0
faeaa303b903139f36c15751c8e48ef982222842,0.4163901,0,0,0
5fef9575646f6583fd2d9ee01368b3deefe6ce82,0.04948482,0,0,0
6c687c70a1d5cdbc71c113b7d7402dd89a942849,0.4599957,0,0,0
c049aeeffd41dd9fb8075e719320846c83e5ea91,0.050163172,0,0,0
9bd439b4e0aa69050ef1baa537e552fa4620e5d4,0.061128896,0,0,0
8d6bc0ca625f3a1a98b486541fa613b2fac4b41c,0.07661003,0,0,0
d2fb3b0865a87cc909e4faab7733f993356141e2,0.027984092,0,0,0
10ebb32ce1806821518f52074f0d171fab20b3ea,0.36921933,0,0,0
caaf97ed8804ae3bf6fb17cd98a5814cab834688,0.48551524,0,0,0
ce0c082898e3551d313fb5b73763f399232b3fd5,0.31318212,0,0,0
bd9adbb637a8a4aa5eb61c6fde2c576d0ab3c4fa,0.51372766,1,0,0
e4b7ee81c1773eeb0bb71ca53bf722f046c16a16,0.3025019,0,0,0
aa31bc6c313789c344d715b7c1aeea0cd8de47e2,0.3368327,0,0,0
3899cc6570bd9176c84ad2d5d14febc6c0ddd964,0.30425617,0,0,0
648eebba22d6398a01b0924975bedced8469ac80,0.36388904,0,0,0
8d95ae41975a2307501aa0f4a7eba296c59edce9,0.04920908,0,0,0
1f56bd103d53c8c6ba7502c6586c26be01bfdb80,0.046861637,0,0,0
c7c85ee39892df3ca007c6596c41654865be7e43,0.3571829,0,0,0
c503d742f094dc2048b72c3f78f5e2e6070a44e1,0.08629447,0,0,0
a2d41db55aa46bd4fedb215c978f03e282cf1ffb,0.3174376,0,0,0
5ceb5f57212935386737ef4af0d066e9fd38c5a4,0.32724348,0,0,0
cf6b6d8eb1b524b73cdb74168f3190ab471aa52f,0.27647918,0,0,0
ff8fd9578ee8f66e6f80cd7b9f204767845b7339,0.23292297,0,0,0
ab60f735c721103ac888d8d7b801055921336687,0.29588908,0,0,0
a2660687980b36003a612eb89b40d6fdecb4b153,0.15221398,0,0,0
b3c31a379e9ad7cd22cb7f0669b82361ced84992,0.56601536,1,0,0
204ed0048f4812201ef65c9a0c44fa54a7d1e04f,0.06808371,0,0,0
103b64a373256feae6ca85f2bf220e7694e48fa4,0.4875125,0,0,0
9c506279188a90dbbe124386cc52016682d17b5c,0.20647487,0,0,0
8eace0187ea2c0c1a6e3a5b5e24e701f6e23ae94,0.26257023,0,0,0
72bbbbc559992e5e6bf17279d8194aaa80c62e85,0.31528398,0,0,0
feb7ba55120feb5e3ad3f526fae7dee1b5189d9e,0.3374663,0,0,0
bdb074610c87a210ea4c0d91d579cb4558f4b19f,0.08599896,0,0,0
64d820bffae723b9c8669301b246ae199db61b5c,0.056697775,0,0,0
d58d64ddb1f205a54c7eb57fe0cbec9c59cad8d6,0.2537737,0,0,0
d962a2b31c9a7216c2df557eaed3e475b13939f1,0.3855526,0,0,0
db6f7c1d74ba64211221a69cfa9fe7171a9199e8,0.50951207,1,0,0
1eecfc948bf6f4cbb9a2481313ca7368ec653056,0.40612832,0,0,0
ac5a216f767c6defa4da720c6ecb3baa05e30254,0.02631279,0,0,0
d9a2c69a9d1db6072e1d7b7ea4fcbd5c15d20b5d,0.0377973,0,0,0
d0f6be9886afaee6080cd4b7cd5d165c767b71f0,0.3171952,0,0,0
8ac857c41ec8ae02e57eb0c1c1a012525e7e14b9,0.025462717,0,0,0
10d2363fcdd6e15568f765ba0dfd5f0cfa0b04eb,0.04151591,0,0,0
8232c096cef785a2ba88a7324b882a7badb0af44,0.030913075,0,0,0
5f4249e2ec8cccb17b27a7ffd032c4fc237a6927,0.029087136,0,0,0
86a59601b570585dcb7a1ce3d1ccc8e16008f53a,0.3235659,0,0,0
809e2bed22f02264e0ac58bba070f6d84386cfc5,0.061357822,0,0,0
6423a7665516d738ae50d272e3b4ca72cdb89a9d,0.4446406,0,0,0
8274993e293a79fc75829df398233915a6387a4b,0.14819057,0,0,0
e2dbe55d56bd6c1209276050f527d36717e33e1d,0.35585645,0,0,0
10325422e5a4735aa87a4d47bdb377e09fe963d2,0.056882765,0,0,0
a069c490e8119189fa2b43d3b597b79b3d42a367,0.64049464,1,0,0
a945ecbbdda782b51d5c2c670345fbf4dffacab7,0.4032669,0,0,0
e4c72a5522aabfa6a660088aa9262d849756e464,0.29651144,0,0,0
0095d8adf26b9469115b1be0358cb09d1fcb5fd4,0.047816314,0,0,0
151f2cd3d80c006f4ec228cdf610c3a35feb195d,0.46589866,0,0,0
33884b226454324f27700f9069f4702b44ef8ced,0.28977156,0,0,0
23108b1bd90de315aed37fa3fc1f38f8a56ab9ba,0.048946436,0,0,0
d6644e4fbe3d125eed2d85e58fc7133466042f10,0.3183451,0,0,0
dc53e49b4afa5d59c533cf2b4918402c37411fbd,0.3250904,0,0,0
f9cab271b3bc8c2fb6e2c51449ad3bc07e62e174,0.50175637,1,0,0
383bc8eefae7e17d0bb0349ab2300488c655ec42,0.38367426,0,0,0
eafeca43268f16aa9d4a179e44b9e7747699c1eb,0.3041217,0,0,0
4733cb5b798cd72aed82a9118648b4a86c91539f,0.47221687,0,0,0
9f89fd4626bbb4e34a905835e397bcffbad59307,0.05568502,0,0,0
2dd459003e19e4bbc2811b10d38337f295fc5a19,0.031994306,0,0,0
8d601ab71228f7c3dff950540e7ee6e4043e9053,0.04618345,0,0,0
0f6a292a29fedd49741310cd517ac4ba907bf8d4,0.035740674,0,0,0
011775551ef75d75f81189eb4604fd0f2ed424ba,0.045829095,0,0,0
695342cb1cef42f30fd1a8496f181c92b21ae82d,0.49363628,0,0,0
c14890f08b9bb47ab8ad27f4dd4c714e32961d0d,0.5408866,1,0,0
f3d2d55ab9b783af65f2050272cd0318a9ad23a2,0.5494214,1,0,0
c0771cbc3c445a9d1d2a43ac4ce3c0edbc806957,0.09531823,0,0,0
3aface95813003ff75505e2ed7d75b072228d3f8,0.19154161,0,0,0
2c437a12bbc578442daaef85ab486d1e55763853,0.08780666,0,0,0
ab0570e63aae3027239dcd5d22caab95111a5de8,0.3694441,0,0,0
f015fb2b31a5621689a57ce9d2d300e5f32357e1,0.14354582,0,0,0
cf950e7365848130c5c2d57c871652e6f83e96a8,0.3893689,0,0,0
e6b830bf95f712672cb9e77cd852606cd134c5fc,0.4568899,0,0,0
09c52410e62b0e1e221d413d7ab18feefcca6bf7,0.16927773,0,0,0
9dcd87f9c46786f3da54af7ac1ba4696840dffa8,0.4521598,0,0,0
f55530a2ffd3c481f6554d98e9d73f2e8c62ec8d,0.47727004,0,0,0
dfd69e038cc7035031d1807c4ade870d2a7e2ece,0.3562062,0,0,0
a49ea7a65b7990b3e6e625bc8bfff7396ee49300,0.03452618,0,0,0
41bc4cd029fc486b5570ec344cdeae049bbca860,0.023494016,0,0,0
51b2cabf2c3737de06fc889b39d40240d1b134c2,0.04691135,0,0,0
8a05e0b0f640289c32f2f261f35450532cc2a1aa,0.05598738,0,0,0
2cd3f0f10a797b744509903b8eca4fd2fd4ed6f6,0.2879918,0,0,0
8c1a0d2ee1433681958809b4a0fede65f62936e6,0.10136043,0,0,0
a08ec31dbf212a033953dc6916a743dccbb93e37,0.05423949,0,0,0
795fe5d869594bde53f8490d75eedef6185b6c37,0.06496765,0,0,0
5556118ad13fbb80a56d7b8de6f960e9ff8255b8,0.06502365,0,0,0
f643b4fa939e89348618ddffae20a804f4461363,0.09115981,0,0,0
bd5cc81ed7f91865aee7a5a7febeb237220d0c5a,0.055718243,0,0,0
657704627b297a19a693645cf03c5c70ccd9a8bd,0.2060607,0,0,0
363cbf7908cfcc6a538126bcccf5c955afda6aa1,0.027507327,0,0,0
c636539836ecb541d9ef71f2d347772cf9f6bc52,0.027336357,0,0,0
7cf5e01c2a152a0b612cb19e02213879a57c14d2,0.33362347,0,0,0
e8d861359ade336badcac3211e5aa447097479a6,0.04997272,0,0,0
044367419dd317eb9f9935d8360280b8b8695462,0.24934807,0,0,0
86a082e8be8c51f07079ded82d6d125c9efc1791,0.30153182,0,0,0
ab25f67348d4885620df86497889c1826f013a73,0.038468212,0,0,0
07811434b773b6e1737fe7dd3775aeab8afb18b8,0.23009868,0,0,0
5bdf0a938adb384bfdb6cc494a2781e2ac33b0ea,0.07982983,0,0,0
30c85ad05363767deeefee577063c2c432b971d4,0.43181902,0,0,0
1661e5519c4836a5a940b13b7797263443156fc9,0.042801414,0,0,0
a64153a3710c5035988690f0acf57dd61b711cf4,0.32534555,0,0,0
954ade4c1ae2adc0aaac3a1dbe800495c519520c,0.4270207,0,0,0
4bd982d1a1df87724682c17c39bf27b5cbe389be,0.049344245,0,0,0
a6443e146f825291308319c6a0f2eb82aa34f8c3,0.38744712,0,0,0
914844e1b226a1ac7ba45626ecfdfb56e7b2e263,0.21200661,0,0,0
98fa164cd88d126d0f137f5bcb4a1d180e0c2fc4,0.04823918,0,0,0
c79e6fb8f95bb07d2394221b29b75fcc016f4900,0.14730734,0,0,0
6597c196521af500feef7a02610727eafa7ec1dc,0.05315248,0,0,0
4670a941be92a55fbaaa3b4055d444e07ffcadb0,0.04398809,0,0,0
cde4c529034e182a982fd842252ec410d213c34c,0.47604463,0,0,0
b5f5449cf338376d12404d0190054525987f4276,0.058010053,0,0,0
721a6e59f7e4f5c0f3196d3eb0e81cab5e41d065,0.02920855,0,0,0
c7c424fb9c3a39b6ea036242e44cdca324f7d104,0.028649317,0,0,0
a8f41ec97d139f5d0d7cf161e8484f2bb809facc,0.43862054,0,0,0
0181c8059c081d144cad36d003379bd50fcd9da7,0.03444508,0,0,0
90f0a680adf3eaa95e46e96d28ecd6848c74bfdd,0.06410914,0,0,0
12e597a78cbf9d82414b944a5b285d81a2e27e51,0.097281195,0,0,0
b45435c950e6f6864671bdffde29e26cdc8ce15b,0.07438537,0,0,0
4259a706ab8641f408afc3ce224b1c0ba5a43d17,0.40671176,0,0,0
f0f896ee600ea7ff66c083747f370453b914be48,0.10038168,0,0,0
5482ce61b003726a9476c76a4337e043af4318c0,0.03113881,0,0,0
31a9fa0cce769c976d74cdcb6e6ce8831793db7b,0.030821752,0,0,0
1a20867d01ef8ee5b32b0620125b7c38a10b80c5,0.04106885,0,0,0
1731949116a7278f2b729cbb9e505580c8f56980,0.13208993,0,0,0
b521820b23c45fd068618d10955eceed48801eff,0.047268745,0,0,0
661d16d190708a1a396d8b75ba10738e4574c11d,0.05035708,0,0,0
3c2673e82d33b6c9bef3005a896e5b0d52b108dd,0.029537778,0,0,0
99900ae089cf996bc969f0673349c06c2e6fbf1d,0.03163508,0,0,0
811dbe7226ba0ede04c2062c2dba8f72a1c03e58,0.42059994,0,0,0
9f7d03f09172afcf0a7be40e3262d151ef053b3c,0.31725353,0,0,0
3c89994355f3574078c832b2dcacba0e65e87ed1,0.48304635,0,0,0
d547412bbd2a1ca56769a2bfa13b7ed9547310ca,0.39725676,0,0,0
d3146a545612422d3f8078f10afa00342b327199,0.5067223,1,0,0
8f54030347e31e0b1492fe874a1f1b67b89b836a,0.49024352,0,0,0
f059e5f7fa1ac4a906b5d2e18d72d410bf28fa2d,0.37478274,0,0,0
a5e76ebc404d419651c2a25b1a62199de64cccf5,0.20873782,0,0,0
a91f76da21faf4e8b70f0f69c6db2521409e7d29,0.05571015,0,0,0
5a52446090a67b9b04b67a0b7aec94e73bd21930,0.03208889,0,0,0
82cc24437f43d07880d8883229477735431e5d02,0.06039706,0,0,0
859224ffadb79147088840732236c1fad341d842,0.0662503,0,0,0
314b6b56bec4af56dba667d66a25c1613f4bc800,0.49195528,0,0,0
8cafd87c83f4197f7e8d14de8cba453c844266c0,0.314817,0,0,0
a060733e63a9cc476342ca190d04ad027a241d33,0.04446284,0,0,0
e685d847b4c70e354e47ea3990cefda3265aa5c6,0.055076614,0,0,0
c8e648b92cc133a604b5e1f4da1ced943788e64b,0.2582164,0,0,0
ece2f255eed8ad9eff6e236152de65e804c6adb5,0.03037599,0,0,0
9766e22b42b7b3f3923cb9c2502dfc2dd5d0a5b0,0.028908767,0,0,0
776b86e99a1ce18a5093db457109807b766d49c1,0.03503249,0,0,0
e1bc286245ce5f798b5312d65bba64c71921a3f4,0.18912669,0,0,0
585b1cb97b4b9e81b55d68e04b6c1e1195058a8f,0.033030126,0,0,0
7587431987258e94748d5f2fda1e6ca049a21600,0.041897863,0,0,0
53def501409cd1f9e20ac43edba6f2949bb366c8,0.10926627,0,0,0
7c19a1ff4c217f03c0be62baf1169d689f566825,0.35620964,0,0,0
8cfc1b1207577943d412789765a3a2085f1b3036,0.11943488,0,0,0
577f7b3b5462fdf84c0956a3bec5296bf7821677,0.22237082,0,0,0
65b08c4f91a4e5d78eb645b46d06d7a46f8c62dd,0.3013254,0,0,0
0344ca3f2d43e3732bf16370262303be8761a523,0.3631981,0,0,0
c68285bb3392665827595ac408a5fad828b0351f,0.28602177,0,0,0
18e692478dcf91fdceb9b9fdca7c61a1111d63aa,0.34934267,0,0,0
f2d8493ac44995170ff84bb895e3a73e0127cc68,0.3187318,0,0,0
f5ebb9a649e9dd0773f9bd3457d6ce1895266d59,0.049015135,0,0,0
3e08af573f8b50da5202f55df62c925f88a47f3d,0.45981625,0,0,0
cc94767e7eabdfcf9d1cab1d8d1d8556864394c6,0.08294321,0,0,0
d6ad3f01574b839670d4ea5cf82a601eee7e0c16,0.445362,0,0,0
a2dce32cdab108e7e281dfc27dd0a394e1419ce1,0.03461076,0,0,0
fdf05fa29babe21e64f9a5b268dc8406d449d4f1,0.03545981,0,0,0
0b70b01a9f1d9664bb5eac737175f58f06979b60,0.0369005,0,0,0
7076b7408f06bc8a277f58e7bb6c2ec3372d5d6f,0.32520255,0,0,0
cc6beb2d05347fba64d933906ae2b712b1a43302,0.061227858,0,0,0
c7554151d3f695718a5bd431e22c7f4c39a0b261,0.042918537,0,0,0
ae862ae116f2056421ab8d6e997e7b64a95828a5,0.1875189,0,0,0
d65b9d2bed09847ef28b9ceb30c9f8a96e0c12fe,0.06059939,0,0,0
36217ee164239391c672fdfc8f5bd080beab5c4b,0.39884087,0,0,0
44854912194177d67cdfa1dc765ba684eb013a4c,0.5787486,1,0,0
fd60085a2a3891ab6db46dd3b75e9dd67a7c734a,0.5769193,1,0,0
f4bfd9c71f51fb541d0fd203f0df2e609632dc62,0.4428227,0,0,0
3b6867fc25b5dbf27925fdced660553ea8289dda,0.46259853,0,0,0
ed94e5a5cce33af89dc1b1475204734b17f64bb0,0.47766176,0,0,0
87eff4c78fac85c1b5f2309887f6be5fa2972537,0.11281057,0,0,0
732ea5e94fdf8fef42b5c21d001983fb24d2842a,0.02984677,0,0,0
09d70ce73dd37544c92621eecb7faf062fccbd5b,0.19474053,0,0,0
060e66bf995177adfc4d73a2a4c9bea70dc5e441,0.35566083,0,0,0
9a7de3974d64a5410e577933e141797928adca71,0.4952403,0,0,0
1e9e36640f762d29c07d8322c361ece163b179fb,0.2331305,0,0,0
c56b87d6efe530590b6d9a07e41ca00af208ce37,0.39099193,0,0,0
07f3694a5c85ff5ee8c556817c0d2ea3504f26f7,0.43474346,0,0,0
5cb988334179b4f04a27c59c1e6a888db0dbfc9c,0.5282332,1,0,0
713c77ceda21d0c3cc9c213341259d64fb46fdc7,0.5301139,1,0,0
729bcc46b503c1574c7c93a65e902f436b4ec6ec,0.0342352,0,0,0
6ea2fc8d38e035bafaa92c7d3b007be38c2e9000,0.045110848,0,0,0
95fce758b0e12837869cae450d8029d7237b0dbb,0.030309701,0,0,0
6ce88517b3af6d48c979b6e984889b69c044561c,0.031294882,0,0,0
b52c69b1b0ba1c542b917247f1f76deb4ce2a42d,0.04271125,0,0,0
125cfb4cab35daebe874a599877d6280b464212b,0.027290214,0,0,0
6f03c0ce11db4a270124b9bf93338d3db9fccf5c,0.033819593,0,0,0
96a1a31d734e663af5c9bcda58c7bb5870e8a363,0.025521562,0,0,0
7aad59482002d0b4bc3546259d33eab20ce76b9e,0.3420892,0,0,0
c1ffdbab58712cca8463b3edc88f9d5a09b0ca9c,0.16093998,0,0,0
758228f691b34c97f421ed92336772531495e0cc,0.0352316,0,0,0
a26c66a8edcf029ca5f94354cee0db267e9ccc20,0.07385929,0,0,0
8dae1f2904b93127f101bd36c1c79e801385a8f7,0.20045048,0,0,0
4f928504ea91c3c1dd43ce696acadf76624240a1,0.30779153,0,0,0
22c30471564c730b02f5f7cedec28fcfe5749fc6,0.034062076,0,0,0
10122741eac52e218771f30c6dc2c0aca54ff006,0.033559527,0,0,0
e863dcb2e7a654af6b8eb5865d8d1d8eee0a6d28,0.47905207,0,0,0
d8ec011d770e1e04ef4f87fba673f3748f363278,0.045637794,0,0,0
f7cbda67518ed7335566ebf942cd170a66746096,0.4181186,0,0,0
7d061e33e59e23dc4b03378f35f50a7d70f033b3,0.048362166,0,0,0
49a876cb1c2a49583b9184ab58a579ac75525986,0.3636803,0,0,0
6dfc3e64037f10b84fe203415e79e2435acff558,0.36122945,0,0,0
5fb74a6618da0ca8b12a3346038164913a5d27d5,0.3852944,0,0,0
f5a9effebd7209f3fa5385f18a5e59e8a09122f2,0.38149962,0,0,0
c614fbcc79615f93d2c60a153db6e82d7474c425,0.049335893,0,0,0
d575057852ab2be41abb39b8de69a35cace5c67d,0.5234061,1,0,0
c8e61afdb89c58ea8ffaf04593da41ff0888d30e,0.37153694,0,0,0
c3b1fefbad0c67c8556ba6b4573f135197f87598,0.35635322,0,0,0
60412131f3679b720bcaaaf3dea4be666cefea7a,0.058541164,0,0,0
2ce40494073aa4e9bdcba4c39d24727b7141d227,0.03377332,0,0,0
2e9f3a80146262511ca7bcdd3411f095dff4951d,0.04688495,0,0,0
2c0429aabd2632c8c6a242e4a23d5eb6f46035c0,0.43976372,0,0,0
bb3fe2a37975920d1c7b9cf16309d86fe86e1a35,0.42182183,0,0,0
cb686673a70a6f14c35575550c48c37d19a1598b,0.06759513,0,0,0
357fe1378889e5934e8f60c8d35397bf63871991,0.18655425,0,0,0
9c886bd4a188c91301029040b3a839e4b8e2812d,0.31359848,0,0,0
8b62c114cfc5fd347bd8cb5a391fdfa8cb539435,0.10336751,0,0,0
56b7ae44f957aeb884efc797ec74c790a7a3abae,0.038342424,0,0,0
17f9d22f334c91e701808808170bf60aae7342f9,0.031240042,0,0,0
9901bf98e4921df1c85e323c4b096b7feb80221e,0.34847695,0,0,0
aff0fae2ec3a7d74356776c183c6986eb9eed520,0.038169432,0,0,0
1415c9a2a6317dbdca6f1fbb530db1f558d9bef5,0.053739805,0,0,0
e51bd89201477092c32c180e4f8d00569db17ac1,0.04361654,0,0,0
efba54d35fa094de5e580b200a8607bfc7bd5a7a,0.048704226,0,0,0
58a8f12b443d7cbc16ec00b8841138ee55ee6630,0.32561275,0,0,0
e7d16c27629722a93a9d36a0b5e0a3a793850544,0.03779474,0,0,0
3fadfdd69f4682f05563ce53e55743f55813f488,0.0650586,0,0,0
bcc4f82a7aca3fe72142bd8d9ab3ac6c9d4d2767,0.476172,0,0,0
54acb6e10f33d5f71770323e9769d2dcc1130a86,0.031908695,0,0,0
bd4066eba88a772c06394d818d87aedca8bea53c,0.035793852,0,0,0
09ef69c5b51115300da6df43690cd455d83c8027,0.19035694,0,0,0
a5391bb34cbe168f2c5f5f6e8fc3a1eeb9399e13,0.47327024,0,0,0
96cb498f9bb88b534e49f9b8301c9fe7113b2dfe,0.46365863,0,0,0
f4a262df5204221184f1f5008b06957868684a25,0.45272887,0,0,0
81ee0d062c888d8f8bcbc154cd7f0143710f458c,0.37688556,0,0,0
4aa4291ffc143486757617b743c9670001f8a7cd,0.32440138,0,0,0
ae6a24dd439a7b778e35b484a3a6eae1a8eb64d7,0.44389167,0,0,0
9379d0d36acdf78455e81518b3b1476c7691f056,0.04333785,0,0,0
2521d9619fe1f052ced8ea1107851ac98a1b7488,0.05211292,0,0,0
7721302ae5d70d2986d74ae7e7df648bf849997d,0.051455855,0,0,0
1cec9a6fe588c047daa6c711814453840405561b,0.044008903,0,0,0
a36c903d4f1065bc59f5e6d2bb0f9d92a5e71d83,0.30524808,0,0,0
08aa21f9217df0a28d48be5be5db03ddf4867140,0.05264167,0,0,0
4f4e2b064e98ce1abce98428965f8eed86f4543e,0.35655862,0,0,0
2a11642511a3c69bac5aa1abd83d3219871395e3,0.045563743,0,0,0
ce178d8e87ff6f9a12aea4b217c1e09254936236,0.16556166,0,0,0
9fb4f47f352dc1c1f5f20de80840d39e1eebb985,0.22536,0,0,0
762641dcdbae9456aa2b72ec8fa1baa0acab942f,0.027367253,0,0,0
47a9ea7c828772625b9e26c0c7a6db494ea626a3,0.03575885,0,0,0
9d090d40ef488c6c8e0784da877b93a05034e339,0.5306699,1,1,0
e7e48da660e17bbe5c0f8959c2cb9f6d60555cab,0.047820654,0,0,0
5d369c4fc53a2ef5c47f16eced9fe917a87146a9,0.15993512,0,0,0
558f84322cefd02246c49666d7e7a3b2e2cddc13,0.28973603,0,0,0
b0580d508bdee2903f05d95d59e6e9a1dc9d710f,0.6085376,1,1,0
32155107dd982360e813d10d0c76f6f7cc2cc7bd,0.2401751,0,1,0
596afd4f5a73c7fc756d9bdc12c6613856ca27aa,0.78828,1,1,0
7f0046cf4e2161f0145e0e59a1b9684b04061916,0.18280114,0,0,0
1f5e68b5612053cf35b31a13c8b5e8341d892f93,0.022953339,0,0,0
b236d5259f95b755aa5e1d955c8f835312047d77,0.19271033,0,0,0
8fe95aaec201acc964ffca80954e60f7c57d7413,0.19339259,0,0,0
d5b16405c77037e37bd180843c1eba79117da7a6,0.18658386,0,0,0
d3aa5b77428d77f5954e30b14e7385c15f6f398b,0.17499363,0,0,0
83119a80aa1551bea003ea6b9e65b616b7795246,0.31016573,0,0,0
c4de3dd2bb8afb3323fc3aaf394a463aa4222768,0.24393527,0,0,0
f7f4b909d0961528c9b02ca5492b2a57a8df8bbe,0.33443066,0,0,0
bb3d861fcde210e45f3d3ac59d8ee6e1e4086cb9,0.22775207,0,0,0
1e6dceb8ccfd2c97379f78066ef4ad2b9a17b1d5,0.25380236,0,0,0
361b73775230d91b4ad9ed588d6d57f3a049e907,0.2746452,0,0,0
9a2f53d2d56fc58617f2bc7e8ce7f488dd05d47f,0.19897158,0,0,0
6ee118d2a12a4c0bde2c5b828e05ea9b18d4be2d,0.18444249,0,0,0
eef240cfdf77df4d3ec55c2f03dc52112dea7553,0.48944017,0,0,0
0ba5e75432717181296459b9bdc98f9cc3cb2c7d,0.3096407,0,0,0
5d83e4deb81aa7e06e4587809642e70ef9a03662,0.021258589,0,0,0
c635393fb9996ec9d33b32ca27a720d6d5593255,0.22739898,0,0,0
cf4d2789901be233792839384ba76b94dbd25888,0.18988207,0,0,0
46a1c86ab3f4e2068023a1faf1c704443f3f36e9,0.028041363,0,0,0
d31ea317a5fa6cac0e281bf0aec5367ebe45a217,0.29414174,0,0,0
88564caa20e4bee55287b258543cab35e9d3adf6,0.36201656,0,0,0
9f0af0bfee5a92e67ee54c185f49fb7c771c15ff,0.14439987,0,0,0
05f3b74fd581ea5f8946c64edcb293747b4d9a71,0.34902066,0,0,0
43e4df85bda71ca1500112912a83d3ed19868c4c,0.4179302,0,0,0
8283d966f47280f682a1407d499346a383d1b1a5,0.4436589,0,0,0
5878adfaf37ce37e6988956e4cd5c833c6ec61be,0.42197016,0,0,0
ace5ba00f7067d517a35713f439344f24144fb79,0.2708375,0,0,0
67e443370e06288fb2702d62c0206221413ab852,0.17838454,0,0,0
9687cf07f34bbf5f67c17e75cadd287b9f6662cb,0.14595167,0,0,0
94cfd56bd9092e0fd8579120630dba0c857b7777,0.4108836,0,0,0
077913c7e9eb8e4cf8863b7545bf53c2923066cc,0.17928007,0,0,0
fbb81a37f80fab1d1e21435782e034eade76114d,0.2710546,0,0,0
278eed3e1f7cfef2d39a25aba53f4478c3ad8c58,0.30625787,0,0,0
73dcea01b19ed9fc9c0d5a8c38e752bfe071c801,0.056644447,0,0,0
54bbca89040ed195b89478713fa4a181cb2bca3d,0.052063063,0,0,0
1fe64733a2a28b795bddb152e9adf7489b6ea7c2,0.32303226,0,0,0
1194c69fb122709872fd634ae9890cecd1d83e90,0.34942883,0,0,0
709aa7bf9c998cc75f6e0be7d258aa5a07ebce8b,0.34118527,0,0,0
cdacd4a987755572bd4d6d328b371644ac07ecd2,0.4070593,0,0,0
ee7ed6e655c08774387f9ee60ce11b84d7901cd1,0.14989889,0,0,0
edd64cfd822ae2ca2faa8dc1c73edc38a6e19f0f,0.42844737,0,0,0
ed085d064c0f80b0bcf382550d10fe6b6fc9f283,0.17654748,0,0,0
4a025d3f8e31bc3e944399990b3a4baedb90e630,0.3241968,0,0,0
157aa8daebcc6a464cfb350de346cc550ac13d15,0.023145594,0,0,0
0dee0324f694b1e035b9c3dcc6923278defe1d3e,0.38555598,0,0,0
136b96c803ce4353f2cca2b24171ddbe74345fe6,0.34003097,0,0,0
99c63edb10e945d466dafcbacbb6fe930f2a31ec,0.26649636,0,0,0
1c8fbeaec2ee80d45b78742d63aeec0c9d0c4e9a,0.27681273,0,0,0
b1162d812eebc9298b7fd62eac1dac119ae5f271,0.2757965,0,0,0
125c820e8d43df150ac09c9da5b38dcc1ea6e03e,0.27014613,0,0,0
680752e1414c07fe4357d5b6fe3052f3d9dfa374,0.16805674,0,0,0
f36d6870f2e1feef7f1d6fffeda056fa72c051f5,0.16017167,0,0,0
62e69cf4f2fcb3ad8bdc44f75f8a9e3e20ca7337,0.02166091,0,0,0
7df57879c92a467cd71860e6cfe14a04a49fd031,0.4302898,0,0,0
fe63f95fbff43495e57ebc37350798dee024cf9a,0.29755217,0,0,0
719d0c56036111d07c46ab5b0f379f62f14ecdc6,0.110659264,0,0,0
4951344fb2ce246e0cc5a2dff90d24cea6eb3a75,0.042665534,0,0,0
c151913ae25d55814c40b7f922886d52c7086787,0.10221416,0,0,0
ba1e716261e055f84baa9a47f9ae2ba959d54390,0.16751975,0,0,0
894fd838fb695d794fbd28cc66c82b80a9688c91,0.038146637,0,0,0
ed7710f41c594c030188917cc773adbb6107383d,0.026116015,0,0,0
11ddae0a3570fdeaa421e4e378ae14bc173598ba,0.025166668,0,0,0
9e8b370391f5b3e71cc349a2ff556d8a3cdf1232,0.026933666,0,0,0
15ee56bd0f91ef807a3e729ab3410a834ef3fcef,0.02871384,0,0,0
72784c46f6a7d7644398db5c7ac8bd3822c523d4,0.057554673,0,0,0
90559c49bae582697906598c735385c19daa6da6,0.44689035,0,0,0
b34856498ed290a4883b077db0d4df2991ba190f,0.09805505,0,0,0
8cc80dd1a449f98924ca9e74970b35f940d43800,0.029423133,0,0,0
84a844af5d30ea41750071dc8140a56e9e146bc8,0.18879008,0,0,0
6f95e26fc92e929fde30d592e7572493d360ea3d,0.2311803,0,0,0
fc3d530961ce4f23fd2c8310f82d6d1fdaae6c16,0.27304462,0,0,0
53c08a37ef81ed2aa3ab57f5933ebbc5db68328b,0.27855512,0,0,0
bd861c0d8009bbd51137bb97d15d5aeb8902eb2f,0.27301872,0,0,0
584a10fda56263ec0ed555f9866a1a82851a83b0,0.32798308,0,0,0
aa0c114ac9636012a941ebee49d69cbd6f6291e6,0.23087572,0,0,0
bae09b4838de43ab6a8be25ee25d0d11f0fe7477,0.32652932,0,0,0
4d8331ef9c3993ae1d3c091a758b24cb9a037fe4,0.1745135,0,0,0
1d1cb74151d6fa0272d607d06ffb85ff4a50e972,0.17361614,0,0,0
6602d00afa7a5f32218784dc54975cae5540a255,0.0974874,0,0,0
cd78c96d225752e3656a2f1a302298370b55a4c9,0.20174289,0,0,0
f27cca133f9a28899e00488ef56b2f8a2700a68e,0.18395709,0,0,0
3fe52d0cd85c01eadc44933df5596d177c3ecebb,0.12428403,0,0,0
81d1982c3cbf56f77e2edf3f063ff84e6e748549,0.17883383,0,0,0
e32f477085a9b6f658463bbbf355405980c515bb,0.16029057,0,0,0
7419cdb1fbff1096edca78bc5db34f7fdb3b7342,0.17526117,0,0,0
ce1f9e29288cdef4fc295ec2d5b4f846f0b732d3,0.175399,0,0,0
60a8028d22b88ee2f2d7cf7657ed35f4046efe79,0.14409332,0,0,0
c779a5ddb807f1a84e1e6a5e43a0f1296dd565cf,0.14856122,0,0,0
c2bfafd4bb8ed95e30dce29e65a9afce26a7d860,0.13143429,0,0,0
e48157a0de54d6b82137d62dde9cdbb4bf5c6f40,0.15117356,0,0,0
6d908d014c25ef3da000789dd56de0b6e7c9ea8e,0.15799077,0,0,0
5bef000847001240749e50239a25ea69485c849b,0.16547392,0,0,0
82c1bee3f786f96fda51243f4cc6d50995bd90b6,0.17543453,0,0,0
5f84693e1db2c35b9b797614e17136655c433335,0.19516441,0,0,0
dc8138a8a9b022d156c4d04b2491b269661db396,0.23312439,0,0,0
233746d8fdb7e71a63b5cddb55421eec87bbcc4f,0.21354014,0,0,0
84daf6aee0175303801e710dd2d326ce252d2f88,0.18222629,0,0,0
6df343df2635e7e0518a09c374532ebf22a30529,0.20118117,0,0,0
6cf4249650d72cf21ae3addacb5202089923ad91,0.025389517,0,0,0
d990feb36764cda778e6b4ce9469654229ac716f,0.21468648,0,0,0
393fa5df9262c339e004e061809c73d7637a909b,0.22268572,0,0,0
59899e1c820cd3fb8789b9cf8648b269b97763be,0.2090182,0,0,0
2ddd54a7ddfead528f2b1de92dc8dd16be7f5f89,0.26293188,0,0,0
c7599fd2a84b3d58473fd16c5df4034a8658e925,0.15583405,0,0,0
82b547ad25147df44f27a3534a5b618755217378,0.26241845,0,0,0
62e56cd3884d224e42cc8b449ef631a0909a19a3,0.31359106,0,0,0
a85fe84ce63f873b760e311f27ec42e05f1b3f42,0.17225184,0,0,0
0a114bbdb01548a69c7a8c155bbdef7785ecb389,0.3437583,0,0,0
5310e25a6cb79eafb21408fabd744f9a76c2a020,0.04970786,0,0,0
8834c8e380b7278fc37a4e6b80a9198a895d8280,0.03348581,0,0,0
b9284992ea3c8c484893517ee9df3b2274296959,0.3425837,0,0,0
939527bcc5b80a1788d876d7e47fb45d71d21424,0.19887266,0,0,0
26e77ea86294f5a9aa929f9acf7dd76a046453bd,0.18710408,0,0,0
3adcd2103d1be4feca870536e8f7a7549f6d492c,0.22424988,0,0,0
2edb7a20f3856723fc715f7c72e10e72ea7df385,0.2646609,0,0,0
9843210e5755d2584efd3496d59e50e721187842,0.22892508,0,0,0
e6cde856d76935ce2ca5323579d2557f5412c774,0.285358,0,0,0
c460996e75df489d6bbcb732763c10d01e62516f,0.4337,0,0,0
115198b9c94bc66c7a659a04d0e2f65959ce9297,0.1420426,0,0,0
276552d5e73525cdd29d9e809659d35f34c5250e,0.15157738,0,0,0
c0e4ebfbb0f8c38ef672394015f47fd72ba06cda,0.1130103,0,0,0
c61154272699761265a1f2e5282ff1bdaf714b6a,0.33466703,0,0,0
f0b18d27f01492af6874baa8415ad17511eb5d4b,0.41841078,0,0,0
45a0337e1d9d23126dcaeff9c0ad96c5b4011957,0.03854646,0,0,0
90f4139bf75c94aa1ed62c5f64c3ffd78a1441d2,0.048219867,0,0,0
67c51ed7ef1d7acc4010e45eaf8088bd91cb702d,0.39268047,0,0,0
9acc3e824e2efa2e496df8458d207b5fb5722e6d,0.32334667,0,0,0
9dbf8388c5bfa0c7beb15e835b3a5e6fc74ecbf8,0.037235767,0,0,0
f30855735a40daaffda15794d7abbc6ab8c699d8,0.2230691,0,0,0
39513f9142cb82b84181a11905b3866a49d5a3c0,0.042266335,0,0,0
289e7a769ec9ab110f85848b281c4c143ba84e57,0.22806981,0,0,0
930015a137f6bc34127d7646b36d0550842fedfb,0.031567935,0,0,0
a270ff62852e62b5ac0f943a7e57292a72b77271,0.032927964,0,0,0
9f0d58985f4588981eefaca0408e767eff1bef73,0.41550764,0,0,0
8f346f9f1263b2fd5923abc0956134df15fd9325,0.4319851,0,0,0
ee851e403b5ab4b6b33713b08f9568e966ace052,0.040080957,0,0,0
55e8eac25d81f07bebb16d812c97edaf1393083f,0.46830392,0,0,0
c8bdf60d1d0be609094e14054be0b9af0fb05521,0.033940423,0,0,0
9d4f2ba886b003980f2c37a4de7a3e6c3c701820,0.038633086,0,0,0
8713af90d540e7bb01f8ba1fd99f6c04e41a7433,0.03509987,0,0,0
eed8a7adb3de7441751e846f4a75d110dd205f23,0.10056873,0,0,0
b9e2a97758ba6c007fcda160c4d8b0528bdbfebd,0.122776225,0,0,0
07de4dd578727555bb94ed421498f455838b317d,0.25107124,0,0,0
641aa1c663ebead0189bf001a06ee56463070ddb,0.06490092,0,0,0
b9522976f462687b0693b7229ba5c7faee0cb74b,0.024500052,0,0,0
2fd2a76110af7ae07712af01708cc00310af64ef,0.37163055,0,0,0
5723ce72d04c8ff7af8f245518cc48291701db0d,0.28864327,0,0,0
611c73889b772dab7315c952902d5c649635126b,0.05580905,0,0,0
b5b45d3260bc83d2432566dfbf22f0897240bece,0.049540874,0,0,0
22daa5f1dd4396e94224841b3bf0e9f226e86695,0.040536176,0,0,0
4a9bcd0f5211c91c4c2f47313c8f8013d0dfe03e,0.037420984,0,0,0
864fda4370a8d1bbd942400dd899653fd5d85244,0.034778465,0,0,0
96eddd6ae1427222986eca344b898b3332792a01,0.22221082,0,0,0
8da9a65b6398931af18febe082299c5c4b932924,0.23501445,0,0,0
8354ffffce024a97ef5e05b7cef4a82c263fc07f,0.12220667,0,0,0
0ca8f9b9feb2d74c6373d1762b1eb4a6b1f7f4b8,0.27455753,0,0,0
13467cbc7f319f7f7e9e9185a673714736e77b83,0.021213563,0,0,0
e63c5361937cc2598a3cd030f79733cc8c22b6fd,0.052448604,0,0,0
bbf65339023bf627a1843073cab699ca1831aa96,0.030897992,0,0,0
56706c8203ed023a3d21784b6e7fab40375eb9d0,0.04334951,0,0,0
274c9c1d37a47ae9bc1cdec1b0b0e4189dd44845,0.40894592,0,0,0
b88b065aa955d7a7d8f74c427b05d2243eda0779,0.044952758,0,0,0
949d74737327f114ae97a18f9bb4a4f5626b59a5,0.26816288,0,0,0
9f1dabed562e5953af25369121fa7fe221a20276,0.2963526,0,0,0
d86509b09672b874de2f933a511a1f74af6814f7,0.23522455,0,0,0
525d1fd7ca383b3426341c58ba9e2d2e886a59ac,0.37815598,0,0,0
a528bcb1ebafb1eeae14fd3e305f3636d6c04717,0.14652897,0,0,0
c4190304baa18d3a376c3c2232f45f63c479a5b8,0.37647378,0,0,0
bce159a0c905f673b8e0e4c9899543a812fb904d,0.3488266,0,0,0
333971caf33dcc05b6f714fada447e9417f6fdc0,0.25271606,0,0,0
9a6e25230eccfa131d40eefbc4f48a13ac31d640,0.2926313,0,0,0
b1c45ac691d46a8c609f2534d2adfa59c0599527,0.41519392,0,0,0
23747116069c150e26e0dd42d61331b1108e1e01,0.25746998,0,0,0
74ad2114700446837ed451f36107a056301a65fc,0.039443992,0,0,0
dc9032be284c70f53d8f9031cc90e01678a0e55f,0.23628148,0,0,0
6b9e6419fc944d3b5eac58187a6cd56e97328c2d,0.27282536,0,0,0
a424d2ff172aa3be9eb5155e732e6f61915d7b5e,0.023010561,0,0,0
004d5e672e9b2734a4c27f0e20504fc615da3476,0.08077048,0,0,0
b6b59b189c1274ae43e844863c7a2468c0e16b4d,0.021546882,0,0,0
73733206b943f8a03d18574eb7585285eeef05b9,0.31177747,0,0,0
fff00791ed30f338ffc085f099be5517dc359261,0.54664254,1,0,0
b8ed8bbd5eaaa6d3e463bde3accffdf3dcbb77b7,0.5443983,1,0,0
256420016e2321dfd266f9a2ebf672516cc936ac,0.055013627,0,0,0
c4161ee29051c6e44773fd1837d2080489727dbf,0.20926048,0,0,0
06e7d46a49c5d31abca644fadc2e3ecf6f9001a9,0.026153233,0,0,0
1e8a31f417256b9f555b537a09c13f1135addbf6,0.38010132,0,0,0
2d79319a8d4a3ea256ba1bb6364c1330518134a9,0.031805955,0,0,0
2a491590568140349f776b2a63bcb4ce74d147ce,0.33875638,0,0,0
32080b32a4eed0719b79f4be332ff5a55468ab7f,0.022282345,0,0,0
3f66e516a7f5833be9c87911952465220acef149,0.26657048,0,0,0
2a069edb7e7c46ef3c1f56e8fb6cadb779ed2e42,0.18328264,0,0,0
963757362ab2ff0f1636008815549322fef1148c,0.02993204,0,0,0
9f673d4da60a889ad5fefb6fadba1c40bb3e735d,0.09076368,0,0,0
1688a5a2444b3b636741d5675646b0b74820b4fb,0.05305968,0,0,0
284b6f5477838fce398036497e1acc206b1eaaeb,0.03953695,0,0,0
ffe28c43e0486d443234701ab9d791e703c88071,0.2522312,0,0,0
3761b5514470d3f06c9076b0821430d0c2cb2da7,0.29372624,0,0,0
a36442f0d08bb1a5b964b4c77d4c64eaf251c3e9,0.36577016,0,0,0
2ecede5902f9a132a632b8431a35daf5174e1a80,0.25048968,0,0,0
4a2e49fd8daa81cf2ce331c3a3795844e79814b0,0.03569017,0,0,0
8c44a71208f640835d7a205a7b6e58dc065d8dcc,0.03390224,0,0,0
74abd625bcaaffccddc3ca9faa1402b179c251e7,0.051827975,0,0,0
ea64efd6dc61cd9c9b1207d2da37fdbea14d6b50,0.25763813,0,0,0
530049b41c9f42e11144fbad4d1fec65ff0956e9,0.29063174,0,0,0
66c451d618577c1a1e1bf964ff990574782c3bb5,0.03242454,0,0,0
a10c6b01425a9c21cf687294bac43a63de0a0d3c,0.2568791,0,0,0
f9f92677a92ef76f92c90521904c20b8512b05ff,0.43125355,0,0,0
989135e762d3f00767240e7b42ee9e1cccbe43dd,0.57812846,1,1,0
12cd61925c37177a82d2adc76f6475e662030e12,0.4390258,0,1,0
17f4a06be88ed9c950e562aa72755c7a493b8ae9,0.48709705,0,1,0
c3768b0fba8f2f565118c611f4ced4bd6143d022,0.48563677,0,1,0
16d64a96a0a07468bb8b2d3293d374bd4373cd70,0.17962436,0,0,0
1f0919e28420fbd1568ea1c1fd4cf7b46eca9b04,0.14919814,0,0,0
4e347adfdb1a84535440d6c9f392d134a84969fd,0.19133097,0,0,0
9818f5ce6f76224f0d5d5c8ad583d854b8cc6872,0.14432709,0,0,0
dca231dd1b2629f45e65cf46b6f91803fb448aa2,0.17817062,0,0,0
9930786b2d05890fd071332dd1b9d7d7ad0e1b3d,0.10768048,0,0,0
b367c37c2e92ae652e49b361425bdc7ab3390f25,0.09759747,0,0,0
bbd32a63be1334620c1f52bcf4494de4b1e6931c,0.15855569,0,0,0
6868968abdfb03229bb0dd60e57a502db45394bc,0.16298297,0,0,0
3fcfac543d8e54b93695ea5f32b1820c5e5849dd,0.19829583,0,0,0
af50960c662e2d006dccd4156ca85ba3b2d3d5b9,0.093834534,0,0,0
99d1ccf360643d89b88bdd218fa917d365d95cde,0.09675681,0,0,0
3c32e5384eec3142bb017fde824dd1cc0db48876,0.023434246,0,0,0
b4621118821f29afd3d5ea47eb8a684f4e5ed3ee,0.067989394,0,0,0
eb3f760c1c38fe3910d979e75093da67f685e2f5,0.06320536,0,0,0
efb03bdc301d917b746e6716f2a074f54ded723b,0.08082966,0,0,0
3ff71911718c07ca1016ca855aece547061db85e,0.0726998,0,0,0
01f84f2b0d9c13ac82ad471469b6a5692d0f8cbb,0.23565084,0,0,0
a95c1598ef693cbd7d874c33eae82433693b75d4,0.10575393,0,0,0
6fb796db3d138b4e97dc1fceadf6bfdad74a3533,0.11542921,0,0,0
cae430631d5472394441cc82e142103c3a70dc83,0.18946818,0,0,0
47b76cc60f7b73188cbb47a0879aabfa0228be31,0.099647015,0,0,0
c64d12958fc711d667f26d0173bbaf96157d629a,0.20965034,0,0,0
643590426ee7255ee5e1e661b9e2ac8a9052dbed,0.22357368,0,0,0
31ad1256c66f47e58b7ef40955953e4a1c6bdbf0,0.19214448,0,0,0
3c984c22552eda0fb5b200efb3f239213a4a04ca,0.023027437,0,0,0
95db7d0aab9bea25d3a14db42a7787ef77861f45,0.21358587,0,0,0
1d6f5e40ff44f08fa67c6a2b57f7ae4a5e4b0be6,0.053803872,0,0,0
e0270b0562d42658a57c4fcbf0cddfb5673baf5c,0.16483766,0,0,0
6eebee491388abd2ad61a15d3f28b167c9f0f7dd,0.17924774,0,0,0
ae3f537711b1375c4892130d65cb60928549cf58,0.045866087,0,0,0
25ac3249dc2a40bd52ceccc9251c8446b036d197,0.0525191,0,0,0
6ce9662add46e3cf144be07f7ebf18e2d25a7abc,0.039384108,0,0,0
111c4a5e54dbb1bec6537eca02618e2287bd23be,0.36108944,0,0,0
e30788367dc7ce4e4e2d8152bc7370af8ac2fd0c,0.2803898,0,0,0
b1875ac1abf9ae86f5a589c5144c8c9902a1dfa2,0.40537587,0,0,0
307ed458578e68e68918d3ccdcf4798c57e084f2,0.5378551,1,0,0
0caff290df54a8a3b653840fe257fea94807d697,0.04165823,0,0,0
b44b3d95b321cef0281cdf130e8c286bfdcd60af,0.03267348,0,0,0
8f77bd63d8b5b2ab593b134fef2bf5e59bed0441,0.30220425,0,0,0
4e410e068b8d367c53766a7da712b1b6f3fd8101,0.036003854,0,0,0
2412c90ba5584fed123fa6a33e752e6c8eaf74e9,0.07360895,0,0,0
47ed0c7cdcb4d516e41769e38a9cd5ef4d01713d,0.041091498,0,0,0
f5ea49326cd5c09f0782b0d1bcbdcde9053ee316,0.3465103,0,0,0
7b0388878e522468f90ea163b15ccfba05616c95,0.026223158,0,0,0
a653374b2871d67f51cbb4ad2083444e9c3afe1c,0.2843143,0,0,0
430f96525f80fe4909208ee4d2aaff81c312aff5,0.24846642,0,0,0
295d46aeedf3660d89d6c578b84c410089f9b1b9,0.28454342,0,0,0
7c05411f80b6748b6b2197d2014bb98c8b0857c0,0.28168994,0,0,0
140846cf81678649b6bc29497c3534aebaa1f6c3,0.31087798,0,0,0
0512bc21bf4d0f1e391e4158adf0ae145d408ee6,0.36854893,0,0,0
283e14cbbdfa5bd246a3ea9dee5739959f64b4c5,0.08370757,0,0,0
354b72afb59ff145afffebbeac8a7478d4140e75,0.2262111,0,0,0
15c72674ebb4bd99790de97b5645f1531a3a7c00,0.25535244,0,0,0
1a3d74470eab60d668859571938b470723726139,0.03175488,0,0,0
330d5cf99c1eefe3fe86dae260a8873068650866,0.27963495,0,0,0
586b6ee15f526d585628a7162d10f08deea6a93e,0.02343033,0,0,0
71491e23d68df50555c52db62ae9bfc0a2543b6a,0.023928935,0,0,0
e56b2b598a2742ae8ac97ada82a97655b538ee94,0.025380166,0,0,0
3d129b7e2f6373f7885336225d3edc93b3f624d2,0.030615915,0,0,0
4d3dc80e4b3f7fd0e034d544345a568d6d5c5d26,0.031190895,0,0,0
269e6693ca1f05bb7e2623c538b9b934fa688f41,0.026995381,0,0,0
c2452a5af3b2f1db542175221dbc19eb492f02f3,0.040315107,0,0,0
9ac217fc697b3afd0963b897edbfac265ba2f571,0.2887738,0,0,0
a5f357667b195f9cbebc1d1de8f70c6e0c28dc3f,0.027114341,0,0,0
c3d13908a2e8ca7b9832fa693ca72bc228a4e92d,0.22337426,0,0,0
283351276ff704df65779624e195701a21f0e25c,0.05713846,0,0,0
38e3e41049464fa3b8ffc1e810f87c18d91a7bc4,0.02853448,0,0,0
49eaf68b54f4114a0176ee56790d8415fd64876a,0.058291044,0,0,0
42308f780fe3d0c2223c121493f97c747226bc17,0.14533369,0,0,0
ce5ead2f93b92c815f1304fd51dc3fd3338cf19b,0.52158076,1,0,0
e8ebc1e1dfe2b0bb7b9f549ff35bd2d1a1fcd2f4,0.19428243,0,0,0
a76f39d4b284633c6792d8c7977abf8fb52a017b,0.17663825,0,0,0
97a64af2d6adc157f6ec9e4d4855b2924caa69ac,0.33564916,0,0,0
5e2559e3ac936ed985d5fa9d7160a284b9a83644,0.2377739,0,0,0
dbd77cf4fb93996fb7f312bba2aaddb87e5d6a39,0.3301409,0,0,0
1e8be6ff174f1d7027e848d5788d63ef9827c659,0.41377044,0,0,0
0847a34f6d1f15d3d35ddd9f3283d54c1355b299,0.03834851,0,0,0
d1cc91686abf34d073ffc496506da9ef712984b5,0.06414599,0,0,0
0030e4bbbd3cd3cea505bb1e4f1edbfec5986fd1,0.26884007,0,0,0
3b6dec3c581f883cf9dff6f04512011cf277f586,0.27220765,0,0,0
c1ea2007d4f6527bd174869603f53841380b5c31,0.09121655,0,0,0
87361f16b0eb35ab5fe25fe2ce3cb57a96dcedbb,0.036445986,0,0,0
f10f849935076a7c773283789c75a4c35b9e6c03,0.0861363,0,0,0
034be5fcdabeed034bfb562ae7014e021caadd7f,0.2578252,0,0,0
8c52cbf8dcba19310a569a23ad3e940836b5e7ce,0.030635588,0,0,0
9d4e26a501903d404a809acc8ce93df1751a5429,0.40246686,0,0,0
7dbcbaa0d72723a1682dfe340fe05b2f0d3cd3a7,0.27701345,0,0,0
b3240c0b4dec02d8a511b831e07eb0d03094f677,0.057047516,0,0,0
d37a2097286c6385bf8cc757944bb3568672d873,0.08204614,0,0,0
39ed7bdf558cd8286e62492f6c91d2af73f807aa,0.299897,0,0,0
100bab5d8bdcbf802af6437fcd778e7f2b9bffbb,0.027664836,0,0,0
21892745c86fa03b465cdfabb99554e9659b1941,0.048066534,0,0,0
511499162fc2ea958f3c78b1081225d335b52227,0.30531275,0,0,0
fe718980550f0221041cfdb56f83638c328cfb9d,0.041088935,0,0,0
8f577fbc1c44a4e5e39551cad677978452ea0797,0.3596816,0,0,0
76c125c3b74a390a39cdcd6666cf7e9cea0e5c1d,0.46866643,0,1,0
203918573c29676b179b673aa7e41366dc4215d9,0.45699096,0,1,0
c82fe35c48bd0082c16644d16d82d1be79d6b9d1,0.049223546,0,0,0
158d178c58e892ba87d782ecf436d30c038d464e,0.25962025,0,0,0
e8c09f05be1310ea2ded05bdd808c46a1e4485e2,0.24582368,0,0,0
b184666c1975fa4050121c694e09a88060854eec,0.22119705,0,0,0
b83e111c619232be9ba0a7bba682ebc141b618b8,0.15660232,0,0,0
2a6c6ca711f0f0d6aeef30853d5eb05bc68c2e85,0.31728926,0,0,0
01911a40eaebf2aefbac34cb2760f7f77ccd07a6,0.2822908,0,0,0
ec733cbbf25c103c2c661625717527448a42663d,0.39738077,0,0,0
300578058c7d6db0671648cbc5bfca84fce6285d,0.2430798,0,0,0
63950ad11917411d82d9adbd0ad1ccc4884ebb4d,0.24970293,0,0,0
f9d6655b42d8e1b1071f78cd7f1e38cbaa20350e,0.23265767,0,0,0
858aa75ed257a24acb983df372f634c3fc6c49c7,0.27606997,0,0,0
76a941217f9272693b5484ef360e8cf6491ef3a4,0.41772592,0,0,0
7ff71807ce589931a56ae6f1306af43c6b8632e7,0.25692078,0,0,0
bb1135e50c27938eeeeb6e6c1ffb3882dceb9f1e,0.55850005,1,0,0
f0299220ba7dc33b1865068db0c184147283a9e4,0.06636945,0,0,0
4a6c36401518a45a709ade671d442e061138d3ec,0.03905673,0,0,0
ae5df796be80dfafb523072e4efb30e34dbee46e,0.13535199,0,0,0
7e19596505676c5b300bddc39792289441634f02,0.2968493,0,0,0
55e9d25f779a3ba726a9904641e656de93a1fac3,0.36574617,0,0,0
3b6468ac4f765262f68d3d289d25bea3da521c16,0.29789117,0,0,0
89b1661fde38bd12c4d83b9fbe696db0c8657a78,0.020634592,0,0,0
f054152346cbd7c8afcdcdaf55c39f9967edacf1,0.029536078,0,0,0
346009fc677b252d052e9ee22c6a4cd2be10a032,0.051319163,0,0,0
4c84e204cbce349f3c5722750561b91607d3fcae,0.4596755,0,0,0
c353239c4fd22b8991e1488ce81218b1c9769bf9,0.19250375,0,0,0
516f6889c9153a59110d3ee9bdd907e95e10cc08,0.18038455,0,0,0
7b6bf45d83c3ec028e686318b8d4f1a061723908,0.1613567,0,0,0
817666037d3c09b9138b161964b0fafc76d65998,0.5114271,1,0,0
c3b831fa7e4ad148d8e3abe2a0e3c089029044ed,0.3066085,0,0,0
5a5bbc662104afe8f020d89d6e560f2897678984,0.24817133,0,0,0
f8c39cfd773d797adc1b4ee19aa8fc17268946ec,0.33813655,0,0,0
8ab0ecd0af3932f40b931e1d84b2951f7777a305,0.47532308,0,0,0
599e57b27c19953487dfa3828432b8ecc7cb8b38,0.22339045,0,0,0
68ae60d779e3bf4a46064fc1b537057478a627e4,0.1854607,0,0,0
c600de52e107d1fd3d5a9c1aa1bdbbd6754622a7,0.32839763,0,0,0
8939061a3c0218dd3fd27f96f3e60e48f74622c6,0.39060456,0,0,0
cff360a340b48070d88a48f06e8748a916ce52e9,0.24687018,0,0,0
52cfbfd91e60db255c3285c90b94cb6e3a75fdb7,0.34994763,0,0,0
ae31e56476646b33b0c2a1f03bb095145a22097f,0.30527273,0,0,0
0b683acf0a5910fdc4235d3103eccbfdebbb18ff,0.37071455,0,0,0
861646b25a39dcdf79bcf5a7643bfeb28e137a8c,0.147581,0,0,0
3ea4d5d580a78213504a4611fc7bbab58b93db0c,0.31370893,0,0,0
b5955f5948a973a248731b774773bd225af39c82,0.19137366,0,0,0
09db9daa292e74b6bcff84edf406aec41ecf536c,0.38001826,0,0,0
410ab04290294dec74180043dc2aa635ca1e4e80,0.026288679,0,0,0
efe3699122699151984e8499da9d42673a42851a,0.49868584,0,0,0
d2f27093d7d95a07da901902f894d88b4ecc3e95,0.03725689,0,0,0
ca30fae3acb59a5caef3c3c21eecae7c928827e0,0.37090155,0,0,0
5ef5bd199a4e3df74479b4b363fa29b0b3092547,0.0376884,0,0,0
9e8eec78a71b7d1274043f55c9a5fc7811d53132,0.5654752,1,0,0
6a0a1876772e74a1d4a7c82669784f8bcca8397e,0.239909,0,0,0
8c5c6b936ee6d1afb75cc2cbc151887937dbcca5,0.23519595,0,0,0
484698c5415bb578cb480845e2dfa930d3d49d9c,0.33338198,0,0,0
29a7e67999568a5c86b32ef513a90d5d090ad2b2,0.58368695,1,0,0
87f142f5c85c9a7e86d02b4599e3973e773f3d41,0.03919093,0,0,0
d664776d4cf41d7e1e46b92bd8a4e907cd3bd438,0.18597817,0,0,0
847a6d07793a198d28819731e5166f9ed3845164,0.2721866,0,0,0
fea1da48fef9e28026704e9cadaeba3e0ecbf6dd,0.047090854,0,0,0
c7a5a6afd5d2f7d8c3d518ca625b7d8a1445934a,0.34829268,0,0,0
0fdd249cadaecd32a39d25301f5242f9a92ed351,0.31190774,0,0,0
a9690db48eadd3643adc34cafd6ccc5d4a5bf589,0.20142576,0,0,0
e9a2edc877ebf928ad0c056273f64cdc861ba609,0.02564824,0,0,0
74989844d7692245f9e19b0e803d748c73e91e41,0.43317562,0,0,0
4d1c77bae99174b67a462bd5a44950ae08f46796,0.35139322,0,0,0
90211fccfc48dc36b7cd81a1ce18e1506a6f15a7,0.21859396,0,0,0
e246d2ac01f1ac741aa4673aed3d028e08a63c73,0.14373775,0,0,0
36fccb4325f924bf46babd4d8d60226f8dd3f154,0.2121875,0,0,0
5ce931b904d1f2961078b99049c293c11e779fec,0.16564631,0,0,0
cbbeae7719943308494825574a0002ea649b3de3,0.7047986,1,1,0
eec10fcf0c795bdfacef4c9933585f65f953fd58,0.4584318,0,1,0
516c38fd95fff30841f9af370f50cf1f7733c209,0.6251064,1,1,0
33c95771c804abc02223f24a0234343b93ffde56,0.3173257,0,1,0
b88dd3ed853738b8e7fe9652b953db569bf7f79d,0.44806388,0,1,0
a2ba6d54852aceda5e3bf9285730da743ef04e77,0.4731855,0,1,0
350f01c78374b4df99c1a84cc32122eeeb48b036,0.49285042,0,1,0
03239b0ea42312c7b5daf4520c1ce1caaf6189fd,0.21524672,0,1,0
a428e428df2766f1d1b2b793b3f812344fa61fdc,0.35659453,0,1,0
f1a582111a26c4044c289d96ced42fc1621212d1,0.46470973,0,1,0
5c9661c300bad40cbacdb391637dacc991f16da6,0.3801454,0,1,0
daa69a5981c7c12e0af5922f0a07653446261b07,0.5710757,1,1,0
1fbb16b037e62c6af90ab89ab3ac8d3633c59a90,0.5233155,1,1,0
03cb05cebcc65b923e03fa9f41d664885bdb38ed,0.26710704,0,0,0
f4b675664a7c633bdd62d5f85fcf3f95d11ade9b,0.24390803,0,0,0
4344ff7331a4f8908478e72c5c232c7a9d5dc403,0.17148213,0,0,0
5375fd9dc55f1dd01e155af8646d1ec67bd6be29,0.19372198,0,0,0
0bc43314c1216a88d0e281e7ed66244c47c57c56,0.32406512,0,0,0
30fce9d42c5675e9cae0db0401181f84a73a293b,0.042021032,0,0,0
abf07558021a0ecc50c265dcbdc5f2f99fdbeb35,0.49964523,0,0,0
3112bc302f32a74c827d672ca84a80091b0700d4,0.488017,0,0,0
7e89c9cc80bc3fd2aab64f25dd816c6d14790988,0.069966115,0,0,0
2247ff9601374845012558ecf5963ebb7e1066c5,0.39673916,0,0,0
76390c0b54bf145f65532ffe1e7b24639f108247,0.22300297,0,0,0
9a92b8526cd13e092b5185a59c7ff0f68a1ad56e,0.41217235,0,0,0
6ae55beb2d28bd6cf36780b4c58da41854dc8248,0.36872146,0,0,0
d681042e60a3a1e92f4c891ce9dcffd672868e7f,0.1521498,0,0,0
a793612b9e09795feb253aab9a738bd1f7280700,0.45526633,0,0,0
22fe7f3c8b3fa204c2406c3d15811b2581e1b7b5,0.062054362,0,0,0
3856d3f0a0826be3ccc6b160e740d5c7176df743,0.20924282,0,0,0
4cc3f6e7dbee9e3684884780af82822485c4c7c2,0.351962,0,0,0
4d00e14ec8d1e83533a8aeb788437568b417ca88,0.06051005,0,0,0
b6ae1d09c384b57115bb34ed94c90e256e4b66b9,0.06513338,0,0,0
11fcc89fec70aae7eeda710e2bd26d93cb3c05c6,0.24376814,0,0,0
496691bfd82374f1c1bfee8719309343c2fa878d,0.24305399,0,0,0
6f379134ae1807cd404ed6c9579707e5dc6a6df0,0.09982047,0,0,0
db586baee29fc90f79898e9a274cc1bd585b5f53,0.39904878,0,0,0
a67bdc013c9fd965abaca375b9b47554a115f40e,0.5786773,1,0,0
b745af3975a0bb3acddbc59ef85860d08221a010,0.02421577,0,0,0
90a73a4dee53129e33a552e49cb7835ecebb3a5f,0.099037625,0,0,0
31ac0e5f3594a4517ba2be1735b1219cf85c715a,0.029691271,0,0,0
5499fa02b08b8546827a1a055c5af3f0245257d9,0.3267811,0,0,0
1261172afdae9a4b15dc9f691583261a1b020ccc,0.27691844,0,0,0
64573bb2e0bd2c7a7b1282b8a574a4796ae61609,0.03109645,0,0,0
b09b95124bc27f39e27ecfed90ce40947bcbf663,0.029895287,0,0,0
5481dd326025de2da7d89089cb969759972e7a8c,0.06463305,0,0,0
992911d0fcd230497ee3fc50dcf49042b7372a47,0.028160287,0,0,0
d0595b7121f57f1f49fe7fdc384479dd73ad64f5,0.036499627,0,0,0
cd1d329dba95dae161317c123269c24282001a66,0.04938919,0,0,0
3e3a1388368e8e4421fed0b5222904d40a8805ce,0.3955047,0,0,0
9f5af267e8c143e16f8b20fddb02ada096ee9df8,0.027355287,0,0,0
f8a7156259dcc1b3321086939234d80b6ab828c6,0.4915369,0,0,0
661008f8238acb71301b172a6aa9aaa8114d0c9c,0.24265593,0,0,0
469cf4d886f9a184168ba2d179899a600725d4c4,0.47488964,0,0,0
12d9a805a6df7afdccfac94a7061d369cc986efa,0.02725448,0,0,0
e83b4d8484cdb3dcef44ce3aede866663b526158,0.41997153,0,0,0
ff0e842058091b3310340f51a130a65a1cf6f725,0.3392087,0,0,0
a123142d947dbf38fc053c29291b555872c91ff2,0.07539111,0,0,0
45b5e0cb3a4a499ff8b0594c082d490d7b7b7c1d,0.22565186,0,0,0
29ce3e0e9ecc31a5c3cecb19246ff978fc7e7c20,0.3622366,0,0,0
3bf9dad70ea4b93de850312cec2681f3242280c7,0.032292973,0,0,0
90d775ce2270c35a7c514f5638b8a3b23d5a4f3c,0.48201337,0,0,0
0194bb8ca57e5a4a3fd5fe3c39b0ccdeb4711043,0.372495,0,0,0
f8e33e702ca0570076c58eaa7a83baeefece9553,0.46355903,0,0,0
6c203ab46b24751c285f021caad9d8969cf2f45f,0.24872999,0,0,0
5b56985334a63d63cdd9bbea30f225013302a7d3,0.36875218,0,0,0
bf0dd95b52e0627c10c072f8b05fbad3f86fda71,0.37750304,0,0,0
bfbe9966ab45dc4787fdbc55735241023d826d95,0.4470732,0,0,0
69f38e81872d70705fd7919df3d771f28c22dadc,0.041520476,0,0,0
c5c231e643365485c5805cbca81070a51429de9c,0.4321487,0,0,0
96531689d341eb26103356410280447e94529b5a,0.5705622,1,1,0
da7e55cc7aac7cb806699d234dbb90a455c21502,0.15679035,0,0,0
6913193d33ed83bcb98cbdb94ce410069ce2513e,0.09931024,0,0,0
7f65af524d6b7fa43743a3c5593c3c57fee3e9d6,0.20931125,0,0,0
4493ec15a72045bcea25a4c6c9b4858ad5448b7f,0.2560498,0,0,0
1f207424031bd81af858ffc98e64152b3ce2f22c,0.04114903,0,0,0
cf9cbbdae44b88a7cc982765bed085b434f4816e,0.3540875,0,0,0
00d9578b74a107e3811c407ecc3da2bcdb166f81,0.040530168,0,0,0
3410aed6696622cb6b7b8bec088f9a92ea55227f,0.076239705,0,0,0
8d34352d3ca40ccee76e1473d3e132f7bd8d4a62,0.18931012,0,0,0
a04afd1f20290d0097b1ed9ef2a4f476e0b79ac0,0.038320754,0,0,0
825419f9128cb7bd01ca31b0179bff96bf1a5ce5,0.03892108,0,0,0
6215969d2a1f8d95667c208af868758c8636c234,0.25807813,0,0,0
79f997c1d6976f5327cbe5e80676a65245d961ac,0.268271,0,0,0
4ec3674e06fd98a10de28be7ba6c6036e64116fe,0.29772156,0,0,0
6eed45b023ff3c609ef423f28fc87b42d0614f79,0.09601951,0,0,0
002e4de0d68ffab9af339283f02659472a1febe7,0.053852282,0,0,0
ef8eb3d269274d2e6e4915875d027ada1efa0470,0.18537274,0,0,0
78b8d323635b47f68a93da04f04d221f3412d9e0,0.27050284,0,0,0
055cbd0d42dfec901c7b2532f7a71f937b1d4756,0.033744667,0,0,0
771841e493ddd9839a4c029db6b217fe19968148,0.25661087,0,0,0
39f6f7fd6333da2b983f7d9001a7a51f31fa9434,0.277244,0,0,0
6bb1b9a7bcf9d4d1aa0f4c12bb0cbb4cf4e2cc71,0.31841838,0,0,0
4824774675ec1a2c9e7b1469dd93a6bd09854210,0.24739838,0,0,0
717800fc588389b143b5c8ac20a0289a9217715d,0.20549697,0,0,0
0471658da03f5b01537153a72c0ffa7132709900,0.12786706,0,0,0
bc69f94466efb770e78d1bd89a8a1bd460fc437a,0.27500078,0,0,0
7a4fc498fbe96e83af20c5d0576c42a761fe3d95,0.17540641,0,0,0
3e438a80fc5ae21862125b13e9ada9b5c30d27cd,0.17057928,0,0,0
15b4031ba94a60f20b854e6ce2c7964d77086387,0.26270822,0,0,0
543970edafd3f8e08d945612d09663060718ae94,0.42847717,0,0,0
80e4a06124a712fde81bbee093ba2ddd71851c93,0.41405055,0,0,0
454a82cb2ad2853544e641c8c80f5ed34bbeb1c5,0.019977963,0,0,0
a2bde0190da2e32a5925df5aae1f2c37a4498bf0,0.07954929,0,0,0
f9dfa3fa6b9a28439f1226c202c41df9fe2e4380,0.25877663,0,0,0
c50da916c252ab282d978da3f114b81d91ec2912,0.26979288,0,0,0
e0bc1afd7878a91fbc30e79941af8a797637ef22,0.05215867,0,0,0
aa75d3aebeb30d1bb3ab0ecabd60201bfb3aaff4,0.19414675,0,0,0
76f12abd9d81587eda4c50e7816c75607b4b23ee,0.27156672,0,0,0
9900d951d41ceb438be79b2bf1822aa6cfd1f37b,0.34380442,0,0,0
f6dbdcf3acc3009f3ae17d607a2ac898e804395f,0.31360394,0,0,0
110084e432a04d061d71768c23f500f283081e31,0.3077631,0,0,0
656abed01d37434d69881ca1292dee710209bf51,0.29961225,0,0,0
d6d2307a9ca0ecf8c540b3bf7183de5d550ab099,0.35298288,0,0,0
801f4f4b10c788212d555729d5eed92ee1a02036,0.27040362,0,0,0
5fa1935c52f3866f0675e9fd64bd04d153b9f225,0.34273335,0,0,0
d728087751d2e6f19504876d7a3f40ee7b1f4d28,0.19627853,0,0,0
e0fc7b4dc80a31bffc8c8f87a2fe4153e6cd0cfb,0.28505886,0,0,0
5b743d5e7270fa41de8b4fd6ced0d82a6e38c38a,0.4563548,0,0,0
dc565c4fc02421b58db9c0f0cb9bfe767d904216,0.31167647,0,0,0
ad56c3889328fed27f021bba3f071f676fc4ffe0,0.05010295,0,0,0
47e13b0fa2ca7fb11e52abd429d538c3c9ab07ed,0.2769088,0,0,0
97c6c963e2045def1f19c650f638b304f6464c19,0.2859907,0,0,0
0b7369cbb67e46586e9e031c693564ce7ca583c7,0.304368,0,0,0
2fdea0d5f462d48a97aaca3b987a716ca2934f24,0.33111796,0,0,0
2645862ccff2183b731e7d6f1a66df6f2b04a99b,0.5274344,1,0,0
27df5e894a2133e122ca7e78c5de45d26f7210a3,0.17327802,0,0,0
619aa9bff4055f51df04f5f837605785a998e9b8,0.25302947,0,0,0
4c55341a48427f7bc0ce30f0699c673f7e69f63d,0.37390065,0,0,0
27ae87a59cb2f0d06ea21d4a886f3afb9a14247d,0.39457434,0,0,0
962128ce971b2edd3fc9e4a85b417fba01a0246e,0.3394455,0,0,0
287254724ea66841b932fb5f6d8cbe37b04eea81,0.31241977,0,0,0
2b0fdf8fe719f234635f652bce0a5b2abf03bc4b,0.03065279,0,0,0
75d8364771414b52179e7084cad838b6c0a0660a,0.056776926,0,0,0
1fdb3a719283209e417d57b2d77ce93540de4cda,0.31347165,0,0,0
174f3ef3f43b680468d7535d5fa8ce3fb3a4d113,0.28830388,0,0,0
8ff705130a6c360e7d2009cb9f1a4d0a307985f5,0.22559579,0,0,0
a61f3728d4e2c6454dd0069148397745b6b3a5bf,0.021863615,0,0,0
f568436033fac9fe4dc9b38342a029f20c79dc96,0.116266854,0,0,0
c0b874406621ebda3c44029ffdf0f6017d6d8c22,0.23854777,0,0,0
52ea3c337615e386507dbafa686d1f02c03a4c82,0.186993,0,0,0
8688adaee68dce1c54c05b44946635973b37fa06,0.023873568,0,0,0
27f467b4eab7864a4ff799fb2289cddd2c45d30d,0.3726596,0,0,0
1ffdfd2ad15f4f62b9474a2ae72f2ad0a42c6a98,0.018943325,0,0,0
24c8eb250b9c7dace0efe91fd1f36c799b174606,0.28264844,0,0,0
060cfeb90df4fda2d572fa63225c63e304c8615d,0.21337138,0,0,0
3ec04d06cd96131c7d2a508e1526a07f33efb490,0.59981847,1,0,0
ec3d2af993826b57cf47446d809db2c8b49c7a77,0.4502335,0,0,0
f79ba553c602c9cd1a673c30db79edb6b38f0db6,0.5409835,1,0,0
3e6117dacd54430e555a42a5fb8177f4553fdab6,0.50526357,1,0,0
7ee877a4db8c6d6871444abab28e95e9dad7c932,0.4576843,0,0,0
00c3c8dbf20322d372ebdc28c2b9fc25926a766d,0.22905877,0,0,0
07c01318ea4ef19ede234484ed102f94391cdcbe,0.025069911,0,0,0
f56aab06534e643ab1e413c36e367fa25e24621f,0.44727725,0,0,0
6d1c4002aad95031c84bf3bfa777852492d23fa1,0.25912526,0,0,0
7e3c917567dc3163c2228dd01e4ad90dd0b76320,0.41145065,0,0,0
167676d596bbbfe82a52f0dae6847cad025dc095,0.29082468,0,0,0
9c24b00d32acfba096d8b3fc12168bbe0ac4ef55,0.3388878,0,0,0
0e6578069293282865a3dd4843d4f80f52476e7a,0.09678944,0,0,0
81e60b1eb541557f5be44e7f663d5a816fa90227,0.01986323,0,0,0
e25b6fedefdb1967fee9f64e0d0242d6472ad828,0.39888498,0,0,0
7f8236cfa274504e0f59b95285e7fbf2efecda90,0.3771114,0,0,0
ddcfef13549be8395d2c9339632b3ebe80363d49,0.41886982,0,0,0
4a5aeb1abe8ef10eeb5488e04e688e2daaf4eedf,0.35632122,0,0,0
13ce8fe63c8972c54ca717055c231bdc487d479a,0.36536813,0,0,0
8c12ad11eea80440bbe691cb50531c70f53cce95,0.02670484,0,0,0
692be5e1d4326c6e505c10e8dfc3adeb7958bd74,0.048108276,0,0,0
a733b7a87ce7abc0da33a3d56da82b72407683d8,0.2721332,0,1,0
13218943435188789ab706c2d97da8e2aba1770d,0.3149007,0,1,0
581baeaa99864979aad55bdd45f054c8a53c341d,0.35170704,0,1,0
80fced6db6c15d7833e2c06fac4098640ff4c742,0.5704558,1,1,0
0ff845a477db67a485e7a8c1cd8265e520bc8c05,0.55735946,1,1,0
66b24cabe95485abbe4398ff468a57e5ea0e3cf8,0.49703753,0,1,0
5ec70549ae7e7d2eb97d3d56e696dbf0cef7ca35,0.46588212,0,1,0
82c95c5f951ec316a717d72a46e9f1f7792dc818,0.31116018,0,1,0
0a4b1c3b316335a1ee22ea86c28c1cd58b1bb583,0.3143153,0,1,0
3b700639ef337839c69f45ebeea59dcd061d09ca,0.32008392,0,0,0
096155dd316ed242fa3bcf0ccffb207a124e1e4d,0.29635197,0,0,0
cf5e503db4274fd2c060571c982a0fba8b00c09c,0.18141861,0,0,0
60431261912586b5fe0cc5c8b4206e711cb0639a,0.3741613,0,0,0
ee8a2c9ded95d5c77e4e43a2307ac15322d96d3c,0.3194269,0,0,0
89fee834756bbe6d9e060376f95188d66789b1f7,0.037281636,0,0,0
4f804f78e5c0458ddc6dcd9350edc222a6e1a4af,0.1530306,0,0,0
2468492a1aef370c66a6636f976543212371405a,0.3345128,0,0,0
44b5e31cde3e53b3cbeb4ea5b61728d9284d0e31,0.24574685,0,0,0
a6c881f8c42433b49eb378881b9bdd63a1a52202,0.027771942,0,0,0
a780f35fe5d27eac0c0c8aa95eeb22d1587a1687,0.027038515,0,0,0
3ddfcd62e2a1367391595d2dbc182f2dee8d3651,0.34334886,0,0,0
8db6323266dabbddac15052cdafdb02cf5788908,0.36884746,0,0,0
02d88008e65c7b66c91b46ffa80a0692ab156da0,0.28128886,0,0,0
a8f8bb545769ebc2dd0adc2071203236870b3f18,0.25995746,0,0,0
adb5bacba3fb370e84c6a8317ac01b7efdb011da,0.26133254,0,0,0
6c0db77156cd67b5efb0e00dced7e2daf055ddec,0.34555486,0,0,0
4c2bca77a04633496d7670c00dcdafb787606243,0.3592514,0,0,0
873d9776d7f3e506b8e67721b47315aebe16de67,0.4307818,0,0,0
bcd3845dcc9f26c5bac4094fe6323f03ccf6d87f,0.44686124,0,0,0
d61ec0994e594f0c514c1739e0689f2595d8bfd5,0.40005425,0,0,0
c5e9745b8301bde2bab0e46bab2313423bda7910,0.48579866,0,0,0
8f5c5e892b907ba7d05c2cf5f4dc7adb2dd2702b,0.44124782,0,0,0
5b1e314826a40490ce38b532c4ad36fb01afd37e,0.41796955,0,0,0
6912f621d22ce66e8b94710f0decdcae3354ca76,0.31998792,0,0,0
d2d23c8aa02960549451c58ed3f0e84fd5ab3821,0.34164745,0,0,0
2e6a9131a07ee0e8844e8e79e84460b7f56ae646,0.02867401,0,0,0
875e98d3fb54def645b0339fb43ddc26a72e14cc,0.38375992,0,0,0
40b6fd273de1cccf752fb7e5d1a8470eb5257a9d,0.043369852,0,0,0
7517f7c33543c0232e002ff541db6e4e3a68f52c,0.22476634,0,0,0
93f189e8a8166004e8bce70bac3041a84e389883,0.05125355,0,0,0
38ac95d9bb36722fb9b3e596911aaa7b81caa9e3,0.040701024,0,0,0
b8d387e57c79b252a1ec739c3f466892f80ee49f,0.20776977,0,0,0
90323aa9f6c1cb89337b60e966e743bce82a6fa2,0.08855209,0,0,0
36156fcd0e07726a8883a0825799734ac0058559,0.28258273,0,0,0
0970e8f84e95d8662a826f8417141e3feffb18ae,0.44603097,0,0,0
7f1ab60f7c1a30eb09cb06f23d6f010e3a187274,0.04250054,0,0,0
1020c3985dea224ad0ef885ba6d8dabb48816c5f,0.2884426,0,0,0
332a7ffebdb4c69222c75ba1b0a5b462a0e8f467,0.23134734,0,0,0
e91c5e4045a37afe8ef5bac994f9e6f2cd10a9ba,0.22451435,0,0,0
7a401a73688b72f43e4c70ab1c074a3e710b3b53,0.30412492,0,0,0
cb5c4dd73597780fce451e1b643c9b25d4ce7b4c,0.43611148,0,0,0
b6c2d3fd1f70e51aa88f8d12aff006f6b390deb4,0.4276223,0,0,0
9138cc232a21a24e07dd89cbf43b684dced80c00,0.35628468,0,0,0
0916ce72d8cdc6b4dbd213117ecab6f7cf8d5bf1,0.14677529,0,0,0
b45826e3888ec7adbacb4887f4ae1da5520b9d90,0.22344859,0,0,0
965aa7f4fafe59c4f0d09f96f98bb83adc2187fc,0.15898474,0,0,0
bb8acac034b1fcdf91a6b1b066d33f3e38a4c117,0.37271425,0,0,0
ad76167a8ceade7e58ce0ed8658bdf22ea248904,0.39530352,0,0,0
d1c0b0c922855436f3ff54feb822349e97229d78,0.1616881,0,0,0
537607d90533283a42cd1c5bb8b75b62cac684fd,0.40903425,0,0,0
50ebba3d096b49c3d6856f9cda1664be55c222fa,0.30391476,0,0,0
7cec158bc9faa1d2aa267ddd6a02790ac1f2c3ec,0.41079503,0,0,0
2b6f5d7ed93f9975b11ba631eb2f974078c7155e,0.40278235,0,0,0
b829f1e92cf347184d6d184d3c17babda68abc79,0.29530892,0,0,0
f11bea50aa42035f426343e1d0e5058e75e0d928,0.035415836,0,0,0
70a9d5f1e7ea844758ce3ed9b4f5e46a7015431c,0.055050723,0,0,0
44b28a38c3bae21d0530c85b7ac8ed52fe3d8fa9,0.057349276,0,0,0
e9fb730f64a372e05022034429d5450537341a22,0.29612285,0,0,0
5250af878ef0ccd0612cda08e88d341b13dd9f56,0.45582947,0,0,0
33f3cfdbd24c4714f8d6a7841430127b33c89118,0.032085285,0,0,0
7b7341a69bd379484d8e073d979b3f9acb465902,0.5304858,1,0,0
2d14965b4eb591ce9e0d6f0557197bc20926171e,0.4162317,0,0,0
1a867ff80af1fdad617d9b5066966b65f481742e,0.25760198,0,0,0
aaa1a0f7156df819896da55e51e17f495717f33b,0.02627671,0,0,0
caa2a94074b6e45fd4ab631408d3d6dd39a1c1fc,0.27473092,0,0,0
b6ea863a2667310b470ae59413204ff6b2719ba9,0.05909247,0,0,0
72a8407bb1272e0b6efe62a284cfb8d9ccad1cf8,0.09022332,0,0,0
3a8a2dd2a4e02616c54804b58250a6b51f9ff746,0.40357658,0,0,0
91b3989b803ac85f06a39751ae282cc5b88d6415,0.034725882,0,0,0
267fc4ed3f2d9f63921f07cb5c12527eadacf73f,0.05888392,0,0,0
f49c113d05845093aca46c22031617a5f2c4997d,0.22635648,0,0,0
4eec965458c88e4cd08783da5a30d775011fbf82,0.117797226,0,0,0
e581de2f71fdfa4b51d024b56bb38f1c70e7a60f,0.064404145,0,0,0
ec767ef3ea627c18a6cb788551f8709d2ccb1cfb,0.10301262,0,0,0
486582e34e95eee6cd9a59c2dd8298f2f39fad09,0.38250726,0,0,0
0e55dab80c10fdee37d2a07f664322fb774bd3ff,0.25486398,0,0,0
2a0af129ef96830e46a75eb31464646a8bf3544c,0.36378667,0,0,0
732ff44a4bb3b41e30139901869fa1b72b7c216f,0.264829,0,0,0
9f9ef9aa0b0063215cf0e6526768fd4bab879ec8,0.43046087,0,0,0
1ae31c786079e0b7eb6585feac71c80baf224a9b,0.32715607,0,0,0
be37c2e2b103aa83de4ccc9aa08c3aa4a1da6c24,0.3259975,0,0,0
90375f06cf8c0154fcfb792aef471964b3cee042,0.29192838,0,0,0
2bc7921b2f2b479a7a391a51054526b716f703d7,0.03607072,0,0,0
00c1cc0cc0b16daaf8b284ac0e7e9328caba5022,0.32348135,0,0,0
1d3cd1285a9f875a4b00c7fa609155288d977c3f,0.33425257,0,0,0
095cc25a6b7bf9b9f99d6afb41f44d41cb41b8e6,0.24569988,0,0,0
d68ceb121842d109b3da0f932bdc8f5b94253f40,0.1530044,0,0,0
d6ae360653de7813c0d15e315d733aaee372df3d,0.2986973,0,0,0
fc195c451f817641319a2668a534e01cca088144,0.2888966,0,0,0
75489a661dac6b1823be5804b78d31023e81e509,0.30392143,0,0,0
1ad2965a54a325d7d11d7daa07d38e0ec575e505,0.021381067,0,0,0
83b8f7860d22f0517373904e9fa7e41e9e23add2,0.05033083,0,0,0
883b6c3b3969eb7f293ee0fcddde528a161fcc89,0.041902717,0,0,0
688f9d20a0ff88c3349f73d8cd912959fc236e4e,0.34960648,0,0,0
cd31d7a1e4ced0ec0700275441563b235c236f95,0.032281224,0,0,0
9790fd24cb14e8861576404587eb2907dedd6bfa,0.26609263,0,0,0
80888f9c55abb7ecb18fc342cddc973ec4f46f70,0.26721177,0,0,0
a6d1cd29574818dc220a3751a9c160633f2998a6,0.26212838,0,0,0
2badad205dd69a9f82edbe150ca5437b0ac0d16b,0.33959496,0,0,0
5e621cb6739ab6718831e6650495096f718b8014,0.2878574,0,0,0
13fc1eca0a4e7e8215541159b93a956615b1c6e8,0.027174475,0,0,0
feecf333cacd2edfa06028db62e5d209f57f0dad,0.30598998,0,0,0
3ac59a1df27a7c34cfda89f6a84b8ceb6f430fd4,0.13387808,0,0,0
55cd95f277b1a6f5f50d0dbf064beeb092fc6019,0.32291818,0,0,0
98befb689ec8a5b034a25bb9936d63d44223acfe,0.25273392,0,0,0
d80f242fcc1f9213c179b4651ffd9b9b7f634917,0.4000026,0,0,0
0cca1bb8bad342b3f6fe085ec6807187faf4016b,0.21269083,0,0,0
2c08cd5f0c1203186e9cf67a4c9440b77d54117d,0.25552747,0,0,0
49acf7f8a5caad67560c82043cc1f755c0eee826,0.4142705,0,0,0
02852f48243245666c0ccf4d0b8dd455d2747fd3,0.32141405,0,0,0
c73f626405dc91058ce5cbf4f87acb23384188b1,0.52045023,1,0,0
c321cc96e9b3666035524af0c17767ed8e865bbe,0.36465558,0,0,0
806ab4a928235bd36fab40e23bf450e1db5a8e9a,0.028370785,0,0,0
871c1c1aec516d4d70854e4ee929866bab981a64,0.036285404,0,0,0
6b70a706e2d339ff3b689dfef7441c28d290f725,0.04068735,0,0,0
bb2aeef4bc11b17be9233572b7afcfc3da04b887,0.027307352,0,0,0
e9b70c1841c5b1c1d771bb278b34a17ce31eaffa,0.5308241,1,0,0
3fc9fc01b08334fdec57f18b6f845906246936fc,0.48348612,0,0,0
6d030727fbc3a61ed47a6916074bbeb4ffd30b21,0.35373196,0,0,0
26acd219f08cf99be718f2bc3127a41dc33df6a3,0.47202355,0,1,0
02dc8c7e77db316553699f0e371f3e7803d3efbd,0.4368151,0,1,0
f7c09b93c2386c6928a082e96d1ddd0925a19092,0.30609357,0,1,0
aad6359c39d59176c51e0d4e5ee31def1bc10077,0.3878054,0,1,0
50a7fdcaf8fb9a684a96568ceeb8643b4941c475,0.6095776,1,1,0
32eeb20ee9096257520cded0d1af33d4664f8619,0.28205824,0,1,0
27830ee8c22d74464fd3cae4e662bf0ba97e887b,0.5868565,1,1,0
59ffcad15d220c2bc1f70f01d58bc31dec04b423,0.43859726,0,1,0
41dfac731ef973b03f70d8f9c01afc67bc5f311d,0.558124,1,1,0
199dd8dfd1cef867ad8712c7565f090f81be0e7f,0.4000892,0,1,0
61bfd7be89e97e204caea839e37c67c6f837a710,0.29174906,0,1,0
8d52f694da0484cb2783a8b35dad845322af0c07,0.53914654,1,1,0
750d338864a92521f4daec993af7ef0aba9d609b,0.20891362,0,1,0
513f20ad26f2e940e9224be387eafd5d9c58556f,0.18670434,0,0,0
bdd455596c53a97ce5edbf616a30f33d278ae41f,0.2980687,0,0,0
9b24a71e9930d7e929f9413c769ecd412fe830e9,0.19693188,0,0,0
def9299707ed1063d249559f0182f0fe559d33be,0.11005,0,0,0
baba8cc875f5b197c08123b2d9add4cec3772300,0.39750698,0,0,0
55d3cf0ae5dc7b6f5f9f60bae65c1c5abf196b18,0.05712673,0,0,0
19b55afedf54bfc9e3b08c1636251339b2be4c42,0.14907782,0,0,0
a4fc3e9b714e9c91768c04f6268179ed582dd922,0.33657476,0,0,0
84ca5c79e31dd177169f4c074da5cb98fa1cdedd,0.11348342,0,0,0
9a9b83857fd20c38a520642553c9106de548854f,0.12922281,0,0,0
cbff61409d719d08c711baba4e89e03e2397df79,0.33542082,0,0,0
6b47a571b665934d81ea8b3d000a3b56ed1310e5,0.27454096,0,0,0
00f2cbe0dfe83947126fbfcbb6fa186899b555aa,0.24463476,0,0,0
5a62c007b8b791c025cf2d4d60bb6da1aad86589,0.34134018,0,0,0
13f756d83675e7bbdf62d3375cddae8bf4bcc599,0.35059857,0,0,0
27c4c88da63eeedf546d6a4df5f8cddd43069537,0.19371065,0,0,0
5509eb7e31b74667950d30d166c77428061d6b4a,0.25547054,0,0,0
c0eb48f7e83987c5ed112b82f0d651aff5149ae4,0.3448576,0,0,0
071dbe7c211380bd4bed252c9b7a767279d112bc,0.332452,0,0,0
82ccf0ccee1b0981198fa67c1899b38656c0efc0,0.032300416,0,0,0
6262740b678153a5f8a4dc2774f51f0691167e87,0.037683032,0,0,0
0c429b4b93406ed5e5877b613c96ff8d81410330,0.034486614,0,0,0
0663e3e8c502118313a6c577758912c326bc19d3,0.030476179,0,0,0
c8bdb9433a203f585ca750f326678423cca328f9,0.029008498,0,0,0
6feec370c38a8776be3f0cb17efa720750377b30,0.03718271,0,0,0
e8db278a29e0b363c8fe22d2cbcdd7db36b614b5,0.17661153,0,0,0
d4e1ad171208fc1a63de63b4a7e4c08e43edc41a,0.5828551,1,0,0
49f8c2a817f811bdc9fc3e7f550a8e0b13503e7f,0.17976503,0,0,0
67325cf97946f053da51dd358a9ffca0a9676c03,0.027485333,0,0,0
0bfb0f2b5ec98b5fd85dd5ab58c6a4dd3c0a821a,0.57295674,1,0,0
2bbdd4e503e69fc06c5d371c15eec14258eac6d8,0.084469095,0,0,0
6af248a09f5ca72a7cdbc6a0c0518026d8963149,0.037330803,0,0,0
c7be7b41fb1a8da249ebba27df1b2f0f4ffcdb17,0.19049054,0,0,0
1ef212e0629d8b19a3b974cbb428a1f000f1c540,0.34321943,0,0,0
56708e632e69a889eec8bf926bb3551ad53ded86,0.038016133,0,0,0
539869352a5f4183028a3e6b33b4e002c5053ba4,0.037440293,0,0,0
6e6cb12471757b4d2edf8ce110855fa6fa7c7329,0.23615013,0,0,0
a5f85b0a383d9983ddf0dcaeb744f7ea6b5c27b7,0.02520079,0,0,0
3c8b03103f9a120be50b9e81f738ec1b903336e9,0.37422633,0,0,0
ce81551eca5b514ad588c020f9e89ef0b9da90a0,0.40230593,0,0,0
a053fefc0e9349ad5e97ff2353e3a8cf6873bfa7,0.037802547,0,0,0
8700816250e849d9f8d0fc402b090aec6ba7ab60,0.46382806,0,0,0
e896a18f4c92b81837982ae7d678a8618d09293f,0.04162907,0,0,0
dea25cad0dc2fe6163dfe78dd0d54a385e2ac676,0.085498855,0,0,0
6c870782ecd20e5d460f8454fff316834710d4f2,0.2749331,0,0,0
2df53eb9e85e7151b0115e3d293398f4b8b6a2b8,0.22575817,0,0,0
2541eb43d2716599ab687bce2a61751a3ebdbe9d,0.026762562,0,0,0
e191b9ca9486f2b4273ed5effba490c27a096ddc,0.39863065,0,0,0
35ea189f533c703906d9f770dff684c4557b18a7,0.25156724,0,0,0
afe78a030b57e3f74825e134d6615ef4878778cc,0.03733543,0,0,0
76e45d6a50da6228c44b04a565dca96432c4b197,0.041028313,0,0,0
5d072ef89fbc2532f621a5a0b4d6791cb926a997,0.033501904,0,0,0
b9c2c119c18dea618854e43639284a6eb799c925,0.27980718,0,0,0
e76397c0c7f7889f82a0a59203ad16a673f1e704,0.5019211,1,0,0
b34408aa82918b6fa8cd4033921d0331d8ef2b5a,0.11843009,0,0,0
57f493adef716d49ed1fd2f4e857febfe0a48aa8,0.029239286,0,0,0
84dcf5f3e54ee40b806108a713fd4c334900834a,0.2536056,0,0,0
344403579a552b26c0a1ab79915b7c91aac4a13c,0.067716815,0,0,0
a9159aba0efda305e6985f904072bfe82ee2a1d1,0.14455383,0,0,0
ee4ce5f4ece734cb6d3d9f0e215e42b565290fdb,0.02784248,0,0,0
c65777acf65ee83967ca394adb6619330be9790f,0.028599365,0,0,0
699d6f0eca65837501d7ab7a92ae2c614f8e6cbf,0.042161584,0,0,0
109a55735e2b93889e6fcc5d8b867451f291e9ef,0.3842984,0,0,0
9adf0d7f6ebd27aee0124c73037085abdb048748,0.030732477,0,0,0
fdfbd85433facd2259fa8bbb45bfe2e99bf9f432,0.024517426,0,0,0
c3a83486048dba356a8f6638c5cbd1eb12a93bd3,0.053773034,0,0,0
e23402c1dc133842c1acef0a2d7cd1f386647de7,0.056637313,0,0,0
718b2bfcb7b5d94b6def4d7e89f6ebc49ff11563,0.08582393,0,0,0
22a39cbc721d5c0391dea1ed10e5350f917c79db,0.07545956,0,0,0
b38438075dd34fcc19c8df877446e4014ed8579c,0.25810787,0,0,0
87c5e5377589c4fbbd499010a27b1e345ec38224,0.028412478,0,0,0
fe265088974f937c8a9626052dd5d29b1a207dbd,0.193755,0,0,0
7b1b3624d78e659e0bf80b061756d8c6e08640c6,0.32430062,0,0,0
b2da444800d4c5d472da58a6b776891621d11718,0.3684849,0,0,0
76c4ec233c1a61b1f46df6d6847b889c0a7a978a,0.42817402,0,0,0
1d031d6eb6e6861f38e228bd587ff74e7f6fcce8,0.34442312,0,0,0
426cd8c52ef1732ad3a57171429bf7704d80bcc0,0.14788455,0,0,0
24df623ed69f86a13a2ec453f480a4e3f93b04ff,0.3627872,0,0,0
14a08584c7cf63dfadddaeec102820f9de901c60,0.26392674,0,0,0
d9406824aeba0e977c0692971a6dbb2e62823886,0.40099812,0,0,0
6c3a1bb78c3e92fded50c1c1e9f4c3e2e6e9dd4c,0.33803853,0,0,0
6aa7ba1d927cc57769d4ed589326053849b235ea,0.36009455,0,0,0
3206b41cc6b60ef2854273ab0eee5e406f9f6efa,0.193983,0,0,0
c1d92d87157b7d5a27aa989eff14e302e15f96d7,0.31779012,0,0,0
842bf6f447aac7d05c75c6143a5affe9e383b3b3,0.37629473,0,0,0
eaeffded81ec88f4d0e7494bd544821412435ce8,0.025438245,0,0,0
59bc597a256f0146b5bb05d951ae2d84963cf3df,0.2809665,0,0,0
81210eb267181b766acaf201a424a80d96bb5bed,0.09917426,0,0,0
209976ee53c9b584c013a9b0b21ec98ef733c6f1,0.33983535,0,0,0
5e3359388b0732fd1b3d055036187525eea76521,0.25945154,0,0,0
ab2aa8d6fdcdf5b3d326e7e86ac9d045f4859e98,0.30122364,0,0,0
d6beaa363bca8324c7a699ce797a89698d49ba54,0.4314249,0,0,0
65e1c9c38becbee2f84d822cd65fd7dbce42b903,0.291209,0,0,0
822bd135f3a54b8fbeb23c313535b13c18198c3a,0.2839053,0,0,0
a7bd568249f9ec20b69b2a700da6a0648e93a842,0.054840263,0,0,0
c5f2e40e7a8234fe48e08d451d3152ba58a03ac6,0.04298946,0,0,0
933796e9330ed5043ad8e76d9fa2cb8b1d3a8e3a,0.2519742,0,0,0
31c0d3a8e94b1016843596acea17a63bed9d4558,0.061370872,0,0,0
e95134229b9066aa2f1d312a53f5a670d271dbfa,0.17283964,0,0,0
45fbfb82fd1f5168a7183e78ece89da7a60e21fe,0.28197584,0,0,0
d675cd1362d502de0a94e0ff4d10e9c4ada579e4,0.10426246,0,0,0
f5c46b9fc80754c601205e6ef13c5b7e9a5003e2,0.029297391,0,0,0
722a5af4f1786599f22e91a34af459883c7a6a8b,0.26795572,0,0,0
5411db017b093f0995a9b7807a6a4dabb0f1e0ea,0.025979828,0,0,0
31e141019010d27dfb3c1a1fb712433268b520f0,0.023557967,0,0,0
419ad3e4aaeb2471c86eec1b6799675a70bc12cb,0.056197397,0,0,0
d357d9d563c4a34fa2ab3cdc68221c851a9de4f5,0.3026818,0,0,0
bfd83b00eb5743ad4ad0d24957f84b61ef9f5f79,0.06290681,0,0,0
3378280035f388157e007a06f7fcb74698b91e3e,0.052539818,0,0,0
41a3e9c52d52f60d121ae99d281881a55e006bca,0.44758797,0,0,0
a64b4cc5329f2275a5513b12622863e99a803a24,0.06108535,0,0,0
c295a589777a35730c90b26f28f7cc938d4053e3,0.10770883,0,0,0
c29e08e98a4d1f12842375cb8fb259b8e5054b0f,0.028068075,0,0,0
d4f28d7ff397386b208823c577180938e15769d3,0.30822554,0,0,0
936b820a4e9b9f96661c961bab87e4ec05ca0574,0.45747617,0,0,0
92a07f9aa109f0f55af963f86e466c80718f9466,0.029751793,0,0,0
8d5c46f420fe3f7365579aabc8b40912a3610957,0.08690793,0,0,0
5899f1eb7239ea26291b9e38490f5922b86158d8,0.47342286,0,0,0
46a2c6bebe30989d51d59e14def38a82e8edfd78,0.33155388,0,0,0
4d5e45cdb44f61202ce439caa3d417813375f9b7,0.025578022,0,0,0
51eb5df8b27103169878575cb421e3181dcfd525,0.1654467,0,0,0
9198e9498fbbb81851048d0eb71251046f16987f,0.0301389,0,0,0
56c60017199b255f38843e33beef95e8d767a10a,0.022972569,0,0,0
73202a1e336eccbf9928bcfb5a780a0b97a49680,0.031282485,0,0,0
bc8773df85d2db0d2d5bd99aa69d7e7c795e7aed,0.038577117,0,0,0
25f3713d9280abd57a49a9979a23d4ebce27732f,0.039442286,0,0,0
d654978ff5a8980c0efe10632f55218f4de4e6b3,0.05061999,0,0,0
2a31bc5fc0282cbeffe8e41c1c8c576314b4eec1,0.033974774,0,0,0
e460f4f93817bea10b2fba8aaddeb892421d2668,0.0300984,0,0,0
36940b6418283806ed10292776c9c4269923e1ca,0.32568184,0,0,0
72499caf6f7905122c97987953a313bf1c95901a,0.102179945,0,0,0
bfe3c22bc3e866fc499433faf57a9239d4f6e1f2,0.2127939,0,0,0
928da12b15c987e16b2481c43614c8e868be1c04,0.12047982,0,0,0
5e223a403e65992d2d18b1b8cab5da2c6c1aa37d,0.15087944,0,0,0
7379cbb2fe7b69aa871127e64a51763c445a570e,0.036105774,0,0,0
0cbb22ddd4cd4bd356dad0e8dca8dfe1080aae0f,0.024003346,0,0,0
d8e8908db227ec91608b386a65b5f8559d92d8c9,0.29890186,0,0,0
06033035f09c662020ffe0300983697c78d3039a,0.03812348,0,0,0
dcf6e82f8610b89075e00711e186792053928c7e,0.033909544,0,0,0
84a0d90783b095775b5d14b2a807497862d80db5,0.045490306,0,0,0
10c8db1b1ae0fd9be8b661dbf24643c0a9012d68,0.0467702,0,0,0
4f50c37506de036bb34094095aaa6d4d831bfbb7,0.050525308,0,0,0
30280a9ba706b330cbf6b18e6f2f6660743c0f16,0.34869328,0,0,0
9cd31226588fa303886b9daac162d5aa753e8e15,0.30866602,0,0,0
2736b6fe0b3fa22ec8e2b4184897ecadb021fc78,0.046671655,0,0,0
d3fc1a2877c165a57949414f5737ef00ffcd867d,0.28308934,0,0,0
459cebc515b11fef06464b711b3b33cbc1dd8c26,0.08796668,0,0,0
947c01f6d8000122a174da3d668208eec877a799,0.056390237,0,0,0
72d00532aa8f0fb96371f01688ace8b9d53b17b8,0.05587184,0,0,0
27fb1044f1f244a9f8841f059392bd7e595797a3,0.46449533,0,0,0
467386105ad855e793a09632142c00cd01c5dd10,0.4431283,0,0,0
9e405ca54138b63a4daff58d14d0527fef1e8e66,0.34076485,0,0,0
0f98e790a43b17ae1bb60d264931fb4f13300762,0.47956118,0,0,0
8f957f527b9048f51aad91b544bed35c48bcf3a9,0.4040327,0,0,0
f03149e07dee90b23369d1cdb7f15c142df5e31d,0.19864179,0,0,0
48f7e179e4c5f4e59afdf0bfb4ec5228692e00ec,0.10505038,0,0,0
91a94d9f47b2bc928eaaf83d7c9dd06c235a2824,0.24886219,0,0,0
b498cda5bc8d834ab311a6a3415e990100d8a81a,0.26135978,0,0,0
276b2825778c0f6286ead1dac0dfe5fca307e77a,0.32751152,0,0,0
e4e03ef4c091f5a35da0d97a6a35224197b8be02,0.61805916,1,0,0
d24dd1a3abc4624be55c0772ae4432686ee18792,0.3335018,0,0,0
71fc2c4c817a8c9bb41650d5b27a89e207a68c39,0.40386236,0,0,0
f0751b65cf680456557aa1bf5c56b12f5c1a0fe0,0.4622981,0,0,0
d08dbbfdbc41cfafa122abf06d39ed543b473464,0.35029876,0,0,0
a4705cc3c310ffb422336b319891f63eef021f1c,0.039034337,0,0,0
e996235aeb7908c74e85fdcdf1369a5e46672169,0.024092661,0,0,0
0aeeb46737c5e4a5d8c21c26e6793956b0296cda,0.30298367,0,0,0
fe38f8892a2e99cfb6b941c48a57e1415d7ab223,0.47778147,0,0,0
9e801d916c3d163a4cfcc822e50dd75ac7cefcc5,0.027743168,0,0,0
ef0fb794d49e9184913581f561c87ba8c62d5e4e,0.17579955,0,0,0
0298305934801cf65136ce20c59dd133d8ee4d17,0.03012888,0,0,0
9ba69d7b9af1ab71e0ca2d0044f464261ae6a199,0.25568083,0,0,0
c6b8a383de96cd0a8e94037a04510f162e4bbc68,0.047931287,0,0,0
7b813b674adc6c94a6c9a19524913c07b7d8bc9c,0.3087919,0,0,0
559de2c461e94ab636c959149c775bb27111fb48,0.60488874,1,0,0
16c983693a235bdc45c6286a1e7b01d8ef58907e,0.42092717,0,0,0
3ad22fe3d689781a76a92908d0bbc119b2c68892,0.29199588,0,0,0
8691eb95522d9421a8b2883bf65e535d581f1a06,0.46641988,0,1,0
eae26f2ed787c88c07ccb83f0e5550689ad47bca,0.046540547,0,0,0
4b6d66fbc021744136d02733ecd375cf1fde2bcf,0.2731941,0,0,0
1cb454d0221a6ea535f1c0ec5c5abcaa3212cf1d,0.22080801,0,0,0
8d4b217045ac12013e9c1986dab89451fceb478e,0.2793499,0,0,0
5c7c7a419f7dbbe738dc40e4e00dff3637b38b13,0.5301747,1,0,0
de4356072f1dcbd81f721c17be39625d1f8cdbe5,0.26935887,0,0,0
cbc4aff11a1a1cc5c18efa68877379b9b2bca30d,0.5611021,1,0,0
81b311fd0d2a084a0c29740714076218fb6c2302,0.54872096,1,0,0
f8b79d0c21165faf4dbd620cbc6eae9dcd3ebf42,0.4864661,0,0,0
70f580a56ae8edea6178be6b2188472f87623542,0.51177144,1,0,0
a8b7f6e98ae201787b6a77c00531f83026c6eb4b,0.30183205,0,0,0
f7c21753a9f0e43a08543d43af7e8564b6f33a2c,0.64601606,1,0,0
64b682cb6a0ab5976596065291fd07eb662c5a73,0.4220739,0,0,0
316af191841ab980570d0c3c4f5f91bcef1d45de,0.5505843,1,0,0
1b43f08e9e06f604432e20d5d8feba05afdebd1f,0.30170333,0,0,0
60de0da4acbaf41818ecee2e0930c8e9e9257395,0.62753475,1,0,0
21b8fd06473bc5e6c35b80e4d1633da283236487,0.37743264,0,0,0
19bed73bb2fd71a1be7a7f26b132c47d5c81fa72,0.32275286,0,0,0
77dc36f5644910cbffbedb9dbc7e0b118b14fa66,0.4270942,0,0,0
e2f293ce22aaeff7c467aecbf6a3299e71d37a07,0.39189625,0,0,0
d916c50745b109551d81471f408250a2ec18ec84,0.50517654,1,0,0
dcf5c40f880c86d800a4563dd203e5fb89f3cd8e,0.5448686,1,0,0
07ad5e56818b6937986a1327fdf13102f9baad61,0.6728803,1,0,0
6ba9e778ef1f99a80f8463fbf68b39e02add6797,0.24577075,0,0,0
757057addf72d587387055dd964ecb2a562a2cc3,0.36856896,0,0,0
cafd9c77865ecb86ed9fd71637f2bcc87ce7e2d9,0.5343717,1,0,0
0c0fabddf6dcbf8411689df9c5cc29115da18be1,0.34948933,0,0,0
a2c0152ba2c45680f399a7e4d74f898ae3184f39,0.36633897,0,0,0
106c77756d7e2efff5355d0587d17cc261ae2850,0.3868821,0,0,0
592c9464379f97d67a76747faaab1af2316febae,0.12368486,0,0,0
9b71bf1406e0eb9892915542232211ef47602227,0.35459018,0,0,0
711846e5d03d6743205f8c747ab78c2ea43714f2,0.35793078,0,0,0
d759684b89fdf0d3cbaa033f8596f0a78a466b52,0.5510018,1,0,0
c204f7940bc73acd6893bff489fa970edbaeb5aa,0.15812172,0,0,0
96099eec30e81f16efd94f385b45707bed515ed2,0.54628897,1,0,0
0d52823fd924b806857d4a5bec6fa9f5b6ed30d3,0.551048,1,0,0
5db13dbb9e7e6b28b443017397c8db3f82bacc95,0.41597646,0,0,0
80a819dbb4cd398a8eca38008656ad45550d553d,0.5138546,1,0,0
be38c1853ffb59825df763d61239992b9aff9127,0.038516823,0,0,0
06104090a6edc145cbdc2858ca224c12cbf66aec,0.092065126,0,0,0
509cb24e2c759eb17556fd3d2a158e3fdf60ab69,0.0697937,0,0,0
6eb761413871082d2ea128d8e132dd5ac06bbf4f,0.051553424,0,0,0
046f547b562ba2df5bc03f9a5c0125840a39cb2f,0.42238304,0,0,0
b24e7f33aa4c19352a5aca076dc3880b3924ed61,0.26461175,0,0,0
4f0841e04d88db62129618493ff85b87efec7712,0.40059456,0,0,0
437ab1b6235071e572cb3fd39aea1abb6a9a78cf,0.3471212,0,0,0
251bf6b18f83b8391ef3dfe83157ef5c51148fea,0.050866872,0,0,0
031f8ff3212c426ca7510dc6fd160dff22165be3,0.25779814,0,0,0
29402ee9790273d3957f70bfe9b281d3630d2f38,0.04828777,0,0,0
5faba67982689543f69fd316c38f16b7ce39225b,0.5602504,1,0,0
6f6f0f698dd81a0220cc74d6c10f545f23374bf4,0.04046315,0,0,0
de1d783fb598786fb054f05c027f54c79d054eb6,0.036273517,0,0,0
8847e59f64c43651db01a5c066c844940ddbc475,0.025400002,0,0,0
ad21dbcc8d97dbf7b553a3e1cf6c908854ff1ab0,0.3415083,0,0,0
321fd426406b6e60b6ea1bf9bf60857d6484f0f4,0.07184079,0,0,0
35e75829ef4a2cb124718e9a01301621d82ede8b,0.04383428,0,0,0
08233bfb9c8f554fa7b236d3dc7bd622d0ce154e,0.36582905,0,0,0
5155f49df062171fec0a73480485926c1b428e2c,0.49249175,0,0,0
8233b90eb074a0d04c503bc0e23376d4cddf02a4,0.28464225,0,0,0
f8b4e224b0c719e4d9aca6b26c03214963cd6af8,0.42673752,0,0,0
b5dd05b28613314e66cbd20906daf40424433331,0.34730452,0,0,0
b39a4adf6f31875e375435ca720a8d2e06ebcc53,0.377561,0,0,0
81ec66a027bd860d6da043c3ec4c15500cd77b92,0.561365,1,0,0
686d4aa79adb4d2b1e62a97e73ac150fb9f8b291,0.24258798,0,0,0
a55b13b7a0aa77d3e194563126f22db057873142,0.417371,0,0,0
a721a26fad811ba618ff4fbf6371a43f851fb21e,0.2754019,0,0,0
9fb7a6368684ce4f07db72c4310fc380388f120a,0.33598652,0,0,0
a59d8f1b4504e30b36c7a22ef2e087cbd98a7553,0.1252771,0,0,0
c2656e9926477da08cd26d60e55691ba26ee6b9f,0.05753025,0,0,0
8dd45d4129046ac0b4f819e916beba6a699bad23,0.4431397,0,1,0
043a39baa8befc916faa0d4cca714b9fef2c19b3,0.43014145,0,1,0
edad71ad47d5f78d7cc93f2f281bfb3b60c56200,0.065426596,0,0,0
b696e321d599319a4bc94e055af27298c979874f,0.048883244,0,0,0
eb0d74bc8ad21b9ab7f588a9fcf129001ca3d09f,0.029289963,0,0,0
b01e9e0720f663f3e4fd0dd0a03e013957998f84,0.31142983,0,0,0
b03c73b9607fe2c49678d26ba19d9bf1b342e7d5,0.024708724,0,0,0
e4a3737c6c07420ee7c27a968c443b04d71c3eaf,0.1704579,0,0,0
b702664be09458c06c7270520c4500b5764fc036,0.35419145,0,0,0
388dfbd3f2f7ef66e0b8c62797c99305aa964247,0.12785238,0,0,0
e4a6a3ca3a5dcbcbbd65edde61bed03977a75af3,0.20560627,0,0,0
88acd6de3508aa297affb97625acce98877fa98a,0.29766208,0,1,0
eff38bf063fbd052cfe47bca56e4b2d8073b6ce6,0.38394597,0,1,0
aa4861217bd3f6876331309a92dd5eaff303b1d4,0.28041247,0,1,0
9e360ca017b1f639957c799a8b7b64047c286d93,0.54730445,1,1,0
00513a091d6cebf1ed4c5e2b6619dc36a4b5bbc6,0.402453,0,1,0
58d258c7768cfc3ab47e455549f8e10b8a3bdc0d,0.47402287,0,1,0
6322cd019c486b6b98cd3f94ad9097245be3447d,0.24414073,0,1,0
5c81e7355dfead2da26406b1c787e8a449bb6beb,0.39856747,0,1,0
caa82d3e1b0019b373c55c23168bb8c007fd6100,0.44673592,0,1,0
9e2996fef15bac17b20c641900f4e641c40c6aa0,0.45114648,0,1,0
9e1aa0406b26f67fd021465903a2627b960e8c8b,0.47991043,0,1,0
bd2d4a000c4d5b4377e9a28bb225d3f61d45de31,0.531162,1,1,0
16e434606776d7961f8b67b7d1062e15f23facf0,0.32099032,0,1,0
d6dff710eee0d56a1df3a761112002e4a1ed5758,0.23792218,0,0,0
83f194c1842b431030b6296fe59ba4eb20ef72c4,0.23152247,0,0,0
2b0270addb3d1f3bade8bdf1cbeb7a5c263de9c1,0.53219825,1,0,0
dd9ed3fa5cd6dec0ab5573e464b2cc5258066695,0.27760652,0,0,0
746133b210300aa581efe5b6a9bcd8969f2447d6,0.513448,1,0,0
5629107ed8ba0fc170a9cec00980d17dda25354f,0.023718707,0,0,0
93b8e303efe494eb2e62a8d504ca92b7b60bc874,0.046880424,0,0,0
32ab76c1cf4ff1f762364fe10f08a54e43f0cb42,0.036368474,0,0,0
2b9dd184be2aa29b7876b15436e9967a1683d8e1,0.029691884,0,0,0
0b2102cfc42afb2629973a3c0f2b9d614f33be7e,0.44068396,0,0,0
79ab66952eb3f27e99e71a902b482ea3d9553321,0.1768726,0,0,0
50f831cdcfa0c30a5c4403d77c363dc56de11e0f,0.028773865,0,0,0
ebfa9238effab582f48400c371a4b8c07e8d3bf3,0.27837443,0,0,0
6e2d05638b243da413658003647f1a33adb49933,0.045602668,0,0,0
8862e06dc4d4f47e3d7e9e06e8f0581fc4767c61,0.40674594,0,0,0
4779067fb3cea6527ea4fb9aef97b8497c516912,0.03532703,0,0,0
d8f85358851e6f59a50112958c91da7ba5c31c30,0.4819941,0,0,0
cd639652a35026e9e890b3a74dcdd138c3e1f395,0.05562718,0,0,0
dc59b87231431d9b95a2cdce857c7d6d09f34684,0.35697436,0,0,0
df416d3a5a0f688830c1787666b1017981b27233,0.40723968,0,0,0
72f1d8a48a261bb0a15bd879a51559ca059a24dc,0.26516062,0,0,0
75f54c482430c99e107aeb3ef8b6742007fd0544,0.16888376,0,0,0
f070d7c0174e3588c5f1f1347a7baa839c97262c,0.29183426,0,0,0
6ef334bf37cc066387da7cc06d6c1837e3427808,0.28638235,0,0,0
31b4fa6189e23d1bfbeadc4357bc680bb0dbfff7,0.37652683,0,0,0
46d1a118370309516351336a252c09329d51928c,0.35790598,0,0,0
3b0c26329e0d6ecce1d72536268e42db57fe1302,0.3741591,0,0,0
fa2875b53071a837c52a6e6a72bc229176210227,0.050960965,0,0,0
6bc8cb6861de786a8b7b95c4225a6c97ac13a76d,0.33179036,0,0,0
7440d7886c633fd99a994c34f261c2890b3897c0,0.35761726,0,0,0
1f564c2cb6346539416cc094d9bfb9dd50393de6,0.45188993,0,0,0
c4d6e6678a1380ada4e8774e5c66a4592ecdc5fa,0.43134412,0,0,0
2847adbb14c0d6bbbf2d905efd3d507a58424555,0.025929041,0,0,0
f6a5f157cd72d25a2d3da7a384dcf4786f511d42,0.3118907,0,0,0
9aea59329362a8100237a0076e1f071237eb76bd,0.3449783,0,0,0
607627168519405b3727ae869e5f491f65a33163,0.28116414,0,0,0
3a7cac6ea395f6ad28240b4eccb4d3379e622998,0.37988594,0,0,0
5894c4a557f8e760b78e49fd54c0c4a804c0b5ed,0.026983492,0,0,0
0729366497d231d045502806847116324e0b5434,0.111979485,0,0,0
627ca74cf81eb95bfd01d7f036fedd85539ead25,0.0520054,0,0,0
0535fc054080c5d9b8667da41b2dbb3dc88fdd77,0.05413151,0,0,0
563c0c459497a5f07a970068d4e84c835b20a4e0,0.05172852,0,0,0
d6cf5ed96ae5c3d6264057c129353858ea7aadb4,0.11909416,0,0,0
0ac6c73dbdb75e156a3e5c06ea443f371749e144,0.043504495,0,0,0
9cb1dfc36fa3c76c11930a4f6cb7ebc175a77c53,0.31839383,0,0,0
e81d716573a9c986081254aae1526883c37ef498,0.29978713,0,0,0
5e1d3501917aa22b0d40e48235d0a97bb74f1681,0.359327,0,0,0
f09035290b1cdcf54f40c331e8c84d925eb454b7,0.4388201,0,0,0
ef9974af8ecfc809b18fcf3e238221a61e65b6fc,0.4689738,0,0,0
87e18b1cdd76581940c6c5e1d1eaef6e64eb02fc,0.34289613,0,0,0
b3028cfc9922fb266b2d0da59989b7782532f24d,0.043011796,0,0,0
751461e58213b0e8296dea6dbe04ac650c9ab728,0.31695366,0,0,0
422c4f5d6822a77679a2c70166d72adb7d426c98,0.29290482,0,0,0
f69ebbb0e8323cb635ded0d56bd5ff4b60f631c6,0.0496032,0,0,0
15aca89b0c1308137f66f4e1fa479a4673287335,0.49708632,0,0,0
7af83ae82144e9f7223a24ff96e544ddd1700bd3,0.09359426,0,0,0
4edd8c4a18ee1ac19791c63901a0917dc5224435,0.55636984,1,0,0
d645125364e998b3f0648c6909d1afe62791f836,0.08833201,0,0,0
ca6cabdc42c3394d55a2a20d5c6f8b6fd9f7446c,0.45999587,0,0,0
805f5ff26a689d3d89c64b13b9034d1292b7d3b0,0.09485179,0,0,0
b37c8aacf143318b992154b642f3d04b7b11f327,0.30397123,0,0,0
61d79b7e77f488ea2ebfe6862a29b4149ddf20f7,0.27620518,0,0,0
77986d18d70d7d99777d973f6910b52d84a802e4,0.32844844,0,0,0
2b5e291952f780e50df8c47707bcca2fc8d5b306,0.41190422,0,0,0
ad664ec95daeede3805e086a603971d2600c50b6,0.2468499,0,0,0
d20ae38fb8d7effe60a020efec1b5068a0e2ac8a,0.3218361,0,0,0
20d026bda72139b0b17e892e1ecea53f97e4569b,0.042692862,0,0,0
680d1b95a699e73ee8765ac846887adde681eea4,0.039961904,0,0,0
6860a7efc3c6975bb258fb892b7b0087bf1a14f4,0.08103596,0,0,0
86cc1db6887178f4c07cb0ebb190b694900d8cef,0.10981589,0,0,0
459b179d687021a7991475787ba82424001bf863,0.056519724,0,0,0
2579c0909256b6feacc87fb9944c50198fed02ae,0.030654188,0,0,0
296def5ae78622b8c8e6e4fda2d223d76bd251eb,0.2073117,0,0,0
310709eb808205afaafd2eb23f557d9b2b0bedc0,0.22529916,0,0,0
f052896ac6ece2b36c36706604780dbda90b7f41,0.13943228,0,0,0
9912cc90ab10fe23ad633dd87847f170fa443874,0.10614845,0,0,0
165549671cdd9ee81fcc8e4e5ddfd4e62a116548,0.02799946,0,0,0
e48478c8bcaf6720b300b8fcd14475fddb7f5066,0.40586403,0,0,0
f843029843558642c5c29f4788b539a819ac3a59,0.30573913,0,0,0
937365e1a9b2e185ed4d6af9411cbffae837916c,0.21974751,0,0,0
de681e1b13c5af66b1a1f2301d8b094525cf6edf,0.33737716,0,0,0
9b14935315ff59eb62aa2cd19298e19c4de76004,0.23100692,0,0,0
1457605d24601e45a6b21f72078b4063678283cb,0.3945303,0,0,0
2d89208a6d21e28961f0d8057a704fcbb61984ff,0.2838383,0,0,0
31d4e7fae9743ddfe08aa32c8e638af887333425,0.32713738,0,0,0
c77f5bda4f0dacdd5f69d01c2b7b1a4499b381b4,0.02662585,0,0,0
2b238460f659b0bb00f26f45fb9fc60968eb7874,0.043357205,0,0,0
f2afdf33061fb7cf8f3d0d2a0fd75b9751fdbcb5,0.027519077,0,0,0
aa40ebfb5968ec48600d3555fc8bf3b273bb7139,0.10102949,0,0,0
2e511a4809edabd77779939e43c448bfe1a30fdc,0.08144065,0,0,0
4c284fa75377ac279ebf4b06991896e587caefea,0.08572451,0,0,0
dff58f05b8ab7322a6dda1d1e58b54e51f3c916c,0.09655746,0,0,0
ede779611ce2e816b4fba650591f2f4b07ebcff1,0.08741229,0,0,0
24450e97f811ed25a25384f24d7f8a2158abf61a,0.08158008,0,0,0
ac14c89ec0a57fc14f37d709c7eb8f4355402d7c,0.0816152,0,0,0
70e28a6e5b835281b74b3c9d8b39fd4b30c86c31,0.3335811,0,0,0
3101596daf7b37b7db692747a79b20f45c6c61e9,0.069065474,0,0,0
2d7ee256f10ed2b235a533aff73b67166cf41e6f,0.22084136,0,0,0
6cd3352472b99d11549c66326dcd1243c551a4c8,0.15355186,0,0,0
c9bac8cfc4563b5f377ada6db19b0252eb57b4e4,0.321716,0,0,0
a48323e4877e3466d9847b28d26103457de05719,0.201603,0,0,0
9758c4f3c61fb0c814e4c54e378812d388e1269e,0.029907985,0,0,0
b93829390d6eb3dd337faf79235bd8eb2efdf17e,0.02920079,0,0,0
a3c33f6ee887789e695f289172bb7a7e7beaea5e,0.34839165,0,0,0
00f44612507728a678f64d8bc3144cb7ec49d0ad,0.07159811,0,0,0
a9bf61161b4343011d51724a505e82339fd9992d,0.13611758,0,0,0
c486706099b3dc4ce34d16e4e0a3173b9de7dd2f,0.32158646,0,0,0
6a46b00a397374989dd5038de9310d292fa88452,0.3038443,0,0,0
04bffa014d7473d62b972a4376748f4381c782fa,0.38548017,0,0,0
c172c147b3c33af78c3d7320939f416188bdaa93,0.121575326,0,0,0
af46d68230bed03777625577374204b2cbe22e9d,0.25370058,0,0,0
0177a34c51bebc5e028af7682a6c6d1ee9c271aa,0.15232605,0,0,0
e8626b9972b23f1902e7e4c0b2ec03c4cfea91b3,0.45219734,0,0,0
fb39a0a1e1bef9e40e9b358278e783fa7d402314,0.030639598,0,0,0
1cf57633c98f5559c203bb48f1d8e2b22dc459ba,0.25295457,0,0,0
621d0f57e3fdd279ef1e8e0e9beda859e9d7be74,0.42001194,0,0,0
4c3b552c6d3e8f08e0cd41577292103a5c549142,0.40397176,0,0,0
fbb560af0395d2ad4674bc6e0f406aa05e3bbf95,0.5289204,1,0,0
c7ec8c54bf2b458a2002f24a3655c17a2bc316a2,0.11037986,0,0,0
7c0f14aa7c14e9397e6cd68683bdab77218a5d92,0.32951227,0,0,0
57370d049dd7b05d35096ceb475b4f80494db5ed,0.13070509,0,0,0
222061e1a92d6abfaabfc9406cd655a5ca8ea2e5,0.055733997,0,0,0
064cecd073953686418d089495eea9d534af9e73,0.04089261,0,0,0
add2c3098953d0766950e8dc78e3484a46bcde7c,0.029725377,0,0,0
430aff38a3c4428ce43d0f30f259ee0b8b80122e,0.03162317,0,0,0
eb4e834b6ae3a17756bd2732ced075ad4a0e5ba6,0.52794576,1,0,0
d3d180e84143f0e801bf73494b1a71f77d2c25f7,0.031831335,0,0,0
2ff50c9e620032456165037fe00f3edb99711d53,0.27962947,0,0,0
71a07dcf9ad6211b83810ec187b617d005b818e7,0.24510375,0,0,0
252254380c6b9ea99fc978b6abc1b3b4fccf9cf9,0.3917051,0,0,0
d34cd289ee1291b6a7d1b4675394248be2b8ea6b,0.3567977,0,0,0
3fffb43ecffcd08fea1f28f6106d5c3c8cd97091,0.036969207,0,0,0
ad548a350635141c415930c70ce31d8173592a0f,0.40244937,0,0,0
3286bf48497f3f831f5034569c8d37da1ed6e76f,0.39870766,0,0,0
38d899e0f288a24173a6c4c5898bb176102ca9b9,0.43935,0,0,0
e9999fd04a6338058d27421f427304699dc53c29,0.40578908,0,0,0
3e1cc8f9b982bce46c6471475bae47c281be41dc,0.25555718,0,0,0
653ffe15ad341350015201a1ec3188faffb4b9ef,0.29298514,0,0,0
176910a51361cbea23194d5483256594d7f09ece,0.59133184,1,0,0
4fd9e0be85d9dbe6b969cfd434dec6eea988228f,0.6133648,1,0,0
294b73583fc0dcd548ae95a841829f9ad2ab3ed0,0.66829306,1,1,0
8af453cdab42b5276cec2e89d83ce5c87d70a137,0.30137724,0,1,0
13d84663bc4eedb2e9e4035af75622b0a3cb480e,0.23309195,0,1,0
5a04dc554ef53ddc39895a9211286b9fb2e65586,0.30106845,0,1,0
24bed1a9bdbe3a1edd46bc3b2af83ee385e041a9,0.5309087,1,1,0
51f09376456ed8dadc2e801afaa495863fd7ee3b,0.39520234,0,1,0
72562004cfa5106472f61efc5d456788bbc256f9,0.5583186,1,1,0
160a0d35f64a52b9e31a725adc2672498d1f3f29,0.3183388,0,1,0
2ddabf3b84d42184d9781e02a936fa1160177866,0.6996559,1,1,0
ffed230ba8958ba3bc27310b71b0c6df589c3e63,0.33068123,0,0,0
add1d4f07c925b8a9044cb3aa5bb4abdeaf49fc7,0.04750457,0,0,0
6cb6acb44a1cff4136125faf763e67525ea696b1,0.31456628,0,0,0
1ca3222078064fe4bc1f92fc94a58cafa39f2643,0.25738138,0,0,0
f183402ea3aa777fd7fe822eb794837a8e0b3478,0.058000214,0,0,0
4a188d8d13e44b397bb40ce1280279d0c9b1feb1,0.43275058,0,0,0
3d51e770c28b404ac119acd7c108ba174251a929,0.14264937,0,0,0
1e802da3a611eb2953c4ec3c650436278d76b9dc,0.028237911,0,0,0
3c07b123c22a2fecd875e76371afdaa5a1d5b9fe,0.24004185,0,0,0
c6af3ed8a52ddfc3c54c69dab18e36345ba5b92e,0.29517677,0,0,0
e4aa99d3f603e70c7db3a55ae5d59470c1a37f58,0.3185297,0,0,0
4170eeb054ba1414eceb08ec6c0fbdbdb17eb5c2,0.34840792,0,0,0
cc2fa8a4b8f4508dcc05044f97acac50dd49259b,0.11305909,0,0,0
16dba64c31c3eb18ac916d49f1529fe4810fe754,0.5007251,1,0,0
b5284cd9b0d66523f6aa0a57576beace90c86e55,0.6106324,1,0,0
fd61fdad30c073f5b2576d1dc65452c5e4dac657,0.5777856,1,0,0
1c7552b1a3c2bbde15f98671c7b7c1424494c128,0.49298668,0,0,0
7cacb1830c3385098d308979ae45e3ea42b9b16c,0.037598513,0,0,0
608d50697c5e19a8249dd9290cd15b652f5f01a1,0.27413455,0,0,0
fe87b23fbd86d8f978142dc326231ea6bd4a61f0,0.28322405,0,0,0
5068b6f0082a020a6124cd7e652558efe3ec5f37,0.25498372,0,0,0
b5a63d8162d8756e4ae73b80ff125439a1b47613,0.035444412,0,0,0
24664b9397a6dc153251ffd7a4d3c01515988748,0.2675663,0,0,0
2185f5946edfddcca8a5bcb76160212bfe2ef797,0.3734279,0,0,0
8eb1f763d0cb0f98de1f12e3d48d9c516f5ac7a8,0.12865911,0,0,0
77a24a9fcd3b01961f881143e485b4be0826c139,0.039003596,0,0,0
23184e15023157312d7a8afe0adfe30b5d7864a8,0.27890033,0,0,0
b51ecd27cccc520764c9ae53cabcb61d67d46d15,0.5141705,1,0,0
8a2ec5ebd9afa8a299cfdd5d3cd359898346588a,0.050729517,0,0,0
07dfe0f23c3aabdb4dd47d2a7a26bbd75934da5f,0.15016258,0,0,0
b7c533baf4ce8f0fd3d3e7d521cc355e71bca797,0.34963495,0,0,0
daf6bd54af7149e06961607f36e3034aec1e70ef,0.03456345,0,0,0
d3c8c564ceef470411821b5a6c82db17782ea3b2,0.40452433,0,0,0
0a8225712e4b4a4471c5efb1ca11e97e2ddbd71e,0.045177955,0,0,0
9d7bb4b52a78301ea6256ae20279a8db63523e99,0.268423,0,0,0
2ae95bd6e65f698120eb3a7b774b4a7b252ce168,0.40884757,0,0,0
8205f0d26abda68a740de8c962a32172d2bc7e8b,0.48166493,0,0,0
833ccb78e61f01d1525f6c6af6757ad573d8a78c,0.31613836,0,0,0
b2c982294b90f03d507e3078b0b3bf0a359a29c6,0.047714412,0,0,0
f37f373a04af7de05b089a55bfb4d2d86d055fce,0.31182566,0,0,0
9c2d135bb030213819e40f73c47e7e33d35ab3c6,0.26491243,0,0,0
3dbd158c7b0b1df5785d3a395a3ae058b7867381,0.45325717,0,0,0
2173d87cf4aa84937abe438d0f836c8fdd3ba1c1,0.44299066,0,0,0
ebb424989c23060feb869e0cf817a4d5285c853e,0.31512442,0,0,0
ba8c6e130e524fc1454b279ab329b03a9877b13e,0.49178922,0,0,0
e354e067ea6b5d099db609aff76a199a81e92d12,0.38268492,0,0,0
c9621e30ba79b20322f449e24a2f438918ce33fa,0.4807094,0,0,0
4f9c6c24a8b4b03e2836c77fe2e53e38b6519420,0.35563007,0,0,0
67540b32bea000574561485e11f7f033be1dc2cd,0.35051036,0,0,0
e2f82b25d19faa263bbdbdf074948c6537d85e3a,0.4671915,0,0,0
ea7753f06b2fe66df61b63a49558ff80ac3a09bb,0.04985662,0,0,0
0f39df025ff43caff8a6fc0b841ad429379db242,0.28492728,0,0,0
6903248d4ed5a383bf0fa080992c038185221a59,0.5107517,1,0,0
5ed0d65dd3b79a990f8f8c4974c3b20c82964e50,0.32992464,0,0,0
fc996e7530dadf0cb498ba1970a6de5ea6edd817,0.28670126,0,0,0
448ae1c06150d4fd62939b5a31f38c03d9a33c7c,0.3346506,0,0,0
d4db3a650fa40ee89513ff581653dbe2d44cb671,0.4570802,0,0,0
b8f966acb480b84e8076a539b346a1ba6b29af69,0.36568615,0,0,0
22e8511f2f68b536a0b1c31b2ec271fab255d5bb,0.24907432,0,0,0
3bbac90fc37d225ff4eefaab018fe6147a5a0937,0.21827921,0,0,0
83d06d95dd70db6e3340afead3bd32fa58d9a396,0.45762736,0,0,0
dc500a7adffbb3cf94604097efe1eb93bc43822d,0.34154692,0,0,0
f944f5cc3dd7874dac049e0c8c4d7212df781452,0.053813986,0,0,0
14845725ea57e4ff110bc5fd838aabe6e6d20c25,0.23668255,0,0,0
94a3ac5fbd184bde121f94895a5bdf22cf034d70,0.16764328,0,0,0
d86d0d56e363a20ffa1ef48deea045851fc49d91,0.21839161,0,0,0
251b167e9a17d29b3da6074933acaf92cf5dec81,0.3053763,0,0,0
d16b6b8ce843e6e931cb8dbc92823f82ab10ce0d,0.4402158,0,0,0
3273f2572f79bfcfc9abe1d821a9743108c65ebb,0.5034168,1,0,0
345f3db49a7f4e662d117fb778bc66b49de14dae,0.24477592,0,0,0
81d3805cae760e12ca120b2725a6c31b83da035f,0.34616825,0,0,0
239ea8fb3cab9e2c052d933e8f0ae25648782e95,0.27574286,0,0,0
6128d66eba5b1dfc0a5e047a057c33d00abac6e7,0.28712195,0,0,0
7f6a33d94efdfa9f1db4bd71da6ddff10aace45e,0.2812107,0,0,0
843cd6eea60431ae527164f8fe9b0e054c7f9157,0.20146126,0,0,0
5e44c4e4be97e93f5d13cdc7bd52b7374635398c,0.4151109,0,0,0
36ea4c00124e0a44cc32c9c2d11ff3f77a2da541,0.24862088,0,0,0
583c8311df06e92afcea0f3c89d085a980e2dd9f,0.24706547,0,0,0
1ba982d80ba74544730f36f3cd46cdbe894a9e6a,0.4127134,0,0,0
d41221966cece5ed8c029a7e941b5d621486ddb1,0.4997391,0,0,0
4f72517b0e7881107a0db3046f0247ea2218039d,0.4777552,0,1,0
8a127b81963d28a06bc438c47dd551f860ee8055,0.2938017,0,1,0
80ed7676093c6ee19c271fd9414d360b6a8d1712,0.5203919,1,1,0
eb15183f8f1272ee3cfde61eeaf048c2280f0e23,0.31488743,0,1,0
c96a3e5a40040ef43e0a51935a368458763d3424,0.65243846,1,1,0
e4472979707c9e59ef5edc9f6541902310d3d036,0.42618945,0,1,0
bf30b1f2af61a37d8e1215e1af6022ede913dc2d,0.54640025,1,1,0
03264295028ec1baa23189bdc5b3ddf09c16c94d,0.18480675,0,0,0
5627e45ac3b893b7b8f69566738f8f09167fc87a,0.031639185,0,0,0
d0474edbfad324e68daa95e58d73b670d01ffca1,0.15055278,0,0,0
b227b3b6aa81ad319bdfe91a7611b957f0beffdf,0.3602312,0,0,0
7e303218009724e91ed7d3a008f89e8659567072,0.042695988,0,0,0
06d969a8fe228de6a637e832743cf6df518fceb0,0.4001196,0,0,0
c06fa14c5e96ee1114e701cb522bc84e0e1a1a91,0.32638198,0,0,0
4374b673a2b2ebbc7042c062b4f87ab49dd14930,0.36297482,0,0,0
2ac8f67206fdaf6563b97baa9ef4cb2bbdfb8c70,0.28732103,0,0,0
3d2e4a013b9f1bf0612afcf53eaa996d654860ff,0.27493787,0,0,0
de39dc6e141e79bc5eb87616764247867ca11449,0.25651208,0,0,0
7befe93c8533645ff3b23cddfc7c7eed56b8ed80,0.29231292,0,0,0
e83e010913d19a91ad9ce75adc69815a974f7c0a,0.35014835,0,0,0
97abbb745f31c635c5e2b9a9a4edd8ec7c15430c,0.3774379,0,0,0
04c041211cdc102ec44ca098a7e7ddfee27a0ce8,0.17900346,0,0,0
40448470d6384fd4128840151a62be646f1eb88d,0.248514,0,0,0
3251bce2d463c4ba51fc24c04904a8e3ac886c3b,0.13468353,0,0,0
07e0698ed6961ac535a8971e52d61e53f877f58e,0.42443025,0,0,0
9b841a30265fe0652e5e94c338ef82970363f4ca,0.19351992,0,0,0
387455c408f9de0a9870a215e1e6b9497bef1eff,0.54507,1,0,0
81d88e666fd9bdd3424b526be46626704e0b9c7c,0.4675316,0,0,0
4904788fde58204d5570dbf2268d8580a5d8d4cf,0.12925676,0,0,0
cc50f64aa8598728365f282056035cfc094e7bbd,0.22086802,0,0,0
b433eef1c1ae41112791584346558600d134f7a3,0.17532872,0,0,0
1fe62a02c75c1a1af4df78ec1b269837dee69314,0.25016004,0,0,0
100cf21e5b877d160eefebdbe109b331427aff3f,0.49050385,0,0,0
227008cff233f9424ab37044b2c0d7b2d178c330,0.03609269,0,0,0
4b46a1595c4c8688644549b3cd762819f4ccfac0,0.5500566,1,0,0
d3bef0558d47861d85ebee02bfbbe09d67a60c3c,0.1293434,0,0,0
475e02f6b0f0e7b650b44929b19cf6d5812ad2de,0.2308904,0,0,0
b5981e07909d4d1626d6f0ca359d3124c932cd60,0.2602593,0,0,0
20a1b9578effdc68ea07870f49e4e93289d86e1c,0.26617202,0,0,0
06827d11a7bddc7a02f2804618219b862f63ecdd,0.41295725,0,0,0
687fd988a316c937698c6c550b3c87507a60e361,0.36555788,0,0,0
53065084d622423dd086efdc6e76729f97d463e2,0.2862858,0,0,0
ee4ed5171c34694edac71add10dfab9abb6b003a,0.09156106,0,0,0
bbdd3e827d23c085d6c669914efa2798313b1b52,0.25985363,0,0,0
aedbfd5bef8442e5559c0439ce157e3b8cc37269,0.2755701,0,0,0
769df5afa88c6ce4eda5c675626077a24827181e,0.27456298,0,0,0
27641679e9fc948bc33ac13dbaabdd831954ca29,0.28230393,0,0,0
70add68322e8145ddcff59c2347a40c0f2e9addd,0.27511364,0,0,0
4a4074b7f330d77f296c16abd82cfe026de31f99,0.2776984,0,0,0
f5b48cb2b84d0cdcfaa99efda564a827f18bb49a,0.2838379,0,0,0
3e7ca122fd7cdd5435b5c8bf83b234b3f68bfb89,0.29462898,0,0,0
241f2ba7aa3225724a80421b56075aef7bfb21a0,0.22705825,0,0,0
92a3a06876fc47d55d189f6483b1efc37b1c59bd,0.23096916,0,0,0
b0017f772daa5e7f05094e38e4bec9bc99e5792f,0.20641533,0,0,0
f1532f0cdd5cfc6c40fdc85bc50d22ef2dba699d,0.03237022,0,0,0
5865fdde89b92235cb080637810e178f21bbfc11,0.030660532,0,0,0
2f2698fa5739eba1cdc3bdf8299a754fb98ae871,0.05468801,0,0,0
b82b8b2cc51220537d247d45133838eb868fe213,0.18723483,0,0,0
e0d62420f7020b7e6a88d6f41b27547eb8ac397b,0.27119952,0,0,0
1a0330f912c0aecdac5a394997932e94a618a4aa,0.20521958,0,0,0
bf18ab3679d025b4da88797bb9759f45b1eb00e5,0.31690422,0,0,0
7f384e85ea9ad0fc7f4cdcbf9451dece694ac63f,0.29740208,0,0,0
3ad097a555013fb78f35643d2c8c201435aef8f2,0.16997011,0,0,0
0da91a3b68d0ab6c28c89bd03057704c35ddec35,0.30163372,0,0,0
4aec5c55ff8bd122cd5d8cf093a595de81bbdce8,0.31660604,0,0,0
dc51387cfcd868ea837da2b7d2be87c70bcb8f9a,0.21600603,0,0,0
b24dc73be37f00dc35bb1e41cad90c703c96a13b,0.06485627,0,0,0
c8c91b47da7a68bfd7b335d664934c302332b06d,0.3477545,0,0,0
98b0e857a4e8a54739a10e5016b6ef3b9753af77,0.20987412,0,0,0
8025b2aacf291bf9197171d9ff1f7a693431726a,0.21137421,0,0,0
2106a8ae107fc2df9099b12b23fb89f95d449f27,0.025667325,0,0,0
a94943098d61f48a5508c2ba32996a0e98eb1704,0.16402666,0,0,0
35b06e09dbebf887afb6ba5191451074496571e5,0.09872735,0,0,0
8ec1c52351aba784e90c2cabe8dd3639f233debb,0.25421622,0,0,0
0aa96a17f8cf9c96874c9519c93e9f7723d41adf,0.3824992,0,0,0
62950beb8d9ae79097a7651cc3e1fcbd8d5e31f6,0.2347578,0,0,0
bb04d083026dfd018eeebf5139850c34e6b49b1f,0.3265543,0,0,0
6b0c5a3b409511646984f34989ca7826eb4379cd,0.35007215,0,0,0
960febe9458e4213133bb7751c8ab9c3c0b88bc8,0.31152958,0,0,0
a3fc218ad914c8e1de13ec3d5f5fb4a54597bc8d,0.37766272,0,0,0
fdc460dce69c6ef2caaafaf9628ee94d07d17625,0.048393548,0,0,0
7ceb5a6b8236517d708d7965f4873344c5630969,0.11273202,0,0,0
bb9dea37dc558378dfc6559133171f45c6a3b5b7,0.2883945,0,0,0
28d51dace3fbbf8f0bd71f749e5290685b0c5df2,0.26296014,0,0,0
e74df2c0e90e5e4ee92a0d45fcc6f5db5958861a,0.03281514,0,0,0
05b614d6042e1852b8bc14fa0fd66adcbc1406ef,0.2811506,0,0,0
05164d24d77b4f05a309cef5375792b08316f1b6,0.20527627,0,0,0
efc4809b7b73febc18cdd8976ff8e9d6d4537ade,0.31443086,0,0,0
93c12bbb6d22a165a407b6184cdb40545f86c683,0.40795907,0,0,0
54a95d899854ad5a0a7b896f99cd8ba68b89d471,0.58119035,1,0,0
df7a37858bdf7c465d6ba96637558695e42e2fe9,0.05819681,0,0,0
cb9d0a8369704bfc94a84371561d30a6b4317767,0.24084128,0,0,0
db1483ae639de19872a023e2af418ac695361500,0.20222232,0,0,0
7a8ff741e0d60d6430be6f8a25bc1bbeb65832a2,0.22031528,0,0,0
0d33e877b1642b1bb630415304b8d01de2ce427e,0.06712012,0,0,0
d700649c1748cdec25ce871925d80a1356e3147b,0.21595831,0,0,0
4f30fa5358a7712bbaba7e25d97166d9b4a0f0a0,0.35389435,0,0,0
774228b4c6d5e6f8ec239bc9a3d8f09ca7bfa51b,0.3293035,0,0,0
ae57c74449db1d55abea013eb0274fb9a1f636bf,0.43122128,0,0,0
54567ccc2ec5ca96bf70b0926b56e97659574f4f,0.31226695,0,0,0
2a354150a2193ad32311e675d7452c8059be3bef,0.30365053,0,0,0
db6cf117a225ff973a44972c5fba128b1228a99d,0.33545312,0,0,0
6faa7858155e8311890f14e486f43d5f8cd69835,0.26692194,0,0,0
4790afd48bb04258b01965f601f979f7c71cd472,0.31224343,0,0,0
6535c04c044a9a1ff76410251e43932ebafa6872,0.06838325,0,0,0
69b4784b44ccebceef03b445f420240d07a85062,0.3719797,0,0,0
5cc4b1638d331d9f6bfa9366e26acade4b412202,0.2736515,0,0,0
11b6cb54670ec16f8597851cb010c62c6d3a6578,0.18236682,0,0,0
881af80e8016adc72f7c577bbb88e0aa37c0505f,0.2165922,0,0,0
c1f539ad85e47c5052bf0e123ef7264fbe5d73bd,0.2258042,0,0,0
9fc8dbcd054fd82e8fde73c50b63832b6359f476,0.27189943,0,0,0
a2da1049443db9db3e2c06cff58463fe6cddb978,0.49745676,0,0,0
355dadec5d8729f25fe57408f29c75e64ee65623,0.45632297,0,0,0
41ba47a04626704ef2fc49ba03b0be0939879271,0.058048863,0,0,0
cb497ff3ac18bb0832106b624f43708dcb28e034,0.09556632,0,0,0
70f1e65a1fbd882442829cc377be937db4ee1acc,0.31279248,0,0,0
a1e4f67e9d5480de3d725295f562e98f6c45d79e,0.082468376,0,0,0
60e3bdcbbd3f84654d6df895af97740408ba2bc3,0.40549558,0,0,0
52eab6561b244a4c84572a04bf6bf05144b2033b,0.32606387,0,0,0
dc4746b69a3580443310765eba606be998e2da4d,0.38837904,0,0,0
84e2cf153d888b5f3a73bdeab13c323c6405c1b1,0.31454366,0,0,0
8ea2c18f2b69ca3d9f3a8a1033aa6078df745176,0.43007025,0,0,0
2a7594a7ded5123b99791b0f16265833ad35c81a,0.41993526,0,0,0
d8bef16525907af19a253e911c964d630b1737d9,0.21107996,0,0,0
f3bd0b79313c65d41260a7dfec6e041cc5e24674,0.23230249,0,0,0
56d6858f3430e33398976b02f23cc82c25641a4a,0.09680798,0,0,0
7af57e58daa9872f2066d7d521f5c153d7e372db,0.14279427,0,0,0
3ad7450857297ed609c5b568fb55f77dd469d8b9,0.23018861,0,0,0
190dee5fa3b5374f95ae8b3673705802789ed0a7,0.09876161,0,0,0
ed403b6580ed403a814e1c821200f302ffa5805d,0.17518806,0,0,0
03f8b53af1526c038be1e0aa6f519a6c73762758,0.39398903,0,1,0
6114f5479d0bc640390c8f073b40eab94103451f,0.20421454,0,1,0
b925070f3842ac0ae2cd816d7dc99233e7a6ddce,0.2041766,0,1,0
6bc2d25ea6dd424148786f5e0cddeb42ee072e79,0.32074773,0,1,0
2280cbd563332a1b9f3ada9de77af40efc6c97b0,0.24736711,0,1,0
d254cf2bd17588e5111841b0ca0d349a0f4a6fd2,0.39191732,0,1,0
a3cefc2063d220efdc8a42a66164a5ff0bfd690a,0.6283028,1,1,0
d8e760bd13b8a5c9ddd2029f2ddec3fbadc280a2,0.048004847,0,0,0
fa2fafcf1e1eae47296fc8ed1d609225ea381971,0.24833749,0,0,0
b0bb65029d1e3dcf57d8a0a56e4ca7cccbd18db4,0.020463817,0,0,0
624cdb14f819ec4ce5a5c02df0293f317cf9737a,0.037666142,0,0,0
a6feb941e5ff8fde22865f981d912c6d5f48546e,0.54797006,1,0,0
cf032314f935892a8cc5ca7a43bcf1c9011f3242,0.52385706,1,0,0
f675cbc93ee4bf7395befd90303cfdc79265cee2,0.42265594,0,0,0
5226462744f1e3c11fe5477b543a60b18a80e548,0.36249262,0,0,0
71841bce6f67b8e58b26caaa49b5c0b1f7269534,0.10307104,0,0,0
33172a83a4eadeb7084486256c57947567ddbf17,0.3035539,0,0,0
ff38c184f7b5e1e2b9ab88b22464041eade680d2,0.2708732,0,0,0
131e4926b7a31fff3c6bead10bbe6dcd15e32bf9,0.29177332,0,0,0
377dd0a46189c53b9af1f89c7e4e9e1bc7698646,0.055569157,0,0,0
79a242ec3ec8208a9187777cb40d8c269f3cdffb,0.4179248,0,0,0
db69349c601fca02ed236064bd7c20c359cd9707,0.1884603,0,0,0
3e65ff983dcaba073337d3a15b21dfbee2eee4c7,0.40115294,0,0,0
86b6c0cef9e1d09db327197ba2cd64f404c22988,0.18082738,0,0,0
83420394a2e397ed46136c40081e437d5af9c2b5,0.08479073,0,0,0
f61244c48d22b86a9c6de16fc4805f10d8d4777b,0.2081238,0,0,0
89d2eb8fab09847c42ca1eb32c62e0d4ef7699e6,0.0323273,0,0,0
661fb0c9c01c87410cdf1abda41d78906656c7e5,0.33070764,0,0,0
71a4e3f5bad9e17e7213368de6af803bc3cfc160,0.27385673,0,0,0
3832b54d4d6f8a45c7283fa42569e59d66ce3d90,0.20364963,0,0,0
53b6258b2465362ccfa3f85a482a9d54425b6d93,0.4713397,0,0,0
a310596a75ce3e0cccf268102f070ce85cf9384b,0.31828234,0,0,0
80d570d77a6f0ff71bea6fddb6519d6bc77f408b,0.37864387,0,0,0
9994ba2cdb0922cc16261cf2a165d9b7a66092dc,0.16407411,0,0,0
10f7c22ac3955b9ec0879367fa76f6c14821f512,0.21394382,0,0,0
19c15bd468dc770e255738fa474956d37b8bad07,0.18208095,0,0,0
2bcd63e545252c308f9d8b51d8f357155639e861,0.31469637,0,0,0
31dac7eb1e2c3683987adf686b0f151925d51b94,0.24544664,0,0,0
b6c1226082e9272a3a5eb37422afc24740e7b75d,0.36590105,0,0,0
1f06856824ecb1896e15059704510455938372ea,0.3869584,0,0,0
41157e7a305acd42d820b0dee0dc6cee228142b9,0.29022518,0,0,0
845fca72fb3736ba07f9f35b138295d77530e500,0.57982844,1,0,0
62e139bfbcbb1c70bd622081932b133d09aa4a62,0.56548136,1,0,0
4f65842c59170271f82f98b5eb3a985f198420a1,0.31369054,0,0,0
2f92ec1b0fa868d2c59270abd6630a3cdf2d02d0,0.3344028,0,0,0
10636cf7f281864685b64efb6b013f57331c4615,0.26674473,0,0,0
3187c92b9b39a2f0663f42d2ec2e1ffa8c45db10,0.2956775,0,0,0
0b10d14e48d1937621edcfebec24a2caa6676184,0.3662032,0,0,0
beb266a7c1a91bea734bebcfcf0768790055e8ce,0.2875098,0,0,0
e45d91d0386a32edde0ed08b57f53ec2cc1de3ea,0.35572436,0,0,0
93b0d6b3acb2d3be277ca8c2799badb005686429,0.49736264,0,0,0
6b436a0dc1c32095698fa777ea1365f5bbfc672f,0.343426,0,0,0
1d049600404981120633155a69a2effa10b26cfb,0.0874064,0,0,0
29cf07169ebaf45dc8eab6c7e55c0039b31dfa5a,0.40543178,0,0,0
b4d173d3519854993014731e8b8c1e73a137379b,0.39408702,0,0,0
7c272bc96e2053ae9960e61769c38696f4f3b854,0.1796629,0,0,0
6658eba6826100e9059186809927f398446e33a4,0.39956233,0,0,0
8fb9b82b186fcf137854e60f48f84bef664f10c1,0.2845026,0,0,0
fe71bba6f74ce54fd2581af15db777772d7d7be2,0.35171813,0,0,0
63379962669775afdacb14cda8a40cf9c4c9a043,0.09737774,0,0,0
9540122871676a511867c3d2ba54bf76401c8a91,0.29720527,0,0,0
064c814833c50fe1f3f87771e6e85dd6b1dfa42a,0.09703431,0,0,0
3f28c60b2ccbd4d3965eddfc2e652eb0027b10c9,0.45626986,0,0,0
9773e41c076aec1cb86f4438d37b01a97b852a3a,0.22410597,0,0,0
75965fd2aaa2ee1c5f34a0ea92b0a444be2cfc85,0.519684,1,0,0
16f001b4ed6a2507861a50f73f5deed8e86bc6ce,0.3303599,0,0,0
c13bf71d3a1e8eebb624e8a113363998d1664263,0.36968473,0,0,0
cc70e908fcd9b309187789fdbc20249ee3eede3b,0.36615115,0,0,0
25d9407086393ee46fd5c981d8deaa9da2c17be6,0.28916672,0,0,0
0d4bfa919943d2053868ac7a48c2757502c5cdec,0.31292817,0,0,0
88bc781f326d51424680a3fa6955632a7883b7e8,0.28080332,0,0,0
8bcd036741fad3864b785cd424405cc7da6150ce,0.3706095,0,0,0
e9c984fdc9fa6d35744038685698ebc5114df676,0.21225028,0,0,0
56a4b2ae7539c2feb5f1a049634f07f2da082494,0.19325793,0,0,0
53d100817e07683df4932f3dffb94873d3c72602,0.27319762,0,0,0
ad403802e0a705e215b46cfaf4634bd674f6a3ce,0.18265358,0,0,0
773a012cf8b1f125f6a128481bbe2b531beaa023,0.36747038,0,0,0
55965e964deb71b11758bf7e8abdf698ed7dd26d,0.29875165,0,0,0
1ad8fa191c5df90d9f0388d7c483d57724860040,0.34241614,0,0,0
31d3f3456ca68f29b98ce5650dee94e1127dc805,0.3145157,0,0,0
0431fef427b0ccbc8220cc7d90e03b543fb1e98d,0.32211518,0,0,0
23977d0e561b71060b00060ca4d18cf0791ee77e,0.1868582,0,0,0
2c555d3f34cc96ac8d6f6cca07b69ac79cea57f1,0.34748438,0,0,0
de80253102670072f7a4f7e1fbb64b69cd53dd64,0.24968176,0,0,0
4858db950be1536b0645ac6b183a20196cf01770,0.35153216,0,0,0
10784b87b548683a5fd37819ec490f8272b7c806,0.3457146,0,0,0
0e85b8d81e5d8788c3b29e4979d9dd4c50e57c55,0.302405,0,0,0
8bcb17d2e99f7dd4bdd81a103dbf839589635c3c,0.13350466,0,0,0
6c2fac139550b0168d254ee4b925ab206ccf359d,0.13877453,0,0,0
040cc81c32c269fdb4a972db04251c4691f5389d,0.42774203,0,0,0
9f6fd35b16cdd19bf5fa3e8abaed17852bc1dbd8,0.25205836,0,0,0
75c6369189b4ae60c08b21178d0798355b8fa281,0.2969648,0,0,0
cd326abd88b3ef686f566e0b1735b53383c627dc,0.3390893,0,0,0
b3f1cc30d4e1d9627ffe73e0394048dad5af651b,0.15698707,0,0,0
c432a075e7c1bca79a63eb2a8f9d9ef5495c0e48,0.5279219,1,0,0
8672c3560a180a36f854458724ab7b40ee8b9d54,0.25571245,0,0,0
8e1b54f21160ccfdac07039b05f6a4050114b965,0.2799408,0,0,0
6a612f3c67cc92929c236c69e70b0131726c6808,0.37882423,0,0,0
cb48137d5ab27db5da09ee3940c2cf93fa47fcc6,0.3174231,0,0,0
f433a99608baf7ce378478ad212754e9a386d5b5,0.34027827,0,0,0
b572ad1e3f956edc958b0142c0e6d296a9d24c6b,0.31421956,0,0,0
628e21fcc75ddf52ff2ad5c67ee7b4840b6357df,0.24424568,0,0,0
00354024c64400dfaba80873e55fa365d45b1f9f,0.20056222,0,0,0
75199a4d3244bf3f97979024ac15a55728cb0860,0.24328193,0,0,0
0eca91ae405f281e734337024bf499bc2e90c8dc,0.2281853,0,0,0
5ccf73a33230857f217a8e456301c2a0e59d148b,0.22674248,0,0,0
6aa057ff95f0c14a7fcb562020d71bde571c2e87,0.33893228,0,0,0
9eb1e02873e9b56c55ac6b0bd253d5193de15b9c,0.13391596,0,0,0
3df225721c22a5eb7b7b74e774ffe5a0705965d6,0.35044962,0,0,0
16626a9b8fdecf3fa80876a244ff74dd171b06cd,0.36934915,0,0,0
8856608a047f389a40f6d1f409983de139b35850,0.33097282,0,0,0
18e6a973234edce2e46a5c4fd99ab890e8594b31,0.3180175,0,0,0
7908328f012778568c6da95f7081b8c4b9754009,0.39386767,0,0,0
f283f4c4b6183504135a98a3e0d77eb89f391bcf,0.56020594,1,0,0
e45c8fbc3e119e5044bd0143ba253380ec45ecbf,0.17351416,0,0,0
f4bc7cb026b668257dcd5b083282fc6c2f70f2e9,0.35286745,0,0,0
11dca5f8746e7b7d43cd62635497946d309fcb60,0.13846536,0,0,0
f05518d99227ade0b7928592c28a67ff1f0b3bf3,0.38869995,0,0,0
b383b9c38090f9eae7ccc7bd82052141a3eeca60,0.36419928,0,0,0
f2e00c0453b286f77872b716acfc3ed75467b159,0.2697196,0,0,0
37daf894acfcb89582e701a36e1695f772fee3a4,0.2868383,0,0,0
e176d65e03aee3135bf91691c0a43f0ef7f24b02,0.36580914,0,0,0
c510b94ad8905d4346980c68af1dec143c0f4813,0.27696985,0,0,0
21d75a867ed4659b6796406ea26510f683f3ee42,0.4668398,0,0,0
63bee061f37d09d409aa02d4de122fdd94b538bd,0.28814557,0,0,0
c5dc98d98d8b1d06585b9e23e04418532a6cb3d8,0.49563602,0,0,0
b7df9811bf66d7f8ae855a82572fc8472b206c5b,0.4678812,0,0,0
99facd0219053f660c43b318b0966de40354d76d,0.38268313,0,0,0
155eac83dbf06ca184a49e35577aca1c0f295299,0.4526938,0,0,0
35a456bb612cdf33cf84a92098ce58ee9a298137,0.20194393,0,0,0
b53521ba1a104bb725b63f5d11c551447b78ea59,0.48421955,0,0,0
d7f3d4f5c6a163f18af993fff9d8e52a2f384aea,0.16994826,0,0,0
6fac1ecfdbc6d088498b1e7a5556c7041c86bbed,0.25058702,0,0,0
c50607e7c834422c7fd926a345b1badebd1a2675,0.31625217,0,0,0
a78ebb040a841a14fa0ab8260977f9d2b92623a9,0.23914972,0,0,0
8e4a56526f342b5ebaf36ea2003a614ddb7e4059,0.3707244,0,0,0
bc4cd88aa7d8343dbb031c65d141f4b021a95d0a,0.3717141,0,0,0
bba1b111e213523054d467c3fe477d0722437a2d,0.27814314,0,0,0
e5707c51408626d40bc07c70e337494386343feb,0.3587595,0,0,0
76c80ad2819c85f71977e584bd1bfb3704ae6fa1,0.28676358,0,0,0
3118343d4ed0c932838acb0f733cf67435653b79,0.18802948,0,0,0
ff6400238181b6d4ceda00c1eec79da6877bb171,0.38180205,0,0,0
d815c27f7652dce234403fd95b55278a0423b5b6,0.29169536,0,0,0
5dd2debd744ac8d57570e05070ad742bd9c82af2,0.3445239,0,0,0
0c3e4e0d3f697fa4113555f440a342e1aecb88ef,0.23603053,0,0,0
eda95607e97ee903c627460456986be9024fb384,0.034398463,0,0,0
6fdbd4f12282791d95d636d427e65b383f46febd,0.04198113,0,0,0
d6819f7cc25aa649682215eeab9d7040b5438560,0.45031333,0,0,0
bc7a3969c039f179d5a73c8aff19cfe19d511503,0.06529531,0,0,0
c2efa4a80ff5bdc422999e3cba6843935aded1a0,0.31622466,0,0,0
af598460ac9990c2a02823b3cfbdaf9f5429ad5e,0.040159862,0,0,0
16c46bdb4330287fa64cbb2b71014c76852e5c8b,0.4828503,0,0,0
749e5b3918721a1143905e1482916d8674128a5e,0.16210821,0,0,0
04e3fe1d2cfd176784f164413010d87a01f1e5c2,0.31072894,0,0,0
91fa2dae7647558bc68ded9c3e7eb5a1c1846404,0.29904425,0,0,0
d49d45eba50fae24715a78df93bf5d951c82c6ac,0.0408965,0,0,0
f36ff599a7670c025010ed7d86ea0fbda7e26bee,0.031047812,0,0,0
ebd133cf778dbee92a1fd175443253ba2bebadf3,0.42648375,0,0,0
8d719d4ea9dd0996de476e2c4a9728b1f367fe2b,0.24974896,0,0,0
6880e8030b8d26438500842959756b441271ed48,0.099919125,0,0,0
578127901a96327d398a42ee524d9dedcea64dff,0.43089223,0,0,0
4060b8ee3347833490dbb2c065f14c1bd592b527,0.1786441,0,0,0
de62c65578ee43d0f038db757b18954b54c49dbc,0.20418382,0,0,0
11a7aff1b5c38a9cdf056714a20c8c7478925c08,0.36299717,0,0,0
88a02cecca5cde95090603e19624c285e484c23f,0.044166278,0,0,0
3bddc5c5321e492835413bf4e8c9b3caafe4fb68,0.27200472,0,0,0
3d64f608ecf0153c2080374810711428d689cded,0.03309183,0,0,0
fa10cfda08c3e12c5c187c1880f52f89284eb0e6,0.2533612,0,0,0
15e3ba0f7bbf0adec8ca93d6acaf5f488582c949,0.35785446,0,0,0
168a1dfebdd4a10ba593311856d3addcb32696ff,0.38652927,0,0,0
0a2a72eaf5832da87b80fa41008e0b28182d928b,0.40219846,0,1,0
7c3390d0a7cf72afe3ffb3e3748f993e85cce48b,0.059830252,0,0,0
89109b855537050f5b9d125a88d26ca2c1d12f78,0.26012576,0,0,0
27b015e5dfdb67f8530e7c110d36aa55d0e42cb1,0.49983472,0,0,0
c72f418ec98b259673c695ed60fa7290708a1d55,0.035542753,0,0,0
b61eeaf0529f070ba19db904821b517a9e5528dc,0.41371256,0,0,0
3b44781f9514988a31e2748416b1cb7015e2767a,0.5478359,1,0,0
ecd3c598b98212cbd47cd415819b62614496839e,0.25674587,0,0,0
163624a9596298bf80bb41360fcd246a886a0688,0.36148217,0,0,0
4ebfabb194c88fa10db51d6f2db6282a357ae15d,0.26726142,0,0,0
c485f5bed92b784a4dd915c6fe5d7b95a9990618,0.4683103,0,0,0
390a4358394c91b08ac7903d69689a62cc8c0fc8,0.07390291,0,0,0
dbe962a24475a2d288e1e1ff681c21ccd05b5cbc,0.054657526,0,0,0
6ee55e92440c2eb8a25bffce9fe0b18e1d49b67c,0.3050481,0,0,0
08fb5dd3465bf636093b056b059c8ce2deda42df,0.15808061,0,0,0
c0aa76eb16031973f3e897ea535a0b38bfb7f11f,0.32511073,0,0,0
7a5d7677e6ae10318907876c58727d68bdd72bac,0.13741606,0,0,0
7a56d2484badfbceff130dab0c128f1a581827c0,0.19653948,0,0,0
d555d56324cfa620bba111242931fbb7337bfe4e,0.18999735,0,0,0
1500916bf165064d370c3583a19350010a88e2a1,0.46645358,0,0,0
99894b82ae77290ff43d84eeffe638c3ed55d2d9,0.064160384,0,0,0
170b62aeae48d2cff474edf0b275b0f2bb3a5f88,0.52467316,1,0,0
b26691806891840645059fa5e3a6c86f167f32cb,0.38632527,0,0,0
460f9f5b0f30b4ddd5d568ea4c381779e9dcf6f3,0.062121432,0,0,0
bebc7a8a524e19739f6128437bab06212a35e75b,0.42777064,0,0,0
18c6426d1fbb60f0a52a5a7a021690f62d821955,0.31727064,0,0,0
683d902dc66c21b2353292880a00e0e149e548d4,0.5082138,1,0,0
31af406eb992beebcb8c0f6908df8031ef179aeb,0.40931728,0,0,0
2303e85c5ba9e2aaa72b0e3ea88d589e312df104,0.27213126,0,0,0
1d5ce0051975f0aca46258ba1efe714768589b2d,0.3225799,0,0,0
e3496145d2ee1d147bcf2af176b99c0ad12d43b9,0.20173517,0,0,0
0ae4ec44259ea0e3feec3e76671420438547fdae,0.10013561,0,0,0
bf1165fac897d7d51fd6645a0eb8dfdd4eb4165c,0.19848949,0,0,0
6dc22695d51eb464df4bb27765b1af18ca757b9e,0.22239661,0,0,0
f028a548b933c73c85c1f15a4900fe93fc1c4908,0.42080858,0,0,0
546a1c7d5d40f45e7ce2331255c1763a5b04579e,0.3607502,0,0,0
e66d8cd80c0fd29925050aec9ff96095617dd076,0.029526373,0,0,0
73db5970c0248433d25be914308f76b03fdef175,0.41664904,0,0,0
3dada3ae68d58491197deb8a3c1cc3f5504a48f8,0.5261739,1,0,0
791e14cb9c8ac13fe4506470f2b8921c3cc542da,0.31196523,0,0,0
5578e731d97d974902d923da646650228a2a1446,0.41934025,0,0,0
b1e2ae4c902691bbce02a90b76c4bee1c6e58455,0.40245593,0,0,0
db7540e045fc07ef39d37163a263615c6e580efe,0.61858094,1,0,0
0a0ebbf02c08e303eacddc45854f8cd6e0e0f9d9,0.41524214,0,0,0
6a8f225173324e4bf593b3ec2bd60015e80d3f08,0.5726061,1,0,0
ccdddfe067274bfa3612d9e866c2f86c2a6c87a7,0.46691707,0,0,0
6e552cf090053ecbb1ab4251528754373d0dd511,0.3865469,0,0,0
c57a14611951a6587f8eaba95b5b6b378997385a,0.40688613,0,0,0
9b4f29d41a71f58e2a0a31d03f1bb8117a9e8d60,0.41637504,0,0,0
e6e6c2d91e0e8b6549b5eda8973e5f3c150a7774,0.066538975,0,0,0
ab40eadf2da890903f4c5d74d0cb6f5459a5f995,0.1733865,0,0,0
7b80edbfe28a488e1bbbe69741ff9f8432a676b8,0.4398787,0,0,0
6e710a1f78a4a733020a4b2d1f07b6fe4c6684f0,0.6747763,1,1,2
951b253fc38c09114d0fe273a3758a15c151a8b4,0.67025685,1,1,2
f3539c7eb312b127122084279002d3fd238c9a17,0.6155016,1,1,2
7aa5ba380ef6aea0f2f594873b4c7378adab0f18,0.6441515,1,1,2
def1380280b9be6d166d3938ea4b0254e9b55dc9,0.62530714,1,1,2
cc06ae9bf7a1fb6cee46c40d2a6388ac05d3f5d1,0.60357547,1,1,2
7972f1ac1b85a5174c9f293ad98abc87edfe42e6,0.5221659,1,1,2
bd1c4ff86fa21358949e925274f5b8146f5d02cd,0.5431048,1,1,2
be2aa80bc371d600ab2230c545051ea6454577f5,0.31037965,0,1,2
68b033741b02c3ae54d649e858790732bc5c2d27,0.44834334,0,1,2
4f5d25205a9cec988de300a452d641a155406b79,0.5312619,1,1,2
d1e97bc85338c563f4f732bcf917a08b3cbf4792,0.58129805,1,1,2
d40c01673e866c3c3b5b51bce66e9518924cc31c,0.6080402,1,1,2
5f7d5690a97b2ad95bbe381695638f0c7ca2c4ff,0.6914573,1,1,2
8d340a008767c5d954b7539e825b4c90eb15ab9b,0.7169009,1,1,2
84e490b66f61e11366b62efc42e64b60ae7db35b,0.3175637,0,1,2
fc939bf6838f4bf986e0b42fddee3df6712371a5,0.297904,0,1,2
5c798eb50aec6040f415b6def1912d4345f8310d,0.36714888,0,1,2
d1758567765117cd395ea47319d3acde7fc663b1,0.3617846,0,1,2
517b8beb06f63301629f0ec3f58f6b667061d3fd,0.38284522,0,1,2
5c715cd84d600c0df0215846efaece2ab4673546,0.39617175,0,1,2
dff4cea14174548f52d6fcc66c9bfd7a339b7336,0.5610938,1,1,2
02ae34d1d3f3c9f9c25160cb14c119958f25af13,0.5382164,1,1,2
8e0e1c32ff1ed1da4f09fc9917812e6457e6fef7,0.57354474,1,0,2
18c5b2536c114c86b810bb3ee94474fec596a462,0.26309514,0,0,2
c6e4d8c9f534d3e70e79bf718e40724d56186109,0.1627801,0,0,2
5b5ecff53b50a67179f6245bf60047c59f027e26,0.25633147,0,0,2
46dcd98ceb70720f96d4cfa23b001ff108bdaebe,0.42737365,0,0,2
dcbfc80c4a14b91194fc8b74760b079cc0a4ce42,0.5059886,1,0,2
23492711d234f2fa647bac46997e361bcf985423,0.29017258,0,0,2
f10279a29d47d389a31da907695673a992555adc,0.2757462,0,0,2
8d5925b52b48b4c69934ea5c48aa298a2ec74e84,0.21936831,0,0,2
a30aafa016409048747fe9730d6f7892eb12d7c5,0.5472386,1,0,2
a3611513fc4de7234ef49ae46d646b0795ac7110,0.5817268,1,0,2
d0eb1d1dd1d9aed27c433d78a76962340fcbfc1d,0.46866906,0,0,2
1ae9dfaf45e0a51ee7d604551f7e1932d1787975,0.6072548,1,0,2
1c2d56e8a91b0f64317a9e02cfd4b45b03d3019d,0.061996225,0,0,2
2cd92aa6e3f44df6b0552a28b83022a7f92f8946,0.41921484,0,0,2
79ad715f02e02af76da0c6e47c164a80768a01ab,0.40073904,0,0,2
e5b948a1687270192753993c998d61c7a91faf49,0.23998295,0,0,2
b81a48d78dd9be1c3eae57cece4c88df92c30247,0.45367795,0,0,2
0b873b95a840f8cfdb51f4ceea3b524d46d20715,0.3052108,0,0,2
e350a38760c93e373562d6a3e906df5904250146,0.27596736,0,0,2
660431cf4f7e2bda887a0e35ad3a76bdccc14110,0.38872126,0,0,2
f65e9aa63f8f266023a986507834585a9580c555,0.3432665,0,0,2
535cbcd9f20b29b3c5a5d69f654cde57969b3788,0.28806415,0,0,2
2d650f890ff1409f2944bc56cdc4b518b35e06f5,0.27247316,0,0,2
1c4f7bde1c8f7d8c0e09484daa626fa4f40e38e6,0.34942,0,0,2
b9a22fb6f6f460287993d3cf087ae5ff036a6c21,0.42395052,0,0,2
14d6a09601b68f60e6b18142b597a6890e5d581b,0.47657102,0,0,2
54fdc54dd24c9ece2bfc32ca12e88545ec923a96,0.36727387,0,0,2
0ff7c091143e8326eb88dabce078ca76778a587b,0.17246537,0,0,2
32ed6601f216dd1300876719cce837bfa9824e26,0.19141576,0,0,2
7df11e15457e8d8bf4e5730d20ec2412c429e091,0.17694265,0,0,2
15f7f84678a24533e42f2fde230c5f68d1b33035,0.4898161,0,0,2
2499f70cabfc8d17f2c6de124a81fc0940a70fa9,0.06856416,0,0,2
6526a5e83c1fb9644da34e44fdc5a3bb8a357c84,0.1958667,0,0,2
5904d90ade8663f5552b51036740352a9b796892,0.15633307,0,0,2
fdb75911387f77912c37dcee0af4a2f2e0977f3c,0.60421586,1,1,2
538a97b115ba4ea44c57898ac7c4fbb77fe0e9b7,0.39061403,0,1,2
fa0478f4f6fb724233dc3e00a9f8dc557ce7cdbf,0.5430254,1,1,2
ec81d7ca5100fd97fe8428db02a2cdde967ac87d,0.3519311,0,1,2
81c40b9820625d3f529b116baf6b4a3d45dd2f75,0.519666,1,1,2
2b085ae34295d5ae1d7eaea5a55a2df220bf1bed,0.22918585,0,1,2
d6a354e203e4901d3eb6a36b3aba620fdb222da7,0.34785315,0,1,2
37787b96ab21fc226ff267aa26ae58a58b2d20f8,0.4816881,0,1,2
f2f704eabee027175b0c1eaf934c08e7721a9b24,0.6024266,1,1,2
e1fc87d2d57c2d7ee941e651f33b582fb000dd73,0.60392976,1,1,2
fa8f024d082998c7ae48b21f3eb6f8f2ca56a719,0.5807455,1,1,2
6bce493e47fdac9e64a9ae1cb3c358f31975a43a,0.5297796,1,1,2
9daac904cbc627e4a43e72f72159c552b25caf74,0.64937115,1,1,2
658d5a97c708a926b0425585f9437a0c1fc2b81c,0.59816694,1,1,2
db695fe90b181948f271e4970ec83d4de9348577,0.6746121,1,1,2
9c06ff87decab7357d44d8766f6a277ff887d921,0.6463558,1,1,2
198d448ceab2bc061d18a1a689056bd2b96b76c5,0.5890176,1,1,2
46b15af8c5fbfb026be350ae16eca89fcdc87aac,0.6409063,1,1,2
b7e86cdd772cc47a031d187b79d075af8155c2e0,0.6846687,1,1,2
198e589e62f687a91d4c27057ebad918e9f9bf3f,0.6175389,1,1,2
fa510146c09a498e25e590ef5cc558074337fc4f,0.63773453,1,1,2
badca06dd1c70207215c7186a31955901b637661,0.5122788,1,1,2
91ac1574aae31a29baf883d2cf45e4e1f5aa9bbf,0.54590195,1,1,2
82ca28e2ec8fe9771f01b5aab3386311ecab80df,0.3640146,0,1,2
9f8120beb6b351608652002e057f97f8f6c0dfc3,0.6536389,1,1,2
c66b23747627a2b432e0068561d457cab9f97ead,0.4461403,0,1,2
a6a5e3033d424468cbd3a6af051aabf3b5bd4d00,0.6187788,1,1,2
2902a9a3c07e881dd7aeae0a55189facfab1966c,0.5852686,1,1,2
fe487b3336f8279d8b74eff05c5ebfe6e01281f0,0.44896242,0,1,2
3076802a78f14eb1b4f23831d5a1ccec79b26554,0.43906555,0,1,2
5063d256221e7fe8a8c433401bea988d7ccb0a35,0.6780201,1,1,2
a6b9ca3f71d44dbe2562e13d63e4b30fcaccdf50,0.5148217,1,1,2
81fec3193ad12a0f78eb021c4a1548484595860b,0.4626442,0,1,2
902a680951f318488a4bbe0184a3a223c5709b01,0.68778825,1,1,2
b84f786db6d85cbf9973adfccdf135cb71824b87,0.46009538,0,1,2
a2b5c7a9aa0b5f617502bf6003d43913d507a11f,0.654123,1,1,2
571725cb7bcf091b5457f1e2a857aa51e8a70f7e,0.56958675,1,1,2
10118c9c1b00d31868d6ab43e8171e3c16efdcfc,0.3795518,0,1,2
ee94e6d82370b6b6086cae2693dc2fe31388fb64,0.35739237,0,1,2
dc58a824466ed492fc6d5ab11960eb86584eff26,0.6104491,1,1,2
56c04300e8f05bdaccc2ec60fc751c09d86b7b68,0.32279828,0,0,2
03542311e2a461f0324ec700e98e78b5540bcff8,0.044467602,0,0,2
4746531428aaf9e3ae7d505b5a203350d138ea41,0.2632361,0,0,2
05b14fd01e43ab8a385bcfb53102a270ef2d9375,0.031551104,0,0,2
77868bf772a03d61701bc0d32dfafea63a0382c2,0.122188225,0,0,2
83fcd3e1e220b9f3aacc63aeb4da0a898684dd0b,0.055521563,0,0,2
dcde20001063fc25f622e4b1c7775f735a7255f0,0.0817219,0,0,2
82bd5be8735c01a767fc3ebc3eb92369ac68302d,0.479275,0,0,2
e1188f368087ba4bcfada44d645e4f8661d7f9b2,0.70525515,1,0,2
2c03505da053d07cd3f729692738912bdfc2a5b7,0.07155203,0,0,2
3fd058c02a1f8881110409be33ad56d3af6386f6,0.518584,1,0,2
bb3ddfe426cf4ff5390f742d35bdba02a4ce7624,0.07516225,0,0,2
09b1a632c17b34650d2bcf748be14690c9882e52,0.08365541,0,0,2
539e1ee1d68c27defd0aaad09a1a0b68e059de96,0.20530821,0,0,2
da69323b29fe8e373364b9399bc67523dcf2af62,0.30864453,0,0,2
c1ad21bf966d01dc5cceca82f102c0f7843d5617,0.031591944,0,0,2
efa756288e712849c78c4230df05c2d1abeba91e,0.34484062,0,0,2
2f757454dc41f4d130234aea68b348da4f12a0fa,0.06494968,0,0,2
24b5e00be753889e4907473ce57271acb290cb67,0.38223797,0,0,2
7f293a06a0b7ec9b554d51f150991efa9b7dd54e,0.048912387,0,0,2
95a524ea06e546330ec3d95b9c139b7edc599b86,0.040900655,0,0,2
314dfa80d4e815ba3c689cd3ad0d508209665bf6,0.054057125,0,0,2
c07d659cf8f7b16452472da6052a1de326bcb6a4,0.045716543,0,0,2
545536e34f180edd32fbb21b0a5613e6407f0980,0.042490598,0,0,2
225afb8bad88c9bbb70b24d9ac3c28fb21f39465,0.0831652,0,0,2
041e9565ab8b187ad0b88780a5fc0a5ea24f29a1,0.4823555,0,0,2
c4828bfd09ea8c579fa8840cd77733c64b8ebb39,0.47195843,0,0,2
dcaacf4cae54fe199055830f097d4ed504b3238c,0.048214894,0,0,2
6f22f4b49c2a3a59840d28e6cbe0c37a56ab1f90,0.3710074,0,0,2
41fefde64401d2173ff019a896c4dd72b4fa5636,0.6196285,1,0,2
080e96a6cdea2f5fe8727b8249044b89bc54395d,0.10452366,0,0,2
497147e3e6ba0a50c32817e14985ca5bf1041f9d,0.060455598,0,0,2
40708bdf04dae6aa49bf8f3617f2efc16c83c5f8,0.38332006,0,0,2
84ad767a87c69a265e9105c51efdd87ee57b8635,0.69902736,1,0,2
f0e8d41fc8cc746ba9b66b72646db6bd8b25c6fc,0.04460312,0,0,2
df5930892d9c6eda392b96bdae2e7afd342f7866,0.22132279,0,0,2
0cdcb1fd8df9e9185cd3abb128d927d25d7de8b5,0.111297965,0,0,2
cf15c51722dd4b406876dce1ccd52eea787d84b7,0.11681461,0,0,2
b691f81b482175665b45cabc056e58ab0df03ff8,0.43532562,0,0,2
fc8ef4d22c95b13b907ed14b19cea8ff5fd1e653,0.08226485,0,0,2
8054f746bbd6191f5a297cf6f7f26f9fefaba307,0.061521508,0,0,2
fa21d6f7e70f057c42d4af9c40ed47d3d841e5b6,0.09356802,0,0,2
bac647543497f0aa2a9f92fe726e1eb18631b4cc,0.20558964,0,0,2
cc6ace18900eb92606b6a312cb1ac5c4ab5f435e,0.11084043,0,0,2
c947676916c99f2feb5e183aef9629a1b21d863f,0.48918208,0,0,2
1f3dd9ff8a4f8302eb4c0bf4072d2bb7d8aeddd9,0.42553076,0,0,2
ca7f64f016d8354aecd38ef73405e1b3267ca791,0.39066982,0,0,2
06005610265c342b52051b997a43ad6e963c5a0f,0.14887007,0,0,2
4a8068579ea5bf1e637f8bed09a203508abde315,0.44972843,0,0,2
30c217ec400b9175e9490807748ec3e48fe2ba22,0.4951598,0,0,2
d80acb29c04a8e92a3ddbc539b0be8a521098870,0.2782041,0,0,2
e43138b0b5f0912cb358c0e73eb6247b273eba75,0.3869164,0,0,2
1b84f2ee7a41e8ab12faa73130187763ee5858ea,0.4298752,0,0,2
4b5ef21ed6104befc80e1dd501f964e7ca6f1ce6,0.37488902,0,0,2
c6c1971ca1fb5054a0847b0884488165606bd703,0.37518007,0,0,2
68e0a9c71443738b1842e99925d37bf545f5a151,0.0830766,0,0,2
7ebc8107a22038c06c0b0ff095f9f73d854e1422,0.21409258,0,0,2
9003b5b5aa4465e84c934819f45c1ab4365dc51c,0.05076139,0,0,2
4b8647bf6ce2b478e6bc90d0158ce81939a14378,0.45953846,0,0,2
2d1614a2077eab0b981d4a0c4c6e10a7ecda71cf,0.24154253,0,0,2
3631295c437c5b8915afc7b2b259496eb2d5d782,0.050908774,0,0,2
b12610d35e7798c66fc1d9b0811d10aadb87569d,0.4969685,0,0,2
f3a785108f853e327001dcd435e92525d7fba96c,0.087324195,0,0,2
881a4ee8db1e1826b749579d2284ace982c953ca,0.35990462,0,0,2
e91d0f0510ee8d69c76ee89b4e57341418866c6b,0.064794116,0,0,2
8f7c59ce888a687a6c9089caf0c5469984a073b4,0.04049744,0,0,2
3c644cf87ec8c0e6313b3a10b6cfd66279b8093f,0.062066093,0,0,2
fb7e1e265dd9e560b3a3127a6593b6602f60026c,0.27327496,0,0,2
1c9c43c1d4bb76d7e47cdfc9c6681a38305a95e4,0.33182085,0,0,2
18f181ada7826542725fa4a9460307d606695b5d,0.07839174,0,0,2
bb7e8951cb6ef08ca9df5fc036217c3a45c4d33c,0.042111747,0,0,2
e280c8636792c5426e54868d464c9d28287a98fb,0.111996315,0,0,2
54a7796ff234a9cbd2c66f8b1e5621f0898402f1,0.2717814,0,0,2
8e5867eda8328e4cb2e103d098d0c9f3c2fab50e,0.052536175,0,0,2
e42da5d9d21438c220768464b6a1f5b36bad92a5,0.16975978,0,0,2
c823ac5673e9da094a3b24b99987a533c548dac4,0.3099326,0,0,2
7573e9eec065ac1ccc2134aa751a191da3ca3dff,0.042565208,0,0,2
1cdc902f3d7cf877b4db7a31f19eb1dfd2fade3e,0.07621829,0,0,2
e9ea52189a92f7e2ab051e4d75c4e0c872034b18,0.053709123,0,0,2
ab0a2f761f4529daa0a1e7128ffb8ae417a0104d,0.05038802,0,0,2
7ebbaea90e8002f5542e22bbe92075ffb5383d2a,0.48598227,0,0,2
721730b00b1dc2ea616a3e7958e4ad15134de975,0.06566131,0,0,2
05aae985d9d0e26cf278cdd6f69672ebe3f8ed92,0.52187896,1,0,2
f7222ca6c3b6c1018a52fd649029394e6608f1db,0.036022082,0,0,2
b285f17023da248bdcb3093283e4b9e930bdd09c,0.17600895,0,0,2
af858a6ca224946195b1923a780678b20cb99603,0.39392006,0,0,2
fa027a4685bacd9e32b3bc7d875717b4457f6829,0.24286863,0,0,2
edf56632b8a5413f5e0adfe2d1b65e595b88a1d0,0.34631798,0,0,2
58693fbcb3236a9adb0f47088d88ee3ef7178cb4,0.28748387,0,0,2
91291520cfd5f6c2c91fc242018860c5d1d277e4,0.0488931,0,0,2
7bbba6995a12412cd7cbe1ca693057c5299ab4cb,0.047762096,0,0,2
ea030e732e3556a2a4fa51bcaabc080927ddfa48,0.058032706,0,0,2
310008f48c0a830138d35b3024106560d55b6bd2,0.33986783,0,0,2
ca22dac3f852c7290f60c3c3a5d66fbecfba91f4,0.05722823,0,0,2
bcba29320f5f6f860335266d6be8249418ceaedb,0.04525837,0,0,2
9dc30fddc109504fc80fb62e33554d54cca47faf,0.050024863,0,0,2
764f56955d499fae11db1aed6e7f0d2d0886e6f9,0.07182146,0,0,2
2933e5773b1d64a9348024b2a6e8dc6dc90e6590,0.1548531,0,0,2
0fa8bcc008b6a011d6fe41e64ea4379d0b57f20b,0.039069306,0,0,2
7897aa6a83a5e63da487e72c2735fb042259f6e4,0.098941065,0,0,2
3b501993588d27d91ad526a436e3a10ecc8d6e8b,0.30836678,0,0,2
b353d07bcca9fb62ac387d69d3e99004e27f14c0,0.060285863,0,0,2
6b43922648fe2dfcb4cb1aaaf5d795f00a6aa174,0.074724466,0,0,2
b268dfbb824ef307862e489aef7e71bba4cdcac5,0.0408872,0,0,2
b957ee1646d893fd946a8b9a53c779957ae7a240,0.046977468,0,0,2
996c0c164a083c3dc2fbf2768750e3b3a81d77e0,0.104447484,0,0,2
12ddf37f23cd77903729b3e611ffae10e96ded47,0.06769539,0,0,2
7e6304ce63da6c6341cb072abfd08caf0456328e,0.031821012,0,0,2
b9b73fbef5c0f18aaef22ef60442518d7f23ec83,0.30514154,0,0,2
675d4c8fc848ec5438e48deb2e8218b6f0078814,0.21120693,0,0,2
dc666f419e691e6a04342bdd9cf2e899455a8738,0.056680158,0,0,2
9bab875f03ffea0aacd1d92fbbecc96d491c1201,0.22252338,0,0,2
8d3d915dbd0ccf716f0d15b6b2396cff214d9cd3,0.22427584,0,0,2
326beb22c6aa872cbc0ad3706cfbe706bf9eab41,0.04358426,0,0,2
ad882055edb50369bd174ae56a372838aa89cdae,0.33675036,0,0,2
a7363a2ae67b585790896de45f57154474480fc9,0.097364746,0,0,2
2bc9e7ea86a8cc1c3b2436c46115c87080228004,0.037047807,0,0,2
76f154179b8dc6940355d7fe7db468314ca39e84,0.09685412,0,0,2
4080feff61e8dc1cd4af2361990c33c9f1014147,0.05542304,0,0,2
97accb47de63ee5063eda23641c6017e29ab81d7,0.36612755,0,0,2
cde43197f980538e411d851735ac7a63ddd613e1,0.12459893,0,0,2
0dec6e76fb544fa3e8bf5fd17f16314735971dd7,0.043320876,0,0,2
f820d06fc0d1204b0cb386214ffeb42ccec669ec,0.0683044,0,0,2
566c4d59a177be4b65d17540576eeb34d28d24ce,0.48287985,0,0,2
a516976947341e0e18bcc0858d85d34cd0c02cdb,0.040722664,0,0,2
7200c43dea3dbfbd9d38b937c44b6e71744b05c5,0.07376559,0,0,2
596ccd59a11ad5e9fda19ccd0f4fc714d8d3394d,0.05194511,0,0,2
301ad592142079d36f4d33f5309c103c7f4f5dfb,0.06738832,0,0,2
f8a8ea748a0b3015490ccecec7b97f0ab2daf9c4,0.37871054,0,0,2
8aec465b44dedb7deacf80111ea5286914093094,0.07355647,0,0,2
34f3f4196084768b2ef6b3db4608d8eccec50364,0.055777427,0,0,2
c53f2106109153eda10c47a6960a5a579d1530b8,0.36893818,0,0,2
17f52a2e559e68d5c6ccc98fcebb5523161fd0ed,0.22879346,0,0,2
fd7a4362caf2cd69368a38f2f71ffe19706e341c,0.14318733,0,0,2
753f278d10fc0c92e912965379401ac182644101,0.22910109,0,0,2
491786ce4182daa57ea61deaf701f756f57f6f1e,0.037097298,0,0,2
de73ad3115c19d5f0771754d233d74055a2a10bc,0.42546615,0,0,2
d5f586bd4e1a20fc09a33aaa5c2b9320f4a2aa72,0.6378626,1,0,2
8d4fd1dabbae4d7ebc2b273af9275ef8bd0e1ce1,0.47840434,0,0,2
6e5eedb3fcebc5894c41733bd26c8b4d9197873b,0.6252698,1,0,2
3b7d0b95466139a147fc504b7c18897dcc826c65,0.3642253,0,0,2
6a82f92584b36e28798479c82c0d3263c6347b90,0.57339835,1,0,2
b8e9475505fee98aae2819c03a33c7aa3db843d3,0.0585923,0,0,2
a14acdf6395f588dda7597bb4c7810dacaa503d2,0.053927317,0,0,2
85a20aad64be04127106f492e26f6ad6d6c228c8,0.34487844,0,0,2
1325e114108136eea3fe77a4a270a2da7eff98e2,0.32086486,0,0,2
bae46709ecb13f80aaad0d279b3618ab83d09275,0.03770607,0,0,2
dc5f850d1d9b0b952b7f0dabd6778cf0f7675cba,0.03824547,0,0,2
b4abfb93676fb0abbab1d9bac40ba2714a3872f5,0.029555602,0,0,2
9a9e7268162f9fed146c74a8acbd234d9bc2ed84,0.028369995,0,0,2
b262c2359c9ed53dae3ce2ce7a0092273f4eec65,0.29175335,0,0,2
c30b59103b6f1390b0040ee74b985248e8b1b849,0.41647017,0,0,2
0f36265123605cac6af05b7b8c8f4036b58f4da4,0.04328897,0,0,2
cb177b56b7664ab323558545737646896f4d7e70,0.04614775,0,0,2
15bdcc3be2b84f68ddcd822da52ef045ed89e57b,0.19639832,0,0,2
6a8ba1fecb47e5ffd5387654d0cdb7c372ccdc9d,0.38679677,0,0,2
75efbfd6b21ab36fdbc440bc001c133f824bdc3e,0.057088736,0,0,2
f7e42d2ccf949a5893a439227c8c6bafd2598f26,0.11685767,0,0,2
c7fcb448c99ae5fe9db9b217bea1233df3ee6e57,0.25044328,0,0,2
d0721feadc1e0cae6efa3e0d82f523debc5b8d97,0.4675721,0,0,2
5f47ad718e0ffcbbe6cd2f8d32b2e345c4af3a48,0.13629083,0,0,2
745d383af12137ccbcbe1f3cb4c9db73f87a66ca,0.25663176,0,0,2
d746a54c2ee50711283bb49e557f58ca491e1bac,0.09443502,0,0,2
a56d4998cf16ff08f5593fb7d4dda66ca05dc269,0.03718164,0,0,2
03e65c98da2a0b2e27b14713543c2a61d56b1237,0.27461845,0,0,2
0d3545e5f68d024cd4a05724a15746d8dad986d2,0.04978569,0,0,2
6b1b592887d9ce95fb5af1e216bff56b18c7902c,0.31527722,0,0,2
ccd0fd51a5712ef1d85110eb61130c906fe4db13,0.13868448,0,0,2
d98897b11e6f4adf1d0a91591b1bb6be501cd29e,0.09641532,0,0,2
4e08e17ec536038c9c0dd888f77b912cae82816c,0.05483393,0,0,2
86eb3a2fa74988e4ccf3aae7f4b77edb84555320,0.055020086,0,0,2
45df5da2640f8f097915b8a2a0249ef0f6cf514e,0.44454628,0,0,2
76b7413d2b1eb2dc22f05de5b76f9519be5142e0,0.06261672,0,0,2
bfb3cf8bba6aab198c4644e236bbc9f3807111d0,0.046512358,0,0,2
093e3bb2e3cd9992f3f0d14373d406bb9b2ed36e,0.2393482,0,0,2
c440f668aca99266b5379235f6d99d378630c938,0.18869089,0,0,2
a1c5a582760c7f65572d0883fbcedc843332d7eb,0.04237489,0,0,2
0a499402d707bc8cf775d7f9b3840780a7401f7d,0.05604003,0,0,2
8e4e5221515f820108f48396a18ceaed73de8dc1,0.04836423,0,0,2
3a4e18ddf151a624eb5c3596ce8400ca4679ef97,0.05256077,0,0,2
8ed40d530295d819e0ca964b2d4542f6ca6a9929,0.045188982,0,0,2
a6abb8b00355db97486ab5023305c3f4e9e19ad3,0.42222056,0,0,2
b494caa01985c623601735f1bc10871cfb8aa048,0.038176715,0,0,2
5597ed7ea300ae3d08cd893b0133bce26038a7df,0.039188534,0,0,2
002276ea313fd880122502e9840b43f996acd537,0.18245582,0,0,2
bd5afc0b5a977c168cf046e3244477b48fa72c5d,0.09880477,0,0,2
b313ae68888445f4c08521bbc8d19f39310c6890,0.03776107,0,0,2
a675ca7802065f459a96bdbd593d8dc491180cbf,0.051953916,0,0,2
8be87e032a8c05622148357f30bdca3c614a669f,0.36015594,0,0,2
96eb80efe1da48f37846aa899260aa0c84b15944,0.1952611,0,0,2
75c2b24c681e314c4e4e07243b31430ba4e42723,0.4485146,0,0,2
276e22858cdd56f5725e0c2f7a3522df99967973,0.29530936,0,0,2
471e6b078a7891aea99b77f200e828a7b1c9bc00,0.34593865,0,0,2
6d7ee38ceed6b496d70502e276f80be6de618014,0.457808,0,0,2
5cfd99f0dcd0d10689e480f0854e859079f125d0,0.23652597,0,0,2
ed6c47dd9ebbb2e38fb3e17a2b961f0fcf0e6df3,0.28660753,0,0,2
1fe7a43505aa9d00bd9dde45aee77935a5147561,0.42540467,0,0,2
387880a630c65b955a3329a2f7b987214c41f6da,0.35929233,0,0,2
cf4416a84203ff9d360d4398da3b166e6d0c72b9,0.47825217,0,0,2
a7fe613853516f0abde34821996a0424882bb919,0.35513705,0,0,2
7a8a7783315917b56b6a71c4f28cec4ed1d91a7f,0.04333334,0,0,2
9c545d44a4a703c88d417a6fa43298a80ee67735,0.376678,0,0,2
4f73871cf40b6dd05c8872d39246c67f798ed915,0.21317159,0,0,2
41f297809965523fcd021bef20b304b3584d9b4f,0.04614259,0,0,2
03178c8b15f1b522b98ded0f83cfb0e79f5ec4d3,0.29305685,0,0,2
f70741c9b216d3836d047c542847920d4778cf9d,0.27063695,0,0,2
5ca0a1c3564d35293a5ecf03e5f32e6f0f6f445c,0.18387668,0,0,2
4c4b3e2e32ddae35e4c1a6ffce1cd2b2eafa958b,0.066304624,0,0,2
72a46babeb0da02071e47425ebd55da915b98178,0.4143318,0,0,2
9c51e5316babbd370bc32aed0fee134216726ec9,0.22194964,0,0,2
392323e2d44bacdac605c1a4f037f06e21dcc239,0.17202388,0,0,2
10dc13c80752b0489d291b54440212ca54c59fee,0.50022894,1,0,2
7b9df59a96adfce979c8c564dc5eaa6a29b7f25f,0.05698949,0,0,2
818533e92bfb1c142ae4ce5be18ab92d1ae17025,0.042478457,0,0,2
47fa07eade06908ded4206651571e71a2fe684a6,0.043329287,0,0,2
46e97d9e04591e8198ff38bd2949fd5514da0d3e,0.046978496,0,0,2
08cc26e70bf145aca293d55fce12aef835263f53,0.47291854,0,0,2
6c21bdb4a107b49e57c9e5d6598d13ce6f85fc5d,0.53061205,1,0,2
18a027b1f04e420c18ae57aebe8fd031b5ff251c,0.33360833,0,0,2
82b84c0fe9054198099752a66575cec0c47524c8,0.50570846,1,0,2
b10b90b0a3947bea98e3646e7d29f853f3b5c6f7,0.30614257,0,0,2
8c141a1705808491f16a27b53e1ff0db0a2807fd,0.6177444,1,0,2
40f969bc9e162deead55967da3c128e2da933dfc,0.44624546,0,0,2
f348d34fb1ef3c968e2981283618aa85db203901,0.3377131,0,0,2
999761ba1bc5da820a1d2527c4aae29d95a7013a,0.26171234,0,0,2
ce131449a4ca0b06c6bb27ee5d8d6d89b1467bbd,0.4367105,0,0,2
924e1e9064f90d958b4f57e9c9c0c543bd19dcfb,0.42231753,0,0,2
f36090e3141cd3cd6fd58f1f46a30af2582559be,0.43422982,0,0,2
6fe2094e30107512e470571bceac91cbedbd21d0,0.48449174,0,0,2
fb0078159d2463da149de54018fca79a9447153e,0.42882612,0,0,2
73351b6adbf403600521505bef288057beb2bdde,0.4708178,0,0,2
079a07fe18f654632b80b274f247775582261e5a,0.53044194,1,0,2
4158323ee456bd412e7357a4a6bc8bf50deb5d9e,0.34167218,0,0,2
2fd6c8fa1e392f985ee860d8ee154a612ddde569,0.43988562,0,0,2
66d0a9a0a00dbb259425f17745f7dddd7e676f71,0.42185742,0,0,2
e14d9ce8e3c57b7352a647c0a8e62eeb88ebfba4,0.4438085,0,0,2
9e0c5ad4b3148f42f3940faf7d67b305e34bef0d,0.37010828,0,0,2
fa1aa44c7623fb2142e588c59eaf56db7bc237eb,0.3127866,0,0,2
8fdda846c4653b6ccd49c47a9586c374bb20a255,0.5641494,1,0,2
a94ff90ab6cd2d92ccb2eb1fd7913b4e5256f02b,0.16631736,0,0,2
268bcd622685b28c2d50bcbce64ac38f7e90390b,0.52124935,1,0,2
09e31a01b51d7418fa0034ecd4cc11848436fc18,0.3839889,0,0,2
487ac1980148522d628e1d2aab50b107c372798b,0.4052849,0,0,2
34646ec9b52192a71e52ffc09cf7fefdd506c48c,0.47341228,0,0,2
7afc1c34fc16ec04f82105f9106b7d1e5232c4d0,0.27996162,0,0,2
00439211981af7b5baed495f526ef8ad76ee7c5b,0.13338803,0,0,2
1d635088f697178660b6e1c9a89d2b7d3bbe2d29,0.4669974,0,0,2
a4a62ed7c1e3c7aae09324f0ad1c6078f0fba471,0.12475194,0,0,2
b3a68ca842841c4b9713462d5f01742cf71a6b4a,0.38343203,0,0,2
2d868410eead061d59de524bada4de9e3d2bb442,0.43165895,0,0,2
813aa11d505b9507b6795d36070806cb2d96e5c2,0.43340772,0,0,2
88b29fa46bcf6f56df4213e1ba7810735a28d755,0.38669604,0,0,2
eca374db08ffbb3dd8de746632fbd74acb8f2c92,0.49307927,0,0,2
2ab17f529d07c1f618ea08d968b2fdf3a382a792,0.42097664,0,0,2
9a87c766bb3137a50656871e5dee5a309543bc7d,0.35335958,0,0,2
9ce4e1a371418e5eacc69227885815f9a4221c65,0.49286723,0,0,2
c7f7da754a911302dcaa6935be6fded84e1ac348,0.67590773,1,0,2
4cbb388ba9099be121f81d75000acc3af93bf993,0.5908828,1,0,2
87497c72460c9c58f829a372d741b386fc2ac8f8,0.040621504,0,0,2
921d0d60d40d8fbda29f14a64e848c70026ea32e,0.45888317,0,0,2
f9e72000a17eb9d524b38a9f2c982c037dd94891,0.044666003,0,0,2
e34f50dd1083fa8ed9fe25fe701b64bd2ea7efc0,0.10701335,0,0,2
581b474f4b194731eb9cb22cdde7330a1ec81c3b,0.055403467,0,0,2
e0d17fed51f5018fc34578699d824c20efc44368,0.059290227,0,0,2
4fc5b3402c58d6a4b317bf23b896ea91d22af6fe,0.35349745,0,0,2
d8e2f892e48423fda73204be3ec239d282e71c65,0.055989437,0,0,2
8d6d088622f8e4ea89e66ccbe097510fb4c932fd,0.06682491,0,0,2
f0943a7242041a16c8f7fca845592e48bb19ac74,0.058122877,0,0,2
d1123894d33922e7c8ca838f9dac9bdceefa3f7a,0.055767234,0,0,2
fb83ba3fdb46537a36832a900f124d4c400f7ed9,0.062052358,0,0,2
e779883b29a67d411493f985de984ffb8088ca05,0.05848227,0,0,2
a71c820baeb91025eaa7f07b172a39500c6f5692,0.35955316,0,0,2
a4eff51bedd73a0ea56afc23b1021187dd03561b,0.07388126,0,0,2
8f6bedeb724fa78583c26423aaece05cfddc04c9,0.07248268,0,0,2
fdc116f0bcda6d1fffbbe505d0687b0406e92fa6,0.077052414,0,0,2
66608db56c41e91ee34fdc1e6157d69b69893fad,0.08413249,0,0,2
5366158572bd88f18df7883ab823ea62b7701d77,0.08037031,0,0,2
2df0a3be66f6fa1067d976d7a05500beff7eda53,0.10545499,0,0,2
e0b2c86c8754312d1e89307fbf84e6efbfa9fe0b,0.039741177,0,0,2
050dfa6f0850174fdf958ce6751d2f06900201f8,0.38205615,0,0,2
7530b4bdceef0ef37af252f0b97978554fb9b99f,0.5774787,1,0,2
a6eda3d8eff423ecb4901aa07339364732c02ddf,0.32797438,0,0,2
a5035d0e1cde068320984d789473e1140adefdc0,0.042550817,0,0,2
dff43a0530a6fbd524e3af24795cf6b92142735c,0.34637305,0,0,2
1d5f8faa87a410fdd1141ad82f270ac238293770,0.060253277,0,0,2
82f4ce516c18ef5fb3096f6a90455fce90a5b290,0.06349861,0,0,2
228b49fe2afea3376c4f30f80bdeb70d083a9206,0.06986912,0,0,2
adfa016f3ef7ff262643e0f0a5a54d3ddb7d7e1d,0.06835659,0,0,2
f72b5e65c0c5210cc0be585959ae84fdbc87aced,0.09687469,0,0,2
26d668f6d5a2f202ef7ff6a73ff3cbd7bbdf4b06,0.3201416,0,0,2
808149305ba26224917e29aa0c0089701bd91936,0.085446954,0,0,2
55fd738c86ea1796d5152d818ab4b5060bb11803,0.38232994,0,0,2
7a8dc00b8be18a9271e2d9c2444ba91077ffafa5,0.39019206,0,0,2
34515698878ff0a4641e72486f0ae8a7e30df0d5,0.30866948,0,0,2
96f2b16b3efb93580e6aeaf1da97d9dffd5e260b,0.46275693,0,0,2
b577805347d56f1927615fad311868a3537a9cb6,0.044543948,0,0,2
e366894658914c0f2fb41cac003392b0dfa6e4b7,0.26761454,0,0,2
3411f29e2377788cdaa5a4eeaddc53355f085a78,0.058560494,0,0,2
880b04814c564ea7a1bb8fe97c15b4735c67e8e9,0.36528,0,0,2
8ef033be5c92a895139b4f910af5a7048f340cc7,0.32977316,0,0,2
350c477161a0d1df94efa02109ae07e6acbc527e,0.25123185,0,0,2
0880a21c56cec1a2442b5123c3845bfc99e83a7f,0.6379006,1,0,2
84143c462986417ccfc5e8c05481e983cf668e2c,0.049445886,0,0,2
f16d5b1722eb55c2d55eb623999f16799b088b98,0.07838477,0,0,2
ac37165ed7a22cbdeccfe348b10245dc83b414b1,0.120930344,0,0,2
d9ae4e2601d4c0744bbc275b6b4f503477b789ea,0.15882744,0,0,2
7c1a59fa7ab58f5f7cdc124ff2667cc501570a4f,0.064627916,0,0,2
93d35c8f291b8953f8460c0eb02a51cc6d6cac22,0.27831608,0,0,2
b77184a2189c8f91100d148354d1fdf38e83d13f,0.026950698,0,0,2
f81e0465460ff9abd450eda836bbb4f9b13837c7,0.03791062,0,0,2
6fc152e4177e0482450b13eb7fe496de677ce5b6,0.45383626,0,0,2
0c9af5f450ce73da9b791051f861cb9a6420e0f1,0.15867826,0,0,2
11409e628b0461be3c268f81642ce36bc4b0bf84,0.3634318,0,0,2
63a9488f2910434851e98a8fc0ec8c053b24083b,0.37665093,0,0,2
d70736425701b66bd64ad3aab3941bb930a18b66,0.27980998,0,0,2
7331773448c1f2e0b24deae4144db0deec85fc07,0.3596935,0,0,2
11a7e62a898e54d66936d1b8b67cb5e62578ba98,0.33312908,0,0,2
0484bdb3f61d309ff62da4df4be92cf139d19f6b,0.36107647,0,0,2
f9f632e7056cd9d2b3c88bad50fe0597610e2eca,0.45889455,0,0,2
a3fae474e5cf5084c89835fce1950991aa678a41,0.33450398,0,0,2
f3108e2771083bfcf02c9c67ebd70a3ac0ddfca8,0.14639099,0,0,2
521b9b3385d73239b96ab209cb34ceb5c1c1400a,0.17076729,0,0,2
d7a1666f9a89d9a517f5fbaf283e711046fd054e,0.15073055,0,0,2
022a020bde5afba4f2e9b6753c199386e79d7825,0.22935519,0,0,2
1b5aef881bb3acdcde5d9fcbb6e43ceed6db145d,0.35046923,0,0,2
0caba0845d4363025e619eb3db6f3138b2c3d394,0.030868536,0,0,2
8e71711c1caaa404d84ec6682f1b7b266064c2e9,0.060108364,0,0,2
363be2fea66f861d7ec4f893a05901fa0c7ecf92,0.07709567,0,0,2
412a8a0ba61c84d71c0cc740ba7e50c10f3bf9ae,0.23665828,0,1,2
03380256795725c7d17db97d882a4c4da3b76b8d,0.5345803,1,1,2
653b46857a4a48252bfb094e39ee9937b2079fa2,0.36618716,0,1,2
748cb609306ee5a046a952a0ca13974ef0b6e770,0.645248,1,1,2
0f9ce497b0c6841e3aca845336ad095012c41da7,0.44909298,0,1,2
36ee52223387eed452c266490a25b4c62f49abc0,0.41920227,0,0,2
a8c6d43b5a61d8da784f0ac188d40b88a15dad50,0.047011584,0,0,2
8fe2360920a8228c10cd59ba0978df701174c961,0.39703798,0,0,2
a3677db89ef3863e8ac7cf578df499f85d970b76,0.4074218,0,0,2
64c51505a82baf8260a34c7e83652ae3014009e4,0.025836436,0,0,2
ccba0cfc3f1b81dbaffa5153aeb84d48cd7630ff,0.25549808,0,0,2
e7c42ed0fb83faa2b57184cb72f6d9e8b621ccd5,0.3878809,0,0,2
633de29fedf11544f2c3d5052890cb014e612bd5,0.3860166,0,0,2
362ab2bc41697980391c4a61c23cb3ef6bce740c,0.33598757,0,0,2
fc9d93db68a3c33e5ead8c7ecb187fdf0f06cc4f,0.20837626,0,0,2
66a775c9feb7dcf00c28a16b7a365af4372886f8,0.5592858,1,0,2
a6a48cfd370b226955a531e678016db414ebeed9,0.51936644,1,0,2
dccc1255413adc1a212dbe3bf40accb70ccd44ef,0.15653044,0,0,2
83b70a377f79ba90f846b3a720e6c402c63bccc5,0.15143666,0,0,2
819318486d9cfb430749ee33d3c5c4ec4417babc,0.40853447,0,0,2
827d9644c864336fa84f15744375ba7412da047c,0.51733327,1,0,2
af6bbeefbf197f50d194c7f20419c2a4590ad630,0.6131587,1,0,2
ae8f5f04574be75727f5e948e04bc649cbdbbb3b,0.33044663,0,0,2
b9cd3558133ae9f26aec73e0bda3a8f635d137f7,0.3351063,0,0,2
f672e826f51824582273fa1f5b6ec37aa5fdb2fd,0.33349237,0,0,2
72df12fb2ba453afb57cf185d25c502d4daec6d1,0.3713469,0,0,2
7b42d43fa0827557f51cb4111c89fb2a78512c68,0.09527393,0,0,2
af1b5872ab8355acea3197522ddf94972b3c8386,0.55759317,1,0,2
5c753a87c328678f16bf89e0178448f04194f0b4,0.35348958,0,0,2
0956e2d2338531a96f2ff7d4ab405acc1b18421e,0.37411544,0,0,2
6563275706015b000cc5bf14be7fa9322964bf49,0.05044696,0,0,2
e9e76131f35c112046b9f184816683beab605e9c,0.34957498,0,0,2
843267df5a0b44145d5b9ee9153d17aa5e15cce1,0.6765106,1,0,2
cd64fa339a97300c64dfc434483e478a58f507a8,0.046046887,0,0,2
b0b23c179ac55334f760aa29fce262c73a909268,0.058222376,0,0,2
dff1a0953d97d46290750a46d01be1e1519ae698,0.4666589,0,0,2
35e0ba449325e759e04203fcaa71920cf473baef,0.18253507,0,0,2
e508ad09d79302d3cc6b86077d4a6ddb0679a0f5,0.041799158,0,0,2
a27ca511a591caf813c26862a888e90e54af19a9,0.38333714,0,0,2
9be91f380c209f895da36d13c40b99687bb4c8c1,0.05185196,0,0,2
09c55eb8120da36aef1807628f87bde83749428b,0.24102663,0,0,2
05edf06360cc8a1a61fbd1ce5f9abf5d83f9d3f9,0.03641297,0,0,2
9df5e9419d83c11b4a2c3421c5ff7ea1f544366b,0.08320327,0,0,2
ed1ce82d822ffe185875b7b7d38352f20171c096,0.0399758,0,0,2
10e38114032cb4c585b29e946e1d70e05d52a878,0.3294721,0,0,2
d71ead41fb685431dad02d4bb7cb5675e196b8f2,0.13136435,0,0,2
e7b4025ee0b6152f9bbf7a72a317f977402a27f7,0.43706492,0,0,2
0f3648f749b7b67c2c61282297569657ea6220dd,0.34658015,0,0,2
bf915848967a6e35839e5565e98c716079980e18,0.5384641,1,0,2
7f74708201c2ab9f5d1f83c7052487116b8f7114,0.6358314,1,0,2
97dc91d1545a667b4021b6507d927799e53964da,0.43442354,0,0,2
d9979fa97865b7a57b9da975efb6e6c4d80b0cc8,0.38447064,0,0,2
6f27b4ae8f8ecb62698e760ab7df3973874b1f51,0.039496537,0,0,2
67ef6efb61f3c07e1359e083bbac5d90953cfe43,0.033755094,0,0,2
1b53f09c3a9dcd64dd281c1955b062fc28999366,0.15614502,0,0,2
34adc606601cb578486d4a019b4655c5aff607b5,0.1605808,0,0,2
b05bd69cdd841c02a3b645568ee5478fdbfc07d1,0.46103483,0,0,2
e1f30a1c32eb292e51db274adbe2fd6ed09b555b,0.40533912,0,0,2
bd82fe9fc034e7921eb589420bb4b86dc767a11e,0.12699817,0,0,2
13e0ba5aff3fe14eb0e1d748cad4b9f99e681ca0,0.5571965,1,0,2
3b7deb943877b0c2d8627531959948c5d1e4d3ef,0.42550835,0,0,2
b657c914c0005b37e24c1cd74c5f4ce886147606,0.4833807,0,1,2
a61fde99657c1b9d11e8eaa682181ea59e65814b,0.15911686,0,1,2
29c067466ed78c3e7948fcb8f0d25b3d984a1a93,0.061804418,0,0,2
fd86d06ec5d3b009f3882dda7903e9913858ee14,0.04086061,0,0,2
a43b8d68b8b7e6d7f23977a7432880290e6c6933,0.39699075,0,0,2
31e4a6df19cf4a13f8f0e9048198ce7488ad2614,0.07016278,0,0,2
3c0c9d83e27e436f9d3646f177bcb0ac2fecbeab,0.42412975,0,0,2
db7a08583a5ebfab310efde6d0636f2e2fc108ad,0.3317356,0,0,2
015e3cd37d128e4ade9b2d49f74f3b4fc07d82f1,0.026345246,0,0,2
8dba68a38c8bdae91c15e4eab35cd83c427d8e71,0.038257387,0,0,2
bd15dc78c74bd9eede3419b70469511f196a3716,0.037591733,0,0,2
c3ff46e30397bc0355584c593d500d2564c1c515,0.4755573,0,0,2
b2d4b2ac3a738d97e23e53cd459d9c57ee8827c5,0.19117905,0,0,2
3e24c28e68e617735b25791b0bc3f67f31624ebf,0.15510052,0,0,2
b1a8299ad223c3b2552f6d03e51c2ecba5df46ed,0.05497923,0,0,2
4e931386569c0a28b7e47c52d199aa32b6ca32fe,0.057869013,0,0,2
ed98d264cff306f7326db096cddf65cb26ff5498,0.026302746,0,0,2
1f07a0bf70049cb0a2f6b52ea7c261da5adb1abb,0.03737933,0,0,2
60bcdd450d6950da981d70b8b08379bdd744c82d,0.02812422,0,0,2
74133837585f81d1c6434ce32f73fc8694d5f132,0.03363347,0,0,2
0e9f604e87a5b42b27abc13a9328846cadd640f4,0.030883446,0,0,2
53a0a9ff85666348a38054e335f5b4c5355a6419,0.032977886,0,0,2
73f3e2b3d6b3f4a7000187bb3e6a4d82b118d3b9,0.024731481,0,0,2
b295635a87da0c20e5e2495103d4877ef0187d4d,0.033629246,0,0,2
8f88dcfc902b5bc86a239756afffc9f3813d245e,0.030321011,0,0,2
815b269deec60ec69f4e5e5d555afe9b98c18cb9,0.028534453,0,0,2
2b0658c59d6285547a5c6de7ac71c7cb134ce975,0.029063411,0,0,2
364232f781d0cc91cd4b83012e1f49e62fa81190,0.03242982,0,0,2
e972869486f85c3424875a443eb04bda2eeb6bd3,0.03672926,0,0,2
780b2281d86cf89cf5dd717c1cf54bbd48783654,0.02799826,0,0,2
06c27b37ccbde70514e035a50ba0a6ee1ff94ea3,0.028552495,0,0,2
1d1c41945a50a740519131bfff4e1875de69dd6b,0.023881914,0,0,2
71e40d0b30fbef976da3595fef8736a4e1245466,0.5429612,1,1,2
f781fcaf0f19766f7c9105911613f86d22b2091a,0.27842468,0,1,2
cb8cf1574f99fc51c9e67b9456ea4d494fd4cf29,0.39559236,0,1,2
c63413182017e069393963d07570ec69f373ee1b,0.49744263,0,1,2
8bba18089a1acf29f9d2433efc229d5c851f42b1,0.29872683,0,1,2
f295b186fd8f6c619d34a8c69c6a1307f2276779,0.67434555,1,1,2
02c7974c113cc2a51d6741491080058470265899,0.41447112,0,1,2
027c193cf1c012cd5bae06446496136a582c180c,0.33418244,0,1,2
4a10030ee78ea8da944f6d52e3c671799d73b5d2,0.39383513,0,1,2
5166f3dd04980177e46293408d998087040d4c19,0.37116808,0,1,2
d37041ca62ea9eab6e777bffc15ddab49941217a,0.5547456,1,1,2
53e5e3fa8531bbb4d70523197215fd19b89c1a76,0.43795615,0,1,2
62e6242804e4167f5c476ae34acc784009a1af0f,0.5249839,1,1,2
324e8b4d43f0260b4857dafef46e8c5f349f633c,0.45388523,0,1,2
9fbc2a346b86872c397ff891d379115abe5846cf,0.37803903,0,1,2
c5a15b2b66b6b4f018589d8f60cc7acc71861822,0.5391562,1,1,2
ebf108170e9a6215176174d84313a0564ddde0c4,0.50549716,1,1,2
f1984c42b64788a0737c3bd43e4da95e015c19e8,0.5213779,1,1,2
904b790c41d6ec4629921befd1c5286e482fde57,0.50559026,1,1,2
c2abe862ecb7f980260a7b44d907fa116a6bbab9,0.39626262,0,1,2
19a56adb00295d528015045cacd443ff10f7bcb2,0.3234217,0,1,2
e2ea5359798ce8dc77d4b23b0f9b4df33b37f940,0.35637826,0,1,2
ce4385a413dc822f8849678608d0bbac2defbb81,0.51786005,1,0,2
c11215195bed3261d88486d0ad1644080afbb97b,0.4431546,0,0,2
7048667393bc4290f381312243d13688407b9350,0.30581036,0,0,2
b188b5ccc0f1f8702313eab62a5dcc164f817200,0.05964371,0,0,2
4efd950d4dd822f3e087db9830d09cfb3fdcb541,0.39388716,0,0,2
cff6e00097bf7dd97a5404080df3bf7e95813a1d,0.2110438,0,0,2
27214015c725619e0098e227fd29816d0891d4c5,0.23516093,0,0,2
f8fbfc9fdca4b5e9ba1a5608ca17e7b6feb18c3c,0.41759768,0,0,2
0733d7c2ba214415a8d2e4efba5c6e26b61d3291,0.042106975,0,0,2
d8cdd5eeffe9b63949129d09f6b0c7ad2d517e90,0.3161891,0,0,2
e2cf4811ba485b0bb29d7d80bc853666bfbfa958,0.2627941,0,0,2
580e0d1e26ab2a9275f01506f3af56fe8fc32988,0.48143166,0,0,2
3ba27e9f4a29be1922b3a19f9c6c5127f93027ab,0.22157645,0,0,2
8fb1341ad7c460286211f4f2a6be41bb5782653f,0.21789815,0,0,2
041507d3aaf718ae536f9ab66e4eeb4065cb339d,0.31679273,0,0,2
735b1b59862dc1b5f7e60549aa7c33dbcc4095b2,0.34037957,0,0,2
60595251eec5979e14540c6d00043e24905a7404,0.09404403,0,0,2
980366284db98e0515dc5e827aaf4f750699bc80,0.19593494,0,0,2
6c2dbf2885fb4602b8e42bd208ebef66df23329b,0.43875653,0,0,2
cb6ee2cbdeadad5d277a6e7293d88bb915090c4f,0.40227896,0,0,2
a00624cf27791193be74a610723a9a0b0980d23f,0.38725454,0,0,2
911d59f46d0dce2e07a93dc0ff705154f568b7ba,0.031020962,0,0,2
1aa543286acbcb3c23aebaba003fa024a54aabb2,0.42395023,0,0,2
f418eed3089d74caa11affaf947a40b774e9c8cb,0.047156606,0,0,2
a13691b5be40d31099d39f7c8f3ee9970ebc20fa,0.30784717,0,0,2
3e8b8aa06bb7742cd1643fad72d7739cda400010,0.45360863,0,0,2
a1db4c96f62eef05fff532b59300edeff3ef21f5,0.26753077,0,0,2
5321c7ff2ed082524bc319e44f0aedf7ed8960cf,0.34016365,0,0,2
9be73347bd09934dd0c99d32bce9c4e12fccf6ce,0.47264034,0,0,2
4362e02ed0404d12ca75ee3476d4a32f9f671811,0.38222525,0,0,2
d3f0ee5e0928122b41ee25e2b4ab09bdca5bd00e,0.049173523,0,0,2
f82b5b57840389fcfdc4f16cb75703361d6ea059,0.32647392,0,0,2
51d564f738b20621e4e14649bc1b15c929668e1a,0.3953036,0,0,2
5bd82306a8e44e2b9ff098f29ebf4c69c195b9ad,0.47989297,0,0,2
9959b3c5a777845aa19040a5a761814e483a6483,0.21615274,0,0,2
a0611b06f05e3c37c622f48a783836f89247c237,0.2727483,0,0,2
f02f2e54ac7d88a6b7ee620e45e1bba878c63a56,0.4678481,0,0,2
98d6d15235e046762f3b09294e896994f616627c,0.4776005,0,0,2
fca0e6ecf6012ee47fbc92fef4533320c1e3d849,0.03419715,0,0,2
db642a3c3ad93606d27d6e277b529da3a50057e6,0.18137145,0,0,2
1929834c27a931ab505f7a389d38fafd10331d8b,0.43339366,0,0,2
a5cb9a4b4a196bd2048cd21ed2fef175bc1181cf,0.24090257,0,0,2
c2f1b685abecfc11de76ffd0a28771f41b566782,0.4976857,0,0,2
30b6759387b4402987f6f4a6100fdc78e8bf755f,0.5337406,1,0,2
50b126dc0eb075a2193b670eb7ae2089896ba283,0.5462726,1,0,2
6b08874607dd51c9d8f600a96650a330cd9e6b95,0.46543503,0,0,2
c9685cd5e462926aa401fca7321ea23927492006,0.45264938,0,0,2
ce8d0f7a47f7caba8ab937389c59b68b20f6994a,0.5147551,1,0,2
98b8758e761caf659608f48fc5c9e9056f911050,0.10104608,0,0,2
95b2fe97c7f191e43b7fe11e8e027d87eb47f15e,0.040741965,0,0,2
79237dcd2bf537d56ff8d73f897cd639af7bf8f7,0.037231095,0,0,2
181affd5c937755f54ff31ef056a6ec091e95f51,0.043443915,0,0,2
c334a1bca8338c92e76f0f1cf2ef4884e3eb5dbd,0.044011246,0,0,2
efa48b214d30537bb184884ea30ce817bb350153,0.48679963,0,0,2
b45c4bdb496381b5f90df6872edca12e0a2e68ca,0.5199608,1,0,2
f8489499aa6d460a7548b14d516638b0bd7b862b,0.02832591,0,0,2
76a2ac814caa194c46be1cf7a3f5dc129546b1c1,0.05582202,0,0,2
31fb4dfef212791f86f052ce8a3adeabaf830cf2,0.046776757,0,0,2
ccfca8f714055cd9fbd00cf7e847b880132cae69,0.039168674,0,0,2
a29815abf4f0e51b332a8af1b83ad344104c14d9,0.033744663,0,0,2
92e6d716069686583b852a6dcf12af986d6dc694,0.091583155,0,0,2
d105819a0e72765ff5ba4efa5622d727360ee2b8,0.025717385,0,0,2
3aa6f11785a2f1b3b09df328a02a2c28dfa0bb57,0.12726857,0,0,2
b7a82a918f0a595a96047f7eef2672fd95d5626c,0.45700717,0,0,2
52f3240d90f2397cd1850ab11674ba08a0ecb2a0,0.5046154,1,0,2
d70fdbc40195077057a1edb14ccd16a26435d007,0.49662712,0,0,2
0751f97bf6677c3d55aa71542d572dc8fcb9e79a,0.48241842,0,0,2
e505e1fea57e0ab9f1d5edab92546d778a5f41e0,0.47753134,0,0,2
b4380f20059dc9e4ccfe2b709587e8069ac0fa34,0.46371967,0,0,2
32a9c6d42a3a48314d3f9fe2956bfc8bf49ac5d5,0.47835395,0,0,2
80417356f04c5ee1cd6f636e9b043db3f2de24f2,0.17853825,0,0,2
f48bca0510703b0673709b10a806a9d54894a999,0.5528197,1,0,2
f1b54876ab8893a5d9c0e3d7c1a9c884e683dc8a,0.4359204,0,0,2
c82f703768eb8a122546de23e412a037aa1770b2,0.26805168,0,0,2
36a02dc549f32433d7329444455dbb1be2e67f20,0.041210927,0,0,2
fa8957d7939b59e8d391fa17000b34e865de015d,0.60267925,1,0,2
5acc6a5502bffaa66be7e859849856de0ea27acb,0.1296341,0,0,2
b58789c5badc4f9680ec5724568af05a84670e22,0.27339736,0,0,2
9ee3a16179cb65f5fe4170257ab7cde558f1dbeb,0.409484,0,0,2
4ed0bdf1c73fd82d3080d15085675de96d5be0aa,0.14375131,0,0,2
4950ad86a16e63fa26d51cd709e39666008c5fbc,0.03288835,0,0,2
b61362933f7a564d2ae0b7d6b9723f79f4948769,0.028610965,0,0,2
f28aa71041181867a720134e26b64b03cbccb6ec,0.32707494,0,0,2
720b988fd8d7a50fbe922e6c73a3681b1c566331,0.3487411,0,0,2
9d744f7136f23da9a5f9324432b300b5a68e3b39,0.37934214,0,0,2
98f54c158acb12a26fa6f335b1665accd2aed347,0.34702456,0,0,2
22c6d087012fd55bc65e578a27f2edb66f4d3808,0.3421987,0,0,2
890b387d713d04c22406db6d5a5fc9b51bec2df5,0.24830003,0,0,2
c7d56cffbb4668d0955ef00196e08f42f2efe363,0.32775465,0,0,2
7680fae14c9f544d0585a7b150004a1e48fff53a,0.23450606,0,0,2
136c5ffe80e558a87cde01baebf823b06e3cbe75,0.28262568,0,0,2
8769d0f2cc4b7555dc025b7c0e49a81346a1e2dd,0.027284952,0,0,2
4b5cda5a2c6ca613db5129d50ffffce2604ad9eb,0.2511043,0,0,2
2e62764c0c386632e87ee8d12d0505848df1015e,0.4406336,0,0,2
4590f14e97beb6d10ffb7b5dd312c632af155ed3,0.54902667,1,0,2
079bcd0339f30343c01c5fd3d5521be4b822d30f,0.43884555,0,0,2
29283b775291bf03cd9a7e1aaa496faaa5757578,0.135734,0,0,2
89321a2dee438328e75a11954e972175c78f0a2a,0.28451356,0,0,2
1f3e72fa069536ae20f37b29575288ff65e66803,0.22291026,0,0,2
c7720ca4c232d317cfc800a04eda4a1d5a44a944,0.064848244,0,0,2
a747456bfe077da467ff036172968a37f3b1e893,0.30327228,0,0,2
2f2c8b1cc6e6e731f7bc52b0988ea8316f475004,0.2801527,0,0,2
013b445ede8d9e7aad4915859d0c869b9b712f8d,0.4662807,0,0,2
f4e754e66e3661274df624bc328991cd88dd03d6,0.027600488,0,0,2
741944332d5bd90112b610a8b5f2eeefe51e08bc,0.02682269,0,0,2
4c7d7523088373be3c7ff203ea895d5a6d84083e,0.04565462,0,0,2
f79c9365d0ee89cb407b90cc084eece8fcf9a8a2,0.2221402,0,0,2
8714dd031647be34d0d27f461894e7b194f25cd7,0.30151203,0,0,2
83406b73e70a251eec5daae34f1bd8d554cdddec,0.3595277,0,0,2
2f956f46580e5b4752173e885d37a20fe31a78d8,0.069963574,0,0,2
3f36b7b50bdda3eeca632ad5440bb82b8e34cb40,0.48590532,0,0,2
9962a0fd02fe2ef06765271605b06729af8b2e59,0.2512432,0,0,2
5294c64b342818e021800b38413f36f426e35b3c,0.5774818,1,0,2
5a45ae3b1deb5117cb9e9a13141eeab1e9ad3d71,0.35610956,0,0,2
efafa61992658eab64c893e9eef49f545d75673c,0.31156644,0,0,2
630830476a6270e317e84229996a6bf92bd903ca,0.23418328,0,0,2
14097c64d243794610788d3ebb2e81ba8fd867c0,0.27777028,0,0,2
f2615d9a611db401cdedc022112c87ad938b5680,0.35737324,0,0,2
a24d624aaabc14a455d18450d9127f88d1b4f8be,0.42097995,0,0,2
49169033546d893dae3db903a2fa6af712f125c0,0.454108,0,0,2
fa7588c4c0f8d403e4815fa72e3b8a3bc98d73ec,0.49240133,0,0,2
367fe13b46a0b4dda56b7f12273d6c9afb1da23f,0.10113712,0,0,2
368588b5c5c4140f39ea8b9a8ceb3d1af0708804,0.34108213,0,0,2
30ee10d2740fe1f28595989c6b21f22b75a147fc,0.30669,0,0,2
af9fd052d1c208f191fbdf85873f965552465598,0.42930967,0,0,2
0a711ebcec7d32b66ab3c90b2a1f48681201e557,0.042051658,0,0,2
a4acf53336a482f50335d33b4f650a70c9243b7b,0.26691857,0,0,2
c26fa78817f30cc3eb91165b783e07fb80d80f59,0.49945265,0,0,2
944291b748bcfec4e2f3c17623884db7a17b9f21,0.42570806,0,0,2
c44f982e89b63a97190638cd12bd8bee2bafb883,0.3168776,0,0,2
fb46b941f7763314d667c437c06b1675e61c3d38,0.42043802,0,0,2
e9928c94ce1385ec72028336417f19f30ac38ac0,0.07013488,0,0,2
d4021487539b0f7758ec644f2e0d83df95c66bba,0.3653113,0,0,2
ac62c1c29f319a97a2552c39f32c8e6acd70c9e1,0.50874305,1,0,2
dc08bb8ea6cdf01188f6699559e779e6cc296287,0.43116605,0,0,2
82b8ecc3275d7c3578a6531ac3f1da3ffada9dcc,0.046620775,0,0,2
36ce032b612fc0a1156d28bca7327e06337c8815,0.4918387,0,0,2
2f22533ef41533e2b839a6b41b262dca59e6dbf9,0.37304613,0,0,2
39a3cd0f4210dbec1ae8ef39a87d34b76eac91a3,0.48349047,0,0,2
1f470253c46471033048383c027192e757480492,0.3596206,0,0,2
9c40a7bb3c9aca51d17490960c988dfb7b5acebb,0.44771707,0,0,2
7f8e952abc4d2fc4b96c97a51aa25fcf6ed8af02,0.27359304,0,0,2
bd0b5af025fab9cad8f94260138741c252f45fc8,0.48798412,0,0,2
e036d60d8a210d5ac28b2e5c51a45ceb82b58f09,0.37158418,0,0,2
626014eaf093fc2e3b53f5ad00c425bc209e1428,0.38886535,0,0,2
5c85b8dda5f3047732a17b818256b9289274d071,0.44889843,0,0,2
ea402becca436dc1a8e47ac9385a3db475b49355,0.39106092,0,0,2
255f10834a67cf13518316de0e2c8a345677ebbf,0.33739635,0,0,2
044de16c14076019f87763b7b58c45664ee57c11,0.37790236,0,0,2
e54ca615f213f5db6d34d9163c97eec98920d7a7,0.59184724,1,0,2
07a42d3ffd034e467e49b5c449d4f5f81c471cc5,0.28601775,0,0,2
e6da0f682436e1387ad68e86edf7418c0f7cb368,0.027793817,0,0,2
59ec4f018963eb55e32fafc2b924826c39c09682,0.4382782,0,0,2
ece4b70cce24b89483236b4cff079c10597d680a,0.2850719,0,0,2
09d28fe7995db1a4da2c651d362007d2082c663c,0.17594019,0,0,2
98c27699cbcf65c3d9d655ecbcd67adcd8b45b05,0.38927194,0,0,2
71cff7c5940b7101ff098601850d46b7a4698180,0.34688982,0,0,2
89e0607cf6470dda1a6a47b46abf37468df4e50f,0.5162751,1,0,2
6fb60857be1fed21bdacc4ce830bbf99103b6fdd,0.55620205,1,0,2
3634821fa515365618209f0452443728e7290fca,0.3243288,0,0,2
2fd62ee4d524c270764e9b91dca72e5cf1a005b7,0.3648268,0,0,2
a703ee75c40e0207f6831c4d48e1c7e62f160305,0.35958907,0,0,2
fd7cfed070c2aab60521afb7dcc633a0b7abea80,0.43295702,0,0,2
1de41ef4baeee1c95e245837299f8be265294445,0.033712626,0,0,2
9491d7a61681f7acc7103a6d1d45efe96f7981d2,0.04219366,0,0,2
2d3203b10cc8edf71a6e3e0822f0d742c9516aa3,0.033469584,0,0,2
d55a572e5867832f6d5755fcd46101da51a38aa4,0.37959385,0,0,2
170cfa758547b4d9be50058ad93cf60ce0da5564,0.38808042,0,0,2
3783ca4476fec8186c867e4e57084e649c318c6b,0.49985412,0,0,2
4d996d1bac1bb1886cd9c473ba00e53e3c19cf3e,0.29719335,0,0,2
445cb9dc2f07553f8e1e5f7c1150f00fbb05c63f,0.35628802,0,0,2
ad80bfe559e7380fedd7998daea5f27393ab643b,0.31735465,0,0,2
3d2d4fd1588c8eb3f67f34d75b66967d0c7b06b6,0.30422038,0,0,2
d54fad867da7f762ac4c0d947adffdc1f8f356f1,0.24278283,0,0,2
12bbaf3550d56bc945b50f538b5f18af93bd316a,0.21470676,0,0,2
150c578edb161bdb2e8c039f0914984f570ef8f0,0.29584947,0,0,2
af977adc43a071a09652fea4ce3deba2d5b8d171,0.41716278,0,0,2
e021734b62ea5ac273e516b4ac83727cbb99ec08,0.26038542,0,0,2
b635beb6efc07a97c143775c78a32d42b3b73c8e,0.3044706,0,0,2
3fd2492fcce073f0c36e4d7e23e34881557e6e5e,0.3465298,0,0,2
a918c493296c88da94b36600213c7c188f2589b4,0.458211,0,0,2
9181e1d536bafedcb3587ca30e5b6e2d66f06bf0,0.608732,1,0,2
cc8bdf1d13639d12d02170d40cc4890180bbabc5,0.43254748,0,0,2
33ee5497490cbc97f3eabe9ef7a6391e4dbee8bc,0.31224233,0,0,2
dc61e510126aaa1a95a46fe39bf1529f394147e9,0.039381593,0,0,2
d320a457a9de67be25a03f79e1695d549a0145f3,0.036479503,0,0,2
94ae6c84d22ed33e158b3cc822ca4a0484c829c9,0.21690544,0,0,2
e9e36cdc44a68662885e35773187cca00d20239e,0.36883754,0,0,2
7d4041d827aed7d9f3eb14310b824a2faa96b8b4,0.27038062,0,0,2
6f5f99440e7117ee3bb6407e06745fff14bb2a4d,0.42335626,0,0,2
3eb4be60cf00c20e46b75fb72366dd0649700c2f,0.22804686,0,0,2
edbd9842cfca892b10c2e9c8da0384fe005cd67a,0.3202454,0,1,2
bc8e23808b9d8d0c9b67270ef35d04ebd9d89cc8,0.4770043,0,1,2
635e41ea181c5fee8860a7044c84ae3557b51189,0.4141488,0,1,2
c4ddbe6456c9631c301171098a8ac016eb4e582c,0.32142758,0,0,2
63f1d6b83bc10a2880f5ec17a172fab284d2eff5,0.070276305,0,0,2
10e18ae9b47dfe04573884739823d64825105694,0.037396222,0,0,2
d3252a5ca5571e0a97e9a31966ec6b847a3a8574,0.21288009,0,0,2
86c76dd5ea04d1881a52d79113d6dbb1d57c38a6,0.042446397,0,0,2
73a8fba6fb23af45ee77f52f33bb8d791a9caa05,0.040894657,0,0,2
e8db7237a9c347d2225fce9b49ff92bb741adffa,0.2526332,0,0,2
7af67bdd16a4f103bbe6334c5a865436c900adfe,0.22442874,0,0,2
71d7c3264239c55b6e2daf89c44c5685085f26dd,0.06361904,0,0,2
958029bdd45c3e341eb146031ed38b4487d7b0b7,0.05039938,0,0,2
5556026ed1dc17e70946a4a030842ade3a33baeb,0.3861847,0,0,2
3c92830ec51fb6b6e9a7ca2fb8fda324cd33e48a,0.042798463,0,0,2
0fe9685c8a78ba2d780a3ec1e1a323990dc6d218,0.055791296,0,0,2
bd7788b384a87024ddd6bbe6a9bd9a167cf2ec12,0.037906684,0,0,2
dfecbe970917754511a081f8b86efac211e624f6,0.03706842,0,0,2
ef51b068aef14fa347710497cfb67aa9c6e65c0d,0.22045115,0,0,2
173c162a45b4be6fcbf7a30c44d1953062a25086,0.044810284,0,0,2
c4c03a33c8b8b94eaf75d368473bdd10a21cd0df,0.21640797,0,0,2
2fefdc7dc3c9afbbe534ff69db5a754be0716b11,0.054289225,0,0,2
f525bc3ccd9cfb69603bd9778998263a458415d0,0.07423125,0,0,2
9072a7615a54d5e753cf088326d9e14f1a5a6751,0.06959951,0,0,2
11491d355da8a851d6badb6348b10d8c4acc9d8e,0.113736555,0,0,2
2bc2ffde1f4752e7a8c7ea0a51c559faae194786,0.31410357,0,0,2
35f1cc00274122c0274b522d0b544a06faaba931,0.052531987,0,0,2
98817e88f04cc6757c42ae52d653b63cb85af486,0.33097807,0,0,2
83775c432382b9c0367362491d0dc515bf0e131c,0.036770623,0,0,2
a498b87dbcaa0a61c6088d7156258a3cb06638cb,0.37925,0,0,2
34558845e3777afdc1bf90ebbcb2017ca17aea86,0.5475779,1,0,2
59985b43f0868d9a4a588d9ca1debd03108f8cd9,0.4505361,0,0,2
8ea1aa1e7cc427c28a89878fd2dfcb110c992b20,0.040089414,0,0,2
d4c7f63054e584b69024664bc2f221faf9863519,0.04926863,0,0,2
20c733229df741e57b8ac205788ece2d563b2f3d,0.20683451,0,0,2
3051264e1bc1d41a29c9dae7935c090568f64af4,0.19719577,0,0,2
db0f2304bd7c3ced65cbdfe9e17e80fe0774c13c,0.2147345,0,0,2
2f67045b9647de10ea5d01d8d1e98ac7de3e1cfb,0.07607315,0,0,2
7ef106b23772995e4307f84afd1bee4e2337ce0c,0.18922634,0,0,2
71f6746f81bb9650f6f228ea204d85ba2c5b7392,0.27710906,0,0,2
2ed96f00f724c3331d6b56b6b5650b9632f43954,0.27047226,0,0,2
3720683699bb830a4aae6fb66a78ce7079ad2c56,0.10131059,0,0,2
df37e605fe4b027406bd9dd85b320526ab12a122,0.028485581,0,0,2
4ad74f449258781e9df189413423ffd6ad95c526,0.272469,0,0,2
d81ea83a0eb1761bb4e90a91f3b70f23f88a7d2a,0.23848458,0,0,2
e2c0ea4374c02539ad9bc6c4328b74f25eb72405,0.19130075,0,0,2
cf42ae522e12e9b412e1a1f008ea73cfd86a5979,0.22400324,0,0,2
fb7335ab163588fe6ee67ef26d3b3edad5cf4bd5,0.20370358,0,0,2
e580d35e1a07431109a5835411142bd1c1c2b3b7,0.038110584,0,0,2
ea60fbe0633082a131bbb18de94fa60a04eddcc4,0.036498588,0,0,2
90e31fd93fdcaedadcd4b030fbc20f7375672def,0.028445367,0,0,2
52adf52e4669b54399fa50f2624826c06a19cb7e,0.03910033,0,0,2
71e515ab6d2007d34d96df5604f74c6fba92c0d7,0.06317036,0,0,2
6d23e85570fe1139cf5ef3bc9b4e57ea73680b6e,0.41513348,0,0,2
cb83f7cb31e50f265e098c5380b3f0051e257f46,0.04557664,0,0,2
2584b4a0ef536e59bf28ba140844597a093d848d,0.053162448,0,0,2
cac520971206093d32bf17925f880bd06d93f736,0.07091265,0,0,2
6a99050166c945a226d5f8275ce4a9dca3518285,0.042939503,0,0,2
6dbb48c8e685f65f45ad5df9f7684bed910036c8,0.027112927,0,0,2
260e0e0cd21af7b03ab0dae33b4978233db67773,0.712788,1,0,2
b5749b4f54b30c0c2050e456c12cfcf516434f13,0.05986227,0,0,2
07ec8ad2dd862c8669b2557b995ec5180663d73f,0.25409558,0,0,2
28656559d2fc67193a84d5cbc48d378b2016f74a,0.3850695,0,0,2
0add1e8975336c65513b26123d48b221e2515ddc,0.19899876,0,0,2
8e7ea70a33ecb8db5207849ea6371b4a5a8ffd26,0.046323363,0,0,2
6f653f6bb82757963a87d725808c080109e7e3e8,0.049460027,0,0,2
1974c83561d09cf73a575f992fbd8416e3354d20,0.36247835,0,0,2
37c20df721522b175bc9df3f06a361297010df5e,0.05854131,0,0,2
061450a927ba1cc65f7b984f4ff41866ec2eceac,0.0336388,0,0,2
60b32953a968e5623f82a6b27d6c679bc17c48e5,0.30506217,0,0,2
f175a241c811d2d0843026b2dde5c3ae308cfb95,0.04277834,0,0,2
ea1a69d638d97d5ffc451b32d240479357e02b0a,0.07345658,0,0,2
cae70c10b4451ee3b919764f72dc4a4caf0f6f27,0.05315654,0,0,2
c0c7112dcdeb75b521d55cd47d0c61be66b0499e,0.2910444,0,0,2
8d0214a7417addf790713440f10855dc279876fa,0.057099435,0,0,2
e2ec4f2fdb2bb8d97f64a33e9ac288d52854a530,0.32860777,0,0,2
fc73151cfca36ea2641f340700dbe339b9e1f103,0.48284373,0,0,2
dfc9888860bf192cedde21e5e843bc3caad4b74b,0.16413713,0,0,2
5f9e0851da9e74c12e04f5a62cb7aeb1a8ab7589,0.6181512,1,0,2
7d5a61ed64315bd6570c5cb55c1f53853a3fffa5,0.41726413,0,0,2
82152f41ac8a727c2f0042bd555452dc2dda11b1,0.21524134,0,0,2
474a837858a8e7a98316f97e9ed387d0161015f2,0.5160829,1,0,2
39380da86acc717f419da48f070f8cf7d9f9ec94,0.31031287,0,0,2
0e266204f535aa48f74d4f2480b2268c13e26b22,0.15802659,0,0,2
5b7608d1549989d92dd159392c19d9ba8ce0e62e,0.21638858,0,0,2
e79a590e0cdabd93883aca964db2a862ff3f8490,0.07768966,0,0,2
ec4d8a9a6b783f1d5d603d5272c94deb1e7375ef,0.043748748,0,0,2
507451866c98cf9e2ddff1008fc0152935ed9e20,0.47966313,0,1,2
8ac3334a04928faab627aef4daf4ac51c28a95ef,0.630396,1,1,2
6bb871786e563ed82e2b8d26314c22772808fe5d,0.58570224,1,1,2
633ce604968078151e03363d5c67042af74310e3,0.5585013,1,1,2
18b3437c15d78c54510964728486831822809d9c,0.04997575,0,0,2
d68f7f5f44924ddee14428e16b7458e2878baef2,0.025221387,0,0,2
a48071b0d489420bfdc0c2ed7254d1dba243f700,0.043774996,0,0,2
5637a5204ffd7b77f569ed28f85610eb782a159e,0.25170884,0,0,2
0611710c619e67affe9e3b6471943d0ccdb9da73,0.03808456,0,0,2
ff3492b06299c0a38c029c8d7a524d0027de357f,0.3199125,0,0,2
0343b4fda87161265acf30d5ee61e525e751358d,0.039547272,0,0,2
756ccc935ef2a8f9f48e96f28c7c622ffb3e6627,0.035221215,0,0,2
612236c8a77d5d8c4755e287f682cf06d773a902,0.07841974,0,0,2
f37f4b68f3343e2b8f8d82c40398f975116102f2,0.05693387,0,0,2
0822b4226f31e50ec244d311e56e3446a8e5811f,0.27788067,0,0,2
06b7cd3a31c4565ceb0a127273ef800a3d084caf,0.4047391,0,0,2
04b55bc7ca0b0ac444fdc8ad01acef8172852a8f,0.2346995,0,0,2
54ff33b2ad26e3969cc59d7f2723563dee3e37dc,0.091838896,0,0,2
54e63005446a2b0a4255ba16838122c5808ef886,0.25131267,0,0,2
1a002c67f2d3c198411a62165e53b31d6b414aa3,0.0458359,0,0,2
ec2fa6bd5695b36435cc66ca4cdd8183d077a0cf,0.35993963,0,0,2
52b46e74dd29eb3eb65a593a872fd57694bc154c,0.04997036,0,0,2
59022fb870c2c45a27e00943003c5acdeddaeec3,0.3784092,0,0,2
03fe88ab71cf2eadaa39654786c3fba713742768,0.19864123,0,0,2
a0b798c27a0312df2a110073bd7888993e56d05c,0.19499929,0,0,2
fb7784fa1472b4c55d329aacae672f416e11a703,0.05034332,0,0,2
5fb158cc05a9ec78e31e49abb654e00a7b65721b,0.22367951,0,0,2
f59a674a26d349b7069158023194ad0d7a38a9e4,0.06557501,0,0,2
fad946a1d79486c5118a596e8ac67ef7d5189070,0.1291858,0,0,2
d190655a97c33c886997b9570697f432e7d3a21a,0.21430409,0,0,2
68acbc803e416a38616bc25505cb88dde81af5ca,0.16069247,0,0,2
e8a2c29721d145c52c970049e5469cfb0dcefd87,0.225454,0,0,2
00fafe772ceb91c9f26d79f5a2f6c3695a141115,0.27400854,0,0,2
31466db6ecd115aa74616e14a75721b45c0f59f9,0.21832198,0,0,2
6d3796e64bdd5f3f4857bfca6982e6ecf98a2b33,0.15772665,0,0,2
131917a0d3303ca2c38fd1d6765b9bed2c23ff89,0.19519635,0,0,2
51512905c31ff19b91fc67b2cb3ddb5b1fa0fd51,0.12243346,0,0,2
56f0e1053c9aa767ffaeee37cf06a6056a221163,0.06499795,0,0,2
04b41e2c97fe5faaf521c2e0581c30e18e2f0c27,0.21980311,0,0,2
84d52919ec3b3c75f28a185ad7cd87603c3cc4cf,0.030332891,0,0,2
18f5f54ca0e78df12586e0750e257058746a5a39,0.03418772,0,0,2
bb76a6848b37cc3f418a370c56f597486618197b,0.03724991,0,0,2
69d4bf883cd7402d13497a40422d20096b2b9aa9,0.20231326,0,0,2
8bb3526317408fba3ae351719feb68703aa5fdbb,0.33281848,0,0,2
b212aa3c6fb91c34a0faccdf783a0a085d40be94,0.28030273,0,0,2
f8b1f6e7456a92b8aeb3e0aa8ef88936873dae00,0.16480625,0,0,2
04a5d83aecc325f87696c83b1a5dba45584ddaa7,0.25171104,0,0,2
c202aa8cec19d80f4671e77370287540a0777b7b,0.3746692,0,0,2
e55aaa5706f031df2e8d68bdf088604c79944246,0.0808991,0,0,2
63374a181393d941c805b6909c2ae5c41159e745,0.24267511,0,0,2
2b15e1f43de16d204a28f72a530abcc24208f4d5,0.3287069,0,0,2
4ceba113050407f10e116df7ecade93b1abcf6fb,0.041924354,0,0,2
5e5ba1b8129fc0d235b149ee699ecb2fdebfd39f,0.26870957,0,0,2
bcc7c0c85878d19735f4eb014e6b17a3c0deb0dc,0.32849523,0,0,2
f3a7cf629c19dc80734b5b6c3933fcc76c8a50a0,0.34464136,0,0,2
a72a5ced53067d3516ffbebf00a633743bbfeb5c,0.34978205,0,0,2
7642423cfa70fc797601afd64ad28ed1609df9d2,0.42210996,0,0,2
04e52eb6155b3cbf5fffc0d52689a3f679e40b19,0.027381852,0,0,2
a1cde6ab707515ae014c2635f9d32ad0ba64e7a0,0.02723228,0,0,2
ff902c15612f2d771483ce6bb06e55609247c34e,0.036807932,0,0,2
3f796bf74666ff9a4a6d31f10dbde4fd5e837d6a,0.4211642,0,0,2
c158713b66856745427f793f14a5dd1fcaf941ee,0.27893996,0,0,2
e8300276291ae634eda52d812e6e8d7cfef2f8eb,0.37996793,0,0,2
fac65b868c549d28b786568636bbc8362d2a78f2,0.39254254,0,0,2
c99a787752770b8952297e24e07bd404cb2f4f74,0.28893518,0,0,2
b877fb9abef4a19eec9cc7329acbd433648b8f7b,0.24697393,0,0,2
2b52dedd56503bf89b28cfbad21f59e3dd4d1d32,0.22004347,0,0,2
bbd1dc343992fde4baaa0309178509dd07eed536,0.062327422,0,0,2
dd5a0e6e1e3edb41afb4b40e4ec2c99e5932e73c,0.030336667,0,0,2
864721d54b8b372808b098e13120abe5c22fb9b1,0.031890787,0,0,2
18b1bc203bdb236bfd9084193aa2d55d4b605139,0.6000631,1,1,2
b2c1afce7eb13ea44fc7d25562cc3bb83cc91b2f,0.4724127,0,1,2
5b223744b49d3ceac9608959d2db82bbadb47897,0.35463786,0,1,2
031f6b082ff21cf1138907a7c666d6ff391bfd72,0.34066308,0,1,2
afedbae8aca69a092d65766640361801bf2b5d9b,0.24851607,0,1,2
fd59e545f4f2d697ea7e197f002c5e8eeca27004,0.43579194,0,1,2
3eddcccba7e0361d6e833407320908187b16ac8d,0.43169537,0,1,2
34a5e7fa91aa7ec9e75a16eb6f3d859d794d399e,0.5778823,1,1,2
fbb5d31a581c24e925c442a7754358d2b62a669d,0.45604885,0,1,2
17e65488113a2dbe9894f824f4321a06ee009e02,0.4981205,0,1,2
9625891a7bbc0a8b11f7cf9c2b4650775ec8ac53,0.48601672,0,1,2
13cd4e0ac3ab76a4dc091eda457f9a111727cba2,0.5339122,1,1,2
8ef8e2a7a5326eef6180951207f65d3c29bce419,0.5709552,1,1,2
844b2901fe4049fba29ce8c6961dfa25966974ef,0.3741034,0,0,2
faeaa303b903139f36c15751c8e48ef982222842,0.34834728,0,0,2
5fef9575646f6583fd2d9ee01368b3deefe6ce82,0.31865188,0,0,2
6c687c70a1d5cdbc71c113b7d7402dd89a942849,0.39702678,0,0,2
c049aeeffd41dd9fb8075e719320846c83e5ea91,0.39103946,0,0,2
9bd439b4e0aa69050ef1baa537e552fa4620e5d4,0.36813474,0,0,2
8d6bc0ca625f3a1a98b486541fa613b2fac4b41c,0.07403784,0,0,2
d2fb3b0865a87cc909e4faab7733f993356141e2,0.20694041,0,0,2
10ebb32ce1806821518f52074f0d171fab20b3ea,0.39336511,0,0,2
caaf97ed8804ae3bf6fb17cd98a5814cab834688,0.4300579,0,0,2
ce0c082898e3551d313fb5b73763f399232b3fd5,0.12148355,0,0,2
bd9adbb637a8a4aa5eb61c6fde2c576d0ab3c4fa,0.6200697,1,0,2
e4b7ee81c1773eeb0bb71ca53bf722f046c16a16,0.26038307,0,0,2
aa31bc6c313789c344d715b7c1aeea0cd8de47e2,0.4678436,0,0,2
3899cc6570bd9176c84ad2d5d14febc6c0ddd964,0.3503322,0,0,2
648eebba22d6398a01b0924975bedced8469ac80,0.0576683,0,0,2
8d95ae41975a2307501aa0f4a7eba296c59edce9,0.61109674,1,0,2
1f56bd103d53c8c6ba7502c6586c26be01bfdb80,0.06640892,0,0,2
c7c85ee39892df3ca007c6596c41654865be7e43,0.19447616,0,0,2
c503d742f094dc2048b72c3f78f5e2e6070a44e1,0.39910883,0,0,2
a2d41db55aa46bd4fedb215c978f03e282cf1ffb,0.44936615,0,0,2
5ceb5f57212935386737ef4af0d066e9fd38c5a4,0.33431223,0,0,2
cf6b6d8eb1b524b73cdb74168f3190ab471aa52f,0.28881782,0,0,2
ff8fd9578ee8f66e6f80cd7b9f204767845b7339,0.41070032,0,0,2
ab60f735c721103ac888d8d7b801055921336687,0.081942864,0,0,2
a2660687980b36003a612eb89b40d6fdecb4b153,0.08002302,0,0,2
b3c31a379e9ad7cd22cb7f0669b82361ced84992,0.2834762,0,0,2
204ed0048f4812201ef65c9a0c44fa54a7d1e04f,0.29205742,0,0,2
103b64a373256feae6ca85f2bf220e7694e48fa4,0.5346985,1,0,2
9c506279188a90dbbe124386cc52016682d17b5c,0.25458875,0,0,2
8eace0187ea2c0c1a6e3a5b5e24e701f6e23ae94,0.05475651,0,0,2
72bbbbc559992e5e6bf17279d8194aaa80c62e85,0.5072131,1,0,2
feb7ba55120feb5e3ad3f526fae7dee1b5189d9e,0.480745,0,0,2
bdb074610c87a210ea4c0d91d579cb4558f4b19f,0.62824005,1,0,2
64d820bffae723b9c8669301b246ae199db61b5c,0.6512638,1,0,2
d58d64ddb1f205a54c7eb57fe0cbec9c59cad8d6,0.32212836,0,0,2
d962a2b31c9a7216c2df557eaed3e475b13939f1,0.04040039,0,0,2
db6f7c1d74ba64211221a69cfa9fe7171a9199e8,0.46078148,0,0,2
1eecfc948bf6f4cbb9a2481313ca7368ec653056,0.14836535,0,0,2
ac5a216f767c6defa4da720c6ecb3baa05e30254,0.05779878,0,0,2
d9a2c69a9d1db6072e1d7b7ea4fcbd5c15d20b5d,0.13344717,0,0,2
d0f6be9886afaee6080cd4b7cd5d165c767b71f0,0.03197658,0,0,2
8ac857c41ec8ae02e57eb0c1c1a012525e7e14b9,0.34536898,0,0,2
10d2363fcdd6e15568f765ba0dfd5f0cfa0b04eb,0.42557225,0,0,2
8232c096cef785a2ba88a7324b882a7badb0af44,0.35245743,0,0,2
5f4249e2ec8cccb17b27a7ffd032c4fc237a6927,0.3439461,0,0,2
86a59601b570585dcb7a1ce3d1ccc8e16008f53a,0.16603424,0,0,2
809e2bed22f02264e0ac58bba070f6d84386cfc5,0.39772654,0,0,2
6423a7665516d738ae50d272e3b4ca72cdb89a9d,0.14503376,0,0,2
8274993e293a79fc75829df398233915a6387a4b,0.52028596,1,0,2
e2dbe55d56bd6c1209276050f527d36717e33e1d,0.38748062,0,0,2
10325422e5a4735aa87a4d47bdb377e09fe963d2,0.6445921,1,0,2
a069c490e8119189fa2b43d3b597b79b3d42a367,0.42270255,0,0,2
a945ecbbdda782b51d5c2c670345fbf4dffacab7,0.05964845,0,0,2
e4c72a5522aabfa6a660088aa9262d849756e464,0.049967304,0,0,2
0095d8adf26b9469115b1be0358cb09d1fcb5fd4,0.06398838,0,0,2
151f2cd3d80c006f4ec228cdf610c3a35feb195d,0.048099533,0,0,2
33884b226454324f27700f9069f4702b44ef8ced,0.32789785,0,0,2
23108b1bd90de315aed37fa3fc1f38f8a56ab9ba,0.035113208,0,0,2
d6644e4fbe3d125eed2d85e58fc7133466042f10,0.46099243,0,0,2
dc53e49b4afa5d59c533cf2b4918402c37411fbd,0.30409464,0,0,2
f9cab271b3bc8c2fb6e2c51449ad3bc07e62e174,0.4164201,0,0,2
383bc8eefae7e17d0bb0349ab2300488c655ec42,0.44765,0,0,2
eafeca43268f16aa9d4a179e44b9e7747699c1eb,0.45490527,0,0,2
4733cb5b798cd72aed82a9118648b4a86c91539f,0.38812438,0,0,2
9f89fd4626bbb4e34a905835e397bcffbad59307,0.029451834,0,0,2
2dd459003e19e4bbc2811b10d38337f295fc5a19,0.22894062,0,0,2
8d601ab71228f7c3dff950540e7ee6e4043e9053,0.3913929,0,0,2
0f6a292a29fedd49741310cd517ac4ba907bf8d4,0.4063962,0,0,2
011775551ef75d75f81189eb4604fd0f2ed424ba,0.41236532,0,0,2
695342cb1cef42f30fd1a8496f181c92b21ae82d,0.3946157,0,0,2
c14890f08b9bb47ab8ad27f4dd4c714e32961d0d,0.3299123,0,0,2
f3d2d55ab9b783af65f2050272cd0318a9ad23a2,0.04806123,0,0,2
c0771cbc3c445a9d1d2a43ac4ce3c0edbc806957,0.3378011,0,0,2
3aface95813003ff75505e2ed7d75b072228d3f8,0.06940177,0,0,2
2c437a12bbc578442daaef85ab486d1e55763853,0.35842478,0,0,2
ab0570e63aae3027239dcd5d22caab95111a5de8,0.07230338,0,0,2
f015fb2b31a5621689a57ce9d2d300e5f32357e1,0.26271805,0,0,2
cf950e7365848130c5c2d57c871652e6f83e96a8,0.1992458,0,0,2
e6b830bf95f712672cb9e77cd852606cd134c5fc,0.4144078,0,0,2
09c52410e62b0e1e221d413d7ab18feefcca6bf7,0.17694993,0,0,2
9dcd87f9c46786f3da54af7ac1ba4696840dffa8,0.39266947,0,0,2
f55530a2ffd3c481f6554d98e9d73f2e8c62ec8d,0.31106713,0,0,2
dfd69e038cc7035031d1807c4ade870d2a7e2ece,0.20752503,0,0,2
a49ea7a65b7990b3e6e625bc8bfff7396ee49300,0.046521,0,0,2
41bc4cd029fc486b5570ec344cdeae049bbca860,0.17243664,0,0,2
51b2cabf2c3737de06fc889b39d40240d1b134c2,0.05710483,0,0,2
8a05e0b0f640289c32f2f261f35450532cc2a1aa,0.26123032,0,0,2
2cd3f0f10a797b744509903b8eca4fd2fd4ed6f6,0.33103722,0,0,2
8c1a0d2ee1433681958809b4a0fede65f62936e6,0.08151977,0,0,2
a08ec31dbf212a033953dc6916a743dccbb93e37,0.0449838,0,0,2
795fe5d869594bde53f8490d75eedef6185b6c37,0.32812098,0,0,2
5556118ad13fbb80a56d7b8de6f960e9ff8255b8,0.38882035,0,0,2
f643b4fa939e89348618ddffae20a804f4461363,0.03598332,0,0,2
bd5cc81ed7f91865aee7a5a7febeb237220d0c5a,0.03577897,0,0,2
657704627b297a19a693645cf03c5c70ccd9a8bd,0.4692222,0,0,2
363cbf7908cfcc6a538126bcccf5c955afda6aa1,0.066827394,0,0,2
c636539836ecb541d9ef71f2d347772cf9f6bc52,0.23458579,0,0,2
7cf5e01c2a152a0b612cb19e02213879a57c14d2,0.45008942,0,0,2
e8d861359ade336badcac3211e5aa447097479a6,0.034892738,0,0,2
044367419dd317eb9f9935d8360280b8b8695462,0.39249614,0,0,2
86a082e8be8c51f07079ded82d6d125c9efc1791,0.35188526,0,0,2
ab25f67348d4885620df86497889c1826f013a73,0.5290492,1,0,2
07811434b773b6e1737fe7dd3775aeab8afb18b8,0.11654696,0,0,2
5bdf0a938adb384bfdb6cc494a2781e2ac33b0ea,0.17486802,0,0,2
30c85ad05363767deeefee577063c2c432b971d4,0.41560584,0,0,2
1661e5519c4836a5a940b13b7797263443156fc9,0.3740242,0,0,2
a64153a3710c5035988690f0acf57dd61b711cf4,0.585288,1,0,2
954ade4c1ae2adc0aaac3a1dbe800495c519520c,0.44692704,0,0,2
4bd982d1a1df87724682c17c39bf27b5cbe389be,0.27815855,0,0,2
a6443e146f825291308319c6a0f2eb82aa34f8c3,0.084351614,0,0,2
914844e1b226a1ac7ba45626ecfdfb56e7b2e263,0.06223031,0,0,2
98fa164cd88d126d0f137f5bcb4a1d180e0c2fc4,0.5434762,1,0,2
c79e6fb8f95bb07d2394221b29b75fcc016f4900,0.4525506,0,0,2
6597c196521af500feef7a02610727eafa7ec1dc,0.032427914,0,0,2
4670a941be92a55fbaaa3b4055d444e07ffcadb0,0.53465784,1,0,2
cde4c529034e182a982fd842252ec410d213c34c,0.6198585,1,0,2
b5f5449cf338376d12404d0190054525987f4276,0.3615998,0,0,2
721a6e59f7e4f5c0f3196d3eb0e81cab5e41d065,0.42040002,0,0,2
c7c424fb9c3a39b6ea036242e44cdca324f7d104,0.32639837,0,0,2
a8f41ec97d139f5d0d7cf161e8484f2bb809facc,0.31494457,0,0,2
0181c8059c081d144cad36d003379bd50fcd9da7,0.5399339,1,0,2
90f0a680adf3eaa95e46e96d28ecd6848c74bfdd,0.054959215,0,0,2
12e597a78cbf9d82414b944a5b285d81a2e27e51,0.559398,1,0,2
b45435c950e6f6864671bdffde29e26cdc8ce15b,0.31352532,0,0,2
4259a706ab8641f408afc3ce224b1c0ba5a43d17,0.19590768,0,0,2
f0f896ee600ea7ff66c083747f370453b914be48,0.28943798,0,0,2
5482ce61b003726a9476c76a4337e043af4318c0,0.30560133,0,0,2
31a9fa0cce769c976d74cdcb6e6ce8831793db7b,0.38330698,0,0,2
1a20867d01ef8ee5b32b0620125b7c38a10b80c5,0.3450768,0,0,2
1731949116a7278f2b729cbb9e505580c8f56980,0.71252316,1,0,2
b521820b23c45fd068618d10955eceed48801eff,0.049672026,0,0,2
661d16d190708a1a396d8b75ba10738e4574c11d,0.41725317,0,0,2
3c2673e82d33b6c9bef3005a896e5b0d52b108dd,0.41545647,0,0,2
99900ae089cf996bc969f0673349c06c2e6fbf1d,0.40340632,0,0,2
811dbe7226ba0ede04c2062c2dba8f72a1c03e58,0.5149063,1,0,2
9f7d03f09172afcf0a7be40e3262d151ef053b3c,0.030204402,0,0,2
3c89994355f3574078c832b2dcacba0e65e87ed1,0.42390773,0,0,2
d547412bbd2a1ca56769a2bfa13b7ed9547310ca,0.37432218,0,0,2
d3146a545612422d3f8078f10afa00342b327199,0.04632237,0,0,2
8f54030347e31e0b1492fe874a1f1b67b89b836a,0.31709146,0,0,2
f059e5f7fa1ac4a906b5d2e18d72d410bf28fa2d,0.30286172,0,0,2
a5e76ebc404d419651c2a25b1a62199de64cccf5,0.47498018,0,0,2
a91f76da21faf4e8b70f0f69c6db2521409e7d29,0.48773438,0,0,2
5a52446090a67b9b04b67a0b7aec94e73bd21930,0.3371273,0,0,2
82cc24437f43d07880d8883229477735431e5d02,0.36801308,0,0,2
859224ffadb79147088840732236c1fad341d842,0.4715847,0,0,2
314b6b56bec4af56dba667d66a25c1613f4bc800,0.30853334,0,0,2
8cafd87c83f4197f7e8d14de8cba453c844266c0,0.55106324,1,0,2
a060733e63a9cc476342ca190d04ad027a241d33,0.10972868,0,0,2
e685d847b4c70e354e47ea3990cefda3265aa5c6,0.19142601,0,0,2
c8e648b92cc133a604b5e1f4da1ced943788e64b,0.6158056,1,0,2
ece2f255eed8ad9eff6e236152de65e804c6adb5,0.5715596,1,0,2
9766e22b42b7b3f3923cb9c2502dfc2dd5d0a5b0,0.22740741,0,0,2
776b86e99a1ce18a5093db457109807b766d49c1,0.300596,0,0,2
e1bc286245ce5f798b5312d65bba64c71921a3f4,0.28616348,0,0,2
585b1cb97b4b9e81b55d68e04b6c1e1195058a8f,0.24282913,0,0,2
7587431987258e94748d5f2fda1e6ca049a21600,0.41138843,0,0,2
53def501409cd1f9e20ac43edba6f2949bb366c8,0.1403438,0,0,2
7c19a1ff4c217f03c0be62baf1169d689f566825,0.40126884,0,0,2
8cfc1b1207577943d412789765a3a2085f1b3036,0.3282183,0,0,2
577f7b3b5462fdf84c0956a3bec5296bf7821677,0.39553314,0,0,2
65b08c4f91a4e5d78eb645b46d06d7a46f8c62dd,0.33088216,0,0,2
0344ca3f2d43e3732bf16370262303be8761a523,0.6132095,1,0,2
c68285bb3392665827595ac408a5fad828b0351f,0.34967765,0,0,2
18e692478dcf91fdceb9b9fdca7c61a1111d63aa,0.53339976,1,0,2
f2d8493ac44995170ff84bb895e3a73e0127cc68,0.051596943,0,0,2
f5ebb9a649e9dd0773f9bd3457d6ce1895266d59,0.16946642,0,0,2
3e08af573f8b50da5202f55df62c925f88a47f3d,0.47264248,0,0,2
cc94767e7eabdfcf9d1cab1d8d1d8556864394c6,0.2605458,0,0,2
d6ad3f01574b839670d4ea5cf82a601eee7e0c16,0.09847455,0,0,2
a2dce32cdab108e7e281dfc27dd0a394e1419ce1,0.03529407,0,0,2
fdf05fa29babe21e64f9a5b268dc8406d449d4f1,0.29459885,0,0,2
0b70b01a9f1d9664bb5eac737175f58f06979b60,0.37707806,0,0,2
7076b7408f06bc8a277f58e7bb6c2ec3372d5d6f,0.27539873,0,0,2
cc6beb2d05347fba64d933906ae2b712b1a43302,0.40690747,0,0,2
c7554151d3f695718a5bd431e22c7f4c39a0b261,0.5659118,1,0,2
ae862ae116f2056421ab8d6e997e7b64a95828a5,0.4338536,0,0,2
d65b9d2bed09847ef28b9ceb30c9f8a96e0c12fe,0.25858212,0,0,2
36217ee164239391c672fdfc8f5bd080beab5c4b,0.038171902,0,0,2
44854912194177d67cdfa1dc765ba684eb013a4c,0.04945737,0,0,2
fd60085a2a3891ab6db46dd3b75e9dd67a7c734a,0.21625555,0,0,2
f4bfd9c71f51fb541d0fd203f0df2e609632dc62,0.35292494,0,0,2
3b6867fc25b5dbf27925fdced660553ea8289dda,0.039843526,0,0,2
ed94e5a5cce33af89dc1b1475204734b17f64bb0,0.36731717,0,0,2
87eff4c78fac85c1b5f2309887f6be5fa2972537,0.37961486,0,0,2
732ea5e94fdf8fef42b5c21d001983fb24d2842a,0.41883507,0,0,2
09d70ce73dd37544c92621eecb7faf062fccbd5b,0.06471203,0,0,2
060e66bf995177adfc4d73a2a4c9bea70dc5e441,0.41461694,0,0,2
9a7de3974d64a5410e577933e141797928adca71,0.527367,1,0,2
1e9e36640f762d29c07d8322c361ece163b179fb,0.33750623,0,0,2
c56b87d6efe530590b6d9a07e41ca00af208ce37,0.43906716,0,0,2
07f3694a5c85ff5ee8c556817c0d2ea3504f26f7,0.04957435,0,0,2
5cb988334179b4f04a27c59c1e6a888db0dbfc9c,0.58874637,1,0,2
713c77ceda21d0c3cc9c213341259d64fb46fdc7,0.16645804,0,0,2
729bcc46b503c1574c7c93a65e902f436b4ec6ec,0.088007025,0,0,2
6ea2fc8d38e035bafaa92c7d3b007be38c2e9000,0.07590242,0,0,2
95fce758b0e12837869cae450d8029d7237b0dbb,0.06309973,0,0,2
6ce88517b3af6d48c979b6e984889b69c044561c,0.27610636,0,0,2
b52c69b1b0ba1c542b917247f1f76deb4ce2a42d,0.18691489,0,0,2
125cfb4cab35daebe874a599877d6280b464212b,0.6132645,1,0,2
6f03c0ce11db4a270124b9bf93338d3db9fccf5c,0.47972518,0,0,2
96a1a31d734e663af5c9bcda58c7bb5870e8a363,0.41745642,0,0,2
7aad59482002d0b4bc3546259d33eab20ce76b9e,0.3937963,0,0,2
c1ffdbab58712cca8463b3edc88f9d5a09b0ca9c,0.55927294,1,0,2
758228f691b34c97f421ed92336772531495e0cc,0.35326067,0,0,2
a26c66a8edcf029ca5f94354cee0db267e9ccc20,0.3634177,0,0,2
8dae1f2904b93127f101bd36c1c79e801385a8f7,0.052378774,0,0,2
4f928504ea91c3c1dd43ce696acadf76624240a1,0.16167276,0,0,2
22c30471564c730b02f5f7cedec28fcfe5749fc6,0.22036584,0,0,2
10122741eac52e218771f30c6dc2c0aca54ff006,0.40293822,0,0,2
e863dcb2e7a654af6b8eb5865d8d1d8eee0a6d28,0.34387165,0,1,2
d8ec011d770e1e04ef4f87fba673f3748f363278,0.7535894,1,1,2
f7cbda67518ed7335566ebf942cd170a66746096,0.637638,1,1,2
7d061e33e59e23dc4b03378f35f50a7d70f033b3,0.5932279,1,1,2
49a876cb1c2a49583b9184ab58a579ac75525986,0.42167768,0,1,2
6dfc3e64037f10b84fe203415e79e2435acff558,0.42971873,0,1,2
5fb74a6618da0ca8b12a3346038164913a5d27d5,0.339521,0,1,2
f5a9effebd7209f3fa5385f18a5e59e8a09122f2,0.52527905,1,1,2
c614fbcc79615f93d2c60a153db6e82d7474c425,0.50587195,1,1,2
d575057852ab2be41abb39b8de69a35cace5c67d,0.4862544,0,1,2
c8e61afdb89c58ea8ffaf04593da41ff0888d30e,0.19884792,0,1,2
c3b1fefbad0c67c8556ba6b4573f135197f87598,0.472454,0,1,2
60412131f3679b720bcaaaf3dea4be666cefea7a,0.5879141,1,1,2
2ce40494073aa4e9bdcba4c39d24727b7141d227,0.480353,0,1,2
2e9f3a80146262511ca7bcdd3411f095dff4951d,0.37963188,0,1,2
2c0429aabd2632c8c6a242e4a23d5eb6f46035c0,0.49858198,0,1,2
bb3fe2a37975920d1c7b9cf16309d86fe86e1a35,0.564713,1,1,2
cb686673a70a6f14c35575550c48c37d19a1598b,0.53805906,1,1,2
357fe1378889e5934e8f60c8d35397bf63871991,0.5251247,1,1,2
9c886bd4a188c91301029040b3a839e4b8e2812d,0.5114733,1,1,2
8b62c114cfc5fd347bd8cb5a391fdfa8cb539435,0.5779394,1,1,2
56b7ae44f957aeb884efc797ec74c790a7a3abae,0.50777125,1,1,2
17f9d22f334c91e701808808170bf60aae7342f9,0.5864116,1,1,2
9901bf98e4921df1c85e323c4b096b7feb80221e,0.37401947,0,1,2
aff0fae2ec3a7d74356776c183c6986eb9eed520,0.384997,0,1,2
1415c9a2a6317dbdca6f1fbb530db1f558d9bef5,0.51486456,1,1,2
e51bd89201477092c32c180e4f8d00569db17ac1,0.3664651,0,1,2
efba54d35fa094de5e580b200a8607bfc7bd5a7a,0.48002875,0,1,2
58a8f12b443d7cbc16ec00b8841138ee55ee6630,0.45303166,0,1,2
e7d16c27629722a93a9d36a0b5e0a3a793850544,0.040874485,0,0,2
3fadfdd69f4682f05563ce53e55743f55813f488,0.21044374,0,0,2
bcc4f82a7aca3fe72142bd8d9ab3ac6c9d4d2767,0.26473606,0,0,2
54acb6e10f33d5f71770323e9769d2dcc1130a86,0.32833216,0,0,2
bd4066eba88a772c06394d818d87aedca8bea53c,0.06627674,0,0,2
09ef69c5b51115300da6df43690cd455d83c8027,0.039865397,0,0,2
a5391bb34cbe168f2c5f5f6e8fc3a1eeb9399e13,0.33361858,0,0,2
96cb498f9bb88b534e49f9b8301c9fe7113b2dfe,0.08040209,0,0,2
f4a262df5204221184f1f5008b06957868684a25,0.05611565,0,0,2
81ee0d062c888d8f8bcbc154cd7f0143710f458c,0.24260715,0,0,2
4aa4291ffc143486757617b743c9670001f8a7cd,0.05856342,0,0,2
ae6a24dd439a7b778e35b484a3a6eae1a8eb64d7,0.050993674,0,0,2
9379d0d36acdf78455e81518b3b1476c7691f056,0.051131573,0,0,2
2521d9619fe1f052ced8ea1107851ac98a1b7488,0.0369129,0,0,2
7721302ae5d70d2986d74ae7e7df648bf849997d,0.09524315,0,0,2
1cec9a6fe588c047daa6c711814453840405561b,0.29982683,0,0,2
a36c903d4f1065bc59f5e6d2bb0f9d92a5e71d83,0.053220287,0,0,2
08aa21f9217df0a28d48be5be5db03ddf4867140,0.29443878,0,0,2
4f4e2b064e98ce1abce98428965f8eed86f4543e,0.25113788,0,0,2
2a11642511a3c69bac5aa1abd83d3219871395e3,0.055852003,0,0,2
ce178d8e87ff6f9a12aea4b217c1e09254936236,0.24057953,0,0,2
9fb4f47f352dc1c1f5f20de80840d39e1eebb985,0.3473592,0,0,2
762641dcdbae9456aa2b72ec8fa1baa0acab942f,0.040471695,0,0,2
47a9ea7c828772625b9e26c0c7a6db494ea626a3,0.046198916,0,0,2
9d090d40ef488c6c8e0784da877b93a05034e339,0.045597456,0,0,2
e7e48da660e17bbe5c0f8959c2cb9f6d60555cab,0.047379717,0,0,2
5d369c4fc53a2ef5c47f16eced9fe917a87146a9,0.3506952,0,0,2
558f84322cefd02246c49666d7e7a3b2e2cddc13,0.033077955,0,0,2
b0580d508bdee2903f05d95d59e6e9a1dc9d710f,0.15940043,0,0,2
32155107dd982360e813d10d0c76f6f7cc2cc7bd,0.053298272,0,0,2
596afd4f5a73c7fc756d9bdc12c6613856ca27aa,0.20988262,0,0,2
7f0046cf4e2161f0145e0e59a1b9684b04061916,0.1375506,0,0,2
1f5e68b5612053cf35b31a13c8b5e8341d892f93,0.032266907,0,0,2
b236d5259f95b755aa5e1d955c8f835312047d77,0.05575388,0,0,2
8fe95aaec201acc964ffca80954e60f7c57d7413,0.043149516,0,0,2
d5b16405c77037e37bd180843c1eba79117da7a6,0.037851796,0,0,2
d3aa5b77428d77f5954e30b14e7385c15f6f398b,0.04488596,0,0,2
83119a80aa1551bea003ea6b9e65b616b7795246,0.042521268,0,0,2
c4de3dd2bb8afb3323fc3aaf394a463aa4222768,0.052984454,0,0,2
f7f4b909d0961528c9b02ca5492b2a57a8df8bbe,0.03481703,0,0,2
bb3d861fcde210e45f3d3ac59d8ee6e1e4086cb9,0.039626777,0,0,2
1e6dceb8ccfd2c97379f78066ef4ad2b9a17b1d5,0.35893112,0,0,2
361b73775230d91b4ad9ed588d6d57f3a049e907,0.041834556,0,0,2
9a2f53d2d56fc58617f2bc7e8ce7f488dd05d47f,0.045915462,0,0,2
6ee118d2a12a4c0bde2c5b828e05ea9b18d4be2d,0.042887535,0,0,2
eef240cfdf77df4d3ec55c2f03dc52112dea7553,0.42535353,0,0,2
0ba5e75432717181296459b9bdc98f9cc3cb2c7d,0.36876982,0,0,2
5d83e4deb81aa7e06e4587809642e70ef9a03662,0.17943911,0,0,2
c635393fb9996ec9d33b32ca27a720d6d5593255,0.035296082,0,0,2
cf4d2789901be233792839384ba76b94dbd25888,0.23431334,0,0,2
46a1c86ab3f4e2068023a1faf1c704443f3f36e9,0.035927474,0,0,2
d31ea317a5fa6cac0e281bf0aec5367ebe45a217,0.06354154,0,0,2
88564caa20e4bee55287b258543cab35e9d3adf6,0.5291559,1,0,2
9f0af0bfee5a92e67ee54c185f49fb7c771c15ff,0.4571359,0,0,2
05f3b74fd581ea5f8946c64edcb293747b4d9a71,0.044479415,0,0,2
43e4df85bda71ca1500112912a83d3ed19868c4c,0.03656194,0,0,2
8283d966f47280f682a1407d499346a383d1b1a5,0.036353085,0,0,2
5878adfaf37ce37e6988956e4cd5c833c6ec61be,0.03921258,0,0,2
ace5ba00f7067d517a35713f439344f24144fb79,0.04291748,0,0,2
67e443370e06288fb2702d62c0206221413ab852,0.059855737,0,0,2
9687cf07f34bbf5f67c17e75cadd287b9f6662cb,0.03446771,0,0,2
94cfd56bd9092e0fd8579120630dba0c857b7777,0.4421635,0,0,2
077913c7e9eb8e4cf8863b7545bf53c2923066cc,0.056952287,0,0,2
fbb81a37f80fab1d1e21435782e034eade76114d,0.33582857,0,0,2
278eed3e1f7cfef2d39a25aba53f4478c3ad8c58,0.09237847,0,0,2
73dcea01b19ed9fc9c0d5a8c38e752bfe071c801,0.25184426,0,0,2
54bbca89040ed195b89478713fa4a181cb2bca3d,0.038038783,0,0,2
1fe64733a2a28b795bddb152e9adf7489b6ea7c2,0.4400357,0,0,2
1194c69fb122709872fd634ae9890cecd1d83e90,0.50782293,1,0,2
709aa7bf9c998cc75f6e0be7d258aa5a07ebce8b,0.059976816,0,0,2
cdacd4a987755572bd4d6d328b371644ac07ecd2,0.067905344,0,0,2
ee7ed6e655c08774387f9ee60ce11b84d7901cd1,0.25899002,0,0,2
edd64cfd822ae2ca2faa8dc1c73edc38a6e19f0f,0.03459259,0,0,2
ed085d064c0f80b0bcf382550d10fe6b6fc9f283,0.047133192,0,0,2
4a025d3f8e31bc3e944399990b3a4baedb90e630,0.04464841,0,0,2
157aa8daebcc6a464cfb350de346cc550ac13d15,0.23680867,0,0,2
0dee0324f694b1e035b9c3dcc6923278defe1d3e,0.052882057,0,0,2
136b96c803ce4353f2cca2b24171ddbe74345fe6,0.036392942,0,0,2
99c63edb10e945d466dafcbacbb6fe930f2a31ec,0.22761333,0,0,2
1c8fbeaec2ee80d45b78742d63aeec0c9d0c4e9a,0.23463194,0,0,2
b1162d812eebc9298b7fd62eac1dac119ae5f271,0.3539039,0,0,2
125c820e8d43df150ac09c9da5b38dcc1ea6e03e,0.14327736,0,0,2
680752e1414c07fe4357d5b6fe3052f3d9dfa374,0.038155597,0,0,2
f36d6870f2e1feef7f1d6fffeda056fa72c051f5,0.038541358,0,0,2
62e69cf4f2fcb3ad8bdc44f75f8a9e3e20ca7337,0.05999412,0,0,2
7df57879c92a467cd71860e6cfe14a04a49fd031,0.37291348,0,0,2
fe63f95fbff43495e57ebc37350798dee024cf9a,0.054499146,0,0,2
719d0c56036111d07c46ab5b0f379f62f14ecdc6,0.108255826,0,0,2
4951344fb2ce246e0cc5a2dff90d24cea6eb3a75,0.14506806,0,0,2
c151913ae25d55814c40b7f922886d52c7086787,0.21998137,0,0,2
ba1e716261e055f84baa9a47f9ae2ba959d54390,0.31435713,0,0,2
894fd838fb695d794fbd28cc66c82b80a9688c91,0.29168054,0,0,2
ed7710f41c594c030188917cc773adbb6107383d,0.36292106,0,0,2
11ddae0a3570fdeaa421e4e378ae14bc173598ba,0.30742726,0,0,2
9e8b370391f5b3e71cc349a2ff556d8a3cdf1232,0.3211536,0,0,2
15ee56bd0f91ef807a3e729ab3410a834ef3fcef,0.33221164,0,0,2
72784c46f6a7d7644398db5c7ac8bd3822c523d4,0.41772318,0,0,2
90559c49bae582697906598c735385c19daa6da6,0.43242437,0,0,2
b34856498ed290a4883b077db0d4df2991ba190f,0.26345703,0,0,2
8cc80dd1a449f98924ca9e74970b35f940d43800,0.46220803,0,0,2
84a844af5d30ea41750071dc8140a56e9e146bc8,0.0457669,0,0,2
6f95e26fc92e929fde30d592e7572493d360ea3d,0.042425316,0,0,2
fc3d530961ce4f23fd2c8310f82d6d1fdaae6c16,0.34628707,0,0,2
53c08a37ef81ed2aa3ab57f5933ebbc5db68328b,0.37009966,0,0,2
bd861c0d8009bbd51137bb97d15d5aeb8902eb2f,0.31295294,0,0,2
584a10fda56263ec0ed555f9866a1a82851a83b0,0.4556236,0,0,2
aa0c114ac9636012a941ebee49d69cbd6f6291e6,0.42676887,0,0,2
bae09b4838de43ab6a8be25ee25d0d11f0fe7477,0.22337034,0,0,2
4d8331ef9c3993ae1d3c091a758b24cb9a037fe4,0.056346595,0,0,2
1d1cb74151d6fa0272d607d06ffb85ff4a50e972,0.304274,0,0,2
6602d00afa7a5f32218784dc54975cae5540a255,0.08177523,0,0,2
cd78c96d225752e3656a2f1a302298370b55a4c9,0.047063533,0,0,2
f27cca133f9a28899e00488ef56b2f8a2700a68e,0.05378664,0,0,2
3fe52d0cd85c01eadc44933df5596d177c3ecebb,0.18158649,0,0,2
81d1982c3cbf56f77e2edf3f063ff84e6e748549,0.29576176,0,0,2
e32f477085a9b6f658463bbbf355405980c515bb,0.081831284,0,0,2
7419cdb1fbff1096edca78bc5db34f7fdb3b7342,0.056910656,0,0,2
ce1f9e29288cdef4fc295ec2d5b4f846f0b732d3,0.30200988,0,0,2
60a8028d22b88ee2f2d7cf7657ed35f4046efe79,0.40349042,0,0,2
c779a5ddb807f1a84e1e6a5e43a0f1296dd565cf,0.043473996,0,0,2
c2bfafd4bb8ed95e30dce29e65a9afce26a7d860,0.15816301,0,0,2
e48157a0de54d6b82137d62dde9cdbb4bf5c6f40,0.032992605,0,0,2
6d908d014c25ef3da000789dd56de0b6e7c9ea8e,0.045802116,0,0,2
5bef000847001240749e50239a25ea69485c849b,0.15845683,0,0,2
82c1bee3f786f96fda51243f4cc6d50995bd90b6,0.49074358,0,0,2
5f84693e1db2c35b9b797614e17136655c433335,0.0368244,0,0,2
dc8138a8a9b022d156c4d04b2491b269661db396,0.030684464,0,0,2
233746d8fdb7e71a63b5cddb55421eec87bbcc4f,0.2950426,0,0,2
84daf6aee0175303801e710dd2d326ce252d2f88,0.43887636,0,0,2
6df343df2635e7e0518a09c374532ebf22a30529,0.045306966,0,0,2
6cf4249650d72cf21ae3addacb5202089923ad91,0.047826443,0,0,2
d990feb36764cda778e6b4ce9469654229ac716f,0.041040193,0,0,2
393fa5df9262c339e004e061809c73d7637a909b,0.054921288,0,0,2
59899e1c820cd3fb8789b9cf8648b269b97763be,0.03724621,0,0,2
2ddd54a7ddfead528f2b1de92dc8dd16be7f5f89,0.3042037,0,0,2
c7599fd2a84b3d58473fd16c5df4034a8658e925,0.046829313,0,0,2
82b547ad25147df44f27a3534a5b618755217378,0.048376147,0,0,2
62e56cd3884d224e42cc8b449ef631a0909a19a3,0.027159214,0,0,2
a85fe84ce63f873b760e311f27ec42e05f1b3f42,0.31155375,0,0,2
0a114bbdb01548a69c7a8c155bbdef7785ecb389,0.040783502,0,0,2
5310e25a6cb79eafb21408fabd744f9a76c2a020,0.04195014,0,0,2
8834c8e380b7278fc37a4e6b80a9198a895d8280,0.041357987,0,0,2
b9284992ea3c8c484893517ee9df3b2274296959,0.17420083,0,0,2
939527bcc5b80a1788d876d7e47fb45d71d21424,0.14958422,0,0,2
26e77ea86294f5a9aa929f9acf7dd76a046453bd,0.27885395,0,0,2
3adcd2103d1be4feca870536e8f7a7549f6d492c,0.22305039,0,0,2
2edb7a20f3856723fc715f7c72e10e72ea7df385,0.29694238,0,0,2
9843210e5755d2584efd3496d59e50e721187842,0.26686424,0,0,2
e6cde856d76935ce2ca5323579d2557f5412c774,0.24709404,0,0,2
c460996e75df489d6bbcb732763c10d01e62516f,0.15891142,0,0,2
115198b9c94bc66c7a659a04d0e2f65959ce9297,0.4040885,0,0,2
276552d5e73525cdd29d9e809659d35f34c5250e,0.3121174,0,0,2
c0e4ebfbb0f8c38ef672394015f47fd72ba06cda,0.11771711,0,0,2
c61154272699761265a1f2e5282ff1bdaf714b6a,0.21672432,0,0,2
f0b18d27f01492af6874baa8415ad17511eb5d4b,0.13941777,0,0,2
45a0337e1d9d23126dcaeff9c0ad96c5b4011957,0.35422197,0,0,2
90f4139bf75c94aa1ed62c5f64c3ffd78a1441d2,0.44764182,0,0,2
67c51ed7ef1d7acc4010e45eaf8088bd91cb702d,0.36812246,0,0,2
9acc3e824e2efa2e496df8458d207b5fb5722e6d,0.20066142,0,0,2
9dbf8388c5bfa0c7beb15e835b3a5e6fc74ecbf8,0.5312929,1,0,2
f30855735a40daaffda15794d7abbc6ab8c699d8,0.211429,0,0,2
39513f9142cb82b84181a11905b3866a49d5a3c0,0.15067248,0,0,2
289e7a769ec9ab110f85848b281c4c143ba84e57,0.18167041,0,0,2
930015a137f6bc34127d7646b36d0550842fedfb,0.2379539,0,0,2
a270ff62852e62b5ac0f943a7e57292a72b77271,0.17735404,0,0,2
9f0d58985f4588981eefaca0408e767eff1bef73,0.15291318,0,0,2
8f346f9f1263b2fd5923abc0956134df15fd9325,0.07027169,0,0,2
ee851e403b5ab4b6b33713b08f9568e966ace052,0.15496542,0,0,2
55e8eac25d81f07bebb16d812c97edaf1393083f,0.15272921,0,0,2
c8bdf60d1d0be609094e14054be0b9af0fb05521,0.25972614,0,0,2
9d4f2ba886b003980f2c37a4de7a3e6c3c701820,0.16408846,0,0,2
8713af90d540e7bb01f8ba1fd99f6c04e41a7433,0.18622956,0,0,2
eed8a7adb3de7441751e846f4a75d110dd205f23,0.1195732,0,0,2
b9e2a97758ba6c007fcda160c4d8b0528bdbfebd,0.16222875,0,0,2
07de4dd578727555bb94ed421498f455838b317d,0.27221066,0,0,2
641aa1c663ebead0189bf001a06ee56463070ddb,0.2981602,0,0,2
b9522976f462687b0693b7229ba5c7faee0cb74b,0.16419141,0,0,2
2fd2a76110af7ae07712af01708cc00310af64ef,0.23817913,0,0,2
5723ce72d04c8ff7af8f245518cc48291701db0d,0.20806289,0,0,2
611c73889b772dab7315c952902d5c649635126b,0.21155865,0,0,2
b5b45d3260bc83d2432566dfbf22f0897240bece,0.11536746,0,0,2
22daa5f1dd4396e94224841b3bf0e9f226e86695,0.32344306,0,0,2
4a9bcd0f5211c91c4c2f47313c8f8013d0dfe03e,0.26045823,0,0,2
864fda4370a8d1bbd942400dd899653fd5d85244,0.4401904,0,0,2
96eddd6ae1427222986eca344b898b3332792a01,0.22592798,0,0,2
8da9a65b6398931af18febe082299c5c4b932924,0.1316761,0,0,2
8354ffffce024a97ef5e05b7cef4a82c263fc07f,0.15244552,0,0,2
0ca8f9b9feb2d74c6373d1762b1eb4a6b1f7f4b8,0.12476693,0,0,2
13467cbc7f319f7f7e9e9185a673714736e77b83,0.20280181,0,0,2
e63c5361937cc2598a3cd030f79733cc8c22b6fd,0.19439404,0,0,2
bbf65339023bf627a1843073cab699ca1831aa96,0.24606697,0,0,2
56706c8203ed023a3d21784b6e7fab40375eb9d0,0.13764058,0,0,2
274c9c1d37a47ae9bc1cdec1b0b0e4189dd44845,0.22505297,0,0,2
b88b065aa955d7a7d8f74c427b05d2243eda0779,0.2056531,0,0,2
949d74737327f114ae97a18f9bb4a4f5626b59a5,0.14707854,0,0,2
9f1dabed562e5953af25369121fa7fe221a20276,0.032876533,0,0,2
d86509b09672b874de2f933a511a1f74af6814f7,0.26094064,0,0,2
525d1fd7ca383b3426341c58ba9e2d2e886a59ac,0.03515151,0,0,2
a528bcb1ebafb1eeae14fd3e305f3636d6c04717,0.04609779,0,0,2
c4190304baa18d3a376c3c2232f45f63c479a5b8,0.047358815,0,0,2
bce159a0c905f673b8e0e4c9899543a812fb904d,0.26179612,0,0,2
333971caf33dcc05b6f714fada447e9417f6fdc0,0.3624489,0,0,2
9a6e25230eccfa131d40eefbc4f48a13ac31d640,0.0383924,0,0,2
b1c45ac691d46a8c609f2534d2adfa59c0599527,0.050751645,0,0,2
23747116069c150e26e0dd42d61331b1108e1e01,0.34789222,0,0,2
74ad2114700446837ed451f36107a056301a65fc,0.042478718,0,0,2
dc9032be284c70f53d8f9031cc90e01678a0e55f,0.1940752,0,0,2
6b9e6419fc944d3b5eac58187a6cd56e97328c2d,0.036825545,0,0,2
a424d2ff172aa3be9eb5155e732e6f61915d7b5e,0.30572256,0,0,2
004d5e672e9b2734a4c27f0e20504fc615da3476,0.4321783,0,0,2
b6b59b189c1274ae43e844863c7a2468c0e16b4d,0.04128716,0,0,2
73733206b943f8a03d18574eb7585285eeef05b9,0.042502686,0,0,2
fff00791ed30f338ffc085f099be5517dc359261,0.032359075,0,0,2
b8ed8bbd5eaaa6d3e463bde3accffdf3dcbb77b7,0.028842345,0,0,2
256420016e2321dfd266f9a2ebf672516cc936ac,0.037318166,0,0,2
c4161ee29051c6e44773fd1837d2080489727dbf,0.30726206,0,0,2
06e7d46a49c5d31abca644fadc2e3ecf6f9001a9,0.032252192,0,0,2
1e8a31f417256b9f555b537a09c13f1135addbf6,0.03538157,0,0,2
2d79319a8d4a3ea256ba1bb6364c1330518134a9,0.03294849,0,0,2
2a491590568140349f776b2a63bcb4ce74d147ce,0.030797368,0,0,2
32080b32a4eed0719b79f4be332ff5a55468ab7f,0.037824314,0,0,2
3f66e516a7f5833be9c87911952465220acef149,0.05934569,0,0,2
2a069edb7e7c46ef3c1f56e8fb6cadb779ed2e42,0.048224285,0,0,2
963757362ab2ff0f1636008815549322fef1148c,0.07000809,0,0,2
9f673d4da60a889ad5fefb6fadba1c40bb3e735d,0.1832535,0,0,2
1688a5a2444b3b636741d5675646b0b74820b4fb,0.23851673,0,0,2
284b6f5477838fce398036497e1acc206b1eaaeb,0.039330658,0,0,2
ffe28c43e0486d443234701ab9d791e703c88071,0.034988668,0,0,2
3761b5514470d3f06c9076b0821430d0c2cb2da7,0.1445326,0,0,2
a36442f0d08bb1a5b964b4c77d4c64eaf251c3e9,0.15385905,0,0,2
2ecede5902f9a132a632b8431a35daf5174e1a80,0.27161208,0,0,2
4a2e49fd8daa81cf2ce331c3a3795844e79814b0,0.17120123,0,0,2
8c44a71208f640835d7a205a7b6e58dc065d8dcc,0.07084418,0,0,2
74abd625bcaaffccddc3ca9faa1402b179c251e7,0.037618086,0,0,2
ea64efd6dc61cd9c9b1207d2da37fdbea14d6b50,0.067894466,0,0,2
530049b41c9f42e11144fbad4d1fec65ff0956e9,0.28841442,0,0,2
66c451d618577c1a1e1bf964ff990574782c3bb5,0.06456832,0,0,2
a10c6b01425a9c21cf687294bac43a63de0a0d3c,0.05160984,0,0,2
f9f92677a92ef76f92c90521904c20b8512b05ff,0.03962022,0,0,2
989135e762d3f00767240e7b42ee9e1cccbe43dd,0.04690028,0,0,2
12cd61925c37177a82d2adc76f6475e662030e12,0.22905175,0,0,2
17f4a06be88ed9c950e562aa72755c7a493b8ae9,0.033193376,0,0,2
c3768b0fba8f2f565118c611f4ced4bd6143d022,0.21905006,0,0,2
16d64a96a0a07468bb8b2d3293d374bd4373cd70,0.23981501,0,0,2
1f0919e28420fbd1568ea1c1fd4cf7b46eca9b04,0.08623631,0,0,2
4e347adfdb1a84535440d6c9f392d134a84969fd,0.051857375,0,0,2
9818f5ce6f76224f0d5d5c8ad583d854b8cc6872,0.035416383,0,0,2
dca231dd1b2629f45e65cf46b6f91803fb448aa2,0.17990594,0,0,2
9930786b2d05890fd071332dd1b9d7d7ad0e1b3d,0.039686196,0,0,2
b367c37c2e92ae652e49b361425bdc7ab3390f25,0.03731851,0,0,2
bbd32a63be1334620c1f52bcf4494de4b1e6931c,0.54970783,1,0,2
6868968abdfb03229bb0dd60e57a502db45394bc,0.040687617,0,0,2
3fcfac543d8e54b93695ea5f32b1820c5e5849dd,0.049797,0,0,2
af50960c662e2d006dccd4156ca85ba3b2d3d5b9,0.03252926,0,0,2
99d1ccf360643d89b88bdd218fa917d365d95cde,0.03472963,0,0,2
3c32e5384eec3142bb017fde824dd1cc0db48876,0.034636047,0,0,2
b4621118821f29afd3d5ea47eb8a684f4e5ed3ee,0.03415515,0,0,2
eb3f760c1c38fe3910d979e75093da67f685e2f5,0.04242029,0,0,2
efb03bdc301d917b746e6716f2a074f54ded723b,0.03864471,0,0,2
3ff71911718c07ca1016ca855aece547061db85e,0.032190714,0,0,2
01f84f2b0d9c13ac82ad471469b6a5692d0f8cbb,0.2198439,0,0,2
a95c1598ef693cbd7d874c33eae82433693b75d4,0.4522428,0,0,2
6fb796db3d138b4e97dc1fceadf6bfdad74a3533,0.037620787,0,0,2
cae430631d5472394441cc82e142103c3a70dc83,0.03625765,0,0,2
47b76cc60f7b73188cbb47a0879aabfa0228be31,0.44505638,0,0,2
c64d12958fc711d667f26d0173bbaf96157d629a,0.25344625,0,0,2
643590426ee7255ee5e1e661b9e2ac8a9052dbed,0.045832887,0,0,2
31ad1256c66f47e58b7ef40955953e4a1c6bdbf0,0.04112473,0,0,2
3c984c22552eda0fb5b200efb3f239213a4a04ca,0.055056818,0,0,2
95db7d0aab9bea25d3a14db42a7787ef77861f45,0.47730756,0,1,2
1d6f5e40ff44f08fa67c6a2b57f7ae4a5e4b0be6,0.5060182,1,1,2
e0270b0562d42658a57c4fcbf0cddfb5673baf5c,0.5248865,1,1,2
6eebee491388abd2ad61a15d3f28b167c9f0f7dd,0.37200472,0,0,2
ae3f537711b1375c4892130d65cb60928549cf58,0.22779372,0,0,2
25ac3249dc2a40bd52ceccc9251c8446b036d197,0.2806517,0,0,2
6ce9662add46e3cf144be07f7ebf18e2d25a7abc,0.17329311,0,0,2
111c4a5e54dbb1bec6537eca02618e2287bd23be,0.4656301,0,0,2
e30788367dc7ce4e4e2d8152bc7370af8ac2fd0c,0.38040286,0,0,2
b1875ac1abf9ae86f5a589c5144c8c9902a1dfa2,0.31261602,0,0,2
307ed458578e68e68918d3ccdcf4798c57e084f2,0.27435288,0,0,2
0caff290df54a8a3b653840fe257fea94807d697,0.22816375,0,0,2
b44b3d95b321cef0281cdf130e8c286bfdcd60af,0.34014907,0,0,2
8f77bd63d8b5b2ab593b134fef2bf5e59bed0441,0.37754935,0,0,2
4e410e068b8d367c53766a7da712b1b6f3fd8101,0.31031707,0,0,2
2412c90ba5584fed123fa6a33e752e6c8eaf74e9,0.2988632,0,0,2
47ed0c7cdcb4d516e41769e38a9cd5ef4d01713d,0.2271166,0,0,2
f5ea49326cd5c09f0782b0d1bcbdcde9053ee316,0.39212936,0,0,2
7b0388878e522468f90ea163b15ccfba05616c95,0.27611884,0,0,2
a653374b2871d67f51cbb4ad2083444e9c3afe1c,0.50211453,1,0,2
430f96525f80fe4909208ee4d2aaff81c312aff5,0.3682388,0,0,2
295d46aeedf3660d89d6c578b84c410089f9b1b9,0.46856874,0,0,2
7c05411f80b6748b6b2197d2014bb98c8b0857c0,0.32455754,0,0,2
140846cf81678649b6bc29497c3534aebaa1f6c3,0.38329747,0,0,2
0512bc21bf4d0f1e391e4158adf0ae145d408ee6,0.38393703,0,0,2
283e14cbbdfa5bd246a3ea9dee5739959f64b4c5,0.35153264,0,0,2
354b72afb59ff145afffebbeac8a7478d4140e75,0.24919014,0,0,2
15c72674ebb4bd99790de97b5645f1531a3a7c00,0.29859078,0,0,2
1a3d74470eab60d668859571938b470723726139,0.29252332,0,0,2
330d5cf99c1eefe3fe86dae260a8873068650866,0.3543054,0,0,2
586b6ee15f526d585628a7162d10f08deea6a93e,0.35386214,0,0,2
71491e23d68df50555c52db62ae9bfc0a2543b6a,0.39405063,0,0,2
e56b2b598a2742ae8ac97ada82a97655b538ee94,0.27443004,0,0,2
3d129b7e2f6373f7885336225d3edc93b3f624d2,0.26618114,0,0,2
4d3dc80e4b3f7fd0e034d544345a568d6d5c5d26,0.21020843,0,0,2
269e6693ca1f05bb7e2623c538b9b934fa688f41,0.28593504,0,0,2
c2452a5af3b2f1db542175221dbc19eb492f02f3,0.5067352,1,0,2
9ac217fc697b3afd0963b897edbfac265ba2f571,0.51191497,1,0,2
a5f357667b195f9cbebc1d1de8f70c6e0c28dc3f,0.4289373,0,0,2
c3d13908a2e8ca7b9832fa693ca72bc228a4e92d,0.32923642,0,0,2
283351276ff704df65779624e195701a21f0e25c,0.41216752,0,0,2
38e3e41049464fa3b8ffc1e810f87c18d91a7bc4,0.4260516,0,0,2
49eaf68b54f4114a0176ee56790d8415fd64876a,0.31189376,0,0,2
42308f780fe3d0c2223c121493f97c747226bc17,0.40339985,0,0,2
ce5ead2f93b92c815f1304fd51dc3fd3338cf19b,0.3298746,0,0,2
e8ebc1e1dfe2b0bb7b9f549ff35bd2d1a1fcd2f4,0.3793503,0,0,2
a76f39d4b284633c6792d8c7977abf8fb52a017b,0.26490682,0,0,2
97a64af2d6adc157f6ec9e4d4855b2924caa69ac,0.34071624,0,0,2
5e2559e3ac936ed985d5fa9d7160a284b9a83644,0.3687595,0,0,2
dbd77cf4fb93996fb7f312bba2aaddb87e5d6a39,0.28701288,0,0,2
1e8be6ff174f1d7027e848d5788d63ef9827c659,0.39949322,0,0,2
0847a34f6d1f15d3d35ddd9f3283d54c1355b299,0.39129803,0,0,2
d1cc91686abf34d073ffc496506da9ef712984b5,0.4313934,0,0,2
0030e4bbbd3cd3cea505bb1e4f1edbfec5986fd1,0.3608184,0,0,2
3b6dec3c581f883cf9dff6f04512011cf277f586,0.56018484,1,0,2
c1ea2007d4f6527bd174869603f53841380b5c31,0.5671517,1,0,2
87361f16b0eb35ab5fe25fe2ce3cb57a96dcedbb,0.42274737,0,0,2
f10f849935076a7c773283789c75a4c35b9e6c03,0.06747783,0,0,2
034be5fcdabeed034bfb562ae7014e021caadd7f,0.39802197,0,0,2
8c52cbf8dcba19310a569a23ad3e940836b5e7ce,0.52790594,1,0,2
9d4e26a501903d404a809acc8ce93df1751a5429,0.105866894,0,0,2
7dbcbaa0d72723a1682dfe340fe05b2f0d3cd3a7,0.040675793,0,0,2
b3240c0b4dec02d8a511b831e07eb0d03094f677,0.43691596,0,0,2
d37a2097286c6385bf8cc757944bb3568672d873,0.35175174,0,0,2
39ed7bdf558cd8286e62492f6c91d2af73f807aa,0.29046166,0,0,2
100bab5d8bdcbf802af6437fcd778e7f2b9bffbb,0.33323535,0,0,2
21892745c86fa03b465cdfabb99554e9659b1941,0.21338125,0,0,2
511499162fc2ea958f3c78b1081225d335b52227,0.49241242,0,0,2
fe718980550f0221041cfdb56f83638c328cfb9d,0.06595222,0,0,2
8f577fbc1c44a4e5e39551cad677978452ea0797,0.049521334,0,0,2
76c125c3b74a390a39cdcd6666cf7e9cea0e5c1d,0.446638,0,0,2
203918573c29676b179b673aa7e41366dc4215d9,0.56489134,1,0,2
c82fe35c48bd0082c16644d16d82d1be79d6b9d1,0.18492986,0,0,2
158d178c58e892ba87d782ecf436d30c038d464e,0.19058919,0,0,2
e8c09f05be1310ea2ded05bdd808c46a1e4485e2,0.40754285,0,0,2
b184666c1975fa4050121c694e09a88060854eec,0.42712575,0,0,2
b83e111c619232be9ba0a7bba682ebc141b618b8,0.23062018,0,0,2
2a6c6ca711f0f0d6aeef30853d5eb05bc68c2e85,0.40393716,0,0,2
01911a40eaebf2aefbac34cb2760f7f77ccd07a6,0.29916215,0,0,2
ec733cbbf25c103c2c661625717527448a42663d,0.38612524,0,0,2
300578058c7d6db0671648cbc5bfca84fce6285d,0.42859867,0,0,2
63950ad11917411d82d9adbd0ad1ccc4884ebb4d,0.33460486,0,0,2
f9d6655b42d8e1b1071f78cd7f1e38cbaa20350e,0.42257017,0,0,2
858aa75ed257a24acb983df372f634c3fc6c49c7,0.38017666,0,0,2
76a941217f9272693b5484ef360e8cf6491ef3a4,0.3692236,0,0,2
7ff71807ce589931a56ae6f1306af43c6b8632e7,0.3621311,0,0,2
bb1135e50c27938eeeeb6e6c1ffb3882dceb9f1e,0.2206659,0,0,2
f0299220ba7dc33b1865068db0c184147283a9e4,0.35644957,0,0,2
4a6c36401518a45a709ade671d442e061138d3ec,0.44066694,0,0,2
ae5df796be80dfafb523072e4efb30e34dbee46e,0.39803082,0,0,2
7e19596505676c5b300bddc39792289441634f02,0.38531238,0,0,2
55e9d25f779a3ba726a9904641e656de93a1fac3,0.29292616,0,0,2
3b6468ac4f765262f68d3d289d25bea3da521c16,0.31895354,0,0,2
89b1661fde38bd12c4d83b9fbe696db0c8657a78,0.37117597,0,0,2
f054152346cbd7c8afcdcdaf55c39f9967edacf1,0.093145356,0,0,2
346009fc677b252d052e9ee22c6a4cd2be10a032,0.19014287,0,0,2
4c84e204cbce349f3c5722750561b91607d3fcae,0.488453,0,0,2
c353239c4fd22b8991e1488ce81218b1c9769bf9,0.4008472,0,0,2
516f6889c9153a59110d3ee9bdd907e95e10cc08,0.49542,0,0,2
7b6bf45d83c3ec028e686318b8d4f1a061723908,0.51255447,1,0,2
817666037d3c09b9138b161964b0fafc76d65998,0.2296659,0,0,2
c3b831fa7e4ad148d8e3abe2a0e3c089029044ed,0.44961098,0,0,2
5a5bbc662104afe8f020d89d6e560f2897678984,0.44520783,0,0,2
f8c39cfd773d797adc1b4ee19aa8fc17268946ec,0.11878983,0,0,2
8ab0ecd0af3932f40b931e1d84b2951f7777a305,0.06241648,0,0,2
599e57b27c19953487dfa3828432b8ecc7cb8b38,0.18084258,0,0,2
68ae60d779e3bf4a46064fc1b537057478a627e4,0.42423597,0,0,2
c600de52e107d1fd3d5a9c1aa1bdbbd6754622a7,0.068204716,0,0,2
8939061a3c0218dd3fd27f96f3e60e48f74622c6,0.34244406,0,0,2
cff360a340b48070d88a48f06e8748a916ce52e9,0.44978243,0,0,2
52cfbfd91e60db255c3285c90b94cb6e3a75fdb7,0.39008096,0,0,2
ae31e56476646b33b0c2a1f03bb095145a22097f,0.28984296,0,0,2
0b683acf0a5910fdc4235d3103eccbfdebbb18ff,0.30904955,0,0,2
861646b25a39dcdf79bcf5a7643bfeb28e137a8c,0.10382331,0,0,2
3ea4d5d580a78213504a4611fc7bbab58b93db0c,0.30291343,0,0,2
b5955f5948a973a248731b774773bd225af39c82,0.44598117,0,0,2
09db9daa292e74b6bcff84edf406aec41ecf536c,0.09955783,0,0,2
410ab04290294dec74180043dc2aa635ca1e4e80,0.14538659,0,0,2
efe3699122699151984e8499da9d42673a42851a,0.041740384,0,0,2
d2f27093d7d95a07da901902f894d88b4ecc3e95,0.39533943,0,0,2
ca30fae3acb59a5caef3c3c21eecae7c928827e0,0.32608095,0,0,2
5ef5bd199a4e3df74479b4b363fa29b0b3092547,0.4810861,0,0,2
9e8eec78a71b7d1274043f55c9a5fc7811d53132,0.46202,0,0,2
6a0a1876772e74a1d4a7c82669784f8bcca8397e,0.35465282,0,0,2
8c5c6b936ee6d1afb75cc2cbc151887937dbcca5,0.20505632,0,0,2
484698c5415bb578cb480845e2dfa930d3d49d9c,0.33270165,0,0,2
29a7e67999568a5c86b32ef513a90d5d090ad2b2,0.2516503,0,0,2
87f142f5c85c9a7e86d02b4599e3973e773f3d41,0.38706246,0,0,2
d664776d4cf41d7e1e46b92bd8a4e907cd3bd438,0.13017096,0,0,2
847a6d07793a198d28819731e5166f9ed3845164,0.25879905,0,0,2
fea1da48fef9e28026704e9cadaeba3e0ecbf6dd,0.29240108,0,0,2
c7a5a6afd5d2f7d8c3d518ca625b7d8a1445934a,0.038549487,0,0,2
0fdd249cadaecd32a39d25301f5242f9a92ed351,0.36569658,0,0,2
a9690db48eadd3643adc34cafd6ccc5d4a5bf589,0.27149105,0,0,2
e9a2edc877ebf928ad0c056273f64cdc861ba609,0.23684573,0,0,2
74989844d7692245f9e19b0e803d748c73e91e41,0.07660804,0,0,2
4d1c77bae99174b67a462bd5a44950ae08f46796,0.09935834,0,0,2
90211fccfc48dc36b7cd81a1ce18e1506a6f15a7,0.34051973,0,0,2
e246d2ac01f1ac741aa4673aed3d028e08a63c73,0.055874813,0,0,2
36fccb4325f924bf46babd4d8d60226f8dd3f154,0.50915426,1,0,2
5ce931b904d1f2961078b99049c293c11e779fec,0.5309705,1,0,2
cbbeae7719943308494825574a0002ea649b3de3,0.5148276,1,0,2
eec10fcf0c795bdfacef4c9933585f65f953fd58,0.6098897,1,0,2
516c38fd95fff30841f9af370f50cf1f7733c209,0.53446484,1,0,2
33c95771c804abc02223f24a0234343b93ffde56,0.38929862,0,0,2
b88dd3ed853738b8e7fe9652b953db569bf7f79d,0.3775826,0,0,2
a2ba6d54852aceda5e3bf9285730da743ef04e77,0.4563262,0,0,2
350f01c78374b4df99c1a84cc32122eeeb48b036,0.2361326,0,0,2
03239b0ea42312c7b5daf4520c1ce1caaf6189fd,0.21783061,0,0,2
a428e428df2766f1d1b2b793b3f812344fa61fdc,0.26997596,0,0,2
f1a582111a26c4044c289d96ced42fc1621212d1,0.26548383,0,0,2
5c9661c300bad40cbacdb391637dacc991f16da6,0.20304297,0,0,2
daa69a5981c7c12e0af5922f0a07653446261b07,0.27607986,0,0,2
1fbb16b037e62c6af90ab89ab3ac8d3633c59a90,0.3308803,0,0,2
03cb05cebcc65b923e03fa9f41d664885bdb38ed,0.32230163,0,0,2
f4b675664a7c633bdd62d5f85fcf3f95d11ade9b,0.32067242,0,0,2
4344ff7331a4f8908478e72c5c232c7a9d5dc403,0.31616578,0,0,2
5375fd9dc55f1dd01e155af8646d1ec67bd6be29,0.7105441,1,0,2
0bc43314c1216a88d0e281e7ed66244c47c57c56,0.3840076,0,0,2
30fce9d42c5675e9cae0db0401181f84a73a293b,0.060501322,0,0,2
abf07558021a0ecc50c265dcbdc5f2f99fdbeb35,0.05619144,0,0,2
3112bc302f32a74c827d672ca84a80091b0700d4,0.055920355,0,0,2
7e89c9cc80bc3fd2aab64f25dd816c6d14790988,0.31872898,0,0,2
2247ff9601374845012558ecf5963ebb7e1066c5,0.13740961,0,0,2
76390c0b54bf145f65532ffe1e7b24639f108247,0.13899939,0,0,2
9a92b8526cd13e092b5185a59c7ff0f68a1ad56e,0.22202848,0,0,2
6ae55beb2d28bd6cf36780b4c58da41854dc8248,0.33121175,0,0,2
d681042e60a3a1e92f4c891ce9dcffd672868e7f,0.09843408,0,0,2
a793612b9e09795feb253aab9a738bd1f7280700,0.10376361,0,0,2
22fe7f3c8b3fa204c2406c3d15811b2581e1b7b5,0.5763916,1,1,2
3856d3f0a0826be3ccc6b160e740d5c7176df743,0.45633468,0,1,2
4cc3f6e7dbee9e3684884780af82822485c4c7c2,0.47962847,0,1,2
4d00e14ec8d1e83533a8aeb788437568b417ca88,0.52681726,1,1,2
b6ae1d09c384b57115bb34ed94c90e256e4b66b9,0.70663893,1,1,2
11fcc89fec70aae7eeda710e2bd26d93cb3c05c6,0.50688696,1,1,2
496691bfd82374f1c1bfee8719309343c2fa878d,0.2914973,0,0,2
6f379134ae1807cd404ed6c9579707e5dc6a6df0,0.40349156,0,0,2
db586baee29fc90f79898e9a274cc1bd585b5f53,0.23890507,0,0,2
a67bdc013c9fd965abaca375b9b47554a115f40e,0.22571254,0,0,2
b745af3975a0bb3acddbc59ef85860d08221a010,0.27266407,0,0,2
90a73a4dee53129e33a552e49cb7835ecebb3a5f,0.18097883,0,0,2
31ac0e5f3594a4517ba2be1735b1219cf85c715a,0.46256435,0,0,2
5499fa02b08b8546827a1a055c5af3f0245257d9,0.35118675,0,0,2
1261172afdae9a4b15dc9f691583261a1b020ccc,0.11126304,0,0,2
64573bb2e0bd2c7a7b1282b8a574a4796ae61609,0.4325012,0,0,2
b09b95124bc27f39e27ecfed90ce40947bcbf663,0.29572618,0,0,2
5481dd326025de2da7d89089cb969759972e7a8c,0.49443787,0,0,2
992911d0fcd230497ee3fc50dcf49042b7372a47,0.26602748,0,0,2
d0595b7121f57f1f49fe7fdc384479dd73ad64f5,0.405308,0,0,2
cd1d329dba95dae161317c123269c24282001a66,0.441367,0,0,2
3e3a1388368e8e4421fed0b5222904d40a8805ce,0.2335266,0,0,2
9f5af267e8c143e16f8b20fddb02ada096ee9df8,0.51007456,1,0,2
f8a7156259dcc1b3321086939234d80b6ab828c6,0.4015763,0,0,2
661008f8238acb71301b172a6aa9aaa8114d0c9c,0.2347711,0,0,2
469cf4d886f9a184168ba2d179899a600725d4c4,0.04117394,0,0,2
12d9a805a6df7afdccfac94a7061d369cc986efa,0.24589302,0,0,2
e83b4d8484cdb3dcef44ce3aede866663b526158,0.37824857,0,0,2
ff0e842058091b3310340f51a130a65a1cf6f725,0.03160803,0,0,2
a123142d947dbf38fc053c29291b555872c91ff2,0.05186834,0,0,2
45b5e0cb3a4a499ff8b0594c082d490d7b7b7c1d,0.043557372,0,0,2
29ce3e0e9ecc31a5c3cecb19246ff978fc7e7c20,0.055751845,0,0,2
3bf9dad70ea4b93de850312cec2681f3242280c7,0.036049437,0,0,2
90d775ce2270c35a7c514f5638b8a3b23d5a4f3c,0.039606843,0,0,2
0194bb8ca57e5a4a3fd5fe3c39b0ccdeb4711043,0.26338986,0,0,2
f8e33e702ca0570076c58eaa7a83baeefece9553,0.0394318,0,0,2
6c203ab46b24751c285f021caad9d8969cf2f45f,0.043722115,0,0,2
5b56985334a63d63cdd9bbea30f225013302a7d3,0.22760732,0,0,2
bf0dd95b52e0627c10c072f8b05fbad3f86fda71,0.06615385,0,0,2
bfbe9966ab45dc4787fdbc55735241023d826d95,0.02891273,0,0,2
69f38e81872d70705fd7919df3d771f28c22dadc,0.15830798,0,0,2
c5c231e643365485c5805cbca81070a51429de9c,0.036319777,0,0,2
96531689d341eb26103356410280447e94529b5a,0.27740523,0,0,2
da7e55cc7aac7cb806699d234dbb90a455c21502,0.14977299,0,0,2
6913193d33ed83bcb98cbdb94ce410069ce2513e,0.38550305,0,0,2
7f65af524d6b7fa43743a3c5593c3c57fee3e9d6,0.04769162,0,0,2
4493ec15a72045bcea25a4c6c9b4858ad5448b7f,0.028654613,0,0,2
1f207424031bd81af858ffc98e64152b3ce2f22c,0.039405942,0,0,2
cf9cbbdae44b88a7cc982765bed085b434f4816e,0.038758386,0,0,2
00d9578b74a107e3811c407ecc3da2bcdb166f81,0.25641468,0,0,2
3410aed6696622cb6b7b8bec088f9a92ea55227f,0.34131745,0,0,2
8d34352d3ca40ccee76e1473d3e132f7bd8d4a62,0.5937263,1,0,2
a04afd1f20290d0097b1ed9ef2a4f476e0b79ac0,0.27508312,0,0,2
825419f9128cb7bd01ca31b0179bff96bf1a5ce5,0.422239,0,0,2
6215969d2a1f8d95667c208af868758c8636c234,0.30021062,0,0,2
79f997c1d6976f5327cbe5e80676a65245d961ac,0.04279657,0,0,2
4ec3674e06fd98a10de28be7ba6c6036e64116fe,0.3201044,0,0,2
6eed45b023ff3c609ef423f28fc87b42d0614f79,0.04046992,0,0,2
002e4de0d68ffab9af339283f02659472a1febe7,0.0478257,0,0,2
ef8eb3d269274d2e6e4915875d027ada1efa0470,0.0509471,0,0,2
78b8d323635b47f68a93da04f04d221f3412d9e0,0.43400493,0,0,2
055cbd0d42dfec901c7b2532f7a71f937b1d4756,0.27526373,0,0,2
771841e493ddd9839a4c029db6b217fe19968148,0.4819561,0,0,2
39f6f7fd6333da2b983f7d9001a7a51f31fa9434,0.2731766,0,0,2
6bb1b9a7bcf9d4d1aa0f4c12bb0cbb4cf4e2cc71,0.2529106,0,0,2
4824774675ec1a2c9e7b1469dd93a6bd09854210,0.40015447,0,0,2
717800fc588389b143b5c8ac20a0289a9217715d,0.44825307,0,0,2
0471658da03f5b01537153a72c0ffa7132709900,0.30301738,0,0,2
bc69f94466efb770e78d1bd89a8a1bd460fc437a,0.045098636,0,0,2
7a4fc498fbe96e83af20c5d0576c42a761fe3d95,0.2898908,0,0,2
3e438a80fc5ae21862125b13e9ada9b5c30d27cd,0.12921633,0,0,2
15b4031ba94a60f20b854e6ce2c7964d77086387,0.040428203,0,0,2
543970edafd3f8e08d945612d09663060718ae94,0.31422612,0,0,2
80e4a06124a712fde81bbee093ba2ddd71851c93,0.19270663,0,0,2
454a82cb2ad2853544e641c8c80f5ed34bbeb1c5,0.1620863,0,0,2
a2bde0190da2e32a5925df5aae1f2c37a4498bf0,0.16977404,0,0,2
f9dfa3fa6b9a28439f1226c202c41df9fe2e4380,0.20818706,0,0,2
c50da916c252ab282d978da3f114b81d91ec2912,0.22184502,0,0,2
e0bc1afd7878a91fbc30e79941af8a797637ef22,0.18829349,0,0,2
aa75d3aebeb30d1bb3ab0ecabd60201bfb3aaff4,0.31598872,0,0,2
76f12abd9d81587eda4c50e7816c75607b4b23ee,0.2677574,0,0,2
9900d951d41ceb438be79b2bf1822aa6cfd1f37b,0.034331378,0,0,2
f6dbdcf3acc3009f3ae17d607a2ac898e804395f,0.3043083,0,0,2
110084e432a04d061d71768c23f500f283081e31,0.30394062,0,0,2
656abed01d37434d69881ca1292dee710209bf51,0.39130414,0,0,2
d6d2307a9ca0ecf8c540b3bf7183de5d550ab099,0.13182274,0,0,2
801f4f4b10c788212d555729d5eed92ee1a02036,0.043372355,0,0,2
5fa1935c52f3866f0675e9fd64bd04d153b9f225,0.043248046,0,0,2
d728087751d2e6f19504876d7a3f40ee7b1f4d28,0.06322844,0,0,2
e0fc7b4dc80a31bffc8c8f87a2fe4153e6cd0cfb,0.25721458,0,0,2
5b743d5e7270fa41de8b4fd6ced0d82a6e38c38a,0.04436639,0,0,2
dc565c4fc02421b58db9c0f0cb9bfe767d904216,0.037986156,0,0,2
ad56c3889328fed27f021bba3f071f676fc4ffe0,0.3193506,0,0,2
47e13b0fa2ca7fb11e52abd429d538c3c9ab07ed,0.046144392,0,0,2
97c6c963e2045def1f19c650f638b304f6464c19,0.037346527,0,0,2
0b7369cbb67e46586e9e031c693564ce7ca583c7,0.21509722,0,0,2
2fdea0d5f462d48a97aaca3b987a716ca2934f24,0.06367333,0,0,2
2645862ccff2183b731e7d6f1a66df6f2b04a99b,0.08827743,0,0,2
27df5e894a2133e122ca7e78c5de45d26f7210a3,0.2410002,0,0,2
619aa9bff4055f51df04f5f837605785a998e9b8,0.26660278,0,0,2
4c55341a48427f7bc0ce30f0699c673f7e69f63d,0.03704651,0,0,2
27ae87a59cb2f0d06ea21d4a886f3afb9a14247d,0.2283029,0,0,2
962128ce971b2edd3fc9e4a85b417fba01a0246e,0.2538928,0,0,2
287254724ea66841b932fb5f6d8cbe37b04eea81,0.5712166,1,1,2
2b0fdf8fe719f234635f652bce0a5b2abf03bc4b,0.36041096,0,1,2
75d8364771414b52179e7084cad838b6c0a0660a,0.45428142,0,1,2
1fdb3a719283209e417d57b2d77ce93540de4cda,0.36156654,0,0,2
174f3ef3f43b680468d7535d5fa8ce3fb3a4d113,0.46275204,0,0,2
8ff705130a6c360e7d2009cb9f1a4d0a307985f5,0.28928462,0,0,2
a61f3728d4e2c6454dd0069148397745b6b3a5bf,0.34852362,0,0,2
f568436033fac9fe4dc9b38342a029f20c79dc96,0.029440459,0,0,2
c0b874406621ebda3c44029ffdf0f6017d6d8c22,0.3188105,0,0,2
52ea3c337615e386507dbafa686d1f02c03a4c82,0.08062004,0,0,2
8688adaee68dce1c54c05b44946635973b37fa06,0.2874187,0,0,2
27f467b4eab7864a4ff799fb2289cddd2c45d30d,0.03142945,0,0,2
1ffdfd2ad15f4f62b9474a2ae72f2ad0a42c6a98,0.501392,1,0,2
24c8eb250b9c7dace0efe91fd1f36c799b174606,0.31285477,0,0,2
060cfeb90df4fda2d572fa63225c63e304c8615d,0.31429356,0,0,2
3ec04d06cd96131c7d2a508e1526a07f33efb490,0.3683193,0,0,2
ec3d2af993826b57cf47446d809db2c8b49c7a77,0.2504422,0,0,2
f79ba553c602c9cd1a673c30db79edb6b38f0db6,0.24763313,0,0,2
3e6117dacd54430e555a42a5fb8177f4553fdab6,0.36176455,0,0,2
7ee877a4db8c6d6871444abab28e95e9dad7c932,0.33307344,0,0,2
00c3c8dbf20322d372ebdc28c2b9fc25926a766d,0.24844581,0,0,2
07c01318ea4ef19ede234484ed102f94391cdcbe,0.26963282,0,0,2
f56aab06534e643ab1e413c36e367fa25e24621f,0.28922594,0,0,2
6d1c4002aad95031c84bf3bfa777852492d23fa1,0.44256765,0,0,2
7e3c917567dc3163c2228dd01e4ad90dd0b76320,0.26818594,0,0,2
167676d596bbbfe82a52f0dae6847cad025dc095,0.03129734,0,0,2
9c24b00d32acfba096d8b3fc12168bbe0ac4ef55,0.0666958,0,0,2
0e6578069293282865a3dd4843d4f80f52476e7a,0.06610493,0,0,2
81e60b1eb541557f5be44e7f663d5a816fa90227,0.4407425,0,0,2
e25b6fedefdb1967fee9f64e0d0242d6472ad828,0.12517801,0,0,2
7f8236cfa274504e0f59b95285e7fbf2efecda90,0.29622784,0,0,2
ddcfef13549be8395d2c9339632b3ebe80363d49,0.58342665,1,0,2
4a5aeb1abe8ef10eeb5488e04e688e2daaf4eedf,0.2722291,0,0,2
13ce8fe63c8972c54ca717055c231bdc487d479a,0.35214877,0,0,2
8c12ad11eea80440bbe691cb50531c70f53cce95,0.28866702,0,0,2
692be5e1d4326c6e505c10e8dfc3adeb7958bd74,0.07800607,0,0,2
a733b7a87ce7abc0da33a3d56da82b72407683d8,0.3692565,0,0,2
13218943435188789ab706c2d97da8e2aba1770d,0.36202878,0,0,2
581baeaa99864979aad55bdd45f054c8a53c341d,0.036445677,0,0,2
80fced6db6c15d7833e2c06fac4098640ff4c742,0.20782289,0,0,2
0ff845a477db67a485e7a8c1cd8265e520bc8c05,0.15549548,0,0,2
66b24cabe95485abbe4398ff468a57e5ea0e3cf8,0.25091237,0,0,2
5ec70549ae7e7d2eb97d3d56e696dbf0cef7ca35,0.25047934,0,0,2
82c95c5f951ec316a717d72a46e9f1f7792dc818,0.35230437,0,0,2
0a4b1c3b316335a1ee22ea86c28c1cd58b1bb583,0.093811974,0,0,2
6e710a1f78a4a733020a4b2d1f07b6fe4c6684f0,0.7647593,1,1,3
951b253fc38c09114d0fe273a3758a15c151a8b4,0.7912792,1,1,3
f3539c7eb312b127122084279002d3fd238c9a17,0.81683016,1,1,3
7aa5ba380ef6aea0f2f594873b4c7378adab0f18,0.69051695,1,1,3
def1380280b9be6d166d3938ea4b0254e9b55dc9,0.7551828,1,1,3
cc06ae9bf7a1fb6cee46c40d2a6388ac05d3f5d1,0.7527906,1,1,3
7972f1ac1b85a5174c9f293ad98abc87edfe42e6,0.78856283,1,1,3
bd1c4ff86fa21358949e925274f5b8146f5d02cd,0.69752866,1,1,3
be2aa80bc371d600ab2230c545051ea6454577f5,0.70037967,1,1,3
68b033741b02c3ae54d649e858790732bc5c2d27,0.8077275,1,1,3
4f5d25205a9cec988de300a452d641a155406b79,0.70291096,1,1,3
d1e97bc85338c563f4f732bcf917a08b3cbf4792,0.71131873,1,1,3
d40c01673e866c3c3b5b51bce66e9518924cc31c,0.6977333,1,1,3
5f7d5690a97b2ad95bbe381695638f0c7ca2c4ff,0.1268457,0,0,3
8d340a008767c5d954b7539e825b4c90eb15ab9b,0.05383742,0,0,3
84e490b66f61e11366b62efc42e64b60ae7db35b,0.11242079,0,0,3
fc939bf6838f4bf986e0b42fddee3df6712371a5,0.07382808,0,0,3
5c798eb50aec6040f415b6def1912d4345f8310d,0.07785694,0,0,3
d1758567765117cd395ea47319d3acde7fc663b1,0.0966178,0,0,3
517b8beb06f63301629f0ec3f58f6b667061d3fd,0.070455216,0,0,3
5c715cd84d600c0df0215846efaece2ab4673546,0.26380113,0,0,3
dff4cea14174548f52d6fcc66c9bfd7a339b7336,0.508923,1,0,3
02ae34d1d3f3c9f9c25160cb14c119958f25af13,0.09806326,0,0,3
8e0e1c32ff1ed1da4f09fc9917812e6457e6fef7,0.0825467,0,0,3
18c5b2536c114c86b810bb3ee94474fec596a462,0.07161534,0,0,3
c6e4d8c9f534d3e70e79bf718e40724d56186109,0.15103067,0,0,3
5b5ecff53b50a67179f6245bf60047c59f027e26,0.10292014,0,0,3
46dcd98ceb70720f96d4cfa23b001ff108bdaebe,0.114069596,0,0,3
dcbfc80c4a14b91194fc8b74760b079cc0a4ce42,0.065320715,0,0,3
23492711d234f2fa647bac46997e361bcf985423,0.12457611,0,0,3
f10279a29d47d389a31da907695673a992555adc,0.15956226,0,0,3
8d5925b52b48b4c69934ea5c48aa298a2ec74e84,0.4748147,0,0,3
a30aafa016409048747fe9730d6f7892eb12d7c5,0.38821122,0,0,3
a3611513fc4de7234ef49ae46d646b0795ac7110,0.067715086,0,0,3
d0eb1d1dd1d9aed27c433d78a76962340fcbfc1d,0.13396017,0,0,3
1ae9dfaf45e0a51ee7d604551f7e1932d1787975,0.076022625,0,0,3
1c2d56e8a91b0f64317a9e02cfd4b45b03d3019d,0.06918621,0,0,3
2cd92aa6e3f44df6b0552a28b83022a7f92f8946,0.17511606,0,0,3
79ad715f02e02af76da0c6e47c164a80768a01ab,0.31297708,0,0,3
e5b948a1687270192753993c998d61c7a91faf49,0.0893469,0,0,3
b81a48d78dd9be1c3eae57cece4c88df92c30247,0.065681174,0,0,3
0b873b95a840f8cfdb51f4ceea3b524d46d20715,0.42351088,0,0,3
e350a38760c93e373562d6a3e906df5904250146,0.050899226,0,0,3
660431cf4f7e2bda887a0e35ad3a76bdccc14110,0.05561474,0,0,3
f65e9aa63f8f266023a986507834585a9580c555,0.14657602,0,0,3
535cbcd9f20b29b3c5a5d69f654cde57969b3788,0.0809919,0,0,3
2d650f890ff1409f2944bc56cdc4b518b35e06f5,0.2013295,0,0,3
1c4f7bde1c8f7d8c0e09484daa626fa4f40e38e6,0.6138697,1,0,3
b9a22fb6f6f460287993d3cf087ae5ff036a6c21,0.63383543,1,0,3
14d6a09601b68f60e6b18142b597a6890e5d581b,0.62561643,1,0,3
54fdc54dd24c9ece2bfc32ca12e88545ec923a96,0.15924703,0,0,3
0ff7c091143e8326eb88dabce078ca76778a587b,0.612368,1,0,3
32ed6601f216dd1300876719cce837bfa9824e26,0.50540495,1,0,3
7df11e15457e8d8bf4e5730d20ec2412c429e091,0.34585834,0,0,3
15f7f84678a24533e42f2fde230c5f68d1b33035,0.4135124,0,0,3
2499f70cabfc8d17f2c6de124a81fc0940a70fa9,0.46476457,0,0,3
6526a5e83c1fb9644da34e44fdc5a3bb8a357c84,0.41188297,0,0,3
5904d90ade8663f5552b51036740352a9b796892,0.7423906,1,0,3
fdb75911387f77912c37dcee0af4a2f2e0977f3c,0.06189596,0,0,3
538a97b115ba4ea44c57898ac7c4fbb77fe0e9b7,0.7842354,1,0,3
fa0478f4f6fb724233dc3e00a9f8dc557ce7cdbf,0.16207404,0,0,3
ec81d7ca5100fd97fe8428db02a2cdde967ac87d,0.08904337,0,0,3
81c40b9820625d3f529b116baf6b4a3d45dd2f75,0.073417105,0,0,3
2b085ae34295d5ae1d7eaea5a55a2df220bf1bed,0.11620796,0,0,3
d6a354e203e4901d3eb6a36b3aba620fdb222da7,0.5810147,1,0,3
37787b96ab21fc226ff267aa26ae58a58b2d20f8,0.11943123,0,0,3
f2f704eabee027175b0c1eaf934c08e7721a9b24,0.06391062,0,0,3
e1fc87d2d57c2d7ee941e651f33b582fb000dd73,0.06040802,0,0,3
fa8f024d082998c7ae48b21f3eb6f8f2ca56a719,0.062379546,0,0,3
6bce493e47fdac9e64a9ae1cb3c358f31975a43a,0.07071177,0,0,3
9daac904cbc627e4a43e72f72159c552b25caf74,0.5920268,1,0,3
658d5a97c708a926b0425585f9437a0c1fc2b81c,0.480243,0,0,3
db695fe90b181948f271e4970ec83d4de9348577,0.051334426,0,0,3
9c06ff87decab7357d44d8766f6a277ff887d921,0.47772464,0,0,3
198d448ceab2bc061d18a1a689056bd2b96b76c5,0.28377795,0,0,3
46b15af8c5fbfb026be350ae16eca89fcdc87aac,0.05057419,0,0,3
b7e86cdd772cc47a031d187b79d075af8155c2e0,0.29692566,0,0,3
198e589e62f687a91d4c27057ebad918e9f9bf3f,0.04973679,0,0,3
fa510146c09a498e25e590ef5cc558074337fc4f,0.039979167,0,0,3
badca06dd1c70207215c7186a31955901b637661,0.048157167,0,0,3
91ac1574aae31a29baf883d2cf45e4e1f5aa9bbf,0.04700525,0,0,3
82ca28e2ec8fe9771f01b5aab3386311ecab80df,0.6960098,1,0,3
9f8120beb6b351608652002e057f97f8f6c0dfc3,0.08300239,0,0,3
c66b23747627a2b432e0068561d457cab9f97ead,0.06441009,0,0,3
a6a5e3033d424468cbd3a6af051aabf3b5bd4d00,0.11453847,0,0,3
2902a9a3c07e881dd7aeae0a55189facfab1966c,0.61031157,1,0,3
fe487b3336f8279d8b74eff05c5ebfe6e01281f0,0.6354337,1,0,3
3076802a78f14eb1b4f23831d5a1ccec79b26554,0.05709068,0,0,3
5063d256221e7fe8a8c433401bea988d7ccb0a35,0.053000417,0,0,3
a6b9ca3f71d44dbe2562e13d63e4b30fcaccdf50,0.118573725,0,0,3
81fec3193ad12a0f78eb021c4a1548484595860b,0.40898967,0,0,3
902a680951f318488a4bbe0184a3a223c5709b01,0.057110656,0,0,3
b84f786db6d85cbf9973adfccdf135cb71824b87,0.051062565,0,0,3
a2b5c7a9aa0b5f617502bf6003d43913d507a11f,0.35697985,0,0,3
571725cb7bcf091b5457f1e2a857aa51e8a70f7e,0.103829265,0,0,3
10118c9c1b00d31868d6ab43e8171e3c16efdcfc,0.07817699,0,0,3
ee94e6d82370b6b6086cae2693dc2fe31388fb64,0.2617199,0,0,3
dc58a824466ed492fc6d5ab11960eb86584eff26,0.3448372,0,0,3
56c04300e8f05bdaccc2ec60fc751c09d86b7b68,0.055786896,0,0,3
03542311e2a461f0324ec700e98e78b5540bcff8,0.09848573,0,0,3
4746531428aaf9e3ae7d505b5a203350d138ea41,0.044200525,0,0,3
05b14fd01e43ab8a385bcfb53102a270ef2d9375,0.50152504,1,0,3
77868bf772a03d61701bc0d32dfafea63a0382c2,0.46185857,0,0,3
83fcd3e1e220b9f3aacc63aeb4da0a898684dd0b,0.68282294,1,0,3
dcde20001063fc25f622e4b1c7775f735a7255f0,0.5602698,1,0,3
82bd5be8735c01a767fc3ebc3eb92369ac68302d,0.54788274,1,1,3
e1188f368087ba4bcfada44d645e4f8661d7f9b2,0.66438484,1,1,3
2c03505da053d07cd3f729692738912bdfc2a5b7,0.7322302,1,1,3
3fd058c02a1f8881110409be33ad56d3af6386f6,0.76860154,1,1,3
bb3ddfe426cf4ff5390f742d35bdba02a4ce7624,0.6108111,1,1,3
09b1a632c17b34650d2bcf748be14690c9882e52,0.25945848,0,1,3
539e1ee1d68c27defd0aaad09a1a0b68e059de96,0.08515104,0,0,3
da69323b29fe8e373364b9399bc67523dcf2af62,0.07126573,0,0,3
c1ad21bf966d01dc5cceca82f102c0f7843d5617,0.15613152,0,0,3
efa756288e712849c78c4230df05c2d1abeba91e,0.04289131,0,0,3
2f757454dc41f4d130234aea68b348da4f12a0fa,0.040047854,0,0,3
24b5e00be753889e4907473ce57271acb290cb67,0.20036252,0,0,3
7f293a06a0b7ec9b554d51f150991efa9b7dd54e,0.09943289,0,0,3
95a524ea06e546330ec3d95b9c139b7edc599b86,0.25833422,0,0,3
314dfa80d4e815ba3c689cd3ad0d508209665bf6,0.3451505,0,0,3
c07d659cf8f7b16452472da6052a1de326bcb6a4,0.037448447,0,0,3
545536e34f180edd32fbb21b0a5613e6407f0980,0.070197515,0,0,3
225afb8bad88c9bbb70b24d9ac3c28fb21f39465,0.37149134,0,0,3
041e9565ab8b187ad0b88780a5fc0a5ea24f29a1,0.42040047,0,0,3
c4828bfd09ea8c579fa8840cd77733c64b8ebb39,0.05230201,0,0,3
dcaacf4cae54fe199055830f097d4ed504b3238c,0.26115233,0,0,3
6f22f4b49c2a3a59840d28e6cbe0c37a56ab1f90,0.4315972,0,0,3
41fefde64401d2173ff019a896c4dd72b4fa5636,0.057649434,0,0,3
080e96a6cdea2f5fe8727b8249044b89bc54395d,0.08936423,0,0,3
497147e3e6ba0a50c32817e14985ca5bf1041f9d,0.29811502,0,0,3
40708bdf04dae6aa49bf8f3617f2efc16c83c5f8,0.41016454,0,0,3
84ad767a87c69a265e9105c51efdd87ee57b8635,0.21136464,0,0,3
f0e8d41fc8cc746ba9b66b72646db6bd8b25c6fc,0.5073822,1,0,3
df5930892d9c6eda392b96bdae2e7afd342f7866,0.31317538,0,0,3
0cdcb1fd8df9e9185cd3abb128d927d25d7de8b5,0.13570867,0,0,3
cf15c51722dd4b406876dce1ccd52eea787d84b7,0.25392392,0,0,3
b691f81b482175665b45cabc056e58ab0df03ff8,0.101608336,0,0,3
fc8ef4d22c95b13b907ed14b19cea8ff5fd1e653,0.05536198,0,0,3
8054f746bbd6191f5a297cf6f7f26f9fefaba307,0.09795519,0,0,3
fa21d6f7e70f057c42d4af9c40ed47d3d841e5b6,0.19274995,0,0,3
bac647543497f0aa2a9f92fe726e1eb18631b4cc,0.42596605,0,0,3
cc6ace18900eb92606b6a312cb1ac5c4ab5f435e,0.15993124,0,0,3
c947676916c99f2feb5e183aef9629a1b21d863f,0.1953207,0,0,3
1f3dd9ff8a4f8302eb4c0bf4072d2bb7d8aeddd9,0.05818498,0,0,3
ca7f64f016d8354aecd38ef73405e1b3267ca791,0.27396637,0,0,3
06005610265c342b52051b997a43ad6e963c5a0f,0.39748576,0,0,3
4a8068579ea5bf1e637f8bed09a203508abde315,0.06199025,0,0,3
30c217ec400b9175e9490807748ec3e48fe2ba22,0.47853318,0,0,3
d80acb29c04a8e92a3ddbc539b0be8a521098870,0.49793208,0,0,3
e43138b0b5f0912cb358c0e73eb6247b273eba75,0.40209967,0,0,3
1b84f2ee7a41e8ab12faa73130187763ee5858ea,0.05378978,0,0,3
4b5ef21ed6104befc80e1dd501f964e7ca6f1ce6,0.04987052,0,0,3
c6c1971ca1fb5054a0847b0884488165606bd703,0.049161594,0,0,3
68e0a9c71443738b1842e99925d37bf545f5a151,0.060865395,0,0,3
7ebc8107a22038c06c0b0ff095f9f73d854e1422,0.19521911,0,0,3
9003b5b5aa4465e84c934819f45c1ab4365dc51c,0.33857295,0,0,3
4b8647bf6ce2b478e6bc90d0158ce81939a14378,0.08879648,0,0,3
2d1614a2077eab0b981d4a0c4c6e10a7ecda71cf,0.34805813,0,0,3
3631295c437c5b8915afc7b2b259496eb2d5d782,0.6688571,1,0,3
b12610d35e7798c66fc1d9b0811d10aadb87569d,0.07245965,0,0,3
f3a785108f853e327001dcd435e92525d7fba96c,0.32872882,0,0,3
881a4ee8db1e1826b749579d2284ace982c953ca,0.056616936,0,0,3
e91d0f0510ee8d69c76ee89b4e57341418866c6b,0.056263,0,0,3
8f7c59ce888a687a6c9089caf0c5469984a073b4,0.06340129,0,0,3
3c644cf87ec8c0e6313b3a10b6cfd66279b8093f,0.26003295,0,0,3
fb7e1e265dd9e560b3a3127a6593b6602f60026c,0.06692289,0,0,3
1c9c43c1d4bb76d7e47cdfc9c6681a38305a95e4,0.16032088,0,0,3
18f181ada7826542725fa4a9460307d606695b5d,0.8264222,1,1,3
bb7e8951cb6ef08ca9df5fc036217c3a45c4d33c,0.66235673,1,1,3
e280c8636792c5426e54868d464c9d28287a98fb,0.4999684,0,1,3
54a7796ff234a9cbd2c66f8b1e5621f0898402f1,0.6847633,1,1,3
8e5867eda8328e4cb2e103d098d0c9f3c2fab50e,0.36681014,0,1,3
e42da5d9d21438c220768464b6a1f5b36bad92a5,0.64212734,1,1,3
c823ac5673e9da094a3b24b99987a533c548dac4,0.7205945,1,1,3
7573e9eec065ac1ccc2134aa751a191da3ca3dff,0.17760675,0,1,3
1cdc902f3d7cf877b4db7a31f19eb1dfd2fade3e,0.67905277,1,0,3
e9ea52189a92f7e2ab051e4d75c4e0c872034b18,0.5203657,1,0,3
ab0a2f761f4529daa0a1e7128ffb8ae417a0104d,0.1537947,0,0,3
7ebbaea90e8002f5542e22bbe92075ffb5383d2a,0.3914007,0,0,3
721730b00b1dc2ea616a3e7958e4ad15134de975,0.07378479,0,0,3
05aae985d9d0e26cf278cdd6f69672ebe3f8ed92,0.3663376,0,0,3
f7222ca6c3b6c1018a52fd649029394e6608f1db,0.050886832,0,0,3
b285f17023da248bdcb3093283e4b9e930bdd09c,0.2555532,0,0,3
af858a6ca224946195b1923a780678b20cb99603,0.12671569,0,0,3
fa027a4685bacd9e32b3bc7d875717b4457f6829,0.4078624,0,0,3
edf56632b8a5413f5e0adfe2d1b65e595b88a1d0,0.09297166,0,0,3
58693fbcb3236a9adb0f47088d88ee3ef7178cb4,0.42329594,0,0,3
91291520cfd5f6c2c91fc242018860c5d1d277e4,0.39722177,0,0,3
7bbba6995a12412cd7cbe1ca693057c5299ab4cb,0.4086658,0,0,3
ea030e732e3556a2a4fa51bcaabc080927ddfa48,0.55367345,1,0,3
310008f48c0a830138d35b3024106560d55b6bd2,0.27010047,0,0,3
ca22dac3f852c7290f60c3c3a5d66fbecfba91f4,0.10921537,0,0,3
bcba29320f5f6f860335266d6be8249418ceaedb,0.06198531,0,0,3
9dc30fddc109504fc80fb62e33554d54cca47faf,0.03824129,0,0,3
764f56955d499fae11db1aed6e7f0d2d0886e6f9,0.047536798,0,0,3
2933e5773b1d64a9348024b2a6e8dc6dc90e6590,0.3287568,0,0,3
0fa8bcc008b6a011d6fe41e64ea4379d0b57f20b,0.05399726,0,0,3
7897aa6a83a5e63da487e72c2735fb042259f6e4,0.17905897,0,0,3
3b501993588d27d91ad526a436e3a10ecc8d6e8b,0.03601951,0,0,3
b353d07bcca9fb62ac387d69d3e99004e27f14c0,0.65413535,1,0,3
6b43922648fe2dfcb4cb1aaaf5d795f00a6aa174,0.08267856,0,0,3
b268dfbb824ef307862e489aef7e71bba4cdcac5,0.19470131,0,0,3
b957ee1646d893fd946a8b9a53c779957ae7a240,0.03347128,0,0,3
996c0c164a083c3dc2fbf2768750e3b3a81d77e0,0.48327845,0,0,3
12ddf37f23cd77903729b3e611ffae10e96ded47,0.048603293,0,0,3
7e6304ce63da6c6341cb072abfd08caf0456328e,0.29235893,0,0,3
b9b73fbef5c0f18aaef22ef60442518d7f23ec83,0.085902005,0,0,3
675d4c8fc848ec5438e48deb2e8218b6f0078814,0.097641155,0,0,3
dc666f419e691e6a04342bdd9cf2e899455a8738,0.12999229,0,0,3
9bab875f03ffea0aacd1d92fbbecc96d491c1201,0.03239423,0,0,3
8d3d915dbd0ccf716f0d15b6b2396cff214d9cd3,0.4123873,0,0,3
326beb22c6aa872cbc0ad3706cfbe706bf9eab41,0.56897825,1,0,3
ad882055edb50369bd174ae56a372838aa89cdae,0.10425325,0,0,3
a7363a2ae67b585790896de45f57154474480fc9,0.05155961,0,0,3
2bc9e7ea86a8cc1c3b2436c46115c87080228004,0.064577416,0,0,3
76f154179b8dc6940355d7fe7db468314ca39e84,0.15845491,0,0,3
4080feff61e8dc1cd4af2361990c33c9f1014147,0.050841074,0,0,3
97accb47de63ee5063eda23641c6017e29ab81d7,0.03750491,0,0,3
cde43197f980538e411d851735ac7a63ddd613e1,0.033757735,0,0,3
0dec6e76fb544fa3e8bf5fd17f16314735971dd7,0.6969517,1,0,3
f820d06fc0d1204b0cb386214ffeb42ccec669ec,0.03512509,0,0,3
566c4d59a177be4b65d17540576eeb34d28d24ce,0.6236976,1,0,3
a516976947341e0e18bcc0858d85d34cd0c02cdb,0.5825493,1,1,3
7200c43dea3dbfbd9d38b937c44b6e71744b05c5,0.76884824,1,1,3
596ccd59a11ad5e9fda19ccd0f4fc714d8d3394d,0.74497414,1,1,3
301ad592142079d36f4d33f5309c103c7f4f5dfb,0.41835177,0,1,3
f8a8ea748a0b3015490ccecec7b97f0ab2daf9c4,0.6849986,1,1,3
8aec465b44dedb7deacf80111ea5286914093094,0.27300274,0,1,3
34f3f4196084768b2ef6b3db4608d8eccec50364,0.43689364,0,1,3
c53f2106109153eda10c47a6960a5a579d1530b8,0.5212247,1,1,3
17f52a2e559e68d5c6ccc98fcebb5523161fd0ed,0.53049904,1,1,3
fd7a4362caf2cd69368a38f2f71ffe19706e341c,0.7377373,1,1,3
753f278d10fc0c92e912965379401ac182644101,0.70953053,1,1,3
491786ce4182daa57ea61deaf701f756f57f6f1e,0.7288016,1,1,3
de73ad3115c19d5f0771754d233d74055a2a10bc,0.58861107,1,1,3
d5f586bd4e1a20fc09a33aaa5c2b9320f4a2aa72,0.58637434,1,1,3
8d4fd1dabbae4d7ebc2b273af9275ef8bd0e1ce1,0.6394501,1,1,3
6e5eedb3fcebc5894c41733bd26c8b4d9197873b,0.041745335,0,0,3
3b7d0b95466139a147fc504b7c18897dcc826c65,0.16938768,0,0,3
6a82f92584b36e28798479c82c0d3263c6347b90,0.17778413,0,0,3
b8e9475505fee98aae2819c03a33c7aa3db843d3,0.049403846,0,0,3
a14acdf6395f588dda7597bb4c7810dacaa503d2,0.042767953,0,0,3
85a20aad64be04127106f492e26f6ad6d6c228c8,0.0358935,0,0,3
1325e114108136eea3fe77a4a270a2da7eff98e2,0.036431953,0,0,3
bae46709ecb13f80aaad0d279b3618ab83d09275,0.11528897,0,0,3
dc5f850d1d9b0b952b7f0dabd6778cf0f7675cba,0.029971303,0,0,3
b4abfb93676fb0abbab1d9bac40ba2714a3872f5,0.054194003,0,0,3
9a9e7268162f9fed146c74a8acbd234d9bc2ed84,0.1098672,0,0,3
b262c2359c9ed53dae3ce2ce7a0092273f4eec65,0.5578568,1,0,3
c30b59103b6f1390b0040ee74b985248e8b1b849,0.55164057,1,0,3
0f36265123605cac6af05b7b8c8f4036b58f4da4,0.10756189,0,0,3
cb177b56b7664ab323558545737646896f4d7e70,0.07887498,0,0,3
15bdcc3be2b84f68ddcd822da52ef045ed89e57b,0.041274816,0,0,3
6a8ba1fecb47e5ffd5387654d0cdb7c372ccdc9d,0.056098085,0,0,3
75efbfd6b21ab36fdbc440bc001c133f824bdc3e,0.039273098,0,0,3
f7e42d2ccf949a5893a439227c8c6bafd2598f26,0.08096796,0,0,3
c7fcb448c99ae5fe9db9b217bea1233df3ee6e57,0.0708619,0,0,3
d0721feadc1e0cae6efa3e0d82f523debc5b8d97,0.07222126,0,0,3
5f47ad718e0ffcbbe6cd2f8d32b2e345c4af3a48,0.6161217,1,0,3
745d383af12137ccbcbe1f3cb4c9db73f87a66ca,0.05215827,0,0,3
d746a54c2ee50711283bb49e557f58ca491e1bac,0.04535221,0,0,3
a56d4998cf16ff08f5593fb7d4dda66ca05dc269,0.18727322,0,0,3
03e65c98da2a0b2e27b14713543c2a61d56b1237,0.051830452,0,0,3
0d3545e5f68d024cd4a05724a15746d8dad986d2,0.06449717,0,0,3
6b1b592887d9ce95fb5af1e216bff56b18c7902c,0.5123386,1,0,3
ccd0fd51a5712ef1d85110eb61130c906fe4db13,0.58017266,1,0,3
d98897b11e6f4adf1d0a91591b1bb6be501cd29e,0.15109259,0,0,3
4e08e17ec536038c9c0dd888f77b912cae82816c,0.5028022,1,0,3
86eb3a2fa74988e4ccf3aae7f4b77edb84555320,0.4004509,0,0,3
45df5da2640f8f097915b8a2a0249ef0f6cf514e,0.18943927,0,0,3
76b7413d2b1eb2dc22f05de5b76f9519be5142e0,0.07595339,0,0,3
bfb3cf8bba6aab198c4644e236bbc9f3807111d0,0.048044786,0,0,3
093e3bb2e3cd9992f3f0d14373d406bb9b2ed36e,0.06893656,0,0,3
c440f668aca99266b5379235f6d99d378630c938,0.45646107,0,0,3
a1c5a582760c7f65572d0883fbcedc843332d7eb,0.101762615,0,0,3
0a499402d707bc8cf775d7f9b3840780a7401f7d,0.10926883,0,0,3
8e4e5221515f820108f48396a18ceaed73de8dc1,0.51033026,1,0,3
3a4e18ddf151a624eb5c3596ce8400ca4679ef97,0.0637909,0,0,3
8ed40d530295d819e0ca964b2d4542f6ca6a9929,0.038566403,0,0,3
a6abb8b00355db97486ab5023305c3f4e9e19ad3,0.14301652,0,0,3
b494caa01985c623601735f1bc10871cfb8aa048,0.53699565,1,0,3
5597ed7ea300ae3d08cd893b0133bce26038a7df,0.42126712,0,0,3
002276ea313fd880122502e9840b43f996acd537,0.022616828,0,0,3
bd5afc0b5a977c168cf046e3244477b48fa72c5d,0.04622415,0,0,3
b313ae68888445f4c08521bbc8d19f39310c6890,0.030004928,0,0,3
a675ca7802065f459a96bdbd593d8dc491180cbf,0.35591754,0,0,3
8be87e032a8c05622148357f30bdca3c614a669f,0.4512921,0,0,3
96eb80efe1da48f37846aa899260aa0c84b15944,0.039348703,0,0,3
75c2b24c681e314c4e4e07243b31430ba4e42723,0.5034374,1,0,3
276e22858cdd56f5725e0c2f7a3522df99967973,0.05508765,0,0,3
471e6b078a7891aea99b77f200e828a7b1c9bc00,0.06097943,0,0,3
6d7ee38ceed6b496d70502e276f80be6de618014,0.04933435,0,0,3
5cfd99f0dcd0d10689e480f0854e859079f125d0,0.07422469,0,0,3
ed6c47dd9ebbb2e38fb3e17a2b961f0fcf0e6df3,0.05528179,0,0,3
1fe7a43505aa9d00bd9dde45aee77935a5147561,0.43508333,0,0,3
387880a630c65b955a3329a2f7b987214c41f6da,0.58277607,1,1,3
cf4416a84203ff9d360d4398da3b166e6d0c72b9,0.47487795,0,1,3
a7fe613853516f0abde34821996a0424882bb919,0.80280393,1,1,3
7a8a7783315917b56b6a71c4f28cec4ed1d91a7f,0.6664893,1,1,3
9c545d44a4a703c88d417a6fa43298a80ee67735,0.7952914,1,1,3
4f73871cf40b6dd05c8872d39246c67f798ed915,0.03955729,0,0,3
41f297809965523fcd021bef20b304b3584d9b4f,0.04589506,0,0,3
03178c8b15f1b522b98ded0f83cfb0e79f5ec4d3,0.045206174,0,0,3
f70741c9b216d3836d047c542847920d4778cf9d,0.049126547,0,0,3
5ca0a1c3564d35293a5ecf03e5f32e6f0f6f445c,0.0528771,0,0,3
4c4b3e2e32ddae35e4c1a6ffce1cd2b2eafa958b,0.05791958,0,0,3
72a46babeb0da02071e47425ebd55da915b98178,0.034594003,0,0,3
9c51e5316babbd370bc32aed0fee134216726ec9,0.048502315,0,0,3
392323e2d44bacdac605c1a4f037f06e21dcc239,0.060176928,0,0,3
10dc13c80752b0489d291b54440212ca54c59fee,0.039895996,0,0,3
7b9df59a96adfce979c8c564dc5eaa6a29b7f25f,0.04820154,0,0,3
818533e92bfb1c142ae4ce5be18ab92d1ae17025,0.0629056,0,0,3
47fa07eade06908ded4206651571e71a2fe684a6,0.03924448,0,0,3
46e97d9e04591e8198ff38bd2949fd5514da0d3e,0.05094582,0,0,3
08cc26e70bf145aca293d55fce12aef835263f53,0.09737682,0,0,3
6c21bdb4a107b49e57c9e5d6598d13ce6f85fc5d,0.0814019,0,0,3
18a027b1f04e420c18ae57aebe8fd031b5ff251c,0.10500346,0,0,3
82b84c0fe9054198099752a66575cec0c47524c8,0.04348304,0,0,3
b10b90b0a3947bea98e3646e7d29f853f3b5c6f7,0.043592088,0,0,3
8c141a1705808491f16a27b53e1ff0db0a2807fd,0.054015044,0,0,3
40f969bc9e162deead55967da3c128e2da933dfc,0.07351143,0,0,3
f348d34fb1ef3c968e2981283618aa85db203901,0.046392106,0,0,3
999761ba1bc5da820a1d2527c4aae29d95a7013a,0.631416,1,0,3
ce131449a4ca0b06c6bb27ee5d8d6d89b1467bbd,0.043559976,0,0,3
924e1e9064f90d958b4f57e9c9c0c543bd19dcfb,0.057641312,0,0,3
f36090e3141cd3cd6fd58f1f46a30af2582559be,0.04339318,0,0,3
6fe2094e30107512e470571bceac91cbedbd21d0,0.19545642,0,0,3
fb0078159d2463da149de54018fca79a9447153e,0.04412213,0,0,3
73351b6adbf403600521505bef288057beb2bdde,0.045113694,0,0,3
079a07fe18f654632b80b274f247775582261e5a,0.045245774,0,0,3
4158323ee456bd412e7357a4a6bc8bf50deb5d9e,0.044071317,0,0,3
2fd6c8fa1e392f985ee860d8ee154a612ddde569,0.042169802,0,0,3
66d0a9a0a00dbb259425f17745f7dddd7e676f71,0.052345257,0,0,3
e14d9ce8e3c57b7352a647c0a8e62eeb88ebfba4,0.07762184,0,0,3
9e0c5ad4b3148f42f3940faf7d67b305e34bef0d,0.083536625,0,0,3
fa1aa44c7623fb2142e588c59eaf56db7bc237eb,0.07814151,0,0,3
8fdda846c4653b6ccd49c47a9586c374bb20a255,0.04906255,0,0,3
a94ff90ab6cd2d92ccb2eb1fd7913b4e5256f02b,0.74421656,1,0,3
268bcd622685b28c2d50bcbce64ac38f7e90390b,0.7553108,1,0,3
09e31a01b51d7418fa0034ecd4cc11848436fc18,0.7017859,1,0,3
487ac1980148522d628e1d2aab50b107c372798b,0.06861601,0,0,3
34646ec9b52192a71e52ffc09cf7fefdd506c48c,0.09712054,0,0,3
7afc1c34fc16ec04f82105f9106b7d1e5232c4d0,0.04479473,0,0,3
00439211981af7b5baed495f526ef8ad76ee7c5b,0.053319708,0,0,3
1d635088f697178660b6e1c9a89d2b7d3bbe2d29,0.06892621,0,0,3
a4a62ed7c1e3c7aae09324f0ad1c6078f0fba471,0.07271284,0,0,3
b3a68ca842841c4b9713462d5f01742cf71a6b4a,0.05226036,0,0,3
2d868410eead061d59de524bada4de9e3d2bb442,0.068015575,0,0,3
813aa11d505b9507b6795d36070806cb2d96e5c2,0.087964825,0,0,3
88b29fa46bcf6f56df4213e1ba7810735a28d755,0.042656638,0,0,3
eca374db08ffbb3dd8de746632fbd74acb8f2c92,0.05273255,0,0,3
2ab17f529d07c1f618ea08d968b2fdf3a382a792,0.05119285,0,0,3
9a87c766bb3137a50656871e5dee5a309543bc7d,0.046148174,0,0,3
9ce4e1a371418e5eacc69227885815f9a4221c65,0.55091864,1,0,3
c7f7da754a911302dcaa6935be6fded84e1ac348,0.042005092,0,0,3
4cbb388ba9099be121f81d75000acc3af93bf993,0.049191184,0,0,3
87497c72460c9c58f829a372d741b386fc2ac8f8,0.048150063,0,0,3
921d0d60d40d8fbda29f14a64e848c70026ea32e,0.04337592,0,0,3
f9e72000a17eb9d524b38a9f2c982c037dd94891,0.22649342,0,0,3
e34f50dd1083fa8ed9fe25fe701b64bd2ea7efc0,0.24536902,0,0,3
581b474f4b194731eb9cb22cdde7330a1ec81c3b,0.48527333,0,0,3
e0d17fed51f5018fc34578699d824c20efc44368,0.57370603,1,0,3
4fc5b3402c58d6a4b317bf23b896ea91d22af6fe,0.05673495,0,0,3
d8e2f892e48423fda73204be3ec239d282e71c65,0.1470677,0,0,3
8d6d088622f8e4ea89e66ccbe097510fb4c932fd,0.43096012,0,0,3
f0943a7242041a16c8f7fca845592e48bb19ac74,0.09165884,0,0,3
d1123894d33922e7c8ca838f9dac9bdceefa3f7a,0.06657606,0,0,3
fb83ba3fdb46537a36832a900f124d4c400f7ed9,0.040581726,0,0,3
e779883b29a67d411493f985de984ffb8088ca05,0.05649145,0,0,3
a71c820baeb91025eaa7f07b172a39500c6f5692,0.057236552,0,0,3
a4eff51bedd73a0ea56afc23b1021187dd03561b,0.04863435,0,0,3
8f6bedeb724fa78583c26423aaece05cfddc04c9,0.04642305,0,0,3
fdc116f0bcda6d1fffbbe505d0687b0406e92fa6,0.025639411,0,0,3
66608db56c41e91ee34fdc1e6157d69b69893fad,0.6051056,1,0,3
5366158572bd88f18df7883ab823ea62b7701d77,0.045396287,0,0,3
2df0a3be66f6fa1067d976d7a05500beff7eda53,0.037014782,0,0,3
e0b2c86c8754312d1e89307fbf84e6efbfa9fe0b,0.2883255,0,0,3
050dfa6f0850174fdf958ce6751d2f06900201f8,0.28815627,0,0,3
7530b4bdceef0ef37af252f0b97978554fb9b99f,0.21365018,0,0,3
a6eda3d8eff423ecb4901aa07339364732c02ddf,0.03719205,0,0,3
a5035d0e1cde068320984d789473e1140adefdc0,0.30740702,0,0,3
dff43a0530a6fbd524e3af24795cf6b92142735c,0.6348586,1,0,3
1d5f8faa87a410fdd1141ad82f270ac238293770,0.11555371,0,0,3
82f4ce516c18ef5fb3096f6a90455fce90a5b290,0.061063103,0,0,3
228b49fe2afea3376c4f30f80bdeb70d083a9206,0.051287368,0,0,3
adfa016f3ef7ff262643e0f0a5a54d3ddb7d7e1d,0.052401107,0,0,3
f72b5e65c0c5210cc0be585959ae84fdbc87aced,0.03240897,0,0,3
26d668f6d5a2f202ef7ff6a73ff3cbd7bbdf4b06,0.05372035,0,0,3
808149305ba26224917e29aa0c0089701bd91936,0.041993957,0,0,3
55fd738c86ea1796d5152d818ab4b5060bb11803,0.036739837,0,0,3
7a8dc00b8be18a9271e2d9c2444ba91077ffafa5,0.06221787,0,0,3
34515698878ff0a4641e72486f0ae8a7e30df0d5,0.043033063,0,0,3
96f2b16b3efb93580e6aeaf1da97d9dffd5e260b,0.37682587,0,0,3
b577805347d56f1927615fad311868a3537a9cb6,0.10653768,0,0,3
e366894658914c0f2fb41cac003392b0dfa6e4b7,0.45622897,0,0,3
3411f29e2377788cdaa5a4eeaddc53355f085a78,0.040907193,0,0,3
880b04814c564ea7a1bb8fe97c15b4735c67e8e9,0.044157814,0,0,3
8ef033be5c92a895139b4f910af5a7048f340cc7,0.066380315,0,0,3
350c477161a0d1df94efa02109ae07e6acbc527e,0.03781818,0,0,3
0880a21c56cec1a2442b5123c3845bfc99e83a7f,0.034989685,0,0,3
84143c462986417ccfc5e8c05481e983cf668e2c,0.025148792,0,0,3
f16d5b1722eb55c2d55eb623999f16799b088b98,0.024384974,0,0,3
ac37165ed7a22cbdeccfe348b10245dc83b414b1,0.038170595,0,0,3
d9ae4e2601d4c0744bbc275b6b4f503477b789ea,0.048944358,0,0,3
7c1a59fa7ab58f5f7cdc124ff2667cc501570a4f,0.024550991,0,0,3
93d35c8f291b8953f8460c0eb02a51cc6d6cac22,0.84034365,1,1,3
b77184a2189c8f91100d148354d1fdf38e83d13f,0.7284799,1,1,3
f81e0465460ff9abd450eda836bbb4f9b13837c7,0.532722,1,1,3
6fc152e4177e0482450b13eb7fe496de677ce5b6,0.6507542,1,1,3
0c9af5f450ce73da9b791051f861cb9a6420e0f1,0.26910767,0,0,3
11409e628b0461be3c268f81642ce36bc4b0bf84,0.46481237,0,0,3
63a9488f2910434851e98a8fc0ec8c053b24083b,0.35576782,0,0,3
d70736425701b66bd64ad3aab3941bb930a18b66,0.47845057,0,0,3
7331773448c1f2e0b24deae4144db0deec85fc07,0.27073443,0,0,3
11a7e62a898e54d66936d1b8b67cb5e62578ba98,0.34383303,0,0,3
0484bdb3f61d309ff62da4df4be92cf139d19f6b,0.3651034,0,0,3
f9f632e7056cd9d2b3c88bad50fe0597610e2eca,0.3214168,0,0,3
a3fae474e5cf5084c89835fce1950991aa678a41,0.24315195,0,0,3
f3108e2771083bfcf02c9c67ebd70a3ac0ddfca8,0.62640876,1,0,3
521b9b3385d73239b96ab209cb34ceb5c1c1400a,0.5312679,1,0,3
d7a1666f9a89d9a517f5fbaf283e711046fd054e,0.46178058,0,0,3
022a020bde5afba4f2e9b6753c199386e79d7825,0.23502626,0,0,3
1b5aef881bb3acdcde5d9fcbb6e43ceed6db145d,0.608244,1,0,3
0caba0845d4363025e619eb3db6f3138b2c3d394,0.4428657,0,0,3
8e71711c1caaa404d84ec6682f1b7b266064c2e9,0.094798386,0,0,3
363be2fea66f861d7ec4f893a05901fa0c7ecf92,0.3653786,0,0,3
412a8a0ba61c84d71c0cc740ba7e50c10f3bf9ae,0.5601649,1,0,3
03380256795725c7d17db97d882a4c4da3b76b8d,0.20102423,0,0,3
653b46857a4a48252bfb094e39ee9937b2079fa2,0.54547566,1,0,3
748cb609306ee5a046a952a0ca13974ef0b6e770,0.3124115,0,0,3
0f9ce497b0c6841e3aca845336ad095012c41da7,0.051951177,0,0,3
36ee52223387eed452c266490a25b4c62f49abc0,0.13968596,0,0,3
a8c6d43b5a61d8da784f0ac188d40b88a15dad50,0.067538954,0,0,3
8fe2360920a8228c10cd59ba0978df701174c961,0.14014521,0,0,3
a3677db89ef3863e8ac7cf578df499f85d970b76,0.05288676,0,0,3
64c51505a82baf8260a34c7e83652ae3014009e4,0.21412423,0,0,3
ccba0cfc3f1b81dbaffa5153aeb84d48cd7630ff,0.2271199,0,0,3
e7c42ed0fb83faa2b57184cb72f6d9e8b621ccd5,0.27717698,0,0,3
633de29fedf11544f2c3d5052890cb014e612bd5,0.10145126,0,0,3
362ab2bc41697980391c4a61c23cb3ef6bce740c,0.690511,1,0,3
fc9d93db68a3c33e5ead8c7ecb187fdf0f06cc4f,0.11293699,0,0,3
66a775c9feb7dcf00c28a16b7a365af4372886f8,0.05161656,0,0,3
a6a48cfd370b226955a531e678016db414ebeed9,0.05082746,0,0,3
dccc1255413adc1a212dbe3bf40accb70ccd44ef,0.07255903,0,0,3
83b70a377f79ba90f846b3a720e6c402c63bccc5,0.11830489,0,0,3
819318486d9cfb430749ee33d3c5c4ec4417babc,0.21651797,0,0,3
827d9644c864336fa84f15744375ba7412da047c,0.059562616,0,0,3
af6bbeefbf197f50d194c7f20419c2a4590ad630,0.07961032,0,0,3
ae8f5f04574be75727f5e948e04bc649cbdbbb3b,0.11865988,0,0,3
b9cd3558133ae9f26aec73e0bda3a8f635d137f7,0.6510296,1,0,3
f672e826f51824582273fa1f5b6ec37aa5fdb2fd,0.26024428,0,0,3
72df12fb2ba453afb57cf185d25c502d4daec6d1,0.06037298,0,0,3
7b42d43fa0827557f51cb4111c89fb2a78512c68,0.40395173,0,0,3
af1b5872ab8355acea3197522ddf94972b3c8386,0.040737312,0,0,3
5c753a87c328678f16bf89e0178448f04194f0b4,0.17937313,0,0,3
0956e2d2338531a96f2ff7d4ab405acc1b18421e,0.13730644,0,0,3
6563275706015b000cc5bf14be7fa9322964bf49,0.068484984,0,0,3
e9e76131f35c112046b9f184816683beab605e9c,0.05375968,0,0,3
843267df5a0b44145d5b9ee9153d17aa5e15cce1,0.5472298,1,0,3
cd64fa339a97300c64dfc434483e478a58f507a8,0.06855369,0,0,3
b0b23c179ac55334f760aa29fce262c73a909268,0.09531011,0,0,3
dff1a0953d97d46290750a46d01be1e1519ae698,0.8077363,1,1,3
35e0ba449325e759e04203fcaa71920cf473baef,0.66341114,1,1,3
e508ad09d79302d3cc6b86077d4a6ddb0679a0f5,0.6804658,1,1,3
a27ca511a591caf813c26862a888e90e54af19a9,0.74722993,1,1,3
9be91f380c209f895da36d13c40b99687bb4c8c1,0.09859897,0,0,3
09c55eb8120da36aef1807628f87bde83749428b,0.23441271,0,0,3
05edf06360cc8a1a61fbd1ce5f9abf5d83f9d3f9,0.053447254,0,0,3
9df5e9419d83c11b4a2c3421c5ff7ea1f544366b,0.5003744,1,0,3
ed1ce82d822ffe185875b7b7d38352f20171c096,0.19188106,0,0,3
10e38114032cb4c585b29e946e1d70e05d52a878,0.48441324,0,0,3
d71ead41fb685431dad02d4bb7cb5675e196b8f2,0.5321594,1,0,3
e7b4025ee0b6152f9bbf7a72a317f977402a27f7,0.3978483,0,0,3
0f3648f749b7b67c2c61282297569657ea6220dd,0.21975912,0,0,3
bf915848967a6e35839e5565e98c716079980e18,0.3268477,0,0,3
7f74708201c2ab9f5d1f83c7052487116b8f7114,0.4195995,0,0,3
97dc91d1545a667b4021b6507d927799e53964da,0.6916696,1,0,3
d9979fa97865b7a57b9da975efb6e6c4d80b0cc8,0.11961446,0,0,3
6f27b4ae8f8ecb62698e760ab7df3973874b1f51,0.39342332,0,0,3
67ef6efb61f3c07e1359e083bbac5d90953cfe43,0.56097305,1,1,3
1b53f09c3a9dcd64dd281c1955b062fc28999366,0.053130127,0,0,3
34adc606601cb578486d4a019b4655c5aff607b5,0.3563888,0,0,3
b05bd69cdd841c02a3b645568ee5478fdbfc07d1,0.31623948,0,0,3
e1f30a1c32eb292e51db274adbe2fd6ed09b555b,0.071156636,0,0,3
bd82fe9fc034e7921eb589420bb4b86dc767a11e,0.08569045,0,0,3
13e0ba5aff3fe14eb0e1d748cad4b9f99e681ca0,0.47915173,0,0,3
3b7deb943877b0c2d8627531959948c5d1e4d3ef,0.64312005,1,0,3
b657c914c0005b37e24c1cd74c5f4ce886147606,0.2982713,0,0,3
a61fde99657c1b9d11e8eaa682181ea59e65814b,0.13352634,0,0,3
29c067466ed78c3e7948fcb8f0d25b3d984a1a93,0.06319523,0,0,3
fd86d06ec5d3b009f3882dda7903e9913858ee14,0.7105341,1,1,3
a43b8d68b8b7e6d7f23977a7432880290e6c6933,0.7767248,1,1,3
31e4a6df19cf4a13f8f0e9048198ce7488ad2614,0.6208724,1,1,3
3c0c9d83e27e436f9d3646f177bcb0ac2fecbeab,0.64664805,1,1,3
db7a08583a5ebfab310efde6d0636f2e2fc108ad,0.46727237,0,1,3
015e3cd37d128e4ade9b2d49f74f3b4fc07d82f1,0.44423658,0,1,3
8dba68a38c8bdae91c15e4eab35cd83c427d8e71,0.53698045,1,1,3
bd15dc78c74bd9eede3419b70469511f196a3716,0.43445957,0,0,3
c3ff46e30397bc0355584c593d500d2564c1c515,0.07302985,0,0,3
b2d4b2ac3a738d97e23e53cd459d9c57ee8827c5,0.47251976,0,0,3
3e24c28e68e617735b25791b0bc3f67f31624ebf,0.546329,1,0,3
b1a8299ad223c3b2552f6d03e51c2ecba5df46ed,0.08543667,0,0,3
4e931386569c0a28b7e47c52d199aa32b6ca32fe,0.587276,1,0,3
ed98d264cff306f7326db096cddf65cb26ff5498,0.04833312,0,0,3
1f07a0bf70049cb0a2f6b52ea7c261da5adb1abb,0.088915,0,0,3
60bcdd450d6950da981d70b8b08379bdd744c82d,0.036816437,0,0,3
74133837585f81d1c6434ce32f73fc8694d5f132,0.04430767,0,0,3
0e9f604e87a5b42b27abc13a9328846cadd640f4,0.044727717,0,0,3
53a0a9ff85666348a38054e335f5b4c5355a6419,0.04432362,0,0,3
73f3e2b3d6b3f4a7000187bb3e6a4d82b118d3b9,0.087891914,0,0,3
b295635a87da0c20e5e2495103d4877ef0187d4d,0.04702011,0,0,3
8f88dcfc902b5bc86a239756afffc9f3813d245e,0.38305676,0,0,3
815b269deec60ec69f4e5e5d555afe9b98c18cb9,0.31270084,0,0,3
2b0658c59d6285547a5c6de7ac71c7cb134ce975,0.20584466,0,0,3
364232f781d0cc91cd4b83012e1f49e62fa81190,0.63756704,1,0,3
e972869486f85c3424875a443eb04bda2eeb6bd3,0.060411766,0,0,3
780b2281d86cf89cf5dd717c1cf54bbd48783654,0.38124138,0,0,3
06c27b37ccbde70514e035a50ba0a6ee1ff94ea3,0.12627296,0,0,3
1d1c41945a50a740519131bfff4e1875de69dd6b,0.3288891,0,0,3
71e40d0b30fbef976da3595fef8736a4e1245466,0.47442842,0,0,3
f781fcaf0f19766f7c9105911613f86d22b2091a,0.2838462,0,0,3
cb8cf1574f99fc51c9e67b9456ea4d494fd4cf29,0.046465423,0,0,3
c63413182017e069393963d07570ec69f373ee1b,0.8170576,1,1,3
8bba18089a1acf29f9d2433efc229d5c851f42b1,0.16632527,0,0,3
f295b186fd8f6c619d34a8c69c6a1307f2276779,0.100086614,0,0,3
02c7974c113cc2a51d6741491080058470265899,0.42828745,0,0,3
027c193cf1c012cd5bae06446496136a582c180c,0.43386698,0,0,3
4a10030ee78ea8da944f6d52e3c671799d73b5d2,0.56543326,1,0,3
5166f3dd04980177e46293408d998087040d4c19,0.38934508,0,0,3
d37041ca62ea9eab6e777bffc15ddab49941217a,0.53401583,1,0,3
53e5e3fa8531bbb4d70523197215fd19b89c1a76,0.34971896,0,0,3
62e6242804e4167f5c476ae34acc784009a1af0f,0.060724523,0,0,3
324e8b4d43f0260b4857dafef46e8c5f349f633c,0.08670463,0,0,3
9fbc2a346b86872c397ff891d379115abe5846cf,0.6187566,1,1,3
c5a15b2b66b6b4f018589d8f60cc7acc71861822,0.5313851,1,1,3
ebf108170e9a6215176174d84313a0564ddde0c4,0.6807378,1,1,3
f1984c42b64788a0737c3bd43e4da95e015c19e8,0.16565856,0,0,3
904b790c41d6ec4629921befd1c5286e482fde57,0.4116316,0,0,3
c2abe862ecb7f980260a7b44d907fa116a6bbab9,0.28204033,0,0,3
19a56adb00295d528015045cacd443ff10f7bcb2,0.18808803,0,0,3
e2ea5359798ce8dc77d4b23b0f9b4df33b37f940,0.20513633,0,0,3
ce4385a413dc822f8849678608d0bbac2defbb81,0.33064976,0,0,3
c11215195bed3261d88486d0ad1644080afbb97b,0.62013316,1,0,3
7048667393bc4290f381312243d13688407b9350,0.2874327,0,0,3
b188b5ccc0f1f8702313eab62a5dcc164f817200,0.080891885,0,0,3
4efd950d4dd822f3e087db9830d09cfb3fdcb541,0.33348164,0,0,3
cff6e00097bf7dd97a5404080df3bf7e95813a1d,0.5878847,1,0,3
27214015c725619e0098e227fd29816d0891d4c5,0.5763741,1,0,3
f8fbfc9fdca4b5e9ba1a5608ca17e7b6feb18c3c,0.124457486,0,0,3
0733d7c2ba214415a8d2e4efba5c6e26b61d3291,0.33344403,0,0,3
d8cdd5eeffe9b63949129d09f6b0c7ad2d517e90,0.22435705,0,0,3
e2cf4811ba485b0bb29d7d80bc853666bfbfa958,0.6001347,1,0,3
580e0d1e26ab2a9275f01506f3af56fe8fc32988,0.4775374,0,0,3
3ba27e9f4a29be1922b3a19f9c6c5127f93027ab,0.49428585,0,0,3
8fb1341ad7c460286211f4f2a6be41bb5782653f,0.040389005,0,0,3
041507d3aaf718ae536f9ab66e4eeb4065cb339d,0.22984715,0,0,3
735b1b59862dc1b5f7e60549aa7c33dbcc4095b2,0.26670706,0,0,3
60595251eec5979e14540c6d00043e24905a7404,0.1068096,0,0,3
980366284db98e0515dc5e827aaf4f750699bc80,0.60851467,1,0,3
6c2dbf2885fb4602b8e42bd208ebef66df23329b,0.116077155,0,0,3
cb6ee2cbdeadad5d277a6e7293d88bb915090c4f,0.651213,1,0,3
a00624cf27791193be74a610723a9a0b0980d23f,0.57199454,1,0,3
911d59f46d0dce2e07a93dc0ff705154f568b7ba,0.6342622,1,1,3
1aa543286acbcb3c23aebaba003fa024a54aabb2,0.57285166,1,0,3
f418eed3089d74caa11affaf947a40b774e9c8cb,0.51103014,1,0,3
a13691b5be40d31099d39f7c8f3ee9970ebc20fa,0.09187376,0,0,3
3e8b8aa06bb7742cd1643fad72d7739cda400010,0.38089108,0,0,3
a1db4c96f62eef05fff532b59300edeff3ef21f5,0.21092702,0,0,3
5321c7ff2ed082524bc319e44f0aedf7ed8960cf,0.056233067,0,0,3
9be73347bd09934dd0c99d32bce9c4e12fccf6ce,0.089476846,0,0,3
4362e02ed0404d12ca75ee3476d4a32f9f671811,0.072834365,0,0,3
d3f0ee5e0928122b41ee25e2b4ab09bdca5bd00e,0.063722335,0,0,3
f82b5b57840389fcfdc4f16cb75703361d6ea059,0.079420015,0,0,3
51d564f738b20621e4e14649bc1b15c929668e1a,0.06900595,0,0,3
5bd82306a8e44e2b9ff098f29ebf4c69c195b9ad,0.06886452,0,0,3
9959b3c5a777845aa19040a5a761814e483a6483,0.06812692,0,0,3
a0611b06f05e3c37c622f48a783836f89247c237,0.23308961,0,0,3
f02f2e54ac7d88a6b7ee620e45e1bba878c63a56,0.04852793,0,0,3
98d6d15235e046762f3b09294e896994f616627c,0.04992861,0,0,3
fca0e6ecf6012ee47fbc92fef4533320c1e3d849,0.05808834,0,0,3
db642a3c3ad93606d27d6e277b529da3a50057e6,0.07293686,0,0,3
1929834c27a931ab505f7a389d38fafd10331d8b,0.05539356,0,0,3
a5cb9a4b4a196bd2048cd21ed2fef175bc1181cf,0.106086016,0,0,3
c2f1b685abecfc11de76ffd0a28771f41b566782,0.102690615,0,0,3
30b6759387b4402987f6f4a6100fdc78e8bf755f,0.05170918,0,0,3
50b126dc0eb075a2193b670eb7ae2089896ba283,0.08199081,0,0,3
6b08874607dd51c9d8f600a96650a330cd9e6b95,0.380056,0,0,3
c9685cd5e462926aa401fca7321ea23927492006,0.05981098,0,0,3
ce8d0f7a47f7caba8ab937389c59b68b20f6994a,0.47654372,0,0,3
98b8758e761caf659608f48fc5c9e9056f911050,0.31104863,0,0,3
95b2fe97c7f191e43b7fe11e8e027d87eb47f15e,0.6428614,1,1,3
79237dcd2bf537d56ff8d73f897cd639af7bf8f7,0.55749315,1,1,3
181affd5c937755f54ff31ef056a6ec091e95f51,0.834246,1,1,3
c334a1bca8338c92e76f0f1cf2ef4884e3eb5dbd,0.6127684,1,1,3
efa48b214d30537bb184884ea30ce817bb350153,0.782623,1,1,3
b45c4bdb496381b5f90df6872edca12e0a2e68ca,0.6372184,1,0,3
f8489499aa6d460a7548b14d516638b0bd7b862b,0.7243057,1,0,3
76a2ac814caa194c46be1cf7a3f5dc129546b1c1,0.07643327,0,0,3
31fb4dfef212791f86f052ce8a3adeabaf830cf2,0.09744413,0,0,3
ccfca8f714055cd9fbd00cf7e847b880132cae69,0.06428156,0,0,3
a29815abf4f0e51b332a8af1b83ad344104c14d9,0.77033746,1,0,3
92e6d716069686583b852a6dcf12af986d6dc694,0.7203817,1,0,3
d105819a0e72765ff5ba4efa5622d727360ee2b8,0.7542953,1,0,3
3aa6f11785a2f1b3b09df328a02a2c28dfa0bb57,0.43119726,0,0,3
b7a82a918f0a595a96047f7eef2672fd95d5626c,0.7452465,1,0,3
52f3240d90f2397cd1850ab11674ba08a0ecb2a0,0.6373963,1,0,3
d70fdbc40195077057a1edb14ccd16a26435d007,0.65648025,1,0,3
0751f97bf6677c3d55aa71542d572dc8fcb9e79a,0.83888376,1,0,3
e505e1fea57e0ab9f1d5edab92546d778a5f41e0,0.61956763,1,0,3
b4380f20059dc9e4ccfe2b709587e8069ac0fa34,0.49488634,0,0,3
32a9c6d42a3a48314d3f9fe2956bfc8bf49ac5d5,0.70193696,1,0,3
80417356f04c5ee1cd6f636e9b043db3f2de24f2,0.63443804,1,0,3
f48bca0510703b0673709b10a806a9d54894a999,0.6943407,1,0,3
f1b54876ab8893a5d9c0e3d7c1a9c884e683dc8a,0.2855621,0,0,3
c82f703768eb8a122546de23e412a037aa1770b2,0.70137537,1,0,3
36a02dc549f32433d7329444455dbb1be2e67f20,0.6932764,1,0,3
fa8957d7939b59e8d391fa17000b34e865de015d,0.72837466,1,0,3
5acc6a5502bffaa66be7e859849856de0ea27acb,0.7381114,1,0,3
b58789c5badc4f9680ec5724568af05a84670e22,0.055474047,0,0,3
9ee3a16179cb65f5fe4170257ab7cde558f1dbeb,0.097711444,0,0,3
4ed0bdf1c73fd82d3080d15085675de96d5be0aa,0.050564922,0,0,3
4950ad86a16e63fa26d51cd709e39666008c5fbc,0.05870658,0,0,3
b61362933f7a564d2ae0b7d6b9723f79f4948769,0.13486157,0,0,3
f28aa71041181867a720134e26b64b03cbccb6ec,0.11742392,0,0,3
720b988fd8d7a50fbe922e6c73a3681b1c566331,0.2593121,0,0,3
9d744f7136f23da9a5f9324432b300b5a68e3b39,0.1066637,0,0,3
98f54c158acb12a26fa6f335b1665accd2aed347,0.5310587,1,1,3
22c6d087012fd55bc65e578a27f2edb66f4d3808,0.48530024,0,1,3
890b387d713d04c22406db6d5a5fc9b51bec2df5,0.57797086,1,1,3
c7d56cffbb4668d0955ef00196e08f42f2efe363,0.501863,1,1,3
7680fae14c9f544d0585a7b150004a1e48fff53a,0.8870752,1,1,3
136c5ffe80e558a87cde01baebf823b06e3cbe75,0.76783764,1,1,3
8769d0f2cc4b7555dc025b7c0e49a81346a1e2dd,0.64278257,1,1,3
4b5cda5a2c6ca613db5129d50ffffce2604ad9eb,0.09611968,0,0,3
2e62764c0c386632e87ee8d12d0505848df1015e,0.44129676,0,0,3
4590f14e97beb6d10ffb7b5dd312c632af155ed3,0.1337498,0,0,3
079bcd0339f30343c01c5fd3d5521be4b822d30f,0.07063973,0,0,3
29283b775291bf03cd9a7e1aaa496faaa5757578,0.7123488,1,0,3
89321a2dee438328e75a11954e972175c78f0a2a,0.06559107,0,0,3
1f3e72fa069536ae20f37b29575288ff65e66803,0.052098796,0,0,3
c7720ca4c232d317cfc800a04eda4a1d5a44a944,0.35231027,0,0,3
a747456bfe077da467ff036172968a37f3b1e893,0.2491818,0,0,3
2f2c8b1cc6e6e731f7bc52b0988ea8316f475004,0.18742542,0,0,3
013b445ede8d9e7aad4915859d0c869b9b712f8d,0.275622,0,0,3
f4e754e66e3661274df624bc328991cd88dd03d6,0.30805433,0,0,3
741944332d5bd90112b610a8b5f2eeefe51e08bc,0.115355164,0,0,3
4c7d7523088373be3c7ff203ea895d5a6d84083e,0.17230992,0,0,3
f79c9365d0ee89cb407b90cc084eece8fcf9a8a2,0.22447956,0,0,3
8714dd031647be34d0d27f461894e7b194f25cd7,0.4552258,0,0,3
83406b73e70a251eec5daae34f1bd8d554cdddec,0.06964865,0,0,3
2f956f46580e5b4752173e885d37a20fe31a78d8,0.4410354,0,0,3
3f36b7b50bdda3eeca632ad5440bb82b8e34cb40,0.43671024,0,0,3
9962a0fd02fe2ef06765271605b06729af8b2e59,0.084156126,0,0,3
5294c64b342818e021800b38413f36f426e35b3c,0.43371883,0,0,3
5a45ae3b1deb5117cb9e9a13141eeab1e9ad3d71,0.11657199,0,0,3
efafa61992658eab64c893e9eef49f545d75673c,0.53938586,1,0,3
630830476a6270e317e84229996a6bf92bd903ca,0.53294295,1,1,3
14097c64d243794610788d3ebb2e81ba8fd867c0,0.77782214,1,1,3
f2615d9a611db401cdedc022112c87ad938b5680,0.812281,1,1,3
a24d624aaabc14a455d18450d9127f88d1b4f8be,0.6258448,1,1,3
49169033546d893dae3db903a2fa6af712f125c0,0.8230674,1,1,3
fa7588c4c0f8d403e4815fa72e3b8a3bc98d73ec,0.6381773,1,1,3
367fe13b46a0b4dda56b7f12273d6c9afb1da23f,0.69112813,1,1,3
368588b5c5c4140f39ea8b9a8ceb3d1af0708804,0.3653692,0,1,3
30ee10d2740fe1f28595989c6b21f22b75a147fc,0.74588066,1,1,3
af9fd052d1c208f191fbdf85873f965552465598,0.7252521,1,1,3
0a711ebcec7d32b66ab3c90b2a1f48681201e557,0.6536386,1,1,3
a4acf53336a482f50335d33b4f650a70c9243b7b,0.77335817,1,1,3
c26fa78817f30cc3eb91165b783e07fb80d80f59,0.65039325,1,1,3
944291b748bcfec4e2f3c17623884db7a17b9f21,0.4968642,0,1,3
c44f982e89b63a97190638cd12bd8bee2bafb883,0.6004762,1,1,3
fb46b941f7763314d667c437c06b1675e61c3d38,0.72835505,1,1,3
e9928c94ce1385ec72028336417f19f30ac38ac0,0.70295674,1,1,3
d4021487539b0f7758ec644f2e0d83df95c66bba,0.16105562,0,0,3
ac62c1c29f319a97a2552c39f32c8e6acd70c9e1,0.12336691,0,0,3
dc08bb8ea6cdf01188f6699559e779e6cc296287,0.7423562,1,0,3
82b8ecc3275d7c3578a6531ac3f1da3ffada9dcc,0.1656869,0,0,3
36ce032b612fc0a1156d28bca7327e06337c8815,0.5069406,1,0,3
2f22533ef41533e2b839a6b41b262dca59e6dbf9,0.64867663,1,0,3
39a3cd0f4210dbec1ae8ef39a87d34b76eac91a3,0.08153919,0,0,3
1f470253c46471033048383c027192e757480492,0.28400162,0,0,3
9c40a7bb3c9aca51d17490960c988dfb7b5acebb,0.27296486,0,0,3
7f8e952abc4d2fc4b96c97a51aa25fcf6ed8af02,0.34310424,0,0,3
bd0b5af025fab9cad8f94260138741c252f45fc8,0.2735742,0,0,3
e036d60d8a210d5ac28b2e5c51a45ceb82b58f09,0.37788945,0,0,3
626014eaf093fc2e3b53f5ad00c425bc209e1428,0.42726395,0,0,3
5c85b8dda5f3047732a17b818256b9289274d071,0.049607277,0,0,3
ea402becca436dc1a8e47ac9385a3db475b49355,0.22370252,0,0,3
255f10834a67cf13518316de0e2c8a345677ebbf,0.5716618,1,0,3
044de16c14076019f87763b7b58c45664ee57c11,0.4193144,0,0,3
e54ca615f213f5db6d34d9163c97eec98920d7a7,0.5307082,1,0,3
07a42d3ffd034e467e49b5c449d4f5f81c471cc5,0.37333554,0,0,3
e6da0f682436e1387ad68e86edf7418c0f7cb368,0.19060111,0,0,3
59ec4f018963eb55e32fafc2b924826c39c09682,0.6567674,1,0,3
ece4b70cce24b89483236b4cff079c10597d680a,0.42278257,0,0,3
09d28fe7995db1a4da2c651d362007d2082c663c,0.4527103,0,0,3
98c27699cbcf65c3d9d655ecbcd67adcd8b45b05,0.41739,0,0,3
71cff7c5940b7101ff098601850d46b7a4698180,0.059650578,0,0,3
89e0607cf6470dda1a6a47b46abf37468df4e50f,0.30571213,0,0,3
6fb60857be1fed21bdacc4ce830bbf99103b6fdd,0.075501524,0,0,3
3634821fa515365618209f0452443728e7290fca,0.3732568,0,0,3
2fd62ee4d524c270764e9b91dca72e5cf1a005b7,0.2367785,0,0,3
a703ee75c40e0207f6831c4d48e1c7e62f160305,0.044462416,0,0,3
fd7cfed070c2aab60521afb7dcc633a0b7abea80,0.48535815,0,0,3
1de41ef4baeee1c95e245837299f8be265294445,0.47771388,0,0,3
9491d7a61681f7acc7103a6d1d45efe96f7981d2,0.5152801,1,0,3
2d3203b10cc8edf71a6e3e0822f0d742c9516aa3,0.5701769,1,0,3
d55a572e5867832f6d5755fcd46101da51a38aa4,0.4604363,0,0,3
170cfa758547b4d9be50058ad93cf60ce0da5564,0.59664994,1,0,3
3783ca4476fec8186c867e4e57084e649c318c6b,0.24884324,0,0,3
4d996d1bac1bb1886cd9c473ba00e53e3c19cf3e,0.45784563,0,0,3
445cb9dc2f07553f8e1e5f7c1150f00fbb05c63f,0.5734791,1,0,3
ad80bfe559e7380fedd7998daea5f27393ab643b,0.33460185,0,0,3
3d2d4fd1588c8eb3f67f34d75b66967d0c7b06b6,0.06304831,0,0,3
d54fad867da7f762ac4c0d947adffdc1f8f356f1,0.2821688,0,0,3
12bbaf3550d56bc945b50f538b5f18af93bd316a,0.033455685,0,0,3
150c578edb161bdb2e8c039f0914984f570ef8f0,0.47530994,0,1,3
af977adc43a071a09652fea4ce3deba2d5b8d171,0.6531097,1,1,3
e021734b62ea5ac273e516b4ac83727cbb99ec08,0.62697744,1,1,3
b635beb6efc07a97c143775c78a32d42b3b73c8e,0.56882876,1,1,3
3fd2492fcce073f0c36e4d7e23e34881557e6e5e,0.424901,0,1,3
a918c493296c88da94b36600213c7c188f2589b4,0.25409266,0,0,3
9181e1d536bafedcb3587ca30e5b6e2d66f06bf0,0.4757575,0,0,3
cc8bdf1d13639d12d02170d40cc4890180bbabc5,0.20068444,0,0,3
33ee5497490cbc97f3eabe9ef7a6391e4dbee8bc,0.33284488,0,0,3
dc61e510126aaa1a95a46fe39bf1529f394147e9,0.11673176,0,0,3
d320a457a9de67be25a03f79e1695d549a0145f3,0.5808403,1,0,3
94ae6c84d22ed33e158b3cc822ca4a0484c829c9,0.32171968,0,0,3
e9e36cdc44a68662885e35773187cca00d20239e,0.38041717,0,0,3
7d4041d827aed7d9f3eb14310b824a2faa96b8b4,0.15589078,0,0,3
6f5f99440e7117ee3bb6407e06745fff14bb2a4d,0.26838374,0,0,3
3eb4be60cf00c20e46b75fb72366dd0649700c2f,0.4718305,0,0,3
edbd9842cfca892b10c2e9c8da0384fe005cd67a,0.43718064,0,0,3
bc8e23808b9d8d0c9b67270ef35d04ebd9d89cc8,0.06411714,0,0,3
635e41ea181c5fee8860a7044c84ae3557b51189,0.58819985,1,0,3
c4ddbe6456c9631c301171098a8ac016eb4e582c,0.36028737,0,1,3
63f1d6b83bc10a2880f5ec17a172fab284d2eff5,0.6943904,1,1,3
10e18ae9b47dfe04573884739823d64825105694,0.7587124,1,1,3
d3252a5ca5571e0a97e9a31966ec6b847a3a8574,0.12025769,0,0,3
86c76dd5ea04d1881a52d79113d6dbb1d57c38a6,0.35818475,0,0,3
73a8fba6fb23af45ee77f52f33bb8d791a9caa05,0.16886863,0,0,3
e8db7237a9c347d2225fce9b49ff92bb741adffa,0.061553303,0,0,3
7af67bdd16a4f103bbe6334c5a865436c900adfe,0.7381483,1,0,3
71d7c3264239c55b6e2daf89c44c5685085f26dd,0.39205608,0,0,3
958029bdd45c3e341eb146031ed38b4487d7b0b7,0.30372974,0,0,3
5556026ed1dc17e70946a4a030842ade3a33baeb,0.38522965,0,0,3
3c92830ec51fb6b6e9a7ca2fb8fda324cd33e48a,0.53277916,1,0,3
0fe9685c8a78ba2d780a3ec1e1a323990dc6d218,0.27527174,0,0,3
bd7788b384a87024ddd6bbe6a9bd9a167cf2ec12,0.57041025,1,0,3
dfecbe970917754511a081f8b86efac211e624f6,0.09049737,0,0,3
ef51b068aef14fa347710497cfb67aa9c6e65c0d,0.16612479,0,0,3
173c162a45b4be6fcbf7a30c44d1953062a25086,0.5684367,1,0,3
c4c03a33c8b8b94eaf75d368473bdd10a21cd0df,0.55447745,1,0,3
2fefdc7dc3c9afbbe534ff69db5a754be0716b11,0.09321651,0,0,3
f525bc3ccd9cfb69603bd9778998263a458415d0,0.50346947,1,0,3
9072a7615a54d5e753cf088326d9e14f1a5a6751,0.13219589,0,0,3
11491d355da8a851d6badb6348b10d8c4acc9d8e,0.0767484,0,0,3
2bc2ffde1f4752e7a8c7ea0a51c559faae194786,0.589534,1,0,3
35f1cc00274122c0274b522d0b544a06faaba931,0.80651987,1,0,3
98817e88f04cc6757c42ae52d653b63cb85af486,0.60950965,1,0,3
83775c432382b9c0367362491d0dc515bf0e131c,0.38569072,0,0,3
a498b87dbcaa0a61c6088d7156258a3cb06638cb,0.5867686,1,0,3
34558845e3777afdc1bf90ebbcb2017ca17aea86,0.47501296,0,0,3
59985b43f0868d9a4a588d9ca1debd03108f8cd9,0.74430186,1,0,3
8ea1aa1e7cc427c28a89878fd2dfcb110c992b20,0.64806473,1,0,3
d4c7f63054e584b69024664bc2f221faf9863519,0.41135633,0,0,3
20c733229df741e57b8ac205788ece2d563b2f3d,0.6070742,1,0,3
3051264e1bc1d41a29c9dae7935c090568f64af4,0.64432067,1,1,3
db0f2304bd7c3ced65cbdfe9e17e80fe0774c13c,0.49926507,0,1,3
2f67045b9647de10ea5d01d8d1e98ac7de3e1cfb,0.78012097,1,1,3
7ef106b23772995e4307f84afd1bee4e2337ce0c,0.5629494,1,1,3
71f6746f81bb9650f6f228ea204d85ba2c5b7392,0.81260425,1,1,3
2ed96f00f724c3331d6b56b6b5650b9632f43954,0.26082706,0,0,3
3720683699bb830a4aae6fb66a78ce7079ad2c56,0.4713059,0,0,3
df37e605fe4b027406bd9dd85b320526ab12a122,0.08536144,0,0,3
4ad74f449258781e9df189413423ffd6ad95c526,0.17523092,0,0,3
d81ea83a0eb1761bb4e90a91f3b70f23f88a7d2a,0.7677983,1,0,3
e2c0ea4374c02539ad9bc6c4328b74f25eb72405,0.12029142,0,0,3
cf42ae522e12e9b412e1a1f008ea73cfd86a5979,0.0711549,0,0,3
fb7335ab163588fe6ee67ef26d3b3edad5cf4bd5,0.08206999,0,0,3
e580d35e1a07431109a5835411142bd1c1c2b3b7,0.5044503,1,0,3
ea60fbe0633082a131bbb18de94fa60a04eddcc4,0.059387885,0,0,3
90e31fd93fdcaedadcd4b030fbc20f7375672def,0.5849586,1,0,3
52adf52e4669b54399fa50f2624826c06a19cb7e,0.287814,0,0,3
71e515ab6d2007d34d96df5604f74c6fba92c0d7,0.6862059,1,0,3
6d23e85570fe1139cf5ef3bc9b4e57ea73680b6e,0.106897295,0,0,3
cb83f7cb31e50f265e098c5380b3f0051e257f46,0.19689529,0,0,3
2584b4a0ef536e59bf28ba140844597a093d848d,0.41752386,0,0,3
cac520971206093d32bf17925f880bd06d93f736,0.08793597,0,0,3
6a99050166c945a226d5f8275ce4a9dca3518285,0.81020415,1,0,3
6dbb48c8e685f65f45ad5df9f7684bed910036c8,0.73477614,1,0,3
260e0e0cd21af7b03ab0dae33b4978233db67773,0.69726926,1,0,3
b5749b4f54b30c0c2050e456c12cfcf516434f13,0.06437026,0,0,3
07ec8ad2dd862c8669b2557b995ec5180663d73f,0.5214624,1,0,3
28656559d2fc67193a84d5cbc48d378b2016f74a,0.07241148,0,0,3
0add1e8975336c65513b26123d48b221e2515ddc,0.6906735,1,0,3
8e7ea70a33ecb8db5207849ea6371b4a5a8ffd26,0.7977673,1,0,3
6f653f6bb82757963a87d725808c080109e7e3e8,0.7045933,1,0,3
1974c83561d09cf73a575f992fbd8416e3354d20,0.5995267,1,0,3
37c20df721522b175bc9df3f06a361297010df5e,0.48547176,0,0,3
061450a927ba1cc65f7b984f4ff41866ec2eceac,0.604209,1,0,3
60b32953a968e5623f82a6b27d6c679bc17c48e5,0.25376257,0,0,3
f175a241c811d2d0843026b2dde5c3ae308cfb95,0.62781733,1,0,3
ea1a69d638d97d5ffc451b32d240479357e02b0a,0.54490227,1,0,3
cae70c10b4451ee3b919764f72dc4a4caf0f6f27,0.14744939,0,0,3
c0c7112dcdeb75b521d55cd47d0c61be66b0499e,0.5146865,1,0,3
8d0214a7417addf790713440f10855dc279876fa,0.5148514,1,0,3
e2ec4f2fdb2bb8d97f64a33e9ac288d52854a530,0.28164482,0,0,3
fc73151cfca36ea2641f340700dbe339b9e1f103,0.484772,0,0,3
dfc9888860bf192cedde21e5e843bc3caad4b74b,0.3223233,0,0,3
5f9e0851da9e74c12e04f5a62cb7aeb1a8ab7589,0.033225086,0,0,3
7d5a61ed64315bd6570c5cb55c1f53853a3fffa5,0.051219486,0,0,3
82152f41ac8a727c2f0042bd555452dc2dda11b1,0.14788915,0,0,3
6e710a1f78a4a733020a4b2d1f07b6fe4c6684f0,0.86436385,1,1,1
951b253fc38c09114d0fe273a3758a15c151a8b4,0.85043186,1,1,1
f3539c7eb312b127122084279002d3fd238c9a17,0.8019142,1,1,1
7aa5ba380ef6aea0f2f594873b4c7378adab0f18,0.4716369,0,1,1
def1380280b9be6d166d3938ea4b0254e9b55dc9,0.8119924,1,1,1
cc06ae9bf7a1fb6cee46c40d2a6388ac05d3f5d1,0.7655422,1,1,1
7972f1ac1b85a5174c9f293ad98abc87edfe42e6,0.19711733,0,1,1
bd1c4ff86fa21358949e925274f5b8146f5d02cd,0.85016114,1,0,1
be2aa80bc371d600ab2230c545051ea6454577f5,0.30287158,0,0,1
68b033741b02c3ae54d649e858790732bc5c2d27,0.6376114,1,0,1
4f5d25205a9cec988de300a452d641a155406b79,0.29702014,0,0,1
d1e97bc85338c563f4f732bcf917a08b3cbf4792,0.15808572,0,0,1
d40c01673e866c3c3b5b51bce66e9518924cc31c,0.10521027,0,0,1
5f7d5690a97b2ad95bbe381695638f0c7ca2c4ff,0.09306664,0,0,1
8d340a008767c5d954b7539e825b4c90eb15ab9b,0.6279354,1,0,1
84e490b66f61e11366b62efc42e64b60ae7db35b,0.14133918,0,0,1
fc939bf6838f4bf986e0b42fddee3df6712371a5,0.4405637,0,0,1
5c798eb50aec6040f415b6def1912d4345f8310d,0.13352375,0,0,1
d1758567765117cd395ea47319d3acde7fc663b1,0.76336396,1,0,1
517b8beb06f63301629f0ec3f58f6b667061d3fd,0.70379317,1,0,1
5c715cd84d600c0df0215846efaece2ab4673546,0.75129336,1,0,1
dff4cea14174548f52d6fcc66c9bfd7a339b7336,0.12021105,0,0,1
02ae34d1d3f3c9f9c25160cb14c119958f25af13,0.73111427,1,0,1
8e0e1c32ff1ed1da4f09fc9917812e6457e6fef7,0.70529664,1,0,1
18c5b2536c114c86b810bb3ee94474fec596a462,0.48903376,0,0,1
c6e4d8c9f534d3e70e79bf718e40724d56186109,0.13845915,0,0,1
5b5ecff53b50a67179f6245bf60047c59f027e26,0.2394468,0,0,1
46dcd98ceb70720f96d4cfa23b001ff108bdaebe,0.7418417,1,0,1
dcbfc80c4a14b91194fc8b74760b079cc0a4ce42,0.6365142,1,0,1
23492711d234f2fa647bac46997e361bcf985423,0.8126298,1,0,1
f10279a29d47d389a31da907695673a992555adc,0.09451252,0,0,1
8d5925b52b48b4c69934ea5c48aa298a2ec74e84,0.14537749,0,0,1
a30aafa016409048747fe9730d6f7892eb12d7c5,0.19824776,0,0,1
a3611513fc4de7234ef49ae46d646b0795ac7110,0.17859901,0,0,1
d0eb1d1dd1d9aed27c433d78a76962340fcbfc1d,0.7232166,1,0,1
1ae9dfaf45e0a51ee7d604551f7e1932d1787975,0.74672335,1,0,1
1c2d56e8a91b0f64317a9e02cfd4b45b03d3019d,0.7925203,1,1,1
2cd92aa6e3f44df6b0552a28b83022a7f92f8946,0.62840885,1,1,1
79ad715f02e02af76da0c6e47c164a80768a01ab,0.8361021,1,1,1
e5b948a1687270192753993c998d61c7a91faf49,0.5825896,1,1,1
b81a48d78dd9be1c3eae57cece4c88df92c30247,0.54617107,1,1,1
0b873b95a840f8cfdb51f4ceea3b524d46d20715,0.32622257,0,1,1
e350a38760c93e373562d6a3e906df5904250146,0.7874545,1,1,1
660431cf4f7e2bda887a0e35ad3a76bdccc14110,0.12410416,0,0,1
f65e9aa63f8f266023a986507834585a9580c555,0.35913563,0,0,1
535cbcd9f20b29b3c5a5d69f654cde57969b3788,0.34590253,0,0,1
2d650f890ff1409f2944bc56cdc4b518b35e06f5,0.068908595,0,0,1
1c4f7bde1c8f7d8c0e09484daa626fa4f40e38e6,0.56326306,1,0,1
b9a22fb6f6f460287993d3cf087ae5ff036a6c21,0.084690094,0,0,1
14d6a09601b68f60e6b18142b597a6890e5d581b,0.111080885,0,0,1
54fdc54dd24c9ece2bfc32ca12e88545ec923a96,0.3693099,0,0,1
0ff7c091143e8326eb88dabce078ca76778a587b,0.6428442,1,0,1
32ed6601f216dd1300876719cce837bfa9824e26,0.118333384,0,0,1
7df11e15457e8d8bf4e5730d20ec2412c429e091,0.12288352,0,0,1
15f7f84678a24533e42f2fde230c5f68d1b33035,0.07699022,0,0,1
2499f70cabfc8d17f2c6de124a81fc0940a70fa9,0.6337635,1,0,1
6526a5e83c1fb9644da34e44fdc5a3bb8a357c84,0.7515349,1,1,1
5904d90ade8663f5552b51036740352a9b796892,0.09679274,0,0,1
fdb75911387f77912c37dcee0af4a2f2e0977f3c,0.17557594,0,0,1
538a97b115ba4ea44c57898ac7c4fbb77fe0e9b7,0.06720608,0,0,1
fa0478f4f6fb724233dc3e00a9f8dc557ce7cdbf,0.06511862,0,0,1
ec81d7ca5100fd97fe8428db02a2cdde967ac87d,0.12989199,0,0,1
81c40b9820625d3f529b116baf6b4a3d45dd2f75,0.60411096,1,0,1
2b085ae34295d5ae1d7eaea5a55a2df220bf1bed,0.13119598,0,0,1
d6a354e203e4901d3eb6a36b3aba620fdb222da7,0.09736579,0,0,1
37787b96ab21fc226ff267aa26ae58a58b2d20f8,0.4545176,0,0,1
f2f704eabee027175b0c1eaf934c08e7721a9b24,0.08077575,0,0,1
e1fc87d2d57c2d7ee941e651f33b582fb000dd73,0.41449887,0,0,1
fa8f024d082998c7ae48b21f3eb6f8f2ca56a719,0.5964203,1,0,1
6bce493e47fdac9e64a9ae1cb3c358f31975a43a,0.44714794,0,0,1
9daac904cbc627e4a43e72f72159c552b25caf74,0.71825,1,0,1
658d5a97c708a926b0425585f9437a0c1fc2b81c,0.5682339,1,0,1
db695fe90b181948f271e4970ec83d4de9348577,0.74228334,1,0,1
9c06ff87decab7357d44d8766f6a277ff887d921,0.2990972,0,0,1
198d448ceab2bc061d18a1a689056bd2b96b76c5,0.1388145,0,0,1
46b15af8c5fbfb026be350ae16eca89fcdc87aac,0.09152,0,0,1
b7e86cdd772cc47a031d187b79d075af8155c2e0,0.1372601,0,0,1
198e589e62f687a91d4c27057ebad918e9f9bf3f,0.08926253,0,0,1
fa510146c09a498e25e590ef5cc558074337fc4f,0.7814027,1,1,1
badca06dd1c70207215c7186a31955901b637661,0.4444366,0,1,1
91ac1574aae31a29baf883d2cf45e4e1f5aa9bbf,0.5714843,1,1,1
82ca28e2ec8fe9771f01b5aab3386311ecab80df,0.61013156,1,1,1
9f8120beb6b351608652002e057f97f8f6c0dfc3,0.62916815,1,1,1
c66b23747627a2b432e0068561d457cab9f97ead,0.54181933,1,1,1
a6a5e3033d424468cbd3a6af051aabf3b5bd4d00,0.56756234,1,1,1
2902a9a3c07e881dd7aeae0a55189facfab1966c,0.6669161,1,1,1
fe487b3336f8279d8b74eff05c5ebfe6e01281f0,0.74622095,1,1,1
3076802a78f14eb1b4f23831d5a1ccec79b26554,0.7414527,1,1,1
5063d256221e7fe8a8c433401bea988d7ccb0a35,0.7074592,1,1,1
a6b9ca3f71d44dbe2562e13d63e4b30fcaccdf50,0.5129038,1,0,1
81fec3193ad12a0f78eb021c4a1548484595860b,0.4771526,0,0,1
902a680951f318488a4bbe0184a3a223c5709b01,0.1374449,0,0,1
b84f786db6d85cbf9973adfccdf135cb71824b87,0.55131316,1,0,1
a2b5c7a9aa0b5f617502bf6003d43913d507a11f,0.6354934,1,1,1
571725cb7bcf091b5457f1e2a857aa51e8a70f7e,0.7303945,1,1,1
10118c9c1b00d31868d6ab43e8171e3c16efdcfc,0.34195217,0,0,1
ee94e6d82370b6b6086cae2693dc2fe31388fb64,0.50878227,1,0,1
dc58a824466ed492fc6d5ab11960eb86584eff26,0.08240135,0,0,1
56c04300e8f05bdaccc2ec60fc751c09d86b7b68,0.40485048,0,0,1
03542311e2a461f0324ec700e98e78b5540bcff8,0.08146444,0,0,1
4746531428aaf9e3ae7d505b5a203350d138ea41,0.06739112,0,0,1
05b14fd01e43ab8a385bcfb53102a270ef2d9375,0.076739855,0,0,1
77868bf772a03d61701bc0d32dfafea63a0382c2,0.054981854,0,0,1
83fcd3e1e220b9f3aacc63aeb4da0a898684dd0b,0.05680339,0,0,1
dcde20001063fc25f622e4b1c7775f735a7255f0,0.092701524,0,0,1
82bd5be8735c01a767fc3ebc3eb92369ac68302d,0.06613659,0,0,1
e1188f368087ba4bcfada44d645e4f8661d7f9b2,0.22754034,0,0,1
2c03505da053d07cd3f729692738912bdfc2a5b7,0.31366184,0,0,1
3fd058c02a1f8881110409be33ad56d3af6386f6,0.7077241,1,0,1
bb3ddfe426cf4ff5390f742d35bdba02a4ce7624,0.69500196,1,1,1
09b1a632c17b34650d2bcf748be14690c9882e52,0.5458146,1,0,1
539e1ee1d68c27defd0aaad09a1a0b68e059de96,0.712147,1,0,1
da69323b29fe8e373364b9399bc67523dcf2af62,0.1082875,0,0,1
c1ad21bf966d01dc5cceca82f102c0f7843d5617,0.46346295,0,0,1
efa756288e712849c78c4230df05c2d1abeba91e,0.18205103,0,0,1
2f757454dc41f4d130234aea68b348da4f12a0fa,0.3905903,0,0,1
24b5e00be753889e4907473ce57271acb290cb67,0.37687296,0,0,1
7f293a06a0b7ec9b554d51f150991efa9b7dd54e,0.058560982,0,0,1
95a524ea06e546330ec3d95b9c139b7edc599b86,0.64596045,1,0,1
314dfa80d4e815ba3c689cd3ad0d508209665bf6,0.09311145,0,0,1
c07d659cf8f7b16452472da6052a1de326bcb6a4,0.3732023,0,0,1
545536e34f180edd32fbb21b0a5613e6407f0980,0.12744287,0,0,1
225afb8bad88c9bbb70b24d9ac3c28fb21f39465,0.37344208,0,0,1
041e9565ab8b187ad0b88780a5fc0a5ea24f29a1,0.2408133,0,0,1
c4828bfd09ea8c579fa8840cd77733c64b8ebb39,0.18847334,0,0,1
dcaacf4cae54fe199055830f097d4ed504b3238c,0.06653436,0,0,1
6f22f4b49c2a3a59840d28e6cbe0c37a56ab1f90,0.19412574,0,0,1
41fefde64401d2173ff019a896c4dd72b4fa5636,0.36011222,0,0,1
080e96a6cdea2f5fe8727b8249044b89bc54395d,0.5170469,1,0,1
497147e3e6ba0a50c32817e14985ca5bf1041f9d,0.5187071,1,0,1
40708bdf04dae6aa49bf8f3617f2efc16c83c5f8,0.33779228,0,0,1
84ad767a87c69a265e9105c51efdd87ee57b8635,0.55378556,1,0,1
f0e8d41fc8cc746ba9b66b72646db6bd8b25c6fc,0.67842084,1,0,1
df5930892d9c6eda392b96bdae2e7afd342f7866,0.7285696,1,1,1
0cdcb1fd8df9e9185cd3abb128d927d25d7de8b5,0.6686498,1,1,1
cf15c51722dd4b406876dce1ccd52eea787d84b7,0.56181777,1,1,1
b691f81b482175665b45cabc056e58ab0df03ff8,0.5926945,1,1,1
fc8ef4d22c95b13b907ed14b19cea8ff5fd1e653,0.4397292,0,0,1
8054f746bbd6191f5a297cf6f7f26f9fefaba307,0.720111,1,0,1
fa21d6f7e70f057c42d4af9c40ed47d3d841e5b6,0.5307074,1,0,1
bac647543497f0aa2a9f92fe726e1eb18631b4cc,0.5012025,1,0,1
cc6ace18900eb92606b6a312cb1ac5c4ab5f435e,0.7234435,1,1,1
c947676916c99f2feb5e183aef9629a1b21d863f,0.5483626,1,0,1
1f3dd9ff8a4f8302eb4c0bf4072d2bb7d8aeddd9,0.16230096,0,0,1
ca7f64f016d8354aecd38ef73405e1b3267ca791,0.84679306,1,1,1
06005610265c342b52051b997a43ad6e963c5a0f,0.6352491,1,1,1
4a8068579ea5bf1e637f8bed09a203508abde315,0.81963885,1,1,1
30c217ec400b9175e9490807748ec3e48fe2ba22,0.79340714,1,1,1
d80acb29c04a8e92a3ddbc539b0be8a521098870,0.7245084,1,1,1
e43138b0b5f0912cb358c0e73eb6247b273eba75,0.6269985,1,1,1
1b84f2ee7a41e8ab12faa73130187763ee5858ea,0.1434923,0,0,1
4b5ef21ed6104befc80e1dd501f964e7ca6f1ce6,0.090784274,0,0,1
c6c1971ca1fb5054a0847b0884488165606bd703,0.45436615,0,0,1
68e0a9c71443738b1842e99925d37bf545f5a151,0.75846064,1,1,1
7ebc8107a22038c06c0b0ff095f9f73d854e1422,0.46223626,0,0,1
9003b5b5aa4465e84c934819f45c1ab4365dc51c,0.2061485,0,0,1
4b8647bf6ce2b478e6bc90d0158ce81939a14378,0.0867604,0,0,1
2d1614a2077eab0b981d4a0c4c6e10a7ecda71cf,0.5211824,1,0,1
3631295c437c5b8915afc7b2b259496eb2d5d782,0.09583999,0,0,1
b12610d35e7798c66fc1d9b0811d10aadb87569d,0.074915454,0,0,1
f3a785108f853e327001dcd435e92525d7fba96c,0.31413352,0,0,1
881a4ee8db1e1826b749579d2284ace982c953ca,0.07553015,0,0,1
e91d0f0510ee8d69c76ee89b4e57341418866c6b,0.11751937,0,0,1
8f7c59ce888a687a6c9089caf0c5469984a073b4,0.4509209,0,0,1
3c644cf87ec8c0e6313b3a10b6cfd66279b8093f,0.7401157,1,1,1
fb7e1e265dd9e560b3a3127a6593b6602f60026c,0.7578078,1,1,1
1c9c43c1d4bb76d7e47cdfc9c6681a38305a95e4,0.8256567,1,1,1
18f181ada7826542725fa4a9460307d606695b5d,0.66507834,1,1,1
bb7e8951cb6ef08ca9df5fc036217c3a45c4d33c,0.0558848,0,0,1
e280c8636792c5426e54868d464c9d28287a98fb,0.10080893,0,0,1
54a7796ff234a9cbd2c66f8b1e5621f0898402f1,0.5560348,1,0,1
8e5867eda8328e4cb2e103d098d0c9f3c2fab50e,0.5904347,1,0,1
e42da5d9d21438c220768464b6a1f5b36bad92a5,0.091577396,0,0,1
c823ac5673e9da094a3b24b99987a533c548dac4,0.073801756,0,0,1
7573e9eec065ac1ccc2134aa751a191da3ca3dff,0.40356788,0,0,1
1cdc902f3d7cf877b4db7a31f19eb1dfd2fade3e,0.69044894,1,0,1
e9ea52189a92f7e2ab051e4d75c4e0c872034b18,0.52983576,1,0,1
ab0a2f761f4529daa0a1e7128ffb8ae417a0104d,0.71469545,1,0,1
7ebbaea90e8002f5542e22bbe92075ffb5383d2a,0.7482897,1,0,1
721730b00b1dc2ea616a3e7958e4ad15134de975,0.19456549,0,0,1
05aae985d9d0e26cf278cdd6f69672ebe3f8ed92,0.45210004,0,0,1
f7222ca6c3b6c1018a52fd649029394e6608f1db,0.618727,1,0,1
b285f17023da248bdcb3093283e4b9e930bdd09c,0.3175922,0,0,1
af858a6ca224946195b1923a780678b20cb99603,0.27024984,0,0,1
fa027a4685bacd9e32b3bc7d875717b4457f6829,0.73701674,1,1,1
edf56632b8a5413f5e0adfe2d1b65e595b88a1d0,0.81753063,1,1,1
58693fbcb3236a9adb0f47088d88ee3ef7178cb4,0.85357165,1,1,1
91291520cfd5f6c2c91fc242018860c5d1d277e4,0.7862541,1,1,1
7bbba6995a12412cd7cbe1ca693057c5299ab4cb,0.6499239,1,1,1
ea030e732e3556a2a4fa51bcaabc080927ddfa48,0.64156294,1,1,1
310008f48c0a830138d35b3024106560d55b6bd2,0.73144275,1,1,1
ca22dac3f852c7290f60c3c3a5d66fbecfba91f4,0.14554839,0,0,1
bcba29320f5f6f860335266d6be8249418ceaedb,0.33675638,0,0,1
9dc30fddc109504fc80fb62e33554d54cca47faf,0.7933608,1,0,1
764f56955d499fae11db1aed6e7f0d2d0886e6f9,0.79596704,1,0,1
2933e5773b1d64a9348024b2a6e8dc6dc90e6590,0.19451475,0,0,1
0fa8bcc008b6a011d6fe41e64ea4379d0b57f20b,0.3223049,0,0,1
7897aa6a83a5e63da487e72c2735fb042259f6e4,0.1283969,0,0,1
3b501993588d27d91ad526a436e3a10ecc8d6e8b,0.6680151,1,0,1
b353d07bcca9fb62ac387d69d3e99004e27f14c0,0.6223073,1,0,1
6b43922648fe2dfcb4cb1aaaf5d795f00a6aa174,0.16671655,0,0,1
b268dfbb824ef307862e489aef7e71bba4cdcac5,0.71354264,1,0,1
b957ee1646d893fd946a8b9a53c779957ae7a240,0.1478639,0,0,1
996c0c164a083c3dc2fbf2768750e3b3a81d77e0,0.51729864,1,0,1
12ddf37f23cd77903729b3e611ffae10e96ded47,0.079084806,0,0,1
7e6304ce63da6c6341cb072abfd08caf0456328e,0.6885831,1,0,1
b9b73fbef5c0f18aaef22ef60442518d7f23ec83,0.42099592,0,0,1
675d4c8fc848ec5438e48deb2e8218b6f0078814,0.81946313,1,1,1
dc666f419e691e6a04342bdd9cf2e899455a8738,0.7765727,1,1,1
9bab875f03ffea0aacd1d92fbbecc96d491c1201,0.72485447,1,0,1
8d3d915dbd0ccf716f0d15b6b2396cff214d9cd3,0.76471716,1,0,1
326beb22c6aa872cbc0ad3706cfbe706bf9eab41,0.15067568,0,0,1
ad882055edb50369bd174ae56a372838aa89cdae,0.72234446,1,0,1
a7363a2ae67b585790896de45f57154474480fc9,0.65878254,1,1,1
2bc9e7ea86a8cc1c3b2436c46115c87080228004,0.70358384,1,1,1
76f154179b8dc6940355d7fe7db468314ca39e84,0.6340982,1,0,1
4080feff61e8dc1cd4af2361990c33c9f1014147,0.25513855,0,0,1
97accb47de63ee5063eda23641c6017e29ab81d7,0.2000746,0,0,1
cde43197f980538e411d851735ac7a63ddd613e1,0.59933287,1,0,1
0dec6e76fb544fa3e8bf5fd17f16314735971dd7,0.57005453,1,0,1
f820d06fc0d1204b0cb386214ffeb42ccec669ec,0.5780038,1,0,1
566c4d59a177be4b65d17540576eeb34d28d24ce,0.51536065,1,0,1
a516976947341e0e18bcc0858d85d34cd0c02cdb,0.12579535,0,0,1
7200c43dea3dbfbd9d38b937c44b6e71744b05c5,0.7020551,1,0,1
596ccd59a11ad5e9fda19ccd0f4fc714d8d3394d,0.59170973,1,0,1
301ad592142079d36f4d33f5309c103c7f4f5dfb,0.31568456,0,0,1
