commit_hash,prob,prediction_label,true_label,cluster
6e710a1f78a4a733020a4b2d1f07b6fe4c6684f0,0.4232686,0,1,0
951b253fc38c09114d0fe273a3758a15c151a8b4,0.5895082,1,1,0
f3539c7eb312b127122084279002d3fd238c9a17,0.41577038,0,1,0
7aa5ba380ef6aea0f2f594873b4c7378adab0f18,0.47371492,0,1,0
def1380280b9be6d166d3938ea4b0254e9b55dc9,0.51486933,1,1,0
cc06ae9bf7a1fb6cee46c40d2a6388ac05d3f5d1,0.47017056,0,1,0
7972f1ac1b85a5174c9f293ad98abc87edfe42e6,0.41843736,0,1,0
bd1c4ff86fa21358949e925274f5b8146f5d02cd,0.4133096,0,1,0
be2aa80bc371d600ab2230c545051ea6454577f5,0.5613517,1,1,0
68b033741b02c3ae54d649e858790732bc5c2d27,0.34418446,0,1,0
4f5d25205a9cec988de300a452d641a155406b79,0.41799816,0,1,0
d1e97bc85338c563f4f732bcf917a08b3cbf4792,0.54657716,1,1,0
d40c01673e866c3c3b5b51bce66e9518924cc31c,0.44946077,0,1,0
5f7d5690a97b2ad95bbe381695638f0c7ca2c4ff,0.31284484,0,1,0
8d340a008767c5d954b7539e825b4c90eb15ab9b,0.49475566,0,1,0
84e490b66f61e11366b62efc42e64b60ae7db35b,0.47593406,0,1,0
fc939bf6838f4bf986e0b42fddee3df6712371a5,0.4031044,0,1,0
5c798eb50aec6040f415b6def1912d4345f8310d,0.42671615,0,1,0
d1758567765117cd395ea47319d3acde7fc663b1,0.5065451,1,1,0
517b8beb06f63301629f0ec3f58f6b667061d3fd,0.56491995,1,1,0
5c715cd84d600c0df0215846efaece2ab4673546,0.39296028,0,1,0
dff4cea14174548f52d6fcc66c9bfd7a339b7336,0.48332512,0,1,0
02ae34d1d3f3c9f9c25160cb14c119958f25af13,0.2238875,0,1,0
8e0e1c32ff1ed1da4f09fc9917812e6457e6fef7,0.5402786,1,1,0
18c5b2536c114c86b810bb3ee94474fec596a462,0.084849596,0,0,0
c6e4d8c9f534d3e70e79bf718e40724d56186109,0.5117531,1,0,0
5b5ecff53b50a67179f6245bf60047c59f027e26,0.32548434,0,0,0
46dcd98ceb70720f96d4cfa23b001ff108bdaebe,0.27652615,0,0,0
dcbfc80c4a14b91194fc8b74760b079cc0a4ce42,0.30106154,0,0,0
23492711d234f2fa647bac46997e361bcf985423,0.47526383,0,0,0
f10279a29d47d389a31da907695673a992555adc,0.5303184,1,0,0
8d5925b52b48b4c69934ea5c48aa298a2ec74e84,0.3379068,0,0,0
a30aafa016409048747fe9730d6f7892eb12d7c5,0.36086604,0,0,0
a3611513fc4de7234ef49ae46d646b0795ac7110,0.3132997,0,0,0
d0eb1d1dd1d9aed27c433d78a76962340fcbfc1d,0.40896004,0,0,0
1ae9dfaf45e0a51ee7d604551f7e1932d1787975,0.2625938,0,0,0
1c2d56e8a91b0f64317a9e02cfd4b45b03d3019d,0.3038082,0,0,0
2cd92aa6e3f44df6b0552a28b83022a7f92f8946,0.32931644,0,0,0
79ad715f02e02af76da0c6e47c164a80768a01ab,0.30633911,0,0,0
e5b948a1687270192753993c998d61c7a91faf49,0.24944222,0,0,0
b81a48d78dd9be1c3eae57cece4c88df92c30247,0.25967225,0,0,0
0b873b95a840f8cfdb51f4ceea3b524d46d20715,0.16420884,0,0,0
e350a38760c93e373562d6a3e906df5904250146,0.5166828,1,0,0
660431cf4f7e2bda887a0e35ad3a76bdccc14110,0.2845141,0,0,0
f65e9aa63f8f266023a986507834585a9580c555,0.066998646,0,0,0
535cbcd9f20b29b3c5a5d69f654cde57969b3788,0.05162872,0,0,0
2d650f890ff1409f2944bc56cdc4b518b35e06f5,0.046753746,0,0,0
1c4f7bde1c8f7d8c0e09484daa626fa4f40e38e6,0.04421009,0,0,0
b9a22fb6f6f460287993d3cf087ae5ff036a6c21,0.06894727,0,0,0
14d6a09601b68f60e6b18142b597a6890e5d581b,0.23818465,0,0,0
54fdc54dd24c9ece2bfc32ca12e88545ec923a96,0.27176028,0,0,0
0ff7c091143e8326eb88dabce078ca76778a587b,0.36092994,0,0,0
32ed6601f216dd1300876719cce837bfa9824e26,0.36502382,0,0,0
7df11e15457e8d8bf4e5730d20ec2412c429e091,0.42400062,0,0,0
15f7f84678a24533e42f2fde230c5f68d1b33035,0.3440994,0,0,0
2499f70cabfc8d17f2c6de124a81fc0940a70fa9,0.39274815,0,0,0
6526a5e83c1fb9644da34e44fdc5a3bb8a357c84,0.45601305,0,0,0
5904d90ade8663f5552b51036740352a9b796892,0.055535376,0,0,0
fdb75911387f77912c37dcee0af4a2f2e0977f3c,0.073603384,0,0,0
538a97b115ba4ea44c57898ac7c4fbb77fe0e9b7,0.41825035,0,0,0
fa0478f4f6fb724233dc3e00a9f8dc557ce7cdbf,0.37883157,0,0,0
ec81d7ca5100fd97fe8428db02a2cdde967ac87d,0.4158984,0,0,0
81c40b9820625d3f529b116baf6b4a3d45dd2f75,0.2783747,0,0,0
2b085ae34295d5ae1d7eaea5a55a2df220bf1bed,0.048055843,0,0,0
d6a354e203e4901d3eb6a36b3aba620fdb222da7,0.07780093,0,0,0
37787b96ab21fc226ff267aa26ae58a58b2d20f8,0.0802604,0,0,0
f2f704eabee027175b0c1eaf934c08e7721a9b24,0.40000808,0,0,0
e1fc87d2d57c2d7ee941e651f33b582fb000dd73,0.04360738,0,0,0
fa8f024d082998c7ae48b21f3eb6f8f2ca56a719,0.381416,0,0,0
6bce493e47fdac9e64a9ae1cb3c358f31975a43a,0.37848315,0,0,0
9daac904cbc627e4a43e72f72159c552b25caf74,0.27695656,0,0,0
658d5a97c708a926b0425585f9437a0c1fc2b81c,0.4279977,0,0,0
db695fe90b181948f271e4970ec83d4de9348577,0.48869205,0,0,0
9c06ff87decab7357d44d8766f6a277ff887d921,0.34593397,0,0,0
198d448ceab2bc061d18a1a689056bd2b96b76c5,0.01634373,0,0,0
46b15af8c5fbfb026be350ae16eca89fcdc87aac,0.04528314,0,0,0
b7e86cdd772cc47a031d187b79d075af8155c2e0,0.23102371,0,0,0
198e589e62f687a91d4c27057ebad918e9f9bf3f,0.38210425,0,0,0
fa510146c09a498e25e590ef5cc558074337fc4f,0.3888936,0,0,0
badca06dd1c70207215c7186a31955901b637661,0.29606593,0,0,0
91ac1574aae31a29baf883d2cf45e4e1f5aa9bbf,0.43255356,0,0,0
82ca28e2ec8fe9771f01b5aab3386311ecab80df,0.28170174,0,0,0
9f8120beb6b351608652002e057f97f8f6c0dfc3,0.48728067,0,0,0
c66b23747627a2b432e0068561d457cab9f97ead,0.27460542,0,0,0
a6a5e3033d424468cbd3a6af051aabf3b5bd4d00,0.4377537,0,0,0
2902a9a3c07e881dd7aeae0a55189facfab1966c,0.14430016,0,0,0
fe487b3336f8279d8b74eff05c5ebfe6e01281f0,0.33641168,0,0,0
3076802a78f14eb1b4f23831d5a1ccec79b26554,0.32948962,0,0,0
5063d256221e7fe8a8c433401bea988d7ccb0a35,0.44978735,0,0,0
a6b9ca3f71d44dbe2562e13d63e4b30fcaccdf50,0.3985855,0,0,0
81fec3193ad12a0f78eb021c4a1548484595860b,0.45752063,0,0,0
902a680951f318488a4bbe0184a3a223c5709b01,0.40322858,0,0,0
b84f786db6d85cbf9973adfccdf135cb71824b87,0.43434125,0,0,0
a2b5c7a9aa0b5f617502bf6003d43913d507a11f,0.47763208,0,0,0
571725cb7bcf091b5457f1e2a857aa51e8a70f7e,0.051841155,0,0,0
10118c9c1b00d31868d6ab43e8171e3c16efdcfc,0.3276994,0,0,0
ee94e6d82370b6b6086cae2693dc2fe31388fb64,0.4478187,0,0,0
dc58a824466ed492fc6d5ab11960eb86584eff26,0.45400852,0,0,0
56c04300e8f05bdaccc2ec60fc751c09d86b7b68,0.3083165,0,0,0
03542311e2a461f0324ec700e98e78b5540bcff8,0.02850774,0,0,0
4746531428aaf9e3ae7d505b5a203350d138ea41,0.41739708,0,0,0
05b14fd01e43ab8a385bcfb53102a270ef2d9375,0.40517294,0,0,0
77868bf772a03d61701bc0d32dfafea63a0382c2,0.4040429,0,0,0
83fcd3e1e220b9f3aacc63aeb4da0a898684dd0b,0.046135686,0,0,0
dcde20001063fc25f622e4b1c7775f735a7255f0,0.022678398,0,0,0
82bd5be8735c01a767fc3ebc3eb92369ac68302d,0.34554905,0,0,0
e1188f368087ba4bcfada44d645e4f8661d7f9b2,0.4422703,0,0,0
2c03505da053d07cd3f729692738912bdfc2a5b7,0.40620935,0,0,0
3fd058c02a1f8881110409be33ad56d3af6386f6,0.4305449,0,0,0
bb3ddfe426cf4ff5390f742d35bdba02a4ce7624,0.37033123,0,0,0
09b1a632c17b34650d2bcf748be14690c9882e52,0.35567683,0,0,0
539e1ee1d68c27defd0aaad09a1a0b68e059de96,0.05672831,0,0,0
da69323b29fe8e373364b9399bc67523dcf2af62,0.04204573,0,0,0
c1ad21bf966d01dc5cceca82f102c0f7843d5617,0.049283095,0,0,0
efa756288e712849c78c4230df05c2d1abeba91e,0.06489201,0,0,0
2f757454dc41f4d130234aea68b348da4f12a0fa,0.22830845,0,0,0
24b5e00be753889e4907473ce57271acb290cb67,0.35309446,0,0,0
7f293a06a0b7ec9b554d51f150991efa9b7dd54e,0.09952315,0,0,0
95a524ea06e546330ec3d95b9c139b7edc599b86,0.02773932,0,0,0
314dfa80d4e815ba3c689cd3ad0d508209665bf6,0.19278632,0,0,0
c07d659cf8f7b16452472da6052a1de326bcb6a4,0.06405837,0,0,0
545536e34f180edd32fbb21b0a5613e6407f0980,0.05922301,0,0,0
225afb8bad88c9bbb70b24d9ac3c28fb21f39465,0.26352206,0,0,0
041e9565ab8b187ad0b88780a5fc0a5ea24f29a1,0.39002952,0,0,0
c4828bfd09ea8c579fa8840cd77733c64b8ebb39,0.035679374,0,0,0
dcaacf4cae54fe199055830f097d4ed504b3238c,0.03351876,0,0,0
6f22f4b49c2a3a59840d28e6cbe0c37a56ab1f90,0.27973768,0,0,0
41fefde64401d2173ff019a896c4dd72b4fa5636,0.34387115,0,0,0
080e96a6cdea2f5fe8727b8249044b89bc54395d,0.21748427,0,0,0
497147e3e6ba0a50c32817e14985ca5bf1041f9d,0.054996077,0,0,0
40708bdf04dae6aa49bf8f3617f2efc16c83c5f8,0.07042213,0,0,0
84ad767a87c69a265e9105c51efdd87ee57b8635,0.07504359,0,0,0
f0e8d41fc8cc746ba9b66b72646db6bd8b25c6fc,0.33343282,0,0,0
df5930892d9c6eda392b96bdae2e7afd342f7866,0.05378412,0,0,0
0cdcb1fd8df9e9185cd3abb128d927d25d7de8b5,0.45003885,0,0,0
cf15c51722dd4b406876dce1ccd52eea787d84b7,0.3634754,0,0,0
b691f81b482175665b45cabc056e58ab0df03ff8,0.02610416,0,0,0
fc8ef4d22c95b13b907ed14b19cea8ff5fd1e653,0.3210359,0,0,0
8054f746bbd6191f5a297cf6f7f26f9fefaba307,0.022903334,0,0,0
fa21d6f7e70f057c42d4af9c40ed47d3d841e5b6,0.32547092,0,0,0
bac647543497f0aa2a9f92fe726e1eb18631b4cc,0.39556628,0,0,0
cc6ace18900eb92606b6a312cb1ac5c4ab5f435e,0.40258193,0,0,0
c947676916c99f2feb5e183aef9629a1b21d863f,0.54649085,1,0,0
1f3dd9ff8a4f8302eb4c0bf4072d2bb7d8aeddd9,0.26242477,0,0,0
ca7f64f016d8354aecd38ef73405e1b3267ca791,0.3194516,0,0,0
06005610265c342b52051b997a43ad6e963c5a0f,0.27982447,0,0,0
4a8068579ea5bf1e637f8bed09a203508abde315,0.0418512,0,0,0
30c217ec400b9175e9490807748ec3e48fe2ba22,0.048052594,0,0,0
d80acb29c04a8e92a3ddbc539b0be8a521098870,0.02529089,0,0,0
e43138b0b5f0912cb358c0e73eb6247b273eba75,0.04966488,0,0,0
1b84f2ee7a41e8ab12faa73130187763ee5858ea,0.049330387,0,0,0
4b5ef21ed6104befc80e1dd501f964e7ca6f1ce6,0.5137407,1,0,0
c6c1971ca1fb5054a0847b0884488165606bd703,0.36620727,0,0,0
68e0a9c71443738b1842e99925d37bf545f5a151,0.43421003,0,0,0
7ebc8107a22038c06c0b0ff095f9f73d854e1422,0.36669615,0,0,0
9003b5b5aa4465e84c934819f45c1ab4365dc51c,0.2393425,0,0,0
4b8647bf6ce2b478e6bc90d0158ce81939a14378,0.43957368,0,1,0
2d1614a2077eab0b981d4a0c4c6e10a7ecda71cf,0.44353792,0,1,0
3631295c437c5b8915afc7b2b259496eb2d5d782,0.55670923,1,1,0
b12610d35e7798c66fc1d9b0811d10aadb87569d,0.49001083,0,1,0
f3a785108f853e327001dcd435e92525d7fba96c,0.5462039,1,1,0
881a4ee8db1e1826b749579d2284ace982c953ca,0.49252135,0,1,0
e91d0f0510ee8d69c76ee89b4e57341418866c6b,0.4579741,0,1,0
8f7c59ce888a687a6c9089caf0c5469984a073b4,0.4512691,0,1,0
3c644cf87ec8c0e6313b3a10b6cfd66279b8093f,0.43321738,0,1,0
fb7e1e265dd9e560b3a3127a6593b6602f60026c,0.4592086,0,1,0
1c9c43c1d4bb76d7e47cdfc9c6681a38305a95e4,0.46117762,0,1,0
18f181ada7826542725fa4a9460307d606695b5d,0.3355877,0,1,0
bb7e8951cb6ef08ca9df5fc036217c3a45c4d33c,0.33423454,0,1,0
e280c8636792c5426e54868d464c9d28287a98fb,0.22530165,0,1,0
54a7796ff234a9cbd2c66f8b1e5621f0898402f1,0.043773137,0,0,0
8e5867eda8328e4cb2e103d098d0c9f3c2fab50e,0.03570819,0,0,0
e42da5d9d21438c220768464b6a1f5b36bad92a5,0.41342568,0,0,0
c823ac5673e9da094a3b24b99987a533c548dac4,0.2856979,0,0,0
7573e9eec065ac1ccc2134aa751a191da3ca3dff,0.29142603,0,0,0
1cdc902f3d7cf877b4db7a31f19eb1dfd2fade3e,0.4777359,0,0,0
e9ea52189a92f7e2ab051e4d75c4e0c872034b18,0.32505843,0,0,0
ab0a2f761f4529daa0a1e7128ffb8ae417a0104d,0.4036062,0,0,0
7ebbaea90e8002f5542e22bbe92075ffb5383d2a,0.33846718,0,0,0
721730b00b1dc2ea616a3e7958e4ad15134de975,0.36959052,0,0,0
05aae985d9d0e26cf278cdd6f69672ebe3f8ed92,0.2622665,0,0,0
f7222ca6c3b6c1018a52fd649029394e6608f1db,0.39487985,0,0,0
b285f17023da248bdcb3093283e4b9e930bdd09c,0.19958985,0,0,0
af858a6ca224946195b1923a780678b20cb99603,0.44316152,0,0,0
fa027a4685bacd9e32b3bc7d875717b4457f6829,0.03991239,0,0,0
edf56632b8a5413f5e0adfe2d1b65e595b88a1d0,0.3669346,0,0,0
58693fbcb3236a9adb0f47088d88ee3ef7178cb4,0.046784017,0,0,0
91291520cfd5f6c2c91fc242018860c5d1d277e4,0.3517359,0,0,0
7bbba6995a12412cd7cbe1ca693057c5299ab4cb,0.05521461,0,0,0
ea030e732e3556a2a4fa51bcaabc080927ddfa48,0.47638142,0,0,0
310008f48c0a830138d35b3024106560d55b6bd2,0.27967423,0,0,0
ca22dac3f852c7290f60c3c3a5d66fbecfba91f4,0.14940725,0,0,0
bcba29320f5f6f860335266d6be8249418ceaedb,0.047649957,0,0,0
9dc30fddc109504fc80fb62e33554d54cca47faf,0.29128376,0,0,0
764f56955d499fae11db1aed6e7f0d2d0886e6f9,0.16693303,0,0,0
2933e5773b1d64a9348024b2a6e8dc6dc90e6590,0.2775696,0,0,0
0fa8bcc008b6a011d6fe41e64ea4379d0b57f20b,0.03279137,0,0,0
7897aa6a83a5e63da487e72c2735fb042259f6e4,0.4974758,0,0,0
3b501993588d27d91ad526a436e3a10ecc8d6e8b,0.1834894,0,0,0
b353d07bcca9fb62ac387d69d3e99004e27f14c0,0.4568902,0,0,0
6b43922648fe2dfcb4cb1aaaf5d795f00a6aa174,0.38443685,0,0,0
b268dfbb824ef307862e489aef7e71bba4cdcac5,0.28121752,0,0,0
b957ee1646d893fd946a8b9a53c779957ae7a240,0.24022147,0,0,0
996c0c164a083c3dc2fbf2768750e3b3a81d77e0,0.027314039,0,0,0
12ddf37f23cd77903729b3e611ffae10e96ded47,0.28003109,0,0,0
7e6304ce63da6c6341cb072abfd08caf0456328e,0.2977721,0,0,0
b9b73fbef5c0f18aaef22ef60442518d7f23ec83,0.27055612,0,0,0
675d4c8fc848ec5438e48deb2e8218b6f0078814,0.021855218,0,0,0
dc666f419e691e6a04342bdd9cf2e899455a8738,0.38669002,0,0,0
9bab875f03ffea0aacd1d92fbbecc96d491c1201,0.06205034,0,0,0
8d3d915dbd0ccf716f0d15b6b2396cff214d9cd3,0.36424625,0,0,0
326beb22c6aa872cbc0ad3706cfbe706bf9eab41,0.033756517,0,0,0
ad882055edb50369bd174ae56a372838aa89cdae,0.29724213,0,0,0
a7363a2ae67b585790896de45f57154474480fc9,0.06735171,0,0,0
2bc9e7ea86a8cc1c3b2436c46115c87080228004,0.4025922,0,0,0
76f154179b8dc6940355d7fe7db468314ca39e84,0.058442008,0,0,0
4080feff61e8dc1cd4af2361990c33c9f1014147,0.1337919,0,0,0
97accb47de63ee5063eda23641c6017e29ab81d7,0.43060526,0,0,0
cde43197f980538e411d851735ac7a63ddd613e1,0.36151448,0,0,0
0dec6e76fb544fa3e8bf5fd17f16314735971dd7,0.023520336,0,0,0
f820d06fc0d1204b0cb386214ffeb42ccec669ec,0.27648124,0,0,0
566c4d59a177be4b65d17540576eeb34d28d24ce,0.32613438,0,0,0
a516976947341e0e18bcc0858d85d34cd0c02cdb,0.14545923,0,0,0
7200c43dea3dbfbd9d38b937c44b6e71744b05c5,0.22317606,0,0,0
596ccd59a11ad5e9fda19ccd0f4fc714d8d3394d,0.037422888,0,0,0
301ad592142079d36f4d33f5309c103c7f4f5dfb,0.3862695,0,0,0
f8a8ea748a0b3015490ccecec7b97f0ab2daf9c4,0.03452881,0,0,0
8aec465b44dedb7deacf80111ea5286914093094,0.28728735,0,0,0
34f3f4196084768b2ef6b3db4608d8eccec50364,0.22823839,0,0,0
c53f2106109153eda10c47a6960a5a579d1530b8,0.29997972,0,0,0
17f52a2e559e68d5c6ccc98fcebb5523161fd0ed,0.33673865,0,0,0
fd7a4362caf2cd69368a38f2f71ffe19706e341c,0.57971996,1,0,0
753f278d10fc0c92e912965379401ac182644101,0.041508567,0,0,0
491786ce4182daa57ea61deaf701f756f57f6f1e,0.18424362,0,0,0
de73ad3115c19d5f0771754d233d74055a2a10bc,0.040820893,0,0,0
d5f586bd4e1a20fc09a33aaa5c2b9320f4a2aa72,0.36596924,0,0,0
8d4fd1dabbae4d7ebc2b273af9275ef8bd0e1ce1,0.22129658,0,0,0
6e5eedb3fcebc5894c41733bd26c8b4d9197873b,0.23738681,0,0,0
3b7d0b95466139a147fc504b7c18897dcc826c65,0.13766824,0,0,0
6a82f92584b36e28798479c82c0d3263c6347b90,0.32164043,0,0,0
b8e9475505fee98aae2819c03a33c7aa3db843d3,0.13766883,0,0,0
a14acdf6395f588dda7597bb4c7810dacaa503d2,0.12308377,0,0,0
85a20aad64be04127106f492e26f6ad6d6c228c8,0.37544906,0,0,0
1325e114108136eea3fe77a4a270a2da7eff98e2,0.040915847,0,0,0
bae46709ecb13f80aaad0d279b3618ab83d09275,0.051610805,0,0,0
dc5f850d1d9b0b952b7f0dabd6778cf0f7675cba,0.14985044,0,0,0
b4abfb93676fb0abbab1d9bac40ba2714a3872f5,0.058380127,0,0,0
9a9e7268162f9fed146c74a8acbd234d9bc2ed84,0.046726827,0,0,0
b262c2359c9ed53dae3ce2ce7a0092273f4eec65,0.12845449,0,0,0
c30b59103b6f1390b0040ee74b985248e8b1b849,0.15659565,0,0,0
0f36265123605cac6af05b7b8c8f4036b58f4da4,0.15971857,0,0,0
cb177b56b7664ab323558545737646896f4d7e70,0.12664849,0,0,0
15bdcc3be2b84f68ddcd822da52ef045ed89e57b,0.30085215,0,0,0
6a8ba1fecb47e5ffd5387654d0cdb7c372ccdc9d,0.047667302,0,0,0
75efbfd6b21ab36fdbc440bc001c133f824bdc3e,0.26584485,0,0,0
f7e42d2ccf949a5893a439227c8c6bafd2598f26,0.46530697,0,0,0
c7fcb448c99ae5fe9db9b217bea1233df3ee6e57,0.2612379,0,0,0
d0721feadc1e0cae6efa3e0d82f523debc5b8d97,0.31445292,0,0,0
5f47ad718e0ffcbbe6cd2f8d32b2e345c4af3a48,0.31246236,0,0,0
745d383af12137ccbcbe1f3cb4c9db73f87a66ca,0.03705979,0,0,0
d746a54c2ee50711283bb49e557f58ca491e1bac,0.019495439,0,0,0
a56d4998cf16ff08f5593fb7d4dda66ca05dc269,0.060586274,0,0,0
03e65c98da2a0b2e27b14713543c2a61d56b1237,0.032957796,0,0,0
0d3545e5f68d024cd4a05724a15746d8dad986d2,0.412798,0,0,0
6b1b592887d9ce95fb5af1e216bff56b18c7902c,0.21815073,0,0,0
ccd0fd51a5712ef1d85110eb61130c906fe4db13,0.39384022,0,0,0
d98897b11e6f4adf1d0a91591b1bb6be501cd29e,0.42174774,0,0,0
4e08e17ec536038c9c0dd888f77b912cae82816c,0.043083243,0,0,0
86eb3a2fa74988e4ccf3aae7f4b77edb84555320,0.022474123,0,0,0
45df5da2640f8f097915b8a2a0249ef0f6cf514e,0.41806763,0,0,0
76b7413d2b1eb2dc22f05de5b76f9519be5142e0,0.25676334,0,0,0
bfb3cf8bba6aab198c4644e236bbc9f3807111d0,0.28632236,0,0,0
093e3bb2e3cd9992f3f0d14373d406bb9b2ed36e,0.39223054,0,0,0
c440f668aca99266b5379235f6d99d378630c938,0.42442054,0,0,0
a1c5a582760c7f65572d0883fbcedc843332d7eb,0.3387436,0,0,0
0a499402d707bc8cf775d7f9b3840780a7401f7d,0.057317715,0,0,0
8e4e5221515f820108f48396a18ceaed73de8dc1,0.29627118,0,0,0
3a4e18ddf151a624eb5c3596ce8400ca4679ef97,0.25392675,0,0,0
8ed40d530295d819e0ca964b2d4542f6ca6a9929,0.17164455,0,0,0
a6abb8b00355db97486ab5023305c3f4e9e19ad3,0.03972375,0,0,0
b494caa01985c623601735f1bc10871cfb8aa048,0.040381752,0,0,0
5597ed7ea300ae3d08cd893b0133bce26038a7df,0.2661457,0,0,0
002276ea313fd880122502e9840b43f996acd537,0.19145118,0,0,0
bd5afc0b5a977c168cf046e3244477b48fa72c5d,0.42491433,0,0,0
b313ae68888445f4c08521bbc8d19f39310c6890,0.28912455,0,0,0
a675ca7802065f459a96bdbd593d8dc491180cbf,0.43467903,0,0,0
8be87e032a8c05622148357f30bdca3c614a669f,0.3575135,0,0,0
96eb80efe1da48f37846aa899260aa0c84b15944,0.034813143,0,0,0
75c2b24c681e314c4e4e07243b31430ba4e42723,0.42307293,0,0,0
276e22858cdd56f5725e0c2f7a3522df99967973,0.053519707,0,0,0
471e6b078a7891aea99b77f200e828a7b1c9bc00,0.04365403,0,0,0
6d7ee38ceed6b496d70502e276f80be6de618014,0.04886997,0,0,0
5cfd99f0dcd0d10689e480f0854e859079f125d0,0.031659514,0,0,0
ed6c47dd9ebbb2e38fb3e17a2b961f0fcf0e6df3,0.024078062,0,0,0
1fe7a43505aa9d00bd9dde45aee77935a5147561,0.45379418,0,0,0
387880a630c65b955a3329a2f7b987214c41f6da,0.31724107,0,0,0
cf4416a84203ff9d360d4398da3b166e6d0c72b9,0.0380412,0,0,0
a7fe613853516f0abde34821996a0424882bb919,0.06373602,0,0,0
7a8a7783315917b56b6a71c4f28cec4ed1d91a7f,0.38563257,0,0,0
9c545d44a4a703c88d417a6fa43298a80ee67735,0.32251987,0,0,0
4f73871cf40b6dd05c8872d39246c67f798ed915,0.27986252,0,0,0
41f297809965523fcd021bef20b304b3584d9b4f,0.076500796,0,0,0
03178c8b15f1b522b98ded0f83cfb0e79f5ec4d3,0.041555528,0,0,0
f70741c9b216d3836d047c542847920d4778cf9d,0.052141823,0,0,0
5ca0a1c3564d35293a5ecf03e5f32e6f0f6f445c,0.3689761,0,0,0
4c4b3e2e32ddae35e4c1a6ffce1cd2b2eafa958b,0.040987685,0,0,0
72a46babeb0da02071e47425ebd55da915b98178,0.34821987,0,0,0
9c51e5316babbd370bc32aed0fee134216726ec9,0.051631104,0,0,0
392323e2d44bacdac605c1a4f037f06e21dcc239,0.3566742,0,0,0
10dc13c80752b0489d291b54440212ca54c59fee,0.44038266,0,0,0
7b9df59a96adfce979c8c564dc5eaa6a29b7f25f,0.37064323,0,0,0
818533e92bfb1c142ae4ce5be18ab92d1ae17025,0.053159554,0,0,0
47fa07eade06908ded4206651571e71a2fe684a6,0.3811515,0,0,0
46e97d9e04591e8198ff38bd2949fd5514da0d3e,0.03621355,0,0,0
08cc26e70bf145aca293d55fce12aef835263f53,0.2519905,0,0,0
6c21bdb4a107b49e57c9e5d6598d13ce6f85fc5d,0.03780526,0,0,0
18a027b1f04e420c18ae57aebe8fd031b5ff251c,0.041772068,0,0,0
82b84c0fe9054198099752a66575cec0c47524c8,0.12167662,0,0,0
b10b90b0a3947bea98e3646e7d29f853f3b5c6f7,0.12005361,0,0,0
8c141a1705808491f16a27b53e1ff0db0a2807fd,0.048375152,0,0,0
40f969bc9e162deead55967da3c128e2da933dfc,0.02959073,0,0,0
f348d34fb1ef3c968e2981283618aa85db203901,0.03672645,0,0,0
999761ba1bc5da820a1d2527c4aae29d95a7013a,0.36538294,0,0,0
ce131449a4ca0b06c6bb27ee5d8d6d89b1467bbd,0.57397294,1,0,0
924e1e9064f90d958b4f57e9c9c0c543bd19dcfb,0.39635396,0,0,0
f36090e3141cd3cd6fd58f1f46a30af2582559be,0.42355302,0,0,0
6fe2094e30107512e470571bceac91cbedbd21d0,0.24124072,0,0,0
fb0078159d2463da149de54018fca79a9447153e,0.051555716,0,0,0
73351b6adbf403600521505bef288057beb2bdde,0.3993721,0,0,0
079a07fe18f654632b80b274f247775582261e5a,0.40540877,0,0,0
4158323ee456bd412e7357a4a6bc8bf50deb5d9e,0.10699344,0,0,0
2fd6c8fa1e392f985ee860d8ee154a612ddde569,0.44758636,0,0,0
66d0a9a0a00dbb259425f17745f7dddd7e676f71,0.08588604,0,0,0
e14d9ce8e3c57b7352a647c0a8e62eeb88ebfba4,0.042857457,0,0,0
9e0c5ad4b3148f42f3940faf7d67b305e34bef0d,0.047559664,0,0,0
fa1aa44c7623fb2142e588c59eaf56db7bc237eb,0.0386894,0,0,0
8fdda846c4653b6ccd49c47a9586c374bb20a255,0.3137888,0,0,0
a94ff90ab6cd2d92ccb2eb1fd7913b4e5256f02b,0.059466317,0,0,0
268bcd622685b28c2d50bcbce64ac38f7e90390b,0.34218383,0,0,0
09e31a01b51d7418fa0034ecd4cc11848436fc18,0.20143798,0,0,0
487ac1980148522d628e1d2aab50b107c372798b,0.40514827,0,0,0
34646ec9b52192a71e52ffc09cf7fefdd506c48c,0.257974,0,0,0
7afc1c34fc16ec04f82105f9106b7d1e5232c4d0,0.20308489,0,0,0
00439211981af7b5baed495f526ef8ad76ee7c5b,0.05265763,0,0,0
1d635088f697178660b6e1c9a89d2b7d3bbe2d29,0.07895512,0,0,0
a4a62ed7c1e3c7aae09324f0ad1c6078f0fba471,0.025878452,0,0,0
b3a68ca842841c4b9713462d5f01742cf71a6b4a,0.029460132,0,0,0
2d868410eead061d59de524bada4de9e3d2bb442,0.029703744,0,0,0
813aa11d505b9507b6795d36070806cb2d96e5c2,0.42887995,0,0,0
88b29fa46bcf6f56df4213e1ba7810735a28d755,0.48809844,0,0,0
eca374db08ffbb3dd8de746632fbd74acb8f2c92,0.24944139,0,0,0
2ab17f529d07c1f618ea08d968b2fdf3a382a792,0.14543955,0,0,0
9a87c766bb3137a50656871e5dee5a309543bc7d,0.30162475,0,0,0
9ce4e1a371418e5eacc69227885815f9a4221c65,0.3075289,0,0,0
c7f7da754a911302dcaa6935be6fded84e1ac348,0.31352335,0,0,0
4cbb388ba9099be121f81d75000acc3af93bf993,0.085908055,0,0,0
87497c72460c9c58f829a372d741b386fc2ac8f8,0.15144594,0,0,0
921d0d60d40d8fbda29f14a64e848c70026ea32e,0.13281243,0,0,0
f9e72000a17eb9d524b38a9f2c982c037dd94891,0.3878757,0,0,0
e34f50dd1083fa8ed9fe25fe701b64bd2ea7efc0,0.1870065,0,0,0
581b474f4b194731eb9cb22cdde7330a1ec81c3b,0.31939614,0,0,0
e0d17fed51f5018fc34578699d824c20efc44368,0.3337565,0,0,0
4fc5b3402c58d6a4b317bf23b896ea91d22af6fe,0.32650673,0,0,0
d8e2f892e48423fda73204be3ec239d282e71c65,0.3048952,0,0,0
8d6d088622f8e4ea89e66ccbe097510fb4c932fd,0.20043142,0,0,0
f0943a7242041a16c8f7fca845592e48bb19ac74,0.2921549,0,0,0
d1123894d33922e7c8ca838f9dac9bdceefa3f7a,0.41919896,0,0,0
fb83ba3fdb46537a36832a900f124d4c400f7ed9,0.44832763,0,0,0
e779883b29a67d411493f985de984ffb8088ca05,0.38143075,0,0,0
a71c820baeb91025eaa7f07b172a39500c6f5692,0.35813788,0,0,0
a4eff51bedd73a0ea56afc23b1021187dd03561b,0.3547903,0,0,0
8f6bedeb724fa78583c26423aaece05cfddc04c9,0.36678898,0,0,0
fdc116f0bcda6d1fffbbe505d0687b0406e92fa6,0.13086681,0,0,0
66608db56c41e91ee34fdc1e6157d69b69893fad,0.028352205,0,0,0
5366158572bd88f18df7883ab823ea62b7701d77,0.065911844,0,0,0
2df0a3be66f6fa1067d976d7a05500beff7eda53,0.027186843,0,0,0
e0b2c86c8754312d1e89307fbf84e6efbfa9fe0b,0.32178468,0,0,0
050dfa6f0850174fdf958ce6751d2f06900201f8,0.28848848,0,0,0
7530b4bdceef0ef37af252f0b97978554fb9b99f,0.33878413,0,0,0
a6eda3d8eff423ecb4901aa07339364732c02ddf,0.38226363,0,0,0
a5035d0e1cde068320984d789473e1140adefdc0,0.32822835,0,0,0
dff43a0530a6fbd524e3af24795cf6b92142735c,0.3235882,0,0,0
1d5f8faa87a410fdd1141ad82f270ac238293770,0.3182423,0,0,0
82f4ce516c18ef5fb3096f6a90455fce90a5b290,0.025030052,0,0,0
228b49fe2afea3376c4f30f80bdeb70d083a9206,0.31147566,0,0,0
adfa016f3ef7ff262643e0f0a5a54d3ddb7d7e1d,0.42892924,0,0,0
f72b5e65c0c5210cc0be585959ae84fdbc87aced,0.44937554,0,0,0
26d668f6d5a2f202ef7ff6a73ff3cbd7bbdf4b06,0.31977084,0,0,0
808149305ba26224917e29aa0c0089701bd91936,0.02757555,0,0,0
55fd738c86ea1796d5152d818ab4b5060bb11803,0.362215,0,0,0
7a8dc00b8be18a9271e2d9c2444ba91077ffafa5,0.03412518,0,0,0
34515698878ff0a4641e72486f0ae8a7e30df0d5,0.36963618,0,0,0
96f2b16b3efb93580e6aeaf1da97d9dffd5e260b,0.30995944,0,0,0
b577805347d56f1927615fad311868a3537a9cb6,0.41438714,0,0,0
e366894658914c0f2fb41cac003392b0dfa6e4b7,0.3237907,0,0,0
3411f29e2377788cdaa5a4eeaddc53355f085a78,0.033123333,0,0,0
880b04814c564ea7a1bb8fe97c15b4735c67e8e9,0.23365086,0,0,0
8ef033be5c92a895139b4f910af5a7048f340cc7,0.023024395,0,0,0
350c477161a0d1df94efa02109ae07e6acbc527e,0.3677722,0,0,0
0880a21c56cec1a2442b5123c3845bfc99e83a7f,0.044864807,0,0,0
84143c462986417ccfc5e8c05481e983cf668e2c,0.033786494,0,0,0
f16d5b1722eb55c2d55eb623999f16799b088b98,0.4140996,0,0,0
ac37165ed7a22cbdeccfe348b10245dc83b414b1,0.545136,1,0,0
d9ae4e2601d4c0744bbc275b6b4f503477b789ea,0.019924622,0,0,0
7c1a59fa7ab58f5f7cdc124ff2667cc501570a4f,0.17150141,0,0,0
93d35c8f291b8953f8460c0eb02a51cc6d6cac22,0.042455383,0,0,0
b77184a2189c8f91100d148354d1fdf38e83d13f,0.04272823,0,0,0
f81e0465460ff9abd450eda836bbb4f9b13837c7,0.38880444,0,0,0
6fc152e4177e0482450b13eb7fe496de677ce5b6,0.26840907,0,0,0
0c9af5f450ce73da9b791051f861cb9a6420e0f1,0.34142593,0,0,0
11409e628b0461be3c268f81642ce36bc4b0bf84,0.35759506,0,0,0
63a9488f2910434851e98a8fc0ec8c053b24083b,0.032111116,0,0,0
d70736425701b66bd64ad3aab3941bb930a18b66,0.024656065,0,0,0
7331773448c1f2e0b24deae4144db0deec85fc07,0.24138106,0,0,0
11a7e62a898e54d66936d1b8b67cb5e62578ba98,0.24816915,0,0,0
0484bdb3f61d309ff62da4df4be92cf139d19f6b,0.31666768,0,0,0
f9f632e7056cd9d2b3c88bad50fe0597610e2eca,0.2948165,0,0,0
a3fae474e5cf5084c89835fce1950991aa678a41,0.21437262,0,0,0
f3108e2771083bfcf02c9c67ebd70a3ac0ddfca8,0.23577116,0,0,0
521b9b3385d73239b96ab209cb34ceb5c1c1400a,0.22772962,0,0,0
d7a1666f9a89d9a517f5fbaf283e711046fd054e,0.22844209,0,0,0
022a020bde5afba4f2e9b6753c199386e79d7825,0.22709364,0,0,0
1b5aef881bb3acdcde5d9fcbb6e43ceed6db145d,0.23598734,0,0,0
0caba0845d4363025e619eb3db6f3138b2c3d394,0.34800276,0,0,0
8e71711c1caaa404d84ec6682f1b7b266064c2e9,0.27348036,0,0,0
363be2fea66f861d7ec4f893a05901fa0c7ecf92,0.4405091,0,0,0
412a8a0ba61c84d71c0cc740ba7e50c10f3bf9ae,0.070019126,0,0,0
03380256795725c7d17db97d882a4c4da3b76b8d,0.3007319,0,0,0
653b46857a4a48252bfb094e39ee9937b2079fa2,0.23424344,0,0,0
748cb609306ee5a046a952a0ca13974ef0b6e770,0.3065346,0,0,0
0f9ce497b0c6841e3aca845336ad095012c41da7,0.29435202,0,0,0
36ee52223387eed452c266490a25b4c62f49abc0,0.32679242,0,0,0
a8c6d43b5a61d8da784f0ac188d40b88a15dad50,0.16290681,0,0,0
8fe2360920a8228c10cd59ba0978df701174c961,0.23461147,0,0,0
a3677db89ef3863e8ac7cf578df499f85d970b76,0.021966437,0,0,0
64c51505a82baf8260a34c7e83652ae3014009e4,0.3151562,0,0,0
ccba0cfc3f1b81dbaffa5153aeb84d48cd7630ff,0.181021,0,0,0
e7c42ed0fb83faa2b57184cb72f6d9e8b621ccd5,0.23744717,0,0,0
633de29fedf11544f2c3d5052890cb014e612bd5,0.3106978,0,0,0
362ab2bc41697980391c4a61c23cb3ef6bce740c,0.30501932,0,0,0
fc9d93db68a3c33e5ead8c7ecb187fdf0f06cc4f,0.42032847,0,0,0
66a775c9feb7dcf00c28a16b7a365af4372886f8,0.4026887,0,0,0
a6a48cfd370b226955a531e678016db414ebeed9,0.35178685,0,0,0
dccc1255413adc1a212dbe3bf40accb70ccd44ef,0.3485198,0,0,0
83b70a377f79ba90f846b3a720e6c402c63bccc5,0.048004974,0,0,0
819318486d9cfb430749ee33d3c5c4ec4417babc,0.03604894,0,0,0
827d9644c864336fa84f15744375ba7412da047c,0.03753063,0,0,0
af6bbeefbf197f50d194c7f20419c2a4590ad630,0.35747072,0,0,0
ae8f5f04574be75727f5e948e04bc649cbdbbb3b,0.0849153,0,0,0
b9cd3558133ae9f26aec73e0bda3a8f635d137f7,0.114066534,0,0,0
f672e826f51824582273fa1f5b6ec37aa5fdb2fd,0.09685656,0,0,0
72df12fb2ba453afb57cf185d25c502d4daec6d1,0.42464384,0,0,0
7b42d43fa0827557f51cb4111c89fb2a78512c68,0.3643707,0,0,0
af1b5872ab8355acea3197522ddf94972b3c8386,0.03502024,0,0,0
5c753a87c328678f16bf89e0178448f04194f0b4,0.05142228,0,0,0
0956e2d2338531a96f2ff7d4ab405acc1b18421e,0.040190313,0,0,0
6563275706015b000cc5bf14be7fa9322964bf49,0.055428796,0,0,0
e9e76131f35c112046b9f184816683beab605e9c,0.025716975,0,0,0
843267df5a0b44145d5b9ee9153d17aa5e15cce1,0.031054247,0,0,0
cd64fa339a97300c64dfc434483e478a58f507a8,0.083635494,0,0,0
b0b23c179ac55334f760aa29fce262c73a909268,0.043337688,0,0,0
dff1a0953d97d46290750a46d01be1e1519ae698,0.3463924,0,0,0
35e0ba449325e759e04203fcaa71920cf473baef,0.046680886,0,0,0
e508ad09d79302d3cc6b86077d4a6ddb0679a0f5,0.3351598,0,0,0
a27ca511a591caf813c26862a888e90e54af19a9,0.100264944,0,0,0
9be91f380c209f895da36d13c40b99687bb4c8c1,0.12615384,0,0,0
09c55eb8120da36aef1807628f87bde83749428b,0.12931435,0,0,0
05edf06360cc8a1a61fbd1ce5f9abf5d83f9d3f9,0.11591176,0,0,0
9df5e9419d83c11b4a2c3421c5ff7ea1f544366b,0.025084127,0,0,0
ed1ce82d822ffe185875b7b7d38352f20171c096,0.043615576,0,0,0
10e38114032cb4c585b29e946e1d70e05d52a878,0.038446877,0,0,0
d71ead41fb685431dad02d4bb7cb5675e196b8f2,0.18571618,0,0,0
e7b4025ee0b6152f9bbf7a72a317f977402a27f7,0.13370903,0,0,0
0f3648f749b7b67c2c61282297569657ea6220dd,0.022390725,0,0,0
bf915848967a6e35839e5565e98c716079980e18,0.17814846,0,0,0
7f74708201c2ab9f5d1f83c7052487116b8f7114,0.4472721,0,0,0
97dc91d1545a667b4021b6507d927799e53964da,0.24124251,0,0,0
d9979fa97865b7a57b9da975efb6e6c4d80b0cc8,0.17312475,0,0,0
6f27b4ae8f8ecb62698e760ab7df3973874b1f51,0.04007205,0,0,0
67ef6efb61f3c07e1359e083bbac5d90953cfe43,0.4021434,0,0,0
1b53f09c3a9dcd64dd281c1955b062fc28999366,0.23747896,0,0,0
34adc606601cb578486d4a019b4655c5aff607b5,0.066985406,0,0,0
b05bd69cdd841c02a3b645568ee5478fdbfc07d1,0.37895957,0,0,0
e1f30a1c32eb292e51db274adbe2fd6ed09b555b,0.36349848,0,0,0
bd82fe9fc034e7921eb589420bb4b86dc767a11e,0.026348244,0,0,0
13e0ba5aff3fe14eb0e1d748cad4b9f99e681ca0,0.26472798,0,0,0
3b7deb943877b0c2d8627531959948c5d1e4d3ef,0.03090589,0,0,0
b657c914c0005b37e24c1cd74c5f4ce886147606,0.033957135,0,0,0
a61fde99657c1b9d11e8eaa682181ea59e65814b,0.32382756,0,0,0
29c067466ed78c3e7948fcb8f0d25b3d984a1a93,0.034240454,0,0,0
fd86d06ec5d3b009f3882dda7903e9913858ee14,0.037139393,0,0,0
a43b8d68b8b7e6d7f23977a7432880290e6c6933,0.2889128,0,0,0
31e4a6df19cf4a13f8f0e9048198ce7488ad2614,0.03348046,0,0,0
3c0c9d83e27e436f9d3646f177bcb0ac2fecbeab,0.36753696,0,0,0
db7a08583a5ebfab310efde6d0636f2e2fc108ad,0.18718956,0,0,0
015e3cd37d128e4ade9b2d49f74f3b4fc07d82f1,0.18659775,0,0,0
8dba68a38c8bdae91c15e4eab35cd83c427d8e71,0.216933,0,0,0
bd15dc78c74bd9eede3419b70469511f196a3716,0.2436514,0,0,0
c3ff46e30397bc0355584c593d500d2564c1c515,0.41221392,0,0,0
b2d4b2ac3a738d97e23e53cd459d9c57ee8827c5,0.45750538,0,0,0
3e24c28e68e617735b25791b0bc3f67f31624ebf,0.18580185,0,0,0
b1a8299ad223c3b2552f6d03e51c2ecba5df46ed,0.32928348,0,0,0
4e931386569c0a28b7e47c52d199aa32b6ca32fe,0.027642958,0,0,0
ed98d264cff306f7326db096cddf65cb26ff5498,0.020815928,0,0,0
1f07a0bf70049cb0a2f6b52ea7c261da5adb1abb,0.4310278,0,0,0
60bcdd450d6950da981d70b8b08379bdd744c82d,0.40687308,0,0,0
74133837585f81d1c6434ce32f73fc8694d5f132,0.02496082,0,0,0
0e9f604e87a5b42b27abc13a9328846cadd640f4,0.021466449,0,0,0
53a0a9ff85666348a38054e335f5b4c5355a6419,0.02504786,0,0,0
73f3e2b3d6b3f4a7000187bb3e6a4d82b118d3b9,0.42686424,0,0,0
b295635a87da0c20e5e2495103d4877ef0187d4d,0.07934292,0,0,0
8f88dcfc902b5bc86a239756afffc9f3813d245e,0.036106322,0,0,0
815b269deec60ec69f4e5e5d555afe9b98c18cb9,0.32335952,0,1,0
2b0658c59d6285547a5c6de7ac71c7cb134ce975,0.44760135,0,1,0
364232f781d0cc91cd4b83012e1f49e62fa81190,0.4650157,0,1,0
e972869486f85c3424875a443eb04bda2eeb6bd3,0.3947944,0,1,0
780b2281d86cf89cf5dd717c1cf54bbd48783654,0.45714206,0,1,0
06c27b37ccbde70514e035a50ba0a6ee1ff94ea3,0.1864522,0,0,0
1d1c41945a50a740519131bfff4e1875de69dd6b,0.16399041,0,0,0
71e40d0b30fbef976da3595fef8736a4e1245466,0.34215072,0,0,0
f781fcaf0f19766f7c9105911613f86d22b2091a,0.24495661,0,0,0
cb8cf1574f99fc51c9e67b9456ea4d494fd4cf29,0.042572122,0,0,0
c63413182017e069393963d07570ec69f373ee1b,0.030736217,0,0,0
8bba18089a1acf29f9d2433efc229d5c851f42b1,0.35976422,0,0,0
f295b186fd8f6c619d34a8c69c6a1307f2276779,0.027466213,0,0,0
02c7974c113cc2a51d6741491080058470265899,0.31105164,0,0,0
027c193cf1c012cd5bae06446496136a582c180c,0.029082756,0,0,0
4a10030ee78ea8da944f6d52e3c671799d73b5d2,0.30505362,0,0,0
5166f3dd04980177e46293408d998087040d4c19,0.3219029,0,0,0
d37041ca62ea9eab6e777bffc15ddab49941217a,0.44832084,0,0,0
53e5e3fa8531bbb4d70523197215fd19b89c1a76,0.28930467,0,0,0
62e6242804e4167f5c476ae34acc784009a1af0f,0.2833486,0,0,0
324e8b4d43f0260b4857dafef46e8c5f349f633c,0.050030336,0,0,0
9fbc2a346b86872c397ff891d379115abe5846cf,0.037560105,0,0,0
c5a15b2b66b6b4f018589d8f60cc7acc71861822,0.027419893,0,0,0
ebf108170e9a6215176174d84313a0564ddde0c4,0.22196627,0,0,0
f1984c42b64788a0737c3bd43e4da95e015c19e8,0.03544241,0,0,0
904b790c41d6ec4629921befd1c5286e482fde57,0.03036905,0,0,0
c2abe862ecb7f980260a7b44d907fa116a6bbab9,0.033149097,0,0,0
19a56adb00295d528015045cacd443ff10f7bcb2,0.03856866,0,0,0
e2ea5359798ce8dc77d4b23b0f9b4df33b37f940,0.46153697,0,0,0
ce4385a413dc822f8849678608d0bbac2defbb81,0.021482851,0,0,0
c11215195bed3261d88486d0ad1644080afbb97b,0.036740936,0,0,0
7048667393bc4290f381312243d13688407b9350,0.018254781,0,0,0
b188b5ccc0f1f8702313eab62a5dcc164f817200,0.061176173,0,0,0
4efd950d4dd822f3e087db9830d09cfb3fdcb541,0.02735922,0,0,0
cff6e00097bf7dd97a5404080df3bf7e95813a1d,0.04624573,0,0,0
27214015c725619e0098e227fd29816d0891d4c5,0.03643275,0,0,0
f8fbfc9fdca4b5e9ba1a5608ca17e7b6feb18c3c,0.44872895,0,0,0
0733d7c2ba214415a8d2e4efba5c6e26b61d3291,0.27299476,0,0,0
d8cdd5eeffe9b63949129d09f6b0c7ad2d517e90,0.02178937,0,0,0
e2cf4811ba485b0bb29d7d80bc853666bfbfa958,0.03795745,0,0,0
580e0d1e26ab2a9275f01506f3af56fe8fc32988,0.03522643,0,0,0
3ba27e9f4a29be1922b3a19f9c6c5127f93027ab,0.033773303,0,0,0
8fb1341ad7c460286211f4f2a6be41bb5782653f,0.023377802,0,0,0
041507d3aaf718ae536f9ab66e4eeb4065cb339d,0.031181782,0,0,0
735b1b59862dc1b5f7e60549aa7c33dbcc4095b2,0.42709896,0,0,0
60595251eec5979e14540c6d00043e24905a7404,0.027975287,0,0,0
980366284db98e0515dc5e827aaf4f750699bc80,0.06565175,0,0,0
6c2dbf2885fb4602b8e42bd208ebef66df23329b,0.038676385,0,0,0
cb6ee2cbdeadad5d277a6e7293d88bb915090c4f,0.033046704,0,0,0
a00624cf27791193be74a610723a9a0b0980d23f,0.02894215,0,0,0
911d59f46d0dce2e07a93dc0ff705154f568b7ba,0.352775,0,0,0
1aa543286acbcb3c23aebaba003fa024a54aabb2,0.24172105,0,0,0
f418eed3089d74caa11affaf947a40b774e9c8cb,0.3877026,0,0,0
a13691b5be40d31099d39f7c8f3ee9970ebc20fa,0.053668533,0,0,0
3e8b8aa06bb7742cd1643fad72d7739cda400010,0.34470102,0,0,0
a1db4c96f62eef05fff532b59300edeff3ef21f5,0.03266887,0,0,0
5321c7ff2ed082524bc319e44f0aedf7ed8960cf,0.281218,0,0,0
9be73347bd09934dd0c99d32bce9c4e12fccf6ce,0.22103915,0,0,0
4362e02ed0404d12ca75ee3476d4a32f9f671811,0.029665684,0,0,0
d3f0ee5e0928122b41ee25e2b4ab09bdca5bd00e,0.39258283,0,0,0
f82b5b57840389fcfdc4f16cb75703361d6ea059,0.040509265,0,0,0
51d564f738b20621e4e14649bc1b15c929668e1a,0.17160122,0,0,0
5bd82306a8e44e2b9ff098f29ebf4c69c195b9ad,0.046608377,0,0,0
9959b3c5a777845aa19040a5a761814e483a6483,0.13831855,0,0,0
a0611b06f05e3c37c622f48a783836f89247c237,0.07397395,0,0,0
f02f2e54ac7d88a6b7ee620e45e1bba878c63a56,0.038522813,0,0,0
98d6d15235e046762f3b09294e896994f616627c,0.38603267,0,0,0
fca0e6ecf6012ee47fbc92fef4533320c1e3d849,0.43027645,0,0,0
db642a3c3ad93606d27d6e277b529da3a50057e6,0.2324631,0,0,0
1929834c27a931ab505f7a389d38fafd10331d8b,0.37923697,0,0,0
a5cb9a4b4a196bd2048cd21ed2fef175bc1181cf,0.046508223,0,0,0
c2f1b685abecfc11de76ffd0a28771f41b566782,0.050875746,0,0,0
30b6759387b4402987f6f4a6100fdc78e8bf755f,0.4209503,0,0,0
50b126dc0eb075a2193b670eb7ae2089896ba283,0.45577064,0,0,0
6b08874607dd51c9d8f600a96650a330cd9e6b95,0.040288873,0,0,0
c9685cd5e462926aa401fca7321ea23927492006,0.041913036,0,0,0
ce8d0f7a47f7caba8ab937389c59b68b20f6994a,0.03956229,0,0,0
98b8758e761caf659608f48fc5c9e9056f911050,0.03523335,0,0,0
95b2fe97c7f191e43b7fe11e8e027d87eb47f15e,0.019047238,0,0,0
79237dcd2bf537d56ff8d73f897cd639af7bf8f7,0.4301073,0,0,0
181affd5c937755f54ff31ef056a6ec091e95f51,0.4087066,0,1,0
c334a1bca8338c92e76f0f1cf2ef4884e3eb5dbd,0.42243007,0,1,0
efa48b214d30537bb184884ea30ce817bb350153,0.50903475,1,1,0
b45c4bdb496381b5f90df6872edca12e0a2e68ca,0.5061152,1,1,0
f8489499aa6d460a7548b14d516638b0bd7b862b,0.38761225,0,1,0
76a2ac814caa194c46be1cf7a3f5dc129546b1c1,0.38081807,0,1,0
31fb4dfef212791f86f052ce8a3adeabaf830cf2,0.40870667,0,0,0
ccfca8f714055cd9fbd00cf7e847b880132cae69,0.31809872,0,0,0
a29815abf4f0e51b332a8af1b83ad344104c14d9,0.10109699,0,0,0
92e6d716069686583b852a6dcf12af986d6dc694,0.3594789,0,0,0
d105819a0e72765ff5ba4efa5622d727360ee2b8,0.25242966,0,0,0
3aa6f11785a2f1b3b09df328a02a2c28dfa0bb57,0.35853282,0,0,0
b7a82a918f0a595a96047f7eef2672fd95d5626c,0.37369093,0,0,0
52f3240d90f2397cd1850ab11674ba08a0ecb2a0,0.041524436,0,0,0
d70fdbc40195077057a1edb14ccd16a26435d007,0.3702903,0,0,0
0751f97bf6677c3d55aa71542d572dc8fcb9e79a,0.219313,0,0,0
e505e1fea57e0ab9f1d5edab92546d778a5f41e0,0.039488018,0,0,0
b4380f20059dc9e4ccfe2b709587e8069ac0fa34,0.3239023,0,0,0
32a9c6d42a3a48314d3f9fe2956bfc8bf49ac5d5,0.38556573,0,0,0
80417356f04c5ee1cd6f636e9b043db3f2de24f2,0.069951996,0,0,0
f48bca0510703b0673709b10a806a9d54894a999,0.38355792,0,0,0
f1b54876ab8893a5d9c0e3d7c1a9c884e683dc8a,0.065558255,0,0,0
c82f703768eb8a122546de23e412a037aa1770b2,0.04724338,0,0,0
36a02dc549f32433d7329444455dbb1be2e67f20,0.079524435,0,0,0
fa8957d7939b59e8d391fa17000b34e865de015d,0.32269877,0,0,0
5acc6a5502bffaa66be7e859849856de0ea27acb,0.30765265,0,0,0
b58789c5badc4f9680ec5724568af05a84670e22,0.3692299,0,0,0
9ee3a16179cb65f5fe4170257ab7cde558f1dbeb,0.4224376,0,0,0
4ed0bdf1c73fd82d3080d15085675de96d5be0aa,0.0695988,0,0,0
4950ad86a16e63fa26d51cd709e39666008c5fbc,0.036020737,0,0,0
b61362933f7a564d2ae0b7d6b9723f79f4948769,0.27374378,0,0,0
f28aa71041181867a720134e26b64b03cbccb6ec,0.064990155,0,0,0
720b988fd8d7a50fbe922e6c73a3681b1c566331,0.040056363,0,0,0
9d744f7136f23da9a5f9324432b300b5a68e3b39,0.25291798,0,0,0
98f54c158acb12a26fa6f335b1665accd2aed347,0.03337757,0,0,0
22c6d087012fd55bc65e578a27f2edb66f4d3808,0.30269575,0,0,0
890b387d713d04c22406db6d5a5fc9b51bec2df5,0.06432556,0,0,0
c7d56cffbb4668d0955ef00196e08f42f2efe363,0.3746192,0,0,0
7680fae14c9f544d0585a7b150004a1e48fff53a,0.33917332,0,0,0
136c5ffe80e558a87cde01baebf823b06e3cbe75,0.33474287,0,0,0
8769d0f2cc4b7555dc025b7c0e49a81346a1e2dd,0.3868181,0,0,0
4b5cda5a2c6ca613db5129d50ffffce2604ad9eb,0.3947278,0,0,0
2e62764c0c386632e87ee8d12d0505848df1015e,0.058048017,0,0,0
4590f14e97beb6d10ffb7b5dd312c632af155ed3,0.03369633,0,0,0
079bcd0339f30343c01c5fd3d5521be4b822d30f,0.03876548,0,0,0
29283b775291bf03cd9a7e1aaa496faaa5757578,0.42814118,0,0,0
89321a2dee438328e75a11954e972175c78f0a2a,0.058321893,0,0,0
1f3e72fa069536ae20f37b29575288ff65e66803,0.114584446,0,0,0
c7720ca4c232d317cfc800a04eda4a1d5a44a944,0.4168578,0,0,0
a747456bfe077da467ff036172968a37f3b1e893,0.43583906,0,0,0
2f2c8b1cc6e6e731f7bc52b0988ea8316f475004,0.36093864,0,0,0
013b445ede8d9e7aad4915859d0c869b9b712f8d,0.3901417,0,0,0
f4e754e66e3661274df624bc328991cd88dd03d6,0.39093834,0,0,0
741944332d5bd90112b610a8b5f2eeefe51e08bc,0.38513115,0,0,0
4c7d7523088373be3c7ff203ea895d5a6d84083e,0.40398145,0,0,0
f79c9365d0ee89cb407b90cc084eece8fcf9a8a2,0.09421253,0,0,0
8714dd031647be34d0d27f461894e7b194f25cd7,0.034836955,0,0,0
83406b73e70a251eec5daae34f1bd8d554cdddec,0.3579263,0,0,0
2f956f46580e5b4752173e885d37a20fe31a78d8,0.46098384,0,0,0
3f36b7b50bdda3eeca632ad5440bb82b8e34cb40,0.043541543,0,0,0
9962a0fd02fe2ef06765271605b06729af8b2e59,0.07956429,0,0,0
5294c64b342818e021800b38413f36f426e35b3c,0.02991219,0,0,0
5a45ae3b1deb5117cb9e9a13141eeab1e9ad3d71,0.3949952,0,0,0
efafa61992658eab64c893e9eef49f545d75673c,0.056695182,0,0,0
630830476a6270e317e84229996a6bf92bd903ca,0.21035157,0,0,0
14097c64d243794610788d3ebb2e81ba8fd867c0,0.07838616,0,0,0
f2615d9a611db401cdedc022112c87ad938b5680,0.028721308,0,0,0
a24d624aaabc14a455d18450d9127f88d1b4f8be,0.2821552,0,0,0
49169033546d893dae3db903a2fa6af712f125c0,0.41791162,0,0,0
fa7588c4c0f8d403e4815fa72e3b8a3bc98d73ec,0.30083704,0,0,0
367fe13b46a0b4dda56b7f12273d6c9afb1da23f,0.045915946,0,0,0
368588b5c5c4140f39ea8b9a8ceb3d1af0708804,0.21755117,0,0,0
30ee10d2740fe1f28595989c6b21f22b75a147fc,0.35826036,0,0,0
af9fd052d1c208f191fbdf85873f965552465598,0.02145404,0,0,0
0a711ebcec7d32b66ab3c90b2a1f48681201e557,0.04694612,0,0,0
a4acf53336a482f50335d33b4f650a70c9243b7b,0.32040986,0,0,0
c26fa78817f30cc3eb91165b783e07fb80d80f59,0.036414962,0,0,0
944291b748bcfec4e2f3c17623884db7a17b9f21,0.42277974,0,0,0
c44f982e89b63a97190638cd12bd8bee2bafb883,0.40334645,0,0,0
fb46b941f7763314d667c437c06b1675e61c3d38,0.38450313,0,0,0
e9928c94ce1385ec72028336417f19f30ac38ac0,0.42129058,0,0,0
d4021487539b0f7758ec644f2e0d83df95c66bba,0.39032054,0,0,0
ac62c1c29f319a97a2552c39f32c8e6acd70c9e1,0.4140101,0,0,0
dc08bb8ea6cdf01188f6699559e779e6cc296287,0.40113136,0,0,0
82b8ecc3275d7c3578a6531ac3f1da3ffada9dcc,0.39865187,0,0,0
36ce032b612fc0a1156d28bca7327e06337c8815,0.04600462,0,0,0
2f22533ef41533e2b839a6b41b262dca59e6dbf9,0.173861,0,0,0
39a3cd0f4210dbec1ae8ef39a87d34b76eac91a3,0.32140654,0,0,0
1f470253c46471033048383c027192e757480492,0.4251033,0,0,0
9c40a7bb3c9aca51d17490960c988dfb7b5acebb,0.1092011,0,0,0
7f8e952abc4d2fc4b96c97a51aa25fcf6ed8af02,0.4353905,0,0,0
bd0b5af025fab9cad8f94260138741c252f45fc8,0.23305008,0,0,0
e036d60d8a210d5ac28b2e5c51a45ceb82b58f09,0.41544166,0,0,0
626014eaf093fc2e3b53f5ad00c425bc209e1428,0.046206534,0,0,0
5c85b8dda5f3047732a17b818256b9289274d071,0.48288295,0,0,0
ea402becca436dc1a8e47ac9385a3db475b49355,0.3873993,0,0,0
255f10834a67cf13518316de0e2c8a345677ebbf,0.36134696,0,0,0
044de16c14076019f87763b7b58c45664ee57c11,0.052214596,0,0,0
e54ca615f213f5db6d34d9163c97eec98920d7a7,0.07348841,0,0,0
07a42d3ffd034e467e49b5c449d4f5f81c471cc5,0.059961006,0,0,0
e6da0f682436e1387ad68e86edf7418c0f7cb368,0.36135843,0,0,0
59ec4f018963eb55e32fafc2b924826c39c09682,0.44380102,0,0,0
ece4b70cce24b89483236b4cff079c10597d680a,0.09765293,0,0,0
09d28fe7995db1a4da2c651d362007d2082c663c,0.34742767,0,0,0
98c27699cbcf65c3d9d655ecbcd67adcd8b45b05,0.4145731,0,0,0
71cff7c5940b7101ff098601850d46b7a4698180,0.056557547,0,0,0
89e0607cf6470dda1a6a47b46abf37468df4e50f,0.049037404,0,0,0
6fb60857be1fed21bdacc4ce830bbf99103b6fdd,0.19009222,0,0,0
3634821fa515365618209f0452443728e7290fca,0.35853496,0,0,0
2fd62ee4d524c270764e9b91dca72e5cf1a005b7,0.034073077,0,0,0
a703ee75c40e0207f6831c4d48e1c7e62f160305,0.025385829,0,0,0
fd7cfed070c2aab60521afb7dcc633a0b7abea80,0.40763,0,0,0
1de41ef4baeee1c95e245837299f8be265294445,0.045413285,0,0,0
9491d7a61681f7acc7103a6d1d45efe96f7981d2,0.4133233,0,0,0
2d3203b10cc8edf71a6e3e0822f0d742c9516aa3,0.41953135,0,0,0
d55a572e5867832f6d5755fcd46101da51a38aa4,0.11193591,0,0,0
170cfa758547b4d9be50058ad93cf60ce0da5564,0.37091738,0,0,0
3783ca4476fec8186c867e4e57084e649c318c6b,0.03014389,0,0,0
4d996d1bac1bb1886cd9c473ba00e53e3c19cf3e,0.4047062,0,0,0
445cb9dc2f07553f8e1e5f7c1150f00fbb05c63f,0.4466656,0,0,0
ad80bfe559e7380fedd7998daea5f27393ab643b,0.29065233,0,0,0
3d2d4fd1588c8eb3f67f34d75b66967d0c7b06b6,0.34780544,0,0,0
d54fad867da7f762ac4c0d947adffdc1f8f356f1,0.3207307,0,0,0
12bbaf3550d56bc945b50f538b5f18af93bd316a,0.42325246,0,0,0
150c578edb161bdb2e8c039f0914984f570ef8f0,0.21555492,0,0,0
af977adc43a071a09652fea4ce3deba2d5b8d171,0.2802387,0,0,0
e021734b62ea5ac273e516b4ac83727cbb99ec08,0.026885528,0,0,0
b635beb6efc07a97c143775c78a32d42b3b73c8e,0.030796185,0,0,0
3fd2492fcce073f0c36e4d7e23e34881557e6e5e,0.408332,0,0,0
a918c493296c88da94b36600213c7c188f2589b4,0.0401903,0,0,0
9181e1d536bafedcb3587ca30e5b6e2d66f06bf0,0.35928118,0,0,0
cc8bdf1d13639d12d02170d40cc4890180bbabc5,0.03424513,0,0,0
33ee5497490cbc97f3eabe9ef7a6391e4dbee8bc,0.07117824,0,0,0
dc61e510126aaa1a95a46fe39bf1529f394147e9,0.1492812,0,0,0
d320a457a9de67be25a03f79e1695d549a0145f3,0.052524548,0,0,0
94ae6c84d22ed33e158b3cc822ca4a0484c829c9,0.036229946,0,0,0
e9e36cdc44a68662885e35773187cca00d20239e,0.03570944,0,0,0
7d4041d827aed7d9f3eb14310b824a2faa96b8b4,0.4708623,0,1,0
6f5f99440e7117ee3bb6407e06745fff14bb2a4d,0.2584804,0,1,0
3eb4be60cf00c20e46b75fb72366dd0649700c2f,0.50916845,1,1,0
edbd9842cfca892b10c2e9c8da0384fe005cd67a,0.29586104,0,1,0
bc8e23808b9d8d0c9b67270ef35d04ebd9d89cc8,0.5217711,1,1,0
635e41ea181c5fee8860a7044c84ae3557b51189,0.46067905,0,1,0
c4ddbe6456c9631c301171098a8ac016eb4e582c,0.47576228,0,1,0
63f1d6b83bc10a2880f5ec17a172fab284d2eff5,0.44081023,0,1,0
10e18ae9b47dfe04573884739823d64825105694,0.47465777,0,1,0
d3252a5ca5571e0a97e9a31966ec6b847a3a8574,0.47676978,0,1,0
86c76dd5ea04d1881a52d79113d6dbb1d57c38a6,0.49206978,0,1,0
73a8fba6fb23af45ee77f52f33bb8d791a9caa05,0.5072517,1,1,0
e8db7237a9c347d2225fce9b49ff92bb741adffa,0.4037284,0,1,0
7af67bdd16a4f103bbe6334c5a865436c900adfe,0.35625273,0,1,0
71d7c3264239c55b6e2daf89c44c5685085f26dd,0.426289,0,1,0
958029bdd45c3e341eb146031ed38b4487d7b0b7,0.23450512,0,1,0
5556026ed1dc17e70946a4a030842ade3a33baeb,0.37716722,0,1,0
3c92830ec51fb6b6e9a7ca2fb8fda324cd33e48a,0.47893193,0,1,0
0fe9685c8a78ba2d780a3ec1e1a323990dc6d218,0.5099163,1,1,0
bd7788b384a87024ddd6bbe6a9bd9a167cf2ec12,0.31983432,0,1,0
dfecbe970917754511a081f8b86efac211e624f6,0.4448799,0,1,0
ef51b068aef14fa347710497cfb67aa9c6e65c0d,0.34114245,0,0,0
173c162a45b4be6fcbf7a30c44d1953062a25086,0.3453051,0,0,0
c4c03a33c8b8b94eaf75d368473bdd10a21cd0df,0.38403407,0,0,0
2fefdc7dc3c9afbbe534ff69db5a754be0716b11,0.39667168,0,0,0
f525bc3ccd9cfb69603bd9778998263a458415d0,0.39584994,0,0,0
9072a7615a54d5e753cf088326d9e14f1a5a6751,0.29421937,0,0,0
11491d355da8a851d6badb6348b10d8c4acc9d8e,0.2961686,0,0,0
2bc2ffde1f4752e7a8c7ea0a51c559faae194786,0.30688795,0,0,0
35f1cc00274122c0274b522d0b544a06faaba931,0.41309467,0,0,0
98817e88f04cc6757c42ae52d653b63cb85af486,0.10690483,0,0,0
83775c432382b9c0367362491d0dc515bf0e131c,0.16478325,0,0,0
a498b87dbcaa0a61c6088d7156258a3cb06638cb,0.025537604,0,0,0
34558845e3777afdc1bf90ebbcb2017ca17aea86,0.044131137,0,0,0
59985b43f0868d9a4a588d9ca1debd03108f8cd9,0.27670005,0,0,0
8ea1aa1e7cc427c28a89878fd2dfcb110c992b20,0.31187704,0,0,0
d4c7f63054e584b69024664bc2f221faf9863519,0.03205362,0,0,0
20c733229df741e57b8ac205788ece2d563b2f3d,0.46121374,0,0,0
3051264e1bc1d41a29c9dae7935c090568f64af4,0.040547322,0,0,0
db0f2304bd7c3ced65cbdfe9e17e80fe0774c13c,0.20031016,0,0,0
2f67045b9647de10ea5d01d8d1e98ac7de3e1cfb,0.19683973,0,0,0
7ef106b23772995e4307f84afd1bee4e2337ce0c,0.043398075,0,0,0
71f6746f81bb9650f6f228ea204d85ba2c5b7392,0.040375847,0,0,0
2ed96f00f724c3331d6b56b6b5650b9632f43954,0.042562097,0,0,0
3720683699bb830a4aae6fb66a78ce7079ad2c56,0.02003472,0,0,0
df37e605fe4b027406bd9dd85b320526ab12a122,0.24362701,0,0,0
4ad74f449258781e9df189413423ffd6ad95c526,0.030726278,0,0,0
d81ea83a0eb1761bb4e90a91f3b70f23f88a7d2a,0.1355046,0,0,0
e2c0ea4374c02539ad9bc6c4328b74f25eb72405,0.044614628,0,0,0
cf42ae522e12e9b412e1a1f008ea73cfd86a5979,0.021934964,0,0,0
fb7335ab163588fe6ee67ef26d3b3edad5cf4bd5,0.4169323,0,0,0
e580d35e1a07431109a5835411142bd1c1c2b3b7,0.025802827,0,0,0
ea60fbe0633082a131bbb18de94fa60a04eddcc4,0.08677385,0,0,0
90e31fd93fdcaedadcd4b030fbc20f7375672def,0.028526828,0,0,0
52adf52e4669b54399fa50f2624826c06a19cb7e,0.048085794,0,0,0
71e515ab6d2007d34d96df5604f74c6fba92c0d7,0.14260481,0,0,0
6d23e85570fe1139cf5ef3bc9b4e57ea73680b6e,0.08892232,0,0,0
cb83f7cb31e50f265e098c5380b3f0051e257f46,0.035366435,0,0,0
2584b4a0ef536e59bf28ba140844597a093d848d,0.028638897,0,0,0
cac520971206093d32bf17925f880bd06d93f736,0.41284534,0,0,0
6a99050166c945a226d5f8275ce4a9dca3518285,0.24174559,0,0,0
6dbb48c8e685f65f45ad5df9f7684bed910036c8,0.04282495,0,0,0
260e0e0cd21af7b03ab0dae33b4978233db67773,0.03188338,0,0,0
b5749b4f54b30c0c2050e456c12cfcf516434f13,0.104615174,0,0,0
07ec8ad2dd862c8669b2557b995ec5180663d73f,0.047757097,0,0,0
28656559d2fc67193a84d5cbc48d378b2016f74a,0.46092772,0,0,0
0add1e8975336c65513b26123d48b221e2515ddc,0.4344007,0,0,0
8e7ea70a33ecb8db5207849ea6371b4a5a8ffd26,0.23213477,0,0,0
6f653f6bb82757963a87d725808c080109e7e3e8,0.04844384,0,0,0
1974c83561d09cf73a575f992fbd8416e3354d20,0.038703796,0,0,0
37c20df721522b175bc9df3f06a361297010df5e,0.28394794,0,0,0
061450a927ba1cc65f7b984f4ff41866ec2eceac,0.48504922,0,0,0
60b32953a968e5623f82a6b27d6c679bc17c48e5,0.28177398,0,0,0
f175a241c811d2d0843026b2dde5c3ae308cfb95,0.019053426,0,0,0
ea1a69d638d97d5ffc451b32d240479357e02b0a,0.023056837,0,0,0
cae70c10b4451ee3b919764f72dc4a4caf0f6f27,0.04872292,0,0,0
c0c7112dcdeb75b521d55cd47d0c61be66b0499e,0.06711759,0,0,0
8d0214a7417addf790713440f10855dc279876fa,0.3984603,0,0,0
e2ec4f2fdb2bb8d97f64a33e9ac288d52854a530,0.30619654,0,0,0
fc73151cfca36ea2641f340700dbe339b9e1f103,0.056267504,0,0,0
dfc9888860bf192cedde21e5e843bc3caad4b74b,0.34074175,0,0,0
5f9e0851da9e74c12e04f5a62cb7aeb1a8ab7589,0.017871514,0,0,0
7d5a61ed64315bd6570c5cb55c1f53853a3fffa5,0.14259715,0,0,0
82152f41ac8a727c2f0042bd555452dc2dda11b1,0.38305295,0,0,0
474a837858a8e7a98316f97e9ed387d0161015f2,0.024011394,0,0,0
39380da86acc717f419da48f070f8cf7d9f9ec94,0.33636633,0,0,0
0e266204f535aa48f74d4f2480b2268c13e26b22,0.024321726,0,0,0
5b7608d1549989d92dd159392c19d9ba8ce0e62e,0.033363633,0,0,0
e79a590e0cdabd93883aca964db2a862ff3f8490,0.025424527,0,0,0
ec4d8a9a6b783f1d5d603d5272c94deb1e7375ef,0.021677949,0,0,0
507451866c98cf9e2ddff1008fc0152935ed9e20,0.10619664,0,0,0
8ac3334a04928faab627aef4daf4ac51c28a95ef,0.3988588,0,0,0
6bb871786e563ed82e2b8d26314c22772808fe5d,0.023621311,0,0,0
633ce604968078151e03363d5c67042af74310e3,0.21200399,0,0,0
18b3437c15d78c54510964728486831822809d9c,0.42911988,0,0,0
d68f7f5f44924ddee14428e16b7458e2878baef2,0.02150358,0,0,0
a48071b0d489420bfdc0c2ed7254d1dba243f700,0.03799758,0,0,0
5637a5204ffd7b77f569ed28f85610eb782a159e,0.032499783,0,0,0
0611710c619e67affe9e3b6471943d0ccdb9da73,0.35473934,0,0,0
ff3492b06299c0a38c029c8d7a524d0027de357f,0.22415648,0,0,0
0343b4fda87161265acf30d5ee61e525e751358d,0.03687061,0,0,0
756ccc935ef2a8f9f48e96f28c7c622ffb3e6627,0.1448656,0,0,0
612236c8a77d5d8c4755e287f682cf06d773a902,0.10707527,0,0,0
f37f4b68f3343e2b8f8d82c40398f975116102f2,0.02160755,0,0,0
0822b4226f31e50ec244d311e56e3446a8e5811f,0.01998384,0,0,0
06b7cd3a31c4565ceb0a127273ef800a3d084caf,0.023843244,0,0,0
04b55bc7ca0b0ac444fdc8ad01acef8172852a8f,0.22166568,0,0,0
54ff33b2ad26e3969cc59d7f2723563dee3e37dc,0.11858213,0,0,0
54e63005446a2b0a4255ba16838122c5808ef886,0.035557665,0,0,0
1a002c67f2d3c198411a62165e53b31d6b414aa3,0.061507028,0,0,0
ec2fa6bd5695b36435cc66ca4cdd8183d077a0cf,0.060819436,0,0,0
52b46e74dd29eb3eb65a593a872fd57694bc154c,0.04371288,0,0,0
59022fb870c2c45a27e00943003c5acdeddaeec3,0.030277638,0,0,0
03fe88ab71cf2eadaa39654786c3fba713742768,0.03791566,0,0,0
a0b798c27a0312df2a110073bd7888993e56d05c,0.078725174,0,0,0
fb7784fa1472b4c55d329aacae672f416e11a703,0.22702856,0,0,0
5fb158cc05a9ec78e31e49abb654e00a7b65721b,0.4523781,0,0,0
f59a674a26d349b7069158023194ad0d7a38a9e4,0.42015204,0,0,0
fad946a1d79486c5118a596e8ac67ef7d5189070,0.14920604,0,0,0
d190655a97c33c886997b9570697f432e7d3a21a,0.04566633,0,0,0
68acbc803e416a38616bc25505cb88dde81af5ca,0.01857832,0,0,0
e8a2c29721d145c52c970049e5469cfb0dcefd87,0.031167654,0,0,0
00fafe772ceb91c9f26d79f5a2f6c3695a141115,0.059726194,0,0,0
31466db6ecd115aa74616e14a75721b45c0f59f9,0.037879504,0,0,0
6d3796e64bdd5f3f4857bfca6982e6ecf98a2b33,0.30307686,0,0,0
131917a0d3303ca2c38fd1d6765b9bed2c23ff89,0.11404299,0,0,0
51512905c31ff19b91fc67b2cb3ddb5b1fa0fd51,0.20832828,0,0,0
56f0e1053c9aa767ffaeee37cf06a6056a221163,0.19631892,0,0,0
04b41e2c97fe5faaf521c2e0581c30e18e2f0c27,0.49701628,0,0,0
84d52919ec3b3c75f28a185ad7cd87603c3cc4cf,0.41916332,0,0,0
18f5f54ca0e78df12586e0750e257058746a5a39,0.48071432,0,0,0
bb76a6848b37cc3f418a370c56f597486618197b,0.53243154,1,0,0
69d4bf883cd7402d13497a40422d20096b2b9aa9,0.3331086,0,0,0
8bb3526317408fba3ae351719feb68703aa5fdbb,0.3071649,0,0,0
b212aa3c6fb91c34a0faccdf783a0a085d40be94,0.32115492,0,0,0
f8b1f6e7456a92b8aeb3e0aa8ef88936873dae00,0.034422074,0,0,0
04a5d83aecc325f87696c83b1a5dba45584ddaa7,0.046293646,0,0,0
c202aa8cec19d80f4671e77370287540a0777b7b,0.24029948,0,0,0
e55aaa5706f031df2e8d68bdf088604c79944246,0.05630136,0,0,0
63374a181393d941c805b6909c2ae5c41159e745,0.3343826,0,0,0
2b15e1f43de16d204a28f72a530abcc24208f4d5,0.23501883,0,0,0
4ceba113050407f10e116df7ecade93b1abcf6fb,0.2962692,0,0,0
5e5ba1b8129fc0d235b149ee699ecb2fdebfd39f,0.38353866,0,0,0
bcc7c0c85878d19735f4eb014e6b17a3c0deb0dc,0.46067145,0,0,0
f3a7cf629c19dc80734b5b6c3933fcc76c8a50a0,0.47292215,0,0,0
a72a5ced53067d3516ffbebf00a633743bbfeb5c,0.46555427,0,0,0
7642423cfa70fc797601afd64ad28ed1609df9d2,0.049768955,0,0,0
04e52eb6155b3cbf5fffc0d52689a3f679e40b19,0.5393246,1,0,0
a1cde6ab707515ae014c2635f9d32ad0ba64e7a0,0.027098628,0,0,0
ff902c15612f2d771483ce6bb06e55609247c34e,0.4987921,0,0,0
3f796bf74666ff9a4a6d31f10dbde4fd5e837d6a,0.029842112,0,0,0
c158713b66856745427f793f14a5dd1fcaf941ee,0.023300035,0,0,0
e8300276291ae634eda52d812e6e8d7cfef2f8eb,0.023916721,0,0,0
fac65b868c549d28b786568636bbc8362d2a78f2,0.041927207,0,0,0
c99a787752770b8952297e24e07bd404cb2f4f74,0.06846997,0,0,0
b877fb9abef4a19eec9cc7329acbd433648b8f7b,0.045763172,0,0,0
2b52dedd56503bf89b28cfbad21f59e3dd4d1d32,0.02344431,0,0,0
bbd1dc343992fde4baaa0309178509dd07eed536,0.35638425,0,0,0
dd5a0e6e1e3edb41afb4b40e4ec2c99e5932e73c,0.041078687,0,0,0
864721d54b8b372808b098e13120abe5c22fb9b1,0.212737,0,0,0
18b1bc203bdb236bfd9084193aa2d55d4b605139,0.39834526,0,0,0
b2c1afce7eb13ea44fc7d25562cc3bb83cc91b2f,0.42316842,0,0,0
5b223744b49d3ceac9608959d2db82bbadb47897,0.46816796,0,0,0
031f6b082ff21cf1138907a7c666d6ff391bfd72,0.2569174,0,0,0
afedbae8aca69a092d65766640361801bf2b5d9b,0.45923588,0,0,0
fd59e545f4f2d697ea7e197f002c5e8eeca27004,0.0332358,0,0,0
3eddcccba7e0361d6e833407320908187b16ac8d,0.02724225,0,0,0
34a5e7fa91aa7ec9e75a16eb6f3d859d794d399e,0.03135635,0,0,0
fbb5d31a581c24e925c442a7754358d2b62a669d,0.044469375,0,0,0
17e65488113a2dbe9894f824f4321a06ee009e02,0.023626393,0,0,0
9625891a7bbc0a8b11f7cf9c2b4650775ec8ac53,0.19866894,0,0,0
13cd4e0ac3ab76a4dc091eda457f9a111727cba2,0.05172334,0,0,0
8ef8e2a7a5326eef6180951207f65d3c29bce419,0.23026663,0,0,0
844b2901fe4049fba29ce8c6961dfa25966974ef,0.43469706,0,0,0
faeaa303b903139f36c15751c8e48ef982222842,0.4018538,0,0,0
5fef9575646f6583fd2d9ee01368b3deefe6ce82,0.031107638,0,0,0
6c687c70a1d5cdbc71c113b7d7402dd89a942849,0.42370203,0,0,0
c049aeeffd41dd9fb8075e719320846c83e5ea91,0.061872102,0,0,0
9bd439b4e0aa69050ef1baa537e552fa4620e5d4,0.09898388,0,0,0
8d6bc0ca625f3a1a98b486541fa613b2fac4b41c,0.06920056,0,0,0
d2fb3b0865a87cc909e4faab7733f993356141e2,0.031806596,0,0,0
10ebb32ce1806821518f52074f0d171fab20b3ea,0.2907953,0,0,0
caaf97ed8804ae3bf6fb17cd98a5814cab834688,0.37124044,0,0,0
ce0c082898e3551d313fb5b73763f399232b3fd5,0.32498547,0,0,0
bd9adbb637a8a4aa5eb61c6fde2c576d0ab3c4fa,0.47528893,0,0,0
e4b7ee81c1773eeb0bb71ca53bf722f046c16a16,0.33964175,0,0,0
aa31bc6c313789c344d715b7c1aeea0cd8de47e2,0.2462867,0,0,0
3899cc6570bd9176c84ad2d5d14febc6c0ddd964,0.2774972,0,0,0
648eebba22d6398a01b0924975bedced8469ac80,0.29114574,0,0,0
8d95ae41975a2307501aa0f4a7eba296c59edce9,0.04170275,0,0,0
1f56bd103d53c8c6ba7502c6586c26be01bfdb80,0.052138064,0,0,0
c7c85ee39892df3ca007c6596c41654865be7e43,0.35895485,0,0,0
c503d742f094dc2048b72c3f78f5e2e6070a44e1,0.05695103,0,0,0
a2d41db55aa46bd4fedb215c978f03e282cf1ffb,0.32017535,0,0,0
5ceb5f57212935386737ef4af0d066e9fd38c5a4,0.3207894,0,0,0
cf6b6d8eb1b524b73cdb74168f3190ab471aa52f,0.2813445,0,0,0
ff8fd9578ee8f66e6f80cd7b9f204767845b7339,0.22269993,0,0,0
ab60f735c721103ac888d8d7b801055921336687,0.40143102,0,0,0
a2660687980b36003a612eb89b40d6fdecb4b153,0.07486589,0,0,0
b3c31a379e9ad7cd22cb7f0669b82361ced84992,0.44399452,0,0,0
204ed0048f4812201ef65c9a0c44fa54a7d1e04f,0.065575816,0,0,0
103b64a373256feae6ca85f2bf220e7694e48fa4,0.47650003,0,0,0
9c506279188a90dbbe124386cc52016682d17b5c,0.24501309,0,0,0
8eace0187ea2c0c1a6e3a5b5e24e701f6e23ae94,0.31751317,0,0,0
72bbbbc559992e5e6bf17279d8194aaa80c62e85,0.27242953,0,0,0
feb7ba55120feb5e3ad3f526fae7dee1b5189d9e,0.31586003,0,0,0
bdb074610c87a210ea4c0d91d579cb4558f4b19f,0.043233752,0,0,0
64d820bffae723b9c8669301b246ae199db61b5c,0.039220534,0,0,0
d58d64ddb1f205a54c7eb57fe0cbec9c59cad8d6,0.30489308,0,0,0
d962a2b31c9a7216c2df557eaed3e475b13939f1,0.44883597,0,0,0
db6f7c1d74ba64211221a69cfa9fe7171a9199e8,0.4735614,0,0,0
1eecfc948bf6f4cbb9a2481313ca7368ec653056,0.34072387,0,0,0
ac5a216f767c6defa4da720c6ecb3baa05e30254,0.027431138,0,0,0
d9a2c69a9d1db6072e1d7b7ea4fcbd5c15d20b5d,0.034943826,0,0,0
d0f6be9886afaee6080cd4b7cd5d165c767b71f0,0.1202651,0,0,0
8ac857c41ec8ae02e57eb0c1c1a012525e7e14b9,0.03052592,0,0,0
10d2363fcdd6e15568f765ba0dfd5f0cfa0b04eb,0.02828248,0,0,0
8232c096cef785a2ba88a7324b882a7badb0af44,0.025802406,0,0,0
5f4249e2ec8cccb17b27a7ffd032c4fc237a6927,0.027692966,0,0,0
86a59601b570585dcb7a1ce3d1ccc8e16008f53a,0.13908568,0,0,0
809e2bed22f02264e0ac58bba070f6d84386cfc5,0.046569098,0,0,0
6423a7665516d738ae50d272e3b4ca72cdb89a9d,0.47425666,0,0,0
8274993e293a79fc75829df398233915a6387a4b,0.18182975,0,0,0
e2dbe55d56bd6c1209276050f527d36717e33e1d,0.07781394,0,0,0
10325422e5a4735aa87a4d47bdb377e09fe963d2,0.03949839,0,0,0
a069c490e8119189fa2b43d3b597b79b3d42a367,0.512759,1,0,0
a945ecbbdda782b51d5c2c670345fbf4dffacab7,0.4192739,0,0,0
e4c72a5522aabfa6a660088aa9262d849756e464,0.37147388,0,0,0
0095d8adf26b9469115b1be0358cb09d1fcb5fd4,0.046273723,0,0,0
151f2cd3d80c006f4ec228cdf610c3a35feb195d,0.38145128,0,0,0
33884b226454324f27700f9069f4702b44ef8ced,0.2581871,0,0,0
23108b1bd90de315aed37fa3fc1f38f8a56ab9ba,0.027625613,0,0,0
d6644e4fbe3d125eed2d85e58fc7133466042f10,0.31130722,0,0,0
dc53e49b4afa5d59c533cf2b4918402c37411fbd,0.37954438,0,0,0
f9cab271b3bc8c2fb6e2c51449ad3bc07e62e174,0.40520462,0,0,0
383bc8eefae7e17d0bb0349ab2300488c655ec42,0.38318577,0,0,0
eafeca43268f16aa9d4a179e44b9e7747699c1eb,0.39046392,0,0,0
4733cb5b798cd72aed82a9118648b4a86c91539f,0.3820393,0,0,0
9f89fd4626bbb4e34a905835e397bcffbad59307,0.07967355,0,0,0
2dd459003e19e4bbc2811b10d38337f295fc5a19,0.032243032,0,0,0
8d601ab71228f7c3dff950540e7ee6e4043e9053,0.053071003,0,0,0
0f6a292a29fedd49741310cd517ac4ba907bf8d4,0.04573201,0,0,0
011775551ef75d75f81189eb4604fd0f2ed424ba,0.037692446,0,0,0
695342cb1cef42f30fd1a8496f181c92b21ae82d,0.42651334,0,0,0
c14890f08b9bb47ab8ad27f4dd4c714e32961d0d,0.46825737,0,0,0
f3d2d55ab9b783af65f2050272cd0318a9ad23a2,0.4433415,0,0,0
c0771cbc3c445a9d1d2a43ac4ce3c0edbc806957,0.07589272,0,0,0
3aface95813003ff75505e2ed7d75b072228d3f8,0.18373805,0,0,0
2c437a12bbc578442daaef85ab486d1e55763853,0.033125035,0,0,0
ab0570e63aae3027239dcd5d22caab95111a5de8,0.3252975,0,0,0
f015fb2b31a5621689a57ce9d2d300e5f32357e1,0.03840824,0,0,0
cf950e7365848130c5c2d57c871652e6f83e96a8,0.31045833,0,0,0
e6b830bf95f712672cb9e77cd852606cd134c5fc,0.39526165,0,0,0
09c52410e62b0e1e221d413d7ab18feefcca6bf7,0.14324473,0,0,0
9dcd87f9c46786f3da54af7ac1ba4696840dffa8,0.42277277,0,0,0
f55530a2ffd3c481f6554d98e9d73f2e8c62ec8d,0.38559675,0,0,0
dfd69e038cc7035031d1807c4ade870d2a7e2ece,0.38683584,0,0,0
a49ea7a65b7990b3e6e625bc8bfff7396ee49300,0.029680071,0,0,0
41bc4cd029fc486b5570ec344cdeae049bbca860,0.021413835,0,0,0
51b2cabf2c3737de06fc889b39d40240d1b134c2,0.029345041,0,0,0
8a05e0b0f640289c32f2f261f35450532cc2a1aa,0.05894347,0,0,0
2cd3f0f10a797b744509903b8eca4fd2fd4ed6f6,0.2861001,0,0,0
8c1a0d2ee1433681958809b4a0fede65f62936e6,0.069458514,0,0,0
a08ec31dbf212a033953dc6916a743dccbb93e37,0.032160006,0,0,0
795fe5d869594bde53f8490d75eedef6185b6c37,0.06710936,0,0,0
5556118ad13fbb80a56d7b8de6f960e9ff8255b8,0.060231585,0,0,0
f643b4fa939e89348618ddffae20a804f4461363,0.0784501,0,0,0
bd5cc81ed7f91865aee7a5a7febeb237220d0c5a,0.031097494,0,0,0
657704627b297a19a693645cf03c5c70ccd9a8bd,0.18013564,0,0,0
363cbf7908cfcc6a538126bcccf5c955afda6aa1,0.024393965,0,0,0
c636539836ecb541d9ef71f2d347772cf9f6bc52,0.026360933,0,0,0
7cf5e01c2a152a0b612cb19e02213879a57c14d2,0.05737023,0,0,0
e8d861359ade336badcac3211e5aa447097479a6,0.028285993,0,0,0
044367419dd317eb9f9935d8360280b8b8695462,0.20242444,0,0,0
86a082e8be8c51f07079ded82d6d125c9efc1791,0.33676702,0,0,0
ab25f67348d4885620df86497889c1826f013a73,0.040637914,0,0,0
07811434b773b6e1737fe7dd3775aeab8afb18b8,0.13941085,0,0,0
5bdf0a938adb384bfdb6cc494a2781e2ac33b0ea,0.042722832,0,0,0
30c85ad05363767deeefee577063c2c432b971d4,0.36288252,0,0,0
1661e5519c4836a5a940b13b7797263443156fc9,0.028393367,0,0,0
a64153a3710c5035988690f0acf57dd61b711cf4,0.3284219,0,0,0
954ade4c1ae2adc0aaac3a1dbe800495c519520c,0.18898702,0,0,0
4bd982d1a1df87724682c17c39bf27b5cbe389be,0.05876933,0,0,0
a6443e146f825291308319c6a0f2eb82aa34f8c3,0.36992738,0,0,0
914844e1b226a1ac7ba45626ecfdfb56e7b2e263,0.19811288,0,0,0
98fa164cd88d126d0f137f5bcb4a1d180e0c2fc4,0.07081479,0,0,0
c79e6fb8f95bb07d2394221b29b75fcc016f4900,0.057853185,0,0,0
6597c196521af500feef7a02610727eafa7ec1dc,0.031463657,0,0,0
4670a941be92a55fbaaa3b4055d444e07ffcadb0,0.030401092,0,0,0
cde4c529034e182a982fd842252ec410d213c34c,0.46113133,0,0,0
b5f5449cf338376d12404d0190054525987f4276,0.06952158,0,0,0
721a6e59f7e4f5c0f3196d3eb0e81cab5e41d065,0.023026867,0,0,0
c7c424fb9c3a39b6ea036242e44cdca324f7d104,0.02026375,0,0,0
a8f41ec97d139f5d0d7cf161e8484f2bb809facc,0.47637007,0,0,0
0181c8059c081d144cad36d003379bd50fcd9da7,0.022984555,0,0,0
90f0a680adf3eaa95e46e96d28ecd6848c74bfdd,0.045513846,0,0,0
12e597a78cbf9d82414b944a5b285d81a2e27e51,0.18638255,0,0,0
b45435c950e6f6864671bdffde29e26cdc8ce15b,0.06436502,0,0,0
4259a706ab8641f408afc3ce224b1c0ba5a43d17,0.37127426,0,0,0
f0f896ee600ea7ff66c083747f370453b914be48,0.038347553,0,0,0
5482ce61b003726a9476c76a4337e043af4318c0,0.033021998,0,0,0
31a9fa0cce769c976d74cdcb6e6ce8831793db7b,0.021594018,0,0,0
1a20867d01ef8ee5b32b0620125b7c38a10b80c5,0.026541814,0,0,0
1731949116a7278f2b729cbb9e505580c8f56980,0.16204138,0,0,0
b521820b23c45fd068618d10955eceed48801eff,0.03118479,0,0,0
661d16d190708a1a396d8b75ba10738e4574c11d,0.03615859,0,0,0
3c2673e82d33b6c9bef3005a896e5b0d52b108dd,0.02920298,0,0,0
99900ae089cf996bc969f0673349c06c2e6fbf1d,0.017943963,0,0,0
811dbe7226ba0ede04c2062c2dba8f72a1c03e58,0.3659857,0,0,0
9f7d03f09172afcf0a7be40e3262d151ef053b3c,0.30227533,0,0,0
3c89994355f3574078c832b2dcacba0e65e87ed1,0.3833242,0,0,0
d547412bbd2a1ca56769a2bfa13b7ed9547310ca,0.3031772,0,0,0
d3146a545612422d3f8078f10afa00342b327199,0.38132492,0,0,0
8f54030347e31e0b1492fe874a1f1b67b89b836a,0.44904533,0,0,0
f059e5f7fa1ac4a906b5d2e18d72d410bf28fa2d,0.43512312,0,0,0
a5e76ebc404d419651c2a25b1a62199de64cccf5,0.25154355,0,0,0
a91f76da21faf4e8b70f0f69c6db2521409e7d29,0.030894224,0,0,0
5a52446090a67b9b04b67a0b7aec94e73bd21930,0.023576885,0,0,0
82cc24437f43d07880d8883229477735431e5d02,0.03989879,0,0,0
859224ffadb79147088840732236c1fad341d842,0.07001193,0,0,0
314b6b56bec4af56dba667d66a25c1613f4bc800,0.45573437,0,0,0
8cafd87c83f4197f7e8d14de8cba453c844266c0,0.28869605,0,0,0
a060733e63a9cc476342ca190d04ad027a241d33,0.030649828,0,0,0
e685d847b4c70e354e47ea3990cefda3265aa5c6,0.03451429,0,0,0
c8e648b92cc133a604b5e1f4da1ced943788e64b,0.20491062,0,0,0
ece2f255eed8ad9eff6e236152de65e804c6adb5,0.02184219,0,0,0
9766e22b42b7b3f3923cb9c2502dfc2dd5d0a5b0,0.023874825,0,0,0
776b86e99a1ce18a5093db457109807b766d49c1,0.02393309,0,0,0
e1bc286245ce5f798b5312d65bba64c71921a3f4,0.13397478,0,0,0
585b1cb97b4b9e81b55d68e04b6c1e1195058a8f,0.024229456,0,0,0
7587431987258e94748d5f2fda1e6ca049a21600,0.038589343,0,0,0
53def501409cd1f9e20ac43edba6f2949bb366c8,0.037942838,0,0,0
7c19a1ff4c217f03c0be62baf1169d689f566825,0.30097952,0,0,0
8cfc1b1207577943d412789765a3a2085f1b3036,0.12570836,0,0,0
577f7b3b5462fdf84c0956a3bec5296bf7821677,0.12844186,0,0,0
65b08c4f91a4e5d78eb645b46d06d7a46f8c62dd,0.15723431,0,0,0
0344ca3f2d43e3732bf16370262303be8761a523,0.28628263,0,0,0
c68285bb3392665827595ac408a5fad828b0351f,0.24253634,0,0,0
18e692478dcf91fdceb9b9fdca7c61a1111d63aa,0.2931576,0,0,0
f2d8493ac44995170ff84bb895e3a73e0127cc68,0.23070106,0,0,0
f5ebb9a649e9dd0773f9bd3457d6ce1895266d59,0.030135214,0,0,0
3e08af573f8b50da5202f55df62c925f88a47f3d,0.27475998,0,0,0
cc94767e7eabdfcf9d1cab1d8d1d8556864394c6,0.051363625,0,0,0
d6ad3f01574b839670d4ea5cf82a601eee7e0c16,0.3431418,0,0,0
a2dce32cdab108e7e281dfc27dd0a394e1419ce1,0.02727024,0,0,0
fdf05fa29babe21e64f9a5b268dc8406d449d4f1,0.034199826,0,0,0
0b70b01a9f1d9664bb5eac737175f58f06979b60,0.026695166,0,0,0
7076b7408f06bc8a277f58e7bb6c2ec3372d5d6f,0.39818615,0,0,0
cc6beb2d05347fba64d933906ae2b712b1a43302,0.044411153,0,0,0
c7554151d3f695718a5bd431e22c7f4c39a0b261,0.047831934,0,0,0
ae862ae116f2056421ab8d6e997e7b64a95828a5,0.18503152,0,0,0
d65b9d2bed09847ef28b9ceb30c9f8a96e0c12fe,0.08557634,0,0,0
36217ee164239391c672fdfc8f5bd080beab5c4b,0.25473586,0,0,0
44854912194177d67cdfa1dc765ba684eb013a4c,0.4578226,0,0,0
fd60085a2a3891ab6db46dd3b75e9dd67a7c734a,0.4365159,0,0,0
f4bfd9c71f51fb541d0fd203f0df2e609632dc62,0.22554435,0,0,0
3b6867fc25b5dbf27925fdced660553ea8289dda,0.30381915,0,0,0
ed94e5a5cce33af89dc1b1475204734b17f64bb0,0.2973871,0,0,0
87eff4c78fac85c1b5f2309887f6be5fa2972537,0.20183271,0,0,0
732ea5e94fdf8fef42b5c21d001983fb24d2842a,0.02506983,0,0,0
09d70ce73dd37544c92621eecb7faf062fccbd5b,0.30551487,0,0,0
060e66bf995177adfc4d73a2a4c9bea70dc5e441,0.37886098,0,0,0
9a7de3974d64a5410e577933e141797928adca71,0.3846524,0,0,0
1e9e36640f762d29c07d8322c361ece163b179fb,0.1328408,0,0,0
c56b87d6efe530590b6d9a07e41ca00af208ce37,0.40841642,0,0,0
07f3694a5c85ff5ee8c556817c0d2ea3504f26f7,0.4061944,0,0,0
5cb988334179b4f04a27c59c1e6a888db0dbfc9c,0.4790535,0,0,0
713c77ceda21d0c3cc9c213341259d64fb46fdc7,0.4585055,0,0,0
729bcc46b503c1574c7c93a65e902f436b4ec6ec,0.024919389,0,0,0
6ea2fc8d38e035bafaa92c7d3b007be38c2e9000,0.030090906,0,0,0
95fce758b0e12837869cae450d8029d7237b0dbb,0.023236703,0,0,0
6ce88517b3af6d48c979b6e984889b69c044561c,0.023658568,0,0,0
b52c69b1b0ba1c542b917247f1f76deb4ce2a42d,0.029291332,0,0,0
125cfb4cab35daebe874a599877d6280b464212b,0.018067513,0,0,0
6f03c0ce11db4a270124b9bf93338d3db9fccf5c,0.022030363,0,0,0
96a1a31d734e663af5c9bcda58c7bb5870e8a363,0.01756001,0,0,0
7aad59482002d0b4bc3546259d33eab20ce76b9e,0.28141844,0,0,0
c1ffdbab58712cca8463b3edc88f9d5a09b0ca9c,0.098631404,0,0,0
758228f691b34c97f421ed92336772531495e0cc,0.05381037,0,0,0
a26c66a8edcf029ca5f94354cee0db267e9ccc20,0.045299307,0,0,0
8dae1f2904b93127f101bd36c1c79e801385a8f7,0.17830251,0,0,0
4f928504ea91c3c1dd43ce696acadf76624240a1,0.23745178,0,0,0
22c30471564c730b02f5f7cedec28fcfe5749fc6,0.021023005,0,0,0
10122741eac52e218771f30c6dc2c0aca54ff006,0.021512993,0,0,0
e863dcb2e7a654af6b8eb5865d8d1d8eee0a6d28,0.44598952,0,0,0
d8ec011d770e1e04ef4f87fba673f3748f363278,0.036671758,0,0,0
f7cbda67518ed7335566ebf942cd170a66746096,0.22769035,0,0,0
7d061e33e59e23dc4b03378f35f50a7d70f033b3,0.050845858,0,0,0
49a876cb1c2a49583b9184ab58a579ac75525986,0.37016284,0,0,0
6dfc3e64037f10b84fe203415e79e2435acff558,0.34589493,0,0,0
5fb74a6618da0ca8b12a3346038164913a5d27d5,0.33930525,0,0,0
f5a9effebd7209f3fa5385f18a5e59e8a09122f2,0.3386546,0,0,0
c614fbcc79615f93d2c60a153db6e82d7474c425,0.033176497,0,0,0
d575057852ab2be41abb39b8de69a35cace5c67d,0.46459302,0,0,0
c8e61afdb89c58ea8ffaf04593da41ff0888d30e,0.410745,0,0,0
c3b1fefbad0c67c8556ba6b4573f135197f87598,0.433741,0,0,0
60412131f3679b720bcaaaf3dea4be666cefea7a,0.062926225,0,0,0
2ce40494073aa4e9bdcba4c39d24727b7141d227,0.024348363,0,0,0
2e9f3a80146262511ca7bcdd3411f095dff4951d,0.03512805,0,0,0
2c0429aabd2632c8c6a242e4a23d5eb6f46035c0,0.3687349,0,0,0
bb3fe2a37975920d1c7b9cf16309d86fe86e1a35,0.39229262,0,0,0
cb686673a70a6f14c35575550c48c37d19a1598b,0.046149116,0,0,0
357fe1378889e5934e8f60c8d35397bf63871991,0.22533138,0,0,0
9c886bd4a188c91301029040b3a839e4b8e2812d,0.30347213,0,0,0
8b62c114cfc5fd347bd8cb5a391fdfa8cb539435,0.15918568,0,0,0
56b7ae44f957aeb884efc797ec74c790a7a3abae,0.023952603,0,0,0
17f9d22f334c91e701808808170bf60aae7342f9,0.026967045,0,0,0
9901bf98e4921df1c85e323c4b096b7feb80221e,0.35163274,0,0,0
aff0fae2ec3a7d74356776c183c6986eb9eed520,0.038814805,0,0,0
1415c9a2a6317dbdca6f1fbb530db1f558d9bef5,0.04527573,0,0,0
e51bd89201477092c32c180e4f8d00569db17ac1,0.05617005,0,0,0
efba54d35fa094de5e580b200a8607bfc7bd5a7a,0.032228053,0,0,0
58a8f12b443d7cbc16ec00b8841138ee55ee6630,0.13766451,0,0,0
e7d16c27629722a93a9d36a0b5e0a3a793850544,0.03264062,0,0,0
3fadfdd69f4682f05563ce53e55743f55813f488,0.044608183,0,0,0
bcc4f82a7aca3fe72142bd8d9ab3ac6c9d4d2767,0.3928832,0,0,0
54acb6e10f33d5f71770323e9769d2dcc1130a86,0.019888135,0,0,0
bd4066eba88a772c06394d818d87aedca8bea53c,0.033070147,0,0,0
09ef69c5b51115300da6df43690cd455d83c8027,0.062081445,0,0,0
a5391bb34cbe168f2c5f5f6e8fc3a1eeb9399e13,0.38882977,0,0,0
96cb498f9bb88b534e49f9b8301c9fe7113b2dfe,0.38134745,0,0,0
f4a262df5204221184f1f5008b06957868684a25,0.41686204,0,0,0
81ee0d062c888d8f8bcbc154cd7f0143710f458c,0.33350608,0,0,0
4aa4291ffc143486757617b743c9670001f8a7cd,0.28031957,0,0,0
ae6a24dd439a7b778e35b484a3a6eae1a8eb64d7,0.3929852,0,0,0
9379d0d36acdf78455e81518b3b1476c7691f056,0.034627188,0,0,0
2521d9619fe1f052ced8ea1107851ac98a1b7488,0.053059965,0,0,0
7721302ae5d70d2986d74ae7e7df648bf849997d,0.032615237,0,0,0
1cec9a6fe588c047daa6c711814453840405561b,0.0337702,0,0,0
a36c903d4f1065bc59f5e6d2bb0f9d92a5e71d83,0.354996,0,0,0
08aa21f9217df0a28d48be5be5db03ddf4867140,0.035536468,0,0,0
4f4e2b064e98ce1abce98428965f8eed86f4543e,0.28725138,0,0,0
2a11642511a3c69bac5aa1abd83d3219871395e3,0.03464024,0,0,0
ce178d8e87ff6f9a12aea4b217c1e09254936236,0.04068174,0,0,0
9fb4f47f352dc1c1f5f20de80840d39e1eebb985,0.24806695,0,0,0
762641dcdbae9456aa2b72ec8fa1baa0acab942f,0.024995383,0,0,0
47a9ea7c828772625b9e26c0c7a6db494ea626a3,0.032834645,0,0,0
9d090d40ef488c6c8e0784da877b93a05034e339,0.50590414,1,1,0
e7e48da660e17bbe5c0f8959c2cb9f6d60555cab,0.030018855,0,0,0
5d369c4fc53a2ef5c47f16eced9fe917a87146a9,0.19520554,0,0,0
558f84322cefd02246c49666d7e7a3b2e2cddc13,0.28309074,0,0,0
b0580d508bdee2903f05d95d59e6e9a1dc9d710f,0.5412628,1,1,0
32155107dd982360e813d10d0c76f6f7cc2cc7bd,0.19273825,0,1,0
596afd4f5a73c7fc756d9bdc12c6613856ca27aa,0.59954613,1,1,0
7f0046cf4e2161f0145e0e59a1b9684b04061916,0.22169593,0,0,0
1f5e68b5612053cf35b31a13c8b5e8341d892f93,0.021673754,0,0,0
b236d5259f95b755aa5e1d955c8f835312047d77,0.23101713,0,0,0
8fe95aaec201acc964ffca80954e60f7c57d7413,0.2316113,0,0,0
d5b16405c77037e37bd180843c1eba79117da7a6,0.14022034,0,0,0
d3aa5b77428d77f5954e30b14e7385c15f6f398b,0.15990415,0,0,0
83119a80aa1551bea003ea6b9e65b616b7795246,0.28947395,0,0,0
c4de3dd2bb8afb3323fc3aaf394a463aa4222768,0.1632604,0,0,0
f7f4b909d0961528c9b02ca5492b2a57a8df8bbe,0.37962806,0,0,0
bb3d861fcde210e45f3d3ac59d8ee6e1e4086cb9,0.36242637,0,0,0
1e6dceb8ccfd2c97379f78066ef4ad2b9a17b1d5,0.25059268,0,0,0
361b73775230d91b4ad9ed588d6d57f3a049e907,0.3279027,0,0,0
9a2f53d2d56fc58617f2bc7e8ce7f488dd05d47f,0.29930055,0,0,0
6ee118d2a12a4c0bde2c5b828e05ea9b18d4be2d,0.1351891,0,0,0
eef240cfdf77df4d3ec55c2f03dc52112dea7553,0.29782844,0,0,0
0ba5e75432717181296459b9bdc98f9cc3cb2c7d,0.32405865,0,0,0
5d83e4deb81aa7e06e4587809642e70ef9a03662,0.029179465,0,0,0
c635393fb9996ec9d33b32ca27a720d6d5593255,0.2234063,0,0,0
cf4d2789901be233792839384ba76b94dbd25888,0.1665195,0,0,0
46a1c86ab3f4e2068023a1faf1c704443f3f36e9,0.020861223,0,0,0
d31ea317a5fa6cac0e281bf0aec5367ebe45a217,0.28187555,0,0,0
88564caa20e4bee55287b258543cab35e9d3adf6,0.33297977,0,0,0
9f0af0bfee5a92e67ee54c185f49fb7c771c15ff,0.1635289,0,0,0
05f3b74fd581ea5f8946c64edcb293747b4d9a71,0.35514906,0,0,0
43e4df85bda71ca1500112912a83d3ed19868c4c,0.34350267,0,0,0
8283d966f47280f682a1407d499346a383d1b1a5,0.40871018,0,0,0
5878adfaf37ce37e6988956e4cd5c833c6ec61be,0.35537565,0,0,0
ace5ba00f7067d517a35713f439344f24144fb79,0.2738059,0,0,0
67e443370e06288fb2702d62c0206221413ab852,0.22816792,0,0,0
9687cf07f34bbf5f67c17e75cadd287b9f6662cb,0.1971059,0,0,0
94cfd56bd9092e0fd8579120630dba0c857b7777,0.25242022,0,0,0
077913c7e9eb8e4cf8863b7545bf53c2923066cc,0.23589,0,0,0
fbb81a37f80fab1d1e21435782e034eade76114d,0.223599,0,0,0
278eed3e1f7cfef2d39a25aba53f4478c3ad8c58,0.27579415,0,0,0
73dcea01b19ed9fc9c0d5a8c38e752bfe071c801,0.04063262,0,0,0
54bbca89040ed195b89478713fa4a181cb2bca3d,0.03614487,0,0,0
1fe64733a2a28b795bddb152e9adf7489b6ea7c2,0.29952902,0,0,0
1194c69fb122709872fd634ae9890cecd1d83e90,0.2611689,0,0,0
709aa7bf9c998cc75f6e0be7d258aa5a07ebce8b,0.2859261,0,0,0
cdacd4a987755572bd4d6d328b371644ac07ecd2,0.373295,0,0,0
ee7ed6e655c08774387f9ee60ce11b84d7901cd1,0.040443458,0,0,0
edd64cfd822ae2ca2faa8dc1c73edc38a6e19f0f,0.40986016,0,0,0
ed085d064c0f80b0bcf382550d10fe6b6fc9f283,0.17222764,0,0,0
4a025d3f8e31bc3e944399990b3a4baedb90e630,0.29289174,0,0,0
157aa8daebcc6a464cfb350de346cc550ac13d15,0.026049983,0,0,0
0dee0324f694b1e035b9c3dcc6923278defe1d3e,0.33538142,0,0,0
136b96c803ce4353f2cca2b24171ddbe74345fe6,0.31191054,0,0,0
99c63edb10e945d466dafcbacbb6fe930f2a31ec,0.22444038,0,0,0
1c8fbeaec2ee80d45b78742d63aeec0c9d0c4e9a,0.18665725,0,0,0
b1162d812eebc9298b7fd62eac1dac119ae5f271,0.30843782,0,0,0
125c820e8d43df150ac09c9da5b38dcc1ea6e03e,0.26987022,0,0,0
680752e1414c07fe4357d5b6fe3052f3d9dfa374,0.22634539,0,0,0
f36d6870f2e1feef7f1d6fffeda056fa72c051f5,0.14649294,0,0,0
62e69cf4f2fcb3ad8bdc44f75f8a9e3e20ca7337,0.024723317,0,0,0
7df57879c92a467cd71860e6cfe14a04a49fd031,0.41577253,0,0,0
fe63f95fbff43495e57ebc37350798dee024cf9a,0.37526447,0,0,0
719d0c56036111d07c46ab5b0f379f62f14ecdc6,0.10909261,0,0,0
4951344fb2ce246e0cc5a2dff90d24cea6eb3a75,0.06427266,0,0,0
c151913ae25d55814c40b7f922886d52c7086787,0.13063495,0,0,0
ba1e716261e055f84baa9a47f9ae2ba959d54390,0.21973194,0,0,0
894fd838fb695d794fbd28cc66c82b80a9688c91,0.051357377,0,0,0
ed7710f41c594c030188917cc773adbb6107383d,0.027499184,0,0,0
11ddae0a3570fdeaa421e4e378ae14bc173598ba,0.023546064,0,0,0
9e8b370391f5b3e71cc349a2ff556d8a3cdf1232,0.025811361,0,0,0
15ee56bd0f91ef807a3e729ab3410a834ef3fcef,0.029611452,0,0,0
72784c46f6a7d7644398db5c7ac8bd3822c523d4,0.058880057,0,0,0
90559c49bae582697906598c735385c19daa6da6,0.37474263,0,0,0
b34856498ed290a4883b077db0d4df2991ba190f,0.038147397,0,0,0
8cc80dd1a449f98924ca9e74970b35f940d43800,0.029891435,0,0,0
84a844af5d30ea41750071dc8140a56e9e146bc8,0.23681268,0,0,0
6f95e26fc92e929fde30d592e7572493d360ea3d,0.25833398,0,0,0
fc3d530961ce4f23fd2c8310f82d6d1fdaae6c16,0.23476343,0,0,0
53c08a37ef81ed2aa3ab57f5933ebbc5db68328b,0.25333902,0,0,0
bd861c0d8009bbd51137bb97d15d5aeb8902eb2f,0.23446108,0,0,0
584a10fda56263ec0ed555f9866a1a82851a83b0,0.3296191,0,0,0
aa0c114ac9636012a941ebee49d69cbd6f6291e6,0.31371918,0,0,0
bae09b4838de43ab6a8be25ee25d0d11f0fe7477,0.2570516,0,0,0
4d8331ef9c3993ae1d3c091a758b24cb9a037fe4,0.17135955,0,0,0
1d1cb74151d6fa0272d607d06ffb85ff4a50e972,0.17994402,0,0,0
6602d00afa7a5f32218784dc54975cae5540a255,0.10522539,0,0,0
cd78c96d225752e3656a2f1a302298370b55a4c9,0.22145015,0,0,0
f27cca133f9a28899e00488ef56b2f8a2700a68e,0.2661351,0,0,0
3fe52d0cd85c01eadc44933df5596d177c3ecebb,0.15595229,0,0,0
81d1982c3cbf56f77e2edf3f063ff84e6e748549,0.23261803,0,0,0
e32f477085a9b6f658463bbbf355405980c515bb,0.19449508,0,0,0
7419cdb1fbff1096edca78bc5db34f7fdb3b7342,0.28592905,0,0,0
ce1f9e29288cdef4fc295ec2d5b4f846f0b732d3,0.24114454,0,0,0
60a8028d22b88ee2f2d7cf7657ed35f4046efe79,0.15505043,0,0,0
c779a5ddb807f1a84e1e6a5e43a0f1296dd565cf,0.19755177,0,0,0
c2bfafd4bb8ed95e30dce29e65a9afce26a7d860,0.16550379,0,0,0
e48157a0de54d6b82137d62dde9cdbb4bf5c6f40,0.22868903,0,0,0
6d908d014c25ef3da000789dd56de0b6e7c9ea8e,0.27543724,0,0,0
5bef000847001240749e50239a25ea69485c849b,0.23474629,0,0,0
82c1bee3f786f96fda51243f4cc6d50995bd90b6,0.20484857,0,0,0
5f84693e1db2c35b9b797614e17136655c433335,0.26132637,0,0,0
dc8138a8a9b022d156c4d04b2491b269661db396,0.26617488,0,0,0
233746d8fdb7e71a63b5cddb55421eec87bbcc4f,0.22331434,0,0,0
84daf6aee0175303801e710dd2d326ce252d2f88,0.20432885,0,0,0
6df343df2635e7e0518a09c374532ebf22a30529,0.22980745,0,0,0
6cf4249650d72cf21ae3addacb5202089923ad91,0.020617913,0,0,0
d990feb36764cda778e6b4ce9469654229ac716f,0.19387917,0,0,0
393fa5df9262c339e004e061809c73d7637a909b,0.27119496,0,0,0
59899e1c820cd3fb8789b9cf8648b269b97763be,0.24509211,0,0,0
2ddd54a7ddfead528f2b1de92dc8dd16be7f5f89,0.2804958,0,0,0
c7599fd2a84b3d58473fd16c5df4034a8658e925,0.12922639,0,0,0
82b547ad25147df44f27a3534a5b618755217378,0.26051235,0,0,0
62e56cd3884d224e42cc8b449ef631a0909a19a3,0.34894353,0,0,0
a85fe84ce63f873b760e311f27ec42e05f1b3f42,0.17745914,0,0,0
0a114bbdb01548a69c7a8c155bbdef7785ecb389,0.3014366,0,0,0
5310e25a6cb79eafb21408fabd744f9a76c2a020,0.04208517,0,0,0
8834c8e380b7278fc37a4e6b80a9198a895d8280,0.04331148,0,0,0
b9284992ea3c8c484893517ee9df3b2274296959,0.33304077,0,0,0
939527bcc5b80a1788d876d7e47fb45d71d21424,0.18916085,0,0,0
26e77ea86294f5a9aa929f9acf7dd76a046453bd,0.23080073,0,0,0
3adcd2103d1be4feca870536e8f7a7549f6d492c,0.26918027,0,0,0
2edb7a20f3856723fc715f7c72e10e72ea7df385,0.22152027,0,0,0
9843210e5755d2584efd3496d59e50e721187842,0.23539136,0,0,0
e6cde856d76935ce2ca5323579d2557f5412c774,0.24697097,0,0,0
c460996e75df489d6bbcb732763c10d01e62516f,0.45073426,0,0,0
115198b9c94bc66c7a659a04d0e2f65959ce9297,0.19354427,0,0,0
276552d5e73525cdd29d9e809659d35f34c5250e,0.20228298,0,0,0
c0e4ebfbb0f8c38ef672394015f47fd72ba06cda,0.18126506,0,0,0
c61154272699761265a1f2e5282ff1bdaf714b6a,0.37925893,0,0,0
f0b18d27f01492af6874baa8415ad17511eb5d4b,0.4093647,0,0,0
45a0337e1d9d23126dcaeff9c0ad96c5b4011957,0.040055223,0,0,0
90f4139bf75c94aa1ed62c5f64c3ffd78a1441d2,0.03999812,0,0,0
67c51ed7ef1d7acc4010e45eaf8088bd91cb702d,0.2827831,0,0,0
9acc3e824e2efa2e496df8458d207b5fb5722e6d,0.35612872,0,0,0
9dbf8388c5bfa0c7beb15e835b3a5e6fc74ecbf8,0.03538359,0,0,0
f30855735a40daaffda15794d7abbc6ab8c699d8,0.2837813,0,0,0
39513f9142cb82b84181a11905b3866a49d5a3c0,0.033474557,0,0,0
289e7a769ec9ab110f85848b281c4c143ba84e57,0.22278582,0,0,0
930015a137f6bc34127d7646b36d0550842fedfb,0.024453346,0,0,0
a270ff62852e62b5ac0f943a7e57292a72b77271,0.026934704,0,0,0
9f0d58985f4588981eefaca0408e767eff1bef73,0.45686898,0,0,0
8f346f9f1263b2fd5923abc0956134df15fd9325,0.45359775,0,0,0
ee851e403b5ab4b6b33713b08f9568e966ace052,0.034815837,0,0,0
55e8eac25d81f07bebb16d812c97edaf1393083f,0.454764,0,0,0
c8bdf60d1d0be609094e14054be0b9af0fb05521,0.028886158,0,0,0
9d4f2ba886b003980f2c37a4de7a3e6c3c701820,0.036147304,0,0,0
8713af90d540e7bb01f8ba1fd99f6c04e41a7433,0.026934454,0,0,0
eed8a7adb3de7441751e846f4a75d110dd205f23,0.22647098,0,0,0
b9e2a97758ba6c007fcda160c4d8b0528bdbfebd,0.16235323,0,0,0
07de4dd578727555bb94ed421498f455838b317d,0.20823726,0,0,0
641aa1c663ebead0189bf001a06ee56463070ddb,0.046742547,0,0,0
b9522976f462687b0693b7229ba5c7faee0cb74b,0.019501852,0,0,0
2fd2a76110af7ae07712af01708cc00310af64ef,0.3230269,0,0,0
5723ce72d04c8ff7af8f245518cc48291701db0d,0.2638634,0,0,0
611c73889b772dab7315c952902d5c649635126b,0.04661116,0,0,0
b5b45d3260bc83d2432566dfbf22f0897240bece,0.031224636,0,0,0
22daa5f1dd4396e94224841b3bf0e9f226e86695,0.028378325,0,0,0
4a9bcd0f5211c91c4c2f47313c8f8013d0dfe03e,0.03511152,0,0,0
864fda4370a8d1bbd942400dd899653fd5d85244,0.030678028,0,0,0
96eddd6ae1427222986eca344b898b3332792a01,0.29265398,0,0,0
8da9a65b6398931af18febe082299c5c4b932924,0.29396138,0,0,0
8354ffffce024a97ef5e05b7cef4a82c263fc07f,0.1258443,0,0,0
0ca8f9b9feb2d74c6373d1762b1eb4a6b1f7f4b8,0.3350058,0,0,0
13467cbc7f319f7f7e9e9185a673714736e77b83,0.020262228,0,0,0
e63c5361937cc2598a3cd030f79733cc8c22b6fd,0.028844975,0,0,0
bbf65339023bf627a1843073cab699ca1831aa96,0.023104556,0,0,0
56706c8203ed023a3d21784b6e7fab40375eb9d0,0.031586647,0,0,0
274c9c1d37a47ae9bc1cdec1b0b0e4189dd44845,0.29414874,0,0,0
b88b065aa955d7a7d8f74c427b05d2243eda0779,0.033116233,0,0,0
949d74737327f114ae97a18f9bb4a4f5626b59a5,0.20161368,0,0,0
9f1dabed562e5953af25369121fa7fe221a20276,0.28260168,0,0,0
d86509b09672b874de2f933a511a1f74af6814f7,0.123415954,0,0,0
525d1fd7ca383b3426341c58ba9e2d2e886a59ac,0.41362795,0,0,0
a528bcb1ebafb1eeae14fd3e305f3636d6c04717,0.24159059,0,0,0
c4190304baa18d3a376c3c2232f45f63c479a5b8,0.3586194,0,0,0
bce159a0c905f673b8e0e4c9899543a812fb904d,0.30479044,0,0,0
333971caf33dcc05b6f714fada447e9417f6fdc0,0.20383357,0,0,0
9a6e25230eccfa131d40eefbc4f48a13ac31d640,0.35332498,0,0,0
b1c45ac691d46a8c609f2534d2adfa59c0599527,0.38154018,0,0,0
23747116069c150e26e0dd42d61331b1108e1e01,0.13132434,0,0,0
74ad2114700446837ed451f36107a056301a65fc,0.04936638,0,0,0
dc9032be284c70f53d8f9031cc90e01678a0e55f,0.22402333,0,0,0
6b9e6419fc944d3b5eac58187a6cd56e97328c2d,0.2555235,0,0,0
a424d2ff172aa3be9eb5155e732e6f61915d7b5e,0.019759052,0,0,0
004d5e672e9b2734a4c27f0e20504fc615da3476,0.13310112,0,0,0
b6b59b189c1274ae43e844863c7a2468c0e16b4d,0.02216491,0,0,0
73733206b943f8a03d18574eb7585285eeef05b9,0.38189167,0,0,0
fff00791ed30f338ffc085f099be5517dc359261,0.49606794,0,0,0
b8ed8bbd5eaaa6d3e463bde3accffdf3dcbb77b7,0.52078,1,0,0
256420016e2321dfd266f9a2ebf672516cc936ac,0.03917185,0,0,0
c4161ee29051c6e44773fd1837d2080489727dbf,0.13722116,0,0,0
06e7d46a49c5d31abca644fadc2e3ecf6f9001a9,0.030865468,0,0,0
1e8a31f417256b9f555b537a09c13f1135addbf6,0.4031633,0,0,0
2d79319a8d4a3ea256ba1bb6364c1330518134a9,0.027791964,0,0,0
2a491590568140349f776b2a63bcb4ce74d147ce,0.39213574,0,0,0
32080b32a4eed0719b79f4be332ff5a55468ab7f,0.02958261,0,0,0
3f66e516a7f5833be9c87911952465220acef149,0.30270177,0,0,0
2a069edb7e7c46ef3c1f56e8fb6cadb779ed2e42,0.22193433,0,0,0
963757362ab2ff0f1636008815549322fef1148c,0.029360685,0,0,0
9f673d4da60a889ad5fefb6fadba1c40bb3e735d,0.05297445,0,0,0
1688a5a2444b3b636741d5675646b0b74820b4fb,0.1333734,0,0,0
284b6f5477838fce398036497e1acc206b1eaaeb,0.044341374,0,0,0
ffe28c43e0486d443234701ab9d791e703c88071,0.3624616,0,0,0
3761b5514470d3f06c9076b0821430d0c2cb2da7,0.35021234,0,0,0
a36442f0d08bb1a5b964b4c77d4c64eaf251c3e9,0.4379315,0,0,0
2ecede5902f9a132a632b8431a35daf5174e1a80,0.31606942,0,0,0
4a2e49fd8daa81cf2ce331c3a3795844e79814b0,0.03788271,0,0,0
8c44a71208f640835d7a205a7b6e58dc065d8dcc,0.04240431,0,0,0
74abd625bcaaffccddc3ca9faa1402b179c251e7,0.03259648,0,0,0
ea64efd6dc61cd9c9b1207d2da37fdbea14d6b50,0.32422432,0,0,0
530049b41c9f42e11144fbad4d1fec65ff0956e9,0.2879124,0,0,0
66c451d618577c1a1e1bf964ff990574782c3bb5,0.042744808,0,0,0
a10c6b01425a9c21cf687294bac43a63de0a0d3c,0.33974156,0,0,0
f9f92677a92ef76f92c90521904c20b8512b05ff,0.4094049,0,0,0
989135e762d3f00767240e7b42ee9e1cccbe43dd,0.53844684,1,1,0
12cd61925c37177a82d2adc76f6475e662030e12,0.4449002,0,1,0
17f4a06be88ed9c950e562aa72755c7a493b8ae9,0.44169527,0,1,0
c3768b0fba8f2f565118c611f4ced4bd6143d022,0.3526006,0,1,0
16d64a96a0a07468bb8b2d3293d374bd4373cd70,0.13399942,0,0,0
1f0919e28420fbd1568ea1c1fd4cf7b46eca9b04,0.13213465,0,0,0
4e347adfdb1a84535440d6c9f392d134a84969fd,0.12001375,0,0,0
9818f5ce6f76224f0d5d5c8ad583d854b8cc6872,0.16517006,0,0,0
dca231dd1b2629f45e65cf46b6f91803fb448aa2,0.15194733,0,0,0
9930786b2d05890fd071332dd1b9d7d7ad0e1b3d,0.041448668,0,0,0
b367c37c2e92ae652e49b361425bdc7ab3390f25,0.023643801,0,0,0
bbd32a63be1334620c1f52bcf4494de4b1e6931c,0.12551174,0,0,0
6868968abdfb03229bb0dd60e57a502db45394bc,0.08809458,0,0,0
3fcfac543d8e54b93695ea5f32b1820c5e5849dd,0.20023873,0,0,0
af50960c662e2d006dccd4156ca85ba3b2d3d5b9,0.07556375,0,0,0
99d1ccf360643d89b88bdd218fa917d365d95cde,0.12784514,0,0,0
3c32e5384eec3142bb017fde824dd1cc0db48876,0.021019187,0,0,0
b4621118821f29afd3d5ea47eb8a684f4e5ed3ee,0.025676498,0,0,0
eb3f760c1c38fe3910d979e75093da67f685e2f5,0.08465619,0,0,0
efb03bdc301d917b746e6716f2a074f54ded723b,0.09772671,0,0,0
3ff71911718c07ca1016ca855aece547061db85e,0.08389233,0,0,0
01f84f2b0d9c13ac82ad471469b6a5692d0f8cbb,0.22715892,0,0,0
a95c1598ef693cbd7d874c33eae82433693b75d4,0.07781551,0,0,0
6fb796db3d138b4e97dc1fceadf6bfdad74a3533,0.15132053,0,0,0
cae430631d5472394441cc82e142103c3a70dc83,0.12809052,0,0,0
47b76cc60f7b73188cbb47a0879aabfa0228be31,0.20439987,0,0,0
c64d12958fc711d667f26d0173bbaf96157d629a,0.14433432,0,0,0
643590426ee7255ee5e1e661b9e2ac8a9052dbed,0.16848946,0,0,0
31ad1256c66f47e58b7ef40955953e4a1c6bdbf0,0.11417727,0,0,0
3c984c22552eda0fb5b200efb3f239213a4a04ca,0.023306075,0,0,0
95db7d0aab9bea25d3a14db42a7787ef77861f45,0.2798854,0,0,0
1d6f5e40ff44f08fa67c6a2b57f7ae4a5e4b0be6,0.07227927,0,0,0
e0270b0562d42658a57c4fcbf0cddfb5673baf5c,0.1463935,0,0,0
6eebee491388abd2ad61a15d3f28b167c9f0f7dd,0.19607978,0,0,0
ae3f537711b1375c4892130d65cb60928549cf58,0.06306302,0,0,0
25ac3249dc2a40bd52ceccc9251c8446b036d197,0.07482521,0,0,0
6ce9662add46e3cf144be07f7ebf18e2d25a7abc,0.07249808,0,0,0
111c4a5e54dbb1bec6537eca02618e2287bd23be,0.048672676,0,0,0
e30788367dc7ce4e4e2d8152bc7370af8ac2fd0c,0.2819473,0,0,0
b1875ac1abf9ae86f5a589c5144c8c9902a1dfa2,0.4266551,0,0,0
307ed458578e68e68918d3ccdcf4798c57e084f2,0.4612216,0,0,0
0caff290df54a8a3b653840fe257fea94807d697,0.038111415,0,0,0
b44b3d95b321cef0281cdf130e8c286bfdcd60af,0.05274358,0,0,0
8f77bd63d8b5b2ab593b134fef2bf5e59bed0441,0.3064,0,0,0
4e410e068b8d367c53766a7da712b1b6f3fd8101,0.038213335,0,0,0
2412c90ba5584fed123fa6a33e752e6c8eaf74e9,0.08116677,0,0,0
47ed0c7cdcb4d516e41769e38a9cd5ef4d01713d,0.045184642,0,0,0
f5ea49326cd5c09f0782b0d1bcbdcde9053ee316,0.354517,0,0,0
7b0388878e522468f90ea163b15ccfba05616c95,0.027719608,0,0,0
a653374b2871d67f51cbb4ad2083444e9c3afe1c,0.21720551,0,0,0
430f96525f80fe4909208ee4d2aaff81c312aff5,0.18163079,0,0,0
295d46aeedf3660d89d6c578b84c410089f9b1b9,0.22640857,0,0,0
7c05411f80b6748b6b2197d2014bb98c8b0857c0,0.17647141,0,0,0
140846cf81678649b6bc29497c3534aebaa1f6c3,0.22531265,0,0,0
0512bc21bf4d0f1e391e4158adf0ae145d408ee6,0.35418162,0,0,0
283e14cbbdfa5bd246a3ea9dee5739959f64b4c5,0.066716984,0,0,0
354b72afb59ff145afffebbeac8a7478d4140e75,0.26438823,0,0,0
15c72674ebb4bd99790de97b5645f1531a3a7c00,0.2894129,0,0,0
1a3d74470eab60d668859571938b470723726139,0.06398656,0,0,0
330d5cf99c1eefe3fe86dae260a8873068650866,0.36170423,0,0,0
586b6ee15f526d585628a7162d10f08deea6a93e,0.029933687,0,0,0
71491e23d68df50555c52db62ae9bfc0a2543b6a,0.02323792,0,0,0
e56b2b598a2742ae8ac97ada82a97655b538ee94,0.02774053,0,0,0
3d129b7e2f6373f7885336225d3edc93b3f624d2,0.031957943,0,0,0
4d3dc80e4b3f7fd0e034d544345a568d6d5c5d26,0.03453779,0,0,0
269e6693ca1f05bb7e2623c538b9b934fa688f41,0.024103774,0,0,0
c2452a5af3b2f1db542175221dbc19eb492f02f3,0.034165904,0,0,0
9ac217fc697b3afd0963b897edbfac265ba2f571,0.32878613,0,0,0
a5f357667b195f9cbebc1d1de8f70c6e0c28dc3f,0.030838842,0,0,0
c3d13908a2e8ca7b9832fa693ca72bc228a4e92d,0.21181965,0,0,0
283351276ff704df65779624e195701a21f0e25c,0.042930655,0,0,0
38e3e41049464fa3b8ffc1e810f87c18d91a7bc4,0.027580524,0,0,0
49eaf68b54f4114a0176ee56790d8415fd64876a,0.0972418,0,0,0
42308f780fe3d0c2223c121493f97c747226bc17,0.16029623,0,0,0
ce5ead2f93b92c815f1304fd51dc3fd3338cf19b,0.46636683,0,0,0
e8ebc1e1dfe2b0bb7b9f549ff35bd2d1a1fcd2f4,0.27229825,0,0,0
a76f39d4b284633c6792d8c7977abf8fb52a017b,0.1330017,0,0,0
97a64af2d6adc157f6ec9e4d4855b2924caa69ac,0.29938027,0,0,0
5e2559e3ac936ed985d5fa9d7160a284b9a83644,0.25415626,0,0,0
dbd77cf4fb93996fb7f312bba2aaddb87e5d6a39,0.36523366,0,0,0
1e8be6ff174f1d7027e848d5788d63ef9827c659,0.42251843,0,0,0
0847a34f6d1f15d3d35ddd9f3283d54c1355b299,0.04654408,0,0,0
d1cc91686abf34d073ffc496506da9ef712984b5,0.12145065,0,0,0
0030e4bbbd3cd3cea505bb1e4f1edbfec5986fd1,0.40970922,0,0,0
3b6dec3c581f883cf9dff6f04512011cf277f586,0.37818336,0,0,0
c1ea2007d4f6527bd174869603f53841380b5c31,0.079797715,0,0,0
87361f16b0eb35ab5fe25fe2ce3cb57a96dcedbb,0.037873954,0,0,0
f10f849935076a7c773283789c75a4c35b9e6c03,0.05145528,0,0,0
034be5fcdabeed034bfb562ae7014e021caadd7f,0.34287602,0,0,0
8c52cbf8dcba19310a569a23ad3e940836b5e7ce,0.043834675,0,0,0
9d4e26a501903d404a809acc8ce93df1751a5429,0.44828638,0,0,0
7dbcbaa0d72723a1682dfe340fe05b2f0d3cd3a7,0.3680589,0,0,0
b3240c0b4dec02d8a511b831e07eb0d03094f677,0.07312824,0,0,0
d37a2097286c6385bf8cc757944bb3568672d873,0.06389093,0,0,0
39ed7bdf558cd8286e62492f6c91d2af73f807aa,0.28487203,0,0,0
100bab5d8bdcbf802af6437fcd778e7f2b9bffbb,0.031516172,0,0,0
21892745c86fa03b465cdfabb99554e9659b1941,0.04860025,0,0,0
511499162fc2ea958f3c78b1081225d335b52227,0.2343803,0,0,0
fe718980550f0221041cfdb56f83638c328cfb9d,0.0419187,0,0,0
8f577fbc1c44a4e5e39551cad677978452ea0797,0.42899278,0,0,0
76c125c3b74a390a39cdcd6666cf7e9cea0e5c1d,0.31654063,0,1,0
203918573c29676b179b673aa7e41366dc4215d9,0.42998552,0,1,0
c82fe35c48bd0082c16644d16d82d1be79d6b9d1,0.083479434,0,0,0
158d178c58e892ba87d782ecf436d30c038d464e,0.20782977,0,0,0
e8c09f05be1310ea2ded05bdd808c46a1e4485e2,0.26561943,0,0,0
b184666c1975fa4050121c694e09a88060854eec,0.17648166,0,0,0
b83e111c619232be9ba0a7bba682ebc141b618b8,0.23044446,0,0,0
2a6c6ca711f0f0d6aeef30853d5eb05bc68c2e85,0.38509855,0,0,0
01911a40eaebf2aefbac34cb2760f7f77ccd07a6,0.37416604,0,0,0
ec733cbbf25c103c2c661625717527448a42663d,0.42600927,0,0,0
300578058c7d6db0671648cbc5bfca84fce6285d,0.17015038,0,0,0
63950ad11917411d82d9adbd0ad1ccc4884ebb4d,0.1747631,0,0,0
f9d6655b42d8e1b1071f78cd7f1e38cbaa20350e,0.18616557,0,0,0
858aa75ed257a24acb983df372f634c3fc6c49c7,0.3562928,0,0,0
76a941217f9272693b5484ef360e8cf6491ef3a4,0.38864082,0,0,0
7ff71807ce589931a56ae6f1306af43c6b8632e7,0.19142585,0,0,0
bb1135e50c27938eeeeb6e6c1ffb3882dceb9f1e,0.50152504,1,0,0
f0299220ba7dc33b1865068db0c184147283a9e4,0.052339237,0,0,0
4a6c36401518a45a709ade671d442e061138d3ec,0.11948086,0,0,0
ae5df796be80dfafb523072e4efb30e34dbee46e,0.15648831,0,0,0
7e19596505676c5b300bddc39792289441634f02,0.3068976,0,0,0
55e9d25f779a3ba726a9904641e656de93a1fac3,0.40448186,0,0,0
3b6468ac4f765262f68d3d289d25bea3da521c16,0.3747012,0,0,0
89b1661fde38bd12c4d83b9fbe696db0c8657a78,0.02392346,0,0,0
f054152346cbd7c8afcdcdaf55c39f9967edacf1,0.03025738,0,0,0
346009fc677b252d052e9ee22c6a4cd2be10a032,0.045095894,0,0,0
4c84e204cbce349f3c5722750561b91607d3fcae,0.41620672,0,0,0
c353239c4fd22b8991e1488ce81218b1c9769bf9,0.23307821,0,0,0
516f6889c9153a59110d3ee9bdd907e95e10cc08,0.2750346,0,0,0
7b6bf45d83c3ec028e686318b8d4f1a061723908,0.17915355,0,0,0
817666037d3c09b9138b161964b0fafc76d65998,0.28240344,0,0,0
c3b831fa7e4ad148d8e3abe2a0e3c089029044ed,0.3650713,0,0,0
5a5bbc662104afe8f020d89d6e560f2897678984,0.31304118,0,0,0
f8c39cfd773d797adc1b4ee19aa8fc17268946ec,0.42373717,0,0,0
8ab0ecd0af3932f40b931e1d84b2951f7777a305,0.35205436,0,0,0
599e57b27c19953487dfa3828432b8ecc7cb8b38,0.21206956,0,0,0
68ae60d779e3bf4a46064fc1b537057478a627e4,0.22204961,0,0,0
c600de52e107d1fd3d5a9c1aa1bdbbd6754622a7,0.3318394,0,0,0
8939061a3c0218dd3fd27f96f3e60e48f74622c6,0.3804267,0,0,0
cff360a340b48070d88a48f06e8748a916ce52e9,0.37503192,0,0,0
52cfbfd91e60db255c3285c90b94cb6e3a75fdb7,0.3764699,0,0,0
ae31e56476646b33b0c2a1f03bb095145a22097f,0.3234081,0,0,0
0b683acf0a5910fdc4235d3103eccbfdebbb18ff,0.34196803,0,0,0
861646b25a39dcdf79bcf5a7643bfeb28e137a8c,0.15402567,0,0,0
3ea4d5d580a78213504a4611fc7bbab58b93db0c,0.35582775,0,0,0
b5955f5948a973a248731b774773bd225af39c82,0.30528712,0,0,0
09db9daa292e74b6bcff84edf406aec41ecf536c,0.36380947,0,0,0
410ab04290294dec74180043dc2aa635ca1e4e80,0.024433143,0,0,0
efe3699122699151984e8499da9d42673a42851a,0.39317298,0,0,0
d2f27093d7d95a07da901902f894d88b4ecc3e95,0.037518233,0,0,0
ca30fae3acb59a5caef3c3c21eecae7c928827e0,0.36391577,0,0,0
5ef5bd199a4e3df74479b4b363fa29b0b3092547,0.027046906,0,0,0
9e8eec78a71b7d1274043f55c9a5fc7811d53132,0.47474524,0,0,0
6a0a1876772e74a1d4a7c82669784f8bcca8397e,0.28328186,0,0,0
8c5c6b936ee6d1afb75cc2cbc151887937dbcca5,0.25861135,0,0,0
484698c5415bb578cb480845e2dfa930d3d49d9c,0.37455985,0,0,0
29a7e67999568a5c86b32ef513a90d5d090ad2b2,0.468362,0,0,0
87f142f5c85c9a7e86d02b4599e3973e773f3d41,0.026886793,0,0,0
d664776d4cf41d7e1e46b92bd8a4e907cd3bd438,0.21010228,0,0,0
847a6d07793a198d28819731e5166f9ed3845164,0.1422065,0,0,0
fea1da48fef9e28026704e9cadaeba3e0ecbf6dd,0.04123897,0,0,0
c7a5a6afd5d2f7d8c3d518ca625b7d8a1445934a,0.32903352,0,0,0
0fdd249cadaecd32a39d25301f5242f9a92ed351,0.2065727,0,0,0
a9690db48eadd3643adc34cafd6ccc5d4a5bf589,0.13679089,0,0,0
e9a2edc877ebf928ad0c056273f64cdc861ba609,0.034453817,0,0,0
74989844d7692245f9e19b0e803d748c73e91e41,0.45206732,0,0,0
4d1c77bae99174b67a462bd5a44950ae08f46796,0.40338948,0,0,0
90211fccfc48dc36b7cd81a1ce18e1506a6f15a7,0.17359483,0,0,0
e246d2ac01f1ac741aa4673aed3d028e08a63c73,0.044547368,0,0,0
36fccb4325f924bf46babd4d8d60226f8dd3f154,0.12719066,0,0,0
5ce931b904d1f2961078b99049c293c11e779fec,0.16399898,0,0,0
cbbeae7719943308494825574a0002ea649b3de3,0.5267643,1,1,0
eec10fcf0c795bdfacef4c9933585f65f953fd58,0.44265014,0,1,0
516c38fd95fff30841f9af370f50cf1f7733c209,0.48320663,0,1,0
33c95771c804abc02223f24a0234343b93ffde56,0.37255633,0,1,0
b88dd3ed853738b8e7fe9652b953db569bf7f79d,0.486285,0,1,0
a2ba6d54852aceda5e3bf9285730da743ef04e77,0.2918769,0,1,0
350f01c78374b4df99c1a84cc32122eeeb48b036,0.45905623,0,1,0
03239b0ea42312c7b5daf4520c1ce1caaf6189fd,0.24491502,0,1,0
a428e428df2766f1d1b2b793b3f812344fa61fdc,0.39327276,0,1,0
f1a582111a26c4044c289d96ced42fc1621212d1,0.4307251,0,1,0
5c9661c300bad40cbacdb391637dacc991f16da6,0.37096456,0,1,0
daa69a5981c7c12e0af5922f0a07653446261b07,0.47322127,0,1,0
1fbb16b037e62c6af90ab89ab3ac8d3633c59a90,0.50779134,1,1,0
03cb05cebcc65b923e03fa9f41d664885bdb38ed,0.20998111,0,0,0
f4b675664a7c633bdd62d5f85fcf3f95d11ade9b,0.21770123,0,0,0
4344ff7331a4f8908478e72c5c232c7a9d5dc403,0.11045773,0,0,0
5375fd9dc55f1dd01e155af8646d1ec67bd6be29,0.2152083,0,0,0
0bc43314c1216a88d0e281e7ed66244c47c57c56,0.32283404,0,0,0
30fce9d42c5675e9cae0db0401181f84a73a293b,0.03416219,0,0,0
abf07558021a0ecc50c265dcbdc5f2f99fdbeb35,0.52701634,1,0,0
3112bc302f32a74c827d672ca84a80091b0700d4,0.41975072,0,0,0
7e89c9cc80bc3fd2aab64f25dd816c6d14790988,0.15000583,0,0,0
2247ff9601374845012558ecf5963ebb7e1066c5,0.24563332,0,0,0
76390c0b54bf145f65532ffe1e7b24639f108247,0.18487623,0,0,0
9a92b8526cd13e092b5185a59c7ff0f68a1ad56e,0.44531325,0,0,0
6ae55beb2d28bd6cf36780b4c58da41854dc8248,0.43114194,0,0,0
d681042e60a3a1e92f4c891ce9dcffd672868e7f,0.1811994,0,0,0
a793612b9e09795feb253aab9a738bd1f7280700,0.41725343,0,0,0
22fe7f3c8b3fa204c2406c3d15811b2581e1b7b5,0.04864123,0,0,0
3856d3f0a0826be3ccc6b160e740d5c7176df743,0.23960838,0,0,0
4cc3f6e7dbee9e3684884780af82822485c4c7c2,0.34647617,0,0,0
4d00e14ec8d1e83533a8aeb788437568b417ca88,0.06758326,0,0,0
b6ae1d09c384b57115bb34ed94c90e256e4b66b9,0.09312101,0,0,0
11fcc89fec70aae7eeda710e2bd26d93cb3c05c6,0.3225317,0,0,0
496691bfd82374f1c1bfee8719309343c2fa878d,0.29687387,0,0,0
6f379134ae1807cd404ed6c9579707e5dc6a6df0,0.10274974,0,0,0
db586baee29fc90f79898e9a274cc1bd585b5f53,0.3784871,0,0,0
a67bdc013c9fd965abaca375b9b47554a115f40e,0.05725023,0,0,0
b745af3975a0bb3acddbc59ef85860d08221a010,0.031862166,0,0,0
90a73a4dee53129e33a552e49cb7835ecebb3a5f,0.27793294,0,0,0
31ac0e5f3594a4517ba2be1735b1219cf85c715a,0.043664433,0,0,0
5499fa02b08b8546827a1a055c5af3f0245257d9,0.32317716,0,0,0
1261172afdae9a4b15dc9f691583261a1b020ccc,0.1816829,0,0,0
64573bb2e0bd2c7a7b1282b8a574a4796ae61609,0.06642019,0,0,0
b09b95124bc27f39e27ecfed90ce40947bcbf663,0.029894244,0,0,0
5481dd326025de2da7d89089cb969759972e7a8c,0.28201595,0,0,0
992911d0fcd230497ee3fc50dcf49042b7372a47,0.036333267,0,0,0
d0595b7121f57f1f49fe7fdc384479dd73ad64f5,0.035490215,0,0,0
cd1d329dba95dae161317c123269c24282001a66,0.036038127,0,0,0
3e3a1388368e8e4421fed0b5222904d40a8805ce,0.4090162,0,0,0
9f5af267e8c143e16f8b20fddb02ada096ee9df8,0.055451617,0,0,0
f8a7156259dcc1b3321086939234d80b6ab828c6,0.47126275,0,0,0
661008f8238acb71301b172a6aa9aaa8114d0c9c,0.30156037,0,0,0
469cf4d886f9a184168ba2d179899a600725d4c4,0.4854763,0,0,0
12d9a805a6df7afdccfac94a7061d369cc986efa,0.03142516,0,0,0
e83b4d8484cdb3dcef44ce3aede866663b526158,0.402882,0,0,0
ff0e842058091b3310340f51a130a65a1cf6f725,0.38427377,0,0,0
a123142d947dbf38fc053c29291b555872c91ff2,0.11586866,0,0,0
45b5e0cb3a4a499ff8b0594c082d490d7b7b7c1d,0.1888826,0,0,0
29ce3e0e9ecc31a5c3cecb19246ff978fc7e7c20,0.28201675,0,0,0
3bf9dad70ea4b93de850312cec2681f3242280c7,0.030870492,0,0,0
90d775ce2270c35a7c514f5638b8a3b23d5a4f3c,0.43577892,0,0,0
0194bb8ca57e5a4a3fd5fe3c39b0ccdeb4711043,0.42528272,0,0,0
f8e33e702ca0570076c58eaa7a83baeefece9553,0.50342816,1,0,0
6c203ab46b24751c285f021caad9d8969cf2f45f,0.20163094,0,0,0
5b56985334a63d63cdd9bbea30f225013302a7d3,0.43320125,0,0,0
bf0dd95b52e0627c10c072f8b05fbad3f86fda71,0.37897405,0,0,0
bfbe9966ab45dc4787fdbc55735241023d826d95,0.3791711,0,0,0
69f38e81872d70705fd7919df3d771f28c22dadc,0.028106568,0,0,0
c5c231e643365485c5805cbca81070a51429de9c,0.36719996,0,0,0
96531689d341eb26103356410280447e94529b5a,0.42350617,0,1,0
da7e55cc7aac7cb806699d234dbb90a455c21502,0.13746762,0,0,0
6913193d33ed83bcb98cbdb94ce410069ce2513e,0.038486507,0,0,0
7f65af524d6b7fa43743a3c5593c3c57fee3e9d6,0.26497492,0,0,0
4493ec15a72045bcea25a4c6c9b4858ad5448b7f,0.21465905,0,0,0
1f207424031bd81af858ffc98e64152b3ce2f22c,0.037227653,0,0,0
cf9cbbdae44b88a7cc982765bed085b434f4816e,0.4086019,0,0,0
00d9578b74a107e3811c407ecc3da2bcdb166f81,0.031612962,0,0,0
3410aed6696622cb6b7b8bec088f9a92ea55227f,0.035618488,0,0,0
8d34352d3ca40ccee76e1473d3e132f7bd8d4a62,0.07955187,0,0,0
a04afd1f20290d0097b1ed9ef2a4f476e0b79ac0,0.034078777,0,0,0
825419f9128cb7bd01ca31b0179bff96bf1a5ce5,0.03690754,0,0,0
6215969d2a1f8d95667c208af868758c8636c234,0.285992,0,0,0
79f997c1d6976f5327cbe5e80676a65245d961ac,0.40391147,0,0,0
4ec3674e06fd98a10de28be7ba6c6036e64116fe,0.23179767,0,0,0
6eed45b023ff3c609ef423f28fc87b42d0614f79,0.15337642,0,0,0
002e4de0d68ffab9af339283f02659472a1febe7,0.031441964,0,0,0
ef8eb3d269274d2e6e4915875d027ada1efa0470,0.2255756,0,0,0
78b8d323635b47f68a93da04f04d221f3412d9e0,0.13600603,0,0,0
055cbd0d42dfec901c7b2532f7a71f937b1d4756,0.034786303,0,0,0
771841e493ddd9839a4c029db6b217fe19968148,0.26338267,0,0,0
39f6f7fd6333da2b983f7d9001a7a51f31fa9434,0.3316061,0,0,0
6bb1b9a7bcf9d4d1aa0f4c12bb0cbb4cf4e2cc71,0.42221802,0,0,0
4824774675ec1a2c9e7b1469dd93a6bd09854210,0.30601934,0,0,0
717800fc588389b143b5c8ac20a0289a9217715d,0.15934278,0,0,0
0471658da03f5b01537153a72c0ffa7132709900,0.12443257,0,0,0
bc69f94466efb770e78d1bd89a8a1bd460fc437a,0.2940025,0,0,0
7a4fc498fbe96e83af20c5d0576c42a761fe3d95,0.062201045,0,0,0
3e438a80fc5ae21862125b13e9ada9b5c30d27cd,0.21949401,0,0,0
15b4031ba94a60f20b854e6ce2c7964d77086387,0.23780414,0,0,0
543970edafd3f8e08d945612d09663060718ae94,0.47404042,0,0,0
80e4a06124a712fde81bbee093ba2ddd71851c93,0.44602698,0,0,0
454a82cb2ad2853544e641c8c80f5ed34bbeb1c5,0.023106549,0,0,0
a2bde0190da2e32a5925df5aae1f2c37a4498bf0,0.03165471,0,0,0
f9dfa3fa6b9a28439f1226c202c41df9fe2e4380,0.16227373,0,0,0
c50da916c252ab282d978da3f114b81d91ec2912,0.26869705,0,0,0
e0bc1afd7878a91fbc30e79941af8a797637ef22,0.085294336,0,0,0
aa75d3aebeb30d1bb3ab0ecabd60201bfb3aaff4,0.21591403,0,0,0
76f12abd9d81587eda4c50e7816c75607b4b23ee,0.18907575,0,0,0
9900d951d41ceb438be79b2bf1822aa6cfd1f37b,0.32524246,0,0,0
f6dbdcf3acc3009f3ae17d607a2ac898e804395f,0.3225769,0,0,0
110084e432a04d061d71768c23f500f283081e31,0.31034547,0,0,0
656abed01d37434d69881ca1292dee710209bf51,0.3244538,0,0,0
d6d2307a9ca0ecf8c540b3bf7183de5d550ab099,0.3197897,0,0,0
801f4f4b10c788212d555729d5eed92ee1a02036,0.28077415,0,0,0
5fa1935c52f3866f0675e9fd64bd04d153b9f225,0.33568653,0,0,0
d728087751d2e6f19504876d7a3f40ee7b1f4d28,0.311847,0,0,0
e0fc7b4dc80a31bffc8c8f87a2fe4153e6cd0cfb,0.2870111,0,0,0
5b743d5e7270fa41de8b4fd6ced0d82a6e38c38a,0.3823945,0,0,0
dc565c4fc02421b58db9c0f0cb9bfe767d904216,0.28468665,0,0,0
ad56c3889328fed27f021bba3f071f676fc4ffe0,0.044979244,0,0,0
47e13b0fa2ca7fb11e52abd429d538c3c9ab07ed,0.29332343,0,0,0
97c6c963e2045def1f19c650f638b304f6464c19,0.31202635,0,0,0
0b7369cbb67e46586e9e031c693564ce7ca583c7,0.22700888,0,0,0
2fdea0d5f462d48a97aaca3b987a716ca2934f24,0.2753125,0,0,0
2645862ccff2183b731e7d6f1a66df6f2b04a99b,0.45100218,0,0,0
27df5e894a2133e122ca7e78c5de45d26f7210a3,0.16676207,0,0,0
619aa9bff4055f51df04f5f837605785a998e9b8,0.31354883,0,0,0
4c55341a48427f7bc0ce30f0699c673f7e69f63d,0.4187502,0,0,0
27ae87a59cb2f0d06ea21d4a886f3afb9a14247d,0.42409176,0,0,0
962128ce971b2edd3fc9e4a85b417fba01a0246e,0.4053438,0,0,0
287254724ea66841b932fb5f6d8cbe37b04eea81,0.1725455,0,0,0
2b0fdf8fe719f234635f652bce0a5b2abf03bc4b,0.028915647,0,0,0
75d8364771414b52179e7084cad838b6c0a0660a,0.047752433,0,0,0
1fdb3a719283209e417d57b2d77ce93540de4cda,0.3065394,0,0,0
174f3ef3f43b680468d7535d5fa8ce3fb3a4d113,0.16493456,0,0,0
8ff705130a6c360e7d2009cb9f1a4d0a307985f5,0.114701234,0,0,0
a61f3728d4e2c6454dd0069148397745b6b3a5bf,0.01886794,0,0,0
f568436033fac9fe4dc9b38342a029f20c79dc96,0.088010415,0,0,0
c0b874406621ebda3c44029ffdf0f6017d6d8c22,0.40352723,0,0,0
52ea3c337615e386507dbafa686d1f02c03a4c82,0.31708425,0,0,0
8688adaee68dce1c54c05b44946635973b37fa06,0.028409617,0,0,0
27f467b4eab7864a4ff799fb2289cddd2c45d30d,0.3827924,0,0,0
1ffdfd2ad15f4f62b9474a2ae72f2ad0a42c6a98,0.023378842,0,0,0
24c8eb250b9c7dace0efe91fd1f36c799b174606,0.33863932,0,0,0
060cfeb90df4fda2d572fa63225c63e304c8615d,0.33590108,0,0,0
3ec04d06cd96131c7d2a508e1526a07f33efb490,0.5388414,1,0,0
ec3d2af993826b57cf47446d809db2c8b49c7a77,0.4329757,0,0,0
f79ba553c602c9cd1a673c30db79edb6b38f0db6,0.53970253,1,0,0
3e6117dacd54430e555a42a5fb8177f4553fdab6,0.5108249,1,0,0
7ee877a4db8c6d6871444abab28e95e9dad7c932,0.40941256,0,0,0
00c3c8dbf20322d372ebdc28c2b9fc25926a766d,0.311619,0,0,0
07c01318ea4ef19ede234484ed102f94391cdcbe,0.026194694,0,0,0
f56aab06534e643ab1e413c36e367fa25e24621f,0.4553063,0,0,0
6d1c4002aad95031c84bf3bfa777852492d23fa1,0.43588334,0,0,0
7e3c917567dc3163c2228dd01e4ad90dd0b76320,0.45063633,0,0,0
167676d596bbbfe82a52f0dae6847cad025dc095,0.3086411,0,0,0
9c24b00d32acfba096d8b3fc12168bbe0ac4ef55,0.4473638,0,0,0
0e6578069293282865a3dd4843d4f80f52476e7a,0.13880384,0,0,0
81e60b1eb541557f5be44e7f663d5a816fa90227,0.027306207,0,0,0
e25b6fedefdb1967fee9f64e0d0242d6472ad828,0.42629606,0,0,0
7f8236cfa274504e0f59b95285e7fbf2efecda90,0.43675107,0,0,0
ddcfef13549be8395d2c9339632b3ebe80363d49,0.50575155,1,0,0
4a5aeb1abe8ef10eeb5488e04e688e2daaf4eedf,0.37208757,0,0,0
13ce8fe63c8972c54ca717055c231bdc487d479a,0.38634798,0,0,0
8c12ad11eea80440bbe691cb50531c70f53cce95,0.027547657,0,0,0
692be5e1d4326c6e505c10e8dfc3adeb7958bd74,0.057872206,0,0,0
a733b7a87ce7abc0da33a3d56da82b72407683d8,0.34390122,0,1,0
13218943435188789ab706c2d97da8e2aba1770d,0.19486775,0,1,0
581baeaa99864979aad55bdd45f054c8a53c341d,0.27165133,0,1,0
80fced6db6c15d7833e2c06fac4098640ff4c742,0.47556525,0,1,0
0ff845a477db67a485e7a8c1cd8265e520bc8c05,0.48576525,0,1,0
66b24cabe95485abbe4398ff468a57e5ea0e3cf8,0.12665936,0,1,0
5ec70549ae7e7d2eb97d3d56e696dbf0cef7ca35,0.42183867,0,1,0
82c95c5f951ec316a717d72a46e9f1f7792dc818,0.28808296,0,1,0
0a4b1c3b316335a1ee22ea86c28c1cd58b1bb583,0.3340302,0,1,0
3b700639ef337839c69f45ebeea59dcd061d09ca,0.35936967,0,0,0
096155dd316ed242fa3bcf0ccffb207a124e1e4d,0.3817969,0,0,0
cf5e503db4274fd2c060571c982a0fba8b00c09c,0.13835289,0,0,0
60431261912586b5fe0cc5c8b4206e711cb0639a,0.32599908,0,0,0
ee8a2c9ded95d5c77e4e43a2307ac15322d96d3c,0.13554303,0,0,0
89fee834756bbe6d9e060376f95188d66789b1f7,0.03974236,0,0,0
4f804f78e5c0458ddc6dcd9350edc222a6e1a4af,0.13227357,0,0,0
2468492a1aef370c66a6636f976543212371405a,0.2909053,0,0,0
44b5e31cde3e53b3cbeb4ea5b61728d9284d0e31,0.18308127,0,0,0
a6c881f8c42433b49eb378881b9bdd63a1a52202,0.031654783,0,0,0
a780f35fe5d27eac0c0c8aa95eeb22d1587a1687,0.022063104,0,0,0
3ddfcd62e2a1367391595d2dbc182f2dee8d3651,0.31018126,0,0,0
8db6323266dabbddac15052cdafdb02cf5788908,0.34368637,0,0,0
02d88008e65c7b66c91b46ffa80a0692ab156da0,0.14129233,0,0,0
a8f8bb545769ebc2dd0adc2071203236870b3f18,0.35146442,0,0,0
adb5bacba3fb370e84c6a8317ac01b7efdb011da,0.19623028,0,0,0
6c0db77156cd67b5efb0e00dced7e2daf055ddec,0.3517236,0,0,0
4c2bca77a04633496d7670c00dcdafb787606243,0.3272128,0,0,0
873d9776d7f3e506b8e67721b47315aebe16de67,0.4159353,0,0,0
bcd3845dcc9f26c5bac4094fe6323f03ccf6d87f,0.41283047,0,0,0
d61ec0994e594f0c514c1739e0689f2595d8bfd5,0.3029039,0,0,0
c5e9745b8301bde2bab0e46bab2313423bda7910,0.44571638,0,0,0
8f5c5e892b907ba7d05c2cf5f4dc7adb2dd2702b,0.44477856,0,0,0
5b1e314826a40490ce38b532c4ad36fb01afd37e,0.44299385,0,0,0
6912f621d22ce66e8b94710f0decdcae3354ca76,0.41024646,0,0,0
d2d23c8aa02960549451c58ed3f0e84fd5ab3821,0.31898886,0,0,0
2e6a9131a07ee0e8844e8e79e84460b7f56ae646,0.027108569,0,0,0
875e98d3fb54def645b0339fb43ddc26a72e14cc,0.28583077,0,0,0
40b6fd273de1cccf752fb7e5d1a8470eb5257a9d,0.04035769,0,0,0
7517f7c33543c0232e002ff541db6e4e3a68f52c,0.10938897,0,0,0
93f189e8a8166004e8bce70bac3041a84e389883,0.03341816,0,0,0
38ac95d9bb36722fb9b3e596911aaa7b81caa9e3,0.03667268,0,0,0
b8d387e57c79b252a1ec739c3f466892f80ee49f,0.11983815,0,0,0
90323aa9f6c1cb89337b60e966e743bce82a6fa2,0.050187375,0,0,0
36156fcd0e07726a8883a0825799734ac0058559,0.3707417,0,0,0
0970e8f84e95d8662a826f8417141e3feffb18ae,0.34462976,0,0,0
7f1ab60f7c1a30eb09cb06f23d6f010e3a187274,0.039278716,0,0,0
1020c3985dea224ad0ef885ba6d8dabb48816c5f,0.16382456,0,0,0
332a7ffebdb4c69222c75ba1b0a5b462a0e8f467,0.10449753,0,0,0
e91c5e4045a37afe8ef5bac994f9e6f2cd10a9ba,0.09866938,0,0,0
7a401a73688b72f43e4c70ab1c074a3e710b3b53,0.29578003,0,0,0
cb5c4dd73597780fce451e1b643c9b25d4ce7b4c,0.36491406,0,0,0
b6c2d3fd1f70e51aa88f8d12aff006f6b390deb4,0.41096923,0,0,0
9138cc232a21a24e07dd89cbf43b684dced80c00,0.33703542,0,0,0
0916ce72d8cdc6b4dbd213117ecab6f7cf8d5bf1,0.10226522,0,0,0
b45826e3888ec7adbacb4887f4ae1da5520b9d90,0.096974604,0,0,0
965aa7f4fafe59c4f0d09f96f98bb83adc2187fc,0.23066467,0,0,0
bb8acac034b1fcdf91a6b1b066d33f3e38a4c117,0.25040197,0,0,0
ad76167a8ceade7e58ce0ed8658bdf22ea248904,0.26919073,0,0,0
d1c0b0c922855436f3ff54feb822349e97229d78,0.19494781,0,0,0
537607d90533283a42cd1c5bb8b75b62cac684fd,0.34338284,0,0,0
50ebba3d096b49c3d6856f9cda1664be55c222fa,0.324423,0,0,0
7cec158bc9faa1d2aa267ddd6a02790ac1f2c3ec,0.4021052,0,0,0
2b6f5d7ed93f9975b11ba631eb2f974078c7155e,0.43569145,0,0,0
b829f1e92cf347184d6d184d3c17babda68abc79,0.2427416,0,0,0
f11bea50aa42035f426343e1d0e5058e75e0d928,0.04078471,0,0,0
70a9d5f1e7ea844758ce3ed9b4f5e46a7015431c,0.039814048,0,0,0
44b28a38c3bae21d0530c85b7ac8ed52fe3d8fa9,0.03290971,0,0,0
e9fb730f64a372e05022034429d5450537341a22,0.29079846,0,0,0
5250af878ef0ccd0612cda08e88d341b13dd9f56,0.3593922,0,0,0
33f3cfdbd24c4714f8d6a7841430127b33c89118,0.025038788,0,0,0
7b7341a69bd379484d8e073d979b3f9acb465902,0.46957332,0,0,0
2d14965b4eb591ce9e0d6f0557197bc20926171e,0.41858837,0,0,0
1a867ff80af1fdad617d9b5066966b65f481742e,0.34837425,0,0,0
aaa1a0f7156df819896da55e51e17f495717f33b,0.03325785,0,0,0
caa2a94074b6e45fd4ab631408d3d6dd39a1c1fc,0.31409398,0,0,0
b6ea863a2667310b470ae59413204ff6b2719ba9,0.10209828,0,0,0
72a8407bb1272e0b6efe62a284cfb8d9ccad1cf8,0.049724407,0,0,0
3a8a2dd2a4e02616c54804b58250a6b51f9ff746,0.32379577,0,0,0
91b3989b803ac85f06a39751ae282cc5b88d6415,0.029329386,0,0,0
267fc4ed3f2d9f63921f07cb5c12527eadacf73f,0.057143442,0,0,0
f49c113d05845093aca46c22031617a5f2c4997d,0.20580612,0,0,0
4eec965458c88e4cd08783da5a30d775011fbf82,0.13135588,0,0,0
e581de2f71fdfa4b51d024b56bb38f1c70e7a60f,0.024888033,0,0,0
ec767ef3ea627c18a6cb788551f8709d2ccb1cfb,0.13625687,0,0,0
486582e34e95eee6cd9a59c2dd8298f2f39fad09,0.36480662,0,0,0
0e55dab80c10fdee37d2a07f664322fb774bd3ff,0.19673313,0,0,0
2a0af129ef96830e46a75eb31464646a8bf3544c,0.3701788,0,0,0
732ff44a4bb3b41e30139901869fa1b72b7c216f,0.33819792,0,0,0
9f9ef9aa0b0063215cf0e6526768fd4bab879ec8,0.3395076,0,0,0
1ae31c786079e0b7eb6585feac71c80baf224a9b,0.2131859,0,0,0
be37c2e2b103aa83de4ccc9aa08c3aa4a1da6c24,0.22070009,0,0,0
90375f06cf8c0154fcfb792aef471964b3cee042,0.3240999,0,0,0
2bc7921b2f2b479a7a391a51054526b716f703d7,0.032153625,0,0,0
00c1cc0cc0b16daaf8b284ac0e7e9328caba5022,0.33864745,0,0,0
1d3cd1285a9f875a4b00c7fa609155288d977c3f,0.33677977,0,0,0
095cc25a6b7bf9b9f99d6afb41f44d41cb41b8e6,0.2714977,0,0,0
d68ceb121842d109b3da0f932bdc8f5b94253f40,0.12494918,0,0,0
d6ae360653de7813c0d15e315d733aaee372df3d,0.38072637,0,0,0
fc195c451f817641319a2668a534e01cca088144,0.33547404,0,0,0
75489a661dac6b1823be5804b78d31023e81e509,0.3193753,0,0,0
1ad2965a54a325d7d11d7daa07d38e0ec575e505,0.02178742,0,0,0
83b8f7860d22f0517373904e9fa7e41e9e23add2,0.04650427,0,0,0
883b6c3b3969eb7f293ee0fcddde528a161fcc89,0.04223783,0,0,0
688f9d20a0ff88c3349f73d8cd912959fc236e4e,0.2971857,0,0,0
cd31d7a1e4ced0ec0700275441563b235c236f95,0.035864204,0,0,0
9790fd24cb14e8861576404587eb2907dedd6bfa,0.30019832,0,0,0
80888f9c55abb7ecb18fc342cddc973ec4f46f70,0.25086185,0,0,0
a6d1cd29574818dc220a3751a9c160633f2998a6,0.31178433,0,0,0
2badad205dd69a9f82edbe150ca5437b0ac0d16b,0.2715117,0,0,0
5e621cb6739ab6718831e6650495096f718b8014,0.30820927,0,0,0
13fc1eca0a4e7e8215541159b93a956615b1c6e8,0.03296288,0,0,0
feecf333cacd2edfa06028db62e5d209f57f0dad,0.22921051,0,0,0
3ac59a1df27a7c34cfda89f6a84b8ceb6f430fd4,0.10127878,0,0,0
55cd95f277b1a6f5f50d0dbf064beeb092fc6019,0.33018956,0,0,0
98befb689ec8a5b034a25bb9936d63d44223acfe,0.33468732,0,0,0
d80f242fcc1f9213c179b4651ffd9b9b7f634917,0.38315904,0,0,0
0cca1bb8bad342b3f6fe085ec6807187faf4016b,0.20086087,0,0,0
2c08cd5f0c1203186e9cf67a4c9440b77d54117d,0.3489361,0,0,0
49acf7f8a5caad67560c82043cc1f755c0eee826,0.4802641,0,0,0
02852f48243245666c0ccf4d0b8dd455d2747fd3,0.34964418,0,0,0
c73f626405dc91058ce5cbf4f87acb23384188b1,0.5025349,1,0,0
c321cc96e9b3666035524af0c17767ed8e865bbe,0.44437107,0,0,0
806ab4a928235bd36fab40e23bf450e1db5a8e9a,0.025844475,0,0,0
871c1c1aec516d4d70854e4ee929866bab981a64,0.03485324,0,0,0
6b70a706e2d339ff3b689dfef7441c28d290f725,0.038989358,0,0,0
bb2aeef4bc11b17be9233572b7afcfc3da04b887,0.031045767,0,0,0
e9b70c1841c5b1c1d771bb278b34a17ce31eaffa,0.4406355,0,0,0
3fc9fc01b08334fdec57f18b6f845906246936fc,0.46327156,0,0,0
6d030727fbc3a61ed47a6916074bbeb4ffd30b21,0.36172265,0,0,0
26acd219f08cf99be718f2bc3127a41dc33df6a3,0.4362694,0,1,0
02dc8c7e77db316553699f0e371f3e7803d3efbd,0.4729718,0,1,0
f7c09b93c2386c6928a082e96d1ddd0925a19092,0.41176686,0,1,0
aad6359c39d59176c51e0d4e5ee31def1bc10077,0.37167507,0,1,0
50a7fdcaf8fb9a684a96568ceeb8643b4941c475,0.49731642,0,1,0
32eeb20ee9096257520cded0d1af33d4664f8619,0.3154206,0,1,0
27830ee8c22d74464fd3cae4e662bf0ba97e887b,0.5311593,1,1,0
59ffcad15d220c2bc1f70f01d58bc31dec04b423,0.40781394,0,1,0
41dfac731ef973b03f70d8f9c01afc67bc5f311d,0.5044251,1,1,0
199dd8dfd1cef867ad8712c7565f090f81be0e7f,0.4430753,0,1,0
61bfd7be89e97e204caea839e37c67c6f837a710,0.3605821,0,1,0
8d52f694da0484cb2783a8b35dad845322af0c07,0.449465,0,1,0
750d338864a92521f4daec993af7ef0aba9d609b,0.23384517,0,1,0
513f20ad26f2e940e9224be387eafd5d9c58556f,0.25233883,0,0,0
bdd455596c53a97ce5edbf616a30f33d278ae41f,0.23924169,0,0,0
9b24a71e9930d7e929f9413c769ecd412fe830e9,0.2013312,0,0,0
def9299707ed1063d249559f0182f0fe559d33be,0.10435494,0,0,0
baba8cc875f5b197c08123b2d9add4cec3772300,0.34232926,0,0,0
55d3cf0ae5dc7b6f5f9f60bae65c1c5abf196b18,0.042072676,0,0,0
19b55afedf54bfc9e3b08c1636251339b2be4c42,0.060124233,0,0,0
a4fc3e9b714e9c91768c04f6268179ed582dd922,0.2896094,0,0,0
84ca5c79e31dd177169f4c074da5cb98fa1cdedd,0.063539416,0,0,0
9a9b83857fd20c38a520642553c9106de548854f,0.04788183,0,0,0
cbff61409d719d08c711baba4e89e03e2397df79,0.22624515,0,0,0
6b47a571b665934d81ea8b3d000a3b56ed1310e5,0.23005559,0,0,0
00f2cbe0dfe83947126fbfcbb6fa186899b555aa,0.19037023,0,0,0
5a62c007b8b791c025cf2d4d60bb6da1aad86589,0.2712022,0,0,0
13f756d83675e7bbdf62d3375cddae8bf4bcc599,0.23800956,0,0,0
27c4c88da63eeedf546d6a4df5f8cddd43069537,0.3034949,0,0,0
5509eb7e31b74667950d30d166c77428061d6b4a,0.18301946,0,0,0
c0eb48f7e83987c5ed112b82f0d651aff5149ae4,0.4101813,0,0,0
071dbe7c211380bd4bed252c9b7a767279d112bc,0.25651824,0,0,0
82ccf0ccee1b0981198fa67c1899b38656c0efc0,0.032968476,0,0,0
6262740b678153a5f8a4dc2774f51f0691167e87,0.06354154,0,0,0
0c429b4b93406ed5e5877b613c96ff8d81410330,0.038674824,0,0,0
0663e3e8c502118313a6c577758912c326bc19d3,0.037776697,0,0,0
c8bdb9433a203f585ca750f326678423cca328f9,0.027313031,0,0,0
6feec370c38a8776be3f0cb17efa720750377b30,0.031699006,0,0,0
e8db278a29e0b363c8fe22d2cbcdd7db36b614b5,0.1730912,0,0,0
d4e1ad171208fc1a63de63b4a7e4c08e43edc41a,0.5047947,1,0,0
49f8c2a817f811bdc9fc3e7f550a8e0b13503e7f,0.11020119,0,0,0
67325cf97946f053da51dd358a9ffca0a9676c03,0.041382685,0,0,0
0bfb0f2b5ec98b5fd85dd5ab58c6a4dd3c0a821a,0.08998725,0,0,0
2bbdd4e503e69fc06c5d371c15eec14258eac6d8,0.08606549,0,0,0
6af248a09f5ca72a7cdbc6a0c0518026d8963149,0.037756216,0,0,0
c7be7b41fb1a8da249ebba27df1b2f0f4ffcdb17,0.1840214,0,0,0
1ef212e0629d8b19a3b974cbb428a1f000f1c540,0.40762255,0,0,0
56708e632e69a889eec8bf926bb3551ad53ded86,0.035571724,0,0,0
539869352a5f4183028a3e6b33b4e002c5053ba4,0.034874555,0,0,0
6e6cb12471757b4d2edf8ce110855fa6fa7c7329,0.34665185,0,0,0
a5f85b0a383d9983ddf0dcaeb744f7ea6b5c27b7,0.026311502,0,0,0
3c8b03103f9a120be50b9e81f738ec1b903336e9,0.33409402,0,0,0
ce81551eca5b514ad588c020f9e89ef0b9da90a0,0.26121524,0,0,0
a053fefc0e9349ad5e97ff2353e3a8cf6873bfa7,0.03622197,0,0,0
8700816250e849d9f8d0fc402b090aec6ba7ab60,0.4443612,0,0,0
e896a18f4c92b81837982ae7d678a8618d09293f,0.03346747,0,0,0
dea25cad0dc2fe6163dfe78dd0d54a385e2ac676,0.030593626,0,0,0
6c870782ecd20e5d460f8454fff316834710d4f2,0.15665022,0,0,0
2df53eb9e85e7151b0115e3d293398f4b8b6a2b8,0.24571207,0,0,0
2541eb43d2716599ab687bce2a61751a3ebdbe9d,0.023134718,0,0,0
e191b9ca9486f2b4273ed5effba490c27a096ddc,0.4029829,0,0,0
35ea189f533c703906d9f770dff684c4557b18a7,0.17485069,0,0,0
afe78a030b57e3f74825e134d6615ef4878778cc,0.034115404,0,0,0
76e45d6a50da6228c44b04a565dca96432c4b197,0.04405585,0,0,0
5d072ef89fbc2532f621a5a0b4d6791cb926a997,0.031857062,0,0,0
b9c2c119c18dea618854e43639284a6eb799c925,0.23748182,0,0,0
e76397c0c7f7889f82a0a59203ad16a673f1e704,0.44467416,0,0,0
b34408aa82918b6fa8cd4033921d0331d8ef2b5a,0.07524539,0,0,0
57f493adef716d49ed1fd2f4e857febfe0a48aa8,0.03229786,0,0,0
84dcf5f3e54ee40b806108a713fd4c334900834a,0.4480267,0,0,0
344403579a552b26c0a1ab79915b7c91aac4a13c,0.03345055,0,0,0
a9159aba0efda305e6985f904072bfe82ee2a1d1,0.09643659,0,0,0
ee4ce5f4ece734cb6d3d9f0e215e42b565290fdb,0.035091493,0,0,0
c65777acf65ee83967ca394adb6619330be9790f,0.03275793,0,0,0
699d6f0eca65837501d7ab7a92ae2c614f8e6cbf,0.050657168,0,0,0
109a55735e2b93889e6fcc5d8b867451f291e9ef,0.44828087,0,0,0
9adf0d7f6ebd27aee0124c73037085abdb048748,0.036209654,0,0,0
fdfbd85433facd2259fa8bbb45bfe2e99bf9f432,0.047541447,0,0,0
c3a83486048dba356a8f6638c5cbd1eb12a93bd3,0.24345231,0,0,0
e23402c1dc133842c1acef0a2d7cd1f386647de7,0.10544338,0,0,0
718b2bfcb7b5d94b6def4d7e89f6ebc49ff11563,0.19393685,0,0,0
22a39cbc721d5c0391dea1ed10e5350f917c79db,0.20207012,0,0,0
b38438075dd34fcc19c8df877446e4014ed8579c,0.31116605,0,0,0
87c5e5377589c4fbbd499010a27b1e345ec38224,0.03681676,0,0,0
fe265088974f937c8a9626052dd5d29b1a207dbd,0.06298375,0,0,0
7b1b3624d78e659e0bf80b061756d8c6e08640c6,0.28759274,0,0,0
b2da444800d4c5d472da58a6b776891621d11718,0.37880224,0,0,0
76c4ec233c1a61b1f46df6d6847b889c0a7a978a,0.36071414,0,0,0
1d031d6eb6e6861f38e228bd587ff74e7f6fcce8,0.3649596,0,0,0
426cd8c52ef1732ad3a57171429bf7704d80bcc0,0.15354273,0,0,0
24df623ed69f86a13a2ec453f480a4e3f93b04ff,0.40056977,0,0,0
14a08584c7cf63dfadddaeec102820f9de901c60,0.34715766,0,0,0
d9406824aeba0e977c0692971a6dbb2e62823886,0.42952958,0,0,0
6c3a1bb78c3e92fded50c1c1e9f4c3e2e6e9dd4c,0.35293046,0,0,0
6aa7ba1d927cc57769d4ed589326053849b235ea,0.23924556,0,0,0
3206b41cc6b60ef2854273ab0eee5e406f9f6efa,0.25026593,0,0,0
c1d92d87157b7d5a27aa989eff14e302e15f96d7,0.3946963,0,0,0
842bf6f447aac7d05c75c6143a5affe9e383b3b3,0.3536254,0,0,0
eaeffded81ec88f4d0e7494bd544821412435ce8,0.019376898,0,0,0
59bc597a256f0146b5bb05d951ae2d84963cf3df,0.3703119,0,0,0
81210eb267181b766acaf201a424a80d96bb5bed,0.12417195,0,0,0
209976ee53c9b584c013a9b0b21ec98ef733c6f1,0.3195359,0,0,0
5e3359388b0732fd1b3d055036187525eea76521,0.12895653,0,0,0
ab2aa8d6fdcdf5b3d326e7e86ac9d045f4859e98,0.23221399,0,0,0
d6beaa363bca8324c7a699ce797a89698d49ba54,0.3934967,0,0,0
65e1c9c38becbee2f84d822cd65fd7dbce42b903,0.28744859,0,0,0
822bd135f3a54b8fbeb23c313535b13c18198c3a,0.37209508,0,0,0
a7bd568249f9ec20b69b2a700da6a0648e93a842,0.04015613,0,0,0
c5f2e40e7a8234fe48e08d451d3152ba58a03ac6,0.042067133,0,0,0
933796e9330ed5043ad8e76d9fa2cb8b1d3a8e3a,0.36617965,0,0,0
31c0d3a8e94b1016843596acea17a63bed9d4558,0.048519585,0,0,0
e95134229b9066aa2f1d312a53f5a670d271dbfa,0.30683267,0,0,0
45fbfb82fd1f5168a7183e78ece89da7a60e21fe,0.24404737,0,0,0
d675cd1362d502de0a94e0ff4d10e9c4ada579e4,0.26470068,0,0,0
f5c46b9fc80754c601205e6ef13c5b7e9a5003e2,0.03933452,0,0,0
722a5af4f1786599f22e91a34af459883c7a6a8b,0.16786097,0,0,0
5411db017b093f0995a9b7807a6a4dabb0f1e0ea,0.030587647,0,0,0
31e141019010d27dfb3c1a1fb712433268b520f0,0.029187256,0,0,0
419ad3e4aaeb2471c86eec1b6799675a70bc12cb,0.13053311,0,0,0
d357d9d563c4a34fa2ab3cdc68221c851a9de4f5,0.20358425,0,0,0
bfd83b00eb5743ad4ad0d24957f84b61ef9f5f79,0.042032834,0,0,0
3378280035f388157e007a06f7fcb74698b91e3e,0.08436835,0,0,0
41a3e9c52d52f60d121ae99d281881a55e006bca,0.45659062,0,0,0
a64b4cc5329f2275a5513b12622863e99a803a24,0.042060185,0,0,0
c295a589777a35730c90b26f28f7cc938d4053e3,0.0716764,0,0,0
c29e08e98a4d1f12842375cb8fb259b8e5054b0f,0.029808832,0,0,0
d4f28d7ff397386b208823c577180938e15769d3,0.31663808,0,0,0
936b820a4e9b9f96661c961bab87e4ec05ca0574,0.43255517,0,0,0
92a07f9aa109f0f55af963f86e466c80718f9466,0.03723814,0,0,0
8d5c46f420fe3f7365579aabc8b40912a3610957,0.08051948,0,0,0
5899f1eb7239ea26291b9e38490f5922b86158d8,0.41664985,0,0,0
46a2c6bebe30989d51d59e14def38a82e8edfd78,0.34876108,0,0,0
4d5e45cdb44f61202ce439caa3d417813375f9b7,0.026104115,0,0,0
51eb5df8b27103169878575cb421e3181dcfd525,0.12603018,0,0,0
9198e9498fbbb81851048d0eb71251046f16987f,0.023056226,0,0,0
56c60017199b255f38843e33beef95e8d767a10a,0.020763919,0,0,0
73202a1e336eccbf9928bcfb5a780a0b97a49680,0.02782617,0,0,0
bc8773df85d2db0d2d5bd99aa69d7e7c795e7aed,0.026378654,0,0,0
25f3713d9280abd57a49a9979a23d4ebce27732f,0.026196972,0,0,0
d654978ff5a8980c0efe10632f55218f4de4e6b3,0.03124902,0,0,0
2a31bc5fc0282cbeffe8e41c1c8c576314b4eec1,0.025780661,0,0,0
e460f4f93817bea10b2fba8aaddeb892421d2668,0.052451104,0,0,0
36940b6418283806ed10292776c9c4269923e1ca,0.09982962,0,0,0
72499caf6f7905122c97987953a313bf1c95901a,0.12758897,0,0,0
bfe3c22bc3e866fc499433faf57a9239d4f6e1f2,0.16321959,0,0,0
928da12b15c987e16b2481c43614c8e868be1c04,0.2476096,0,0,0
5e223a403e65992d2d18b1b8cab5da2c6c1aa37d,0.2278759,0,0,0
7379cbb2fe7b69aa871127e64a51763c445a570e,0.026208226,0,0,0
0cbb22ddd4cd4bd356dad0e8dca8dfe1080aae0f,0.044748995,0,0,0
d8e8908db227ec91608b386a65b5f8559d92d8c9,0.24316841,0,0,0
06033035f09c662020ffe0300983697c78d3039a,0.049108464,0,0,0
dcf6e82f8610b89075e00711e186792053928c7e,0.037069738,0,0,0
84a0d90783b095775b5d14b2a807497862d80db5,0.04534967,0,0,0
10c8db1b1ae0fd9be8b661dbf24643c0a9012d68,0.030936508,0,0,0
4f50c37506de036bb34094095aaa6d4d831bfbb7,0.04265084,0,0,0
30280a9ba706b330cbf6b18e6f2f6660743c0f16,0.37678757,0,0,0
9cd31226588fa303886b9daac162d5aa753e8e15,0.33967844,0,0,0
2736b6fe0b3fa22ec8e2b4184897ecadb021fc78,0.04460654,0,0,0
d3fc1a2877c165a57949414f5737ef00ffcd867d,0.3694078,0,0,0
459cebc515b11fef06464b711b3b33cbc1dd8c26,0.053673115,0,0,0
947c01f6d8000122a174da3d668208eec877a799,0.044912618,0,0,0
72d00532aa8f0fb96371f01688ace8b9d53b17b8,0.044552445,0,0,0
27fb1044f1f244a9f8841f059392bd7e595797a3,0.4855991,0,0,0
467386105ad855e793a09632142c00cd01c5dd10,0.4495127,0,0,0
9e405ca54138b63a4daff58d14d0527fef1e8e66,0.350659,0,0,0
0f98e790a43b17ae1bb60d264931fb4f13300762,0.4562419,0,0,0
8f957f527b9048f51aad91b544bed35c48bcf3a9,0.38631254,0,0,0
f03149e07dee90b23369d1cdb7f15c142df5e31d,0.2020547,0,0,0
48f7e179e4c5f4e59afdf0bfb4ec5228692e00ec,0.18263368,0,0,0
91a94d9f47b2bc928eaaf83d7c9dd06c235a2824,0.11656025,0,0,0
b498cda5bc8d834ab311a6a3415e990100d8a81a,0.32043114,0,0,0
276b2825778c0f6286ead1dac0dfe5fca307e77a,0.33650005,0,0,0
e4e03ef4c091f5a35da0d97a6a35224197b8be02,0.12234621,0,0,0
d24dd1a3abc4624be55c0772ae4432686ee18792,0.42252293,0,0,0
71fc2c4c817a8c9bb41650d5b27a89e207a68c39,0.40073407,0,0,0
f0751b65cf680456557aa1bf5c56b12f5c1a0fe0,0.4313231,0,0,0
d08dbbfdbc41cfafa122abf06d39ed543b473464,0.33259422,0,0,0
a4705cc3c310ffb422336b319891f63eef021f1c,0.044668376,0,0,0
e996235aeb7908c74e85fdcdf1369a5e46672169,0.020523096,0,0,0
0aeeb46737c5e4a5d8c21c26e6793956b0296cda,0.34234488,0,0,0
fe38f8892a2e99cfb6b941c48a57e1415d7ab223,0.47031152,0,0,0
9e801d916c3d163a4cfcc822e50dd75ac7cefcc5,0.054470446,0,0,0
ef0fb794d49e9184913581f561c87ba8c62d5e4e,0.272269,0,0,0
0298305934801cf65136ce20c59dd133d8ee4d17,0.027510075,0,0,0
9ba69d7b9af1ab71e0ca2d0044f464261ae6a199,0.20966291,0,0,0
c6b8a383de96cd0a8e94037a04510f162e4bbc68,0.047810134,0,0,0
7b813b674adc6c94a6c9a19524913c07b7d8bc9c,0.31224346,0,0,0
559de2c461e94ab636c959149c775bb27111fb48,0.5076172,1,0,0
16c983693a235bdc45c6286a1e7b01d8ef58907e,0.14629178,0,0,0
3ad22fe3d689781a76a92908d0bbc119b2c68892,0.38658857,0,0,0
8691eb95522d9421a8b2883bf65e535d581f1a06,0.48659968,0,1,0
eae26f2ed787c88c07ccb83f0e5550689ad47bca,0.05344601,0,0,0
4b6d66fbc021744136d02733ecd375cf1fde2bcf,0.3305852,0,0,0
1cb454d0221a6ea535f1c0ec5c5abcaa3212cf1d,0.083156325,0,0,0
8d4b217045ac12013e9c1986dab89451fceb478e,0.3468137,0,0,0
5c7c7a419f7dbbe738dc40e4e00dff3637b38b13,0.4103077,0,0,0
de4356072f1dcbd81f721c17be39625d1f8cdbe5,0.38001716,0,0,0
cbc4aff11a1a1cc5c18efa68877379b9b2bca30d,0.53350216,1,0,0
81b311fd0d2a084a0c29740714076218fb6c2302,0.5479909,1,0,0
f8b79d0c21165faf4dbd620cbc6eae9dcd3ebf42,0.4332784,0,0,0
70f580a56ae8edea6178be6b2188472f87623542,0.41708592,0,0,0
a8b7f6e98ae201787b6a77c00531f83026c6eb4b,0.29223934,0,0,0
f7c21753a9f0e43a08543d43af7e8564b6f33a2c,0.5140963,1,0,0
64b682cb6a0ab5976596065291fd07eb662c5a73,0.41297525,0,0,0
316af191841ab980570d0c3c4f5f91bcef1d45de,0.45425746,0,0,0
1b43f08e9e06f604432e20d5d8feba05afdebd1f,0.2783759,0,0,0
60de0da4acbaf41818ecee2e0930c8e9e9257395,0.54092705,1,0,0
21b8fd06473bc5e6c35b80e4d1633da283236487,0.40980902,0,0,0
19bed73bb2fd71a1be7a7f26b132c47d5c81fa72,0.34511912,0,0,0
77dc36f5644910cbffbedb9dbc7e0b118b14fa66,0.416878,0,0,0
e2f293ce22aaeff7c467aecbf6a3299e71d37a07,0.39060676,0,0,0
d916c50745b109551d81471f408250a2ec18ec84,0.44658053,0,0,0
dcf5c40f880c86d800a4563dd203e5fb89f3cd8e,0.4687097,0,0,0
07ad5e56818b6937986a1327fdf13102f9baad61,0.1240889,0,0,0
6ba9e778ef1f99a80f8463fbf68b39e02add6797,0.36619228,0,0,0
757057addf72d587387055dd964ecb2a562a2cc3,0.43073308,0,0,0
cafd9c77865ecb86ed9fd71637f2bcc87ce7e2d9,0.49924737,0,0,0
0c0fabddf6dcbf8411689df9c5cc29115da18be1,0.38915455,0,0,0
a2c0152ba2c45680f399a7e4d74f898ae3184f39,0.3851572,0,0,0
106c77756d7e2efff5355d0587d17cc261ae2850,0.42165896,0,0,0
592c9464379f97d67a76747faaab1af2316febae,0.08952172,0,0,0
9b71bf1406e0eb9892915542232211ef47602227,0.4033672,0,0,0
711846e5d03d6743205f8c747ab78c2ea43714f2,0.38543758,0,0,0
d759684b89fdf0d3cbaa033f8596f0a78a466b52,0.35092178,0,0,0
c204f7940bc73acd6893bff489fa970edbaeb5aa,0.16964883,0,0,0
96099eec30e81f16efd94f385b45707bed515ed2,0.5027973,1,0,0
0d52823fd924b806857d4a5bec6fa9f5b6ed30d3,0.48044983,0,0,0
5db13dbb9e7e6b28b443017397c8db3f82bacc95,0.33457226,0,0,0
80a819dbb4cd398a8eca38008656ad45550d553d,0.46877995,0,0,0
be38c1853ffb59825df763d61239992b9aff9127,0.030369138,0,0,0
06104090a6edc145cbdc2858ca224c12cbf66aec,0.055986125,0,0,0
509cb24e2c759eb17556fd3d2a158e3fdf60ab69,0.029071262,0,0,0
6eb761413871082d2ea128d8e132dd5ac06bbf4f,0.041453138,0,0,0
046f547b562ba2df5bc03f9a5c0125840a39cb2f,0.44816643,0,0,0
b24e7f33aa4c19352a5aca076dc3880b3924ed61,0.38985592,0,0,0
4f0841e04d88db62129618493ff85b87efec7712,0.40971738,0,0,0
437ab1b6235071e572cb3fd39aea1abb6a9a78cf,0.41482672,0,0,0
251bf6b18f83b8391ef3dfe83157ef5c51148fea,0.03607052,0,0,0
031f8ff3212c426ca7510dc6fd160dff22165be3,0.30724522,0,0,0
29402ee9790273d3957f70bfe9b281d3630d2f38,0.06513992,0,0,0
5faba67982689543f69fd316c38f16b7ce39225b,0.44178382,0,0,0
6f6f0f698dd81a0220cc74d6c10f545f23374bf4,0.048560083,0,0,0
de1d783fb598786fb054f05c027f54c79d054eb6,0.034613535,0,0,0
8847e59f64c43651db01a5c066c844940ddbc475,0.023883589,0,0,0
ad21dbcc8d97dbf7b553a3e1cf6c908854ff1ab0,0.30464807,0,0,0
321fd426406b6e60b6ea1bf9bf60857d6484f0f4,0.16673371,0,0,0
35e75829ef4a2cb124718e9a01301621d82ede8b,0.030399354,0,0,0
08233bfb9c8f554fa7b236d3dc7bd622d0ce154e,0.40085188,0,0,0
5155f49df062171fec0a73480485926c1b428e2c,0.51077175,1,0,0
8233b90eb074a0d04c503bc0e23376d4cddf02a4,0.32909954,0,0,0
f8b4e224b0c719e4d9aca6b26c03214963cd6af8,0.41205713,0,0,0
b5dd05b28613314e66cbd20906daf40424433331,0.3945966,0,0,0
b39a4adf6f31875e375435ca720a8d2e06ebcc53,0.46023956,0,0,0
81ec66a027bd860d6da043c3ec4c15500cd77b92,0.48455396,0,0,0
686d4aa79adb4d2b1e62a97e73ac150fb9f8b291,0.23794791,0,0,0
a55b13b7a0aa77d3e194563126f22db057873142,0.44689086,0,0,0
a721a26fad811ba618ff4fbf6371a43f851fb21e,0.2865411,0,0,0
9fb7a6368684ce4f07db72c4310fc380388f120a,0.38785082,0,0,0
a59d8f1b4504e30b36c7a22ef2e087cbd98a7553,0.08299121,0,0,0
c2656e9926477da08cd26d60e55691ba26ee6b9f,0.057065852,0,0,0
8dd45d4129046ac0b4f819e916beba6a699bad23,0.41097018,0,1,0
043a39baa8befc916faa0d4cca714b9fef2c19b3,0.42420018,0,1,0
edad71ad47d5f78d7cc93f2f281bfb3b60c56200,0.09063596,0,0,0
b696e321d599319a4bc94e055af27298c979874f,0.03283096,0,0,0
eb0d74bc8ad21b9ab7f588a9fcf129001ca3d09f,0.02011933,0,0,0
b01e9e0720f663f3e4fd0dd0a03e013957998f84,0.26588377,0,0,0
b03c73b9607fe2c49678d26ba19d9bf1b342e7d5,0.033580143,0,0,0
e4a3737c6c07420ee7c27a968c443b04d71c3eaf,0.07860445,0,0,0
b702664be09458c06c7270520c4500b5764fc036,0.44891658,0,0,0
388dfbd3f2f7ef66e0b8c62797c99305aa964247,0.042543825,0,0,0
e4a6a3ca3a5dcbcbbd65edde61bed03977a75af3,0.15428722,0,0,0
88acd6de3508aa297affb97625acce98877fa98a,0.30818847,0,1,0
eff38bf063fbd052cfe47bca56e4b2d8073b6ce6,0.4208185,0,1,0
aa4861217bd3f6876331309a92dd5eaff303b1d4,0.34962112,0,1,0
9e360ca017b1f639957c799a8b7b64047c286d93,0.4862642,0,1,0
00513a091d6cebf1ed4c5e2b6619dc36a4b5bbc6,0.40069386,0,1,0
58d258c7768cfc3ab47e455549f8e10b8a3bdc0d,0.5099354,1,1,0
6322cd019c486b6b98cd3f94ad9097245be3447d,0.25003186,0,1,0
5c81e7355dfead2da26406b1c787e8a449bb6beb,0.41906816,0,1,0
caa82d3e1b0019b373c55c23168bb8c007fd6100,0.3309818,0,1,0
9e2996fef15bac17b20c641900f4e641c40c6aa0,0.40425453,0,1,0
9e1aa0406b26f67fd021465903a2627b960e8c8b,0.40256223,0,1,0
bd2d4a000c4d5b4377e9a28bb225d3f61d45de31,0.51810324,1,1,0
16e434606776d7961f8b67b7d1062e15f23facf0,0.34440556,0,1,0
d6dff710eee0d56a1df3a761112002e4a1ed5758,0.2217387,0,0,0
83f194c1842b431030b6296fe59ba4eb20ef72c4,0.20450272,0,0,0
2b0270addb3d1f3bade8bdf1cbeb7a5c263de9c1,0.39611417,0,0,0
dd9ed3fa5cd6dec0ab5573e464b2cc5258066695,0.12771626,0,0,0
746133b210300aa581efe5b6a9bcd8969f2447d6,0.40391645,0,0,0
5629107ed8ba0fc170a9cec00980d17dda25354f,0.029561982,0,0,0
93b8e303efe494eb2e62a8d504ca92b7b60bc874,0.056973018,0,0,0
32ab76c1cf4ff1f762364fe10f08a54e43f0cb42,0.038997833,0,0,0
2b9dd184be2aa29b7876b15436e9967a1683d8e1,0.027901486,0,0,0
0b2102cfc42afb2629973a3c0f2b9d614f33be7e,0.3846313,0,0,0
79ab66952eb3f27e99e71a902b482ea3d9553321,0.13930859,0,0,0
50f831cdcfa0c30a5c4403d77c363dc56de11e0f,0.03371357,0,0,0
ebfa9238effab582f48400c371a4b8c07e8d3bf3,0.2839798,0,0,0
6e2d05638b243da413658003647f1a33adb49933,0.02603753,0,0,0
8862e06dc4d4f47e3d7e9e06e8f0581fc4767c61,0.40811992,0,0,0
4779067fb3cea6527ea4fb9aef97b8497c516912,0.03384204,0,0,0
d8f85358851e6f59a50112958c91da7ba5c31c30,0.41086382,0,0,0
cd639652a35026e9e890b3a74dcdd138c3e1f395,0.07304887,0,0,0
dc59b87231431d9b95a2cdce857c7d6d09f34684,0.3624769,0,0,0
df416d3a5a0f688830c1787666b1017981b27233,0.27132803,0,0,0
72f1d8a48a261bb0a15bd879a51559ca059a24dc,0.24587972,0,0,0
75f54c482430c99e107aeb3ef8b6742007fd0544,0.06069819,0,0,0
f070d7c0174e3588c5f1f1347a7baa839c97262c,0.23321025,0,0,0
6ef334bf37cc066387da7cc06d6c1837e3427808,0.32990178,0,0,0
31b4fa6189e23d1bfbeadc4357bc680bb0dbfff7,0.31537846,0,0,0
46d1a118370309516351336a252c09329d51928c,0.27578118,0,0,0
3b0c26329e0d6ecce1d72536268e42db57fe1302,0.39951155,0,0,0
fa2875b53071a837c52a6e6a72bc229176210227,0.066686325,0,0,0
6bc8cb6861de786a8b7b95c4225a6c97ac13a76d,0.43496338,0,0,0
7440d7886c633fd99a994c34f261c2890b3897c0,0.17574008,0,0,0
1f564c2cb6346539416cc094d9bfb9dd50393de6,0.43327296,0,0,0
c4d6e6678a1380ada4e8774e5c66a4592ecdc5fa,0.4221913,0,0,0
2847adbb14c0d6bbbf2d905efd3d507a58424555,0.034740075,0,0,0
f6a5f157cd72d25a2d3da7a384dcf4786f511d42,0.32575887,0,0,0
9aea59329362a8100237a0076e1f071237eb76bd,0.43032128,0,0,0
607627168519405b3727ae869e5f491f65a33163,0.26790082,0,0,0
3a7cac6ea395f6ad28240b4eccb4d3379e622998,0.28499556,0,0,0
5894c4a557f8e760b78e49fd54c0c4a804c0b5ed,0.028277513,0,0,0
0729366497d231d045502806847116324e0b5434,0.24533631,0,0,0
627ca74cf81eb95bfd01d7f036fedd85539ead25,0.048293,0,0,0
0535fc054080c5d9b8667da41b2dbb3dc88fdd77,0.033164896,0,0,0
563c0c459497a5f07a970068d4e84c835b20a4e0,0.062015638,0,0,0
d6cf5ed96ae5c3d6264057c129353858ea7aadb4,0.09077372,0,0,0
0ac6c73dbdb75e156a3e5c06ea443f371749e144,0.038725562,0,0,0
9cb1dfc36fa3c76c11930a4f6cb7ebc175a77c53,0.2735215,0,0,0
e81d716573a9c986081254aae1526883c37ef498,0.35538745,0,0,0
5e1d3501917aa22b0d40e48235d0a97bb74f1681,0.2995628,0,0,0
f09035290b1cdcf54f40c331e8c84d925eb454b7,0.42763776,0,0,0
ef9974af8ecfc809b18fcf3e238221a61e65b6fc,0.42123333,0,0,0
87e18b1cdd76581940c6c5e1d1eaef6e64eb02fc,0.33981606,0,0,0
b3028cfc9922fb266b2d0da59989b7782532f24d,0.05382735,0,0,0
751461e58213b0e8296dea6dbe04ac650c9ab728,0.29679537,0,0,0
422c4f5d6822a77679a2c70166d72adb7d426c98,0.09748421,0,0,0
f69ebbb0e8323cb635ded0d56bd5ff4b60f631c6,0.04676516,0,0,0
15aca89b0c1308137f66f4e1fa479a4673287335,0.44357657,0,0,0
7af83ae82144e9f7223a24ff96e544ddd1700bd3,0.117724165,0,0,0
4edd8c4a18ee1ac19791c63901a0917dc5224435,0.46957764,0,0,0
d645125364e998b3f0648c6909d1afe62791f836,0.04366917,0,0,0
ca6cabdc42c3394d55a2a20d5c6f8b6fd9f7446c,0.43111268,0,0,0
805f5ff26a689d3d89c64b13b9034d1292b7d3b0,0.05738898,0,0,0
b37c8aacf143318b992154b642f3d04b7b11f327,0.2117004,0,0,0
61d79b7e77f488ea2ebfe6862a29b4149ddf20f7,0.19278553,0,0,0
77986d18d70d7d99777d973f6910b52d84a802e4,0.2487055,0,0,0
2b5e291952f780e50df8c47707bcca2fc8d5b306,0.41111824,0,0,0
ad664ec95daeede3805e086a603971d2600c50b6,0.26145396,0,0,0
d20ae38fb8d7effe60a020efec1b5068a0e2ac8a,0.3649697,0,0,0
20d026bda72139b0b17e892e1ecea53f97e4569b,0.030015603,0,0,0
680d1b95a699e73ee8765ac846887adde681eea4,0.038204566,0,0,0
6860a7efc3c6975bb258fb892b7b0087bf1a14f4,0.08184589,0,0,0
86cc1db6887178f4c07cb0ebb190b694900d8cef,0.09155467,0,0,0
459b179d687021a7991475787ba82424001bf863,0.042791493,0,0,0
2579c0909256b6feacc87fb9944c50198fed02ae,0.04143429,0,0,0
296def5ae78622b8c8e6e4fda2d223d76bd251eb,0.30316672,0,0,0
310709eb808205afaafd2eb23f557d9b2b0bedc0,0.26014075,0,0,0
f052896ac6ece2b36c36706604780dbda90b7f41,0.11500439,0,0,0
9912cc90ab10fe23ad633dd87847f170fa443874,0.10417287,0,0,0
165549671cdd9ee81fcc8e4e5ddfd4e62a116548,0.036952745,0,0,0
e48478c8bcaf6720b300b8fcd14475fddb7f5066,0.41854945,0,0,0
f843029843558642c5c29f4788b539a819ac3a59,0.23417036,0,0,0
937365e1a9b2e185ed4d6af9411cbffae837916c,0.24937755,0,0,0
de681e1b13c5af66b1a1f2301d8b094525cf6edf,0.37723932,0,0,0
9b14935315ff59eb62aa2cd19298e19c4de76004,0.21554285,0,0,0
1457605d24601e45a6b21f72078b4063678283cb,0.35186994,0,0,0
2d89208a6d21e28961f0d8057a704fcbb61984ff,0.34078652,0,0,0
31d4e7fae9743ddfe08aa32c8e638af887333425,0.32542336,0,0,0
c77f5bda4f0dacdd5f69d01c2b7b1a4499b381b4,0.029605657,0,0,0
2b238460f659b0bb00f26f45fb9fc60968eb7874,0.027960878,0,0,0
f2afdf33061fb7cf8f3d0d2a0fd75b9751fdbcb5,0.023024067,0,0,0
aa40ebfb5968ec48600d3555fc8bf3b273bb7139,0.028392697,0,0,0
2e511a4809edabd77779939e43c448bfe1a30fdc,0.0221855,0,0,0
4c284fa75377ac279ebf4b06991896e587caefea,0.024277564,0,0,0
dff58f05b8ab7322a6dda1d1e58b54e51f3c916c,0.04014562,0,0,0
ede779611ce2e816b4fba650591f2f4b07ebcff1,0.02601242,0,0,0
24450e97f811ed25a25384f24d7f8a2158abf61a,0.02219315,0,0,0
ac14c89ec0a57fc14f37d709c7eb8f4355402d7c,0.022195118,0,0,0
70e28a6e5b835281b74b3c9d8b39fd4b30c86c31,0.30769062,0,0,0
3101596daf7b37b7db692747a79b20f45c6c61e9,0.1767921,0,0,0
2d7ee256f10ed2b235a533aff73b67166cf41e6f,0.24557614,0,0,0
6cd3352472b99d11549c66326dcd1243c551a4c8,0.1079558,0,0,0
c9bac8cfc4563b5f377ada6db19b0252eb57b4e4,0.33364505,0,0,0
a48323e4877e3466d9847b28d26103457de05719,0.1817804,0,0,0
9758c4f3c61fb0c814e4c54e378812d388e1269e,0.027580475,0,0,0
b93829390d6eb3dd337faf79235bd8eb2efdf17e,0.027997747,0,0,0
a3c33f6ee887789e695f289172bb7a7e7beaea5e,0.3751192,0,0,0
00f44612507728a678f64d8bc3144cb7ec49d0ad,0.06710284,0,0,0
a9bf61161b4343011d51724a505e82339fd9992d,0.09461737,0,0,0
c486706099b3dc4ce34d16e4e0a3173b9de7dd2f,0.3417998,0,0,0
6a46b00a397374989dd5038de9310d292fa88452,0.27096048,0,0,0
04bffa014d7473d62b972a4376748f4381c782fa,0.39150286,0,0,0
c172c147b3c33af78c3d7320939f416188bdaa93,0.10219628,0,0,0
af46d68230bed03777625577374204b2cbe22e9d,0.12478855,0,0,0
0177a34c51bebc5e028af7682a6c6d1ee9c271aa,0.19371416,0,0,0
e8626b9972b23f1902e7e4c0b2ec03c4cfea91b3,0.37547156,0,0,0
fb39a0a1e1bef9e40e9b358278e783fa7d402314,0.02967668,0,0,0
1cf57633c98f5559c203bb48f1d8e2b22dc459ba,0.3588901,0,0,0
621d0f57e3fdd279ef1e8e0e9beda859e9d7be74,0.43913925,0,0,0
4c3b552c6d3e8f08e0cd41577292103a5c549142,0.41100872,0,0,0
fbb560af0395d2ad4674bc6e0f406aa05e3bbf95,0.3220723,0,0,0
c7ec8c54bf2b458a2002f24a3655c17a2bc316a2,0.08771992,0,0,0
7c0f14aa7c14e9397e6cd68683bdab77218a5d92,0.32381275,0,0,0
57370d049dd7b05d35096ceb475b4f80494db5ed,0.1410732,0,0,0
222061e1a92d6abfaabfc9406cd655a5ca8ea2e5,0.06872168,0,0,0
064cecd073953686418d089495eea9d534af9e73,0.057343457,0,0,0
add2c3098953d0766950e8dc78e3484a46bcde7c,0.037948206,0,0,0
430aff38a3c4428ce43d0f30f259ee0b8b80122e,0.03179638,0,0,0
eb4e834b6ae3a17756bd2732ced075ad4a0e5ba6,0.31385845,0,0,0
d3d180e84143f0e801bf73494b1a71f77d2c25f7,0.0277054,0,0,0
2ff50c9e620032456165037fe00f3edb99711d53,0.28064167,0,0,0
71a07dcf9ad6211b83810ec187b617d005b818e7,0.23872991,0,0,0
252254380c6b9ea99fc978b6abc1b3b4fccf9cf9,0.28157428,0,0,0
d34cd289ee1291b6a7d1b4675394248be2b8ea6b,0.3767945,0,0,0
3fffb43ecffcd08fea1f28f6106d5c3c8cd97091,0.030058745,0,0,0
ad548a350635141c415930c70ce31d8173592a0f,0.35189074,0,0,0
3286bf48497f3f831f5034569c8d37da1ed6e76f,0.40326664,0,0,0
38d899e0f288a24173a6c4c5898bb176102ca9b9,0.41984528,0,0,0
e9999fd04a6338058d27421f427304699dc53c29,0.4131436,0,0,0
3e1cc8f9b982bce46c6471475bae47c281be41dc,0.23718387,0,0,0
653ffe15ad341350015201a1ec3188faffb4b9ef,0.10152897,0,0,0
176910a51361cbea23194d5483256594d7f09ece,0.5072183,1,0,0
4fd9e0be85d9dbe6b969cfd434dec6eea988228f,0.5161412,1,0,0
294b73583fc0dcd548ae95a841829f9ad2ab3ed0,0.52024555,1,1,0
8af453cdab42b5276cec2e89d83ce5c87d70a137,0.34734988,0,1,0
13d84663bc4eedb2e9e4035af75622b0a3cb480e,0.25695872,0,1,0
5a04dc554ef53ddc39895a9211286b9fb2e65586,0.3510017,0,1,0
24bed1a9bdbe3a1edd46bc3b2af83ee385e041a9,0.42378068,0,1,0
51f09376456ed8dadc2e801afaa495863fd7ee3b,0.38967642,0,1,0
72562004cfa5106472f61efc5d456788bbc256f9,0.42725027,0,1,0
160a0d35f64a52b9e31a725adc2672498d1f3f29,0.1781804,0,1,0
2ddabf3b84d42184d9781e02a936fa1160177866,0.6022724,1,1,0
ffed230ba8958ba3bc27310b71b0c6df589c3e63,0.39002168,0,0,0
add1d4f07c925b8a9044cb3aa5bb4abdeaf49fc7,0.03308777,0,0,0
6cb6acb44a1cff4136125faf763e67525ea696b1,0.3199037,0,0,0
1ca3222078064fe4bc1f92fc94a58cafa39f2643,0.29095522,0,0,0
f183402ea3aa777fd7fe822eb794837a8e0b3478,0.03678862,0,0,0
4a188d8d13e44b397bb40ce1280279d0c9b1feb1,0.38966313,0,0,0
3d51e770c28b404ac119acd7c108ba174251a929,0.104492046,0,0,0
1e802da3a611eb2953c4ec3c650436278d76b9dc,0.02143426,0,0,0
3c07b123c22a2fecd875e76371afdaa5a1d5b9fe,0.25473773,0,0,0
c6af3ed8a52ddfc3c54c69dab18e36345ba5b92e,0.17625196,0,0,0
e4aa99d3f603e70c7db3a55ae5d59470c1a37f58,0.35320848,0,0,0
4170eeb054ba1414eceb08ec6c0fbdbdb17eb5c2,0.23309761,0,0,0
cc2fa8a4b8f4508dcc05044f97acac50dd49259b,0.052783236,0,0,0
16dba64c31c3eb18ac916d49f1529fe4810fe754,0.43059474,0,0,0
b5284cd9b0d66523f6aa0a57576beace90c86e55,0.46190628,0,0,0
fd61fdad30c073f5b2576d1dc65452c5e4dac657,0.51343733,1,0,0
1c7552b1a3c2bbde15f98671c7b7c1424494c128,0.39355123,0,0,0
7cacb1830c3385098d308979ae45e3ea42b9b16c,0.03294308,0,0,0
608d50697c5e19a8249dd9290cd15b652f5f01a1,0.28176564,0,0,0
fe87b23fbd86d8f978142dc326231ea6bd4a61f0,0.26014948,0,0,0
5068b6f0082a020a6124cd7e652558efe3ec5f37,0.2607708,0,0,0
b5a63d8162d8756e4ae73b80ff125439a1b47613,0.049984116,0,0,0
24664b9397a6dc153251ffd7a4d3c01515988748,0.2667413,0,0,0
2185f5946edfddcca8a5bcb76160212bfe2ef797,0.42331347,0,0,0
8eb1f763d0cb0f98de1f12e3d48d9c516f5ac7a8,0.3104515,0,0,0
77a24a9fcd3b01961f881143e485b4be0826c139,0.03587649,0,0,0
23184e15023157312d7a8afe0adfe30b5d7864a8,0.36672267,0,0,0
b51ecd27cccc520764c9ae53cabcb61d67d46d15,0.414506,0,0,0
8a2ec5ebd9afa8a299cfdd5d3cd359898346588a,0.07486155,0,0,0
07dfe0f23c3aabdb4dd47d2a7a26bbd75934da5f,0.07497836,0,0,0
b7c533baf4ce8f0fd3d3e7d521cc355e71bca797,0.22065742,0,0,0
daf6bd54af7149e06961607f36e3034aec1e70ef,0.06195481,0,0,0
d3c8c564ceef470411821b5a6c82db17782ea3b2,0.34057617,0,0,0
0a8225712e4b4a4471c5efb1ca11e97e2ddbd71e,0.039052498,0,0,0
9d7bb4b52a78301ea6256ae20279a8db63523e99,0.22700681,0,0,0
2ae95bd6e65f698120eb3a7b774b4a7b252ce168,0.3959379,0,0,0
8205f0d26abda68a740de8c962a32172d2bc7e8b,0.47310662,0,0,0
833ccb78e61f01d1525f6c6af6757ad573d8a78c,0.26289523,0,0,0
b2c982294b90f03d507e3078b0b3bf0a359a29c6,0.05796713,0,0,0
f37f373a04af7de05b089a55bfb4d2d86d055fce,0.31272215,0,0,0
9c2d135bb030213819e40f73c47e7e33d35ab3c6,0.26065934,0,0,0
3dbd158c7b0b1df5785d3a395a3ae058b7867381,0.3293211,0,0,0
2173d87cf4aa84937abe438d0f836c8fdd3ba1c1,0.40888566,0,0,0
ebb424989c23060feb869e0cf817a4d5285c853e,0.18876636,0,0,0
ba8c6e130e524fc1454b279ab329b03a9877b13e,0.43762025,0,0,0
e354e067ea6b5d099db609aff76a199a81e92d12,0.39359888,0,0,0
c9621e30ba79b20322f449e24a2f438918ce33fa,0.4358328,0,0,0
4f9c6c24a8b4b03e2836c77fe2e53e38b6519420,0.27895352,0,0,0
67540b32bea000574561485e11f7f033be1dc2cd,0.32052785,0,0,0
e2f82b25d19faa263bbdbdf074948c6537d85e3a,0.33373767,0,0,0
ea7753f06b2fe66df61b63a49558ff80ac3a09bb,0.039132096,0,0,0
0f39df025ff43caff8a6fc0b841ad429379db242,0.30365464,0,0,0
6903248d4ed5a383bf0fa080992c038185221a59,0.34527007,0,0,0
5ed0d65dd3b79a990f8f8c4974c3b20c82964e50,0.31040126,0,0,0
fc996e7530dadf0cb498ba1970a6de5ea6edd817,0.3263708,0,0,0
448ae1c06150d4fd62939b5a31f38c03d9a33c7c,0.36034492,0,0,0
d4db3a650fa40ee89513ff581653dbe2d44cb671,0.44619077,0,0,0
b8f966acb480b84e8076a539b346a1ba6b29af69,0.37034807,0,0,0
22e8511f2f68b536a0b1c31b2ec271fab255d5bb,0.3575661,0,0,0
3bbac90fc37d225ff4eefaab018fe6147a5a0937,0.19173408,0,0,0
83d06d95dd70db6e3340afead3bd32fa58d9a396,0.47924474,0,0,0
dc500a7adffbb3cf94604097efe1eb93bc43822d,0.27129441,0,0,0
f944f5cc3dd7874dac049e0c8c4d7212df781452,0.04865188,0,0,0
14845725ea57e4ff110bc5fd838aabe6e6d20c25,0.19670959,0,0,0
94a3ac5fbd184bde121f94895a5bdf22cf034d70,0.34494138,0,0,0
d86d0d56e363a20ffa1ef48deea045851fc49d91,0.38818678,0,0,0
251b167e9a17d29b3da6074933acaf92cf5dec81,0.33176455,0,0,0
d16b6b8ce843e6e931cb8dbc92823f82ab10ce0d,0.38588247,0,0,0
3273f2572f79bfcfc9abe1d821a9743108c65ebb,0.44631374,0,0,0
345f3db49a7f4e662d117fb778bc66b49de14dae,0.18755639,0,0,0
81d3805cae760e12ca120b2725a6c31b83da035f,0.35540175,0,0,0
239ea8fb3cab9e2c052d933e8f0ae25648782e95,0.25453326,0,0,0
6128d66eba5b1dfc0a5e047a057c33d00abac6e7,0.33686906,0,0,0
7f6a33d94efdfa9f1db4bd71da6ddff10aace45e,0.30691403,0,0,0
843cd6eea60431ae527164f8fe9b0e054c7f9157,0.06375262,0,0,0
5e44c4e4be97e93f5d13cdc7bd52b7374635398c,0.37788418,0,0,0
36ea4c00124e0a44cc32c9c2d11ff3f77a2da541,0.17373936,0,0,0
583c8311df06e92afcea0f3c89d085a980e2dd9f,0.28042516,0,0,0
1ba982d80ba74544730f36f3cd46cdbe894a9e6a,0.42371878,0,0,0
d41221966cece5ed8c029a7e941b5d621486ddb1,0.46855637,0,0,0
4f72517b0e7881107a0db3046f0247ea2218039d,0.48049194,0,1,0
8a127b81963d28a06bc438c47dd551f860ee8055,0.41050488,0,1,0
80ed7676093c6ee19c271fd9414d360b6a8d1712,0.4531637,0,1,0
eb15183f8f1272ee3cfde61eeaf048c2280f0e23,0.3477297,0,1,0
c96a3e5a40040ef43e0a51935a368458763d3424,0.5336089,1,1,0
e4472979707c9e59ef5edc9f6541902310d3d036,0.38794005,0,1,0
bf30b1f2af61a37d8e1215e1af6022ede913dc2d,0.46078423,0,1,0
03264295028ec1baa23189bdc5b3ddf09c16c94d,0.27267268,0,0,0
5627e45ac3b893b7b8f69566738f8f09167fc87a,0.029066201,0,0,0
d0474edbfad324e68daa95e58d73b670d01ffca1,0.11489038,0,0,0
b227b3b6aa81ad319bdfe91a7611b957f0beffdf,0.33938563,0,0,0
7e303218009724e91ed7d3a008f89e8659567072,0.04732913,0,0,0
06d969a8fe228de6a637e832743cf6df518fceb0,0.33095866,0,0,0
c06fa14c5e96ee1114e701cb522bc84e0e1a1a91,0.35786298,0,0,0
4374b673a2b2ebbc7042c062b4f87ab49dd14930,0.34082815,0,0,0
2ac8f67206fdaf6563b97baa9ef4cb2bbdfb8c70,0.26226798,0,0,0
3d2e4a013b9f1bf0612afcf53eaa996d654860ff,0.30762562,0,0,0
de39dc6e141e79bc5eb87616764247867ca11449,0.27175874,0,0,0
7befe93c8533645ff3b23cddfc7c7eed56b8ed80,0.3076821,0,0,0
e83e010913d19a91ad9ce75adc69815a974f7c0a,0.382844,0,0,0
97abbb745f31c635c5e2b9a9a4edd8ec7c15430c,0.39537722,0,0,0
04c041211cdc102ec44ca098a7e7ddfee27a0ce8,0.17195067,0,0,0
40448470d6384fd4128840151a62be646f1eb88d,0.21697542,0,0,0
3251bce2d463c4ba51fc24c04904a8e3ac886c3b,0.16526611,0,0,0
07e0698ed6961ac535a8971e52d61e53f877f58e,0.36390167,0,0,0
9b841a30265fe0652e5e94c338ef82970363f4ca,0.2441037,0,0,0
387455c408f9de0a9870a215e1e6b9497bef1eff,0.50413644,1,0,0
81d88e666fd9bdd3424b526be46626704e0b9c7c,0.4803705,0,0,0
4904788fde58204d5570dbf2268d8580a5d8d4cf,0.16956657,0,0,0
cc50f64aa8598728365f282056035cfc094e7bbd,0.2521592,0,0,0
b433eef1c1ae41112791584346558600d134f7a3,0.208994,0,0,0
1fe62a02c75c1a1af4df78ec1b269837dee69314,0.26649746,0,0,0
100cf21e5b877d160eefebdbe109b331427aff3f,0.42348665,0,0,0
227008cff233f9424ab37044b2c0d7b2d178c330,0.025503227,0,0,0
4b46a1595c4c8688644549b3cd762819f4ccfac0,0.4778176,0,0,0
d3bef0558d47861d85ebee02bfbbe09d67a60c3c,0.15785119,0,0,0
475e02f6b0f0e7b650b44929b19cf6d5812ad2de,0.12938248,0,0,0
b5981e07909d4d1626d6f0ca359d3124c932cd60,0.29504508,0,0,0
20a1b9578effdc68ea07870f49e4e93289d86e1c,0.33106712,0,0,0
06827d11a7bddc7a02f2804618219b862f63ecdd,0.39321893,0,0,0
687fd988a316c937698c6c550b3c87507a60e361,0.37992182,0,0,0
53065084d622423dd086efdc6e76729f97d463e2,0.36760023,0,0,0
ee4ed5171c34694edac71add10dfab9abb6b003a,0.03775205,0,0,0
bbdd3e827d23c085d6c669914efa2798313b1b52,0.33810073,0,0,0
aedbfd5bef8442e5559c0439ce157e3b8cc37269,0.35427275,0,0,0
769df5afa88c6ce4eda5c675626077a24827181e,0.3534736,0,0,0
27641679e9fc948bc33ac13dbaabdd831954ca29,0.35436,0,0,0
70add68322e8145ddcff59c2347a40c0f2e9addd,0.35338244,0,0,0
4a4074b7f330d77f296c16abd82cfe026de31f99,0.35463682,0,0,0
f5b48cb2b84d0cdcfaa99efda564a827f18bb49a,0.35351995,0,0,0
3e7ca122fd7cdd5435b5c8bf83b234b3f68bfb89,0.37223825,0,0,0
241f2ba7aa3225724a80421b56075aef7bfb21a0,0.29833156,0,0,0
92a3a06876fc47d55d189f6483b1efc37b1c59bd,0.22082667,0,0,0
b0017f772daa5e7f05094e38e4bec9bc99e5792f,0.21437371,0,0,0
f1532f0cdd5cfc6c40fdc85bc50d22ef2dba699d,0.029160192,0,0,0
5865fdde89b92235cb080637810e178f21bbfc11,0.03356328,0,0,0
2f2698fa5739eba1cdc3bdf8299a754fb98ae871,0.039188925,0,0,0
b82b8b2cc51220537d247d45133838eb868fe213,0.113425806,0,0,0
e0d62420f7020b7e6a88d6f41b27547eb8ac397b,0.24375924,0,0,0
1a0330f912c0aecdac5a394997932e94a618a4aa,0.19922818,0,0,0
bf18ab3679d025b4da88797bb9759f45b1eb00e5,0.36076438,0,0,0
7f384e85ea9ad0fc7f4cdcbf9451dece694ac63f,0.37601542,0,0,0
3ad097a555013fb78f35643d2c8c201435aef8f2,0.17281106,0,0,0
0da91a3b68d0ab6c28c89bd03057704c35ddec35,0.3413185,0,0,0
4aec5c55ff8bd122cd5d8cf093a595de81bbdce8,0.32791886,0,0,0
dc51387cfcd868ea837da2b7d2be87c70bcb8f9a,0.20463346,0,0,0
b24dc73be37f00dc35bb1e41cad90c703c96a13b,0.0603087,0,0,0
c8c91b47da7a68bfd7b335d664934c302332b06d,0.2542205,0,0,0
98b0e857a4e8a54739a10e5016b6ef3b9753af77,0.28105837,0,0,0
8025b2aacf291bf9197171d9ff1f7a693431726a,0.2601881,0,0,0
2106a8ae107fc2df9099b12b23fb89f95d449f27,0.05671683,0,0,0
a94943098d61f48a5508c2ba32996a0e98eb1704,0.09682493,0,0,0
35b06e09dbebf887afb6ba5191451074496571e5,0.12444612,0,0,0
8ec1c52351aba784e90c2cabe8dd3639f233debb,0.19564526,0,0,0
0aa96a17f8cf9c96874c9519c93e9f7723d41adf,0.3594016,0,0,0
62950beb8d9ae79097a7651cc3e1fcbd8d5e31f6,0.23987238,0,0,0
bb04d083026dfd018eeebf5139850c34e6b49b1f,0.14457136,0,0,0
6b0c5a3b409511646984f34989ca7826eb4379cd,0.37114036,0,0,0
960febe9458e4213133bb7751c8ab9c3c0b88bc8,0.38069254,0,0,0
a3fc218ad914c8e1de13ec3d5f5fb4a54597bc8d,0.35282245,0,0,0
fdc460dce69c6ef2caaafaf9628ee94d07d17625,0.0465825,0,0,0
7ceb5a6b8236517d708d7965f4873344c5630969,0.075320706,0,0,0
bb9dea37dc558378dfc6559133171f45c6a3b5b7,0.38087502,0,0,0
28d51dace3fbbf8f0bd71f749e5290685b0c5df2,0.24058118,0,0,0
e74df2c0e90e5e4ee92a0d45fcc6f5db5958861a,0.036891833,0,0,0
05b614d6042e1852b8bc14fa0fd66adcbc1406ef,0.42967117,0,0,0
05164d24d77b4f05a309cef5375792b08316f1b6,0.08036977,0,0,0
efc4809b7b73febc18cdd8976ff8e9d6d4537ade,0.27888775,0,0,0
93c12bbb6d22a165a407b6184cdb40545f86c683,0.40383917,0,0,0
54a95d899854ad5a0a7b896f99cd8ba68b89d471,0.4830954,0,0,0
df7a37858bdf7c465d6ba96637558695e42e2fe9,0.052567024,0,0,0
cb9d0a8369704bfc94a84371561d30a6b4317767,0.30842295,0,0,0
db1483ae639de19872a023e2af418ac695361500,0.23281388,0,0,0
7a8ff741e0d60d6430be6f8a25bc1bbeb65832a2,0.24777773,0,0,0
0d33e877b1642b1bb630415304b8d01de2ce427e,0.06856625,0,0,0
d700649c1748cdec25ce871925d80a1356e3147b,0.17104943,0,0,0
4f30fa5358a7712bbaba7e25d97166d9b4a0f0a0,0.42372403,0,0,0
774228b4c6d5e6f8ec239bc9a3d8f09ca7bfa51b,0.25448084,0,0,0
ae57c74449db1d55abea013eb0274fb9a1f636bf,0.40743345,0,0,0
54567ccc2ec5ca96bf70b0926b56e97659574f4f,0.2786591,0,0,0
2a354150a2193ad32311e675d7452c8059be3bef,0.269144,0,0,0
db6cf117a225ff973a44972c5fba128b1228a99d,0.19191915,0,0,0
6faa7858155e8311890f14e486f43d5f8cd69835,0.18043692,0,0,0
4790afd48bb04258b01965f601f979f7c71cd472,0.28383344,0,0,0
6535c04c044a9a1ff76410251e43932ebafa6872,0.10152416,0,0,0
69b4784b44ccebceef03b445f420240d07a85062,0.351598,0,0,0
5cc4b1638d331d9f6bfa9366e26acade4b412202,0.33981687,0,0,0
11b6cb54670ec16f8597851cb010c62c6d3a6578,0.18452314,0,0,0
881af80e8016adc72f7c577bbb88e0aa37c0505f,0.13551927,0,0,0
c1f539ad85e47c5052bf0e123ef7264fbe5d73bd,0.14780265,0,0,0
9fc8dbcd054fd82e8fde73c50b63832b6359f476,0.26162234,0,0,0
a2da1049443db9db3e2c06cff58463fe6cddb978,0.46572536,0,0,0
355dadec5d8729f25fe57408f29c75e64ee65623,0.4014573,0,0,0
41ba47a04626704ef2fc49ba03b0be0939879271,0.060144033,0,0,0
cb497ff3ac18bb0832106b624f43708dcb28e034,0.05044647,0,0,0
70f1e65a1fbd882442829cc377be937db4ee1acc,0.37704366,0,0,0
a1e4f67e9d5480de3d725295f562e98f6c45d79e,0.11908965,0,0,0
60e3bdcbbd3f84654d6df895af97740408ba2bc3,0.39258254,0,0,0
52eab6561b244a4c84572a04bf6bf05144b2033b,0.35200545,0,0,0
dc4746b69a3580443310765eba606be998e2da4d,0.4351837,0,0,0
84e2cf153d888b5f3a73bdeab13c323c6405c1b1,0.38542998,0,0,0
8ea2c18f2b69ca3d9f3a8a1033aa6078df745176,0.41706643,0,0,0
2a7594a7ded5123b99791b0f16265833ad35c81a,0.35175475,0,0,0
d8bef16525907af19a253e911c964d630b1737d9,0.20565306,0,0,0
f3bd0b79313c65d41260a7dfec6e041cc5e24674,0.28987846,0,0,0
56d6858f3430e33398976b02f23cc82c25641a4a,0.10755289,0,0,0
7af57e58daa9872f2066d7d521f5c153d7e372db,0.16387361,0,0,0
3ad7450857297ed609c5b568fb55f77dd469d8b9,0.24876855,0,0,0
190dee5fa3b5374f95ae8b3673705802789ed0a7,0.23248862,0,0,0
ed403b6580ed403a814e1c821200f302ffa5805d,0.23377787,0,0,0
03f8b53af1526c038be1e0aa6f519a6c73762758,0.3636349,0,1,0
6114f5479d0bc640390c8f073b40eab94103451f,0.24069045,0,1,0
b925070f3842ac0ae2cd816d7dc99233e7a6ddce,0.24039628,0,1,0
6bc2d25ea6dd424148786f5e0cddeb42ee072e79,0.38159862,0,1,0
2280cbd563332a1b9f3ada9de77af40efc6c97b0,0.19868252,0,1,0
d254cf2bd17588e5111841b0ca0d349a0f4a6fd2,0.33103734,0,1,0
a3cefc2063d220efdc8a42a66164a5ff0bfd690a,0.54873943,1,1,0
d8e760bd13b8a5c9ddd2029f2ddec3fbadc280a2,0.050012685,0,0,0
fa2fafcf1e1eae47296fc8ed1d609225ea381971,0.2485408,0,0,0
b0bb65029d1e3dcf57d8a0a56e4ca7cccbd18db4,0.017571038,0,0,0
624cdb14f819ec4ce5a5c02df0293f317cf9737a,0.02922681,0,0,0
a6feb941e5ff8fde22865f981d912c6d5f48546e,0.48798758,0,0,0
cf032314f935892a8cc5ca7a43bcf1c9011f3242,0.48190472,0,0,0
f675cbc93ee4bf7395befd90303cfdc79265cee2,0.4294477,0,0,0
5226462744f1e3c11fe5477b543a60b18a80e548,0.35858735,0,0,0
71841bce6f67b8e58b26caaa49b5c0b1f7269534,0.1707858,0,0,0
33172a83a4eadeb7084486256c57947567ddbf17,0.3135837,0,0,0
ff38c184f7b5e1e2b9ab88b22464041eade680d2,0.21338643,0,0,0
131e4926b7a31fff3c6bead10bbe6dcd15e32bf9,0.3384061,0,0,0
377dd0a46189c53b9af1f89c7e4e9e1bc7698646,0.04369403,0,0,0
79a242ec3ec8208a9187777cb40d8c269f3cdffb,0.36602238,0,0,0
db69349c601fca02ed236064bd7c20c359cd9707,0.2481105,0,0,0
3e65ff983dcaba073337d3a15b21dfbee2eee4c7,0.34278217,0,0,0
86b6c0cef9e1d09db327197ba2cd64f404c22988,0.26527268,0,0,0
83420394a2e397ed46136c40081e437d5af9c2b5,0.033252947,0,0,0
f61244c48d22b86a9c6de16fc4805f10d8d4777b,0.38682172,0,0,0
89d2eb8fab09847c42ca1eb32c62e0d4ef7699e6,0.036402993,0,0,0
661fb0c9c01c87410cdf1abda41d78906656c7e5,0.3814121,0,0,0
71a4e3f5bad9e17e7213368de6af803bc3cfc160,0.39260176,0,0,0
3832b54d4d6f8a45c7283fa42569e59d66ce3d90,0.2563353,0,0,0
53b6258b2465362ccfa3f85a482a9d54425b6d93,0.39879316,0,0,0
a310596a75ce3e0cccf268102f070ce85cf9384b,0.41447648,0,0,0
80d570d77a6f0ff71bea6fddb6519d6bc77f408b,0.39953524,0,0,0
9994ba2cdb0922cc16261cf2a165d9b7a66092dc,0.18585436,0,0,0
10f7c22ac3955b9ec0879367fa76f6c14821f512,0.22052485,0,0,0
19c15bd468dc770e255738fa474956d37b8bad07,0.074232616,0,0,0
2bcd63e545252c308f9d8b51d8f357155639e861,0.2634141,0,0,0
31dac7eb1e2c3683987adf686b0f151925d51b94,0.19957714,0,0,0
b6c1226082e9272a3a5eb37422afc24740e7b75d,0.34910563,0,0,0
1f06856824ecb1896e15059704510455938372ea,0.35292622,0,0,0
41157e7a305acd42d820b0dee0dc6cee228142b9,0.40194765,0,0,0
845fca72fb3736ba07f9f35b138295d77530e500,0.49123743,0,0,0
62e139bfbcbb1c70bd622081932b133d09aa4a62,0.4992226,0,0,0
4f65842c59170271f82f98b5eb3a985f198420a1,0.3135271,0,0,0
2f92ec1b0fa868d2c59270abd6630a3cdf2d02d0,0.16726951,0,0,0
10636cf7f281864685b64efb6b013f57331c4615,0.17888111,0,0,0
3187c92b9b39a2f0663f42d2ec2e1ffa8c45db10,0.37546852,0,0,0
0b10d14e48d1937621edcfebec24a2caa6676184,0.3888158,0,0,0
beb266a7c1a91bea734bebcfcf0768790055e8ce,0.3416625,0,0,0
e45d91d0386a32edde0ed08b57f53ec2cc1de3ea,0.40494752,0,0,0
93b0d6b3acb2d3be277ca8c2799badb005686429,0.43140048,0,0,0
6b436a0dc1c32095698fa777ea1365f5bbfc672f,0.3392048,0,0,0
1d049600404981120633155a69a2effa10b26cfb,0.25872284,0,0,0
29cf07169ebaf45dc8eab6c7e55c0039b31dfa5a,0.43617135,0,0,0
b4d173d3519854993014731e8b8c1e73a137379b,0.40190092,0,0,0
7c272bc96e2053ae9960e61769c38696f4f3b854,0.13573998,0,0,0
6658eba6826100e9059186809927f398446e33a4,0.42138037,0,0,0
8fb9b82b186fcf137854e60f48f84bef664f10c1,0.23771767,0,0,0
fe71bba6f74ce54fd2581af15db777772d7d7be2,0.40262893,0,0,0
63379962669775afdacb14cda8a40cf9c4c9a043,0.20615968,0,0,0
9540122871676a511867c3d2ba54bf76401c8a91,0.3065679,0,0,0
064c814833c50fe1f3f87771e6e85dd6b1dfa42a,0.35504535,0,0,0
3f28c60b2ccbd4d3965eddfc2e652eb0027b10c9,0.42555612,0,0,0
9773e41c076aec1cb86f4438d37b01a97b852a3a,0.38419744,0,0,0
75965fd2aaa2ee1c5f34a0ea92b0a444be2cfc85,0.44087037,0,0,0
16f001b4ed6a2507861a50f73f5deed8e86bc6ce,0.18421337,0,0,0
c13bf71d3a1e8eebb624e8a113363998d1664263,0.40222082,0,0,0
cc70e908fcd9b309187789fdbc20249ee3eede3b,0.28760013,0,0,0
25d9407086393ee46fd5c981d8deaa9da2c17be6,0.22745271,0,0,0
0d4bfa919943d2053868ac7a48c2757502c5cdec,0.39410758,0,0,0
88bc781f326d51424680a3fa6955632a7883b7e8,0.17866437,0,0,0
8bcd036741fad3864b785cd424405cc7da6150ce,0.28591284,0,0,0
e9c984fdc9fa6d35744038685698ebc5114df676,0.41040337,0,0,0
56a4b2ae7539c2feb5f1a049634f07f2da082494,0.17341906,0,0,0
53d100817e07683df4932f3dffb94873d3c72602,0.27215382,0,0,0
ad403802e0a705e215b46cfaf4634bd674f6a3ce,0.20745596,0,0,0
773a012cf8b1f125f6a128481bbe2b531beaa023,0.37631932,0,0,0
55965e964deb71b11758bf7e8abdf698ed7dd26d,0.4184013,0,0,0
1ad8fa191c5df90d9f0388d7c483d57724860040,0.29898775,0,0,0
31d3f3456ca68f29b98ce5650dee94e1127dc805,0.36448425,0,0,0
0431fef427b0ccbc8220cc7d90e03b543fb1e98d,0.24119198,0,0,0
23977d0e561b71060b00060ca4d18cf0791ee77e,0.2197613,0,0,0
2c555d3f34cc96ac8d6f6cca07b69ac79cea57f1,0.36938733,0,0,0
de80253102670072f7a4f7e1fbb64b69cd53dd64,0.33912462,0,0,0
4858db950be1536b0645ac6b183a20196cf01770,0.30711856,0,0,0
10784b87b548683a5fd37819ec490f8272b7c806,0.27082008,0,0,0
0e85b8d81e5d8788c3b29e4979d9dd4c50e57c55,0.34574804,0,0,0
8bcb17d2e99f7dd4bdd81a103dbf839589635c3c,0.18861525,0,0,0
6c2fac139550b0168d254ee4b925ab206ccf359d,0.14558835,0,0,0
040cc81c32c269fdb4a972db04251c4691f5389d,0.30243215,0,0,0
9f6fd35b16cdd19bf5fa3e8abaed17852bc1dbd8,0.20725377,0,0,0
75c6369189b4ae60c08b21178d0798355b8fa281,0.2757891,0,0,0
cd326abd88b3ef686f566e0b1735b53383c627dc,0.3107299,0,0,0
b3f1cc30d4e1d9627ffe73e0394048dad5af651b,0.15421441,0,0,0
c432a075e7c1bca79a63eb2a8f9d9ef5495c0e48,0.4125211,0,0,0
8672c3560a180a36f854458724ab7b40ee8b9d54,0.31029734,0,0,0
8e1b54f21160ccfdac07039b05f6a4050114b965,0.23813032,0,0,0
6a612f3c67cc92929c236c69e70b0131726c6808,0.37067056,0,0,0
cb48137d5ab27db5da09ee3940c2cf93fa47fcc6,0.29504752,0,0,0
f433a99608baf7ce378478ad212754e9a386d5b5,0.3467378,0,0,0
b572ad1e3f956edc958b0142c0e6d296a9d24c6b,0.17918012,0,0,0
628e21fcc75ddf52ff2ad5c67ee7b4840b6357df,0.29090914,0,0,0
00354024c64400dfaba80873e55fa365d45b1f9f,0.3529733,0,0,0
75199a4d3244bf3f97979024ac15a55728cb0860,0.35081,0,0,0
0eca91ae405f281e734337024bf499bc2e90c8dc,0.20096797,0,0,0
5ccf73a33230857f217a8e456301c2a0e59d148b,0.34971523,0,0,0
6aa057ff95f0c14a7fcb562020d71bde571c2e87,0.38035348,0,0,0
9eb1e02873e9b56c55ac6b0bd253d5193de15b9c,0.19349137,0,0,0
3df225721c22a5eb7b7b74e774ffe5a0705965d6,0.35578555,0,0,0
16626a9b8fdecf3fa80876a244ff74dd171b06cd,0.4004144,0,0,0
8856608a047f389a40f6d1f409983de139b35850,0.29207325,0,0,0
18e6a973234edce2e46a5c4fd99ab890e8594b31,0.39260504,0,0,0
7908328f012778568c6da95f7081b8c4b9754009,0.4257861,0,0,0
f283f4c4b6183504135a98a3e0d77eb89f391bcf,0.5244823,1,0,0
e45c8fbc3e119e5044bd0143ba253380ec45ecbf,0.41041854,0,0,0
f4bc7cb026b668257dcd5b083282fc6c2f70f2e9,0.38696897,0,0,0
11dca5f8746e7b7d43cd62635497946d309fcb60,0.16673744,0,0,0
f05518d99227ade0b7928592c28a67ff1f0b3bf3,0.4202642,0,0,0
b383b9c38090f9eae7ccc7bd82052141a3eeca60,0.37859574,0,0,0
f2e00c0453b286f77872b716acfc3ed75467b159,0.26493195,0,0,0
37daf894acfcb89582e701a36e1695f772fee3a4,0.2778604,0,0,0
e176d65e03aee3135bf91691c0a43f0ef7f24b02,0.32708567,0,0,0
c510b94ad8905d4346980c68af1dec143c0f4813,0.30548668,0,0,0
21d75a867ed4659b6796406ea26510f683f3ee42,0.32067844,0,0,0
63bee061f37d09d409aa02d4de122fdd94b538bd,0.24537165,0,0,0
c5dc98d98d8b1d06585b9e23e04418532a6cb3d8,0.27913937,0,0,0
b7df9811bf66d7f8ae855a82572fc8472b206c5b,0.48574638,0,0,0
99facd0219053f660c43b318b0966de40354d76d,0.37165147,0,0,0
155eac83dbf06ca184a49e35577aca1c0f295299,0.39932075,0,0,0
35a456bb612cdf33cf84a92098ce58ee9a298137,0.17450619,0,0,0
b53521ba1a104bb725b63f5d11c551447b78ea59,0.49255145,0,0,0
d7f3d4f5c6a163f18af993fff9d8e52a2f384aea,0.15474267,0,0,0
6fac1ecfdbc6d088498b1e7a5556c7041c86bbed,0.24561699,0,0,0
c50607e7c834422c7fd926a345b1badebd1a2675,0.3624826,0,0,0
a78ebb040a841a14fa0ab8260977f9d2b92623a9,0.37916285,0,0,0
8e4a56526f342b5ebaf36ea2003a614ddb7e4059,0.34653518,0,0,0
bc4cd88aa7d8343dbb031c65d141f4b021a95d0a,0.37753683,0,0,0
bba1b111e213523054d467c3fe477d0722437a2d,0.3679906,0,0,0
e5707c51408626d40bc07c70e337494386343feb,0.33836782,0,0,0
76c80ad2819c85f71977e584bd1bfb3704ae6fa1,0.2639046,0,0,0
3118343d4ed0c932838acb0f733cf67435653b79,0.1072034,0,0,0
ff6400238181b6d4ceda00c1eec79da6877bb171,0.43658122,0,0,0
d815c27f7652dce234403fd95b55278a0423b5b6,0.30079007,0,0,0
5dd2debd744ac8d57570e05070ad742bd9c82af2,0.40930068,0,0,0
0c3e4e0d3f697fa4113555f440a342e1aecb88ef,0.15247649,0,0,0
eda95607e97ee903c627460456986be9024fb384,0.024653535,0,0,0
6fdbd4f12282791d95d636d427e65b383f46febd,0.036643013,0,0,0
d6819f7cc25aa649682215eeab9d7040b5438560,0.38746813,0,0,0
bc7a3969c039f179d5a73c8aff19cfe19d511503,0.08097896,0,0,0
c2efa4a80ff5bdc422999e3cba6843935aded1a0,0.2730431,0,0,0
af598460ac9990c2a02823b3cfbdaf9f5429ad5e,0.044681087,0,0,0
16c46bdb4330287fa64cbb2b71014c76852e5c8b,0.4348171,0,0,0
749e5b3918721a1143905e1482916d8674128a5e,0.1053387,0,0,0
04e3fe1d2cfd176784f164413010d87a01f1e5c2,0.15434392,0,0,0
91fa2dae7647558bc68ded9c3e7eb5a1c1846404,0.37587136,0,0,0
d49d45eba50fae24715a78df93bf5d951c82c6ac,0.035831787,0,0,0
f36ff599a7670c025010ed7d86ea0fbda7e26bee,0.07202,0,0,0
ebd133cf778dbee92a1fd175443253ba2bebadf3,0.15418978,0,0,0
8d719d4ea9dd0996de476e2c4a9728b1f367fe2b,0.2626309,0,0,0
6880e8030b8d26438500842959756b441271ed48,0.14510576,0,0,0
578127901a96327d398a42ee524d9dedcea64dff,0.33055556,0,0,0
4060b8ee3347833490dbb2c065f14c1bd592b527,0.1437531,0,0,0
de62c65578ee43d0f038db757b18954b54c49dbc,0.16678528,0,0,0
11a7aff1b5c38a9cdf056714a20c8c7478925c08,0.35120454,0,0,0
88a02cecca5cde95090603e19624c285e484c23f,0.037496116,0,0,0
3bddc5c5321e492835413bf4e8c9b3caafe4fb68,0.23236308,0,0,0
3d64f608ecf0153c2080374810711428d689cded,0.063232146,0,0,0
fa10cfda08c3e12c5c187c1880f52f89284eb0e6,0.28522846,0,0,0
15e3ba0f7bbf0adec8ca93d6acaf5f488582c949,0.3041472,0,0,0
168a1dfebdd4a10ba593311856d3addcb32696ff,0.42171508,0,0,0
0a2a72eaf5832da87b80fa41008e0b28182d928b,0.39073527,0,1,0
7c3390d0a7cf72afe3ffb3e3748f993e85cce48b,0.043308802,0,0,0
89109b855537050f5b9d125a88d26ca2c1d12f78,0.10093268,0,0,0
27b015e5dfdb67f8530e7c110d36aa55d0e42cb1,0.42505738,0,0,0
c72f418ec98b259673c695ed60fa7290708a1d55,0.03224772,0,0,0
b61eeaf0529f070ba19db904821b517a9e5528dc,0.40966624,0,0,0
3b44781f9514988a31e2748416b1cb7015e2767a,0.4526781,0,0,0
ecd3c598b98212cbd47cd415819b62614496839e,0.25347084,0,0,0
163624a9596298bf80bb41360fcd246a886a0688,0.38806656,0,0,0
4ebfabb194c88fa10db51d6f2db6282a357ae15d,0.28273246,0,0,0
c485f5bed92b784a4dd915c6fe5d7b95a9990618,0.4729662,0,0,0
390a4358394c91b08ac7903d69689a62cc8c0fc8,0.07955381,0,0,0
dbe962a24475a2d288e1e1ff681c21ccd05b5cbc,0.07294063,0,0,0
6ee55e92440c2eb8a25bffce9fe0b18e1d49b67c,0.35850537,0,0,0
08fb5dd3465bf636093b056b059c8ce2deda42df,0.12015131,0,0,0
c0aa76eb16031973f3e897ea535a0b38bfb7f11f,0.39717343,0,0,0
7a5d7677e6ae10318907876c58727d68bdd72bac,0.1455996,0,0,0
7a56d2484badfbceff130dab0c128f1a581827c0,0.20196888,0,0,0
d555d56324cfa620bba111242931fbb7337bfe4e,0.19962463,0,0,0
1500916bf165064d370c3583a19350010a88e2a1,0.43052176,0,0,0
99894b82ae77290ff43d84eeffe638c3ed55d2d9,0.047912426,0,0,0
170b62aeae48d2cff474edf0b275b0f2bb3a5f88,0.449291,0,0,0
b26691806891840645059fa5e3a6c86f167f32cb,0.44724092,0,0,0
460f9f5b0f30b4ddd5d568ea4c381779e9dcf6f3,0.04421109,0,0,0
bebc7a8a524e19739f6128437bab06212a35e75b,0.46178755,0,0,0
18c6426d1fbb60f0a52a5a7a021690f62d821955,0.32845598,0,0,0
683d902dc66c21b2353292880a00e0e149e548d4,0.4439971,0,0,0
31af406eb992beebcb8c0f6908df8031ef179aeb,0.39016846,0,0,0
2303e85c5ba9e2aaa72b0e3ea88d589e312df104,0.36982095,0,0,0
1d5ce0051975f0aca46258ba1efe714768589b2d,0.2750769,0,0,0
e3496145d2ee1d147bcf2af176b99c0ad12d43b9,0.20616826,0,0,0
0ae4ec44259ea0e3feec3e76671420438547fdae,0.17707694,0,0,0
bf1165fac897d7d51fd6645a0eb8dfdd4eb4165c,0.15538587,0,0,0
6dc22695d51eb464df4bb27765b1af18ca757b9e,0.19355947,0,0,0
f028a548b933c73c85c1f15a4900fe93fc1c4908,0.36631426,0,0,0
546a1c7d5d40f45e7ce2331255c1763a5b04579e,0.27406034,0,0,0
e66d8cd80c0fd29925050aec9ff96095617dd076,0.026785078,0,0,0
73db5970c0248433d25be914308f76b03fdef175,0.43571037,0,0,0
3dada3ae68d58491197deb8a3c1cc3f5504a48f8,0.38594675,0,0,0
791e14cb9c8ac13fe4506470f2b8921c3cc542da,0.15839802,0,0,0
5578e731d97d974902d923da646650228a2a1446,0.37057975,0,0,0
b1e2ae4c902691bbce02a90b76c4bee1c6e58455,0.391248,0,0,0
db7540e045fc07ef39d37163a263615c6e580efe,0.46900225,0,0,0
0a0ebbf02c08e303eacddc45854f8cd6e0e0f9d9,0.42066953,0,0,0
6a8f225173324e4bf593b3ec2bd60015e80d3f08,0.111648604,0,0,0
ccdddfe067274bfa3612d9e866c2f86c2a6c87a7,0.40619206,0,0,0
6e552cf090053ecbb1ab4251528754373d0dd511,0.3946956,0,0,0
c57a14611951a6587f8eaba95b5b6b378997385a,0.42701557,0,0,0
9b4f29d41a71f58e2a0a31d03f1bb8117a9e8d60,0.36521173,0,0,0
e6e6c2d91e0e8b6549b5eda8973e5f3c150a7774,0.03955537,0,0,0
ab40eadf2da890903f4c5d74d0cb6f5459a5f995,0.1270732,0,0,0
7b80edbfe28a488e1bbbe69741ff9f8432a676b8,0.38670802,0,0,0
6e710a1f78a4a733020a4b2d1f07b6fe4c6684f0,0.590824,1,1,2
951b253fc38c09114d0fe273a3758a15c151a8b4,0.53841716,1,1,2
f3539c7eb312b127122084279002d3fd238c9a17,0.5582231,1,1,2
7aa5ba380ef6aea0f2f594873b4c7378adab0f18,0.48178947,0,1,2
def1380280b9be6d166d3938ea4b0254e9b55dc9,0.514535,1,1,2
cc06ae9bf7a1fb6cee46c40d2a6388ac05d3f5d1,0.50535214,1,1,2
7972f1ac1b85a5174c9f293ad98abc87edfe42e6,0.4795098,0,1,2
bd1c4ff86fa21358949e925274f5b8146f5d02cd,0.4909895,0,1,2
be2aa80bc371d600ab2230c545051ea6454577f5,0.34982923,0,1,2
68b033741b02c3ae54d649e858790732bc5c2d27,0.4672191,0,1,2
4f5d25205a9cec988de300a452d641a155406b79,0.54925084,1,1,2
d1e97bc85338c563f4f732bcf917a08b3cbf4792,0.56198776,1,1,2
d40c01673e866c3c3b5b51bce66e9518924cc31c,0.5085773,1,1,2
5f7d5690a97b2ad95bbe381695638f0c7ca2c4ff,0.595504,1,1,2
8d340a008767c5d954b7539e825b4c90eb15ab9b,0.58336824,1,1,2
84e490b66f61e11366b62efc42e64b60ae7db35b,0.31380388,0,1,2
fc939bf6838f4bf986e0b42fddee3df6712371a5,0.3201252,0,1,2
5c798eb50aec6040f415b6def1912d4345f8310d,0.38857213,0,1,2
d1758567765117cd395ea47319d3acde7fc663b1,0.408974,0,1,2
517b8beb06f63301629f0ec3f58f6b667061d3fd,0.43281963,0,1,2
5c715cd84d600c0df0215846efaece2ab4673546,0.42969424,0,1,2
dff4cea14174548f52d6fcc66c9bfd7a339b7336,0.5187211,1,1,2
02ae34d1d3f3c9f9c25160cb14c119958f25af13,0.46355766,0,1,2
8e0e1c32ff1ed1da4f09fc9917812e6457e6fef7,0.4887622,0,0,2
18c5b2536c114c86b810bb3ee94474fec596a462,0.2685182,0,0,2
c6e4d8c9f534d3e70e79bf718e40724d56186109,0.16785039,0,0,2
5b5ecff53b50a67179f6245bf60047c59f027e26,0.31947175,0,0,2
46dcd98ceb70720f96d4cfa23b001ff108bdaebe,0.44926885,0,0,2
dcbfc80c4a14b91194fc8b74760b079cc0a4ce42,0.44625115,0,0,2
23492711d234f2fa647bac46997e361bcf985423,0.29655883,0,0,2
f10279a29d47d389a31da907695673a992555adc,0.2862403,0,0,2
8d5925b52b48b4c69934ea5c48aa298a2ec74e84,0.09649513,0,0,2
a30aafa016409048747fe9730d6f7892eb12d7c5,0.54125947,1,0,2
a3611513fc4de7234ef49ae46d646b0795ac7110,0.55487233,1,0,2
d0eb1d1dd1d9aed27c433d78a76962340fcbfc1d,0.43680277,0,0,2
1ae9dfaf45e0a51ee7d604551f7e1932d1787975,0.5031396,1,0,2
1c2d56e8a91b0f64317a9e02cfd4b45b03d3019d,0.06731583,0,0,2
2cd92aa6e3f44df6b0552a28b83022a7f92f8946,0.44268042,0,0,2
79ad715f02e02af76da0c6e47c164a80768a01ab,0.40835342,0,0,2
e5b948a1687270192753993c998d61c7a91faf49,0.1504467,0,0,2
b81a48d78dd9be1c3eae57cece4c88df92c30247,0.41509438,0,0,2
0b873b95a840f8cfdb51f4ceea3b524d46d20715,0.22154368,0,0,2
e350a38760c93e373562d6a3e906df5904250146,0.3730707,0,0,2
660431cf4f7e2bda887a0e35ad3a76bdccc14110,0.3935855,0,0,2
f65e9aa63f8f266023a986507834585a9580c555,0.34591272,0,0,2
535cbcd9f20b29b3c5a5d69f654cde57969b3788,0.25107732,0,0,2
2d650f890ff1409f2944bc56cdc4b518b35e06f5,0.16493067,0,0,2
1c4f7bde1c8f7d8c0e09484daa626fa4f40e38e6,0.16138208,0,0,2
b9a22fb6f6f460287993d3cf087ae5ff036a6c21,0.45582056,0,0,2
14d6a09601b68f60e6b18142b597a6890e5d581b,0.40514114,0,0,2
54fdc54dd24c9ece2bfc32ca12e88545ec923a96,0.31656212,0,0,2
0ff7c091143e8326eb88dabce078ca76778a587b,0.1342186,0,0,2
32ed6601f216dd1300876719cce837bfa9824e26,0.128669,0,0,2
7df11e15457e8d8bf4e5730d20ec2412c429e091,0.16749774,0,0,2
15f7f84678a24533e42f2fde230c5f68d1b33035,0.4326041,0,0,2
2499f70cabfc8d17f2c6de124a81fc0940a70fa9,0.08759303,0,0,2
6526a5e83c1fb9644da34e44fdc5a3bb8a357c84,0.19951056,0,0,2
5904d90ade8663f5552b51036740352a9b796892,0.12462831,0,0,2
fdb75911387f77912c37dcee0af4a2f2e0977f3c,0.58612263,1,1,2
538a97b115ba4ea44c57898ac7c4fbb77fe0e9b7,0.41286227,0,1,2
fa0478f4f6fb724233dc3e00a9f8dc557ce7cdbf,0.505873,1,1,2
ec81d7ca5100fd97fe8428db02a2cdde967ac87d,0.3564787,0,1,2
81c40b9820625d3f529b116baf6b4a3d45dd2f75,0.465009,0,1,2
2b085ae34295d5ae1d7eaea5a55a2df220bf1bed,0.25593457,0,1,2
d6a354e203e4901d3eb6a36b3aba620fdb222da7,0.34023336,0,1,2
37787b96ab21fc226ff267aa26ae58a58b2d20f8,0.4776029,0,1,2
f2f704eabee027175b0c1eaf934c08e7721a9b24,0.5288787,1,1,2
e1fc87d2d57c2d7ee941e651f33b582fb000dd73,0.5192175,1,1,2
fa8f024d082998c7ae48b21f3eb6f8f2ca56a719,0.47714868,0,1,2
6bce493e47fdac9e64a9ae1cb3c358f31975a43a,0.5302909,1,1,2
9daac904cbc627e4a43e72f72159c552b25caf74,0.5165486,1,1,2
658d5a97c708a926b0425585f9437a0c1fc2b81c,0.47102147,0,1,2
db695fe90b181948f271e4970ec83d4de9348577,0.60654086,1,1,2
9c06ff87decab7357d44d8766f6a277ff887d921,0.5359791,1,1,2
198d448ceab2bc061d18a1a689056bd2b96b76c5,0.4610015,0,1,2
46b15af8c5fbfb026be350ae16eca89fcdc87aac,0.48016515,0,1,2
b7e86cdd772cc47a031d187b79d075af8155c2e0,0.5398389,1,1,2
198e589e62f687a91d4c27057ebad918e9f9bf3f,0.4841222,0,1,2
fa510146c09a498e25e590ef5cc558074337fc4f,0.53937304,1,1,2
badca06dd1c70207215c7186a31955901b637661,0.43938154,0,1,2
91ac1574aae31a29baf883d2cf45e4e1f5aa9bbf,0.47457927,0,1,2
82ca28e2ec8fe9771f01b5aab3386311ecab80df,0.370773,0,1,2
9f8120beb6b351608652002e057f97f8f6c0dfc3,0.61253214,1,1,2
c66b23747627a2b432e0068561d457cab9f97ead,0.43565243,0,1,2
a6a5e3033d424468cbd3a6af051aabf3b5bd4d00,0.47279426,0,1,2
2902a9a3c07e881dd7aeae0a55189facfab1966c,0.5918503,1,1,2
fe487b3336f8279d8b74eff05c5ebfe6e01281f0,0.34189162,0,1,2
3076802a78f14eb1b4f23831d5a1ccec79b26554,0.40452105,0,1,2
5063d256221e7fe8a8c433401bea988d7ccb0a35,0.50030535,1,1,2
a6b9ca3f71d44dbe2562e13d63e4b30fcaccdf50,0.49391627,0,1,2
81fec3193ad12a0f78eb021c4a1548484595860b,0.47789147,0,1,2
902a680951f318488a4bbe0184a3a223c5709b01,0.5481555,1,1,2
b84f786db6d85cbf9973adfccdf135cb71824b87,0.4465779,0,1,2
a2b5c7a9aa0b5f617502bf6003d43913d507a11f,0.5354964,1,1,2
571725cb7bcf091b5457f1e2a857aa51e8a70f7e,0.49931443,0,1,2
10118c9c1b00d31868d6ab43e8171e3c16efdcfc,0.39115945,0,1,2
ee94e6d82370b6b6086cae2693dc2fe31388fb64,0.40395784,0,1,2
dc58a824466ed492fc6d5ab11960eb86584eff26,0.56466365,1,1,2
56c04300e8f05bdaccc2ec60fc751c09d86b7b68,0.3333115,0,0,2
03542311e2a461f0324ec700e98e78b5540bcff8,0.025686525,0,0,2
4746531428aaf9e3ae7d505b5a203350d138ea41,0.3502906,0,0,2
05b14fd01e43ab8a385bcfb53102a270ef2d9375,0.019188032,0,0,2
77868bf772a03d61701bc0d32dfafea63a0382c2,0.15760964,0,0,2
83fcd3e1e220b9f3aacc63aeb4da0a898684dd0b,0.041657247,0,0,2
dcde20001063fc25f622e4b1c7775f735a7255f0,0.104108095,0,0,2
82bd5be8735c01a767fc3ebc3eb92369ac68302d,0.46185684,0,0,2
e1188f368087ba4bcfada44d645e4f8661d7f9b2,0.59114176,1,0,2
2c03505da053d07cd3f729692738912bdfc2a5b7,0.040849093,0,0,2
3fd058c02a1f8881110409be33ad56d3af6386f6,0.4124187,0,0,2
bb3ddfe426cf4ff5390f742d35bdba02a4ce7624,0.05538709,0,0,2
09b1a632c17b34650d2bcf748be14690c9882e52,0.17820978,0,0,2
539e1ee1d68c27defd0aaad09a1a0b68e059de96,0.1658503,0,0,2
da69323b29fe8e373364b9399bc67523dcf2af62,0.27219185,0,0,2
c1ad21bf966d01dc5cceca82f102c0f7843d5617,0.024405155,0,0,2
efa756288e712849c78c4230df05c2d1abeba91e,0.31853753,0,0,2
2f757454dc41f4d130234aea68b348da4f12a0fa,0.034206286,0,0,2
24b5e00be753889e4907473ce57271acb290cb67,0.36657792,0,0,2
7f293a06a0b7ec9b554d51f150991efa9b7dd54e,0.039216463,0,0,2
95a524ea06e546330ec3d95b9c139b7edc599b86,0.026706005,0,0,2
314dfa80d4e815ba3c689cd3ad0d508209665bf6,0.033820983,0,0,2
c07d659cf8f7b16452472da6052a1de326bcb6a4,0.03280995,0,0,2
545536e34f180edd32fbb21b0a5613e6407f0980,0.026576646,0,0,2
225afb8bad88c9bbb70b24d9ac3c28fb21f39465,0.07940574,0,0,2
041e9565ab8b187ad0b88780a5fc0a5ea24f29a1,0.04961132,0,0,2
c4828bfd09ea8c579fa8840cd77733c64b8ebb39,0.4267269,0,0,2
dcaacf4cae54fe199055830f097d4ed504b3238c,0.043488443,0,0,2
6f22f4b49c2a3a59840d28e6cbe0c37a56ab1f90,0.34330645,0,0,2
41fefde64401d2173ff019a896c4dd72b4fa5636,0.46662483,0,0,2
080e96a6cdea2f5fe8727b8249044b89bc54395d,0.06973039,0,0,2
497147e3e6ba0a50c32817e14985ca5bf1041f9d,0.028847191,0,0,2
40708bdf04dae6aa49bf8f3617f2efc16c83c5f8,0.4145259,0,0,2
84ad767a87c69a265e9105c51efdd87ee57b8635,0.5793182,1,0,2
f0e8d41fc8cc746ba9b66b72646db6bd8b25c6fc,0.048141412,0,0,2
df5930892d9c6eda392b96bdae2e7afd342f7866,0.15518215,0,0,2
0cdcb1fd8df9e9185cd3abb128d927d25d7de8b5,0.07917086,0,0,2
cf15c51722dd4b406876dce1ccd52eea787d84b7,0.0383389,0,0,2
b691f81b482175665b45cabc056e58ab0df03ff8,0.36246818,0,0,2
fc8ef4d22c95b13b907ed14b19cea8ff5fd1e653,0.41393393,0,0,2
8054f746bbd6191f5a297cf6f7f26f9fefaba307,0.044060487,0,0,2
fa21d6f7e70f057c42d4af9c40ed47d3d841e5b6,0.06769621,0,0,2
bac647543497f0aa2a9f92fe726e1eb18631b4cc,0.05006735,0,0,2
cc6ace18900eb92606b6a312cb1ac5c4ab5f435e,0.5277355,1,0,2
c947676916c99f2feb5e183aef9629a1b21d863f,0.3793317,0,0,2
1f3dd9ff8a4f8302eb4c0bf4072d2bb7d8aeddd9,0.36541867,0,0,2
ca7f64f016d8354aecd38ef73405e1b3267ca791,0.3307637,0,0,2
06005610265c342b52051b997a43ad6e963c5a0f,0.16542721,0,0,2
4a8068579ea5bf1e637f8bed09a203508abde315,0.3848322,0,0,2
30c217ec400b9175e9490807748ec3e48fe2ba22,0.4520136,0,0,2
d80acb29c04a8e92a3ddbc539b0be8a521098870,0.33793604,0,0,2
e43138b0b5f0912cb358c0e73eb6247b273eba75,0.36118463,0,0,2
1b84f2ee7a41e8ab12faa73130187763ee5858ea,0.3317191,0,0,2
4b5ef21ed6104befc80e1dd501f964e7ca6f1ce6,0.37745473,0,0,2
c6c1971ca1fb5054a0847b0884488165606bd703,0.4123558,0,0,2
68e0a9c71443738b1842e99925d37bf545f5a151,0.04905128,0,0,2
7ebc8107a22038c06c0b0ff095f9f73d854e1422,0.17732303,0,0,2
9003b5b5aa4465e84c934819f45c1ab4365dc51c,0.03308113,0,0,2
4b8647bf6ce2b478e6bc90d0158ce81939a14378,0.3477099,0,0,2
2d1614a2077eab0b981d4a0c4c6e10a7ecda71cf,0.24048455,0,0,2
3631295c437c5b8915afc7b2b259496eb2d5d782,0.061627593,0,0,2
b12610d35e7798c66fc1d9b0811d10aadb87569d,0.43668327,0,0,2
f3a785108f853e327001dcd435e92525d7fba96c,0.048632756,0,0,2
881a4ee8db1e1826b749579d2284ace982c953ca,0.38126224,0,0,2
e91d0f0510ee8d69c76ee89b4e57341418866c6b,0.04474993,0,0,2
8f7c59ce888a687a6c9089caf0c5469984a073b4,0.029517509,0,0,2
3c644cf87ec8c0e6313b3a10b6cfd66279b8093f,0.03437028,0,0,2
fb7e1e265dd9e560b3a3127a6593b6602f60026c,0.21172352,0,0,2
1c9c43c1d4bb76d7e47cdfc9c6681a38305a95e4,0.31894207,0,0,2
18f181ada7826542725fa4a9460307d606695b5d,0.054317743,0,0,2
bb7e8951cb6ef08ca9df5fc036217c3a45c4d33c,0.038788307,0,0,2
e280c8636792c5426e54868d464c9d28287a98fb,0.06202472,0,0,2
54a7796ff234a9cbd2c66f8b1e5621f0898402f1,0.2000538,0,0,2
8e5867eda8328e4cb2e103d098d0c9f3c2fab50e,0.05381053,0,0,2
e42da5d9d21438c220768464b6a1f5b36bad92a5,0.19407715,0,0,2
c823ac5673e9da094a3b24b99987a533c548dac4,0.30866387,0,0,2
7573e9eec065ac1ccc2134aa751a191da3ca3dff,0.027875734,0,0,2
1cdc902f3d7cf877b4db7a31f19eb1dfd2fade3e,0.043911144,0,0,2
e9ea52189a92f7e2ab051e4d75c4e0c872034b18,0.04245375,0,0,2
ab0a2f761f4529daa0a1e7128ffb8ae417a0104d,0.07295415,0,0,2
7ebbaea90e8002f5542e22bbe92075ffb5383d2a,0.45938686,0,0,2
721730b00b1dc2ea616a3e7958e4ad15134de975,0.03553169,0,0,2
05aae985d9d0e26cf278cdd6f69672ebe3f8ed92,0.42739117,0,0,2
f7222ca6c3b6c1018a52fd649029394e6608f1db,0.028189646,0,0,2
b285f17023da248bdcb3093283e4b9e930bdd09c,0.20736453,0,0,2
af858a6ca224946195b1923a780678b20cb99603,0.42049837,0,0,2
fa027a4685bacd9e32b3bc7d875717b4457f6829,0.2712855,0,0,2
edf56632b8a5413f5e0adfe2d1b65e595b88a1d0,0.39887753,0,0,2
58693fbcb3236a9adb0f47088d88ee3ef7178cb4,0.27732927,0,0,2
91291520cfd5f6c2c91fc242018860c5d1d277e4,0.03408173,0,0,2
7bbba6995a12412cd7cbe1ca693057c5299ab4cb,0.039929308,0,0,2
ea030e732e3556a2a4fa51bcaabc080927ddfa48,0.05479925,0,0,2
310008f48c0a830138d35b3024106560d55b6bd2,0.37111562,0,0,2
ca22dac3f852c7290f60c3c3a5d66fbecfba91f4,0.04572554,0,0,2
bcba29320f5f6f860335266d6be8249418ceaedb,0.039604366,0,0,2
9dc30fddc109504fc80fb62e33554d54cca47faf,0.046389848,0,0,2
764f56955d499fae11db1aed6e7f0d2d0886e6f9,0.07791826,0,0,2
2933e5773b1d64a9348024b2a6e8dc6dc90e6590,0.18398872,0,0,2
0fa8bcc008b6a011d6fe41e64ea4379d0b57f20b,0.030787071,0,0,2
7897aa6a83a5e63da487e72c2735fb042259f6e4,0.091768175,0,0,2
3b501993588d27d91ad526a436e3a10ecc8d6e8b,0.031765554,0,0,2
b353d07bcca9fb62ac387d69d3e99004e27f14c0,0.056359746,0,0,2
6b43922648fe2dfcb4cb1aaaf5d795f00a6aa174,0.0637058,0,0,2
b268dfbb824ef307862e489aef7e71bba4cdcac5,0.050754093,0,0,2
b957ee1646d893fd946a8b9a53c779957ae7a240,0.039118957,0,0,2
996c0c164a083c3dc2fbf2768750e3b3a81d77e0,0.5179379,1,0,2
12ddf37f23cd77903729b3e611ffae10e96ded47,0.22788316,0,0,2
7e6304ce63da6c6341cb072abfd08caf0456328e,0.023288654,0,0,2
b9b73fbef5c0f18aaef22ef60442518d7f23ec83,0.35461825,0,0,2
675d4c8fc848ec5438e48deb2e8218b6f0078814,0.22705336,0,0,2
dc666f419e691e6a04342bdd9cf2e899455a8738,0.06568819,0,0,2
9bab875f03ffea0aacd1d92fbbecc96d491c1201,0.35047913,0,0,2
8d3d915dbd0ccf716f0d15b6b2396cff214d9cd3,0.13070135,0,0,2
326beb22c6aa872cbc0ad3706cfbe706bf9eab41,0.023314975,0,0,2
ad882055edb50369bd174ae56a372838aa89cdae,0.40486413,0,0,2
a7363a2ae67b585790896de45f57154474480fc9,0.093396045,0,0,2
2bc9e7ea86a8cc1c3b2436c46115c87080228004,0.03620688,0,0,2
76f154179b8dc6940355d7fe7db468314ca39e84,0.5232366,1,0,2
4080feff61e8dc1cd4af2361990c33c9f1014147,0.04094912,0,0,2
97accb47de63ee5063eda23641c6017e29ab81d7,0.490313,0,0,2
cde43197f980538e411d851735ac7a63ddd613e1,0.21054475,0,0,2
0dec6e76fb544fa3e8bf5fd17f16314735971dd7,0.033673983,0,0,2
f820d06fc0d1204b0cb386214ffeb42ccec669ec,0.054817937,0,0,2
566c4d59a177be4b65d17540576eeb34d28d24ce,0.4000131,0,0,2
a516976947341e0e18bcc0858d85d34cd0c02cdb,0.046565775,0,0,2
7200c43dea3dbfbd9d38b937c44b6e71744b05c5,0.053887263,0,0,2
596ccd59a11ad5e9fda19ccd0f4fc714d8d3394d,0.05439912,0,0,2
301ad592142079d36f4d33f5309c103c7f4f5dfb,0.0696305,0,0,2
f8a8ea748a0b3015490ccecec7b97f0ab2daf9c4,0.21821612,0,0,2
8aec465b44dedb7deacf80111ea5286914093094,0.20994353,0,0,2
34f3f4196084768b2ef6b3db4608d8eccec50364,0.05200696,0,0,2
c53f2106109153eda10c47a6960a5a579d1530b8,0.40785635,0,0,2
17f52a2e559e68d5c6ccc98fcebb5523161fd0ed,0.24789195,0,0,2
fd7a4362caf2cd69368a38f2f71ffe19706e341c,0.22349101,0,0,2
753f278d10fc0c92e912965379401ac182644101,0.3394838,0,0,2
491786ce4182daa57ea61deaf701f756f57f6f1e,0.024272833,0,0,2
de73ad3115c19d5f0771754d233d74055a2a10bc,0.37282574,0,0,2
d5f586bd4e1a20fc09a33aaa5c2b9320f4a2aa72,0.499381,0,0,2
8d4fd1dabbae4d7ebc2b273af9275ef8bd0e1ce1,0.45747244,0,0,2
6e5eedb3fcebc5894c41733bd26c8b4d9197873b,0.1936923,0,0,2
3b7d0b95466139a147fc504b7c18897dcc826c65,0.36486313,0,0,2
6a82f92584b36e28798479c82c0d3263c6347b90,0.4952989,0,0,2
b8e9475505fee98aae2819c03a33c7aa3db843d3,0.0332587,0,0,2
a14acdf6395f588dda7597bb4c7810dacaa503d2,0.0819423,0,0,2
85a20aad64be04127106f492e26f6ad6d6c228c8,0.44455236,0,0,2
1325e114108136eea3fe77a4a270a2da7eff98e2,0.41692713,0,0,2
bae46709ecb13f80aaad0d279b3618ab83d09275,0.020584874,0,0,2
dc5f850d1d9b0b952b7f0dabd6778cf0f7675cba,0.040347416,0,0,2
b4abfb93676fb0abbab1d9bac40ba2714a3872f5,0.02585475,0,0,2
9a9e7268162f9fed146c74a8acbd234d9bc2ed84,0.020117458,0,0,2
b262c2359c9ed53dae3ce2ce7a0092273f4eec65,0.36796317,0,0,2
c30b59103b6f1390b0040ee74b985248e8b1b849,0.3941622,0,0,2
0f36265123605cac6af05b7b8c8f4036b58f4da4,0.06510375,0,0,2
cb177b56b7664ab323558545737646896f4d7e70,0.029200183,0,0,2
15bdcc3be2b84f68ddcd822da52ef045ed89e57b,0.17375892,0,0,2
6a8ba1fecb47e5ffd5387654d0cdb7c372ccdc9d,0.39740723,0,0,2
75efbfd6b21ab36fdbc440bc001c133f824bdc3e,0.06879893,0,0,2
f7e42d2ccf949a5893a439227c8c6bafd2598f26,0.1423626,0,0,2
c7fcb448c99ae5fe9db9b217bea1233df3ee6e57,0.28147683,0,0,2
d0721feadc1e0cae6efa3e0d82f523debc5b8d97,0.46726617,0,0,2
5f47ad718e0ffcbbe6cd2f8d32b2e345c4af3a48,0.17011598,0,0,2
745d383af12137ccbcbe1f3cb4c9db73f87a66ca,0.26744178,0,0,2
d746a54c2ee50711283bb49e557f58ca491e1bac,0.40870538,0,0,2
a56d4998cf16ff08f5593fb7d4dda66ca05dc269,0.033591226,0,0,2
03e65c98da2a0b2e27b14713543c2a61d56b1237,0.31836897,0,0,2
0d3545e5f68d024cd4a05724a15746d8dad986d2,0.031670917,0,0,2
6b1b592887d9ce95fb5af1e216bff56b18c7902c,0.26016495,0,0,2
ccd0fd51a5712ef1d85110eb61130c906fe4db13,0.17508753,0,0,2
d98897b11e6f4adf1d0a91591b1bb6be501cd29e,0.15487705,0,0,2
4e08e17ec536038c9c0dd888f77b912cae82816c,0.03928923,0,0,2
86eb3a2fa74988e4ccf3aae7f4b77edb84555320,0.05618383,0,0,2
45df5da2640f8f097915b8a2a0249ef0f6cf514e,0.4785609,0,0,2
76b7413d2b1eb2dc22f05de5b76f9519be5142e0,0.09429714,0,0,2
bfb3cf8bba6aab198c4644e236bbc9f3807111d0,0.036084935,0,0,2
093e3bb2e3cd9992f3f0d14373d406bb9b2ed36e,0.17997207,0,0,2
c440f668aca99266b5379235f6d99d378630c938,0.3314648,0,0,2
a1c5a582760c7f65572d0883fbcedc843332d7eb,0.034797993,0,0,2
0a499402d707bc8cf775d7f9b3840780a7401f7d,0.03616312,0,0,2
8e4e5221515f820108f48396a18ceaed73de8dc1,0.04052216,0,0,2
3a4e18ddf151a624eb5c3596ce8400ca4679ef97,0.035136018,0,0,2
8ed40d530295d819e0ca964b2d4542f6ca6a9929,0.039028417,0,0,2
a6abb8b00355db97486ab5023305c3f4e9e19ad3,0.35808733,0,0,2
b494caa01985c623601735f1bc10871cfb8aa048,0.037285786,0,0,2
5597ed7ea300ae3d08cd893b0133bce26038a7df,0.041855175,0,0,2
002276ea313fd880122502e9840b43f996acd537,0.1634679,0,0,2
bd5afc0b5a977c168cf046e3244477b48fa72c5d,0.06321136,0,0,2
b313ae68888445f4c08521bbc8d19f39310c6890,0.02860968,0,0,2
a675ca7802065f459a96bdbd593d8dc491180cbf,0.03751795,0,0,2
8be87e032a8c05622148357f30bdca3c614a669f,0.39778623,0,0,2
96eb80efe1da48f37846aa899260aa0c84b15944,0.14249052,0,0,2
75c2b24c681e314c4e4e07243b31430ba4e42723,0.36418977,0,0,2
276e22858cdd56f5725e0c2f7a3522df99967973,0.33839834,0,0,2
471e6b078a7891aea99b77f200e828a7b1c9bc00,0.3749196,0,0,2
6d7ee38ceed6b496d70502e276f80be6de618014,0.4946427,0,0,2
5cfd99f0dcd0d10689e480f0854e859079f125d0,0.24670072,0,0,2
ed6c47dd9ebbb2e38fb3e17a2b961f0fcf0e6df3,0.15939134,0,0,2
1fe7a43505aa9d00bd9dde45aee77935a5147561,0.3456145,0,0,2
387880a630c65b955a3329a2f7b987214c41f6da,0.3929423,0,0,2
cf4416a84203ff9d360d4398da3b166e6d0c72b9,0.5065674,1,0,2
a7fe613853516f0abde34821996a0424882bb919,0.3817662,0,0,2
7a8a7783315917b56b6a71c4f28cec4ed1d91a7f,0.03654939,0,0,2
9c545d44a4a703c88d417a6fa43298a80ee67735,0.41751394,0,0,2
4f73871cf40b6dd05c8872d39246c67f798ed915,0.26485667,0,0,2
41f297809965523fcd021bef20b304b3584d9b4f,0.042593088,0,0,2
03178c8b15f1b522b98ded0f83cfb0e79f5ec4d3,0.28850585,0,0,2
f70741c9b216d3836d047c542847920d4778cf9d,0.30751455,0,0,2
5ca0a1c3564d35293a5ecf03e5f32e6f0f6f445c,0.23623882,0,0,2
4c4b3e2e32ddae35e4c1a6ffce1cd2b2eafa958b,0.05701951,0,0,2
72a46babeb0da02071e47425ebd55da915b98178,0.3831922,0,0,2
9c51e5316babbd370bc32aed0fee134216726ec9,0.2670779,0,0,2
392323e2d44bacdac605c1a4f037f06e21dcc239,0.18030235,0,0,2
10dc13c80752b0489d291b54440212ca54c59fee,0.5942319,1,0,2
7b9df59a96adfce979c8c564dc5eaa6a29b7f25f,0.04484256,0,0,2
818533e92bfb1c142ae4ce5be18ab92d1ae17025,0.042578895,0,0,2
47fa07eade06908ded4206651571e71a2fe684a6,0.038870934,0,0,2
46e97d9e04591e8198ff38bd2949fd5514da0d3e,0.034619518,0,0,2
08cc26e70bf145aca293d55fce12aef835263f53,0.37151122,0,0,2
6c21bdb4a107b49e57c9e5d6598d13ce6f85fc5d,0.46475065,0,0,2
18a027b1f04e420c18ae57aebe8fd031b5ff251c,0.4154092,0,0,2
82b84c0fe9054198099752a66575cec0c47524c8,0.40094545,0,0,2
b10b90b0a3947bea98e3646e7d29f853f3b5c6f7,0.33703068,0,0,2
8c141a1705808491f16a27b53e1ff0db0a2807fd,0.49139887,0,0,2
40f969bc9e162deead55967da3c128e2da933dfc,0.4352434,0,0,2
f348d34fb1ef3c968e2981283618aa85db203901,0.43816763,0,0,2
999761ba1bc5da820a1d2527c4aae29d95a7013a,0.29936463,0,0,2
ce131449a4ca0b06c6bb27ee5d8d6d89b1467bbd,0.39099437,0,0,2
924e1e9064f90d958b4f57e9c9c0c543bd19dcfb,0.4005005,0,0,2
f36090e3141cd3cd6fd58f1f46a30af2582559be,0.37946382,0,0,2
6fe2094e30107512e470571bceac91cbedbd21d0,0.43940836,0,0,2
fb0078159d2463da149de54018fca79a9447153e,0.39170256,0,0,2
73351b6adbf403600521505bef288057beb2bdde,0.37267768,0,0,2
079a07fe18f654632b80b274f247775582261e5a,0.3707937,0,0,2
4158323ee456bd412e7357a4a6bc8bf50deb5d9e,0.3529852,0,0,2
2fd6c8fa1e392f985ee860d8ee154a612ddde569,0.3597674,0,0,2
66d0a9a0a00dbb259425f17745f7dddd7e676f71,0.37191468,0,0,2
e14d9ce8e3c57b7352a647c0a8e62eeb88ebfba4,0.33639798,0,0,2
9e0c5ad4b3148f42f3940faf7d67b305e34bef0d,0.36891794,0,0,2
fa1aa44c7623fb2142e588c59eaf56db7bc237eb,0.41306832,0,0,2
8fdda846c4653b6ccd49c47a9586c374bb20a255,0.44753855,0,0,2
a94ff90ab6cd2d92ccb2eb1fd7913b4e5256f02b,0.24825086,0,0,2
268bcd622685b28c2d50bcbce64ac38f7e90390b,0.4558883,0,0,2
09e31a01b51d7418fa0034ecd4cc11848436fc18,0.35160577,0,0,2
487ac1980148522d628e1d2aab50b107c372798b,0.36539632,0,0,2
34646ec9b52192a71e52ffc09cf7fefdd506c48c,0.39652672,0,0,2
7afc1c34fc16ec04f82105f9106b7d1e5232c4d0,0.3384564,0,0,2
00439211981af7b5baed495f526ef8ad76ee7c5b,0.060412508,0,0,2
1d635088f697178660b6e1c9a89d2b7d3bbe2d29,0.44192016,0,0,2
a4a62ed7c1e3c7aae09324f0ad1c6078f0fba471,0.07979174,0,0,2
b3a68ca842841c4b9713462d5f01742cf71a6b4a,0.38023686,0,0,2
2d868410eead061d59de524bada4de9e3d2bb442,0.4450861,0,0,2
813aa11d505b9507b6795d36070806cb2d96e5c2,0.41032302,0,0,2
88b29fa46bcf6f56df4213e1ba7810735a28d755,0.32671192,0,0,2
eca374db08ffbb3dd8de746632fbd74acb8f2c92,0.3583792,0,0,2
2ab17f529d07c1f618ea08d968b2fdf3a382a792,0.42080888,0,0,2
9a87c766bb3137a50656871e5dee5a309543bc7d,0.36419111,0,0,2
9ce4e1a371418e5eacc69227885815f9a4221c65,0.4246815,0,0,2
c7f7da754a911302dcaa6935be6fded84e1ac348,0.52461696,1,0,2
4cbb388ba9099be121f81d75000acc3af93bf993,0.41851795,0,0,2
87497c72460c9c58f829a372d741b386fc2ac8f8,0.028180607,0,0,2
921d0d60d40d8fbda29f14a64e848c70026ea32e,0.42115384,0,0,2
f9e72000a17eb9d524b38a9f2c982c037dd94891,0.032658517,0,0,2
e34f50dd1083fa8ed9fe25fe701b64bd2ea7efc0,0.023341855,0,0,2
581b474f4b194731eb9cb22cdde7330a1ec81c3b,0.049065515,0,0,2
e0d17fed51f5018fc34578699d824c20efc44368,0.03768439,0,0,2
4fc5b3402c58d6a4b317bf23b896ea91d22af6fe,0.30914927,0,0,2
d8e2f892e48423fda73204be3ec239d282e71c65,0.07635833,0,0,2
8d6d088622f8e4ea89e66ccbe097510fb4c932fd,0.033682268,0,0,2
f0943a7242041a16c8f7fca845592e48bb19ac74,0.030779816,0,0,2
d1123894d33922e7c8ca838f9dac9bdceefa3f7a,0.031328972,0,0,2
fb83ba3fdb46537a36832a900f124d4c400f7ed9,0.034932867,0,0,2
e779883b29a67d411493f985de984ffb8088ca05,0.093494624,0,0,2
a71c820baeb91025eaa7f07b172a39500c6f5692,0.30842665,0,0,2
a4eff51bedd73a0ea56afc23b1021187dd03561b,0.05483953,0,0,2
8f6bedeb724fa78583c26423aaece05cfddc04c9,0.05022239,0,0,2
fdc116f0bcda6d1fffbbe505d0687b0406e92fa6,0.06264636,0,0,2
66608db56c41e91ee34fdc1e6157d69b69893fad,0.05782937,0,0,2
5366158572bd88f18df7883ab823ea62b7701d77,0.06787143,0,0,2
2df0a3be66f6fa1067d976d7a05500beff7eda53,0.09964083,0,0,2
e0b2c86c8754312d1e89307fbf84e6efbfa9fe0b,0.040468797,0,0,2
050dfa6f0850174fdf958ce6751d2f06900201f8,0.3888116,0,0,2
7530b4bdceef0ef37af252f0b97978554fb9b99f,0.471655,0,0,2
a6eda3d8eff423ecb4901aa07339364732c02ddf,0.42915347,0,0,2
a5035d0e1cde068320984d789473e1140adefdc0,0.027355688,0,0,2
dff43a0530a6fbd524e3af24795cf6b92142735c,0.32323125,0,0,2
1d5f8faa87a410fdd1141ad82f270ac238293770,0.07543277,0,0,2
82f4ce516c18ef5fb3096f6a90455fce90a5b290,0.03567453,0,0,2
228b49fe2afea3376c4f30f80bdeb70d083a9206,0.041107804,0,0,2
adfa016f3ef7ff262643e0f0a5a54d3ddb7d7e1d,0.042408884,0,0,2
f72b5e65c0c5210cc0be585959ae84fdbc87aced,0.07948827,0,0,2
26d668f6d5a2f202ef7ff6a73ff3cbd7bbdf4b06,0.25534457,0,0,2
808149305ba26224917e29aa0c0089701bd91936,0.051005084,0,0,2
55fd738c86ea1796d5152d818ab4b5060bb11803,0.28426996,0,0,2
7a8dc00b8be18a9271e2d9c2444ba91077ffafa5,0.32417887,0,0,2
34515698878ff0a4641e72486f0ae8a7e30df0d5,0.3272767,0,0,2
96f2b16b3efb93580e6aeaf1da97d9dffd5e260b,0.09736432,0,0,2
b577805347d56f1927615fad311868a3537a9cb6,0.032948337,0,0,2
e366894658914c0f2fb41cac003392b0dfa6e4b7,0.2774076,0,0,2
3411f29e2377788cdaa5a4eeaddc53355f085a78,0.03983482,0,0,2
880b04814c564ea7a1bb8fe97c15b4735c67e8e9,0.18639332,0,0,2
8ef033be5c92a895139b4f910af5a7048f340cc7,0.24788134,0,0,2
350c477161a0d1df94efa02109ae07e6acbc527e,0.064820416,0,0,2
0880a21c56cec1a2442b5123c3845bfc99e83a7f,0.46208805,0,0,2
84143c462986417ccfc5e8c05481e983cf668e2c,0.031096121,0,0,2
f16d5b1722eb55c2d55eb623999f16799b088b98,0.34135324,0,0,2
ac37165ed7a22cbdeccfe348b10245dc83b414b1,0.25061405,0,0,2
d9ae4e2601d4c0744bbc275b6b4f503477b789ea,0.46783087,0,0,2
7c1a59fa7ab58f5f7cdc124ff2667cc501570a4f,0.033677652,0,0,2
93d35c8f291b8953f8460c0eb02a51cc6d6cac22,0.22018291,0,0,2
b77184a2189c8f91100d148354d1fdf38e83d13f,0.029007051,0,0,2
f81e0465460ff9abd450eda836bbb4f9b13837c7,0.058035154,0,0,2
6fc152e4177e0482450b13eb7fe496de677ce5b6,0.4634209,0,0,2
0c9af5f450ce73da9b791051f861cb9a6420e0f1,0.17563447,0,0,2
11409e628b0461be3c268f81642ce36bc4b0bf84,0.43094534,0,0,2
63a9488f2910434851e98a8fc0ec8c053b24083b,0.39711276,0,0,2
d70736425701b66bd64ad3aab3941bb930a18b66,0.15176964,0,0,2
7331773448c1f2e0b24deae4144db0deec85fc07,0.4133246,0,0,2
11a7e62a898e54d66936d1b8b67cb5e62578ba98,0.37613967,0,0,2
0484bdb3f61d309ff62da4df4be92cf139d19f6b,0.38988748,0,0,2
f9f632e7056cd9d2b3c88bad50fe0597610e2eca,0.47977188,0,0,2
a3fae474e5cf5084c89835fce1950991aa678a41,0.39679414,0,0,2
f3108e2771083bfcf02c9c67ebd70a3ac0ddfca8,0.11880984,0,0,2
521b9b3385d73239b96ab209cb34ceb5c1c1400a,0.17794949,0,0,2
d7a1666f9a89d9a517f5fbaf283e711046fd054e,0.20128885,0,0,2
022a020bde5afba4f2e9b6753c199386e79d7825,0.18966658,0,0,2
1b5aef881bb3acdcde5d9fcbb6e43ceed6db145d,0.40114033,0,0,2
0caba0845d4363025e619eb3db6f3138b2c3d394,0.028325649,0,0,2
8e71711c1caaa404d84ec6682f1b7b266064c2e9,0.040960554,0,0,2
363be2fea66f861d7ec4f893a05901fa0c7ecf92,0.056283183,0,0,2
412a8a0ba61c84d71c0cc740ba7e50c10f3bf9ae,0.2899198,0,1,2
03380256795725c7d17db97d882a4c4da3b76b8d,0.48613775,0,1,2
653b46857a4a48252bfb094e39ee9937b2079fa2,0.3416076,0,1,2
748cb609306ee5a046a952a0ca13974ef0b6e770,0.63425547,1,1,2
0f9ce497b0c6841e3aca845336ad095012c41da7,0.4510338,0,1,2
36ee52223387eed452c266490a25b4c62f49abc0,0.41166192,0,0,2
a8c6d43b5a61d8da784f0ac188d40b88a15dad50,0.050363895,0,0,2
8fe2360920a8228c10cd59ba0978df701174c961,0.27361012,0,0,2
a3677db89ef3863e8ac7cf578df499f85d970b76,0.3668847,0,0,2
64c51505a82baf8260a34c7e83652ae3014009e4,0.023776272,0,0,2
ccba0cfc3f1b81dbaffa5153aeb84d48cd7630ff,0.28414112,0,0,2
e7c42ed0fb83faa2b57184cb72f6d9e8b621ccd5,0.31802088,0,0,2
633de29fedf11544f2c3d5052890cb014e612bd5,0.39577606,0,0,2
362ab2bc41697980391c4a61c23cb3ef6bce740c,0.29180357,0,0,2
fc9d93db68a3c33e5ead8c7ecb187fdf0f06cc4f,0.2810111,0,0,2
66a775c9feb7dcf00c28a16b7a365af4372886f8,0.5579512,1,0,2
a6a48cfd370b226955a531e678016db414ebeed9,0.50070184,1,0,2
dccc1255413adc1a212dbe3bf40accb70ccd44ef,0.11816962,0,0,2
83b70a377f79ba90f846b3a720e6c402c63bccc5,0.04611826,0,0,2
819318486d9cfb430749ee33d3c5c4ec4417babc,0.38503662,0,0,2
827d9644c864336fa84f15744375ba7412da047c,0.42288342,0,0,2
af6bbeefbf197f50d194c7f20419c2a4590ad630,0.53312075,1,0,2
ae8f5f04574be75727f5e948e04bc649cbdbbb3b,0.38456637,0,0,2
b9cd3558133ae9f26aec73e0bda3a8f635d137f7,0.41656476,0,0,2
f672e826f51824582273fa1f5b6ec37aa5fdb2fd,0.2394254,0,0,2
72df12fb2ba453afb57cf185d25c502d4daec6d1,0.38877365,0,0,2
7b42d43fa0827557f51cb4111c89fb2a78512c68,0.06307819,0,0,2
af1b5872ab8355acea3197522ddf94972b3c8386,0.5311636,1,0,2
5c753a87c328678f16bf89e0178448f04194f0b4,0.29873574,0,0,2
0956e2d2338531a96f2ff7d4ab405acc1b18421e,0.3536293,0,0,2
6563275706015b000cc5bf14be7fa9322964bf49,0.04420147,0,0,2
e9e76131f35c112046b9f184816683beab605e9c,0.09647039,0,0,2
843267df5a0b44145d5b9ee9153d17aa5e15cce1,0.5452795,1,0,2
cd64fa339a97300c64dfc434483e478a58f507a8,0.037911378,0,0,2
b0b23c179ac55334f760aa29fce262c73a909268,0.050582528,0,0,2
dff1a0953d97d46290750a46d01be1e1519ae698,0.472729,0,0,2
35e0ba449325e759e04203fcaa71920cf473baef,0.30439255,0,0,2
e508ad09d79302d3cc6b86077d4a6ddb0679a0f5,0.042722158,0,0,2
a27ca511a591caf813c26862a888e90e54af19a9,0.4132972,0,0,2
9be91f380c209f895da36d13c40b99687bb4c8c1,0.1162319,0,0,2
09c55eb8120da36aef1807628f87bde83749428b,0.2821411,0,0,2
05edf06360cc8a1a61fbd1ce5f9abf5d83f9d3f9,0.026476715,0,0,2
9df5e9419d83c11b4a2c3421c5ff7ea1f544366b,0.10950346,0,0,2
ed1ce82d822ffe185875b7b7d38352f20171c096,0.039505385,0,0,2
10e38114032cb4c585b29e946e1d70e05d52a878,0.40215465,0,0,2
d71ead41fb685431dad02d4bb7cb5675e196b8f2,0.0969464,0,0,2
e7b4025ee0b6152f9bbf7a72a317f977402a27f7,0.5023101,1,0,2
0f3648f749b7b67c2c61282297569657ea6220dd,0.34481522,0,0,2
bf915848967a6e35839e5565e98c716079980e18,0.5609582,1,0,2
7f74708201c2ab9f5d1f83c7052487116b8f7114,0.5943103,1,0,2
97dc91d1545a667b4021b6507d927799e53964da,0.43990993,0,0,2
d9979fa97865b7a57b9da975efb6e6c4d80b0cc8,0.4253148,0,0,2
6f27b4ae8f8ecb62698e760ab7df3973874b1f51,0.06230163,0,0,2
67ef6efb61f3c07e1359e083bbac5d90953cfe43,0.03307553,0,0,2
1b53f09c3a9dcd64dd281c1955b062fc28999366,0.1945911,0,0,2
34adc606601cb578486d4a019b4655c5aff607b5,0.060030203,0,0,2
b05bd69cdd841c02a3b645568ee5478fdbfc07d1,0.42025426,0,0,2
e1f30a1c32eb292e51db274adbe2fd6ed09b555b,0.33099487,0,0,2
bd82fe9fc034e7921eb589420bb4b86dc767a11e,0.17160042,0,0,2
13e0ba5aff3fe14eb0e1d748cad4b9f99e681ca0,0.5397139,1,0,2
3b7deb943877b0c2d8627531959948c5d1e4d3ef,0.3541293,0,0,2
b657c914c0005b37e24c1cd74c5f4ce886147606,0.49825937,0,1,2
a61fde99657c1b9d11e8eaa682181ea59e65814b,0.37752125,0,1,2
29c067466ed78c3e7948fcb8f0d25b3d984a1a93,0.05178636,0,0,2
fd86d06ec5d3b009f3882dda7903e9913858ee14,0.046079982,0,0,2
a43b8d68b8b7e6d7f23977a7432880290e6c6933,0.4324559,0,0,2
31e4a6df19cf4a13f8f0e9048198ce7488ad2614,0.28193188,0,0,2
3c0c9d83e27e436f9d3646f177bcb0ac2fecbeab,0.46190044,0,0,2
db7a08583a5ebfab310efde6d0636f2e2fc108ad,0.20748663,0,0,2
015e3cd37d128e4ade9b2d49f74f3b4fc07d82f1,0.01944698,0,0,2
8dba68a38c8bdae91c15e4eab35cd83c427d8e71,0.027066497,0,0,2
bd15dc78c74bd9eede3419b70469511f196a3716,0.02396818,0,0,2
c3ff46e30397bc0355584c593d500d2564c1c515,0.46094552,0,0,2
b2d4b2ac3a738d97e23e53cd459d9c57ee8827c5,0.21041322,0,0,2
3e24c28e68e617735b25791b0bc3f67f31624ebf,0.14271265,0,0,2
b1a8299ad223c3b2552f6d03e51c2ecba5df46ed,0.019176254,0,0,2
4e931386569c0a28b7e47c52d199aa32b6ca32fe,0.024728697,0,0,2
ed98d264cff306f7326db096cddf65cb26ff5498,0.018681461,0,0,2
1f07a0bf70049cb0a2f6b52ea7c261da5adb1abb,0.036925726,0,0,2
60bcdd450d6950da981d70b8b08379bdd744c82d,0.021623772,0,0,2
74133837585f81d1c6434ce32f73fc8694d5f132,0.025964146,0,0,2
0e9f604e87a5b42b27abc13a9328846cadd640f4,0.022133404,0,0,2
53a0a9ff85666348a38054e335f5b4c5355a6419,0.019529544,0,0,2
73f3e2b3d6b3f4a7000187bb3e6a4d82b118d3b9,0.021304002,0,0,2
b295635a87da0c20e5e2495103d4877ef0187d4d,0.02279998,0,0,2
8f88dcfc902b5bc86a239756afffc9f3813d245e,0.022897819,0,0,2
815b269deec60ec69f4e5e5d555afe9b98c18cb9,0.020362265,0,0,2
2b0658c59d6285547a5c6de7ac71c7cb134ce975,0.018518887,0,0,2
364232f781d0cc91cd4b83012e1f49e62fa81190,0.024233362,0,0,2
e972869486f85c3424875a443eb04bda2eeb6bd3,0.025548501,0,0,2
780b2281d86cf89cf5dd717c1cf54bbd48783654,0.018278277,0,0,2
06c27b37ccbde70514e035a50ba0a6ee1ff94ea3,0.020813845,0,0,2
1d1c41945a50a740519131bfff4e1875de69dd6b,0.022915643,0,0,2
71e40d0b30fbef976da3595fef8736a4e1245466,0.5240437,1,1,2
f781fcaf0f19766f7c9105911613f86d22b2091a,0.32840505,0,1,2
cb8cf1574f99fc51c9e67b9456ea4d494fd4cf29,0.38233775,0,1,2
c63413182017e069393963d07570ec69f373ee1b,0.5039906,1,1,2
8bba18089a1acf29f9d2433efc229d5c851f42b1,0.38486788,0,1,2
f295b186fd8f6c619d34a8c69c6a1307f2276779,0.5342529,1,1,2
02c7974c113cc2a51d6741491080058470265899,0.39560986,0,1,2
027c193cf1c012cd5bae06446496136a582c180c,0.33626685,0,1,2
4a10030ee78ea8da944f6d52e3c671799d73b5d2,0.40632626,0,1,2
5166f3dd04980177e46293408d998087040d4c19,0.4585689,0,1,2
d37041ca62ea9eab6e777bffc15ddab49941217a,0.4970982,0,1,2
53e5e3fa8531bbb4d70523197215fd19b89c1a76,0.48826867,0,1,2
62e6242804e4167f5c476ae34acc784009a1af0f,0.49584925,0,1,2
324e8b4d43f0260b4857dafef46e8c5f349f633c,0.5041773,1,1,2
9fbc2a346b86872c397ff891d379115abe5846cf,0.4593965,0,1,2
c5a15b2b66b6b4f018589d8f60cc7acc71861822,0.51701695,1,1,2
ebf108170e9a6215176174d84313a0564ddde0c4,0.51308537,1,1,2
f1984c42b64788a0737c3bd43e4da95e015c19e8,0.56690496,1,1,2
904b790c41d6ec4629921befd1c5286e482fde57,0.5197674,1,1,2
c2abe862ecb7f980260a7b44d907fa116a6bbab9,0.40903968,0,1,2
19a56adb00295d528015045cacd443ff10f7bcb2,0.4470835,0,1,2
e2ea5359798ce8dc77d4b23b0f9b4df33b37f940,0.43612418,0,1,2
ce4385a413dc822f8849678608d0bbac2defbb81,0.34940252,0,0,2
c11215195bed3261d88486d0ad1644080afbb97b,0.3066741,0,0,2
7048667393bc4290f381312243d13688407b9350,0.224969,0,0,2
b188b5ccc0f1f8702313eab62a5dcc164f817200,0.10647594,0,0,2
4efd950d4dd822f3e087db9830d09cfb3fdcb541,0.39614052,0,0,2
cff6e00097bf7dd97a5404080df3bf7e95813a1d,0.2959252,0,0,2
27214015c725619e0098e227fd29816d0891d4c5,0.28746662,0,0,2
f8fbfc9fdca4b5e9ba1a5608ca17e7b6feb18c3c,0.37254876,0,0,2
0733d7c2ba214415a8d2e4efba5c6e26b61d3291,0.035944786,0,0,2
d8cdd5eeffe9b63949129d09f6b0c7ad2d517e90,0.29229012,0,0,2
e2cf4811ba485b0bb29d7d80bc853666bfbfa958,0.22643767,0,0,2
580e0d1e26ab2a9275f01506f3af56fe8fc32988,0.42263526,0,0,2
3ba27e9f4a29be1922b3a19f9c6c5127f93027ab,0.28543693,0,0,2
8fb1341ad7c460286211f4f2a6be41bb5782653f,0.13320343,0,0,2
041507d3aaf718ae536f9ab66e4eeb4065cb339d,0.18218362,0,0,2
735b1b59862dc1b5f7e60549aa7c33dbcc4095b2,0.40151453,0,0,2
60595251eec5979e14540c6d00043e24905a7404,0.091537595,0,0,2
980366284db98e0515dc5e827aaf4f750699bc80,0.12092899,0,0,2
6c2dbf2885fb4602b8e42bd208ebef66df23329b,0.43168482,0,0,2
cb6ee2cbdeadad5d277a6e7293d88bb915090c4f,0.3122709,0,0,2
a00624cf27791193be74a610723a9a0b0980d23f,0.39709485,0,0,2
911d59f46d0dce2e07a93dc0ff705154f568b7ba,0.02658886,0,0,2
1aa543286acbcb3c23aebaba003fa024a54aabb2,0.4655218,0,0,2
f418eed3089d74caa11affaf947a40b774e9c8cb,0.041152906,0,0,2
a13691b5be40d31099d39f7c8f3ee9970ebc20fa,0.26514444,0,0,2
3e8b8aa06bb7742cd1643fad72d7739cda400010,0.43508506,0,0,2
a1db4c96f62eef05fff532b59300edeff3ef21f5,0.27586505,0,0,2
5321c7ff2ed082524bc319e44f0aedf7ed8960cf,0.23520704,0,0,2
9be73347bd09934dd0c99d32bce9c4e12fccf6ce,0.3893855,0,0,2
4362e02ed0404d12ca75ee3476d4a32f9f671811,0.43182027,0,0,2
d3f0ee5e0928122b41ee25e2b4ab09bdca5bd00e,0.072480515,0,0,2
f82b5b57840389fcfdc4f16cb75703361d6ea059,0.36750793,0,0,2
51d564f738b20621e4e14649bc1b15c929668e1a,0.35879597,0,0,2
5bd82306a8e44e2b9ff098f29ebf4c69c195b9ad,0.50767845,1,0,2
9959b3c5a777845aa19040a5a761814e483a6483,0.23439728,0,0,2
a0611b06f05e3c37c622f48a783836f89247c237,0.27788544,0,0,2
f02f2e54ac7d88a6b7ee620e45e1bba878c63a56,0.45497465,0,0,2
98d6d15235e046762f3b09294e896994f616627c,0.41569883,0,0,2
fca0e6ecf6012ee47fbc92fef4533320c1e3d849,0.03749623,0,0,2
db642a3c3ad93606d27d6e277b529da3a50057e6,0.091568634,0,0,2
1929834c27a931ab505f7a389d38fafd10331d8b,0.43228143,0,0,2
a5cb9a4b4a196bd2048cd21ed2fef175bc1181cf,0.32949784,0,0,2
c2f1b685abecfc11de76ffd0a28771f41b566782,0.4782907,0,0,2
30b6759387b4402987f6f4a6100fdc78e8bf755f,0.44336006,0,0,2
50b126dc0eb075a2193b670eb7ae2089896ba283,0.5450115,1,0,2
6b08874607dd51c9d8f600a96650a330cd9e6b95,0.40006557,0,0,2
c9685cd5e462926aa401fca7321ea23927492006,0.44517174,0,0,2
ce8d0f7a47f7caba8ab937389c59b68b20f6994a,0.49267966,0,0,2
98b8758e761caf659608f48fc5c9e9056f911050,0.15890548,0,0,2
95b2fe97c7f191e43b7fe11e8e027d87eb47f15e,0.07287894,0,0,2
79237dcd2bf537d56ff8d73f897cd639af7bf8f7,0.095369756,0,0,2
181affd5c937755f54ff31ef056a6ec091e95f51,0.09548755,0,0,2
c334a1bca8338c92e76f0f1cf2ef4884e3eb5dbd,0.06257268,0,0,2
efa48b214d30537bb184884ea30ce817bb350153,0.46465427,0,0,2
b45c4bdb496381b5f90df6872edca12e0a2e68ca,0.478855,0,0,2
f8489499aa6d460a7548b14d516638b0bd7b862b,0.051516354,0,0,2
76a2ac814caa194c46be1cf7a3f5dc129546b1c1,0.07608413,0,0,2
31fb4dfef212791f86f052ce8a3adeabaf830cf2,0.04340623,0,0,2
ccfca8f714055cd9fbd00cf7e847b880132cae69,0.042139124,0,0,2
a29815abf4f0e51b332a8af1b83ad344104c14d9,0.030339813,0,0,2
92e6d716069686583b852a6dcf12af986d6dc694,0.06281635,0,0,2
d105819a0e72765ff5ba4efa5622d727360ee2b8,0.04034209,0,0,2
3aa6f11785a2f1b3b09df328a02a2c28dfa0bb57,0.511502,1,0,2
b7a82a918f0a595a96047f7eef2672fd95d5626c,0.37024423,0,0,2
52f3240d90f2397cd1850ab11674ba08a0ecb2a0,0.4153687,0,0,2
d70fdbc40195077057a1edb14ccd16a26435d007,0.3786025,0,0,2
0751f97bf6677c3d55aa71542d572dc8fcb9e79a,0.36087734,0,0,2
e505e1fea57e0ab9f1d5edab92546d778a5f41e0,0.46025795,0,0,2
b4380f20059dc9e4ccfe2b709587e8069ac0fa34,0.37621132,0,0,2
32a9c6d42a3a48314d3f9fe2956bfc8bf49ac5d5,0.4056016,0,0,2
80417356f04c5ee1cd6f636e9b043db3f2de24f2,0.18371376,0,0,2
f48bca0510703b0673709b10a806a9d54894a999,0.40124574,0,0,2
f1b54876ab8893a5d9c0e3d7c1a9c884e683dc8a,0.3695,0,0,2
c82f703768eb8a122546de23e412a037aa1770b2,0.2403757,0,0,2
36a02dc549f32433d7329444455dbb1be2e67f20,0.028009545,0,0,2
fa8957d7939b59e8d391fa17000b34e865de015d,0.53899544,1,0,2
5acc6a5502bffaa66be7e859849856de0ea27acb,0.1680857,0,0,2
b58789c5badc4f9680ec5724568af05a84670e22,0.3649469,0,0,2
9ee3a16179cb65f5fe4170257ab7cde558f1dbeb,0.3038763,0,0,2
4ed0bdf1c73fd82d3080d15085675de96d5be0aa,0.2066333,0,0,2
4950ad86a16e63fa26d51cd709e39666008c5fbc,0.020356541,0,0,2
b61362933f7a564d2ae0b7d6b9723f79f4948769,0.030059978,0,0,2
f28aa71041181867a720134e26b64b03cbccb6ec,0.31304398,0,0,2
720b988fd8d7a50fbe922e6c73a3681b1c566331,0.36014265,0,0,2
9d744f7136f23da9a5f9324432b300b5a68e3b39,0.35952893,0,0,2
98f54c158acb12a26fa6f335b1665accd2aed347,0.19620626,0,0,2
22c6d087012fd55bc65e578a27f2edb66f4d3808,0.4357924,0,0,2
890b387d713d04c22406db6d5a5fc9b51bec2df5,0.28034765,0,0,2
c7d56cffbb4668d0955ef00196e08f42f2efe363,0.39024368,0,0,2
7680fae14c9f544d0585a7b150004a1e48fff53a,0.21522433,0,0,2
136c5ffe80e558a87cde01baebf823b06e3cbe75,0.27213842,0,0,2
8769d0f2cc4b7555dc025b7c0e49a81346a1e2dd,0.029904645,0,0,2
4b5cda5a2c6ca613db5129d50ffffce2604ad9eb,0.3416895,0,0,2
2e62764c0c386632e87ee8d12d0505848df1015e,0.457664,0,0,2
4590f14e97beb6d10ffb7b5dd312c632af155ed3,0.52629554,1,0,2
079bcd0339f30343c01c5fd3d5521be4b822d30f,0.45909753,0,0,2
29283b775291bf03cd9a7e1aaa496faaa5757578,0.08423654,0,0,2
89321a2dee438328e75a11954e972175c78f0a2a,0.27594388,0,0,2
1f3e72fa069536ae20f37b29575288ff65e66803,0.21668908,0,0,2
c7720ca4c232d317cfc800a04eda4a1d5a44a944,0.030428477,0,0,2
a747456bfe077da467ff036172968a37f3b1e893,0.27231592,0,0,2
2f2c8b1cc6e6e731f7bc52b0988ea8316f475004,0.48430008,0,0,2
013b445ede8d9e7aad4915859d0c869b9b712f8d,0.41173062,0,0,2
f4e754e66e3661274df624bc328991cd88dd03d6,0.029630074,0,0,2
741944332d5bd90112b610a8b5f2eeefe51e08bc,0.026617087,0,0,2
4c7d7523088373be3c7ff203ea895d5a6d84083e,0.03923978,0,0,2
f79c9365d0ee89cb407b90cc084eece8fcf9a8a2,0.31516597,0,0,2
8714dd031647be34d0d27f461894e7b194f25cd7,0.39930058,0,0,2
83406b73e70a251eec5daae34f1bd8d554cdddec,0.20286368,0,0,2
2f956f46580e5b4752173e885d37a20fe31a78d8,0.05000005,0,0,2
3f36b7b50bdda3eeca632ad5440bb82b8e34cb40,0.4462878,0,0,2
9962a0fd02fe2ef06765271605b06729af8b2e59,0.27184063,0,0,2
5294c64b342818e021800b38413f36f426e35b3c,0.57553566,1,0,2
5a45ae3b1deb5117cb9e9a13141eeab1e9ad3d71,0.35383958,0,0,2
efafa61992658eab64c893e9eef49f545d75673c,0.37859738,0,0,2
630830476a6270e317e84229996a6bf92bd903ca,0.21932621,0,0,2
14097c64d243794610788d3ebb2e81ba8fd867c0,0.27966616,0,0,2
f2615d9a611db401cdedc022112c87ad938b5680,0.4119298,0,0,2
a24d624aaabc14a455d18450d9127f88d1b4f8be,0.41800392,0,0,2
49169033546d893dae3db903a2fa6af712f125c0,0.4332537,0,0,2
fa7588c4c0f8d403e4815fa72e3b8a3bc98d73ec,0.46121237,0,0,2
367fe13b46a0b4dda56b7f12273d6c9afb1da23f,0.0842557,0,0,2
368588b5c5c4140f39ea8b9a8ceb3d1af0708804,0.40077496,0,0,2
30ee10d2740fe1f28595989c6b21f22b75a147fc,0.32760057,0,0,2
af9fd052d1c208f191fbdf85873f965552465598,0.44403604,0,0,2
0a711ebcec7d32b66ab3c90b2a1f48681201e557,0.044882216,0,0,2
a4acf53336a482f50335d33b4f650a70c9243b7b,0.25918734,0,0,2
c26fa78817f30cc3eb91165b783e07fb80d80f59,0.4795336,0,0,2
944291b748bcfec4e2f3c17623884db7a17b9f21,0.38897485,0,0,2
c44f982e89b63a97190638cd12bd8bee2bafb883,0.4159098,0,0,2
fb46b941f7763314d667c437c06b1675e61c3d38,0.32360214,0,0,2
e9928c94ce1385ec72028336417f19f30ac38ac0,0.08632707,0,0,2
d4021487539b0f7758ec644f2e0d83df95c66bba,0.25349537,0,0,2
ac62c1c29f319a97a2552c39f32c8e6acd70c9e1,0.49133164,0,0,2
dc08bb8ea6cdf01188f6699559e779e6cc296287,0.48009744,0,0,2
82b8ecc3275d7c3578a6531ac3f1da3ffada9dcc,0.04878769,0,0,2
36ce032b612fc0a1156d28bca7327e06337c8815,0.4920288,0,0,2
2f22533ef41533e2b839a6b41b262dca59e6dbf9,0.29745358,0,0,2
39a3cd0f4210dbec1ae8ef39a87d34b76eac91a3,0.3116657,0,0,2
1f470253c46471033048383c027192e757480492,0.4442985,0,0,2
9c40a7bb3c9aca51d17490960c988dfb7b5acebb,0.44818038,0,0,2
7f8e952abc4d2fc4b96c97a51aa25fcf6ed8af02,0.34313384,0,0,2
bd0b5af025fab9cad8f94260138741c252f45fc8,0.51624984,1,0,2
e036d60d8a210d5ac28b2e5c51a45ceb82b58f09,0.45230228,0,0,2
626014eaf093fc2e3b53f5ad00c425bc209e1428,0.33534423,0,0,2
5c85b8dda5f3047732a17b818256b9289274d071,0.46288595,0,0,2
ea402becca436dc1a8e47ac9385a3db475b49355,0.41718546,0,0,2
255f10834a67cf13518316de0e2c8a345677ebbf,0.38732025,0,0,2
044de16c14076019f87763b7b58c45664ee57c11,0.32301,0,0,2
e54ca615f213f5db6d34d9163c97eec98920d7a7,0.5672572,1,0,2
07a42d3ffd034e467e49b5c449d4f5f81c471cc5,0.25967166,0,0,2
e6da0f682436e1387ad68e86edf7418c0f7cb368,0.02365349,0,0,2
59ec4f018963eb55e32fafc2b924826c39c09682,0.46135402,0,0,2
ece4b70cce24b89483236b4cff079c10597d680a,0.28075135,0,0,2
09d28fe7995db1a4da2c651d362007d2082c663c,0.18832792,0,0,2
98c27699cbcf65c3d9d655ecbcd67adcd8b45b05,0.31308073,0,0,2
71cff7c5940b7101ff098601850d46b7a4698180,0.41117144,0,0,2
89e0607cf6470dda1a6a47b46abf37468df4e50f,0.4438091,0,0,2
6fb60857be1fed21bdacc4ce830bbf99103b6fdd,0.4392789,0,0,2
3634821fa515365618209f0452443728e7290fca,0.36915272,0,0,2
2fd62ee4d524c270764e9b91dca72e5cf1a005b7,0.3917752,0,0,2
a703ee75c40e0207f6831c4d48e1c7e62f160305,0.46180204,0,0,2
fd7cfed070c2aab60521afb7dcc633a0b7abea80,0.30034423,0,0,2
1de41ef4baeee1c95e245837299f8be265294445,0.027439453,0,0,2
9491d7a61681f7acc7103a6d1d45efe96f7981d2,0.098181106,0,0,2
2d3203b10cc8edf71a6e3e0822f0d742c9516aa3,0.074844,0,0,2
d55a572e5867832f6d5755fcd46101da51a38aa4,0.4219485,0,0,2
170cfa758547b4d9be50058ad93cf60ce0da5564,0.41714483,0,0,2
3783ca4476fec8186c867e4e57084e649c318c6b,0.4664343,0,0,2
4d996d1bac1bb1886cd9c473ba00e53e3c19cf3e,0.25792137,0,0,2
445cb9dc2f07553f8e1e5f7c1150f00fbb05c63f,0.24173594,0,0,2
ad80bfe559e7380fedd7998daea5f27393ab643b,0.41463155,0,0,2
3d2d4fd1588c8eb3f67f34d75b66967d0c7b06b6,0.4075197,0,0,2
d54fad867da7f762ac4c0d947adffdc1f8f356f1,0.15991575,0,0,2
12bbaf3550d56bc945b50f538b5f18af93bd316a,0.209857,0,0,2
150c578edb161bdb2e8c039f0914984f570ef8f0,0.26069534,0,0,2
af977adc43a071a09652fea4ce3deba2d5b8d171,0.30923507,0,0,2
e021734b62ea5ac273e516b4ac83727cbb99ec08,0.31831327,0,0,2
b635beb6efc07a97c143775c78a32d42b3b73c8e,0.24434009,0,0,2
3fd2492fcce073f0c36e4d7e23e34881557e6e5e,0.36267075,0,0,2
a918c493296c88da94b36600213c7c188f2589b4,0.519043,1,0,2
9181e1d536bafedcb3587ca30e5b6e2d66f06bf0,0.5360709,1,0,2
cc8bdf1d13639d12d02170d40cc4890180bbabc5,0.38345942,0,0,2
33ee5497490cbc97f3eabe9ef7a6391e4dbee8bc,0.37264246,0,0,2
dc61e510126aaa1a95a46fe39bf1529f394147e9,0.036329877,0,0,2
d320a457a9de67be25a03f79e1695d549a0145f3,0.040965173,0,0,2
94ae6c84d22ed33e158b3cc822ca4a0484c829c9,0.121311516,0,0,2
e9e36cdc44a68662885e35773187cca00d20239e,0.36004224,0,0,2
7d4041d827aed7d9f3eb14310b824a2faa96b8b4,0.17461275,0,0,2
6f5f99440e7117ee3bb6407e06745fff14bb2a4d,0.40437636,0,0,2
3eb4be60cf00c20e46b75fb72366dd0649700c2f,0.39402404,0,0,2
edbd9842cfca892b10c2e9c8da0384fe005cd67a,0.29022348,0,1,2
bc8e23808b9d8d0c9b67270ef35d04ebd9d89cc8,0.43659186,0,1,2
635e41ea181c5fee8860a7044c84ae3557b51189,0.42587513,0,1,2
c4ddbe6456c9631c301171098a8ac016eb4e582c,0.34118205,0,0,2
63f1d6b83bc10a2880f5ec17a172fab284d2eff5,0.04421782,0,0,2
10e18ae9b47dfe04573884739823d64825105694,0.037256613,0,0,2
d3252a5ca5571e0a97e9a31966ec6b847a3a8574,0.35003257,0,0,2
86c76dd5ea04d1881a52d79113d6dbb1d57c38a6,0.030911388,0,0,2
73a8fba6fb23af45ee77f52f33bb8d791a9caa05,0.022604771,0,0,2
e8db7237a9c347d2225fce9b49ff92bb741adffa,0.30814496,0,0,2
7af67bdd16a4f103bbe6334c5a865436c900adfe,0.21552777,0,0,2
71d7c3264239c55b6e2daf89c44c5685085f26dd,0.047512807,0,0,2
958029bdd45c3e341eb146031ed38b4487d7b0b7,0.03857653,0,0,2
5556026ed1dc17e70946a4a030842ade3a33baeb,0.37841722,0,0,2
3c92830ec51fb6b6e9a7ca2fb8fda324cd33e48a,0.027484523,0,0,2
0fe9685c8a78ba2d780a3ec1e1a323990dc6d218,0.04774348,0,0,2
bd7788b384a87024ddd6bbe6a9bd9a167cf2ec12,0.03319213,0,0,2
dfecbe970917754511a081f8b86efac211e624f6,0.028303994,0,0,2
ef51b068aef14fa347710497cfb67aa9c6e65c0d,0.27531,0,0,2
173c162a45b4be6fcbf7a30c44d1953062a25086,0.036081985,0,0,2
c4c03a33c8b8b94eaf75d368473bdd10a21cd0df,0.27787343,0,0,2
2fefdc7dc3c9afbbe534ff69db5a754be0716b11,0.041909274,0,0,2
f525bc3ccd9cfb69603bd9778998263a458415d0,0.0984002,0,0,2
9072a7615a54d5e753cf088326d9e14f1a5a6751,0.07852581,0,0,2
11491d355da8a851d6badb6348b10d8c4acc9d8e,0.10356578,0,0,2
2bc2ffde1f4752e7a8c7ea0a51c559faae194786,0.32300395,0,0,2
35f1cc00274122c0274b522d0b544a06faaba931,0.089800216,0,0,2
98817e88f04cc6757c42ae52d653b63cb85af486,0.36348405,0,0,2
83775c432382b9c0367362491d0dc515bf0e131c,0.023833336,0,0,2
a498b87dbcaa0a61c6088d7156258a3cb06638cb,0.34868476,0,0,2
34558845e3777afdc1bf90ebbcb2017ca17aea86,0.45361343,0,0,2
59985b43f0868d9a4a588d9ca1debd03108f8cd9,0.40715626,0,0,2
8ea1aa1e7cc427c28a89878fd2dfcb110c992b20,0.026252434,0,0,2
d4c7f63054e584b69024664bc2f221faf9863519,0.037794624,0,0,2
20c733229df741e57b8ac205788ece2d563b2f3d,0.22654001,0,0,2
3051264e1bc1d41a29c9dae7935c090568f64af4,0.2857317,0,0,2
db0f2304bd7c3ced65cbdfe9e17e80fe0774c13c,0.28451866,0,0,2
2f67045b9647de10ea5d01d8d1e98ac7de3e1cfb,0.094638705,0,0,2
7ef106b23772995e4307f84afd1bee4e2337ce0c,0.21010524,0,0,2
71f6746f81bb9650f6f228ea204d85ba2c5b7392,0.30045697,0,0,2
2ed96f00f724c3331d6b56b6b5650b9632f43954,0.2138657,0,0,2
3720683699bb830a4aae6fb66a78ce7079ad2c56,0.19134504,0,0,2
df37e605fe4b027406bd9dd85b320526ab12a122,0.026781974,0,0,2
4ad74f449258781e9df189413423ffd6ad95c526,0.28543627,0,0,2
d81ea83a0eb1761bb4e90a91f3b70f23f88a7d2a,0.24628006,0,0,2
e2c0ea4374c02539ad9bc6c4328b74f25eb72405,0.23005539,0,0,2
cf42ae522e12e9b412e1a1f008ea73cfd86a5979,0.0677159,0,0,2
fb7335ab163588fe6ee67ef26d3b3edad5cf4bd5,0.21007377,0,0,2
e580d35e1a07431109a5835411142bd1c1c2b3b7,0.027121004,0,0,2
ea60fbe0633082a131bbb18de94fa60a04eddcc4,0.03496735,0,0,2
90e31fd93fdcaedadcd4b030fbc20f7375672def,0.022402659,0,0,2
52adf52e4669b54399fa50f2624826c06a19cb7e,0.028242664,0,0,2
71e515ab6d2007d34d96df5604f74c6fba92c0d7,0.057584636,0,0,2
6d23e85570fe1139cf5ef3bc9b4e57ea73680b6e,0.35220867,0,0,2
cb83f7cb31e50f265e098c5380b3f0051e257f46,0.03031525,0,0,2
2584b4a0ef536e59bf28ba140844597a093d848d,0.038987674,0,0,2
cac520971206093d32bf17925f880bd06d93f736,0.045262016,0,0,2
6a99050166c945a226d5f8275ce4a9dca3518285,0.03268885,0,0,2
6dbb48c8e685f65f45ad5df9f7684bed910036c8,0.020001983,0,0,2
260e0e0cd21af7b03ab0dae33b4978233db67773,0.6386033,1,0,2
b5749b4f54b30c0c2050e456c12cfcf516434f13,0.039375894,0,0,2
07ec8ad2dd862c8669b2557b995ec5180663d73f,0.21040052,0,0,2
28656559d2fc67193a84d5cbc48d378b2016f74a,0.50396436,1,0,2
0add1e8975336c65513b26123d48b221e2515ddc,0.08361417,0,0,2
8e7ea70a33ecb8db5207849ea6371b4a5a8ffd26,0.041922886,0,0,2
6f653f6bb82757963a87d725808c080109e7e3e8,0.040468093,0,0,2
1974c83561d09cf73a575f992fbd8416e3354d20,0.34157643,0,0,2
37c20df721522b175bc9df3f06a361297010df5e,0.042115003,0,0,2
061450a927ba1cc65f7b984f4ff41866ec2eceac,0.0328218,0,0,2
60b32953a968e5623f82a6b27d6c679bc17c48e5,0.23214428,0,0,2
f175a241c811d2d0843026b2dde5c3ae308cfb95,0.03407821,0,0,2
ea1a69d638d97d5ffc451b32d240479357e02b0a,0.04819375,0,0,2
cae70c10b4451ee3b919764f72dc4a4caf0f6f27,0.04962308,0,0,2
c0c7112dcdeb75b521d55cd47d0c61be66b0499e,0.33611512,0,0,2
8d0214a7417addf790713440f10855dc279876fa,0.046981953,0,0,2
e2ec4f2fdb2bb8d97f64a33e9ac288d52854a530,0.32939547,0,0,2
fc73151cfca36ea2641f340700dbe339b9e1f103,0.39544687,0,0,2
dfc9888860bf192cedde21e5e843bc3caad4b74b,0.22218634,0,0,2
5f9e0851da9e74c12e04f5a62cb7aeb1a8ab7589,0.5369718,1,0,2
7d5a61ed64315bd6570c5cb55c1f53853a3fffa5,0.35909817,0,0,2
82152f41ac8a727c2f0042bd555452dc2dda11b1,0.2669652,0,0,2
474a837858a8e7a98316f97e9ed387d0161015f2,0.3908362,0,0,2
39380da86acc717f419da48f070f8cf7d9f9ec94,0.2551728,0,0,2
0e266204f535aa48f74d4f2480b2268c13e26b22,0.1120675,0,0,2
5b7608d1549989d92dd159392c19d9ba8ce0e62e,0.26115733,0,0,2
e79a590e0cdabd93883aca964db2a862ff3f8490,0.055842973,0,0,2
ec4d8a9a6b783f1d5d603d5272c94deb1e7375ef,0.032750264,0,0,2
507451866c98cf9e2ddff1008fc0152935ed9e20,0.51992846,1,1,2
8ac3334a04928faab627aef4daf4ac51c28a95ef,0.52931213,1,1,2
6bb871786e563ed82e2b8d26314c22772808fe5d,0.5467124,1,1,2
633ce604968078151e03363d5c67042af74310e3,0.4794879,0,1,2
18b3437c15d78c54510964728486831822809d9c,0.03991965,0,0,2
d68f7f5f44924ddee14428e16b7458e2878baef2,0.02309962,0,0,2
a48071b0d489420bfdc0c2ed7254d1dba243f700,0.03474967,0,0,2
5637a5204ffd7b77f569ed28f85610eb782a159e,0.30986604,0,0,2
0611710c619e67affe9e3b6471943d0ccdb9da73,0.04782315,0,0,2
ff3492b06299c0a38c029c8d7a524d0027de357f,0.30751646,0,0,2
0343b4fda87161265acf30d5ee61e525e751358d,0.024330892,0,0,2
756ccc935ef2a8f9f48e96f28c7c622ffb3e6627,0.028099494,0,0,2
612236c8a77d5d8c4755e287f682cf06d773a902,0.05609035,0,0,2
f37f4b68f3343e2b8f8d82c40398f975116102f2,0.040098526,0,0,2
0822b4226f31e50ec244d311e56e3446a8e5811f,0.2890125,0,0,2
06b7cd3a31c4565ceb0a127273ef800a3d084caf,0.359837,0,0,2
04b55bc7ca0b0ac444fdc8ad01acef8172852a8f,0.13020292,0,0,2
54ff33b2ad26e3969cc59d7f2723563dee3e37dc,0.049097497,0,0,2
54e63005446a2b0a4255ba16838122c5808ef886,0.1449417,0,0,2
1a002c67f2d3c198411a62165e53b31d6b414aa3,0.04202195,0,0,2
ec2fa6bd5695b36435cc66ca4cdd8183d077a0cf,0.36268416,0,0,2
52b46e74dd29eb3eb65a593a872fd57694bc154c,0.06563767,0,0,2
59022fb870c2c45a27e00943003c5acdeddaeec3,0.30678183,0,0,2
03fe88ab71cf2eadaa39654786c3fba713742768,0.34034288,0,0,2
a0b798c27a0312df2a110073bd7888993e56d05c,0.2525028,0,0,2
fb7784fa1472b4c55d329aacae672f416e11a703,0.0557374,0,0,2
5fb158cc05a9ec78e31e49abb654e00a7b65721b,0.25217652,0,0,2
f59a674a26d349b7069158023194ad0d7a38a9e4,0.09837171,0,0,2
fad946a1d79486c5118a596e8ac67ef7d5189070,0.12588677,0,0,2
d190655a97c33c886997b9570697f432e7d3a21a,0.23960951,0,0,2
68acbc803e416a38616bc25505cb88dde81af5ca,0.16134734,0,0,2
e8a2c29721d145c52c970049e5469cfb0dcefd87,0.21072604,0,0,2
00fafe772ceb91c9f26d79f5a2f6c3695a141115,0.35989815,0,0,2
31466db6ecd115aa74616e14a75721b45c0f59f9,0.25338697,0,0,2
6d3796e64bdd5f3f4857bfca6982e6ecf98a2b33,0.15207204,0,0,2
131917a0d3303ca2c38fd1d6765b9bed2c23ff89,0.23026899,0,0,2
51512905c31ff19b91fc67b2cb3ddb5b1fa0fd51,0.14839555,0,0,2
56f0e1053c9aa767ffaeee37cf06a6056a221163,0.026967028,0,0,2
04b41e2c97fe5faaf521c2e0581c30e18e2f0c27,0.13243458,0,0,2
84d52919ec3b3c75f28a185ad7cd87603c3cc4cf,0.024063248,0,0,2
18f5f54ca0e78df12586e0750e257058746a5a39,0.032309704,0,0,2
bb76a6848b37cc3f418a370c56f597486618197b,0.028854312,0,0,2
69d4bf883cd7402d13497a40422d20096b2b9aa9,0.20960037,0,0,2
8bb3526317408fba3ae351719feb68703aa5fdbb,0.3777148,0,0,2
b212aa3c6fb91c34a0faccdf783a0a085d40be94,0.34494698,0,0,2
f8b1f6e7456a92b8aeb3e0aa8ef88936873dae00,0.24875772,0,0,2
04a5d83aecc325f87696c83b1a5dba45584ddaa7,0.21007463,0,0,2
c202aa8cec19d80f4671e77370287540a0777b7b,0.33998573,0,0,2
e55aaa5706f031df2e8d68bdf088604c79944246,0.04216264,0,0,2
63374a181393d941c805b6909c2ae5c41159e745,0.3542055,0,0,2
2b15e1f43de16d204a28f72a530abcc24208f4d5,0.32646495,0,0,2
4ceba113050407f10e116df7ecade93b1abcf6fb,0.048471805,0,0,2
5e5ba1b8129fc0d235b149ee699ecb2fdebfd39f,0.38572752,0,0,2
bcc7c0c85878d19735f4eb014e6b17a3c0deb0dc,0.4162291,0,0,2
f3a7cf629c19dc80734b5b6c3933fcc76c8a50a0,0.3117157,0,0,2
a72a5ced53067d3516ffbebf00a633743bbfeb5c,0.3351307,0,0,2
7642423cfa70fc797601afd64ad28ed1609df9d2,0.33581352,0,0,2
04e52eb6155b3cbf5fffc0d52689a3f679e40b19,0.031252544,0,0,2
a1cde6ab707515ae014c2635f9d32ad0ba64e7a0,0.024292983,0,0,2
ff902c15612f2d771483ce6bb06e55609247c34e,0.06488975,0,0,2
3f796bf74666ff9a4a6d31f10dbde4fd5e837d6a,0.38139343,0,0,2
c158713b66856745427f793f14a5dd1fcaf941ee,0.28192648,0,0,2
e8300276291ae634eda52d812e6e8d7cfef2f8eb,0.37931186,0,0,2
fac65b868c549d28b786568636bbc8362d2a78f2,0.37626156,0,0,2
c99a787752770b8952297e24e07bd404cb2f4f74,0.330336,0,0,2
b877fb9abef4a19eec9cc7329acbd433648b8f7b,0.22138254,0,0,2
2b52dedd56503bf89b28cfbad21f59e3dd4d1d32,0.19118576,0,0,2
bbd1dc343992fde4baaa0309178509dd07eed536,0.13134418,0,0,2
dd5a0e6e1e3edb41afb4b40e4ec2c99e5932e73c,0.035431646,0,0,2
864721d54b8b372808b098e13120abe5c22fb9b1,0.03548602,0,0,2
18b1bc203bdb236bfd9084193aa2d55d4b605139,0.5955592,1,1,2
b2c1afce7eb13ea44fc7d25562cc3bb83cc91b2f,0.47886184,0,1,2
5b223744b49d3ceac9608959d2db82bbadb47897,0.423179,0,1,2
031f6b082ff21cf1138907a7c666d6ff391bfd72,0.35017803,0,1,2
afedbae8aca69a092d65766640361801bf2b5d9b,0.19297555,0,1,2
fd59e545f4f2d697ea7e197f002c5e8eeca27004,0.43368798,0,1,2
3eddcccba7e0361d6e833407320908187b16ac8d,0.4346843,0,1,2
34a5e7fa91aa7ec9e75a16eb6f3d859d794d399e,0.4940573,0,1,2
fbb5d31a581c24e925c442a7754358d2b62a669d,0.390639,0,1,2
17e65488113a2dbe9894f824f4321a06ee009e02,0.53087693,1,1,2
9625891a7bbc0a8b11f7cf9c2b4650775ec8ac53,0.4518103,0,1,2
13cd4e0ac3ab76a4dc091eda457f9a111727cba2,0.45746505,0,1,2
8ef8e2a7a5326eef6180951207f65d3c29bce419,0.48848724,0,1,2
844b2901fe4049fba29ce8c6961dfa25966974ef,0.3408483,0,0,2
faeaa303b903139f36c15751c8e48ef982222842,0.40395886,0,0,2
5fef9575646f6583fd2d9ee01368b3deefe6ce82,0.32805353,0,0,2
6c687c70a1d5cdbc71c113b7d7402dd89a942849,0.36790162,0,0,2
c049aeeffd41dd9fb8075e719320846c83e5ea91,0.3847278,0,0,2
9bd439b4e0aa69050ef1baa537e552fa4620e5d4,0.37812275,0,0,2
8d6bc0ca625f3a1a98b486541fa613b2fac4b41c,0.10673736,0,0,2
d2fb3b0865a87cc909e4faab7733f993356141e2,0.43177733,0,0,2
10ebb32ce1806821518f52074f0d171fab20b3ea,0.40119496,0,0,2
caaf97ed8804ae3bf6fb17cd98a5814cab834688,0.4301603,0,0,2
ce0c082898e3551d313fb5b73763f399232b3fd5,0.09057082,0,0,2
bd9adbb637a8a4aa5eb61c6fde2c576d0ab3c4fa,0.4902401,0,0,2
e4b7ee81c1773eeb0bb71ca53bf722f046c16a16,0.24184811,0,0,2
aa31bc6c313789c344d715b7c1aeea0cd8de47e2,0.4307572,0,0,2
3899cc6570bd9176c84ad2d5d14febc6c0ddd964,0.2088192,0,0,2
648eebba22d6398a01b0924975bedced8469ac80,0.1144397,0,0,2
8d95ae41975a2307501aa0f4a7eba296c59edce9,0.52244776,1,0,2
1f56bd103d53c8c6ba7502c6586c26be01bfdb80,0.0787729,0,0,2
c7c85ee39892df3ca007c6596c41654865be7e43,0.2549286,0,0,2
c503d742f094dc2048b72c3f78f5e2e6070a44e1,0.42525667,0,0,2
a2d41db55aa46bd4fedb215c978f03e282cf1ffb,0.3618641,0,0,2
5ceb5f57212935386737ef4af0d066e9fd38c5a4,0.40368506,0,0,2
cf6b6d8eb1b524b73cdb74168f3190ab471aa52f,0.31900257,0,0,2
ff8fd9578ee8f66e6f80cd7b9f204767845b7339,0.36789173,0,0,2
ab60f735c721103ac888d8d7b801055921336687,0.058754005,0,0,2
a2660687980b36003a612eb89b40d6fdecb4b153,0.04585582,0,0,2
b3c31a379e9ad7cd22cb7f0669b82361ced84992,0.31217688,0,0,2
204ed0048f4812201ef65c9a0c44fa54a7d1e04f,0.27764276,0,0,2
103b64a373256feae6ca85f2bf220e7694e48fa4,0.48383147,0,0,2
9c506279188a90dbbe124386cc52016682d17b5c,0.11062407,0,0,2
8eace0187ea2c0c1a6e3a5b5e24e701f6e23ae94,0.057404306,0,0,2
72bbbbc559992e5e6bf17279d8194aaa80c62e85,0.4638237,0,0,2
feb7ba55120feb5e3ad3f526fae7dee1b5189d9e,0.46700734,0,0,2
bdb074610c87a210ea4c0d91d579cb4558f4b19f,0.56359065,1,0,2
64d820bffae723b9c8669301b246ae199db61b5c,0.57732224,1,0,2
d58d64ddb1f205a54c7eb57fe0cbec9c59cad8d6,0.28498417,0,0,2
d962a2b31c9a7216c2df557eaed3e475b13939f1,0.03815501,0,0,2
db6f7c1d74ba64211221a69cfa9fe7171a9199e8,0.48817843,0,0,2
1eecfc948bf6f4cbb9a2481313ca7368ec653056,0.121491514,0,0,2
ac5a216f767c6defa4da720c6ecb3baa05e30254,0.04892257,0,0,2
d9a2c69a9d1db6072e1d7b7ea4fcbd5c15d20b5d,0.16149198,0,0,2
d0f6be9886afaee6080cd4b7cd5d165c767b71f0,0.028652357,0,0,2
8ac857c41ec8ae02e57eb0c1c1a012525e7e14b9,0.3609835,0,0,2
10d2363fcdd6e15568f765ba0dfd5f0cfa0b04eb,0.4413599,0,0,2
8232c096cef785a2ba88a7324b882a7badb0af44,0.36866897,0,0,2
5f4249e2ec8cccb17b27a7ffd032c4fc237a6927,0.40697828,0,0,2
86a59601b570585dcb7a1ce3d1ccc8e16008f53a,0.18647501,0,0,2
809e2bed22f02264e0ac58bba070f6d84386cfc5,0.4282228,0,0,2
6423a7665516d738ae50d272e3b4ca72cdb89a9d,0.4652906,0,0,2
8274993e293a79fc75829df398233915a6387a4b,0.48471245,0,0,2
e2dbe55d56bd6c1209276050f527d36717e33e1d,0.3519378,0,0,2
10325422e5a4735aa87a4d47bdb377e09fe963d2,0.6308526,1,0,2
a069c490e8119189fa2b43d3b597b79b3d42a367,0.4393604,0,0,2
a945ecbbdda782b51d5c2c670345fbf4dffacab7,0.05034831,0,0,2
e4c72a5522aabfa6a660088aa9262d849756e464,0.037176464,0,0,2
0095d8adf26b9469115b1be0358cb09d1fcb5fd4,0.18924686,0,0,2
151f2cd3d80c006f4ec228cdf610c3a35feb195d,0.040218703,0,0,2
33884b226454324f27700f9069f4702b44ef8ced,0.38357973,0,0,2
23108b1bd90de315aed37fa3fc1f38f8a56ab9ba,0.03043304,0,0,2
d6644e4fbe3d125eed2d85e58fc7133466042f10,0.39947549,0,0,2
dc53e49b4afa5d59c533cf2b4918402c37411fbd,0.23422633,0,0,2
f9cab271b3bc8c2fb6e2c51449ad3bc07e62e174,0.3870252,0,0,2
383bc8eefae7e17d0bb0349ab2300488c655ec42,0.46002704,0,0,2
eafeca43268f16aa9d4a179e44b9e7747699c1eb,0.468648,0,0,2
4733cb5b798cd72aed82a9118648b4a86c91539f,0.4365335,0,0,2
9f89fd4626bbb4e34a905835e397bcffbad59307,0.021636408,0,0,2
2dd459003e19e4bbc2811b10d38337f295fc5a19,0.26737833,0,0,2
8d601ab71228f7c3dff950540e7ee6e4043e9053,0.38813704,0,0,2
0f6a292a29fedd49741310cd517ac4ba907bf8d4,0.4473996,0,0,2
011775551ef75d75f81189eb4604fd0f2ed424ba,0.47455597,0,0,2
695342cb1cef42f30fd1a8496f181c92b21ae82d,0.35656494,0,0,2
c14890f08b9bb47ab8ad27f4dd4c714e32961d0d,0.31292322,0,0,2
f3d2d55ab9b783af65f2050272cd0318a9ad23a2,0.048802216,0,0,2
c0771cbc3c445a9d1d2a43ac4ce3c0edbc806957,0.3716798,0,0,2
3aface95813003ff75505e2ed7d75b072228d3f8,0.07103817,0,0,2
2c437a12bbc578442daaef85ab486d1e55763853,0.2823554,0,0,2
ab0570e63aae3027239dcd5d22caab95111a5de8,0.09886859,0,0,2
f015fb2b31a5621689a57ce9d2d300e5f32357e1,0.38235277,0,0,2
cf950e7365848130c5c2d57c871652e6f83e96a8,0.30566475,0,0,2
e6b830bf95f712672cb9e77cd852606cd134c5fc,0.3641523,0,0,2
09c52410e62b0e1e221d413d7ab18feefcca6bf7,0.07829832,0,0,2
9dcd87f9c46786f3da54af7ac1ba4696840dffa8,0.24134561,0,0,2
f55530a2ffd3c481f6554d98e9d73f2e8c62ec8d,0.3306763,0,0,2
dfd69e038cc7035031d1807c4ade870d2a7e2ece,0.25233355,0,0,2
a49ea7a65b7990b3e6e625bc8bfff7396ee49300,0.108747736,0,0,2
41bc4cd029fc486b5570ec344cdeae049bbca860,0.2857185,0,0,2
51b2cabf2c3737de06fc889b39d40240d1b134c2,0.05129409,0,0,2
8a05e0b0f640289c32f2f261f35450532cc2a1aa,0.26193163,0,0,2
2cd3f0f10a797b744509903b8eca4fd2fd4ed6f6,0.35650736,0,0,2
8c1a0d2ee1433681958809b4a0fede65f62936e6,0.1375691,0,0,2
a08ec31dbf212a033953dc6916a743dccbb93e37,0.04171014,0,0,2
795fe5d869594bde53f8490d75eedef6185b6c37,0.35351864,0,0,2
5556118ad13fbb80a56d7b8de6f960e9ff8255b8,0.4147845,0,0,2
f643b4fa939e89348618ddffae20a804f4461363,0.033836324,0,0,2
bd5cc81ed7f91865aee7a5a7febeb237220d0c5a,0.024804363,0,0,2
657704627b297a19a693645cf03c5c70ccd9a8bd,0.42983437,0,0,2
363cbf7908cfcc6a538126bcccf5c955afda6aa1,0.042278733,0,0,2
c636539836ecb541d9ef71f2d347772cf9f6bc52,0.20574982,0,0,2
7cf5e01c2a152a0b612cb19e02213879a57c14d2,0.40117428,0,0,2
e8d861359ade336badcac3211e5aa447097479a6,0.045795865,0,0,2
044367419dd317eb9f9935d8360280b8b8695462,0.42896584,0,0,2
86a082e8be8c51f07079ded82d6d125c9efc1791,0.42210388,0,0,2
ab25f67348d4885620df86497889c1826f013a73,0.44836175,0,0,2
07811434b773b6e1737fe7dd3775aeab8afb18b8,0.131137,0,0,2
5bdf0a938adb384bfdb6cc494a2781e2ac33b0ea,0.1928266,0,0,2
30c85ad05363767deeefee577063c2c432b971d4,0.46036142,0,0,2
1661e5519c4836a5a940b13b7797263443156fc9,0.43785343,0,0,2
a64153a3710c5035988690f0acf57dd61b711cf4,0.49837583,0,0,2
954ade4c1ae2adc0aaac3a1dbe800495c519520c,0.43822482,0,0,2
4bd982d1a1df87724682c17c39bf27b5cbe389be,0.19370078,0,0,2
a6443e146f825291308319c6a0f2eb82aa34f8c3,0.11739404,0,0,2
914844e1b226a1ac7ba45626ecfdfb56e7b2e263,0.078735545,0,0,2
98fa164cd88d126d0f137f5bcb4a1d180e0c2fc4,0.4517881,0,0,2
c79e6fb8f95bb07d2394221b29b75fcc016f4900,0.45271793,0,0,2
6597c196521af500feef7a02610727eafa7ec1dc,0.021232037,0,0,2
4670a941be92a55fbaaa3b4055d444e07ffcadb0,0.4634336,0,0,2
cde4c529034e182a982fd842252ec410d213c34c,0.4960121,0,0,2
b5f5449cf338376d12404d0190054525987f4276,0.44110304,0,0,2
721a6e59f7e4f5c0f3196d3eb0e81cab5e41d065,0.41051137,0,0,2
c7c424fb9c3a39b6ea036242e44cdca324f7d104,0.34534603,0,0,2
a8f41ec97d139f5d0d7cf161e8484f2bb809facc,0.36016473,0,0,2
0181c8059c081d144cad36d003379bd50fcd9da7,0.4970994,0,0,2
90f0a680adf3eaa95e46e96d28ecd6848c74bfdd,0.06686431,0,0,2
12e597a78cbf9d82414b944a5b285d81a2e27e51,0.48113832,0,0,2
b45435c950e6f6864671bdffde29e26cdc8ce15b,0.39653566,0,0,2
4259a706ab8641f408afc3ce224b1c0ba5a43d17,0.27491194,0,0,2
f0f896ee600ea7ff66c083747f370453b914be48,0.1011718,0,0,2
5482ce61b003726a9476c76a4337e043af4318c0,0.2476464,0,0,2
31a9fa0cce769c976d74cdcb6e6ce8831793db7b,0.30692583,0,0,2
1a20867d01ef8ee5b32b0620125b7c38a10b80c5,0.36324146,0,0,2
1731949116a7278f2b729cbb9e505580c8f56980,0.5938272,1,0,2
b521820b23c45fd068618d10955eceed48801eff,0.045727227,0,0,2
661d16d190708a1a396d8b75ba10738e4574c11d,0.4327038,0,0,2
3c2673e82d33b6c9bef3005a896e5b0d52b108dd,0.075123325,0,0,2
99900ae089cf996bc969f0673349c06c2e6fbf1d,0.40591866,0,0,2
811dbe7226ba0ede04c2062c2dba8f72a1c03e58,0.49822485,0,0,2
9f7d03f09172afcf0a7be40e3262d151ef053b3c,0.024287615,0,0,2
3c89994355f3574078c832b2dcacba0e65e87ed1,0.39865497,0,0,2
d547412bbd2a1ca56769a2bfa13b7ed9547310ca,0.38381946,0,0,2
d3146a545612422d3f8078f10afa00342b327199,0.025188101,0,0,2
8f54030347e31e0b1492fe874a1f1b67b89b836a,0.40755546,0,0,2
f059e5f7fa1ac4a906b5d2e18d72d410bf28fa2d,0.21869746,0,0,2
a5e76ebc404d419651c2a25b1a62199de64cccf5,0.46651667,0,0,2
a91f76da21faf4e8b70f0f69c6db2521409e7d29,0.4427194,0,0,2
5a52446090a67b9b04b67a0b7aec94e73bd21930,0.384161,0,0,2
82cc24437f43d07880d8883229477735431e5d02,0.3899439,0,0,2
859224ffadb79147088840732236c1fad341d842,0.37062454,0,0,2
314b6b56bec4af56dba667d66a25c1613f4bc800,0.3434286,0,0,2
8cafd87c83f4197f7e8d14de8cba453c844266c0,0.4570999,0,0,2
a060733e63a9cc476342ca190d04ad027a241d33,0.09293043,0,0,2
e685d847b4c70e354e47ea3990cefda3265aa5c6,0.2027703,0,0,2
c8e648b92cc133a604b5e1f4da1ced943788e64b,0.4856875,0,0,2
ece2f255eed8ad9eff6e236152de65e804c6adb5,0.47948223,0,0,2
9766e22b42b7b3f3923cb9c2502dfc2dd5d0a5b0,0.19633114,0,0,2
776b86e99a1ce18a5093db457109807b766d49c1,0.30843738,0,0,2
e1bc286245ce5f798b5312d65bba64c71921a3f4,0.2742536,0,0,2
585b1cb97b4b9e81b55d68e04b6c1e1195058a8f,0.24211724,0,0,2
7587431987258e94748d5f2fda1e6ca049a21600,0.36431134,0,0,2
53def501409cd1f9e20ac43edba6f2949bb366c8,0.183439,0,0,2
7c19a1ff4c217f03c0be62baf1169d689f566825,0.41160828,0,0,2
8cfc1b1207577943d412789765a3a2085f1b3036,0.35556665,0,0,2
577f7b3b5462fdf84c0956a3bec5296bf7821677,0.35694236,0,0,2
65b08c4f91a4e5d78eb645b46d06d7a46f8c62dd,0.3533504,0,0,2
0344ca3f2d43e3732bf16370262303be8761a523,0.51941735,1,0,2
c68285bb3392665827595ac408a5fad828b0351f,0.333701,0,0,2
18e692478dcf91fdceb9b9fdca7c61a1111d63aa,0.45962718,0,0,2
f2d8493ac44995170ff84bb895e3a73e0127cc68,0.0430315,0,0,2
f5ebb9a649e9dd0773f9bd3457d6ce1895266d59,0.102173045,0,0,2
3e08af573f8b50da5202f55df62c925f88a47f3d,0.32913908,0,0,2
cc94767e7eabdfcf9d1cab1d8d1d8556864394c6,0.31649926,0,0,2
d6ad3f01574b839670d4ea5cf82a601eee7e0c16,0.0825916,0,0,2
a2dce32cdab108e7e281dfc27dd0a394e1419ce1,0.032314885,0,0,2
fdf05fa29babe21e64f9a5b268dc8406d449d4f1,0.34698913,0,0,2
0b70b01a9f1d9664bb5eac737175f58f06979b60,0.3544113,0,0,2
7076b7408f06bc8a277f58e7bb6c2ec3372d5d6f,0.28978994,0,0,2
cc6beb2d05347fba64d933906ae2b712b1a43302,0.35709292,0,0,2
c7554151d3f695718a5bd431e22c7f4c39a0b261,0.47282428,0,0,2
ae862ae116f2056421ab8d6e997e7b64a95828a5,0.43950182,0,0,2
d65b9d2bed09847ef28b9ceb30c9f8a96e0c12fe,0.16975433,0,0,2
36217ee164239391c672fdfc8f5bd080beab5c4b,0.03081802,0,0,2
44854912194177d67cdfa1dc765ba684eb013a4c,0.03856437,0,0,2
fd60085a2a3891ab6db46dd3b75e9dd67a7c734a,0.28882146,0,0,2
f4bfd9c71f51fb541d0fd203f0df2e609632dc62,0.35769254,0,0,2
3b6867fc25b5dbf27925fdced660553ea8289dda,0.055342954,0,0,2
ed94e5a5cce33af89dc1b1475204734b17f64bb0,0.3770514,0,0,2
87eff4c78fac85c1b5f2309887f6be5fa2972537,0.4196336,0,0,2
732ea5e94fdf8fef42b5c21d001983fb24d2842a,0.45504633,0,0,2
09d70ce73dd37544c92621eecb7faf062fccbd5b,0.1490033,0,0,2
060e66bf995177adfc4d73a2a4c9bea70dc5e441,0.42711914,0,0,2
9a7de3974d64a5410e577933e141797928adca71,0.44516495,0,0,2
1e9e36640f762d29c07d8322c361ece163b179fb,0.32749894,0,0,2
c56b87d6efe530590b6d9a07e41ca00af208ce37,0.46281138,0,0,2
07f3694a5c85ff5ee8c556817c0d2ea3504f26f7,0.03620883,0,0,2
5cb988334179b4f04a27c59c1e6a888db0dbfc9c,0.47808927,0,0,2
713c77ceda21d0c3cc9c213341259d64fb46fdc7,0.1696306,0,0,2
729bcc46b503c1574c7c93a65e902f436b4ec6ec,0.067021765,0,0,2
6ea2fc8d38e035bafaa92c7d3b007be38c2e9000,0.06312189,0,0,2
95fce758b0e12837869cae450d8029d7237b0dbb,0.05629971,0,0,2
6ce88517b3af6d48c979b6e984889b69c044561c,0.19935732,0,0,2
b52c69b1b0ba1c542b917247f1f76deb4ce2a42d,0.13566467,0,0,2
125cfb4cab35daebe874a599877d6280b464212b,0.5693786,1,0,2
6f03c0ce11db4a270124b9bf93338d3db9fccf5c,0.4272834,0,0,2
96a1a31d734e663af5c9bcda58c7bb5870e8a363,0.27150673,0,0,2
7aad59482002d0b4bc3546259d33eab20ce76b9e,0.2906144,0,0,2
c1ffdbab58712cca8463b3edc88f9d5a09b0ca9c,0.4790476,0,0,2
758228f691b34c97f421ed92336772531495e0cc,0.3313197,0,0,2
a26c66a8edcf029ca5f94354cee0db267e9ccc20,0.35778672,0,0,2
8dae1f2904b93127f101bd36c1c79e801385a8f7,0.038960554,0,0,2
4f928504ea91c3c1dd43ce696acadf76624240a1,0.2572865,0,0,2
22c30471564c730b02f5f7cedec28fcfe5749fc6,0.24068648,0,0,2
10122741eac52e218771f30c6dc2c0aca54ff006,0.3669495,0,0,2
e863dcb2e7a654af6b8eb5865d8d1d8eee0a6d28,0.4105253,0,1,2
d8ec011d770e1e04ef4f87fba673f3748f363278,0.71495396,1,1,2
f7cbda67518ed7335566ebf942cd170a66746096,0.5094338,1,1,2
7d061e33e59e23dc4b03378f35f50a7d70f033b3,0.46314776,0,1,2
49a876cb1c2a49583b9184ab58a579ac75525986,0.45101246,0,1,2
6dfc3e64037f10b84fe203415e79e2435acff558,0.39332983,0,1,2
5fb74a6618da0ca8b12a3346038164913a5d27d5,0.34084076,0,1,2
f5a9effebd7209f3fa5385f18a5e59e8a09122f2,0.5329531,1,1,2
c614fbcc79615f93d2c60a153db6e82d7474c425,0.45513323,0,1,2
d575057852ab2be41abb39b8de69a35cace5c67d,0.46034983,0,1,2
c8e61afdb89c58ea8ffaf04593da41ff0888d30e,0.48515835,0,1,2
c3b1fefbad0c67c8556ba6b4573f135197f87598,0.4287336,0,1,2
60412131f3679b720bcaaaf3dea4be666cefea7a,0.49607226,0,1,2
2ce40494073aa4e9bdcba4c39d24727b7141d227,0.48957705,0,1,2
2e9f3a80146262511ca7bcdd3411f095dff4951d,0.42293954,0,1,2
2c0429aabd2632c8c6a242e4a23d5eb6f46035c0,0.48984104,0,1,2
bb3fe2a37975920d1c7b9cf16309d86fe86e1a35,0.53165203,1,1,2
cb686673a70a6f14c35575550c48c37d19a1598b,0.42666158,0,1,2
357fe1378889e5934e8f60c8d35397bf63871991,0.46351227,0,1,2
9c886bd4a188c91301029040b3a839e4b8e2812d,0.41877347,0,1,2
8b62c114cfc5fd347bd8cb5a391fdfa8cb539435,0.5533346,1,1,2
56b7ae44f957aeb884efc797ec74c790a7a3abae,0.44685373,0,1,2
17f9d22f334c91e701808808170bf60aae7342f9,0.48108435,0,1,2
9901bf98e4921df1c85e323c4b096b7feb80221e,0.34694958,0,1,2
aff0fae2ec3a7d74356776c183c6986eb9eed520,0.3964285,0,1,2
1415c9a2a6317dbdca6f1fbb530db1f558d9bef5,0.4551368,0,1,2
e51bd89201477092c32c180e4f8d00569db17ac1,0.43584284,0,1,2
efba54d35fa094de5e580b200a8607bfc7bd5a7a,0.4936906,0,1,2
58a8f12b443d7cbc16ec00b8841138ee55ee6630,0.3913144,0,1,2
e7d16c27629722a93a9d36a0b5e0a3a793850544,0.055062275,0,0,2
3fadfdd69f4682f05563ce53e55743f55813f488,0.31503275,0,0,2
bcc4f82a7aca3fe72142bd8d9ab3ac6c9d4d2767,0.3677528,0,0,2
54acb6e10f33d5f71770323e9769d2dcc1130a86,0.43208337,0,0,2
bd4066eba88a772c06394d818d87aedca8bea53c,0.074884966,0,0,2
09ef69c5b51115300da6df43690cd455d83c8027,0.065175205,0,0,2
a5391bb34cbe168f2c5f5f6e8fc3a1eeb9399e13,0.41118363,0,0,2
96cb498f9bb88b534e49f9b8301c9fe7113b2dfe,0.068316065,0,0,2
f4a262df5204221184f1f5008b06957868684a25,0.09502843,0,0,2
81ee0d062c888d8f8bcbc154cd7f0143710f458c,0.29539335,0,0,2
4aa4291ffc143486757617b743c9670001f8a7cd,0.052735575,0,0,2
ae6a24dd439a7b778e35b484a3a6eae1a8eb64d7,0.047428817,0,0,2
9379d0d36acdf78455e81518b3b1476c7691f056,0.05851942,0,0,2
2521d9619fe1f052ced8ea1107851ac98a1b7488,0.033480566,0,0,2
7721302ae5d70d2986d74ae7e7df648bf849997d,0.071995676,0,0,2
1cec9a6fe588c047daa6c711814453840405561b,0.37747455,0,0,2
a36c903d4f1065bc59f5e6d2bb0f9d92a5e71d83,0.04152455,0,0,2
08aa21f9217df0a28d48be5be5db03ddf4867140,0.30078083,0,0,2
4f4e2b064e98ce1abce98428965f8eed86f4543e,0.10672846,0,0,2
2a11642511a3c69bac5aa1abd83d3219871395e3,0.097109415,0,0,2
ce178d8e87ff6f9a12aea4b217c1e09254936236,0.25310007,0,0,2
9fb4f47f352dc1c1f5f20de80840d39e1eebb985,0.3600918,0,0,2
762641dcdbae9456aa2b72ec8fa1baa0acab942f,0.04662357,0,0,2
47a9ea7c828772625b9e26c0c7a6db494ea626a3,0.051318247,0,0,2
9d090d40ef488c6c8e0784da877b93a05034e339,0.07201124,0,0,2
e7e48da660e17bbe5c0f8959c2cb9f6d60555cab,0.04353332,0,0,2
5d369c4fc53a2ef5c47f16eced9fe917a87146a9,0.36446625,0,0,2
558f84322cefd02246c49666d7e7a3b2e2cddc13,0.037722096,0,0,2
b0580d508bdee2903f05d95d59e6e9a1dc9d710f,0.110771395,0,0,2
32155107dd982360e813d10d0c76f6f7cc2cc7bd,0.07374547,0,0,2
596afd4f5a73c7fc756d9bdc12c6613856ca27aa,0.2417769,0,0,2
7f0046cf4e2161f0145e0e59a1b9684b04061916,0.058541987,0,0,2
1f5e68b5612053cf35b31a13c8b5e8341d892f93,0.02472121,0,0,2
b236d5259f95b755aa5e1d955c8f835312047d77,0.037637908,0,0,2
8fe95aaec201acc964ffca80954e60f7c57d7413,0.03583537,0,0,2
d5b16405c77037e37bd180843c1eba79117da7a6,0.04128618,0,0,2
d3aa5b77428d77f5954e30b14e7385c15f6f398b,0.033063546,0,0,2
83119a80aa1551bea003ea6b9e65b616b7795246,0.034243442,0,0,2
c4de3dd2bb8afb3323fc3aaf394a463aa4222768,0.038191997,0,0,2
f7f4b909d0961528c9b02ca5492b2a57a8df8bbe,0.03309661,0,0,2
bb3d861fcde210e45f3d3ac59d8ee6e1e4086cb9,0.03501146,0,0,2
1e6dceb8ccfd2c97379f78066ef4ad2b9a17b1d5,0.35213715,0,0,2
361b73775230d91b4ad9ed588d6d57f3a049e907,0.030547619,0,0,2
9a2f53d2d56fc58617f2bc7e8ce7f488dd05d47f,0.039439086,0,0,2
6ee118d2a12a4c0bde2c5b828e05ea9b18d4be2d,0.044913094,0,0,2
eef240cfdf77df4d3ec55c2f03dc52112dea7553,0.3821471,0,0,2
0ba5e75432717181296459b9bdc98f9cc3cb2c7d,0.3579726,0,0,2
5d83e4deb81aa7e06e4587809642e70ef9a03662,0.07488563,0,0,2
c635393fb9996ec9d33b32ca27a720d6d5593255,0.029126547,0,0,2
cf4d2789901be233792839384ba76b94dbd25888,0.06530256,0,0,2
46a1c86ab3f4e2068023a1faf1c704443f3f36e9,0.028193396,0,0,2
d31ea317a5fa6cac0e281bf0aec5367ebe45a217,0.070281506,0,0,2
88564caa20e4bee55287b258543cab35e9d3adf6,0.44231707,0,0,2
9f0af0bfee5a92e67ee54c185f49fb7c771c15ff,0.4165314,0,0,2
05f3b74fd581ea5f8946c64edcb293747b4d9a71,0.038665053,0,0,2
43e4df85bda71ca1500112912a83d3ed19868c4c,0.0361973,0,0,2
8283d966f47280f682a1407d499346a383d1b1a5,0.032226723,0,0,2
5878adfaf37ce37e6988956e4cd5c833c6ec61be,0.038100317,0,0,2
ace5ba00f7067d517a35713f439344f24144fb79,0.03219349,0,0,2
67e443370e06288fb2702d62c0206221413ab852,0.03482731,0,0,2
9687cf07f34bbf5f67c17e75cadd287b9f6662cb,0.029204236,0,0,2
94cfd56bd9092e0fd8579120630dba0c857b7777,0.38767293,0,0,2
077913c7e9eb8e4cf8863b7545bf53c2923066cc,0.056235693,0,0,2
fbb81a37f80fab1d1e21435782e034eade76114d,0.3113304,0,0,2
278eed3e1f7cfef2d39a25aba53f4478c3ad8c58,0.034661196,0,0,2
73dcea01b19ed9fc9c0d5a8c38e752bfe071c801,0.067559935,0,0,2
54bbca89040ed195b89478713fa4a181cb2bca3d,0.03630405,0,0,2
1fe64733a2a28b795bddb152e9adf7489b6ea7c2,0.36058706,0,0,2
1194c69fb122709872fd634ae9890cecd1d83e90,0.4348235,0,0,2
709aa7bf9c998cc75f6e0be7d258aa5a07ebce8b,0.056995798,0,0,2
cdacd4a987755572bd4d6d328b371644ac07ecd2,0.08278722,0,0,2
ee7ed6e655c08774387f9ee60ce11b84d7901cd1,0.2914966,0,0,2
edd64cfd822ae2ca2faa8dc1c73edc38a6e19f0f,0.029946132,0,0,2
ed085d064c0f80b0bcf382550d10fe6b6fc9f283,0.055606842,0,0,2
4a025d3f8e31bc3e944399990b3a4baedb90e630,0.052833084,0,0,2
157aa8daebcc6a464cfb350de346cc550ac13d15,0.20654185,0,0,2
0dee0324f694b1e035b9c3dcc6923278defe1d3e,0.08225756,0,0,2
136b96c803ce4353f2cca2b24171ddbe74345fe6,0.03906611,0,0,2
99c63edb10e945d466dafcbacbb6fe930f2a31ec,0.32184836,0,0,2
1c8fbeaec2ee80d45b78742d63aeec0c9d0c4e9a,0.35009137,0,0,2
b1162d812eebc9298b7fd62eac1dac119ae5f271,0.08896743,0,0,2
125c820e8d43df150ac09c9da5b38dcc1ea6e03e,0.09811758,0,0,2
680752e1414c07fe4357d5b6fe3052f3d9dfa374,0.035800334,0,0,2
f36d6870f2e1feef7f1d6fffeda056fa72c051f5,0.049191996,0,0,2
62e69cf4f2fcb3ad8bdc44f75f8a9e3e20ca7337,0.046039198,0,0,2
7df57879c92a467cd71860e6cfe14a04a49fd031,0.3820296,0,0,2
fe63f95fbff43495e57ebc37350798dee024cf9a,0.04519789,0,0,2
719d0c56036111d07c46ab5b0f379f62f14ecdc6,0.06957848,0,0,2
4951344fb2ce246e0cc5a2dff90d24cea6eb3a75,0.13412353,0,0,2
c151913ae25d55814c40b7f922886d52c7086787,0.15124659,0,0,2
ba1e716261e055f84baa9a47f9ae2ba959d54390,0.3682796,0,0,2
894fd838fb695d794fbd28cc66c82b80a9688c91,0.29365608,0,0,2
ed7710f41c594c030188917cc773adbb6107383d,0.33746827,0,0,2
11ddae0a3570fdeaa421e4e378ae14bc173598ba,0.28473535,0,0,2
9e8b370391f5b3e71cc349a2ff556d8a3cdf1232,0.26126945,0,0,2
15ee56bd0f91ef807a3e729ab3410a834ef3fcef,0.28402516,0,0,2
72784c46f6a7d7644398db5c7ac8bd3822c523d4,0.45896634,0,0,2
90559c49bae582697906598c735385c19daa6da6,0.35281324,0,0,2
b34856498ed290a4883b077db0d4df2991ba190f,0.3384905,0,0,2
8cc80dd1a449f98924ca9e74970b35f940d43800,0.33723995,0,0,2
84a844af5d30ea41750071dc8140a56e9e146bc8,0.03175275,0,0,2
6f95e26fc92e929fde30d592e7572493d360ea3d,0.04828361,0,0,2
fc3d530961ce4f23fd2c8310f82d6d1fdaae6c16,0.28198013,0,0,2
53c08a37ef81ed2aa3ab57f5933ebbc5db68328b,0.33980307,0,0,2
bd861c0d8009bbd51137bb97d15d5aeb8902eb2f,0.31444234,0,0,2
584a10fda56263ec0ed555f9866a1a82851a83b0,0.25102457,0,0,2
aa0c114ac9636012a941ebee49d69cbd6f6291e6,0.4111596,0,0,2
bae09b4838de43ab6a8be25ee25d0d11f0fe7477,0.34394023,0,0,2
4d8331ef9c3993ae1d3c091a758b24cb9a037fe4,0.04771614,0,0,2
1d1cb74151d6fa0272d607d06ffb85ff4a50e972,0.2944039,0,0,2
6602d00afa7a5f32218784dc54975cae5540a255,0.10481119,0,0,2
cd78c96d225752e3656a2f1a302298370b55a4c9,0.061063483,0,0,2
f27cca133f9a28899e00488ef56b2f8a2700a68e,0.04923279,0,0,2
3fe52d0cd85c01eadc44933df5596d177c3ecebb,0.054049384,0,0,2
81d1982c3cbf56f77e2edf3f063ff84e6e748549,0.32472992,0,0,2
e32f477085a9b6f658463bbbf355405980c515bb,0.1315458,0,0,2
7419cdb1fbff1096edca78bc5db34f7fdb3b7342,0.07189866,0,0,2
ce1f9e29288cdef4fc295ec2d5b4f846f0b732d3,0.35142815,0,0,2
60a8028d22b88ee2f2d7cf7657ed35f4046efe79,0.3982538,0,0,2
c779a5ddb807f1a84e1e6a5e43a0f1296dd565cf,0.03732502,0,0,2
c2bfafd4bb8ed95e30dce29e65a9afce26a7d860,0.15734899,0,0,2
e48157a0de54d6b82137d62dde9cdbb4bf5c6f40,0.047268555,0,0,2
6d908d014c25ef3da000789dd56de0b6e7c9ea8e,0.047409717,0,0,2
5bef000847001240749e50239a25ea69485c849b,0.157532,0,0,2
82c1bee3f786f96fda51243f4cc6d50995bd90b6,0.4586025,0,0,2
5f84693e1db2c35b9b797614e17136655c433335,0.046182998,0,0,2
dc8138a8a9b022d156c4d04b2491b269661db396,0.02478066,0,0,2
233746d8fdb7e71a63b5cddb55421eec87bbcc4f,0.27797076,0,0,2
84daf6aee0175303801e710dd2d326ce252d2f88,0.39600396,0,0,2
6df343df2635e7e0518a09c374532ebf22a30529,0.040751815,0,0,2
6cf4249650d72cf21ae3addacb5202089923ad91,0.052477144,0,0,2
d990feb36764cda778e6b4ce9469654229ac716f,0.06047624,0,0,2
393fa5df9262c339e004e061809c73d7637a909b,0.0472086,0,0,2
59899e1c820cd3fb8789b9cf8648b269b97763be,0.048583936,0,0,2
2ddd54a7ddfead528f2b1de92dc8dd16be7f5f89,0.31570804,0,0,2
c7599fd2a84b3d58473fd16c5df4034a8658e925,0.062184703,0,0,2
82b547ad25147df44f27a3534a5b618755217378,0.05259879,0,0,2
62e56cd3884d224e42cc8b449ef631a0909a19a3,0.02372427,0,0,2
a85fe84ce63f873b760e311f27ec42e05f1b3f42,0.35483924,0,0,2
0a114bbdb01548a69c7a8c155bbdef7785ecb389,0.038459525,0,0,2
5310e25a6cb79eafb21408fabd744f9a76c2a020,0.03653351,0,0,2
8834c8e380b7278fc37a4e6b80a9198a895d8280,0.03698934,0,0,2
b9284992ea3c8c484893517ee9df3b2274296959,0.17540729,0,0,2
939527bcc5b80a1788d876d7e47fb45d71d21424,0.18665251,0,0,2
26e77ea86294f5a9aa929f9acf7dd76a046453bd,0.27816626,0,0,2
3adcd2103d1be4feca870536e8f7a7549f6d492c,0.34224436,0,0,2
2edb7a20f3856723fc715f7c72e10e72ea7df385,0.35332772,0,0,2
9843210e5755d2584efd3496d59e50e721187842,0.20806372,0,0,2
e6cde856d76935ce2ca5323579d2557f5412c774,0.37014472,0,0,2
c460996e75df489d6bbcb732763c10d01e62516f,0.41678557,0,0,2
115198b9c94bc66c7a659a04d0e2f65959ce9297,0.4150089,0,0,2
276552d5e73525cdd29d9e809659d35f34c5250e,0.25464723,0,0,2
c0e4ebfbb0f8c38ef672394015f47fd72ba06cda,0.12607081,0,0,2
c61154272699761265a1f2e5282ff1bdaf714b6a,0.18708706,0,0,2
f0b18d27f01492af6874baa8415ad17511eb5d4b,0.0835006,0,0,2
45a0337e1d9d23126dcaeff9c0ad96c5b4011957,0.35630414,0,0,2
90f4139bf75c94aa1ed62c5f64c3ffd78a1441d2,0.46741953,0,0,2
67c51ed7ef1d7acc4010e45eaf8088bd91cb702d,0.33347863,0,0,2
9acc3e824e2efa2e496df8458d207b5fb5722e6d,0.19266675,0,0,2
9dbf8388c5bfa0c7beb15e835b3a5e6fc74ecbf8,0.4507266,0,0,2
f30855735a40daaffda15794d7abbc6ab8c699d8,0.25635633,0,0,2
39513f9142cb82b84181a11905b3866a49d5a3c0,0.17270298,0,0,2
289e7a769ec9ab110f85848b281c4c143ba84e57,0.21132176,0,0,2
930015a137f6bc34127d7646b36d0550842fedfb,0.26206875,0,0,2
a270ff62852e62b5ac0f943a7e57292a72b77271,0.2793854,0,0,2
9f0d58985f4588981eefaca0408e767eff1bef73,0.20425344,0,0,2
8f346f9f1263b2fd5923abc0956134df15fd9325,0.090691514,0,0,2
ee851e403b5ab4b6b33713b08f9568e966ace052,0.18365356,0,0,2
55e8eac25d81f07bebb16d812c97edaf1393083f,0.18267162,0,0,2
c8bdf60d1d0be609094e14054be0b9af0fb05521,0.21966042,0,0,2
9d4f2ba886b003980f2c37a4de7a3e6c3c701820,0.23365274,0,0,2
8713af90d540e7bb01f8ba1fd99f6c04e41a7433,0.2077798,0,0,2
eed8a7adb3de7441751e846f4a75d110dd205f23,0.17259401,0,0,2
b9e2a97758ba6c007fcda160c4d8b0528bdbfebd,0.1900063,0,0,2
07de4dd578727555bb94ed421498f455838b317d,0.25896013,0,0,2
641aa1c663ebead0189bf001a06ee56463070ddb,0.36325327,0,0,2
b9522976f462687b0693b7229ba5c7faee0cb74b,0.196645,0,0,2
2fd2a76110af7ae07712af01708cc00310af64ef,0.19278184,0,0,2
5723ce72d04c8ff7af8f245518cc48291701db0d,0.2705079,0,0,2
611c73889b772dab7315c952902d5c649635126b,0.26327527,0,0,2
b5b45d3260bc83d2432566dfbf22f0897240bece,0.14729252,0,0,2
22daa5f1dd4396e94224841b3bf0e9f226e86695,0.31140065,0,0,2
4a9bcd0f5211c91c4c2f47313c8f8013d0dfe03e,0.37198004,0,0,2
864fda4370a8d1bbd942400dd899653fd5d85244,0.41112065,0,0,2
96eddd6ae1427222986eca344b898b3332792a01,0.26267096,0,0,2
8da9a65b6398931af18febe082299c5c4b932924,0.23644076,0,0,2
8354ffffce024a97ef5e05b7cef4a82c263fc07f,0.18253067,0,0,2
0ca8f9b9feb2d74c6373d1762b1eb4a6b1f7f4b8,0.15089539,0,0,2
13467cbc7f319f7f7e9e9185a673714736e77b83,0.26434335,0,0,2
e63c5361937cc2598a3cd030f79733cc8c22b6fd,0.20178054,0,0,2
bbf65339023bf627a1843073cab699ca1831aa96,0.3844829,0,0,2
56706c8203ed023a3d21784b6e7fab40375eb9d0,0.15151732,0,0,2
274c9c1d37a47ae9bc1cdec1b0b0e4189dd44845,0.24145965,0,0,2
b88b065aa955d7a7d8f74c427b05d2243eda0779,0.22876123,0,0,2
949d74737327f114ae97a18f9bb4a4f5626b59a5,0.083691426,0,0,2
9f1dabed562e5953af25369121fa7fe221a20276,0.035311334,0,0,2
d86509b09672b874de2f933a511a1f74af6814f7,0.2378329,0,0,2
525d1fd7ca383b3426341c58ba9e2d2e886a59ac,0.03783887,0,0,2
a528bcb1ebafb1eeae14fd3e305f3636d6c04717,0.03608084,0,0,2
c4190304baa18d3a376c3c2232f45f63c479a5b8,0.050162107,0,0,2
bce159a0c905f673b8e0e4c9899543a812fb904d,0.3361391,0,0,2
333971caf33dcc05b6f714fada447e9417f6fdc0,0.31577805,0,0,2
9a6e25230eccfa131d40eefbc4f48a13ac31d640,0.036569335,0,0,2
b1c45ac691d46a8c609f2534d2adfa59c0599527,0.051633015,0,0,2
23747116069c150e26e0dd42d61331b1108e1e01,0.18185838,0,0,2
74ad2114700446837ed451f36107a056301a65fc,0.039717276,0,0,2
dc9032be284c70f53d8f9031cc90e01678a0e55f,0.11757635,0,0,2
6b9e6419fc944d3b5eac58187a6cd56e97328c2d,0.04887174,0,0,2
a424d2ff172aa3be9eb5155e732e6f61915d7b5e,0.37288767,0,0,2
004d5e672e9b2734a4c27f0e20504fc615da3476,0.41039723,0,0,2
b6b59b189c1274ae43e844863c7a2468c0e16b4d,0.053545345,0,0,2
73733206b943f8a03d18574eb7585285eeef05b9,0.061685223,0,0,2
fff00791ed30f338ffc085f099be5517dc359261,0.030167688,0,0,2
b8ed8bbd5eaaa6d3e463bde3accffdf3dcbb77b7,0.035352096,0,0,2
256420016e2321dfd266f9a2ebf672516cc936ac,0.04088933,0,0,2
c4161ee29051c6e44773fd1837d2080489727dbf,0.35189453,0,0,2
06e7d46a49c5d31abca644fadc2e3ecf6f9001a9,0.029509163,0,0,2
1e8a31f417256b9f555b537a09c13f1135addbf6,0.03156284,0,0,2
2d79319a8d4a3ea256ba1bb6364c1330518134a9,0.032024052,0,0,2
2a491590568140349f776b2a63bcb4ce74d147ce,0.03250737,0,0,2
32080b32a4eed0719b79f4be332ff5a55468ab7f,0.035879645,0,0,2
3f66e516a7f5833be9c87911952465220acef149,0.045634806,0,0,2
2a069edb7e7c46ef3c1f56e8fb6cadb779ed2e42,0.051667586,0,0,2
963757362ab2ff0f1636008815549322fef1148c,0.08751002,0,0,2
9f673d4da60a889ad5fefb6fadba1c40bb3e735d,0.34720582,0,0,2
1688a5a2444b3b636741d5675646b0b74820b4fb,0.2656219,0,0,2
284b6f5477838fce398036497e1acc206b1eaaeb,0.0427595,0,0,2
ffe28c43e0486d443234701ab9d791e703c88071,0.06295291,0,0,2
3761b5514470d3f06c9076b0821430d0c2cb2da7,0.20352301,0,0,2
a36442f0d08bb1a5b964b4c77d4c64eaf251c3e9,0.11465696,0,0,2
2ecede5902f9a132a632b8431a35daf5174e1a80,0.41171947,0,0,2
4a2e49fd8daa81cf2ce331c3a3795844e79814b0,0.103389785,0,0,2
8c44a71208f640835d7a205a7b6e58dc065d8dcc,0.03821224,0,0,2
74abd625bcaaffccddc3ca9faa1402b179c251e7,0.05272107,0,0,2
ea64efd6dc61cd9c9b1207d2da37fdbea14d6b50,0.11176155,0,0,2
530049b41c9f42e11144fbad4d1fec65ff0956e9,0.21314743,0,0,2
66c451d618577c1a1e1bf964ff990574782c3bb5,0.118899986,0,0,2
a10c6b01425a9c21cf687294bac43a63de0a0d3c,0.088418625,0,0,2
f9f92677a92ef76f92c90521904c20b8512b05ff,0.044304445,0,0,2
989135e762d3f00767240e7b42ee9e1cccbe43dd,0.06837467,0,0,2
12cd61925c37177a82d2adc76f6475e662030e12,0.21239637,0,0,2
17f4a06be88ed9c950e562aa72755c7a493b8ae9,0.037690703,0,0,2
c3768b0fba8f2f565118c611f4ced4bd6143d022,0.06209221,0,0,2
16d64a96a0a07468bb8b2d3293d374bd4373cd70,0.051531065,0,0,2
1f0919e28420fbd1568ea1c1fd4cf7b46eca9b04,0.20532133,0,0,2
4e347adfdb1a84535440d6c9f392d134a84969fd,0.036716085,0,0,2
9818f5ce6f76224f0d5d5c8ad583d854b8cc6872,0.038571317,0,0,2
dca231dd1b2629f45e65cf46b6f91803fb448aa2,0.19199844,0,0,2
9930786b2d05890fd071332dd1b9d7d7ad0e1b3d,0.041700035,0,0,2
b367c37c2e92ae652e49b361425bdc7ab3390f25,0.037001275,0,0,2
bbd32a63be1334620c1f52bcf4494de4b1e6931c,0.55073065,1,0,2
6868968abdfb03229bb0dd60e57a502db45394bc,0.052525185,0,0,2
3fcfac543d8e54b93695ea5f32b1820c5e5849dd,0.06297794,0,0,2
af50960c662e2d006dccd4156ca85ba3b2d3d5b9,0.034944076,0,0,2
99d1ccf360643d89b88bdd218fa917d365d95cde,0.050280266,0,0,2
3c32e5384eec3142bb017fde824dd1cc0db48876,0.029345192,0,0,2
b4621118821f29afd3d5ea47eb8a684f4e5ed3ee,0.04818324,0,0,2
eb3f760c1c38fe3910d979e75093da67f685e2f5,0.054670442,0,0,2
efb03bdc301d917b746e6716f2a074f54ded723b,0.030199781,0,0,2
3ff71911718c07ca1016ca855aece547061db85e,0.031374328,0,0,2
01f84f2b0d9c13ac82ad471469b6a5692d0f8cbb,0.30735716,0,0,2
a95c1598ef693cbd7d874c33eae82433693b75d4,0.42777413,0,0,2
6fb796db3d138b4e97dc1fceadf6bfdad74a3533,0.045469075,0,0,2
cae430631d5472394441cc82e142103c3a70dc83,0.05059153,0,0,2
47b76cc60f7b73188cbb47a0879aabfa0228be31,0.38536662,0,0,2
c64d12958fc711d667f26d0173bbaf96157d629a,0.3214611,0,0,2
643590426ee7255ee5e1e661b9e2ac8a9052dbed,0.04370408,0,0,2
31ad1256c66f47e58b7ef40955953e4a1c6bdbf0,0.05012352,0,0,2
3c984c22552eda0fb5b200efb3f239213a4a04ca,0.0893104,0,0,2
95db7d0aab9bea25d3a14db42a7787ef77861f45,0.45942792,0,1,2
1d6f5e40ff44f08fa67c6a2b57f7ae4a5e4b0be6,0.40782493,0,1,2
e0270b0562d42658a57c4fcbf0cddfb5673baf5c,0.3886088,0,1,2
6eebee491388abd2ad61a15d3f28b167c9f0f7dd,0.36808458,0,0,2
ae3f537711b1375c4892130d65cb60928549cf58,0.17685464,0,0,2
25ac3249dc2a40bd52ceccc9251c8446b036d197,0.20178245,0,0,2
6ce9662add46e3cf144be07f7ebf18e2d25a7abc,0.10977516,0,0,2
111c4a5e54dbb1bec6537eca02618e2287bd23be,0.20610069,0,0,2
e30788367dc7ce4e4e2d8152bc7370af8ac2fd0c,0.41062343,0,0,2
b1875ac1abf9ae86f5a589c5144c8c9902a1dfa2,0.30079874,0,0,2
307ed458578e68e68918d3ccdcf4798c57e084f2,0.28766578,0,0,2
0caff290df54a8a3b653840fe257fea94807d697,0.17688087,0,0,2
b44b3d95b321cef0281cdf130e8c286bfdcd60af,0.3282696,0,0,2
8f77bd63d8b5b2ab593b134fef2bf5e59bed0441,0.17008685,0,0,2
4e410e068b8d367c53766a7da712b1b6f3fd8101,0.1867836,0,0,2
2412c90ba5584fed123fa6a33e752e6c8eaf74e9,0.17028758,0,0,2
47ed0c7cdcb4d516e41769e38a9cd5ef4d01713d,0.20187677,0,0,2
f5ea49326cd5c09f0782b0d1bcbdcde9053ee316,0.39169845,0,0,2
7b0388878e522468f90ea163b15ccfba05616c95,0.29123962,0,0,2
a653374b2871d67f51cbb4ad2083444e9c3afe1c,0.22962399,0,0,2
430f96525f80fe4909208ee4d2aaff81c312aff5,0.36129376,0,0,2
295d46aeedf3660d89d6c578b84c410089f9b1b9,0.3979112,0,0,2
7c05411f80b6748b6b2197d2014bb98c8b0857c0,0.15133269,0,0,2
140846cf81678649b6bc29497c3534aebaa1f6c3,0.40547806,0,0,2
0512bc21bf4d0f1e391e4158adf0ae145d408ee6,0.34779704,0,0,2
283e14cbbdfa5bd246a3ea9dee5739959f64b4c5,0.19903289,0,0,2
354b72afb59ff145afffebbeac8a7478d4140e75,0.3069831,0,0,2
15c72674ebb4bd99790de97b5645f1531a3a7c00,0.22091348,0,0,2
1a3d74470eab60d668859571938b470723726139,0.21540499,0,0,2
330d5cf99c1eefe3fe86dae260a8873068650866,0.31171823,0,0,2
586b6ee15f526d585628a7162d10f08deea6a93e,0.37712443,0,0,2
71491e23d68df50555c52db62ae9bfc0a2543b6a,0.2505553,0,0,2
e56b2b598a2742ae8ac97ada82a97655b538ee94,0.35156304,0,0,2
3d129b7e2f6373f7885336225d3edc93b3f624d2,0.2881915,0,0,2
4d3dc80e4b3f7fd0e034d544345a568d6d5c5d26,0.16689941,0,0,2
269e6693ca1f05bb7e2623c538b9b934fa688f41,0.19626613,0,0,2
c2452a5af3b2f1db542175221dbc19eb492f02f3,0.4411803,0,0,2
9ac217fc697b3afd0963b897edbfac265ba2f571,0.22648633,0,0,2
a5f357667b195f9cbebc1d1de8f70c6e0c28dc3f,0.29880077,0,0,2
c3d13908a2e8ca7b9832fa693ca72bc228a4e92d,0.2772523,0,0,2
283351276ff704df65779624e195701a21f0e25c,0.34645528,0,0,2
38e3e41049464fa3b8ffc1e810f87c18d91a7bc4,0.34316748,0,0,2
49eaf68b54f4114a0176ee56790d8415fd64876a,0.28081125,0,0,2
42308f780fe3d0c2223c121493f97c747226bc17,0.2660323,0,0,2
ce5ead2f93b92c815f1304fd51dc3fd3338cf19b,0.2548196,0,0,2
e8ebc1e1dfe2b0bb7b9f549ff35bd2d1a1fcd2f4,0.23988825,0,0,2
a76f39d4b284633c6792d8c7977abf8fb52a017b,0.27170736,0,0,2
97a64af2d6adc157f6ec9e4d4855b2924caa69ac,0.27846292,0,0,2
5e2559e3ac936ed985d5fa9d7160a284b9a83644,0.26149818,0,0,2
dbd77cf4fb93996fb7f312bba2aaddb87e5d6a39,0.3131991,0,0,2
1e8be6ff174f1d7027e848d5788d63ef9827c659,0.2397549,0,0,2
0847a34f6d1f15d3d35ddd9f3283d54c1355b299,0.40351853,0,0,2
d1cc91686abf34d073ffc496506da9ef712984b5,0.4026873,0,0,2
0030e4bbbd3cd3cea505bb1e4f1edbfec5986fd1,0.28571245,0,0,2
3b6dec3c581f883cf9dff6f04512011cf277f586,0.473784,0,0,2
c1ea2007d4f6527bd174869603f53841380b5c31,0.4974498,0,0,2
87361f16b0eb35ab5fe25fe2ce3cb57a96dcedbb,0.36968428,0,0,2
f10f849935076a7c773283789c75a4c35b9e6c03,0.03791672,0,0,2
034be5fcdabeed034bfb562ae7014e021caadd7f,0.43092543,0,0,2
8c52cbf8dcba19310a569a23ad3e940836b5e7ce,0.42828897,0,0,2
9d4e26a501903d404a809acc8ce93df1751a5429,0.04658026,0,0,2
7dbcbaa0d72723a1682dfe340fe05b2f0d3cd3a7,0.023196774,0,0,2
b3240c0b4dec02d8a511b831e07eb0d03094f677,0.3921375,0,0,2
d37a2097286c6385bf8cc757944bb3568672d873,0.30899695,0,0,2
39ed7bdf558cd8286e62492f6c91d2af73f807aa,0.22941764,0,0,2
100bab5d8bdcbf802af6437fcd778e7f2b9bffbb,0.30654246,0,0,2
21892745c86fa03b465cdfabb99554e9659b1941,0.18164146,0,0,2
511499162fc2ea958f3c78b1081225d335b52227,0.4655372,0,0,2
fe718980550f0221041cfdb56f83638c328cfb9d,0.043768886,0,0,2
8f577fbc1c44a4e5e39551cad677978452ea0797,0.037729055,0,0,2
76c125c3b74a390a39cdcd6666cf7e9cea0e5c1d,0.3777393,0,0,2
203918573c29676b179b673aa7e41366dc4215d9,0.5367975,1,0,2
c82fe35c48bd0082c16644d16d82d1be79d6b9d1,0.15117022,0,0,2
158d178c58e892ba87d782ecf436d30c038d464e,0.15485103,0,0,2
e8c09f05be1310ea2ded05bdd808c46a1e4485e2,0.35162133,0,0,2
b184666c1975fa4050121c694e09a88060854eec,0.43055415,0,0,2
b83e111c619232be9ba0a7bba682ebc141b618b8,0.2201843,0,0,2
2a6c6ca711f0f0d6aeef30853d5eb05bc68c2e85,0.41754416,0,0,2
01911a40eaebf2aefbac34cb2760f7f77ccd07a6,0.17944781,0,0,2
ec733cbbf25c103c2c661625717527448a42663d,0.37474078,0,0,2
300578058c7d6db0671648cbc5bfca84fce6285d,0.4579173,0,0,2
63950ad11917411d82d9adbd0ad1ccc4884ebb4d,0.26407245,0,0,2
f9d6655b42d8e1b1071f78cd7f1e38cbaa20350e,0.42619398,0,0,2
858aa75ed257a24acb983df372f634c3fc6c49c7,0.33848202,0,0,2
76a941217f9272693b5484ef360e8cf6491ef3a4,0.1951951,0,0,2
7ff71807ce589931a56ae6f1306af43c6b8632e7,0.35214162,0,0,2
bb1135e50c27938eeeeb6e6c1ffb3882dceb9f1e,0.32160848,0,0,2
f0299220ba7dc33b1865068db0c184147283a9e4,0.32673442,0,0,2
4a6c36401518a45a709ade671d442e061138d3ec,0.39253235,0,0,2
ae5df796be80dfafb523072e4efb30e34dbee46e,0.38445005,0,0,2
7e19596505676c5b300bddc39792289441634f02,0.28088817,0,0,2
55e9d25f779a3ba726a9904641e656de93a1fac3,0.33656222,0,0,2
3b6468ac4f765262f68d3d289d25bea3da521c16,0.29570895,0,0,2
89b1661fde38bd12c4d83b9fbe696db0c8657a78,0.39777294,0,0,2
f054152346cbd7c8afcdcdaf55c39f9967edacf1,0.083240606,0,0,2
346009fc677b252d052e9ee22c6a4cd2be10a032,0.19309092,0,0,2
4c84e204cbce349f3c5722750561b91607d3fcae,0.46865675,0,0,2
c353239c4fd22b8991e1488ce81218b1c9769bf9,0.4018956,0,0,2
516f6889c9153a59110d3ee9bdd907e95e10cc08,0.4497727,0,0,2
7b6bf45d83c3ec028e686318b8d4f1a061723908,0.47392398,0,0,2
817666037d3c09b9138b161964b0fafc76d65998,0.24791408,0,0,2
c3b831fa7e4ad148d8e3abe2a0e3c089029044ed,0.44988018,0,0,2
5a5bbc662104afe8f020d89d6e560f2897678984,0.46152255,0,0,2
f8c39cfd773d797adc1b4ee19aa8fc17268946ec,0.24417114,0,0,2
8ab0ecd0af3932f40b931e1d84b2951f7777a305,0.053303093,0,0,2
599e57b27c19953487dfa3828432b8ecc7cb8b38,0.054857712,0,0,2
68ae60d779e3bf4a46064fc1b537057478a627e4,0.40306064,0,0,2
c600de52e107d1fd3d5a9c1aa1bdbbd6754622a7,0.067552425,0,0,2
8939061a3c0218dd3fd27f96f3e60e48f74622c6,0.32909364,0,0,2
cff360a340b48070d88a48f06e8748a916ce52e9,0.42586973,0,0,2
52cfbfd91e60db255c3285c90b94cb6e3a75fdb7,0.319851,0,0,2
ae31e56476646b33b0c2a1f03bb095145a22097f,0.22985737,0,0,2
0b683acf0a5910fdc4235d3103eccbfdebbb18ff,0.37083337,0,0,2
861646b25a39dcdf79bcf5a7643bfeb28e137a8c,0.025288459,0,0,2
3ea4d5d580a78213504a4611fc7bbab58b93db0c,0.2091268,0,0,2
b5955f5948a973a248731b774773bd225af39c82,0.40427446,0,0,2
09db9daa292e74b6bcff84edf406aec41ecf536c,0.103228934,0,0,2
410ab04290294dec74180043dc2aa635ca1e4e80,0.102338344,0,0,2
efe3699122699151984e8499da9d42673a42851a,0.033745304,0,0,2
d2f27093d7d95a07da901902f894d88b4ecc3e95,0.41778442,0,0,2
ca30fae3acb59a5caef3c3c21eecae7c928827e0,0.34575272,0,0,2
5ef5bd199a4e3df74479b4b363fa29b0b3092547,0.44038543,0,0,2
9e8eec78a71b7d1274043f55c9a5fc7811d53132,0.4268499,0,0,2
6a0a1876772e74a1d4a7c82669784f8bcca8397e,0.37290463,0,0,2
8c5c6b936ee6d1afb75cc2cbc151887937dbcca5,0.18334332,0,0,2
484698c5415bb578cb480845e2dfa930d3d49d9c,0.25115797,0,0,2
29a7e67999568a5c86b32ef513a90d5d090ad2b2,0.39991808,0,0,2
87f142f5c85c9a7e86d02b4599e3973e773f3d41,0.35258433,0,0,2
d664776d4cf41d7e1e46b92bd8a4e907cd3bd438,0.2236067,0,0,2
847a6d07793a198d28819731e5166f9ed3845164,0.17079687,0,0,2
fea1da48fef9e28026704e9cadaeba3e0ecbf6dd,0.19016741,0,0,2
c7a5a6afd5d2f7d8c3d518ca625b7d8a1445934a,0.039491687,0,0,2
0fdd249cadaecd32a39d25301f5242f9a92ed351,0.29165548,0,0,2
a9690db48eadd3643adc34cafd6ccc5d4a5bf589,0.2471449,0,0,2
e9a2edc877ebf928ad0c056273f64cdc861ba609,0.16515294,0,0,2
74989844d7692245f9e19b0e803d748c73e91e41,0.06472962,0,0,2
4d1c77bae99174b67a462bd5a44950ae08f46796,0.027215436,0,0,2
90211fccfc48dc36b7cd81a1ce18e1506a6f15a7,0.11901963,0,0,2
e246d2ac01f1ac741aa4673aed3d028e08a63c73,0.030762425,0,0,2
36fccb4325f924bf46babd4d8d60226f8dd3f154,0.4111712,0,0,2
5ce931b904d1f2961078b99049c293c11e779fec,0.37559244,0,0,2
cbbeae7719943308494825574a0002ea649b3de3,0.40780556,0,0,2
eec10fcf0c795bdfacef4c9933585f65f953fd58,0.45253974,0,0,2
516c38fd95fff30841f9af370f50cf1f7733c209,0.4211594,0,0,2
33c95771c804abc02223f24a0234343b93ffde56,0.28659734,0,0,2
b88dd3ed853738b8e7fe9652b953db569bf7f79d,0.19595535,0,0,2
a2ba6d54852aceda5e3bf9285730da743ef04e77,0.39589846,0,0,2
350f01c78374b4df99c1a84cc32122eeeb48b036,0.22730729,0,0,2
03239b0ea42312c7b5daf4520c1ce1caaf6189fd,0.18297307,0,0,2
a428e428df2766f1d1b2b793b3f812344fa61fdc,0.25624987,0,0,2
f1a582111a26c4044c289d96ced42fc1621212d1,0.21217385,0,0,2
5c9661c300bad40cbacdb391637dacc991f16da6,0.26441252,0,0,2
daa69a5981c7c12e0af5922f0a07653446261b07,0.15318164,0,0,2
1fbb16b037e62c6af90ab89ab3ac8d3633c59a90,0.23673892,0,0,2
03cb05cebcc65b923e03fa9f41d664885bdb38ed,0.23051539,0,0,2
f4b675664a7c633bdd62d5f85fcf3f95d11ade9b,0.32038358,0,0,2
4344ff7331a4f8908478e72c5c232c7a9d5dc403,0.3160724,0,0,2
5375fd9dc55f1dd01e155af8646d1ec67bd6be29,0.5134398,1,0,2
0bc43314c1216a88d0e281e7ed66244c47c57c56,0.30659372,0,0,2
30fce9d42c5675e9cae0db0401181f84a73a293b,0.065331005,0,0,2
abf07558021a0ecc50c265dcbdc5f2f99fdbeb35,0.039288923,0,0,2
3112bc302f32a74c827d672ca84a80091b0700d4,0.034771558,0,0,2
7e89c9cc80bc3fd2aab64f25dd816c6d14790988,0.28685862,0,0,2
2247ff9601374845012558ecf5963ebb7e1066c5,0.09621626,0,0,2
76390c0b54bf145f65532ffe1e7b24639f108247,0.04893903,0,0,2
9a92b8526cd13e092b5185a59c7ff0f68a1ad56e,0.359268,0,0,2
6ae55beb2d28bd6cf36780b4c58da41854dc8248,0.42507362,0,0,2
d681042e60a3a1e92f4c891ce9dcffd672868e7f,0.056372654,0,0,2
a793612b9e09795feb253aab9a738bd1f7280700,0.055088256,0,0,2
22fe7f3c8b3fa204c2406c3d15811b2581e1b7b5,0.539668,1,1,2
3856d3f0a0826be3ccc6b160e740d5c7176df743,0.40123317,0,1,2
4cc3f6e7dbee9e3684884780af82822485c4c7c2,0.44735426,0,1,2
4d00e14ec8d1e83533a8aeb788437568b417ca88,0.48707545,0,1,2
b6ae1d09c384b57115bb34ed94c90e256e4b66b9,0.6431557,1,1,2
11fcc89fec70aae7eeda710e2bd26d93cb3c05c6,0.531886,1,1,2
496691bfd82374f1c1bfee8719309343c2fa878d,0.32847655,0,0,2
6f379134ae1807cd404ed6c9579707e5dc6a6df0,0.39693037,0,0,2
db586baee29fc90f79898e9a274cc1bd585b5f53,0.317668,0,0,2
a67bdc013c9fd965abaca375b9b47554a115f40e,0.28385463,0,0,2
b745af3975a0bb3acddbc59ef85860d08221a010,0.32474625,0,0,2
90a73a4dee53129e33a552e49cb7835ecebb3a5f,0.281029,0,0,2
31ac0e5f3594a4517ba2be1735b1219cf85c715a,0.3423092,0,0,2
5499fa02b08b8546827a1a055c5af3f0245257d9,0.21119449,0,0,2
1261172afdae9a4b15dc9f691583261a1b020ccc,0.059674706,0,0,2
64573bb2e0bd2c7a7b1282b8a574a4796ae61609,0.35263565,0,0,2
b09b95124bc27f39e27ecfed90ce40947bcbf663,0.20179498,0,0,2
5481dd326025de2da7d89089cb969759972e7a8c,0.43723404,0,0,2
992911d0fcd230497ee3fc50dcf49042b7372a47,0.17648615,0,0,2
d0595b7121f57f1f49fe7fdc384479dd73ad64f5,0.26872352,0,0,2
cd1d329dba95dae161317c123269c24282001a66,0.39268267,0,0,2
3e3a1388368e8e4421fed0b5222904d40a8805ce,0.1158909,0,0,2
9f5af267e8c143e16f8b20fddb02ada096ee9df8,0.4610741,0,0,2
f8a7156259dcc1b3321086939234d80b6ab828c6,0.28435865,0,0,2
661008f8238acb71301b172a6aa9aaa8114d0c9c,0.17884748,0,0,2
469cf4d886f9a184168ba2d179899a600725d4c4,0.028515061,0,0,2
12d9a805a6df7afdccfac94a7061d369cc986efa,0.22692427,0,0,2
e83b4d8484cdb3dcef44ce3aede866663b526158,0.40787965,0,0,2
ff0e842058091b3310340f51a130a65a1cf6f725,0.040357582,0,0,2
a123142d947dbf38fc053c29291b555872c91ff2,0.042401157,0,0,2
45b5e0cb3a4a499ff8b0594c082d490d7b7b7c1d,0.03650693,0,0,2
29ce3e0e9ecc31a5c3cecb19246ff978fc7e7c20,0.13227355,0,0,2
3bf9dad70ea4b93de850312cec2681f3242280c7,0.039352164,0,0,2
90d775ce2270c35a7c514f5638b8a3b23d5a4f3c,0.02071499,0,0,2
0194bb8ca57e5a4a3fd5fe3c39b0ccdeb4711043,0.14569643,0,0,2
f8e33e702ca0570076c58eaa7a83baeefece9553,0.107848585,0,0,2
6c203ab46b24751c285f021caad9d8969cf2f45f,0.03839659,0,0,2
5b56985334a63d63cdd9bbea30f225013302a7d3,0.28330782,0,0,2
bf0dd95b52e0627c10c072f8b05fbad3f86fda71,0.074846126,0,0,2
bfbe9966ab45dc4787fdbc55735241023d826d95,0.031075696,0,0,2
69f38e81872d70705fd7919df3d771f28c22dadc,0.16886063,0,0,2
c5c231e643365485c5805cbca81070a51429de9c,0.028988035,0,0,2
96531689d341eb26103356410280447e94529b5a,0.37905753,0,0,2
da7e55cc7aac7cb806699d234dbb90a455c21502,0.17961968,0,0,2
6913193d33ed83bcb98cbdb94ce410069ce2513e,0.3471974,0,0,2
7f65af524d6b7fa43743a3c5593c3c57fee3e9d6,0.042935338,0,0,2
4493ec15a72045bcea25a4c6c9b4858ad5448b7f,0.027736578,0,0,2
1f207424031bd81af858ffc98e64152b3ce2f22c,0.034864835,0,0,2
cf9cbbdae44b88a7cc982765bed085b434f4816e,0.057965796,0,0,2
00d9578b74a107e3811c407ecc3da2bcdb166f81,0.31445393,0,0,2
3410aed6696622cb6b7b8bec088f9a92ea55227f,0.3661846,0,0,2
8d34352d3ca40ccee76e1473d3e132f7bd8d4a62,0.5292782,1,0,2
a04afd1f20290d0097b1ed9ef2a4f476e0b79ac0,0.31889224,0,0,2
825419f9128cb7bd01ca31b0179bff96bf1a5ce5,0.4315863,0,0,2
6215969d2a1f8d95667c208af868758c8636c234,0.34986657,0,0,2
79f997c1d6976f5327cbe5e80676a65245d961ac,0.03914458,0,0,2
4ec3674e06fd98a10de28be7ba6c6036e64116fe,0.19998318,0,0,2
6eed45b023ff3c609ef423f28fc87b42d0614f79,0.042133737,0,0,2
002e4de0d68ffab9af339283f02659472a1febe7,0.06210551,0,0,2
ef8eb3d269274d2e6e4915875d027ada1efa0470,0.055662483,0,0,2
78b8d323635b47f68a93da04f04d221f3412d9e0,0.41195893,0,0,2
055cbd0d42dfec901c7b2532f7a71f937b1d4756,0.16867016,0,0,2
771841e493ddd9839a4c029db6b217fe19968148,0.40832788,0,0,2
39f6f7fd6333da2b983f7d9001a7a51f31fa9434,0.16856433,0,0,2
6bb1b9a7bcf9d4d1aa0f4c12bb0cbb4cf4e2cc71,0.23109895,0,0,2
4824774675ec1a2c9e7b1469dd93a6bd09854210,0.43393135,0,0,2
717800fc588389b143b5c8ac20a0289a9217715d,0.44884512,0,0,2
0471658da03f5b01537153a72c0ffa7132709900,0.18374765,0,0,2
bc69f94466efb770e78d1bd89a8a1bd460fc437a,0.052197114,0,0,2
7a4fc498fbe96e83af20c5d0576c42a761fe3d95,0.2464706,0,0,2
3e438a80fc5ae21862125b13e9ada9b5c30d27cd,0.12084824,0,0,2
15b4031ba94a60f20b854e6ce2c7964d77086387,0.0344519,0,0,2
543970edafd3f8e08d945612d09663060718ae94,0.17402329,0,0,2
80e4a06124a712fde81bbee093ba2ddd71851c93,0.12467905,0,0,2
454a82cb2ad2853544e641c8c80f5ed34bbeb1c5,0.2635457,0,0,2
a2bde0190da2e32a5925df5aae1f2c37a4498bf0,0.1324764,0,0,2
f9dfa3fa6b9a28439f1226c202c41df9fe2e4380,0.2539911,0,0,2
c50da916c252ab282d978da3f114b81d91ec2912,0.25571838,0,0,2
e0bc1afd7878a91fbc30e79941af8a797637ef22,0.17504486,0,0,2
aa75d3aebeb30d1bb3ab0ecabd60201bfb3aaff4,0.34993896,0,0,2
76f12abd9d81587eda4c50e7816c75607b4b23ee,0.2524065,0,0,2
9900d951d41ceb438be79b2bf1822aa6cfd1f37b,0.028861148,0,0,2
f6dbdcf3acc3009f3ae17d607a2ac898e804395f,0.39421988,0,0,2
110084e432a04d061d71768c23f500f283081e31,0.38570753,0,0,2
656abed01d37434d69881ca1292dee710209bf51,0.39678627,0,0,2
d6d2307a9ca0ecf8c540b3bf7183de5d550ab099,0.13023628,0,0,2
801f4f4b10c788212d555729d5eed92ee1a02036,0.06817393,0,0,2
5fa1935c52f3866f0675e9fd64bd04d153b9f225,0.070530206,0,0,2
d728087751d2e6f19504876d7a3f40ee7b1f4d28,0.046215583,0,0,2
e0fc7b4dc80a31bffc8c8f87a2fe4153e6cd0cfb,0.25877267,0,0,2
5b743d5e7270fa41de8b4fd6ced0d82a6e38c38a,0.042355284,0,0,2
dc565c4fc02421b58db9c0f0cb9bfe767d904216,0.039229516,0,0,2
ad56c3889328fed27f021bba3f071f676fc4ffe0,0.24583687,0,0,2
47e13b0fa2ca7fb11e52abd429d538c3c9ab07ed,0.06806416,0,0,2
97c6c963e2045def1f19c650f638b304f6464c19,0.04591333,0,0,2
0b7369cbb67e46586e9e031c693564ce7ca583c7,0.1931794,0,0,2
2fdea0d5f462d48a97aaca3b987a716ca2934f24,0.09642977,0,0,2
2645862ccff2183b731e7d6f1a66df6f2b04a99b,0.045506924,0,0,2
27df5e894a2133e122ca7e78c5de45d26f7210a3,0.19437827,0,0,2
619aa9bff4055f51df04f5f837605785a998e9b8,0.20853725,0,0,2
4c55341a48427f7bc0ce30f0699c673f7e69f63d,0.04570457,0,0,2
27ae87a59cb2f0d06ea21d4a886f3afb9a14247d,0.15502153,0,0,2
962128ce971b2edd3fc9e4a85b417fba01a0246e,0.24402831,0,0,2
287254724ea66841b932fb5f6d8cbe37b04eea81,0.52979374,1,1,2
2b0fdf8fe719f234635f652bce0a5b2abf03bc4b,0.36863962,0,1,2
75d8364771414b52179e7084cad838b6c0a0660a,0.3578142,0,1,2
1fdb3a719283209e417d57b2d77ce93540de4cda,0.3998177,0,0,2
174f3ef3f43b680468d7535d5fa8ce3fb3a4d113,0.45134327,0,0,2
8ff705130a6c360e7d2009cb9f1a4d0a307985f5,0.34829912,0,0,2
a61f3728d4e2c6454dd0069148397745b6b3a5bf,0.30975428,0,0,2
f568436033fac9fe4dc9b38342a029f20c79dc96,0.040277295,0,0,2
c0b874406621ebda3c44029ffdf0f6017d6d8c22,0.39433366,0,0,2
52ea3c337615e386507dbafa686d1f02c03a4c82,0.108604364,0,0,2
8688adaee68dce1c54c05b44946635973b37fa06,0.37818006,0,0,2
27f467b4eab7864a4ff799fb2289cddd2c45d30d,0.048287068,0,0,2
1ffdfd2ad15f4f62b9474a2ae72f2ad0a42c6a98,0.40608644,0,0,2
24c8eb250b9c7dace0efe91fd1f36c799b174606,0.31154087,0,0,2
060cfeb90df4fda2d572fa63225c63e304c8615d,0.28333488,0,0,2
3ec04d06cd96131c7d2a508e1526a07f33efb490,0.28335646,0,0,2
ec3d2af993826b57cf47446d809db2c8b49c7a77,0.26057854,0,0,2
f79ba553c602c9cd1a673c30db79edb6b38f0db6,0.26396054,0,0,2
3e6117dacd54430e555a42a5fb8177f4553fdab6,0.39477235,0,0,2
7ee877a4db8c6d6871444abab28e95e9dad7c932,0.33396503,0,0,2
00c3c8dbf20322d372ebdc28c2b9fc25926a766d,0.34880173,0,0,2
07c01318ea4ef19ede234484ed102f94391cdcbe,0.3305598,0,0,2
f56aab06534e643ab1e413c36e367fa25e24621f,0.28066567,0,0,2
6d1c4002aad95031c84bf3bfa777852492d23fa1,0.36755636,0,0,2
7e3c917567dc3163c2228dd01e4ad90dd0b76320,0.34544477,0,0,2
167676d596bbbfe82a52f0dae6847cad025dc095,0.028490683,0,0,2
9c24b00d32acfba096d8b3fc12168bbe0ac4ef55,0.12922241,0,0,2
0e6578069293282865a3dd4843d4f80f52476e7a,0.046355266,0,0,2
81e60b1eb541557f5be44e7f663d5a816fa90227,0.44620118,0,0,2
e25b6fedefdb1967fee9f64e0d0242d6472ad828,0.08659991,0,0,2
7f8236cfa274504e0f59b95285e7fbf2efecda90,0.38319096,0,0,2
ddcfef13549be8395d2c9339632b3ebe80363d49,0.39567775,0,0,2
4a5aeb1abe8ef10eeb5488e04e688e2daaf4eedf,0.279053,0,0,2
13ce8fe63c8972c54ca717055c231bdc487d479a,0.3363991,0,0,2
8c12ad11eea80440bbe691cb50531c70f53cce95,0.21921329,0,0,2
692be5e1d4326c6e505c10e8dfc3adeb7958bd74,0.19855908,0,0,2
a733b7a87ce7abc0da33a3d56da82b72407683d8,0.2648101,0,0,2
13218943435188789ab706c2d97da8e2aba1770d,0.3180608,0,0,2
581baeaa99864979aad55bdd45f054c8a53c341d,0.025899587,0,0,2
80fced6db6c15d7833e2c06fac4098640ff4c742,0.11269855,0,0,2
0ff845a477db67a485e7a8c1cd8265e520bc8c05,0.1360407,0,0,2
66b24cabe95485abbe4398ff468a57e5ea0e3cf8,0.20674942,0,0,2
5ec70549ae7e7d2eb97d3d56e696dbf0cef7ca35,0.17369546,0,0,2
82c95c5f951ec316a717d72a46e9f1f7792dc818,0.44264233,0,0,2
0a4b1c3b316335a1ee22ea86c28c1cd58b1bb583,0.35648867,0,0,2
6e710a1f78a4a733020a4b2d1f07b6fe4c6684f0,0.6384038,1,1,3
951b253fc38c09114d0fe273a3758a15c151a8b4,0.6151174,1,1,3
f3539c7eb312b127122084279002d3fd238c9a17,0.6111637,1,1,3
7aa5ba380ef6aea0f2f594873b4c7378adab0f18,0.6076365,1,1,3
def1380280b9be6d166d3938ea4b0254e9b55dc9,0.6268063,1,1,3
cc06ae9bf7a1fb6cee46c40d2a6388ac05d3f5d1,0.6147237,1,1,3
7972f1ac1b85a5174c9f293ad98abc87edfe42e6,0.6749829,1,1,3
bd1c4ff86fa21358949e925274f5b8146f5d02cd,0.5681083,1,1,3
be2aa80bc371d600ab2230c545051ea6454577f5,0.6320424,1,1,3
68b033741b02c3ae54d649e858790732bc5c2d27,0.70799756,1,1,3
4f5d25205a9cec988de300a452d641a155406b79,0.59896904,1,1,3
d1e97bc85338c563f4f732bcf917a08b3cbf4792,0.6463865,1,1,3
d40c01673e866c3c3b5b51bce66e9518924cc31c,0.590651,1,1,3
5f7d5690a97b2ad95bbe381695638f0c7ca2c4ff,0.085626565,0,0,3
8d340a008767c5d954b7539e825b4c90eb15ab9b,0.06198871,0,0,3
84e490b66f61e11366b62efc42e64b60ae7db35b,0.09435519,0,0,3
fc939bf6838f4bf986e0b42fddee3df6712371a5,0.053712737,0,0,3
5c798eb50aec6040f415b6def1912d4345f8310d,0.040568307,0,0,3
d1758567765117cd395ea47319d3acde7fc663b1,0.055647306,0,0,3
517b8beb06f63301629f0ec3f58f6b667061d3fd,0.04539345,0,0,3
5c715cd84d600c0df0215846efaece2ab4673546,0.43948516,0,0,3
dff4cea14174548f52d6fcc66c9bfd7a339b7336,0.36252195,0,0,3
02ae34d1d3f3c9f9c25160cb14c119958f25af13,0.095229134,0,0,3
8e0e1c32ff1ed1da4f09fc9917812e6457e6fef7,0.07447468,0,0,3
18c5b2536c114c86b810bb3ee94474fec596a462,0.045757674,0,0,3
c6e4d8c9f534d3e70e79bf718e40724d56186109,0.12245745,0,0,3
5b5ecff53b50a67179f6245bf60047c59f027e26,0.07780961,0,0,3
46dcd98ceb70720f96d4cfa23b001ff108bdaebe,0.10032742,0,0,3
dcbfc80c4a14b91194fc8b74760b079cc0a4ce42,0.058442824,0,0,3
23492711d234f2fa647bac46997e361bcf985423,0.09766076,0,0,3
f10279a29d47d389a31da907695673a992555adc,0.17398043,0,0,3
8d5925b52b48b4c69934ea5c48aa298a2ec74e84,0.54817706,1,0,3
a30aafa016409048747fe9730d6f7892eb12d7c5,0.061276007,0,0,3
a3611513fc4de7234ef49ae46d646b0795ac7110,0.06987551,0,0,3
d0eb1d1dd1d9aed27c433d78a76962340fcbfc1d,0.102174625,0,0,3
1ae9dfaf45e0a51ee7d604551f7e1932d1787975,0.05247305,0,0,3
1c2d56e8a91b0f64317a9e02cfd4b45b03d3019d,0.040214617,0,0,3
2cd92aa6e3f44df6b0552a28b83022a7f92f8946,0.075027354,0,0,3
79ad715f02e02af76da0c6e47c164a80768a01ab,0.23513944,0,0,3
e5b948a1687270192753993c998d61c7a91faf49,0.09696322,0,0,3
b81a48d78dd9be1c3eae57cece4c88df92c30247,0.06763543,0,0,3
0b873b95a840f8cfdb51f4ceea3b524d46d20715,0.44650057,0,0,3
e350a38760c93e373562d6a3e906df5904250146,0.051888686,0,0,3
660431cf4f7e2bda887a0e35ad3a76bdccc14110,0.037973188,0,0,3
f65e9aa63f8f266023a986507834585a9580c555,0.09695272,0,0,3
535cbcd9f20b29b3c5a5d69f654cde57969b3788,0.06957344,0,0,3
2d650f890ff1409f2944bc56cdc4b518b35e06f5,0.2928958,0,0,3
1c4f7bde1c8f7d8c0e09484daa626fa4f40e38e6,0.6007442,1,0,3
b9a22fb6f6f460287993d3cf087ae5ff036a6c21,0.55970466,1,0,3
14d6a09601b68f60e6b18142b597a6890e5d581b,0.37981668,0,0,3
54fdc54dd24c9ece2bfc32ca12e88545ec923a96,0.094974205,0,0,3
0ff7c091143e8326eb88dabce078ca76778a587b,0.5413872,1,0,3
32ed6601f216dd1300876719cce837bfa9824e26,0.4401022,0,0,3
7df11e15457e8d8bf4e5730d20ec2412c429e091,0.46854392,0,0,3
15f7f84678a24533e42f2fde230c5f68d1b33035,0.1741901,0,0,3
2499f70cabfc8d17f2c6de124a81fc0940a70fa9,0.45338053,0,0,3
6526a5e83c1fb9644da34e44fdc5a3bb8a357c84,0.45757648,0,0,3
5904d90ade8663f5552b51036740352a9b796892,0.520841,1,0,3
fdb75911387f77912c37dcee0af4a2f2e0977f3c,0.06478248,0,0,3
538a97b115ba4ea44c57898ac7c4fbb77fe0e9b7,0.08324633,0,0,3
fa0478f4f6fb724233dc3e00a9f8dc557ce7cdbf,0.17851213,0,0,3
ec81d7ca5100fd97fe8428db02a2cdde967ac87d,0.063555054,0,0,3
81c40b9820625d3f529b116baf6b4a3d45dd2f75,0.050882965,0,0,3
2b085ae34295d5ae1d7eaea5a55a2df220bf1bed,0.20782736,0,0,3
d6a354e203e4901d3eb6a36b3aba620fdb222da7,0.5428474,1,0,3
37787b96ab21fc226ff267aa26ae58a58b2d20f8,0.104692645,0,0,3
f2f704eabee027175b0c1eaf934c08e7721a9b24,0.05135856,0,0,3
e1fc87d2d57c2d7ee941e651f33b582fb000dd73,0.047907565,0,0,3
fa8f024d082998c7ae48b21f3eb6f8f2ca56a719,0.053747114,0,0,3
6bce493e47fdac9e64a9ae1cb3c358f31975a43a,0.07638046,0,0,3
9daac904cbc627e4a43e72f72159c552b25caf74,0.6244614,1,0,3
658d5a97c708a926b0425585f9437a0c1fc2b81c,0.4140548,0,0,3
db695fe90b181948f271e4970ec83d4de9348577,0.067721814,0,0,3
9c06ff87decab7357d44d8766f6a277ff887d921,0.25366348,0,0,3
198d448ceab2bc061d18a1a689056bd2b96b76c5,0.45886728,0,0,3
46b15af8c5fbfb026be350ae16eca89fcdc87aac,0.055320136,0,0,3
b7e86cdd772cc47a031d187b79d075af8155c2e0,0.28007686,0,0,3
198e589e62f687a91d4c27057ebad918e9f9bf3f,0.049847245,0,0,3
fa510146c09a498e25e590ef5cc558074337fc4f,0.042646986,0,0,3
badca06dd1c70207215c7186a31955901b637661,0.04792661,0,0,3
91ac1574aae31a29baf883d2cf45e4e1f5aa9bbf,0.060205854,0,0,3
82ca28e2ec8fe9771f01b5aab3386311ecab80df,0.6691965,1,0,3
9f8120beb6b351608652002e057f97f8f6c0dfc3,0.07761699,0,0,3
c66b23747627a2b432e0068561d457cab9f97ead,0.07883085,0,0,3
a6a5e3033d424468cbd3a6af051aabf3b5bd4d00,0.16367644,0,0,3
2902a9a3c07e881dd7aeae0a55189facfab1966c,0.317607,0,0,3
fe487b3336f8279d8b74eff05c5ebfe6e01281f0,0.61258227,1,0,3
3076802a78f14eb1b4f23831d5a1ccec79b26554,0.052975867,0,0,3
5063d256221e7fe8a8c433401bea988d7ccb0a35,0.082693875,0,0,3
a6b9ca3f71d44dbe2562e13d63e4b30fcaccdf50,0.16423303,0,0,3
81fec3193ad12a0f78eb021c4a1548484595860b,0.33469287,0,0,3
902a680951f318488a4bbe0184a3a223c5709b01,0.069274195,0,0,3
b84f786db6d85cbf9973adfccdf135cb71824b87,0.05832041,0,0,3
a2b5c7a9aa0b5f617502bf6003d43913d507a11f,0.39896873,0,0,3
571725cb7bcf091b5457f1e2a857aa51e8a70f7e,0.21935777,0,0,3
10118c9c1b00d31868d6ab43e8171e3c16efdcfc,0.08372244,0,0,3
ee94e6d82370b6b6086cae2693dc2fe31388fb64,0.51933384,1,0,3
dc58a824466ed492fc6d5ab11960eb86584eff26,0.5213616,1,0,3
56c04300e8f05bdaccc2ec60fc751c09d86b7b68,0.087155454,0,0,3
03542311e2a461f0324ec700e98e78b5540bcff8,0.13590726,0,0,3
4746531428aaf9e3ae7d505b5a203350d138ea41,0.047184117,0,0,3
05b14fd01e43ab8a385bcfb53102a270ef2d9375,0.47412246,0,0,3
77868bf772a03d61701bc0d32dfafea63a0382c2,0.6425378,1,0,3
83fcd3e1e220b9f3aacc63aeb4da0a898684dd0b,0.5081803,1,0,3
dcde20001063fc25f622e4b1c7775f735a7255f0,0.48695466,0,0,3
82bd5be8735c01a767fc3ebc3eb92369ac68302d,0.6195373,1,1,3
e1188f368087ba4bcfada44d645e4f8661d7f9b2,0.6074052,1,1,3
2c03505da053d07cd3f729692738912bdfc2a5b7,0.62862617,1,1,3
3fd058c02a1f8881110409be33ad56d3af6386f6,0.6619822,1,1,3
bb3ddfe426cf4ff5390f742d35bdba02a4ce7624,0.6798203,1,1,3
09b1a632c17b34650d2bcf748be14690c9882e52,0.38732865,0,1,3
539e1ee1d68c27defd0aaad09a1a0b68e059de96,0.042470396,0,0,3
da69323b29fe8e373364b9399bc67523dcf2af62,0.07376966,0,0,3
c1ad21bf966d01dc5cceca82f102c0f7843d5617,0.13576846,0,0,3
efa756288e712849c78c4230df05c2d1abeba91e,0.043994777,0,0,3
2f757454dc41f4d130234aea68b348da4f12a0fa,0.050567176,0,0,3
24b5e00be753889e4907473ce57271acb290cb67,0.12921803,0,0,3
7f293a06a0b7ec9b554d51f150991efa9b7dd54e,0.29358366,0,0,3
95a524ea06e546330ec3d95b9c139b7edc599b86,0.11131017,0,0,3
314dfa80d4e815ba3c689cd3ad0d508209665bf6,0.4356355,0,0,3
c07d659cf8f7b16452472da6052a1de326bcb6a4,0.040136654,0,0,3
545536e34f180edd32fbb21b0a5613e6407f0980,0.053054746,0,0,3
225afb8bad88c9bbb70b24d9ac3c28fb21f39465,0.33670118,0,0,3
041e9565ab8b187ad0b88780a5fc0a5ea24f29a1,0.48224095,0,0,3
c4828bfd09ea8c579fa8840cd77733c64b8ebb39,0.05445259,0,0,3
dcaacf4cae54fe199055830f097d4ed504b3238c,0.4808475,0,0,3
6f22f4b49c2a3a59840d28e6cbe0c37a56ab1f90,0.46649674,0,0,3
41fefde64401d2173ff019a896c4dd72b4fa5636,0.053227425,0,0,3
080e96a6cdea2f5fe8727b8249044b89bc54395d,0.073404945,0,0,3
497147e3e6ba0a50c32817e14985ca5bf1041f9d,0.4704073,0,0,3
40708bdf04dae6aa49bf8f3617f2efc16c83c5f8,0.46195975,0,0,3
84ad767a87c69a265e9105c51efdd87ee57b8635,0.25239924,0,0,3
f0e8d41fc8cc746ba9b66b72646db6bd8b25c6fc,0.43834847,0,0,3
df5930892d9c6eda392b96bdae2e7afd342f7866,0.44104722,0,0,3
0cdcb1fd8df9e9185cd3abb128d927d25d7de8b5,0.28223646,0,0,3
cf15c51722dd4b406876dce1ccd52eea787d84b7,0.45934057,0,0,3
b691f81b482175665b45cabc056e58ab0df03ff8,0.49782276,0,0,3
fc8ef4d22c95b13b907ed14b19cea8ff5fd1e653,0.05554272,0,0,3
8054f746bbd6191f5a297cf6f7f26f9fefaba307,0.08489648,0,0,3
fa21d6f7e70f057c42d4af9c40ed47d3d841e5b6,0.059696056,0,0,3
bac647543497f0aa2a9f92fe726e1eb18631b4cc,0.51223767,1,0,3
cc6ace18900eb92606b6a312cb1ac5c4ab5f435e,0.15246601,0,0,3
c947676916c99f2feb5e183aef9629a1b21d863f,0.15862018,0,0,3
1f3dd9ff8a4f8302eb4c0bf4072d2bb7d8aeddd9,0.0437079,0,0,3
ca7f64f016d8354aecd38ef73405e1b3267ca791,0.3456042,0,0,3
06005610265c342b52051b997a43ad6e963c5a0f,0.3093092,0,0,3
4a8068579ea5bf1e637f8bed09a203508abde315,0.038046043,0,0,3
30c217ec400b9175e9490807748ec3e48fe2ba22,0.38857058,0,0,3
d80acb29c04a8e92a3ddbc539b0be8a521098870,0.66812646,1,0,3
e43138b0b5f0912cb358c0e73eb6247b273eba75,0.39969468,0,0,3
1b84f2ee7a41e8ab12faa73130187763ee5858ea,0.04497631,0,0,3
4b5ef21ed6104befc80e1dd501f964e7ca6f1ce6,0.032603323,0,0,3
c6c1971ca1fb5054a0847b0884488165606bd703,0.056225337,0,0,3
68e0a9c71443738b1842e99925d37bf545f5a151,0.044257257,0,0,3
7ebc8107a22038c06c0b0ff095f9f73d854e1422,0.38703603,0,0,3
9003b5b5aa4465e84c934819f45c1ab4365dc51c,0.50598913,1,0,3
4b8647bf6ce2b478e6bc90d0158ce81939a14378,0.06707346,0,0,3
2d1614a2077eab0b981d4a0c4c6e10a7ecda71cf,0.48049694,0,0,3
3631295c437c5b8915afc7b2b259496eb2d5d782,0.5105237,1,0,3
b12610d35e7798c66fc1d9b0811d10aadb87569d,0.042740844,0,0,3
f3a785108f853e327001dcd435e92525d7fba96c,0.5699277,1,0,3
881a4ee8db1e1826b749579d2284ace982c953ca,0.057734236,0,0,3
e91d0f0510ee8d69c76ee89b4e57341418866c6b,0.044767912,0,0,3
8f7c59ce888a687a6c9089caf0c5469984a073b4,0.076805934,0,0,3
3c644cf87ec8c0e6313b3a10b6cfd66279b8093f,0.2610531,0,0,3
fb7e1e265dd9e560b3a3127a6593b6602f60026c,0.056372605,0,0,3
1c9c43c1d4bb76d7e47cdfc9c6681a38305a95e4,0.13163473,0,0,3
18f181ada7826542725fa4a9460307d606695b5d,0.7454101,1,1,3
bb7e8951cb6ef08ca9df5fc036217c3a45c4d33c,0.60057133,1,1,3
e280c8636792c5426e54868d464c9d28287a98fb,0.59433573,1,1,3
54a7796ff234a9cbd2c66f8b1e5621f0898402f1,0.5499587,1,1,3
8e5867eda8328e4cb2e103d098d0c9f3c2fab50e,0.4832486,0,1,3
e42da5d9d21438c220768464b6a1f5b36bad92a5,0.51031214,1,1,3
c823ac5673e9da094a3b24b99987a533c548dac4,0.6480833,1,1,3
7573e9eec065ac1ccc2134aa751a191da3ca3dff,0.07714986,0,1,3
1cdc902f3d7cf877b4db7a31f19eb1dfd2fade3e,0.53320277,1,0,3
e9ea52189a92f7e2ab051e4d75c4e0c872034b18,0.4900529,0,0,3
ab0a2f761f4529daa0a1e7128ffb8ae417a0104d,0.20130438,0,0,3
7ebbaea90e8002f5542e22bbe92075ffb5383d2a,0.4965843,0,0,3
721730b00b1dc2ea616a3e7958e4ad15134de975,0.10756263,0,0,3
05aae985d9d0e26cf278cdd6f69672ebe3f8ed92,0.41329604,0,0,3
f7222ca6c3b6c1018a52fd649029394e6608f1db,0.05319869,0,0,3
b285f17023da248bdcb3093283e4b9e930bdd09c,0.46335477,0,0,3
af858a6ca224946195b1923a780678b20cb99603,0.3472646,0,0,3
fa027a4685bacd9e32b3bc7d875717b4457f6829,0.43838388,0,0,3
edf56632b8a5413f5e0adfe2d1b65e595b88a1d0,0.14706956,0,0,3
58693fbcb3236a9adb0f47088d88ee3ef7178cb4,0.6241415,1,0,3
91291520cfd5f6c2c91fc242018860c5d1d277e4,0.4569546,0,0,3
7bbba6995a12412cd7cbe1ca693057c5299ab4cb,0.49860168,0,0,3
ea030e732e3556a2a4fa51bcaabc080927ddfa48,0.54624593,1,0,3
310008f48c0a830138d35b3024106560d55b6bd2,0.4552605,0,0,3
ca22dac3f852c7290f60c3c3a5d66fbecfba91f4,0.085125,0,0,3
bcba29320f5f6f860335266d6be8249418ceaedb,0.0849698,0,0,3
9dc30fddc109504fc80fb62e33554d54cca47faf,0.036131058,0,0,3
764f56955d499fae11db1aed6e7f0d2d0886e6f9,0.07344605,0,0,3
2933e5773b1d64a9348024b2a6e8dc6dc90e6590,0.5673605,1,0,3
0fa8bcc008b6a011d6fe41e64ea4379d0b57f20b,0.05528053,0,0,3
7897aa6a83a5e63da487e72c2735fb042259f6e4,0.14892644,0,0,3
3b501993588d27d91ad526a436e3a10ecc8d6e8b,0.040207755,0,0,3
b353d07bcca9fb62ac387d69d3e99004e27f14c0,0.573166,1,0,3
6b43922648fe2dfcb4cb1aaaf5d795f00a6aa174,0.12364259,0,0,3
b268dfbb824ef307862e489aef7e71bba4cdcac5,0.071966484,0,0,3
b957ee1646d893fd946a8b9a53c779957ae7a240,0.031772394,0,0,3
996c0c164a083c3dc2fbf2768750e3b3a81d77e0,0.56982017,1,0,3
12ddf37f23cd77903729b3e611ffae10e96ded47,0.049650244,0,0,3
7e6304ce63da6c6341cb072abfd08caf0456328e,0.6987858,1,0,3
b9b73fbef5c0f18aaef22ef60442518d7f23ec83,0.06084092,0,0,3
675d4c8fc848ec5438e48deb2e8218b6f0078814,0.1302177,0,0,3
dc666f419e691e6a04342bdd9cf2e899455a8738,0.095426306,0,0,3
9bab875f03ffea0aacd1d92fbbecc96d491c1201,0.14041553,0,0,3
8d3d915dbd0ccf716f0d15b6b2396cff214d9cd3,0.44928652,0,0,3
326beb22c6aa872cbc0ad3706cfbe706bf9eab41,0.43516055,0,0,3
ad882055edb50369bd174ae56a372838aa89cdae,0.21284403,0,0,3
a7363a2ae67b585790896de45f57154474480fc9,0.050385453,0,0,3
2bc9e7ea86a8cc1c3b2436c46115c87080228004,0.13764636,0,0,3
76f154179b8dc6940355d7fe7db468314ca39e84,0.17290309,0,0,3
4080feff61e8dc1cd4af2361990c33c9f1014147,0.07088009,0,0,3
97accb47de63ee5063eda23641c6017e29ab81d7,0.035727423,0,0,3
cde43197f980538e411d851735ac7a63ddd613e1,0.031244295,0,0,3
0dec6e76fb544fa3e8bf5fd17f16314735971dd7,0.55951554,1,0,3
f820d06fc0d1204b0cb386214ffeb42ccec669ec,0.029654197,0,0,3
566c4d59a177be4b65d17540576eeb34d28d24ce,0.5398401,1,0,3
a516976947341e0e18bcc0858d85d34cd0c02cdb,0.53071654,1,1,3
7200c43dea3dbfbd9d38b937c44b6e71744b05c5,0.71534604,1,1,3
596ccd59a11ad5e9fda19ccd0f4fc714d8d3394d,0.66456234,1,1,3
301ad592142079d36f4d33f5309c103c7f4f5dfb,0.5172392,1,1,3
f8a8ea748a0b3015490ccecec7b97f0ab2daf9c4,0.58948916,1,1,3
8aec465b44dedb7deacf80111ea5286914093094,0.2924134,0,1,3
34f3f4196084768b2ef6b3db4608d8eccec50364,0.44083172,0,1,3
c53f2106109153eda10c47a6960a5a579d1530b8,0.5170358,1,1,3
17f52a2e559e68d5c6ccc98fcebb5523161fd0ed,0.44060782,0,1,3
fd7a4362caf2cd69368a38f2f71ffe19706e341c,0.6701323,1,1,3
753f278d10fc0c92e912965379401ac182644101,0.67146635,1,1,3
491786ce4182daa57ea61deaf701f756f57f6f1e,0.6819104,1,1,3
de73ad3115c19d5f0771754d233d74055a2a10bc,0.6384893,1,1,3
d5f586bd4e1a20fc09a33aaa5c2b9320f4a2aa72,0.6440544,1,1,3
8d4fd1dabbae4d7ebc2b273af9275ef8bd0e1ce1,0.59607387,1,1,3
6e5eedb3fcebc5894c41733bd26c8b4d9197873b,0.041495126,0,0,3
3b7d0b95466139a147fc504b7c18897dcc826c65,0.44066837,0,0,3
6a82f92584b36e28798479c82c0d3263c6347b90,0.6653879,1,0,3
b8e9475505fee98aae2819c03a33c7aa3db843d3,0.40286577,0,0,3
a14acdf6395f588dda7597bb4c7810dacaa503d2,0.049890894,0,0,3
85a20aad64be04127106f492e26f6ad6d6c228c8,0.06625843,0,0,3
1325e114108136eea3fe77a4a270a2da7eff98e2,0.08930671,0,0,3
bae46709ecb13f80aaad0d279b3618ab83d09275,0.11014825,0,0,3
dc5f850d1d9b0b952b7f0dabd6778cf0f7675cba,0.041416436,0,0,3
b4abfb93676fb0abbab1d9bac40ba2714a3872f5,0.061422635,0,0,3
9a9e7268162f9fed146c74a8acbd234d9bc2ed84,0.07958404,0,0,3
b262c2359c9ed53dae3ce2ce7a0092273f4eec65,0.46829888,0,0,3
c30b59103b6f1390b0040ee74b985248e8b1b849,0.45464,0,0,3
0f36265123605cac6af05b7b8c8f4036b58f4da4,0.07873485,0,0,3
cb177b56b7664ab323558545737646896f4d7e70,0.042858504,0,0,3
15bdcc3be2b84f68ddcd822da52ef045ed89e57b,0.09554938,0,0,3
6a8ba1fecb47e5ffd5387654d0cdb7c372ccdc9d,0.11991381,0,0,3
75efbfd6b21ab36fdbc440bc001c133f824bdc3e,0.041753005,0,0,3
f7e42d2ccf949a5893a439227c8c6bafd2598f26,0.08373405,0,0,3
c7fcb448c99ae5fe9db9b217bea1233df3ee6e57,0.055532854,0,0,3
d0721feadc1e0cae6efa3e0d82f523debc5b8d97,0.089001946,0,0,3
5f47ad718e0ffcbbe6cd2f8d32b2e345c4af3a48,0.562474,1,0,3
745d383af12137ccbcbe1f3cb4c9db73f87a66ca,0.057251617,0,0,3
d746a54c2ee50711283bb49e557f58ca491e1bac,0.059102003,0,0,3
a56d4998cf16ff08f5593fb7d4dda66ca05dc269,0.20814876,0,0,3
03e65c98da2a0b2e27b14713543c2a61d56b1237,0.081854254,0,0,3
0d3545e5f68d024cd4a05724a15746d8dad986d2,0.10988004,0,0,3
6b1b592887d9ce95fb5af1e216bff56b18c7902c,0.53628737,1,0,3
ccd0fd51a5712ef1d85110eb61130c906fe4db13,0.45593542,0,0,3
d98897b11e6f4adf1d0a91591b1bb6be501cd29e,0.16832201,0,0,3
4e08e17ec536038c9c0dd888f77b912cae82816c,0.51210415,1,0,3
86eb3a2fa74988e4ccf3aae7f4b77edb84555320,0.44286954,0,0,3
45df5da2640f8f097915b8a2a0249ef0f6cf514e,0.135142,0,0,3
76b7413d2b1eb2dc22f05de5b76f9519be5142e0,0.07797412,0,0,3
bfb3cf8bba6aab198c4644e236bbc9f3807111d0,0.054779246,0,0,3
093e3bb2e3cd9992f3f0d14373d406bb9b2ed36e,0.06586227,0,0,3
c440f668aca99266b5379235f6d99d378630c938,0.4311968,0,0,3
a1c5a582760c7f65572d0883fbcedc843332d7eb,0.12333993,0,0,3
0a499402d707bc8cf775d7f9b3840780a7401f7d,0.09206353,0,0,3
8e4e5221515f820108f48396a18ceaed73de8dc1,0.46820772,0,0,3
3a4e18ddf151a624eb5c3596ce8400ca4679ef97,0.14888649,0,0,3
8ed40d530295d819e0ca964b2d4542f6ca6a9929,0.04313303,0,0,3
a6abb8b00355db97486ab5023305c3f4e9e19ad3,0.07578714,0,0,3
b494caa01985c623601735f1bc10871cfb8aa048,0.4115152,0,0,3
5597ed7ea300ae3d08cd893b0133bce26038a7df,0.45484504,0,0,3
002276ea313fd880122502e9840b43f996acd537,0.034178585,0,0,3
bd5afc0b5a977c168cf046e3244477b48fa72c5d,0.047748074,0,0,3
b313ae68888445f4c08521bbc8d19f39310c6890,0.04280074,0,0,3
a675ca7802065f459a96bdbd593d8dc491180cbf,0.4256333,0,0,3
8be87e032a8c05622148357f30bdca3c614a669f,0.3968882,0,0,3
96eb80efe1da48f37846aa899260aa0c84b15944,0.029615076,0,0,3
75c2b24c681e314c4e4e07243b31430ba4e42723,0.5139005,1,0,3
276e22858cdd56f5725e0c2f7a3522df99967973,0.05101522,0,0,3
471e6b078a7891aea99b77f200e828a7b1c9bc00,0.058439516,0,0,3
6d7ee38ceed6b496d70502e276f80be6de618014,0.047297306,0,0,3
5cfd99f0dcd0d10689e480f0854e859079f125d0,0.062327355,0,0,3
ed6c47dd9ebbb2e38fb3e17a2b961f0fcf0e6df3,0.045982856,0,0,3
1fe7a43505aa9d00bd9dde45aee77935a5147561,0.40050632,0,0,3
387880a630c65b955a3329a2f7b987214c41f6da,0.57122767,1,1,3
cf4416a84203ff9d360d4398da3b166e6d0c72b9,0.49970663,0,1,3
a7fe613853516f0abde34821996a0424882bb919,0.69588774,1,1,3
7a8a7783315917b56b6a71c4f28cec4ed1d91a7f,0.6150796,1,1,3
9c545d44a4a703c88d417a6fa43298a80ee67735,0.6311311,1,1,3
4f73871cf40b6dd05c8872d39246c67f798ed915,0.05517887,0,0,3
41f297809965523fcd021bef20b304b3584d9b4f,0.04712813,0,0,3
03178c8b15f1b522b98ded0f83cfb0e79f5ec4d3,0.034022335,0,0,3
f70741c9b216d3836d047c542847920d4778cf9d,0.036677543,0,0,3
5ca0a1c3564d35293a5ecf03e5f32e6f0f6f445c,0.03938272,0,0,3
4c4b3e2e32ddae35e4c1a6ffce1cd2b2eafa958b,0.04670689,0,0,3
72a46babeb0da02071e47425ebd55da915b98178,0.037824113,0,0,3
9c51e5316babbd370bc32aed0fee134216726ec9,0.06318093,0,0,3
392323e2d44bacdac605c1a4f037f06e21dcc239,0.06816292,0,0,3
10dc13c80752b0489d291b54440212ca54c59fee,0.041905705,0,0,3
7b9df59a96adfce979c8c564dc5eaa6a29b7f25f,0.036522366,0,0,3
818533e92bfb1c142ae4ce5be18ab92d1ae17025,0.103067525,0,0,3
47fa07eade06908ded4206651571e71a2fe684a6,0.04842929,0,0,3
46e97d9e04591e8198ff38bd2949fd5514da0d3e,0.044632126,0,0,3
08cc26e70bf145aca293d55fce12aef835263f53,0.08915664,0,0,3
6c21bdb4a107b49e57c9e5d6598d13ce6f85fc5d,0.105364606,0,0,3
18a027b1f04e420c18ae57aebe8fd031b5ff251c,0.07023402,0,0,3
82b84c0fe9054198099752a66575cec0c47524c8,0.033954695,0,0,3
b10b90b0a3947bea98e3646e7d29f853f3b5c6f7,0.038888514,0,0,3
8c141a1705808491f16a27b53e1ff0db0a2807fd,0.0559538,0,0,3
40f969bc9e162deead55967da3c128e2da933dfc,0.06717284,0,0,3
f348d34fb1ef3c968e2981283618aa85db203901,0.03816848,0,0,3
999761ba1bc5da820a1d2527c4aae29d95a7013a,0.44901973,0,0,3
ce131449a4ca0b06c6bb27ee5d8d6d89b1467bbd,0.040040504,0,0,3
924e1e9064f90d958b4f57e9c9c0c543bd19dcfb,0.043977637,0,0,3
f36090e3141cd3cd6fd58f1f46a30af2582559be,0.03399831,0,0,3
6fe2094e30107512e470571bceac91cbedbd21d0,0.22300762,0,0,3
fb0078159d2463da149de54018fca79a9447153e,0.03448423,0,0,3
73351b6adbf403600521505bef288057beb2bdde,0.037703577,0,0,3
079a07fe18f654632b80b274f247775582261e5a,0.035172116,0,0,3
4158323ee456bd412e7357a4a6bc8bf50deb5d9e,0.03821352,0,0,3
2fd6c8fa1e392f985ee860d8ee154a612ddde569,0.030321326,0,0,3
66d0a9a0a00dbb259425f17745f7dddd7e676f71,0.040803608,0,0,3
e14d9ce8e3c57b7352a647c0a8e62eeb88ebfba4,0.052118685,0,0,3
9e0c5ad4b3148f42f3940faf7d67b305e34bef0d,0.3589505,0,0,3
fa1aa44c7623fb2142e588c59eaf56db7bc237eb,0.053115398,0,0,3
8fdda846c4653b6ccd49c47a9586c374bb20a255,0.03448361,0,0,3
a94ff90ab6cd2d92ccb2eb1fd7913b4e5256f02b,0.6542443,1,0,3
268bcd622685b28c2d50bcbce64ac38f7e90390b,0.72109336,1,0,3
09e31a01b51d7418fa0034ecd4cc11848436fc18,0.70983523,1,0,3
487ac1980148522d628e1d2aab50b107c372798b,0.0538763,0,0,3
34646ec9b52192a71e52ffc09cf7fefdd506c48c,0.059750985,0,0,3
7afc1c34fc16ec04f82105f9106b7d1e5232c4d0,0.03722174,0,0,3
00439211981af7b5baed495f526ef8ad76ee7c5b,0.043872442,0,0,3
1d635088f697178660b6e1c9a89d2b7d3bbe2d29,0.03624624,0,0,3
a4a62ed7c1e3c7aae09324f0ad1c6078f0fba471,0.047181223,0,0,3
b3a68ca842841c4b9713462d5f01742cf71a6b4a,0.080574326,0,0,3
2d868410eead061d59de524bada4de9e3d2bb442,0.046285797,0,0,3
813aa11d505b9507b6795d36070806cb2d96e5c2,0.059652213,0,0,3
88b29fa46bcf6f56df4213e1ba7810735a28d755,0.03639808,0,0,3
eca374db08ffbb3dd8de746632fbd74acb8f2c92,0.0519565,0,0,3
2ab17f529d07c1f618ea08d968b2fdf3a382a792,0.036045462,0,0,3
9a87c766bb3137a50656871e5dee5a309543bc7d,0.03156256,0,0,3
9ce4e1a371418e5eacc69227885815f9a4221c65,0.5814468,1,0,3
c7f7da754a911302dcaa6935be6fded84e1ac348,0.043398056,0,0,3
4cbb388ba9099be121f81d75000acc3af93bf993,0.0446868,0,0,3
87497c72460c9c58f829a372d741b386fc2ac8f8,0.045174304,0,0,3
921d0d60d40d8fbda29f14a64e848c70026ea32e,0.039142236,0,0,3
f9e72000a17eb9d524b38a9f2c982c037dd94891,0.31404895,0,0,3
e34f50dd1083fa8ed9fe25fe701b64bd2ea7efc0,0.49800918,0,0,3
581b474f4b194731eb9cb22cdde7330a1ec81c3b,0.42451882,0,0,3
e0d17fed51f5018fc34578699d824c20efc44368,0.46274573,0,0,3
4fc5b3402c58d6a4b317bf23b896ea91d22af6fe,0.045673624,0,0,3
d8e2f892e48423fda73204be3ec239d282e71c65,0.07848216,0,0,3
8d6d088622f8e4ea89e66ccbe097510fb4c932fd,0.35032174,0,0,3
f0943a7242041a16c8f7fca845592e48bb19ac74,0.21691832,0,0,3
d1123894d33922e7c8ca838f9dac9bdceefa3f7a,0.049449135,0,0,3
fb83ba3fdb46537a36832a900f124d4c400f7ed9,0.04004309,0,0,3
e779883b29a67d411493f985de984ffb8088ca05,0.072112784,0,0,3
a71c820baeb91025eaa7f07b172a39500c6f5692,0.06261279,0,0,3
a4eff51bedd73a0ea56afc23b1021187dd03561b,0.04814445,0,0,3
8f6bedeb724fa78583c26423aaece05cfddc04c9,0.041682623,0,0,3
fdc116f0bcda6d1fffbbe505d0687b0406e92fa6,0.03357425,0,0,3
66608db56c41e91ee34fdc1e6157d69b69893fad,0.58567727,1,0,3
5366158572bd88f18df7883ab823ea62b7701d77,0.043831397,0,0,3
2df0a3be66f6fa1067d976d7a05500beff7eda53,0.04215665,0,0,3
e0b2c86c8754312d1e89307fbf84e6efbfa9fe0b,0.3059232,0,0,3
050dfa6f0850174fdf958ce6751d2f06900201f8,0.4584916,0,0,3
7530b4bdceef0ef37af252f0b97978554fb9b99f,0.32189217,0,0,3
a6eda3d8eff423ecb4901aa07339364732c02ddf,0.035998724,0,0,3
a5035d0e1cde068320984d789473e1140adefdc0,0.33244774,0,0,3
dff43a0530a6fbd524e3af24795cf6b92142735c,0.57451963,1,0,3
1d5f8faa87a410fdd1141ad82f270ac238293770,0.14199606,0,0,3
82f4ce516c18ef5fb3096f6a90455fce90a5b290,0.04853702,0,0,3
228b49fe2afea3376c4f30f80bdeb70d083a9206,0.047947437,0,0,3
adfa016f3ef7ff262643e0f0a5a54d3ddb7d7e1d,0.051173393,0,0,3
f72b5e65c0c5210cc0be585959ae84fdbc87aced,0.029701838,0,0,3
26d668f6d5a2f202ef7ff6a73ff3cbd7bbdf4b06,0.0344476,0,0,3
808149305ba26224917e29aa0c0089701bd91936,0.04112834,0,0,3
55fd738c86ea1796d5152d818ab4b5060bb11803,0.029995179,0,0,3
7a8dc00b8be18a9271e2d9c2444ba91077ffafa5,0.038074974,0,0,3
34515698878ff0a4641e72486f0ae8a7e30df0d5,0.034158617,0,0,3
96f2b16b3efb93580e6aeaf1da97d9dffd5e260b,0.36635303,0,0,3
b577805347d56f1927615fad311868a3537a9cb6,0.29468027,0,0,3
e366894658914c0f2fb41cac003392b0dfa6e4b7,0.6151319,1,0,3
3411f29e2377788cdaa5a4eeaddc53355f085a78,0.052970026,0,0,3
880b04814c564ea7a1bb8fe97c15b4735c67e8e9,0.036667477,0,0,3
8ef033be5c92a895139b4f910af5a7048f340cc7,0.05711953,0,0,3
350c477161a0d1df94efa02109ae07e6acbc527e,0.06570325,0,0,3
0880a21c56cec1a2442b5123c3845bfc99e83a7f,0.046815116,0,0,3
84143c462986417ccfc5e8c05481e983cf668e2c,0.028824663,0,0,3
f16d5b1722eb55c2d55eb623999f16799b088b98,0.048771806,0,0,3
ac37165ed7a22cbdeccfe348b10245dc83b414b1,0.057202898,0,0,3
d9ae4e2601d4c0744bbc275b6b4f503477b789ea,0.035883367,0,0,3
7c1a59fa7ab58f5f7cdc124ff2667cc501570a4f,0.03782387,0,0,3
93d35c8f291b8953f8460c0eb02a51cc6d6cac22,0.78086966,1,1,3
b77184a2189c8f91100d148354d1fdf38e83d13f,0.67159545,1,1,3
f81e0465460ff9abd450eda836bbb4f9b13837c7,0.5982277,1,1,3
6fc152e4177e0482450b13eb7fe496de677ce5b6,0.5747801,1,1,3
0c9af5f450ce73da9b791051f861cb9a6420e0f1,0.4777756,0,0,3
11409e628b0461be3c268f81642ce36bc4b0bf84,0.34520578,0,0,3
63a9488f2910434851e98a8fc0ec8c053b24083b,0.30219224,0,0,3
d70736425701b66bd64ad3aab3941bb930a18b66,0.3979972,0,0,3
7331773448c1f2e0b24deae4144db0deec85fc07,0.21412663,0,0,3
11a7e62a898e54d66936d1b8b67cb5e62578ba98,0.21685489,0,0,3
0484bdb3f61d309ff62da4df4be92cf139d19f6b,0.29759312,0,0,3
f9f632e7056cd9d2b3c88bad50fe0597610e2eca,0.32926774,0,0,3
a3fae474e5cf5084c89835fce1950991aa678a41,0.24354856,0,0,3
f3108e2771083bfcf02c9c67ebd70a3ac0ddfca8,0.59234446,1,0,3
521b9b3385d73239b96ab209cb34ceb5c1c1400a,0.47451773,0,0,3
d7a1666f9a89d9a517f5fbaf283e711046fd054e,0.46095908,0,0,3
022a020bde5afba4f2e9b6753c199386e79d7825,0.23713884,0,0,3
1b5aef881bb3acdcde5d9fcbb6e43ceed6db145d,0.48078302,0,0,3
0caba0845d4363025e619eb3db6f3138b2c3d394,0.4301163,0,0,3
8e71711c1caaa404d84ec6682f1b7b266064c2e9,0.06986707,0,0,3
363be2fea66f861d7ec4f893a05901fa0c7ecf92,0.41203186,0,0,3
412a8a0ba61c84d71c0cc740ba7e50c10f3bf9ae,0.58066744,1,0,3
03380256795725c7d17db97d882a4c4da3b76b8d,0.41907883,0,0,3
653b46857a4a48252bfb094e39ee9937b2079fa2,0.44333464,0,0,3
748cb609306ee5a046a952a0ca13974ef0b6e770,0.27128324,0,0,3
0f9ce497b0c6841e3aca845336ad095012c41da7,0.05991218,0,0,3
36ee52223387eed452c266490a25b4c62f49abc0,0.080913864,0,0,3
a8c6d43b5a61d8da784f0ac188d40b88a15dad50,0.08529099,0,0,3
8fe2360920a8228c10cd59ba0978df701174c961,0.18808137,0,0,3
a3677db89ef3863e8ac7cf578df499f85d970b76,0.0760536,0,0,3
64c51505a82baf8260a34c7e83652ae3014009e4,0.47496045,0,0,3
ccba0cfc3f1b81dbaffa5153aeb84d48cd7630ff,0.43846852,0,0,3
e7c42ed0fb83faa2b57184cb72f6d9e8b621ccd5,0.38001537,0,0,3
633de29fedf11544f2c3d5052890cb014e612bd5,0.08140174,0,0,3
362ab2bc41697980391c4a61c23cb3ef6bce740c,0.1252818,0,0,3
fc9d93db68a3c33e5ead8c7ecb187fdf0f06cc4f,0.09250775,0,0,3
66a775c9feb7dcf00c28a16b7a365af4372886f8,0.0629724,0,0,3
a6a48cfd370b226955a531e678016db414ebeed9,0.039776474,0,0,3
dccc1255413adc1a212dbe3bf40accb70ccd44ef,0.06399059,0,0,3
83b70a377f79ba90f846b3a720e6c402c63bccc5,0.05654862,0,0,3
819318486d9cfb430749ee33d3c5c4ec4417babc,0.34012556,0,0,3
827d9644c864336fa84f15744375ba7412da047c,0.047445092,0,0,3
af6bbeefbf197f50d194c7f20419c2a4590ad630,0.14929643,0,0,3
ae8f5f04574be75727f5e948e04bc649cbdbbb3b,0.14876333,0,0,3
b9cd3558133ae9f26aec73e0bda3a8f635d137f7,0.6570938,1,0,3
f672e826f51824582273fa1f5b6ec37aa5fdb2fd,0.463402,0,0,3
72df12fb2ba453afb57cf185d25c502d4daec6d1,0.055945206,0,0,3
7b42d43fa0827557f51cb4111c89fb2a78512c68,0.38037077,0,0,3
af1b5872ab8355acea3197522ddf94972b3c8386,0.06511475,0,0,3
5c753a87c328678f16bf89e0178448f04194f0b4,0.10021035,0,0,3
0956e2d2338531a96f2ff7d4ab405acc1b18421e,0.12142501,0,0,3
6563275706015b000cc5bf14be7fa9322964bf49,0.053868175,0,0,3
e9e76131f35c112046b9f184816683beab605e9c,0.05777061,0,0,3
843267df5a0b44145d5b9ee9153d17aa5e15cce1,0.69588435,1,0,3
cd64fa339a97300c64dfc434483e478a58f507a8,0.04967681,0,0,3
b0b23c179ac55334f760aa29fce262c73a909268,0.08120114,0,0,3
dff1a0953d97d46290750a46d01be1e1519ae698,0.62507766,1,1,3
35e0ba449325e759e04203fcaa71920cf473baef,0.6170278,1,1,3
e508ad09d79302d3cc6b86077d4a6ddb0679a0f5,0.5917288,1,1,3
a27ca511a591caf813c26862a888e90e54af19a9,0.6361877,1,1,3
9be91f380c209f895da36d13c40b99687bb4c8c1,0.10165348,0,0,3
09c55eb8120da36aef1807628f87bde83749428b,0.4107205,0,0,3
05edf06360cc8a1a61fbd1ce5f9abf5d83f9d3f9,0.041671235,0,0,3
9df5e9419d83c11b4a2c3421c5ff7ea1f544366b,0.53980106,1,0,3
ed1ce82d822ffe185875b7b7d38352f20171c096,0.10783819,0,0,3
10e38114032cb4c585b29e946e1d70e05d52a878,0.33469558,0,0,3
d71ead41fb685431dad02d4bb7cb5675e196b8f2,0.39968204,0,0,3
e7b4025ee0b6152f9bbf7a72a317f977402a27f7,0.35704106,0,0,3
0f3648f749b7b67c2c61282297569657ea6220dd,0.430833,0,0,3
bf915848967a6e35839e5565e98c716079980e18,0.46138495,0,0,3
7f74708201c2ab9f5d1f83c7052487116b8f7114,0.34264985,0,0,3
97dc91d1545a667b4021b6507d927799e53964da,0.67503834,1,0,3
d9979fa97865b7a57b9da975efb6e6c4d80b0cc8,0.11075435,0,0,3
6f27b4ae8f8ecb62698e760ab7df3973874b1f51,0.19081959,0,0,3
67ef6efb61f3c07e1359e083bbac5d90953cfe43,0.56418735,1,1,3
1b53f09c3a9dcd64dd281c1955b062fc28999366,0.034633014,0,0,3
34adc606601cb578486d4a019b4655c5aff607b5,0.35659057,0,0,3
b05bd69cdd841c02a3b645568ee5478fdbfc07d1,0.2785051,0,0,3
e1f30a1c32eb292e51db274adbe2fd6ed09b555b,0.078532256,0,0,3
bd82fe9fc034e7921eb589420bb4b86dc767a11e,0.059393063,0,0,3
13e0ba5aff3fe14eb0e1d748cad4b9f99e681ca0,0.4199015,0,0,3
3b7deb943877b0c2d8627531959948c5d1e4d3ef,0.58763975,1,0,3
b657c914c0005b37e24c1cd74c5f4ce886147606,0.5725291,1,0,3
a61fde99657c1b9d11e8eaa682181ea59e65814b,0.17661434,0,0,3
29c067466ed78c3e7948fcb8f0d25b3d984a1a93,0.057652704,0,0,3
fd86d06ec5d3b009f3882dda7903e9913858ee14,0.6501778,1,1,3
a43b8d68b8b7e6d7f23977a7432880290e6c6933,0.664389,1,1,3
31e4a6df19cf4a13f8f0e9048198ce7488ad2614,0.52654797,1,1,3
3c0c9d83e27e436f9d3646f177bcb0ac2fecbeab,0.47988564,0,1,3
db7a08583a5ebfab310efde6d0636f2e2fc108ad,0.49291053,0,1,3
015e3cd37d128e4ade9b2d49f74f3b4fc07d82f1,0.5247134,1,1,3
8dba68a38c8bdae91c15e4eab35cd83c427d8e71,0.58098936,1,1,3
bd15dc78c74bd9eede3419b70469511f196a3716,0.4201226,0,0,3
c3ff46e30397bc0355584c593d500d2564c1c515,0.07319036,0,0,3
b2d4b2ac3a738d97e23e53cd459d9c57ee8827c5,0.506437,1,0,3
3e24c28e68e617735b25791b0bc3f67f31624ebf,0.51954013,1,0,3
b1a8299ad223c3b2552f6d03e51c2ecba5df46ed,0.09114117,0,0,3
4e931386569c0a28b7e47c52d199aa32b6ca32fe,0.588297,1,0,3
ed98d264cff306f7326db096cddf65cb26ff5498,0.061613284,0,0,3
1f07a0bf70049cb0a2f6b52ea7c261da5adb1abb,0.053368703,0,0,3
60bcdd450d6950da981d70b8b08379bdd744c82d,0.036171764,0,0,3
74133837585f81d1c6434ce32f73fc8694d5f132,0.031031692,0,0,3
0e9f604e87a5b42b27abc13a9328846cadd640f4,0.054167718,0,0,3
53a0a9ff85666348a38054e335f5b4c5355a6419,0.05891398,0,0,3
73f3e2b3d6b3f4a7000187bb3e6a4d82b118d3b9,0.06996943,0,0,3
b295635a87da0c20e5e2495103d4877ef0187d4d,0.065189734,0,0,3
8f88dcfc902b5bc86a239756afffc9f3813d245e,0.35617653,0,0,3
815b269deec60ec69f4e5e5d555afe9b98c18cb9,0.47607225,0,0,3
2b0658c59d6285547a5c6de7ac71c7cb134ce975,0.26163408,0,0,3
364232f781d0cc91cd4b83012e1f49e62fa81190,0.6251853,1,0,3
e972869486f85c3424875a443eb04bda2eeb6bd3,0.08816401,0,0,3
780b2281d86cf89cf5dd717c1cf54bbd48783654,0.33872795,0,0,3
06c27b37ccbde70514e035a50ba0a6ee1ff94ea3,0.24603805,0,0,3
1d1c41945a50a740519131bfff4e1875de69dd6b,0.4262395,0,0,3
71e40d0b30fbef976da3595fef8736a4e1245466,0.3398646,0,0,3
f781fcaf0f19766f7c9105911613f86d22b2091a,0.39042193,0,0,3
cb8cf1574f99fc51c9e67b9456ea4d494fd4cf29,0.04052186,0,0,3
c63413182017e069393963d07570ec69f373ee1b,0.7576278,1,1,3
8bba18089a1acf29f9d2433efc229d5c851f42b1,0.0624119,0,0,3
f295b186fd8f6c619d34a8c69c6a1307f2276779,0.18842089,0,0,3
02c7974c113cc2a51d6741491080058470265899,0.49455592,0,0,3
027c193cf1c012cd5bae06446496136a582c180c,0.49027923,0,0,3
4a10030ee78ea8da944f6d52e3c671799d73b5d2,0.3363336,0,0,3
5166f3dd04980177e46293408d998087040d4c19,0.362985,0,0,3
d37041ca62ea9eab6e777bffc15ddab49941217a,0.48783904,0,0,3
53e5e3fa8531bbb4d70523197215fd19b89c1a76,0.5404903,1,0,3
62e6242804e4167f5c476ae34acc784009a1af0f,0.063478634,0,0,3
324e8b4d43f0260b4857dafef46e8c5f349f633c,0.12109591,0,0,3
9fbc2a346b86872c397ff891d379115abe5846cf,0.49933925,0,1,3
c5a15b2b66b6b4f018589d8f60cc7acc71861822,0.52922565,1,1,3
ebf108170e9a6215176174d84313a0564ddde0c4,0.5300994,1,1,3
f1984c42b64788a0737c3bd43e4da95e015c19e8,0.12800422,0,0,3
904b790c41d6ec4629921befd1c5286e482fde57,0.3724887,0,0,3
c2abe862ecb7f980260a7b44d907fa116a6bbab9,0.30929473,0,0,3
19a56adb00295d528015045cacd443ff10f7bcb2,0.63548714,1,0,3
e2ea5359798ce8dc77d4b23b0f9b4df33b37f940,0.47706127,0,0,3
ce4385a413dc822f8849678608d0bbac2defbb81,0.39543125,0,0,3
c11215195bed3261d88486d0ad1644080afbb97b,0.615623,1,0,3
7048667393bc4290f381312243d13688407b9350,0.21389759,0,0,3
b188b5ccc0f1f8702313eab62a5dcc164f817200,0.11110164,0,0,3
4efd950d4dd822f3e087db9830d09cfb3fdcb541,0.45874202,0,0,3
cff6e00097bf7dd97a5404080df3bf7e95813a1d,0.49567422,0,0,3
27214015c725619e0098e227fd29816d0891d4c5,0.5313276,1,0,3
f8fbfc9fdca4b5e9ba1a5608ca17e7b6feb18c3c,0.32750222,0,0,3
0733d7c2ba214415a8d2e4efba5c6e26b61d3291,0.32826394,0,0,3
d8cdd5eeffe9b63949129d09f6b0c7ad2d517e90,0.35467565,0,0,3
e2cf4811ba485b0bb29d7d80bc853666bfbfa958,0.5588431,1,0,3
580e0d1e26ab2a9275f01506f3af56fe8fc32988,0.3787827,0,0,3
3ba27e9f4a29be1922b3a19f9c6c5127f93027ab,0.49547043,0,0,3
8fb1341ad7c460286211f4f2a6be41bb5782653f,0.043708876,0,0,3
041507d3aaf718ae536f9ab66e4eeb4065cb339d,0.21704525,0,0,3
735b1b59862dc1b5f7e60549aa7c33dbcc4095b2,0.4768949,0,0,3
60595251eec5979e14540c6d00043e24905a7404,0.10303659,0,0,3
980366284db98e0515dc5e827aaf4f750699bc80,0.50545734,1,0,3
6c2dbf2885fb4602b8e42bd208ebef66df23329b,0.13325374,0,0,3
cb6ee2cbdeadad5d277a6e7293d88bb915090c4f,0.5507977,1,0,3
a00624cf27791193be74a610723a9a0b0980d23f,0.5629287,1,0,3
911d59f46d0dce2e07a93dc0ff705154f568b7ba,0.59761083,1,1,3
1aa543286acbcb3c23aebaba003fa024a54aabb2,0.6592027,1,0,3
f418eed3089d74caa11affaf947a40b774e9c8cb,0.5656943,1,0,3
a13691b5be40d31099d39f7c8f3ee9970ebc20fa,0.06386561,0,0,3
3e8b8aa06bb7742cd1643fad72d7739cda400010,0.3449826,0,0,3
a1db4c96f62eef05fff532b59300edeff3ef21f5,0.11953225,0,0,3
5321c7ff2ed082524bc319e44f0aedf7ed8960cf,0.08912716,0,0,3
9be73347bd09934dd0c99d32bce9c4e12fccf6ce,0.067206584,0,0,3
4362e02ed0404d12ca75ee3476d4a32f9f671811,0.07058752,0,0,3
d3f0ee5e0928122b41ee25e2b4ab09bdca5bd00e,0.052366447,0,0,3
f82b5b57840389fcfdc4f16cb75703361d6ea059,0.06794516,0,0,3
51d564f738b20621e4e14649bc1b15c929668e1a,0.043967992,0,0,3
5bd82306a8e44e2b9ff098f29ebf4c69c195b9ad,0.06713419,0,0,3
9959b3c5a777845aa19040a5a761814e483a6483,0.14787139,0,0,3
a0611b06f05e3c37c622f48a783836f89247c237,0.2758418,0,0,3
f02f2e54ac7d88a6b7ee620e45e1bba878c63a56,0.045472242,0,0,3
98d6d15235e046762f3b09294e896994f616627c,0.039965697,0,0,3
fca0e6ecf6012ee47fbc92fef4533320c1e3d849,0.04508989,0,0,3
db642a3c3ad93606d27d6e277b529da3a50057e6,0.043336224,0,0,3
1929834c27a931ab505f7a389d38fafd10331d8b,0.18279067,0,0,3
a5cb9a4b4a196bd2048cd21ed2fef175bc1181cf,0.14499013,0,0,3
c2f1b685abecfc11de76ffd0a28771f41b566782,0.0602378,0,0,3
30b6759387b4402987f6f4a6100fdc78e8bf755f,0.06182729,0,0,3
50b126dc0eb075a2193b670eb7ae2089896ba283,0.07013799,0,0,3
6b08874607dd51c9d8f600a96650a330cd9e6b95,0.66124886,1,0,3
c9685cd5e462926aa401fca7321ea23927492006,0.056326814,0,0,3
ce8d0f7a47f7caba8ab937389c59b68b20f6994a,0.47474322,0,0,3
98b8758e761caf659608f48fc5c9e9056f911050,0.32832026,0,0,3
95b2fe97c7f191e43b7fe11e8e027d87eb47f15e,0.5467367,1,1,3
79237dcd2bf537d56ff8d73f897cd639af7bf8f7,0.5743241,1,1,3
181affd5c937755f54ff31ef056a6ec091e95f51,0.54495835,1,1,3
c334a1bca8338c92e76f0f1cf2ef4884e3eb5dbd,0.5645545,1,1,3
efa48b214d30537bb184884ea30ce817bb350153,0.5835851,1,1,3
b45c4bdb496381b5f90df6872edca12e0a2e68ca,0.50308615,1,0,3
f8489499aa6d460a7548b14d516638b0bd7b862b,0.70912355,1,0,3
76a2ac814caa194c46be1cf7a3f5dc129546b1c1,0.09100518,0,0,3
31fb4dfef212791f86f052ce8a3adeabaf830cf2,0.06839447,0,0,3
ccfca8f714055cd9fbd00cf7e847b880132cae69,0.05275697,0,0,3
a29815abf4f0e51b332a8af1b83ad344104c14d9,0.58221155,1,0,3
92e6d716069686583b852a6dcf12af986d6dc694,0.5802843,1,0,3
d105819a0e72765ff5ba4efa5622d727360ee2b8,0.61684734,1,0,3
3aa6f11785a2f1b3b09df328a02a2c28dfa0bb57,0.45666078,0,0,3
b7a82a918f0a595a96047f7eef2672fd95d5626c,0.6127664,1,0,3
52f3240d90f2397cd1850ab11674ba08a0ecb2a0,0.5610262,1,0,3
d70fdbc40195077057a1edb14ccd16a26435d007,0.5198078,1,0,3
0751f97bf6677c3d55aa71542d572dc8fcb9e79a,0.59502107,1,0,3
e505e1fea57e0ab9f1d5edab92546d778a5f41e0,0.46348512,0,0,3
b4380f20059dc9e4ccfe2b709587e8069ac0fa34,0.400719,0,0,3
32a9c6d42a3a48314d3f9fe2956bfc8bf49ac5d5,0.5733788,1,0,3
80417356f04c5ee1cd6f636e9b043db3f2de24f2,0.5453089,1,0,3
f48bca0510703b0673709b10a806a9d54894a999,0.6063834,1,0,3
f1b54876ab8893a5d9c0e3d7c1a9c884e683dc8a,0.17636181,0,0,3
c82f703768eb8a122546de23e412a037aa1770b2,0.5376395,1,0,3
36a02dc549f32433d7329444455dbb1be2e67f20,0.57905257,1,0,3
fa8957d7939b59e8d391fa17000b34e865de015d,0.69015956,1,0,3
5acc6a5502bffaa66be7e859849856de0ea27acb,0.59270245,1,0,3
b58789c5badc4f9680ec5724568af05a84670e22,0.078880124,0,0,3
9ee3a16179cb65f5fe4170257ab7cde558f1dbeb,0.10518182,0,0,3
4ed0bdf1c73fd82d3080d15085675de96d5be0aa,0.08290925,0,0,3
4950ad86a16e63fa26d51cd709e39666008c5fbc,0.07486342,0,0,3
b61362933f7a564d2ae0b7d6b9723f79f4948769,0.22093722,0,0,3
f28aa71041181867a720134e26b64b03cbccb6ec,0.25020882,0,0,3
720b988fd8d7a50fbe922e6c73a3681b1c566331,0.58051026,1,0,3
9d744f7136f23da9a5f9324432b300b5a68e3b39,0.07516727,0,0,3
98f54c158acb12a26fa6f335b1665accd2aed347,0.6132941,1,1,3
22c6d087012fd55bc65e578a27f2edb66f4d3808,0.60741884,1,1,3
890b387d713d04c22406db6d5a5fc9b51bec2df5,0.63031995,1,1,3
c7d56cffbb4668d0955ef00196e08f42f2efe363,0.59787846,1,1,3
7680fae14c9f544d0585a7b150004a1e48fff53a,0.7242463,1,1,3
136c5ffe80e558a87cde01baebf823b06e3cbe75,0.6727622,1,1,3
8769d0f2cc4b7555dc025b7c0e49a81346a1e2dd,0.6618359,1,1,3
4b5cda5a2c6ca613db5129d50ffffce2604ad9eb,0.68112767,1,0,3
2e62764c0c386632e87ee8d12d0505848df1015e,0.55946845,1,0,3
4590f14e97beb6d10ffb7b5dd312c632af155ed3,0.38871473,0,0,3
079bcd0339f30343c01c5fd3d5521be4b822d30f,0.07138169,0,0,3
29283b775291bf03cd9a7e1aaa496faaa5757578,0.6720465,1,0,3
89321a2dee438328e75a11954e972175c78f0a2a,0.051769223,0,0,3
1f3e72fa069536ae20f37b29575288ff65e66803,0.047899194,0,0,3
c7720ca4c232d317cfc800a04eda4a1d5a44a944,0.42030287,0,0,3
a747456bfe077da467ff036172968a37f3b1e893,0.3929326,0,0,3
2f2c8b1cc6e6e731f7bc52b0988ea8316f475004,0.34578452,0,0,3
013b445ede8d9e7aad4915859d0c869b9b712f8d,0.42787975,0,0,3
f4e754e66e3661274df624bc328991cd88dd03d6,0.37139615,0,0,3
741944332d5bd90112b610a8b5f2eeefe51e08bc,0.097299345,0,0,3
4c7d7523088373be3c7ff203ea895d5a6d84083e,0.057355072,0,0,3
f79c9365d0ee89cb407b90cc084eece8fcf9a8a2,0.1669916,0,0,3
8714dd031647be34d0d27f461894e7b194f25cd7,0.6032126,1,0,3
83406b73e70a251eec5daae34f1bd8d554cdddec,0.1022917,0,0,3
2f956f46580e5b4752173e885d37a20fe31a78d8,0.32497805,0,0,3
3f36b7b50bdda3eeca632ad5440bb82b8e34cb40,0.4049826,0,0,3
9962a0fd02fe2ef06765271605b06729af8b2e59,0.13548495,0,0,3
5294c64b342818e021800b38413f36f426e35b3c,0.42042303,0,0,3
5a45ae3b1deb5117cb9e9a13141eeab1e9ad3d71,0.19301295,0,0,3
efafa61992658eab64c893e9eef49f545d75673c,0.45818007,0,0,3
630830476a6270e317e84229996a6bf92bd903ca,0.68478143,1,1,3
14097c64d243794610788d3ebb2e81ba8fd867c0,0.72802526,1,1,3
f2615d9a611db401cdedc022112c87ad938b5680,0.60362315,1,1,3
a24d624aaabc14a455d18450d9127f88d1b4f8be,0.56352276,1,1,3
49169033546d893dae3db903a2fa6af712f125c0,0.712543,1,1,3
fa7588c4c0f8d403e4815fa72e3b8a3bc98d73ec,0.6606946,1,1,3
367fe13b46a0b4dda56b7f12273d6c9afb1da23f,0.6503789,1,1,3
368588b5c5c4140f39ea8b9a8ceb3d1af0708804,0.4794141,0,1,3
30ee10d2740fe1f28595989c6b21f22b75a147fc,0.6255762,1,1,3
af9fd052d1c208f191fbdf85873f965552465598,0.65975946,1,1,3
0a711ebcec7d32b66ab3c90b2a1f48681201e557,0.56508005,1,1,3
a4acf53336a482f50335d33b4f650a70c9243b7b,0.6427418,1,1,3
c26fa78817f30cc3eb91165b783e07fb80d80f59,0.55437565,1,1,3
944291b748bcfec4e2f3c17623884db7a17b9f21,0.45670632,0,1,3
c44f982e89b63a97190638cd12bd8bee2bafb883,0.41647425,0,1,3
fb46b941f7763314d667c437c06b1675e61c3d38,0.6519461,1,1,3
e9928c94ce1385ec72028336417f19f30ac38ac0,0.5053001,1,1,3
d4021487539b0f7758ec644f2e0d83df95c66bba,0.2922912,0,0,3
ac62c1c29f319a97a2552c39f32c8e6acd70c9e1,0.10611459,0,0,3
dc08bb8ea6cdf01188f6699559e779e6cc296287,0.5688262,1,0,3
82b8ecc3275d7c3578a6531ac3f1da3ffada9dcc,0.45475653,0,0,3
36ce032b612fc0a1156d28bca7327e06337c8815,0.34499612,0,0,3
2f22533ef41533e2b839a6b41b262dca59e6dbf9,0.44965705,0,0,3
39a3cd0f4210dbec1ae8ef39a87d34b76eac91a3,0.08361836,0,0,3
1f470253c46471033048383c027192e757480492,0.3981271,0,0,3
9c40a7bb3c9aca51d17490960c988dfb7b5acebb,0.13870533,0,0,3
7f8e952abc4d2fc4b96c97a51aa25fcf6ed8af02,0.36669686,0,0,3
bd0b5af025fab9cad8f94260138741c252f45fc8,0.45904255,0,0,3
e036d60d8a210d5ac28b2e5c51a45ceb82b58f09,0.3652313,0,0,3
626014eaf093fc2e3b53f5ad00c425bc209e1428,0.5011574,1,0,3
5c85b8dda5f3047732a17b818256b9289274d071,0.06601675,0,0,3
ea402becca436dc1a8e47ac9385a3db475b49355,0.28010157,0,0,3
255f10834a67cf13518316de0e2c8a345677ebbf,0.5722397,1,0,3
044de16c14076019f87763b7b58c45664ee57c11,0.15378594,0,0,3
e54ca615f213f5db6d34d9163c97eec98920d7a7,0.6114858,1,0,3
07a42d3ffd034e467e49b5c449d4f5f81c471cc5,0.3006314,0,0,3
e6da0f682436e1387ad68e86edf7418c0f7cb368,0.27141222,0,0,3
59ec4f018963eb55e32fafc2b924826c39c09682,0.5742483,1,0,3
ece4b70cce24b89483236b4cff079c10597d680a,0.5049091,1,0,3
09d28fe7995db1a4da2c651d362007d2082c663c,0.2960109,0,0,3
98c27699cbcf65c3d9d655ecbcd67adcd8b45b05,0.2335318,0,0,3
71cff7c5940b7101ff098601850d46b7a4698180,0.06660786,0,0,3
89e0607cf6470dda1a6a47b46abf37468df4e50f,0.20963864,0,0,3
6fb60857be1fed21bdacc4ce830bbf99103b6fdd,0.06555212,0,0,3
3634821fa515365618209f0452443728e7290fca,0.49631584,0,0,3
2fd62ee4d524c270764e9b91dca72e5cf1a005b7,0.5337228,1,0,3
a703ee75c40e0207f6831c4d48e1c7e62f160305,0.040865634,0,0,3
fd7cfed070c2aab60521afb7dcc633a0b7abea80,0.41119748,0,0,3
1de41ef4baeee1c95e245837299f8be265294445,0.47062328,0,0,3
9491d7a61681f7acc7103a6d1d45efe96f7981d2,0.47850588,0,0,3
2d3203b10cc8edf71a6e3e0822f0d742c9516aa3,0.5357817,1,0,3
d55a572e5867832f6d5755fcd46101da51a38aa4,0.45710105,0,0,3
170cfa758547b4d9be50058ad93cf60ce0da5564,0.3568396,0,0,3
3783ca4476fec8186c867e4e57084e649c318c6b,0.29474258,0,0,3
4d996d1bac1bb1886cd9c473ba00e53e3c19cf3e,0.5726441,1,0,3
445cb9dc2f07553f8e1e5f7c1150f00fbb05c63f,0.49753168,0,0,3
ad80bfe559e7380fedd7998daea5f27393ab643b,0.4501008,0,0,3
3d2d4fd1588c8eb3f67f34d75b66967d0c7b06b6,0.071182564,0,0,3
d54fad867da7f762ac4c0d947adffdc1f8f356f1,0.3117139,0,0,3
12bbaf3550d56bc945b50f538b5f18af93bd316a,0.030388085,0,0,3
150c578edb161bdb2e8c039f0914984f570ef8f0,0.44889137,0,1,3
af977adc43a071a09652fea4ce3deba2d5b8d171,0.47606727,0,1,3
e021734b62ea5ac273e516b4ac83727cbb99ec08,0.537749,1,1,3
b635beb6efc07a97c143775c78a32d42b3b73c8e,0.5558632,1,1,3
3fd2492fcce073f0c36e4d7e23e34881557e6e5e,0.38257435,0,1,3
a918c493296c88da94b36600213c7c188f2589b4,0.48482573,0,0,3
9181e1d536bafedcb3587ca30e5b6e2d66f06bf0,0.48138145,0,0,3
cc8bdf1d13639d12d02170d40cc4890180bbabc5,0.45883456,0,0,3
33ee5497490cbc97f3eabe9ef7a6391e4dbee8bc,0.43573788,0,0,3
dc61e510126aaa1a95a46fe39bf1529f394147e9,0.17283131,0,0,3
d320a457a9de67be25a03f79e1695d549a0145f3,0.40835533,0,0,3
94ae6c84d22ed33e158b3cc822ca4a0484c829c9,0.5127132,1,0,3
e9e36cdc44a68662885e35773187cca00d20239e,0.3856239,0,0,3
7d4041d827aed7d9f3eb14310b824a2faa96b8b4,0.1879409,0,0,3
6f5f99440e7117ee3bb6407e06745fff14bb2a4d,0.49066404,0,0,3
3eb4be60cf00c20e46b75fb72366dd0649700c2f,0.4554099,0,0,3
edbd9842cfca892b10c2e9c8da0384fe005cd67a,0.42929482,0,0,3
bc8e23808b9d8d0c9b67270ef35d04ebd9d89cc8,0.0820208,0,0,3
635e41ea181c5fee8860a7044c84ae3557b51189,0.42718562,0,0,3
c4ddbe6456c9631c301171098a8ac016eb4e582c,0.25481972,0,1,3
63f1d6b83bc10a2880f5ec17a172fab284d2eff5,0.56651694,1,1,3
10e18ae9b47dfe04573884739823d64825105694,0.65859574,1,1,3
d3252a5ca5571e0a97e9a31966ec6b847a3a8574,0.11596834,0,0,3
86c76dd5ea04d1881a52d79113d6dbb1d57c38a6,0.17409723,0,0,3
73a8fba6fb23af45ee77f52f33bb8d791a9caa05,0.44062072,0,0,3
e8db7237a9c347d2225fce9b49ff92bb741adffa,0.047176383,0,0,3
7af67bdd16a4f103bbe6334c5a865436c900adfe,0.7365464,1,0,3
71d7c3264239c55b6e2daf89c44c5685085f26dd,0.4316615,0,0,3
958029bdd45c3e341eb146031ed38b4487d7b0b7,0.4407087,0,0,3
5556026ed1dc17e70946a4a030842ade3a33baeb,0.44460538,0,0,3
3c92830ec51fb6b6e9a7ca2fb8fda324cd33e48a,0.53329724,1,0,3
0fe9685c8a78ba2d780a3ec1e1a323990dc6d218,0.24997246,0,0,3
bd7788b384a87024ddd6bbe6a9bd9a167cf2ec12,0.4431485,0,0,3
dfecbe970917754511a081f8b86efac211e624f6,0.44673216,0,0,3
ef51b068aef14fa347710497cfb67aa9c6e65c0d,0.06946453,0,0,3
173c162a45b4be6fcbf7a30c44d1953062a25086,0.5033408,1,0,3
c4c03a33c8b8b94eaf75d368473bdd10a21cd0df,0.5291621,1,0,3
2fefdc7dc3c9afbbe534ff69db5a754be0716b11,0.06327889,0,0,3
f525bc3ccd9cfb69603bd9778998263a458415d0,0.46200806,0,0,3
9072a7615a54d5e753cf088326d9e14f1a5a6751,0.08249658,0,0,3
11491d355da8a851d6badb6348b10d8c4acc9d8e,0.057960723,0,0,3
2bc2ffde1f4752e7a8c7ea0a51c559faae194786,0.5170399,1,0,3
35f1cc00274122c0274b522d0b544a06faaba931,0.5286084,1,0,3
98817e88f04cc6757c42ae52d653b63cb85af486,0.6145377,1,0,3
83775c432382b9c0367362491d0dc515bf0e131c,0.24138051,0,0,3
a498b87dbcaa0a61c6088d7156258a3cb06638cb,0.5627681,1,0,3
34558845e3777afdc1bf90ebbcb2017ca17aea86,0.49964535,0,0,3
59985b43f0868d9a4a588d9ca1debd03108f8cd9,0.5940611,1,0,3
8ea1aa1e7cc427c28a89878fd2dfcb110c992b20,0.48582375,0,0,3
d4c7f63054e584b69024664bc2f221faf9863519,0.6544939,1,0,3
20c733229df741e57b8ac205788ece2d563b2f3d,0.48663995,0,0,3
3051264e1bc1d41a29c9dae7935c090568f64af4,0.48405293,0,1,3
db0f2304bd7c3ced65cbdfe9e17e80fe0774c13c,0.5008794,1,1,3
2f67045b9647de10ea5d01d8d1e98ac7de3e1cfb,0.661759,1,1,3
7ef106b23772995e4307f84afd1bee4e2337ce0c,0.649958,1,1,3
71f6746f81bb9650f6f228ea204d85ba2c5b7392,0.63822436,1,1,3
2ed96f00f724c3331d6b56b6b5650b9632f43954,0.20424053,0,0,3
3720683699bb830a4aae6fb66a78ce7079ad2c56,0.5202411,1,0,3
df37e605fe4b027406bd9dd85b320526ab12a122,0.12257329,0,0,3
4ad74f449258781e9df189413423ffd6ad95c526,0.07146073,0,0,3
d81ea83a0eb1761bb4e90a91f3b70f23f88a7d2a,0.71008503,1,0,3
e2c0ea4374c02539ad9bc6c4328b74f25eb72405,0.08493554,0,0,3
cf42ae522e12e9b412e1a1f008ea73cfd86a5979,0.060294535,0,0,3
fb7335ab163588fe6ee67ef26d3b3edad5cf4bd5,0.40658712,0,0,3
e580d35e1a07431109a5835411142bd1c1c2b3b7,0.40477535,0,0,3
ea60fbe0633082a131bbb18de94fa60a04eddcc4,0.13155808,0,0,3
90e31fd93fdcaedadcd4b030fbc20f7375672def,0.50981206,1,0,3
52adf52e4669b54399fa50f2624826c06a19cb7e,0.60896736,1,0,3
71e515ab6d2007d34d96df5604f74c6fba92c0d7,0.52572834,1,0,3
6d23e85570fe1139cf5ef3bc9b4e57ea73680b6e,0.3839139,0,0,3
cb83f7cb31e50f265e098c5380b3f0051e257f46,0.24649349,0,0,3
2584b4a0ef536e59bf28ba140844597a093d848d,0.56429076,1,0,3
cac520971206093d32bf17925f880bd06d93f736,0.06808435,0,0,3
6a99050166c945a226d5f8275ce4a9dca3518285,0.6026687,1,0,3
6dbb48c8e685f65f45ad5df9f7684bed910036c8,0.55384195,1,0,3
260e0e0cd21af7b03ab0dae33b4978233db67773,0.51793504,1,0,3
b5749b4f54b30c0c2050e456c12cfcf516434f13,0.06981281,0,0,3
07ec8ad2dd862c8669b2557b995ec5180663d73f,0.5516058,1,0,3
28656559d2fc67193a84d5cbc48d378b2016f74a,0.17367761,0,0,3
0add1e8975336c65513b26123d48b221e2515ddc,0.6547872,1,0,3
8e7ea70a33ecb8db5207849ea6371b4a5a8ffd26,0.71264726,1,0,3
6f653f6bb82757963a87d725808c080109e7e3e8,0.6332136,1,0,3
1974c83561d09cf73a575f992fbd8416e3354d20,0.51677966,1,0,3
37c20df721522b175bc9df3f06a361297010df5e,0.5133959,1,0,3
061450a927ba1cc65f7b984f4ff41866ec2eceac,0.42488158,0,0,3
60b32953a968e5623f82a6b27d6c679bc17c48e5,0.18360977,0,0,3
f175a241c811d2d0843026b2dde5c3ae308cfb95,0.5099019,1,0,3
ea1a69d638d97d5ffc451b32d240479357e02b0a,0.47450298,0,0,3
cae70c10b4451ee3b919764f72dc4a4caf0f6f27,0.20376797,0,0,3
c0c7112dcdeb75b521d55cd47d0c61be66b0499e,0.079418875,0,0,3
8d0214a7417addf790713440f10855dc279876fa,0.4429846,0,0,3
e2ec4f2fdb2bb8d97f64a33e9ac288d52854a530,0.45054212,0,0,3
fc73151cfca36ea2641f340700dbe339b9e1f103,0.54648334,1,0,3
dfc9888860bf192cedde21e5e843bc3caad4b74b,0.6553385,1,0,3
5f9e0851da9e74c12e04f5a62cb7aeb1a8ab7589,0.039456397,0,0,3
7d5a61ed64315bd6570c5cb55c1f53853a3fffa5,0.26474628,0,0,3
82152f41ac8a727c2f0042bd555452dc2dda11b1,0.15438563,0,0,3
6e710a1f78a4a733020a4b2d1f07b6fe4c6684f0,0.6641764,1,1,1
951b253fc38c09114d0fe273a3758a15c151a8b4,0.77703434,1,1,1
f3539c7eb312b127122084279002d3fd238c9a17,0.71142393,1,1,1
7aa5ba380ef6aea0f2f594873b4c7378adab0f18,0.6803479,1,1,1
def1380280b9be6d166d3938ea4b0254e9b55dc9,0.730281,1,1,1
cc06ae9bf7a1fb6cee46c40d2a6388ac05d3f5d1,0.6130615,1,1,1
7972f1ac1b85a5174c9f293ad98abc87edfe42e6,0.3012155,0,1,1
bd1c4ff86fa21358949e925274f5b8146f5d02cd,0.65323585,1,0,1
be2aa80bc371d600ab2230c545051ea6454577f5,0.114294894,0,0,1
68b033741b02c3ae54d649e858790732bc5c2d27,0.62581724,1,0,1
4f5d25205a9cec988de300a452d641a155406b79,0.33237606,0,0,1
d1e97bc85338c563f4f732bcf917a08b3cbf4792,0.64910465,1,0,1
d40c01673e866c3c3b5b51bce66e9518924cc31c,0.097212,0,0,1
5f7d5690a97b2ad95bbe381695638f0c7ca2c4ff,0.062195282,0,0,1
8d340a008767c5d954b7539e825b4c90eb15ab9b,0.59356004,1,0,1
84e490b66f61e11366b62efc42e64b60ae7db35b,0.17215542,0,0,1
fc939bf6838f4bf986e0b42fddee3df6712371a5,0.11811247,0,0,1
5c798eb50aec6040f415b6def1912d4345f8310d,0.54569215,1,0,1
d1758567765117cd395ea47319d3acde7fc663b1,0.6512921,1,0,1
517b8beb06f63301629f0ec3f58f6b667061d3fd,0.561513,1,0,1
5c715cd84d600c0df0215846efaece2ab4673546,0.68640083,1,0,1
dff4cea14174548f52d6fcc66c9bfd7a339b7336,0.14500588,0,0,1
02ae34d1d3f3c9f9c25160cb14c119958f25af13,0.6253087,1,0,1
8e0e1c32ff1ed1da4f09fc9917812e6457e6fef7,0.6231198,1,0,1
18c5b2536c114c86b810bb3ee94474fec596a462,0.43942896,0,0,1
c6e4d8c9f534d3e70e79bf718e40724d56186109,0.06801188,0,0,1
5b5ecff53b50a67179f6245bf60047c59f027e26,0.53620815,1,0,1
46dcd98ceb70720f96d4cfa23b001ff108bdaebe,0.5767024,1,0,1
dcbfc80c4a14b91194fc8b74760b079cc0a4ce42,0.6149737,1,0,1
23492711d234f2fa647bac46997e361bcf985423,0.6736868,1,0,1
f10279a29d47d389a31da907695673a992555adc,0.095817,0,0,1
8d5925b52b48b4c69934ea5c48aa298a2ec74e84,0.07899956,0,0,1
a30aafa016409048747fe9730d6f7892eb12d7c5,0.14989205,0,0,1
a3611513fc4de7234ef49ae46d646b0795ac7110,0.13508941,0,0,1
d0eb1d1dd1d9aed27c433d78a76962340fcbfc1d,0.17878474,0,0,1
1ae9dfaf45e0a51ee7d604551f7e1932d1787975,0.5735962,1,0,1
1c2d56e8a91b0f64317a9e02cfd4b45b03d3019d,0.80817676,1,1,1
2cd92aa6e3f44df6b0552a28b83022a7f92f8946,0.6246228,1,1,1
79ad715f02e02af76da0c6e47c164a80768a01ab,0.7918578,1,1,1
e5b948a1687270192753993c998d61c7a91faf49,0.6001787,1,1,1
b81a48d78dd9be1c3eae57cece4c88df92c30247,0.62123275,1,1,1
0b873b95a840f8cfdb51f4ceea3b524d46d20715,0.30221033,0,1,1
e350a38760c93e373562d6a3e906df5904250146,0.66501707,1,1,1
660431cf4f7e2bda887a0e35ad3a76bdccc14110,0.08220765,0,0,1
f65e9aa63f8f266023a986507834585a9580c555,0.2535817,0,0,1
535cbcd9f20b29b3c5a5d69f654cde57969b3788,0.24175438,0,0,1
2d650f890ff1409f2944bc56cdc4b518b35e06f5,0.048864275,0,0,1
1c4f7bde1c8f7d8c0e09484daa626fa4f40e38e6,0.5851572,1,0,1
b9a22fb6f6f460287993d3cf087ae5ff036a6c21,0.0959372,0,0,1
14d6a09601b68f60e6b18142b597a6890e5d581b,0.0855465,0,0,1
54fdc54dd24c9ece2bfc32ca12e88545ec923a96,0.33087534,0,0,1
0ff7c091143e8326eb88dabce078ca76778a587b,0.3792128,0,0,1
32ed6601f216dd1300876719cce837bfa9824e26,0.0770799,0,0,1
7df11e15457e8d8bf4e5730d20ec2412c429e091,0.084825106,0,0,1
15f7f84678a24533e42f2fde230c5f68d1b33035,0.051185206,0,0,1
2499f70cabfc8d17f2c6de124a81fc0940a70fa9,0.47498044,0,0,1
6526a5e83c1fb9644da34e44fdc5a3bb8a357c84,0.70760715,1,1,1
5904d90ade8663f5552b51036740352a9b796892,0.09941275,0,0,1
fdb75911387f77912c37dcee0af4a2f2e0977f3c,0.2084543,0,0,1
538a97b115ba4ea44c57898ac7c4fbb77fe0e9b7,0.05843433,0,0,1
fa0478f4f6fb724233dc3e00a9f8dc557ce7cdbf,0.06566527,0,0,1
ec81d7ca5100fd97fe8428db02a2cdde967ac87d,0.6715879,1,0,1
81c40b9820625d3f529b116baf6b4a3d45dd2f75,0.63451713,1,0,1
2b085ae34295d5ae1d7eaea5a55a2df220bf1bed,0.2297722,0,0,1
d6a354e203e4901d3eb6a36b3aba620fdb222da7,0.09712173,0,0,1
37787b96ab21fc226ff267aa26ae58a58b2d20f8,0.5424854,1,0,1
f2f704eabee027175b0c1eaf934c08e7721a9b24,0.07440953,0,0,1
e1fc87d2d57c2d7ee941e651f33b582fb000dd73,0.5130264,1,0,1
fa8f024d082998c7ae48b21f3eb6f8f2ca56a719,0.6301487,1,0,1
6bce493e47fdac9e64a9ae1cb3c358f31975a43a,0.67358166,1,0,1
9daac904cbc627e4a43e72f72159c552b25caf74,0.13945045,0,0,1
658d5a97c708a926b0425585f9437a0c1fc2b81c,0.51939774,1,0,1
db695fe90b181948f271e4970ec83d4de9348577,0.58016485,1,0,1
9c06ff87decab7357d44d8766f6a277ff887d921,0.38216797,0,0,1
198d448ceab2bc061d18a1a689056bd2b96b76c5,0.1462285,0,0,1
46b15af8c5fbfb026be350ae16eca89fcdc87aac,0.06875599,0,0,1
b7e86cdd772cc47a031d187b79d075af8155c2e0,0.40679818,0,0,1
198e589e62f687a91d4c27057ebad918e9f9bf3f,0.085433096,0,0,1
fa510146c09a498e25e590ef5cc558074337fc4f,0.74645966,1,1,1
badca06dd1c70207215c7186a31955901b637661,0.6711824,1,1,1
91ac1574aae31a29baf883d2cf45e4e1f5aa9bbf,0.6670714,1,1,1
82ca28e2ec8fe9771f01b5aab3386311ecab80df,0.6223723,1,1,1
9f8120beb6b351608652002e057f97f8f6c0dfc3,0.6232954,1,1,1
c66b23747627a2b432e0068561d457cab9f97ead,0.6273186,1,1,1
a6a5e3033d424468cbd3a6af051aabf3b5bd4d00,0.6326826,1,1,1
2902a9a3c07e881dd7aeae0a55189facfab1966c,0.8258848,1,1,1
fe487b3336f8279d8b74eff05c5ebfe6e01281f0,0.6729206,1,1,1
3076802a78f14eb1b4f23831d5a1ccec79b26554,0.7421683,1,1,1
5063d256221e7fe8a8c433401bea988d7ccb0a35,0.6131015,1,1,1
a6b9ca3f71d44dbe2562e13d63e4b30fcaccdf50,0.64999795,1,0,1
81fec3193ad12a0f78eb021c4a1548484595860b,0.55540615,1,0,1
902a680951f318488a4bbe0184a3a223c5709b01,0.12083287,0,0,1
b84f786db6d85cbf9973adfccdf135cb71824b87,0.50979704,1,0,1
a2b5c7a9aa0b5f617502bf6003d43913d507a11f,0.47941175,0,1,1
571725cb7bcf091b5457f1e2a857aa51e8a70f7e,0.63256896,1,1,1
10118c9c1b00d31868d6ab43e8171e3c16efdcfc,0.35960636,0,0,1
ee94e6d82370b6b6086cae2693dc2fe31388fb64,0.3949358,0,0,1
dc58a824466ed492fc6d5ab11960eb86584eff26,0.051539596,0,0,1
56c04300e8f05bdaccc2ec60fc751c09d86b7b68,0.19153656,0,0,1
03542311e2a461f0324ec700e98e78b5540bcff8,0.1329713,0,0,1
4746531428aaf9e3ae7d505b5a203350d138ea41,0.05691776,0,0,1
05b14fd01e43ab8a385bcfb53102a270ef2d9375,0.082139514,0,0,1
77868bf772a03d61701bc0d32dfafea63a0382c2,0.051584657,0,0,1
83fcd3e1e220b9f3aacc63aeb4da0a898684dd0b,0.046478257,0,0,1
dcde20001063fc25f622e4b1c7775f735a7255f0,0.06802443,0,0,1
82bd5be8735c01a767fc3ebc3eb92369ac68302d,0.05681617,0,0,1
e1188f368087ba4bcfada44d645e4f8661d7f9b2,0.27192077,0,0,1
2c03505da053d07cd3f729692738912bdfc2a5b7,0.55130327,1,0,1
3fd058c02a1f8881110409be33ad56d3af6386f6,0.6072349,1,0,1
bb3ddfe426cf4ff5390f742d35bdba02a4ce7624,0.7698722,1,1,1
09b1a632c17b34650d2bcf748be14690c9882e52,0.38098624,0,0,1
539e1ee1d68c27defd0aaad09a1a0b68e059de96,0.66570085,1,0,1
da69323b29fe8e373364b9399bc67523dcf2af62,0.115168296,0,0,1
c1ad21bf966d01dc5cceca82f102c0f7843d5617,0.48704398,0,0,1
efa756288e712849c78c4230df05c2d1abeba91e,0.5010547,1,0,1
2f757454dc41f4d130234aea68b348da4f12a0fa,0.33648658,0,0,1
24b5e00be753889e4907473ce57271acb290cb67,0.38564086,0,0,1
7f293a06a0b7ec9b554d51f150991efa9b7dd54e,0.058582295,0,0,1
95a524ea06e546330ec3d95b9c139b7edc599b86,0.49814782,0,0,1
314dfa80d4e815ba3c689cd3ad0d508209665bf6,0.067317106,0,0,1
c07d659cf8f7b16452472da6052a1de326bcb6a4,0.22367847,0,0,1
545536e34f180edd32fbb21b0a5613e6407f0980,0.38913304,0,0,1
225afb8bad88c9bbb70b24d9ac3c28fb21f39465,0.195631,0,0,1
041e9565ab8b187ad0b88780a5fc0a5ea24f29a1,0.50847226,1,0,1
c4828bfd09ea8c579fa8840cd77733c64b8ebb39,0.39686686,0,0,1
dcaacf4cae54fe199055830f097d4ed504b3238c,0.055296004,0,0,1
6f22f4b49c2a3a59840d28e6cbe0c37a56ab1f90,0.5241255,1,0,1
41fefde64401d2173ff019a896c4dd72b4fa5636,0.33196443,0,0,1
080e96a6cdea2f5fe8727b8249044b89bc54395d,0.46786427,0,0,1
497147e3e6ba0a50c32817e14985ca5bf1041f9d,0.52971274,1,0,1
40708bdf04dae6aa49bf8f3617f2efc16c83c5f8,0.3674355,0,0,1
84ad767a87c69a265e9105c51efdd87ee57b8635,0.47423628,0,0,1
f0e8d41fc8cc746ba9b66b72646db6bd8b25c6fc,0.6393276,1,0,1
df5930892d9c6eda392b96bdae2e7afd342f7866,0.6412894,1,1,1
0cdcb1fd8df9e9185cd3abb128d927d25d7de8b5,0.6243329,1,1,1
cf15c51722dd4b406876dce1ccd52eea787d84b7,0.49856243,0,1,1
b691f81b482175665b45cabc056e58ab0df03ff8,0.5764477,1,1,1
fc8ef4d22c95b13b907ed14b19cea8ff5fd1e653,0.42146438,0,0,1
8054f746bbd6191f5a297cf6f7f26f9fefaba307,0.47915912,0,0,1
fa21d6f7e70f057c42d4af9c40ed47d3d841e5b6,0.61868286,1,0,1
bac647543497f0aa2a9f92fe726e1eb18631b4cc,0.58760947,1,0,1
cc6ace18900eb92606b6a312cb1ac5c4ab5f435e,0.6480883,1,1,1
c947676916c99f2feb5e183aef9629a1b21d863f,0.66928935,1,0,1
1f3dd9ff8a4f8302eb4c0bf4072d2bb7d8aeddd9,0.19479524,0,0,1
ca7f64f016d8354aecd38ef73405e1b3267ca791,0.67098886,1,1,1
06005610265c342b52051b997a43ad6e963c5a0f,0.62806714,1,1,1
4a8068579ea5bf1e637f8bed09a203508abde315,0.73670125,1,1,1
30c217ec400b9175e9490807748ec3e48fe2ba22,0.70838964,1,1,1
d80acb29c04a8e92a3ddbc539b0be8a521098870,0.6423536,1,1,1
e43138b0b5f0912cb358c0e73eb6247b273eba75,0.5780691,1,1,1
1b84f2ee7a41e8ab12faa73130187763ee5858ea,0.16357669,0,0,1
4b5ef21ed6104befc80e1dd501f964e7ca6f1ce6,0.06679137,0,0,1
c6c1971ca1fb5054a0847b0884488165606bd703,0.25147024,0,0,1
68e0a9c71443738b1842e99925d37bf545f5a151,0.5159257,1,1,1
7ebc8107a22038c06c0b0ff095f9f73d854e1422,0.34468588,0,0,1
9003b5b5aa4465e84c934819f45c1ab4365dc51c,0.29156345,0,0,1
4b8647bf6ce2b478e6bc90d0158ce81939a14378,0.12253556,0,0,1
2d1614a2077eab0b981d4a0c4c6e10a7ecda71cf,0.6287634,1,0,1
3631295c437c5b8915afc7b2b259496eb2d5d782,0.10180815,0,0,1
b12610d35e7798c66fc1d9b0811d10aadb87569d,0.07614056,0,0,1
f3a785108f853e327001dcd435e92525d7fba96c,0.32543358,0,0,1
881a4ee8db1e1826b749579d2284ace982c953ca,0.0776925,0,0,1
e91d0f0510ee8d69c76ee89b4e57341418866c6b,0.44040745,0,0,1
8f7c59ce888a687a6c9089caf0c5469984a073b4,0.1719597,0,0,1
3c644cf87ec8c0e6313b3a10b6cfd66279b8093f,0.72092843,1,1,1
fb7e1e265dd9e560b3a3127a6593b6602f60026c,0.78172535,1,1,1
1c9c43c1d4bb76d7e47cdfc9c6681a38305a95e4,0.76779467,1,1,1
18f181ada7826542725fa4a9460307d606695b5d,0.6206999,1,1,1
bb7e8951cb6ef08ca9df5fc036217c3a45c4d33c,0.05858925,0,0,1
e280c8636792c5426e54868d464c9d28287a98fb,0.13464013,0,0,1
54a7796ff234a9cbd2c66f8b1e5621f0898402f1,0.3860814,0,0,1
8e5867eda8328e4cb2e103d098d0c9f3c2fab50e,0.7072411,1,0,1
e42da5d9d21438c220768464b6a1f5b36bad92a5,0.52794623,1,0,1
c823ac5673e9da094a3b24b99987a533c548dac4,0.07243952,0,0,1
7573e9eec065ac1ccc2134aa751a191da3ca3dff,0.09104719,0,0,1
1cdc902f3d7cf877b4db7a31f19eb1dfd2fade3e,0.61788905,1,0,1
e9ea52189a92f7e2ab051e4d75c4e0c872034b18,0.5447253,1,0,1
ab0a2f761f4529daa0a1e7128ffb8ae417a0104d,0.5924704,1,0,1
7ebbaea90e8002f5542e22bbe92075ffb5383d2a,0.702967,1,0,1
721730b00b1dc2ea616a3e7958e4ad15134de975,0.24295567,0,0,1
05aae985d9d0e26cf278cdd6f69672ebe3f8ed92,0.5259591,1,0,1
f7222ca6c3b6c1018a52fd649029394e6608f1db,0.4532408,0,0,1
b285f17023da248bdcb3093283e4b9e930bdd09c,0.6330204,1,0,1
af858a6ca224946195b1923a780678b20cb99603,0.7496691,1,0,1
fa027a4685bacd9e32b3bc7d875717b4457f6829,0.73319995,1,1,1
edf56632b8a5413f5e0adfe2d1b65e595b88a1d0,0.72984767,1,1,1
58693fbcb3236a9adb0f47088d88ee3ef7178cb4,0.8401291,1,1,1
91291520cfd5f6c2c91fc242018860c5d1d277e4,0.7348948,1,1,1
7bbba6995a12412cd7cbe1ca693057c5299ab4cb,0.76400304,1,1,1
ea030e732e3556a2a4fa51bcaabc080927ddfa48,0.71994394,1,1,1
310008f48c0a830138d35b3024106560d55b6bd2,0.7942877,1,1,1
ca22dac3f852c7290f60c3c3a5d66fbecfba91f4,0.22179285,0,0,1
bcba29320f5f6f860335266d6be8249418ceaedb,0.28340945,0,0,1
9dc30fddc109504fc80fb62e33554d54cca47faf,0.78262496,1,0,1
764f56955d499fae11db1aed6e7f0d2d0886e6f9,0.21671377,0,0,1
2933e5773b1d64a9348024b2a6e8dc6dc90e6590,0.5695336,1,0,1
0fa8bcc008b6a011d6fe41e64ea4379d0b57f20b,0.6498158,1,0,1
7897aa6a83a5e63da487e72c2735fb042259f6e4,0.22094283,0,0,1
3b501993588d27d91ad526a436e3a10ecc8d6e8b,0.7368863,1,0,1
b353d07bcca9fb62ac387d69d3e99004e27f14c0,0.58226985,1,0,1
6b43922648fe2dfcb4cb1aaaf5d795f00a6aa174,0.5857762,1,0,1
b268dfbb824ef307862e489aef7e71bba4cdcac5,0.7017845,1,0,1
b957ee1646d893fd946a8b9a53c779957ae7a240,0.4050597,0,0,1
996c0c164a083c3dc2fbf2768750e3b3a81d77e0,0.5889348,1,0,1
12ddf37f23cd77903729b3e611ffae10e96ded47,0.09066584,0,0,1
7e6304ce63da6c6341cb072abfd08caf0456328e,0.48528716,0,0,1
b9b73fbef5c0f18aaef22ef60442518d7f23ec83,0.43952736,0,0,1
675d4c8fc848ec5438e48deb2e8218b6f0078814,0.69151217,1,1,1
dc666f419e691e6a04342bdd9cf2e899455a8738,0.7532748,1,1,1
9bab875f03ffea0aacd1d92fbbecc96d491c1201,0.6442562,1,0,1
8d3d915dbd0ccf716f0d15b6b2396cff214d9cd3,0.7380423,1,0,1
326beb22c6aa872cbc0ad3706cfbe706bf9eab41,0.1524836,0,0,1
ad882055edb50369bd174ae56a372838aa89cdae,0.25275177,0,0,1
a7363a2ae67b585790896de45f57154474480fc9,0.6636046,1,1,1
2bc9e7ea86a8cc1c3b2436c46115c87080228004,0.6557105,1,1,1
76f154179b8dc6940355d7fe7db468314ca39e84,0.6153196,1,0,1
4080feff61e8dc1cd4af2361990c33c9f1014147,0.65469724,1,0,1
97accb47de63ee5063eda23641c6017e29ab81d7,0.21472235,0,0,1
cde43197f980538e411d851735ac7a63ddd613e1,0.367818,0,0,1
0dec6e76fb544fa3e8bf5fd17f16314735971dd7,0.54626596,1,0,1
f820d06fc0d1204b0cb386214ffeb42ccec669ec,0.67308044,1,0,1
566c4d59a177be4b65d17540576eeb34d28d24ce,0.5326798,1,0,1
a516976947341e0e18bcc0858d85d34cd0c02cdb,0.11046169,0,0,1
7200c43dea3dbfbd9d38b937c44b6e71744b05c5,0.6322523,1,0,1
596ccd59a11ad5e9fda19ccd0f4fc714d8d3394d,0.2805893,0,0,1
301ad592142079d36f4d33f5309c103c7f4f5dfb,0.5715517,1,0,1
